case,cores,scene,candidate,plan_sha256,result_sha256,makespan,added_copy_bytes,full_calls,observed_calls,successful_calls,failed_calls,initial_candidate,initial_plan_sha256
case_008,1,A,A3_base,59cfeb08a6ccec2f1c921bf9127312179b37deee68cc976b1c518a357f05e40d,1b28138216db5da3b921878230b29591df342f8c8563f605f08f4a98b3f911b8,413595,11596800,2,2,2,0,A0_base,9e49010cefed73ae3d54de40191e0be23e81a73ec4cb204a97d438f8d1b73e3b
case_008,1,B,L2_base,6bd0070a2eb79cd8696141029e835bc93f718bcb6c83681e2e222d8d89f2aab5,bde7bf5a40f6b2a5562122dc24aea02cc03b3276d3628d45e2406a1bb79b8b6f,269325,3760128,2,2,2,0,B0_base,9e49010cefed73ae3d54de40191e0be23e81a73ec4cb204a97d438f8d1b73e3b
case_008,1,C,incumbent_base,6bd0070a2eb79cd8696141029e835bc93f718bcb6c83681e2e222d8d89f2aab5,fbfa78a666239e74d498dc0616ac3d5dfce3b055e518033cecade771b41e397b,269325,3760128,2,2,2,0,incumbent_base,6bd0070a2eb79cd8696141029e835bc93f718bcb6c83681e2e222d8d89f2aab5
case_008,2,A,A1_base,3a61c2b7e0166e2e9cae97ba2e483865bbc640246b6c50420ed270203c6d4894,9d0a30d630158d6163bb4b251c660e289343ae78ea9e86704e3ec323299ff102,244266,0,4,4,4,0,A0_base,781f20202cd3706eb945f4adf4dce4d60fd1e30319c539595ce336b1b8a509fc
case_008,2,B,B1_base,3a61c2b7e0166e2e9cae97ba2e483865bbc640246b6c50420ed270203c6d4894,1b80467667d6350a5145f7931ba603fbeda54ae0c169d9884d89599d972d8e35,244266,0,4,4,4,0,B0_base,781f20202cd3706eb945f4adf4dce4d60fd1e30319c539595ce336b1b8a509fc
case_008,2,C,incumbent_base,3a61c2b7e0166e2e9cae97ba2e483865bbc640246b6c50420ed270203c6d4894,96b66c92638408d7b67bd397374cd32e2aced04797dee9a2659b1d14be0eb33d,244266,0,3,3,3,0,incumbent_base,3a61c2b7e0166e2e9cae97ba2e483865bbc640246b6c50420ed270203c6d4894
case_008,3,A,A1_base,0634039160f6a88d100f92587a4ef29454efe38c5f15dc2f79dd013ae7ea5e0d,3bc872590761a21109ee0bb6420aff3af09f60a7631ed4a331e8253523619708,163359,0,4,4,4,0,A0_base,cc404ed679a0059a0c9ed63c90f8b8105835883fb7bf015a2574869e24f24b31
case_008,3,B,B1_base,0634039160f6a88d100f92587a4ef29454efe38c5f15dc2f79dd013ae7ea5e0d,8c2b24fcef58ed8ed2583f5f1dc8c76db662d1926cae652368ae3ef0056bfbfc,163359,0,4,4,4,0,B0_base,cc404ed679a0059a0c9ed63c90f8b8105835883fb7bf015a2574869e24f24b31
case_008,3,C,incumbent_base,0634039160f6a88d100f92587a4ef29454efe38c5f15dc2f79dd013ae7ea5e0d,dafedb686d653f11e3719d916abb6b9999ed34cebfc546c1f0c0603d9747e179,163359,0,3,3,3,0,incumbent_base,0634039160f6a88d100f92587a4ef29454efe38c5f15dc2f79dd013ae7ea5e0d
case_008,4,A,A1_base,0b85bbab496cbd95faa39acb2a28cc9bb36ff2e1c349f72e3b352e3b76d6863c,1190231a079a08908bb5e4565b6ccf99568c9685ee3f306d75b63d8be29335b6,123060,0,4,4,4,0,A0_base,a78ab0244a27baa07da1267181e675258b22055f3a4a9de276fc393f2d65811d
case_008,4,B,B1_base,0b85bbab496cbd95faa39acb2a28cc9bb36ff2e1c349f72e3b352e3b76d6863c,0c23d61b3581027d5c444dadd1b8d746d916399e5d8dd241e20920f8c9ba33ef,123060,0,4,4,4,0,B0_base,a78ab0244a27baa07da1267181e675258b22055f3a4a9de276fc393f2d65811d
case_008,4,C,incumbent_base,0b85bbab496cbd95faa39acb2a28cc9bb36ff2e1c349f72e3b352e3b76d6863c,689b1ef6a026797468dcd9100381cfe60f8c7086cb3cc8c54c10ec4474b25881,123060,0,3,3,3,0,incumbent_base,0b85bbab496cbd95faa39acb2a28cc9bb36ff2e1c349f72e3b352e3b76d6863c
case_008,5,A,A1_base,6ccb32ada1804f19d8aa1432108f7a23799639446adbc086e2b5c3ac2e6162d0,66dcf0b947b741da3c7e045195f8a7b4b32f54f119c6f4497b17f28c6dd62422,100603,0,4,4,4,0,A0_base,00ab2684e3578da3f5cce8f507d4fa085cf76fb6eb4c5be82c85468a16650551
case_008,5,B,B1_base,6ccb32ada1804f19d8aa1432108f7a23799639446adbc086e2b5c3ac2e6162d0,6dc3912972187639cc168cd85ad5743ad40ad6de13e7769f09eb0f05f8213a11,100603,0,4,4,4,0,B0_base,00ab2684e3578da3f5cce8f507d4fa085cf76fb6eb4c5be82c85468a16650551
case_008,5,C,incumbent_base,6ccb32ada1804f19d8aa1432108f7a23799639446adbc086e2b5c3ac2e6162d0,a9490051c5076d02d9b082aa2151d9b65bc7d76da4208bb087806bc9b8e0d7f0,100603,0,3,3,3,0,incumbent_base,6ccb32ada1804f19d8aa1432108f7a23799639446adbc086e2b5c3ac2e6162d0
case_014,1,A,A2_base,735c1ccb3b640a0c875a42943ca79a4d44eac446a92bf0dd5330ae9c7ea01103,a71913804947ce90b4832cd91f279f68168938c019dd404fd723ec5fb716d86f,17698038,71385504,2,2,2,0,A0_base,e4470d63e799b39297ce8ca9f032c36890a56cad0044a10c7428fac25edf97c2
case_014,1,B,B0_base,e4470d63e799b39297ce8ca9f032c36890a56cad0044a10c7428fac25edf97c2,c3682db660318875dfd22c5bff23b571b125a15202fb292d57342c1720da8a27,17698626,71010720,2,2,2,0,B0_base,e4470d63e799b39297ce8ca9f032c36890a56cad0044a10c7428fac25edf97c2
case_014,1,C,incumbent_base,e4470d63e799b39297ce8ca9f032c36890a56cad0044a10c7428fac25edf97c2,1f937318681e036b3d532bcbd8e7b9e4379fc32ef48eb94bc4f3ea2d76e0a5c9,17689602,71010720,1,1,1,0,incumbent_base,e4470d63e799b39297ce8ca9f032c36890a56cad0044a10c7428fac25edf97c2
case_014,2,A,A1_base,4b9922fe7fb2a9eff94180beb253dce463e8da71ea74e32b03e7d3d5f88c9282,e2086fee281a55020220e0650e2f79494d9cc209dda5aa2457a3347e41a8529f,8897730,71757240,4,4,4,0,A0_base,c35d050c636df921b368de678f74b5c69f05b990fb2a5fcde61f8e80d1bb99c2
case_014,2,B,B1_base,4b9922fe7fb2a9eff94180beb253dce463e8da71ea74e32b03e7d3d5f88c9282,bca09784759c0465a5852bb6776a2443f343cb1d87d759305a13486392d81224,8897730,71757240,3,3,3,0,B0_base,c35d050c636df921b368de678f74b5c69f05b990fb2a5fcde61f8e80d1bb99c2
case_014,2,C,incumbent_base,4b9922fe7fb2a9eff94180beb253dce463e8da71ea74e32b03e7d3d5f88c9282,6fd38bd79124149b8ac329588a511cc664c41a69ff7002519b7f78386459a07f,8888616,71757240,2,2,2,0,incumbent_base,4b9922fe7fb2a9eff94180beb253dce463e8da71ea74e32b03e7d3d5f88c9282
case_014,3,A,A1_base,5819f68b648751ce0da9f22f932797eef4d361f1df3e93283ae3b56aa4fecaa6,3056b8f87e3fbf6913dd0b2d1187b0478d2ee4bc30527230c0a9e8a94a312e0f,5980663,77770920,4,4,4,0,A0_base,275a00ef1023cddc3c1574abf306acf9f844a420b51fc37447c8c9f931150ec1
case_014,3,B,B1_base,5819f68b648751ce0da9f22f932797eef4d361f1df3e93283ae3b56aa4fecaa6,25c2ef4654a71740c777a054a69afdd6533e5b8f3e27e2f79a1dcbf518c0a3dd,5980663,77770920,4,4,4,0,B0_base,275a00ef1023cddc3c1574abf306acf9f844a420b51fc37447c8c9f931150ec1
case_014,3,C,incumbent_base,5819f68b648751ce0da9f22f932797eef4d361f1df3e93283ae3b56aa4fecaa6,e72d1bea6798b3892903ea3e8880ebbdb599949382f05017e3fb5533ad8904ce,5942569,77770920,3,3,3,0,incumbent_base,5819f68b648751ce0da9f22f932797eef4d361f1df3e93283ae3b56aa4fecaa6
case_014,4,A,A1_base,2b4c50ecdc7217545ac6dd5fe849bac596f0a7ad2bd2136a46c7f6fa9f1c5f4e,5ac018718f4873b75842ca12a237c221b296b014a5aced4149da2ece44de4136,4521815,81886104,4,4,4,0,A0_base,e1c36c3192aaf444f96a2090a9933345f40275927ce5afc71f65f29b1ea83a34
case_014,4,B,B1_base,2b4c50ecdc7217545ac6dd5fe849bac596f0a7ad2bd2136a46c7f6fa9f1c5f4e,b1e237ad8ed97b9e5f05f54f1997cfb3f891ca0428f0b645d868e524953b9eeb,4521815,81886104,4,4,4,0,B0_base,e1c36c3192aaf444f96a2090a9933345f40275927ce5afc71f65f29b1ea83a34
case_014,4,C,incumbent_base,2b4c50ecdc7217545ac6dd5fe849bac596f0a7ad2bd2136a46c7f6fa9f1c5f4e,a912263bc58d8c35e9bb924209b2f28448ba54f87419b210a08af24aa4c24d8f,4500714,81886104,3,3,3,0,incumbent_base,2b4c50ecdc7217545ac6dd5fe849bac596f0a7ad2bd2136a46c7f6fa9f1c5f4e
case_014,5,A,A1_base,5e95a7d06707c3eef9809f51255ce41088cb047bb41a88254e3984c21b770968,1bcae630e0f2b55b6f242e2daaaa4d873fa06bed31a33f2334e1da0ad20cc4eb,3681597,87153672,3,3,3,0,A0_base,43598346f048bb5ea77dc412b4635660f318996f3a003815a5838d89b09e1521
case_014,5,B,B1_base,5e95a7d06707c3eef9809f51255ce41088cb047bb41a88254e3984c21b770968,67b3a746e1a64c40af67141d5b46c084c42d37f009ec1071e085bda5b34fe3f9,3681597,87153672,3,3,3,0,B0_base,43598346f048bb5ea77dc412b4635660f318996f3a003815a5838d89b09e1521
case_014,5,C,incumbent_base,5e95a7d06707c3eef9809f51255ce41088cb047bb41a88254e3984c21b770968,e4d32357c71e8a06933c6b4446cb9d9cda9f646fcf0f7b069a52e666ba02043c,3672221,87153672,3,3,3,0,incumbent_base,5e95a7d06707c3eef9809f51255ce41088cb047bb41a88254e3984c21b770968
case_040,1,A,A0_base,ed6e5d67d0a1c8b79279de11cbd267e099fc61becf7a7e4eeaff7e25017cd64a,9ec0159edf8a78cb678cba96b765c5ae17bb6140bdae35cf793f1d9ac8df3e9b,253454,0,2,2,2,0,A0_base,ed6e5d67d0a1c8b79279de11cbd267e099fc61becf7a7e4eeaff7e25017cd64a
case_040,1,B,B3_aggregate,c86a95d8cb84742e3e7ca6ca0f7b046720be958ac8231eeb86d64c25eb9031c1,b2a8f823d834df1845403cae2068a1c66a0daacb056f2ae42a2eb145c21b71eb,252193,137892,2,2,2,0,B0_base,ed6e5d67d0a1c8b79279de11cbd267e099fc61becf7a7e4eeaff7e25017cd64a
case_040,1,C,incumbent_split_height_g1_p4,4444229918d25eaafb592f1059efc15abc0187d398ed03805805adb417fcfce6,164447a2e2fd59b96ef949c2d5e306c2c6573d6e5751e635dffa0f754ea1a194,249653,137892,3,3,3,0,incumbent_base,c86a95d8cb84742e3e7ca6ca0f7b046720be958ac8231eeb86d64c25eb9031c1
case_040,2,A,L1_base,0fc1ec6750a6296974487825c760e8e8c30e3c0b3eb5f11b5e0cb9182e2ace23,a525d4cc3bfe7bf2bd7bbf77e79f148e99578dcd53665b36748e623ec31afda4,137746,53760,3,3,3,0,A0_base,265fd7369dc696312fa2dc4a0df9f7e78b8bcc576ca1a890788054e3a6d9b01d
case_040,2,B,L1_base,0fc1ec6750a6296974487825c760e8e8c30e3c0b3eb5f11b5e0cb9182e2ace23,953d56b5a82ecd08daae6f8fcfa6b69e38344cbe00fab061477cc60830a28a3c,137746,53760,4,4,4,0,B0_base,265fd7369dc696312fa2dc4a0df9f7e78b8bcc576ca1a890788054e3a6d9b01d
case_040,2,C,incumbent_disperse_tid_12_node_163_core_0_pos_0,87ad5d3bbe71a1a5dd8916026a29d421847c5543c5034905650d442232fb0c59,c9f31a4f065951b4cef1ef4fb8b24f64fead1fa90899215d668e1b3d0041bf46,137487,57856,4,4,4,0,incumbent_base,0fc1ec6750a6296974487825c760e8e8c30e3c0b3eb5f11b5e0cb9182e2ace23
case_040,3,A,A1_base,6d9ea896697a020830a488c423a3694dc6370a962be430ad6f58c7849ff654e0,cb432547b78a31563afd77d6cd9b50d8bc86a480434fa521a95825f8468ce534,140837,12288,3,3,3,0,A0_base,6f928d3c9bebdc39ceb7e99c4fbe73bcc48dd6b63bff92c069130d49b2c84821
case_040,3,B,B1_base,6d9ea896697a020830a488c423a3694dc6370a962be430ad6f58c7849ff654e0,8164cf291e16f9199b2ff78946d45169300edd0d3ba726a1a8f52c5d7e3f5ea0,140837,12288,3,3,3,0,B0_base,6f928d3c9bebdc39ceb7e99c4fbe73bcc48dd6b63bff92c069130d49b2c84821
case_040,3,C,incumbent_disperse_tid_3_node_22_core_2_pos_0,da42b04d2b405ed20d38ab9343c0ec98e1c9127f7a58410f726658b9c5d17b75,d8c0a47a818d8afdb508a85ed06c9071c779fb584c2c2ad7fd5aacc3272e05ff,140543,16384,3,3,3,0,incumbent_base,6d9ea896697a020830a488c423a3694dc6370a962be430ad6f58c7849ff654e0
case_040,4,A,A1_base,4c8932d7cdd9ae2329ac924f8d9f6e4db2a951130b5e1c61632f530490ffe8a9,55c146f072ca7b5305332b5f42a8affb3ed4cae8dca966c068ba6fa38330f32c,140837,12288,3,3,3,0,A0_base,f9c818c75bdee872caebcbecc6cfbd7285b036346318e7aa42536bfb17536e6d
case_040,4,B,B1_base,4c8932d7cdd9ae2329ac924f8d9f6e4db2a951130b5e1c61632f530490ffe8a9,839bbf1e00f1eff86f27faf6d405c14263b595d4f78fb281578eca2c73a64b43,140837,12288,3,3,3,0,B0_base,f9c818c75bdee872caebcbecc6cfbd7285b036346318e7aa42536bfb17536e6d
case_040,4,C,r2_split_g0_h1_c2_p1,a875fe010ea943f8c349576040c5b42fe0f70f0f19f15b6ccb7d4b5f39c31051,d7f684aab6553dd0b03bd06ad3f2aba470dc8d1a0d07300f7bfd4a446c4ff2f5,136073,324618,3,3,3,0,incumbent_base,4c8932d7cdd9ae2329ac924f8d9f6e4db2a951130b5e1c61632f530490ffe8a9
case_040,5,A,A1_base,3f1053c8cc023352d4732e43a3ed0ec7c4e9cdac49a28fadd667d684b95a4824,7d22aa940eebdebc2ead15c0e2f4084282b1204a02dbd5319c2c8d422e708540,140837,12288,3,3,3,0,A0_base,c419c6afed544096510944df9e3fbf34ab25bf422684cccf073e8deb5c626bc4
case_040,5,B,B1_base,3f1053c8cc023352d4732e43a3ed0ec7c4e9cdac49a28fadd667d684b95a4824,ccf69d63eedecf45ec06d1fd8406c51ea3216e6a7e994ab4213572f96bcd5f07,140837,12288,3,3,3,0,B0_base,c419c6afed544096510944df9e3fbf34ab25bf422684cccf073e8deb5c626bc4
case_040,5,C,incumbent_disperse_tid_12_node_37_core_2_pos_0,710a53db3c05054b09c4267cc145f70404515c60a9e769e8c46d26ad8a79ff60,d9a9fb2a6f78047f8fa40e5ef1f511dbd709fbad142840f5b59f7d0cb4d69ad7,140543,16384,3,3,3,0,incumbent_base,3f1053c8cc023352d4732e43a3ed0ec7c4e9cdac49a28fadd667d684b95a4824
case_018,1,A,A0_base,e12c9c1403811614a67afee8d8c39c2e23f96eb99aa1f87302f2ece2d60f77af,d2dd85cc81234acf05a30d805edf3d5ffbca9b6465942d1176d8823f2774c4df,1004367,1970176,2,2,2,0,A0_base,e12c9c1403811614a67afee8d8c39c2e23f96eb99aa1f87302f2ece2d60f77af
case_018,1,B,B3_base,2dbb9b5b9cfe5e1fce5afe37b6d862ea8c2e88629fd1b5ccaffd68561f742cbe,5be022940211ab48535447414ddff527442e39daf873add9a6887242b49ac4c0,990647,5537792,2,2,2,0,B0_base,e12c9c1403811614a67afee8d8c39c2e23f96eb99aa1f87302f2ece2d60f77af
case_018,1,C,incumbent_aggregate,284b081b308ebd90a6805abd6cd37e7aad0741d8b1888db9bfc4485b9e34bf55,be785c2fba04c580bcd26b45846275739d339357fa3641d87dce6587468e0c33,990647,5537792,3,3,3,0,incumbent_base,2dbb9b5b9cfe5e1fce5afe37b6d862ea8c2e88629fd1b5ccaffd68561f742cbe
case_018,2,A,L1_base,906f44db860eff34355e11ff9c39dc0eb86d1da83cd66074bb5cde65c494d644,59a242e43ff988afc72d40265af8ef659c9fa7ade632e54f5d217402b6552b0d,504468,3253248,3,3,3,0,A0_base,7b21515c67e743a6c7844a550ac5dd4144f2c4865d75a2091e62a38da0bfef4c
case_018,2,B,L1_base,906f44db860eff34355e11ff9c39dc0eb86d1da83cd66074bb5cde65c494d644,c93f65e533c68b45f9b652733da01b32dc6d2adf3e9aae731faf9fbde03e32a8,504468,3253248,4,4,4,0,B0_base,7b21515c67e743a6c7844a550ac5dd4144f2c4865d75a2091e62a38da0bfef4c
case_018,2,C,incumbent_base,906f44db860eff34355e11ff9c39dc0eb86d1da83cd66074bb5cde65c494d644,da4ebe2c331003d202718c5aaf3906db803e89137bb53f13d23865148ef4739f,502571,3253248,5,5,5,0,incumbent_base,906f44db860eff34355e11ff9c39dc0eb86d1da83cd66074bb5cde65c494d644
case_018,3,A,L1_base,25065b8dad80c7cf99cce510e1f2b9d6b62d94bbe2c0bf2cbc133ba81d9b6c81,0040398352a5b991236ef5b2c527f713dc43ccb0862e0a160aa044ff8295fe1d,341047,4093952,4,4,4,0,A0_base,4dbc335e73a0c532648db38cacd3ee360b58000116087624b378d8b12a500384
case_018,3,B,L1_base,25065b8dad80c7cf99cce510e1f2b9d6b62d94bbe2c0bf2cbc133ba81d9b6c81,37c5ac6795087e0c44b1d07838dd25786a78edf582025d79349002911889c478,341047,4093952,4,4,4,0,B0_base,4dbc335e73a0c532648db38cacd3ee360b58000116087624b378d8b12a500384
case_018,3,C,event_timing_tid_2017_miss_2_bytes_16384_front,721f6b70585f2c95693ae587c1715a5a1070f3df21715f939cc12f1e0d03981c,dbe68de16fbba85b783c19e4c0b00bcb0f40864ffec17e4f53cc3c75150d82ba,338488,4093952,5,5,5,0,incumbent_base,25065b8dad80c7cf99cce510e1f2b9d6b62d94bbe2c0bf2cbc133ba81d9b6c81
case_018,4,A,L1_base,16be042c1dd7225ee00fbcd2d8d6dd205bf6e08d92b163bed0304f032b233285,58b3663be1a24fbca091a1520095db71b7ef9b5f10daddde0d625efb2e417463,253676,4938752,4,4,4,0,A0_base,c39d8634c5befb0f23795418659dbcf648c1907bae0ce8f8958ea3e38eeaefce
case_018,4,B,L1_base,16be042c1dd7225ee00fbcd2d8d6dd205bf6e08d92b163bed0304f032b233285,4e3648257eb225eea47a55a552d2384536d1dc29a1e0a6f413b160f371a8fda8,253676,4938752,4,4,4,0,B0_base,c39d8634c5befb0f23795418659dbcf648c1907bae0ce8f8958ea3e38eeaefce
case_018,4,C,event_timing_tid_1990_miss_3_bytes_24576_front,e49032b233857aa53a033d53b30724cb5bdcbd6ce54c06d26648895c39fd4271,971e12d847198e88ae2315f84d91f13ecc548fa7a638053b51f5b2c9aad752cc,253384,4938752,5,5,5,0,incumbent_base,16be042c1dd7225ee00fbcd2d8d6dd205bf6e08d92b163bed0304f032b233285
case_018,5,A,L1_base,7336b07996ebfa20a418d69901a20c80dbb2dcc113330ead995b1798813c3741,879a75b648355c60823f7cd57cf6e5835d0bf70c496b6043d863ae030fe09a33,205219,5345280,4,4,4,0,A0_base,8c702598bcb3b08c3a5b2c13d8d2a839bc9f46a04fbf8a4d57855c4c54bbf7b2
case_018,5,B,L1_base,7336b07996ebfa20a418d69901a20c80dbb2dcc113330ead995b1798813c3741,2f230e002949dabb43cf427e19bbb6dba4c93a1880abba36af16507e5c42a1f9,205219,5345280,4,4,4,0,B0_base,8c702598bcb3b08c3a5b2c13d8d2a839bc9f46a04fbf8a4d57855c4c54bbf7b2
case_018,5,C,event_timing_tid_1951_miss_4_bytes_32768_front,cb7643953ccb56c25a98178bee8cd39677ea7fc0a94b4b717ee9b7efe52e8caf,a6dcca5515fe8512c6bd5f3a970abf99e25478f219cdc28dfb4a58110ecd932e,201659,5345280,5,5,5,0,incumbent_base,7336b07996ebfa20a418d69901a20c80dbb2dcc113330ead995b1798813c3741
case_064,1,A,A2_base,691ea878c2287a67b94736e34049f33106b663be78f069b7909bed29367381ee,79a416edd0fb5b5b93dbcadc9b078616d14acb4995f7a0b0e9253706385c225b,19034,12198,2,2,2,0,A0_base,8a238951c2570c526b3eb7e15370b4a18f94f353732e7bb3f7270be821613e4d
case_064,1,B,B0_base,8a238951c2570c526b3eb7e15370b4a18f94f353732e7bb3f7270be821613e4d,7fb5248eac38a5e58b5387253f2552ae9f09efed67ee0a29e696b4d22fc45aed,19116,0,2,2,2,0,B0_base,8a238951c2570c526b3eb7e15370b4a18f94f353732e7bb3f7270be821613e4d
case_064,1,C,incumbent_base,8a238951c2570c526b3eb7e15370b4a18f94f353732e7bb3f7270be821613e4d,1947fb70c55f8f9c3b50ee2a108288062363b2377f0569f4c96b4403c77a805d,19116,0,1,1,1,0,incumbent_base,8a238951c2570c526b3eb7e15370b4a18f94f353732e7bb3f7270be821613e4d
case_064,2,A,incumbent_base,ec731efe6b6379e9665366e9eb259e191bfaeb5eee1f9187e059970ce01149c3,6e4edf6ef608f1b3d268d5ee07a594ba0c2934e1c6ed8ad77e2d1e6738362532,19034,12198,3,3,3,0,A0_base,132c3efb3aee7de7811c38d245c2acdb2a4aadc6888d9975646ab7f7f3956d2e
case_064,2,B,B0_base,132c3efb3aee7de7811c38d245c2acdb2a4aadc6888d9975646ab7f7f3956d2e,96d45c125b9f4e20b73296b802b09635f36c1633712ba37cf55a4cf49f851e64,19116,0,2,2,2,0,B0_base,132c3efb3aee7de7811c38d245c2acdb2a4aadc6888d9975646ab7f7f3956d2e
case_064,2,C,incumbent_base,132c3efb3aee7de7811c38d245c2acdb2a4aadc6888d9975646ab7f7f3956d2e,d6b8296c7fddf783255779e8040190aefa487d4ebf0a5068e7f03c3378019db2,19116,0,1,1,1,0,incumbent_base,132c3efb3aee7de7811c38d245c2acdb2a4aadc6888d9975646ab7f7f3956d2e
case_064,3,A,incumbent_base,abd4d7ddc9923ac2829331026cf328c7c2d3580b968130c09ef9a960321a9ea3,a1382c8c4a2b21de6518b6d1ea406369e003d1e071f035a31205b1dd3b6b2ffc,19034,12198,3,3,3,0,A0_base,d2f6461ff086873bfd780c0a3a3d7c3eb45042dc53b8d4631001fbde6cacee0c
case_064,3,B,B0_base,d2f6461ff086873bfd780c0a3a3d7c3eb45042dc53b8d4631001fbde6cacee0c,d25bdc0349916f8bcc5c57459fd23fda4c2aca3dacb94007a4a170ae9563ee91,19116,0,2,2,2,0,B0_base,d2f6461ff086873bfd780c0a3a3d7c3eb45042dc53b8d4631001fbde6cacee0c
case_064,3,C,incumbent_base,d2f6461ff086873bfd780c0a3a3d7c3eb45042dc53b8d4631001fbde6cacee0c,db1102a8c7ab581f230976e961156fcdfe431a71634e515d9cde008619d674ab,19116,0,1,1,1,0,incumbent_base,d2f6461ff086873bfd780c0a3a3d7c3eb45042dc53b8d4631001fbde6cacee0c
case_064,4,A,incumbent_base,cf69cf05010959d5ec5674a42e7d661009752c0439e4f100c73f0cad9d9b04c5,03e13c64fe79ac854c5bf2dd41b4b0bed72c2b9fa9a23f2a88b98c70590922dc,19034,12198,3,3,3,0,A0_base,2a871ace8c9a3cf400212965eaf5541deefd388cfcdf5dd93f865ca7cb901011
case_064,4,B,B0_base,2a871ace8c9a3cf400212965eaf5541deefd388cfcdf5dd93f865ca7cb901011,1441d95875a5afa64e4a6d1511a55fb94c46cfff6878d805a1c9e628097bdfe8,19116,0,2,2,2,0,B0_base,2a871ace8c9a3cf400212965eaf5541deefd388cfcdf5dd93f865ca7cb901011
case_064,4,C,incumbent_base,2a871ace8c9a3cf400212965eaf5541deefd388cfcdf5dd93f865ca7cb901011,b4b6b7239a390ad79d7d248663983047236bae035374283f7593661369661f40,19116,0,1,1,1,0,incumbent_base,2a871ace8c9a3cf400212965eaf5541deefd388cfcdf5dd93f865ca7cb901011
case_064,5,A,incumbent_base,48cb141d24eba6348dd7df502c8516ccddd1ea496c0278a22bdb19054587fc67,191f94da654eaf1792a7fe5b7ca9a3af1ecee791b612be6d9df0cda7f00061be,19034,12198,3,3,3,0,A0_base,0e3b42e1dbc1a5630fc2210cd2f0b6ab2434cffb077bf784caf4b64f3fcbad62
case_064,5,B,B0_base,0e3b42e1dbc1a5630fc2210cd2f0b6ab2434cffb077bf784caf4b64f3fcbad62,4360596af70c428caae35bd03894e83c853c0f71ababd2849f0408515a203c02,19116,0,2,2,2,0,B0_base,0e3b42e1dbc1a5630fc2210cd2f0b6ab2434cffb077bf784caf4b64f3fcbad62
case_064,5,C,incumbent_base,0e3b42e1dbc1a5630fc2210cd2f0b6ab2434cffb077bf784caf4b64f3fcbad62,2d815edc0abdb9b076524c9eab3e2b229afe18c9ba0f7d945c84e4aabfba32ff,19116,0,1,1,1,0,incumbent_base,0e3b42e1dbc1a5630fc2210cd2f0b6ab2434cffb077bf784caf4b64f3fcbad62
case_076,1,A,A2_base,7fb55f6986ccd83fc44ef342edd5527dcda32631d13532959bb82217ea9479a9,ec56e16e7a19562401a887ab69c2f202d328bf47e6527da0a2e292547e8ef039,6180531,25608192,2,2,2,0,A0_base,906537f45248d4fe0114ea7ed18e61d05ad0d55d1c5fb682fee585fb65cd667a
case_076,1,B,B0_base,906537f45248d4fe0114ea7ed18e61d05ad0d55d1c5fb682fee585fb65cd667a,d6bc379f61b8fecb2adcf9f3e629ad11b361999cc2aa7ac44b9a4127c1467033,6185113,28280832,2,2,2,0,B0_base,906537f45248d4fe0114ea7ed18e61d05ad0d55d1c5fb682fee585fb65cd667a
case_076,1,C,incumbent_split_topo_g0_p2,5758d5656ae4352faaaa70f82641690da0b3e0df303269e9eaaab8af02af0842,c271f159d54c718f4134b515d5c33ca87660553d5c85ecf412863e8269653537,6182761,26796032,2,2,2,0,incumbent_base,906537f45248d4fe0114ea7ed18e61d05ad0d55d1c5fb682fee585fb65cd667a
case_076,2,A,L1_base,76ac13e2aef547089883c5cf1e7be50ddb81cf7e839af8d12c6526bd59372bec,d67c90dceee198b81333bb9ae933a37d075daa3c5bd30ae47fa8350b4fa8204f,3065214,31095808,4,4,4,0,A0_base,d7cc8b7c4a8a1f0658142f097e2de0355159d75d1a506353c2937d9a80e7bf72
case_076,2,B,L1_base,76ac13e2aef547089883c5cf1e7be50ddb81cf7e839af8d12c6526bd59372bec,dcf7149f92d9d3708093b02f3176776e37f0a68cc62b01c2ebd200ece2514f7c,3065214,31095808,3,3,3,0,B0_base,d7cc8b7c4a8a1f0658142f097e2de0355159d75d1a506353c2937d9a80e7bf72
case_076,2,C,incumbent_disperse_tid_1000000279_node_1176_core_1_pos_0,8266f56241f65e6e20969ed1cddfe0026585e2ff2ab08611f418b535af78e735,2ac8a502de2477fb26137c37435f92d886a969ecad6eded4cca96076d7405529,3063504,31105024,5,5,5,0,incumbent_base,76ac13e2aef547089883c5cf1e7be50ddb81cf7e839af8d12c6526bd59372bec
case_076,3,A,L1_base,6a0e890bed3f5a548ad51487d052eeaaf8bca7a50d157570a5c77fbcdb700725,a8f8b0f5ef6d70499df9c9d65c0949b1c069b53f1cc9bf73ec0edbba705e3c52,2050028,34332672,4,4,4,0,A0_base,100a8c674a5766118df835e7e2a2f5254f1260ef37de3eb711b9769e379047dc
case_076,3,B,L1_base,6a0e890bed3f5a548ad51487d052eeaaf8bca7a50d157570a5c77fbcdb700725,94a1d23a16db9a31bdf9f0cc95c6af88e237d6fc001c93ce786658c1540b3767,2050028,34332672,4,4,4,0,B0_base,100a8c674a5766118df835e7e2a2f5254f1260ef37de3eb711b9769e379047dc
case_076,3,C,incumbent_base,6a0e890bed3f5a548ad51487d052eeaaf8bca7a50d157570a5c77fbcdb700725,d2e13493ffd2d24a24d8511b4da185002f71c31b4fa7a0f6a4057af0aec051e1,2047868,34332672,5,5,5,0,incumbent_base,6a0e890bed3f5a548ad51487d052eeaaf8bca7a50d157570a5c77fbcdb700725
case_076,4,A,L1_base,7f2438ca9b6660d451b3c1ac73793101559dd9ebd0154d5eb70e35a87059d771,3a92cbc7124485ec1ab4fc476b4ec008807c33958a9c0ceca7dc527e7a0cf4f1,1540201,37442560,3,4,4,0,A0_base,e37f8ed54235512a4ca96a6cba79aeb47f1026f24eeb0ab3693a6fd48b63f5e1
case_076,4,B,L1_base,7f2438ca9b6660d451b3c1ac73793101559dd9ebd0154d5eb70e35a87059d771,3fce520a48254ba8d455a8b3cb60066e32485ef1146006bcedf33ad12948d80e,1540201,37442560,4,4,4,0,B0_base,e37f8ed54235512a4ca96a6cba79aeb47f1026f24eeb0ab3693a6fd48b63f5e1
case_076,4,C,incumbent_disperse_tid_1000000307_node_1200_core_1_pos_0,9ee4ccbe4b8421c4139e8d2abb0e918925e76d2584e2dd044e42057c9117ab01,53898c23f440a32d9947cdd260a6f8fe1beacd404cdedc0c641c0687f06a50fd,1536296,37453824,4,4,4,0,incumbent_base,7f2438ca9b6660d451b3c1ac73793101559dd9ebd0154d5eb70e35a87059d771
case_076,5,A,A1_base,5a7cf25f87185e75bcc32b901597ac3d6b90ce500a048ed41ed36a904f27de01,7d21c337813fda4a72694b9973fb673cc5261566b416d93174df145f85005869,1239374,38022144,3,3,3,0,A0_base,cef35a2e4e30979138d54214e3edab045407e81bba997b305d6571ebefc075ef
case_076,5,B,B1_base,5a7cf25f87185e75bcc32b901597ac3d6b90ce500a048ed41ed36a904f27de01,fa94b3800c352d3ee625c08d72d6f5bea2eeaa2fd787ad77e7685a421cd0cf82,1239374,38022144,3,3,3,0,B0_base,cef35a2e4e30979138d54214e3edab045407e81bba997b305d6571ebefc075ef
case_076,5,C,incumbent_base,5a7cf25f87185e75bcc32b901597ac3d6b90ce500a048ed41ed36a904f27de01,9cca425391090210e669a4c3dcc599f7a43e5f0bfc2effe5609651af483d602c,1232497,38022144,2,2,2,0,incumbent_base,5a7cf25f87185e75bcc32b901597ac3d6b90ce500a048ed41ed36a904f27de01
case_081,1,A,A0_base,a99f8cb4f2f3c9330df5e3fc99547a33e5589295870de36205af4f8d3c1ee67c,3d7be26f299ac819faddbde86fc0bfc2d8b14c654841966c52eca2d8aa23a390,151795,0,2,2,2,0,A0_base,a99f8cb4f2f3c9330df5e3fc99547a33e5589295870de36205af4f8d3c1ee67c
case_081,1,B,B0_base,a99f8cb4f2f3c9330df5e3fc99547a33e5589295870de36205af4f8d3c1ee67c,29b09e31cb03f8031ce65c035d991990840a78dd4b5491d89ab764c0e51aea25,151795,0,2,2,2,0,B0_base,a99f8cb4f2f3c9330df5e3fc99547a33e5589295870de36205af4f8d3c1ee67c
case_081,1,C,incumbent_base,a99f8cb4f2f3c9330df5e3fc99547a33e5589295870de36205af4f8d3c1ee67c,6a48af9219ad8c1492b5c07ec7811e9ee694931335a4aec06ecd8bf36b9f88ff,151795,0,1,1,1,0,incumbent_base,a99f8cb4f2f3c9330df5e3fc99547a33e5589295870de36205af4f8d3c1ee67c
case_081,2,A,A1_base,b7e6a3b5035f9799e42ecb4781b51865028c011698668214f8e11e4f2be19793,0f141b59d09dcbfd148b7426efe7d38ecba9df5eedd9f7ceaadffd1be73e875a,76860,0,3,3,3,0,A0_base,167eb4cb5d117a2d5a5c5aae4eecd6bfc51dbeb7a84acd19eb3b759a28e1bbbd
case_081,2,B,B1_base,b7e6a3b5035f9799e42ecb4781b51865028c011698668214f8e11e4f2be19793,a57388062d9551694a28d79f02c6b03d476dce1851ae5be68ab12ae167cea910,76860,0,3,3,3,0,B0_base,167eb4cb5d117a2d5a5c5aae4eecd6bfc51dbeb7a84acd19eb3b759a28e1bbbd
case_081,2,C,incumbent_base,b7e6a3b5035f9799e42ecb4781b51865028c011698668214f8e11e4f2be19793,db7d3404de149e9bf399b8bcd37d7ffec1811b99a67567819a2305dc23d4d4c9,76860,0,2,2,2,0,incumbent_base,b7e6a3b5035f9799e42ecb4781b51865028c011698668214f8e11e4f2be19793
case_081,3,A,A1_base,ad60bb1b5dd0edcc1c0e039f392dd4559260de303faa5973a5d89d4de5457987,533bd8f6d5df4b4b220fd25c75d94d6c3794e45d373f480f63096a3269a6228d,51943,0,3,3,3,0,A0_base,24a5c3b75cacdcf68855d8ee51b7dcb51d6b66d3dfef2b3d36381f014e3b5fd5
case_081,3,B,B1_base,ad60bb1b5dd0edcc1c0e039f392dd4559260de303faa5973a5d89d4de5457987,a99753dc1d444b57cb00363fdec5a92e1d5f3bdd1bef866b1463bdfbd8705854,51943,0,3,3,3,0,B0_base,24a5c3b75cacdcf68855d8ee51b7dcb51d6b66d3dfef2b3d36381f014e3b5fd5
case_081,3,C,incumbent_base,ad60bb1b5dd0edcc1c0e039f392dd4559260de303faa5973a5d89d4de5457987,50891c48700325a32ec955c43155aec1dc43d105b5ef0ceeaf180d9f1043e916,51943,0,2,2,2,0,incumbent_base,ad60bb1b5dd0edcc1c0e039f392dd4559260de303faa5973a5d89d4de5457987
case_081,4,A,A1_base,318fff4a49a7de6af635cc25feaad478f552ed34991de00c3c273f313fe4e10b,3ea2bade7ba1bfef666ae48b613346d4f45988be34e536200e8c2d209315c3db,39588,0,3,3,3,0,A0_base,b0a806354e029e059fdeb99fbfa8d6a816b3bb8b4e7fbbaf6ae2d763aaf2a04e
case_081,4,B,B1_base,318fff4a49a7de6af635cc25feaad478f552ed34991de00c3c273f313fe4e10b,9bd6a8924025cb01438e60a094c4a9c377b7b36427739b103a5fa8a39a6a97cd,39588,0,3,3,3,0,B0_base,b0a806354e029e059fdeb99fbfa8d6a816b3bb8b4e7fbbaf6ae2d763aaf2a04e
case_081,4,C,incumbent_base,318fff4a49a7de6af635cc25feaad478f552ed34991de00c3c273f313fe4e10b,e6d7c5051e8f4d18d06b319b10efe1582dff1f8702324e7d6c188fed9d254980,39588,0,2,2,2,0,incumbent_base,318fff4a49a7de6af635cc25feaad478f552ed34991de00c3c273f313fe4e10b
case_081,5,A,A1_base,f9e651df6a8229a7879066c19329096daf7d234ff4a05bd6b9f88f0a1a712f81,f40ce58c4cb0cedb51be2e05d2ff36bdffdd804ae209313b988843c76d66318f,30943,0,3,3,3,0,A0_base,3f637186d0cf86811d98f89e4c97f0fd16a6c2d414132ccaf74bf14fc63d9e2c
case_081,5,B,B1_base,f9e651df6a8229a7879066c19329096daf7d234ff4a05bd6b9f88f0a1a712f81,d18303e4f4773784face39875130145415e69306d43cd1d40516f24f8e75f9f0,30943,0,3,3,3,0,B0_base,3f637186d0cf86811d98f89e4c97f0fd16a6c2d414132ccaf74bf14fc63d9e2c
case_081,5,C,incumbent_base,f9e651df6a8229a7879066c19329096daf7d234ff4a05bd6b9f88f0a1a712f81,4ca02d71b1930d9fca747d0243e7a2e4b53f913bb94e081816f506f9c09ccf75,30943,0,2,2,2,0,incumbent_base,f9e651df6a8229a7879066c19329096daf7d234ff4a05bd6b9f88f0a1a712f81
case_011,1,A,A0_base,dd532f33d8dba0014f7021fab8cde4ed9ea0c35357558500c69bfc1e1ceca465,cedb05210e755e3c66529574a173aef16709274f1b959e7542cbc371091fe186,184697,0,2,2,2,0,A0_base,dd532f33d8dba0014f7021fab8cde4ed9ea0c35357558500c69bfc1e1ceca465
case_011,1,B,B0_base,dd532f33d8dba0014f7021fab8cde4ed9ea0c35357558500c69bfc1e1ceca465,f9ea13fff5b774a854fffdf0b404ed662686eed5378bdd8de22668f5fa01d434,184697,0,2,2,2,0,B0_base,dd532f33d8dba0014f7021fab8cde4ed9ea0c35357558500c69bfc1e1ceca465
case_011,1,C,incumbent_base,dd532f33d8dba0014f7021fab8cde4ed9ea0c35357558500c69bfc1e1ceca465,1f0bb243122d165e7645205af6948b1784b4975bc69af8bba38f3b23b8d312e4,184697,0,1,1,1,0,incumbent_base,dd532f33d8dba0014f7021fab8cde4ed9ea0c35357558500c69bfc1e1ceca465
case_011,2,A,A1_base,d6bbfafe92ef2f32c3876ef7991ccca8030e32d9dbe9809cd73771841c6c9cca,bda86207110cd2e9401451ca114b9bc86d6bdc6ba2e47c4f43da78c27c57fcd1,92646,180224,3,3,3,0,A0_base,7a21e5ed8f217b7fa648f170bf7194082944b467d5f330c43910ede54a21faef
case_011,2,B,B1_base,d6bbfafe92ef2f32c3876ef7991ccca8030e32d9dbe9809cd73771841c6c9cca,7997c194c0156602402ebc85575febf20909bfd9e8a61b1f266000b06b0068d1,92646,180224,3,3,3,0,B0_base,7a21e5ed8f217b7fa648f170bf7194082944b467d5f330c43910ede54a21faef
case_011,2,C,incumbent_base,d6bbfafe92ef2f32c3876ef7991ccca8030e32d9dbe9809cd73771841c6c9cca,6d67d9098a001187579e35aec7e7f168c9ba449245a2035c0ef5a1c4629dddf6,92646,180224,3,3,3,0,incumbent_base,d6bbfafe92ef2f32c3876ef7991ccca8030e32d9dbe9809cd73771841c6c9cca
case_011,3,A,A1_base,f87d5be7e2d332721db82bf0aa53640a3356ff7167d47442b008dbf85e3dce25,9e34c5926c5393f37acef431af8e6d0d022120a12f42e83a77a673a0ab39fecf,69625,1081344,4,4,4,0,A0_base,525a0eb31e01f54115252887e808758a62084f8a4e72ebd7cef5b8d44d74fe7a
case_011,3,B,r5_boundary_n177_c2_p0,4c11fdf5fc2742980f542fdff536ab0d845c1ab67ef55558a53d0901fac81fd1,d189689824c04c401fcfbab9cd35aa8dd001bb67327a31380af2352b53659f3f,69279,1095680,4,4,4,0,B0_base,525a0eb31e01f54115252887e808758a62084f8a4e72ebd7cef5b8d44d74fe7a
case_011,3,C,incumbent_disperse_tid_1000000163_node_603_core_2_pos_2,4c18635baf73e51f7727fd2c4a04bf76f6521824ebb4229362337a640faea806,a6b4515acfe58067b1974a9d43e30037f3377e47e10f063bb9f2715544ee1c42,68637,1097728,5,5,5,0,incumbent_base,4c11fdf5fc2742980f542fdff536ab0d845c1ab67ef55558a53d0901fac81fd1
case_011,4,A,A1_base,4b44b69c0f02d4aac53aa4bfc86e317c46a7664b2899b7e554ba3dd492a6ea96,a8692f6ffc6133120e52d35ee76f657599caaeb48499a745b5cc26da176884b9,46880,540672,4,4,4,0,A0_base,8dbd7ed69cc30d215c347afcd3f6736c28f2fe471c766a31d27896aff5f73334
case_011,4,B,B1_base,4b44b69c0f02d4aac53aa4bfc86e317c46a7664b2899b7e554ba3dd492a6ea96,d2c45e18f9be1e3ded95f2465771e5666b6d68a8a56488db24cefdee117a5f4b,46880,540672,4,4,4,0,B0_base,8dbd7ed69cc30d215c347afcd3f6736c28f2fe471c766a31d27896aff5f73334
case_011,4,C,incumbent_base,4b44b69c0f02d4aac53aa4bfc86e317c46a7664b2899b7e554ba3dd492a6ea96,2ea48059d7fb1398e2c10cbdf4cfc7d9eece8d4f78dd13d224ccc03890c42ed2,46880,540672,4,4,4,0,incumbent_base,4b44b69c0f02d4aac53aa4bfc86e317c46a7664b2899b7e554ba3dd492a6ea96
case_011,5,A,incumbent_base,1cd938a9b05f3906fe9e5cae2405317c8fa4825d514a1fed24ee7ce787382299,fd0e277d7f2dc7e0748bed89e6fb71e6a45b3c33555c35cae098e3c592975be8,46880,540672,4,4,4,0,A0_base,4654533429c510200d28b34fde3c87eea200b3d307924f2518e622b4f769659b
case_011,5,B,incumbent_base,1cd938a9b05f3906fe9e5cae2405317c8fa4825d514a1fed24ee7ce787382299,8280b62e8eba4f5678316d7e67dc6bc4139f9e9305d0969a490bff2ba3a00ada,46880,540672,4,4,4,0,B0_base,4654533429c510200d28b34fde3c87eea200b3d307924f2518e622b4f769659b
case_011,5,C,C1_base,fad3efa6189e5616cdba353b27889880b6b1f8ff16a8ae7b526f4b716fc56771,8d2ee721d0555ca4483ca0cbca98d39bd0bce64f3128f6591d39f99345fd7be9,46777,1622016,4,4,4,0,incumbent_base,1cd938a9b05f3906fe9e5cae2405317c8fa4825d514a1fed24ee7ce787382299
case_023,1,A,A3_base,4fee0b9b54fd69347ebff2bea9aaff8830c9557da19145ffaf5dbaa07a146c56,fb2374a17f01d5f3296e33ee7278cf98b077199434e9a26ba54cb2a77582cecc,110425,897024,2,2,2,0,A0_base,4824d37f7e18bdf281fc18e240eac9c7adfc06bde5a86778aa6e2baab0d61d5e
case_023,1,B,B2_base,4fee0b9b54fd69347ebff2bea9aaff8830c9557da19145ffaf5dbaa07a146c56,a65b538864d1796ade06997c051a533ec05bfba70728956ea444fc586096192f,99763,75776,2,2,2,0,B0_base,4824d37f7e18bdf281fc18e240eac9c7adfc06bde5a86778aa6e2baab0d61d5e
case_023,1,C,incumbent_aggregate,fa75f9f33305da183383a1c9d43074c36871e51c6b843367e68942058dd1002f,248ab650b63919e891008207576cd9f28389c769bf99d636bb135924d27772e6,93197,75776,3,3,3,0,incumbent_base,4fee0b9b54fd69347ebff2bea9aaff8830c9557da19145ffaf5dbaa07a146c56
case_023,2,A,A1_base,dc8721feed0d8af88931056f7c3bfc08daae85497d2ef484764f9cf371af0a68,15a6877f5b57d925a38403d4e611add98968ea240fc71e60c2dcddfe86de15ab,61177,84096,4,4,4,0,A0_base,790feeac788882e8ec14f362d34bc1cf88e84618a81b0ba16103bbea861c6816
case_023,2,B,B1_base,dc8721feed0d8af88931056f7c3bfc08daae85497d2ef484764f9cf371af0a68,f35cb70b60d82321f77e5d7edf7a6afcceec00c8bd1bcb553890f335d77e856d,61177,84096,4,4,4,0,B0_base,790feeac788882e8ec14f362d34bc1cf88e84618a81b0ba16103bbea861c6816
case_023,2,C,incumbent_split_topo_g1_p2,d845518ca97c4946be9c51a59090957c5483cfe0f9e1472c2d772e613ae7bc15,e88f3e7522d76bde1b43082a100e82ee4e910744751eaf3e4abe573d7ab5dfa6,60171,84096,4,4,4,0,incumbent_base,dc8721feed0d8af88931056f7c3bfc08daae85497d2ef484764f9cf371af0a68
case_023,3,A,A1_base,f1f9757c769a1d49e3e0aeb693af527d62ea14bbdb36d85ef9e84e448129772c,a6950453400db41f8255788bb6576c8ab7027eb2ded67359686f860cb4e7a058,40897,207552,4,4,4,0,A0_base,b7edc633c6bb3f00e98d2247a8a61095e7dbaf48a8867b1b486c851e55d0def2
case_023,3,B,B1_base,f1f9757c769a1d49e3e0aeb693af527d62ea14bbdb36d85ef9e84e448129772c,a84768fc5a6a688f5ce59a1421c6fc4eaee2d3060935d0fba78118343790919f,40897,207552,4,4,4,0,B0_base,b7edc633c6bb3f00e98d2247a8a61095e7dbaf48a8867b1b486c851e55d0def2
case_023,3,C,incumbent_base,f1f9757c769a1d49e3e0aeb693af527d62ea14bbdb36d85ef9e84e448129772c,3673eeb96e093fd434a14ba1466c3c9ff2c77eb77aaec2de42ac5462385df324,40897,207552,3,3,3,0,incumbent_base,f1f9757c769a1d49e3e0aeb693af527d62ea14bbdb36d85ef9e84e448129772c
case_023,4,A,L1_base,519108f2f9bdedf3fd873b22aee6ba047c13ae9cddb707133db9e90e4afa019f,885c1ce43170c156c5fdfabe5d05ddb0f3899f2ad5078f473d02ad14f2243ba3,30142,281280,4,4,4,0,A0_base,d1c6b5642b3245b86900168d21221539c4285b01ac6a62cbf3b1c5b19020b2e9
case_023,4,B,L1_base,519108f2f9bdedf3fd873b22aee6ba047c13ae9cddb707133db9e90e4afa019f,fc9bfc58097a60316f51430cddd5915d8ff7e92fc118c53d21f943a555acc285,30142,281280,4,4,4,0,B0_base,d1c6b5642b3245b86900168d21221539c4285b01ac6a62cbf3b1c5b19020b2e9
case_023,4,C,incumbent_base,519108f2f9bdedf3fd873b22aee6ba047c13ae9cddb707133db9e90e4afa019f,1fa837a1b4a9aec0381c18856d7527ef936c4629339583c23f1826ccc40eb79f,30142,281280,4,4,4,0,incumbent_base,519108f2f9bdedf3fd873b22aee6ba047c13ae9cddb707133db9e90e4afa019f
case_023,5,A,L1_base,7ad343a959942d141983c28316e9b924da8829cbdb013170a66f4f0c74a56d0e,707b8909c78cfb17b88eca0e3e17737c17d7a42ef13e2739567f0ae5c8587ab9,24517,270912,4,4,4,0,A0_base,be907419eea16f563845a0f6a3ce2b916085d41ad9061080fd154746f5016ead
case_023,5,B,L1_base,7ad343a959942d141983c28316e9b924da8829cbdb013170a66f4f0c74a56d0e,f2bd08df06a3e5b850abc39e23adc291a40cf3019789d5ee5044d9edc13ec680,24517,270912,4,4,4,0,B0_base,be907419eea16f563845a0f6a3ce2b916085d41ad9061080fd154746f5016ead
case_023,5,C,event_timing_tid_1038_miss_3_bytes_73728_front,a3411b73f4fff6774ad449a16654abaa4010e3160de5302182ceb90291f3a06e,be0cb19e9b877e744d327c234e03073713959cbb2aea7531f46a2f996e970d06,24517,270912,5,5,5,0,incumbent_base,7ad343a959942d141983c28316e9b924da8829cbdb013170a66f4f0c74a56d0e
case_048,1,A,A0_base,fccfe92b14b3a2062ed290f18d83dd83b311adf67f9ac345c8d09e8bf80e7ca0,af436db0f2a8f1ac4b009053483fd3476ce079136ea2523806a2c3a5f01e410e,222220,0,2,2,2,0,A0_base,fccfe92b14b3a2062ed290f18d83dd83b311adf67f9ac345c8d09e8bf80e7ca0
case_048,1,B,B0_base,fccfe92b14b3a2062ed290f18d83dd83b311adf67f9ac345c8d09e8bf80e7ca0,fc99ab4f839709c2a0ec7ca814aa7fbf3ad24e77e21d65dff47d0d9a59c21fa2,222220,0,2,2,2,0,B0_base,fccfe92b14b3a2062ed290f18d83dd83b311adf67f9ac345c8d09e8bf80e7ca0
case_048,1,C,incumbent_base,fccfe92b14b3a2062ed290f18d83dd83b311adf67f9ac345c8d09e8bf80e7ca0,f6bca4cab9cc9aa2fa46449d62696957ad7b333563b846f5a350f0c58baf1077,222220,0,1,1,1,0,incumbent_base,fccfe92b14b3a2062ed290f18d83dd83b311adf67f9ac345c8d09e8bf80e7ca0
case_048,2,A,A0_base,5cd3892e19bf1ce2681c15de834ef4aa75e7e20caed0f4020c61914121824ccc,252daf2e82dd5afc45a3b0f6fb7a247fb2bda6e88928a73cfdb1489e15fea571,222220,0,2,2,2,0,A0_base,5cd3892e19bf1ce2681c15de834ef4aa75e7e20caed0f4020c61914121824ccc
case_048,2,B,B3_base,b5cb0a19b858fc00d5890a4adf87fa746ffcbf6eba2003844c97850fdb68cdc5,510ee57d5a3784b60b8441d339b7e8c5cd1ad3781cbedb80bf1a3a27a6672e64,219890,330436,2,2,2,0,B0_base,5cd3892e19bf1ce2681c15de834ef4aa75e7e20caed0f4020c61914121824ccc
case_048,2,C,incumbent_aggregate_tid_1000001920,030ffc218c5a45b7449ee147599d52e8a7455279c42b7421cdd110004b68a11b,c6a0dba4ed146b5fa96086cfdcebb706796551844831ae48109616a896df3a48,219037,294724,3,3,3,0,incumbent_base,b5cb0a19b858fc00d5890a4adf87fa746ffcbf6eba2003844c97850fdb68cdc5
case_048,3,A,A0_base,2d3b4dc89ec4b354604e5e43b731be6c5256465d5411402ad996dd6a2461e29a,ca7631bc725cc7112a47ee97b5e82cc39cf3313e0d6c0a1be2992a6c6e652380,222220,0,2,2,2,0,A0_base,2d3b4dc89ec4b354604e5e43b731be6c5256465d5411402ad996dd6a2461e29a
case_048,3,B,B3_base,30039bda4a7ec89a5c7e38dab985d0d9b32138551102778b041a7f2a52c72234,441a223b153afc08e102f49008f751cc774e699cf715961297ad0310af7e17c6,218425,592232,3,3,3,0,B0_base,2d3b4dc89ec4b354604e5e43b731be6c5256465d5411402ad996dd6a2461e29a
case_048,3,C,incumbent_base,30039bda4a7ec89a5c7e38dab985d0d9b32138551102778b041a7f2a52c72234,9ca58f12c23c2851e71eed2ad76a928ba2b07bb13caa383f432cd2fd0663c4c5,218419,592232,3,3,3,0,incumbent_base,30039bda4a7ec89a5c7e38dab985d0d9b32138551102778b041a7f2a52c72234
case_048,4,A,A0_base,6d58e467eefb5ed669ad522b8ec78da9334a33bfc13e12dbf08cd599c75437e9,03ad3d22af61b8411cceda628418c5ec6dd2c6651caf9ae15b4b5c6dafa5cac0,222220,0,2,2,2,0,A0_base,6d58e467eefb5ed669ad522b8ec78da9334a33bfc13e12dbf08cd599c75437e9
case_048,4,B,incumbent_base,e8abd51fe48af4bc87d271a409ac0c77164e5ece354765631bbeaefa3f8637cc,3c2a8fbcec2f2ba25359a40da33a68f219623daf820dfbcbb02049eeed0d0930,218425,592232,3,3,3,0,B0_base,6d58e467eefb5ed669ad522b8ec78da9334a33bfc13e12dbf08cd599c75437e9
case_048,4,C,incumbent_base,e8abd51fe48af4bc87d271a409ac0c77164e5ece354765631bbeaefa3f8637cc,db418b1c2500747896e090960d77eaf054cac60209b3dfafc221e90a72f2d40e,218419,592232,3,3,3,0,incumbent_base,e8abd51fe48af4bc87d271a409ac0c77164e5ece354765631bbeaefa3f8637cc
case_048,5,A,A0_base,844ee531edb69eeaf58e4f5cd814fc5e483258803e482e0df34f871faa3aca9d,dfa79947a105c5276780eaccb91df59fe448cd656e4357818e4fdb4772e5ece5,222220,0,2,2,2,0,A0_base,844ee531edb69eeaf58e4f5cd814fc5e483258803e482e0df34f871faa3aca9d
case_048,5,B,B3_base,d5300b1c63e0770e65ba64208824984a74c141cfd04b18cfedf2db9317513672,eb10ceb3147a1df5b2a7199a005ca9dc8dfd06e9421157bece154a9ce3e0295f,217218,717070,3,3,3,0,B0_base,844ee531edb69eeaf58e4f5cd814fc5e483258803e482e0df34f871faa3aca9d
case_048,5,C,incumbent_split_topo_g30_p4,58fb51d2a6caf6de718bc24533238f89abe6fa90797b560a685242220464e79b,c2d4d5bf95e306e8e8ef42e394d6b838df0ba812c5f17b8318bf27ecf0c0cc33,215393,717070,4,4,4,0,incumbent_base,d5300b1c63e0770e65ba64208824984a74c141cfd04b18cfedf2db9317513672
case_050,1,A,A0_base,bcb05239a30c953db5499352668fc934e20c5d9e7b9179eb9e491a699ebbcb4a,7e1877f022f75af3b1f2f6f1b60be2b33c2d6ebf94686ced41c069779992c5fa,149690,0,2,2,2,0,A0_base,bcb05239a30c953db5499352668fc934e20c5d9e7b9179eb9e491a699ebbcb4a
case_050,1,B,B2_base,9de85fb180ca507a7d0052ef5035a45ddb591ba64dc1c01e58913c6eb3ea72cb,2b98d9ab397b82581dfc41e644bcdaf7f31c7c64e221cb5195d7451b8d93f07a,149242,409608,2,2,2,0,B0_base,bcb05239a30c953db5499352668fc934e20c5d9e7b9179eb9e491a699ebbcb4a
case_050,1,C,incumbent_split_height_g3_p4,d5716d81aca3669af54ae9a16a07d2c871a181af181fe5de6b5eb43074831c2a,58f7503f2669f4a7b27949fc99b8b8b656bfe47922c6b64030deec794a42a7a2,148876,836812,3,3,3,0,incumbent_base,9de85fb180ca507a7d0052ef5035a45ddb591ba64dc1c01e58913c6eb3ea72cb
case_050,2,A,A1_base,f6c59b87ce320de28f0408900058a48285b7e6c59db7ef65cdf9878d06fff86e,9bdef292d82edb08f960589b36d949def53394ef9b6baa7601b86fb3083e3750,108121,3456,3,3,3,0,A0_base,c8ea442b8bfb503904167041bdcec20a7ab4c7be5645d97a7aa0186787ebcd8f
case_050,2,B,B1_base,f6c59b87ce320de28f0408900058a48285b7e6c59db7ef65cdf9878d06fff86e,11a79697099673c144665591a8f6dff484fe5fc493ef78dae5bad188015f3f57,108121,3456,4,4,4,0,B0_base,c8ea442b8bfb503904167041bdcec20a7ab4c7be5645d97a7aa0186787ebcd8f
case_050,2,C,incumbent_disperse_tid_9224_node_9231_core_1_pos_0,c20430e43cb13688da62152c3891d5abb990710290fed6dd5b4e2cd9067dc4aa,b77d9aa60e9b1ddd780100153699c542a808d5e77ed50fbd9ea5d851b177b857,107981,11652,4,4,4,0,incumbent_base,f6c59b87ce320de28f0408900058a48285b7e6c59db7ef65cdf9878d06fff86e
case_050,3,A,A1_base,14e895e012d624b4139db85d6c952fb9308641ac7975d3fb6c197356c373e611,26a6b5dd540228a0f0aef894a216ac5aad861dcaf0ca828c1d7a78119b3dc7eb,108121,3456,3,3,3,0,A0_base,c2d878afbc19ad12d174f3464a495857b38f495d46ad1a0ce1085f872315da6e
case_050,3,B,B1_base,14e895e012d624b4139db85d6c952fb9308641ac7975d3fb6c197356c373e611,df12da90c438c735fd380f32dba7e159cf91d6737869c74e27557fa54425cc57,108121,3456,3,3,3,0,B0_base,c2d878afbc19ad12d174f3464a495857b38f495d46ad1a0ce1085f872315da6e
case_050,3,C,incumbent_disperse_tid_9224_node_9231_core_1_pos_0,45f721848fa5823b86a8ba933ae728fe8b152504643738363001e044209020d3,afe744d08808d17039f84e7e2068134d967c628de31dbf5eb7ff4ce9c0cd0d52,107981,11652,3,3,3,0,incumbent_base,14e895e012d624b4139db85d6c952fb9308641ac7975d3fb6c197356c373e611
case_050,4,A,A1_base,563fdc3b409f7e4fcba49488249841fa4dcaa8553c3646a362dc9867c224f306,574bb9630e379881434d047d05ce87e7cef972e9c5cae459bb7eb411e24e9462,108121,3456,3,3,3,0,A0_base,601210b1438d223a3b3784c003bc9e54ebd860a9c0ba872e155fc4875b7a0f22
case_050,4,B,r2_split_g1_h0_c2_p0,8553866fb4e1bf51a22795fe05c993cf4409ac2c9525003bd98230296621eae8,ae7eed0544ee2337cd8a907d3f304dac7cd7c5f629e2ed6bc07b4bdae2f25e84,107794,34380,3,3,3,0,B0_base,601210b1438d223a3b3784c003bc9e54ebd860a9c0ba872e155fc4875b7a0f22
case_050,4,C,incumbent_split_height_g2_p4,7055fdceb73da564fb0ecc1626dcd3bc731a9d22511f9496c0276ddce5b0b57e,a24503fa782b136c65c1c0fb6b9453423eac11b8f3b67c6754d2f9e3407c8ab7,107658,34380,5,5,5,0,incumbent_base,8553866fb4e1bf51a22795fe05c993cf4409ac2c9525003bd98230296621eae8
case_050,5,A,A1_base,259924d6e31608448cc875a6c99a623f01dea91cfd0ed7308550d3150ab0c603,200155c82e5ac4ad8aeac9e666496681e6fc13f47373d94fd97c3eff931d9d0b,108121,3456,3,3,3,0,A0_base,39c3a6c03e1e58d6280eeb531eae63c35f78faf1ee5933f66809198da3687b2f
case_050,5,B,incumbent_base,f53f8a98b5778ef577fc7450cc0f611028fd13d0d4bb99f0ed893c9d5443102e,c086b90d19e074e430b514f2fe7131754ba08b7283e5f5c18442a828c1a26dd5,107794,34380,4,4,4,0,B0_base,39c3a6c03e1e58d6280eeb531eae63c35f78faf1ee5933f66809198da3687b2f
case_050,5,C,incumbent_split_height_g2_p4,09a852e58fa5a817cbb5cf687298e3ea739fa6305073e9138a888697f7d14527,de0bac8f1b45352c01bebb7610e1902445b940e7b5b14339fadb4308581caaf7,107658,34380,4,4,4,0,incumbent_base,f53f8a98b5778ef577fc7450cc0f611028fd13d0d4bb99f0ed893c9d5443102e
case_091,1,A,A0_base,fd52d50c08487e3193ff37d3e2f6e7636213d1cd3cc95faec0dd934d4594fdb2,9b2dc8d647da5ac8e85781a9d0179a723404ec5f0f7b102eb1da655a225d646e,9186769,53947008,2,2,2,0,A0_base,fd52d50c08487e3193ff37d3e2f6e7636213d1cd3cc95faec0dd934d4594fdb2
case_091,1,B,B0_base,fd52d50c08487e3193ff37d3e2f6e7636213d1cd3cc95faec0dd934d4594fdb2,d1f443f53c3fdc65594e3c36d0cf11caef3250bd73393dafec7ef73fbb1639fe,9186769,53947008,2,2,2,0,B0_base,fd52d50c08487e3193ff37d3e2f6e7636213d1cd3cc95faec0dd934d4594fdb2
case_091,1,C,incumbent_split_topo_g0_p4,c53986a6aeaea6b19e9fe5579dd5864de157a662571013bdf5e8efb758737d28,cd3382aa69a5883ece49b7dc0e517767329379bd59fc3b44854d268e6d342e5a,9166672,48764544,2,2,2,0,incumbent_base,fd52d50c08487e3193ff37d3e2f6e7636213d1cd3cc95faec0dd934d4594fdb2
case_091,2,A,L1_base,f91f1c83adaf7743040896cbf1ea8671e6bff480e98788dbdb1979c37d008d24,6390c7a262c3277ff827ee4db705d48bcb90db395f9939c4d33189cc3dd1bcf2,4571759,57904096,3,3,3,0,A0_base,7af1f2a00d706deffeba0bcbac28246638b7fc638d75d32a4d94c6c27aae92ec
case_091,2,B,L1_base,f91f1c83adaf7743040896cbf1ea8671e6bff480e98788dbdb1979c37d008d24,e5e246201209244d783e6c4f1140d280daed0ab647e6abf766b6129a4d830d5b,4571759,57904096,3,3,3,0,B0_base,7af1f2a00d706deffeba0bcbac28246638b7fc638d75d32a4d94c6c27aae92ec
case_091,2,C,incumbent_base,f91f1c83adaf7743040896cbf1ea8671e6bff480e98788dbdb1979c37d008d24,e0e3f7489b147f57a010c9f09e994d9a6ca2715d10c8d7dbcaab8a472e08ea82,4569395,57904096,4,4,4,0,incumbent_base,f91f1c83adaf7743040896cbf1ea8671e6bff480e98788dbdb1979c37d008d24
case_091,3,A,A1_base,3a072a712778dc457c79f76945aaa142e60d72b477e22216facd0782d5752c75,4792849279da931e553deb8ed8e9f0f22e6b26cda91f8c4b0b52992a2f85ae71,3078087,63389504,4,4,4,0,A0_base,0280d6d8faa2791dd7007233ed491a46a6814df58def5f897409ba5a4b20bc9a
case_091,3,B,B1_base,3a072a712778dc457c79f76945aaa142e60d72b477e22216facd0782d5752c75,9c7458c68d2b674b9166b1f4375f62b74357f6cffa17fa4aa07bcfc4246239e4,3078087,63389504,4,4,4,0,B0_base,0280d6d8faa2791dd7007233ed491a46a6814df58def5f897409ba5a4b20bc9a
case_091,3,C,incumbent_base,3a072a712778dc457c79f76945aaa142e60d72b477e22216facd0782d5752c75,60e8033f7c76ebaf5be0088e455ed6148b39fb0f7520927e4c6db6b1047149fc,3057457,63389504,2,2,2,0,incumbent_base,3a072a712778dc457c79f76945aaa142e60d72b477e22216facd0782d5752c75
case_091,4,A,A1_base,f43bd8d1b915bdf25afb2aac0409a93ca730f63b7e9f8538762d459895d8cadc,f824461654e61585f5840290c62f902352d8a492c306e31aa937f8b3611cceec,2314405,66813600,3,3,3,0,A0_base,dc3d5ccd37fc4156405359f3bb3b22c90d0f6bf50ab0eae4b23c5aa4fa6d9b22
case_091,4,B,B1_base,f43bd8d1b915bdf25afb2aac0409a93ca730f63b7e9f8538762d459895d8cadc,f09d137c8a88c8683bea670020d72cdcf6ad1c3d0a06c36d3acc1e3ce12530fe,2314405,66813600,3,3,3,0,B0_base,dc3d5ccd37fc4156405359f3bb3b22c90d0f6bf50ab0eae4b23c5aa4fa6d9b22
case_091,4,C,incumbent_base,f43bd8d1b915bdf25afb2aac0409a93ca730f63b7e9f8538762d459895d8cadc,4511c67182c109d6e5c48f5bee7588c92da895a9270c80a39fae04f258aa6d6e,2306119,66813600,2,2,2,0,incumbent_base,f43bd8d1b915bdf25afb2aac0409a93ca730f63b7e9f8538762d459895d8cadc
case_091,5,A,L1_base,3e2d599dd3994f90ae28417ce69ab5da3e711a50bb8412244c28a2619ca7cc27,c143d4da1e0510834747f5ddaf4b47ca5317b817ff6e2ea023620cc19910834c,1882479,73417216,3,3,3,0,A0_base,dc1d60db2be2ff4f6bfc97d3313cbe95abf8aba14cc8c57e280e810de76977b0
case_091,5,B,L1_base,3e2d599dd3994f90ae28417ce69ab5da3e711a50bb8412244c28a2619ca7cc27,f0130b702e6451c265a071682084dc4c311d8f69bdc3bcb6e03c42b065fb325f,1882479,73417216,4,4,4,0,B0_base,dc1d60db2be2ff4f6bfc97d3313cbe95abf8aba14cc8c57e280e810de76977b0
case_091,5,C,incumbent_base,3e2d599dd3994f90ae28417ce69ab5da3e711a50bb8412244c28a2619ca7cc27,c174d43d3c8fa09f1d3a152fecd4e039fb1ac708df92404b44610f7d16a45022,1876653,73417216,3,3,3,0,incumbent_base,3e2d599dd3994f90ae28417ce69ab5da3e711a50bb8412244c28a2619ca7cc27
case_093,1,A,A0_base,a362e021ae414498dd346e4bc8e6b78da392e950324de1b529b931302c9673d6,cc6992fd8fadfc4228f4e0e0ec9d0fafac8e6d5d75eeb8f70c48e3a43715a6de,74205,0,2,2,2,0,A0_base,a362e021ae414498dd346e4bc8e6b78da392e950324de1b529b931302c9673d6
case_093,1,B,B0_base,a362e021ae414498dd346e4bc8e6b78da392e950324de1b529b931302c9673d6,a864e0643e0cda9716dfb64d8e4c5496539f20e93294567151683c879655949e,74205,0,2,2,2,0,B0_base,a362e021ae414498dd346e4bc8e6b78da392e950324de1b529b931302c9673d6
case_093,1,C,incumbent_base,a362e021ae414498dd346e4bc8e6b78da392e950324de1b529b931302c9673d6,f39fa2288ef893e95cfdc9b1badc3e9aff1067baa6d1b234d003561741dabfbc,74205,0,1,1,1,0,incumbent_base,a362e021ae414498dd346e4bc8e6b78da392e950324de1b529b931302c9673d6
case_093,2,A,A1_base,ea3740e6bdc0a8c835e08e75b310873b6521b79cb3c29b795e9527c70a588af3,6be2b79b490085911c97b055e4e32ba5342d3e2171bc62abcc9d3984e08a2bba,37827,8192,3,3,3,0,A0_base,28c4096c8f839f30bf0634a3dcb69c94319fdd90ef8cce0eea5cb829e3327e66
case_093,2,B,B1_base,ea3740e6bdc0a8c835e08e75b310873b6521b79cb3c29b795e9527c70a588af3,174615ce9b7f4b4e376732fb82b2486f789f8e86d7baa191853148f0432a52ef,37827,8192,3,3,3,0,B0_base,28c4096c8f839f30bf0634a3dcb69c94319fdd90ef8cce0eea5cb829e3327e66
case_093,2,C,incumbent_base,ea3740e6bdc0a8c835e08e75b310873b6521b79cb3c29b795e9527c70a588af3,ffec8d05300a96b2625981fc2dd4aae99322ffad95ed62354e8739e698f67133,37827,8192,2,2,2,0,incumbent_base,ea3740e6bdc0a8c835e08e75b310873b6521b79cb3c29b795e9527c70a588af3
case_093,3,A,A1_base,0356ba69735ce3264c8df2a9bc3f9a82af3de9684a70755fbbb3bfa6d1ada48d,d76b84ebeb431e355b9460150dd5766d59b805768189c5a585e5ae2c9cc34e6f,25103,16384,3,3,3,0,A0_base,a832886fcb56185819e8ceb764a2dc173d10b10de3d1fdf49e2bc9a6e07c3aee
case_093,3,B,B1_base,0356ba69735ce3264c8df2a9bc3f9a82af3de9684a70755fbbb3bfa6d1ada48d,af668524afb83eb06bf7058d0636f9625c6ee1051fd26fac29fd6b9f4e75d437,25103,16384,3,3,3,0,B0_base,a832886fcb56185819e8ceb764a2dc173d10b10de3d1fdf49e2bc9a6e07c3aee
case_093,3,C,incumbent_base,0356ba69735ce3264c8df2a9bc3f9a82af3de9684a70755fbbb3bfa6d1ada48d,4a28cb739c386bd1e1a4942841b9d1b5a0bb03b3002c40bc5049ede75b21adcc,25103,16384,2,2,2,0,incumbent_base,0356ba69735ce3264c8df2a9bc3f9a82af3de9684a70755fbbb3bfa6d1ada48d
case_093,4,A,A1_base,824d8f0d5fdbde46ea60ee04878ff2aa689590fcab47f214b9fe8f2d02efbeea,8845275afcb8f235602aaa42c6cd108fe30ba7997086e7c350e13c650309a8bd,19779,24576,3,3,3,0,A0_base,b78d8604064071a5ad387a09bfa02d0ce114d2bd93ca588b585dc1a4c8878e7c
case_093,4,B,B1_base,824d8f0d5fdbde46ea60ee04878ff2aa689590fcab47f214b9fe8f2d02efbeea,f41c7ec5729d8b763ca232deb0bca2e21a63516ab31580a3d17f3cd3ba41a2c3,19779,24576,3,3,3,0,B0_base,b78d8604064071a5ad387a09bfa02d0ce114d2bd93ca588b585dc1a4c8878e7c
case_093,4,C,incumbent_base,824d8f0d5fdbde46ea60ee04878ff2aa689590fcab47f214b9fe8f2d02efbeea,aaf44036c3aa3df39a2b167d170daeb17ddb69c7073b0f820726043bebe54309,19779,24576,2,2,2,0,incumbent_base,824d8f0d5fdbde46ea60ee04878ff2aa689590fcab47f214b9fe8f2d02efbeea
case_093,5,A,A1_base,bb04b671cbb27a4803367444f50eed9586fa80cae2848109ccd3c4a1ea4efe70,fb3dd40dd1d37dd2f25ba619cb8c04315d406e3317feb3c4d661b0be7987fc2a,15876,32768,3,3,3,0,A0_base,d4b5c6ea790e6d3297928752e8beb20899067f6e3b570d2b49e3ce2a154058ec
case_093,5,B,B1_base,bb04b671cbb27a4803367444f50eed9586fa80cae2848109ccd3c4a1ea4efe70,57208c4670f5a665d4aadddbe9397467d06b28621e499453155d72724ee275c3,15876,32768,3,3,3,0,B0_base,d4b5c6ea790e6d3297928752e8beb20899067f6e3b570d2b49e3ce2a154058ec
case_093,5,C,incumbent_base,bb04b671cbb27a4803367444f50eed9586fa80cae2848109ccd3c4a1ea4efe70,5122c680d7392dc7372144291dde1db169edbed003d1c488bfdfa0b8eaacafb7,15876,32768,2,2,2,0,incumbent_base,bb04b671cbb27a4803367444f50eed9586fa80cae2848109ccd3c4a1ea4efe70
case_029,1,A,A0_base,8c0602d829297e24f835c5e6089f7b199c7661b1d5530315bb9a8df1a8869091,3cb153a3986a5bc769f50d6c1be954a499711e418c49c7f2bd918735c403c496,37555,0,2,2,2,0,A0_base,8c0602d829297e24f835c5e6089f7b199c7661b1d5530315bb9a8df1a8869091
case_029,1,B,B0_base,8c0602d829297e24f835c5e6089f7b199c7661b1d5530315bb9a8df1a8869091,9d8ae7cb7eb6fd8738a1752997ef5cc4f829efcdc3129ad80b7aa5b1da6e5046,37555,0,2,2,2,0,B0_base,8c0602d829297e24f835c5e6089f7b199c7661b1d5530315bb9a8df1a8869091
case_029,1,C,incumbent_base,8c0602d829297e24f835c5e6089f7b199c7661b1d5530315bb9a8df1a8869091,06f6ce5050c12ef94fb084cfbad31633229ae4de2d9a46514553dbad66b6042d,37555,0,1,1,1,0,incumbent_base,8c0602d829297e24f835c5e6089f7b199c7661b1d5530315bb9a8df1a8869091
case_029,2,A,A1_base,356753f3b5cd5f818de165c25ca40df3fe1130690056b71d39932d1af91ff1fa,398106c0ebefeaf5c75fcf3b2ac176e2f6a4fb72d2dc085a36bffc8f7886354b,19740,0,3,3,3,0,A0_base,0085c1d873160bf7b7fcbe8d954c687cfbd762e697da568074457c15fe8350e3
case_029,2,B,B1_base,356753f3b5cd5f818de165c25ca40df3fe1130690056b71d39932d1af91ff1fa,1cc762f96ccca794e0ef418d3e123f9a2c8143dee2b577c3bbe6d26b3b774611,19740,0,3,3,3,0,B0_base,0085c1d873160bf7b7fcbe8d954c687cfbd762e697da568074457c15fe8350e3
case_029,2,C,incumbent_base,356753f3b5cd5f818de165c25ca40df3fe1130690056b71d39932d1af91ff1fa,3bfe081f253ba278755136ddf67e41a3b24c3bfb3109fa9883eadf021e95db3e,19740,0,2,2,2,0,incumbent_base,356753f3b5cd5f818de165c25ca40df3fe1130690056b71d39932d1af91ff1fa
case_029,3,A,A1_base,7d66f428209a8cb076881a3394ece74fab1eb18fa88e84d6e6ec9cffea673a22,4142670e5b9da9ac0c512003c239231d730c6acf38937af0cd9a8c9ad745f6b9,12743,0,4,4,4,0,A0_base,eef593a579cce9d5b6cdd2791dc3832b3987f3a23f76ede7a9a5ab7ce3b57e78
case_029,3,B,B1_base,7d66f428209a8cb076881a3394ece74fab1eb18fa88e84d6e6ec9cffea673a22,37b0bea43216fcc166f1fa9e30ce02495330902f1ed0f906b54d2d50c7c390a0,12743,0,4,4,4,0,B0_base,eef593a579cce9d5b6cdd2791dc3832b3987f3a23f76ede7a9a5ab7ce3b57e78
case_029,3,C,incumbent_base,7d66f428209a8cb076881a3394ece74fab1eb18fa88e84d6e6ec9cffea673a22,9bbe76a6b53f5f9368b7d1d9ac1e5269e22f90cdda53c3cbad79ab706f9dd6ae,12743,0,3,3,3,0,incumbent_base,7d66f428209a8cb076881a3394ece74fab1eb18fa88e84d6e6ec9cffea673a22
case_029,4,A,A1_base,836d5d075ab0a4b2380c66ee2e325fbc77d3bc320e1cf504f32421e411fb934d,71b0a95342b3ecf37621eeefbcd6b5b496cce802389bd4d8198b5ca570f2227c,11028,0,4,4,4,0,A0_base,2422efa18b8246207df91cff535d271b33e02c4279b28b1ee91bf3c73c0fafff
case_029,4,B,B1_base,836d5d075ab0a4b2380c66ee2e325fbc77d3bc320e1cf504f32421e411fb934d,6d558196c9159a8c877413348c9826fb1509c1ca1426715b66312ae71a8fb2dd,11028,0,4,4,4,0,B0_base,2422efa18b8246207df91cff535d271b33e02c4279b28b1ee91bf3c73c0fafff
case_029,4,C,incumbent_base,836d5d075ab0a4b2380c66ee2e325fbc77d3bc320e1cf504f32421e411fb934d,908d9e4dcfede7d5ba3e3b997418d6f231ab1e53c2594ee55d191c79bb0dfaa0,11028,0,3,3,3,0,incumbent_base,836d5d075ab0a4b2380c66ee2e325fbc77d3bc320e1cf504f32421e411fb934d
case_029,5,A,A1_base,712451fa176d4437358c9ab9656c0adb42913a8a78979a0b634803dce20106d9,fc08ef39e1fb350c2c4a8beaa396bcea81708ab641c19769417fd760045fe905,9383,0,4,4,4,0,A0_base,a2d7975edc50e5d346ed03f2443b7ade822d0823d0229b50a371d70a3c05b499
case_029,5,B,B1_base,712451fa176d4437358c9ab9656c0adb42913a8a78979a0b634803dce20106d9,627d6d341a4e78958a8dd46457f71540b3aef335984169396e31877f2bb6c5b7,9383,0,4,4,4,0,B0_base,a2d7975edc50e5d346ed03f2443b7ade822d0823d0229b50a371d70a3c05b499
case_029,5,C,incumbent_base,712451fa176d4437358c9ab9656c0adb42913a8a78979a0b634803dce20106d9,02df678524e384b72cfe8567a439f43f7e16422d2d6f9e809c5ab4750bb01b79,9383,0,3,3,3,0,incumbent_base,712451fa176d4437358c9ab9656c0adb42913a8a78979a0b634803dce20106d9
case_042,1,A,A0_base,adcdc424d75206250562abdf2f450b7463cbe57bf684fa8cce47171b1eed198e,e3bb587918f49773bdc3f9b32382042d4e803b323b2272f8c529043f602de6ca,1686740,6629376,2,2,2,0,A0_base,adcdc424d75206250562abdf2f450b7463cbe57bf684fa8cce47171b1eed198e
case_042,1,B,B0_base,adcdc424d75206250562abdf2f450b7463cbe57bf684fa8cce47171b1eed198e,014eb2f9728a4df347863f486b274a2ba239f801c03b06cb93baf139fe1eb348,1686740,6629376,2,2,2,0,B0_base,adcdc424d75206250562abdf2f450b7463cbe57bf684fa8cce47171b1eed198e
case_042,1,C,incumbent_base,adcdc424d75206250562abdf2f450b7463cbe57bf684fa8cce47171b1eed198e,7ae9afae767cbde6bafe7b45b2e87cf240dbd7efa7528b0d95e0aef6d8e4fd12,1675633,6629376,1,1,1,0,incumbent_base,adcdc424d75206250562abdf2f450b7463cbe57bf684fa8cce47171b1eed198e
case_042,2,A,A1_base,9c3756aa0c945a6b49364caf29623ba5408b536102f7ee27f188af56304caeca,34574d676f13e0b22a4938d543825b7c2bea9becd1b0f1b506bd5d2905244bc6,845274,6540576,3,3,3,0,A0_base,ffbaa8a6035bcb680c4c0c5d2098bdbf1a5a5e6c8a4235e40e5451df2ccd9f97
case_042,2,B,r2_boundary_n5069_c1_p2,df7d8019e901465eed7dda223a40482ef0f7280f57fa3eda7ea9f5b29238549d,c265d6677b1595828bf12b3bf5fa7eacc1a233028efe9acbfbe8829f18cf22c9,844150,6560160,3,3,3,0,B0_base,ffbaa8a6035bcb680c4c0c5d2098bdbf1a5a5e6c8a4235e40e5451df2ccd9f97
case_042,2,C,incumbent_disperse_tid_1000005495_node_5021_core_1_pos_1,6f4158b9b410d829e77c58fd9197e2a9e8b7cb50111854105c5356d6bf05219d,ac8ea28ca168ce4550ec0d5f01cc4b09afd531dfb71926904d747ed9edf8e0dc,843098,6570528,4,4,4,0,incumbent_base,df7d8019e901465eed7dda223a40482ef0f7280f57fa3eda7ea9f5b29238549d
case_042,3,A,L1_base,9e1cdec68d8918876cd3c1b9e364a46b8b664c9d5c8b1c9f6fcef869e7f55fe3,69dd8fd1002bb72fed1342d601a380fb8ad91342f99cfb56b2114113f2c71546,562868,8334912,4,4,4,0,A0_base,2a082e590a92b75c8a3c0520653bacb12ab3be0a4666e0cc2a102317baf51ff2
case_042,3,B,L1_base,9e1cdec68d8918876cd3c1b9e364a46b8b664c9d5c8b1c9f6fcef869e7f55fe3,a525cc7ddcabad526af0e55393bea7fa3077c28d71d24e0b0896d25ca738e942,562868,8334912,4,4,4,0,B0_base,2a082e590a92b75c8a3c0520653bacb12ab3be0a4666e0cc2a102317baf51ff2
case_042,3,C,event_timing_tid_1000000109_miss_4_bytes_24576_front,3a84246ad1572ff281f121d1747ecf441ba25de45cd0ab48fca66d37e7c4e8eb,b2c9a12a655389e66905c08e6cb89d7be0502ac3701c62c26aef5db5741c548a,561628,8334912,5,5,5,0,incumbent_base,9e1cdec68d8918876cd3c1b9e364a46b8b664c9d5c8b1c9f6fcef869e7f55fe3
case_042,4,A,L1_base,f8125b962ed136d6eb01fb22e3a791f181853c7e1cf0a3f038af20924254de0f,e4168c4c7368a1108c2c0016ce4bcbfe6b0656abfb54a70270b7ee87a71e6a5a,426511,8553312,4,4,4,0,A0_base,b91c1de1c76dc8007f974377f346d1ef94639b02844125027df084c816531d00
case_042,4,B,L1_base,f8125b962ed136d6eb01fb22e3a791f181853c7e1cf0a3f038af20924254de0f,a9fc9ee62e5a5a96b75b806151dbca5fd3e0cbc4c59f0541051b8cf63aae7cdf,426511,8553312,4,4,4,0,B0_base,b91c1de1c76dc8007f974377f346d1ef94639b02844125027df084c816531d00
case_042,4,C,event_timing_tid_1000000249_miss_5_bytes_30720_front,6cdaf9e38414dd014f5da2dfa7f40b4274fed2d8eabfac2b27fc1ee1602a6829,fd12bee2fb1519d2cbf93248c308041b6a208eb223bece66302cfffeed696a1d,423652,8553312,5,5,5,0,incumbent_base,f8125b962ed136d6eb01fb22e3a791f181853c7e1cf0a3f038af20924254de0f
case_042,5,A,L1_base,aff923414108c2f13aa55367cba767010ff5c40d96ca0b8960320faf08f01907,386155ace79c8372f5d5af4311b23f6ff455415d9d5fc492d428c5bd855633b3,342520,10187328,4,4,4,0,A0_base,f35f4966ac43981337636f18e67e18fee96be9f4b487309d250c4a43d3057926
case_042,5,B,L1_base,aff923414108c2f13aa55367cba767010ff5c40d96ca0b8960320faf08f01907,f8c413e481ba3deb995d3416d2fd859677482db113e94e35fa73f6aea98c459a,342520,10187328,4,4,4,0,B0_base,f35f4966ac43981337636f18e67e18fee96be9f4b487309d250c4a43d3057926
case_042,5,C,event_timing_tid_1000000139_miss_5_bytes_30720_front,0bf405704a32b9b52a6c4902b5a5e458f6c1ce9d4dd6a88c44a2a11f40f8270e,95a9ffdbf3cd9e6101d763c732e0968fc9a6981347872d080116590529d2acaa,339457,10187328,5,5,5,0,incumbent_base,aff923414108c2f13aa55367cba767010ff5c40d96ca0b8960320faf08f01907
case_072,1,A,A0_base,ad063b0cdf68d42138e79be4c3ecf6eb375242ae6616a4f06fb8bdfceb76d2c1,f6989ee9a54c089b4941f165179aeda2a86d6b32bf24c974dc7723ba2aa070d4,23897828,108613680,2,2,2,0,A0_base,ad063b0cdf68d42138e79be4c3ecf6eb375242ae6616a4f06fb8bdfceb76d2c1
case_072,1,B,B0_base,ad063b0cdf68d42138e79be4c3ecf6eb375242ae6616a4f06fb8bdfceb76d2c1,ac9494e22a16f4beaebdba50c7df5ca498f214408d6a11003e6ade731f0bec48,23897828,108613680,2,2,2,0,B0_base,ad063b0cdf68d42138e79be4c3ecf6eb375242ae6616a4f06fb8bdfceb76d2c1
case_072,1,C,incumbent_base,ad063b0cdf68d42138e79be4c3ecf6eb375242ae6616a4f06fb8bdfceb76d2c1,bea6ca7896609617b9dba1f0e2a01bb392f45243564a39ca913345eb21f8b95d,23890756,108613680,1,1,1,0,incumbent_base,ad063b0cdf68d42138e79be4c3ecf6eb375242ae6616a4f06fb8bdfceb76d2c1
case_072,2,A,A1_base,c6b2179630fbd852d7322accd5a0b5012766b67b33703688904bc8746de4ecd8,a1b2d3fae549acdcfb54edf86936c3b75558298024f36ffb09e51d90c77ba0fc,11833111,113945376,3,3,3,0,A0_base,6fd83f5b0787e0695d42c8e4f58f40c3e86d93ce0d6540dc612c17be83f7d1e4
case_072,2,B,B1_base,c6b2179630fbd852d7322accd5a0b5012766b67b33703688904bc8746de4ecd8,cb0d62cd098a5590d1ac5e1791816785f1a460ba44ce7e7045c43d86c95c7511,11833111,113945376,3,3,3,0,B0_base,6fd83f5b0787e0695d42c8e4f58f40c3e86d93ce0d6540dc612c17be83f7d1e4
case_072,2,C,incumbent_base,c6b2179630fbd852d7322accd5a0b5012766b67b33703688904bc8746de4ecd8,a55c30658f8f75e844cf3fdecda2874d082eb5da0d8d3582302d26dfbd63e11f,11819724,113945376,2,2,2,0,incumbent_base,c6b2179630fbd852d7322accd5a0b5012766b67b33703688904bc8746de4ecd8
case_072,3,A,L1_base,6eab3cc31750bcfb82d3f824e4f01b1c07db49c7a2bf30c33303fb158205392c,ce7cd3765744bc0f33c760a35441661505af77acf2b5ea3791e2b674c3646a65,7935290,120023840,4,4,4,0,A0_base,be22e41be5592dfa7470448d9f368a2a0017194acf6100ce1f9faf6c71edd1e2
case_072,3,B,L1_base,6eab3cc31750bcfb82d3f824e4f01b1c07db49c7a2bf30c33303fb158205392c,de32ad82a2dd424b2febc5233962bb736c344361d1f7e73d40edd4154dd801e3,7935290,120023840,4,4,4,0,B0_base,be22e41be5592dfa7470448d9f368a2a0017194acf6100ce1f9faf6c71edd1e2
case_072,3,C,incumbent_disperse_tid_1000001161_node_1656_core_1_pos_0,cdabd85c5eb0a9cf4e6d29299ebc9a18621d769511b4e9e7d37e788ae14a180e,fa6d254d85b76adcd110b9cba51579b168569e08c98f519e8d022f0252e043c5,7921555,120056608,5,5,5,0,incumbent_base,6eab3cc31750bcfb82d3f824e4f01b1c07db49c7a2bf30c33303fb158205392c
case_072,4,A,A1_base,138fa101598f0311865bdb6cd2529160b69b30267218c6218d21058ff2f98e0b,6800e7e7a85492d342ba845267e5de0c24485ba76096b7f853528d254877014c,5993260,122669856,4,4,4,0,A0_base,8f7cacd1c570f19aa941e166d660d0fb7fc55e1792cda9dc2826718876778361
case_072,4,B,B1_base,138fa101598f0311865bdb6cd2529160b69b30267218c6218d21058ff2f98e0b,6ba3aa2d000a6cd5567954b3a3f8ac11b2274465ba35cdb14c34180fb063559c,5993260,122669856,3,3,3,0,B0_base,8f7cacd1c570f19aa941e166d660d0fb7fc55e1792cda9dc2826718876778361
case_072,4,C,incumbent_base,138fa101598f0311865bdb6cd2529160b69b30267218c6218d21058ff2f98e0b,89f6658eadc33ea447e0c6ee9f59a9b1d1dad9233c4074eb210e6e67f50ae582,5988828,122669856,2,2,2,0,incumbent_base,138fa101598f0311865bdb6cd2529160b69b30267218c6218d21058ff2f98e0b
case_072,5,A,L1_base,a3eb3d4cf60e14039606ec4135ab961c75b49280115df99dc3c18d41654c19be,fd69cb523c4d612a2ba0e0f3ee342f443d628c10520c8829effea739538f7fcc,4831281,130884272,3,3,3,0,A0_base,504df90148389afa47db508d4f13c2ab18c6c4402fd4c2419c1dc71bce14b215
case_072,5,B,L1_base,a3eb3d4cf60e14039606ec4135ab961c75b49280115df99dc3c18d41654c19be,9d50ed7aa66b14e1a933cd95d8c2be809f9cd5a2ebda458ce2134345e5a96536,4831281,130884272,4,4,4,0,B0_base,504df90148389afa47db508d4f13c2ab18c6c4402fd4c2419c1dc71bce14b215
case_072,5,C,incumbent_base,a3eb3d4cf60e14039606ec4135ab961c75b49280115df99dc3c18d41654c19be,e9c7ada3c4636c5e7a95f801f08ec17233f09ad4addca49350e299158ecfa396,4809827,130884272,3,3,3,0,incumbent_base,a3eb3d4cf60e14039606ec4135ab961c75b49280115df99dc3c18d41654c19be
case_080,1,A,A2_base,e02a7c17070c188c6c16b209eddc37e0684b72cfbd54ed0687b6a2bea39f3647,e2d584feb70e089a5358d0deececcef2719154ec0f6833b49edaa119486c28b8,292086,667648,2,2,2,0,A0_base,a771387827ddd8112fee5b7fd5c49d10d61d67a3c6bc59e36ba1eba28d01a2be
case_080,1,B,B0_base,a771387827ddd8112fee5b7fd5c49d10d61d67a3c6bc59e36ba1eba28d01a2be,9bd683d5e51103ed9a7713d98e1f38062b5ed30a3860d9e8129911cb5d241d01,292138,548864,3,3,3,0,B0_base,a771387827ddd8112fee5b7fd5c49d10d61d67a3c6bc59e36ba1eba28d01a2be
case_080,1,C,incumbent_base,a771387827ddd8112fee5b7fd5c49d10d61d67a3c6bc59e36ba1eba28d01a2be,b6804538a43bb8aff2909222b5cd99c1a667f2aa558b72e499c2cb505f659eda,291826,548864,1,1,1,0,incumbent_base,a771387827ddd8112fee5b7fd5c49d10d61d67a3c6bc59e36ba1eba28d01a2be
case_080,2,A,A1_base,fc2b5f2ca1ae368c15b31e343c2bc567c618cdff7ebafaae0a0a18b28bc8f338,05499406c80c4c34252935b2a880080c83c4193e88658c7abf57512cfb90b090,145926,2191360,3,3,3,0,A0_base,0be92d005f7f6ca73d2ed4a2b851ece94e9a7124c672c96a99636659115de4ff
case_080,2,B,B1_base,fc2b5f2ca1ae368c15b31e343c2bc567c618cdff7ebafaae0a0a18b28bc8f338,3c5e6b8a1d6b8710d40da18c57de50720c0a66d6b7488580ab37b303f3c00bfd,145926,2191360,3,3,3,0,B0_base,0be92d005f7f6ca73d2ed4a2b851ece94e9a7124c672c96a99636659115de4ff
case_080,2,C,incumbent_base,fc2b5f2ca1ae368c15b31e343c2bc567c618cdff7ebafaae0a0a18b28bc8f338,8ee183d7d7222d24d20d3d322c4323523af74015089f0867dd776823101eb181,145674,2191360,2,2,2,0,incumbent_base,fc2b5f2ca1ae368c15b31e343c2bc567c618cdff7ebafaae0a0a18b28bc8f338
case_080,3,A,A1_base,b1d2c79791a0e155dde0d958b84f908c663740bb6ef798e5659694ccd403358d,3b858010b46271cf25f7f8c0b99a9d82c49286062e57406ddcb08ad0bd728acb,100325,3047424,3,3,3,0,A0_base,f106a41d4193f8ee8b71fa179d3486d818947b4e92a06cee39e2bbb11f67260c
case_080,3,B,B1_base,b1d2c79791a0e155dde0d958b84f908c663740bb6ef798e5659694ccd403358d,66fb58c865e2dc971b1be1de86f672314c9a679e1166abe8cd118d28e3dfcfbe,100325,3047424,3,3,3,0,B0_base,f106a41d4193f8ee8b71fa179d3486d818947b4e92a06cee39e2bbb11f67260c
case_080,3,C,incumbent_base,b1d2c79791a0e155dde0d958b84f908c663740bb6ef798e5659694ccd403358d,ccd83b7f261716cec1fc8ba15ed47051af0a0010ce704dae51ddf8b65b38c2a6,100325,3047424,3,3,3,0,incumbent_base,b1d2c79791a0e155dde0d958b84f908c663740bb6ef798e5659694ccd403358d
case_080,4,A,A1_base,02a37441d4f9c856e7a67d49e4f3e22b70b8380fd3987d4e8bbee8178960ec92,3eaa61efdd9400195ce91126081257a259129a667a3ece0a75c8ee3ace57ec57,111314,4190208,3,3,3,0,A0_base,63963f6ad299d3de37cca08560378de67328105b942ba20591f5b15b75fdf15d
case_080,4,B,B1_base,02a37441d4f9c856e7a67d49e4f3e22b70b8380fd3987d4e8bbee8178960ec92,69f11e6505ed4b38ec79decb1ab60966c12769f1cd5fc3a8c00b1476033f7da7,111314,4190208,3,3,3,0,B0_base,63963f6ad299d3de37cca08560378de67328105b942ba20591f5b15b75fdf15d
case_080,4,C,incumbent_disperse_tid_1000000543_node_1340_core_3_pos_0,1eb9a182eb011cacda61c263629a518e8489c2c61fddcc36623970e628579f16,7e546433903a7dbd20876f3f3192a4ff9a88442e3a27c58f604662b3cc0e587b,90559,4190208,3,3,3,0,incumbent_base,02a37441d4f9c856e7a67d49e4f3e22b70b8380fd3987d4e8bbee8178960ec92
case_080,5,A,A1_base,263aad6b8b4b2625f8c08979acba1b4806849b7eab1f62799afbc40aeb362839,03488f1654f34f8620d9495420d2dec1b8852ee3593399ff91fad60ab67ef9b2,113455,4571136,3,3,3,0,A0_base,1aed3d045b71193d545ee3de3ca6eb1ee121fcfc0e9fbd0b21fa79b7c52467a0
case_080,5,B,B1_base,263aad6b8b4b2625f8c08979acba1b4806849b7eab1f62799afbc40aeb362839,2bf2bbd49d311bf47955bb7217272be667a6d6a93f049f41a2141bc32bdc6970,113455,4571136,3,3,3,0,B0_base,1aed3d045b71193d545ee3de3ca6eb1ee121fcfc0e9fbd0b21fa79b7c52467a0
case_080,5,C,r6_boundary_n288_c3_p0,9b47c71f4a3728de7e254e54443a5f68cfedd738826c1400a6ea5572d5cd6672,4518c0344cfc54b05b773e640ab31afdf69c3b1158e0d396c71ff85e30858973,88140,4603904,3,3,3,0,incumbent_base,263aad6b8b4b2625f8c08979acba1b4806849b7eab1f62799afbc40aeb362839
case_088,1,A,A0_base,fbc8f541d36e9683489b327888fc9fa266e6c3025176d0e02c5daaa7c4b2f76c,c7444de1b0f41cbaceed70fcaf812d391fff509b021a2cafc1c3da37140e362e,243623,0,2,2,2,0,A0_base,fbc8f541d36e9683489b327888fc9fa266e6c3025176d0e02c5daaa7c4b2f76c
case_088,1,B,B2_aggregate,f5e0c6b20301260a18ebc1eb3438a20f88211a725bee6fe21841f71d55baaa75,97d59dcd8e2cecc21a9518ba5e3407a0476a978bcff60f1c4e065e0943938213,243542,0,2,2,2,0,B0_base,fbc8f541d36e9683489b327888fc9fa266e6c3025176d0e02c5daaa7c4b2f76c
case_088,1,C,incumbent_split_height_g2_p4,6f92ab808e509d41efdc8051c1debab36e5f02429ab87e94e572d83fbaae95fe,49fd112c1b20394dfabf99fb8bb76306b1c17aea135ec0714b3438829cd984b4,242071,0,3,3,3,0,incumbent_base,f5e0c6b20301260a18ebc1eb3438a20f88211a725bee6fe21841f71d55baaa75
case_088,2,A,A1_base,832bc10f92af8ba3637208e18b33d2dec3ad4d72b8fde18da917a744f83cb2af,703242eb809f2ceba056365003e0d39f254c4a864fc20fe226ec88862f9cd25b,221995,0,3,3,3,0,A0_base,0429cb0d98c2134dddc1c72f63a600b9a50283bd2959c762c06acce9d03d9173
case_088,2,B,B3_base,34ca807a8cfe49104245764ad1e908cabb88f40b5cf11d20d28201b44eff711d,56bd397edf6e2f42e1405fa5f17d39eae68db11310367412e40ee69d740d1a21,203492,1597604,3,3,3,0,B0_base,0429cb0d98c2134dddc1c72f63a600b9a50283bd2959c762c06acce9d03d9173
case_088,2,C,incumbent_base,34ca807a8cfe49104245764ad1e908cabb88f40b5cf11d20d28201b44eff711d,7663aefcfa93928de547e3ebfaff98d0aab35e7a77e89d8edda3dbe7cd517dbb,203492,1597604,3,3,3,0,incumbent_base,34ca807a8cfe49104245764ad1e908cabb88f40b5cf11d20d28201b44eff711d
case_088,3,A,A1_base,edf925e1acd4fe1758b471a6f7a05326821f47ef188049532d1cb3a0167c90d8,04a89b3e2daac806bfd519199f30bab52ed4c9adddefa96ba74d5044ff16d9a3,221995,0,3,3,3,0,A0_base,262483176f35d196951443133ed2b1a42f6a4327cb281819f3490e3bf46d5b5b
case_088,3,B,B3_base,f32a1b88635f8e1a5742eee970fe632b3159bc5039c494a04a378ac6bd6f386a,bc96919ed0bf9579eee9d15997a022820796d6625a26d14dfad6ee02b83cdf68,196677,2359468,3,3,3,0,B0_base,262483176f35d196951443133ed2b1a42f6a4327cb281819f3490e3bf46d5b5b
case_088,3,C,incumbent_split_height_g20_p4,12efa14dbc3f7787562c1f192fc8b2e6de7399cce64316376b838f68790a9853,c48b87a6317203dabb618b1125dd76a53f5a983a7270da50f4687dbec2aa66c3,190688,2359468,4,4,4,0,incumbent_base,f32a1b88635f8e1a5742eee970fe632b3159bc5039c494a04a378ac6bd6f386a
case_088,4,A,A1_base,a6ab23d1023d26400e48bc985011ec1b8956c24517175a90a66d2fcee51ce4e7,aefdb7d1212525b36468e160049bb1011baded72b7c458f335693bdc8a38a619,221995,0,3,3,3,0,A0_base,cbf7bade74ca56791ab551c4b814820533dd8cc2e3d5804a1a0760618a57413d
case_088,4,B,B3_base,fd35805906dafb29c61d446dc4694a1d533959cb03adf2573bf2f86ff88b7fd2,28aa517b1326622dcbbc079caa4034ec1777bd6fa395bd8ec3b2c1473c8d53f1,185641,2459964,3,3,3,0,B0_base,cbf7bade74ca56791ab551c4b814820533dd8cc2e3d5804a1a0760618a57413d
case_088,4,C,incumbent_disperse_tid_171_node_1470_core_3_pos_3,6e4010644705d6348b15ff7cee9c525f642b90025d27cb3313252e5e4527b297,21a8ea8666457c4c65fd4eb691e8cc5faeeb4ebe316b9bd422d1200fbe27752f,184608,2490684,4,4,4,0,incumbent_base,fd35805906dafb29c61d446dc4694a1d533959cb03adf2573bf2f86ff88b7fd2
case_088,5,A,A1_base,035359b10f70045727cbccde2cdb25fd84af66c58250e3bdde295b589b53ee6c,26fab32a5349fadc9c29dd2d95dc86daceba795ada613ab74596a24b6f0cfa13,221995,0,3,3,3,0,A0_base,db33bad56216f32e51c4aa0298969848bc5e486d2da6a6ddec730912fee5c441
case_088,5,B,B3_base,b20d8363344846f8be9515ad88060e0208ed584bfa09449e9e9c946cf72c756a,f0df2a2640d5ae7427a87004dbbe8b76dc5a14f87065ac11ccd92141e88f9255,196615,2028728,3,3,3,0,B0_base,db33bad56216f32e51c4aa0298969848bc5e486d2da6a6ddec730912fee5c441
case_088,5,C,incumbent_disperse_group_tid_3_group_4_core_2_pos_3,bd05cd414c96f75e811f66ef33713b873a51fca092ae3928e2f0df6b581b293c,544ee917273020f774cf8634892285abc218ea34d36ae26ee5e6bd9b57142d5c,194762,2010296,4,4,4,0,incumbent_base,b20d8363344846f8be9515ad88060e0208ed584bfa09449e9e9c946cf72c756a
case_002,1,A,A0_base,9ea2961cb0761ffab25876943b4d07b7bce76d5ae992463dcafc6a35067694e6,21c53f3c6196606c25db0aed48d7fe9850598676811439da4d4162b5a8e5fa5f,261945,0,2,2,2,0,A0_base,9ea2961cb0761ffab25876943b4d07b7bce76d5ae992463dcafc6a35067694e6
case_002,1,B,B3_base,b65bba2214ff2963322aa79df3184dbcd519eba334242af97507baa02291c1b2,a99eca4cfc76e683dee4478e3d31e48ca15c936db5a742d7231e8ac296489fd9,260509,2311680,2,2,2,0,B0_base,9ea2961cb0761ffab25876943b4d07b7bce76d5ae992463dcafc6a35067694e6
case_002,1,C,incumbent_base,b65bba2214ff2963322aa79df3184dbcd519eba334242af97507baa02291c1b2,0da14b6fdb3b86294c2d3708be2065ad9f9b253883b7481a8f19eebff857935b,254213,2311680,2,2,2,0,incumbent_base,b65bba2214ff2963322aa79df3184dbcd519eba334242af97507baa02291c1b2
case_002,2,A,A3_base,eae51e0cb63a8a00da13cf636e13c61c0959b77b6220ac84e91da89e472e24e2,bf3b0d12e6f9398499f3f401179cb5836f5c1a13c9eb18338d383eaaab2fe930,230910,5776896,2,2,2,0,A0_base,89630d9e3aebe8f0b8371459deefb9de34d1888ed5a2c1c623c5aa1c6a13a7ed
case_002,2,B,B3_base,91099e6689fcb130f0ff27ee088b471bc806dc7574b252cb453696d641f6d958,f97912fd0f278ffd1336510a36ca59f30646b16285056e729da852a10638a7f2,165091,3614208,3,3,3,0,B0_base,89630d9e3aebe8f0b8371459deefb9de34d1888ed5a2c1c623c5aa1c6a13a7ed
case_002,2,C,incumbent_aggregate,3f41182e271f72c18619f59e4139dd6cc23ddaeb8ea5a205c510c035ff4f57a2,2685fe9b680f7191e51a74e434c89831cc30ef916f748390f754f70e90b850cd,164754,3614208,4,4,4,0,incumbent_base,91099e6689fcb130f0ff27ee088b471bc806dc7574b252cb453696d641f6d958
case_002,3,A,L2_base,b29193508e94a222199522840faf94bc367c38f009f2fb999f66d5bac7021a2a,02cf0f3998bcf3c66e3f38718f1ea77491fa847fda41b88f4f7de7297ba32bc9,173068,594432,3,3,3,0,A0_base,d9c2ef8be7d9c89b7c69670ff3c3bbc4813c7a932151548830988c20115f9a95
case_002,3,B,B3_base,b3d36dff0a8274bc1ade7f977079e908a2d2e7d86c645145f8a621bf5ffe399a,e87ada368f36c9930e146fb73fde90eb452ba3999f1c335f1aea15c49e0ec1af,131349,4211712,3,3,3,0,B0_base,d9c2ef8be7d9c89b7c69670ff3c3bbc4813c7a932151548830988c20115f9a95
case_002,3,C,r3_merge_g12_7,5c5efeca25b7710302a9800634801f1aa00d6f1b81e5027db114c59dbbdb8b46,21e78f49853ffb36b5ee16ce4ee70df4972b1cd1e6d5e6bd0cffa783a847b6e6,127539,4294656,4,4,4,0,incumbent_base,b3d36dff0a8274bc1ade7f977079e908a2d2e7d86c645145f8a621bf5ffe399a
case_002,4,A,incumbent_base,042422c8f8f754b159832f459853d12340561b3a463a7a68791cffc63c648565,cafe5bccdf4a4375d4937456a36946f4002786fb5a0373788b728e93c9bb6c6f,173068,594432,3,3,3,0,A0_base,196f60138fb714f16445cb9be881c6151fe722276c560913947943555f6af2fb
case_002,4,B,B3_base,741aa085fa609c60315181c62a1079b5e9a1bb1932405c2207b475cbf01e2294,b1e3b891b5168169e3014699621ff7f543de659892a674963cf32902e9f4a64c,122326,3930624,3,3,3,0,B0_base,196f60138fb714f16445cb9be881c6151fe722276c560913947943555f6af2fb
case_002,4,C,incumbent_aggregate,bc4f5884b63f47a1c0565ee4f48256c7ae2e3ae9897757ff1d70eaa8b8faa42d,6a09725de00a71ec4bfe46b5ec80bd23099596cfd074f6b46bb1d454752e267e,119922,3930624,4,4,4,0,incumbent_base,741aa085fa609c60315181c62a1079b5e9a1bb1932405c2207b475cbf01e2294
case_002,5,A,L2_base,0bcf374181b51e6dc40cb0d4f326d50e81a4ca07eac4ad6bcd64559c69f0c1df,26cd5898479dd36b07cb5876a881903f440749481367e30c8cc1256130df15e9,128412,700416,3,3,3,0,A0_base,d2461fc04aee470915e433ef02ffe477fb2123a652e74c57fc35458cccf1f0eb
case_002,5,B,B3_base,6227e01a51e759646ebe55217f3db8a1c93da5ef9475516846c6ea1fa515377e,fdd2ddb03265fb17ec8692ff1e9011726d1595940221957bdf6c58e1743f968a,111678,4024320,3,3,3,0,B0_base,d2461fc04aee470915e433ef02ffe477fb2123a652e74c57fc35458cccf1f0eb
case_002,5,C,event_timing_tid_1000000399_miss_2_bytes_9216_core_1,ef74c0f7b26d475a7985b16a9a4b1aa0c199d5db31969d24d1f4d8ab58a584df,842f5107ea869731118be65b7e9a6ad1402c8db3ec264cfa1838c8a0b9e38223,105055,4010496,4,4,4,0,incumbent_base,6227e01a51e759646ebe55217f3db8a1c93da5ef9475516846c6ea1fa515377e
case_019,1,A,L3_base,fce0e78d9866c49d73bfd80355c75c6ec431456cf9ef8122945f3987a03a7357,e3707887b7df5878f507ba872641cab2951a36cb095f465284e1eae9b24ff058,75090,1050880,2,2,2,0,A0_base,ba3b5e162323e37db2b485471deb0ce1c53eb82b9640834648cf30469481679b
case_019,1,B,L3_base,ee1882e7ffaa8b34d8a6acf35ba262f2f8586d7b6137991b8fbe0ec572e01cdd,1e7841673a484a63c9d7b66649339550a7d614f16d13e52c3e4a288bcd1eeb0f,70264,6144,2,2,2,0,B0_base,ba3b5e162323e37db2b485471deb0ce1c53eb82b9640834648cf30469481679b
case_019,1,C,incumbent_base,ee1882e7ffaa8b34d8a6acf35ba262f2f8586d7b6137991b8fbe0ec572e01cdd,3f372fbefe6941a8db3cb32f9d3d183b40b155acbdb1249acc5265c4e2d06135,70264,6144,2,2,2,0,incumbent_base,ee1882e7ffaa8b34d8a6acf35ba262f2f8586d7b6137991b8fbe0ec572e01cdd
case_019,2,A,L1_base,6dbcc2c80c54ba706ce50d741fa229157914b21eddb68bbf3bfa8fde51abb699,2f2ac09db020b9264dd279352da6a099c959bd561d513487dcc9558c51ca2285,41382,27168,4,4,4,0,A0_base,f3ba07e12767ecdf370f12e81c0853216306a9d680107a1010c0fc619da4f420
case_019,2,B,L1_base,6dbcc2c80c54ba706ce50d741fa229157914b21eddb68bbf3bfa8fde51abb699,f2c31a8594750084e67f279862ca5567a9de909c2276016f9e54d6612b7b792d,41382,27168,4,4,4,0,B0_base,f3ba07e12767ecdf370f12e81c0853216306a9d680107a1010c0fc619da4f420
case_019,2,C,incumbent_split_height_g0_p4,b573af0c46010b4daa1e1f772f27c6534e0f2ef685dc7a1247e1f60e888395f9,670b24e78770ad2cd0bdd0a55d155658b0e942452f869f64cb5be6901e9682c5,39509,27168,5,5,5,0,incumbent_base,6dbcc2c80c54ba706ce50d741fa229157914b21eddb68bbf3bfa8fde51abb699
case_019,3,A,L1_base,959aa60d2b4f81ab394b5162eea41cea8d9ff73fad3c5ab4a4dc7e5c55de5f0f,910bc6c66859ba56131ccf94891384bbfb2b4d7c0d9f94876fd27e994164b606,28657,54336,4,4,4,0,A0_base,edebcea9200d24a2d75a69eff2f4d741034f8ec510a1d6adb5d84c109ea61016
case_019,3,B,L1_base,959aa60d2b4f81ab394b5162eea41cea8d9ff73fad3c5ab4a4dc7e5c55de5f0f,7d657801f3aad818fff3d671c9368c1adfdde311d373f19488456a28dea6915f,28657,54336,4,4,4,0,B0_base,edebcea9200d24a2d75a69eff2f4d741034f8ec510a1d6adb5d84c109ea61016
case_019,3,C,incumbent_split_release_g0_p4,369b38d5262237b09c01e4663822fcfdfc0e40bd7166c240a825cbde6258640e,f285f161ad8f19b13cd7decca1d7c5c2d8a59764f9242bc76fb49dab087cb4bc,26572,54336,5,5,5,0,incumbent_base,959aa60d2b4f81ab394b5162eea41cea8d9ff73fad3c5ab4a4dc7e5c55de5f0f
case_019,4,A,L1_base,0880c30f32be7bb5aabff79daf723453f55972fc15df65aaeed3006d092f0048,ae40a584096f51fe80ee2222b99a57b0f717b8b866c05a292fc95a9907a1289e,24099,54336,4,4,4,0,A0_base,dbfd308bef24ce6063eefafb7b176ca6aee4e0b54bf2c7c5af9a881678c61e4f
case_019,4,B,L1_base,0880c30f32be7bb5aabff79daf723453f55972fc15df65aaeed3006d092f0048,6f5c7c8e93f1852d8a780f1b57129d9b202042f92453866b88f24d3fd992f4ed,24099,54336,4,4,4,0,B0_base,dbfd308bef24ce6063eefafb7b176ca6aee4e0b54bf2c7c5af9a881678c61e4f
case_019,4,C,incumbent_disperse_tid_697_node_698_core_3_pos_0,bad70507678106d6c8a5c422dccc76dd559e90e424548d8bbe918d722c30c6ed,cb7d5710bdac0bded6af932a13b74d5f12dd37dffe824e07d03f6bf65b48825d,23835,62016,5,5,5,0,incumbent_base,0880c30f32be7bb5aabff79daf723453f55972fc15df65aaeed3006d092f0048
case_019,5,A,incumbent_base,e52b63b48d999d2a0e2dd08cffce7eaa25bcd24f0d30c0c5a90520648e448c3f,8e788433b070efd50becc875f9e97c939966ab7bba1f4bc7b9b396935e0e9c2b,24099,54336,4,4,4,0,A0_base,b63fb610467230e8a67e390cf704fd86da6e9251c407b5ba55ef9a4bc563c7a9
case_019,5,B,incumbent_base,e52b63b48d999d2a0e2dd08cffce7eaa25bcd24f0d30c0c5a90520648e448c3f,a87052178411a5d261ce6f13149df52ca435475ede3149df17194b68acef2031,24099,54336,4,4,4,0,B0_base,b63fb610467230e8a67e390cf704fd86da6e9251c407b5ba55ef9a4bc563c7a9
case_019,5,C,incumbent_disperse_tid_697_node_698_core_3_pos_0,7861688fa80ca439c0c3ab00403723b3c759d05a64bc27d7f230f801b7ebc3b7,779416d83fd8455a9750f42eea0f7d431889cd8aaf2598127924b8893ddadc86,23835,62016,4,4,4,0,incumbent_base,e52b63b48d999d2a0e2dd08cffce7eaa25bcd24f0d30c0c5a90520648e448c3f
case_052,1,A,A3_base,c69b1b471bb85a7e4276ef319716e642129106ebe4853f604cd1b6e7d672b94a,b3288e1129791af31e89fb1c3bc71992c5f326168e448283b83587c10d789958,179776,1152896,2,2,2,0,A0_base,e33de3b01a6bd97632d9315cad027d044f1cdd4cadd130a140b0fd547f7ba4c8
case_052,1,B,B2_base,c69b1b471bb85a7e4276ef319716e642129106ebe4853f604cd1b6e7d672b94a,6d2b56d87b3b7bf6c49da652e54be66b77a1f20dd05199ca7a90887295232a2f,159895,70848,2,2,2,0,B0_base,e33de3b01a6bd97632d9315cad027d044f1cdd4cadd130a140b0fd547f7ba4c8
case_052,1,C,incumbent_aggregate,87b0cf4af08cb786e22087abd57bb859fc8e52aee898dd2b37c4b5f556b68e84,47e32f654d80d781e1de9deb43318ac13b328dc7413809e9ad076836f257f209,158577,70848,3,3,3,0,incumbent_base,c69b1b471bb85a7e4276ef319716e642129106ebe4853f604cd1b6e7d672b94a
case_052,2,A,L1_base,1b145e1f1317231aab9f0a4ca40baf5ddff1be885e43541930bba5160cb23abe,dbb559b67eb2c303c9606c154288306c9efb4615db723a75c477cd2185598949,90903,102912,4,4,4,0,A0_base,a39b1013a745adc56880920c06f5d7c9028b12ed898e51e05ac3d5b3991c62b0
case_052,2,B,L1_base,1b145e1f1317231aab9f0a4ca40baf5ddff1be885e43541930bba5160cb23abe,f234b00a90679d4b746496e8145e49098722e473834391f8add6a803aaa2689a,90903,102912,4,4,4,0,B0_base,a39b1013a745adc56880920c06f5d7c9028b12ed898e51e05ac3d5b3991c62b0
case_052,2,C,incumbent_base,1b145e1f1317231aab9f0a4ca40baf5ddff1be885e43541930bba5160cb23abe,130ccef02adee73ffa266261d44be207be7673850a0f1a89066ee48cc7c887c3,90903,102912,4,4,4,0,incumbent_base,1b145e1f1317231aab9f0a4ca40baf5ddff1be885e43541930bba5160cb23abe
case_052,3,A,L1_base,8ed9d9759a7951e99c61fa02f551b4585c91f53ab77c8fa07584d664b91edba8,c3a667eac5769a3654beac526617792dcf5a26a0ad4810a5f72413f4b6191f87,61071,181248,4,4,4,0,A0_base,d251c3a774aafa23446fd9fab089089cab77fc194cbb4d7a9b0aed1ce8214d62
case_052,3,B,L1_base,8ed9d9759a7951e99c61fa02f551b4585c91f53ab77c8fa07584d664b91edba8,0e62a64fa6a3c50257984b054d74e62aa1e61ae6b48a0ea8fd3a02ef9c597a3d,61071,181248,4,4,4,0,B0_base,d251c3a774aafa23446fd9fab089089cab77fc194cbb4d7a9b0aed1ce8214d62
case_052,3,C,incumbent_base,8ed9d9759a7951e99c61fa02f551b4585c91f53ab77c8fa07584d664b91edba8,ebc4809c0847243becb3e44a993dfd4349abc7c546cfe18b2f7df5887b06c40f,61071,181248,4,4,4,0,incumbent_base,8ed9d9759a7951e99c61fa02f551b4585c91f53ab77c8fa07584d664b91edba8
case_052,4,A,L1_base,ef5bc8b548340ccc8b0239979daee2ae56067b2cd8f79bbaae84d9c308103b78,720af6dd3e2cdcfa695e2443d433865762e5d3c63b481427926bf6035ec09202,45610,254976,4,4,4,0,A0_base,236ae6d723eb442233108818867bf1cd71f068e4f4a68e43f18e04ac6e7b85fd
case_052,4,B,L1_base,ef5bc8b548340ccc8b0239979daee2ae56067b2cd8f79bbaae84d9c308103b78,b9d7b7e6710ec8fc3ebd58727def2648c85e433dbd750b1c3a32d12841c229cd,45610,254976,4,4,4,0,B0_base,236ae6d723eb442233108818867bf1cd71f068e4f4a68e43f18e04ac6e7b85fd
case_052,4,C,event_timing_tid_2287_miss_3_bytes_41472_front,4875d2220682aaba553cd9d1173f16fc6ed2eb51d1ca2571465641a15d7a4930,aaeb3c9bc5c1cad5bc1e02840734c793d618c339e1999245639642170b858511,45610,254976,5,5,5,0,incumbent_base,ef5bc8b548340ccc8b0239979daee2ae56067b2cd8f79bbaae84d9c308103b78
case_052,5,A,L1_base,e29533353b9af4ff4e99d5c43472ab59902b97e7857fcfbb4d4b16a79c0c9570,586d4717d4f1bb4819f7c8fc7f14dde18ee3e278a40780811d89e304b741f473,37387,328704,4,4,4,0,A0_base,426a7b90be44399201132581af62e08a56ef410df72f38d731093e15e1dd5f3a
case_052,5,B,L1_base,e29533353b9af4ff4e99d5c43472ab59902b97e7857fcfbb4d4b16a79c0c9570,09dbfa16e18437d0eceab6de7430d7ed25f1b193c95349759ef6b399eaccdf91,37387,328704,4,4,4,0,B0_base,426a7b90be44399201132581af62e08a56ef410df72f38d731093e15e1dd5f3a
case_052,5,C,event_timing_tid_2290_miss_2_bytes_27648_front,768e05022c53762f6b739e1a1fb0793197567a7d09b30a9d636484ffcfce48bc,369d980372dbec56b124d13e7a8c7dfe2983259db1f70f26c3568971785f152c,37387,328704,5,5,5,0,incumbent_base,e29533353b9af4ff4e99d5c43472ab59902b97e7857fcfbb4d4b16a79c0c9570
case_073,1,A,A3_base,f53d8217d2b021ec5b9ef783c6432c6a2b2b6048cdd15589af22695c5dce633d,883eb0a4d15bd5477908536204503e0ffd3d19e533d76a833626f70a6b5e58af,9876885,136869376,2,2,2,0,A0_base,100881ab473afdd2ce8319d0b66657708836433823172e17d45689ef1ef58c2d
case_073,1,B,B2_base,f53d8217d2b021ec5b9ef783c6432c6a2b2b6048cdd15589af22695c5dce633d,9d0583b5fcbd1fb2b67ad8fdd79f21251b8bd466e4a8fd2364ef220dc83c15e7,9870212,136743424,2,2,2,0,B0_base,100881ab473afdd2ce8319d0b66657708836433823172e17d45689ef1ef58c2d
case_073,1,C,incumbent_base,f53d8217d2b021ec5b9ef783c6432c6a2b2b6048cdd15589af22695c5dce633d,62bfbc8355b0729653fe159c6b507cc95addb6389e707efcea74bff4cb5b8396,9870212,136743424,3,3,3,0,incumbent_base,f53d8217d2b021ec5b9ef783c6432c6a2b2b6048cdd15589af22695c5dce633d
case_073,2,A,A1_base,2e984b762d81266c11ec4438f298b406e692a1aa1ff139addae495d9364145f7,c6e62372b3d3cc0a75a98a0dbabb2bba3505e719e48309862ead5c29a6e61864,5980423,141121024,4,4,4,0,A0_base,c57580aea520d4bbb42f97b02a5143d3746f9b81d3b3e5b051a0b456b99e6c94
case_073,2,B,B1_base,2e984b762d81266c11ec4438f298b406e692a1aa1ff139addae495d9364145f7,95949fa1b37d7982d06385e5109e5f8eb0f3fa0beaa41a8f881b389097039986,5980423,141121024,4,4,4,0,B0_base,c57580aea520d4bbb42f97b02a5143d3746f9b81d3b3e5b051a0b456b99e6c94
case_073,2,C,incumbent_split_height_g0_p4,4ca9f3ae0345da30c05070596a0e1f900329a7a9308a09acca87a65c9b256bb9,1fe73b6460b90c4b3da0633f61cedae68b4545a4be4bc64eebf3251c1d8ccaaa,5176545,138831104,4,4,4,0,incumbent_base,2e984b762d81266c11ec4438f298b406e692a1aa1ff139addae495d9364145f7
case_073,3,A,A2_base,0740b716a7a46c5ffbedf69bdb836a103084f27f520b72f924bee9cba3073f87,1b780a6423dd7492f18a894af26500afb27aca94849a0b5981e67ae3a604f920,4414910,139323392,4,4,4,0,A0_base,9a6d602da7c38a886ef07f3e4b051a714e8e9ab2eec3b2d58efc3c2755a21cae
case_073,3,B,B1_base,b9417878f23241afed838e8ede1a1a75243f3d546eeb442e6cc2c3dbf639b5dd,1abd97dbcc4ab55b90bc2b61d149a84c040a89cdd7de234394dc8b87231770f0,4515227,140671616,4,4,4,0,B0_base,9a6d602da7c38a886ef07f3e4b051a714e8e9ab2eec3b2d58efc3c2755a21cae
case_073,3,C,incumbent_split_height_g0_p4,339126251af3c9cb5e70d7660d7bf9b44f57a276f40c5b80eb48cf4e1837a09c,871f6e3b2c13fc2c3cb3afad792fcae1599b0c2b9e94ca89dc654af1d537018f,3969025,139309056,4,4,4,0,incumbent_base,b9417878f23241afed838e8ede1a1a75243f3d546eeb442e6cc2c3dbf639b5dd
case_073,4,A,A1_base,8bea029f51048d1842a1cb7aa11e395513d134de8b328b7d9337b177b0c7af4c,a2ea1aa797738d91678bb19febd5585262e47e86d36fac9cd21be61f6fcb21ac,3903787,140222208,4,4,4,0,A0_base,25bf2d66d78fa6fcfe27f859d8595878977d77b5f201c37cb3d0d37096192eb7
case_073,4,B,B1_base,8bea029f51048d1842a1cb7aa11e395513d134de8b328b7d9337b177b0c7af4c,c1975a453a3eefe30ae08ac79306be54995c528759acc15494831353567aa5f5,3903787,140222208,4,4,4,0,B0_base,25bf2d66d78fa6fcfe27f859d8595878977d77b5f201c37cb3d0d37096192eb7
case_073,4,C,incumbent_split_height_g0_p4,a5a16b09843bb494764f0a624f2f7b8da66b312a62238a81d1478dda2cb9d86b,55734e0d96c9b4f8fc6847fae5a2328578e8d001ec805a6ad649d08748b27006,3434743,139257088,4,4,4,0,incumbent_base,8bea029f51048d1842a1cb7aa11e395513d134de8b328b7d9337b177b0c7af4c
case_073,5,A,A1_base,3cf89310989a0237720b32fed38f777d4898ee6afb36cd789a86d6f77f858d64,1f055945edb8603ef4fb6e0882099d988fc1422941f4b50c2d90ccce54d73bf1,3517515,139772800,4,4,4,0,A0_base,9bd31aa4b27413f0737ea95d04b8d3bdd91b729ebb36aff513bfcadf7e1fd8c3
case_073,5,B,B1_base,3cf89310989a0237720b32fed38f777d4898ee6afb36cd789a86d6f77f858d64,a48b689a0aa06c45e55fb51e12ac140e1c94fda50dd3649d9a62ac0d11fd3450,3517515,139772800,4,4,4,0,B0_base,9bd31aa4b27413f0737ea95d04b8d3bdd91b729ebb36aff513bfcadf7e1fd8c3
case_073,5,C,lower_core_base,7f743b950c6fccca1c1346e86c7a4357b9fce6940f88e167d7e640bd62298751,78a2f48ba08ee7f04f414025c9a315cc8fc6542fd0e20750ce6b46990da4714c,3434743,139257088,3,3,3,0,incumbent_base,3cf89310989a0237720b32fed38f777d4898ee6afb36cd789a86d6f77f858d64
case_087,1,A,A0_base,63ab0b24258b66da659e7926849e78ee6353de8548fd2d3602dd94b4f8febdce,12cf473504029cde140ac8c680eb0971393a10382e406b4e9fd3243c61eec56c,3974071,7902720,2,2,2,0,A0_base,63ab0b24258b66da659e7926849e78ee6353de8548fd2d3602dd94b4f8febdce
case_087,1,B,B0_base,63ab0b24258b66da659e7926849e78ee6353de8548fd2d3602dd94b4f8febdce,f41bbc2b893f4f6c9a20072d7beba04c93538e266d4888e9b95b68b9fc9b801f,3974071,7902720,2,2,2,0,B0_base,63ab0b24258b66da659e7926849e78ee6353de8548fd2d3602dd94b4f8febdce
case_087,1,C,incumbent_base,63ab0b24258b66da659e7926849e78ee6353de8548fd2d3602dd94b4f8febdce,b0590c014d8027fe7a869c7f07e6809110e6ebf124ba6868edba4b7d5bb450ed,3969779,7902720,1,1,1,0,incumbent_base,63ab0b24258b66da659e7926849e78ee6353de8548fd2d3602dd94b4f8febdce
case_087,2,A,A1_base,b3068058ccee0ed10cf40d116074a4e8d20f7a61462e6005947da4c972ee0204,82762e5d1396e8b019468e64615e7646aa06db5b06c8fa246f2a0d8e50d6a347,1985234,9999360,3,3,3,0,A0_base,13141fb1fa050265c7d49c444f621c048aa07e53ded06778eedf7cac29b0afcd
case_087,2,B,r1_boundary_n11043_c1_p0,2ac4d6c04bfb03b2f4d20c69d1c065328acc44aca5b9c35d723215965c2f4d51,57c5f5ed504e5e88e080d6f161496d00e20e43da1b816a4130fe63f885be984f,1984436,10008576,3,3,3,0,B0_base,13141fb1fa050265c7d49c444f621c048aa07e53ded06778eedf7cac29b0afcd
case_087,2,C,incumbent_base,2ac4d6c04bfb03b2f4d20c69d1c065328acc44aca5b9c35d723215965c2f4d51,b9fab6b82dcb387c2c599c61fdfd1c5ba164289c95392812c3fd3319ab7b09e7,1982828,10008576,3,3,3,0,incumbent_base,2ac4d6c04bfb03b2f4d20c69d1c065328acc44aca5b9c35d723215965c2f4d51
case_087,3,A,L1_base,907c8a86d7beff66c7e83f305ec4648af2e1633701512004632bc2e1ec6a2e5e,414fc7ed96bea9f1130866788134f0a6bc3ac9619588f0f63cc30b95317dc4ca,1374901,11036160,4,4,4,0,A0_base,86248dc8f4dcb7c2837c828be16fa42f2b5942ac2138c60e082cb40e7dc2534f
case_087,3,B,L1_base,907c8a86d7beff66c7e83f305ec4648af2e1633701512004632bc2e1ec6a2e5e,8e30dc16e2c97ca01f0114a8c5c0a9a4353faf4513fa520607797813c0bec76d,1374901,11036160,4,4,4,0,B0_base,86248dc8f4dcb7c2837c828be16fa42f2b5942ac2138c60e082cb40e7dc2534f
case_087,3,C,event_timing_tid_1000009058_miss_6_bytes_27648_front,b51d4f1b1e6046681df7d5d0f5b958df600319a8b24ff17d260901cce136ddda,c7a35c3b388286a88fc1e1ed5ea132ff4eaa2b7f74a6a1ecca6c9b11c5280b15,1372451,11036160,5,5,5,0,incumbent_base,907c8a86d7beff66c7e83f305ec4648af2e1633701512004632bc2e1ec6a2e5e
case_087,4,A,L1_base,e1961f1102eae0c969a59ff6929662f300125b6318e82334ba6245e6160dd974,1afc98de22c5c83e230c2863d5de463274c057eb7440153f001cb72dc338af4c,1046846,12607488,4,4,4,0,A0_base,941e484056e7ffc552f2cd473ca0d73751cd4f590acbcb71669bd0b1c665d078
case_087,4,B,L1_base,e1961f1102eae0c969a59ff6929662f300125b6318e82334ba6245e6160dd974,189f718c0ede1abd0775cb4e9a223f366423155f468d1a6aba5838f477ba03db,1046846,12607488,4,4,4,0,B0_base,941e484056e7ffc552f2cd473ca0d73751cd4f590acbcb71669bd0b1c665d078
case_087,4,C,incumbent_disperse_tid_1000009350_node_9272_core_2_pos_0,d0e5277670c7f3a2cbc670a85d9665a8d3d1e5ec2aaa3744cdda11b44fc5c66b,32656f19d17466f6b5b6a3db066d4b3c89d2b5dd2b068f4e9c316a5f3b1a569d,1042446,12612096,4,4,4,0,incumbent_base,e1961f1102eae0c969a59ff6929662f300125b6318e82334ba6245e6160dd974
case_087,5,A,L1_base,125b3cdf5c9b055682368d565e2ba2b0f2e31f51c509e28531ff805243ec49e0,09c6e042ee56bb34b130b0726f822037a4eb64e91b2fe2d4fc84ba012c195d67,833349,12487680,3,3,3,0,A0_base,a326b0dcf446e202dae9164111c35cd35cc0c56952a6400d4e920ff7170d5e9a
case_087,5,B,L1_base,125b3cdf5c9b055682368d565e2ba2b0f2e31f51c509e28531ff805243ec49e0,c2e6134d9c82f1eace1b035bd8cb4e89e31eb47259691dc40a08c39efa8ad61d,833349,12487680,4,4,4,0,B0_base,a326b0dcf446e202dae9164111c35cd35cc0c56952a6400d4e920ff7170d5e9a
case_087,5,C,incumbent_split_height_g1_p2,56084504bb69a9bc1171a941d7890941dba129322394b3c056a45ec17980f8b6,65e135d285f20947970a15d4284695887376de0b0548124a8bd8937309eea7fa,829449,12487680,4,4,4,0,incumbent_base,125b3cdf5c9b055682368d565e2ba2b0f2e31f51c509e28531ff805243ec49e0
case_095,1,A,A0_base,245022ea15499887e4f24537c733040b98ffcb6095987eaf889eee305833923d,f16c3bb7a5ca2bfb23bd48bbc8dde07a9c2dc7d8ece5696afe31753dbe3c9a6a,2084853,0,2,2,2,0,A0_base,245022ea15499887e4f24537c733040b98ffcb6095987eaf889eee305833923d
case_095,1,B,L3_base,ab5df2d3f3d0765a7b6dac136a7f4d0f2c7dbcf080a1550ad49445317e60a372,7334cd5f43b073c5f5c2fb58fd747ff2ddc090eef6e0ebd9576b78ec98e84ec6,2070244,49848192,2,2,2,0,B0_base,245022ea15499887e4f24537c733040b98ffcb6095987eaf889eee305833923d
case_095,1,C,r2_merge_g0_1,b5b931dd414ef7d36f6957e7f7f8defec3539bc9d80f737e0b3512d1de256fee,818eb8a6a99e9cd865475fecd03a8ae336241df48a6bd8198ac479cdae5994b7,1161033,16551936,3,3,3,0,incumbent_base,ab5df2d3f3d0765a7b6dac136a7f4d0f2c7dbcf080a1550ad49445317e60a372
case_095,2,A,A1_base,2fb3c4b1e62e60cd39c1c433a085dc333e00d80734fdd6a3faf77b412fe10867,11117707f2faf8a2d34979bccad44221b77a605887d155f1248f4ab4ba1b39fc,1042890,0,3,3,3,0,A0_base,0ea565e2628417c1757f96e2de886fffe571392e4621467b74e4cf5dcf134318
case_095,2,B,B1_base,2fb3c4b1e62e60cd39c1c433a085dc333e00d80734fdd6a3faf77b412fe10867,f2689a1900109b1a827836bdac19a4e46baac173e6a1eaeaa3cfae0067b5b873,1042890,0,3,3,3,0,B0_base,0ea565e2628417c1757f96e2de886fffe571392e4621467b74e4cf5dcf134318
case_095,2,C,incumbent_base,2fb3c4b1e62e60cd39c1c433a085dc333e00d80734fdd6a3faf77b412fe10867,cf2f49c01577e816be0a6a149bfea3d94bd96d9c171f4570190e3eb9a488c15f,1042890,0,2,2,2,0,incumbent_base,2fb3c4b1e62e60cd39c1c433a085dc333e00d80734fdd6a3faf77b412fe10867
case_095,3,A,A1_base,166cab99a6c73bc8ba5f8a0b243bc03f619acbf60ca079dabaae853b1499ddcd,48f0770f407a8a9417f1a1a01e0dc028fa0c35c230b00f5647b02dd4625b56b9,695775,0,3,3,3,0,A0_base,dbfe302d67081aa9191a01999ba72689140668827626df7d471468cecd18e695
case_095,3,B,B1_base,166cab99a6c73bc8ba5f8a0b243bc03f619acbf60ca079dabaae853b1499ddcd,e62866821b4b5fe0ac681f446e21adc4020410185cb9b38d346cbf6ccdcbfbf4,695775,0,3,3,3,0,B0_base,dbfe302d67081aa9191a01999ba72689140668827626df7d471468cecd18e695
case_095,3,C,incumbent_base,166cab99a6c73bc8ba5f8a0b243bc03f619acbf60ca079dabaae853b1499ddcd,8488220a3cd916ca4ab817c7907ea49fc2fc6f6d49d3b0644288cce4e305be70,695775,0,2,2,2,0,incumbent_base,166cab99a6c73bc8ba5f8a0b243bc03f619acbf60ca079dabaae853b1499ddcd
case_095,4,A,A1_base,2b7aed23bbce64b3ea202a1300403c7798a7a4b5530ca9fc0f3248d1716767e6,9bc258bbbd63a4170dddc9dc29e1c06364e861b9f6ad7794b316438e993e9968,524422,0,3,3,3,0,A0_base,920745800fa9a29bb596467dd6db876ab084e3d7deb0cdc0a84e5d3743c4c085
case_095,4,B,B1_base,2b7aed23bbce64b3ea202a1300403c7798a7a4b5530ca9fc0f3248d1716767e6,a9cfb10b3a11de80b69da83402d5a590011f631e9c3db46a7afe71ab74736d87,524422,0,3,3,3,0,B0_base,920745800fa9a29bb596467dd6db876ab084e3d7deb0cdc0a84e5d3743c4c085
case_095,4,C,incumbent_base,2b7aed23bbce64b3ea202a1300403c7798a7a4b5530ca9fc0f3248d1716767e6,bbe3a23533f1122faf81070be558d4e38321b45cabcb391583960cadffad2409,524422,0,2,2,2,0,incumbent_base,2b7aed23bbce64b3ea202a1300403c7798a7a4b5530ca9fc0f3248d1716767e6
case_095,5,A,A1_base,25179a6175ef09d05c628dfcdfc270528766fdad99158b21ddc5573bb6e677fa,82c35f5a13ee152b46414fb1e3d43213eae60b92bb0853bd59db2b2ab9dc3e7d,420852,0,3,3,3,0,A0_base,394a76c03122d42919d3c96a1871f1116faa0827135825f5abf0adfae864b3e7
case_095,5,B,B1_base,25179a6175ef09d05c628dfcdfc270528766fdad99158b21ddc5573bb6e677fa,367b2a05864807cce0b51c0c77c670eef1b7f98c1f0f5004a4b06b01a51504f7,420852,0,3,3,3,0,B0_base,394a76c03122d42919d3c96a1871f1116faa0827135825f5abf0adfae864b3e7
case_095,5,C,incumbent_base,25179a6175ef09d05c628dfcdfc270528766fdad99158b21ddc5573bb6e677fa,856ea2144ca41d2e7eaca8a18e770f507175a4e675a96162c9104975faf60377,420852,0,2,2,2,0,incumbent_base,25179a6175ef09d05c628dfcdfc270528766fdad99158b21ddc5573bb6e677fa
case_035,1,A,A0_base,6a3b6a8e9352203283d45469c90f6c0d75a56f6e841627e3ffdc298590eccd50,b2642f77e822ab4faaa27f93c3afbd6eb7c681136303363de0cc12b54ebbdbb2,169571,0,2,2,2,0,A0_base,6a3b6a8e9352203283d45469c90f6c0d75a56f6e841627e3ffdc298590eccd50
case_035,1,B,L2_base,e1e5be2b347206660ee2d4a5b39b16080e2a44e1dfbe5ec2aed465944baeb7a9,62013e3d34ffec763bf5dc6633e9c8b200b0293d163e79ce546fd3a010cde698,169168,0,2,2,2,0,B0_base,6a3b6a8e9352203283d45469c90f6c0d75a56f6e841627e3ffdc298590eccd50
case_035,1,C,incumbent_split_topo_g1_p4,42b6554ad1bee47c92c430144bcd142381da97415afaab9e3f2b8e3ed31a7338,b51b2434291cd86cf928e389ec874920a6d3b99220bd9d49393127e362d9b6d6,168511,0,3,3,3,0,incumbent_base,e1e5be2b347206660ee2d4a5b39b16080e2a44e1dfbe5ec2aed465944baeb7a9
case_035,2,A,A1_base,36a1f9a3c6a300c04d9ca9d2930e3c347bd3aac5bd72f2abca3a8fa32bd75be5,e01b632701b37d45330cef59110b1211e0f9c8aa4b5a5488ec8098acea1bc91d,95406,0,3,3,3,0,A0_base,c317e035dd222500d94dd80cda1ffb33b4e9879e180069ca38fd78c74644dde9
case_035,2,B,B1_base,36a1f9a3c6a300c04d9ca9d2930e3c347bd3aac5bd72f2abca3a8fa32bd75be5,708ec7159ce4b8af3bda976ca0e3b01ba20c61786850e1f842b11e248f6b57de,95406,0,4,4,4,0,B0_base,c317e035dd222500d94dd80cda1ffb33b4e9879e180069ca38fd78c74644dde9
case_035,2,C,incumbent_base,36a1f9a3c6a300c04d9ca9d2930e3c347bd3aac5bd72f2abca3a8fa32bd75be5,4620067a075edbfb79f045fa4a003358e35c4b09214b782f5759df904dad4a14,95406,0,3,3,3,0,incumbent_base,36a1f9a3c6a300c04d9ca9d2930e3c347bd3aac5bd72f2abca3a8fa32bd75be5
case_035,3,A,A1_base,7734947a2a7adc2d6aa69578f77d7668c2864a2c518162d531f3f8589221f9ac,b467e3ddace3f909f683a68f2bc98321ddf515a41ee482458ee7d8fa0c0f67aa,95406,0,3,3,3,0,A0_base,cfa1157c41823ed4367dbc233b3c0f68599f015c1ad84d68dc7b373bb29b4f95
case_035,3,B,B1_base,7734947a2a7adc2d6aa69578f77d7668c2864a2c518162d531f3f8589221f9ac,28e666425d27dc51f314ddac15c760b1ca830bae3cd0a76b0c1943b49427627d,95406,0,3,3,3,0,B0_base,cfa1157c41823ed4367dbc233b3c0f68599f015c1ad84d68dc7b373bb29b4f95
case_035,3,C,incumbent_base,7734947a2a7adc2d6aa69578f77d7668c2864a2c518162d531f3f8589221f9ac,f9ba752f4e1e4350c6faccb0a091ca16f2302d0c893e1a0c96807c4abfd94d89,95406,0,2,2,2,0,incumbent_base,7734947a2a7adc2d6aa69578f77d7668c2864a2c518162d531f3f8589221f9ac
case_035,4,A,A1_base,bbaee68a44bd154ad43d93398f5487e8408233aa3a047766af3a85a9406c55d6,4eb4bad37e8e382483094bbf991d5ef9be36d0f66897e59b935327165592e468,95406,0,3,3,3,0,A0_base,832e3284dba01ae9a13c5e578d58c22b45264636c34d4d400bb4d16f7b86be49
case_035,4,B,B1_base,bbaee68a44bd154ad43d93398f5487e8408233aa3a047766af3a85a9406c55d6,8fb1eb2c3e56df6ecb9caed5bcd54e65c7918348826b8056790b360b6335057d,95406,0,3,3,3,0,B0_base,832e3284dba01ae9a13c5e578d58c22b45264636c34d4d400bb4d16f7b86be49
case_035,4,C,incumbent_base,bbaee68a44bd154ad43d93398f5487e8408233aa3a047766af3a85a9406c55d6,2cde985b743a321ff1fbaafb84ef1f9660c5ed81a290dfec446692dfa3e3aca7,95406,0,2,2,2,0,incumbent_base,bbaee68a44bd154ad43d93398f5487e8408233aa3a047766af3a85a9406c55d6
case_035,5,A,A1_base,76813429bb84032e043206505219adc5c9af22fbbcd236c2239078f136b35e94,e5f7ef1710f3da05a4a3affa4eb912d9dde6bfa2cbc601b6c142b36e586ab607,95406,0,3,3,3,0,A0_base,b8bd226513d4641e88d739078d206e48360bceb720b15ebf874dac1bac94c2d8
case_035,5,B,B1_base,76813429bb84032e043206505219adc5c9af22fbbcd236c2239078f136b35e94,7599814c44bdb84ece00294c648c4d15ee6803ff01c000f4b76742a2da78b48a,95406,0,3,3,3,0,B0_base,b8bd226513d4641e88d739078d206e48360bceb720b15ebf874dac1bac94c2d8
case_035,5,C,incumbent_base,76813429bb84032e043206505219adc5c9af22fbbcd236c2239078f136b35e94,015a0ccb37a40262a8d06e4235a68fe2f23db1324ef44673d7d115863a8d87f7,95406,0,2,2,2,0,incumbent_base,76813429bb84032e043206505219adc5c9af22fbbcd236c2239078f136b35e94
case_045,1,A,A0_base,816f90d0779e0c3ebac9f25935ebab5434272b6902bef41fda2bb061e27a7432,165b7b64e5c37831698f3a210082a26ca8574c1df44b018f33194a79f95c0c88,125614,0,2,2,2,0,A0_base,816f90d0779e0c3ebac9f25935ebab5434272b6902bef41fda2bb061e27a7432
case_045,1,B,B0_base,816f90d0779e0c3ebac9f25935ebab5434272b6902bef41fda2bb061e27a7432,759fc590fceb724b3aec63560b97eb972b2dba6c691f8391a1269de7d6ed716f,125614,0,2,2,2,0,B0_base,816f90d0779e0c3ebac9f25935ebab5434272b6902bef41fda2bb061e27a7432
case_045,1,C,incumbent_base,816f90d0779e0c3ebac9f25935ebab5434272b6902bef41fda2bb061e27a7432,99a3d1c3a1b94dc282fcd855dbf4e73ff7d77daa2a882d968556d9156136e5c1,125614,0,1,1,1,0,incumbent_base,816f90d0779e0c3ebac9f25935ebab5434272b6902bef41fda2bb061e27a7432
case_045,2,A,A1_base,acc6319873b2b5a0521e7d29f5d26127ed7fd4492f86c0a324ceecb0e2b89191,5a2cfa5da4e5d7490a5b5759f90b045647d3371d0b10d762c64fd374123e1432,63059,0,3,3,3,0,A0_base,e79a743f33fbc3897fe61799c832c20eff01a35dca0453f07a18dda90e7a43f0
case_045,2,B,B1_base,acc6319873b2b5a0521e7d29f5d26127ed7fd4492f86c0a324ceecb0e2b89191,9c56f0106607614f09bd9a8ffc0fa5e49f6ea1b3db99d1ae987868deed160494,63059,0,3,3,3,0,B0_base,e79a743f33fbc3897fe61799c832c20eff01a35dca0453f07a18dda90e7a43f0
case_045,2,C,incumbent_disperse_tid_1000000050_node_49_core_1_pos_0,1919d5c47ec8ea1caaef27c7cddc25afe580b44c95c69e4215bab978056fa1bf,78424aa008c50a344d55dde328a8b844f1db5cc83ff780049a4ee558a244dafb,63052,12288,3,3,3,0,incumbent_base,acc6319873b2b5a0521e7d29f5d26127ed7fd4492f86c0a324ceecb0e2b89191
case_045,3,A,A1_base,6248d0ba6ee39b3a271e1a130cf71a7d8973585df8f98913d661f4a0f6b644c4,7f97bd131460e40f77b6919be24ad99cf4c7d30b6f947ae1d5a75e119245f6ad,42601,0,4,4,4,0,A0_base,957500d1e2105da17a03b7e44fbc88c0dfeec7aa3b8bf4683813a513353bb4cc
case_045,3,B,B1_base,6248d0ba6ee39b3a271e1a130cf71a7d8973585df8f98913d661f4a0f6b644c4,25bbc7e8b83883586f72b43460820b1af6a711aa5ff9cd74c6f6bc0ea141a474,42601,0,4,4,4,0,B0_base,957500d1e2105da17a03b7e44fbc88c0dfeec7aa3b8bf4683813a513353bb4cc
case_045,3,C,incumbent_base,6248d0ba6ee39b3a271e1a130cf71a7d8973585df8f98913d661f4a0f6b644c4,70ee039da90aa85c5c9628d929e3e52ca0fad9b6017639a754328108080c1835,42601,0,3,3,3,0,incumbent_base,6248d0ba6ee39b3a271e1a130cf71a7d8973585df8f98913d661f4a0f6b644c4
case_045,4,A,A1_base,d71488bbd422a890d178641c2717980679f929b0e048a61f1ed20d16a2c3300c,2dcc496616eb7f25da86a081ca716cca41de622c4ebbb52fd1a698678de41479,31878,0,4,4,4,0,A0_base,dd776653000e5571693829db4f165c5ed396c04848b6dd497e82c19be99158ff
case_045,4,B,B1_base,d71488bbd422a890d178641c2717980679f929b0e048a61f1ed20d16a2c3300c,008c2861815bc8abbe80b441f6fb3d5d1b0a703d52835c50be125b867cf86588,31878,0,4,4,4,0,B0_base,dd776653000e5571693829db4f165c5ed396c04848b6dd497e82c19be99158ff
case_045,4,C,incumbent_base,d71488bbd422a890d178641c2717980679f929b0e048a61f1ed20d16a2c3300c,d56d2dc0bc70f099c947dd111f927fe2e5d25e207ecdd3f61564c6969178edb0,31878,0,3,3,3,0,incumbent_base,d71488bbd422a890d178641c2717980679f929b0e048a61f1ed20d16a2c3300c
case_045,5,A,A1_base,8892054d205d54186ccd74db2aa52d2fa58141db30c4bc3e2246e9443c1349f0,fc75604cec3e1e1ffe38f1042211a9fb136365ac3f246723f3a35ab48aa8b424,26164,0,4,4,4,0,A0_base,c3bc7b08bb5a6c60aadbec6508150ede658f03b0828fccc8b1dc2d0aec568b65
case_045,5,B,B1_base,8892054d205d54186ccd74db2aa52d2fa58141db30c4bc3e2246e9443c1349f0,f3e9f8299bbf6b07756c8b1ed6dedf7c9e69d90a9e485730f6c0224b14baae59,26164,0,4,4,4,0,B0_base,c3bc7b08bb5a6c60aadbec6508150ede658f03b0828fccc8b1dc2d0aec568b65
case_045,5,C,incumbent_base,8892054d205d54186ccd74db2aa52d2fa58141db30c4bc3e2246e9443c1349f0,68dbcb6f804b4f0be0ae6da041f9d8ce5d787d34379a849ce0675488b23960bf,26164,0,3,3,3,0,incumbent_base,8892054d205d54186ccd74db2aa52d2fa58141db30c4bc3e2246e9443c1349f0
case_066,1,A,A0_base,dd7381108e3f2ee3eb10c38889c5263501593f2933c63e397d51be5ad16c52cf,89d5950e9250c2c8539683c881039dda3a62cd58488fd8d27bd7ca42171fe4fe,359070,0,2,2,2,0,A0_base,dd7381108e3f2ee3eb10c38889c5263501593f2933c63e397d51be5ad16c52cf
case_066,1,B,B2_base,bbabb1f9d21ade307f25f5274452f9561ea8b62aa470e3a1b22378df5286da1d,a2458ae35a3a09e98dcc77d50754ba7095853b15f4d8fddf0a790ecab0aedf87,357763,0,2,2,2,0,B0_base,dd7381108e3f2ee3eb10c38889c5263501593f2933c63e397d51be5ad16c52cf
case_066,1,C,incumbent_split_topo_g2_p4,f14b1801e8062a46ff28e9af17cd8b271887782254b932d384672454eb363d27,86f16f2c890cf3c7bcdff2b0556828c01249961234201083c8b66ba7fa81bf02,356326,0,3,3,3,0,incumbent_base,bbabb1f9d21ade307f25f5274452f9561ea8b62aa470e3a1b22378df5286da1d
case_066,2,A,A1_base,c3c4f47328320fcac89f9a629edb25a18ae2fa65e9c06e1d9979c0110d9eed1e,9cc962ea4f903847309084ef3eb8f07dbdbebaf0dd0339bdf6a90c61c0015d9a,248146,0,3,3,3,0,A0_base,eede8f0d255294468ba88c3ca13a40543dce406b7c4d057f8edef7399a57f835
case_066,2,B,B1_base,c3c4f47328320fcac89f9a629edb25a18ae2fa65e9c06e1d9979c0110d9eed1e,d69b2378586e439e17bd91cd7494b4092a86a0b2e0219163ad84689c5c68f33a,248146,0,4,4,4,0,B0_base,eede8f0d255294468ba88c3ca13a40543dce406b7c4d057f8edef7399a57f835
case_066,2,C,incumbent_split_height_g1_p4,45f76d866ba73d62684abcfa969d447eff451f6e4b192e6dc3e6918c5355d4e0,997b7274b30e6f63deafd5396c81b8a017ed19a3d2e6b324563d8682555693b0,247485,0,4,4,4,0,incumbent_base,c3c4f47328320fcac89f9a629edb25a18ae2fa65e9c06e1d9979c0110d9eed1e
case_066,3,A,A1_base,f3efbfa83e6eab96fbd124f37f62cf1916e59aafc67ec9dc87052c0b6cba58dc,9695818cc4b61dbd0e1848f0cb536f22b40e5f8b15cd13db0c2eff7e11750335,248146,0,3,3,3,0,A0_base,ed2c3e77305020de95cc2bf41e27883b6a9ac5a0ddc7ff3d39b0a884f98357ae
case_066,3,B,B1_base,f3efbfa83e6eab96fbd124f37f62cf1916e59aafc67ec9dc87052c0b6cba58dc,7c362f2e2f9814b5c016d2378cfc61a114aae9a2f8f0a75aa02a519103ff9651,248146,0,3,3,3,0,B0_base,ed2c3e77305020de95cc2bf41e27883b6a9ac5a0ddc7ff3d39b0a884f98357ae
case_066,3,C,incumbent_split_height_g1_p4,76707acb492fca233f0087f685006c70fe01cb8197b8d2c3d39cb042abda704a,6af2b7f0dece151409aa8c6bf4ab0dae78503d3ff38339a719ca58df421dedc6,247485,0,3,3,3,0,incumbent_base,f3efbfa83e6eab96fbd124f37f62cf1916e59aafc67ec9dc87052c0b6cba58dc
case_066,4,A,A1_base,2aa69da5a142d00bf227001385fa4dde8f6ccf2303ef9823261faabcf25ed46e,e5f4d3adbc02d1faf2892d78a2fe76bbb3b652020f75f5a10d57fda177bff54d,248146,0,3,3,3,0,A0_base,8ae6a4825cd3d342ab7a9b36834578fd4747f8e16f7230f38a0d46e472a1f086
case_066,4,B,B1_base,2aa69da5a142d00bf227001385fa4dde8f6ccf2303ef9823261faabcf25ed46e,ceabfd94326084557f5dc996cd7364ae478e852530178d61d1b572be05c1b13d,248146,0,3,3,3,0,B0_base,8ae6a4825cd3d342ab7a9b36834578fd4747f8e16f7230f38a0d46e472a1f086
case_066,4,C,incumbent_split_height_g1_p4,0229558c929e557b00efee4ce56f573720ee8f1fb7efcf1251fadc0c430700db,652c9adeaf38642a5ab6f9bb436010857ae5bab10c5c9378af309ec496f67c39,247485,0,3,3,3,0,incumbent_base,2aa69da5a142d00bf227001385fa4dde8f6ccf2303ef9823261faabcf25ed46e
case_066,5,A,A1_base,d1b45e69db6875c8c0c97bef99f6ea077df2392e3187b85bc82704f055fd9f78,0a56a3d2e0661db252e94b2696e63c6c4bacd5e2b71a0fa8a31a658d512f49fd,248146,0,3,3,3,0,A0_base,f85e59af8b1a1ace046883dbfa57322547706da660c2c2734a0ba04fa329873c
case_066,5,B,B3_base,2813654ea8ac0a1dad3d78780dd9806357bda8c876f43c07e0c11646f988551f,952dc5c0845b2466ad06c38ed809b31fe21987a45603c1e24477fa6a46e1f264,237259,3464460,3,3,3,0,B0_base,f85e59af8b1a1ace046883dbfa57322547706da660c2c2734a0ba04fa329873c
case_066,5,C,incumbent_base,2813654ea8ac0a1dad3d78780dd9806357bda8c876f43c07e0c11646f988551f,8cebb4fb862639ca51f6a67c0bc5cb67f4c0b3b11facde7ae20a119750156b97,237121,3464460,4,4,4,0,incumbent_base,2813654ea8ac0a1dad3d78780dd9806357bda8c876f43c07e0c11646f988551f
case_071,1,A,A0_base,0bb6856ec887b768f441d834d34df78e6b9630a7775746bc926014951c23b9a7,71e6a1622b3b02af815b5e82be02a7757c45a4e415d683b1d012260cae4c8332,18919,0,2,2,2,0,A0_base,0bb6856ec887b768f441d834d34df78e6b9630a7775746bc926014951c23b9a7
case_071,1,B,B2_base,60e825bfe32c4fd4375bb9ed31728e8e665db404267a7e14099af1c401298957,afd4ce62ab10c855baa21ee5b92b657f6933f506df3fb93df273207beccd4a1f,17557,0,2,2,2,0,B0_base,0bb6856ec887b768f441d834d34df78e6b9630a7775746bc926014951c23b9a7
case_071,1,C,incumbent_split_height_g3_p4,b659243d8a4adc5c10852d456bdcb55d2584c1f65feff4af150a10814e50acf1,6a1100e0ed9ac392e5733f324c5c37e73104ec876c03d2244dbacee35f45b29a,17401,0,3,3,3,0,incumbent_base,60e825bfe32c4fd4375bb9ed31728e8e665db404267a7e14099af1c401298957
case_071,2,A,A0_base,0a6a11a6d366b000082a82f077026541b4788120050479c12d99bbd6db431861,1ff3a10193178831b0bd1b35351a9ab57678e4a8d0871759790c5d4faf177dc7,18919,0,2,2,2,0,A0_base,0a6a11a6d366b000082a82f077026541b4788120050479c12d99bbd6db431861
case_071,2,B,incumbent_base,b0966989ef8100cb1440456e09868dd50713d35fbbaece5a5ab6500fd406818f,84de9f420b92e5d7a843b119dc575966183a895abdf23ebb9b964dc23505725f,17557,0,3,3,3,0,B0_base,0a6a11a6d366b000082a82f077026541b4788120050479c12d99bbd6db431861
case_071,2,C,incumbent_split_height_g3_p4,67d901359c70514fbac08cf5ecbff20519439d5f79a18c2da45b39f45f64baa1,281dcd877be67d13a923e6997176e33896deabcd37bb789d92ea9bd290325919,17401,0,3,3,3,0,incumbent_base,b0966989ef8100cb1440456e09868dd50713d35fbbaece5a5ab6500fd406818f
case_071,3,A,A0_base,82bfeac35737c37f651e688bd06705569f4838b7be93cd24ca068fa5a26331ad,821b276439736c85817ab32fe817ed5694291b9c663c1b7c8580035c3c6a44b3,18919,0,2,2,2,0,A0_base,82bfeac35737c37f651e688bd06705569f4838b7be93cd24ca068fa5a26331ad
case_071,3,B,incumbent_base,ea9d2e9994b51202ae7b3353a360b404c41b359ebdda68460409862711b1c6f4,bc7bab6afb320ecaf0fbabab2ce3aaf6e23f3d2965caf6a08fca783d4eca781c,17557,0,3,3,3,0,B0_base,82bfeac35737c37f651e688bd06705569f4838b7be93cd24ca068fa5a26331ad
case_071,3,C,incumbent_split_height_g3_p4,3b93a7e58f6a6ab9c4178b1328c32599f9958042d37dc3f63d85c31ca065947c,6b587e22d0f4f37dba9ea18d4fc0d395620d8158cf88c14b22bbcae58ec25975,17401,0,3,3,3,0,incumbent_base,ea9d2e9994b51202ae7b3353a360b404c41b359ebdda68460409862711b1c6f4
case_071,4,A,A0_base,303cba3505067c314b3cd82ef6a1dbcd5781ee4d3c852a519c1512021ef59745,af907f08d8244841a6a0c68bc598b2b4ff7abde3cb64ed5a82ec18cfc756030f,18919,0,2,2,2,0,A0_base,303cba3505067c314b3cd82ef6a1dbcd5781ee4d3c852a519c1512021ef59745
case_071,4,B,incumbent_base,fd343744a6416e5838fefc1f7e174906852256e7c50c6c5036e6bd7ee39afebd,17b9500fcc1e64e3fe51c9a26e9d92ad890cd9e4804e6e909eaf0ab25a47d04f,17557,0,3,3,3,0,B0_base,303cba3505067c314b3cd82ef6a1dbcd5781ee4d3c852a519c1512021ef59745
case_071,4,C,incumbent_split_height_g3_p4,29a4cd4b8f95d88f67ead1ca5224dd1e0aff2b1df5665d819f6de2fa5356ab61,607957d2b6fa4043d145f73e6505f3ef815923b6babbac20ada5e0fcde602a85,17401,0,3,3,3,0,incumbent_base,fd343744a6416e5838fefc1f7e174906852256e7c50c6c5036e6bd7ee39afebd
case_071,5,A,A0_base,2edeb827d2976154ee6bd24660b9b5e172fb39869fd044aff760cddb5fa5322d,f4355ccc3f125895982d1cb8d9d7db4fbd4b699d6f43c03358b0afeec7e3c4e8,18919,0,2,2,2,0,A0_base,2edeb827d2976154ee6bd24660b9b5e172fb39869fd044aff760cddb5fa5322d
case_071,5,B,incumbent_base,e77c6a9f1eee518769de564cd06c4408768a83e33c158b78089cf1d8a8809fb8,25a7c4f9af99b9dec21cbe9d458d7f3f2b34aa16072206bed0b248c030a7c1cd,17557,0,3,3,3,0,B0_base,2edeb827d2976154ee6bd24660b9b5e172fb39869fd044aff760cddb5fa5322d
case_071,5,C,incumbent_split_height_g3_p4,f16f9aeae6645e1f246a79f3c6192b51a2e0aaedfb290a6e192681e8367ce2d9,f42bc47174aa62519a400181df87c539abff2d8c6d83ae497115002ae63cafe6,17401,0,3,3,3,0,incumbent_base,e77c6a9f1eee518769de564cd06c4408768a83e33c158b78089cf1d8a8809fb8
case_078,1,A,L3_base,f0af122a623a9c57cf26e96c097ff80b149fc817bf8396c403a66cd339c5a515,7aae0fea0d9b9d77897499257652da7bd7cf3bc408d291f719ef1be04c83a6cf,2249980,9199104,2,2,2,0,A0_base,c421ea96a08fb13dbfd15bd12ea3ef49f49cbdc02856cc4c6032b9e4b9c67d0e
case_078,1,B,B2_base,1b3f525d03df4a6a2ecc5d7bdd68e3e90f314f2941848536cf5f162e74bd257e,fdeb6ac0c503b947f5a9cce59daae61270b1a23697a37fef6c4f950690c6b2cd,2232856,8879232,2,2,2,0,B0_base,c421ea96a08fb13dbfd15bd12ea3ef49f49cbdc02856cc4c6032b9e4b9c67d0e
case_078,1,C,incumbent_split_height_g1_p4,e8d221aa49592af0962b1c557ed60d3f7813b20fdb6dea247f472bfc044303d5,657c99fa6dd18b6a38a2a078a0b7fe60dbfa31689283a6ac6d30ba41a7b656fe,2142955,4056192,3,3,3,0,incumbent_base,1b3f525d03df4a6a2ecc5d7bdd68e3e90f314f2941848536cf5f162e74bd257e
case_078,2,A,A2_base,1331a08b8750d320c50c0118f920056467c3c77129c227fa265b2bd03bc35981,c54b4d87b0ee1a2ef19c029c4707e6e8a25054c83554f395d172478340eeb402,1177840,13146912,4,4,4,0,A0_base,1908629b68e85ec3001fc38324b054a035c361e36e7c6a721cce84528263a73e
case_078,2,B,B1_base,c07715b9c40eb5719c98c2554f7e1b2082c358c750abaa83d39852719b53afcc,0865cab85c0b855825e2ca31fa83fd67036e70c8827a89531b99dbbf85e09f2c,1260358,12535344,4,4,4,0,B0_base,1908629b68e85ec3001fc38324b054a035c361e36e7c6a721cce84528263a73e
case_078,2,C,incumbent_split_height_g0_p4,50463e5ba01bd21554a7c8f6d5a9602d1dbe26e5eac067698f851cee2f79a526,08d50d1fd20c85d567d982170c997b555d525f0728add285ff81bfe537c9927e,1149984,11180376,4,4,4,0,incumbent_base,c07715b9c40eb5719c98c2554f7e1b2082c358c750abaa83d39852719b53afcc
case_078,3,A,A1_base,455e2e3b1648b6343dbd5adb4b547bf1779fe9cc25672d023d30b01ff69fe3f5,f76d0c4bce24e0355faec40070b1e8e787f29ab9578107dba636b474676e74d1,993959,12673800,4,4,4,0,A0_base,b21b86fd23982adfd05ac70493fbe539250da460c9b03686a4f8f32a6148dbd2
case_078,3,B,B1_base,455e2e3b1648b6343dbd5adb4b547bf1779fe9cc25672d023d30b01ff69fe3f5,3a285f80b9922c3e5a2dca303770cd681087a96a3f79ba50097e21870f9bd3a3,993959,12673800,4,4,4,0,B0_base,b21b86fd23982adfd05ac70493fbe539250da460c9b03686a4f8f32a6148dbd2
case_078,3,C,incumbent_split_height_g0_p4,6048927993cb50b4d3046c0f015a643d8704e050d118245d4bd06d864c5d5bfc,4a0022f953a47742081b7d997338c2a61c3ec3da234f41c8c7e567b0ffea8a46,882747,11678520,4,4,4,0,incumbent_base,455e2e3b1648b6343dbd5adb4b547bf1779fe9cc25672d023d30b01ff69fe3f5
case_078,4,A,A2_base,52676639f897e89e6ba2667241ef94de592866fc1ebe694ab125f1c50452a4d6,dbb1b96d90b7042452824631e0fb6ac9aabb8b2fbd237686c77fb1d2ecd0e362,619540,15039360,4,4,4,0,A0_base,338c9ec99d2f231a763d64ef10536a75228ffa880e780a6d6043160d744004e0
case_078,4,B,B1_base,1abe5ba56d8f5836235039ea402223ef1d43f1c94ad9d7d76eba8fea90beccd9,81d7d34d43fc2e05cfffa0994c93f447db311d4f299974e91dba2c8e55d9aaaa,690924,13146912,4,4,4,0,B0_base,338c9ec99d2f231a763d64ef10536a75228ffa880e780a6d6043160d744004e0
case_078,4,C,incumbent_split_height_g0_p4,6a76ba843ec874da666dad2994ee4a27f87a520bd44cd6980f68886221dbf361,ed4df495dda0a7f984d3cdf40885abbc640238c49c3aa902a60b26e04b76452d,642020,12673464,4,4,4,0,incumbent_base,1abe5ba56d8f5836235039ea402223ef1d43f1c94ad9d7d76eba8fea90beccd9
case_078,5,A,incumbent_base,112bcbae5c45564927571a40ffa8c0c2209b6b20496117e74a4aeea02d2f418d,de5f1ebf12708ee6fc9b718804a15fb84e7235fa17bd11662b520efb8f98965a,619540,15039360,4,4,4,0,A0_base,8b2cf7e3884cd5ac4e78f2cac94f1698f9e73e0bd32ac374fe87b1c3ab3afe4b
case_078,5,B,B1_base,8b7ee114e03f8817e19da4e7a5b216035aa10ffb7177a29fad4a589af125da23,0e676452e4408ffe54c7771b690588158d56411d4ee887531f5265014472bd70,663941,13620024,4,4,4,0,B0_base,8b2cf7e3884cd5ac4e78f2cac94f1698f9e73e0bd32ac374fe87b1c3ab3afe4b
case_078,5,C,incumbent_base,8b7ee114e03f8817e19da4e7a5b216035aa10ffb7177a29fad4a589af125da23,ba08911427db3f853d2f162de60db931263b83933e21c998024219092f6ab4fe,578013,13620024,3,3,3,0,incumbent_base,8b7ee114e03f8817e19da4e7a5b216035aa10ffb7177a29fad4a589af125da23
case_085,1,A,A0_base,8884046da863df8fbda6891818008b49910f5269413999e4ac9f47a26aa2ea03,756cf9051d0bb83a27eac5392474ce4e8491dcd7cdd1f3907a1b682819eff0da,3187899,0,2,2,2,0,A0_base,8884046da863df8fbda6891818008b49910f5269413999e4ac9f47a26aa2ea03
case_085,1,B,L2_base,12d18731fa3b53b0acb76df2799b1f79c8107f7b06c5925215a099b0139c4da1,ca8a4231973b5a80d0119f3631e20d9a7afc9f3e286e297d85ad3c090764459b,3177963,355712,2,2,2,0,B0_base,8884046da863df8fbda6891818008b49910f5269413999e4ac9f47a26aa2ea03
case_085,1,C,incumbent_split_topo_g0_p4,5d1bba38df8c2e2bf1516b985eb4a24a33108f36a766d60d63bc51072d5554c5,cc22ceefa434d8d7280eedc998c87797a23ef9bf06e1e1fa78297971280916bb,3173461,355712,3,3,3,0,incumbent_base,12d18731fa3b53b0acb76df2799b1f79c8107f7b06c5925215a099b0139c4da1
case_085,2,A,A0_base,db10da6ca7e34e1234dabd80c96ae6f15168984dd429a63129b9e65fd0615922,db2e43d776d6cf7f1c0a8dff3a95dbba65e8e293bee818f5007b6b09215ce645,3187899,0,2,2,2,0,A0_base,db10da6ca7e34e1234dabd80c96ae6f15168984dd429a63129b9e65fd0615922
case_085,2,B,B3_base,796ddd46244b0419ed772b3675b3dd377a034f53e65de78a7ed5b3a7fd4eea9c,7e3ebbb49d76888c5c7358a24917824a266f1677216decaa3b584bfe9359be8c,3168404,6815178,3,3,3,0,B0_base,db10da6ca7e34e1234dabd80c96ae6f15168984dd429a63129b9e65fd0615922
case_085,2,C,incumbent_split_topo_g13_p4,9d8b2abadc556d4dd56a5f467e4d1938166e4923321f4362a45271a88af9b768,7d6424078f1d9ef776dd0061dec3ff3376a640ce356fdb858ac61162ca85b0fe,3157230,6815178,4,4,4,0,incumbent_base,796ddd46244b0419ed772b3675b3dd377a034f53e65de78a7ed5b3a7fd4eea9c
case_085,3,A,A0_base,1b556dfef7626e9eedf2d054120fec712410760a72204096f16ba3de0052edb0,2719f18fdba4abb89b5f66700b0cfdf4f7d8412f23c42e2cb22d92abc5f2e9b6,3187899,0,2,2,2,0,A0_base,1b556dfef7626e9eedf2d054120fec712410760a72204096f16ba3de0052edb0
case_085,3,B,L2_base,789ce614e85c4938e72b1f4a940e375b5e4b6041a67d5833f20636177237fdfa,f9b931f1fc53d232bdc757fcf7acb09db1fe73a3bbc6e974926b13002a6a8761,3130505,2382092,3,3,3,0,B0_base,1b556dfef7626e9eedf2d054120fec712410760a72204096f16ba3de0052edb0
case_085,3,C,r1_boundary_n6703_c2_p0,0a2933d6c2100b7be68b4c905d81dcabd24714c2f315dc7bb710433cfa17db58,c370150e72a01e4f73da574e92da6285e1772b71a1d5af6a3e34dd0a31e35f45,3112095,2381964,4,4,4,0,incumbent_base,789ce614e85c4938e72b1f4a940e375b5e4b6041a67d5833f20636177237fdfa
case_085,4,A,A0_base,b8ab162c4424146c16844624a9583b268012d881d586576e7e264f23db2e8192,ea6192a3adae8d4512d0b3296a9cddc4ba176970b03c0792101ae50a0ffb4475,3187899,0,2,2,2,0,A0_base,b8ab162c4424146c16844624a9583b268012d881d586576e7e264f23db2e8192
case_085,4,B,B3_base,3634f200971f830241592a22d2e2eee6f76011ea2a9c33465da4ab7c2b44a35c,a5aae70a8119affbcc6694a633ea7d48a57e2d53d6daaaf53331b21ca01cdf61,2987335,11728024,3,3,3,0,B0_base,b8ab162c4424146c16844624a9583b268012d881d586576e7e264f23db2e8192
case_085,4,C,incumbent_base,3634f200971f830241592a22d2e2eee6f76011ea2a9c33465da4ab7c2b44a35c,b49b6c9a9a247658c1aeea24507e801d7aaf451c179e6419b89d299c7c3d7611,2986917,11728024,3,3,3,0,incumbent_base,3634f200971f830241592a22d2e2eee6f76011ea2a9c33465da4ab7c2b44a35c
case_085,5,A,A0_base,2814c06affbd66a194807173326d20ca7d93ca1db73f5ac459e206508da3d05b,fa70f688ae2dc958e91ecbc8b9f806d8c20f4bad0afdf80130a2732c63b1313a,3187899,0,2,2,2,0,A0_base,2814c06affbd66a194807173326d20ca7d93ca1db73f5ac459e206508da3d05b
case_085,5,B,B3_base,7fd86c0e14356e7dc52b86addcf3b908d4df272aabf5ee2e729770a3fef46a35,84676d08c959530fa4abcf1d95fac8de8794e0953db43364144e05a28ffb3e3d,2791092,13660374,3,3,3,0,B0_base,2814c06affbd66a194807173326d20ca7d93ca1db73f5ac459e206508da3d05b
case_085,5,C,incumbent_base,e97dcf41a8b30a59c74e34a43e4adbae633211f58815b5f76566a8c1c25c6177,24696c4d2c637a538680c923b91edb0fa51d6c04e50b3f28bddd8610ceae3645,3157239,2118072,3,3,3,0,incumbent_base,e97dcf41a8b30a59c74e34a43e4adbae633211f58815b5f76566a8c1c25c6177
case_097,1,A,A0_base,9e72258da64b8f13e0cd28dbf907b30806296ad1503f201dac9f31b973f98b78,38ba96079e72189a114e004c77f8be108d809c73008cf3ae1cc46ba638189591,11491509,10584064,2,2,2,0,A0_base,9e72258da64b8f13e0cd28dbf907b30806296ad1503f201dac9f31b973f98b78
case_097,1,B,B0_base,9e72258da64b8f13e0cd28dbf907b30806296ad1503f201dac9f31b973f98b78,34a0a758b13b169c6960a10021485421b034079fc589b958701e073dda5414c0,11491509,10584064,2,2,2,0,B0_base,9e72258da64b8f13e0cd28dbf907b30806296ad1503f201dac9f31b973f98b78
case_097,1,C,incumbent_base,9e72258da64b8f13e0cd28dbf907b30806296ad1503f201dac9f31b973f98b78,68c1af91c481b4369c009ce57fadfbdf6116881ceef9ecfa12575c9201448571,11491509,10584064,1,1,1,0,incumbent_base,9e72258da64b8f13e0cd28dbf907b30806296ad1503f201dac9f31b973f98b78
case_097,2,A,A1_base,9f37851ae8cf3967e58f58e1d341f3848b82b74e12e556634925ddfa8d7d4957,6745c3b183cae895fc2326da5010a46725ced0aa4c2acfd81a9eabf0773851e9,5617602,11796480,3,3,3,0,A0_base,53ff9d8201e2a5843160614d60223dfddc82e048a42b438ab08831579c5a48df
case_097,2,B,B1_base,9f37851ae8cf3967e58f58e1d341f3848b82b74e12e556634925ddfa8d7d4957,434f39d0d05709426aba5359a3384e2a2d9cc2b898fdd1c3da3380393b23ec63,5617602,11796480,3,3,3,0,B0_base,53ff9d8201e2a5843160614d60223dfddc82e048a42b438ab08831579c5a48df
case_097,2,C,incumbent_base,9f37851ae8cf3967e58f58e1d341f3848b82b74e12e556634925ddfa8d7d4957,05c3eed8e85ed915b5b5c6ccd3ec4709cce98262fbabe9c48ec1e5f449a8e2be,5617602,11796480,2,2,2,0,incumbent_base,9f37851ae8cf3967e58f58e1d341f3848b82b74e12e556634925ddfa8d7d4957
case_097,3,A,A1_base,7abd70f96c02a5c21c2374c20cb4dbbc48f7f13eea522a598602b21a87dd3b39,4a02b6e6b4365cb91402953c71ab423e58a361098233e26cddf8052ea2093310,3660459,16031744,3,3,3,0,A0_base,462a560765e98925b70519d6068a7d6654ac94dc4cfa8ea40120b0298e4f0fce
case_097,3,B,B1_base,7abd70f96c02a5c21c2374c20cb4dbbc48f7f13eea522a598602b21a87dd3b39,595710f0089da770032ebc0f6de1c4dfab0cc92ce26c4b1262220d10018b74e0,3660459,16031744,3,3,3,0,B0_base,462a560765e98925b70519d6068a7d6654ac94dc4cfa8ea40120b0298e4f0fce
case_097,3,C,r2_boundary_n833_c2_p0,bf943c9940ab48a6e46809e6d88f95b6c2da40133e6531344ca2e36449d10fc2,239689221c52d534c44fe81f3668c2860a255144c75adc45b3c0ee6f287119fa,3622881,16379904,3,3,3,0,incumbent_base,7abd70f96c02a5c21c2374c20cb4dbbc48f7f13eea522a598602b21a87dd3b39
case_097,4,A,A1_base,484b413db660d1ef892e1780254a851c4f25865e03b496cd1d36ab5057e50245,fba80dd56eacbdbf6bc6491f3bfcbd527e89553a06212c37c47da47e44cbe181,2626908,14221312,3,3,3,0,A0_base,4cc63c2f306c969d0203bb2844fbbd58e96deae1b4c8f131a5554e348eb46a51
case_097,4,B,B1_base,484b413db660d1ef892e1780254a851c4f25865e03b496cd1d36ab5057e50245,030bb5c3483472e86012cde553fb8c337dccd422b8943af9906cb2c5322984ca,2626908,14221312,3,3,3,0,B0_base,4cc63c2f306c969d0203bb2844fbbd58e96deae1b4c8f131a5554e348eb46a51
case_097,4,C,incumbent_base,484b413db660d1ef892e1780254a851c4f25865e03b496cd1d36ab5057e50245,6daf27823eb5643c3565f5be5c2059c7584b9b04ee3e7d9f7935d2c09ef7fe17,2626908,14221312,2,2,2,0,incumbent_base,484b413db660d1ef892e1780254a851c4f25865e03b496cd1d36ab5057e50245
case_097,5,A,A1_base,e8b803445d3f8f1f5c17377c4ffefca614efdfe904169779c4ce9dc6536b913e,fe67b430f3b11a381f918661f40a7c8024b62954ae953366c81fce077c574a98,2102348,21311488,3,3,3,0,A0_base,17f92b0d0cadc5d0d629f64889475a4087742039d26d0dea7006ead9ede741f7
case_097,5,B,B1_base,e8b803445d3f8f1f5c17377c4ffefca614efdfe904169779c4ce9dc6536b913e,4ffa0547a7c8e88db28f20bd09152e64602ccad4d3134a2a27235c1306975b74,2102348,21311488,3,3,3,0,B0_base,17f92b0d0cadc5d0d629f64889475a4087742039d26d0dea7006ead9ede741f7
case_097,5,C,incumbent_base,e8b803445d3f8f1f5c17377c4ffefca614efdfe904169779c4ce9dc6536b913e,230691c93bb0dac9fe96223da80e489cee02043d0e38745267df8e544fab761d,2102250,21311488,2,2,2,0,incumbent_base,e8b803445d3f8f1f5c17377c4ffefca614efdfe904169779c4ce9dc6536b913e
case_006,1,A,L3_base,aeafe53d9abc22cf9a89b11600b239e5bc0e68b105d0d83dae9a9dbbbfab129d,9d955c122851b05e67db9f996cfbf3b29f17d20845f52ef234289698b272687f,80821,1229146,2,2,2,0,A0_base,d40408d706a30c9406558f5770a0c11a0fe555b6ef3a1bbaaefa0c8d55f32914
case_006,1,B,B3_base,a3c6cdc7fe8ea279c067752375b79441357ec74830056a2a5a04b58e09ea2b63,be53a858991b26cc75685d84d68e743d1288e788fcbddfad4d9144ca85a0def5,73949,278560,2,2,2,0,B0_base,d40408d706a30c9406558f5770a0c11a0fe555b6ef3a1bbaaefa0c8d55f32914
case_006,1,C,incumbent_aggregate,aa4d2aa2706a60cf550a5048acc0fe3700b8e228796dd1d0ec071393711a50dc,a871ceee16ac90b7a67241af9eee14cd269f1743e286897755051c7103903d62,73949,278560,3,3,3,0,incumbent_base,a3c6cdc7fe8ea279c067752375b79441357ec74830056a2a5a04b58e09ea2b63
case_006,2,A,L1_base,c9d738c97dbd8e72cbed1f1261d5c556fb9868adf80a081f527efa3bcb126b43,b3ab1dc572a4b8b6b2bac526b20703dedf0a305e5d4468ad3aa74e16a8297aa8,42696,56200,4,4,4,0,A0_base,2db86db97a9bdf445309a27c9ed4c8e9a424689b1ac4816a891d30ddef1d4211
case_006,2,B,L1_base,c9d738c97dbd8e72cbed1f1261d5c556fb9868adf80a081f527efa3bcb126b43,aa13ba4a9f84f29ea25e94bc4941a4e38e4c0a575aa9462c2bb066b331333fe9,42696,56200,4,4,4,0,B0_base,2db86db97a9bdf445309a27c9ed4c8e9a424689b1ac4816a891d30ddef1d4211
case_006,2,C,incumbent_split_release_g0_p4,995200c64ffaeab78f3519c4d8c746c20b970bbce75045968e5995e11f5b7225,a3626d0ee398c2c14225298ca88b37eb2ac6f5f4f262f3e291896c9c83844a98,41180,56200,5,5,5,0,incumbent_base,c9d738c97dbd8e72cbed1f1261d5c556fb9868adf80a081f527efa3bcb126b43
case_006,3,A,L1_base,4b7cde5ab9e4d7e83597b19de672caaf871fdfbc275c678c3a25927f0a995b14,a7ecb2032df74defb91194b0e2d526642c3e1bb1f73d8f1ec2665329ce33259a,31152,30080,4,4,4,0,A0_base,b79fb31d2a3248099f2293e25c8d13635ad26d844347d50ee327ae9ec3efba77
case_006,3,B,L1_base,4b7cde5ab9e4d7e83597b19de672caaf871fdfbc275c678c3a25927f0a995b14,8932bf5e4c1877ba6fd5c85ee0666c00a16338fc9872f9d26389bbeb72ccf4cd,31152,30080,4,4,4,0,B0_base,b79fb31d2a3248099f2293e25c8d13635ad26d844347d50ee327ae9ec3efba77
case_006,3,C,incumbent_base,4b7cde5ab9e4d7e83597b19de672caaf871fdfbc275c678c3a25927f0a995b14,9c82d5bb1fe19d270445a8adc0a87c65604299a47c2db8d798db6cc77eaa8c31,31152,30080,4,4,4,0,incumbent_base,4b7cde5ab9e4d7e83597b19de672caaf871fdfbc275c678c3a25927f0a995b14
case_006,4,A,incumbent_base,57e616007f131a811ea9b3ce4d26dba68cfa39ea174528de592df8f4861841d1,0ccafd240e63b4cb9865d75169905d3f8e2436421410141e96019650d603f961,31152,30080,4,4,4,0,A0_base,4f4ba79f286d9559f5b30f8ce964513b8bf5226c8a487ab6d77de82256354c44
case_006,4,B,incumbent_base,57e616007f131a811ea9b3ce4d26dba68cfa39ea174528de592df8f4861841d1,947ddc9ffe0f94dc6c9a8c60c251f715472dff9a16e9f66c7178ddb384df5c7c,31152,30080,4,4,4,0,B0_base,4f4ba79f286d9559f5b30f8ce964513b8bf5226c8a487ab6d77de82256354c44
case_006,4,C,incumbent_base,57e616007f131a811ea9b3ce4d26dba68cfa39ea174528de592df8f4861841d1,6efb6384746dc3e9033e922d4c8d76ada1a8ad847bbb8ef2d54848fcd003404c,31152,30080,3,3,3,0,incumbent_base,57e616007f131a811ea9b3ce4d26dba68cfa39ea174528de592df8f4861841d1
case_006,5,A,incumbent_base,275d140a89b43751e8f21a42f52044bc77e1e69b72755249126f3d12654e7fe4,cac3787062580f097f75bc74be234f9d3dc46477af90db6b478f3482a8eb5682,31152,30080,4,4,4,0,A0_base,6d237cbfd3acd87faf1603a97c0f3a46ff08e83151b3adc9b59e65338137433c
case_006,5,B,incumbent_base,275d140a89b43751e8f21a42f52044bc77e1e69b72755249126f3d12654e7fe4,1763fd819ab160096ad0bacd5cecfe3be70bccb1d2b03424da9aff38fe1f1afc,31152,30080,4,4,4,0,B0_base,6d237cbfd3acd87faf1603a97c0f3a46ff08e83151b3adc9b59e65338137433c
case_006,5,C,incumbent_base,275d140a89b43751e8f21a42f52044bc77e1e69b72755249126f3d12654e7fe4,26a7c57d5bb040a87933604d123df163a8b51b325fd8df920ccb88fdc50f4e26,31152,30080,3,3,3,0,incumbent_base,275d140a89b43751e8f21a42f52044bc77e1e69b72755249126f3d12654e7fe4
case_020,1,A,A0_base,7ddee8492be9d4e50fbf482badb38b6b5fc65bf73aa53b9d8c47733aca95ef7d,a78e60c1ee55661a7d18908bcc859ffd10bb23edd881cb3b09b90fa62d858092,532746,0,2,2,2,0,A0_base,7ddee8492be9d4e50fbf482badb38b6b5fc65bf73aa53b9d8c47733aca95ef7d
case_020,1,B,B0_base,7ddee8492be9d4e50fbf482badb38b6b5fc65bf73aa53b9d8c47733aca95ef7d,e67e1df485bcca3ec2929f78112b65a2eee77c66d428c3d4987a27e51bb31a56,532746,0,2,2,2,0,B0_base,7ddee8492be9d4e50fbf482badb38b6b5fc65bf73aa53b9d8c47733aca95ef7d
case_020,1,C,incumbent_base,7ddee8492be9d4e50fbf482badb38b6b5fc65bf73aa53b9d8c47733aca95ef7d,4a740ccebf038aee1811cf4a12620e7c9eebd2b4cc9965774294b8abe0b6f3e8,532746,0,1,1,1,0,incumbent_base,7ddee8492be9d4e50fbf482badb38b6b5fc65bf73aa53b9d8c47733aca95ef7d
case_020,2,A,A1_base,b5aa4bc571e7d6b6cb2edd77dc638955745ac3971fed1947f40d1b1cad2dbc7c,fd4530e4f662258c30c4f44361548bc2219d59a6da867cdd12eff32c51d5a641,266580,0,3,3,3,0,A0_base,0a4706046914e69ce2c9a4e2cf0cb64b51a8d0f5a7a1bda83b8072f8ebd2d114
case_020,2,B,B1_base,b5aa4bc571e7d6b6cb2edd77dc638955745ac3971fed1947f40d1b1cad2dbc7c,67ddf2a4916439ff2643b4a9b50daf9d5016a543181f7808006151f57893a3b1,266580,0,3,3,3,0,B0_base,0a4706046914e69ce2c9a4e2cf0cb64b51a8d0f5a7a1bda83b8072f8ebd2d114
case_020,2,C,incumbent_base,b5aa4bc571e7d6b6cb2edd77dc638955745ac3971fed1947f40d1b1cad2dbc7c,b420cd5dfc6c5e6edb144956e3b9fb5cecc4864dfd8d5e3a6613b647f34e594d,266580,0,2,2,2,0,incumbent_base,b5aa4bc571e7d6b6cb2edd77dc638955745ac3971fed1947f40d1b1cad2dbc7c
case_020,3,A,A1_base,c796469805e5d0eddd0592222b7bc532b69c597b57d6ae81be785628712e6671,21583cb195b9765f1fa1f732f11b4d954b0157d423281ef42b41f08fb00153e7,177950,0,4,4,4,0,A0_base,b42a5be4d79e8012b57ca32fb38189e61940661f2c31d065fc6b1c1f3af09ac5
case_020,3,B,B1_base,c796469805e5d0eddd0592222b7bc532b69c597b57d6ae81be785628712e6671,c6813dc2da598becdd6c4070a80f711930785d850d884055f8bc554cc03f315d,177950,0,4,4,4,0,B0_base,b42a5be4d79e8012b57ca32fb38189e61940661f2c31d065fc6b1c1f3af09ac5
case_020,3,C,incumbent_base,c796469805e5d0eddd0592222b7bc532b69c597b57d6ae81be785628712e6671,b00ed6979cb1276d2fa08e9aedf5fb079c83cd91b5e11cc1c2d7c1b3cd2e746b,177950,0,3,3,3,0,incumbent_base,c796469805e5d0eddd0592222b7bc532b69c597b57d6ae81be785628712e6671
case_020,4,A,A1_base,258dbb524a7c13e9b8ce597d8b1a8b39b96cd29b8e44f5d56333128394d1a295,c93cf63b2f210f32f94b84440e2bcb6b780172cfdaea505408193265b66d9428,133704,0,4,4,4,0,A0_base,2dbfc80465ccfe8d5c7dc7fb70068d3198c494cc4f84ac107195200c2088ed5f
case_020,4,B,B1_base,258dbb524a7c13e9b8ce597d8b1a8b39b96cd29b8e44f5d56333128394d1a295,3f1f865388749e95ce402d93ae73b49641060ad871a3bb46f7d049f8ecd62942,133704,0,4,4,4,0,B0_base,2dbfc80465ccfe8d5c7dc7fb70068d3198c494cc4f84ac107195200c2088ed5f
case_020,4,C,incumbent_base,258dbb524a7c13e9b8ce597d8b1a8b39b96cd29b8e44f5d56333128394d1a295,c33fb718122a7ecc99d5a12e34129aeb9c1858b54ba1a8a3ca33440e9ce76d52,133704,0,3,3,3,0,incumbent_base,258dbb524a7c13e9b8ce597d8b1a8b39b96cd29b8e44f5d56333128394d1a295
case_020,5,A,A1_base,469f91d67b38b31d152ca1aafe856912000dd91bc605c0b682087c9437491672,71382818ecf784dba29df6dc354d14b80a9f593cebb56117e24fab39f549aa8d,107650,0,4,4,4,0,A0_base,976bd958b3851bd05a2fa52701bbd0226ca5d3f7991d54fe78d3e532bbc643ae
case_020,5,B,B1_base,469f91d67b38b31d152ca1aafe856912000dd91bc605c0b682087c9437491672,37109529cfac68ebeaed4b6fdc698450b1cbb749c63c611d04a175173477ca1f,107650,0,4,4,4,0,B0_base,976bd958b3851bd05a2fa52701bbd0226ca5d3f7991d54fe78d3e532bbc643ae
case_020,5,C,incumbent_base,469f91d67b38b31d152ca1aafe856912000dd91bc605c0b682087c9437491672,9c4afc4fba9313e4bf8431a9a6390b9357986537d89eaf75ab655ca2aba605ee,107650,0,3,3,3,0,incumbent_base,469f91d67b38b31d152ca1aafe856912000dd91bc605c0b682087c9437491672
case_049,1,A,A0_base,d767968e9f5a8e43d324117a3b03928e23ae34a2dd070416c9bc7e85324192c8,9a54b100f639859f0adb1b97f81383bd30491ceb23a3a8f5bc009ce9e3480db6,196276,0,2,2,2,0,A0_base,d767968e9f5a8e43d324117a3b03928e23ae34a2dd070416c9bc7e85324192c8
case_049,1,B,B2_base,763a72f800e1a81d0b54d4b8ced37b6ef832d45e801a12f77cd51b4b4a09d2f5,e4f9d59309c82aa3510692e494b4ce1ff7eacfe7b70e00c0a136b958012ebaa9,195430,41984,2,2,2,0,B0_base,d767968e9f5a8e43d324117a3b03928e23ae34a2dd070416c9bc7e85324192c8
case_049,1,C,incumbent_split_height_g1_p4,bc77074ffe2e8e359cc1ee4178f7903a17a88e7c874b937748ad25c6d3d1d421,88d3fcc80148e8693bc4b6da8d1eaf575ce1bc0ef288fa7320c960159d123389,194548,41984,3,3,3,0,incumbent_base,763a72f800e1a81d0b54d4b8ced37b6ef832d45e801a12f77cd51b4b4a09d2f5
case_049,2,A,A1_base,501aeb4d901152420dc0a27d8621d3800fd0de4567e258a9eba9a21f265f7aea,1bafa552e27e3893360fc8aba1f4ce9a72d49f2e75a896e6c9a6a718cb498a04,160206,0,3,3,3,0,A0_base,cb1bf9404d80e282e7b636eac296514b406fcfa6948a05afd194d17caf3fa554
case_049,2,B,B1_base,501aeb4d901152420dc0a27d8621d3800fd0de4567e258a9eba9a21f265f7aea,7e092a9dbfe038a3425844a97bdcf4a102949f17c8bc1fdc99e02910960b0197,160206,0,4,4,4,0,B0_base,cb1bf9404d80e282e7b636eac296514b406fcfa6948a05afd194d17caf3fa554
case_049,2,C,incumbent_base,501aeb4d901152420dc0a27d8621d3800fd0de4567e258a9eba9a21f265f7aea,285afeb7f7e1d20f7ad0e0dd06977e3497f37842d7a18b16fee990bdc3da6669,160206,0,3,3,3,0,incumbent_base,501aeb4d901152420dc0a27d8621d3800fd0de4567e258a9eba9a21f265f7aea
case_049,3,A,A1_base,c09d19ba3971785bc435ea8cbfbb37c548675d883b11aab2e589eb14e17d6666,ea22ced4fdfaa9891a0ffb36ce650ca81743fdd9f1b2e6742e61665844869570,160206,0,3,3,3,0,A0_base,1c13d51a27a6040fd61650e7ebd7db544b1f07a37b8ad9a70f475750435d7692
case_049,3,B,B1_base,c09d19ba3971785bc435ea8cbfbb37c548675d883b11aab2e589eb14e17d6666,91d3df745d569c0252c7f31af352e8f943d0b5fc002c5ab98356984deff04f8d,160206,0,3,3,3,0,B0_base,1c13d51a27a6040fd61650e7ebd7db544b1f07a37b8ad9a70f475750435d7692
case_049,3,C,incumbent_base,c09d19ba3971785bc435ea8cbfbb37c548675d883b11aab2e589eb14e17d6666,29df1cb195b3680c9e1b1725e68f9b67d233961c51bedd5f1e4a03cc25663a6e,160206,0,2,2,2,0,incumbent_base,c09d19ba3971785bc435ea8cbfbb37c548675d883b11aab2e589eb14e17d6666
case_049,4,A,A1_base,28f75dc773b045891245c6197388438d10fbd6bdd3f8bd11ebfa4e2c10c46140,162d8f2a40f3fad0e1f0725981ae8c3d4b576c4f42b8531a8c765a57b09864aa,160206,0,3,3,3,0,A0_base,00bf865dad7e633d1f8e968e06b351f8fa4255f09bfac2a80e6b070381972773
case_049,4,B,B1_base,28f75dc773b045891245c6197388438d10fbd6bdd3f8bd11ebfa4e2c10c46140,de0545eb118667d74182dbe4ac467cf2eae9c155fed79e3eb588110c670c9bf1,160206,0,3,3,3,0,B0_base,00bf865dad7e633d1f8e968e06b351f8fa4255f09bfac2a80e6b070381972773
case_049,4,C,incumbent_base,28f75dc773b045891245c6197388438d10fbd6bdd3f8bd11ebfa4e2c10c46140,d122e7f97c7819b6b0c732100345be1eb6525763e05742c44605834d66e26202,160206,0,2,2,2,0,incumbent_base,28f75dc773b045891245c6197388438d10fbd6bdd3f8bd11ebfa4e2c10c46140
case_049,5,A,A1_base,831a2b3752d6f277a23e58fb68143a20f6fad5fc8091dcb75e9e48464ddbb2fb,e6a7b4b270197427cb0dc70bf27d6f9b4da33ff49ab1310a6ce1abacdd7678af,160206,0,3,3,3,0,A0_base,6924c582b499da6b8b519bdd28c3e79ef61e90ea209a299c803b8df8321e7784
case_049,5,B,B1_base,831a2b3752d6f277a23e58fb68143a20f6fad5fc8091dcb75e9e48464ddbb2fb,02edf6a70f0ac4e483351fbb70c2ab975108cef5a01b03592e56109a00ca6028,160206,0,3,3,3,0,B0_base,6924c582b499da6b8b519bdd28c3e79ef61e90ea209a299c803b8df8321e7784
case_049,5,C,incumbent_base,831a2b3752d6f277a23e58fb68143a20f6fad5fc8091dcb75e9e48464ddbb2fb,8797848ac3f4272daf73b5c3f1f62df82033ae1910e6d79f197012fa0311d7c7,160206,0,2,2,2,0,incumbent_base,831a2b3752d6f277a23e58fb68143a20f6fad5fc8091dcb75e9e48464ddbb2fb
case_062,1,A,L3_base,8dd5d178c52e945747a4e9788fd62b6f044e3a6f6b522bbbd5f408d8184979fc,49aa6628f86c58913d8ab73134a0ba63ba88cea8da90e541f941d2f6033c1f55,2821994,42112512,2,2,2,0,A0_base,fd3cb50d6d81addc681279ae0a013b7060af8878acdbfd2ba99db86a91b024f5
case_062,1,B,B0_base,fd3cb50d6d81addc681279ae0a013b7060af8878acdbfd2ba99db86a91b024f5,14d2dc97bddf22e4897b98bad49e2cdbdc8066ae7283a279ef6162592bd396e7,2854809,0,2,2,2,0,B0_base,fd3cb50d6d81addc681279ae0a013b7060af8878acdbfd2ba99db86a91b024f5
case_062,1,C,incumbent_base,fd3cb50d6d81addc681279ae0a013b7060af8878acdbfd2ba99db86a91b024f5,1b9691ffca7544d20556e7c7f54904aaccae0ea58ce5b808d920d9713839be89,2854809,0,1,1,1,0,incumbent_base,fd3cb50d6d81addc681279ae0a013b7060af8878acdbfd2ba99db86a91b024f5
case_062,2,A,incumbent_base,2d20bfd6292fbe949254597fd039da7ee594180c54715939c81c69c4ec6b5736,070d29b461fea03d8c3791072c2cece1e2e63e3b00452ebeab8db081c10660d6,2821994,42112512,3,3,3,0,A0_base,20fb57f23e734ea53aedacf6f2204841fd6e618a79cfdcc1c936bcfba8a57292
case_062,2,B,B3_base,ae01397ed297b9192279fb29e5ee2976eb844aace79399fde76153945c2a62d9,94f9f36f6022e0cb30fb27dbb7835961c6dcbb1a3e6271b1546d609d8500e6ad,2521494,68806656,2,2,2,0,B0_base,20fb57f23e734ea53aedacf6f2204841fd6e618a79cfdcc1c936bcfba8a57292
case_062,2,C,incumbent_disperse_group_tid_1000012951_group_9_core_0_pos_4,30d7fe878a9b7dfd0c0dd75e54fddf83b7b56befa3c9f577141c341e4a0258dc,8468b592175109601257fce425dd5a4bf119949d4a50a596a95e4834bd3eaf62,2387918,68368896,3,3,3,0,incumbent_base,ae01397ed297b9192279fb29e5ee2976eb844aace79399fde76153945c2a62d9
case_062,3,A,A3_base,bc19838e9b3fa6e0299573e26fcc0b0660ecb938299febcdcb9725439512b056,d83b30429e197c181c54ef9fbd70f1dff1e54834491816f2b36052cccdd182ba,2513754,68020224,3,3,3,0,A0_base,a3195469de8237d057be77208177fc95f59d7e142fa3dc52fa5b77b6377767d6
case_062,3,B,B3_base,a4105e26c05718c6d485b724ae744234b633c8bb6e4ee9d1effe8ba5698dd157,344ff2477f81bbe110e9e17f589f01b99e3b589dad13de9341096eb2dcc7ecbd,1939281,72442368,3,3,3,0,B0_base,a3195469de8237d057be77208177fc95f59d7e142fa3dc52fa5b77b6377767d6
case_062,3,C,r1_split_g4_h0_c2_p8,1591b75e56493e3af9255cddd5c63d158f1ae29eee07574ca892982519f628bf,433762dbc38f7ce41c208b7afbb56da68f5d8ed2991449b642d0a76c46f8fda8,1818680,71553024,4,4,4,0,incumbent_base,a4105e26c05718c6d485b724ae744234b633c8bb6e4ee9d1effe8ba5698dd157
case_062,4,A,A3_base,1548156e2e35764d07941ede6f26f48cad9c2dcac4cd0a6e96d556e30f1236c5,183618ab7c8eeadc99ff1147b70debc70e8d95d5582721c2107ead1a67c0eb65,2377293,70643712,3,3,3,0,A0_base,28ae97c7bb4fa5b1697fccc4262a6761d1137103fc75ebba13120a265327ce18
case_062,4,B,B3_base,aed84565f553b1f054e03be4d522301bb7ff4240fa1085f8755bd7044ac264c7,f1a46a98ef7a8488a261b9e4c9628b1365a5106875f2d1774bd9c15aa7706cc0,1767455,67070976,3,3,3,0,B0_base,28ae97c7bb4fa5b1697fccc4262a6761d1137103fc75ebba13120a265327ce18
case_062,4,C,incumbent_base,d548e182020e78543eb2fa9e5e44ce9778b35a7bf084cf308d176a76621a6783,fdaa05952e647e9f1f1fa13eca6eaa9e65cde97c08c8ded5f516175109dd11ce,1270730,6379008,2,2,2,0,incumbent_base,d548e182020e78543eb2fa9e5e44ce9778b35a7bf084cf308d176a76621a6783
case_062,5,A,L2_base,60a26b6a3c952b931c7b43a829a0e05b86fa3a998ca1dab6a3b77999ad16f6d3,3e3f713c647df0c0d503cc75105f62a5f9544272886a3a7f97e2a47e48a46f24,1661193,7405056,2,2,2,0,A0_base,3a28b2953d520877a762052ea62f5dc5b345ba964fa010561155200e30aac6e9
case_062,5,B,q1_warm_base,60a26b6a3c952b931c7b43a829a0e05b86fa3a998ca1dab6a3b77999ad16f6d3,0914a5e8cfa6d08987374fabeb47b2b6230d793cae4d98783321405bc3d864f3,719016,7147008,3,3,3,0,B0_base,3a28b2953d520877a762052ea62f5dc5b345ba964fa010561155200e30aac6e9
case_062,5,C,r1_split_g0_h1_c4_p0,57b5a541f6ceec49cae03b457f6b669defda84f3a70f69bcb2cb70e71178600e,f3fdbc5323fde08c5603b729ea90387d2f6b9fa942c988a7ff9475a1183b6b0e,701554,9028608,3,3,3,0,incumbent_base,60a26b6a3c952b931c7b43a829a0e05b86fa3a998ca1dab6a3b77999ad16f6d3
case_068,1,A,A0_base,d639723b36690dff7eb2f7c0058fe0f6f97bcb5af40b1421d33bee41e8464da2,a1536b1e1c5c8219ef4f0863be3af11335722736bb065f2db7bcc2e5acf1a00e,362095,0,2,2,2,0,A0_base,d639723b36690dff7eb2f7c0058fe0f6f97bcb5af40b1421d33bee41e8464da2
case_068,1,B,B2_aggregate,dcf09ed5135262533d6f065d52d8fb682d8b842d67fd971d68d111872de8ecb2,ddc9e724376875003b8c3cbacf701954d4fec4c63d4ec815e906792f2672a7d7,360298,0,2,2,2,0,B0_base,d639723b36690dff7eb2f7c0058fe0f6f97bcb5af40b1421d33bee41e8464da2
case_068,1,C,incumbent_split_release_g1_p4,7b2bbcbb3766a30a7b547c8e708538acb5307f52087a6b3e3fc7b335c4b04cac,e22d39a5f037db45c5fe5ba1f557ca277ef29ee3427c4b19e6a98bf5e15bec18,359166,0,3,3,3,0,incumbent_base,dcf09ed5135262533d6f065d52d8fb682d8b842d67fd971d68d111872de8ecb2
case_068,2,A,A1_base,1fe5dc73f6bc60adb8cf9d7cc916866d00572fa1f42c1a0866debc2c05dd5060,af9c9969f74c5e1c8a7dde236c596b7288087882e52c1e7363d5d6a8d19478b2,346246,0,3,3,3,0,A0_base,12cdad91875b36c7aae081bf9e1563d9a039fcf4c1e8a511a186d6a598b08975
case_068,2,B,B3_base,90449bd87a62d249a8586a882615c3233ff8b43304bfccaf979e313ff3901c29,88e538295c4420b6c55821c27231eb7c30f0c6db555de7d3c387420630318db4,303697,1343990,3,3,3,0,B0_base,12cdad91875b36c7aae081bf9e1563d9a039fcf4c1e8a511a186d6a598b08975
case_068,2,C,incumbent_split_topo_g14_p4,14a870d96ec72cfef64d28ab3170b8318593f4b60dc92eaf23b4c1be681d992a,c99a134860de9be86fad126c3a7868a5c42ccf3cceffe97bd3ed0b45a38db842,302692,1343990,4,4,4,0,incumbent_base,90449bd87a62d249a8586a882615c3233ff8b43304bfccaf979e313ff3901c29
case_068,3,A,A1_base,df0f6cb9c754e98c230f31edffe093a470a686edd7db0d9990b2675f36ad5557,b6e93da559646b776646cce399c3461b879d64f5c43c5846ec54c21a7bf87c74,346246,0,3,3,3,0,A0_base,195617b8a99a7df30208b476cecd22b9c55bd8688032e79bda5a98f2ebcb43bf
case_068,3,B,B3_base,e40de2833f5891ec55b3db6bb4d0aa3a1f64f3ab2ba21743bb55e7fa49e8a3da,5bde6ff3e6b997c1fc474d535c6319457feac9de3b60fd98e82160a9c1f22701,281918,2187040,3,3,3,0,B0_base,195617b8a99a7df30208b476cecd22b9c55bd8688032e79bda5a98f2ebcb43bf
case_068,3,C,incumbent_base,e40de2833f5891ec55b3db6bb4d0aa3a1f64f3ab2ba21743bb55e7fa49e8a3da,44ee8fef7aca93b704d03d4d6dc0244ecb5e922e25f9320e9b0107f508469545,281418,2187040,3,3,3,0,incumbent_base,e40de2833f5891ec55b3db6bb4d0aa3a1f64f3ab2ba21743bb55e7fa49e8a3da
case_068,4,A,A1_base,94373a619ac44011c418b1a78ff1761c05f1431800c6f28b7de6bf6ba67f1698,e9368e400dc297ebc390a1ddd72803e9cfe82b4263cd1fb01b94ffeba83137d3,346246,0,3,3,3,0,A0_base,b5b24f4d30ea44ac5f6ee10074f0d9defed0005743e776d245cbc05ea959bb55
case_068,4,B,B3_base,a20438f18a94867b8b17d05bb43af3e405942f0c255de2c6abde9efeca7c9149,91fefc0b44deaa6e32ca879d74819229ef66d1dc65eee30aac2c056ca72ba08a,267505,2421242,3,3,3,0,B0_base,b5b24f4d30ea44ac5f6ee10074f0d9defed0005743e776d245cbc05ea959bb55
case_068,4,C,incumbent_base,a20438f18a94867b8b17d05bb43af3e405942f0c255de2c6abde9efeca7c9149,3f2f73ca6b68e71e8d8c334ec6e08bd3ba692edc2f299f38921111687f41d127,266974,2421242,3,3,3,0,incumbent_base,a20438f18a94867b8b17d05bb43af3e405942f0c255de2c6abde9efeca7c9149
case_068,5,A,A1_base,dbcd1e4662eec03195e00c0b6a989568a7009f9e8539b723018e823c40ad5de8,19faf364e276ff72aecf809cb2d5bca120e3ca2e023627e1b8e253f37a454617,346246,0,3,3,3,0,A0_base,a38ba8cfd40281902afc38fc6a39e79e3b92ffe8d45b324eb2be7bacafcce61e
case_068,5,B,B2_base,95e5705968c334e2ed1ef323e0b5bc052f1e08693ff56fb35eb7e643629bb449,ab28a74d0f36e6ad2754b1fdaabd1ad94bcf2b1897614b2d68f6664859f6d045,341479,1938374,3,3,3,0,B0_base,a38ba8cfd40281902afc38fc6a39e79e3b92ffe8d45b324eb2be7bacafcce61e
case_068,5,C,incumbent_base,95e5705968c334e2ed1ef323e0b5bc052f1e08693ff56fb35eb7e643629bb449,9a5032a82523884d354ada3281ba4b24a6d30d62d6d9447caeca15ef324aaaac,339915,1938374,3,3,3,0,incumbent_base,95e5705968c334e2ed1ef323e0b5bc052f1e08693ff56fb35eb7e643629bb449
case_070,1,A,A2_base,e2281c9974f6d1abd97d709e9f56184ca1738fcd0645638c627396296f1bf001,e968ec613faa9d3c80fe5e2fe9b2cedb42aa782b67d3f0b067acf59b49d8f33e,115306,73728,2,2,2,0,A0_base,7c7f74954adf5d659bdacfc0445d9844032e7e2c046d0246eda7627371080aaf
case_070,1,B,q1_warm_base,e2281c9974f6d1abd97d709e9f56184ca1738fcd0645638c627396296f1bf001,fea7769ccb9e414f8293398aea576418ea3d3de69d64939829dffc655b82dee9,115088,0,3,3,3,0,B0_base,7c7f74954adf5d659bdacfc0445d9844032e7e2c046d0246eda7627371080aaf
case_070,1,C,incumbent_split_release_g0_p4,0b6cab981ffb5e90ae2d0c4823248b232cd58c48de9cc0fce2940d72ec339de4,ad62f2a71e75944a1eb127afc4a1edb3aaca323a00b9415004915ea08b53c6d2,104334,0,3,3,3,0,incumbent_base,e2281c9974f6d1abd97d709e9f56184ca1738fcd0645638c627396296f1bf001
case_070,2,A,L1_base,51f54e087df90300bacb358c796255b48cd2ceee2cde88e5ce11ef39cb42650f,c747f72852719e82449206080db41b29ac331af6fcfc5c408cd9fdc5a1029bdd,60121,129536,3,3,3,0,A0_base,08c965655c53e0d73ce6b1b11e523ef9b58c093669d1720267a518f28db68c0f
case_070,2,B,L1_base,51f54e087df90300bacb358c796255b48cd2ceee2cde88e5ce11ef39cb42650f,5b65a5c73c9c16dd0a640a6d632d971814641cac46e79c76b0f0d35f05053c75,60121,129536,4,4,4,0,B0_base,08c965655c53e0d73ce6b1b11e523ef9b58c093669d1720267a518f28db68c0f
case_070,2,C,incumbent_split_height_g1_p4,5290364626f385019b42ba6bafb14bade192d5c5b86ecdb717021efcb793ca90,4d06eeecdec135681cc512c23215279f3cbfb950b3e5a28d4faf1017216af839,59140,129536,4,4,4,0,incumbent_base,51f54e087df90300bacb358c796255b48cd2ceee2cde88e5ce11ef39cb42650f
case_070,3,A,L1_base,b871f66c8537d47a13e5dc6bf3ddf86355f65a8d23700be37fce6099cf9b1f31,1c0576986960d3ffdc498fafb36f7285e2211a33b5f54dd4f232c8944099d9fb,39333,259072,3,3,3,0,A0_base,54fafeb0742bb62df7b5213e06e2c15871721550a043070b07b0b867b7fa9e4c
case_070,3,B,L1_base,b871f66c8537d47a13e5dc6bf3ddf86355f65a8d23700be37fce6099cf9b1f31,1add6e4481a73acfdbfca586e8b53d03d27a1ebb9c45e5e0397536baa788e9af,39333,259072,4,4,4,0,B0_base,54fafeb0742bb62df7b5213e06e2c15871721550a043070b07b0b867b7fa9e4c
case_070,3,C,incumbent_base,b871f66c8537d47a13e5dc6bf3ddf86355f65a8d23700be37fce6099cf9b1f31,047bfda1ea586bc1bc868828a88379ebeecf061b193a12f6a32f79a299eb70b2,39333,259072,3,3,3,0,incumbent_base,b871f66c8537d47a13e5dc6bf3ddf86355f65a8d23700be37fce6099cf9b1f31
case_070,4,A,L1_base,9de9a03dd20af7569eeb1c503d1607906e471b9d5a6d863df9d20adaf6ad9787,96d47ba2726f36f6a7a35a9fcdccda3e7e95947f79a97ca991ea2452210eab65,31225,360960,3,3,3,0,A0_base,c20e1c245f501e1921c32702765268133172aa3d772250682763d6ea5f155ee5
case_070,4,B,L1_base,9de9a03dd20af7569eeb1c503d1607906e471b9d5a6d863df9d20adaf6ad9787,453470838a7fb5b57329e9eb36853b0c6e024c79e5cf6b514524f19dba8eedae,31225,360960,4,4,4,0,B0_base,c20e1c245f501e1921c32702765268133172aa3d772250682763d6ea5f155ee5
case_070,4,C,incumbent_base,9de9a03dd20af7569eeb1c503d1607906e471b9d5a6d863df9d20adaf6ad9787,04a6eade3952ed9bc377de5ef586e35966d48bb03bab9b920a060f713478201f,31192,360960,3,3,3,0,incumbent_base,9de9a03dd20af7569eeb1c503d1607906e471b9d5a6d863df9d20adaf6ad9787
case_070,5,A,L1_base,5be92a69af59b6223e5a47338dea5f156bbabd3f166cba46056ad8de824bf9fd,57a2b57ef4b86b5f805ec65bc49957da65cf8899d9d82ccda3938916d2c72bf6,26275,449024,3,3,3,0,A0_base,55e835db1b99a9d9f655359486f710bb494847eb6c040f4dc902547031256507
case_070,5,B,L1_base,5be92a69af59b6223e5a47338dea5f156bbabd3f166cba46056ad8de824bf9fd,75e338e0fd010eea24971ec3a624bd77dd58e3366c6ee2bb47e4c2c2b448b242,26275,449024,4,4,4,0,B0_base,55e835db1b99a9d9f655359486f710bb494847eb6c040f4dc902547031256507
case_070,5,C,incumbent_disperse_tid_2081_node_2108_core_2_pos_0,172fe5d3e876fbf38d9ff5b4015048692629657fc93177e7617c405d0177ec05,bd4302ed771f7bbe2573575729cfe075e0f759dc35bc08c8a5e81a019e413f38,26030,455936,4,4,4,0,incumbent_base,5be92a69af59b6223e5a47338dea5f156bbabd3f166cba46056ad8de824bf9fd
case_100,1,A,L2_base,6cb5f2246711946042491dddb2d61d1fce60585560b5a99023abed3d0d7e9780,2e69633315064fb65a6d057e9e1918364a149211b779ed5eec93091239886563,148339,5640,2,2,2,0,A0_base,4b6acef75fa8c83443c8f4fc8c7057e42c213236f7b4b3fd66a43a96b59b8f25
case_100,1,B,q1_warm_base,6cb5f2246711946042491dddb2d61d1fce60585560b5a99023abed3d0d7e9780,e10361a1c9c97f3de5b9dff771b36c06ceae2bb69eed065d3fa9fc2a186d4e3c,148885,0,3,3,3,0,B0_base,4b6acef75fa8c83443c8f4fc8c7057e42c213236f7b4b3fd66a43a96b59b8f25
case_100,1,C,incumbent_split_release_g1_p4,a51c474cc16ff83df6334df2684435574a26d4fde0830e12a22ca073a4d32c73,7404b55cb06c9589b857ab95981062b165b659e04cf2a28fb50213562bedf327,142753,0,3,3,3,0,incumbent_base,6cb5f2246711946042491dddb2d61d1fce60585560b5a99023abed3d0d7e9780
case_100,2,A,L1_base,e52b51930e549834998c4cb19e745e9eecf56cfb5caf08d1d6e05e3df18b098f,15518743e02e226d5636b40824a91d154dd9c1cdffe516ed86b4a106bf55ef2d,81080,16896,3,3,3,0,A0_base,0befda7b61cdf30a58526475ae7b9a8b14ed713cf13fec966b6018ca41b97937
case_100,2,B,L1_base,e52b51930e549834998c4cb19e745e9eecf56cfb5caf08d1d6e05e3df18b098f,2466b8266dd24f1edbc4a4dce8b06f66c2b6cbbf7ab278f25e0cb5b1ecf47ef8,81080,16896,4,4,4,0,B0_base,0befda7b61cdf30a58526475ae7b9a8b14ed713cf13fec966b6018ca41b97937
case_100,2,C,incumbent_split_release_g0_p4,b9df5653c1b1411f9d9ca6fcd25435721b084bdc437dbd18cf6e880a208c9798,4935a7dfe82b3886ba7ca65d4928634636c81aebc0df3d97ad3d300e22649726,77421,16896,4,4,4,0,incumbent_base,e52b51930e549834998c4cb19e745e9eecf56cfb5caf08d1d6e05e3df18b098f
case_100,3,A,L1_base,3f6345b6e1a335df946a41f70570a0010ccfdf95372a8d6ad0b6bb8e11ef064d,f080432fc70fd0326d58af5566569e958f10e977e0585771dffcea2cef108276,57811,72192,3,3,3,0,A0_base,db14d1f28cb07190335e560cceb5bc82a8fe3b02ebb8bcd23524e15a869cf614
case_100,3,B,L1_base,3f6345b6e1a335df946a41f70570a0010ccfdf95372a8d6ad0b6bb8e11ef064d,4afffcbab9f991ed455666f3fc0eaeb10184b200d3c5039573a4aaec9fb6ba71,57811,72192,4,4,4,0,B0_base,db14d1f28cb07190335e560cceb5bc82a8fe3b02ebb8bcd23524e15a869cf614
case_100,3,C,incumbent_base,3f6345b6e1a335df946a41f70570a0010ccfdf95372a8d6ad0b6bb8e11ef064d,a06793a0299cd3d10b6572e61e17c1ee7cc808a7ad27ebc1f06b1936a4a8f8f6,57811,72192,3,3,3,0,incumbent_base,3f6345b6e1a335df946a41f70570a0010ccfdf95372a8d6ad0b6bb8e11ef064d
case_100,4,A,A1_base,418382e01aeb17e54d73e7b8bb5a82210e780baf5ab3c16360e0c2b1f1e7f374,dc8ca432490fd0a673e60c9709784b5b090c5258d50ab4a41be30548111bbc76,87316,12288,3,3,3,0,A0_base,c1feb7a94476781cbb7e4ccf7c8f896fba80fd999bbd9cee8b86e37e051eb5b9
case_100,4,B,B1_base,418382e01aeb17e54d73e7b8bb5a82210e780baf5ab3c16360e0c2b1f1e7f374,bb348045868454971435ed134011595909f40a553fd8dfb01830533db1750055,87316,12288,3,3,3,0,B0_base,c1feb7a94476781cbb7e4ccf7c8f896fba80fd999bbd9cee8b86e37e051eb5b9
case_100,4,C,r10_capacity_g6_front,553cd2d167a8a2a6aef8841fcdbfed7c7a69a1d63791c04ffbff8de8e6ee67f2,ac958efec5e8e0ca351238adc66341144b4bad667846f2889b970820c362e3b5,72103,1219716,3,3,3,0,incumbent_base,418382e01aeb17e54d73e7b8bb5a82210e780baf5ab3c16360e0c2b1f1e7f374
case_100,5,A,A1_base,bc60e0caf96e94c248ea707c126335fdf54202ddf7c9bfabe440b23c14d5715c,e9eb3b9af071aee3c817ee0c3cbe71b42e2c3df0867860f0b98a29c44a3ffd93,87316,12288,3,3,3,0,A0_base,87a807082594cd1500c03839e4106ae4721aecf35c4cbe622e824d2d759c8257
case_100,5,B,B1_base,bc60e0caf96e94c248ea707c126335fdf54202ddf7c9bfabe440b23c14d5715c,f4aafc791967b5317f3304b1982dec9970bd64e495227ef2850fb32e507e072c,87316,12288,3,3,3,0,B0_base,87a807082594cd1500c03839e4106ae4721aecf35c4cbe622e824d2d759c8257
case_100,5,C,r10_capacity_g8_front,09e070ea4359869168c1bd47fbb4ca0f9a0ca18bb07d1be0d5705daa46eb29b7,8aad24383760005c60da42c81ce0302bf6bcd321174ae56a59853c82fa14e693,59623,1340104,3,3,3,0,incumbent_base,bc60e0caf96e94c248ea707c126335fdf54202ddf7c9bfabe440b23c14d5715c
case_028,1,A,L3_base,791b990414d0d973461024e222d35b5bc7546066fe0deadf6a61fa534cdf80a0,af1fcde2150df7dfcba85a7f3b3ccbee79c48391b0430656bc18605f726d0411,43242729,206054016,2,2,2,0,A0_base,88dfcc461a385e9ea71af08347493b0ea09e49fab789200bd9bed0e0e9a0ff10
case_028,1,B,B3_base,924d6406d4b592f1666fb501148f79ab523779fa8f637f42faa9937e82b63f8c,c3567656e3138d678c3f55c2e3775f37d5d4e990be313586db0a3cb5d790f3a6,42901220,161588040,2,2,2,0,B0_base,88dfcc461a385e9ea71af08347493b0ea09e49fab789200bd9bed0e0e9a0ff10
case_028,1,C,incumbent_base,924d6406d4b592f1666fb501148f79ab523779fa8f637f42faa9937e82b63f8c,40385d829013f6f61a72f558cf0430953be6c95c382fe2b5621e79516bda18fb,41700132,161588040,3,3,3,0,incumbent_base,924d6406d4b592f1666fb501148f79ab523779fa8f637f42faa9937e82b63f8c
case_028,2,A,A1_base,ba29b020954769cd71328827ca31f5f487bec1460dce5b862cd2d65a1af0a6b4,65ad224abe41a5ae06d9e63c77e6fc182b7371469e4f2afe098a9bc0777594ea,23638628,277473600,4,4,4,0,A0_base,9b86485972c5d697f9c8c02d208012abe65f40d280f3043798b29ac5a3f6b17c
case_028,2,B,B1_base,ba29b020954769cd71328827ca31f5f487bec1460dce5b862cd2d65a1af0a6b4,03de17153948a59ba9be1f99c18fc3bc6590a7a41a59b6ad74bb878d33cd2012,23638628,277473600,4,4,4,0,B0_base,9b86485972c5d697f9c8c02d208012abe65f40d280f3043798b29ac5a3f6b17c
case_028,2,C,incumbent_base,ba29b020954769cd71328827ca31f5f487bec1460dce5b862cd2d65a1af0a6b4,3604dd17abe2686704407c5c1a3106f5c972f913b100882463127ed4785bcddd,23615145,277473600,3,3,3,0,incumbent_base,ba29b020954769cd71328827ca31f5f487bec1460dce5b862cd2d65a1af0a6b4
case_028,3,A,A2_base,c1a84a2efbbd8d8655b39e0dc31092b5a7543c3af7567cb4058c366cdfcafe86,5b0379e9e6a68b176471afb7cf29d133ca880737533b6d60450f1bdcdba89b00,16525969,277797312,4,4,4,0,A0_base,5d7ae24b1ba7f11634c6168d4e0bec55da3edbd97a79960c553697749ca786b7
case_028,3,B,B1_base,32774d65b2412e37c5d97c2fce342a1454c5d64de3802951d130a5cc532748e9,3a3c0c0209de583982d180214c5740c0aed1ed66755d43eefeb5ea07d96af9bb,16770711,277369056,4,4,4,0,B0_base,5d7ae24b1ba7f11634c6168d4e0bec55da3edbd97a79960c553697749ca786b7
case_028,3,C,incumbent_base,32774d65b2412e37c5d97c2fce342a1454c5d64de3802951d130a5cc532748e9,704635737452d8503a5331c81dde57b5193e99108d746d908768f734c656e362,16770711,277369056,3,3,3,0,incumbent_base,32774d65b2412e37c5d97c2fce342a1454c5d64de3802951d130a5cc532748e9
case_028,4,A,A1_base,4befcd38473c4a2761e7b4558a6d97a6a745c967e1257a4d29b92e75e0e81d38,16e4b3479440b7877610a836563a78af0bf72a5aa8ef15239c78b1c6df97248b,13608312,277760640,4,4,4,0,A0_base,47013e3e65c6bddf3572e1c92ffcc7a69ee3b9a02c2e9783fa74a1d4110f5ade
case_028,4,B,B1_base,4befcd38473c4a2761e7b4558a6d97a6a745c967e1257a4d29b92e75e0e81d38,10e4da8141f6d938370e9b257a5f9d8dbc40080747daf0d5f946233dda3433a4,13608312,277760640,4,4,4,0,B0_base,47013e3e65c6bddf3572e1c92ffcc7a69ee3b9a02c2e9783fa74a1d4110f5ade
case_028,4,C,incumbent_base,4befcd38473c4a2761e7b4558a6d97a6a745c967e1257a4d29b92e75e0e81d38,f8e90c5fcf8e1b3bc62c8afc7e5f3e43dc2e0ad67d2dc8e9a56739b872018c9f,13585418,277760640,3,3,3,0,incumbent_base,4befcd38473c4a2761e7b4558a6d97a6a745c967e1257a4d29b92e75e0e81d38
case_028,5,A,A1_base,82d8ec2f78d9be51282f54af5e5680873c4b209a3ac00c2ea63f587dfc33e4c9,4c58c3ad349ba97db0647ac99081b0e2181a2b3f079f1dc7b206b72f9f4e03aa,11491035,277818912,4,4,4,0,A0_base,4843731c2000cc31ae7626229f3a7e2c1847bbf5ea6c9432c9765820449c2546
case_028,5,B,B1_base,82d8ec2f78d9be51282f54af5e5680873c4b209a3ac00c2ea63f587dfc33e4c9,afc3ce8956255743f0b74267139edf93b5dd178dd2db7c0edcb7b0907e810c86,11491035,277818912,4,4,4,0,B0_base,4843731c2000cc31ae7626229f3a7e2c1847bbf5ea6c9432c9765820449c2546
case_028,5,C,incumbent_split_height_g3_p4,489c0d27cc8a61d997483d23495bac70b4894790caf6fbe69f30364e5b1c63fb,52d6736ca5ac95d081625f89bda05bd137212e74eb9277c6de9730b767db6c7c,10636977,262763520,4,4,4,0,incumbent_base,82d8ec2f78d9be51282f54af5e5680873c4b209a3ac00c2ea63f587dfc33e4c9
case_037,1,A,A0_base,0a835b6f10c83a84d338adc6b6089fe29ee25797607448b8261d9b4b31947ff2,39b8e76afc4efc8008f552c647ec3ccb1f96a84f72b0748483b6bde8e6fc2e69,210001,0,2,2,2,0,A0_base,0a835b6f10c83a84d338adc6b6089fe29ee25797607448b8261d9b4b31947ff2
case_037,1,B,B0_base,0a835b6f10c83a84d338adc6b6089fe29ee25797607448b8261d9b4b31947ff2,400c5779e225876d7ee16bb12d55c451551e445e37662c42f6d357264ad4b299,210001,0,2,2,2,0,B0_base,0a835b6f10c83a84d338adc6b6089fe29ee25797607448b8261d9b4b31947ff2
case_037,1,C,incumbent_base,0a835b6f10c83a84d338adc6b6089fe29ee25797607448b8261d9b4b31947ff2,3afd1f459a4add7de1b0726e7e66099e5642805e7cc30f0e8a12b514f5eb68a1,210001,0,1,1,1,0,incumbent_base,0a835b6f10c83a84d338adc6b6089fe29ee25797607448b8261d9b4b31947ff2
case_037,2,A,A1_base,a7077fbc8b0587ebb2259ddc594c228244f5289ac61eafcea3bc7ae6aabee587,319a5b176723ac3512434236cb09b5036c1021199fd85857a1d6315aa6d2de5b,105374,204800,3,3,3,0,A0_base,f508233b31d9dbb61a3c69bc4367ff153e7b5fe4b7b48bf1924a771f6d985855
case_037,2,B,B1_base,a7077fbc8b0587ebb2259ddc594c228244f5289ac61eafcea3bc7ae6aabee587,b7a05e85ae5571dca29be31f3a70cf69f50a5b774cab94f16893823d469c29d4,105374,204800,3,3,3,0,B0_base,f508233b31d9dbb61a3c69bc4367ff153e7b5fe4b7b48bf1924a771f6d985855
case_037,2,C,incumbent_base,a7077fbc8b0587ebb2259ddc594c228244f5289ac61eafcea3bc7ae6aabee587,ac700646ad40a5560beecf943adcdc77a8f0e30711f8a6d1aeadfd012b181cd3,105374,204800,3,3,3,0,incumbent_base,a7077fbc8b0587ebb2259ddc594c228244f5289ac61eafcea3bc7ae6aabee587
case_037,3,A,A1_base,7ea0d5688b503e6afbfb7b0b70a2894457573339cd32e8e9ec5191cc1dd64952,13f1e994ad063f1d33df722a21a8eb6b8255dbd33b6a0647c65850f103d2e8c3,74038,1064960,4,4,4,0,A0_base,9c1d3af2e6702e2332e4c32f600a9db357f4f561ec54b372a58d76301faa720d
case_037,3,B,B1_base,7ea0d5688b503e6afbfb7b0b70a2894457573339cd32e8e9ec5191cc1dd64952,052932103c063e86d3e0d62548cdf9a73fb57ffc30d70ddfe436b5494868744b,74038,1064960,4,4,4,0,B0_base,9c1d3af2e6702e2332e4c32f600a9db357f4f561ec54b372a58d76301faa720d
case_037,3,C,incumbent_base,7ea0d5688b503e6afbfb7b0b70a2894457573339cd32e8e9ec5191cc1dd64952,209b0b9cf29f9e6336eab3f9a22ee68140fc9885fd1a5d9633195c1893b790cf,74038,1064960,4,4,4,0,incumbent_base,7ea0d5688b503e6afbfb7b0b70a2894457573339cd32e8e9ec5191cc1dd64952
case_037,4,A,A1_base,b3b9fb5221a864c1e0bc8b00805860f25929f1f4a949461cba92211711c6b83c,09cca922ef87b10a606b4c8731adae379a7bbf3f9a1111c1c6ef989309b4aca9,53320,614400,4,4,4,0,A0_base,b645fafdb50b6f7e70c5af15c870da8b0fa08b8ac8d993e432836d4bf8c7cc91
case_037,4,B,B1_base,b3b9fb5221a864c1e0bc8b00805860f25929f1f4a949461cba92211711c6b83c,8441e8308c935e10520c4c420a638e6b7cfdf4abf68a7d1b17c3b160b88f2eb0,53320,614400,4,4,4,0,B0_base,b645fafdb50b6f7e70c5af15c870da8b0fa08b8ac8d993e432836d4bf8c7cc91
case_037,4,C,incumbent_base,b3b9fb5221a864c1e0bc8b00805860f25929f1f4a949461cba92211711c6b83c,d7af618d83370a86152e5584015cda5e0015ea1cdbac605b4aa76b8bdecbf30b,53320,614400,3,3,3,0,incumbent_base,b3b9fb5221a864c1e0bc8b00805860f25929f1f4a949461cba92211711c6b83c
case_037,5,A,A1_base,dbdc2a38d97c07496c9a6a7e8ef46821d79b4c8a5a6534397eb9c5b6499c561f,3b4812877b2d12ae281637c1940ffccaa84ef0b985dbc16c7b1433e13862a59a,43800,1925120,4,4,4,0,A0_base,a6b6ba2c8406d987664ddf48390a485c8db32855dd091a116f087e46c3fd4d07
case_037,5,B,B1_base,dbdc2a38d97c07496c9a6a7e8ef46821d79b4c8a5a6534397eb9c5b6499c561f,14069cd5086734d08ad2e14f4507d4b4dce1a93d0c5f9d1fcd536fd412cb660f,43800,1925120,4,4,4,0,B0_base,a6b6ba2c8406d987664ddf48390a485c8db32855dd091a116f087e46c3fd4d07
case_037,5,C,incumbent_base,dbdc2a38d97c07496c9a6a7e8ef46821d79b4c8a5a6534397eb9c5b6499c561f,45b0dfd939c491506ae4eb16b850c926700e8aa19167e293135824fce08ad488,43013,1925120,3,3,3,0,incumbent_base,dbdc2a38d97c07496c9a6a7e8ef46821d79b4c8a5a6534397eb9c5b6499c561f
case_061,1,A,A0_base,edb353981bb45230de54747db9aa340d4d2df60e2525987635147267b7b99e11,c057dcd81c13ceac81e8815173b227978458af61f1333f7a2e0ddafd238fc919,77191,0,2,2,2,0,A0_base,edb353981bb45230de54747db9aa340d4d2df60e2525987635147267b7b99e11
case_061,1,B,B0_base,edb353981bb45230de54747db9aa340d4d2df60e2525987635147267b7b99e11,217dc76f7662fa6eef9b70769605eafa126b036d6a937c77fa4a5c225edd149d,77191,0,2,2,2,0,B0_base,edb353981bb45230de54747db9aa340d4d2df60e2525987635147267b7b99e11
case_061,1,C,incumbent_base,edb353981bb45230de54747db9aa340d4d2df60e2525987635147267b7b99e11,549404f54f46556c3ceec371b64d2cf38108b4d96c01bd4a3dca8273c836bc9e,77191,0,1,1,1,0,incumbent_base,edb353981bb45230de54747db9aa340d4d2df60e2525987635147267b7b99e11
case_061,2,A,A1_base,8ad39aa8c05596ca39e5cc1ac892daa5250d15c6a44a2672a811741cb73a8482,5d335759940072129ab3231276222a080f9e410a0f6b519ce24aa12fe6189e28,39298,34560,3,3,3,0,A0_base,487d445b52fa0c6f0b3d03791ea76b64c2371c16f57c98865d71d6c314e57d01
case_061,2,B,B1_base,8ad39aa8c05596ca39e5cc1ac892daa5250d15c6a44a2672a811741cb73a8482,f4aa3c517a1972c6960794ebe7a0bf37e028a35f7c51706e8bd929c1a2c04ae9,39298,34560,3,3,3,0,B0_base,487d445b52fa0c6f0b3d03791ea76b64c2371c16f57c98865d71d6c314e57d01
case_061,2,C,incumbent_disperse_tid_2232_node_2233_core_1_pos_0,3cf56475ed9b90d863f866e321f09770c13a7a90e37348e3c6458e7f9d099529,275da9aa357803573072fc5c344deebe3adaf91aa016d31924e57f04a663f7ee,38792,46848,3,3,3,0,incumbent_base,8ad39aa8c05596ca39e5cc1ac892daa5250d15c6a44a2672a811741cb73a8482
case_061,3,A,L1_base,861455fdbcb7e51f6a45bd239dc34fda5d0e8f4eb793f992f8e2320585baa1be,606773331a7e92acc7603f67e120eefeca23fec069da91a5b1668fbbd8d9a215,30303,36096,4,4,4,0,A0_base,abfe9f08d45d5b5c6e623e2ea8ccda1fb344c33289266fb7a40d6a6c878be927
case_061,3,B,L1_base,861455fdbcb7e51f6a45bd239dc34fda5d0e8f4eb793f992f8e2320585baa1be,b353f751516f94d0c51897adf272adc8d0e095c46b20d26138f87661246c6f8d,30303,36096,4,4,4,0,B0_base,abfe9f08d45d5b5c6e623e2ea8ccda1fb344c33289266fb7a40d6a6c878be927
case_061,3,C,incumbent_base,861455fdbcb7e51f6a45bd239dc34fda5d0e8f4eb793f992f8e2320585baa1be,713c44d90fa7e313c67617c107273af483889d2ccc6a7d7b98f719be24e6cb80,30303,36096,4,4,4,0,incumbent_base,861455fdbcb7e51f6a45bd239dc34fda5d0e8f4eb793f992f8e2320585baa1be
case_061,4,A,L1_base,9dcf9338a474e2eb9675545d7da1c61fff8ddea19a9e3d4649de72fb8591508e,03aa56eab68f004f4b1ebb91740e297137b7b1f5265fd2f6ec74fab7327de38c,24024,70656,4,4,4,0,A0_base,86812693e02586367d9b3ba8774f40d3ad127658c0b4fe1597a0516c0189e3ed
case_061,4,B,L1_base,9dcf9338a474e2eb9675545d7da1c61fff8ddea19a9e3d4649de72fb8591508e,451951cdec416b95a428d2e90645b3470af59a0087553cbc861b955b792579b4,24024,70656,4,4,4,0,B0_base,86812693e02586367d9b3ba8774f40d3ad127658c0b4fe1597a0516c0189e3ed
case_061,4,C,incumbent_base,9dcf9338a474e2eb9675545d7da1c61fff8ddea19a9e3d4649de72fb8591508e,aa4ee3733113e2cb58849fc2f86274eaa991f55d9a08f26596d93c3e4e8a063a,24024,70656,4,4,4,0,incumbent_base,9dcf9338a474e2eb9675545d7da1c61fff8ddea19a9e3d4649de72fb8591508e
case_061,5,A,L1_base,b86ec3dd2ffb94be6da7450a12f26951c17dc5733d84ff3ffdafb1a2e87eb635,e4ec0225abaf5a142474f9984d9858eded0edf7517b78222986d49f3a9a9b69b,22283,82944,4,4,4,0,A0_base,74f5022dbb5fa4befca30aee40bc51c46b67df6661c1b0d24aea9f92f5d3950c
case_061,5,B,L1_base,b86ec3dd2ffb94be6da7450a12f26951c17dc5733d84ff3ffdafb1a2e87eb635,61d649ceee6dca2ddbc5e945681e1b9af9ff728c5c2f40ff64bd05cffcb8ae45,22283,82944,4,4,4,0,B0_base,74f5022dbb5fa4befca30aee40bc51c46b67df6661c1b0d24aea9f92f5d3950c
case_061,5,C,event_timing_tid_15_miss_2_bytes_6400_front,4e68ce6f41e62f357d65db627afe51e04f231db65e9f379f300b2116b627eb69,265bd5f43248e616716ea36479298549a7903cad27f6ad9bfba57c53a150e546,22283,82944,5,5,5,0,incumbent_base,b86ec3dd2ffb94be6da7450a12f26951c17dc5733d84ff3ffdafb1a2e87eb635
case_063,1,A,A0_base,22ba1aa466d54b5388d6a4f595e2c379d9b03d96a9122f8f166ba87ce165e289,2f72184f82800e64df5fe75331402885dbdbaeb2f39b9dd4e587adfe736ab011,1070397,0,2,2,2,0,A0_base,22ba1aa466d54b5388d6a4f595e2c379d9b03d96a9122f8f166ba87ce165e289
case_063,1,B,B0_base,22ba1aa466d54b5388d6a4f595e2c379d9b03d96a9122f8f166ba87ce165e289,e65de692b9b530b007f26a1df084a7bd659960080dac9d40676cb1377e34267b,1070397,0,2,2,2,0,B0_base,22ba1aa466d54b5388d6a4f595e2c379d9b03d96a9122f8f166ba87ce165e289
case_063,1,C,incumbent_base,22ba1aa466d54b5388d6a4f595e2c379d9b03d96a9122f8f166ba87ce165e289,bbfe02bc1eaca86b090ac1790624ddf447eed6c6ceda805a1edc132d4c37ca47,1070397,0,1,1,1,0,incumbent_base,22ba1aa466d54b5388d6a4f595e2c379d9b03d96a9122f8f166ba87ce165e289
case_063,2,A,L2_base,a35a7aded7ff6fd3548b949108a420278856fe5c1b5583131a90cc458d51c53a,3a0c245b122d13d8b98013a4af83146651470e6277bd73884031f3df633a6d59,795582,2116608,2,2,2,0,A0_base,e6ac25b3d5e2f3acd7807543cebb19e9150f9c2fdbc997a19aaff5f6dc34aaf1
case_063,2,B,B3_base,51619789eba8cc0c10203e57bad4d5cf3637cd70c8c1a9e082f778f03f0286d5,68e7ef3981c13376dc4391a5bed9533f8eba73a53ca5092115f05116821dfdec,909394,23271936,2,2,2,0,B0_base,e6ac25b3d5e2f3acd7807543cebb19e9150f9c2fdbc997a19aaff5f6dc34aaf1
case_063,2,C,incumbent_disperse_group_tid_1000002259_group_0_core_1_pos_0,8c6ec25fd5637cd86d79b80c7a006af1fe94d30c7c42bfef609dae0775f86354,62e3a60f596702817c0e374221b85bbab92199e3462c7936de81ff912de415e4,874911,24056832,3,3,3,0,incumbent_base,51619789eba8cc0c10203e57bad4d5cf3637cd70c8c1a9e082f778f03f0286d5
case_063,3,A,incumbent_base,d60fbed36079748d8c845b9365db8f42af3163a7b85e57dacf93799dc8b75540,5c007b94d98144ad10adb4e1e79d5da075396d82a72cb1efc66bca52c95ba532,795582,2116608,3,3,3,0,A0_base,a25d62676e875b9fd2bf6329d942009d59312343cef0e00bda7ecef70aa4d2a6
case_063,3,B,B3_base,c19120d0fcb32d450ee188979cdaaac152c0aec69d093df5cfa4a66e2bdb37ce,05c043bcd3076428a603450e957b7ae2245a214928ffcc10e5956c6053430596,617304,22190592,3,3,3,0,B0_base,a25d62676e875b9fd2bf6329d942009d59312343cef0e00bda7ecef70aa4d2a6
case_063,3,C,event_timing_tid_1000003227_miss_4_bytes_18432_core_2,11660554cf041b6e27c0938e4c3a48be57fb6e73c53dc5c79e9ebd4aef22637d,83a7903345130545557cf6b7c69b687a8f9710adb2580b2bf3ef0ad8b0625344,593484,22210560,3,3,3,0,incumbent_base,c19120d0fcb32d450ee188979cdaaac152c0aec69d093df5cfa4a66e2bdb37ce
case_063,4,A,L2_base,167243b61e64de75cbece74ff8ac7bd608afb6ae7493e0fec2a4806b54b7aaea,6eb16a49afc7d91475e219a3ab7a7f798a9f3d29232518d9f82fe5f397b2793f,348902,2469888,2,2,2,0,A0_base,9e8568059c48834cc592c58f6b6416e5d15707158628f8cdbd108e2723f23ab6
case_063,4,B,q1_warm_aggregate,0631ab897dea3c6d65f5f3ab414810266a7fbadc620e46cb04d2f3831ce2f123,0b03d5f4ed3416fb129b7e2735c762ae44d7b556282215e91ce9553f4b858503,324251,2211840,3,3,3,0,B0_base,9e8568059c48834cc592c58f6b6416e5d15707158628f8cdbd108e2723f23ab6
case_063,4,C,incumbent_aggregate,ba058e24dabc74bfd18f733212bd30ebdfb15549bdbcea831b789f80e40259d5,0bdcb19a1144a0f3f29e26935191a7be9e8769a4238aa4ba8097f45961962065,324251,2211840,3,3,3,0,incumbent_base,0631ab897dea3c6d65f5f3ab414810266a7fbadc620e46cb04d2f3831ce2f123
case_063,5,A,L2_base,e74ce0d73c35d6128b9c1a9dace1869cd2dc3d6431499a4adf545d45c0e6f800,bf1a92281ac861ba5e855097d215eec197aec544f75aad14c957be8e63bdcbb6,269453,2755584,2,2,2,0,A0_base,b9aed592a9fdffcf5ec893b6ef9d30ddf70a74c89f577f845cfd084af6585eae
case_063,5,B,q1_warm_aggregate,17351d98f4f9178d303a38116b899ae959f623fc71ce8101ffb97115108c0f2c,8e84920c3e211aa5503a5257e44076d34c82f9c1a3f2d901306a62612127dee6,251581,2509824,3,3,3,0,B0_base,b9aed592a9fdffcf5ec893b6ef9d30ddf70a74c89f577f845cfd084af6585eae
case_063,5,C,incumbent_aggregate,43de34f919fa7a688eadb66196417d77a9499f3a2ba425bf5fb3cd423453d0c2,6e7ec90b169ff2b90cfd22d9646586e6579f20b66cedace3194f3b6d1ce25ac7,251581,2509824,3,3,3,0,incumbent_base,17351d98f4f9178d303a38116b899ae959f623fc71ce8101ffb97115108c0f2c
case_082,1,A,A2_base,11701b2961ed946ae2ce2feeeced5db9b2348bdb00540e343ca2b972886a460d,80729aede7275b8200b27d86db255080428c4871e706e4de819eb8c6a26059f5,716933,148102,2,2,2,0,A0_base,f5ef7fed6dfc1dcefef4ff6e9f93c69f9c8700ae9023887c297987bd655cab19
case_082,1,B,q1_warm_base,11701b2961ed946ae2ce2feeeced5db9b2348bdb00540e343ca2b972886a460d,400355a64a0bd877b7696d5bfd412be32600ed49a005cc41e46d229b9f043f18,715588,0,3,3,3,0,B0_base,f5ef7fed6dfc1dcefef4ff6e9f93c69f9c8700ae9023887c297987bd655cab19
case_082,1,C,incumbent_split_topo_g0_p4,96e8670b5bf365fa1e9c40d11e9d87f65fd7544edf798b73653839a82ccba189,6932e195fb9d37d6e8da844e1daa5c5b904222fe4ea9938c64c127488f9fec3f,709534,0,3,3,3,0,incumbent_base,11701b2961ed946ae2ce2feeeced5db9b2348bdb00540e343ca2b972886a460d
case_082,2,A,A2_base,7b2d7e24f26bd6e9e58b4bf0fc8a4c8242485a4d3f5bd385fcb96a53f8943fb9,3b1b1a5c0ad914f3e7b10ed639c86b311e9503233bf0126f79731dba26d84cfb,713527,376592,2,2,2,0,A0_base,5418b918dfe588bdf36fbee04df5a7961639b246a7cb980d39f0d3d7776d483a
case_082,2,B,q1_warm_base,7b2d7e24f26bd6e9e58b4bf0fc8a4c8242485a4d3f5bd385fcb96a53f8943fb9,bc23966f878f384eb6d642112983cb3f8eda86741ef36b9919bbe5d7d6df7730,708711,234630,3,3,3,0,B0_base,5418b918dfe588bdf36fbee04df5a7961639b246a7cb980d39f0d3d7776d483a
case_082,2,C,incumbent_base,7b2d7e24f26bd6e9e58b4bf0fc8a4c8242485a4d3f5bd385fcb96a53f8943fb9,6cbaa094da2e1560b13c9d67feb458c2467e4ff8e752aa696620042030fb4c02,708711,234630,2,2,2,0,incumbent_base,7b2d7e24f26bd6e9e58b4bf0fc8a4c8242485a4d3f5bd385fcb96a53f8943fb9
case_082,3,A,A3_base,bfe75727e4c0463594c13cb3f46aa74dfe4af0ccfbc6bf09647351e4393a3452,08ea50ea64b83e08b8598f543c4a6aad199acc8a11edab9327b379a2e2cbfaf1,709767,2507492,2,2,2,0,A0_base,ad8e59e164945756d977f190f728eb597522906b4f5c7db186ca41ca73850eb1
case_082,3,B,B2_base,bfe75727e4c0463594c13cb3f46aa74dfe4af0ccfbc6bf09647351e4393a3452,fb20ea7e946356843e893c07186e04a6522d3a5a3ead890e8750c21cfa47fa37,619074,2534220,3,3,3,0,B0_base,ad8e59e164945756d977f190f728eb597522906b4f5c7db186ca41ca73850eb1
case_082,3,C,event_timing_tid_1000003013_miss_2_bytes_4096_core_1,b52dc6c63b7c1ebe93587a89b9fcf45ac439b6adec217a42802ece10fa6f96d0,313abdefc67687313409bc3f7d770b639fbe017946d95769675688b37bd71691,606773,2481484,3,3,3,0,incumbent_base,bfe75727e4c0463594c13cb3f46aa74dfe4af0ccfbc6bf09647351e4393a3452
case_082,4,A,A2_base,1b223f8b0be5982c5193b5f26042a2f66b1740ca84c06bfd76d8e8d25d7d8169,36175ad612935456314d3ddcecdbce11920353bf69f80cd19252eff32faee35d,712066,775706,2,2,2,0,A0_base,a17a5cf0a3b753c0b8ed61a302cd0b31b2abddf5de4ef710ce7790271031a1b1
case_082,4,B,B3_base,857f5a1f7e95993abcd32fa92469aaf3e23c7b5658ac9a7565d9662ac400d988,ba4f8690ba379837d26f0e5a9186791b9c03bcdd97fe70d405871e99a391588c,581815,5394700,3,3,3,0,B0_base,a17a5cf0a3b753c0b8ed61a302cd0b31b2abddf5de4ef710ce7790271031a1b1
case_082,4,C,incumbent_base,857f5a1f7e95993abcd32fa92469aaf3e23c7b5658ac9a7565d9662ac400d988,fe7cfaade5f40229c234e2c4c4599a44956e5d03540c631e7ac2093b0e1b1286,581598,5394700,2,2,2,0,incumbent_base,857f5a1f7e95993abcd32fa92469aaf3e23c7b5658ac9a7565d9662ac400d988
case_082,5,A,A0_base,fc4cabc3445636d965dcd8aaf94bd5fcb0eb9c9fd0e623b860874cb3504f5d00,0d4c8215fe4eb00c558ce6e3e67932bdf65c6fcba9c832dff56086310697f13d,721041,0,2,2,2,0,A0_base,fc4cabc3445636d965dcd8aaf94bd5fcb0eb9c9fd0e623b860874cb3504f5d00
case_082,5,B,B2_base,c50c5ad1d45bae3110b6081b21b63ca352ef030caaccac0f8e578774caba02aa,9a02ce028acb154802c8cae766cd9d254cbb58be4ab277f4a09eb3c690e51610,596513,5224344,2,2,2,0,B0_base,fc4cabc3445636d965dcd8aaf94bd5fcb0eb9c9fd0e623b860874cb3504f5d00
case_082,5,C,incumbent_disperse_tid_1000001471_node_2686_core_0_pos_2,759509ef372ba663a489b03cf13e210f0d3e0a3c2117647358ac0c4907cbcc7b,d90e88f1cf57aff32f716d6ba1059651437daaf059f4da273d215f1c544c167a,592853,5216152,3,3,3,0,incumbent_base,c50c5ad1d45bae3110b6081b21b63ca352ef030caaccac0f8e578774caba02aa
case_086,1,A,A2_base,bd38819bb058ab4a1468c670003d155cc6aa63dcbb060d88c15bcc7ddb4657a1,e55e92ea6e1214727856efe8f67b3bf458d435eedb25e9b1c8f6c792b01158be,118296,84966,2,2,2,0,A0_base,0d563e6559f9527077a694ea99a33a07d9edeba4b7a2b92223f4385789f34c4a
case_086,1,B,B2_aggregate,6a801b2754e640423dfe4de0bd5787e1ea4566cb30f1c3c79fddf44110d56dd1,45eb371eddfc9795c9fc0d51a6277227e63786283ffac99fec98068a5e475887,115732,0,3,3,3,0,B0_base,0d563e6559f9527077a694ea99a33a07d9edeba4b7a2b92223f4385789f34c4a
case_086,1,C,incumbent_split_release_g0_p4,6763c277ae9b6cb1021009c52d608c14902675ee4d95dcfc20370072cbd081e1,9b35c5f4629346beafd0e512dc86a6566f129be7b17ef540698f188f18c82fba,114476,0,3,3,3,0,incumbent_base,6a801b2754e640423dfe4de0bd5787e1ea4566cb30f1c3c79fddf44110d56dd1
case_086,2,A,A0_base,2403f9d7496b9b21df3608946434626c68eea3f815a33abc1be9f33727767e0f,f86f3ca2f2742a3dcb11e4158d8e12c3b162386963da94b59a1ed79e9cf277ce,118403,0,2,2,2,0,A0_base,2403f9d7496b9b21df3608946434626c68eea3f815a33abc1be9f33727767e0f
case_086,2,B,B0_base,2403f9d7496b9b21df3608946434626c68eea3f815a33abc1be9f33727767e0f,179a6fb7550bd47c6abf8ffd879cc1fc9a19d9d6ef6ea6730825bf94cd77012d,118403,0,2,2,2,0,B0_base,2403f9d7496b9b21df3608946434626c68eea3f815a33abc1be9f33727767e0f
case_086,2,C,incumbent_split_topo_g0_p4,98707fc64d35f98e485c2934c1301b508b960fde29a6d244806c7e562e25b024,17efc347dba4fe31e125b7b7385a72a0ffb8e20f23bee8dbac98e1096ed9bfb5,115496,0,2,2,2,0,incumbent_base,2403f9d7496b9b21df3608946434626c68eea3f815a33abc1be9f33727767e0f
case_086,3,A,A0_base,2d267fa9b457d7fcbb53461c38064565cf021742f50fbf4b3bc5a15fe083b5cf,08fe29e5a1c80a992a2c0dbcadd906a5ac5cddabed8bd2f6b0f48fd5a762e280,118403,0,2,2,2,0,A0_base,2d267fa9b457d7fcbb53461c38064565cf021742f50fbf4b3bc5a15fe083b5cf
case_086,3,B,B0_base,2d267fa9b457d7fcbb53461c38064565cf021742f50fbf4b3bc5a15fe083b5cf,7284d1e9368b2d85617eacf0d3075d1175e94d9fa02943f9c6454aa7ec92c584,118403,0,2,2,2,0,B0_base,2d267fa9b457d7fcbb53461c38064565cf021742f50fbf4b3bc5a15fe083b5cf
case_086,3,C,incumbent_split_topo_g0_p4,422d5f729eacba5ec290a6da17eeeef33249e2a893cc0bcab0287de1ba05fd39,12c7d96aac6831f1bd5717991a13b7d66cc8aa24a41a6fd86ffe425a065035a1,115496,0,2,2,2,0,incumbent_base,2d267fa9b457d7fcbb53461c38064565cf021742f50fbf4b3bc5a15fe083b5cf
case_086,4,A,A2_base,bad3345940b9810ce86200b5e3fecb630258752847b9e2ecf9815d05fa8374a2,a0d6c3a4b8b4115eae00a8ac8d57c841d91bd98958d0a9bda358faee6147832e,109864,439126,2,2,2,0,A0_base,792fe2d14a7f5707e8b4972dd819aed32923d3a6c743cf988e9a43d568d94b2a
case_086,4,B,q1_warm_base,bad3345940b9810ce86200b5e3fecb630258752847b9e2ecf9815d05fa8374a2,8c839ce5a1877f16520818812cfd1e697f4c01b0690fa42f7851d66b9047e533,94047,398416,3,3,3,0,B0_base,792fe2d14a7f5707e8b4972dd819aed32923d3a6c743cf988e9a43d568d94b2a
case_086,4,C,incumbent_split_release_g0_p4,e8832fde90ce1d4849a67920eb9dc7626dd5c9cd4faf3316c88d3da61113a333,24f0bfd573867339aa935afc9c0d7d79c2d36a0eac21e93e60e022001ac480ac,88995,398416,3,3,3,0,incumbent_base,bad3345940b9810ce86200b5e3fecb630258752847b9e2ecf9815d05fa8374a2
case_086,5,A,A0_base,09b9020a90f395bd6c57a70fac622f20836fc1e334536ca42e5bc3502ac0111e,d7fb35f16289f069eef2bcd46f8b98fc32dfc7e9834134e966ec8e368e675d0c,118403,0,2,2,2,0,A0_base,09b9020a90f395bd6c57a70fac622f20836fc1e334536ca42e5bc3502ac0111e
case_086,5,B,B0_base,09b9020a90f395bd6c57a70fac622f20836fc1e334536ca42e5bc3502ac0111e,500f40fb7f5b1e778a90c95f33f8216e907361f807f2a28f495f68dc20a89c62,118403,0,2,2,2,0,B0_base,09b9020a90f395bd6c57a70fac622f20836fc1e334536ca42e5bc3502ac0111e
case_086,5,C,incumbent_split_topo_g0_p4,66468420d768c8cfa6a17e36c4552435b28de0b26b7ecae406e11befb2e15d17,345f92304ba17f049ba47d9a9407ab256c6b136379d939432d0f8002396db14f,115496,0,2,2,2,0,incumbent_base,09b9020a90f395bd6c57a70fac622f20836fc1e334536ca42e5bc3502ac0111e
case_098,1,A,A0_base,433c381122151bc9df910934d44abf566fcc5394b5f6954ca2bef8fdbca59e2c,39171b02202c64289d36d91fb9b14db10621dbe6b5ada2f752d95d8f21b90ad6,177430,0,2,2,2,0,A0_base,433c381122151bc9df910934d44abf566fcc5394b5f6954ca2bef8fdbca59e2c
case_098,1,B,L3_base,14c0c164161f5ddc567836d50ab0a1f5e57175de8748cfbe8aac5cff9bba2b23,097b4fdfd8c19d881c2b466c01a6b1df52d961c943bdc8519689fcdfd9fdf36c,176752,364588,2,2,2,0,B0_base,433c381122151bc9df910934d44abf566fcc5394b5f6954ca2bef8fdbca59e2c
case_098,1,C,incumbent_aggregate,a7f409a5d0d151fa7ee4e3dfe41009630b1e313894ee3ec5586616a28342b2cf,a47b5a9ad5abf5d9f744f67476f026c435581df0a58059e6b66d26ce18eb6738,174782,385068,3,3,3,0,incumbent_base,14c0c164161f5ddc567836d50ab0a1f5e57175de8748cfbe8aac5cff9bba2b23
case_098,2,A,A1_base,f769c0ab4999ca1dd44a92beea1251961adae8485b99f3ff39e03de687610a04,6b508d16f1eaa0ac5c158d5d139f909637426ba466bb27b25fb0495bd09800ff,89756,0,3,3,3,0,A0_base,0304b1737706f41ba4df5bdc00a10a5dcde72ec05ce24388d7206a640c574d9b
case_098,2,B,B1_base,f769c0ab4999ca1dd44a92beea1251961adae8485b99f3ff39e03de687610a04,d5b9f44f8439436a9fd2cd691c35c7837227df68d5268f50e311f6863685f657,89756,0,3,3,3,0,B0_base,0304b1737706f41ba4df5bdc00a10a5dcde72ec05ce24388d7206a640c574d9b
case_098,2,C,incumbent_base,f769c0ab4999ca1dd44a92beea1251961adae8485b99f3ff39e03de687610a04,f8844a6f07bfdaddd44a6726af42235be24bedfdb6a89fd2673dbe32c9aa6cc4,89756,0,2,2,2,0,incumbent_base,f769c0ab4999ca1dd44a92beea1251961adae8485b99f3ff39e03de687610a04
case_098,3,A,A1_base,d244b5a60982c12ac0cca9e51912ff30d1a7046e58ec7f072f3e3c1a4221b190,4e3ffaf17868de9ca1ca400515330c591de82403d0fa9301d4c977d062f1238c,89756,0,3,3,3,0,A0_base,56d64cbfe69d37e4ed4ecf1ef69f55244490e14d8293718c1ce10bb3652e496e
case_098,3,B,B1_base,d244b5a60982c12ac0cca9e51912ff30d1a7046e58ec7f072f3e3c1a4221b190,340e78ed7af38ec4ba83036a2758ec79fb90143f2a95e42f20cc2f3e6f11f3af,89756,0,3,3,3,0,B0_base,56d64cbfe69d37e4ed4ecf1ef69f55244490e14d8293718c1ce10bb3652e496e
case_098,3,C,incumbent_base,d244b5a60982c12ac0cca9e51912ff30d1a7046e58ec7f072f3e3c1a4221b190,59228409df115de295af44c74177eff54ed523c0db0f16729ac7dcb0be15eeda,89756,0,2,2,2,0,incumbent_base,d244b5a60982c12ac0cca9e51912ff30d1a7046e58ec7f072f3e3c1a4221b190
case_098,4,A,A1_base,59a6fa43d11787aa2563992c95a702b720803228c2f0f1bd8b6d48a3760b7f9e,41ee09f5eecf227148f014604f696911333f28a32dd0d6448fa7d22949b1446f,89756,0,3,3,3,0,A0_base,3a3f4ed971f2fa5c3cdb198b72e726bef208990cd6374b066ce379d73e7c85f5
case_098,4,B,B1_base,59a6fa43d11787aa2563992c95a702b720803228c2f0f1bd8b6d48a3760b7f9e,fac347557636e6a0a49c50bf15ef8324af80321f7047b65b397186a14b0fedb5,89756,0,3,3,3,0,B0_base,3a3f4ed971f2fa5c3cdb198b72e726bef208990cd6374b066ce379d73e7c85f5
case_098,4,C,incumbent_base,59a6fa43d11787aa2563992c95a702b720803228c2f0f1bd8b6d48a3760b7f9e,40a632f4585eb1312fd27a56d09408b59d19bfdfb3913d2021d1847207357947,89756,0,2,2,2,0,incumbent_base,59a6fa43d11787aa2563992c95a702b720803228c2f0f1bd8b6d48a3760b7f9e
case_098,5,A,A1_base,eba72c9199f236db01bbcc3d647d7d71634dbd20ddf5d0a35133a3b56ffdf547,c6ff18bf2debb34ca149a94ad7f7e5627d4167089ebb15af0ffa188b3d7d4079,89756,0,3,3,3,0,A0_base,74c0b6b89f08aaf334a2ee8003e2858ddc141de7b0acdf68ea5dd6e5dca74d71
case_098,5,B,B1_base,eba72c9199f236db01bbcc3d647d7d71634dbd20ddf5d0a35133a3b56ffdf547,f838d576b0008e61af9a2c0691fa8caa378ecc2c828b0e5933272d00d15514ae,89756,0,3,3,3,0,B0_base,74c0b6b89f08aaf334a2ee8003e2858ddc141de7b0acdf68ea5dd6e5dca74d71
case_098,5,C,incumbent_base,eba72c9199f236db01bbcc3d647d7d71634dbd20ddf5d0a35133a3b56ffdf547,76cdfe0981520c938c52c4dcd618048834dacf42ee665620bbddfacf81bc1850,89756,0,2,2,2,0,incumbent_base,eba72c9199f236db01bbcc3d647d7d71634dbd20ddf5d0a35133a3b56ffdf547
case_021,1,A,A2_base,f41da1735dd0ebd2c04290f40f61bd33814840239d9c2a31f6001a41399d4946,1c4d0c44bef74e197c8877e30794fb5316976d26d38241b36b7289a0c755b0d9,6520170,4702208,2,2,2,0,A0_base,75c76d7ca84bf5240860631260ea9acadc6a6a12f28c2b338762b8ba1f477e40
case_021,1,B,B0_base,75c76d7ca84bf5240860631260ea9acadc6a6a12f28c2b338762b8ba1f477e40,891a0a9773e31e9a5bf0a32a7ba80212930fb020a9f1ab195c7e306400f5752a,6567937,4501504,2,2,2,0,B0_base,75c76d7ca84bf5240860631260ea9acadc6a6a12f28c2b338762b8ba1f477e40
case_021,1,C,incumbent_base,75c76d7ca84bf5240860631260ea9acadc6a6a12f28c2b338762b8ba1f477e40,34a574a82656fb4e6932ca3910292b070cc17c3c9ad87eb641d5f28bb1265cd0,6558837,4501504,1,1,1,0,incumbent_base,75c76d7ca84bf5240860631260ea9acadc6a6a12f28c2b338762b8ba1f477e40
case_021,2,A,A1_base,70bd2b78c6d49d79ea068856701774a7f1d352836d0dfac2f8aa3c8156f3209a,9576ad553a9cdecb4ed1de516e5f5f9b747364dc495fce8fedad5f34d7d9d0d2,3194570,3174400,4,4,4,0,A0_base,84b256dbe0b4d9b033959a2cc62ef7defce053555d3d8dc934eeadca0b1c5d94
case_021,2,B,B1_base,70bd2b78c6d49d79ea068856701774a7f1d352836d0dfac2f8aa3c8156f3209a,382110ad5fc4c7e248a22e93f845b19b40f2de5477210b794f069cbba18a5c6c,3194570,3174400,3,3,3,0,B0_base,84b256dbe0b4d9b033959a2cc62ef7defce053555d3d8dc934eeadca0b1c5d94
case_021,2,C,incumbent_base,70bd2b78c6d49d79ea068856701774a7f1d352836d0dfac2f8aa3c8156f3209a,0abfaf8ddc7ab1c4c7eddc131b7bd97421975960381b50a70740dbd41e220cc7,3193634,3174400,2,2,2,0,incumbent_base,70bd2b78c6d49d79ea068856701774a7f1d352836d0dfac2f8aa3c8156f3209a
case_021,3,A,A1_base,d731c45b1768ca2a06ff254859312d71bf19e18103abf52b461f882c62a5e9dd,0d9086102a5d63caf9b457866fba6c604803084b1c7d3966bb943896a0e3e5d1,2144024,7766016,4,4,4,0,A0_base,ea3fc777333398a2a373d66429f02cdfd2dd45f50071b6ccd2a8eba9f76d8ac3
case_021,3,B,B1_base,d731c45b1768ca2a06ff254859312d71bf19e18103abf52b461f882c62a5e9dd,8dd7dd400f4d58a9afc401e3085537b628377b89922d8756ffc6990cf26835c8,2144024,7766016,4,4,4,0,B0_base,ea3fc777333398a2a373d66429f02cdfd2dd45f50071b6ccd2a8eba9f76d8ac3
case_021,3,C,incumbent_split_topo_g1_p4,f2b50f8724152300e3c71667a1266c5280316fc21dc4abeb5447ed96ceac1063,f8025f6d194c25ed01966e93d95039964165bfd2621c416ea2e1e1ac571365cc,2142612,8163328,4,4,4,0,incumbent_base,d731c45b1768ca2a06ff254859312d71bf19e18103abf52b461f882c62a5e9dd
case_021,4,A,A1_base,aa5e3ecbb88cf3dc5293373b4001222a2303b9cea0c565b3c82d7bf86d08161f,0c283d48e65ff8fcfc468dcfb113d37b4f4adfa359dfe49d75ed069667928bc4,1550324,4608000,4,4,4,0,A0_base,6ad7a2e63e934f5dbe8032200f4ba59682644f7cb87d25bd7ab63b1974b7a8fe
case_021,4,B,B1_base,aa5e3ecbb88cf3dc5293373b4001222a2303b9cea0c565b3c82d7bf86d08161f,39abdacb96785073b3f724d8f956fc7dc5803048a368b0c7946a3d1de8a463c7,1550324,4608000,4,4,4,0,B0_base,6ad7a2e63e934f5dbe8032200f4ba59682644f7cb87d25bd7ab63b1974b7a8fe
case_021,4,C,incumbent_base,aa5e3ecbb88cf3dc5293373b4001222a2303b9cea0c565b3c82d7bf86d08161f,dcba37e2a8d3cb7853c2b8b9e895a7802c9bc30940fafd69417002984a12ec83,1550324,4608000,3,3,3,0,incumbent_base,aa5e3ecbb88cf3dc5293373b4001222a2303b9cea0c565b3c82d7bf86d08161f
case_021,5,A,A2_base,5dc2134b089a323de927fc6612f81be84ed5d5b1378552cdf9efe67aa6ca51d7,6092e5dc1ae843da0fe6dbd9340fa72c5aef3fca01b3ebab448019e21dbbc0ff,1243902,7372800,4,4,4,0,A0_base,aa467f5aef8b02128f21175e31cd1c674db245ee4f044f14425613f6bf33de94
case_021,5,B,B1_base,b383f8b0b056746cb43ab0faa7c173d264d92115fae511cd3c16b45148b43f27,4fc3ff34699963c466d588d6c0fc94e3f034a4bd490ba3c4088363a48bfa0f31,1250168,11431936,4,4,4,0,B0_base,aa467f5aef8b02128f21175e31cd1c674db245ee4f044f14425613f6bf33de94
case_021,5,C,incumbent_base,b383f8b0b056746cb43ab0faa7c173d264d92115fae511cd3c16b45148b43f27,6b71f50527475ef15e20f93a3a0df758e912f4f6e9a40ecc3fc6472008d7a1ea,1249380,11431936,3,3,3,0,incumbent_base,b383f8b0b056746cb43ab0faa7c173d264d92115fae511cd3c16b45148b43f27
case_031,1,A,A2_base,c3826635ecfb32dc1b8ed22df9f3bc72e1683880168140bc905246eced27490c,441c0d29ef2b8659b8209f9a042f6f4ca12da57f2d8cc8eb6678b327ada59035,1410105,3829248,2,2,2,0,A0_base,5b7474d17dc239aba45544511942ed7e90340f54970174c6f99f52983511c0b7
case_031,1,B,B0_base,5b7474d17dc239aba45544511942ed7e90340f54970174c6f99f52983511c0b7,0881c64931f801728f84e832d9e376f49b31cdfedbcf46bece8d1865de9aab3a,1414369,3491328,2,2,2,0,B0_base,5b7474d17dc239aba45544511942ed7e90340f54970174c6f99f52983511c0b7
case_031,1,C,incumbent_base,5b7474d17dc239aba45544511942ed7e90340f54970174c6f99f52983511c0b7,562b8c5504ff0aa2eb234c764e6f7e4913f5796392671599403fd52f5b25c275,1414159,3491328,1,1,1,0,incumbent_base,5b7474d17dc239aba45544511942ed7e90340f54970174c6f99f52983511c0b7
case_031,2,A,L1_base,c3e38a57dfe6e0d62f6a639cbac10abcc02c9d30b228edb74ac24189133496cf,6a55bf2e53797e5a75753c6b3817a144e6507cab44d8eb3ff7727d69e4b42c8c,712596,5250048,4,4,4,0,A0_base,33f33e68be942b9945274e9401495fad12b940f2fd91691573a529dcaf4dfd21
case_031,2,B,L1_base,c3e38a57dfe6e0d62f6a639cbac10abcc02c9d30b228edb74ac24189133496cf,b92d571c69e77b7351f65ea000ca61dd7d8c38102f75ef3d5e164a244178b7ea,712596,5250048,3,3,3,0,B0_base,33f33e68be942b9945274e9401495fad12b940f2fd91691573a529dcaf4dfd21
case_031,2,C,incumbent_split_topo_g1_p4,139fb22991bcbad50fc4e1f4609fba53ed322fbc1b616f76a471a2ae22a35aee,dec4da368c077997a285e2a22d9faf1ff3c32270da30e15dffb458ba2405f077,706497,4666368,4,4,4,0,incumbent_base,c3e38a57dfe6e0d62f6a639cbac10abcc02c9d30b228edb74ac24189133496cf
case_031,3,A,L1_base,feef3a139d4d9b5167db5a1aad79f3daa826da1bd0ba1269f6c41c294d724181,84997ef3dc522f1b86dd34a658b59f21af817103686e7cb427eb93d4feaee0ae,473822,7544832,4,4,4,0,A0_base,c3a74f1dc97bc26a93fbebdf95353e63e26064e519238a8dd51ba222b04cffde
case_031,3,B,L1_base,feef3a139d4d9b5167db5a1aad79f3daa826da1bd0ba1269f6c41c294d724181,557266cc040e8d26dc0367a4a6c1b753a806bb64406aafcff030c80e7dac7797,473822,7544832,4,4,4,0,B0_base,c3a74f1dc97bc26a93fbebdf95353e63e26064e519238a8dd51ba222b04cffde
case_031,3,C,incumbent_base,feef3a139d4d9b5167db5a1aad79f3daa826da1bd0ba1269f6c41c294d724181,231026459f1d4b7ce2756422d304e2b17b95be41244b7c9f02f5a38407e9fc71,473000,7544832,4,4,4,0,incumbent_base,feef3a139d4d9b5167db5a1aad79f3daa826da1bd0ba1269f6c41c294d724181
case_031,4,A,L1_base,d8617ca08480211e43ffbad438ac16fcd5a43847cb8830f436ca44befe527607,a8dccd6ebba46e1b154d7f3ecbe40ad3d207514facb093045d0d8decfb96e2ae,357987,7953408,4,4,4,0,A0_base,637ed66ab0a5ec8991062cb82d358b97a1c024b012fcb4540ca662d8ceb7134e
case_031,4,B,L1_base,d8617ca08480211e43ffbad438ac16fcd5a43847cb8830f436ca44befe527607,b9eb0cbc5e4035c8beb005ae281ed509fa715f491f5a73002d786042d1d9adfb,357987,7953408,4,4,4,0,B0_base,637ed66ab0a5ec8991062cb82d358b97a1c024b012fcb4540ca662d8ceb7134e
case_031,4,C,event_timing_tid_1000000689_miss_5_bytes_30720_front,03b967be0d61faf182efbac3e2f4a91d6328aafe578803adb4be58c4400c94b7,98730eebdeac73cfded792a07ff626902b142ec27c704179742c6a28626313db,355839,7953408,5,5,5,0,incumbent_base,d8617ca08480211e43ffbad438ac16fcd5a43847cb8830f436ca44befe527607
case_031,5,A,L1_base,917e2d8ac5ef58433cf5d59c52b42b4d8df5fcfb660a38cd4b7b3becb89f46f7,969c5d1f148d0d21e2ecf69974bce63619c6453662e20415c0247f5bcce75983,285693,7931904,4,4,4,0,A0_base,9f7e924ec2bc048dd8672a62c31b2378bf38b5d4c2590938e18cf05a9d9c3818
case_031,5,B,L1_base,917e2d8ac5ef58433cf5d59c52b42b4d8df5fcfb660a38cd4b7b3becb89f46f7,24a16909b3d8b853578149c58800abc07507852ecc42eb3719c0c09e3679e5bd,285693,7931904,4,4,4,0,B0_base,9f7e924ec2bc048dd8672a62c31b2378bf38b5d4c2590938e18cf05a9d9c3818
case_031,5,C,event_timing_tid_1000000735_miss_5_bytes_30720_front,6a9cef9e01bb716af3c342c6197869571dd25bed36ea377036f32b029079660f,6756452ac99708a9d2bb28cfc0516663bbb6343751ff12fd2536cfc177881c76,284489,7931904,5,5,5,0,incumbent_base,917e2d8ac5ef58433cf5d59c52b42b4d8df5fcfb660a38cd4b7b3becb89f46f7
case_051,1,A,A0_base,a99839fc0c6ff3f3581958c9c69c3737e2f83f16ad3efe64d200b0afcd604df0,d4407d56a57ad9e431991d2c5b309e386879050644a072876aacec652bf53afb,607628,0,2,2,2,0,A0_base,a99839fc0c6ff3f3581958c9c69c3737e2f83f16ad3efe64d200b0afcd604df0
case_051,1,B,B0_base,a99839fc0c6ff3f3581958c9c69c3737e2f83f16ad3efe64d200b0afcd604df0,5e5cea958e688e2ccb4c6b57eb26570a1b8d8da7713a64cac0f0a2fbb105fced,607628,0,2,2,2,0,B0_base,a99839fc0c6ff3f3581958c9c69c3737e2f83f16ad3efe64d200b0afcd604df0
case_051,1,C,incumbent_base,a99839fc0c6ff3f3581958c9c69c3737e2f83f16ad3efe64d200b0afcd604df0,62d464f9bffaf20c347586b1cbc2131e7dee259360f8910d2dd18b77eda6a48f,607628,0,1,1,1,0,incumbent_base,a99839fc0c6ff3f3581958c9c69c3737e2f83f16ad3efe64d200b0afcd604df0
case_051,2,A,A0_base,2a2865adc5eff22153cf709fe4d0e43cbfa7456ab5e749636d0c433923fc996f,3da8b94a839f88fd6b86af073048a60bf1e52c466064cea9c457a04861fe24fb,607628,0,2,2,2,0,A0_base,2a2865adc5eff22153cf709fe4d0e43cbfa7456ab5e749636d0c433923fc996f
case_051,2,B,B0_base,2a2865adc5eff22153cf709fe4d0e43cbfa7456ab5e749636d0c433923fc996f,8c0c32ab8de168f213a5afc226aabc7839632af2eb19cf1e5ccf684a4119df41,607628,0,2,2,2,0,B0_base,2a2865adc5eff22153cf709fe4d0e43cbfa7456ab5e749636d0c433923fc996f
case_051,2,C,incumbent_base,2a2865adc5eff22153cf709fe4d0e43cbfa7456ab5e749636d0c433923fc996f,6445165e72c72770046cbce43b043781574a5c35da7fd8d8cf3061a0c7909d3f,607628,0,1,1,1,0,incumbent_base,2a2865adc5eff22153cf709fe4d0e43cbfa7456ab5e749636d0c433923fc996f
case_051,3,A,A0_base,360a0b07d1a2da745dce6b8f7cee1cfa84bb6988379c407e9d772de1e21ea066,eb90e24caf03a0afbd1d901a43dcbd8d8d3da8ac85a3ef1aa3557d7fcefac91b,607628,0,2,2,2,0,A0_base,360a0b07d1a2da745dce6b8f7cee1cfa84bb6988379c407e9d772de1e21ea066
case_051,3,B,B0_base,360a0b07d1a2da745dce6b8f7cee1cfa84bb6988379c407e9d772de1e21ea066,26db5cfee310562d100b75f6177131182bfaa21eee810c259167d8f47ee8eb38,607628,0,2,2,2,0,B0_base,360a0b07d1a2da745dce6b8f7cee1cfa84bb6988379c407e9d772de1e21ea066
case_051,3,C,incumbent_base,360a0b07d1a2da745dce6b8f7cee1cfa84bb6988379c407e9d772de1e21ea066,d58aa3a139b75add752d8960e12d33f3dccb6da84b70dfd3e49c1c8c1b74d14d,607628,0,1,1,1,0,incumbent_base,360a0b07d1a2da745dce6b8f7cee1cfa84bb6988379c407e9d772de1e21ea066
case_051,4,A,A0_base,4c5c033caea8d7ea64de79c1603cfe2a0e427ec1ce9c207be7038f5d50250e1b,a2d4fc5f3c71460941603ff42ff90c860597a7fe922bce9f7f1df52fcd83a518,607628,0,2,2,2,0,A0_base,4c5c033caea8d7ea64de79c1603cfe2a0e427ec1ce9c207be7038f5d50250e1b
case_051,4,B,B2_base,743ddfdc90bda57cd72172e4ecf2dc6c3ba30306fd107a2eeca8f0bc49dab3c9,7657a66a2aad1208a565879f6bed0c5731e51af92ea6d07d202f4c84de522cd4,541017,7471132,2,2,2,0,B0_base,4c5c033caea8d7ea64de79c1603cfe2a0e427ec1ce9c207be7038f5d50250e1b
case_051,4,C,incumbent_base,743ddfdc90bda57cd72172e4ecf2dc6c3ba30306fd107a2eeca8f0bc49dab3c9,bfa34c44107c2d898c2762fd94a3473c18da3ac8219fe1d390598d66d5afa48d,541017,7471132,2,2,2,0,incumbent_base,743ddfdc90bda57cd72172e4ecf2dc6c3ba30306fd107a2eeca8f0bc49dab3c9
case_051,5,A,A0_base,456eecf04e269a172a7af1acb42c946578f7cff24aea1494b816e99b7d7ce0f4,18c88d23fca19c73a8bdb5539fde8a39184b3e2c537453a94c2ec3819d2f2891,607628,0,2,2,2,0,A0_base,456eecf04e269a172a7af1acb42c946578f7cff24aea1494b816e99b7d7ce0f4
case_051,5,B,incumbent_base,23f9b112319e3936a068ccb03a1cd5b513fedf05827230057b5884ab0315e322,b2a2d7ee4ca54e2956ccb1de15f724b7c5255413d9d1bf1e6c93d22fc1e4cb90,541017,7471132,3,3,3,0,B0_base,456eecf04e269a172a7af1acb42c946578f7cff24aea1494b816e99b7d7ce0f4
case_051,5,C,incumbent_base,23f9b112319e3936a068ccb03a1cd5b513fedf05827230057b5884ab0315e322,54872e655353bb89a108ceb6ad17654922f620812efcdf38e0413def1ec3bffe,541017,7471132,2,2,2,0,incumbent_base,23f9b112319e3936a068ccb03a1cd5b513fedf05827230057b5884ab0315e322
case_055,1,A,A0_base,57f1aa3ebfd308a12a8c4fdfa68250eb54e430fe7e60658982741cfe07245f91,5fcd42429b6bc350223a1303ee62191370399ce11215d42c0716853341594fca,118835,69632,2,2,2,0,A0_base,57f1aa3ebfd308a12a8c4fdfa68250eb54e430fe7e60658982741cfe07245f91
case_055,1,B,B0_base,57f1aa3ebfd308a12a8c4fdfa68250eb54e430fe7e60658982741cfe07245f91,858d0f805d6b59aca036e849a7fb85256c5ef8995233fc42733874686900678d,118835,69632,2,2,2,0,B0_base,57f1aa3ebfd308a12a8c4fdfa68250eb54e430fe7e60658982741cfe07245f91
case_055,1,C,incumbent_split_topo_g0_p4,af97ca75e1573f4ecd70335b68de6fcdf54ff4b81682b486cb5c8e8876ca02fa,33395fc504ef5ed47422c0ebb935914809eab9953fd9981e4f72b117893403d5,114628,57396,2,2,2,0,incumbent_base,57f1aa3ebfd308a12a8c4fdfa68250eb54e430fe7e60658982741cfe07245f91
case_055,2,A,A1_base,174cc002b6ffb4cdc45c21a8bb50ec0dc77e0c99260671f016c39cde0626dc27,69b02a36a01687287bfe3417628b7a540152203045a23169ed810213788a6d8a,59839,41472,3,3,3,0,A0_base,5f3aa48d9e4c5691798624cb6d10616db85e93cb624e41c0539c197a7d6e86e9
case_055,2,B,B1_base,174cc002b6ffb4cdc45c21a8bb50ec0dc77e0c99260671f016c39cde0626dc27,b899ba29c7c7e5c93c2c56e43dcdd96b42a343ebc9e1a0ad705687f82915f591,59839,41472,3,3,3,0,B0_base,5f3aa48d9e4c5691798624cb6d10616db85e93cb624e41c0539c197a7d6e86e9
case_055,2,C,incumbent_base,174cc002b6ffb4cdc45c21a8bb50ec0dc77e0c99260671f016c39cde0626dc27,4506cc8da3d7755e9f4c971177da3563b534aedca4b5d9ed1f97f3451933f992,59839,41472,3,3,3,0,incumbent_base,174cc002b6ffb4cdc45c21a8bb50ec0dc77e0c99260671f016c39cde0626dc27
case_055,3,A,L1_base,146b2beef686f5a6176ca7e3e49795d2c83fec4883499d28665e4e1a0c2d1bcf,eaeb53ac4309c9eb7f8f54e3f195c153bb5cac764d050176fb717c2ff55872b0,42047,115712,4,4,4,0,A0_base,53c6d2a0dadc96258ca80c731cf8cee43afff5014cc0d74238994cc66685e244
case_055,3,B,L1_base,146b2beef686f5a6176ca7e3e49795d2c83fec4883499d28665e4e1a0c2d1bcf,c45aa7a277a23e5744d49749d800c4e809d1fcd33e15a44568ed1f45e6c1862c,42047,115712,4,4,4,0,B0_base,53c6d2a0dadc96258ca80c731cf8cee43afff5014cc0d74238994cc66685e244
case_055,3,C,incumbent_disperse_tid_3_node_38_core_2_pos_0,0cb209eccd156771ae9d7f2e7fd3ac10904cad6739ca4c0a01b54df7a14ee9cc,9762727e1f3b5c65c4df391d395943bf8f9ddb1c5fc7054f5d0a570c21a51a23,39987,123904,5,5,5,0,incumbent_base,146b2beef686f5a6176ca7e3e49795d2c83fec4883499d28665e4e1a0c2d1bcf
case_055,4,A,L1_base,c71e28f0382edd21eb2d24087e45ae0b8c394400e1006fddb502f2a457134e45,34ee91e9244da6d7a599e5ee18aeed056e1b9d889e1a4dcf207946009a3c37a4,32099,173568,4,4,4,0,A0_base,da1a7a24b18da3d0609a479a6bba2a0bcdc71e5e748c5becb1ddea64f043c7b1
case_055,4,B,L1_base,c71e28f0382edd21eb2d24087e45ae0b8c394400e1006fddb502f2a457134e45,bfb4730c692012676865a46e3c1b0a47b15ec256abd598feade0d8d2effc4249,32099,173568,4,4,4,0,B0_base,da1a7a24b18da3d0609a479a6bba2a0bcdc71e5e748c5becb1ddea64f043c7b1
case_055,4,C,incumbent_base,c71e28f0382edd21eb2d24087e45ae0b8c394400e1006fddb502f2a457134e45,d848a07f8590924396f658955b04c62e37fa99c7acff13a9a91046b960200a94,32099,173568,4,4,4,0,incumbent_base,c71e28f0382edd21eb2d24087e45ae0b8c394400e1006fddb502f2a457134e45
case_055,5,A,L1_base,70c02d0ec165957781061d19fdb5d09f20ae5a911cc7ca7aa9018afd61f0af8c,51a62954a7bf48bd355025079f92a23f4a2e04aa70cd443352cf8814d2e40545,25635,231424,4,4,4,0,A0_base,8c37e42713fa4ad06c7e31c67986329e364675db4457a06b4d1514d12965dc89
case_055,5,B,L1_base,70c02d0ec165957781061d19fdb5d09f20ae5a911cc7ca7aa9018afd61f0af8c,988a0447ab5ec1c3eca592cec9c00181823e4b62e2b33567594d7f841b733f23,25635,231424,4,4,4,0,B0_base,8c37e42713fa4ad06c7e31c67986329e364675db4457a06b4d1514d12965dc89
case_055,5,C,event_timing_tid_1385_miss_2_bytes_27648_front,7f5afe4a1f7e3e86e14f6ddbb74f85cb0963835d21e0ce3b307d8e8080624d34,6b3d055f5b2e41fd777d74c8e549d480d59105466f101b9d7954219c5e38bd35,25635,231424,5,5,5,0,incumbent_base,70c02d0ec165957781061d19fdb5d09f20ae5a911cc7ca7aa9018afd61f0af8c
case_065,1,A,L2_base,fc9ff3a131a27bc0f41081a4e154a23728262bfeff9cab772222eabb984f0d64,325dbea93f07445001c11401f2bde8f288ff29ccbbb82c57ac2dcd1b470384a4,51959,8200,2,2,2,0,A0_base,b88501b4bd402023171a82f1035f1d67955d3255d5a209d4c17c18d49a8265aa
case_065,1,B,B2_base,022fbec0b84beb7e330d63d603d29e74d9c98449dd43a4cfc3345a60f27f2853,f4a1c783bbf32759005af5879d87e82c2dde2a633ab86c6ec88319817362eae2,39901,0,2,2,2,0,B0_base,b88501b4bd402023171a82f1035f1d67955d3255d5a209d4c17c18d49a8265aa
case_065,1,C,incumbent_aggregate,582d26f68ce28714490262cfe503a98a4604e315dada83f9750a70fb3f17fed0,9ad8a22c44c750a6a903e575410b40746ad19c16815a98b82a1a577b7b8bdd23,39824,0,3,3,3,0,incumbent_base,022fbec0b84beb7e330d63d603d29e74d9c98449dd43a4cfc3345a60f27f2853
case_065,2,A,L1_base,1a1a4f6917e81c13229e3187dfdda1acbf4fa39252326f2ec743255a3f92a74f,7f32f57e31b636b99a862a28db5181b0b430fd855bcc121f32edd1b58b04bee7,26610,13968,4,4,4,0,A0_base,bf92ffea9cc20068b3e562061aa4160e497d5694783fcb478e17556076533fd7
case_065,2,B,L1_base,1a1a4f6917e81c13229e3187dfdda1acbf4fa39252326f2ec743255a3f92a74f,834eab7daf4d5875a8732f75af372b7f36b7a6147aa925440525af6286731e70,26610,13968,4,4,4,0,B0_base,bf92ffea9cc20068b3e562061aa4160e497d5694783fcb478e17556076533fd7
case_065,2,C,incumbent_split_release_g1_p4,fe02870a71b2fb426ab5fb8f78207fe65019819cd6c6cef7335c0d2e8e368495,e10a47f6de0bc14f3025a187190955e2adc4359efdec72cfa1824a4f52b85598,26551,13968,5,5,5,0,incumbent_base,1a1a4f6917e81c13229e3187dfdda1acbf4fa39252326f2ec743255a3f92a74f
case_065,3,A,A1_base,d7c945e9b8be55e4abab7f247e2a98926084668964231e1eb1ac347d34d0e8bb,c26d5239157b55ded1a7dc0e8267dfa946df5c7ebf12b3a122e6e0e3909dd77b,17972,27936,4,4,4,0,A0_base,7217749f87abeffd75e9461837726a0f06da512d8492fd4ed81f0c2b33bd0159
case_065,3,B,B1_base,d7c945e9b8be55e4abab7f247e2a98926084668964231e1eb1ac347d34d0e8bb,bb0f0d299dfec74c175d5c9d38bba56d0916760520530b030d6b7dda8b438892,17972,27936,4,4,4,0,B0_base,7217749f87abeffd75e9461837726a0f06da512d8492fd4ed81f0c2b33bd0159
case_065,3,C,incumbent_base,d7c945e9b8be55e4abab7f247e2a98926084668964231e1eb1ac347d34d0e8bb,4b7c8262d58f2112c96982a34740fd4c79601b32f70e655fa70a13a54bbcea16,17972,27936,3,3,3,0,incumbent_base,d7c945e9b8be55e4abab7f247e2a98926084668964231e1eb1ac347d34d0e8bb
case_065,4,A,A1_base,67817beebaff6cf3a5166493fe564f65be50112b6a4ce3ba99f589724a6eda83,e219753f3d103e9a5a30f9c77154ab48ea2d612a9511f48240eafe1da8149af7,13244,41760,4,4,4,0,A0_base,b229dfee68af89ac15069e952c37a9e52b9e8c20533d5a17bad9dc9c79ad01bd
case_065,4,B,B1_base,67817beebaff6cf3a5166493fe564f65be50112b6a4ce3ba99f589724a6eda83,359bec03d1c979e842a617eb561dee31c766a7a688eb08ff004e0dea88195eb6,13244,41760,4,4,4,0,B0_base,b229dfee68af89ac15069e952c37a9e52b9e8c20533d5a17bad9dc9c79ad01bd
case_065,4,C,incumbent_split_height_g1_p4,33b569c1f3193db5125e0328a14aeea0966cd0c454ef397ba6ea54dede5158d2,d14e8fb148d9cadfc7db81bc78926f1323cc3d3bdb8f70b37c029567ff4675ee,13062,41760,4,4,4,0,incumbent_base,67817beebaff6cf3a5166493fe564f65be50112b6a4ce3ba99f589724a6eda83
case_065,5,A,L1_base,0334fbc752b66a048c073a6bbdce4bd9eeb3829fb20f931a340a42bb60659167,ad59edd70dedfd5e996b89746465b285d194c7f7cf4acf2fb24ccd30f01d21a4,11396,55872,4,4,4,0,A0_base,adf1fd4a35a155b3d4d28b9998c4889fddc7dec2b6bddcaaf2f3f819133d0c98
case_065,5,B,L1_base,0334fbc752b66a048c073a6bbdce4bd9eeb3829fb20f931a340a42bb60659167,b09b745288a35bcc3c500252cd1b23cd1e1b0981bbb620994adf8646af401cd5,11396,55872,4,4,4,0,B0_base,adf1fd4a35a155b3d4d28b9998c4889fddc7dec2b6bddcaaf2f3f819133d0c98
case_065,5,C,event_timing_tid_9_miss_5_bytes_23040_front,1ad01ff88364137ef2593901e5e7297eb587cf36e1da0f0d9d92d5b7958bffce,456a46ed41218f80fd7f2ca59bad9329d82747fa63b1f7866d3ed68d1b27303a,11396,55872,5,5,5,0,incumbent_base,0334fbc752b66a048c073a6bbdce4bd9eeb3829fb20f931a340a42bb60659167
case_075,1,A,A0_base,5c6febfc5697a5325aaeeb2418ef066756a0ddab66423c47b65687021d1cc9e7,3fa5803e3e0006cd4e80e9a4a877961ba19691ebbbd3bde9009b107642bb25d4,1441809,0,2,2,2,0,A0_base,5c6febfc5697a5325aaeeb2418ef066756a0ddab66423c47b65687021d1cc9e7
case_075,1,B,L3_base,d3b5fa7013fd6f98056cdfd06f6672fec4b5bc47403dd696b1cc7e354e2e09b8,a014b6d6e82b30104af8037ca8c6b3bb852deb38ba2aff9b8a0c53c8c77b3af2,1433562,0,2,2,2,0,B0_base,5c6febfc5697a5325aaeeb2418ef066756a0ddab66423c47b65687021d1cc9e7
case_075,1,C,incumbent_split_height_g3_p4,38dccdc79caff4b541d953577e3b385e9b563b7fc8437d06957e790ebf31c2b4,0b5b764e6a59b24449b4fcb65f23ae155d6656841400235e86857d9694998b86,1427745,0,3,3,3,0,incumbent_base,d3b5fa7013fd6f98056cdfd06f6672fec4b5bc47403dd696b1cc7e354e2e09b8
case_075,2,A,A0_base,0a61fc1b2de6846752af65dd822c5545d96851edb2664c7950287573c8eba43b,ea3729ecd40c9b245f3d539863d44e67ce6cbe00208fb9955fc9216dd4426fe4,1441809,0,2,2,2,0,A0_base,0a61fc1b2de6846752af65dd822c5545d96851edb2664c7950287573c8eba43b
case_075,2,B,B3_base,65cc5567ca7bf6d120c7a29cfdf6f36c3991b47eab66cb09d800d422dee8161f,d830d7e664e61f8226706e75a97b90ac1f1926475beb68c699d2eed76b71e70a,1397410,2016420,3,3,3,0,B0_base,0a61fc1b2de6846752af65dd822c5545d96851edb2664c7950287573c8eba43b
case_075,2,C,incumbent_split_height_g0_p4,ac9167c71a79048b91d412d84df39541cd9e6bfd137c10f899163585d8a60559,8f5dc90edc7997a77224c544b51108aa65f0f7f68baccc25782061402aa78d8b,1389088,2016420,4,4,4,0,incumbent_base,65cc5567ca7bf6d120c7a29cfdf6f36c3991b47eab66cb09d800d422dee8161f
case_075,3,A,A0_base,f9ff27c72695006b5cf215cdedea961a5d087f6de4b6e7fa61716576e407a2fb,1acab36a1292af05cda93b8e731884482a88917a20d25f62555a3e17b378eb0a,1441809,0,2,2,2,0,A0_base,f9ff27c72695006b5cf215cdedea961a5d087f6de4b6e7fa61716576e407a2fb
case_075,3,B,B3_base,6d387c2c8a82c7e40d8263e3c7362dc0598214673d331f7ab641cf56ff7010db,72438a2668879e725b22dd7d01c9475bb346edbcc8c602c3111f925f6f95a558,1363452,3022344,3,3,3,0,B0_base,f9ff27c72695006b5cf215cdedea961a5d087f6de4b6e7fa61716576e407a2fb
case_075,3,C,incumbent_base,6d387c2c8a82c7e40d8263e3c7362dc0598214673d331f7ab641cf56ff7010db,fd9348d5dbb1b35f7880ba9913f42e056388dfa2ee279106a75daef96d5b9d53,1363444,3022344,3,3,3,0,incumbent_base,6d387c2c8a82c7e40d8263e3c7362dc0598214673d331f7ab641cf56ff7010db
case_075,4,A,A0_base,10a8d9cd709f7506ea6f1e32581c244a11e3624a5f53c116bb493a28f9179e58,8a81ed7e7946f7801b42def953dd6a2791b4afb433dbdb0702c34dc52b8fe72a,1441809,0,2,2,2,0,A0_base,10a8d9cd709f7506ea6f1e32581c244a11e3624a5f53c116bb493a28f9179e58
case_075,4,B,B3_base,71f1d46684e7f1e08eaeb54d8eac7aaac56c80ae8b6b27cf0383c50c843f7ff4,5e133a2cf89ba5b5642fe970f43b836eee7e40ddc3772fd1e1b07e29245e58b8,1320997,4283756,3,3,3,0,B0_base,10a8d9cd709f7506ea6f1e32581c244a11e3624a5f53c116bb493a28f9179e58
case_075,4,C,incumbent_base,71f1d46684e7f1e08eaeb54d8eac7aaac56c80ae8b6b27cf0383c50c843f7ff4,0940f648ae9a2d1542469bb258e4235891c7a615168419ab0a19a2ce84fb7b31,1320971,4283756,3,3,3,0,incumbent_base,71f1d46684e7f1e08eaeb54d8eac7aaac56c80ae8b6b27cf0383c50c843f7ff4
case_075,5,A,A0_base,7ba55caddc608932266d920ca13847e4f2bf45903ec18365b50da4dd41369d26,1c854162d3a372a04e417e574e54c5750f3da9f2fd8fa320fd168ef34554214c,1441809,0,2,2,2,0,A0_base,7ba55caddc608932266d920ca13847e4f2bf45903ec18365b50da4dd41369d26
case_075,5,B,B3_base,3521fccaa3d40c0b49fcd507492f87a7725c8fe4716d70d9cc90daa7b90198cb,6ec0da6d80f5e8f9b8a9bbfa789a713e706fc2293586afc81c65eb9584889543,1219033,4890512,3,3,3,0,B0_base,7ba55caddc608932266d920ca13847e4f2bf45903ec18365b50da4dd41369d26
case_075,5,C,incumbent_base,3521fccaa3d40c0b49fcd507492f87a7725c8fe4716d70d9cc90daa7b90198cb,3348c84aa36c1cddff6d9ef3ba14803ac9fad6696528301d5fe87427d29bcf83,1219026,4890512,3,3,3,0,incumbent_base,3521fccaa3d40c0b49fcd507492f87a7725c8fe4716d70d9cc90daa7b90198cb
case_079,1,A,A2_base,429ef6f0bdcdf5a2b59e2913b6909bcb6e3a097661a72b5b009bcca53e5650ad,7e925f162347a4e7837b64b8383cca9924e57416bd2318c937cf35539efa959c,30952656,32555008,2,2,2,0,A0_base,1acd8e64b3eba2173611c94b57450892ab8b46cd571b84a93ebe557a557fa7a2
case_079,1,B,B0_base,1acd8e64b3eba2173611c94b57450892ab8b46cd571b84a93ebe557a557fa7a2,d48286080d106edc9747f7ce5660ef04c2f6b16c1de6649010e2e28eb73b0544,31052251,32448512,2,2,2,0,B0_base,1acd8e64b3eba2173611c94b57450892ab8b46cd571b84a93ebe557a557fa7a2
case_079,1,C,incumbent_base,1acd8e64b3eba2173611c94b57450892ab8b46cd571b84a93ebe557a557fa7a2,47b2e3922f3a8abacba6196655b8be779db068e6b21ca25915b6ce485416c043,31052251,32448512,1,1,1,0,incumbent_base,1acd8e64b3eba2173611c94b57450892ab8b46cd571b84a93ebe557a557fa7a2
case_079,2,A,A1_base,b2fa6884a3661e6a795a4dcd394af026930210b62c7fa8025c9be2ac76867451,9deff17bf84f4a7c37e5a930ae90afbf9d8ee5336f2b024b54f7d3740b77a76a,15446486,31780864,4,4,4,0,A0_base,5f5ec882a083bd750ab6284c29722871c2e976498a30b387aa087694bfcf3d13
case_079,2,B,B1_base,b2fa6884a3661e6a795a4dcd394af026930210b62c7fa8025c9be2ac76867451,478c6edc89b99fbd7b195e11dfcdc3079f355a7fc484326352bb6e8efe5ab852,15446486,31780864,3,3,3,0,B0_base,5f5ec882a083bd750ab6284c29722871c2e976498a30b387aa087694bfcf3d13
case_079,2,C,incumbent_base,b2fa6884a3661e6a795a4dcd394af026930210b62c7fa8025c9be2ac76867451,56963a24ccfa213c63d6d2ca1c8a93c092749b2f75268dc3174c42f3f699a64a,15446486,31780864,2,2,2,0,incumbent_base,b2fa6884a3661e6a795a4dcd394af026930210b62c7fa8025c9be2ac76867451
case_079,3,A,A1_base,6f951dae77f2e80f4ee2e8cd8cf794336c1e522d032064212e862bb148ce9ebb,a9f49f8bacf1bab0d2234af5c0d99a85339554316da1bb6f2dd91172bc166d83,10181692,39960576,4,4,4,0,A0_base,f7f2efd9911f58e40a3f6f6a99b440de9ac268fd7852c6b63bce77b9ef3911e9
case_079,3,B,B1_base,6f951dae77f2e80f4ee2e8cd8cf794336c1e522d032064212e862bb148ce9ebb,e24918f893f9981c52f0feadfbb4fd9fba20486e18792acfa75535c617003589,10181692,39960576,3,3,3,0,B0_base,f7f2efd9911f58e40a3f6f6a99b440de9ac268fd7852c6b63bce77b9ef3911e9
case_079,3,C,incumbent_base,6f951dae77f2e80f4ee2e8cd8cf794336c1e522d032064212e862bb148ce9ebb,3367666506300173fa93b3e585bca620d81fbfb75c92b7389efd99e3cbb147b0,10175315,39960576,2,2,2,0,incumbent_base,6f951dae77f2e80f4ee2e8cd8cf794336c1e522d032064212e862bb148ce9ebb
case_079,4,A,A1_base,31e8841d79e9351778a60cf1826450b2efd1df7296ff613dd65c435a9435ab15,ff5a1f88ef14bf010a67f8c8aed8e47d35899875ed7052d8d2e51786c4ca47f4,7635624,30445568,3,3,3,0,A0_base,9ea4b156aec8451af37bd290ab4d8df8f52d33fb2a14c5356ef87ac20e6d2893
case_079,4,B,B1_base,31e8841d79e9351778a60cf1826450b2efd1df7296ff613dd65c435a9435ab15,406478b8bcd2aac6569d92e0f3c4bb9b2d21d9547d97ed234673bddae3071a54,7635624,30445568,3,3,3,0,B0_base,9ea4b156aec8451af37bd290ab4d8df8f52d33fb2a14c5356ef87ac20e6d2893
case_079,4,C,incumbent_base,31e8841d79e9351778a60cf1826450b2efd1df7296ff613dd65c435a9435ab15,2df7e994830223be3f15fe2564d16d120f863b0cea484fbb41549089d0a05df3,7635624,30445568,2,2,2,0,incumbent_base,31e8841d79e9351778a60cf1826450b2efd1df7296ff613dd65c435a9435ab15
case_079,5,A,A1_base,996703d5d1b6b10988a3d350dcf13a54e8852e086319ee4a6a675128387fa2b3,c9bcff864e79447a1dba61aa98f217f88b4bffe463de2200b2261f8f81c0a6a6,6075976,47677440,3,3,3,0,A0_base,d578dcc4643f8713f087c233c513fe315344e1644c88232795cc11b7b21358b6
case_079,5,B,B1_base,996703d5d1b6b10988a3d350dcf13a54e8852e086319ee4a6a675128387fa2b3,e920ed0c088fb87b96ba0435c18cb0acecdc9e56a2dd0fd87776c76157168e10,6075976,47677440,3,3,3,0,B0_base,d578dcc4643f8713f087c233c513fe315344e1644c88232795cc11b7b21358b6
case_079,5,C,incumbent_base,996703d5d1b6b10988a3d350dcf13a54e8852e086319ee4a6a675128387fa2b3,8f8fd81309e46ad92f3f8ed43b61bc25f8df95b9d784ca0292245f312c54ed40,6075472,47677440,3,3,3,0,incumbent_base,996703d5d1b6b10988a3d350dcf13a54e8852e086319ee4a6a675128387fa2b3
case_004,1,A,A0_base,2c384cb279beb8e7c1d475033d20417f9be21aae85ba7cd3f27346a871c476f2,858c697875c9ca1b529ccff2dcd5a0915cf261a4503513d225262217365f6af8,392357,0,2,2,2,0,A0_base,2c384cb279beb8e7c1d475033d20417f9be21aae85ba7cd3f27346a871c476f2
case_004,1,B,B2_base,58746e35687445a98fb1e20c6f8b6eca7be238cdcf8c0d40fe0f980eb0c21be3,42a8627c56a435edc5fe7aa439f47d2966007816dc1de6421d2d1d3b9317e3d8,392195,2049024,2,2,2,0,B0_base,2c384cb279beb8e7c1d475033d20417f9be21aae85ba7cd3f27346a871c476f2
case_004,1,C,incumbent_split_release_g1_p2,d2e7028728515736096b7591a0650673a21d87dec3c0cb7a41937b2e0b5af0a9,9abf2c75879acfc0fbdc605346b4e76738fd3c71fa29ffd176945a0aa838e1e1,387184,2049024,3,3,3,0,incumbent_base,58746e35687445a98fb1e20c6f8b6eca7be238cdcf8c0d40fe0f980eb0c21be3
case_004,2,A,A1_base,42e350599121a4269d0d2c5552f040e041660f8eabf6294ef20614c34c5a18e0,a60e09f945bf87275ac9b515151cf35866db6eead36a5724b812dc3b08d506be,199074,110592,3,3,3,0,A0_base,f5563483bdbf21b55bd6bc8d6b38fc216e17c1a6b80a1a4acdac49a353250dd1
case_004,2,B,B1_base,42e350599121a4269d0d2c5552f040e041660f8eabf6294ef20614c34c5a18e0,7f957f857f29931e9dda59a0737d1b3987c6bcf808ca210c1295cd49f7941dd5,199074,110592,4,4,4,0,B0_base,f5563483bdbf21b55bd6bc8d6b38fc216e17c1a6b80a1a4acdac49a353250dd1
case_004,2,C,incumbent_base,42e350599121a4269d0d2c5552f040e041660f8eabf6294ef20614c34c5a18e0,0a16e916b52ceab13a85c6b6bebfd4908e2d7892e92e789c35df6ccfaa60cc41,199074,110592,3,3,3,0,incumbent_base,42e350599121a4269d0d2c5552f040e041660f8eabf6294ef20614c34c5a18e0
case_004,3,A,A1_base,36d272947bc88a2de6a1dfd945787406df8ec62943a5da88b9b14cac98ed576f,54b7c9b369b376e780309c42f1f060a68f1b36fd6809be8398c6c565a1c687ee,134043,221184,4,4,4,0,A0_base,09cc83d6f70793ad20c67ce15869c71f2393c44d23c0499f528c124411610203
case_004,3,B,B1_base,36d272947bc88a2de6a1dfd945787406df8ec62943a5da88b9b14cac98ed576f,c323f6c64f32ae8ba71c73b7998d38930300d7afa2ed61c10b6b29f4a3003cf2,134043,221184,4,4,4,0,B0_base,09cc83d6f70793ad20c67ce15869c71f2393c44d23c0499f528c124411610203
case_004,3,C,incumbent_base,36d272947bc88a2de6a1dfd945787406df8ec62943a5da88b9b14cac98ed576f,c7e1ec7df6a1aafb01cf7d4b27986c86cd2f9c10df38c02bd783609504d07546,134043,221184,3,3,3,0,incumbent_base,36d272947bc88a2de6a1dfd945787406df8ec62943a5da88b9b14cac98ed576f
case_004,4,A,A1_base,b726b2c812a2b323ad4fcead47fc34ce890e6d9eb43b2a79131b69c8c645d059,110d4c8260b37b74146dca3952375c74d20d80c65544d82d2da65732fe1859f5,104188,331776,4,4,4,0,A0_base,3bdd3dd2cc171766dfa83d509c1f09afd04a0029b77207e50ff88506324215bb
case_004,4,B,B1_base,b726b2c812a2b323ad4fcead47fc34ce890e6d9eb43b2a79131b69c8c645d059,77f994e8d8c6d5c028fb472f65ebce6122fd3ab128d64fcbca93f753a8d6b359,104188,331776,4,4,4,0,B0_base,3bdd3dd2cc171766dfa83d509c1f09afd04a0029b77207e50ff88506324215bb
case_004,4,C,incumbent_base,b726b2c812a2b323ad4fcead47fc34ce890e6d9eb43b2a79131b69c8c645d059,cc0e7e40c8d62119f4b2c3d960f39c3da4f32cc3cfeb3f22cde567db61e4dfbe,104188,331776,3,3,3,0,incumbent_base,b726b2c812a2b323ad4fcead47fc34ce890e6d9eb43b2a79131b69c8c645d059
case_004,5,A,A1_base,c29c478ab175fdbeee8fa1af08fbae48f7d861be9221d298c468b246093763c8,615cca76510525e790ffaf3133ad024b7bec7940717159f6e6dbed474cae1450,88341,442368,4,4,4,0,A0_base,5199c720dffcc77f628f83c61c341ac0266b0ba5b4b4838587a4a7aac23ca5a9
case_004,5,B,B1_base,c29c478ab175fdbeee8fa1af08fbae48f7d861be9221d298c468b246093763c8,9f5acacbf1ce41ee3b8b78d7646ea23c9e3fbece54765cbd923c810a12af11d7,88341,442368,4,4,4,0,B0_base,5199c720dffcc77f628f83c61c341ac0266b0ba5b4b4838587a4a7aac23ca5a9
case_004,5,C,r2_boundary_n6_c2_p0,8c903142d72445f0180d46e74a7f8a2b5df34f639f6ce369ad7df75665be82de,a30fbb29f226bda96992350c5daa36586ba1ded644205d0e29d6e45c67be8bbb,86005,473088,4,4,4,0,incumbent_base,c29c478ab175fdbeee8fa1af08fbae48f7d861be9221d298c468b246093763c8
case_015,1,A,L3_base,b2a0214495bd263a4411316cb0bbddeeda604b70d35e5bb37bb8efcf4d68c312,e8d2dd4723bb7330665e875390f848752fcbc41c3e3eecb874503c3465289afe,172300,1778432,2,2,2,0,A0_base,be67ba9c63e4822c80a1c606810e911c4fbd51ed2473b04c77d510b1ef97f1a2
case_015,1,B,B3_base,4b9744a906dc12cafb1e506132277438cd486224b5675e0edffa5e1853697835,f8250051081c205e2f1fd1075de299e18bf660ecbfa7d915b38c23bd59adaddc,167767,507940,2,2,2,0,B0_base,be67ba9c63e4822c80a1c606810e911c4fbd51ed2473b04c77d510b1ef97f1a2
case_015,1,C,incumbent_aggregate,05eac0a4639d44eb516156ab3bf2217d39ce311aa1569c378bf6865c9e29d771,f2d1d9d52a02aa9f77a3ea3f3c634a46e36e18468811b1d8a866371373b9d8e3,167630,507940,3,3,3,0,incumbent_base,4b9744a906dc12cafb1e506132277438cd486224b5675e0edffa5e1853697835
case_015,2,A,L1_base,757ed6ad36ed986db4a0637f126dbd0c44b405b2b1a57723982c5040f65573de,3691f8cf0014ef49e8c8c153f6384335f37d94379c37eb3c71f28341ef14f755,90509,199948,4,4,4,0,A0_base,14a159d541093e01fde6f3b2caeb6e70c58d0c817c5f224e88924e4c386b6886
case_015,2,B,L1_base,757ed6ad36ed986db4a0637f126dbd0c44b405b2b1a57723982c5040f65573de,a89b034d66e537538f44150c7eef5731378662e55ee890c0d68541d8f861d7ee,90509,199948,4,4,4,0,B0_base,14a159d541093e01fde6f3b2caeb6e70c58d0c817c5f224e88924e4c386b6886
case_015,2,C,incumbent_split_release_g0_p4,91bd97a4b14e2c9c6fabf323ac5438a7e40b0960479d0894e607b9d7a831bfad,6a9ff84a7d13ca92ac838111dcc6f56c64fe51c306db6ad048228465c645317e,87390,199948,5,5,5,0,incumbent_base,757ed6ad36ed986db4a0637f126dbd0c44b405b2b1a57723982c5040f65573de
case_015,3,A,A1_base,ff4c6e3efbdc107420cea015b63d57f0613a374bcec493725c7127fd85a78dcc,8802b894d939cb6800637fe6fde807e68e5565597dac7ea131946722c357172a,60578,290060,4,4,4,0,A0_base,914ad8b75602f5221edcd565ba294dcd8ca057d50f7ae6a837139cf8bed1ba04
case_015,3,B,B1_base,ff4c6e3efbdc107420cea015b63d57f0613a374bcec493725c7127fd85a78dcc,fdffdc3fbfdbce9e1cc78cfcbbc904c3d90b8be247c192fdc3b97f11b2569d3a,60578,290060,4,4,4,0,B0_base,914ad8b75602f5221edcd565ba294dcd8ca057d50f7ae6a837139cf8bed1ba04
case_015,3,C,incumbent_base,ff4c6e3efbdc107420cea015b63d57f0613a374bcec493725c7127fd85a78dcc,303287a2a75cce999a4171edfed3b3557272b11cf9b2d1b4b5cbe59dbee5745c,60578,290060,3,3,3,0,incumbent_base,ff4c6e3efbdc107420cea015b63d57f0613a374bcec493725c7127fd85a78dcc
case_015,4,A,L1_base,6f73e447dab3b7d8a3b0dac2572130a4e5f7e3c923c12f36db3c868178feb70a,bbbd5748ec3a210afd17fe1484425807e49eef31c1938ba473243e8166207fae,48727,362248,4,4,4,0,A0_base,ba32b6cd118da52a14af39de15c19bb60f210d68d9a1834ff675749e2012f0b3
case_015,4,B,L1_base,6f73e447dab3b7d8a3b0dac2572130a4e5f7e3c923c12f36db3c868178feb70a,a146447b792e10d0e95b56bc1b174d2ff6ceb5da38c9353aff3074d09b779df5,48727,362248,4,4,4,0,B0_base,ba32b6cd118da52a14af39de15c19bb60f210d68d9a1834ff675749e2012f0b3
case_015,4,C,event_timing_tid_3_miss_2_bytes_65536_front,644250a292464fa504a7dc478fcb84899ae7555f70256d2a0cc2ff442a54bb0a,a412199f6e864afcb3740182eead20ccfce527de575b9de7ba268c10aee1eb4c,48669,362248,5,5,5,0,incumbent_base,6f73e447dab3b7d8a3b0dac2572130a4e5f7e3c923c12f36db3c868178feb70a
case_015,5,A,L1_base,6a7a5c87a1caf3d4ab3e5bb1e5851d131f3e751093760d0a0b9f8b22f5dcdc61,68a49f798f86d953aa7631f1b7b8dac74cbdcb239086e57425fbd16efc898faf,43665,336384,4,4,4,0,A0_base,5229f26f90c82151708c2cb78c0b2e95b118e990ba8619ee27f9957671b409bc
case_015,5,B,L1_base,6a7a5c87a1caf3d4ab3e5bb1e5851d131f3e751093760d0a0b9f8b22f5dcdc61,4f2bfa90e4d6d390246fe702d6e02ba928390d71df8785c88b28325f0b453e6d,43665,336384,4,4,4,0,B0_base,5229f26f90c82151708c2cb78c0b2e95b118e990ba8619ee27f9957671b409bc
case_015,5,C,event_timing_tid_9_miss_2_bytes_65536_front,18dfef999a8b14a89675764c96223cf1311a37824999ad96e461d28279bde639,befded3c594ead0e4e89f2b265cb47167a6dfc72b537bffd5a913cbea5d2f6a7,42872,336384,5,5,5,0,incumbent_base,6a7a5c87a1caf3d4ab3e5bb1e5851d131f3e751093760d0a0b9f8b22f5dcdc61
case_024,1,A,A0_base,60bdfaac27bdd7cbde4e5b65714b5f6b492e1f8b829661c21657b3a1a8c4b1a9,2d6bb731938c33161d31b9f6b23cb9b0bef3cd4c191e1cc95caf166f2598a9f1,2555343,0,2,2,2,0,A0_base,60bdfaac27bdd7cbde4e5b65714b5f6b492e1f8b829661c21657b3a1a8c4b1a9
case_024,1,B,B0_base,60bdfaac27bdd7cbde4e5b65714b5f6b492e1f8b829661c21657b3a1a8c4b1a9,1eb5b850b96e99b5185eb6133520593775b88b5169550b694c73909681e4daed,2555343,0,2,2,2,0,B0_base,60bdfaac27bdd7cbde4e5b65714b5f6b492e1f8b829661c21657b3a1a8c4b1a9
case_024,1,C,incumbent_base,60bdfaac27bdd7cbde4e5b65714b5f6b492e1f8b829661c21657b3a1a8c4b1a9,1e50bd5a7f02463976acfe72f2481a0e6d133e2ca2dba6db033cf0b45061135e,2555343,0,1,1,1,0,incumbent_base,60bdfaac27bdd7cbde4e5b65714b5f6b492e1f8b829661c21657b3a1a8c4b1a9
case_024,2,A,A0_base,85384c686ce72fc5181881ad991191171d220d63473bd026548cb72191122a83,dafe31a99562bb9d71dcc5b3c98020d092678f22cfd82b256f9f819bdff6b7f1,2555343,0,2,2,2,0,A0_base,85384c686ce72fc5181881ad991191171d220d63473bd026548cb72191122a83
case_024,2,B,L2_base,a660c1aef672eed70ef1574952787c12b5a8e6fe8a26b4f7242d8f265d6418f7,8c97f7eae4bdefcb51c5cb459130169603a1ff50048260d82066039239cba9f6,2552735,2162724,2,2,2,0,B0_base,85384c686ce72fc5181881ad991191171d220d63473bd026548cb72191122a83
case_024,2,C,incumbent_base,a660c1aef672eed70ef1574952787c12b5a8e6fe8a26b4f7242d8f265d6418f7,3037cf738cae71311edf48d0f7abcbb276855e82a4bea23aed23e0a3f12a7313,2552735,2162724,3,3,3,0,incumbent_base,a660c1aef672eed70ef1574952787c12b5a8e6fe8a26b4f7242d8f265d6418f7
case_024,3,A,A0_base,9d03be6cef82cc98b751ddccb88d24817088412f95cb8988704b3522f729a2a5,64bd9d10727dff275090e68be68830e77c2dd5ef1abd278406b2f401f0fec682,2555343,0,2,2,2,0,A0_base,9d03be6cef82cc98b751ddccb88d24817088412f95cb8988704b3522f729a2a5
case_024,3,B,incumbent_base,24b5063cddc4c626bbc9569fb4375a1394ba3d0aecd87174439378f10e5ed3fc,98470de6aff7153c344ef0fbbdcc840e4f91779ce60a7d16456b7c2c5ee80be3,2552735,2162724,3,3,3,0,B0_base,9d03be6cef82cc98b751ddccb88d24817088412f95cb8988704b3522f729a2a5
case_024,3,C,incumbent_base,24b5063cddc4c626bbc9569fb4375a1394ba3d0aecd87174439378f10e5ed3fc,b39863547deab29f7f8c667318c002f5f8363d6302c7871a6d9e0752316aa86b,2552735,2162724,3,3,3,0,incumbent_base,24b5063cddc4c626bbc9569fb4375a1394ba3d0aecd87174439378f10e5ed3fc
case_024,4,A,A0_base,c434fa32a3539f70d7a707dd6673f8eba537a17e3bc87c109abdd1e9c8a0ae17,98cf1f4a58f8b7dd68d25d8871b21381e9f1afee68ffdd33f057eec00e731d3c,2555343,0,2,2,2,0,A0_base,c434fa32a3539f70d7a707dd6673f8eba537a17e3bc87c109abdd1e9c8a0ae17
case_024,4,B,incumbent_base,64f401d1d02da461bbb87f10c648f5703ea4a434901c8bdd244d4f43256c0f80,c745f255cad8d30c21107fae46f1d606c717a123aca3fae8be34e17551e13922,2552735,2162724,3,3,3,0,B0_base,c434fa32a3539f70d7a707dd6673f8eba537a17e3bc87c109abdd1e9c8a0ae17
case_024,4,C,incumbent_base,64f401d1d02da461bbb87f10c648f5703ea4a434901c8bdd244d4f43256c0f80,d4c8f7c50e357a419d118e1885ee4a57168af57c535fb978e98395367951e609,2552735,2162724,3,3,3,0,incumbent_base,64f401d1d02da461bbb87f10c648f5703ea4a434901c8bdd244d4f43256c0f80
case_024,5,A,A0_base,171217d0b936deb9de80f075288559f390b6c8e6529287052ca740fd95dbc952,160e69b5c6808a06bd87ccc772ac9a3a4d990c8ff7d8f6c9a3b1b8acc16c9b32,2555343,0,2,2,2,0,A0_base,171217d0b936deb9de80f075288559f390b6c8e6529287052ca740fd95dbc952
case_024,5,B,L2_base,0cfb3b231ce84fd97c0b5cbd09c8c66d3a36ea3a5072f0756e179b69018ccbdf,6d7bfa9d94d1e6733ff714f8654cf823b9da8ffbbfdcdd759292f901fd1e6d95,2538844,6291556,3,3,3,0,B0_base,171217d0b936deb9de80f075288559f390b6c8e6529287052ca740fd95dbc952
case_024,5,C,incumbent_base,0cfb3b231ce84fd97c0b5cbd09c8c66d3a36ea3a5072f0756e179b69018ccbdf,68407ddbba3d985b8198587d658918850957dbb94d10c518ac4801075a8cb26b,2538844,6291556,4,4,4,0,incumbent_base,0cfb3b231ce84fd97c0b5cbd09c8c66d3a36ea3a5072f0756e179b69018ccbdf
case_025,1,A,A3_base,85dba8755e53595c0c58d2af00707cf38758607080ad88d0521648b8e0d70a48,d31c0868f68b9ab99d725d627cccc9d4e628ab15bbb7bd763533a87542a87e9e,4828832,44894208,2,2,2,0,A0_base,3dfdd9e81db84bf4367303e264285f4d7d544e5e7ffae66758d305d0c9896c10
case_025,1,B,B0_base,3dfdd9e81db84bf4367303e264285f4d7d544e5e7ffae66758d305d0c9896c10,55ea09c8c2d51894e6d92de6923011cf50e370055a8b5449a1dc8f54c8b6ba43,4863026,0,2,2,2,0,B0_base,3dfdd9e81db84bf4367303e264285f4d7d544e5e7ffae66758d305d0c9896c10
case_025,1,C,incumbent_base,3dfdd9e81db84bf4367303e264285f4d7d544e5e7ffae66758d305d0c9896c10,d479b4c4498a6317e72b680be943a65387527f71f94155a3283cc375d2addf90,4863026,0,1,1,1,0,incumbent_base,3dfdd9e81db84bf4367303e264285f4d7d544e5e7ffae66758d305d0c9896c10
case_025,2,A,A1_base,5973df0615e7fd1734e467cbc885a5733dbe6fe9d3d8c409fb46f52e96c8f1c6,5642c129994cc76091365028200bb8f2c6cea091bb670d9db4cd4a38f4c6200a,2431840,27648,4,4,4,0,A0_base,1c778a0dcafb8244e6dc3983084d5f39b7755a00bb2ff4cec4579c18290642a4
case_025,2,B,B1_base,5973df0615e7fd1734e467cbc885a5733dbe6fe9d3d8c409fb46f52e96c8f1c6,2b9e63de37509620538d43d1d05b5aadb7bfa61d998f7510b90e76453330443a,2431840,27648,3,3,3,0,B0_base,1c778a0dcafb8244e6dc3983084d5f39b7755a00bb2ff4cec4579c18290642a4
case_025,2,C,incumbent_base,5973df0615e7fd1734e467cbc885a5733dbe6fe9d3d8c409fb46f52e96c8f1c6,473c41ab72790895fbbcff8476e2e42dcb362d3554920364c55fa603efbb715b,2431840,27648,3,3,3,0,incumbent_base,5973df0615e7fd1734e467cbc885a5733dbe6fe9d3d8c409fb46f52e96c8f1c6
case_025,3,A,A1_base,4012a012fd46d09c70027c3ddd7b6147c85c9c5d51c4945e8fb967fd5f2592c4,260713bc89f299a373311aa8436b0472edbc250b13bd266fbe1d93cac74d84dc,1622164,55296,4,4,4,0,A0_base,a3c9c612612f8e1ef81d6eb111bc3d9b5f1a4ad4d0af771cc63c5431852e0265
case_025,3,B,B1_base,4012a012fd46d09c70027c3ddd7b6147c85c9c5d51c4945e8fb967fd5f2592c4,20bf6b657f6731f61ed699399398dbcd2ecf186ebf0c5b4b88dc199c05349048,1622164,55296,4,4,4,0,B0_base,a3c9c612612f8e1ef81d6eb111bc3d9b5f1a4ad4d0af771cc63c5431852e0265
case_025,3,C,incumbent_disperse_tid_1000000003_node_30_core_2_pos_0,a1693549220edb5fc333f9c9db5da1f52487edb2ae80696693c849d4ffe52819,d5bdad1fba622c8cc26459a8b36148a8ee2448defd7550d7e1979e098ddd4226,1622138,62976,4,4,4,0,incumbent_base,4012a012fd46d09c70027c3ddd7b6147c85c9c5d51c4945e8fb967fd5f2592c4
case_025,4,A,A1_base,54ba65f9f14e2019661f081a1a6ccef1d988b74ec3e84543c688c08ed2144753,4d340ad7af499aec5d2974792e41fb07f4ead5bc67352d3b002f60c1fcbb4cfa,1217444,82944,4,4,4,0,A0_base,260eb907b8d508014043b358bdb57404a177856707a46675135febb51c5be1a9
case_025,4,B,B1_base,54ba65f9f14e2019661f081a1a6ccef1d988b74ec3e84543c688c08ed2144753,27ee89a3898f5869cd9f7ee8f1b7ea26c11470aaf3abd197b92100e64be66efd,1217444,82944,4,4,4,0,B0_base,260eb907b8d508014043b358bdb57404a177856707a46675135febb51c5be1a9
case_025,4,C,incumbent_base,54ba65f9f14e2019661f081a1a6ccef1d988b74ec3e84543c688c08ed2144753,f8ec56618d55f2241dff13102fa695eef1fe21efafcfb86d32d5965afe3b8760,1217444,82944,3,3,3,0,incumbent_base,54ba65f9f14e2019661f081a1a6ccef1d988b74ec3e84543c688c08ed2144753
case_025,5,A,A1_base,57a2d9942fef78d0c789c0d599cc957d80fff7da665dead938bedcb509739975,ccdb1cc8ea398c8eca9243d01c4b795fb24b681d745ab59ad6f6e5aec42cc8a6,975282,110592,4,4,4,0,A0_base,a1e6fbfa271d0bcd12047ecf3b6a49a7e9557e5dbddc7be311175aef3e7eeecb
case_025,5,B,r1_boundary_n5_c1_p0,90480b5e9db2d3040f527e30b61aa8e766b3abefae132f5bdc58f113012cd0b5,3a47f537c40a9f2928113c470063109b86fa37a446a0ea1fead26b15231f1d03,974747,118272,4,4,4,0,B0_base,a1e6fbfa271d0bcd12047ecf3b6a49a7e9557e5dbddc7be311175aef3e7eeecb
case_025,5,C,incumbent_base,90480b5e9db2d3040f527e30b61aa8e766b3abefae132f5bdc58f113012cd0b5,d3fcc1185a9655a20f156fcff8a24608e9d3ca2972ee5d022769475fcd77bbc0,974747,118272,4,4,4,0,incumbent_base,90480b5e9db2d3040f527e30b61aa8e766b3abefae132f5bdc58f113012cd0b5
case_056,1,A,A0_base,743175f0c2281513c5ba96ab480f89a6b160427a20f1643bab65d04602081c3c,00de91b244e575e5a5adc6a14bccf16cac44a75e3fba7923062c46684af50c80,277285,0,2,2,2,0,A0_base,743175f0c2281513c5ba96ab480f89a6b160427a20f1643bab65d04602081c3c
case_056,1,B,B0_base,743175f0c2281513c5ba96ab480f89a6b160427a20f1643bab65d04602081c3c,5bf021e70433ea4e83f61cd1d793b21241d87e11b3ffc9aa62c4f897ebfe4e15,277285,0,2,2,2,0,B0_base,743175f0c2281513c5ba96ab480f89a6b160427a20f1643bab65d04602081c3c
case_056,1,C,incumbent_base,743175f0c2281513c5ba96ab480f89a6b160427a20f1643bab65d04602081c3c,32d123b975e057848fffc4b394069c611e4208a6e1a5cd469099f1ded0f95cf7,277285,0,1,1,1,0,incumbent_base,743175f0c2281513c5ba96ab480f89a6b160427a20f1643bab65d04602081c3c
case_056,2,A,A1_base,8409fef44db08e91c6de77d943eb905ed6aa804a8e46a5023cba31f42949cdee,9b2710c415aba7bbc331aabab9ce2cbe44142b7044a4e8bc44ab0e860f2417fc,265710,0,3,3,3,0,A0_base,6edfcfdf0f0ebed15eae820a88921981c92a89a5668d31b916d05f2c4556d7d6
case_056,2,B,B1_base,8409fef44db08e91c6de77d943eb905ed6aa804a8e46a5023cba31f42949cdee,6dd50c6ba1e5e55e6ae6395d3f6bb443d7e94a54765415b6a7e2fe573149b2b2,265710,0,3,3,3,0,B0_base,6edfcfdf0f0ebed15eae820a88921981c92a89a5668d31b916d05f2c4556d7d6
case_056,2,C,incumbent_base,8409fef44db08e91c6de77d943eb905ed6aa804a8e46a5023cba31f42949cdee,e6413637a505b7cfd85a0f6f1447f4540125d89ac0a1198efd01f27440c21f81,265710,0,2,2,2,0,incumbent_base,8409fef44db08e91c6de77d943eb905ed6aa804a8e46a5023cba31f42949cdee
case_056,3,A,A1_base,5fa5d540baf59b21db0ee2557297b2fd127c77fb5b1e6f5758cded051c73e156,272d1f1fd5d466961ffc914677868a0eb4f52ad1c14934c6c6cf89575efba250,265710,0,3,3,3,0,A0_base,68bc113ae1472977602d2c6e2bddb276b476e15067e735b3e3253f315dc97bba
case_056,3,B,B1_base,5fa5d540baf59b21db0ee2557297b2fd127c77fb5b1e6f5758cded051c73e156,09aca46fc0b6b2724533b581f7aae04cf6592af38193cbc48bed9dcb7807ff74,265710,0,3,3,3,0,B0_base,68bc113ae1472977602d2c6e2bddb276b476e15067e735b3e3253f315dc97bba
case_056,3,C,incumbent_base,5fa5d540baf59b21db0ee2557297b2fd127c77fb5b1e6f5758cded051c73e156,1d4aa7cee82420322ca1553773a5f856ec5d1a4a7330feb85a11b33a811fe483,265710,0,2,2,2,0,incumbent_base,5fa5d540baf59b21db0ee2557297b2fd127c77fb5b1e6f5758cded051c73e156
case_056,4,A,A1_base,1636f1c92b13c8d4d71fe6c14144968055070012cb1c81a5b71b905a8c5c6b7e,c5fbaac5e64f06ae2d2f62577517b6d65efab713c210880d2eee3a0f13c5ed24,265710,0,3,3,3,0,A0_base,810430b46892bd2469276080ba015af2f479bee9f6aa14fc6604d478c2b9d1a6
case_056,4,B,B1_base,1636f1c92b13c8d4d71fe6c14144968055070012cb1c81a5b71b905a8c5c6b7e,b57ba24cc8f202e72d3eeda6340348c197abb119ae36e71be879506e3635ae58,265710,0,3,3,3,0,B0_base,810430b46892bd2469276080ba015af2f479bee9f6aa14fc6604d478c2b9d1a6
case_056,4,C,incumbent_base,1636f1c92b13c8d4d71fe6c14144968055070012cb1c81a5b71b905a8c5c6b7e,e14e24a069b5392870bab0d1216cb789baca6370d14a09615272bc165cf174dd,265710,0,2,2,2,0,incumbent_base,1636f1c92b13c8d4d71fe6c14144968055070012cb1c81a5b71b905a8c5c6b7e
case_056,5,A,A1_base,3d61f5c1424a59f568740a9318add70615e8cec9f0686af205c8ac3f9cd25efa,290c52835e8f61078a08214c49fe404a2d82fb68a5ded23010194a5b0e04e1b3,265710,0,3,3,3,0,A0_base,dd7a92d447ff5ef5861d21885db068871c641c9a8ecef82be150b5d5116e3056
case_056,5,B,B1_base,3d61f5c1424a59f568740a9318add70615e8cec9f0686af205c8ac3f9cd25efa,cb8d1f7dfb3bd0143338aa8cb25ef2b60456ea4f38ebc47cff94619d11ebbd4f,265710,0,3,3,3,0,B0_base,dd7a92d447ff5ef5861d21885db068871c641c9a8ecef82be150b5d5116e3056
case_056,5,C,incumbent_base,3d61f5c1424a59f568740a9318add70615e8cec9f0686af205c8ac3f9cd25efa,64a381e0177cf3bab4100b2d17cc9b4a6037d43974d96d92eb8c3e7f575605a6,265710,0,2,2,2,0,incumbent_base,3d61f5c1424a59f568740a9318add70615e8cec9f0686af205c8ac3f9cd25efa
case_083,1,A,A0_base,6a0028bd6228a0618028627ffcd493f37c395b3fbcf399cea19306b4850d1254,80f0bd9f2a6605c869f8eaba45a8fa26af364db187561a0662cfdc62780343a9,1057993,13934688,2,2,2,0,A0_base,6a0028bd6228a0618028627ffcd493f37c395b3fbcf399cea19306b4850d1254
case_083,1,B,B2_aggregate,abb01f81ede9251d0ed66de741cb46bc948b957e119c11409563a61e6be63ba7,d082c9652539022c25480019f1c480dc7b6e63d9b262895f5369cdcb5d670824,876669,916480,2,2,2,0,B0_base,6a0028bd6228a0618028627ffcd493f37c395b3fbcf399cea19306b4850d1254
case_083,1,C,incumbent_split_height_g1_p4,6c0436691322d0298b3f283242d0801b29fbf564f4e254672dd8e7cbe321d0ea,69fc29385b40fc667d2fcbf66db6e0ac58d94697cf9bfe2d79217c5f398a957e,875735,839680,3,3,3,0,incumbent_base,abb01f81ede9251d0ed66de741cb46bc948b957e119c11409563a61e6be63ba7
case_083,2,A,A1_base,580d3173761901060efa6eea2f3f5f84bd8dcf9710f70eb77f529f47aa95f179,1e883fb1f79f5659b43e0f570ff90f6761a06d9fa24d90c3460bb6a512ece765,644672,14241216,3,3,3,0,A0_base,9f49a65bbbd169e737d53ea597baee069bf5e335142205e8ac11549e3c27688b
case_083,2,B,B1_base,580d3173761901060efa6eea2f3f5f84bd8dcf9710f70eb77f529f47aa95f179,4338a661d2de503b3f11061a0ca736dc88f2983f26b3a68ff90455ff50ffe84d,644672,14241216,3,3,3,0,B0_base,9f49a65bbbd169e737d53ea597baee069bf5e335142205e8ac11549e3c27688b
case_083,2,C,incumbent_split_height_g0_p4,4d13c86af06d5f1559cb233ba51d54a2e584dc85a4dfc3235040d1ab56b2b23f,d10288fdd5ccc7df8e501ce0dd3166fd98d4b8757d69c90b7e5933307f70c265,465958,7847648,3,3,3,0,incumbent_base,580d3173761901060efa6eea2f3f5f84bd8dcf9710f70eb77f529f47aa95f179
case_083,3,A,A1_base,da13d638989f51487f354b4419fbfa3e4b51640fa4697755c80f1379d66ec4ec,12de12c9078e8f33f4b98f01febf7a7d5795baa07a22cfce6194aa940a3db6da,512623,14842752,3,3,3,0,A0_base,bb5c82898c0f9c6131e694f37bc24c7fc138f9871f1580a8923cb937f5539aef
case_083,3,B,B1_base,da13d638989f51487f354b4419fbfa3e4b51640fa4697755c80f1379d66ec4ec,f111bb1b719d3d2d1bd6b7c36351934b4c0ad4bd4ac8b5d45464dd22d3460c0c,512623,14842752,3,3,3,0,B0_base,bb5c82898c0f9c6131e694f37bc24c7fc138f9871f1580a8923cb937f5539aef
case_083,3,C,incumbent_base,da13d638989f51487f354b4419fbfa3e4b51640fa4697755c80f1379d66ec4ec,45184f733904bf44cd5efb82db96b6852707ccd0f65f10fbb458eb30f66355d0,402691,14842752,2,2,2,0,incumbent_base,da13d638989f51487f354b4419fbfa3e4b51640fa4697755c80f1379d66ec4ec
case_083,4,A,A1_base,e03f6d823c9e8152c2bda91fac2b1016be041ecd5a23fe6e6f0830ed677bfdec,5ac6fb7ff8d974fcdb6a29795d0fb31c0583351a789d4e7eecf7d70b402307cf,450029,14977600,3,3,3,0,A0_base,b1a4144272a53d7a8d8329e7408a66db9315cd08a231d09615b51c75279e883a
case_083,4,B,B1_base,e03f6d823c9e8152c2bda91fac2b1016be041ecd5a23fe6e6f0830ed677bfdec,c20b8eb774a8413808a2169cc755b960c3e18171172028bf474e7612c91021b8,450029,14977600,3,3,3,0,B0_base,b1a4144272a53d7a8d8329e7408a66db9315cd08a231d09615b51c75279e883a
case_083,4,C,incumbent_base,e03f6d823c9e8152c2bda91fac2b1016be041ecd5a23fe6e6f0830ed677bfdec,c9205d1d0ecc4a387d81d70b368215bc6eb6d234528c5717ab05ab2b2489fbd5,333151,14977600,2,2,2,0,incumbent_base,e03f6d823c9e8152c2bda91fac2b1016be041ecd5a23fe6e6f0830ed677bfdec
case_083,5,A,A1_base,b080df8d672274bee13dfb5f0cde8ca0fa942666cb56937799d24527537c1ec3,9ce5d501c4caf88e0b0573cc0dd42213243beceda94c8a5940720a55a7568b96,442480,15058048,3,3,3,0,A0_base,db144ccdf5de8d241f875fb10cda02467e73c7c67ee0811485bd5ee43ea0ccac
case_083,5,B,B1_base,b080df8d672274bee13dfb5f0cde8ca0fa942666cb56937799d24527537c1ec3,143525248cae8d777b6d6afd53ab770361d642bfb6743d1d3ef7898409d3cd90,442480,15058048,3,3,3,0,B0_base,db144ccdf5de8d241f875fb10cda02467e73c7c67ee0811485bd5ee43ea0ccac
case_083,5,C,incumbent_base,b080df8d672274bee13dfb5f0cde8ca0fa942666cb56937799d24527537c1ec3,7eea764259e2cd0d1f6a8555bfdb424add4d92382642c5c0e0554625c76fb222,310731,15058048,2,2,2,0,incumbent_base,b080df8d672274bee13dfb5f0cde8ca0fa942666cb56937799d24527537c1ec3
case_090,1,A,A3_aggregate,a1da719888a5e9c0920e07935f677054d73baa24ae7ed0f28e97ed4543d8c6ba,f75eeffa9f4d52bf5765090f982527655b8f117cbcf5afb0266f44f1c1d188a3,1092711,15390192,2,2,2,0,A0_base,2839b41224031af7807c6fb13d7344b4583a48845bdb5f103aee490248ab22da
case_090,1,B,B2_base,bad629997b1703fbcdf8cd035f78ffa2114b04bbb21eb8082eeda1b54a863b8e,01f763dca98c0416832fab6aa5d3da4e0b793a59c15981cf0d549fc05cc582ac,1087442,14905728,3,3,3,0,B0_base,2839b41224031af7807c6fb13d7344b4583a48845bdb5f103aee490248ab22da
case_090,1,C,incumbent_split_height_g1_p4,271580fcc137686e8ce24ad7a1153b846947065d689e7eb26f1a5efa1743b1a0,b7b9b8b6cf52b882dee22fca8f373cc6c3fdfddfc386c614896c93cf97b6bb54,919256,6461952,3,3,3,0,incumbent_base,bad629997b1703fbcdf8cd035f78ffa2114b04bbb21eb8082eeda1b54a863b8e
case_090,2,A,A1_base,b50b336c9260881db2b2beaf4a8d16ffbb1fef575c34732ce4c4c3cb06ab10c4,01ee5f56aa6d9b2cd30ad78c25eff9f12b346e8c9685dc0cc282f5721e44494a,769224,21498480,3,3,3,0,A0_base,46c6ebb5cb1be2480ad35875102d5abd18bcd27aff5602dc5404ba247361f2db
case_090,2,B,B2_base,6dd2c1c602cbbd47c02a1a75cfffb654896126a969a225615ade56199fd2bf2b,1f948798a1298c29b15b848514f7564ac67efe1b07cb05f1abb7d0c7218197a4,677936,11583648,3,3,3,0,B0_base,46c6ebb5cb1be2480ad35875102d5abd18bcd27aff5602dc5404ba247361f2db
case_090,2,C,incumbent_split_height_g3_p2,6ae847b53b4805be47962cb6ee65399172f4025f86121d3ca20fa3df656b385f,d85571e09ecf81bafa502d6b46fb26fe74ccc8f90dae7ef3d929fddb1363334d,549431,5289120,4,4,4,0,incumbent_base,6dd2c1c602cbbd47c02a1a75cfffb654896126a969a225615ade56199fd2bf2b
case_090,3,A,A1_base,4b4a38a5882e9b0e496ddcdb4e69de28f48d65e176cc29a609047df25e1ecba9,82ceb9f3d14d0a9d8c22a495eeff6a6d92d8707aca4c2da733f55ca28c74ea84,657430,21438504,3,3,3,0,A0_base,378ea61bbcdba1299b82c7e8bb7f702a133ffd5ec48bd6c7cc04972a20d46fbe
case_090,3,B,B1_base,4b4a38a5882e9b0e496ddcdb4e69de28f48d65e176cc29a609047df25e1ecba9,1ef4bbe510faf8af1b352f2676430393029bb6ecbe6405a187382070df81cf82,657430,21438504,3,3,3,0,B0_base,378ea61bbcdba1299b82c7e8bb7f702a133ffd5ec48bd6c7cc04972a20d46fbe
case_090,3,C,incumbent_split_height_g1_p4,90b96a0bf338f7b4df9d8641e03d77c08283f4ce8dbd5072e4f24a919aa5e9c0,f4339fd6b1d1f909ad254de803497557e5059f50f363656e24d7d05030e89467,549742,19968624,3,3,3,0,incumbent_base,4b4a38a5882e9b0e496ddcdb4e69de28f48d65e176cc29a609047df25e1ecba9
case_090,4,A,A1_base,3da259eae3c9bb3776e39d7293a7bd91823397fbd4c3e6fdc18f945c39bddb8a,4552f368381b6aa3758918307ad4eece34fea40e03bda5f03f9b590cbdc6e164,608275,21392136,3,3,3,0,A0_base,ec4b13d1e68be744c1b0b1a9a4007b111a18ba00b7e48aeefedab82d5f009016
case_090,4,B,B1_base,3da259eae3c9bb3776e39d7293a7bd91823397fbd4c3e6fdc18f945c39bddb8a,660f0edba254129cb4ffc64f68d6163789a63699a1f83154edd60162e616e351,608275,21392136,3,3,3,0,B0_base,ec4b13d1e68be744c1b0b1a9a4007b111a18ba00b7e48aeefedab82d5f009016
case_090,4,C,incumbent_split_height_g1_p4,7224a59c3f74671e1a19a032db0419817d93eeeb9e3de9efc5b095ff467d8d1d,c2ffcebc7afe4a87e105a60db789df263fb2639dbf2239a37f454f9d6d71d0e6,534087,20329752,3,3,3,0,incumbent_base,3da259eae3c9bb3776e39d7293a7bd91823397fbd4c3e6fdc18f945c39bddb8a
case_090,5,A,A1_base,6718b0afa59c4afaa081ebe7ade1b4f09606df0082093e23bb8fadaf4f28f6eb,7efb972c4740d6d5cb1869232e3dc06d3a5b0713d00acee973fa6b3c0934c872,542638,21724704,3,3,3,0,A0_base,81b5fd7561f6c9f84a4b77a69536b2fec8b69b7c3256d33deedbbebfc4b15fae
case_090,5,B,B1_base,6718b0afa59c4afaa081ebe7ade1b4f09606df0082093e23bb8fadaf4f28f6eb,a92eb59a25e568dbef400742064db5567aefa6c815d79837e9a51dcfdd0b5ef0,542638,21724704,3,3,3,0,B0_base,81b5fd7561f6c9f84a4b77a69536b2fec8b69b7c3256d33deedbbebfc4b15fae
case_090,5,C,incumbent_split_height_g3_p4,37db57fa56ee5c438abffe22f29561799da6c68c8bbb85bc8cb105593740b754,afb8d115981ab91c2d4f86173c614131b04467a5ec972758c3dfcc6c5251d961,416535,21213240,3,3,3,0,incumbent_base,6718b0afa59c4afaa081ebe7ade1b4f09606df0082093e23bb8fadaf4f28f6eb
case_007,1,A,A3_base,60d435d6d79340688120315cb36817d3607b7fa7626738b67a2ce73ebbc654ea,2db1bd9c3f23ac44545120cd312af59322401bd88d08a204f7ab5ca276712f2a,985964,9369600,2,2,2,0,A0_base,2f9f56272856e422f5cfd8c39b111f190a2382aa245cfc036013f67978bbb724
case_007,1,B,B0_base,2f9f56272856e422f5cfd8c39b111f190a2382aa245cfc036013f67978bbb724,e4642ab8955baa43b0c89d59410cd35e6485dcf41dddf0e6ce5de57cc4cdd636,1012562,0,2,2,2,0,B0_base,2f9f56272856e422f5cfd8c39b111f190a2382aa245cfc036013f67978bbb724
case_007,1,C,incumbent_base,2f9f56272856e422f5cfd8c39b111f190a2382aa245cfc036013f67978bbb724,c20662c62ad1d9a051e4424dd35e40ed30e676711ee453133835fe0a19fd609d,1012562,0,1,1,1,0,incumbent_base,2f9f56272856e422f5cfd8c39b111f190a2382aa245cfc036013f67978bbb724
case_007,2,A,A1_base,e42b201150120ab0d3dc2328b40fdec6f1c5c3e63a485833c34d1f9b232ea3a3,842e1894c3edc83193c736642bb23f2f1f15ab5892973bffc73df2eeb269c16f,507494,27648,4,4,4,0,A0_base,436119fcd4c9c9e6bb1e581263555dc46172d45f77f58c06cb6957667bb72efa
case_007,2,B,B1_base,e42b201150120ab0d3dc2328b40fdec6f1c5c3e63a485833c34d1f9b232ea3a3,bfbd4ab22c7515897657af063cb6b60ffd75e4c2b221bce11a4ef6ffa4887f47,507494,27648,3,3,3,0,B0_base,436119fcd4c9c9e6bb1e581263555dc46172d45f77f58c06cb6957667bb72efa
case_007,2,C,incumbent_base,e42b201150120ab0d3dc2328b40fdec6f1c5c3e63a485833c34d1f9b232ea3a3,603dd8f29accf93c80990ad5bee6085b4b7967509c3d6425c6f34565f87519f9,507494,27648,2,2,2,0,incumbent_base,e42b201150120ab0d3dc2328b40fdec6f1c5c3e63a485833c34d1f9b232ea3a3
case_007,3,A,A1_base,f47dc20ccc65a25412a6204f0088724a8f7bcd7d7dfa99c57a3a0eb824370c6d,a4c306efce88263897c0eae70edc23f2d1d9bed7d7e17211cd83d5da5faef16a,338094,55296,4,4,4,0,A0_base,2f37a7faf02c5c63a133a5e6861f0acdb19000111538093f8c803798597fdcbe
case_007,3,B,B1_base,f47dc20ccc65a25412a6204f0088724a8f7bcd7d7dfa99c57a3a0eb824370c6d,db89b0d90cccf39dfa3316bf0d06eefef67a4c05a73538d0edc35081b82b037b,338094,55296,4,4,4,0,B0_base,2f37a7faf02c5c63a133a5e6861f0acdb19000111538093f8c803798597fdcbe
case_007,3,C,incumbent_base,f47dc20ccc65a25412a6204f0088724a8f7bcd7d7dfa99c57a3a0eb824370c6d,dab6ccc5e29d00ae4ab272049727530b5a54d77d6982ed22ddac4b3a4bb606c1,338094,55296,3,3,3,0,incumbent_base,f47dc20ccc65a25412a6204f0088724a8f7bcd7d7dfa99c57a3a0eb824370c6d
case_007,4,A,A1_base,7dad11c302e5b5a38633b061ab641bf2ef1a365384d7007ef53473cfad54c8bf,c5f1e658869f194a9dc9421bb11dcd9e25d23ebea0e04a81d9869c0ddd8997e8,254398,82944,4,4,4,0,A0_base,5a73c605ef26b4ec532b9aa1334ded01f27c085d094da6a0a7cf962594dc48b0
case_007,4,B,B1_base,7dad11c302e5b5a38633b061ab641bf2ef1a365384d7007ef53473cfad54c8bf,1bef945b8d3d1e64450df011b5bb1080c6c0fd6bf9aca61799ce4ecef3304203,254398,82944,4,4,4,0,B0_base,5a73c605ef26b4ec532b9aa1334ded01f27c085d094da6a0a7cf962594dc48b0
case_007,4,C,incumbent_base,7dad11c302e5b5a38633b061ab641bf2ef1a365384d7007ef53473cfad54c8bf,dc06b026862d5b902b69f269ef990da1ece2eae7afefe35778368281a8d666a5,254398,82944,3,3,3,0,incumbent_base,7dad11c302e5b5a38633b061ab641bf2ef1a365384d7007ef53473cfad54c8bf
case_007,5,A,A1_base,1d4599d04f4cdc746f63b7183515e658569dc61e8f43a9d20142db862e54add2,f91c50798a479280bb0fce22a150b43b427fd4b37aae223e3978ecf46c8d9888,203834,110592,4,4,4,0,A0_base,b1194eca8405293187cecb045f710913fa5fab97537774cfe762acf458b72799
case_007,5,B,B1_base,1d4599d04f4cdc746f63b7183515e658569dc61e8f43a9d20142db862e54add2,0bc5d78d493d76705de1b7d49755b1a0178f48c5da4ad67c0dc700c519ff4a8b,203834,110592,4,4,4,0,B0_base,b1194eca8405293187cecb045f710913fa5fab97537774cfe762acf458b72799
case_007,5,C,incumbent_base,1d4599d04f4cdc746f63b7183515e658569dc61e8f43a9d20142db862e54add2,4e088e61c5f84092ea10b8c1a35ffe71d1cab8040877fc97f6b1582536dcb6d6,203834,110592,3,3,3,0,incumbent_base,1d4599d04f4cdc746f63b7183515e658569dc61e8f43a9d20142db862e54add2
case_009,1,A,A0_base,7aa3e2e81c9dd57a463e7c451df5a095135c5308617d1f03a02a0f2b6bb60036,9525349789f36cd362f128b99a28f38df7a8cb65a7948c969991654624ee0eb4,153261,0,2,2,2,0,A0_base,7aa3e2e81c9dd57a463e7c451df5a095135c5308617d1f03a02a0f2b6bb60036
case_009,1,B,L2_base,09444eae196f7ff9acd566006191e2ec02d6cc2040ee61e7484a205478dfbd55,efa3a64fd21f1d8840d89575e4db5ac7673ab5c0cd9d43e1b7c95589bcc7ea99,153201,0,2,2,2,0,B0_base,7aa3e2e81c9dd57a463e7c451df5a095135c5308617d1f03a02a0f2b6bb60036
case_009,1,C,incumbent_base,09444eae196f7ff9acd566006191e2ec02d6cc2040ee61e7484a205478dfbd55,53312455507bd9f39a7d8dc5c6f8f8a5622b68e2a6d3ac26e8cf126ef7de14a3,153201,0,2,2,2,0,incumbent_base,09444eae196f7ff9acd566006191e2ec02d6cc2040ee61e7484a205478dfbd55
case_009,2,A,A1_base,04723cd5a1aa8091f70deb4f1191b8c0639fbe69adc5f707a7c8c5b366a5c65c,2078d1f55e647a19c0be7aaa569c4d78400f467db89fa3e416db09a471a43cf8,92198,0,3,3,3,0,A0_base,80e1a121d670e37485cf2698beea7a7f54b801173402872a02ed9be4f3c8f02f
case_009,2,B,B1_base,04723cd5a1aa8091f70deb4f1191b8c0639fbe69adc5f707a7c8c5b366a5c65c,5dc63aa8e7e48aabe6d0c1fe3a69273c9c7716a051f1cb2dee16bb0442329696,92198,0,4,4,4,0,B0_base,80e1a121d670e37485cf2698beea7a7f54b801173402872a02ed9be4f3c8f02f
case_009,2,C,incumbent_base,04723cd5a1aa8091f70deb4f1191b8c0639fbe69adc5f707a7c8c5b366a5c65c,24e876d795953d812bb9db96c955d17137156cfe1e7474a07071ca8dab2a14e5,92198,0,3,3,3,0,incumbent_base,04723cd5a1aa8091f70deb4f1191b8c0639fbe69adc5f707a7c8c5b366a5c65c
case_009,3,A,A1_base,1218cb2ff3dbb3677ee1d7e85c9c115435167169cf2760e79a33e164cd44d2fb,220ae51ca2ab6a4139e68240d98a9e330fc9d5bac10299ec3496ee027e157caf,92198,0,3,3,3,0,A0_base,9540254977d14eb2a28a3c69c0f45a43f125a06ca4ba8925de54b7978d2c7402
case_009,3,B,r1_split_g0_h0_c2_p0,80d563b5f6f71ae74fa08d3dfd6802f5cee5f784b379f07f1d77ff82885ae2bc,e01c4457691a7d73635f0b1c34dde838bd4dff788caed3114e3727d6056564e7,91278,9254,3,3,3,0,B0_base,9540254977d14eb2a28a3c69c0f45a43f125a06ca4ba8925de54b7978d2c7402
case_009,3,C,incumbent_base,80d563b5f6f71ae74fa08d3dfd6802f5cee5f784b379f07f1d77ff82885ae2bc,1c8196190549d46a086876d7b99899bf4bc1226cd8d1ba4d292727a38a4e8310,91278,9254,3,3,3,0,incumbent_base,80d563b5f6f71ae74fa08d3dfd6802f5cee5f784b379f07f1d77ff82885ae2bc
case_009,4,A,A1_base,f2fcd9b7f042e9603ae4822037a7cd3c9104aed3d3251876b447246b465060e8,6460e56978d99b425b2342d69a7d8e8bee346ca3486450d250fd46d4fb6aa204,92198,0,3,3,3,0,A0_base,55f1329ca25e1fe3f8431b14b9a4b189c5ad7e37ee23346e88f11e3d2bd7358c
case_009,4,B,incumbent_base,1a629d7da15431d7d932ba2591c7a1235f0a9eb603c99e66471eaa1202a0baf9,14468399deb62f21f6e87e261083a2fbbc7502028c3a6b6a52aebffeb841a635,91278,9254,4,4,4,0,B0_base,55f1329ca25e1fe3f8431b14b9a4b189c5ad7e37ee23346e88f11e3d2bd7358c
case_009,4,C,r2_split_g0_h1_c1_p1,d0328678808e5fe5e24cdb44e65d8e9f87d84653421074a21b74f939d580c3ff,ad254a629df5dc4254c224da747b9a27b022eaaf910d9686436f2729eb5329da,90556,106060,4,4,4,0,incumbent_base,1a629d7da15431d7d932ba2591c7a1235f0a9eb603c99e66471eaa1202a0baf9
case_009,5,A,A1_base,eb5ace1b4a7386117f989d6899a7dbf7e83784ec10a2c5e9c78a96545ba34cd7,4ea35b90a809149b30e8efc2158bfbdbbd8ada57a688b3283d6ee2a5055ffaf4,92198,0,3,3,3,0,A0_base,ccdde200a7f71e169f2313b133482c73c6618d257a16e296aa749defce75fcd4
case_009,5,B,incumbent_base,eb5d2db1a46dea477740c15e801223192a4a63849913b8f83e4c125eddcb502c,aa05ec9f7fc30fe64fbd16de996923925a3aac598ab3195e07f3873602942b17,91278,9254,4,4,4,0,B0_base,ccdde200a7f71e169f2313b133482c73c6618d257a16e296aa749defce75fcd4
case_009,5,C,lower_core_base,828780faa8a24f594e2367f4deedf37deb0149b7171ca6ef5c8c4e704dccdfe4,dc6b2b236727e76a68e3e12e03a99cf3ac45dbd6f79b25ac885926ba1da5464d,90556,106060,5,5,5,0,incumbent_base,eb5d2db1a46dea477740c15e801223192a4a63849913b8f83e4c125eddcb502c
case_016,1,A,A0_base,ceb691fa3f6538b83035d95def0b97b3c816ea719b0a9eb61639b5899d297c41,b3d3e701f28e737d03af34e3bade4b83bf1e023b0105ccade1da164e9fd32192,7715523,0,2,2,2,0,A0_base,ceb691fa3f6538b83035d95def0b97b3c816ea719b0a9eb61639b5899d297c41
case_016,1,B,B0_base,ceb691fa3f6538b83035d95def0b97b3c816ea719b0a9eb61639b5899d297c41,9976cb09c25e957f94d4577a3d700b30b23674b239bb0fcc180923d7a55e04fb,7715523,0,2,2,2,0,B0_base,ceb691fa3f6538b83035d95def0b97b3c816ea719b0a9eb61639b5899d297c41
case_016,1,C,incumbent_base,ceb691fa3f6538b83035d95def0b97b3c816ea719b0a9eb61639b5899d297c41,f80335751988c492324c2a43206098b1c9f37545490f63c08d8e45c6c4d712fc,7715523,0,1,1,1,0,incumbent_base,ceb691fa3f6538b83035d95def0b97b3c816ea719b0a9eb61639b5899d297c41
case_016,2,A,A0_base,085d99a8e31183460b528babd5e25515a3470d4bee6c75765189c6b934a35737,d687ddbf0b21b2c3442b97f4a8d2495f334d5012404958072a002cd7c3b730ad,7715523,0,2,2,2,0,A0_base,085d99a8e31183460b528babd5e25515a3470d4bee6c75765189c6b934a35737
case_016,2,B,L2_base,e2438d3e4d442d491994663f96bb030d5709dded898d99b202205b6a635ab902,8b7060e09d6996587a5097c907832797b4e26256244b013fa7c5817127eab8ee,7712915,2162724,2,2,2,0,B0_base,085d99a8e31183460b528babd5e25515a3470d4bee6c75765189c6b934a35737
case_016,2,C,incumbent_base,e2438d3e4d442d491994663f96bb030d5709dded898d99b202205b6a635ab902,876a6dfffc16b77e38ed8c564e7fc85125f20e72bc981082d05533399a3cc478,7712915,2162724,3,3,3,0,incumbent_base,e2438d3e4d442d491994663f96bb030d5709dded898d99b202205b6a635ab902
case_016,3,A,A0_base,ba050bbc6b89c33eb27749867f23eb4f55420e18960c0b82218d726e1213023f,2153e6072380fc9aa0fa82ad6ab3f601f3ee70a96712668700f0b87fc798190f,7715523,0,2,2,2,0,A0_base,ba050bbc6b89c33eb27749867f23eb4f55420e18960c0b82218d726e1213023f
case_016,3,B,incumbent_base,9b208e19b9153bcd714c2364b66966bae3f24f6dc30e608d036c228063b016f1,d1de05abca4cb3e12ca6dd6051873d27b45c0f7c3e64acd73ea9ed3e6f2d8764,7712915,2162724,3,3,3,0,B0_base,ba050bbc6b89c33eb27749867f23eb4f55420e18960c0b82218d726e1213023f
case_016,3,C,incumbent_base,9b208e19b9153bcd714c2364b66966bae3f24f6dc30e608d036c228063b016f1,59455b9fd0d451f436851cac5d4f3432a3545a3c1b438d8ad411312f218fe403,7712915,2162724,3,3,3,0,incumbent_base,9b208e19b9153bcd714c2364b66966bae3f24f6dc30e608d036c228063b016f1
case_016,4,A,A0_base,13c9be7c40836646b1658dea0c22db987c0e174d376ebc4573561c02d607b5df,808d792d0b6f4640d874bee60cdae9b371d0c1ab9bc65bd6612b1cd0514d88fd,7715523,0,2,2,2,0,A0_base,13c9be7c40836646b1658dea0c22db987c0e174d376ebc4573561c02d607b5df
case_016,4,B,L2_base,9f8ef528a0148a6b845ef6254c467e77bf8c32e933026142c176a3ef7b717a3f,8749e6b1f0da3b2c37744c5571d926dea6056c739cf80e6247ae9acc465064d1,7706495,4784208,3,3,3,0,B0_base,13c9be7c40836646b1658dea0c22db987c0e174d376ebc4573561c02d607b5df
case_016,4,C,incumbent_disperse_tid_1000002265_node_2259_core_1_pos_0,5c698fb3551dce4955b3b1cf8e369c9b7ec9a7d6bd4f8ddbe28a7f9e8c318541,7dca848dfe3d8215458cbc90ba9c94564392e5201b9870361d248b2fa7223719,7706472,4718672,4,4,4,0,incumbent_base,9f8ef528a0148a6b845ef6254c467e77bf8c32e933026142c176a3ef7b717a3f
case_016,5,A,A0_base,21d209bb67af2852a38e87dca51cb294aced7191073d35bbd8c3f6d0d0d9f9c8,095ca1d804fb905a5a1d65ce9f2c7fccf572230005c1d18d0efa80ef62c278a7,7715523,0,2,2,2,0,A0_base,21d209bb67af2852a38e87dca51cb294aced7191073d35bbd8c3f6d0d0d9f9c8
case_016,5,B,incumbent_base,03da0b47a1a75f2ff482f833cdb9eb23554517ec97c8a07e9c4669d1f35f24e3,2cbbed7ebc7ae5e29d34c35a97e229ca78b99625001f4f665f2344484d9456d4,7706495,4784208,3,3,3,0,B0_base,21d209bb67af2852a38e87dca51cb294aced7191073d35bbd8c3f6d0d0d9f9c8
case_016,5,C,incumbent_disperse_tid_1000002265_node_2259_core_1_pos_0,6d6434de9c3ef3ce26d1ae7f99555457339f55d779d89363ccbbf36dce152590,d70c38ad66bcd0892e01f117350255fd4ab4d98713a8f8daee24f2261df0965f,7706472,4718672,3,3,3,0,incumbent_base,03da0b47a1a75f2ff482f833cdb9eb23554517ec97c8a07e9c4669d1f35f24e3
case_022,1,A,A0_base,eaf1cfb44676adb9e2de432e7d8b63d9a13928fb5cad53d4fd5288cfe6c4dcaf,7d8d5d67789dce8bf1a580f02fc9b2d55e6759f845379d6cce69b57688d3436a,56780,0,2,2,2,0,A0_base,eaf1cfb44676adb9e2de432e7d8b63d9a13928fb5cad53d4fd5288cfe6c4dcaf
case_022,1,B,B3_base,eed4b94412cfa1979413e0f9a753995870f86b6f612862dbefe0a9f1c8a863ed,57626b554ed56e1d34e8aeb964e583a4d29b9fdfd5e6976a8401a87125df6afe,54723,88064,2,2,2,0,B0_base,eaf1cfb44676adb9e2de432e7d8b63d9a13928fb5cad53d4fd5288cfe6c4dcaf
case_022,1,C,incumbent_split_release_g1_p4,0528be4ee363717ffdf6551871312a440a89dc6ae9e8178406207d530f8a2c20,69365b3d143f58292fa9b7f334d00a163917e3464f5371e62b3820ae0b775c4a,54591,78848,3,3,3,0,incumbent_base,eed4b94412cfa1979413e0f9a753995870f86b6f612862dbefe0a9f1c8a863ed
case_022,2,A,L1_base,291b85d0238773eb35d1211d0ff98fdce191502f9709da272443c423a67e44c8,f20d8540db5c693ce20a55e7c2bba064bc1fd6d112f0af29d9e427b72821e071,28324,6912,3,3,3,0,A0_base,3842ed3f7ea5792580b723fde49c0fc488bf1d1828cfc357ae7708ae81ec75c5
case_022,2,B,L1_base,291b85d0238773eb35d1211d0ff98fdce191502f9709da272443c423a67e44c8,ff9d3b947b35d334d673b6121d371e327b478037d10839fcbde2d8f2a1e62910,28324,6912,4,4,4,0,B0_base,3842ed3f7ea5792580b723fde49c0fc488bf1d1828cfc357ae7708ae81ec75c5
case_022,2,C,incumbent_base,291b85d0238773eb35d1211d0ff98fdce191502f9709da272443c423a67e44c8,166eae08e5d652122152abc5c28ada96a231cfe4025687d463b5e05b527480c2,28324,6912,4,4,4,0,incumbent_base,291b85d0238773eb35d1211d0ff98fdce191502f9709da272443c423a67e44c8
case_022,3,A,L1_base,6af8f7bb6165434405668fb2d7b69ba2f425ebf3001b664b478ed09e2a261f9f,a32ec4735f40b368eab7d647de83952c73417ed7f999ef4e0778b7df3febede0,19026,13824,4,4,4,0,A0_base,3dba9cf91740432b7e083ab098aec951978c0d4332d0d35fb63beff26d4e3696
case_022,3,B,L1_base,6af8f7bb6165434405668fb2d7b69ba2f425ebf3001b664b478ed09e2a261f9f,07715d9af54f1628e6a7bfd56e8da892d793d2aacf57540a778749ed4b59ea07,19026,13824,4,4,4,0,B0_base,3dba9cf91740432b7e083ab098aec951978c0d4332d0d35fb63beff26d4e3696
case_022,3,C,incumbent_split_height_g0_p4,ac67a5505dc337fb382094d56222130ff6956349615512f74b0de200dd7c9520,ac3d47b22106763d9c40ab1eb5504c145caa47e9bedc11064c1d4b47fc899fba,18965,13824,5,5,5,0,incumbent_base,6af8f7bb6165434405668fb2d7b69ba2f425ebf3001b664b478ed09e2a261f9f
case_022,4,A,L1_base,3a4c1f102e12f64ebeaa11c467dfce0635a4bb93393d793486caa2dae6f3e6ac,6a3f958c71f70f069743ba7c119f23856d77952795eba6c72266cf2d047f3fb2,14526,13824,4,4,4,0,A0_base,b8c8a61c8ff2c00900ebfdec11fbb73baf180a062ae071e21432184fcd257ef5
case_022,4,B,L1_base,3a4c1f102e12f64ebeaa11c467dfce0635a4bb93393d793486caa2dae6f3e6ac,389b95f6a74fb7b93be4b56582276d10a0f692af439a7602d5baef67df4fd36d,14526,13824,4,4,4,0,B0_base,b8c8a61c8ff2c00900ebfdec11fbb73baf180a062ae071e21432184fcd257ef5
case_022,4,C,incumbent_split_height_g0_p4,a7c684634a65f5f2e70fe09c714f4fd84aca3a3fcb36b351fedb3fa4a700b605,cf5fae4c167ee77d306aa22e59009b2ebbb9e2246f36116583cdc0bfe82cd142,14275,13824,5,5,5,0,incumbent_base,3a4c1f102e12f64ebeaa11c467dfce0635a4bb93393d793486caa2dae6f3e6ac
case_022,5,A,L1_base,53d2ab95f71ff924aac825e5bbb3bdfd12c180d1a71095206cf357ac87be4770,3d80aee35fa4a1e34790e78fe89ef2056dcadbbe1d3ca89ca7490f75842ca7d8,11824,20736,4,4,4,0,A0_base,956b7404270bd55b2d7eab2f6f52d297cf72546950e586236b43786ee9059327
case_022,5,B,L1_base,53d2ab95f71ff924aac825e5bbb3bdfd12c180d1a71095206cf357ac87be4770,949386b0bd76f6756b88d5e84550a1dcd121dacbcbb2ed00bbeb64cc29c64752,11824,20736,4,4,4,0,B0_base,956b7404270bd55b2d7eab2f6f52d297cf72546950e586236b43786ee9059327
case_022,5,C,incumbent_base,53d2ab95f71ff924aac825e5bbb3bdfd12c180d1a71095206cf357ac87be4770,60a59c4e8b7779445447f5a29a06a84e2c75ea0f9d1cbebc62c563c14c0ae570,11824,20736,4,4,4,0,incumbent_base,53d2ab95f71ff924aac825e5bbb3bdfd12c180d1a71095206cf357ac87be4770
case_027,1,A,A2_base,5e7174f10d66635936dfcb5a1b49dc4732c97091709049fdeeb28213f785fe97,31e4e099f6df760549c80d5085401a6da1abb2b78d52c712f2a84a8238ac34bd,2325280,1425408,2,2,2,0,A0_base,fc190b9e4e6e8f7041e044c2e0bfd673942a4b17c3605109af3b083514832ee1
case_027,1,B,L2_base,14e872d2b223d2fa5fa6d55b00ff3c0aaae8325acc6484b6b8915a7088c03735,b49472609366bda9a6278452afc2cc8101921939294eacf1ab27552596bc8cf2,2304836,3452928,2,2,2,0,B0_base,fc190b9e4e6e8f7041e044c2e0bfd673942a4b17c3605109af3b083514832ee1
case_027,1,C,incumbent_base,14e872d2b223d2fa5fa6d55b00ff3c0aaae8325acc6484b6b8915a7088c03735,76f4fb2d884c71c0a228ce79e127d30212b4740ba31f47a6efa6f319ac6a74a0,2304836,3452928,2,2,2,0,incumbent_base,14e872d2b223d2fa5fa6d55b00ff3c0aaae8325acc6484b6b8915a7088c03735
case_027,2,A,A2_base,afff395c2d81b34597a49e3980111deb1a22821c5bd35e0629861666dd15445b,dde3d5a15cd583843272107e49ba434e0df0c2c1a055c13603a25d33e9eaa565,1116984,2211840,4,4,4,0,A0_base,53ca684096aa606388c5469f9623e6aada4140ad7dbbb23eefd97dd562c31c09
case_027,2,B,B1_base,3ff854282991133e062f46814a1c900edaa6542147f39f7fba50191f47108e9a,0a779a2e95c3e6973c3b1a5468db6885476912a6d0a7ab55ac99fe2f6a3d763f,1120962,1744896,4,4,4,0,B0_base,53ca684096aa606388c5469f9623e6aada4140ad7dbbb23eefd97dd562c31c09
case_027,2,C,incumbent_base,3ff854282991133e062f46814a1c900edaa6542147f39f7fba50191f47108e9a,ac351bd0958af53b4423829fca41ad00d371a299ee57855cb38e0b5b19dbe44c,1120962,1744896,3,3,3,0,incumbent_base,3ff854282991133e062f46814a1c900edaa6542147f39f7fba50191f47108e9a
case_027,3,A,A1_base,46dcf332a9eee63101f15998e9af6a271d39e119a82901ab17ce6611e1304f0f,4b8f2f16ac96522c8543c836d7d6f29d9f8aa87d85a6ae5c42c0843d65cb67c4,837049,3686400,4,4,4,0,A0_base,8569c44f700c17edb0493a4befd62c1dd112f50b97de2932daaa41f6ec99f0ce
case_027,3,B,r4_boundary_n363_c1_p3,3b58de1572b27dacb106f856cae00a9f7d7f8e2467870826ad3f40a15deb3814,8e85cea5810a7d910ce5f796a76b91b69943ff939176693e0e53b06bf9b9ecb9,831811,4139008,4,4,4,0,B0_base,8569c44f700c17edb0493a4befd62c1dd112f50b97de2932daaa41f6ec99f0ce
case_027,3,C,r2_boundary_n629_c1_p0,f1181c86968c400b9e1270f682e4fe23511364ca35761040273bc67322ad6d13,ec9c3195604b6d3a4d99d972e26ae356be6a73c0be070c2f44626ca33e99d616,831365,4139008,5,5,5,0,incumbent_base,3b58de1572b27dacb106f856cae00a9f7d7f8e2467870826ad3f40a15deb3814
case_027,4,A,A1_base,2a51555cd1f20a82fb7b0b41b611271fb3d19c0b4a9c8945bfa2d0885ca2c651,6549359b03283698480bb1df58b42cbd40b68855792399cc1aa0e06a6b5e05ec,559196,3317760,4,4,4,0,A0_base,a40841b6b09b73c2d91a77f8012e6702a86847addfcf10ffde8c663e79fb9aa7
case_027,4,B,B1_base,2a51555cd1f20a82fb7b0b41b611271fb3d19c0b4a9c8945bfa2d0885ca2c651,a2210ac82e635a2b7116f4e22b856048840147229a0e72446c573576d113cc6d,559196,3317760,4,4,4,0,B0_base,a40841b6b09b73c2d91a77f8012e6702a86847addfcf10ffde8c663e79fb9aa7
case_027,4,C,incumbent_base,2a51555cd1f20a82fb7b0b41b611271fb3d19c0b4a9c8945bfa2d0885ca2c651,419471fd989a34ca994f8af5a579a750faae1b8fdd9cd303f7e014d101ee9da9,559196,3317760,4,4,4,0,incumbent_base,2a51555cd1f20a82fb7b0b41b611271fb3d19c0b4a9c8945bfa2d0885ca2c651
case_027,5,A,A1_base,854250e9de14ced37e1787a1890d04b5c8baf25429fb6861831c706746968bfc,8db851b3dc930725f656be424f6583a98d9ff98042a303f48b4fd5c20ef3214f,558753,5529600,4,4,4,0,A0_base,0a0a463c9713dd93df566abafb98867c194abf84ed5c695a111de50ec851b605
case_027,5,B,r4_boundary_n361_c2_p0,de3be2f36a3a77c05fc21e61a8ea272cddcdf94c9d56de24a400e49b4c907c81,8111ade68e253c7ca33f6aee9283ab146239953331569e6afefb0dd8e60aac40,557147,5533696,4,4,4,0,B0_base,0a0a463c9713dd93df566abafb98867c194abf84ed5c695a111de50ec851b605
case_027,5,C,r2_capacity_g1_front,da00d6b96b3c5f9d840de919e0b06f6b567304f849621cfef9a02e37074fe3f4,7ca7a7fec910d1a4048b1e9cb06342b8703f026f28ccc80cc81440cfcab5f9f6,552561,5533696,5,5,5,0,incumbent_base,de3be2f36a3a77c05fc21e61a8ea272cddcdf94c9d56de24a400e49b4c907c81
case_084,1,A,A3_base,d7d5396491210df85c8c4cc008bf0f2be205873681e1e694e4f1ffd8bd723f89,d5cded1e38c58c22f4ffb74a1cbb0a5bee880a42055adf4990db3dacadcd33b3,1979969,29566656,2,2,2,0,A0_base,6d7e072fb61762200589548fae1c4ebf894c95d1e0a0a690fe440d121260af6f
case_084,1,B,L2_base,d2cc4ac3dab89e3544e6c283b9ab3cc68eca55db606ce533cd94520820d5afbb,1bef4c56e92b394235bca05b96130f0a1be9dbe60b793e6d8c5f165dba769a8a,1371156,9676800,2,2,2,0,B0_base,6d7e072fb61762200589548fae1c4ebf894c95d1e0a0a690fe440d121260af6f
case_084,1,C,incumbent_base,d2cc4ac3dab89e3544e6c283b9ab3cc68eca55db606ce533cd94520820d5afbb,3dbea1d17f2990b55f2f54704b3f40765804b793e0160055e82d51736d4d1acc,1371156,9676800,2,2,2,0,incumbent_base,d2cc4ac3dab89e3544e6c283b9ab3cc68eca55db606ce533cd94520820d5afbb
case_084,2,A,A1_base,c8ac24f31b1be860c75b08e752075946f946079aea90730824a7a94b23e95b77,5a03ebb679df1160d99e9eb29622fcf43480f4c4594994dae53a769402fa7b8b,1255052,0,4,4,4,0,A0_base,5f2837418b36655ab10920567d96c41fba0f686e49c1980f71869f88852ddd1d
case_084,2,B,B1_base,c8ac24f31b1be860c75b08e752075946f946079aea90730824a7a94b23e95b77,3389e2c18335c82ce532f77119a5d899d08aa1342462db1a8a08d4639d9ca43a,1255052,0,3,3,3,0,B0_base,5f2837418b36655ab10920567d96c41fba0f686e49c1980f71869f88852ddd1d
case_084,2,C,incumbent_base,c8ac24f31b1be860c75b08e752075946f946079aea90730824a7a94b23e95b77,0649223b76aa2e13ac0c3f182a0643d9539a6f44872b2e13d50956e9340764c3,1255052,0,2,2,2,0,incumbent_base,c8ac24f31b1be860c75b08e752075946f946079aea90730824a7a94b23e95b77
case_084,3,A,A1_base,034b9a1d559d5df052ad7d853e299a4a80bf89876b021cb41c9893a1ba338e14,290b5818fb5c9b6f86b1393d4022c5610922bca8b263127049f848a63a94fdab,836220,0,3,3,3,0,A0_base,719af4ca46e63ce3f4e9eb547a8d575cf910b203878221de5f628dad428b23cc
case_084,3,B,B1_base,034b9a1d559d5df052ad7d853e299a4a80bf89876b021cb41c9893a1ba338e14,0812328a9b635b6c6d948ae6502d3b333a4de5f808fdbbdda682cd4e7974ebce,836220,0,3,3,3,0,B0_base,719af4ca46e63ce3f4e9eb547a8d575cf910b203878221de5f628dad428b23cc
case_084,3,C,incumbent_base,034b9a1d559d5df052ad7d853e299a4a80bf89876b021cb41c9893a1ba338e14,ac55611dd35739d07fad31cfab7a287388afc1eaea71a5e73201561069f3f53f,836220,0,2,2,2,0,incumbent_base,034b9a1d559d5df052ad7d853e299a4a80bf89876b021cb41c9893a1ba338e14
case_084,4,A,A1_base,5bc27b7f3c37463378e7cc0db5cc722d11a7af803024e75dbf696be97c787278,ee3de421109139eba2305b3da8e2e3ae41a736a0df2f692fd124c5211b07ef38,629028,0,3,3,3,0,A0_base,be9616e65700b2bb450a77fc60a1047871d77b13ca66117be879b6eff1159448
case_084,4,B,B1_base,5bc27b7f3c37463378e7cc0db5cc722d11a7af803024e75dbf696be97c787278,fada8d2516a9b57fb25276ce3ede951d325a089eb3f4b00c37d8bca449c55d4a,629028,0,3,3,3,0,B0_base,be9616e65700b2bb450a77fc60a1047871d77b13ca66117be879b6eff1159448
case_084,4,C,incumbent_base,5bc27b7f3c37463378e7cc0db5cc722d11a7af803024e75dbf696be97c787278,eb02c077602c310313bd8cea22f9245b06e4f2c324c487a32cb85218f70267d8,629028,0,2,2,2,0,incumbent_base,5bc27b7f3c37463378e7cc0db5cc722d11a7af803024e75dbf696be97c787278
case_084,5,A,A1_base,bc03fa5db3f49e882f794b5de0749eb9150efbab3f825f7ab958bc291e3446b6,e9b701a179c72e732cf63b6390b5c3c7f576facafdc3d46e0f835175b5ac6ee8,503472,0,3,3,3,0,A0_base,e98a167d10cdb6b7db7aea64455c7078e5653a9067f47ed19005a90a43dfccbc
case_084,5,B,B1_base,bc03fa5db3f49e882f794b5de0749eb9150efbab3f825f7ab958bc291e3446b6,becf2c0e338d2478be3c6acdddfe89efc0cdfda2aea4d114b5f075251805e94a,503472,0,3,3,3,0,B0_base,e98a167d10cdb6b7db7aea64455c7078e5653a9067f47ed19005a90a43dfccbc
case_084,5,C,incumbent_base,bc03fa5db3f49e882f794b5de0749eb9150efbab3f825f7ab958bc291e3446b6,02451c6730c51b26f8af7da01978d3564b35a41b6f3b9ee4c8a3d8c0668d9fac,503472,0,2,2,2,0,incumbent_base,bc03fa5db3f49e882f794b5de0749eb9150efbab3f825f7ab958bc291e3446b6
case_094,1,A,A0_base,788706fae76b226a475e5ac58c41edb15ebab0028c04529b012cb440370c2030,4980b057d408ff2ac4ba4ad2222ad1b4c40be12c7830fd30ac1dc27d65a9eb50,94892,0,2,2,2,0,A0_base,788706fae76b226a475e5ac58c41edb15ebab0028c04529b012cb440370c2030
case_094,1,B,B2_aggregate,1e12005c856de3cdc0f051629223eda4b22f5eb46ad0dbb423dc96009b97908d,c14b0107bd421b873a1200588ac2be09c850ae9a661409bac0b8d50a9c062679,91195,122880,2,2,2,0,B0_base,788706fae76b226a475e5ac58c41edb15ebab0028c04529b012cb440370c2030
case_094,1,C,incumbent_split_height_g0_p4,13b0e4606d706df78bcaa7b0352179fe1d9a67b85dda8c04e79d31b68185c8ed,79446e73f8b97e5adeb2d57e55907e188f1f2cf0f9067a8e15e3f85e04ee6d38,87488,122880,3,3,3,0,incumbent_base,1e12005c856de3cdc0f051629223eda4b22f5eb46ad0dbb423dc96009b97908d
case_094,2,A,A1_base,0163c30e40396de619d3ed70d0b3c267e32ba04f971ca55120220b941a68b5c8,ab0bf57343a7783d6b7fffa307f7eaa68e0958960d88ab1b54d95b11d09a4b4d,58760,106272,3,3,3,0,A0_base,356825df44599ede5f5bda65e87e6ad5f66e0b681d44f16981fa36315f62247b
case_094,2,B,L1_base,ead28a9088f37e49cbacefafb359d4767c2cd0fa793c328a1a9c2664f97b5be8,ed0ab77f5f7cd3241ba09e7fe5994735e229ebb58e6af9cff41b6016bdd53018,48073,106272,3,3,3,0,B0_base,356825df44599ede5f5bda65e87e6ad5f66e0b681d44f16981fa36315f62247b
case_094,2,C,incumbent_split_topo_g0_p4,4f9a08c082e5e2a6044591e0dd29d245ee3bf14fe2c41f132f7d18f081772748,34b84de70bf4453095fd281d1b2211a4c42fb286a55fbda5c9fd9e106b0c2f9d,46927,106272,4,4,4,0,incumbent_base,ead28a9088f37e49cbacefafb359d4767c2cd0fa793c328a1a9c2664f97b5be8
case_094,3,A,L1_base,659d4c84dddea4ca7173fd808c6c6d7a708b190a0593735aa6469082394711c8,b40287469727d5f5d49d8e817c50ac75598f68efcc4bbe9f4125e453e49acfe6,32222,212544,3,3,3,0,A0_base,ee90c153eaef80c9571a4078a43681c3863691935b6161b72c9360381952c097
case_094,3,B,L1_base,659d4c84dddea4ca7173fd808c6c6d7a708b190a0593735aa6469082394711c8,a17ba0a2eaeb48fea8eb854546ade4f282c17b0e4770eb5c4097bc3dde7bea85,32222,212544,4,4,4,0,B0_base,ee90c153eaef80c9571a4078a43681c3863691935b6161b72c9360381952c097
case_094,3,C,incumbent_split_height_g1_p4,ef357e155254e9a1ed73469150e37780667458425c6f00f08210278600083490,4a5b3e7b888764cd50a8a8e59b5af92038e3ab598cce580466932a6da0839827,31679,212544,4,4,4,0,incumbent_base,659d4c84dddea4ca7173fd808c6c6d7a708b190a0593735aa6469082394711c8
case_094,4,A,L1_base,fb634172904d23e64d402b47735038b698e28c6b3b1bf7271c3cf11fc6b178b3,aeb0299acd37c9c514fad3b419c89f2d458449acca5758a530470cdc88c0e882,24640,318528,3,3,3,0,A0_base,6da7f42a4059557cb8ac9c47c6d9784cfa92164f98cf6d87010adb813abb6b31
case_094,4,B,L1_base,fb634172904d23e64d402b47735038b698e28c6b3b1bf7271c3cf11fc6b178b3,cf138345acc5d8c252a5c91c2349b58f70b2238b48f1f199321bf10d3ee13c52,24640,318528,4,4,4,0,B0_base,6da7f42a4059557cb8ac9c47c6d9784cfa92164f98cf6d87010adb813abb6b31
case_094,4,C,incumbent_base,fb634172904d23e64d402b47735038b698e28c6b3b1bf7271c3cf11fc6b178b3,02420063510815e2462944af589463909d7a0f5243ccc7c139c040974d101bc0,24640,318528,3,3,3,0,incumbent_base,fb634172904d23e64d402b47735038b698e28c6b3b1bf7271c3cf11fc6b178b3
case_094,5,A,L1_base,4bc980487e250a259ae13580490c5f83968813adad6797aa6fbd47407b491b58,2b2fce009ac55848f9f184914954d7a2b91d6990bde35ca28e828bd258c43c89,21573,424800,3,3,3,0,A0_base,22de730f5c54e2b7796a0af484f5675b426d79c98e5d567d1a222b4fb40b7201
case_094,5,B,L1_base,4bc980487e250a259ae13580490c5f83968813adad6797aa6fbd47407b491b58,0da7903ce28a38879f8b1ff80b9a0390201bf4fe5a142dcd56af3a7c025455a6,21573,424800,4,4,4,0,B0_base,22de730f5c54e2b7796a0af484f5675b426d79c98e5d567d1a222b4fb40b7201
case_094,5,C,incumbent_base,4bc980487e250a259ae13580490c5f83968813adad6797aa6fbd47407b491b58,950c4beeaf1a99b580c571c1975ba3c6ec3d175668bbca36da306f336f07974e,20380,424800,3,3,3,0,incumbent_base,4bc980487e250a259ae13580490c5f83968813adad6797aa6fbd47407b491b58
case_013,1,A,A0_base,b43a2d879758c1855d0c5d1f91e4d37cbfb200f27ed7c8d01111594cf43b0ffe,b0ecf7f279255a7c3a55366a946bf668a59fbd18d9fd2fd49a788762b280c18d,263949,0,2,2,2,0,A0_base,b43a2d879758c1855d0c5d1f91e4d37cbfb200f27ed7c8d01111594cf43b0ffe
case_013,1,B,B0_base,b43a2d879758c1855d0c5d1f91e4d37cbfb200f27ed7c8d01111594cf43b0ffe,20c40118f725940a71fbfc9ffd8301bfc552c1cf6e1e3e2094db025a8c04f87c,263949,0,2,2,2,0,B0_base,b43a2d879758c1855d0c5d1f91e4d37cbfb200f27ed7c8d01111594cf43b0ffe
case_013,1,C,incumbent_base,b43a2d879758c1855d0c5d1f91e4d37cbfb200f27ed7c8d01111594cf43b0ffe,5edfb3fe5e6d71b19ba0fd3e559808f13ca4f8d5a1c6840e6645b153009af80a,263949,0,1,1,1,0,incumbent_base,b43a2d879758c1855d0c5d1f91e4d37cbfb200f27ed7c8d01111594cf43b0ffe
case_013,2,A,A1_base,de16cbf26002ef32c4b79dff55cc247f253cc5d0400d9631b283be2bdac0258e,3616f136146dff974867513ed89e1b70cb1011aaa2886377029ea43f4608db67,132198,8192,3,3,3,0,A0_base,41619938b9b8c67bf5745dd732a4ac2ff2ddc57829f9c0d8a8fe9c4f8dc751e6
case_013,2,B,B1_base,de16cbf26002ef32c4b79dff55cc247f253cc5d0400d9631b283be2bdac0258e,71caecdef76354475d74ee799298bf02216864c7d670c612c34ab83bd3f848f6,132198,8192,3,3,3,0,B0_base,41619938b9b8c67bf5745dd732a4ac2ff2ddc57829f9c0d8a8fe9c4f8dc751e6
case_013,2,C,incumbent_base,de16cbf26002ef32c4b79dff55cc247f253cc5d0400d9631b283be2bdac0258e,5ec66254959cab1b3c9639c93f63647fdc955992b604a7e9af3a21cf51a40cd8,132198,8192,2,2,2,0,incumbent_base,de16cbf26002ef32c4b79dff55cc247f253cc5d0400d9631b283be2bdac0258e
case_013,3,A,A1_base,8ecaf3cd433a36e7089f934de3d1a88bc54a3597d2732a9db6e29ee9b24e9ff8,2f6541ab9ff8ae9e17c2795323c8c86512532aeeb0a193cda8744921c4e290e9,88351,16384,4,4,4,0,A0_base,3e3bae5aa4b8072c17aa8b0e38f608f042596082826b4ecee28bd8308f538890
case_013,3,B,B1_base,8ecaf3cd433a36e7089f934de3d1a88bc54a3597d2732a9db6e29ee9b24e9ff8,e4cecaa334367505c01a29803fe43baeea68f73023f4e3671eba1e69d08b6b3a,88351,16384,4,4,4,0,B0_base,3e3bae5aa4b8072c17aa8b0e38f608f042596082826b4ecee28bd8308f538890
case_013,3,C,incumbent_base,8ecaf3cd433a36e7089f934de3d1a88bc54a3597d2732a9db6e29ee9b24e9ff8,717efe74b4cd253ac050931cd184b384a05fc1c57d5d335c071748f179326c23,88351,16384,3,3,3,0,incumbent_base,8ecaf3cd433a36e7089f934de3d1a88bc54a3597d2732a9db6e29ee9b24e9ff8
case_013,4,A,A1_base,e898621a62e15ac5efc688737808bc9d99acd1fc2b8d9f4765cc72645f7fd207,228e903b8beba74cd9c5bf9428d8e39dfe1fe0ceafb3f040c82d768a521fd0ee,66982,24576,4,4,4,0,A0_base,f17fc3cce1ebd21ada9290ad3c209ed289d02b25f82f6fe0961ab39cd77de098
case_013,4,B,B1_base,e898621a62e15ac5efc688737808bc9d99acd1fc2b8d9f4765cc72645f7fd207,83f86c2917cb4453086d9ff9c191407fe2744e78ae0bf912a91f6d6697e75bf0,66982,24576,4,4,4,0,B0_base,f17fc3cce1ebd21ada9290ad3c209ed289d02b25f82f6fe0961ab39cd77de098
case_013,4,C,incumbent_base,e898621a62e15ac5efc688737808bc9d99acd1fc2b8d9f4765cc72645f7fd207,72799e2e067f4e6f90a003deb9f8bc80c14e2b5f710063e181c2a879cf86b924,66982,24576,3,3,3,0,incumbent_base,e898621a62e15ac5efc688737808bc9d99acd1fc2b8d9f4765cc72645f7fd207
case_013,5,A,A1_base,95cba29670919951d8751c3c4460a7c16f4c6021c845ff2bbc0736d395dc5266,58d18ddb374c61431a12e60fb81ccc2e2cc83a5bb4a0965e83de5f825ed2f4de,54363,32768,4,4,4,0,A0_base,e0751c5683a02d5525c756b196b760d40d3802634b460bb96d979d61e38c2179
case_013,5,B,r4_boundary_n12_c4_p0,7f7d201997daa1ea9a5ca76cca4e2990d9b4456a26c4b58ba45edddeb98af8a5,e7f49b5886f95a228d51754f5cccbaea9a8395622bf04618d04f6ac08e57bc61,54349,49152,4,4,4,0,B0_base,e0751c5683a02d5525c756b196b760d40d3802634b460bb96d979d61e38c2179
case_013,5,C,r2_order_release_core_3,47a706babf8e2694bdc76785cd4060efb472bdcb4f6cc07e08808b1ea2655797,404f3ef5d1a35aade400778ae1fb1deaf09fb1ca0bdb623eb027469bbf5278bd,53418,49152,5,5,5,0,incumbent_base,7f7d201997daa1ea9a5ca76cca4e2990d9b4456a26c4b58ba45edddeb98af8a5
case_026,1,A,A2_base,67e55adb1342b0b85e59e0a514e5305d94928a025a8cc59a19f701e5e924be21,7621b0f133ea8b057d10711bc0299ab5df4ee39402b9389717d336f349455f99,97011,49184,2,2,2,0,A0_base,9c7cea08ea3f9abac362c6287b7f95c552c907084ae00d7cfcc993146cda444b
case_026,1,B,B2_base,9036c67ddfe5608bd5e784895cff92fa22312c38a04796154b684dee0d4f820c,ea2aa9a357611608e1dc789745bd517467cdcc7e6b20d45fc957694494160aa4,95759,942080,2,2,2,0,B0_base,9c7cea08ea3f9abac362c6287b7f95c552c907084ae00d7cfcc993146cda444b
case_026,1,C,incumbent_split_release_g3_p4,ca4dc9fc1928000314291074e0b335acaa6c4b3c3529df84273c01f9a7f65557,5afc3fde182dff893c3093843d40e8978565e0422ddfafecea8d2e8aa0cce61d,88492,1064960,3,3,3,0,incumbent_base,9036c67ddfe5608bd5e784895cff92fa22312c38a04796154b684dee0d4f820c
case_026,2,A,L1_base,fed5b876622a3fe2cf32eb3e890a3404536636230ab65a12d93e341ead3d76d1,35a0d6753f296765e8c19ea21a09af2f225679e301c3526068fd80960f7c277b,55057,21936,4,4,4,0,A0_base,28869fa09ceafeaaa0fe57b0cba87f786dfd1bb20f5b4753b734fc2467fec2bb
case_026,2,B,L1_base,fed5b876622a3fe2cf32eb3e890a3404536636230ab65a12d93e341ead3d76d1,e5a95baf29b08cb16d75ee4c5266e686d7b798fdbbb0c7546cac251acf95aa18,55057,21936,4,4,4,0,B0_base,28869fa09ceafeaaa0fe57b0cba87f786dfd1bb20f5b4753b734fc2467fec2bb
case_026,2,C,incumbent_split_topo_g0_p4,80c23f1f7f09fb20fc474f9e3b159f5623781aa260dbc67780ed38428244ee32,5eb150bfb58c1e3238ffe8c16fb36d324096765c85a2762140703eec4ef1236f,51429,21936,5,5,5,0,incumbent_base,fed5b876622a3fe2cf32eb3e890a3404536636230ab65a12d93e341ead3d76d1
case_026,3,A,L1_base,4c283aea1cdc7ebc18f24f5842f26f5db65b7408b6c73e123d28f3f5605b954f,8564cc2c0106c8b0a46bb6dc7665fbba5c23bc547491eb3d23b69961a22d44a9,41665,95664,4,4,4,0,A0_base,3b8a1f3ac3b086126813945666ecb6e3fc3b61f6595c5e5082f32c66a3e45f51
case_026,3,B,L1_base,4c283aea1cdc7ebc18f24f5842f26f5db65b7408b6c73e123d28f3f5605b954f,31741bae6c3b42084ecdd695f43c9bd064d108226c06972d6fc80de99c43de85,41665,95664,4,4,4,0,B0_base,3b8a1f3ac3b086126813945666ecb6e3fc3b61f6595c5e5082f32c66a3e45f51
case_026,3,C,incumbent_base,4c283aea1cdc7ebc18f24f5842f26f5db65b7408b6c73e123d28f3f5605b954f,187ea3ffbb05d677c173cadd355eaba98f3ad62fcecec3593d4484fc4b6f3c83,41665,95664,4,4,4,0,incumbent_base,4c283aea1cdc7ebc18f24f5842f26f5db65b7408b6c73e123d28f3f5605b954f
case_026,4,A,incumbent_base,abf545f9ae76d345951a1965af18b0453e76126d4a68f9c1efa6a35187dfddd9,ad87aa8be6b13544667000de11bc3db5f1675edc4aaf6e7a185ba87e810e7f2a,41665,95664,4,4,4,0,A0_base,4886dfa2fb319af8db720ec3b7408e61b1187964471711c7ac432419920691ca
case_026,4,B,incumbent_base,abf545f9ae76d345951a1965af18b0453e76126d4a68f9c1efa6a35187dfddd9,4dd8724bb03eabdcc375b0c32733222d074d52a8770d0ea0a729ef79e546cc1d,41665,95664,4,4,4,0,B0_base,4886dfa2fb319af8db720ec3b7408e61b1187964471711c7ac432419920691ca
case_026,4,C,incumbent_base,abf545f9ae76d345951a1965af18b0453e76126d4a68f9c1efa6a35187dfddd9,b3cf84311df9b11cb16881023546aad55a66ef762f9d70232129cbbf5f256ed0,41665,95664,3,3,3,0,incumbent_base,abf545f9ae76d345951a1965af18b0453e76126d4a68f9c1efa6a35187dfddd9
case_026,5,A,incumbent_base,284f79baadd1c314d14d3dc7184db0644f6b461c64760edcb7c7cbc281ca76f8,096157ed7e00dc551d41ba0342da997e4f72d9285f3fe13f81b5c83208193412,41665,95664,4,4,4,0,A0_base,863e367ede5523a11d8d72fe7fc16079f1a9142e9058961dbd1e5407cbb6a6d8
case_026,5,B,incumbent_base,284f79baadd1c314d14d3dc7184db0644f6b461c64760edcb7c7cbc281ca76f8,b4ecf10c4df2a272cfb81b3dfda01314dee5f651cb635fcbddf20feb091cd94f,41665,95664,4,4,4,0,B0_base,863e367ede5523a11d8d72fe7fc16079f1a9142e9058961dbd1e5407cbb6a6d8
case_026,5,C,incumbent_base,284f79baadd1c314d14d3dc7184db0644f6b461c64760edcb7c7cbc281ca76f8,1f93b4169028383f1198fc96949e2eac3b43f575e12fa8ba720ef6226f726192,41665,95664,3,3,3,0,incumbent_base,284f79baadd1c314d14d3dc7184db0644f6b461c64760edcb7c7cbc281ca76f8
case_034,1,A,A2_base,45290c484c749956a69596edbe13c8fd6c8ec3c1495c77beaa0d996e9fc4bdc0,73d81932686db11838d32a821a129a325cd20fadaf2591eb421def0526b9127a,839876,390672,2,2,2,0,A0_base,73a6322df4957ae15a9af6cf2a0a89c072427f076e3920c4fe59930b883f40e4
case_034,1,B,B0_base,73a6322df4957ae15a9af6cf2a0a89c072427f076e3920c4fe59930b883f40e4,aa2962858e10a6fbe9d4c78470864b2713c3ab6885ff62558d40950bee56bf48,842996,1079832,2,2,2,0,B0_base,73a6322df4957ae15a9af6cf2a0a89c072427f076e3920c4fe59930b883f40e4
case_034,1,C,incumbent_split_topo_g0_p4,b141d5bf57426d88e435b34e92b2e10a97db720af33974a1668bca600813f950,343dd5e2ce480fe18d29f59c024febf2aace7590dee8734dd845f1d556c1aa76,841851,746624,2,2,2,0,incumbent_base,73a6322df4957ae15a9af6cf2a0a89c072427f076e3920c4fe59930b883f40e4
case_034,2,A,A1_base,1921a9bd3ef2eacbdfad890a13c795d63c0dc995df9278694d6ad294f0630e6c,618f988847fa27295696aa7dec7a0050ba7327bc51bc3fef20aa4c4c3ff6ad9b,418129,1648128,4,4,4,0,A0_base,396ecec05c72d5a14857b25a515fff08f315269ad41b02c9f2c22ea5101e28e4
case_034,2,B,B1_base,1921a9bd3ef2eacbdfad890a13c795d63c0dc995df9278694d6ad294f0630e6c,bfa32051fa52ea14ba4f29c25a2e2ba9855c305c809cee896f2e8e8561460a1d,418129,1648128,3,3,3,0,B0_base,396ecec05c72d5a14857b25a515fff08f315269ad41b02c9f2c22ea5101e28e4
case_034,2,C,incumbent_base,1921a9bd3ef2eacbdfad890a13c795d63c0dc995df9278694d6ad294f0630e6c,ceb9ac38e016a2f6b9eba6f6250a9636dc6a8baec515ccc1150a721b4e30d4a3,417777,1648128,3,3,3,0,incumbent_base,1921a9bd3ef2eacbdfad890a13c795d63c0dc995df9278694d6ad294f0630e6c
case_034,3,A,L1_base,f5fe35ec87268a07c2e8961d87fc1f96d9eb0e4c24b0bc2ee969028a40e3d455,547533bfd160b057e23bb4007e956add30564c29bd63d7157953387f4eea1fca,276994,2830336,4,4,4,0,A0_base,ba0bb4254a8fed48299b56fc40f1368154f5ddcc1c381a438cd1cdcec260ad99
case_034,3,B,L1_base,f5fe35ec87268a07c2e8961d87fc1f96d9eb0e4c24b0bc2ee969028a40e3d455,cd9c42a5d4bc17c680f86a181e35fbdd48e658de7750a0c94ebb444f4e151c35,276994,2830336,4,4,4,0,B0_base,ba0bb4254a8fed48299b56fc40f1368154f5ddcc1c381a438cd1cdcec260ad99
case_034,3,C,event_timing_tid_7797_miss_2_bytes_9216_front,19f3d954ffb43cca42e1ec5b872aeafa33af80a9ffa07c4e527b3bf7132ba107,61b20d3cd7434a8447066c2d6025a672ec91ea412d16f7fd4625c29e121ff945,276560,2830336,5,5,5,0,incumbent_base,f5fe35ec87268a07c2e8961d87fc1f96d9eb0e4c24b0bc2ee969028a40e3d455
case_034,4,A,L1_base,f130f168f5eef84aa5cce67850fe5e2a314524a563fb3e6ec963faea58dba143,6302fc7dc94fe88899b6ca0cb5fb56444c1e659186ac2a30e12527c2d5060f19,212170,2978304,4,4,4,0,A0_base,a6a250a8b3580fcf30c2198e506f3214d007fc4d5926d007bc82287d640a901c
case_034,4,B,L1_base,f130f168f5eef84aa5cce67850fe5e2a314524a563fb3e6ec963faea58dba143,5866210c204f04457cd62ee5ea78001af5a4f0b453b24b9b7a1be1e6a0be7a6e,212170,2978304,4,4,4,0,B0_base,a6a250a8b3580fcf30c2198e506f3214d007fc4d5926d007bc82287d640a901c
case_034,4,C,event_timing_tid_7797_miss_2_bytes_9216_front,fcf19b251f011f8d149753db447bea1ff04d6151d253f9231bb9a3d66ead6f04,f29cb31839553f0d49a1417afe42aa47845aeb86bc60f303aba885c6838dc203,212170,2978304,5,5,5,0,incumbent_base,f130f168f5eef84aa5cce67850fe5e2a314524a563fb3e6ec963faea58dba143
case_034,5,A,L1_base,95bd6879599a959d1893ff25e0456c3fba593d93725b5812abbc84869cab62b6,f0bbea2bfee0ad9c9b352124227d4eab2c7032bbecfde91942c5e6d7b4b7f735,170371,3621888,4,4,4,0,A0_base,f11662c2f11045e32e3a57a563e5764f51957a7b9da2ce849800feb334242056
case_034,5,B,L1_base,95bd6879599a959d1893ff25e0456c3fba593d93725b5812abbc84869cab62b6,cc0cb8c23839ce2806332ca46c67d798223e3fbc728822302b6010736c0f1191,170371,3621888,4,4,4,0,B0_base,f11662c2f11045e32e3a57a563e5764f51957a7b9da2ce849800feb334242056
case_034,5,C,incumbent_disperse_tid_7812_node_7942_core_4_pos_0,81d2f2e3717e548e81e480baa9969fe8d66a5404370160598f2d0239fdd1fd61,278bb1fc6937e6bc19fda20a2e36d6ce632845ae9713b1495a914a6a7ced390b,168887,3631104,5,5,5,0,incumbent_base,95bd6879599a959d1893ff25e0456c3fba593d93725b5812abbc84869cab62b6
case_038,1,A,L2_base,25e76d2bb2b09ba8eecdf7d49c31e7a206aa05356a813705624cade6ea2646bb,2a8a6e3d6b48d64d3ff1ec35d29aca9bdc98988475b0f5a234ee0f439c171322,1363201,4233216,2,2,2,0,A0_base,364dc9457dbff2fbf7a05fe33764073b773734095f0d85bbb9e6b31910a223b7
case_038,1,B,B0_base,364dc9457dbff2fbf7a05fe33764073b773734095f0d85bbb9e6b31910a223b7,e467a48f68e34e8bbdcd04e56bd1b6e4cb163c9b6b4036ee506ef326597641ec,1364555,5627904,2,2,2,0,B0_base,364dc9457dbff2fbf7a05fe33764073b773734095f0d85bbb9e6b31910a223b7
case_038,1,C,incumbent_split_topo_g0_p4,e6a54d5ed8e3982012874a7383decf3c1ec32238e0932b2de17c4548a202023a,a66116624b2a88e9af1fa7dd802e3e168d6b2bc5c06d9674407e4c4cefefc754,1359544,4697600,2,2,2,0,incumbent_base,364dc9457dbff2fbf7a05fe33764073b773734095f0d85bbb9e6b31910a223b7
case_038,2,A,L1_base,d711108285b63211d10d7961d3f48c7509ca02a4856458ee9b65527fb7d0110f,c929844871e4f3e167c715ec863b07de0b4bfb562af607074836fad016c2512d,674500,6790656,4,4,4,0,A0_base,544fbdb5985897b1b7d4579b3a62e2b17a455773b91ffe5a6e68d960f8182978
case_038,2,B,L1_base,d711108285b63211d10d7961d3f48c7509ca02a4856458ee9b65527fb7d0110f,3a580ace924885d10fa0a09d9c4848b03a5574970bc2c708a19a74b00194e0f9,674500,6790656,3,3,3,0,B0_base,544fbdb5985897b1b7d4579b3a62e2b17a455773b91ffe5a6e68d960f8182978
case_038,2,C,incumbent_split_topo_g1_p4,73bf2b3a33130a74590dd8957b3b440f00a18cee97e79f734b748720fe8415c4,67053f233c6fd619127911138783306dde9b2580872aac6a0f178c5ff92aaaad,674381,6173696,5,5,5,0,incumbent_base,d711108285b63211d10d7961d3f48c7509ca02a4856458ee9b65527fb7d0110f
case_038,3,A,L1_base,805cfbe70657b364c4c843423379f16cbb1a08b232ec2de4f0a43163a7294130,e610a829201aa44962dfd16d432d6b83d57ca2e1080aa5e7e03a79a6dd58be0d,452248,8097792,4,4,4,0,A0_base,d781a1e694a46ae22ebe06b881a747958ee9894f9bab533354b08f7e722f8ab0
case_038,3,B,L1_base,805cfbe70657b364c4c843423379f16cbb1a08b232ec2de4f0a43163a7294130,2ccccc2da83c25efa29e93000c215f3e576ab692bc9146b48dab65ed46a7d11f,452248,8097792,4,4,4,0,B0_base,d781a1e694a46ae22ebe06b881a747958ee9894f9bab533354b08f7e722f8ab0
case_038,3,C,event_timing_tid_1000003446_miss_2_bytes_65536_front,e8ad926cbc2f8537d0e4ebc7a98680115b173fc5826d6df7efdb4b74613a52b8,dc642bb0983f452e316c5bd8231cda25e974eb65500e4ae3ec10fb6b3057b80f,452022,8097792,5,5,5,0,incumbent_base,805cfbe70657b364c4c843423379f16cbb1a08b232ec2de4f0a43163a7294130
case_038,4,A,L1_base,0450fe42e475a7daba250bbbe51e8bcf2cbe059160e8550bd2c211502d1b8756,b4b240a1ea0251312b961d434bc4201b2a4458bc34b61a7c7030ee08cfacf373,339624,9295872,4,4,4,0,A0_base,6a8c2a80afa1b0a7b99221ce4c5087c27f8d520c62f4a301f74b6647106c4563
case_038,4,B,L1_base,0450fe42e475a7daba250bbbe51e8bcf2cbe059160e8550bd2c211502d1b8756,cd936140d12cca87b44fbee464e932c83f30aca7e895b34e410c66dafeeae3b9,339624,9295872,4,4,4,0,B0_base,6a8c2a80afa1b0a7b99221ce4c5087c27f8d520c62f4a301f74b6647106c4563
case_038,4,C,event_timing_tid_1000003448_miss_4_bytes_131072_front,e690d6a87ed5492fa6ac96a8953bbf7b819e78553b8b63adeb6e8f3b5c9f0054,46e4e16a2d2b35e95dd206224f2aeaf2427b1274b724e2855a7aa0a7390aa9da,337813,9295872,5,5,5,0,incumbent_base,0450fe42e475a7daba250bbbe51e8bcf2cbe059160e8550bd2c211502d1b8756
case_038,5,A,L1_base,81b3d30c51788259856dd76463c3d85b4f7e7fcf9e82d8d250b8074df8158f61,ab74b77a95d6c78c566fbfbedd961a52080154bcf5117813b570305e1d40321f,275133,9676800,4,4,4,0,A0_base,0e7bf2d3ef0b79f9fdec4847f87df4066ff2f5568332e4c5b5052dd42f71e909
case_038,5,B,L1_base,81b3d30c51788259856dd76463c3d85b4f7e7fcf9e82d8d250b8074df8158f61,fb815986b793d195c114bddb9dbd48402bf57dd195df80cf56d598de04da57e8,275133,9676800,4,4,4,0,B0_base,0e7bf2d3ef0b79f9fdec4847f87df4066ff2f5568332e4c5b5052dd42f71e909
case_038,5,C,event_timing_tid_1000003446_miss_2_bytes_65536_front,854de984ab8689e2dec9c81f18621839f276f4f54c38406e122b21e046c180a0,49ff84a34dc4ecbddb6fa48df0abc09b0e61ce5be9297be6d023b80bc0e1d4d9,272533,9676800,5,5,5,0,incumbent_base,81b3d30c51788259856dd76463c3d85b4f7e7fcf9e82d8d250b8074df8158f61
case_046,1,A,A3_base,5af3bdb2002fb1f22eee7b2acebb4f519e815408f9f9784e6f17c20caea9d0e4,5dea92caa67e27eedd086e1e6e27fdfa934a8f99da3436fc4e931b8ef874e142,233586,319488,2,2,2,0,A0_base,857503d10ef18ef2bd83df97b4d5f4601322b93ebd1bc48a48f5ab10454fa15f
case_046,1,B,B2_base,5af3bdb2002fb1f22eee7b2acebb4f519e815408f9f9784e6f17c20caea9d0e4,cc758830a0026652421c6d9d9beabf2150abfdd730e98475cfc70e94c44a8573,226233,163840,2,2,2,0,B0_base,857503d10ef18ef2bd83df97b4d5f4601322b93ebd1bc48a48f5ab10454fa15f
case_046,1,C,incumbent_base,5af3bdb2002fb1f22eee7b2acebb4f519e815408f9f9784e6f17c20caea9d0e4,23173bd7eac84db28db02518e4220eca32c93ca4334f8e5fbd4fe0a49dc69b0c,226233,163840,3,3,3,0,incumbent_base,5af3bdb2002fb1f22eee7b2acebb4f519e815408f9f9784e6f17c20caea9d0e4
case_046,2,A,A2_base,94b6dc68fd8c1929a7316f70fb16f5af6f4ed7ad26fcd2d4ef879e6d8480bb07,1d6d6dd2744095f6063adfb0c94d1f62496186ce90b705ed90897ad39179c8d3,160984,4513952,4,4,4,0,A0_base,7b7efae5aaf2766d85ac0df7e80532faea66a2aba0b6df0ecf5d4de36e7f34b0
case_046,2,B,B1_base,f10584105d60625c3118ab606b1a529b1aeafc2683c2c0a3b77b05c6453bf917,7764eeadfce783ac6e13ef7b8f760671cdeceba2c9fb28786898f63262c17f1c,166578,3521632,4,4,4,0,B0_base,7b7efae5aaf2766d85ac0df7e80532faea66a2aba0b6df0ecf5d4de36e7f34b0
case_046,2,C,incumbent_split_height_g0_p4,9ab16e3ef41e642edb0797fc0f06f0524d360bc0a18d369442d39fc7204fd5f2,52d5d0dd84405c512a867bf178cc0de622034f0528f771120721ba697a4bb4e4,125148,2316128,4,4,4,0,incumbent_base,f10584105d60625c3118ab606b1a529b1aeafc2683c2c0a3b77b05c6453bf917
case_046,3,A,A1_base,8393e601f39375af85dc8e1cb63260b7a19911f2b8e4d25df29efeeb6555f49e,7d1909de1fc790e719de17153b3e79e4b52104e588f0f69de4b9060a7a3ab9a4,142176,4021280,4,4,4,0,A0_base,47700943ce8eab334f34da83bcf7a91854437662a3ad61ecc0ee3dadcd34cb7c
case_046,3,B,B1_base,8393e601f39375af85dc8e1cb63260b7a19911f2b8e4d25df29efeeb6555f49e,02a81a06320967447cc3ccd3fa5908bca0c34878125a14a397bea44e6a8d37c7,142176,4021280,4,4,4,0,B0_base,47700943ce8eab334f34da83bcf7a91854437662a3ad61ecc0ee3dadcd34cb7c
case_046,3,C,incumbent_split_height_g0_p4,511eab2d4ee3d8401dd5794a37c96e6a96e3ae8cd61e011349a5360f58e64101,9032c7a75e0efe1c48066cd45b1a8384125c651db26c1d563f909ee8ab5242c2,106079,3205536,4,4,4,0,incumbent_base,8393e601f39375af85dc8e1cb63260b7a19911f2b8e4d25df29efeeb6555f49e
case_046,4,A,A1_base,00ee7cfb9e9e92f3e908568e23fb8e1663d0da6098ce060086fe6d1433905694,9290d2ae89a252716a730426a61e019513a6a2f8c2c6d063dee4dbdc8f236520,124612,4513952,4,4,4,0,A0_base,e16b319aa377503b3ec579be063aa95337a1ea1595dc96fd7e92f82c9413f007
case_046,4,B,B1_base,00ee7cfb9e9e92f3e908568e23fb8e1663d0da6098ce060086fe6d1433905694,d76170f4b23c266bbeb8cb98107de3bd811b3e3d5100a6ff4427bc811b2125ec,124612,4513952,4,4,4,0,B0_base,e16b319aa377503b3ec579be063aa95337a1ea1595dc96fd7e92f82c9413f007
case_046,4,C,incumbent_split_height_g0_p2,52ff6ef9f3cd2d2abafcdda3a9e2a956e0b1b86f545d04155d202d346868488b,5c307aff080b0984bbb81491f7883cdf2567f23c397cc2d777cff1ef6a66d6fa,98844,4189760,4,4,4,0,incumbent_base,00ee7cfb9e9e92f3e908568e23fb8e1663d0da6098ce060086fe6d1433905694
case_046,5,A,r1_split_g0_h0_c3_p0,0af0721cf222063a243d9018c7977f77d005073c151e128a7085f0bb6438c50a,5f7bcacee874edea474dec459a7ea057cabd11fdc99b60b3ff878c856c406b65,108698,4646464,4,4,4,0,A0_base,18b73c0ef4b6986171e2adacce2b519e512ea90db74f739605d321d2d3a5b094
case_046,5,B,r1_split_g0_h1_c4_p1,25dae1c74b325b42132d20a383108da76dc06d79832ca6e109b9b483cb93c188,8c85ada0508cd220ed356372c55c3cba9462732c2e786504c88ea392f85198af,117204,4158144,4,4,4,0,B0_base,18b73c0ef4b6986171e2adacce2b519e512ea90db74f739605d321d2d3a5b094
case_046,5,C,lower_core_base,2f796df7379b934c10e5383f147ccaff0fefb9072dabf823d94ed1f93192591c,9543bb032fdf7fc6d66f24ba6bf8664b224a04f32eb1afd3f195904bb281aaf5,98844,4189760,5,5,5,0,incumbent_base,25dae1c74b325b42132d20a383108da76dc06d79832ca6e109b9b483cb93c188
case_067,1,A,A0_base,c4941c88134f54ccb49298297c83fd8be8bceed0dd301c300e3ed04e74f0316c,19432dad04cc25148cf088f827601a73062bc672ef0ae94856ffe4330f6653ea,63834834,264449408,2,2,2,0,A0_base,c4941c88134f54ccb49298297c83fd8be8bceed0dd301c300e3ed04e74f0316c
case_067,1,B,B2_base,5828817c6262274ae7d1413d505f68b32e6e93d56a308897073d3ed3c06f64d0,e5d3ad7e351740b0bb320669451e2b86a793347e0f30e38ca19b3c64ecac543d,63397576,256305152,2,2,2,0,B0_base,c4941c88134f54ccb49298297c83fd8be8bceed0dd301c300e3ed04e74f0316c
case_067,1,C,incumbent_base,5828817c6262274ae7d1413d505f68b32e6e93d56a308897073d3ed3c06f64d0,56b2bc42bc8e9a6e01f3247d5412b306121b1642a5ed4cf2dfd744f161ff77e0,63397576,256305152,3,3,3,0,incumbent_base,5828817c6262274ae7d1413d505f68b32e6e93d56a308897073d3ed3c06f64d0
case_067,2,A,A1_base,de4fc70bed692708f7aafe564468d462ad2cfa41508d6423ee70e58b2805f93e,b8796cd6db6490cd627e4abb4bb81f628a911f35ba36efdfd10f31cb95108b83,33768704,264024576,3,3,3,0,A0_base,8f69492664e5cfb8028a7ef75ddcb975d6f07070c1e5b9d719def7856afc4be4
case_067,2,B,B1_base,de4fc70bed692708f7aafe564468d462ad2cfa41508d6423ee70e58b2805f93e,8374faf79b0fd0d24127e888b5ccb4c97f37464db14fdd80740537d6d8be499c,33768704,264024576,4,4,4,0,B0_base,8f69492664e5cfb8028a7ef75ddcb975d6f07070c1e5b9d719def7856afc4be4
case_067,2,C,incumbent_split_height_g0_p4,7cd3ecc55a849fdebd25ad700ba7b9c8b1a5e9bfcd3e1ff5b1f8cfdcf47b5508,d8ca024b3cb69e92c1365c36bca368d6696eec48f242a8550c97297a9bec48ce,32164982,260124928,4,4,4,0,incumbent_base,de4fc70bed692708f7aafe564468d462ad2cfa41508d6423ee70e58b2805f93e
case_067,3,A,A1_base,6e2813d1615c1334cb096a62b4c169cf9b2b164b8dc1c7663b994d5e3201085f,49ebaa0d67a7e11608ed5222a6e997e6d15b131b68523e8717c9f484ebb7dfe0,23568859,263599744,4,4,4,0,A0_base,e84e514c4b49f02a47cba552d415fcb4f7cfefb2160281f9220ad76ec00ddb19
case_067,3,B,B1_base,6e2813d1615c1334cb096a62b4c169cf9b2b164b8dc1c7663b994d5e3201085f,66cb69898be8910e466d882562fdb8a5e6814126c95f2fab7a39b174a69d8822,23568859,263599744,4,4,4,0,B0_base,e84e514c4b49f02a47cba552d415fcb4f7cfefb2160281f9220ad76ec00ddb19
case_067,3,C,incumbent_split_height_g0_p4,ca9b7ab2eea0f80cff67ed0a39ac83a2a079e82711578df650186be8480fbe37,e6f98ec30a82c06b9bc74f093b45171ce55954f1f2f482a90523c0762a466fac,22573181,261105536,4,4,4,0,incumbent_base,6e2813d1615c1334cb096a62b4c169cf9b2b164b8dc1c7663b994d5e3201085f
case_067,4,A,A1_base,b190fccb15df9700388adce2c44652710059f4d30be13478ccc690938c1f2dc5,fa01a3b68f05787598a5b86f094bba806aa72256ab952b87d5717103ba549f99,18473155,263174912,4,4,4,0,A0_base,255a703bfc0a3a70432b31509f4df848e13c0f3672b9bc5fa6e2dde8c4ece1af
case_067,4,B,B1_base,b190fccb15df9700388adce2c44652710059f4d30be13478ccc690938c1f2dc5,fa04f17cbda7bc041f52681ac3bee6543ada10cd5f6271a3ec0909e78dc13e62,18473155,263174912,4,4,4,0,B0_base,255a703bfc0a3a70432b31509f4df848e13c0f3672b9bc5fa6e2dde8c4ece1af
case_067,4,C,incumbent_split_height_g0_p4,fb6b0ec1173032fa6ea3fb40b611403404a5fd84016225d6e919675de364eca8,d3b469b1a3787737fae46df58bff1aa7ec7d134906da100d0a7928b6096dc6ac,17693167,261383424,4,4,4,0,incumbent_base,b190fccb15df9700388adce2c44652710059f4d30be13478ccc690938c1f2dc5
case_067,5,A,A1_base,641a4ced7312dd343437d661ed65a184d94fef87d8de6543fdf114fc7ef96d84,2075b3feaa4516846152185b102396632b7dccd7775c9d0d42bda40e6a2b714d,15931687,262750080,4,4,4,0,A0_base,c7412c6f2efb337c7c62c68c75836b4468d095ea7b238a95a75487599b1010a1
case_067,5,B,B1_base,641a4ced7312dd343437d661ed65a184d94fef87d8de6543fdf114fc7ef96d84,fd966ae940622fb1db5c81da2060d3e60b083b84aa80b973b8271cd059d308de,15931687,262750080,4,4,4,0,B0_base,c7412c6f2efb337c7c62c68c75836b4468d095ea7b238a95a75487599b1010a1
case_067,5,C,incumbent_split_height_g1_p4,cce18458b3a5d656f81cad82e3d6fb9859d5becc9a8a06d68bc5f8780d352b85,b1fa74c2bd2e6fedb8359250d76d563e8e273e6c831949a431dd7819be2a60bf,15229262,261427072,4,4,4,0,incumbent_base,641a4ced7312dd343437d661ed65a184d94fef87d8de6543fdf114fc7ef96d84
case_092,1,A,A3_base,d3287addfc56422ec348dbd0483b3336ddee1b8f6703493fd7c51ccec417e757,95f059feb7a24ba45233bf3638d5ded5144e349d9a8d92dabfa83feee8a98787,4070807,8853504,2,2,2,0,A0_base,0b957fd9c80e858061ac34b590feb368eb80eb7ebfb72e395da4446f9564a63e
case_092,1,B,B2_base,d3287addfc56422ec348dbd0483b3336ddee1b8f6703493fd7c51ccec417e757,7a2433a97f3eb295743bd8e06d61d19ea77ae3b0493ad9708e1a5d2d9d71f4fd,4010291,5283840,2,2,2,0,B0_base,0b957fd9c80e858061ac34b590feb368eb80eb7ebfb72e395da4446f9564a63e
case_092,1,C,incumbent_split_height_g2_p4,dc552184da1322b7d526ce674e08bb7f73c6fc835e9ae0f10e0598805779c8be,ed9d33655f22c4ec30f84f8f9a7c4bd122b3808655153e3502ef856df805a70e,4004200,4695040,3,3,3,0,incumbent_base,d3287addfc56422ec348dbd0483b3336ddee1b8f6703493fd7c51ccec417e757
case_092,2,A,A2_base,a1a7fe346b9f52d6e4d91651224cc61fa4f2a27a76976eaf375d3fa2b570c94f,3b83ee4c1fc28a3dea856ff9db8c7b98e0f0a5b43c9aee10d3b5ea036f6a0923,2757789,67180384,4,4,4,0,A0_base,307281953b4d99c8520ba8132f3d87fc26205ab98503830fe5b07bd71d2085e4
case_092,2,B,B1_base,28fc9b4fde11d7bb0054218ebed2506239dedac77bdfefdbda3790125787b061,07f3e15fd6b4634eb97bd0d2a2a7c3563d551a09e95777aa007e79afde60d33d,2828252,66389088,4,4,4,0,B0_base,307281953b4d99c8520ba8132f3d87fc26205ab98503830fe5b07bd71d2085e4
case_092,2,C,incumbent_base,28fc9b4fde11d7bb0054218ebed2506239dedac77bdfefdbda3790125787b061,32b0c364cf7568e5c6570c685f27350e0c87243d28ba59195be7ba4e916d48a0,2358868,66389088,3,3,3,0,incumbent_base,28fc9b4fde11d7bb0054218ebed2506239dedac77bdfefdbda3790125787b061
case_092,3,A,A2_base,1f48f69d3419014ae43b38b6af2ef730845f33ec2aacf21e862a2eb8d157b9bb,4eb060f5dd0d9da3646f15d8c51894061c8d44e508aa6bdd8fc9ad440704e157,2129015,67971680,4,4,4,0,A0_base,233b21b6e395099b382e5041a1747dd4418b0c29b7b63e96ecb160ecfc275a50
case_092,3,B,B1_base,05fb29bf0e3a731685749334abe3633f4c988e3c81905c90c87d250d1d553d1d,b01e7e553d6cbc9a354ed04566d5f400916bfc49407b4e02d50a1ef6a2524e48,2231804,66784736,3,3,3,0,B0_base,233b21b6e395099b382e5041a1747dd4418b0c29b7b63e96ecb160ecfc275a50
case_092,3,C,incumbent_base,05fb29bf0e3a731685749334abe3633f4c988e3c81905c90c87d250d1d553d1d,b38807a10716616212c8408e765b2fc956040fd9be2d479b5919243a854842df,1792534,66784736,2,2,2,0,incumbent_base,05fb29bf0e3a731685749334abe3633f4c988e3c81905c90c87d250d1d553d1d
case_092,4,A,A1_base,9eb7863242e2ae1b80cdfb0210991bff62e6beccb7be3d60d0c906efea5d83d5,9072fc04fee11d1a3cf46452504800107024b4dc25ecba515a07c6dc719bd336,1927728,67180384,3,3,3,0,A0_base,8eaae05761795a3f115ab780b2c7d594c93c568131fbff9fe2660d0684ed7811
case_092,4,B,B1_base,9eb7863242e2ae1b80cdfb0210991bff62e6beccb7be3d60d0c906efea5d83d5,24aa2df961b2ebaea0d78dfa045730f878122f49d73de23d57b303f19a847dbc,1927728,67180384,3,3,3,0,B0_base,8eaae05761795a3f115ab780b2c7d594c93c568131fbff9fe2660d0684ed7811
case_092,4,C,incumbent_base,9eb7863242e2ae1b80cdfb0210991bff62e6beccb7be3d60d0c906efea5d83d5,5780dc0f3f9b3b9ff826baf28338e492e2d66c927d6694d9a57b252ed329cff6,1470508,67180384,2,2,2,0,incumbent_base,9eb7863242e2ae1b80cdfb0210991bff62e6beccb7be3d60d0c906efea5d83d5
case_092,5,A,A1_base,0583d06e55a1b70e4f468eefeebe1ded4b49d52cd96dad52a8c9a9e07a43b270,7c33f6f7c9e5992c815ab050463073beab2bd1536acc423a51ac65447d718f33,1661234,66980256,3,3,3,0,A0_base,8bdb9cdc945383056f3666ae781f5797be3026aea349c3e9682f5c3e9e3eb791
case_092,5,B,B1_base,0583d06e55a1b70e4f468eefeebe1ded4b49d52cd96dad52a8c9a9e07a43b270,01a1bcb53c4deb1905967c9a9d85f0da11f3accfad3def639e5382c09671bf15,1649430,66980256,3,3,3,0,B0_base,8bdb9cdc945383056f3666ae781f5797be3026aea349c3e9682f5c3e9e3eb791
case_092,5,C,incumbent_base,0583d06e55a1b70e4f468eefeebe1ded4b49d52cd96dad52a8c9a9e07a43b270,ebf759345083cb248342d0cd06e4757617d169dc629ffa670d57b49a7e0ba4c9,1351088,66980256,2,2,2,0,incumbent_base,0583d06e55a1b70e4f468eefeebe1ded4b49d52cd96dad52a8c9a9e07a43b270
case_005,1,A,A0_base,f5ef7fed6dfc1dcefef4ff6e9f93c69f9c8700ae9023887c297987bd655cab19,81309ae414aa3c682649d81e613c8b4a2c8f0622630fbf08a19397964094ed01,95618,0,2,2,2,0,A0_base,f5ef7fed6dfc1dcefef4ff6e9f93c69f9c8700ae9023887c297987bd655cab19
case_005,1,B,B3_base,da482fa1ba38fb842dda063c752751b8693d0b0f714595779788777b15d3cf9a,43ee4713fde77c78a268592ae9bdb86ed183ee7ad5f6dbaad7d627902e659a90,93310,0,2,2,2,0,B0_base,f5ef7fed6dfc1dcefef4ff6e9f93c69f9c8700ae9023887c297987bd655cab19
case_005,1,C,incumbent_aggregate,b485f9b5e9e46b3ca14a36c52d6e3e2253f4b00074aec454991287aebd5dac65,386e4f1fb940a1dd7449a6c72b19b42c68ebb1207591f8a96f293439c2ccf26f,93171,0,3,3,3,0,incumbent_base,da482fa1ba38fb842dda063c752751b8693d0b0f714595779788777b15d3cf9a
case_005,2,A,A0_base,5418b918dfe588bdf36fbee04df5a7961639b246a7cb980d39f0d3d7776d483a,16daa871362e3ccdc05fd919accb8e4f214878f3909419ef7ceb99ad5bd297f2,95618,0,2,2,2,0,A0_base,5418b918dfe588bdf36fbee04df5a7961639b246a7cb980d39f0d3d7776d483a
case_005,2,B,incumbent_base,7d835ad5b29fda7c9b2a1df1966b7ef19ebe1607b7118769e75185028a04fd2e,474414bb1d1351eb87ef44fd8e6410792a85939f0bf67c889a908d31d282af5c,93310,0,3,3,3,0,B0_base,5418b918dfe588bdf36fbee04df5a7961639b246a7cb980d39f0d3d7776d483a
case_005,2,C,r2_move_g6_c1_p0,edf2832ff9f4389fe97d03076b2aa06f297e37e239a9b66cd7dc48c0532c27bd,29c3e35bbee6447c10ac0683c57f8a44a98fd90bf3d279d0e043ef2d562fc90c,93060,170916,4,4,4,0,incumbent_base,7d835ad5b29fda7c9b2a1df1966b7ef19ebe1607b7118769e75185028a04fd2e
case_005,3,A,A0_base,ad8e59e164945756d977f190f728eb597522906b4f5c7db186ca41ca73850eb1,97f337cf125f9baff1ffdea5f56a19ec73089eb1e042021d94a62cd9232ae4ce,95618,0,2,2,2,0,A0_base,ad8e59e164945756d977f190f728eb597522906b4f5c7db186ca41ca73850eb1
case_005,3,B,L3_base,2f33eeb9d2291a8a660c072ea6b9a02b2fbd6f175417499af1fe644f903bb1c0,7b40fbf8821fcf3c97686ba9c665d8f54499da0cb18b6e91a310964b709aa85c,88696,1492040,3,3,3,0,B0_base,ad8e59e164945756d977f190f728eb597522906b4f5c7db186ca41ca73850eb1
case_005,3,C,incumbent_split_release_g9_p4,5df81b41124e66b2663a94e8fd8532521a1295dd43a5f0101a62f2c91e556223,af2d24f5d5a9430fbb5289cd490f056cb91879c38971fabd95d3bcdc00479963,86911,1492040,4,4,4,0,incumbent_base,2f33eeb9d2291a8a660c072ea6b9a02b2fbd6f175417499af1fe644f903bb1c0
case_005,4,A,A0_base,a17a5cf0a3b753c0b8ed61a302cd0b31b2abddf5de4ef710ce7790271031a1b1,e1be9612a95eb80490d0b083e822e1be12057f3d5a574848bc2b13b3a232c618,95618,0,2,2,2,0,A0_base,a17a5cf0a3b753c0b8ed61a302cd0b31b2abddf5de4ef710ce7790271031a1b1
case_005,4,B,incumbent_base,c6c205bcb2a3f122ec8b0b604bce187490f2e9d323fdd036c136de7cbddcb9d4,3bc18bb6de8449209da0fbbbc602e619f86c174c87f5622a047be05a814e94f0,88696,1492040,3,3,3,0,B0_base,a17a5cf0a3b753c0b8ed61a302cd0b31b2abddf5de4ef710ce7790271031a1b1
case_005,4,C,incumbent_split_release_g4_p4,9984c2671d7a21b6236701465e83243701e7fa9ece32adb85399fe37af7b4e2d,e1d5e8d51cba216e9ebafd224e0f792e1d477d96fe1f7461b9a201048570c685,86911,1492040,3,3,3,0,incumbent_base,c6c205bcb2a3f122ec8b0b604bce187490f2e9d323fdd036c136de7cbddcb9d4
case_005,5,A,A0_base,fc4cabc3445636d965dcd8aaf94bd5fcb0eb9c9fd0e623b860874cb3504f5d00,dbfe0f7f27f2bedbb87c26e6fc17bb43d1e5736bcc4b49d51e949d69dfabd165,95618,0,2,2,2,0,A0_base,fc4cabc3445636d965dcd8aaf94bd5fcb0eb9c9fd0e623b860874cb3504f5d00
case_005,5,B,incumbent_base,71dfdbd0b0253182fdd644305a04dcc965950c9c7f363392506d954b0d383452,f5dce6e144cf726d77bec43b687f95fb4a7e1d8c0f8485fd11c819f1bfd96e9c,88696,1492040,3,3,3,0,B0_base,fc4cabc3445636d965dcd8aaf94bd5fcb0eb9c9fd0e623b860874cb3504f5d00
case_005,5,C,incumbent_split_release_g4_p4,d5a82aaffc551d98eab324b16d9349ffea4eaecda619b2074ca4e95cdc7a6681,df1664337dbc1679df775884fdcc25aec24dcff93de8f1b98595e987adf70977,86911,1492040,3,3,3,0,incumbent_base,71dfdbd0b0253182fdd644305a04dcc965950c9c7f363392506d954b0d383452
case_010,1,A,L3_base,ef0ed7c196137189dffbdf6a3f812bd0c8bc1100e483e9d45e01e0026bd15b25,bbc87fe2c8088da141d46b9f093a125ae3ffc75802acb5ddade65dd2300c3217,78330,1385412,2,2,2,0,A0_base,038a6e2f7f97545195df20bd7dc3b802521223c0e618f34bd9697d1f9c73ebdb
case_010,1,B,B3_base,354bd5fd8fd1ec0ffda309b3efb2af346b81367ec646be3a27fe82951529a8a9,5996b849c251a92fbbc3d4a79f5dddf26df7ab8aa2335e2e041e6790625a70c1,81326,224256,2,2,2,0,B0_base,038a6e2f7f97545195df20bd7dc3b802521223c0e618f34bd9697d1f9c73ebdb
case_010,1,C,incumbent_split_release_g0_p4,cbf9e4f1f96bb0df89e372957699ef29639cd2a0dbcc9b4536b50eadd864d8a9,96d77566d1678e836da72c1074016084c14639a99a2961a3431b2a1093798283,79774,224256,3,3,3,0,incumbent_base,354bd5fd8fd1ec0ffda309b3efb2af346b81367ec646be3a27fe82951529a8a9
case_010,2,A,A1_base,a045ab24aa4c2acc235e38e1e0039ea3b83da64b70de24f2c15dfe330afd602e,11bbb1f3855be6ffba2b522f54d494c128cc4dc8d36dc79ef3ec34f179e86a8d,45272,48384,4,4,4,0,A0_base,4a5436387d845f0579efb4c7e54b28312ae9cd2bbbfb1829f788aea28f652f18
case_010,2,B,B1_base,a045ab24aa4c2acc235e38e1e0039ea3b83da64b70de24f2c15dfe330afd602e,0fac6ad28191f3844d355d0567a86f901eba3a8581682834b5e9c79fc881bef7,45272,48384,4,4,4,0,B0_base,4a5436387d845f0579efb4c7e54b28312ae9cd2bbbfb1829f788aea28f652f18
case_010,2,C,incumbent_split_release_g0_p4,668218595e1822b1007f688c72644fa28f7860380b1550f02d694b7d0724b8dd,edb5c2259dd6c43fd3763ed8a35ae9d1492c300fd2a879f244205c29d14cab80,41774,48384,4,4,4,0,incumbent_base,a045ab24aa4c2acc235e38e1e0039ea3b83da64b70de24f2c15dfe330afd602e
case_010,3,A,A1_base,cc06133f55b6627abea804e2dcd344084ae9d3023df5cfe770525d1f49839098,8f34a7bb70ddb9ee3ce481ec4a57e570f042429250130fa6b9ef4bfcc573dc77,32786,38016,4,4,4,0,A0_base,ba53e9082605ac0995f1384f9681ac26d232fd9dc88ee1a403dd693a8c13af63
case_010,3,B,B1_base,cc06133f55b6627abea804e2dcd344084ae9d3023df5cfe770525d1f49839098,395765efb6acd2c44989e999b6bde61af1d0fa738cbde47b7c7fc1fed935d63c,32786,38016,4,4,4,0,B0_base,ba53e9082605ac0995f1384f9681ac26d232fd9dc88ee1a403dd693a8c13af63
case_010,3,C,r9_capacity_g1_back,4660e11ad060d723f4abe998f2a8cc1247578acca176cb54a50183554b4bdec4,41805d55abc52a50d8ec5123536723ebc0fd4660998db3539b3514f9cac50ddc,30412,91008,4,4,4,0,incumbent_base,cc06133f55b6627abea804e2dcd344084ae9d3023df5cfe770525d1f49839098
case_010,4,A,L1_base,ffd662fa62a2bf7d38ec9335a80f5df85019bef00cc790dc95d2d15538728e30,355f795be974cb343637657cac67b2ed7f93bbc09cd09bd8dcab2aa84fe467c2,29918,96768,3,3,3,0,A0_base,e8fb211d6df9b3a6fb99bd2e310955fc5470a6309e4e7f20ee296d73af62dad5
case_010,4,B,L1_base,ffd662fa62a2bf7d38ec9335a80f5df85019bef00cc790dc95d2d15538728e30,7310b24c7dc22db5216a30758c7c4c99000f3bfa0300390d05110a29f47c9298,29918,96768,3,3,3,0,B0_base,e8fb211d6df9b3a6fb99bd2e310955fc5470a6309e4e7f20ee296d73af62dad5
case_010,4,C,incumbent_split_release_g3_p4,9bfeddfb84ca2faf4f8067a0d70540ae5217b7d5a3543e57c330528737f82892,fc9f3c3d00558d32bc7a3d8feaabb10981091eed3a1d61dbf368276b5c2d8d18,29845,96768,5,5,5,0,incumbent_base,ffd662fa62a2bf7d38ec9335a80f5df85019bef00cc790dc95d2d15538728e30
case_010,5,A,incumbent_base,493250ac6eaea1a8dcc477c0fac3c42a0e98cd94a2cbf7c84f8d29d5303d219a,f4ff09bcf53fe303a9c2a5456236dc96285999f339bf400078b723025ec24084,29918,96768,4,4,4,0,A0_base,27017e20b878a71ee7915b08e748e33a0f15ff55e74f35099d97e469ca7a6ce6
case_010,5,B,incumbent_base,493250ac6eaea1a8dcc477c0fac3c42a0e98cd94a2cbf7c84f8d29d5303d219a,cc7aaf878c0ee5349be5ee937ccd1214b1c85b75c6ec15724e80c2cdcb3f53af,29918,96768,4,4,4,0,B0_base,27017e20b878a71ee7915b08e748e33a0f15ff55e74f35099d97e469ca7a6ce6
case_010,5,C,incumbent_split_release_g2_p4,66f8192ae56cbf679b8594f892ec67fa222049db22ff0d14526e5487ff40434f,2e56e40bc057d950996db774bf7fd1814b97b0f934e78244303fcc01b85631ca,29845,96768,5,5,5,0,incumbent_base,493250ac6eaea1a8dcc477c0fac3c42a0e98cd94a2cbf7c84f8d29d5303d219a
case_017,1,A,A0_base,f7d0f847e65f31b26b41fa1e2c12d767e7cb21739e4546eb9b26197b1d4f76fc,e5a14a89d1439b143835c12c0e4d74d0c78a2f3f7b972c2bb8edc0d3b1dd9109,162810,22528,2,2,2,0,A0_base,f7d0f847e65f31b26b41fa1e2c12d767e7cb21739e4546eb9b26197b1d4f76fc
case_017,1,B,B2_base,dcacb380b97c27d2be9ff5a79145ba80f2971fe35b77da6a62f21bf0c82a0028,cbafedf74cdca0580fac7f17a400d837f21cbc4ef8b9b830febdb5257c89c426,149759,180224,2,2,2,0,B0_base,f7d0f847e65f31b26b41fa1e2c12d767e7cb21739e4546eb9b26197b1d4f76fc
case_017,1,C,incumbent_aggregate,34703b265954a7ad17f84c4effa661ab3235a529c5d321e39b05cc59a7890981,e27fbb10cb9b6370f8ee3f470706f63bc8c860a94cda6faf8596d9328617b581,149367,180224,3,3,3,0,incumbent_base,dcacb380b97c27d2be9ff5a79145ba80f2971fe35b77da6a62f21bf0c82a0028
case_017,2,A,L1_base,c4c948863aa79a57348d7719de80e03d77263c02951d8e9646e9f85d9a55c1c9,16171701d6b8a519d8b930047fa371140087e63960d2d8079a588b7d4b7f6e4b,81772,87552,3,3,3,0,A0_base,f4b40855da8e436ee1e20df0db87ca86b82e4ecdbc3aa15eac4bf132bb336e9f
case_017,2,B,L1_base,c4c948863aa79a57348d7719de80e03d77263c02951d8e9646e9f85d9a55c1c9,7407da7624b00803501cec1832926cffe4cc75568526ac02d4307a80115d7d24,81772,87552,4,4,4,0,B0_base,f4b40855da8e436ee1e20df0db87ca86b82e4ecdbc3aa15eac4bf132bb336e9f
case_017,2,C,incumbent_base,c4c948863aa79a57348d7719de80e03d77263c02951d8e9646e9f85d9a55c1c9,d1df0463669dc58979002cf6ddd14b2f38c4348c8f3396ac78071cf2a3ec84d0,81772,87552,4,4,4,0,incumbent_base,c4c948863aa79a57348d7719de80e03d77263c02951d8e9646e9f85d9a55c1c9
case_017,3,A,L1_base,8746382f7c2a1f5d53f8718aa15afe643ea48fce568d433525f7be0562ecdaa8,720254b87f1067cb1c7893d05d924a8cacc067f37f34f6a91a0b1a994bf92677,55389,175104,4,4,4,0,A0_base,4a25cf60c50563b68619d404de35c3a8cf86fec2afa1af98d098188d1679b3f9
case_017,3,B,L1_base,8746382f7c2a1f5d53f8718aa15afe643ea48fce568d433525f7be0562ecdaa8,0a10083b3ed12b2557ed103dd06f400f20d75e73085547f669d8e06a768344ef,55389,175104,4,4,4,0,B0_base,4a25cf60c50563b68619d404de35c3a8cf86fec2afa1af98d098188d1679b3f9
case_017,3,C,incumbent_disperse_tid_2964_node_2968_core_2_pos_0,3007ad2d807dd20e4c9c749a84e2445f828084dece49d7cfbec1eb4a8dd65442,8ff41efe612fcb7e27a79239121c376fed4334999bd4aa6a9cb6a4937e6d0f61,55154,178176,5,5,5,0,incumbent_base,8746382f7c2a1f5d53f8718aa15afe643ea48fce568d433525f7be0562ecdaa8
case_017,4,A,L1_base,97824cfc534af0b6150a068854e5424126b728fe9c92912d573eb1e90e8e392c,ed54f20d9b04207eaa75a40eb471ab6dab91b05799fc199380446566ada6d3b5,41209,253440,4,4,4,0,A0_base,c7663f39a32204c0cfc2320aa3d366d121571d5858da0cd7b118ddae66adc527
case_017,4,B,L1_base,97824cfc534af0b6150a068854e5424126b728fe9c92912d573eb1e90e8e392c,24de98d0838ad11fbd8621e55e786dd05cf5a7512c4474c0b5e6665eb0314a82,41209,253440,4,4,4,0,B0_base,c7663f39a32204c0cfc2320aa3d366d121571d5858da0cd7b118ddae66adc527
case_017,4,C,event_timing_tid_2877_miss_2_bytes_4608_front,3b84215c77639b86b3d5a32a24180ec430a016fd5fb75c4b5dde3fdca3073edb,0464cc875e69e136992c76f21876c7591260e2ec458bc4c7eb116fa5600d8836,41209,253440,5,5,5,0,incumbent_base,97824cfc534af0b6150a068854e5424126b728fe9c92912d573eb1e90e8e392c
case_017,5,A,L1_base,5d9f1d59fbdbdc80584f9a227c4f45d0528f6e024659e0241ef63425f53558b7,5b13537441045eb83b6441c5b23315980b60f164ed0ee0e14259a90a48660dd6,34231,338688,4,4,4,0,A0_base,e0848c8756a199242dabfd9128ec19cdcb9c43a67626808af075fb685093320c
case_017,5,B,L1_base,5d9f1d59fbdbdc80584f9a227c4f45d0528f6e024659e0241ef63425f53558b7,993c3c8d0b27cdf8310cfef6347586a03928b43717b38965f044aff4ceaeca5b,34231,338688,4,4,4,0,B0_base,e0848c8756a199242dabfd9128ec19cdcb9c43a67626808af075fb685093320c
case_017,5,C,event_timing_tid_3_miss_3_bytes_73728_front,464b673022fb5b088d293e35da8986d44ad044b1ad23dea3c30fab73760a5644,955d1191030fdeae9a6c0bd54848e2483f78ea50dc3389b84537a964aaf4f660,34231,338688,5,5,5,0,incumbent_base,5d9f1d59fbdbdc80584f9a227c4f45d0528f6e024659e0241ef63425f53558b7
case_041,1,A,A0_base,727befc5bd821bdc12309e8d820075590819035055e33c4da63b4c0fd5bcc5f2,c3248849eb69bd46ec63f71997931edea90083d0c894251ec2db146adeb760ae,6003957,30898176,2,2,2,0,A0_base,727befc5bd821bdc12309e8d820075590819035055e33c4da63b4c0fd5bcc5f2
case_041,1,B,B0_base,727befc5bd821bdc12309e8d820075590819035055e33c4da63b4c0fd5bcc5f2,ad9546745ec27ca8ceb66976e9e23b4794b937c00c6888f81d38db6d842945a6,6003957,30898176,2,2,2,0,B0_base,727befc5bd821bdc12309e8d820075590819035055e33c4da63b4c0fd5bcc5f2
case_041,1,C,incumbent_base,727befc5bd821bdc12309e8d820075590819035055e33c4da63b4c0fd5bcc5f2,c24874f693762bbcc27a7efaf92bef38332518d481c93ca2a8c6a47e0f838b15,6001575,30898176,1,1,1,0,incumbent_base,727befc5bd821bdc12309e8d820075590819035055e33c4da63b4c0fd5bcc5f2
case_041,2,A,A1_base,3ec880d57089629aa2f897f87a896eeb2e6c01f116f7fe57fd0272a282152997,87a5f611e7ec385660e7e3fb86a333bf66ee4e74e2437079325860d146022f63,2983392,30750720,3,3,3,0,A0_base,663da8a9173044041ad33f84a118e2088a2db3b888f84e8c8dc11e1087543d7b
case_041,2,B,B1_base,3ec880d57089629aa2f897f87a896eeb2e6c01f116f7fe57fd0272a282152997,34a6adbe2781dcf3f47cdf592dd1248b9a8f96603af4157347454e6b6a879c95,2983392,30750720,3,3,3,0,B0_base,663da8a9173044041ad33f84a118e2088a2db3b888f84e8c8dc11e1087543d7b
case_041,2,C,incumbent_base,3ec880d57089629aa2f897f87a896eeb2e6c01f116f7fe57fd0272a282152997,747c441f7ef910d7bf366afdc91026c9b9f5fef8a4b5315f8cca8e60996cc1eb,2981318,30750720,2,2,2,0,incumbent_base,3ec880d57089629aa2f897f87a896eeb2e6c01f116f7fe57fd0272a282152997
case_041,3,A,L1_base,b636e9f12671469a2cf1599c85f4926126261f9e73d68a3a638765d86e45629d,4c75ba25ee2ad5e911ebdec2f83353ebeff71d85fc0137fdcc080de851f68979,1991911,34851840,4,4,4,0,A0_base,c7da48511510778946d481f83168773b6e9f21d07b939a8926776f1753d43629
case_041,3,B,L1_base,b636e9f12671469a2cf1599c85f4926126261f9e73d68a3a638765d86e45629d,b0088361897ae2d657fe151bb9f268eb3b0364b5beffccff5d1fd3ca6ef2a0ef,1991911,34851840,4,4,4,0,B0_base,c7da48511510778946d481f83168773b6e9f21d07b939a8926776f1753d43629
case_041,3,C,event_timing_tid_1000000409_miss_9_bytes_55296_front,5464eeb188bc66da2e069ad99b80eb594318394820cba6d8287d49a8958bd343,d087ad36fb2cc3e660566e62fd69a4ea347ebc248531c19ff24fbe72a7edea05,1989953,34851840,5,5,5,0,incumbent_base,b636e9f12671469a2cf1599c85f4926126261f9e73d68a3a638765d86e45629d
case_041,4,A,A1_base,b8ba6cf88582ef3f51cf0eff11248b6153f8a17b028639d8b96853777e0f7fe0,fc452b13fa5717b4406e4ed219e51583be4eb662459ea5d0002379b9653d1f54,1497746,34397184,4,4,4,0,A0_base,e444c20ffeea15fdc5d0a614d14e96a561187eb5357110c953b137430394cbbc
case_041,4,B,B1_base,b8ba6cf88582ef3f51cf0eff11248b6153f8a17b028639d8b96853777e0f7fe0,377db965cb74e6a5e182151eb0150c7ece1177afcff37d936fe809eb4c9d5a7b,1497746,34397184,4,4,4,0,B0_base,e444c20ffeea15fdc5d0a614d14e96a561187eb5357110c953b137430394cbbc
case_041,4,C,incumbent_base,b8ba6cf88582ef3f51cf0eff11248b6153f8a17b028639d8b96853777e0f7fe0,df49e3c01621917cede4a69b6eacf9c2d791339642b03668ce6b28bdc0bc0856,1494017,34397184,3,3,3,0,incumbent_base,b8ba6cf88582ef3f51cf0eff11248b6153f8a17b028639d8b96853777e0f7fe0
case_041,5,A,L1_base,8968bc64c8f1051b84ca4a5f94d7cb6ced8addfc9626e8134efddfad20a8b8e9,e1af99adb73e613dce3734c948a8ad60941c8331fb3d3f64b18a4e9ecb581974,1201884,40673280,4,4,4,0,A0_base,e0625d388faa93d39d0f45571ae4cdc505b7772dc90640eba54a3dcf64a2123d
case_041,5,B,L1_base,8968bc64c8f1051b84ca4a5f94d7cb6ced8addfc9626e8134efddfad20a8b8e9,8c6b976fef289f5aee61ba5dfb6a02aa49b6496710148ee73f0d036ca70f71b6,1201884,40673280,4,4,4,0,B0_base,e0625d388faa93d39d0f45571ae4cdc505b7772dc90640eba54a3dcf64a2123d
case_041,5,C,event_timing_tid_1000010481_miss_10_bytes_61440_front,c551fe23bd2f7a498dff51a64de19f1838070d875187c754b6ec75885a96cb57,5f731fbf25e60314bd33569f70bf81f6f187350bc70e5b26c3c28e63a4140d0f,1194643,40673280,5,5,5,0,incumbent_base,8968bc64c8f1051b84ca4a5f94d7cb6ced8addfc9626e8134efddfad20a8b8e9
case_043,1,A,A0_base,eb75eae9a56d7695a0e7b26bfde3831bc157ae66177ca9f0293179f942412068,52ca3e66cb0afbc29f3fc5d7588d70f2c1ce27a7382ea339e87222d1833f6974,677656,49160,2,2,2,0,A0_base,eb75eae9a56d7695a0e7b26bfde3831bc157ae66177ca9f0293179f942412068
case_043,1,B,B3_base,bdafda2e36e3ca1ee5379742c500c8041ccd4a4bbce58f38135953572a15e229,ef4c847a2884e57e72dc820d1dd5625faab2a494f85218418489a06c3b4c22ff,657411,530098,2,2,2,0,B0_base,eb75eae9a56d7695a0e7b26bfde3831bc157ae66177ca9f0293179f942412068
case_043,1,C,incumbent_split_release_g3_p4,c2845e91a12d0242f2ce4ff01ee4b463e50ca9d5f862244831d3b2521fa04627,fada72120901fd4d04557e3aceb226ddfe89cc8fd3924bbc0e9479582dc5b3ae,656100,530098,3,3,3,0,incumbent_base,bdafda2e36e3ca1ee5379742c500c8041ccd4a4bbce58f38135953572a15e229
case_043,2,A,A1_base,ec327aaa1cbb170e5571f9500d9c029a2dfb2adc67f775bf2c0256d7fb3574b3,6da2b3c1f8d778f62f7b19d5accbdff4b288ae83e3076fc0b65bf837294ca050,347613,417800,3,3,3,0,A0_base,f6bdfe37a129816a64ceb7296c5141ae5d396332f3bac74bff8d66495d47386c
case_043,2,B,B1_base,ec327aaa1cbb170e5571f9500d9c029a2dfb2adc67f775bf2c0256d7fb3574b3,d28d99aff56eaf0238e8391d47ed28e296a736553174fdbd2d4ef6be52c408d9,347613,417800,4,4,4,0,B0_base,f6bdfe37a129816a64ceb7296c5141ae5d396332f3bac74bff8d66495d47386c
case_043,2,C,incumbent_base,ec327aaa1cbb170e5571f9500d9c029a2dfb2adc67f775bf2c0256d7fb3574b3,092aa1f4ac19942e30ee3807a1b277ebd3d9b221f5cfa3f95547cb4f95f1bc4e,347613,417800,3,3,3,0,incumbent_base,ec327aaa1cbb170e5571f9500d9c029a2dfb2adc67f775bf2c0256d7fb3574b3
case_043,3,A,L1_base,7e64642aacf76115e1456a3d1a6d62e043658dd796cb1e478481c8c94afc7b09,63410be5497e3e169b1367e6837951e69a54ed81b4d82b14e01cbac67258d392,268777,141320,4,4,4,0,A0_base,5c4870076b1a72285e72bbc285214a6811ae9a2c0add6b4b7627a7af6957723b
case_043,3,B,L1_base,7e64642aacf76115e1456a3d1a6d62e043658dd796cb1e478481c8c94afc7b09,b0c6c6742e7a40c54c7cb0b73c37e0bd56dd08fa93abcfe8fe02aaba07e9b24c,268777,141320,4,4,4,0,B0_base,5c4870076b1a72285e72bbc285214a6811ae9a2c0add6b4b7627a7af6957723b
case_043,3,C,incumbent_split_release_g0_p4,41dd7d59999d4f7c3d591abebf41b0616286a0b22cdad0a1aba906b9e7259b46,5b6b2452ac06cb05a7eb125487d3014139e22cf7ffe25a28ee50118cbb783b4c,265478,141320,5,5,5,0,incumbent_base,7e64642aacf76115e1456a3d1a6d62e043658dd796cb1e478481c8c94afc7b09
case_043,4,A,incumbent_base,5feb2c64c20bfb7880feb07da6f3af1a2f4bf32e6c80e6e6f1c56b56e54dea5f,a0488f5f1181639171fcc9cefa9a739b635c290ec8e9241fb0e424493759fb8f,268777,141320,4,4,4,0,A0_base,d4657fd4e8147a6baa5c3d870a3cb7bfe5f537a54138d6b6ffa1eb07155b93d2
case_043,4,B,B1_base,0c267ede39faf8e8d557e05ca8c16d724ec5ce55638c23c5346db7dd62ba14b5,0914ca732c6c4e33afed3723e3d21f471506840fd3b39c12c611294c28fa2247,295497,431104,3,3,3,0,B0_base,d4657fd4e8147a6baa5c3d870a3cb7bfe5f537a54138d6b6ffa1eb07155b93d2
case_043,4,C,incumbent_base,0c267ede39faf8e8d557e05ca8c16d724ec5ce55638c23c5346db7dd62ba14b5,35f009648d958e4d7a202e8c1e07b5d40f3f2a06b1536c267ba96563f2b90019,295497,431104,3,3,3,0,incumbent_base,0c267ede39faf8e8d557e05ca8c16d724ec5ce55638c23c5346db7dd62ba14b5
case_043,5,A,A1_base,90918f5c1d80b92116aeb176d0cfeec193255eb5c75e9562f75bc72d81dbde0f,983dc070eb62abed2ad9a6b16320765281cde029c57de2a79af7281394dec81b,295497,431104,3,3,3,0,A0_base,13e6612a6ef8e3983befa1db689d1b565e8f779a0ad62df3b28bfad55cdd9b67
case_043,5,B,B1_base,90918f5c1d80b92116aeb176d0cfeec193255eb5c75e9562f75bc72d81dbde0f,f720603b96bc843eb0356deae984aaef339c70d2cd2061d9e8280ff41640ba0c,295497,431104,3,3,3,0,B0_base,13e6612a6ef8e3983befa1db689d1b565e8f779a0ad62df3b28bfad55cdd9b67
case_043,5,C,incumbent_base,90918f5c1d80b92116aeb176d0cfeec193255eb5c75e9562f75bc72d81dbde0f,78f13ac6c55b6edb99b143680f54570b7e1e04a2f4684146aecc3b89f92269e4,295497,431104,3,3,3,0,incumbent_base,90918f5c1d80b92116aeb176d0cfeec193255eb5c75e9562f75bc72d81dbde0f
case_096,1,A,A0_base,5c834b1e876a203ad83e6e6cc474b09935202a722da3aca8616e702d73f97fe1,d1f76215ac97a0f778d11d3381510b77a2b51e9ad53e6ac0800ab49140d014ac,84194,0,2,2,2,0,A0_base,5c834b1e876a203ad83e6e6cc474b09935202a722da3aca8616e702d73f97fe1
case_096,1,B,B3_aggregate,2a9a97eb34152caa2070f4dfd01c8f80aa8d3d166653ec696faafb56402b23eb,8ec41bca005b0df696ad05e936d496ca37649146694933a942497ebd7f8a1ddb,77108,0,2,2,2,0,B0_base,5c834b1e876a203ad83e6e6cc474b09935202a722da3aca8616e702d73f97fe1
case_096,1,C,incumbent_split_release_g2_p4,244a8a2a1d7769110677d2cab10196d4101eefeca37864918c0052f67cfd9be2,4d4f67f7cb2c3d0e68948cc9272f22c843cfc43555674ed3e8f83bf99e0434ef,75108,0,3,3,3,0,incumbent_base,2a9a97eb34152caa2070f4dfd01c8f80aa8d3d166653ec696faafb56402b23eb
case_096,2,A,L1_base,37a7c80d6d613550668a90767e2d79aa29b050bf9e96cde69ca06f1b87659ba3,8254d27e04a265c40e66993674fbd80b35595409020b28dad3bd52e618761dfd,44010,67392,3,3,3,0,A0_base,4636e24e6ed6e3f59d5af60f4b7d18443e15618c6c72e5cdeb87f2ef8dd06993
case_096,2,B,L1_base,37a7c80d6d613550668a90767e2d79aa29b050bf9e96cde69ca06f1b87659ba3,b4be7a4b2d24e2d07aa112fe4c0240c56bf4749c9b92de87aefc8fe454060f19,44010,67392,4,4,4,0,B0_base,4636e24e6ed6e3f59d5af60f4b7d18443e15618c6c72e5cdeb87f2ef8dd06993
case_096,2,C,incumbent_split_release_g0_p4,9a074ddf8ea62044c215e6622d5bb6366725705f2bb0f6676c6fca40d3c06cbe,92739515d700b1eac4c94da090e8e130fc9f4667eb050714356aa56bc0ee67e9,41802,67392,4,4,4,0,incumbent_base,37a7c80d6d613550668a90767e2d79aa29b050bf9e96cde69ca06f1b87659ba3
case_096,3,A,L1_base,8fb7b3c2094e0218c41f6f4beb2ca75015452d2a0a36ab412168b637d9864dde,8dec3c8df6c186c836e83d142555810835267de7d76ae0672900919320d6a91c,30318,79488,3,3,3,0,A0_base,dd3c4111e280d3594cd84bc3ad06878005502bf7d79384f4b81f4db1ba15fccc
case_096,3,B,L1_base,8fb7b3c2094e0218c41f6f4beb2ca75015452d2a0a36ab412168b637d9864dde,0df47cee56b90c5456d0c1e6d3c1ff2a3668b032f895229c661bfa3426ce28d2,30318,79488,4,4,4,0,B0_base,dd3c4111e280d3594cd84bc3ad06878005502bf7d79384f4b81f4db1ba15fccc
case_096,3,C,incumbent_base,8fb7b3c2094e0218c41f6f4beb2ca75015452d2a0a36ab412168b637d9864dde,980177215a5ff2a9d186da7d57e2944d2e648172cc152609d9520d072c74a72d,30318,79488,3,3,3,0,incumbent_base,8fb7b3c2094e0218c41f6f4beb2ca75015452d2a0a36ab412168b637d9864dde
case_096,4,A,L1_base,6452215da0d5fee206f48496a1b0a050f1124921d162f9d8db2204adaa5b076a,ed62a3b1fbe117f0ed1b3fbf91179720cda1563c690a2b0d862a770c1eba5889,26984,79488,3,3,3,0,A0_base,daec30e94623ba1516e9805b1c47327a166f23b61e76e39980152b18c6069280
case_096,4,B,L1_base,6452215da0d5fee206f48496a1b0a050f1124921d162f9d8db2204adaa5b076a,bff1f12546eb6261bcdc6bf1998f0b3712618b08ebda1429ef8e2018618bf2c6,26984,79488,4,4,4,0,B0_base,daec30e94623ba1516e9805b1c47327a166f23b61e76e39980152b18c6069280
case_096,4,C,incumbent_base,6452215da0d5fee206f48496a1b0a050f1124921d162f9d8db2204adaa5b076a,4afddc8518af9ebcee6d9215887923e83d7411ac1388f64c958c49821cbfa2ee,26984,79488,3,3,3,0,incumbent_base,6452215da0d5fee206f48496a1b0a050f1124921d162f9d8db2204adaa5b076a
case_096,5,A,A1_base,eb81fcf5eff144bafd1a1f1fbdb8aee1c7ed27dfd99c5cdd1d05f681ce4ce170,d9922914fbecc93fc21f50332065f6622eba72bbd354808f22fead47a678f100,41196,55296,3,3,3,0,A0_base,16e047183c4e9c17a216bf39485656f0a4a43f3a5b1ece00effaa33234fe58db
case_096,5,B,B1_base,eb81fcf5eff144bafd1a1f1fbdb8aee1c7ed27dfd99c5cdd1d05f681ce4ce170,083160ca521ce09ddec0e43d766bf14b407a3fe2356352d29b6b5310536388cb,41196,55296,3,3,3,0,B0_base,16e047183c4e9c17a216bf39485656f0a4a43f3a5b1ece00effaa33234fe58db
case_096,5,C,incumbent_split_release_g0_p4,c7830539c7081b3310cca57fc8920bb958bef50116fab3e9a47cb4b43b5145d4,404013967c99ee59d2d6b4a19750ec70ed4cb3d389fdadde79d30d63b5d6a8d2,38946,55296,3,3,3,0,incumbent_base,eb81fcf5eff144bafd1a1f1fbdb8aee1c7ed27dfd99c5cdd1d05f681ce4ce170
case_099,1,A,A2_base,c26653b24ca5fce30343dec743b623ea4deda50148764bb4ba5d75a47a975d62,73fcd4c33dc9105371a8388244d85065a06c3dc63eb093cd844ae8691ebdf706,1619135,5885952,2,2,2,0,A0_base,239e9c5e5625b65e0ba031d314c722c5df34cba7a120378df84f8ff91ebe1a53
case_099,1,B,B0_base,239e9c5e5625b65e0ba031d314c722c5df34cba7a120378df84f8ff91ebe1a53,cd08cb221526e1f4b67f62719c00f0ba55f6858cd66aacb0e0063d5752b8cac2,1622999,5484544,3,3,3,0,B0_base,239e9c5e5625b65e0ba031d314c722c5df34cba7a120378df84f8ff91ebe1a53
case_099,1,C,incumbent_base,239e9c5e5625b65e0ba031d314c722c5df34cba7a120378df84f8ff91ebe1a53,feaf653e5160bc886c8fe9a8e889252bd93582ab8858fd3de578c68633937ae6,1618902,5484544,1,1,1,0,incumbent_base,239e9c5e5625b65e0ba031d314c722c5df34cba7a120378df84f8ff91ebe1a53
case_099,2,A,L1_base,13a933dbebe66dcb35f37602733bc413dbfe809629821ff8cda9629302b6d8f1,4ce054357edf622fea8c057468a77ff1bea44029b1bc7a91428a846aa1876fe1,808916,7254016,3,3,3,0,A0_base,c6945ed5014c044355f1d371ea49f9b8875772ac2b559be49131ce1d709ffa5f
case_099,2,B,L1_base,13a933dbebe66dcb35f37602733bc413dbfe809629821ff8cda9629302b6d8f1,ed3d128a0441f46a265f193ecf888e47e04ded2641af9111f68d456f648ddf47,808916,7254016,4,4,4,0,B0_base,c6945ed5014c044355f1d371ea49f9b8875772ac2b559be49131ce1d709ffa5f
case_099,2,C,incumbent_base,13a933dbebe66dcb35f37602733bc413dbfe809629821ff8cda9629302b6d8f1,317a7af46ccd28ce047b0e4445cdc127832629249c8ba90e5a2b0ca255d86e84,806053,7254016,3,3,3,0,incumbent_base,13a933dbebe66dcb35f37602733bc413dbfe809629821ff8cda9629302b6d8f1
case_099,3,A,A1_base,708f0474eb8ad9a7fce8e167a586470aa7a15be2f7be3e1aca7d2054326896d9,0cd50b78a0421cf1f30ccae127fa93036dd81198bbf70a5268039e8253a8dce6,539533,8011776,3,3,3,0,A0_base,6739f0ef2d181d21f036a2989b2b3a1f1c0e5e7df01abdaf6b4e703f00869dab
case_099,3,B,B1_base,708f0474eb8ad9a7fce8e167a586470aa7a15be2f7be3e1aca7d2054326896d9,57cf401d92710a2607fab36d388d16eb7e065afa2639c4c12b5c2c258553a294,539533,8011776,3,3,3,0,B0_base,6739f0ef2d181d21f036a2989b2b3a1f1c0e5e7df01abdaf6b4e703f00869dab
case_099,3,C,incumbent_disperse_tid_1000000580_node_800_core_1_pos_0,b447310f9bbf2baf695a2c9ce36e243fa7faf0be0d14c6dac6300c2d047d709b,94a037c371af202fddf55c71331f1bd4a525c6fde94d01e417ebb4c70cd7827e,537694,8011776,3,3,3,0,incumbent_base,708f0474eb8ad9a7fce8e167a586470aa7a15be2f7be3e1aca7d2054326896d9
case_099,4,A,L1_base,72952b3e8433e3179f81b6b31328112f555776080f240deef8b68f456ac166f2,8b917621397429af7965f2237accde62e907e97a606ad9d6f47ac615c132ca24,405336,9838592,3,3,3,0,A0_base,08de978968c4f50e79379ae5c999cdf295cbf44e0db1443d3c2345041ecdd436
case_099,4,B,L1_base,72952b3e8433e3179f81b6b31328112f555776080f240deef8b68f456ac166f2,a712c40e4e8585a1ac2dc7d1c1ba6eb0c95edc6176283f6cde476870f0a51c13,405336,9838592,4,4,4,0,B0_base,08de978968c4f50e79379ae5c999cdf295cbf44e0db1443d3c2345041ecdd436
case_099,4,C,C1_base,afe4a70b20dd4062265ee65e7f1b20d83e9a3e4cbbb4023aaf2e1fd8a8384399,099cbd963e7c0ad5f5b8952a8814bff28da8596b8aacf991297ee37bd6cbb10e,403147,9256960,3,3,3,0,incumbent_base,72952b3e8433e3179f81b6b31328112f555776080f240deef8b68f456ac166f2
case_099,5,A,A1_base,6e49d5c4c9930dd5e867b76975ac70b6b6e449e2f1deff0d97215729ef92a639,f1ce90aeb50dc636a318c07436740c6717fc6ddcfdd5d0375883753bc36efb18,336826,10371072,3,3,3,0,A0_base,a12cff60951bd51de2600c6e4b74637cb16871be877599fad3f5243f2c01466a
case_099,5,B,B1_base,6e49d5c4c9930dd5e867b76975ac70b6b6e449e2f1deff0d97215729ef92a639,dfe05846dc9f570fb8f65cb925f79ef6552c439c0cadaeece045677feb4c7905,336826,10371072,3,3,3,0,B0_base,a12cff60951bd51de2600c6e4b74637cb16871be877599fad3f5243f2c01466a
case_099,5,C,r2_boundary_n199_c0_p0,519d216b3455efddc8c94a6802222ace90ec58bf194442d5b9ba22071e3453f5,88c8283bd01db1474e7815a24a96f21edcf95bc3cff45b12ef4d91535632e159,327139,10343424,3,3,3,0,incumbent_base,6e49d5c4c9930dd5e867b76975ac70b6b6e449e2f1deff0d97215729ef92a639
case_030,1,A,A0_base,d6b29aaaa3d69c5f8afc7287bcecbff433206abf031953532a4b863effec05c8,ebf40243371b15c1de60b906b5905e33c67e03e8d61df3cca6bcfe5c3f0c6bdf,2808034,5519360,2,2,2,0,A0_base,d6b29aaaa3d69c5f8afc7287bcecbff433206abf031953532a4b863effec05c8
case_030,1,B,B0_base,d6b29aaaa3d69c5f8afc7287bcecbff433206abf031953532a4b863effec05c8,951399024585d9a898e9ec67e19dabb295bbedaf464e1205a1da0e7de92b9cab,2808034,5519360,2,2,2,0,B0_base,d6b29aaaa3d69c5f8afc7287bcecbff433206abf031953532a4b863effec05c8
case_030,1,C,incumbent_split_topo_g0_p2,ff8cd5688a0c7d7511897864c65d0ed8d4cbee6db6daee47129b6cd58ae64002,c063aaa8b9c5bce2942a5d60efa7e52c2f3776ea5b9cbccc41ab7684008e44aa,2806776,5395456,2,2,2,0,incumbent_base,d6b29aaaa3d69c5f8afc7287bcecbff433206abf031953532a4b863effec05c8
case_030,2,A,A1_base,cdd453380fb02873c626209ef27a2f984f4efb8b187a3f452418d722ef4c8088,210e126addee43b20f9e50ac22a315fb0596d6a59e55e4c6043f248a31dda2c5,1399149,6877184,3,3,3,0,A0_base,c1467be39d33f999e03b7438b59a37f9714344796aacbad18d3cd8d3ba90f5f2
case_030,2,B,B1_base,cdd453380fb02873c626209ef27a2f984f4efb8b187a3f452418d722ef4c8088,3e3ca96def36a6df95469c565e384d873b4e22a432f9ea8b9d6b9791fc95c5d9,1399149,6877184,3,3,3,0,B0_base,c1467be39d33f999e03b7438b59a37f9714344796aacbad18d3cd8d3ba90f5f2
case_030,2,C,incumbent_base,cdd453380fb02873c626209ef27a2f984f4efb8b187a3f452418d722ef4c8088,afa28dc7b1982a6ab685fcceb4ed2cd366343232b762ea48a0c8c31a375819f8,1398912,6877184,3,3,3,0,incumbent_base,cdd453380fb02873c626209ef27a2f984f4efb8b187a3f452418d722ef4c8088
case_030,3,A,L1_base,df48c3338314294a755eedc0a8729ee3c2f1799d990766f092d515f447349d56,1a59e042270eaf016eef67277bd0281d6e6a33419bbef6115ac42d430c571e8f,933857,9242624,4,4,4,0,A0_base,3b874f9e8dfbe0356d668f5c1c66a853c99036d1ae2a48d53461e5a5ee747e27
case_030,3,B,L1_base,df48c3338314294a755eedc0a8729ee3c2f1799d990766f092d515f447349d56,b029bd955c4dd16843aa10893037f19372a665be5ace8308170f9bea6d2cc000,933857,9242624,4,4,4,0,B0_base,3b874f9e8dfbe0356d668f5c1c66a853c99036d1ae2a48d53461e5a5ee747e27
case_030,3,C,incumbent_disperse_tid_1000004491_node_4271_core_1_pos_0,ca3b8bbd77ea28432fc8df24ed3226ece8ffed5b6cffa378131c9d6ad3728fa7,7f822a5617106b04aadbcbe961f4a0b47d0b19781f0bc4402d10ffc1e7a794e2,932731,9250816,5,5,5,0,incumbent_base,df48c3338314294a755eedc0a8729ee3c2f1799d990766f092d515f447349d56
case_030,4,A,A1_base,80e84d3b4f9431ab6e6dd981a7baf3262907913f07cf45b0ba298d24e1efb2e2,59899ff66bc7522916189d1e4c7f11ea1371907f75899dccad19bedd0aba1647,700242,7758848,4,4,4,0,A0_base,249b160b4cfaefc5618a312747a784004afe04484052cbb6a94dc02dbdcbc9ee
case_030,4,B,B1_base,80e84d3b4f9431ab6e6dd981a7baf3262907913f07cf45b0ba298d24e1efb2e2,1c5d41257cb6c1d7f6548dd4f3c7019ef5a8dad1571657ac593fa02afcc4c6da,700242,7758848,4,4,4,0,B0_base,249b160b4cfaefc5618a312747a784004afe04484052cbb6a94dc02dbdcbc9ee
case_030,4,C,incumbent_base,80e84d3b4f9431ab6e6dd981a7baf3262907913f07cf45b0ba298d24e1efb2e2,d51e517e6b71c5d29875e6ded763e6d631b386962b187d74138dbbc1aeca3a10,699694,7758848,4,4,4,0,incumbent_base,80e84d3b4f9431ab6e6dd981a7baf3262907913f07cf45b0ba298d24e1efb2e2
case_030,5,A,A1_base,0f2f9b550b948bd9a7436c24c67426e9bd4a7a15be0906a4c0487d1ed31af671,47113d32d60e95fc1b82fb1ea639eab20744963e9114fbd5ed2e75c18250be3d,559889,10750976,4,4,4,0,A0_base,c59b280023786cce50422b14308525e88448ea931fde457989518ffa40345213
case_030,5,B,B1_base,0f2f9b550b948bd9a7436c24c67426e9bd4a7a15be0906a4c0487d1ed31af671,e5716a8adafc8d097a820303ee609f50c976e343d0f047fc2dbadbd3a52cd613,559889,10750976,4,4,4,0,B0_base,c59b280023786cce50422b14308525e88448ea931fde457989518ffa40345213
case_030,5,C,incumbent_disperse_tid_1000000001_node_44_core_4_pos_0,5e7d2290c2c56256d22346e4b1994aa9f4ff7a0d846b479701c2790c6412b6b7,ee8ea71d43566600d356856376611265fee409472a59d8b36222d900f6b67a33,559025,10760192,4,4,4,0,incumbent_base,0f2f9b550b948bd9a7436c24c67426e9bd4a7a15be0906a4c0487d1ed31af671
case_032,1,A,A0_base,ae8c0b3c6fbff007ff2f81a0672424e0fc9b4f162bfb791127c8989fb291132a,cdb24e90092d6e491d14311b0ba8961221953f311487775569910a428383b580,41443,0,2,2,2,0,A0_base,ae8c0b3c6fbff007ff2f81a0672424e0fc9b4f162bfb791127c8989fb291132a
case_032,1,B,B3_base,e7d56b0157452876695bf225c434a2f4eb383e42c3d60d7bcf631859b45fce97,e9e61954b7299d4f764c2e17b4f5644a49b33d449c251fad87ccdb9ff4277543,34141,10256,2,2,2,0,B0_base,ae8c0b3c6fbff007ff2f81a0672424e0fc9b4f162bfb791127c8989fb291132a
case_032,1,C,incumbent_aggregate,833aad01ee524ede255b9f86774ba714742f26b72aca3d1d86b083db4cee1c9e,cc754da75dcc72bf1738e567578327ff183eed2b87fb0ce5579ca18bdbe0fa89,34141,0,3,3,3,0,incumbent_base,e7d56b0157452876695bf225c434a2f4eb383e42c3d60d7bcf631859b45fce97
case_032,2,A,L1_base,0851d23951bc5eef1e922ffc75c91c86dc77ff6890c2fbfbc31bda2018b096a2,7f2ae00c141cb6737845e3077126805645e1fdd6a36538e1c5c4f2eef22acd55,21040,6216,3,3,3,0,A0_base,6b7366c8a16cac823e24d50f83058823afc163759b141b01e005cf04cf6de62d
case_032,2,B,L1_base,0851d23951bc5eef1e922ffc75c91c86dc77ff6890c2fbfbc31bda2018b096a2,fc1e9091b586f43d717d32c15047baf5e8fcb3d07f387d2fd317ea28f8a064a9,21040,6216,4,4,4,0,B0_base,6b7366c8a16cac823e24d50f83058823afc163759b141b01e005cf04cf6de62d
case_032,2,C,incumbent_split_height_g0_p4,2d058fcd07a2f9ed1c93f4dfda72d1b076fe158963bd20f4c2f1ddbf2d0c762a,efb7e6268cdeaf08acfe6f72c24f7a4154169169037b16f67c3cbfa97e72f91e,20711,6216,5,5,5,0,incumbent_base,0851d23951bc5eef1e922ffc75c91c86dc77ff6890c2fbfbc31bda2018b096a2
case_032,3,A,L1_base,7902aec996d3abaddee1c52232d94ef00baedd7ba2c7d1e151e75a20e234db5a,d7ae56f2eff20f6b0ed97584b019ea91e8b82777c9a8a5477e234633f9d81d92,14175,12432,4,4,4,0,A0_base,d2d00e8f35172052547fab369018987907d2a89c4d06f6a26c997dedd078e1fb
case_032,3,B,L1_base,7902aec996d3abaddee1c52232d94ef00baedd7ba2c7d1e151e75a20e234db5a,16edb18dae39652487e3224cbba751808602a6142a0519fa44bf10eb69f604aa,14175,12432,4,4,4,0,B0_base,d2d00e8f35172052547fab369018987907d2a89c4d06f6a26c997dedd078e1fb
case_032,3,C,incumbent_base,7902aec996d3abaddee1c52232d94ef00baedd7ba2c7d1e151e75a20e234db5a,db01f814a9b1048190e18cc089b371d2a5851459f511021e240936428899affa,14175,12432,5,5,5,0,incumbent_base,7902aec996d3abaddee1c52232d94ef00baedd7ba2c7d1e151e75a20e234db5a
case_032,4,A,L1_base,850603baf36d4139d95b7fadb54dde4864ae4f64b07b6d905d70bec7b114c210,c34088355e6fc538ae85e10cf7a3ace6759de9fd3b9834410641f53cf6231b01,11004,18576,4,4,4,0,A0_base,bec0d826b0631d7a0c9c940c7ac7181736861061a2947c55835c0245da05259b
case_032,4,B,L1_base,850603baf36d4139d95b7fadb54dde4864ae4f64b07b6d905d70bec7b114c210,ff118241705275d87c0a513e67da6896f2200c21148762846c8a025f4294d926,11004,18576,4,4,4,0,B0_base,bec0d826b0631d7a0c9c940c7ac7181736861061a2947c55835c0245da05259b
case_032,4,C,incumbent_base,850603baf36d4139d95b7fadb54dde4864ae4f64b07b6d905d70bec7b114c210,0355f7c4f6c8abeb4f6c12a1429b76dcb125fd36692fa6d08ef31413f7a1b046,11004,18576,5,5,5,0,incumbent_base,850603baf36d4139d95b7fadb54dde4864ae4f64b07b6d905d70bec7b114c210
case_032,5,A,L1_base,0814eb3053d0360ec851d9c392185760de02b3607602e3d8802617204206ac06,435b62deb2f38af2c2da2c90240b8ebb24b556593e7660e1369d774da38fa81d,10496,12432,4,4,4,0,A0_base,017e5d8fd4290162584af0691b1a0465b7c1e59e2d5817d4c31badce57d26473
case_032,5,B,L1_base,0814eb3053d0360ec851d9c392185760de02b3607602e3d8802617204206ac06,4c1066972ddeea4331b8e8e0d60713a05e624fac6a5e82609e0d222c4bc836fb,10496,12432,4,4,4,0,B0_base,017e5d8fd4290162584af0691b1a0465b7c1e59e2d5817d4c31badce57d26473
case_032,5,C,incumbent_base,0814eb3053d0360ec851d9c392185760de02b3607602e3d8802617204206ac06,feb3cfe9f9c729c493a5351e665a177fcb890d8a7aba9dd1b7a0a818048e485d,10479,12432,4,4,4,0,incumbent_base,0814eb3053d0360ec851d9c392185760de02b3607602e3d8802617204206ac06
case_044,1,A,A3_base,ed8907d6b63d548f0bee7f5780ce814c1a02247a53b949b6712598ab111e6dc4,aca0a3cdab57e9edeb21cf3015ddb34e8c77392b387c38b39e14b3fc40447cb1,96408,109824,2,2,2,0,A0_base,b23a4835c93b4a4159ec4b33854f7a05c46a07b1cd8f3ea36657be61f0d580bc
case_044,1,B,B2_base,ed8907d6b63d548f0bee7f5780ce814c1a02247a53b949b6712598ab111e6dc4,cc09176f83e06bbd6c2f0fa4e5ad0319b4fefbb68a6a60e4ccf9b5cbb9c0b184,88538,0,2,2,2,0,B0_base,b23a4835c93b4a4159ec4b33854f7a05c46a07b1cd8f3ea36657be61f0d580bc
case_044,1,C,incumbent_base,ed8907d6b63d548f0bee7f5780ce814c1a02247a53b949b6712598ab111e6dc4,4b61a205737a558d1913ba919b11bcf6db1326844182bbd98683775ecd431ca6,88538,0,2,2,2,0,incumbent_base,ed8907d6b63d548f0bee7f5780ce814c1a02247a53b949b6712598ab111e6dc4
case_044,2,A,incumbent_base,b958b0037d674074e0670343bd7e374a71abe65542e3ce50095bf6aad2ae90d7,05dd24695928556fe375f0dd2f78ce10d015a7e674e0d56a174cbd83f9670c5a,96408,109824,4,4,4,0,A0_base,90fbf97c919247b09ce27ad815a1631a16ebe971045b5f5d1cb8594024950340
case_044,2,B,B2_base,6b2efbfb4828b4d7100d3b7446a7fda39d48c644e152faa245e6aef32b7c7f8e,cd70ccbbe4f50901556244c3ec6918a8de2911086602a6e9bef8a1e938a141b9,68899,120384,4,4,4,0,B0_base,90fbf97c919247b09ce27ad815a1631a16ebe971045b5f5d1cb8594024950340
case_044,2,C,r9_capacity_g1_front,4a30e5fe3d680d6fa9b0d9288d17e3b67dcf2b421be68f35a29b380f363ed59d,ebef88d57772a58a37652ffcfc973333199697df45ae5953f39e1826db21c009,67862,128576,5,5,5,0,incumbent_base,6b2efbfb4828b4d7100d3b7446a7fda39d48c644e152faa245e6aef32b7c7f8e
case_044,3,A,incumbent_base,a4dfb2a6301745f8ca8273fc99a58b2f9d5ca09369729ac9c66ea6a61c659d50,b8ce5e92ef977b82a0c85ffa0e83f406e702ca843d086bcb4e2dbec9dd8bfb09,96408,109824,4,4,4,0,A0_base,8388624ecaa697fc500f95021d6e7013d393463f53ba7dead853ceef6d7a2ecf
case_044,3,B,incumbent_base,8f98584e9c255c7eb9323cf093daef66d1317e3113f7baf872ca25ce61c35798,c6630d0890c48c231f12eeb5dbdd76da859244e42ff23e88b16a5da34f6e749a,68899,120384,4,4,4,0,B0_base,8388624ecaa697fc500f95021d6e7013d393463f53ba7dead853ceef6d7a2ecf
case_044,3,C,lower_core_base,5d776b4d94fc7639b94a15b196bfb502b5b65065b4fe2fa8d0300a69b8f86a42,f9eebc9369deb87a767e6b9a88e7524335cf77a0835118caf2af1071c4f59ed3,67862,128576,4,4,4,0,incumbent_base,8f98584e9c255c7eb9323cf093daef66d1317e3113f7baf872ca25ce61c35798
case_044,4,A,r6_split_g2_h0_c2_p0,31d6d4aa21f755150e96ef3203b70b0e59d3194839ecac7260e0af384ff343bc,e238212938089c5a08eea976f6882c79eb58c37e832b6778ba347ddd2ea9fdd6,69401,1017696,4,4,4,0,A0_base,238ac369e0d2fb588de3fdc4d00902bff3ac4a766ac51b9f1100fe123fc6f3c3
case_044,4,B,incumbent_base,86bfe359ff0ffc4c9c4594a325a1d71875fbe86b80f86152539bfe311df27d05,e5a3d488c7fdd1e45eb68a1d6a3cbbc9c01c33c6b14d97706ff516819962ae4c,68899,120384,4,4,4,0,B0_base,238ac369e0d2fb588de3fdc4d00902bff3ac4a766ac51b9f1100fe123fc6f3c3
case_044,4,C,lower_core_base,8c065935d9d0abcae4e5059bca8e3baf1f82e1f7b2dff9b62b25674c6878ab8a,04a3aa8ac6f7118ffd3434c91e17796a265ff40e0c98ebaa2ce50a31f15bdf75,67862,128576,4,4,4,0,incumbent_base,86bfe359ff0ffc4c9c4594a325a1d71875fbe86b80f86152539bfe311df27d05
case_044,5,A,incumbent_base,3adf532f7ec6a66edd40b41b535b5e9424cda429725a04c2e23ef88ae8f10aff,c9845eda6b73b2feb895aea69f315653d99b12a995eb2be91fa65e6798d8a6ea,69401,1017696,4,4,4,0,A0_base,319bb8d783f776ffa6fa3964f76c1a2ff5e6ccc6d9403c48fed370662de80fbe
case_044,5,B,incumbent_base,025b35b496873c94ceec1c3c803764356631b39fd972b92ef35fb9d33cd440a8,8f4bfb941fe7184b5835b16a663e1642c030b31d761bcc2f6a41231a68ef6bba,68899,120384,4,4,4,0,B0_base,319bb8d783f776ffa6fa3964f76c1a2ff5e6ccc6d9403c48fed370662de80fbe
case_044,5,C,r10_boundary_n71_c2_p0,58e7d664b9cfc6cccb954706df6e414c9ae53744c5be119bd5237f1d96dff3eb,c9a57d8a531e087620c9f626d48bddef8025f368296418b883603e6f8468ef9c,63439,143616,5,5,5,0,incumbent_base,025b35b496873c94ceec1c3c803764356631b39fd972b92ef35fb9d33cd440a8
case_058,1,A,A2_base,09414af5f63c9aa8539261c976eb52c78d78f5af33eddf33825dad81f88ac55a,0c59099dcc0e2a883275daac54cd3fdab787e8b68064fa57a9d95ef3a6e1cf4e,4527949,28782592,2,2,2,0,A0_base,ff71c780c30ca091e2677bec8c5d6320f2d7acb191c9f44dbc2e314322d098c5
case_058,1,B,B0_base,ff71c780c30ca091e2677bec8c5d6320f2d7acb191c9f44dbc2e314322d098c5,50df14d0d2c6e9a82f52aebaf5290d17647de708836171a48e3fecc825103367,4539717,28696576,2,2,2,0,B0_base,ff71c780c30ca091e2677bec8c5d6320f2d7acb191c9f44dbc2e314322d098c5
case_058,1,C,incumbent_split_topo_g0_p4,ca83bd4c4bd2a07c796a4847822fe765495b8a43367228ea5222a136e8c3b989,66794b322d45005f035191bb14d87a154eab579141bda9f621df85f732d43a3d,4533133,28721152,2,2,2,0,incumbent_base,ff71c780c30ca091e2677bec8c5d6320f2d7acb191c9f44dbc2e314322d098c5
case_058,2,A,A1_base,ac5f9e8dd0b7c07660db9152e11021788c3a376b27f0b35c5d12a640413cf087,2e0f2ed29a9ede1ab4f17ec30ffbc390a8bdf8b32ef4760316031e9967cc4183,2271316,33431552,4,4,4,0,A0_base,76f0ee3ccd603871171beab90c4d121f7326c99cbabb3a0841efb167b95c59eb
case_058,2,B,r1_boundary_n1062_c1_p0,164a5e0bc54907cf832f5bf4ec31cc2435b7aa6ad19c10fa91d14778628a8d85,778fff40bf79e637949a4a501cbab37f756a7121a6b5b8d97c07b8c64ea62370,2268376,33435648,3,3,3,0,B0_base,76f0ee3ccd603871171beab90c4d121f7326c99cbabb3a0841efb167b95c59eb
case_058,2,C,incumbent_base,164a5e0bc54907cf832f5bf4ec31cc2435b7aa6ad19c10fa91d14778628a8d85,715a2e08c71b166817777eba9f7e03d44611ceb62833ed3f55e466f44cf07f35,2266610,33435648,5,5,5,0,incumbent_base,164a5e0bc54907cf832f5bf4ec31cc2435b7aa6ad19c10fa91d14778628a8d85
case_058,3,A,A2_base,a04d829de26a0411578bd362196d3996896152a411bc04b5db1e4214dc51ef01,43ae78effcfae5eeea70fe36493189c2a9d8cf507147b1c7b0b233201572648e,1541578,29859840,4,4,4,0,A0_base,5a17f85d7b0e96e01f405a84d30247079e07bd0ed7fdcd787e2a77a289611434
case_058,3,B,B1_base,4371c5e6077c734b869238fa26b8076a4b821f0e436604bc8d0c5136595593aa,33d764c8def07debbd7e4b6cfce43a59e93a875334a8ebf32346cce146789eb3,1554831,30400512,4,4,4,0,B0_base,5a17f85d7b0e96e01f405a84d30247079e07bd0ed7fdcd787e2a77a289611434
case_058,3,C,incumbent_split_topo_g0_p4,9a2f6e72fcc8b50cca0a7f64f699f682e0cd3a4696021938e14c5088b51a02f2,0b7f178b803bd823d9a4cbb04d80889b0fda8c06d1c5359b79a720288793a3bc,1533246,30445568,4,4,4,0,incumbent_base,4371c5e6077c734b869238fa26b8076a4b821f0e436604bc8d0c5136595593aa
case_058,4,A,A1_base,9082aeab7bc3e1b5720265551e601a49f424891217b18052d4fa077147478a93,b3b896a0935e5e2bd3b65b4c516fc4faba6e8ce52288585f07f10c1742874766,1154519,42622976,4,4,4,0,A0_base,598320b34c3d1ccb6372b604483da89ec4d5c19891a1f9b71ea62073069d5875
case_058,4,B,B1_base,9082aeab7bc3e1b5720265551e601a49f424891217b18052d4fa077147478a93,a6050ff35067cadb6810acbc3840004d2d22bb7f155ef9e446a3e19bfc64f104,1154519,42622976,4,4,4,0,B0_base,598320b34c3d1ccb6372b604483da89ec4d5c19891a1f9b71ea62073069d5875
case_058,4,C,incumbent_base,9082aeab7bc3e1b5720265551e601a49f424891217b18052d4fa077147478a93,046a9acceba6293c4cd52f79f39cabb325bca22044862c58ef2b56be9cf717e6,1142629,42622976,3,3,3,0,incumbent_base,9082aeab7bc3e1b5720265551e601a49f424891217b18052d4fa077147478a93
case_058,5,A,A1_base,eed4857ef51a37c21b19800d4c5eb107d89014223e46e7c918968d3bb56f181f,cfd42c1d8d6508f46cc571427b4c5c5dab4c7cedfa53bd1568040f2b77c3f6f5,1004819,32104448,4,4,4,0,A0_base,6e1efc6d9b5d50ef699cc0b5cee365d5c524ef0166e4ed77f4cafdc1427948c2
case_058,5,B,B1_base,eed4857ef51a37c21b19800d4c5eb107d89014223e46e7c918968d3bb56f181f,869f45c8351d69b8082c1e444e394f1565b21f481589be9b1f1a3edc63229edf,1004819,32104448,3,3,3,0,B0_base,6e1efc6d9b5d50ef699cc0b5cee365d5c524ef0166e4ed77f4cafdc1427948c2
case_058,5,C,incumbent_base,eed4857ef51a37c21b19800d4c5eb107d89014223e46e7c918968d3bb56f181f,34f056945cdadf74c68587e95802f26f0abc131c21d5bb2f57d820915b85f168,1004819,32104448,2,2,2,0,incumbent_base,eed4857ef51a37c21b19800d4c5eb107d89014223e46e7c918968d3bb56f181f
case_060,1,A,L2_base,285e83754357e0c4357484b90336b4749acc5fa00ab259cbfdcce7e90b41ba74,68ddf6280957e291ac1b934fc89fb4cf1bf76f7e3b43a8e890dabb2e99c4a368,886258,2398344,2,2,2,0,A0_base,1bf1e8d665a7ae8b468b8fb45b8bffc663e14d7443fb16f75feb6c65e761eac8
case_060,1,B,q1_warm_base,285e83754357e0c4357484b90336b4749acc5fa00ab259cbfdcce7e90b41ba74,debf0b344c292b8135b4d265a2b7b1f1e82df327cd8ac6ad657d8dd2851f069a,885660,1869960,3,3,3,0,B0_base,1bf1e8d665a7ae8b468b8fb45b8bffc663e14d7443fb16f75feb6c65e761eac8
case_060,1,C,incumbent_split_topo_g1_p4,ff53ec0d434e36d9c883082145ee994b3fad27d505000e7fb91a082b3ddab1bc,4b32452a3d52987864f92acd00e06a4d0dd7451fe2905e8c346da80f6b7408c0,883441,1977582,3,3,3,0,incumbent_base,285e83754357e0c4357484b90336b4749acc5fa00ab259cbfdcce7e90b41ba74
case_060,2,A,L1_base,6d78f1543fc9247be5c6b8bcd3d3b0f33f599b93765ee6b9b61bb4be4737b7d0,706b63b1966bb997b00b112f5fc41672c527fa4f6cedac115b1242f5f767f721,443955,2603148,3,3,3,0,A0_base,b7113e19f771f8c1944f0f17f26d0749904081074a4691cedac7a48022c98ae1
case_060,2,B,L1_base,6d78f1543fc9247be5c6b8bcd3d3b0f33f599b93765ee6b9b61bb4be4737b7d0,ef8b820b4308cc35580f2724bc6a72173bd59fd931de750498454fdc3c1e0ef4,443955,2603148,4,4,4,0,B0_base,b7113e19f771f8c1944f0f17f26d0749904081074a4691cedac7a48022c98ae1
case_060,2,C,incumbent_split_topo_g0_p4,cd6e6542d71df93595c2a9327b99f8cb0aedf1ceeff1f8f20116c927c3846d55,9ebe75272771ddb16e1474d3c5d835a1212838fb605b5fce4b695644f79d4cca,437319,2715852,4,4,4,0,incumbent_base,6d78f1543fc9247be5c6b8bcd3d3b0f33f599b93765ee6b9b61bb4be4737b7d0
case_060,3,A,L1_base,efc0c16d8b787d758a679a8f642830ee6097fbf93936f03466558b044335249f,d3007ab897be890305202123f783c1d5b3edb5649f7b9038f0e06ab38fb98717,298210,3221760,3,3,3,0,A0_base,ccd4ffce313ce9071165d0970eca5b71813aea43a59042c6932207145e91a2f9
case_060,3,B,L1_base,efc0c16d8b787d758a679a8f642830ee6097fbf93936f03466558b044335249f,9473f694a8412acac6cf7dda8ce3c0eff39e67ea8effff0966eb92fc0bf6ffcf,298210,3221760,4,4,4,0,B0_base,ccd4ffce313ce9071165d0970eca5b71813aea43a59042c6932207145e91a2f9
case_060,3,C,incumbent_disperse_tid_1000002029_node_2884_core_0_pos_0,5d237c599cb10bab46a694d3b7fdea97a116f1ebbc7cc39f67b65bbe7bc52b14,93a2aa72b8c65164edc236ef86c3b7987f2244b3c99570d555f73e6ead5ace90,297002,3225856,4,4,4,0,incumbent_base,efc0c16d8b787d758a679a8f642830ee6097fbf93936f03466558b044335249f
case_060,4,A,L1_base,6358837aae73be7557d0bc36f85d67a841242a511a878814e8bead7f3c67bc3b,9f3d9298559e7df0a0027ca8e9392e1a93437b7ea3090af5e98b899801c1afc4,221720,3930376,3,3,3,0,A0_base,028fd1a433908b7a372b2f46f0d3a64b7356294aacf472f936e4806fe775a2f4
case_060,4,B,L1_base,6358837aae73be7557d0bc36f85d67a841242a511a878814e8bead7f3c67bc3b,907fc12713ceea804a2428df5100d43580233d0fec18d9ad21a5cf7211ce38cd,221720,3930376,4,4,4,0,B0_base,028fd1a433908b7a372b2f46f0d3a64b7356294aacf472f936e4806fe775a2f4
case_060,4,C,incumbent_split_topo_g0_p4,a9ef9275b8deb6b3e0da382ae53691fbf69c1acd816b1826b1d4bcd0bcc2aec2,47fbcc9e5248a24fe0147d2dd8d548fd66e5767dc1823b4416151869e08c7e8a,221694,3656968,4,4,4,0,incumbent_base,6358837aae73be7557d0bc36f85d67a841242a511a878814e8bead7f3c67bc3b
case_060,5,A,L1_base,54ad13b1ffeb9242c5d1c322762d372219fc9eb40b25e9f40049079c5165c63a,82c516da6d581f5b5e3138616eb31c27fd7623d88cfbef1e645dd90aaefeb9e3,175702,3948928,3,3,3,0,A0_base,2875b8b01bcffe22e8c996b930f0417cf7c5aff57b6ebaa31cdb58b8b80ea884
case_060,5,B,L1_base,54ad13b1ffeb9242c5d1c322762d372219fc9eb40b25e9f40049079c5165c63a,62a48a4604426a26c249e17d33f8659497188cebe948c002f49d30016b0e5d85,175702,3948928,4,4,4,0,B0_base,2875b8b01bcffe22e8c996b930f0417cf7c5aff57b6ebaa31cdb58b8b80ea884
case_060,5,C,incumbent_base,54ad13b1ffeb9242c5d1c322762d372219fc9eb40b25e9f40049079c5165c63a,0ce6b4b1accd1c1a86a46991edf4c73653f7a1df01adbda071291e8af7f9066b,175626,3948928,3,3,3,0,incumbent_base,54ad13b1ffeb9242c5d1c322762d372219fc9eb40b25e9f40049079c5165c63a
case_069,1,A,A2_base,737c31a19797baadf2b7c0538a34b11b57b6c9d679c4aa666654ec87bb60207b,8ec91dcbf87f01fc1141bcf59ed317b361fd47db34ea9f83baf7b11ea471d7e8,24642,61828,2,2,2,0,A0_base,af30ca687893924576b2272888779253902b1079d5f535e1e765c51d2adef0f8
case_069,1,B,B2_aggregate,5a4d79ac75d9f62200ad90098398d9a6ad242b8d5e79a52e8ad268b9e284b235,c450b542524ba31232e550051628fc65b098d519a7fead2e9bafc635c1c981a0,22905,0,3,3,3,0,B0_base,af30ca687893924576b2272888779253902b1079d5f535e1e765c51d2adef0f8
case_069,1,C,incumbent_split_height_g0_p4,bafad13f2058e1bdb3c5642a1f67d0b6fcb66b802e733760bf38c89b1cddb0af,559822310c9d3128cafc1383ed4c1f129f156fddbd1842eb516133c5b47309e0,22655,0,3,3,3,0,incumbent_base,5a4d79ac75d9f62200ad90098398d9a6ad242b8d5e79a52e8ad268b9e284b235
case_069,2,A,A0_base,3b95c5dd9a730ccb09650090891f3dadbacce938df395334b9fad2fb003755b3,0ef69defecfb48e1083f332c7c96111bf2ee31f14848b9685758f08edc6928c0,25144,0,2,2,2,0,A0_base,3b95c5dd9a730ccb09650090891f3dadbacce938df395334b9fad2fb003755b3
case_069,2,B,B0_base,3b95c5dd9a730ccb09650090891f3dadbacce938df395334b9fad2fb003755b3,aa3b41d5bea7df87c7c1838d07932f52edab66ca0795e39acdf7e3b3e420eb6b,25144,0,2,2,2,0,B0_base,3b95c5dd9a730ccb09650090891f3dadbacce938df395334b9fad2fb003755b3
case_069,2,C,incumbent_split_release_g0_p4,9aea6d09b03198bc6b282b08811b0419ccad2ded66d949342c829d9fb868a82f,c4dff65c96aa1afe9440c61e64de0de46bc408a45194d1b46b752e05b84b70e4,24048,0,2,2,2,0,incumbent_base,3b95c5dd9a730ccb09650090891f3dadbacce938df395334b9fad2fb003755b3
case_069,3,A,A0_base,3fa653fc6f71ce957a81dbfe032552bf26b696136fe2ee12912b78e129893207,abc6734cdf9bb93ed4c5674683de0e2c2d9601ab935efeac9878a2236a344e5c,25144,0,2,2,2,0,A0_base,3fa653fc6f71ce957a81dbfe032552bf26b696136fe2ee12912b78e129893207
case_069,3,B,B2_base,7aaf55efc16e9ab38de7f278867d33dd7e202e46d3696c89095c24fcd723d224,e4a31b4ea00f105e81242347e1cd79777ab6575179f46508bfb059dac06eabcf,24263,582632,2,2,2,0,B0_base,3fa653fc6f71ce957a81dbfe032552bf26b696136fe2ee12912b78e129893207
case_069,3,C,r3_boundary_n1028_c0_p6,1204965ed43855c6ab3d103200a6f02a2410153972090670d60ff16226051f03,a203c0929f046471b6d94a5bf6b3397a3c33b848b38c86b3591d95e49edcd6a1,22922,631784,3,3,3,0,incumbent_base,7aaf55efc16e9ab38de7f278867d33dd7e202e46d3696c89095c24fcd723d224
case_069,4,A,A0_base,1451d0fda429b94eb7aba57e0dcf06215ae7cdc46303042ec79e5c9eb2e95e85,a2505b2d446e41983410585173a647bf77702ce863f6d9bd4dd59ed54a296d64,25144,0,2,2,2,0,A0_base,1451d0fda429b94eb7aba57e0dcf06215ae7cdc46303042ec79e5c9eb2e95e85
case_069,4,B,B2_base,b5859812f54c11d71d45c17d25b11285ebf3142176047d908c7a3aea0da60bfd,3d74458738f9ba82eea4d0507e83952f4bcb1bfbe40012e5a77a0d1f52848500,24304,583366,2,2,2,0,B0_base,1451d0fda429b94eb7aba57e0dcf06215ae7cdc46303042ec79e5c9eb2e95e85
case_069,4,C,incumbent_base,b5859812f54c11d71d45c17d25b11285ebf3142176047d908c7a3aea0da60bfd,07526c0349fa8b0ab52433e3674bbc0fd8a88d149a3724c479b18f56ff2b3893,24134,583366,2,2,2,0,incumbent_base,b5859812f54c11d71d45c17d25b11285ebf3142176047d908c7a3aea0da60bfd
case_069,5,A,A2_base,84cf9780e02d98793119225c7315553495f48253a9d303d838f3790678915749,0d77ff114e87d1ecda396a65a4bcb1b8c4541e58ad0cef4045ce02f63415f97e,22097,259792,2,2,2,0,A0_base,4d51f414e9e059ecbc4ee159f51cda22d683e61a10bcf2c0467c9741995ba48f
case_069,5,B,q1_warm_base,84cf9780e02d98793119225c7315553495f48253a9d303d838f3790678915749,aa9b84e9326b7375826f04ce8af9b956f2815bfb7598479db415abc2a0115ed4,13375,271980,3,3,3,0,B0_base,4d51f414e9e059ecbc4ee159f51cda22d683e61a10bcf2c0467c9741995ba48f
case_069,5,C,event_timing_tid_1000000148_miss_2_bytes_2304_core_4,6ab4b7c4c2e3395d8071fb920faa8da5b61666223b6540b42c93eb9ad86f2fc4,675d1a91a9ce60c6cf30d4af05a591379312502997046e71c9498dc1682fff92,13239,271980,3,3,3,0,incumbent_base,84cf9780e02d98793119225c7315553495f48253a9d303d838f3790678915749
case_077,1,A,A0_base,bf0059b3edaebc36c32fbc606e9c219af7e835f4bc1153952bdf0e581d28bd94,00de81e5175756d44b8dfd4067a64caef7a56b2721a2409e8c7e681825ca0202,495320,0,2,2,2,0,A0_base,bf0059b3edaebc36c32fbc606e9c219af7e835f4bc1153952bdf0e581d28bd94
case_077,1,B,B0_base,bf0059b3edaebc36c32fbc606e9c219af7e835f4bc1153952bdf0e581d28bd94,9d04b9afb4437be061b2b83a267e8bb12f6942b43064d9353cf9aef4652534d0,495320,0,2,2,2,0,B0_base,bf0059b3edaebc36c32fbc606e9c219af7e835f4bc1153952bdf0e581d28bd94
case_077,1,C,incumbent_split_topo_g0_p4,5d139777bdb0ae25afe68c4ac7e4b2bfbc84d93229a0db4187d87fe58f32ae98,3f097fd18019ffef50256cb5a548a594c6eaf2e18d119264337d917e2a34b0e8,494044,0,2,2,2,0,incumbent_base,bf0059b3edaebc36c32fbc606e9c219af7e835f4bc1153952bdf0e581d28bd94
case_077,2,A,L1_base,eee64396102d099f9092aa3a37620b30b949fadcd981ca5bd57915888e525caf,465c30e2170d5acd8a9b2f16d73051beaf92e003b27aa2bc5ea6228df36a49d3,248734,57344,3,3,3,0,A0_base,b23b5c7339c7b7126054f8c03aef929d0e198e92a0d837e09ba332a86eb7a123
case_077,2,B,L1_base,eee64396102d099f9092aa3a37620b30b949fadcd981ca5bd57915888e525caf,fc1b3b93e8e26f64de592876e224c6a4bb17672bdcd5bdf48ffbfa629e6a35a0,248734,57344,4,4,4,0,B0_base,b23b5c7339c7b7126054f8c03aef929d0e198e92a0d837e09ba332a86eb7a123
case_077,2,C,incumbent_base,eee64396102d099f9092aa3a37620b30b949fadcd981ca5bd57915888e525caf,06bd7622160a16cb44f578d5012cbb5a806b62bc9565d8e714719e30013f093d,248734,57344,3,3,3,0,incumbent_base,eee64396102d099f9092aa3a37620b30b949fadcd981ca5bd57915888e525caf
case_077,3,A,L1_base,2fda1b6791a69ecbffee547487064959412159754a8ab1fcdadd0a9cabb34a37,1210815eff2e399ec7f77012ab150c209dc748b184c49921bd0ee1119e9956fc,168976,114688,3,3,3,0,A0_base,f74b193645c484b881c8749e0005cc43293f4630445a0e0a6773efaf271d57b1
case_077,3,B,L1_base,2fda1b6791a69ecbffee547487064959412159754a8ab1fcdadd0a9cabb34a37,e9e79d7329c330c8dbda5284dadc2a6000a70d2d5bcd41c1ae213c27c22e824b,168976,114688,4,4,4,0,B0_base,f74b193645c484b881c8749e0005cc43293f4630445a0e0a6773efaf271d57b1
case_077,3,C,incumbent_split_topo_g2_p4,2af462f8214f7f956029cade5b5429b8b0ef99b32f21b7350b7aaf36e52be4bf,6894fa7845b8e075e49d0ad14030d6f83bab66190e573c71ad942eea1cf0cf1e,168126,114688,4,4,4,0,incumbent_base,2fda1b6791a69ecbffee547487064959412159754a8ab1fcdadd0a9cabb34a37
case_077,4,A,L1_base,aded19b4ad0f16c54f3538712093a24cb515c74a316f041b664b287952f36f45,1242ef4c2a2231990558725ba0a76a804f28e57015bf53827281e0f5547492f4,127832,114688,3,3,3,0,A0_base,38bd59330c45dcf0d2f7698aef003a3802097dc6e9c581a2322556dfaa000ace
case_077,4,B,L1_base,aded19b4ad0f16c54f3538712093a24cb515c74a316f041b664b287952f36f45,3dffc676e42f277b903e3610c7a852e7a58f404340685cd5bef862684fcd1c67,127832,114688,4,4,4,0,B0_base,38bd59330c45dcf0d2f7698aef003a3802097dc6e9c581a2322556dfaa000ace
case_077,4,C,incumbent_disperse_tid_1000004420_node_4253_core_1_pos_0,037f3450f59a1c8d7417418ebc48d449a989b5844e88f0c25fdb928e1327fb6e,e9bd1432a2bad0dbffc0e307ea126fe61104be936c15e2180467eb61879bfe7a,126652,131072,4,4,4,0,incumbent_base,aded19b4ad0f16c54f3538712093a24cb515c74a316f041b664b287952f36f45
case_077,5,A,L1_base,747fbd0964330f8b62f51dfe86a6d40b61084822e2a946194b64e5f7bba105f3,fb3e404946a6797b8678d213fae20708694159e9afc3a04cbeea18a85de4c8f4,115617,172032,3,3,3,0,A0_base,24e02203e8c1c04692e17e4b13ea940a75e1c2db7db435f73db667aba17bf05c
case_077,5,B,L1_base,747fbd0964330f8b62f51dfe86a6d40b61084822e2a946194b64e5f7bba105f3,4335b53f61c9dd0b0f968115557e67dc46279c0dd4fbe3f428a485c216d13d31,115617,172032,4,4,4,0,B0_base,24e02203e8c1c04692e17e4b13ea940a75e1c2db7db435f73db667aba17bf05c
case_077,5,C,incumbent_base,747fbd0964330f8b62f51dfe86a6d40b61084822e2a946194b64e5f7bba105f3,10123a2f19a5f9a36da6b4f8b287e584c8cb71db1b5c62206c1b4e847501f881,115617,172032,3,3,3,0,incumbent_base,747fbd0964330f8b62f51dfe86a6d40b61084822e2a946194b64e5f7bba105f3
case_033,1,A,A0_base,4e9616d8b5284e12ac96679481d9c1df20d38f83e1e52aaae2f3765b09f69dfd,e30bfbf7169121b5dfbf488dc3fed2fcdf7ea6d29cbef286eb1a8a691a6ee452,1774196,4592640,2,2,2,0,A0_base,4e9616d8b5284e12ac96679481d9c1df20d38f83e1e52aaae2f3765b09f69dfd
case_033,1,B,B0_base,4e9616d8b5284e12ac96679481d9c1df20d38f83e1e52aaae2f3765b09f69dfd,7e2594bcfc5d98f1c8cc7d1ed3a2418cb28535e86c381c06bc6dfb494ef33bb6,1774196,4592640,2,2,2,0,B0_base,4e9616d8b5284e12ac96679481d9c1df20d38f83e1e52aaae2f3765b09f69dfd
case_033,1,C,incumbent_base,4e9616d8b5284e12ac96679481d9c1df20d38f83e1e52aaae2f3765b09f69dfd,07009056d4a4dbf124890c12480e555890d516b0c93b6c503d4c69a425b1b5af,1774080,4592640,1,1,1,0,incumbent_base,4e9616d8b5284e12ac96679481d9c1df20d38f83e1e52aaae2f3765b09f69dfd
case_033,2,A,L1_base,dbf2428c6f8406e3794af57cd3fd74f0ca46c73475cfcb8ac10a359f1f4b4b97,74be650450b58c81f6b4fe8fba74183b86ec8eb857c0bf5813e8f07845c40df0,889697,6664224,3,3,3,0,A0_base,83bfb4fc976b38d273f953ceeb92c9ad10a44510de6bde402009e1c69b899c07
case_033,2,B,L1_base,dbf2428c6f8406e3794af57cd3fd74f0ca46c73475cfcb8ac10a359f1f4b4b97,321d456c4a065a07df55fe75ecc1906154664465673701ffa8357c7fb662e7d5,889697,6664224,3,3,3,0,B0_base,83bfb4fc976b38d273f953ceeb92c9ad10a44510de6bde402009e1c69b899c07
case_033,2,C,event_timing_tid_1108_miss_4_bytes_24576_front,d0e8ab8f1b5df0dca892ecb2f727c652fd1101ca97117d572e397897c47e5582,c4997f5a4bd36902c5b271bb8d5dcee620534d131829d45321e059e5d020b6d8,887951,6664224,4,4,4,0,incumbent_base,dbf2428c6f8406e3794af57cd3fd74f0ca46c73475cfcb8ac10a359f1f4b4b97
case_033,3,A,L1_base,48f72c0057f44dadc9085549c8f669103684a1143df3e64b4cb07642d2af12ed,8bc1ac327d38fcab80d9fda8d0fd1eb9772118c2fa2c3a98c6d9cb2b4e94aa60,592065,6990912,4,4,4,0,A0_base,b04e7a72d420414667d1e876a4dc58bff0be4ee0cf803bdc950ef2ace6eeaf94
case_033,3,B,L1_base,48f72c0057f44dadc9085549c8f669103684a1143df3e64b4cb07642d2af12ed,91c236684a30930e1037d473c4be9756de0c3c0ef75a47fd4ee3d07926d90c0c,592065,6990912,4,4,4,0,B0_base,b04e7a72d420414667d1e876a4dc58bff0be4ee0cf803bdc950ef2ace6eeaf94
case_033,3,C,event_timing_tid_1201_miss_4_bytes_24576_front,69b2183a37fa480ebffc3e4acbbfdc551e27b5604a7f008cd3d486a954ac78ef,19fa249c98ebf9124b5493c3977de77155ad66ea0aa99cfb967bb969408c5a1d,590152,6990912,5,5,5,0,incumbent_base,48f72c0057f44dadc9085549c8f669103684a1143df3e64b4cb07642d2af12ed
case_033,4,A,L1_base,b6cad94c86539ff2cef90e735ac82ae92c373ebbe52fe8c7581d560292ccd679,80a0c5e68f600a7b793e74c8786455cc85e9ec736ada9e99f605653f980357f8,443447,7214688,4,4,4,0,A0_base,b998f7ca3201bb2f7b24e31ec772e0631fc0a31736768a4f5c233ac10ef36aa7
case_033,4,B,L1_base,b6cad94c86539ff2cef90e735ac82ae92c373ebbe52fe8c7581d560292ccd679,f761693fdb2ca3f94b083c476a947c5d4f8d397de41e47e1440041634b7d3ca6,443447,7214688,4,4,4,0,B0_base,b998f7ca3201bb2f7b24e31ec772e0631fc0a31736768a4f5c233ac10ef36aa7
case_033,4,C,incumbent_disperse_tid_1603_node_5085_core_2_pos_0,c1f8b1f8a719f36f52fe2c1afcb94742bce0d205236fb53623430e3ecdbf739c,d63fa7c9868aab3d2ef7a88761d433e872bf4115c30eaa6e8604d97483853f45,441850,7219296,5,5,5,0,incumbent_base,b6cad94c86539ff2cef90e735ac82ae92c373ebbe52fe8c7581d560292ccd679
case_033,5,A,L1_base,9d12400e6c4f925705c7c25af2b8470933a3b597b42733e73d25f805bc8a495b,0d20d6ddbe694b49a1bf7b5bf30f99f6cf7bfda80893268839c3402700df96c5,355102,7816320,4,4,4,0,A0_base,6318b96fe2b981830534333407193e9b9814e918f408f30fd79b4f0a17d08798
case_033,5,B,L1_base,9d12400e6c4f925705c7c25af2b8470933a3b597b42733e73d25f805bc8a495b,9823403f70b577be14a97913dfed20fddedc54bb55622e1c3b5a513de9401a29,355102,7816320,4,4,4,0,B0_base,6318b96fe2b981830534333407193e9b9814e918f408f30fd79b4f0a17d08798
case_033,5,C,event_timing_tid_1057_miss_4_bytes_24576_front,4b0feb594101a83e3934c76bd36ff7c3b8cacb3d25c2a6b8211e0b439dd6eec8,1866e5cf753c853bcce8236d250ccd345262725f18c5cce15e4f80fdd56f4eae,354514,7816320,5,5,5,0,incumbent_base,9d12400e6c4f925705c7c25af2b8470933a3b597b42733e73d25f805bc8a495b
case_053,1,A,L3_base,bb7b861d3538b3baebc8d808f2ae1e2a64c0214d32c29cdc5e149ee1f11dc1fd,cf36b89f36fe94041d89e9de61ef775a946498cd2d050aa829e931c0a683e893,1415374,1759362,2,2,2,0,A0_base,6ffda1d14e47d9998af5896ddd800ac37cf64a1e928305b872281e6374b17a04
case_053,1,B,L3_base,259b5592a0cb1c2190a968f63b582c4bacfb2cd07f027a98bb539aef37aa8369,9c8a356fa6b2bc7327ffe2901f3c39c57d186bc8186207406351398a63f331d0,1448004,4047952,2,2,2,0,B0_base,6ffda1d14e47d9998af5896ddd800ac37cf64a1e928305b872281e6374b17a04
case_053,1,C,r1_merge_g2_3,68701cef8af93422aad6b96617de345444a9c542be432372c941905b98d6b653,20902f576a308ca510b69d322b8a5e174dad2a9420da67a70fc5e3776215e29f,1421619,4042192,3,3,3,0,incumbent_base,259b5592a0cb1c2190a968f63b582c4bacfb2cd07f027a98bb539aef37aa8369
case_053,2,A,A1_base,1e3d620da8e5dbd5d6303e08bc2b047ab7949f1e3e660cb6179b6642e41723c0,300bc076eda4c74895d96d8db7ae1147ff5b6ad7c93357a58f34ef4eb63220ec,774929,5959552,4,4,4,0,A0_base,3d7e57258bedbc752d4b59b1ce763aa992c1667b18fec3497d7c6702200e7cc3
case_053,2,B,B1_base,1e3d620da8e5dbd5d6303e08bc2b047ab7949f1e3e660cb6179b6642e41723c0,b7a44f268e9c32632f995260552b616c7b80a25b8339fb33388844a6318af422,774929,5959552,4,4,4,0,B0_base,3d7e57258bedbc752d4b59b1ce763aa992c1667b18fec3497d7c6702200e7cc3
case_053,2,C,incumbent_split_height_g1_p4,74c424ce19c08087a10dcbcdad5a4422935504d2935030e06d16cef38fb1ed1b,dbc026bf1b8a20705ba2d15df27a6ad17c3a7f4ebd3e03d0accba39d99118201,759346,5308480,4,4,4,0,incumbent_base,1e3d620da8e5dbd5d6303e08bc2b047ab7949f1e3e660cb6179b6642e41723c0
case_053,3,A,L1_base,0cb31b7d67b33b4b1d689edaca7f9a0076866357b6d529d47e117cb4d4d2a845,b6e847083f10c5724141f19985853b5fd0789f6fb9a5bc46f5abd2d067c6ba62,542159,5803072,4,4,4,0,A0_base,8985e0e821aa36cb06fcb11d27bc84edbfd071ae8b479ec24824b39ccd07aae7
case_053,3,B,L1_base,0cb31b7d67b33b4b1d689edaca7f9a0076866357b6d529d47e117cb4d4d2a845,f2aa9b55a5890bb6cff4a8e73991d49dae0b9ce8dd788b74625bc5ec00f91487,542159,5803072,4,4,4,0,B0_base,8985e0e821aa36cb06fcb11d27bc84edbfd071ae8b479ec24824b39ccd07aae7
case_053,3,C,incumbent_split_height_g2_p4,52811f20eb5c68de920c162cd8a5d8ded72e836c5186c0430278f0f5f52023ad,3d5aa0df2bdba47931151d5406b046ba82e731873a81559fe9755821a08b954d,491765,5354272,5,5,5,0,incumbent_base,0cb31b7d67b33b4b1d689edaca7f9a0076866357b6d529d47e117cb4d4d2a845
case_053,4,A,A1_base,c47dc0c5c0b92425191edb2a528b734163a7646eef7819beaf3a7823d5810c78,046be684ef1c4fda27ddc894f2addb13586a394c7b39776e6a808369e53de7c8,492232,5772352,4,4,4,0,A0_base,72aa1982f1288bcd4175b4184b3e651e68975fd8b85ced2da07ae9c1efea806e
case_053,4,B,B1_base,c47dc0c5c0b92425191edb2a528b734163a7646eef7819beaf3a7823d5810c78,374872bb3137b9e775fd64d94827cc8ab26a5ab7f2c4e9bcd2516527d522541f,492232,5772352,4,4,4,0,B0_base,72aa1982f1288bcd4175b4184b3e651e68975fd8b85ced2da07ae9c1efea806e
case_053,4,C,lower_core_base,b4116e261994112ad4670a4f6b740524624511624b4b69729e30e8c55ec37a8b,3df749d54271496a8da0e367db5ed1fa74cd89bad50ed1e6332a61130fddc3a6,491765,5354272,4,4,4,0,incumbent_base,c47dc0c5c0b92425191edb2a528b734163a7646eef7819beaf3a7823d5810c78
case_053,5,A,r1_split_g0_h0_c3_p0,07f592c41a09876ca07999f818b79106d101075818dfb825e04b8ed00a9ffbbc,ea5fde7b00f88175bd96c5483896264ba59656e7ec8ecc715e06590a336307e3,491765,4469536,3,3,3,0,A0_base,58d213ef7216ecf658035620bb81dc37a8fdbb05337c292e5cd60dbdba829fc5
case_053,5,B,B1_base,6bd8162e29f88b682c20b0683c396e15db8b5d3008ce4b9ffc12f1ae54b0bfa3,30c917a404d61fa639db20c95417b3d452074ea505abc96622c5f214caacdb0e,492232,5772352,3,3,3,0,B0_base,58d213ef7216ecf658035620bb81dc37a8fdbb05337c292e5cd60dbdba829fc5
case_053,5,C,lower_core_base,fd4d2afac634f32b435622ea3b2df5cd9072fdc313aa19b0d9903b17a54c292f,2adfafeaaee7ea46087d9fa973efd9862b63ab29fc1f63c2448544f046e8a1ce,491765,5354272,4,4,4,0,incumbent_base,6bd8162e29f88b682c20b0683c396e15db8b5d3008ce4b9ffc12f1ae54b0bfa3
case_054,1,A,A0_base,55710397b533d1b3a5bd31bba4997b09e4f6eaa019d8e44828eccedc6c5b05bb,0674f80f55f1a80b6967ae69078198d98988d818a26cf6ff77cf033f140839fb,815051,0,2,2,2,0,A0_base,55710397b533d1b3a5bd31bba4997b09e4f6eaa019d8e44828eccedc6c5b05bb
case_054,1,B,L3_base,d6551cbb63b7d34d9d7be2e6dbd56353413e93d5b565f7d30556dd7f12596a4c,71297e69d89dcc338721d3bc26abf14527b6d2be19be7cb7bfb4a5f7c9167f28,796718,165700,2,2,2,0,B0_base,55710397b533d1b3a5bd31bba4997b09e4f6eaa019d8e44828eccedc6c5b05bb
case_054,1,C,incumbent_split_height_g2_p4,b6caa6bddcfb9ce6c5c024c65a19c61a93a063d946844c65df38e3dc01a9c68f,33efaab1558735a8c42d3def443fcf427cf28794c3ad77521f34b84e790f4e5e,792519,213576,3,3,3,0,incumbent_base,d6551cbb63b7d34d9d7be2e6dbd56353413e93d5b565f7d30556dd7f12596a4c
case_054,2,A,A1_base,8e3cd02efbb40784f1584ef131c654ad2c778c73130a8aadec52b6800c47dc0a,540d12e394360fd52f1d7d76f7ff81975c2693dc9d7552b95e02fd589946b6fd,517960,49152,3,3,3,0,A0_base,79985be60d2888b4c87957647c48c830f86fdf8744626a53ef60f2f1322dac3e
case_054,2,B,B1_base,8e3cd02efbb40784f1584ef131c654ad2c778c73130a8aadec52b6800c47dc0a,77d19d0ccba5d6ebbc5f935dc4eb23ef67b95a9a30d2be37b3075efd4d95ff20,517960,49152,4,4,4,0,B0_base,79985be60d2888b4c87957647c48c830f86fdf8744626a53ef60f2f1322dac3e
case_054,2,C,incumbent_split_topo_g0_p4,3ed48da7495a0f1e88da8e88eb797f7c57d0e97b165bd3e7bbf4b038b113cd6b,4e283ae360083d9419c726839ba8af2c07b08082beadcf6faed9ebb75fff1041,513641,49152,4,4,4,0,incumbent_base,8e3cd02efbb40784f1584ef131c654ad2c778c73130a8aadec52b6800c47dc0a
case_054,3,A,A1_base,ac58b75d024bf85f425d78e8b4b5943bc12d47d8eef797740396164aeba76823,b7f853670f2922a3c5683ccfa8b9bd2c7e3241867824bb3b21de953d6fd1fe70,517960,49152,3,3,3,0,A0_base,005308d718b4ad04470d6e10678a80abf316896ac5624dc7be3b197fbf0fd893
case_054,3,B,r1_split_g0_h0_c2_p0,285b976e27eabbf8790115f0e85f15459fd7ca3c78dec419faabe8bc99c8af40,63fb84e0bff9af1d8728ac76427f1866a504d1952d7022a173f7ea25fa9476ba,516442,151622,3,3,3,0,B0_base,005308d718b4ad04470d6e10678a80abf316896ac5624dc7be3b197fbf0fd893
case_054,3,C,incumbent_split_release_g0_p4,2186ac569d48b5b87529c5c27a9a9b2d8129165d87d6e2da14c170de9a670a8b,d726de784f57b9bdb2342051d4424f338793fa22975556cf70b509558c0f4dd9,513130,151622,5,5,5,0,incumbent_base,285b976e27eabbf8790115f0e85f15459fd7ca3c78dec419faabe8bc99c8af40
case_054,4,A,A1_base,23a58fadad1277d5e3395d3a9057978c48b203dbeda4a44aa291c7d04d0bc0a2,ef1d468ac467042b1ead982794016bc901b6bb4db3f15a69cfc0cf4238479e7e,517960,49152,3,3,3,0,A0_base,f8c863d32758b11fab66056645a5c2db2433e5f08f8623d90efad3f0564de0a2
case_054,4,B,incumbent_base,4229efe7e732255aeaa8042d7d0b1021137a63d8e6b0eedafac43d3ad4cc2bf9,1f25c59ce427c9684192663682a4b4c56f10ccfb3b883b9405777385f8761ffe,516442,151622,4,4,4,0,B0_base,f8c863d32758b11fab66056645a5c2db2433e5f08f8623d90efad3f0564de0a2
case_054,4,C,incumbent_split_release_g0_p4,43b4ecd81369a7a3098694b445626482e3ea91eef7ffa2bc7dd787c19feaad0f,2a4233c86f76e61d3ed4f067ce05ca6b22c796acc8fa5f67d646d4e99e643f62,513130,151622,4,4,4,0,incumbent_base,4229efe7e732255aeaa8042d7d0b1021137a63d8e6b0eedafac43d3ad4cc2bf9
case_054,5,A,A1_base,a2a10a804eba4542d15377e5947b1ba97fcf15472acd2114250711e192849984,d99166592fe8d3188cad685c7a77ff9ee19a13126fafffe827c6cc4c9e3fc760,517960,49152,3,3,3,0,A0_base,4562b9c950edd31f7785b99c3bea7e96364ff4bfafb5b89412e4e5e9433daeae
case_054,5,B,incumbent_base,9889563823df06c40b50400dd7e40277a2b4a99aad7f1edbbb77f7ddd0672d88,7407597cb7a5815be4a683ebc8b595f66190f17ff73a3f0ef41844207cc31ddd,516442,151622,4,4,4,0,B0_base,4562b9c950edd31f7785b99c3bea7e96364ff4bfafb5b89412e4e5e9433daeae
case_054,5,C,incumbent_split_topo_g0_p4,b334b8bc7f7ea4acbb3d99dc059d4d2e67cac3df796c065370b0af28164874c4,54d82132a8bb833bf1065f7aeaeb85bf63f2bf1f4fe2d10d047983defd9b6ff4,513641,49152,3,3,3,0,incumbent_base,a2a10a804eba4542d15377e5947b1ba97fcf15472acd2114250711e192849984
case_057,1,A,A0_base,acd89f79c14e426db3abaaef2c68de7b4ce99efc97a95aebf8438072ab410cf5,89e17d598d840c94aca35e3ac2e8208135169221d2d8d2fa4902ca31eaf77022,59726,94216,2,2,2,0,A0_base,acd89f79c14e426db3abaaef2c68de7b4ce99efc97a95aebf8438072ab410cf5
case_057,1,B,L2_base,86f0f0a5a581911a330cf30c7f24ea9c102e672231a6d9fbb4db71b24074ec2c,6f04c8d67f98953b6aa6bb5c6025fa5eb643dfeea7acb3952a30e39df779e9ff,59247,200740,2,2,2,0,B0_base,acd89f79c14e426db3abaaef2c68de7b4ce99efc97a95aebf8438072ab410cf5
case_057,1,C,incumbent_split_topo_g1_p4,d05b6380bf9e40ee46a168354600a8559dac158de74e6d1125984a02e4c6824c,59f557ca86979e6d1839876b02028c1c941f676f2c13f706b66bb18be7c2716c,59096,274492,3,3,3,0,incumbent_base,86f0f0a5a581911a330cf30c7f24ea9c102e672231a6d9fbb4db71b24074ec2c
case_057,2,A,L1_base,c7f56b740bc95c8f645476f5f17828af27b7cf1b528dae9642c647d56e538342,686ecf50bb617e8744e3ab1bbb128e2d580a676bf0a3490ea3bd28cb3af31758,30183,22304,3,3,3,0,A0_base,9dd4f84034afd845be01e0378761094a4b9ff84a50dac902b57c04ca4efd851c
case_057,2,B,L1_base,c7f56b740bc95c8f645476f5f17828af27b7cf1b528dae9642c647d56e538342,4ae30acf169f61fdfb833298a622d8dda880ec121671d4c281d9fb5ca0fbe55b,30183,22304,4,4,4,0,B0_base,9dd4f84034afd845be01e0378761094a4b9ff84a50dac902b57c04ca4efd851c
case_057,2,C,incumbent_split_height_g1_p4,86abfaab7a8b41ecfad17821034d13daafeecce564ebecb4ffeaea43c73d80c3,85244995a8dd39cc9227cd6b70f1a2a43c9a0438e0e443634ca20d360674a41d,29658,22304,4,4,4,0,incumbent_base,c7f56b740bc95c8f645476f5f17828af27b7cf1b528dae9642c647d56e538342
case_057,3,A,L1_base,e6132f79ead543c0720b38adde3dc72611b121ae9143816305955871ebc54a87,678903d483d153f8eefcd33ccdc30cc8dc1a3d7d8aa8152b9cf25e09ec4d5059,20705,14112,3,3,3,0,A0_base,d8737e725da531e0b620120927098e86a73cd6d8b00d1a9d617c3a7bc885c1a6
case_057,3,B,L1_base,e6132f79ead543c0720b38adde3dc72611b121ae9143816305955871ebc54a87,4ff9361b20116851032f287b292ed0035ea08c5a594ef0463d4ae8974f5d8218,20705,14112,4,4,4,0,B0_base,d8737e725da531e0b620120927098e86a73cd6d8b00d1a9d617c3a7bc885c1a6
case_057,3,C,incumbent_base,e6132f79ead543c0720b38adde3dc72611b121ae9143816305955871ebc54a87,16f4466172c89f9bc22923472412b7555768e207e764967a185514c88557c1ce,20705,14112,4,4,4,0,incumbent_base,e6132f79ead543c0720b38adde3dc72611b121ae9143816305955871ebc54a87
case_057,4,A,A1_base,3ed4c097fdf5c66e755d7a9c4af45fc69b0d6b4774805afb1ff5f8f90e185993,c99689c49a9a71dab10afcfcc37ba4a98ea85940a4c2e8f01a8f466a1123ea99,23930,288,3,3,3,0,A0_base,e50676d4499c4c2b01930c972e991b7f1cdd1bf8e16546401e93ee60961af8b1
case_057,4,B,L1_base,6fda72854bbad6557546e74b3ac73babb5ce6fbdf5be8c4f7122e0daf99c7cbe,fa0a30b0e11e27cd31ebd47af6b4a125d5267c1810a1232dde545cf1799b8b7a,16485,28224,3,3,3,0,B0_base,e50676d4499c4c2b01930c972e991b7f1cdd1bf8e16546401e93ee60961af8b1
case_057,4,C,incumbent_base,6fda72854bbad6557546e74b3ac73babb5ce6fbdf5be8c4f7122e0daf99c7cbe,b0b22bb7fa3d5b597f4fb41238d039f6e94ef12b3ecf8e969d7739a9ffeceacd,16485,28224,3,3,3,0,incumbent_base,6fda72854bbad6557546e74b3ac73babb5ce6fbdf5be8c4f7122e0daf99c7cbe
case_057,5,A,L1_base,2dd3c1076d4b30d1c5fdce678979fc8b2990a5bf69db5be6cfc84139a1ab15e0,384cb4f6e570f2429488304db3c1193e61614d5c8114c6b72405d3b57fa22c14,14028,14112,3,3,3,0,A0_base,660a5b6a22b1ecc2b027201b560865fcf36d3026f797621cc43748d6e95f6005
case_057,5,B,L1_base,2dd3c1076d4b30d1c5fdce678979fc8b2990a5bf69db5be6cfc84139a1ab15e0,d1182e45797a31b2aed96ba0e59d02f47ac9e6167cb23734295e78b2bd191e80,14028,14112,4,4,4,0,B0_base,660a5b6a22b1ecc2b027201b560865fcf36d3026f797621cc43748d6e95f6005
case_057,5,C,incumbent_base,2dd3c1076d4b30d1c5fdce678979fc8b2990a5bf69db5be6cfc84139a1ab15e0,81ca7b426165ddf87f3c4a4abeadef239915ca1ea201a0e70c00037ea92000c6,14028,14112,3,3,3,0,incumbent_base,2dd3c1076d4b30d1c5fdce678979fc8b2990a5bf69db5be6cfc84139a1ab15e0
case_059,1,A,A2_base,204136670c6c9669ba68c3a417d810a1d9b2663eeb27626501cd328d33d947e7,f68309c250cb7bcd0d3b2784bb05bfdbe4c84fe9053316ab7b40a7c1155d9f8d,818974,2072576,2,2,2,0,A0_base,2e6a67d7d77f4b2e1ea02410090335b393c7c9d2780064849fbac16238d5ce03
case_059,1,B,B0_base,2e6a67d7d77f4b2e1ea02410090335b393c7c9d2780064849fbac16238d5ce03,f5a1246df3b6544fdcd3686d12af6f624b1de6e102d7864809374cf769a56de0,829473,1691648,3,3,3,0,B0_base,2e6a67d7d77f4b2e1ea02410090335b393c7c9d2780064849fbac16238d5ce03
case_059,1,C,incumbent_base,2e6a67d7d77f4b2e1ea02410090335b393c7c9d2780064849fbac16238d5ce03,8317a84595fd7df3f51505ea9be7675eb790ae1e89936fa97de73f4479acb778,815938,1691648,1,1,1,0,incumbent_base,2e6a67d7d77f4b2e1ea02410090335b393c7c9d2780064849fbac16238d5ce03
case_059,2,A,A1_base,6d26e457586baeb0f7e40ed87a5db0472b8a41178e814674fe5bd4cc7ad9e095,535a2fc953addbe986c8ef4cd0720ab9df35dc1c8a9ca32b8e273c0c5df770fa,369318,360448,3,3,3,0,A0_base,160588863e796d8cb0892372648c8ce99b3060fdf3baf1dd1e71d3743d804927
case_059,2,B,B1_base,6d26e457586baeb0f7e40ed87a5db0472b8a41178e814674fe5bd4cc7ad9e095,bb5a346823e51595d839f1fc8e04ae65362f10a276bf25976473016c68903be8,369318,360448,3,3,3,0,B0_base,160588863e796d8cb0892372648c8ce99b3060fdf3baf1dd1e71d3743d804927
case_059,2,C,incumbent_base,6d26e457586baeb0f7e40ed87a5db0472b8a41178e814674fe5bd4cc7ad9e095,e997575d5bc94981032676327293927f3fb5fec7073b2570061fbbefeb8c5da3,369318,360448,2,2,2,0,incumbent_base,6d26e457586baeb0f7e40ed87a5db0472b8a41178e814674fe5bd4cc7ad9e095
case_059,3,A,A1_base,a33ed9026d2844a3f63b4da2a7324c129a547b2f5a787e328a945100c4e0de99,e5e04dede26bb054786ee4bf53a01aa1c0ea3431d3614c218e098335b1e7048b,266217,2998272,3,3,3,0,A0_base,e087a456259955e4eacaf1fb3bf484858ac79a5ac3b89cb1c59f69384979686d
case_059,3,B,B1_base,a33ed9026d2844a3f63b4da2a7324c129a547b2f5a787e328a945100c4e0de99,cc775ddffd40982e6c7a05c715a16ab45028502bd844ff79b8b798cf22544d25,266217,2998272,3,3,3,0,B0_base,e087a456259955e4eacaf1fb3bf484858ac79a5ac3b89cb1c59f69384979686d
case_059,3,C,r2_boundary_n353_c2_p0,a3713d3eca1c3d34c8fa2b551042aaaa3b60d41a074d56f2c4bba6342aab1fae,c01b65f5af5962cc95e1642bf1d3d0695a0759a442eba8b7d6bd1c83bd38343b,257883,3047424,3,3,3,0,incumbent_base,a33ed9026d2844a3f63b4da2a7324c129a547b2f5a787e328a945100c4e0de99
case_059,4,A,A1_base,8114d6a4cf5c94a123d8806767a6033fd902ca76b31185afd5ee083991d1e6b5,6294ec55a63295f6d29afcb38e0bbdc7f52505d446146820dc670644df9803e2,185216,1081344,3,3,3,0,A0_base,92e191033d5f24dc8cf7bcdb3f882a7cead664bcc832fea71e34cb57790c81db
case_059,4,B,B1_base,8114d6a4cf5c94a123d8806767a6033fd902ca76b31185afd5ee083991d1e6b5,8f6a1ecc67193c01ea8116455095a24c324398d5a372bc00407d0c35f37c8db5,185216,1081344,3,3,3,0,B0_base,92e191033d5f24dc8cf7bcdb3f882a7cead664bcc832fea71e34cb57790c81db
case_059,4,C,incumbent_base,8114d6a4cf5c94a123d8806767a6033fd902ca76b31185afd5ee083991d1e6b5,07baaba0e7f68bc42565a406e74b20ab32197951cb618c3f99e31abc0acac9de,185216,1081344,2,2,2,0,incumbent_base,8114d6a4cf5c94a123d8806767a6033fd902ca76b31185afd5ee083991d1e6b5
case_059,5,A,A1_base,33d21a9aecd3b52b1777744d15b578d06ef2cd7e114f9f41e1749722eb2d7be4,e68562407c1265b69b7366e7ebf9ded9e193f303f60830a0278896e941b03ae7,150782,4325376,3,3,3,0,A0_base,77309f3f12562baf1ce4b238b70ea888a17dc0fbeb370c671b3e0856a91820c5
case_059,5,B,B1_base,33d21a9aecd3b52b1777744d15b578d06ef2cd7e114f9f41e1749722eb2d7be4,1eb7b7c35b7ac28764b07fd5b92a30a4f1ae9e17ebb13a2341add578eb561e5b,150782,4325376,3,3,3,0,B0_base,77309f3f12562baf1ce4b238b70ea888a17dc0fbeb370c671b3e0856a91820c5
case_059,5,C,incumbent_base,33d21a9aecd3b52b1777744d15b578d06ef2cd7e114f9f41e1749722eb2d7be4,11593624dffd9cdec375683cdf265f783f078141f9b3c2210eadfd38d5e58219,150736,4325376,2,2,2,0,incumbent_base,33d21a9aecd3b52b1777744d15b578d06ef2cd7e114f9f41e1749722eb2d7be4
case_089,1,A,A0_base,18454e681cf07a9862e583f7bae3c56e001968a53e885384408412508053a2cd,823ef31412d16477b0dcac36b95c4af1d2611963344149076362f48eda7a2e55,693092,0,2,2,2,0,A0_base,18454e681cf07a9862e583f7bae3c56e001968a53e885384408412508053a2cd
case_089,1,B,B2_aggregate,1a7d20272dff3a5b88275ea35795074b652c440140445e4664edea031f0922e5,e9813ac9216f38dca396517c5f33227dd79bd2439fd39b111558ab550af9b99e,689572,0,2,2,2,0,B0_base,18454e681cf07a9862e583f7bae3c56e001968a53e885384408412508053a2cd
case_089,1,C,incumbent_base,1a7d20272dff3a5b88275ea35795074b652c440140445e4664edea031f0922e5,c7a77ec1e98a424a5a61a459c639fe3c8c0c6560f39ce048b43dfdb888581307,689572,0,2,2,2,0,incumbent_base,1a7d20272dff3a5b88275ea35795074b652c440140445e4664edea031f0922e5
case_089,2,A,A1_base,65e6b20cfd68515c4742c127f950ea454328a7cf559472c64eaa478739d57635,2924637cd004ea58d52857e221f0de0ad992b428d460bd3d27431c4e0aac523d,346832,238720,3,3,3,0,A0_base,d43a8377910d0380157161ae52aab2234f89b13c38d06c02c433778656a57bc8
case_089,2,B,B1_base,65e6b20cfd68515c4742c127f950ea454328a7cf559472c64eaa478739d57635,abba7e2d02db80070b8c03d7af3a9080dd3a12b0b6bc33857064327969407432,346832,238720,3,3,3,0,B0_base,d43a8377910d0380157161ae52aab2234f89b13c38d06c02c433778656a57bc8
case_089,2,C,incumbent_split_release_g1_p4,7600ed55ae3d7e6fdf8aa0d2d54c6deddf03b7e19dc0f6637f312346abd8542e,23ae4345f3ca8360e2f4d4d055302b9ac5f12c007e177c581550b955582ccd4f,346763,238720,3,3,3,0,incumbent_base,65e6b20cfd68515c4742c127f950ea454328a7cf559472c64eaa478739d57635
case_089,3,A,A1_base,5976b07bc1c411fe71549bedc2eb6df7ef47982278223c19020e37627ade3044,7f2ca8bd3bbba96be3eb9f1b15ef14d4a8d035ecec22ec3b2b6280bde337f41b,243614,477440,3,3,3,0,A0_base,35ced3f21e14d9b0928d5a2e90fa724be38d108e1581626d767ce57b8b47c529
case_089,3,B,B1_base,5976b07bc1c411fe71549bedc2eb6df7ef47982278223c19020e37627ade3044,39bf9bec1f551683d0dc2891d35e20ce6d41c52a0c0267849ccc5dd2544bc460,243614,477440,3,3,3,0,B0_base,35ced3f21e14d9b0928d5a2e90fa724be38d108e1581626d767ce57b8b47c529
case_089,3,C,incumbent_split_release_g0_p4,ef9545210f8c133099b29a3f12eb7991ee8bf7b0b251a4ac8ee2b6931017fcaf,0b0ad265f19de74621a7188e46dd9b4a5d126a5eaef832fde1e87b79dd11cfed,242586,477440,3,3,3,0,incumbent_base,5976b07bc1c411fe71549bedc2eb6df7ef47982278223c19020e37627ade3044
case_089,4,A,A1_base,c9330b9bc59b5323041e750f1b08325801952cface8ecbafbe629b545fc7747e,106bbeb58511b60376686fe37c256d4886754f25defba7127a0adeabf35e3ad0,178160,716160,3,3,3,0,A0_base,3fc533674c11e378d77d2de93138479d95d72a22836b4de8f9671864b4df92ea
case_089,4,B,B1_base,c9330b9bc59b5323041e750f1b08325801952cface8ecbafbe629b545fc7747e,ad3ee2f956de44b7d6c0ebbdfeaa7aad9a2b320b49e1430fa456b6f5ddfea09d,178160,716160,3,3,3,0,B0_base,3fc533674c11e378d77d2de93138479d95d72a22836b4de8f9671864b4df92ea
case_089,4,C,incumbent_split_release_g0_p4,325f54032f04ad205fe0c36743fd8a6c4bb9785ddd8d364e2b597dbeb698307a,846bd11afe99407ef5a80c11559c20df913bc57a6dba778808b9703027deeb3d,175147,716160,3,3,3,0,incumbent_base,c9330b9bc59b5323041e750f1b08325801952cface8ecbafbe629b545fc7747e
case_089,5,A,A1_base,6ec7edc0268b02acb94c749e33d68ba387381ab1473906bde2e693babd757a8e,71a6627028c613171c445d06939619e4ac617eb1c382b3079e22ea590d4eb214,147432,954880,3,3,3,0,A0_base,7ec24e25573e2412004dc49734ac53bf0b0cb1c5e5e9f780c5a911dee4572358
case_089,5,B,B1_base,6ec7edc0268b02acb94c749e33d68ba387381ab1473906bde2e693babd757a8e,c0583fe46e2ea2a0ca5043cefc2ccf1709113d47066bb9a2f4a6a8e5d6bc0071,147432,954880,3,3,3,0,B0_base,7ec24e25573e2412004dc49734ac53bf0b0cb1c5e5e9f780c5a911dee4572358
case_089,5,C,incumbent_split_release_g3_p4,5956bb4df4a7b6f5528cd2520903e3cf700b63ce8ed9cc421c1f152ff8669efa,726165a26f64061a8f190d0851f341930f3516377465c143ee335909271d6340,144388,954880,3,3,3,0,incumbent_base,6ec7edc0268b02acb94c749e33d68ba387381ab1473906bde2e693babd757a8e
case_001,1,A,A0_base,64d6f2b297b709b570b8b55d1d194fec38860aedf63c11aaf60cc64933d51970,18e069394b4be4b06d62ab5f27be07183d1cf56c37c7b413500aa1c324c86de3,233110,0,2,2,2,0,A0_base,64d6f2b297b709b570b8b55d1d194fec38860aedf63c11aaf60cc64933d51970
case_001,1,B,B0_base,64d6f2b297b709b570b8b55d1d194fec38860aedf63c11aaf60cc64933d51970,cb7d02e07f5e1b94477aaf2c6c6dbc74951c10e9a0c91720bfffdf9f88d66ccf,233110,0,2,2,2,0,B0_base,64d6f2b297b709b570b8b55d1d194fec38860aedf63c11aaf60cc64933d51970
case_001,1,C,incumbent_base,64d6f2b297b709b570b8b55d1d194fec38860aedf63c11aaf60cc64933d51970,78570e67f3b04f82492cff2595b5922b0aec778c57117566ab6fd48a4d7066b5,233110,0,1,1,1,0,incumbent_base,64d6f2b297b709b570b8b55d1d194fec38860aedf63c11aaf60cc64933d51970
case_001,2,A,A1_base,fc7d4c6b099f9a509b58372974ca9b35bfd7db996285481d33b9f846e2c8cf38,81f7c0e0cd92b0c31c88f80211aea2bada7e90c2813c73742ea023f47a37bb29,116868,1152,3,3,3,0,A0_base,2a09b768aae206d6feff7bbb61ea7e20eb60d4557e8511c2498cbfddb474a8c2
case_001,2,B,B1_base,fc7d4c6b099f9a509b58372974ca9b35bfd7db996285481d33b9f846e2c8cf38,220fa9915013508cc69f470346e402d7cdc61f22462d34bd8da0f62f77d3050b,116868,1152,3,3,3,0,B0_base,2a09b768aae206d6feff7bbb61ea7e20eb60d4557e8511c2498cbfddb474a8c2
case_001,2,C,incumbent_base,fc7d4c6b099f9a509b58372974ca9b35bfd7db996285481d33b9f846e2c8cf38,38166d7c59e976f1c665ed7b62a495e4c08be8e00e56fab3a83c1b5e91464a1d,116868,1152,2,2,2,0,incumbent_base,fc7d4c6b099f9a509b58372974ca9b35bfd7db996285481d33b9f846e2c8cf38
case_001,3,A,A1_base,037717ddda462b41200b189c3cc49d60b005dcd00cfc8a0b57c9e3a76ed30182,ac89e20b7941bf72893a4d1d05d8249548dc8d1b2fa0a7573e635fe687f4fade,78545,2304,4,4,4,0,A0_base,55a778f8bd5c29a0972cea53dceb233667785a89937cd2589d5ea62bec395038
case_001,3,B,B1_base,037717ddda462b41200b189c3cc49d60b005dcd00cfc8a0b57c9e3a76ed30182,6bf77974ebcb3ec24818319f0cc118130af274ea6967a5e1fa3b607aa69ea46c,78545,2304,4,4,4,0,B0_base,55a778f8bd5c29a0972cea53dceb233667785a89937cd2589d5ea62bec395038
case_001,3,C,incumbent_base,037717ddda462b41200b189c3cc49d60b005dcd00cfc8a0b57c9e3a76ed30182,c125ad7ef69aa6c7b65d01be8c97a753d43b3a0a39b0f0b567c7b07da5c36ec4,78545,2304,3,3,3,0,incumbent_base,037717ddda462b41200b189c3cc49d60b005dcd00cfc8a0b57c9e3a76ed30182
case_001,4,A,A1_base,3ddd1070a59b500fd6ce5eec28f04a65ce82edb170caa33b50a06137ea49146d,0d94eaf2b7a4a034b58fdec3fb23983de8c2570e8312e86e554bb0dd20fa788f,58984,3456,4,4,4,0,A0_base,b5e610e6ca6d0a4d4d54716f27c388182aa5e86b7b82dd6ac82a5af3c3a5f139
case_001,4,B,B1_base,3ddd1070a59b500fd6ce5eec28f04a65ce82edb170caa33b50a06137ea49146d,bdd667d6394cc13221b7f6fbb5dac7b72750666ed5f6c8c38983cabfa848a145,58984,3456,4,4,4,0,B0_base,b5e610e6ca6d0a4d4d54716f27c388182aa5e86b7b82dd6ac82a5af3c3a5f139
case_001,4,C,incumbent_base,3ddd1070a59b500fd6ce5eec28f04a65ce82edb170caa33b50a06137ea49146d,70c9461ff60b3e747bb7a9e4578ffb2fcaf4186e429efad8f782ad675386ea17,58984,3456,3,3,3,0,incumbent_base,3ddd1070a59b500fd6ce5eec28f04a65ce82edb170caa33b50a06137ea49146d
case_001,5,A,A1_base,8bbb5cdc53db45251b1d0840f587de58fd1d232ff41cadc1bab3b9d244fbe497,a9e4a3b7b711f42005a77b33007cbac91eb4ab9a4a1dba9779a1b06f54fd7030,47502,4608,4,4,4,0,A0_base,3cb96911ec6cbc5122786637040ecf2c1c0796c44466a1b1408d3e452bf1556d
case_001,5,B,B1_base,8bbb5cdc53db45251b1d0840f587de58fd1d232ff41cadc1bab3b9d244fbe497,e2ad9dc0200312571cc20d9a9afe583880d397e7f61d8a78197c2fa26c9e6d4d,47502,4608,4,4,4,0,B0_base,3cb96911ec6cbc5122786637040ecf2c1c0796c44466a1b1408d3e452bf1556d
case_001,5,C,incumbent_base,8bbb5cdc53db45251b1d0840f587de58fd1d232ff41cadc1bab3b9d244fbe497,607ab28ec5d2a467eb155403815644469cf2ddc62d369c009be33cb3f3b9426a,47502,4608,3,3,3,0,incumbent_base,8bbb5cdc53db45251b1d0840f587de58fd1d232ff41cadc1bab3b9d244fbe497
case_003,1,A,L3_base,6274afe82300c59ee30e929e51267d0e1a1ee5ad658575ccd50baf85c6bc72a0,a24e2fefcfa11015b00101d22833bf1ff0658f285eed4d40dda9554845605ea9,587919,649106,2,2,2,0,A0_base,9884e679c683a418ad5bce02eb776685aa89eae405a0ea2ac9d39fa0029c5abe
case_003,1,B,L3_base,81b979a8a4e1464522101fb8b81a11dfb725065e598ed46684f9e1832c330c1b,d8fa7a5c27f2e2afdf5ae7d73380552805a028293f3aa485f285ba5756ec8b9a,592981,0,2,2,2,0,B0_base,9884e679c683a418ad5bce02eb776685aa89eae405a0ea2ac9d39fa0029c5abe
case_003,1,C,incumbent_split_release_g2_p4,427fc06a71f4eef0b3f8a9c995f2a3e04c13f396ace6e2e509b4628a23ce6b1a,e2c25facd2572edc16abe9ea2155c8deed9fca9d8f79495b5b23a25e8102956f,591743,0,3,3,3,0,incumbent_base,81b979a8a4e1464522101fb8b81a11dfb725065e598ed46684f9e1832c330c1b
case_003,2,A,L1_base,e2150f7e5b18faca8fabbc9d7a3e26b909ab743ccd0fc2be2be48846368840f5,8ae2c80ca15b6fdaf4be70b538190d06cdea014a3eb6fdb35eeee6364a7dc819,538381,98304,4,4,4,0,A0_base,f3758783f8cbddde4946028829c2db67754f67aa1dcaa53784f6cdcca88c6286
case_003,2,B,L1_base,e2150f7e5b18faca8fabbc9d7a3e26b909ab743ccd0fc2be2be48846368840f5,315153b2c0f622f168a9eb094890e852473efc3495367e943854f9780786c5a2,538381,98304,4,4,4,0,B0_base,f3758783f8cbddde4946028829c2db67754f67aa1dcaa53784f6cdcca88c6286
case_003,2,C,r1_split_g0_h0_c1_p0,e39013b9123e492d2968a4e2a369ccc3b6587ddd782dc5a95de05a842cdd4c8f,986df25bbe8f3682822fe0f8b305ed3fc17756cedf465cd7bc10dfc2ca62410a,531381,135302,5,5,5,0,incumbent_base,e2150f7e5b18faca8fabbc9d7a3e26b909ab743ccd0fc2be2be48846368840f5
case_003,3,A,incumbent_base,ee77ed7329e8963c320675b42103a011a6ac61628835b2d1259862433f48db3d,b9f242bf4937d2e8d2c2d89f617d1a9722d86366f8b9c03216c89cf8871a7096,538381,98304,4,4,4,0,A0_base,9c2e1a668a21dd4e59cdbaefe5b1bf6bfab5655785d19f1528e3cc78c08ec9a6
case_003,3,B,B3_base,b7f56a3bf8bf8340d89e71b1fb25a49f14ba80658ec3ebfa1e193626439d3aed,6af37accae530eee42b5e1b811e589b15c923185bea3408db4f8b9d9251654ea,524210,3647050,4,4,4,0,B0_base,9c2e1a668a21dd4e59cdbaefe5b1bf6bfab5655785d19f1528e3cc78c08ec9a6
case_003,3,C,incumbent_disperse_group_tid_1000004544_group_11_core_2_pos_4,ef7b5f4544d1307714633cf53abbf3fc7c5db7db652f94751a3af4b4a15903ec,13d96c99d8f412e04ae2fafcf55d701e71228e5a7a5976501d5236e41f7c738d,522594,3579466,5,5,5,0,incumbent_base,b7f56a3bf8bf8340d89e71b1fb25a49f14ba80658ec3ebfa1e193626439d3aed
case_003,4,A,incumbent_base,9df8a924ebdeed912a3033bfb37400ae65e956cc2035535db149d18045bd7e46,5f149a691470a453d156b87432f1bf7a4e9f3dda1b963f2d29d8ccd593501467,538381,98304,4,4,4,0,A0_base,ef477696cd406e0492d8c56e29f98191697eb5a4dbbe7f73f4ca1b1bdae085f3
case_003,4,B,incumbent_base,7e8189ea2e6c01211fe2668789433997590eadbcb19facac419a152cb65ec220,3827837b46f22186b130fb449d658d826ae2b33b6ef6d39e66a11b28b8105261,524210,3647050,4,4,4,0,B0_base,ef477696cd406e0492d8c56e29f98191697eb5a4dbbe7f73f4ca1b1bdae085f3
case_003,4,C,incumbent_disperse_group_tid_1000004544_group_11_core_2_pos_4,d4b902279bcb42a7ed04d7ad9ba849aa6857fffee669e5d91dafe0d83b969e09,2150c086f7f07868ae491b2edbeb908c0e8e57922c8b34ea2e574864847e0d5c,522594,3579466,5,5,5,0,incumbent_base,7e8189ea2e6c01211fe2668789433997590eadbcb19facac419a152cb65ec220
case_003,5,A,incumbent_base,eb4c3af4755ec774bce398c15a50a717575f2140bf9ce2ec52c95a1f2a5c74ea,7c1ef062423443faa79bafe0b121b9393648185385da528ba484f84db9d3d43e,538381,98304,4,4,4,0,A0_base,3bd9bd8ec00207f156b5b349af6623ab8c3e115daef3501b96f4f16e7f26825c
case_003,5,B,B3_base,dee9854711f9fac7e8eb9542663e9c8aa4652832d522465c9d118c3571599cc1,df928369f4c8230c50f8638435a61fdd4769484689bebea117acbccc4d47c5e8,469702,5272020,4,4,4,0,B0_base,3bd9bd8ec00207f156b5b349af6623ab8c3e115daef3501b96f4f16e7f26825c
case_003,5,C,incumbent_base,dee9854711f9fac7e8eb9542663e9c8aa4652832d522465c9d118c3571599cc1,0a8ac4c54e5aac5c0a6c98b8d3865e3d9e73032bad85402381b58d6376a200f2,469516,5272020,4,4,4,0,incumbent_base,dee9854711f9fac7e8eb9542663e9c8aa4652832d522465c9d118c3571599cc1
case_012,1,A,A2_base,728a932b1f5982ae39655bffc2f598b77e98ba472d26793a816908468e23834f,b95291884353a0e889c184abe78d3ba84ef6a7eb24d9d4b93a569112f7482caf,58890,3456,2,2,2,0,A0_base,2299a9bcb1fef463811628875730214b4b39170c5c34df561ec2ce3b886d9dca
case_012,1,B,B3_base,801a7b9340f91825e67d8fd1f003a35e4a1f70d074569c799de31f44ce6a5d3d,3c5f4490df67729f5285b404a1e67c12aba8d608554ab965868132a75dc8457e,42251,8192,2,2,2,0,B0_base,2299a9bcb1fef463811628875730214b4b39170c5c34df561ec2ce3b886d9dca
case_012,1,C,incumbent_aggregate,535d347f602b10d60859804a81e1bef9ec7616388b48f047af05e021a3ceeedc,bdd672dfcc6e51ecbc82ea828e69caac00b501bab966fb877f2a0c9441fa6bac,42239,8192,3,3,3,0,incumbent_base,801a7b9340f91825e67d8fd1f003a35e4a1f70d074569c799de31f44ce6a5d3d
case_012,2,A,L1_base,db30914618b4c8f56b037619f2bd7f5e53a72647f2c498d2d97d684db3177abf,406a130a082b487ac3b8b1a91b735815274cf3c7af42dcbf62ae33852304961b,30058,29376,4,4,4,0,A0_base,c8b3b1be21eb7c8bd4ea486c40bd7d6cc78a6b1a94a78bd6a2dd6dae65a023a0
case_012,2,B,L1_base,db30914618b4c8f56b037619f2bd7f5e53a72647f2c498d2d97d684db3177abf,19a1d1f7fd7b4f4686eec476dac18426b94a9493a5fbca48dfb6222ff2cc5082,30058,29376,4,4,4,0,B0_base,c8b3b1be21eb7c8bd4ea486c40bd7d6cc78a6b1a94a78bd6a2dd6dae65a023a0
case_012,2,C,incumbent_split_height_g1_p4,796ac57ae9a4f80872cc2d41381df99589d9dc242705c2f30581ec8ba92ba6ba,ea9793862e353ca0fe07250e53b5c6629eff0f86a5ef603c2fd3fcf411eb6029,29156,29376,5,5,5,0,incumbent_base,db30914618b4c8f56b037619f2bd7f5e53a72647f2c498d2d97d684db3177abf
case_012,3,A,L1_base,fb3e4c1687241e5f52f329b4690b5a2082be02ec7e73537e5ee44ebb6b41dcdb,a27c449fac2628159bfd2bd7d92207cbeda33c22a17b73a6d140df2136c8da42,20661,39168,4,4,4,0,A0_base,9c7195f1cfee902bdb2f858f19d52e468a9eb24c243a19bef6c9bff3b5e50f0c
case_012,3,B,L1_base,fb3e4c1687241e5f52f329b4690b5a2082be02ec7e73537e5ee44ebb6b41dcdb,6dcbec2e85f3a283a055c3a0329e4be6c55bbd8aa91b3d20d07c0a496530b6d0,20661,39168,4,4,4,0,B0_base,9c7195f1cfee902bdb2f858f19d52e468a9eb24c243a19bef6c9bff3b5e50f0c
case_012,3,C,incumbent_disperse_tid_1868_node_1920_core_1_pos_0,c33ac33226018a3e675934839fccf05cb46996f664d67d1dc559b7d08041d7aa,cc1c4fc4e46810ee02bf2f88c840aff7657475dc65adbe46eaba4e31cd66da2a,20561,41472,5,5,5,0,incumbent_base,fb3e4c1687241e5f52f329b4690b5a2082be02ec7e73537e5ee44ebb6b41dcdb
case_012,4,A,L1_base,94df594345b7cdb72dad9fa353916ed3c391b91d54c302c29df851cb06d13417,3175ce940cfd6a6ea5977af261089cdde6f02a671bcc444d62f13518cb7bdf17,15863,49536,4,4,4,0,A0_base,a4bcdb9d96740d2d18dcda2df2886c33417f8874ca19afdac804b6a535a0108a
case_012,4,B,L1_base,94df594345b7cdb72dad9fa353916ed3c391b91d54c302c29df851cb06d13417,0fec375984dd5df1c1e70a2c8f19feaef21b67f06dd089b65a5edebdf679e1cb,15863,49536,4,4,4,0,B0_base,a4bcdb9d96740d2d18dcda2df2886c33417f8874ca19afdac804b6a535a0108a
case_012,4,C,incumbent_split_release_g1_p2,f6eba84502c68d02c9f9077116582982a6a064e9648a8b2a04db38c0c396acf2,c58a7c3b88225223b13b54d569118c37bafe38335639835ba4337249e71fad3b,15705,49536,5,5,5,0,incumbent_base,94df594345b7cdb72dad9fa353916ed3c391b91d54c302c29df851cb06d13417
case_012,5,A,L1_base,74e2f48a02bc0da889d9ecfa1e9a1620e41c58aa5959111496f36eec5e3f8b21,99e95a0ed8bb07d2fa543536c2c15f91536067b816e786683e6d38fe222db3d0,13406,53568,4,4,4,0,A0_base,6c574feee57460f6675bd0940dae8346c9aebb9d5c27ead898c45e34645658da
case_012,5,B,L1_base,74e2f48a02bc0da889d9ecfa1e9a1620e41c58aa5959111496f36eec5e3f8b21,a63ce7704418c07e17b60b9b220f27ae45f920a25926ffa4f2a9fcae2244270d,13406,53568,4,4,4,0,B0_base,6c574feee57460f6675bd0940dae8346c9aebb9d5c27ead898c45e34645658da
case_012,5,C,event_timing_tid_1766_miss_2_bytes_12288_front,4b293d7da5a1ffae9b39529d488931796e59c19b6739a2bda984e891e0acf9a2,5eb0aed9cfaba6be44c68c1d9e8e17c39111bd67e3086d90a30c7992cad40076,13406,53568,5,5,5,0,incumbent_base,74e2f48a02bc0da889d9ecfa1e9a1620e41c58aa5959111496f36eec5e3f8b21
case_036,1,A,A0_base,d64d21298efb9524f15b22d64f5e48b8064b683e7973cbfeaaf5a044e77b4072,6d34cc953a26675b449924877411aafbd3dc1acd92e8aae6574d99b8a9c7265d,931510,0,2,2,2,0,A0_base,d64d21298efb9524f15b22d64f5e48b8064b683e7973cbfeaaf5a044e77b4072
case_036,1,B,B0_base,d64d21298efb9524f15b22d64f5e48b8064b683e7973cbfeaaf5a044e77b4072,2e9947315dc35490cfc25cf3e4c2551f3f8f2e04a13782dd0d97a659ee231a73,931510,0,2,2,2,0,B0_base,d64d21298efb9524f15b22d64f5e48b8064b683e7973cbfeaaf5a044e77b4072
case_036,1,C,incumbent_base,d64d21298efb9524f15b22d64f5e48b8064b683e7973cbfeaaf5a044e77b4072,f8c56ea4b5e73d6f445a4ef9f78daf4df141de447f16873dded9b489a53d9160,931510,0,1,1,1,0,incumbent_base,d64d21298efb9524f15b22d64f5e48b8064b683e7973cbfeaaf5a044e77b4072
case_036,2,A,A1_base,de54b31e73c4875104b671c039497deae22323bdae9b75c0504103ee7331162f,56a1c255e43aaa153a5306236c325c967dda7e2c87dbc19fda85db9cc6393938,466068,1152,3,3,3,0,A0_base,1b94b9d7d615f7c58c053378c6cb91e94d2d8c9080a216d7b5408dd022f6e881
case_036,2,B,B1_base,de54b31e73c4875104b671c039497deae22323bdae9b75c0504103ee7331162f,6447dc4a2310e7253378f72e961a8d70111216deb98b14e53d5ae344d3cbf0e7,466068,1152,3,3,3,0,B0_base,1b94b9d7d615f7c58c053378c6cb91e94d2d8c9080a216d7b5408dd022f6e881
case_036,2,C,incumbent_base,de54b31e73c4875104b671c039497deae22323bdae9b75c0504103ee7331162f,890b42e31422b0ce7d0f101e5e69ca616bf0b2fae72943ca7f29e01e90642033,466068,1152,2,2,2,0,incumbent_base,de54b31e73c4875104b671c039497deae22323bdae9b75c0504103ee7331162f
case_036,3,A,A1_base,154db6b8e62d054f80905e5437b6e466ba01c17dcabfe8765c2a6aa187b0b7ba,4883d2036a2539fee2b8d734864e6458c4a26dcfcbc2d2b3316a1dd83cdc9c42,311345,2304,4,4,4,0,A0_base,53f4a5ec213b3efa2b28327fda1ce483cde1980e1f257ccc652afe90df536431
case_036,3,B,B1_base,154db6b8e62d054f80905e5437b6e466ba01c17dcabfe8765c2a6aa187b0b7ba,7486ed07df90478963c436991fa85bc5e72f2b1f0545e3503491a3ee91550343,311345,2304,4,4,4,0,B0_base,53f4a5ec213b3efa2b28327fda1ce483cde1980e1f257ccc652afe90df536431
case_036,3,C,incumbent_base,154db6b8e62d054f80905e5437b6e466ba01c17dcabfe8765c2a6aa187b0b7ba,62d4c15a93dc9f7a73fb46ef6d38fd14591f698762b837384cb5cdd507365bd5,311345,2304,3,3,3,0,incumbent_base,154db6b8e62d054f80905e5437b6e466ba01c17dcabfe8765c2a6aa187b0b7ba
case_036,4,A,A1_base,3d3af4a6d8f2e0ba99c9aaa02fe08b61a1a1cf3506b1fb2c91fc009e477731f9,22d9f2d3f49c8e8decc4f6e79b4393f8f739d3bbaffc753766e73d4ef685a44f,233584,3456,4,4,4,0,A0_base,8a0e8c7abe76d975c7bff69fa5e4e634098d7d96cb3ff1bc3a7d8a20d5aa78de
case_036,4,B,B1_base,3d3af4a6d8f2e0ba99c9aaa02fe08b61a1a1cf3506b1fb2c91fc009e477731f9,857643d81bde800f4967017f5209e20e629217a8600dc1ad53f66515cc8a7629,233584,3456,4,4,4,0,B0_base,8a0e8c7abe76d975c7bff69fa5e4e634098d7d96cb3ff1bc3a7d8a20d5aa78de
case_036,4,C,incumbent_base,3d3af4a6d8f2e0ba99c9aaa02fe08b61a1a1cf3506b1fb2c91fc009e477731f9,4addcdf1643071e2caf5f0315ac8fa96b6b3d780da2841bc37b762be79846eae,233584,3456,3,3,3,0,incumbent_base,3d3af4a6d8f2e0ba99c9aaa02fe08b61a1a1cf3506b1fb2c91fc009e477731f9
case_036,5,A,A1_base,18d5ca2a8ee47d8fb48240132ae77abca22643d26a005505bcb7c0c6a95dee06,72cf2e13ad796687cceeadd68b8c92dd448420d25e83d8e3b8d4856bb0f1b9e6,187182,4608,4,4,4,0,A0_base,1a50ef8846506b5fdac9af4a8baa3ec85d93877d6f970071c7a0bcca41c7c7d4
case_036,5,B,B1_base,18d5ca2a8ee47d8fb48240132ae77abca22643d26a005505bcb7c0c6a95dee06,657d9488bd887ff372cde2ad93e7a28dfbc09807f2a6bf410bef2e5d2bd50524,187182,4608,4,4,4,0,B0_base,1a50ef8846506b5fdac9af4a8baa3ec85d93877d6f970071c7a0bcca41c7c7d4
case_036,5,C,incumbent_base,18d5ca2a8ee47d8fb48240132ae77abca22643d26a005505bcb7c0c6a95dee06,d761002fdfe66b89949106d80b7f5874eb263de376d4269eba9f41e7debedd34,187182,4608,3,3,3,0,incumbent_base,18d5ca2a8ee47d8fb48240132ae77abca22643d26a005505bcb7c0c6a95dee06
case_039,1,A,A2_base,17af91a2eadd8078b536030a95f27c010a225f14e0ec77bd4d1ff88617f26a01,199db6edd0d8ebb14673eb773bfa37786d60c0d62b2d17f6438c0dd7aa56b1af,1430004,7954432,2,2,2,0,A0_base,d2eb755c04a4f7046f4430f1789c2e9d1423f94eb1adda29cbf4bfd3b9a620d4
case_039,1,B,B0_base,d2eb755c04a4f7046f4430f1789c2e9d1423f94eb1adda29cbf4bfd3b9a620d4,d107442dcac1778c62f95b2bcb20fbd14abbe718b93326e98c6949e609663d8c,1435262,7929856,2,2,2,0,B0_base,d2eb755c04a4f7046f4430f1789c2e9d1423f94eb1adda29cbf4bfd3b9a620d4
case_039,1,C,incumbent_split_topo_g0_p4,32f9ac635d6a233bfae21320e26e71d5d13d43cde64a155f600052740f8655f7,0e68b92c96b3c847818d34e567dfb374d6e33d7f1940cffb378693ad14a179da,1426335,8175616,2,2,2,0,incumbent_base,d2eb755c04a4f7046f4430f1789c2e9d1423f94eb1adda29cbf4bfd3b9a620d4
case_039,2,A,A1_base,ef1dd515eabeea24150a0a9683aa73a5777cb5db7439fc55ee6338c9e7295728,f132ea329c86eab2493d182a6f87f094f6a33bd6ded004644b1800868c0f2716,708561,11067392,4,4,4,0,A0_base,d871335e8cc7fe106d859e777f5de7831e7f039a3f085b201fc1a8a3880fa4c8
case_039,2,B,B1_base,ef1dd515eabeea24150a0a9683aa73a5777cb5db7439fc55ee6338c9e7295728,68d7c4920c8ea95a26bd967e6fe3e4dd0fe13ae0d6f80eb577ae18feb7f3d574,708561,11067392,3,3,3,0,B0_base,d871335e8cc7fe106d859e777f5de7831e7f039a3f085b201fc1a8a3880fa4c8
case_039,2,C,incumbent_split_topo_g1_p4,f85b887cc661359d66ae1d55aa317aee92855e9e38f838f310efd30c608000c8,a778690cbfbe01d54a1b436c96816f118cc09ae685d64e4be5b0a3f8d0f967aa,703954,11186176,4,4,4,0,incumbent_base,ef1dd515eabeea24150a0a9683aa73a5777cb5db7439fc55ee6338c9e7295728
case_039,3,A,A1_base,d7ad131769560b052f6e9e53f810617c249760930bd85ed18475f111365e6812,a6e2aeddb19b5c3d6e30ade33f488502fba1c58e11cf3a00d72ab0d9318299f4,485565,14323712,4,4,4,0,A0_base,d2de4311d951cd63086faf7ce19b86bbf54cf9a8d364e0c65d1a45099e1c90ff
case_039,3,B,B1_base,d7ad131769560b052f6e9e53f810617c249760930bd85ed18475f111365e6812,140984463ae1707ecb8f93547891163c4a47f4f65969c90a3621cbe920508d6a,485565,14323712,4,4,4,0,B0_base,d2de4311d951cd63086faf7ce19b86bbf54cf9a8d364e0c65d1a45099e1c90ff
case_039,3,C,r2_boundary_n651_c2_p0,4140836bf1894204c3435188eb360100f40af1172a523559efa31c12bab8a5e7,3a8e8d3b6cdd5a9d87ca1527575c172a99ec94cf36033d4d2519d826a92b3e90,482066,14331904,4,4,4,0,incumbent_base,d7ad131769560b052f6e9e53f810617c249760930bd85ed18475f111365e6812
case_039,4,A,A1_base,7d5b61b243892ff5ac04683c7b2c2c7326881345346af368ea648486f911c362,380004898e2e6c64190dd869bfc0bf3fe49feb80c6583952f68d7ac6826e74a1,395323,17604608,4,4,4,0,A0_base,7e422b27773795a6aab7c06c9572f6c5fc7dacb18d78185f1f00ede5d825034a
case_039,4,B,B1_base,7d5b61b243892ff5ac04683c7b2c2c7326881345346af368ea648486f911c362,30d026b9b8f54c725a513bdc1babf9a07fca4079d2c489407fe78f063fb3e75a,395323,17604608,4,4,4,0,B0_base,7e422b27773795a6aab7c06c9572f6c5fc7dacb18d78185f1f00ede5d825034a
case_039,4,C,incumbent_base,7d5b61b243892ff5ac04683c7b2c2c7326881345346af368ea648486f911c362,7aed8dbde3bdc30cc8aacb6c487eb98fc9d9a74418d180135323fdc94363fa1e,368055,17604608,4,4,4,0,incumbent_base,7d5b61b243892ff5ac04683c7b2c2c7326881345346af368ea648486f911c362
case_039,5,A,A2_base,e0c6b16d8929dad25ed74eac4413e65a5d34685b80463ab8b2a6ce5528936f7d,1607be5eb2af0a85a385ab505158a58fef08bb25f7c0482786cab5ac4c709f2c,316542,9805824,4,4,4,0,A0_base,7c8001684abf0f8abdecfa9ece1ca22fe6136a305e2c229e3d41b60a8ae4fa73
case_039,5,B,incumbent_base,fd54373505ebee05bce0cf763b5f12b48d913b5391c98eca05fd2bd8bd91a88c,410502986ee720eb6782925e93558e43c055f1258a4712141e1e11af74b0aaf5,395323,17604608,4,4,4,0,B0_base,7c8001684abf0f8abdecfa9ece1ca22fe6136a305e2c229e3d41b60a8ae4fa73
case_039,5,C,C1_base,930c52ea74680a40d019f2bfed3a6894a2fb77ddd49f9a3327a4fd273311f708,7592c9d6311c519f99d0df31111268e7dd6602d1dd25d60b06965baff51cc4cd,340476,20480000,4,4,4,0,incumbent_base,fd54373505ebee05bce0cf763b5f12b48d913b5391c98eca05fd2bd8bd91a88c
case_047,1,A,L3_base,e551da41f8674689b4be21aa51835e1f2cc6e07f746139b58c18be5c073c2ac4,3ade93dabb3fcb782f244c0cadb9187b5bda63478ad295cc525a7167adc06a3c,324416,257106,2,2,2,0,A0_base,9f686d6fe9cb4664629d51ef1bdb2181b4df150b7646feadcdebe974cbc607eb
case_047,1,B,B2_base,cc071209560ebe7344ad93081f971d1a0b7ab10318cfc5f0dcffebb664d0eda1,08db89be447f8c091a49544749efadbf0ffbe10f2ff090c00d0da1c4911a7161,323597,0,2,2,2,0,B0_base,9f686d6fe9cb4664629d51ef1bdb2181b4df150b7646feadcdebe974cbc607eb
case_047,1,C,incumbent_split_release_g2_p4,21922ba2bf4bbd93117bbbb53749231c9009fc80b3d3f1de7fd1191701f3de31,d630b19b4dc4581e2e11de583f48c2d972ea3b871ae978bb935e532241b04dd6,322738,0,3,3,3,0,incumbent_base,cc071209560ebe7344ad93081f971d1a0b7ab10318cfc5f0dcffebb664d0eda1
case_047,2,A,incumbent_base,b2e536a3811011bd499b23064e3cf632d87f32bb0589e5e2be584c83a02546a8,cdac187a10b6c698645a4ca0a75b60a0bd45da5f2e04bec81fc176e240dec041,324416,257106,3,3,3,0,A0_base,02f6cc771eb87def7a02771f1c875725f14e73adb0dc4cd53e0ea05dff7c5927
case_047,2,B,B3_base,61d6f428e67cb6260a03b2a8ea7ebc40c42c30e057381171015a81189cf2d427,caad640dadd02d9de54a90f9e1d48abc707ff2db65e84a076c4f4880ebbb660d,321355,1146116,3,3,3,0,B0_base,02f6cc771eb87def7a02771f1c875725f14e73adb0dc4cd53e0ea05dff7c5927
case_047,2,C,incumbent_base,61d6f428e67cb6260a03b2a8ea7ebc40c42c30e057381171015a81189cf2d427,5104a222bd0670cdcaedddafff59c8ea81ca6454dcf031945c95ed590907ecb2,321355,1146116,3,3,3,0,incumbent_base,61d6f428e67cb6260a03b2a8ea7ebc40c42c30e057381171015a81189cf2d427
case_047,3,A,incumbent_base,2bf7b12bb7d2ed283094b4cf775895aae5cff8f4a54abbbb5148f35596cd00f0,32e266d7ea799aae6e1d83e1b385e5af2e531b2e21331faccbee718c3dd0d5bb,324416,257106,3,3,3,0,A0_base,81b8494a366afb7af9d3b2cb56953b7f34bba55f31540c90d2d86ece35cc1f3e
case_047,3,B,B0_base,81b8494a366afb7af9d3b2cb56953b7f34bba55f31540c90d2d86ece35cc1f3e,a5a37eddfc514ba18ececd3ad1a76df93d5db8c89149527a640a163e73f68e72,326508,0,2,2,2,0,B0_base,81b8494a366afb7af9d3b2cb56953b7f34bba55f31540c90d2d86ece35cc1f3e
case_047,3,C,incumbent_split_height_g0_p4,83ec578644f837f9ecc44589a3ea5ea8df63740ea3489daba6724970b46ffbd8,2792d7cf553dc9431d331502b926b963440bbea5aa8b5c6f9441837ba4d88540,324264,0,2,2,2,0,incumbent_base,81b8494a366afb7af9d3b2cb56953b7f34bba55f31540c90d2d86ece35cc1f3e
case_047,4,A,A0_base,32d06ae51bb4418a3eb64c505c535d418b7192d3bf8b26b24847d61608daf725,edb9b5b125e122697c028cba13a48f9ec00786c1e4333071d1b9148960dcaa8e,326508,0,2,2,2,0,A0_base,32d06ae51bb4418a3eb64c505c535d418b7192d3bf8b26b24847d61608daf725
case_047,4,B,B3_base,f16859348370437fcf1d471e619ec0ae6d051515be6c7d8e7d356357266aa589,f91a24c4ec0561d5c30cdbe7dbfff729ad79b0455e6d337332c27580e27d7683,314757,2205644,2,2,2,0,B0_base,32d06ae51bb4418a3eb64c505c535d418b7192d3bf8b26b24847d61608daf725
case_047,4,C,incumbent_base,f16859348370437fcf1d471e619ec0ae6d051515be6c7d8e7d356357266aa589,64b0261d1f8ff706b641e2ba62c11e33d5bd8c9359012941b08931cd394b38f6,314754,2205644,2,2,2,0,incumbent_base,f16859348370437fcf1d471e619ec0ae6d051515be6c7d8e7d356357266aa589
case_047,5,A,A0_base,c5ecac257d3bd6e1243bd8260cc6ede08d947b3ea59041a781239e2e00078cab,c4a98a1bd4b143372ad64ca11617c9c9461c5dfab055b804891356ebd2e69e9c,326508,0,2,2,2,0,A0_base,c5ecac257d3bd6e1243bd8260cc6ede08d947b3ea59041a781239e2e00078cab
case_047,5,B,L2_base,6216f50724613ff36e88e179e42df590ac3eea256f0216e703ca04a1f77878c7,804e4382d5d68be6a54b936bb06a124d09bbf0def335943fb9d38734a4cc9de0,316261,141400,2,2,2,0,B0_base,c5ecac257d3bd6e1243bd8260cc6ede08d947b3ea59041a781239e2e00078cab
case_047,5,C,incumbent_split_height_g1_p4,d1ad0db302009086a6b8308948a889a01dad68804fd3806245f5bd3536c1472a,e4a569c48bdd031f2006035a20a1b89f4e5ff70b8b5ad02525780bc7b38f23e5,315056,141400,3,3,3,0,incumbent_base,6216f50724613ff36e88e179e42df590ac3eea256f0216e703ca04a1f77878c7
case_074,1,A,A0_base,b02f51279acc25929809f62ef45cdf9fd885f724ef2eaef7f79e4e06947e6913,efbb6415f0c8d2d2f01f78e8fa6ecf597f95e15553752978b7f184b538f47261,1682239,6070280,2,2,2,0,A0_base,b02f51279acc25929809f62ef45cdf9fd885f724ef2eaef7f79e4e06947e6913
case_074,1,B,B0_base,b02f51279acc25929809f62ef45cdf9fd885f724ef2eaef7f79e4e06947e6913,d6922c26bf8c46fc4709143b837cd35225a7e46cf6c998703ad38e3185a5b095,1682239,6070280,2,2,2,0,B0_base,b02f51279acc25929809f62ef45cdf9fd885f724ef2eaef7f79e4e06947e6913
case_074,1,C,incumbent_base,b02f51279acc25929809f62ef45cdf9fd885f724ef2eaef7f79e4e06947e6913,5967faee5dd1f023b17cf14a7a0ef2d39f4a8a35f50de02ff27b9df5165691df,1678120,6070280,1,1,1,0,incumbent_base,b02f51279acc25929809f62ef45cdf9fd885f724ef2eaef7f79e4e06947e6913
case_074,2,A,A1_base,56b877ebdc85e1f9095c9f77382872bcec5f40df6a3ec973ef28c60dba695063,992584c1097aa09ffeb94f79ca4e7a12352aff972e06f485ee7efa96413dc7c5,821757,7077888,3,3,3,0,A0_base,5fa369af94b74a66c0a7458baf40110eb18e48d2016dc6a5194e2aeb27160429
case_074,2,B,B1_base,56b877ebdc85e1f9095c9f77382872bcec5f40df6a3ec973ef28c60dba695063,275a53682d1537d99baf5f223fa0b49fac56846d3bc4f8035a315ae4e58b6d2b,821757,7077888,3,3,3,0,B0_base,5fa369af94b74a66c0a7458baf40110eb18e48d2016dc6a5194e2aeb27160429
case_074,2,C,r2_boundary_n4295_c1_p0,1c871c662b494912375f6be25797151f8801c1fd7dafdef5c5e1cbce045bfc18,a28b50f8fc3697ecd4920b6ab60e62f84969824bfe049ad4f71c1f1ca9aa8073,818681,7086080,3,3,3,0,incumbent_base,56b877ebdc85e1f9095c9f77382872bcec5f40df6a3ec973ef28c60dba695063
case_074,3,A,A1_base,7c4d667d3ff55f5ac9eba244fc01486e262db1376e17bfb5c544289efbcb316b,2aafee9689168f01f148a7d58f842d462397741be0b3c2e78d6b80a6d9c1a030,559584,7614464,3,3,3,0,A0_base,c346bf1f22c91bf89e3ab5c3ff668d611eeb91dc903a4dc8ca586de5fb1a7d70
case_074,3,B,B1_base,7c4d667d3ff55f5ac9eba244fc01486e262db1376e17bfb5c544289efbcb316b,0c807cd72637ccdf8f62673b6c782d3d4038cc1a29847d5314615d41e65bc38c,559584,7614464,3,3,3,0,B0_base,c346bf1f22c91bf89e3ab5c3ff668d611eeb91dc903a4dc8ca586de5fb1a7d70
case_074,3,C,incumbent_disperse_tid_2926_node_4699_core_2_pos_0,2b449e0ad8030d103b2d9a5d09e4e1cddcbaa665f6dd13a293710ed85a6886ef,4cecd85b8d93e916da83e253d1006fa7f9872b680c620fc9f1358a284fee3660,554482,7618560,3,3,3,0,incumbent_base,7c4d667d3ff55f5ac9eba244fc01486e262db1376e17bfb5c544289efbcb316b
case_074,4,A,L1_base,33f06998f8f34530449d64738cc587acd0e916a183cd6ffc88adb37ff151bf44,22469befa28d258eaa71e2a2083d2e3828318369eef89fca1d95605b291bc2a7,418987,7852032,3,3,3,0,A0_base,c8af4186e55e3ea8050678ac87a1861a9a51a7a5149e03bfcbd844cd24685758
case_074,4,B,L1_base,33f06998f8f34530449d64738cc587acd0e916a183cd6ffc88adb37ff151bf44,bbc97e3ea2ef0510211e8b7f350a1d50e119d48857928eb6ab1849226e698b61,418987,7852032,4,4,4,0,B0_base,c8af4186e55e3ea8050678ac87a1861a9a51a7a5149e03bfcbd844cd24685758
case_074,4,C,incumbent_base,33f06998f8f34530449d64738cc587acd0e916a183cd6ffc88adb37ff151bf44,a268bae120b28b81fd793cab88fc3f93e66687ac108089f0fcd9dc7de151b8e3,415633,7852032,3,3,3,0,incumbent_base,33f06998f8f34530449d64738cc587acd0e916a183cd6ffc88adb37ff151bf44
case_074,5,A,L1_base,cc013f3e5b1108272d5ef0f6c8c9183b5cb8c8149dc796528451ee1ba1bd7e31,0e3669c8390e93c73d968b8e0130b1e6b533f1f87bc06334c5d284b6667cc5c2,337275,7983104,3,3,3,0,A0_base,3ca6818e8c875b4d8b997a35387f2693ea8bfd25e8468f131547108f1522212d
case_074,5,B,L1_base,cc013f3e5b1108272d5ef0f6c8c9183b5cb8c8149dc796528451ee1ba1bd7e31,3ff20b112af2af889db07144acbfdf6d455232ec33c1c6987fd68b1a29e0e6bc,337275,7983104,4,4,4,0,B0_base,3ca6818e8c875b4d8b997a35387f2693ea8bfd25e8468f131547108f1522212d
case_074,5,C,incumbent_base,cc013f3e5b1108272d5ef0f6c8c9183b5cb8c8149dc796528451ee1ba1bd7e31,8bd28fe397d582ebe6f8602426c8dd26cdd82a0782c725562f6b43565aa152c7,335626,7983104,3,3,3,0,incumbent_base,cc013f3e5b1108272d5ef0f6c8c9183b5cb8c8149dc796528451ee1ba1bd7e31
