b_makespan,b_plan_sha256,c_final_makespan,c_final_plan_sha256,c_hit_bytes,c_hit_rate,c_initial_hit_bytes,c_initial_hit_rate,c_initial_makespan,c_initial_miss_bytes,c_initial_plan_sha256,c_miss_bytes,c_starts_from_b,case,cores,factor_identity_error,s_adapt,s_hw,s_opt
233110.0,64d6f2b297b709b570b8b55d1d194fec38860aedf63c11aaf60cc64933d51970,233110.0,64d6f2b297b709b570b8b55d1d194fec38860aedf63c11aaf60cc64933d51970,0.0,0.0,0.0,0.0,233110.0,820352.0,64d6f2b297b709b570b8b55d1d194fec38860aedf63c11aaf60cc64933d51970,820352.0,True,case_001,1,0.0,1.0,1.0,1.0
116868.0,fc7d4c6b099f9a509b58372974ca9b35bfd7db996285481d33b9f846e2c8cf38,116868.0,fc7d4c6b099f9a509b58372974ca9b35bfd7db996285481d33b9f846e2c8cf38,0.0,0.0,0.0,0.0,116868.0,821504.0,fc7d4c6b099f9a509b58372974ca9b35bfd7db996285481d33b9f846e2c8cf38,821504.0,True,case_001,2,0.0,1.0,1.0,1.0
78545.0,037717ddda462b41200b189c3cc49d60b005dcd00cfc8a0b57c9e3a76ed30182,78545.0,037717ddda462b41200b189c3cc49d60b005dcd00cfc8a0b57c9e3a76ed30182,0.0,0.0,0.0,0.0,78545.0,822656.0,037717ddda462b41200b189c3cc49d60b005dcd00cfc8a0b57c9e3a76ed30182,822656.0,True,case_001,3,0.0,1.0,1.0,1.0
58984.0,3ddd1070a59b500fd6ce5eec28f04a65ce82edb170caa33b50a06137ea49146d,58984.0,3ddd1070a59b500fd6ce5eec28f04a65ce82edb170caa33b50a06137ea49146d,0.0,0.0,0.0,0.0,58984.0,823808.0,3ddd1070a59b500fd6ce5eec28f04a65ce82edb170caa33b50a06137ea49146d,823808.0,True,case_001,4,0.0,1.0,1.0,1.0
47502.0,8bbb5cdc53db45251b1d0840f587de58fd1d232ff41cadc1bab3b9d244fbe497,47502.0,8bbb5cdc53db45251b1d0840f587de58fd1d232ff41cadc1bab3b9d244fbe497,0.0,0.0,0.0,0.0,47502.0,824960.0,8bbb5cdc53db45251b1d0840f587de58fd1d232ff41cadc1bab3b9d244fbe497,824960.0,True,case_001,5,0.0,1.0,1.0,1.0
260509.0,b65bba2214ff2963322aa79df3184dbcd519eba334242af97507baa02291c1b2,254213.0,b65bba2214ff2963322aa79df3184dbcd519eba334242af97507baa02291c1b2,1179648.0,0.37888505180069065,1179648.0,0.37888505180069065,254213.0,1933824.0,b65bba2214ff2963322aa79df3184dbcd519eba334242af97507baa02291c1b2,1933824.0,True,case_002,1,0.0,1.0,1.0247666327056444,1.0247666327056444
165091.0,91099e6689fcb130f0ff27ee088b471bc806dc7574b252cb453696d641f6d958,164754.0,3f41182e271f72c18619f59e4139dd6cc23ddaeb8ea5a205c510c035ff4f57a2,677376.0,0.18306351183063513,677376.0,0.18306351183063513,164754.0,3022848.0,91099e6689fcb130f0ff27ee088b471bc806dc7574b252cb453696d641f6d958,3022848.0,True,case_002,2,0.0,1.0,1.0020454738579943,1.0020454738579943
131349.0,b3d36dff0a8274bc1ade7f977079e908a2d2e7d86c645145f8a621bf5ffe399a,127539.0,5c5efeca25b7710302a9800634801f1aa00d6f1b81e5027db114c59dbbdb8b46,640512.0,0.15664913598797897,640512.0,0.15916030534351144,131327.0,3383808.0,b3d36dff0a8274bc1ade7f977079e908a2d2e7d86c645145f8a621bf5ffe399a,3448320.0,True,case_002,3,0.0,1.029700718995758,1.0001675207687681,1.0298732152518053
122326.0,741aa085fa609c60315181c62a1079b5e9a1bb1932405c2207b475cbf01e2294,119922.0,bc4f5884b63f47a1c0565ee4f48256c7ae2e3ae9897757ff1d70eaa8b8faa42d,387072.0,0.10709732256693583,396288.0,0.10964725881852953,120380.0,3217920.0,741aa085fa609c60315181c62a1079b5e9a1bb1932405c2207b475cbf01e2294,3227136.0,True,case_002,4,-2.220446049250313e-16,1.0038191491135906,1.01616547599269,1.0200463634695887
111678.0,6227e01a51e759646ebe55217f3db8a1c93da5ef9475516846c6ea1fa515377e,105055.0,ef74c0f7b26d475a7985b16a9a4b1aa0c199d5db31969d24d1f4d8ab58a584df,396288.0,0.10844892812105927,373248.0,0.10175879396984924,108499.0,3294720.0,6227e01a51e759646ebe55217f3db8a1c93da5ef9475516846c6ea1fa515377e,3257856.0,True,case_002,5,-2.220446049250313e-16,1.032782828042454,1.0292998092148316,1.0630431678644519
592981.0,81b979a8a4e1464522101fb8b81a11dfb725065e598ed46684f9e1832c330c1b,591743.0,427fc06a71f4eef0b3f8a9c995f2a3e04c13f396ace6e2e509b4628a23ce6b1a,0.0,0.0,0.0,0.0,592981.0,1284230.0,81b979a8a4e1464522101fb8b81a11dfb725065e598ed46684f9e1832c330c1b,1284230.0,True,case_003,1,0.0,1.0020921244526761,1.0,1.0020921244526761
538381.0,e2150f7e5b18faca8fabbc9d7a3e26b909ab743ccd0fc2be2be48846368840f5,531381.0,e39013b9123e492d2968a4e2a369ccc3b6587ddd782dc5a95de05a842cdd4c8f,98438.0,0.07025765469987867,65536.0,0.04740281251672653,538381.0,1316998.0,e2150f7e5b18faca8fabbc9d7a3e26b909ab743ccd0fc2be2be48846368840f5,1302662.0,True,case_003,2,0.0,1.0131732222266132,1.0,1.0131732222266132
524210.0,b7f56a3bf8bf8340d89e71b1fb25a49f14ba80658ec3ebfa1e193626439d3aed,522594.0,ef7b5f4544d1307714633cf53abbf3fc7c5db7db652f94751a3af4b4a15903ec,347016.0,0.10754823641421579,388104.0,0.1182926531906074,524167.0,2892776.0,b7f56a3bf8bf8340d89e71b1fb25a49f14ba80658ec3ebfa1e193626439d3aed,2879592.0,True,case_003,3,0.0,1.003009984806561,1.000082034923984,1.00309226665442
524210.0,7e8189ea2e6c01211fe2668789433997590eadbcb19facac419a152cb65ec220,522594.0,d4b902279bcb42a7ed04d7ad9ba849aa6857fffee669e5d91dafe0d83b969e09,347016.0,0.10754823641421579,388104.0,0.1182926531906074,524167.0,2892776.0,7e8189ea2e6c01211fe2668789433997590eadbcb19facac419a152cb65ec220,2879592.0,True,case_003,4,0.0,1.003009984806561,1.000082034923984,1.00309226665442
469702.0,dee9854711f9fac7e8eb9542663e9c8aa4652832d522465c9d118c3571599cc1,469516.0,dee9854711f9fac7e8eb9542663e9c8aa4652832d522465c9d118c3571599cc1,773512.0,0.18288238020030453,773512.0,0.18288238020030453,469516.0,3456048.0,dee9854711f9fac7e8eb9542663e9c8aa4652832d522465c9d118c3571599cc1,3456048.0,True,case_003,5,0.0,1.0,1.0003961526337761,1.0003961526337761
392195.0,58746e35687445a98fb1e20c6f8b6eca7be238cdcf8c0d40fe0f980eb0c21be3,387184.0,d2e7028728515736096b7591a0650673a21d87dec3c0cb7a41937b2e0b5af0a9,377856.0,0.22693726937269373,365568.0,0.22037037037037038,392195.0,1293312.0,58746e35687445a98fb1e20c6f8b6eca7be238cdcf8c0d40fe0f980eb0c21be3,1287168.0,True,case_004,1,0.0,1.0129421670316956,1.0,1.0129421670316956
199074.0,42e350599121a4269d0d2c5552f040e041660f8eabf6294ef20614c34c5a18e0,199074.0,42e350599121a4269d0d2c5552f040e041660f8eabf6294ef20614c34c5a18e0,0.0,0.0,0.0,0.0,199074.0,562176.0,42e350599121a4269d0d2c5552f040e041660f8eabf6294ef20614c34c5a18e0,562176.0,True,case_004,2,0.0,1.0,1.0,1.0
134043.0,36d272947bc88a2de6a1dfd945787406df8ec62943a5da88b9b14cac98ed576f,134043.0,36d272947bc88a2de6a1dfd945787406df8ec62943a5da88b9b14cac98ed576f,0.0,0.0,0.0,0.0,134043.0,672768.0,36d272947bc88a2de6a1dfd945787406df8ec62943a5da88b9b14cac98ed576f,672768.0,True,case_004,3,0.0,1.0,1.0,1.0
104188.0,b726b2c812a2b323ad4fcead47fc34ce890e6d9eb43b2a79131b69c8c645d059,104188.0,b726b2c812a2b323ad4fcead47fc34ce890e6d9eb43b2a79131b69c8c645d059,0.0,0.0,0.0,0.0,104188.0,783360.0,b726b2c812a2b323ad4fcead47fc34ce890e6d9eb43b2a79131b69c8c645d059,783360.0,True,case_004,4,0.0,1.0,1.0,1.0
88341.0,c29c478ab175fdbeee8fa1af08fbae48f7d861be9221d298c468b246093763c8,86005.0,8c903142d72445f0180d46e74a7f8a2b5df34f639f6ce369ad7df75665be82de,190464.0,0.20875420875420875,0.0,0.0,88341.0,893952.0,c29c478ab175fdbeee8fa1af08fbae48f7d861be9221d298c468b246093763c8,721920.0,True,case_004,5,0.0,1.0271612115574675,1.0,1.0271612115574675
93310.0,da482fa1ba38fb842dda063c752751b8693d0b0f714595779788777b15d3cf9a,93171.0,b485f9b5e9e46b3ca14a36c52d6e3e2253f4b00074aec454991287aebd5dac65,0.0,0.0,0.0,0.0,93310.0,318822.0,da482fa1ba38fb842dda063c752751b8693d0b0f714595779788777b15d3cf9a,318822.0,True,case_005,1,0.0,1.0014918805207629,1.0,1.0014918805207629
93310.0,7d835ad5b29fda7c9b2a1df1966b7ef19ebe1607b7118769e75185028a04fd2e,93060.0,edf2832ff9f4389fe97d03076b2aa06f297e37e239a9b66cd7dc48c0532c27bd,23044.0,0.05542060884748029,0.0,0.0,93310.0,318822.0,7d835ad5b29fda7c9b2a1df1966b7ef19ebe1607b7118769e75185028a04fd2e,392758.0,True,case_005,2,0.0,1.0026864388566517,1.0,1.0026864388566517
88696.0,2f33eeb9d2291a8a660c072ea6b9a02b2fbd6f175417499af1fe644f903bb1c0,86911.0,5df81b41124e66b2663a94e8fd8532521a1295dd43a5f0101a62f2c91e556223,132008.0,0.1184176768936261,132008.0,0.1184176768936261,88666.0,982758.0,2f33eeb9d2291a8a660c072ea6b9a02b2fbd6f175417499af1fe644f903bb1c0,982758.0,True,case_005,3,0.0,1.0201930710727065,1.0003383484086346,1.020538251774804
88696.0,c6c205bcb2a3f122ec8b0b604bce187490f2e9d323fdd036c136de7cbddcb9d4,86911.0,9984c2671d7a21b6236701465e83243701e7fa9ece32adb85399fe37af7b4e2d,132008.0,0.1184176768936261,132008.0,0.1184176768936261,88666.0,982758.0,c6c205bcb2a3f122ec8b0b604bce187490f2e9d323fdd036c136de7cbddcb9d4,982758.0,True,case_005,4,0.0,1.0201930710727065,1.0003383484086346,1.020538251774804
88696.0,71dfdbd0b0253182fdd644305a04dcc965950c9c7f363392506d954b0d383452,86911.0,d5a82aaffc551d98eab324b16d9349ffea4eaecda619b2074ca4e95cdc7a6681,132008.0,0.1184176768936261,132008.0,0.1184176768936261,88666.0,982758.0,71dfdbd0b0253182fdd644305a04dcc965950c9c7f363392506d954b0d383452,982758.0,True,case_005,5,0.0,1.0201930710727065,1.0003383484086346,1.020538251774804
73949.0,a3c6cdc7fe8ea279c067752375b79441357ec74830056a2a5a04b58e09ea2b63,73949.0,aa4d2aa2706a60cf550a5048acc0fe3700b8e228796dd1d0ec071393711a50dc,8192.0,0.011930560410113015,8192.0,0.011930560410113015,73949.0,678448.0,a3c6cdc7fe8ea279c067752375b79441357ec74830056a2a5a04b58e09ea2b63,678448.0,True,case_006,1,0.0,1.0,1.0,1.0
42696.0,c9d738c97dbd8e72cbed1f1261d5c556fb9868adf80a081f527efa3bcb126b43,41180.0,995200c64ffaeab78f3519c4d8c746c20b970bbce75045968e5995e11f5b7225,56192.0,0.09373769726086811,56192.0,0.09373769726086811,42696.0,543268.0,c9d738c97dbd8e72cbed1f1261d5c556fb9868adf80a081f527efa3bcb126b43,543268.0,True,case_006,2,0.0,1.0368139873725108,1.0,1.0368139873725108
31152.0,4b7cde5ab9e4d7e83597b19de672caaf871fdfbc275c678c3a25927f0a995b14,31152.0,4b7cde5ab9e4d7e83597b19de672caaf871fdfbc275c678c3a25927f0a995b14,30080.0,0.05246414020204275,30080.0,0.05246414020204275,31152.0,543264.0,4b7cde5ab9e4d7e83597b19de672caaf871fdfbc275c678c3a25927f0a995b14,543264.0,True,case_006,3,0.0,1.0,1.0,1.0
31152.0,57e616007f131a811ea9b3ce4d26dba68cfa39ea174528de592df8f4861841d1,31152.0,57e616007f131a811ea9b3ce4d26dba68cfa39ea174528de592df8f4861841d1,30080.0,0.05246414020204275,30080.0,0.05246414020204275,31152.0,543264.0,57e616007f131a811ea9b3ce4d26dba68cfa39ea174528de592df8f4861841d1,543264.0,True,case_006,4,0.0,1.0,1.0,1.0
31152.0,275d140a89b43751e8f21a42f52044bc77e1e69b72755249126f3d12654e7fe4,31152.0,275d140a89b43751e8f21a42f52044bc77e1e69b72755249126f3d12654e7fe4,30080.0,0.05246414020204275,30080.0,0.05246414020204275,31152.0,543264.0,275d140a89b43751e8f21a42f52044bc77e1e69b72755249126f3d12654e7fe4,543264.0,True,case_006,5,0.0,1.0,1.0,1.0
1012562.0,2f9f56272856e422f5cfd8c39b111f190a2382aa245cfc036013f67978bbb724,1012562.0,2f9f56272856e422f5cfd8c39b111f190a2382aa245cfc036013f67978bbb724,0.0,0.0,0.0,0.0,1012562.0,880128.0,2f9f56272856e422f5cfd8c39b111f190a2382aa245cfc036013f67978bbb724,880128.0,True,case_007,1,0.0,1.0,1.0,1.0
507494.0,e42b201150120ab0d3dc2328b40fdec6f1c5c3e63a485833c34d1f9b232ea3a3,507494.0,e42b201150120ab0d3dc2328b40fdec6f1c5c3e63a485833c34d1f9b232ea3a3,0.0,0.0,0.0,0.0,507494.0,907776.0,e42b201150120ab0d3dc2328b40fdec6f1c5c3e63a485833c34d1f9b232ea3a3,907776.0,True,case_007,2,0.0,1.0,1.0,1.0
338094.0,f47dc20ccc65a25412a6204f0088724a8f7bcd7d7dfa99c57a3a0eb824370c6d,338094.0,f47dc20ccc65a25412a6204f0088724a8f7bcd7d7dfa99c57a3a0eb824370c6d,0.0,0.0,0.0,0.0,338094.0,935424.0,f47dc20ccc65a25412a6204f0088724a8f7bcd7d7dfa99c57a3a0eb824370c6d,935424.0,True,case_007,3,0.0,1.0,1.0,1.0
254398.0,7dad11c302e5b5a38633b061ab641bf2ef1a365384d7007ef53473cfad54c8bf,254398.0,7dad11c302e5b5a38633b061ab641bf2ef1a365384d7007ef53473cfad54c8bf,0.0,0.0,0.0,0.0,254398.0,963072.0,7dad11c302e5b5a38633b061ab641bf2ef1a365384d7007ef53473cfad54c8bf,963072.0,True,case_007,4,0.0,1.0,1.0,1.0
203834.0,1d4599d04f4cdc746f63b7183515e658569dc61e8f43a9d20142db862e54add2,203834.0,1d4599d04f4cdc746f63b7183515e658569dc61e8f43a9d20142db862e54add2,0.0,0.0,0.0,0.0,203834.0,990720.0,1d4599d04f4cdc746f63b7183515e658569dc61e8f43a9d20142db862e54add2,990720.0,True,case_007,5,0.0,1.0,1.0,1.0
269325.0,6bd0070a2eb79cd8696141029e835bc93f718bcb6c83681e2e222d8d89f2aab5,269325.0,6bd0070a2eb79cd8696141029e835bc93f718bcb6c83681e2e222d8d89f2aab5,0.0,0.0,0.0,0.0,269325.0,3870936.0,6bd0070a2eb79cd8696141029e835bc93f718bcb6c83681e2e222d8d89f2aab5,3870936.0,True,case_008,1,0.0,1.0,1.0,1.0
244266.0,3a61c2b7e0166e2e9cae97ba2e483865bbc640246b6c50420ed270203c6d4894,244266.0,3a61c2b7e0166e2e9cae97ba2e483865bbc640246b6c50420ed270203c6d4894,0.0,0.0,0.0,0.0,244266.0,1990872.0,3a61c2b7e0166e2e9cae97ba2e483865bbc640246b6c50420ed270203c6d4894,1990872.0,True,case_008,2,0.0,1.0,1.0,1.0
163359.0,0634039160f6a88d100f92587a4ef29454efe38c5f15dc2f79dd013ae7ea5e0d,163359.0,0634039160f6a88d100f92587a4ef29454efe38c5f15dc2f79dd013ae7ea5e0d,0.0,0.0,0.0,0.0,163359.0,1990872.0,0634039160f6a88d100f92587a4ef29454efe38c5f15dc2f79dd013ae7ea5e0d,1990872.0,True,case_008,3,0.0,1.0,1.0,1.0
123060.0,0b85bbab496cbd95faa39acb2a28cc9bb36ff2e1c349f72e3b352e3b76d6863c,123060.0,0b85bbab496cbd95faa39acb2a28cc9bb36ff2e1c349f72e3b352e3b76d6863c,0.0,0.0,0.0,0.0,123060.0,1990872.0,0b85bbab496cbd95faa39acb2a28cc9bb36ff2e1c349f72e3b352e3b76d6863c,1990872.0,True,case_008,4,0.0,1.0,1.0,1.0
100603.0,6ccb32ada1804f19d8aa1432108f7a23799639446adbc086e2b5c3ac2e6162d0,100603.0,6ccb32ada1804f19d8aa1432108f7a23799639446adbc086e2b5c3ac2e6162d0,0.0,0.0,0.0,0.0,100603.0,1990872.0,6ccb32ada1804f19d8aa1432108f7a23799639446adbc086e2b5c3ac2e6162d0,1990872.0,True,case_008,5,0.0,1.0,1.0,1.0
153201.0,09444eae196f7ff9acd566006191e2ec02d6cc2040ee61e7484a205478dfbd55,153201.0,09444eae196f7ff9acd566006191e2ec02d6cc2040ee61e7484a205478dfbd55,0.0,0.0,0.0,0.0,153201.0,495194.0,09444eae196f7ff9acd566006191e2ec02d6cc2040ee61e7484a205478dfbd55,495194.0,True,case_009,1,0.0,1.0,1.0,1.0
92198.0,04723cd5a1aa8091f70deb4f1191b8c0639fbe69adc5f707a7c8c5b366a5c65c,92198.0,04723cd5a1aa8091f70deb4f1191b8c0639fbe69adc5f707a7c8c5b366a5c65c,0.0,0.0,0.0,0.0,92198.0,495194.0,04723cd5a1aa8091f70deb4f1191b8c0639fbe69adc5f707a7c8c5b366a5c65c,495194.0,True,case_009,2,0.0,1.0,1.0,1.0
91278.0,80d563b5f6f71ae74fa08d3dfd6802f5cee5f784b379f07f1d77ff82885ae2bc,91278.0,80d563b5f6f71ae74fa08d3dfd6802f5cee5f784b379f07f1d77ff82885ae2bc,38.0,7.602432778489116e-05,38.0,7.602432778489116e-05,91278.0,499802.0,80d563b5f6f71ae74fa08d3dfd6802f5cee5f784b379f07f1d77ff82885ae2bc,499802.0,True,case_009,3,0.0,1.0,1.0,1.0
91278.0,1a629d7da15431d7d932ba2591c7a1235f0a9eb603c99e66471eaa1202a0baf9,90556.0,d0328678808e5fe5e24cdb44e65d8e9f87d84653421074a21b74f939d580c3ff,31308.0,0.055522648516168394,38.0,7.602432778489116e-05,91278.0,499802.0,1a629d7da15431d7d932ba2591c7a1235f0a9eb603c99e66471eaa1202a0baf9,532570.0,True,case_009,4,0.0,1.0079729670038429,1.0,1.0079729670038429
91278.0,eb5d2db1a46dea477740c15e801223192a4a63849913b8f83e4c125eddcb502c,90556.0,828780faa8a24f594e2367f4deedf37deb0149b7171ca6ef5c8c4e704dccdfe4,31308.0,0.055522648516168394,38.0,7.602432778489116e-05,91278.0,499802.0,eb5d2db1a46dea477740c15e801223192a4a63849913b8f83e4c125eddcb502c,532570.0,True,case_009,5,0.0,1.0079729670038429,1.0,1.0079729670038429
81326.0,354bd5fd8fd1ec0ffda309b3efb2af346b81367ec646be3a27fe82951529a8a9,79774.0,cbf9e4f1f96bb0df89e372957699ef29639cd2a0dbcc9b4536b50eadd864d8a9,0.0,0.0,0.0,0.0,81326.0,496206.0,354bd5fd8fd1ec0ffda309b3efb2af346b81367ec646be3a27fe82951529a8a9,496206.0,True,case_010,1,0.0,1.0194549602627423,1.0,1.0194549602627423
45272.0,a045ab24aa4c2acc235e38e1e0039ea3b83da64b70de24f2c15dfe330afd602e,41774.0,668218595e1822b1007f688c72644fa28f7860380b1550f02d694b7d0724b8dd,48384.0,0.11188035018105637,48384.0,0.11188035018105637,45272.0,384078.0,a045ab24aa4c2acc235e38e1e0039ea3b83da64b70de24f2c15dfe330afd602e,384078.0,True,case_010,2,0.0,1.0837362953032987,1.0,1.0837362953032987
32786.0,cc06133f55b6627abea804e2dcd344084ae9d3023df5cfe770525d1f49839098,30412.0,4660e11ad060d723f4abe998f2a8cc1247578acca176cb54a50183554b4bdec4,44928.0,0.0993881153687899,19584.0,0.04639724800636825,32786.0,402510.0,cc06133f55b6627abea804e2dcd344084ae9d3023df5cfe770525d1f49839098,407118.0,True,case_010,3,0.0,1.0780612915954229,1.0,1.0780612915954229
29918.0,ffd662fa62a2bf7d38ec9335a80f5df85019bef00cc790dc95d2d15538728e30,29845.0,9bfeddfb84ca2faf4f8067a0d70540ae5217b7d5a3543e57c330528737f82892,65664.0,0.13655931420870715,49536.0,0.10301843001709488,29858.0,431310.0,ffd662fa62a2bf7d38ec9335a80f5df85019bef00cc790dc95d2d15538728e30,415182.0,True,case_010,4,0.0,1.000435583849891,1.0020095116886596,1.0024459708493885
29918.0,493250ac6eaea1a8dcc477c0fac3c42a0e98cd94a2cbf7c84f8d29d5303d219a,29845.0,66f8192ae56cbf679b8594f892ec67fa222049db22ff0d14526e5487ff40434f,65664.0,0.13655931420870715,49536.0,0.10301843001709488,29858.0,431310.0,493250ac6eaea1a8dcc477c0fac3c42a0e98cd94a2cbf7c84f8d29d5303d219a,415182.0,True,case_010,5,0.0,1.000435583849891,1.0020095116886596,1.0024459708493885
184697.0,dd532f33d8dba0014f7021fab8cde4ed9ea0c35357558500c69bfc1e1ceca465,184697.0,dd532f33d8dba0014f7021fab8cde4ed9ea0c35357558500c69bfc1e1ceca465,0.0,0.0,0.0,0.0,184697.0,540672.0,dd532f33d8dba0014f7021fab8cde4ed9ea0c35357558500c69bfc1e1ceca465,540672.0,True,case_011,1,0.0,1.0,1.0,1.0
92646.0,d6bbfafe92ef2f32c3876ef7991ccca8030e32d9dbe9809cd73771841c6c9cca,92646.0,d6bbfafe92ef2f32c3876ef7991ccca8030e32d9dbe9809cd73771841c6c9cca,0.0,0.0,0.0,0.0,92646.0,720896.0,d6bbfafe92ef2f32c3876ef7991ccca8030e32d9dbe9809cd73771841c6c9cca,720896.0,True,case_011,2,0.0,1.0,1.0,1.0
69279.0,4c11fdf5fc2742980f542fdff536ab0d845c1ab67ef55558a53d0901fac81fd1,68637.0,4c18635baf73e51f7727fd2c4a04bf76f6521824ebb4229362337a640faea806,987136.0,0.6070528967254408,983040.0,0.6037735849056604,69144.0,645120.0,4c11fdf5fc2742980f542fdff536ab0d845c1ab67ef55558a53d0901fac81fd1,638976.0,True,case_011,3,-2.220446049250313e-16,1.0073866864810526,1.0019524470669907,1.0093535556623978
46880.0,4b44b69c0f02d4aac53aa4bfc86e317c46a7664b2899b7e554ba3dd492a6ea96,46880.0,4b44b69c0f02d4aac53aa4bfc86e317c46a7664b2899b7e554ba3dd492a6ea96,0.0,0.0,0.0,0.0,46880.0,1081344.0,4b44b69c0f02d4aac53aa4bfc86e317c46a7664b2899b7e554ba3dd492a6ea96,1081344.0,True,case_011,4,0.0,1.0,1.0,1.0
46880.0,1cd938a9b05f3906fe9e5cae2405317c8fa4825d514a1fed24ee7ce787382299,46777.0,fad3efa6189e5616cdba353b27889880b6b1f8ff16a8ae7b526f4b716fc56771,1347584.0,0.6231060606060606,0.0,0.0,46880.0,1081344.0,1cd938a9b05f3906fe9e5cae2405317c8fa4825d514a1fed24ee7ce787382299,815104.0,True,case_011,5,0.0,1.0022019368493063,1.0,1.0022019368493063
42251.0,801a7b9340f91825e67d8fd1f003a35e4a1f70d074569c799de31f44ce6a5d3d,42239.0,535d347f602b10d60859804a81e1bef9ec7616388b48f047af05e021a3ceeedc,0.0,0.0,0.0,0.0,42251.0,488192.0,801a7b9340f91825e67d8fd1f003a35e4a1f70d074569c799de31f44ce6a5d3d,488192.0,True,case_012,1,0.0,1.0002840976348872,1.0,1.0002840976348872
30058.0,db30914618b4c8f56b037619f2bd7f5e53a72647f2c498d2d97d684db3177abf,29156.0,796ac57ae9a4f80872cc2d41381df99589d9dc242705c2f30581ec8ba92ba6ba,29376.0,0.057210519755702356,29376.0,0.057210519755702356,30058.0,484096.0,db30914618b4c8f56b037619f2bd7f5e53a72647f2c498d2d97d684db3177abf,484096.0,True,case_012,2,0.0,1.0309370283989574,1.0,1.0309370283989574
20661.0,fb3e4c1687241e5f52f329b4690b5a2082be02ec7e73537e5ee44ebb6b41dcdb,20561.0,c33ac33226018a3e675934839fccf05cb46996f664d67d1dc559b7d08041d7aa,39168.0,0.07468879668049792,39168.0,0.074853228962818,20661.0,484096.0,fb3e4c1687241e5f52f329b4690b5a2082be02ec7e73537e5ee44ebb6b41dcdb,485248.0,True,case_012,3,0.0,1.0048635766742862,1.0,1.0048635766742862
15863.0,94df594345b7cdb72dad9fa353916ed3c391b91d54c302c29df851cb06d13417,15705.0,f6eba84502c68d02c9f9077116582982a6a064e9648a8b2a04db38c0c396acf2,49536.0,0.09282801631086592,49536.0,0.09282801631086592,15863.0,484096.0,94df594345b7cdb72dad9fa353916ed3c391b91d54c302c29df851cb06d13417,484096.0,True,case_012,4,0.0,1.0100604902897166,1.0,1.0100604902897166
13406.0,74e2f48a02bc0da889d9ecfa1e9a1620e41c58aa5959111496f36eec5e3f8b21,13406.0,4b293d7da5a1ffae9b39529d488931796e59c19b6739a2bda984e891e0acf9a2,41280.0,0.07677657421735508,41280.0,0.07677657421735508,13406.0,496384.0,74e2f48a02bc0da889d9ecfa1e9a1620e41c58aa5959111496f36eec5e3f8b21,496384.0,True,case_012,5,0.0,1.0,1.0,1.0
263949.0,b43a2d879758c1855d0c5d1f91e4d37cbfb200f27ed7c8d01111594cf43b0ffe,263949.0,b43a2d879758c1855d0c5d1f91e4d37cbfb200f27ed7c8d01111594cf43b0ffe,0.0,0.0,0.0,0.0,263949.0,2023424.0,b43a2d879758c1855d0c5d1f91e4d37cbfb200f27ed7c8d01111594cf43b0ffe,2023424.0,True,case_013,1,0.0,1.0,1.0,1.0
132198.0,de16cbf26002ef32c4b79dff55cc247f253cc5d0400d9631b283be2bdac0258e,132198.0,de16cbf26002ef32c4b79dff55cc247f253cc5d0400d9631b283be2bdac0258e,0.0,0.0,0.0,0.0,132198.0,2031616.0,de16cbf26002ef32c4b79dff55cc247f253cc5d0400d9631b283be2bdac0258e,2031616.0,True,case_013,2,0.0,1.0,1.0,1.0
88351.0,8ecaf3cd433a36e7089f934de3d1a88bc54a3597d2732a9db6e29ee9b24e9ff8,88351.0,8ecaf3cd433a36e7089f934de3d1a88bc54a3597d2732a9db6e29ee9b24e9ff8,0.0,0.0,0.0,0.0,88351.0,2039808.0,8ecaf3cd433a36e7089f934de3d1a88bc54a3597d2732a9db6e29ee9b24e9ff8,2039808.0,True,case_013,3,0.0,1.0,1.0,1.0
66982.0,e898621a62e15ac5efc688737808bc9d99acd1fc2b8d9f4765cc72645f7fd207,66982.0,e898621a62e15ac5efc688737808bc9d99acd1fc2b8d9f4765cc72645f7fd207,0.0,0.0,0.0,0.0,66982.0,2048000.0,e898621a62e15ac5efc688737808bc9d99acd1fc2b8d9f4765cc72645f7fd207,2048000.0,True,case_013,4,0.0,1.0,1.0,1.0
54349.0,7f7d201997daa1ea9a5ca76cca4e2990d9b4456a26c4b58ba45edddeb98af8a5,53418.0,47a706babf8e2694bdc76785cd4060efb472bdcb4f6cc07e08808b1ea2655797,30720.0,0.01488095238095238,24576.0,0.011904761904761904,54125.0,2039808.0,7f7d201997daa1ea9a5ca76cca4e2990d9b4456a26c4b58ba45edddeb98af8a5,2033664.0,True,case_013,5,0.0,1.0132352390579955,1.0041385681293302,1.0174285821258753
17698626.0,e4470d63e799b39297ce8ca9f032c36890a56cad0044a10c7428fac25edf97c2,17689602.0,e4470d63e799b39297ce8ca9f032c36890a56cad0044a10c7428fac25edf97c2,9944064.0,0.12291025483195864,9944064.0,0.12291025483195864,17689602.0,70961016.0,e4470d63e799b39297ce8ca9f032c36890a56cad0044a10c7428fac25edf97c2,70961016.0,True,case_014,1,0.0,1.0,1.0005101301883446,1.0005101301883446
8897730.0,4b9922fe7fb2a9eff94180beb253dce463e8da71ea74e32b03e7d3d5f88c9282,8888616.0,4b9922fe7fb2a9eff94180beb253dce463e8da71ea74e32b03e7d3d5f88c9282,18627072.0,0.22808041447366487,18627072.0,0.22808041447366487,8888616.0,63041808.0,4b9922fe7fb2a9eff94180beb253dce463e8da71ea74e32b03e7d3d5f88c9282,63041808.0,True,case_014,2,0.0,1.0,1.001025356478444,1.001025356478444
5980663.0,5819f68b648751ce0da9f22f932797eef4d361f1df3e93283ae3b56aa4fecaa6,5942569.0,5819f68b648751ce0da9f22f932797eef4d361f1df3e93283ae3b56aa4fecaa6,25331592.0,0.2889011452220373,25331592.0,0.2889011452220373,5942569.0,62350968.0,5819f68b648751ce0da9f22f932797eef4d361f1df3e93283ae3b56aa4fecaa6,62350968.0,True,case_014,3,0.0,1.0,1.006410358886872,1.006410358886872
4521815.0,2b4c50ecdc7217545ac6dd5fe849bac596f0a7ad2bd2136a46c7f6fa9f1c5f4e,4500714.0,2b4c50ecdc7217545ac6dd5fe849bac596f0a7ad2bd2136a46c7f6fa9f1c5f4e,25165248.0,0.2741379788156885,25165248.0,0.2741379788156885,4500714.0,66632496.0,2b4c50ecdc7217545ac6dd5fe849bac596f0a7ad2bd2136a46c7f6fa9f1c5f4e,66632496.0,True,case_014,4,0.0,1.0,1.0046883672235116,1.0046883672235116
3681597.0,5e95a7d06707c3eef9809f51255ce41088cb047bb41a88254e3984c21b770968,3672221.0,5e95a7d06707c3eef9809f51255ce41088cb047bb41a88254e3984c21b770968,26205696.0,0.26998003158945183,26205696.0,0.26998003158945183,3672221.0,70859616.0,5e95a7d06707c3eef9809f51255ce41088cb047bb41a88254e3984c21b770968,70859616.0,True,case_014,5,0.0,1.0,1.0025532232401047,1.0025532232401047
167767.0,4b9744a906dc12cafb1e506132277438cd486224b5675e0edffa5e1853697835,167630.0,05eac0a4639d44eb516156ab3bf2217d39ce311aa1569c378bf6865c9e29d771,204800.0,0.16504788645221186,204800.0,0.16504788645221186,167630.0,1036052.0,4b9744a906dc12cafb1e506132277438cd486224b5675e0edffa5e1853697835,1036052.0,True,case_015,1,0.0,1.0,1.0008172761438883,1.0008172761438883
90509.0,757ed6ad36ed986db4a0637f126dbd0c44b405b2b1a57723982c5040f65573de,87390.0,91bd97a4b14e2c9c6fabf323ac5438a7e40b0960479d0894e607b9d7a831bfad,199936.0,0.18437068895561146,199936.0,0.18437068895561146,90509.0,884488.0,757ed6ad36ed986db4a0637f126dbd0c44b405b2b1a57723982c5040f65573de,884488.0,True,case_015,2,0.0,1.0356905824465041,1.0,1.0356905824465041
60578.0,ff4c6e3efbdc107420cea015b63d57f0613a374bcec493725c7127fd85a78dcc,60578.0,ff4c6e3efbdc107420cea015b63d57f0613a374bcec493725c7127fd85a78dcc,290048.0,0.24694687944856522,290048.0,0.24694687944856522,60578.0,884488.0,ff4c6e3efbdc107420cea015b63d57f0613a374bcec493725c7127fd85a78dcc,884488.0,True,case_015,3,0.0,1.0,1.0,1.0
48727.0,6f73e447dab3b7d8a3b0dac2572130a4e5f7e3c923c12f36db3c868178feb70a,48669.0,644250a292464fa504a7dc478fcb84899ae7555f70256d2a0cc2ff442a54bb0a,260480.0,0.20893123268464764,260480.0,0.20893123268464764,48669.0,986246.0,6f73e447dab3b7d8a3b0dac2572130a4e5f7e3c923c12f36db3c868178feb70a,986246.0,True,case_015,4,0.0,1.0,1.001191723684481,1.001191723684481
43665.0,6a7a5c87a1caf3d4ab3e5bb1e5851d131f3e751093760d0a0b9f8b22f5dcdc61,42872.0,18dfef999a8b14a89675764c96223cf1311a37824999ad96e461d28279bde639,303616.0,0.2486890453170127,303616.0,0.2486890453170127,42872.0,917250.0,6a7a5c87a1caf3d4ab3e5bb1e5851d131f3e751093760d0a0b9f8b22f5dcdc61,917250.0,True,case_015,5,0.0,1.0,1.0184969210673633,1.0184969210673633
7715523.0,ceb691fa3f6538b83035d95def0b97b3c816ea719b0a9eb61639b5899d297c41,7715523.0,ceb691fa3f6538b83035d95def0b97b3c816ea719b0a9eb61639b5899d297c41,0.0,0.0,0.0,0.0,7715523.0,393216.0,ceb691fa3f6538b83035d95def0b97b3c816ea719b0a9eb61639b5899d297c41,393216.0,True,case_016,1,0.0,1.0,1.0,1.0
7712915.0,e2438d3e4d442d491994663f96bb030d5709dded898d99b202205b6a635ab902,7712915.0,e2438d3e4d442d491994663f96bb030d5709dded898d99b202205b6a635ab902,0.0,0.0,0.0,0.0,7712915.0,1671186.0,e2438d3e4d442d491994663f96bb030d5709dded898d99b202205b6a635ab902,1671186.0,True,case_016,2,0.0,1.0,1.0,1.0
7712915.0,9b208e19b9153bcd714c2364b66966bae3f24f6dc30e608d036c228063b016f1,7712915.0,9b208e19b9153bcd714c2364b66966bae3f24f6dc30e608d036c228063b016f1,0.0,0.0,0.0,0.0,7712915.0,1671186.0,9b208e19b9153bcd714c2364b66966bae3f24f6dc30e608d036c228063b016f1,1671186.0,True,case_016,3,0.0,1.0,1.0,1.0
7706495.0,9f8ef528a0148a6b845ef6254c467e77bf8c32e933026142c176a3ef7b717a3f,7706472.0,5c698fb3551dce4955b3b1cf8e369c9b7ec9a7d6bd4f8ddbe28a7f9e8c318541,425984.0,0.12744945511815547,425984.0,0.1262120964320337,7706495.0,2949160.0,9f8ef528a0148a6b845ef6254c467e77bf8c32e933026142c176a3ef7b717a3f,2916392.0,True,case_016,4,0.0,1.000002984504453,1.0,1.000002984504453
7706495.0,03da0b47a1a75f2ff482f833cdb9eb23554517ec97c8a07e9c4669d1f35f24e3,7706472.0,6d6434de9c3ef3ce26d1ae7f99555457339f55d779d89363ccbbf36dce152590,425984.0,0.12744945511815547,425984.0,0.1262120964320337,7706495.0,2949160.0,03da0b47a1a75f2ff482f833cdb9eb23554517ec97c8a07e9c4669d1f35f24e3,2916392.0,True,case_016,5,0.0,1.000002984504453,1.0,1.000002984504453
149759.0,dcacb380b97c27d2be9ff5a79145ba80f2971fe35b77da6a62f21bf0c82a0028,149367.0,34703b265954a7ad17f84c4effa661ab3235a529c5d321e39b05cc59a7890981,22528.0,0.03539389216551923,22528.0,0.03539389216551923,149759.0,613966.0,dcacb380b97c27d2be9ff5a79145ba80f2971fe35b77da6a62f21bf0c82a0028,613966.0,True,case_017,1,0.0,1.0026244083365135,1.0,1.0026244083365135
81772.0,c4c948863aa79a57348d7719de80e03d77263c02951d8e9646e9f85d9a55c1c9,81772.0,c4c948863aa79a57348d7719de80e03d77263c02951d8e9646e9f85d9a55c1c9,8064.0,0.012950680135545314,8064.0,0.012950680135545314,81772.0,614606.0,c4c948863aa79a57348d7719de80e03d77263c02951d8e9646e9f85d9a55c1c9,614606.0,True,case_017,2,0.0,1.0,1.0,1.0
55389.0,8746382f7c2a1f5d53f8718aa15afe643ea48fce568d433525f7be0562ecdaa8,55154.0,3007ad2d807dd20e4c9c749a84e2445f828084dece49d7cfbec1eb4a8dd65442,97792.0,0.13729625001754953,92160.0,0.12976224335489467,55389.0,618062.0,8746382f7c2a1f5d53f8718aa15afe643ea48fce568d433525f7be0562ecdaa8,614478.0,True,case_017,3,0.0,1.0042607970410125,1.0,1.0042607970410125
41209.0,97824cfc534af0b6150a068854e5424126b728fe9c92912d573eb1e90e8e392c,41209.0,3b84215c77639b86b3d5a32a24180ec430a016fd5fb75c4b5dde3fdca3073edb,251136.0,0.31847498852335526,251136.0,0.31847498852335526,41209.0,537422.0,97824cfc534af0b6150a068854e5424126b728fe9c92912d573eb1e90e8e392c,537422.0,True,case_017,4,0.0,1.0,1.0,1.0
34231.0,5d9f1d59fbdbdc80584f9a227c4f45d0528f6e024659e0241ef63425f53558b7,34231.0,464b673022fb5b088d293e35da8986d44ad044b1ad23dea3c30fab73760a5644,188928.0,0.21621275202962673,188928.0,0.21621275202962673,34231.0,684878.0,5d9f1d59fbdbdc80584f9a227c4f45d0528f6e024659e0241ef63425f53558b7,684878.0,True,case_017,5,0.0,1.0,1.0,1.0
990647.0,2dbb9b5b9cfe5e1fce5afe37b6d862ea8c2e88629fd1b5ccaffd68561f742cbe,990647.0,284b081b308ebd90a6805abd6cd37e7aad0741d8b1888db9bfc4485b9e34bf55,73728.0,0.016747030972739736,73728.0,0.016747030972739736,990647.0,4328724.0,2dbb9b5b9cfe5e1fce5afe37b6d862ea8c2e88629fd1b5ccaffd68561f742cbe,4328724.0,True,case_018,1,0.0,1.0,1.0,1.0
504468.0,906f44db860eff34355e11ff9c39dc0eb86d1da83cd66074bb5cde65c494d644,502571.0,906f44db860eff34355e11ff9c39dc0eb86d1da83cd66074bb5cde65c494d644,2450432.0,0.505677029636117,2450432.0,0.505677029636117,502571.0,2395412.0,906f44db860eff34355e11ff9c39dc0eb86d1da83cd66074bb5cde65c494d644,2395412.0,True,case_018,2,0.0,1.0,1.0037745910528064,1.0037745910528064
341047.0,25065b8dad80c7cf99cce510e1f2b9d6b62d94bbe2c0bf2cbc133ba81d9b6c81,338488.0,721f6b70585f2c95693ae587c1715a5a1070f3df21715f939cc12f1e0d03981c,3557376.0,0.6255774153317619,3557376.0,0.6255774153317619,338488.0,2129172.0,25065b8dad80c7cf99cce510e1f2b9d6b62d94bbe2c0bf2cbc133ba81d9b6c81,2129172.0,True,case_018,3,0.0,1.0,1.007560090756541,1.007560090756541
253676.0,16be042c1dd7225ee00fbcd2d8d6dd205bf6e08d92b163bed0304f032b233285,253384.0,e49032b233857aa53a033d53b30724cb5bdcbd6ce54c06d26648895c39fd4271,3673088.0,0.5623782410614164,3673088.0,0.5623782410614164,253384.0,2858260.0,16be042c1dd7225ee00fbcd2d8d6dd205bf6e08d92b163bed0304f032b233285,2858260.0,True,case_018,4,0.0,1.0,1.0011524010987276,1.0011524010987276
205219.0,7336b07996ebfa20a418d69901a20c80dbb2dcc113330ead995b1798813c3741,201659.0,cb7643953ccb56c25a98178bee8cd39677ea7fc0a94b4b717ee9b7efe52e8caf,3969664.0,0.5721728090845094,3969664.0,0.5721728090845094,201659.0,2968212.0,7336b07996ebfa20a418d69901a20c80dbb2dcc113330ead995b1798813c3741,2968212.0,True,case_018,5,0.0,1.0,1.0176535636891981,1.0176535636891981
70264.0,ee1882e7ffaa8b34d8a6acf35ba262f2f8586d7b6137991b8fbe0ec572e01cdd,70264.0,ee1882e7ffaa8b34d8a6acf35ba262f2f8586d7b6137991b8fbe0ec572e01cdd,0.0,0.0,0.0,0.0,70264.0,182324.0,ee1882e7ffaa8b34d8a6acf35ba262f2f8586d7b6137991b8fbe0ec572e01cdd,182324.0,True,case_019,1,0.0,1.0,1.0,1.0
41382.0,6dbcc2c80c54ba706ce50d741fa229157914b21eddb68bbf3bfa8fde51abb699,39509.0,b573af0c46010b4daa1e1f772f27c6534e0f2ef685dc7a1247e1f60e888395f9,27168.0,0.13161515357039047,27168.0,0.13161515357039047,41382.0,179252.0,6dbcc2c80c54ba706ce50d741fa229157914b21eddb68bbf3bfa8fde51abb699,179252.0,True,case_019,2,0.0,1.0474069199422917,1.0,1.0474069199422917
28657.0,959aa60d2b4f81ab394b5162eea41cea8d9ff73fad3c5ab4a4dc7e5c55de5f0f,26572.0,369b38d5262237b09c01e4663822fcfdfc0e40bd7166c240a825cbde6258640e,54336.0,0.23261468911074198,54336.0,0.23261468911074198,28657.0,179252.0,959aa60d2b4f81ab394b5162eea41cea8d9ff73fad3c5ab4a4dc7e5c55de5f0f,179252.0,True,case_019,3,0.0,1.0784660544934517,1.0,1.0784660544934517
24099.0,0880c30f32be7bb5aabff79daf723453f55972fc15df65aaeed3006d092f0048,23835.0,bad70507678106d6c8a5c422dccc76dd559e90e424548d8bbe918d722c30c6ed,48160.0,0.20089099494435453,46144.0,0.19754439440382213,24099.0,187444.0,0880c30f32be7bb5aabff79daf723453f55972fc15df65aaeed3006d092f0048,191572.0,True,case_019,4,0.0,1.0110761485210824,1.0,1.0110761485210824
24099.0,e52b63b48d999d2a0e2dd08cffce7eaa25bcd24f0d30c0c5a90520648e448c3f,23835.0,7861688fa80ca439c0c3ab00403723b3c759d05a64bc27d7f230f801b7ebc3b7,48160.0,0.20089099494435453,46144.0,0.19754439440382213,24099.0,187444.0,e52b63b48d999d2a0e2dd08cffce7eaa25bcd24f0d30c0c5a90520648e448c3f,191572.0,True,case_019,5,0.0,1.0110761485210824,1.0,1.0110761485210824
532746.0,7ddee8492be9d4e50fbf482badb38b6b5fc65bf73aa53b9d8c47733aca95ef7d,532746.0,7ddee8492be9d4e50fbf482badb38b6b5fc65bf73aa53b9d8c47733aca95ef7d,0.0,0.0,0.0,0.0,532746.0,1179648.0,7ddee8492be9d4e50fbf482badb38b6b5fc65bf73aa53b9d8c47733aca95ef7d,1179648.0,True,case_020,1,0.0,1.0,1.0,1.0
266580.0,b5aa4bc571e7d6b6cb2edd77dc638955745ac3971fed1947f40d1b1cad2dbc7c,266580.0,b5aa4bc571e7d6b6cb2edd77dc638955745ac3971fed1947f40d1b1cad2dbc7c,0.0,0.0,0.0,0.0,266580.0,1179648.0,b5aa4bc571e7d6b6cb2edd77dc638955745ac3971fed1947f40d1b1cad2dbc7c,1179648.0,True,case_020,2,0.0,1.0,1.0,1.0
177950.0,c796469805e5d0eddd0592222b7bc532b69c597b57d6ae81be785628712e6671,177950.0,c796469805e5d0eddd0592222b7bc532b69c597b57d6ae81be785628712e6671,0.0,0.0,0.0,0.0,177950.0,1179648.0,c796469805e5d0eddd0592222b7bc532b69c597b57d6ae81be785628712e6671,1179648.0,True,case_020,3,0.0,1.0,1.0,1.0
133704.0,258dbb524a7c13e9b8ce597d8b1a8b39b96cd29b8e44f5d56333128394d1a295,133704.0,258dbb524a7c13e9b8ce597d8b1a8b39b96cd29b8e44f5d56333128394d1a295,0.0,0.0,0.0,0.0,133704.0,1179648.0,258dbb524a7c13e9b8ce597d8b1a8b39b96cd29b8e44f5d56333128394d1a295,1179648.0,True,case_020,4,0.0,1.0,1.0,1.0
107650.0,469f91d67b38b31d152ca1aafe856912000dd91bc605c0b682087c9437491672,107650.0,469f91d67b38b31d152ca1aafe856912000dd91bc605c0b682087c9437491672,0.0,0.0,0.0,0.0,107650.0,1179648.0,469f91d67b38b31d152ca1aafe856912000dd91bc605c0b682087c9437491672,1179648.0,True,case_020,5,0.0,1.0,1.0,1.0
6567937.0,75c76d7ca84bf5240860631260ea9acadc6a6a12f28c2b338762b8ba1f477e40,6558837.0,75c76d7ca84bf5240860631260ea9acadc6a6a12f28c2b338762b8ba1f477e40,3432448.0,0.5005973715651135,3432448.0,0.5005973715651135,6558837.0,3424256.0,75c76d7ca84bf5240860631260ea9acadc6a6a12f28c2b338762b8ba1f477e40,3424256.0,True,case_021,1,0.0,1.0,1.0013874410966457,1.0013874410966457
3194570.0,70bd2b78c6d49d79ea068856701774a7f1d352836d0dfac2f8aa3c8156f3209a,3193634.0,70bd2b78c6d49d79ea068856701774a7f1d352836d0dfac2f8aa3c8156f3209a,1204224.0,0.21777777777777776,1204224.0,0.21777777777777776,3193634.0,4325376.0,70bd2b78c6d49d79ea068856701774a7f1d352836d0dfac2f8aa3c8156f3209a,4325376.0,True,case_021,2,0.0,1.0,1.0002930830520969,1.0002930830520969
2144024.0,d731c45b1768ca2a06ff254859312d71bf19e18103abf52b461f882c62a5e9dd,2142612.0,f2b50f8724152300e3c71667a1266c5280316fc21dc4abeb5447ed96ceac1063,5926912.0,0.5634735202492211,5525504.0,0.5459328207203561,2142851.0,4595712.0,d731c45b1768ca2a06ff254859312d71bf19e18103abf52b461f882c62a5e9dd,4591616.0,True,case_021,3,0.0,1.0001115460942065,1.0005474015692177,1.0006590087239313
1550324.0,aa5e3ecbb88cf3dc5293373b4001222a2303b9cea0c565b3c82d7bf86d08161f,1550324.0,aa5e3ecbb88cf3dc5293373b4001222a2303b9cea0c565b3c82d7bf86d08161f,0.0,0.0,0.0,0.0,1550324.0,6963200.0,aa5e3ecbb88cf3dc5293373b4001222a2303b9cea0c565b3c82d7bf86d08161f,6963200.0,True,case_021,4,0.0,1.0,1.0,1.0
1250168.0,b383f8b0b056746cb43ab0faa7c173d264d92115fae511cd3c16b45148b43f27,1249380.0,b383f8b0b056746cb43ab0faa7c173d264d92115fae511cd3c16b45148b43f27,7858176.0,0.5699643493761141,7858176.0,0.5699643493761141,1249380.0,5928960.0,b383f8b0b056746cb43ab0faa7c173d264d92115fae511cd3c16b45148b43f27,5928960.0,True,case_021,5,0.0,1.0,1.0006307128335654,1.0006307128335654
54723.0,eed4b94412cfa1979413e0f9a753995870f86b6f612862dbefe0a9f1c8a863ed,54591.0,0528be4ee363717ffdf6551871312a440a89dc6ae9e8178406207d530f8a2c20,29696.0,0.11088375427538721,17408.0,0.0653757755111238,54723.0,248868.0,eed4b94412cfa1979413e0f9a753995870f86b6f612862dbefe0a9f1c8a863ed,238116.0,True,case_022,1,0.0,1.0024179809858769,1.0,1.0024179809858769
28324.0,291b85d0238773eb35d1211d0ff98fdce191502f9709da272443c423a67e44c8,28324.0,291b85d0238773eb35d1211d0ff98fdce191502f9709da272443c423a67e44c8,6912.0,0.03135376408469871,6912.0,0.03135376408469871,28324.0,213540.0,291b85d0238773eb35d1211d0ff98fdce191502f9709da272443c423a67e44c8,213540.0,True,case_022,2,0.0,1.0,1.0,1.0
19026.0,6af8f7bb6165434405668fb2d7b69ba2f425ebf3001b664b478ed09e2a261f9f,18965.0,ac67a5505dc337fb382094d56222130ff6956349615512f74b0de200dd7c9520,13824.0,0.060801182245210326,13824.0,0.060801182245210326,19026.0,213540.0,6af8f7bb6165434405668fb2d7b69ba2f425ebf3001b664b478ed09e2a261f9f,213540.0,True,case_022,3,0.0,1.0032164513577644,1.0,1.0032164513577644
14526.0,3a4c1f102e12f64ebeaa11c467dfce0635a4bb93393d793486caa2dae6f3e6ac,14275.0,a7c684634a65f5f2e70fe09c714f4fd84aca3a3fcb36b351fedb3fa4a700b605,13824.0,0.060801182245210326,13824.0,0.060801182245210326,14526.0,213540.0,3a4c1f102e12f64ebeaa11c467dfce0635a4bb93393d793486caa2dae6f3e6ac,213540.0,True,case_022,4,0.0,1.017583187390543,1.0,1.017583187390543
11824.0,53d2ab95f71ff924aac825e5bbb3bdfd12c180d1a71095206cf357ac87be4770,11824.0,53d2ab95f71ff924aac825e5bbb3bdfd12c180d1a71095206cf357ac87be4770,20736.0,0.08851098704092608,20736.0,0.08851098704092608,11824.0,213540.0,53d2ab95f71ff924aac825e5bbb3bdfd12c180d1a71095206cf357ac87be4770,213540.0,True,case_022,5,0.0,1.0,1.0,1.0
99763.0,4fee0b9b54fd69347ebff2bea9aaff8830c9557da19145ffaf5dbaa07a146c56,93197.0,fa75f9f33305da183383a1c9d43074c36871e51c6b843367e68942058dd1002f,6144.0,0.012932504283471064,6144.0,0.012932504283471064,99763.0,468938.0,4fee0b9b54fd69347ebff2bea9aaff8830c9557da19145ffaf5dbaa07a146c56,468938.0,True,case_023,1,0.0,1.0704529115744068,1.0,1.0704529115744068
61177.0,dc8721feed0d8af88931056f7c3bfc08daae85497d2ef484764f9cf371af0a68,60171.0,d845518ca97c4946be9c51a59090957c5483cfe0f9e1472c2d772e613ae7bc15,84096.0,0.16227919524215678,84096.0,0.16227919524215678,61177.0,434122.0,dc8721feed0d8af88931056f7c3bfc08daae85497d2ef484764f9cf371af0a68,434122.0,True,case_023,2,0.0,1.016719017466886,1.0,1.016719017466886
40897.0,f1f9757c769a1d49e3e0aeb693af527d62ea14bbdb36d85ef9e84e448129772c,40897.0,f1f9757c769a1d49e3e0aeb693af527d62ea14bbdb36d85ef9e84e448129772c,207552.0,0.32345396572091123,207552.0,0.32345396572091123,40897.0,434122.0,f1f9757c769a1d49e3e0aeb693af527d62ea14bbdb36d85ef9e84e448129772c,434122.0,True,case_023,3,0.0,1.0,1.0,1.0
30142.0,519108f2f9bdedf3fd873b22aee6ba047c13ae9cddb707133db9e90e4afa019f,30142.0,519108f2f9bdedf3fd873b22aee6ba047c13ae9cddb707133db9e90e4afa019f,281280.0,0.39317754213714806,281280.0,0.39317754213714806,30142.0,434122.0,519108f2f9bdedf3fd873b22aee6ba047c13ae9cddb707133db9e90e4afa019f,434122.0,True,case_023,4,0.0,1.0,1.0,1.0
24517.0,7ad343a959942d141983c28316e9b924da8829cbdb013170a66f4f0c74a56d0e,24517.0,a3411b73f4fff6774ad449a16654abaa4010e3160de5302182ceb90291f3a06e,148032.0,0.20996434214520152,148032.0,0.20996434214520152,24517.0,557002.0,7ad343a959942d141983c28316e9b924da8829cbdb013170a66f4f0c74a56d0e,557002.0,True,case_023,5,0.0,1.0,1.0,1.0
2555343.0,60bdfaac27bdd7cbde4e5b65714b5f6b492e1f8b829661c21657b3a1a8c4b1a9,2555343.0,60bdfaac27bdd7cbde4e5b65714b5f6b492e1f8b829661c21657b3a1a8c4b1a9,0.0,0.0,0.0,0.0,2555343.0,393216.0,60bdfaac27bdd7cbde4e5b65714b5f6b492e1f8b829661c21657b3a1a8c4b1a9,393216.0,True,case_024,1,0.0,1.0,1.0,1.0
2552735.0,a660c1aef672eed70ef1574952787c12b5a8e6fe8a26b4f7242d8f265d6418f7,2552735.0,a660c1aef672eed70ef1574952787c12b5a8e6fe8a26b4f7242d8f265d6418f7,0.0,0.0,0.0,0.0,2552735.0,1671186.0,a660c1aef672eed70ef1574952787c12b5a8e6fe8a26b4f7242d8f265d6418f7,1671186.0,True,case_024,2,0.0,1.0,1.0,1.0
2552735.0,24b5063cddc4c626bbc9569fb4375a1394ba3d0aecd87174439378f10e5ed3fc,2552735.0,24b5063cddc4c626bbc9569fb4375a1394ba3d0aecd87174439378f10e5ed3fc,0.0,0.0,0.0,0.0,2552735.0,1671186.0,24b5063cddc4c626bbc9569fb4375a1394ba3d0aecd87174439378f10e5ed3fc,1671186.0,True,case_024,3,0.0,1.0,1.0,1.0
2552735.0,64f401d1d02da461bbb87f10c648f5703ea4a434901c8bdd244d4f43256c0f80,2552735.0,64f401d1d02da461bbb87f10c648f5703ea4a434901c8bdd244d4f43256c0f80,0.0,0.0,0.0,0.0,2552735.0,1671186.0,64f401d1d02da461bbb87f10c648f5703ea4a434901c8bdd244d4f43256c0f80,1671186.0,True,case_024,4,0.0,1.0,1.0,1.0
2538844.0,0cfb3b231ce84fd97c0b5cbd09c8c66d3a36ea3a5072f0756e179b69018ccbdf,2538844.0,0cfb3b231ce84fd97c0b5cbd09c8c66d3a36ea3a5072f0756e179b69018ccbdf,819200.0,0.18939175008426914,819200.0,0.18939175008426914,2538844.0,3506226.0,0cfb3b231ce84fd97c0b5cbd09c8c66d3a36ea3a5072f0756e179b69018ccbdf,3506226.0,True,case_024,5,0.0,1.0,1.0,1.0
4863026.0,3dfdd9e81db84bf4367303e264285f4d7d544e5e7ffae66758d305d0c9896c10,4863026.0,3dfdd9e81db84bf4367303e264285f4d7d544e5e7ffae66758d305d0c9896c10,0.0,0.0,0.0,0.0,4863026.0,4122624.0,3dfdd9e81db84bf4367303e264285f4d7d544e5e7ffae66758d305d0c9896c10,4122624.0,True,case_025,1,0.0,1.0,1.0,1.0
2431840.0,5973df0615e7fd1734e467cbc885a5733dbe6fe9d3d8c409fb46f52e96c8f1c6,2431840.0,5973df0615e7fd1734e467cbc885a5733dbe6fe9d3d8c409fb46f52e96c8f1c6,0.0,0.0,0.0,0.0,2431840.0,4150272.0,5973df0615e7fd1734e467cbc885a5733dbe6fe9d3d8c409fb46f52e96c8f1c6,4150272.0,True,case_025,2,0.0,1.0,1.0,1.0
1622164.0,4012a012fd46d09c70027c3ddd7b6147c85c9c5d51c4945e8fb967fd5f2592c4,1622138.0,a1693549220edb5fc333f9c9db5da1f52487edb2ae80696693c849d4ffe52819,29184.0,0.00697759823723834,0.0,0.0,1622164.0,4177920.0,4012a012fd46d09c70027c3ddd7b6147c85c9c5d51c4945e8fb967fd5f2592c4,4153344.0,True,case_025,3,0.0,1.0000160282294108,1.0,1.0000160282294108
1217444.0,54ba65f9f14e2019661f081a1a6ccef1d988b74ec3e84543c688c08ed2144753,1217444.0,54ba65f9f14e2019661f081a1a6ccef1d988b74ec3e84543c688c08ed2144753,0.0,0.0,0.0,0.0,1217444.0,4205568.0,54ba65f9f14e2019661f081a1a6ccef1d988b74ec3e84543c688c08ed2144753,4205568.0,True,case_025,4,0.0,1.0,1.0,1.0
974747.0,90480b5e9db2d3040f527e30b61aa8e766b3abefae132f5bdc58f113012cd0b5,974747.0,90480b5e9db2d3040f527e30b61aa8e766b3abefae132f5bdc58f113012cd0b5,0.0,0.0,0.0,0.0,974747.0,4237824.0,90480b5e9db2d3040f527e30b61aa8e766b3abefae132f5bdc58f113012cd0b5,4237824.0,True,case_025,5,0.0,1.0,1.0,1.0
95759.0,9036c67ddfe5608bd5e784895cff92fa22312c38a04796154b684dee0d4f820c,88492.0,ca4dc9fc1928000314291074e0b335acaa6c4b3c3529df84273c01f9a7f65557,114688.0,0.10631958543074599,139264.0,0.13526581309649383,95048.0,890294.0,9036c67ddfe5608bd5e784895cff92fa22312c38a04796154b684dee0d4f820c,964022.0,True,case_026,1,0.0,1.07408579306604,1.0074804309401566,1.0821204176648738
55057.0,fed5b876622a3fe2cf32eb3e890a3404536636230ab65a12d93e341ead3d76d1,51429.0,80c23f1f7f09fb20fc474f9e3b159f5623781aa260dbc67780ed38428244ee32,21936.0,0.04294255141712769,21936.0,0.04294255141712769,55057.0,488886.0,fed5b876622a3fe2cf32eb3e890a3404536636230ab65a12d93e341ead3d76d1,488886.0,True,case_026,2,0.0,1.0705438565789729,1.0,1.0705438565789729
41665.0,4c283aea1cdc7ebc18f24f5842f26f5db65b7408b6c73e123d28f3f5605b954f,41665.0,4c283aea1cdc7ebc18f24f5842f26f5db65b7408b6c73e123d28f3f5605b954f,95664.0,0.16365409289196817,95664.0,0.16365409289196817,41665.0,488886.0,4c283aea1cdc7ebc18f24f5842f26f5db65b7408b6c73e123d28f3f5605b954f,488886.0,True,case_026,3,0.0,1.0,1.0,1.0
41665.0,abf545f9ae76d345951a1965af18b0453e76126d4a68f9c1efa6a35187dfddd9,41665.0,abf545f9ae76d345951a1965af18b0453e76126d4a68f9c1efa6a35187dfddd9,95664.0,0.16365409289196817,95664.0,0.16365409289196817,41665.0,488886.0,abf545f9ae76d345951a1965af18b0453e76126d4a68f9c1efa6a35187dfddd9,488886.0,True,case_026,4,0.0,1.0,1.0,1.0
41665.0,284f79baadd1c314d14d3dc7184db0644f6b461c64760edcb7c7cbc281ca76f8,41665.0,284f79baadd1c314d14d3dc7184db0644f6b461c64760edcb7c7cbc281ca76f8,95664.0,0.16365409289196817,95664.0,0.16365409289196817,41665.0,488886.0,284f79baadd1c314d14d3dc7184db0644f6b461c64760edcb7c7cbc281ca76f8,488886.0,True,case_026,5,0.0,1.0,1.0,1.0
2304836.0,14e872d2b223d2fa5fa6d55b00ff3c0aaae8325acc6484b6b8915a7088c03735,2304836.0,14e872d2b223d2fa5fa6d55b00ff3c0aaae8325acc6484b6b8915a7088c03735,217088.0,0.058888888888888886,217088.0,0.058888888888888886,2304836.0,3469312.0,14e872d2b223d2fa5fa6d55b00ff3c0aaae8325acc6484b6b8915a7088c03735,3469312.0,True,case_027,1,0.0,1.0,1.0,1.0
1120962.0,3ff854282991133e062f46814a1c900edaa6542147f39f7fba50191f47108e9a,1120962.0,3ff854282991133e062f46814a1c900edaa6542147f39f7fba50191f47108e9a,319488.0,0.08904109589041095,319488.0,0.08904109589041095,1120962.0,3268608.0,3ff854282991133e062f46814a1c900edaa6542147f39f7fba50191f47108e9a,3268608.0,True,case_027,2,0.0,1.0,1.0,1.0
831811.0,3b58de1572b27dacb106f856cae00a9f7d7f8e2467870826ad3f40a15deb3814,831365.0,f1181c86968c400b9e1270f682e4fe23511364ca35761040273bc67322ad6d13,3043328.0,0.510828463389481,3016704.0,0.5063595737366793,831458.0,2940928.0,3b58de1572b27dacb106f856cae00a9f7d7f8e2467870826ad3f40a15deb3814,2914304.0,True,case_027,3,0.0,1.0001118642232953,1.0004245554195161,1.0005364671353738
559196.0,2a51555cd1f20a82fb7b0b41b611271fb3d19c0b4a9c8945bfa2d0885ca2c651,559196.0,2a51555cd1f20a82fb7b0b41b611271fb3d19c0b4a9c8945bfa2d0885ca2c651,0.0,0.0,0.0,0.0,559196.0,5160960.0,2a51555cd1f20a82fb7b0b41b611271fb3d19c0b4a9c8945bfa2d0885ca2c651,5160960.0,True,case_027,4,0.0,1.0,1.0,1.0
557147.0,de3be2f36a3a77c05fc21e61a8ea272cddcdf94c9d56de24a400e49b4c907c81,552561.0,da00d6b96b3c5f9d840de919e0b06f6b567304f849621cfef9a02e37074fe3f4,899072.0,0.12208008898776418,868352.0,0.11790878754171301,556819.0,6496256.0,de3be2f36a3a77c05fc21e61a8ea272cddcdf94c9d56de24a400e49b4c907c81,6465536.0,True,case_027,5,0.0,1.0077059365391332,1.0005890603589318,1.0082995361598086
42901220.0,924d6406d4b592f1666fb501148f79ab523779fa8f637f42faa9937e82b63f8c,41700132.0,924d6406d4b592f1666fb501148f79ab523779fa8f637f42faa9937e82b63f8c,101469696.0,0.6366447997000413,101469696.0,0.6366447997000413,41700132.0,57912264.0,924d6406d4b592f1666fb501148f79ab523779fa8f637f42faa9937e82b63f8c,57912264.0,True,case_028,1,0.0,1.0,1.028802978369469,1.028802978369469
23638628.0,ba29b020954769cd71328827ca31f5f487bec1460dce5b862cd2d65a1af0a6b4,23615145.0,ba29b020954769cd71328827ca31f5f487bec1460dce5b862cd2d65a1af0a6b4,1319688.0,0.0047431470336763695,1319688.0,0.0047431470336763695,23615145.0,276910776.0,ba29b020954769cd71328827ca31f5f487bec1460dce5b862cd2d65a1af0a6b4,276910776.0,True,case_028,2,0.0,1.0,1.0009944042266097,1.0009944042266097
16770711.0,32774d65b2412e37c5d97c2fce342a1454c5d64de3802951d130a5cc532748e9,16770711.0,32774d65b2412e37c5d97c2fce342a1454c5d64de3802951d130a5cc532748e9,0.0,0.0,0.0,0.0,16770711.0,278227296.0,32774d65b2412e37c5d97c2fce342a1454c5d64de3802951d130a5cc532748e9,278227296.0,True,case_028,3,0.0,1.0,1.0,1.0
13608312.0,4befcd38473c4a2761e7b4558a6d97a6a745c967e1257a4d29b92e75e0e81d38,13585418.0,4befcd38473c4a2761e7b4558a6d97a6a745c967e1257a4d29b92e75e0e81d38,743688.0,0.0026682384304864775,743688.0,0.0026682384304864775,13585418.0,277975032.0,4befcd38473c4a2761e7b4558a6d97a6a745c967e1257a4d29b92e75e0e81d38,277975032.0,True,case_028,4,0.0,1.0,1.0016851892227387,1.0016851892227387
11491035.0,82d8ec2f78d9be51282f54af5e5680873c4b209a3ac00c2ea63f587dfc33e4c9,10636977.0,489c0d27cc8a61d997483d23495bac70b4894790caf6fbe69f30364e5b1c63fb,39478176.0,0.14992518888712272,2963736.0,0.010627459809132753,11450794.0,275911560.0,82d8ec2f78d9be51282f54af5e5680873c4b209a3ac00c2ea63f587dfc33e4c9,223840992.0,True,case_028,5,-2.220446049250313e-16,1.0765082974232247,1.0035142541207187,1.080291421143432
37555.0,8c0602d829297e24f835c5e6089f7b199c7661b1d5530315bb9a8df1a8869091,37555.0,8c0602d829297e24f835c5e6089f7b199c7661b1d5530315bb9a8df1a8869091,0.0,0.0,0.0,0.0,37555.0,258132.0,8c0602d829297e24f835c5e6089f7b199c7661b1d5530315bb9a8df1a8869091,258132.0,True,case_029,1,0.0,1.0,1.0,1.0
19740.0,356753f3b5cd5f818de165c25ca40df3fe1130690056b71d39932d1af91ff1fa,19740.0,356753f3b5cd5f818de165c25ca40df3fe1130690056b71d39932d1af91ff1fa,0.0,0.0,0.0,0.0,19740.0,258132.0,356753f3b5cd5f818de165c25ca40df3fe1130690056b71d39932d1af91ff1fa,258132.0,True,case_029,2,0.0,1.0,1.0,1.0
12743.0,7d66f428209a8cb076881a3394ece74fab1eb18fa88e84d6e6ec9cffea673a22,12743.0,7d66f428209a8cb076881a3394ece74fab1eb18fa88e84d6e6ec9cffea673a22,0.0,0.0,0.0,0.0,12743.0,258132.0,7d66f428209a8cb076881a3394ece74fab1eb18fa88e84d6e6ec9cffea673a22,258132.0,True,case_029,3,0.0,1.0,1.0,1.0
11028.0,836d5d075ab0a4b2380c66ee2e325fbc77d3bc320e1cf504f32421e411fb934d,11028.0,836d5d075ab0a4b2380c66ee2e325fbc77d3bc320e1cf504f32421e411fb934d,0.0,0.0,0.0,0.0,11028.0,258132.0,836d5d075ab0a4b2380c66ee2e325fbc77d3bc320e1cf504f32421e411fb934d,258132.0,True,case_029,4,0.0,1.0,1.0,1.0
9383.0,712451fa176d4437358c9ab9656c0adb42913a8a78979a0b634803dce20106d9,9383.0,712451fa176d4437358c9ab9656c0adb42913a8a78979a0b634803dce20106d9,0.0,0.0,0.0,0.0,9383.0,258132.0,712451fa176d4437358c9ab9656c0adb42913a8a78979a0b634803dce20106d9,258132.0,True,case_029,5,0.0,1.0,1.0,1.0
2808034.0,d6b29aaaa3d69c5f8afc7287bcecbff433206abf031953532a4b863effec05c8,2806776.0,ff8cd5688a0c7d7511897864c65d0ed8d4cbee6db6daee47129b6cd58ae64002,2100224.0,0.28605299860529987,2056192.0,0.259867995341012,2807891.0,5856256.0,d6b29aaaa3d69c5f8afc7287bcecbff433206abf031953532a4b863effec05c8,5241856.0,True,case_030,1,-2.220446049250313e-16,1.000397252933615,1.0000509279028282,1.0004482010677018
1399149.0,cdd453380fb02873c626209ef27a2f984f4efb8b187a3f452418d722ef4c8088,1398912.0,cdd453380fb02873c626209ef27a2f984f4efb8b187a3f452418d722ef4c8088,3849216.0,0.4152214735446813,3849216.0,0.4152214735446813,1398912.0,5421056.0,cdd453380fb02873c626209ef27a2f984f4efb8b187a3f452418d722ef4c8088,5421056.0,True,case_030,2,0.0,1.0,1.0001694173757891,1.0001694173757891
933857.0,df48c3338314294a755eedc0a8729ee3c2f1799d990766f092d515f447349d56,932731.0,ca3b8bbd77ea28432fc8df24ed3226ece8ffed5b6cffa378131c9d6ad3728fa7,6359040.0,0.5463182897862233,6359040.0,0.5465106045938573,933236.0,5276672.0,df48c3338314294a755eedc0a8729ee3c2f1799d990766f092d515f447349d56,5280768.0,True,case_030,3,0.0,1.0005414208383767,1.000665426537339,1.0012072076515093
700242.0,80e84d3b4f9431ab6e6dd981a7baf3262907913f07cf45b0ba298d24e1efb2e2,699694.0,80e84d3b4f9431ab6e6dd981a7baf3262907913f07cf45b0ba298d24e1efb2e2,5324800.0,0.5245107928182369,5324800.0,0.5245107928182369,699694.0,4827136.0,80e84d3b4f9431ab6e6dd981a7baf3262907913f07cf45b0ba298d24e1efb2e2,4827136.0,True,case_030,4,0.0,1.0,1.00078319951293,1.00078319951293
559889.0,0f2f9b550b948bd9a7436c24c67426e9bd4a7a15be0906a4c0487d1ed31af671,559025.0,5e7d2290c2c56256d22346e4b1994aa9f4ff7a0d846b479701c2790c6412b6b7,7201280.0,0.5476811650636657,7198720.0,0.5476784044873793,559872.0,5945344.0,0f2f9b550b948bd9a7436c24c67426e9bd4a7a15be0906a4c0487d1ed31af671,5947392.0,True,case_030,5,0.0,1.0015151379634184,1.000030364083219,1.0015455480524127
1414369.0,5b7474d17dc239aba45544511942ed7e90340f54970174c6f99f52983511c0b7,1414159.0,5b7474d17dc239aba45544511942ed7e90340f54970174c6f99f52983511c0b7,1479168.0,0.26059362793218216,1479168.0,0.26059362793218216,1414159.0,4196980.0,5b7474d17dc239aba45544511942ed7e90340f54970174c6f99f52983511c0b7,4196980.0,True,case_031,1,0.0,1.0,1.0001484981533193,1.0001484981533193
712596.0,c3e38a57dfe6e0d62f6a639cbac10abcc02c9d30b228edb74ac24189133496cf,706497.0,139fb22991bcbad50fc4e1f4609fba53ed322fbc1b616f76a471a2ae22a35aee,1718784.0,0.25780981414361287,3201024.0,0.43054214277913205,711944.0,4233844.0,c3e38a57dfe6e0d62f6a639cbac10abcc02c9d30b228edb74ac24189133496cf,4948084.0,True,case_031,2,0.0,1.007709869964062,1.0009158023664784,1.0086327330476987
473822.0,feef3a139d4d9b5167db5a1aad79f3daa826da1bd0ba1269f6c41c294d724181,473000.0,feef3a139d4d9b5167db5a1aad79f3daa826da1bd0ba1269f6c41c294d724181,4838400.0,0.4972839727464045,4838400.0,0.4972839727464045,473000.0,4891252.0,feef3a139d4d9b5167db5a1aad79f3daa826da1bd0ba1269f6c41c294d724181,4891252.0,True,case_031,3,0.0,1.0,1.001737843551797,1.001737843551797
357987.0,d8617ca08480211e43ffbad438ac16fcd5a43847cb8830f436ca44befe527607,355839.0,03b967be0d61faf182efbac3e2f4a91d6328aafe578803adb4be58c4400c94b7,4947456.0,0.4880000725965129,4947456.0,0.4880000725965129,355839.0,5190772.0,d8617ca08480211e43ffbad438ac16fcd5a43847cb8830f436ca44befe527607,5190772.0,True,case_031,4,0.0,1.0,1.0060364378272195,1.0060364378272195
285693.0,917e2d8ac5ef58433cf5d59c52b42b4d8df5fcfb660a38cd4b7b3becb89f46f7,284489.0,6a9cef9e01bb716af3c342c6197869571dd25bed36ea377036f32b029079660f,5377536.0,0.5315491457511344,5377536.0,0.5315491457511344,284489.0,4739188.0,917e2d8ac5ef58433cf5d59c52b42b4d8df5fcfb660a38cd4b7b3becb89f46f7,4739188.0,True,case_031,5,0.0,1.0,1.0042321495734456,1.0042321495734456
34141.0,e7d56b0157452876695bf225c434a2f4eb383e42c3d60d7bcf631859b45fce97,34141.0,833aad01ee524ede255b9f86774ba714742f26b72aca3d1d86b083db4cee1c9e,0.0,0.0,10240.0,0.03538306312283175,34141.0,279164.0,e7d56b0157452876695bf225c434a2f4eb383e42c3d60d7bcf631859b45fce97,279156.0,True,case_032,1,0.0,1.0,1.0,1.0
21040.0,0851d23951bc5eef1e922ffc75c91c86dc77ff6890c2fbfbc31bda2018b096a2,20711.0,2d058fcd07a2f9ed1c93f4dfda72d1b076fe158963bd20f4c2f1ddbf2d0c762a,6216.0,0.0217820949497498,6216.0,0.0217820949497498,21040.0,279156.0,0851d23951bc5eef1e922ffc75c91c86dc77ff6890c2fbfbc31bda2018b096a2,279156.0,True,case_032,2,0.0,1.0158852783544976,1.0,1.0158852783544976
14175.0,7902aec996d3abaddee1c52232d94ef00baedd7ba2c7d1e151e75a20e234db5a,14175.0,7902aec996d3abaddee1c52232d94ef00baedd7ba2c7d1e151e75a20e234db5a,12432.0,0.04263549940326762,12432.0,0.04263549940326762,14175.0,279156.0,7902aec996d3abaddee1c52232d94ef00baedd7ba2c7d1e151e75a20e234db5a,279156.0,True,case_032,3,0.0,1.0,1.0,1.0
11004.0,850603baf36d4139d95b7fadb54dde4864ae4f64b07b6d905d70bec7b114c210,11004.0,850603baf36d4139d95b7fadb54dde4864ae4f64b07b6d905d70bec7b114c210,18576.0,0.06239168110918544,18576.0,0.06239168110918544,11004.0,279156.0,850603baf36d4139d95b7fadb54dde4864ae4f64b07b6d905d70bec7b114c210,279156.0,True,case_032,4,0.0,1.0,1.0,1.0
10496.0,0814eb3053d0360ec851d9c392185760de02b3607602e3d8802617204206ac06,10479.0,0814eb3053d0360ec851d9c392185760de02b3607602e3d8802617204206ac06,12432.0,0.04263549940326762,12432.0,0.04263549940326762,10479.0,279156.0,0814eb3053d0360ec851d9c392185760de02b3607602e3d8802617204206ac06,279156.0,True,case_032,5,0.0,1.0,1.0016222922034546,1.0016222922034546
1774196.0,4e9616d8b5284e12ac96679481d9c1df20d38f83e1e52aaae2f3765b09f69dfd,1774080.0,4e9616d8b5284e12ac96679481d9c1df20d38f83e1e52aaae2f3765b09f69dfd,720384.0,0.09627692445862406,720384.0,0.09627692445862406,1774080.0,6762032.0,4e9616d8b5284e12ac96679481d9c1df20d38f83e1e52aaae2f3765b09f69dfd,6762032.0,True,case_033,1,0.0,1.0,1.000065386002886,1.000065386002886
889697.0,dbf2428c6f8406e3794af57cd3fd74f0ca46c73475cfcb8ac10a359f1f4b4b97,887951.0,d0e8ab8f1b5df0dca892ecb2f727c652fd1101ca97117d572e397897c47e5582,3358752.0,0.351554532133138,3358752.0,0.351554532133138,887951.0,6195248.0,dbf2428c6f8406e3794af57cd3fd74f0ca46c73475cfcb8ac10a359f1f4b4b97,6195248.0,True,case_033,2,0.0,1.0,1.0019663247183686,1.0019663247183686
592065.0,48f72c0057f44dadc9085549c8f669103684a1143df3e64b4cb07642d2af12ed,590152.0,69b2183a37fa480ebffc3e4acbbfdc551e27b5604a7f008cd3d486a954ac78ef,3780672.0,0.38263246445996474,3780672.0,0.38263246445996474,590152.0,6100016.0,48f72c0057f44dadc9085549c8f669103684a1143df3e64b4cb07642d2af12ed,6100016.0,True,case_033,3,0.0,1.0,1.0032415377733195,1.0032415377733195
443447.0,b6cad94c86539ff2cef90e735ac82ae92c373ebbe52fe8c7581d560292ccd679,441850.0,c1f8b1f8a719f36f52fe2c1afcb94742bce0d205236fb53623430e3ecdbf739c,4216416.0,0.4173459416913592,4311648.0,0.4267072454313262,442667.0,5792816.0,b6cad94c86539ff2cef90e735ac82ae92c373ebbe52fe8c7581d560292ccd679,5886512.0,True,case_033,4,0.0,1.0018490437931424,1.0017620468659285,1.0036143487608917
355102.0,9d12400e6c4f925705c7c25af2b8470933a3b597b42733e73d25f805bc8a495b,354514.0,4b0feb594101a83e3934c76bd36ff7c3b8cacb3d25c2a6b8211e0b439dd6eec8,3348096.0,0.31272800094450864,3348096.0,0.31272800094450864,354514.0,7358000.0,9d12400e6c4f925705c7c25af2b8470933a3b597b42733e73d25f805bc8a495b,7358000.0,True,case_033,5,0.0,1.0,1.001658608686822,1.001658608686822
842996.0,73a6322df4957ae15a9af6cf2a0a89c072427f076e3920c4fe59930b883f40e4,841851.0,b141d5bf57426d88e435b34e92b2e10a97db720af33974a1668bca600813f950,599040.0,0.2028707511744721,1038336.0,0.309046599146855,842733.0,2321468.0,73a6322df4957ae15a9af6cf2a0a89c072427f076e3920c4fe59930b883f40e4,2353776.0,True,case_034,1,0.0,1.0010476913373032,1.0003120798639664,1.0013600981646396
418129.0,1921a9bd3ef2eacbdfad890a13c795d63c0dc995df9278694d6ad294f0630e6c,417777.0,1921a9bd3ef2eacbdfad890a13c795d63c0dc995df9278694d6ad294f0630e6c,1615872.0,0.4113609795240054,1615872.0,0.4113609795240054,417777.0,2312240.0,1921a9bd3ef2eacbdfad890a13c795d63c0dc995df9278694d6ad294f0630e6c,2312240.0,True,case_034,2,0.0,1.0,1.0008425547600754,1.0008425547600754
276994.0,f5fe35ec87268a07c2e8961d87fc1f96d9eb0e4c24b0bc2ee969028a40e3d455,276560.0,19f3d954ffb43cca42e1ec5b872aeafa33af80a9ffa07c4e527b3bf7132ba107,2798080.0,0.5475351837066955,2798080.0,0.5475351837066955,276560.0,2312240.0,f5fe35ec87268a07c2e8961d87fc1f96d9eb0e4c24b0bc2ee969028a40e3d455,2312240.0,True,case_034,3,0.0,1.0,1.0015692797223026,1.0015692797223026
212170.0,f130f168f5eef84aa5cce67850fe5e2a314524a563fb3e6ec963faea58dba143,212170.0,fcf19b251f011f8d149753db447bea1ff04d6151d253f9231bb9a3d66ead6f04,2751488.0,0.5232668883864863,2751488.0,0.5232668883864863,212170.0,2506800.0,f130f168f5eef84aa5cce67850fe5e2a314524a563fb3e6ec963faea58dba143,2506800.0,True,case_034,4,0.0,1.0,1.0,1.0
170371.0,95bd6879599a959d1893ff25e0456c3fba593d93725b5812abbc84869cab62b6,168887.0,81d2f2e3717e548e81e480baa9969fe8d66a5404370160598f2d0239fdd1fd61,3462656.0,0.5862469694301852,3438080.0,0.582540590510943,168925.0,2463792.0,95bd6879599a959d1893ff25e0456c3fba593d93725b5812abbc84869cab62b6,2443824.0,True,case_034,5,0.0,1.0002250025164756,1.0085600118395737,1.0087869403802543
169168.0,e1e5be2b347206660ee2d4a5b39b16080e2a44e1dfbe5ec2aed465944baeb7a9,168511.0,42b6554ad1bee47c92c430144bcd142381da97415afaab9e3f2b8e3ed31a7338,0.0,0.0,0.0,0.0,169168.0,396878.0,e1e5be2b347206660ee2d4a5b39b16080e2a44e1dfbe5ec2aed465944baeb7a9,396878.0,True,case_035,1,0.0,1.0038988552676087,1.0,1.0038988552676087
95406.0,36a1f9a3c6a300c04d9ca9d2930e3c347bd3aac5bd72f2abca3a8fa32bd75be5,95406.0,36a1f9a3c6a300c04d9ca9d2930e3c347bd3aac5bd72f2abca3a8fa32bd75be5,0.0,0.0,0.0,0.0,95406.0,396878.0,36a1f9a3c6a300c04d9ca9d2930e3c347bd3aac5bd72f2abca3a8fa32bd75be5,396878.0,True,case_035,2,0.0,1.0,1.0,1.0
95406.0,7734947a2a7adc2d6aa69578f77d7668c2864a2c518162d531f3f8589221f9ac,95406.0,7734947a2a7adc2d6aa69578f77d7668c2864a2c518162d531f3f8589221f9ac,0.0,0.0,0.0,0.0,95406.0,396878.0,7734947a2a7adc2d6aa69578f77d7668c2864a2c518162d531f3f8589221f9ac,396878.0,True,case_035,3,0.0,1.0,1.0,1.0
95406.0,bbaee68a44bd154ad43d93398f5487e8408233aa3a047766af3a85a9406c55d6,95406.0,bbaee68a44bd154ad43d93398f5487e8408233aa3a047766af3a85a9406c55d6,0.0,0.0,0.0,0.0,95406.0,396878.0,bbaee68a44bd154ad43d93398f5487e8408233aa3a047766af3a85a9406c55d6,396878.0,True,case_035,4,0.0,1.0,1.0,1.0
95406.0,76813429bb84032e043206505219adc5c9af22fbbcd236c2239078f136b35e94,95406.0,76813429bb84032e043206505219adc5c9af22fbbcd236c2239078f136b35e94,0.0,0.0,0.0,0.0,95406.0,396878.0,76813429bb84032e043206505219adc5c9af22fbbcd236c2239078f136b35e94,396878.0,True,case_035,5,0.0,1.0,1.0,1.0
931510.0,d64d21298efb9524f15b22d64f5e48b8064b683e7973cbfeaaf5a044e77b4072,931510.0,d64d21298efb9524f15b22d64f5e48b8064b683e7973cbfeaaf5a044e77b4072,0.0,0.0,0.0,0.0,931510.0,3277952.0,d64d21298efb9524f15b22d64f5e48b8064b683e7973cbfeaaf5a044e77b4072,3277952.0,True,case_036,1,0.0,1.0,1.0,1.0
466068.0,de54b31e73c4875104b671c039497deae22323bdae9b75c0504103ee7331162f,466068.0,de54b31e73c4875104b671c039497deae22323bdae9b75c0504103ee7331162f,0.0,0.0,0.0,0.0,466068.0,3279104.0,de54b31e73c4875104b671c039497deae22323bdae9b75c0504103ee7331162f,3279104.0,True,case_036,2,0.0,1.0,1.0,1.0
311345.0,154db6b8e62d054f80905e5437b6e466ba01c17dcabfe8765c2a6aa187b0b7ba,311345.0,154db6b8e62d054f80905e5437b6e466ba01c17dcabfe8765c2a6aa187b0b7ba,0.0,0.0,0.0,0.0,311345.0,3280256.0,154db6b8e62d054f80905e5437b6e466ba01c17dcabfe8765c2a6aa187b0b7ba,3280256.0,True,case_036,3,0.0,1.0,1.0,1.0
233584.0,3d3af4a6d8f2e0ba99c9aaa02fe08b61a1a1cf3506b1fb2c91fc009e477731f9,233584.0,3d3af4a6d8f2e0ba99c9aaa02fe08b61a1a1cf3506b1fb2c91fc009e477731f9,0.0,0.0,0.0,0.0,233584.0,3281408.0,3d3af4a6d8f2e0ba99c9aaa02fe08b61a1a1cf3506b1fb2c91fc009e477731f9,3281408.0,True,case_036,4,0.0,1.0,1.0,1.0
187182.0,18d5ca2a8ee47d8fb48240132ae77abca22643d26a005505bcb7c0c6a95dee06,187182.0,18d5ca2a8ee47d8fb48240132ae77abca22643d26a005505bcb7c0c6a95dee06,0.0,0.0,0.0,0.0,187182.0,3282560.0,18d5ca2a8ee47d8fb48240132ae77abca22643d26a005505bcb7c0c6a95dee06,3282560.0,True,case_036,5,0.0,1.0,1.0,1.0
210001.0,0a835b6f10c83a84d338adc6b6089fe29ee25797607448b8261d9b4b31947ff2,210001.0,0a835b6f10c83a84d338adc6b6089fe29ee25797607448b8261d9b4b31947ff2,0.0,0.0,0.0,0.0,210001.0,532480.0,0a835b6f10c83a84d338adc6b6089fe29ee25797607448b8261d9b4b31947ff2,532480.0,True,case_037,1,0.0,1.0,1.0,1.0
105374.0,a7077fbc8b0587ebb2259ddc594c228244f5289ac61eafcea3bc7ae6aabee587,105374.0,a7077fbc8b0587ebb2259ddc594c228244f5289ac61eafcea3bc7ae6aabee587,0.0,0.0,0.0,0.0,105374.0,737280.0,a7077fbc8b0587ebb2259ddc594c228244f5289ac61eafcea3bc7ae6aabee587,737280.0,True,case_037,2,0.0,1.0,1.0,1.0
74038.0,7ea0d5688b503e6afbfb7b0b70a2894457573339cd32e8e9ec5191cc1dd64952,74038.0,7ea0d5688b503e6afbfb7b0b70a2894457573339cd32e8e9ec5191cc1dd64952,942080.0,0.5897435897435898,942080.0,0.5897435897435898,74038.0,655360.0,7ea0d5688b503e6afbfb7b0b70a2894457573339cd32e8e9ec5191cc1dd64952,655360.0,True,case_037,3,0.0,1.0,1.0,1.0
53320.0,b3b9fb5221a864c1e0bc8b00805860f25929f1f4a949461cba92211711c6b83c,53320.0,b3b9fb5221a864c1e0bc8b00805860f25929f1f4a949461cba92211711c6b83c,0.0,0.0,0.0,0.0,53320.0,1146880.0,b3b9fb5221a864c1e0bc8b00805860f25929f1f4a949461cba92211711c6b83c,1146880.0,True,case_037,4,0.0,1.0,1.0,1.0
43800.0,dbdc2a38d97c07496c9a6a7e8ef46821d79b4c8a5a6534397eb9c5b6499c561f,43013.0,dbdc2a38d97c07496c9a6a7e8ef46821d79b4c8a5a6534397eb9c5b6499c561f,1579008.0,0.6425,1579008.0,0.6425,43013.0,878592.0,dbdc2a38d97c07496c9a6a7e8ef46821d79b4c8a5a6534397eb9c5b6499c561f,878592.0,True,case_037,5,0.0,1.0,1.0182967939925138,1.0182967939925138
1364555.0,364dc9457dbff2fbf7a05fe33764073b773734095f0d85bbb9e6b31910a223b7,1359544.0,e6a54d5ed8e3982012874a7383decf3c1ec32238e0932b2de17c4548a202023a,2082816.0,0.28968128905236223,1462272.0,0.1736168151396097,1363312.0,6960138.0,364dc9457dbff2fbf7a05fe33764073b773734095f0d85bbb9e6b31910a223b7,5107210.0,True,case_038,1,0.0,1.0027715175088119,1.0009117502083162,1.003685794648794
674500.0,d711108285b63211d10d7961d3f48c7509ca02a4856458ee9b65527fb7d0110f,674381.0,73bf2b3a33130a74590dd8957b3b440f00a18cee97e79f734b748720fe8415c4,2436096.0,0.2745841780371522,2672640.0,0.2788309681150929,674382.0,6912522.0,d711108285b63211d10d7961d3f48c7509ca02a4856458ee9b65527fb7d0110f,6435850.0,True,case_038,2,-2.220446049250313e-16,1.000001482841302,1.000174975014161,1.000176458114923
452248.0,805cfbe70657b364c4c843423379f16cbb1a08b232ec2de4f0a43163a7294130,452022.0,e8ad926cbc2f8537d0e4ebc7a98680115b173fc5826d6df7efdb4b74613a52b8,3892224.0,0.3573372671221445,3892224.0,0.3573372671221445,452022.0,7000074.0,805cfbe70657b364c4c843423379f16cbb1a08b232ec2de4f0a43163a7294130,7000074.0,True,case_038,3,0.0,1.0,1.0004999756649013,1.0004999756649013
339624.0,0450fe42e475a7daba250bbbe51e8bcf2cbe059160e8550bd2c211502d1b8756,337813.0,e690d6a87ed5492fa6ac96a8953bbf7b819e78553b8b63adeb6e8f3b5c9f0054,4257280.0,0.3521213315249532,4257280.0,0.3521213315249532,337813.0,7833098.0,0450fe42e475a7daba250bbbe51e8bcf2cbe059160e8550bd2c211502d1b8756,7833098.0,True,case_038,4,0.0,1.0,1.0053609541373483,1.0053609541373483
275133.0,81b3d30c51788259856dd76463c3d85b4f7e7fcf9e82d8d250b8074df8158f61,272533.0,854de984ab8689e2dec9c81f18621839f276f4f54c38406e122b21e046c180a0,5265408.0,0.4222018127051008,5265408.0,0.4222018127051008,272533.0,7205898.0,81b3d30c51788259856dd76463c3d85b4f7e7fcf9e82d8d250b8074df8158f61,7205898.0,True,case_038,5,0.0,1.0,1.009540129085285,1.009540129085285
1435262.0,d2eb755c04a4f7046f4430f1789c2e9d1423f94eb1adda29cbf4bfd3b9a620d4,1426335.0,32f9ac635d6a233bfae21320e26e71d5d13d43cde64a155f600052740f8655f7,40960.0,0.0033090668431502318,0.0,0.0,1435262.0,12132352.0,d2eb755c04a4f7046f4430f1789c2e9d1423f94eb1adda29cbf4bfd3b9a620d4,12337152.0,True,case_039,1,0.0,1.006258697991706,1.0,1.006258697991706
708561.0,ef1dd515eabeea24150a0a9683aa73a5777cb5db7439fc55ee6338c9e7295728,703954.0,f85b887cc661359d66ae1d55aa317aee92855e9e38f838f310efd30c608000c8,6033408.0,0.39206813947298375,5652480.0,0.3701716738197425,705615.0,9617408.0,ef1dd515eabeea24150a0a9683aa73a5777cb5db7439fc55ee6338c9e7295728,9355264.0,True,case_039,2,2.220446049250313e-16,1.0023595291737812,1.004175081312047,1.006544461711987
485565.0,d7ad131769560b052f6e9e53f810617c249760930bd85ed18475f111365e6812,482066.0,4140836bf1894204c3435188eb360100f40af1172a523559efa31c12bab8a5e7,7286784.0,0.39332301569754585,7151616.0,0.38602697324784435,483226.0,11374592.0,d7ad131769560b052f6e9e53f810617c249760930bd85ed18475f111365e6812,11239424.0,True,case_039,3,0.0,1.0024063095094862,1.0048403852441714,1.0072583422187003
395323.0,7d5b61b243892ff5ac04683c7b2c2c7326881345346af368ea648486f911c362,368055.0,7d5b61b243892ff5ac04683c7b2c2c7326881345346af368ea648486f911c362,10428416.0,0.47821187077385424,10428416.0,0.47821187077385424,368055.0,11378688.0,7d5b61b243892ff5ac04683c7b2c2c7326881345346af368ea648486f911c362,11378688.0,True,case_039,4,0.0,1.0,1.0740867533384957,1.0740867533384957
395323.0,fd54373505ebee05bce0cf763b5f12b48d913b5391c98eca05fd2bd8bd91a88c,340476.0,930c52ea74680a40d019f2bfed3a6894a2fb77ddd49f9a3327a4fd273311f708,9154560.0,0.3708927978758712,10428416.0,0.47821187077385424,368055.0,11378688.0,fd54373505ebee05bce0cf763b5f12b48d913b5391c98eca05fd2bd8bd91a88c,15527936.0,True,case_039,5,2.220446049250313e-16,1.0810013040566735,1.0740867533384957,1.1610891810289126
252193.0,c86a95d8cb84742e3e7ca6ca0f7b046720be958ac8231eeb86d64c25eb9031c1,249653.0,4444229918d25eaafb592f1059efc15abc0187d398ed03805805adb417fcfce6,8192.0,0.008323376169458737,8192.0,0.008323376169458737,252089.0,976024.0,c86a95d8cb84742e3e7ca6ca0f7b046720be958ac8231eeb86d64c25eb9031c1,976024.0,True,case_040,1,0.0,1.0097575434703367,1.0004125527095589,1.010174121680893
137746.0,0fc1ec6750a6296974487825c760e8e8c30e3c0b3eb5f11b5e0cb9182e2ace23,137487.0,87ad5d3bbe71a1a5dd8916026a29d421847c5543c5034905650d442232fb0c59,53760.0,0.05559565741658066,53760.0,0.05571365502718321,137720.0,911174.0,0fc1ec6750a6296974487825c760e8e8c30e3c0b3eb5f11b5e0cb9182e2ace23,913222.0,True,case_040,2,0.0,1.0016947056812644,1.0001887888469359,1.0018838144697317
140837.0,6d9ea896697a020830a488c423a3694dc6370a962be430ad6f58c7849ff654e0,140543.0,da42b04d2b405ed20d38ab9343c0ec98e1c9127f7a58410f726658b9c5d17b75,12288.0,0.013277004030210371,12288.0,0.013306448993028408,140811.0,911174.0,6d9ea896697a020830a488c423a3694dc6370a962be430ad6f58c7849ff654e0,913222.0,True,case_040,3,0.0,1.0019068897063532,1.0001846446655447,1.00209188646891
140837.0,4c8932d7cdd9ae2329ac924f8d9f6e4db2a951130b5e1c61632f530490ffe8a9,136073.0,a875fe010ea943f8c349576040c5b42fe0f70f0f19f15b6ccb7d4b5f39c31051,24714.0,0.022760259338392395,12288.0,0.013306448993028408,140811.0,911174.0,4c8932d7cdd9ae2329ac924f8d9f6e4db2a951130b5e1c61632f530490ffe8a9,1061126.0,True,case_040,4,0.0,1.034819545391077,1.0001846446655447,1.0350106192999347
140837.0,3f1053c8cc023352d4732e43a3ed0ec7c4e9cdac49a28fadd667d684b95a4824,140543.0,710a53db3c05054b09c4267cc145f70404515c60a9e769e8c46d26ad8a79ff60,12288.0,0.013277004030210371,12288.0,0.013306448993028408,140811.0,911174.0,3f1053c8cc023352d4732e43a3ed0ec7c4e9cdac49a28fadd667d684b95a4824,913222.0,True,case_040,5,0.0,1.0019068897063532,1.0001846446655447,1.00209188646891
6003957.0,727befc5bd821bdc12309e8d820075590819035055e33c4da63b4c0fd5bcc5f2,6001575.0,727befc5bd821bdc12309e8d820075590819035055e33c4da63b4c0fd5bcc5f2,3643392.0,0.10163681549404405,3643392.0,0.10163681549404405,6001575.0,32203776.0,727befc5bd821bdc12309e8d820075590819035055e33c4da63b4c0fd5bcc5f2,32203776.0,True,case_041,1,0.0,1.0,1.0003968958148486,1.0003968958148486
2983392.0,3ec880d57089629aa2f897f87a896eeb2e6c01f116f7fe57fd0272a282152997,2981318.0,3ec880d57089629aa2f897f87a896eeb2e6c01f116f7fe57fd0272a282152997,6100992.0,0.17089751312279494,6100992.0,0.17089751312279494,2981318.0,29598720.0,3ec880d57089629aa2f897f87a896eeb2e6c01f116f7fe57fd0272a282152997,29598720.0,True,case_041,2,0.0,1.0,1.0006956654741292,1.0006956654741292
1991911.0,b636e9f12671469a2cf1599c85f4926126261f9e73d68a3a638765d86e45629d,1989953.0,5464eeb188bc66da2e069ad99b80eb594318394820cba6d8287d49a8958bd343,10368000.0,0.2604970669959864,10368000.0,0.2604970669959864,1989953.0,29432832.0,b636e9f12671469a2cf1599c85f4926126261f9e73d68a3a638765d86e45629d,29432832.0,True,case_041,3,0.0,1.0,1.0009839428368408,1.0009839428368408
1497746.0,b8ba6cf88582ef3f51cf0eff11248b6153f8a17b028639d8b96853777e0f7fe0,1494017.0,b8ba6cf88582ef3f51cf0eff11248b6153f8a17b028639d8b96853777e0f7fe0,9492480.0,0.24125546533416614,9492480.0,0.24125546533416614,1494017.0,29853696.0,b8ba6cf88582ef3f51cf0eff11248b6153f8a17b028639d8b96853777e0f7fe0,29853696.0,True,case_041,4,0.0,1.0,1.0024959555346424,1.0024959555346424
1201884.0,8968bc64c8f1051b84ca4a5f94d7cb6ced8addfc9626e8134efddfad20a8b8e9,1194643.0,c551fe23bd2f7a498dff51a64de19f1838070d875187c754b6ec75885a96cb57,14902272.0,0.32664467039256617,14902272.0,0.32664467039256617,1194643.0,30720000.0,8968bc64c8f1051b84ca4a5f94d7cb6ced8addfc9626e8134efddfad20a8b8e9,30720000.0,True,case_041,5,0.0,1.0,1.0060612249852048,1.0060612249852048
1686740.0,adcdc424d75206250562abdf2f450b7463cbe57bf684fa8cce47171b1eed198e,1675633.0,adcdc424d75206250562abdf2f450b7463cbe57bf684fa8cce47171b1eed198e,2866176.0,0.3186917583766532,2866176.0,0.3186917583766532,1675633.0,6127392.0,adcdc424d75206250562abdf2f450b7463cbe57bf684fa8cce47171b1eed198e,6127392.0,True,case_042,1,0.0,1.0,1.0066285397816825,1.0066285397816825
844150.0,df7d8019e901465eed7dda223a40482ef0f7280f57fa3eda7ea9f5b29238549d,843098.0,6f4158b9b410d829e77c58fd9197e2a9e8b7cb50111854105c5356d6bf05219d,3308064.0,0.3708219443428104,3306912.0,0.37093231107186697,843446.0,5608224.0,df7d8019e901465eed7dda223a40482ef0f7280f57fa3eda7ea9f5b29238549d,5612832.0,True,case_042,2,-2.220446049250313e-16,1.0004127634035427,1.0008346710992762,1.0012477790245025
562868.0,9e1cdec68d8918876cd3c1b9e364a46b8b664c9d5c8b1c9f6fcef869e7f55fe3,561628.0,3a84246ad1572ff281f121d1747ecf441ba25de45cd0ab48fca66d37e7c4e8eb,4636224.0,0.43332824879541315,4636224.0,0.43332824879541315,561628.0,6062880.0,9e1cdec68d8918876cd3c1b9e364a46b8b664c9d5c8b1c9f6fcef869e7f55fe3,6062880.0,True,case_042,3,0.0,1.0,1.0022078671291317,1.0022078671291317
426511.0,f8125b962ed136d6eb01fb22e3a791f181853c7e1cf0a3f038af20924254de0f,423652.0,6cdaf9e38414dd014f5da2dfa7f40b4274fed2d8eabfac2b27fc1ee1602a6829,4710240.0,0.4314392740318666,4710240.0,0.4314392740318666,423652.0,6207264.0,f8125b962ed136d6eb01fb22e3a791f181853c7e1cf0a3f038af20924254de0f,6207264.0,True,case_042,4,0.0,1.0,1.006748463361438,1.006748463361438
342520.0,aff923414108c2f13aa55367cba767010ff5c40d96ca0b8960320faf08f01907,339457.0,0bf405704a32b9b52a6c4902b5a5e458f6c1ce9d4dd6a88c44a2a11f40f8270e,6196800.0,0.4937091284561551,6196800.0,0.4937091284561551,339457.0,6354720.0,aff923414108c2f13aa55367cba767010ff5c40d96ca0b8960320faf08f01907,6354720.0,True,case_042,5,0.0,1.0,1.009023234165152,1.009023234165152
657411.0,bdafda2e36e3ca1ee5379742c500c8041ccd4a4bbce58f38135953572a15e229,656100.0,c2845e91a12d0242f2ce4ff01ee4b463e50ca9d5f862244831d3b2521fa04627,86788.0,0.04989421882904843,86788.0,0.04989421882904843,657372.0,1652652.0,bdafda2e36e3ca1ee5379742c500c8041ccd4a4bbce58f38135953572a15e229,1652652.0,True,case_043,1,-2.220446049250313e-16,1.0019387288523092,1.0000593271389715,1.0019981710105166
347613.0,ec327aaa1cbb170e5571f9500d9c029a2dfb2adc67f775bf2c0256d7fb3574b3,347613.0,ec327aaa1cbb170e5571f9500d9c029a2dfb2adc67f775bf2c0256d7fb3574b3,417792.0,0.22598107304661638,417792.0,0.22598107304661638,347613.0,1431000.0,ec327aaa1cbb170e5571f9500d9c029a2dfb2adc67f775bf2c0256d7fb3574b3,1431000.0,True,case_043,2,0.0,1.0,1.0,1.0
268777.0,7e64642aacf76115e1456a3d1a6d62e043658dd796cb1e478481c8c94afc7b09,265478.0,41dd7d59999d4f7c3d591abebf41b0616286a0b22cdad0a1aba906b9e7259b46,141312.0,0.08987529192679315,141312.0,0.08987529192679315,268777.0,1431000.0,7e64642aacf76115e1456a3d1a6d62e043658dd796cb1e478481c8c94afc7b09,1431000.0,True,case_043,3,0.0,1.0124266417556258,1.0,1.0124266417556258
295497.0,0c267ede39faf8e8d557e05ca8c16d724ec5ce55638c23c5346db7dd62ba14b5,295497.0,0c267ede39faf8e8d557e05ca8c16d724ec5ce55638c23c5346db7dd62ba14b5,348160.0,0.1869716986198378,348160.0,0.1869716986198378,295497.0,1513940.0,0c267ede39faf8e8d557e05ca8c16d724ec5ce55638c23c5346db7dd62ba14b5,1513940.0,True,case_043,4,0.0,1.0,1.0,1.0
295497.0,90918f5c1d80b92116aeb176d0cfeec193255eb5c75e9562f75bc72d81dbde0f,295497.0,90918f5c1d80b92116aeb176d0cfeec193255eb5c75e9562f75bc72d81dbde0f,348160.0,0.1869716986198378,348160.0,0.1869716986198378,295497.0,1513940.0,90918f5c1d80b92116aeb176d0cfeec193255eb5c75e9562f75bc72d81dbde0f,1513940.0,True,case_043,5,0.0,1.0,1.0,1.0
88538.0,ed8907d6b63d548f0bee7f5780ce814c1a02247a53b949b6712598ab111e6dc4,88538.0,ed8907d6b63d548f0bee7f5780ce814c1a02247a53b949b6712598ab111e6dc4,0.0,0.0,0.0,0.0,88538.0,952928.0,ed8907d6b63d548f0bee7f5780ce814c1a02247a53b949b6712598ab111e6dc4,952928.0,True,case_044,1,0.0,1.0,1.0,1.0
68899.0,6b2efbfb4828b4d7100d3b7446a7fda39d48c644e152faa245e6aef32b7c7f8e,67862.0,4a30e5fe3d680d6fa9b0d9288d17e3b67dcf2b421be68f35a29b380f363ed59d,576.0,0.0005660911406736484,576.0,0.000568379172061006,68899.0,1012832.0,6b2efbfb4828b4d7100d3b7446a7fda39d48c644e152faa245e6aef32b7c7f8e,1016928.0,True,case_044,2,0.0,1.0152810114644426,1.0,1.0152810114644426
68899.0,8f98584e9c255c7eb9323cf093daef66d1317e3113f7baf872ca25ce61c35798,67862.0,5d776b4d94fc7639b94a15b196bfb502b5b65065b4fe2fa8d0300a69b8f86a42,576.0,0.0005660911406736484,576.0,0.000568379172061006,68899.0,1012832.0,8f98584e9c255c7eb9323cf093daef66d1317e3113f7baf872ca25ce61c35798,1016928.0,True,case_044,3,0.0,1.0152810114644426,1.0,1.0152810114644426
68899.0,86bfe359ff0ffc4c9c4594a325a1d71875fbe86b80f86152539bfe311df27d05,67862.0,8c065935d9d0abcae4e5059bca8e3baf1f82e1f7b2dff9b62b25674c6878ab8a,576.0,0.0005660911406736484,576.0,0.000568379172061006,68899.0,1012832.0,86bfe359ff0ffc4c9c4594a325a1d71875fbe86b80f86152539bfe311df27d05,1016928.0,True,case_044,4,0.0,1.0152810114644426,1.0,1.0152810114644426
68899.0,025b35b496873c94ceec1c3c803764356631b39fd972b92ef35fb9d33cd440a8,63439.0,58e7d664b9cfc6cccb954706df6e414c9ae53744c5be119bd5237f1d96dff3eb,0.0,0.0,576.0,0.000568379172061006,68899.0,1012832.0,025b35b496873c94ceec1c3c803764356631b39fd972b92ef35fb9d33cd440a8,1024736.0,True,case_044,5,0.0,1.0860669304371129,1.0,1.0860669304371129
125614.0,816f90d0779e0c3ebac9f25935ebab5434272b6902bef41fda2bb061e27a7432,125614.0,816f90d0779e0c3ebac9f25935ebab5434272b6902bef41fda2bb061e27a7432,0.0,0.0,0.0,0.0,125614.0,278528.0,816f90d0779e0c3ebac9f25935ebab5434272b6902bef41fda2bb061e27a7432,278528.0,True,case_045,1,0.0,1.0,1.0,1.0
63059.0,acc6319873b2b5a0521e7d29f5d26127ed7fd4492f86c0a324ceecb0e2b89191,63052.0,1919d5c47ec8ea1caaef27c7cddc25afe580b44c95c69e4215bab978056fa1bf,4096.0,0.014285714285714285,0.0,0.0,63059.0,278528.0,acc6319873b2b5a0521e7d29f5d26127ed7fd4492f86c0a324ceecb0e2b89191,282624.0,True,case_045,2,0.0,1.0001110194759881,1.0,1.0001110194759881
42601.0,6248d0ba6ee39b3a271e1a130cf71a7d8973585df8f98913d661f4a0f6b644c4,42601.0,6248d0ba6ee39b3a271e1a130cf71a7d8973585df8f98913d661f4a0f6b644c4,0.0,0.0,0.0,0.0,42601.0,278528.0,6248d0ba6ee39b3a271e1a130cf71a7d8973585df8f98913d661f4a0f6b644c4,278528.0,True,case_045,3,0.0,1.0,1.0,1.0
31878.0,d71488bbd422a890d178641c2717980679f929b0e048a61f1ed20d16a2c3300c,31878.0,d71488bbd422a890d178641c2717980679f929b0e048a61f1ed20d16a2c3300c,0.0,0.0,0.0,0.0,31878.0,278528.0,d71488bbd422a890d178641c2717980679f929b0e048a61f1ed20d16a2c3300c,278528.0,True,case_045,4,0.0,1.0,1.0,1.0
26164.0,8892054d205d54186ccd74db2aa52d2fa58141db30c4bc3e2246e9443c1349f0,26164.0,8892054d205d54186ccd74db2aa52d2fa58141db30c4bc3e2246e9443c1349f0,0.0,0.0,0.0,0.0,26164.0,278528.0,8892054d205d54186ccd74db2aa52d2fa58141db30c4bc3e2246e9443c1349f0,278528.0,True,case_045,5,0.0,1.0,1.0,1.0
226233.0,5af3bdb2002fb1f22eee7b2acebb4f519e815408f9f9784e6f17c20caea9d0e4,226233.0,5af3bdb2002fb1f22eee7b2acebb4f519e815408f9f9784e6f17c20caea9d0e4,0.0,0.0,0.0,0.0,226233.0,1077856.0,5af3bdb2002fb1f22eee7b2acebb4f519e815408f9f9784e6f17c20caea9d0e4,1077856.0,True,case_046,1,0.0,1.0,1.0,1.0
166578.0,f10584105d60625c3118ab606b1a529b1aeafc2683c2c0a3b77b05c6453bf917,125148.0,9ab16e3ef41e642edb0797fc0f06f0524d360bc0a18d369442d39fc7204fd5f2,2207872.0,0.6758085685740592,2591232.0,0.573590037825662,137552.0,1926336.0,f10584105d60625c3118ab606b1a529b1aeafc2683c2c0a3b77b05c6453bf917,1059136.0,True,case_046,2,0.0,1.0991146482564644,1.2110183785041293,1.33104803912168
142176.0,8393e601f39375af85dc8e1cb63260b7a19911f2b8e4d25df29efeeb6555f49e,106079.0,511eab2d4ee3d8401dd5794a37c96e6a96e3ae8cd61e011349a5360f58e64101,2134112.0,0.5109325202255455,2160480.0,0.4306133122432839,121494.0,2856736.0,8393e601f39375af85dc8e1cb63260b7a19911f2b8e4d25df29efeeb6555f49e,2042784.0,True,case_046,3,2.220446049250313e-16,1.1453162265858463,1.1702306286730209,1.340284127866967
124612.0,00ee7cfb9e9e92f3e908568e23fb8e1663d0da6098ce060086fe6d1433905694,98844.0,52ff6ef9f3cd2d2abafcdda3a9e2a956e0b1b86f545d04155d202d346868488b,1673632.0,0.32376300753369114,1722752.0,0.3126655206058635,105932.0,3787136.0,00ee7cfb9e9e92f3e908568e23fb8e1663d0da6098ce060086fe6d1433905694,3495680.0,True,case_046,4,0.0,1.0717089555258792,1.176339538571914,1.2606936182267006
117204.0,25dae1c74b325b42132d20a383108da76dc06d79832ca6e109b9b483cb93c188,98844.0,2f796df7379b934c10e5383f147ccaff0fefb9072dabf823d94ed1f93192591c,1673632.0,0.32376300753369114,1180480.0,0.230457353832314,103554.0,3941856.0,25dae1c74b325b42132d20a383108da76dc06d79832ca6e109b9b483cb93c188,3495680.0,True,case_046,5,0.0,1.047650843753794,1.131815284778956,1.1857472380721137
323597.0,cc071209560ebe7344ad93081f971d1a0b7ab10318cfc5f0dcffebb664d0eda1,322738.0,21922ba2bf4bbd93117bbbb53749231c9009fc80b3d3f1de7fd1191701f3de31,0.0,0.0,0.0,0.0,323597.0,457286.0,cc071209560ebe7344ad93081f971d1a0b7ab10318cfc5f0dcffebb664d0eda1,457286.0,True,case_047,1,0.0,1.002661601670705,1.0,1.002661601670705
321355.0,61d6f428e67cb6260a03b2a8ea7ebc40c42c30e057381171015a81189cf2d427,321355.0,61d6f428e67cb6260a03b2a8ea7ebc40c42c30e057381171015a81189cf2d427,51714.0,0.04896222502892439,51714.0,0.04896222502892439,321355.0,1004488.0,61d6f428e67cb6260a03b2a8ea7ebc40c42c30e057381171015a81189cf2d427,1004488.0,True,case_047,2,0.0,1.0,1.0,1.0
326508.0,81b8494a366afb7af9d3b2cb56953b7f34bba55f31540c90d2d86ece35cc1f3e,324264.0,83ec578644f837f9ecc44589a3ea5ea8df63740ea3489daba6724970b46ffbd8,0.0,0.0,0.0,0.0,326508.0,457286.0,81b8494a366afb7af9d3b2cb56953b7f34bba55f31540c90d2d86ece35cc1f3e,457286.0,True,case_047,3,0.0,1.0069202871734142,1.0,1.0069202871734142
314757.0,f16859348370437fcf1d471e619ec0ae6d051515be6c7d8e7d356357266aa589,314754.0,f16859348370437fcf1d471e619ec0ae6d051515be6c7d8e7d356357266aa589,165444.0,0.10252984287483159,165444.0,0.10252984287483159,314754.0,1448174.0,f16859348370437fcf1d471e619ec0ae6d051515be6c7d8e7d356357266aa589,1448174.0,True,case_047,4,0.0,1.0,1.0000095312529784,1.0000095312529784
316261.0,6216f50724613ff36e88e179e42df590ac3eea256f0216e703ca04a1f77878c7,315056.0,d1ad0db302009086a6b8308948a889a01dad68804fd3806245f5bd3536c1472a,280.0,0.0005301765109083817,280.0,0.0005301765109083817,316261.0,527846.0,6216f50724613ff36e88e179e42df590ac3eea256f0216e703ca04a1f77878c7,527846.0,True,case_047,5,0.0,1.00382471687573,1.0,1.00382471687573
222220.0,fccfe92b14b3a2062ed290f18d83dd83b311adf67f9ac345c8d09e8bf80e7ca0,222220.0,fccfe92b14b3a2062ed290f18d83dd83b311adf67f9ac345c8d09e8bf80e7ca0,0.0,0.0,0.0,0.0,222220.0,410182.0,fccfe92b14b3a2062ed290f18d83dd83b311adf67f9ac345c8d09e8bf80e7ca0,410182.0,True,case_048,1,0.0,1.0,1.0,1.0
219890.0,b5cb0a19b858fc00d5890a4adf87fa746ffcbf6eba2003844c97850fdb68cdc5,219037.0,030ffc218c5a45b7449ee147599d52e8a7455279c42b7421cdd110004b68a11b,24580.0,0.043135369247886225,24580.0,0.041824771563239126,219890.0,563110.0,b5cb0a19b858fc00d5890a4adf87fa746ffcbf6eba2003844c97850fdb68cdc5,545254.0,True,case_048,2,0.0,1.003894319224606,1.0,1.003894319224606
218425.0,30039bda4a7ec89a5c7e38dab985d0d9b32138551102778b041a7f2a52c72234,218419.0,30039bda4a7ec89a5c7e38dab985d0d9b32138551102778b041a7f2a52c72234,65286.0,0.08904473923255071,65286.0,0.08904473923255071,218419.0,667896.0,30039bda4a7ec89a5c7e38dab985d0d9b32138551102778b041a7f2a52c72234,667896.0,True,case_048,3,0.0,1.0,1.0000274701376712,1.0000274701376712
218425.0,e8abd51fe48af4bc87d271a409ac0c77164e5ece354765631bbeaefa3f8637cc,218419.0,e8abd51fe48af4bc87d271a409ac0c77164e5ece354765631bbeaefa3f8637cc,65286.0,0.08904473923255071,65286.0,0.08904473923255071,218419.0,667896.0,e8abd51fe48af4bc87d271a409ac0c77164e5ece354765631bbeaefa3f8637cc,667896.0,True,case_048,4,0.0,1.0,1.0000274701376712,1.0000274701376712
217218.0,d5300b1c63e0770e65ba64208824984a74c141cfd04b18cfedf2db9317513672,215393.0,58fb51d2a6caf6de718bc24533238f89abe6fa90797b560a685242220464e79b,90766.0,0.11321013585316084,90766.0,0.11321013585316084,217140.0,710982.0,d5300b1c63e0770e65ba64208824984a74c141cfd04b18cfedf2db9317513672,710982.0,True,case_048,5,0.0,1.0081107556884392,1.0003592152528322,1.0084728844484268
195430.0,763a72f800e1a81d0b54d4b8ced37b6ef832d45e801a12f77cd51b4b4a09d2f5,194548.0,bc77074ffe2e8e359cc1ee4178f7903a17a88e7c874b937748ad25c6d3d1d421,0.0,0.0,0.0,0.0,195430.0,173496.0,763a72f800e1a81d0b54d4b8ced37b6ef832d45e801a12f77cd51b4b4a09d2f5,173496.0,True,case_049,1,0.0,1.0045335855418713,1.0,1.0045335855418713
160206.0,501aeb4d901152420dc0a27d8621d3800fd0de4567e258a9eba9a21f265f7aea,160206.0,501aeb4d901152420dc0a27d8621d3800fd0de4567e258a9eba9a21f265f7aea,0.0,0.0,0.0,0.0,160206.0,152504.0,501aeb4d901152420dc0a27d8621d3800fd0de4567e258a9eba9a21f265f7aea,152504.0,True,case_049,2,0.0,1.0,1.0,1.0
160206.0,c09d19ba3971785bc435ea8cbfbb37c548675d883b11aab2e589eb14e17d6666,160206.0,c09d19ba3971785bc435ea8cbfbb37c548675d883b11aab2e589eb14e17d6666,0.0,0.0,0.0,0.0,160206.0,152504.0,c09d19ba3971785bc435ea8cbfbb37c548675d883b11aab2e589eb14e17d6666,152504.0,True,case_049,3,0.0,1.0,1.0,1.0
160206.0,28f75dc773b045891245c6197388438d10fbd6bdd3f8bd11ebfa4e2c10c46140,160206.0,28f75dc773b045891245c6197388438d10fbd6bdd3f8bd11ebfa4e2c10c46140,0.0,0.0,0.0,0.0,160206.0,152504.0,28f75dc773b045891245c6197388438d10fbd6bdd3f8bd11ebfa4e2c10c46140,152504.0,True,case_049,4,0.0,1.0,1.0,1.0
160206.0,831a2b3752d6f277a23e58fb68143a20f6fad5fc8091dcb75e9e48464ddbb2fb,160206.0,831a2b3752d6f277a23e58fb68143a20f6fad5fc8091dcb75e9e48464ddbb2fb,0.0,0.0,0.0,0.0,160206.0,152504.0,831a2b3752d6f277a23e58fb68143a20f6fad5fc8091dcb75e9e48464ddbb2fb,152504.0,True,case_049,5,0.0,1.0,1.0,1.0
149242.0,9de85fb180ca507a7d0052ef5035a45ddb591ba64dc1c01e58913c6eb3ea72cb,148876.0,d5716d81aca3669af54ae9a16a07d2c871a181af181fe5de6b5eb43074831c2a,24580.0,0.03277350812537667,24576.0,0.04581723813927128,149242.0,511816.0,9de85fb180ca507a7d0052ef5035a45ddb591ba64dc1c01e58913c6eb3ea72cb,725416.0,True,case_050,1,0.0,1.0024584217738253,1.0,1.0024584217738253
108121.0,f6c59b87ce320de28f0408900058a48285b7e6c59db7ef65cdf9878d06fff86e,107981.0,c20430e43cb13688da62152c3891d5abb990710290fed6dd5b4e2cd9067dc4aa,11648.0,0.03519564888956036,3456.0,0.010707779251199048,108121.0,319300.0,f6c59b87ce320de28f0408900058a48285b7e6c59db7ef65cdf9878d06fff86e,319302.0,True,case_050,2,0.0,1.0012965243885499,1.0,1.0012965243885499
108121.0,14e895e012d624b4139db85d6c952fb9308641ac7975d3fb6c197356c373e611,107981.0,45f721848fa5823b86a8ba933ae728fe8b152504643738363001e044209020d3,11648.0,0.03519564888956036,3456.0,0.010707779251199048,108121.0,319300.0,14e895e012d624b4139db85d6c952fb9308641ac7975d3fb6c197356c373e611,319302.0,True,case_050,3,0.0,1.0012965243885499,1.0,1.0012965243885499
107794.0,8553866fb4e1bf51a22795fe05c993cf4409ac2c9525003bd98230296621eae8,107658.0,7055fdceb73da564fb0ecc1626dcd3bc731a9d22511f9496c0276ddce5b0b57e,3532.0,0.010441795563123787,3532.0,0.010441795563123787,107794.0,334724.0,8553866fb4e1bf51a22795fe05c993cf4409ac2c9525003bd98230296621eae8,334724.0,True,case_050,4,0.0,1.0012632595812665,1.0,1.0012632595812665
107794.0,f53f8a98b5778ef577fc7450cc0f611028fd13d0d4bb99f0ed893c9d5443102e,107658.0,09a852e58fa5a817cbb5cf687298e3ea739fa6305073e9138a888697f7d14527,3532.0,0.010441795563123787,3532.0,0.010441795563123787,107794.0,334724.0,f53f8a98b5778ef577fc7450cc0f611028fd13d0d4bb99f0ed893c9d5443102e,334724.0,True,case_050,5,0.0,1.0012632595812665,1.0,1.0012632595812665
607628.0,a99839fc0c6ff3f3581958c9c69c3737e2f83f16ad3efe64d200b0afcd604df0,607628.0,a99839fc0c6ff3f3581958c9c69c3737e2f83f16ad3efe64d200b0afcd604df0,0.0,0.0,0.0,0.0,607628.0,393216.0,a99839fc0c6ff3f3581958c9c69c3737e2f83f16ad3efe64d200b0afcd604df0,393216.0,True,case_051,1,0.0,1.0,1.0,1.0
607628.0,2a2865adc5eff22153cf709fe4d0e43cbfa7456ab5e749636d0c433923fc996f,607628.0,2a2865adc5eff22153cf709fe4d0e43cbfa7456ab5e749636d0c433923fc996f,0.0,0.0,0.0,0.0,607628.0,393216.0,2a2865adc5eff22153cf709fe4d0e43cbfa7456ab5e749636d0c433923fc996f,393216.0,True,case_051,2,0.0,1.0,1.0,1.0
607628.0,360a0b07d1a2da745dce6b8f7cee1cfa84bb6988379c407e9d772de1e21ea066,607628.0,360a0b07d1a2da745dce6b8f7cee1cfa84bb6988379c407e9d772de1e21ea066,0.0,0.0,0.0,0.0,607628.0,393216.0,360a0b07d1a2da745dce6b8f7cee1cfa84bb6988379c407e9d772de1e21ea066,393216.0,True,case_051,3,0.0,1.0,1.0,1.0
541017.0,743ddfdc90bda57cd72172e4ecf2dc6c3ba30306fd107a2eeca8f0bc49dab3c9,541017.0,743ddfdc90bda57cd72172e4ecf2dc6c3ba30306fd107a2eeca8f0bc49dab3c9,393216.0,0.08333308608517007,393216.0,0.08333308608517007,541017.0,4325390.0,743ddfdc90bda57cd72172e4ecf2dc6c3ba30306fd107a2eeca8f0bc49dab3c9,4325390.0,True,case_051,4,0.0,1.0,1.0,1.0
541017.0,23f9b112319e3936a068ccb03a1cd5b513fedf05827230057b5884ab0315e322,541017.0,23f9b112319e3936a068ccb03a1cd5b513fedf05827230057b5884ab0315e322,393216.0,0.08333308608517007,393216.0,0.08333308608517007,541017.0,4325390.0,23f9b112319e3936a068ccb03a1cd5b513fedf05827230057b5884ab0315e322,4325390.0,True,case_051,5,0.0,1.0,1.0,1.0
159895.0,c69b1b471bb85a7e4276ef319716e642129106ebe4853f604cd1b6e7d672b94a,158577.0,87b0cf4af08cb786e22087abd57bb859fc8e52aee898dd2b37c4b5f556b68e84,0.0,0.0,0.0,0.0,159895.0,845468.0,c69b1b471bb85a7e4276ef319716e642129106ebe4853f604cd1b6e7d672b94a,845468.0,True,case_052,1,0.0,1.0083114196888578,1.0,1.0083114196888578
90903.0,1b145e1f1317231aab9f0a4ca40baf5ddff1be885e43541930bba5160cb23abe,90903.0,1b145e1f1317231aab9f0a4ca40baf5ddff1be885e43541930bba5160cb23abe,102912.0,0.11272394288443255,102912.0,0.11272394288443255,90903.0,810044.0,1b145e1f1317231aab9f0a4ca40baf5ddff1be885e43541930bba5160cb23abe,810044.0,True,case_052,2,0.0,1.0,1.0,1.0
61071.0,8ed9d9759a7951e99c61fa02f551b4585c91f53ab77c8fa07584d664b91edba8,61071.0,8ed9d9759a7951e99c61fa02f551b4585c91f53ab77c8fa07584d664b91edba8,181248.0,0.18284017221968904,181248.0,0.18284017221968904,61071.0,810044.0,8ed9d9759a7951e99c61fa02f551b4585c91f53ab77c8fa07584d664b91edba8,810044.0,True,case_052,3,0.0,1.0,1.0,1.0
45610.0,ef5bc8b548340ccc8b0239979daee2ae56067b2cd8f79bbaae84d9c308103b78,45610.0,4875d2220682aaba553cd9d1173f16fc6ed2eb51d1ca2571465641a15d7a4930,176640.0,0.1658560402621547,176640.0,0.1658560402621547,45610.0,888380.0,ef5bc8b548340ccc8b0239979daee2ae56067b2cd8f79bbaae84d9c308103b78,888380.0,True,case_052,4,0.0,1.0,1.0,1.0
37387.0,e29533353b9af4ff4e99d5c43472ab59902b97e7857fcfbb4d4b16a79c0c9570,37387.0,768e05022c53762f6b739e1a1fb0793197567a7d09b30a9d636484ffcfce48bc,296448.0,0.26032800935764544,296448.0,0.26032800935764544,37387.0,842300.0,e29533353b9af4ff4e99d5c43472ab59902b97e7857fcfbb4d4b16a79c0c9570,842300.0,True,case_052,5,0.0,1.0,1.0,1.0
1448004.0,259b5592a0cb1c2190a968f63b582c4bacfb2cd07f027a98bb539aef37aa8369,1421619.0,68701cef8af93422aad6b96617de345444a9c542be432372c941905b98d6b653,2613792.0,0.3900358939173136,2668704.0,0.39643539941322836,1426552.0,4063046.0,259b5592a0cb1c2190a968f63b582c4bacfb2cd07f027a98bb539aef37aa8369,4087622.0,True,case_053,1,0.0,1.0034699873876194,1.0150376572322635,1.018559825100818
774929.0,1e3d620da8e5dbd5d6303e08bc2b047ab7949f1e3e660cb6179b6642e41723c0,759346.0,74c424ce19c08087a10dcbcdad5a4422935504d2935030e06d16cef38fb1ed1b,3190336.0,0.398239741039114,4073184.0,0.46215482633271693,768202.0,4740278.0,1e3d620da8e5dbd5d6303e08bc2b047ab7949f1e3e660cb6179b6642e41723c0,4820758.0,True,case_053,2,2.220446049250313e-16,1.0116626676113392,1.0087568113595122,1.0205216067510727
542159.0,0cb31b7d67b33b4b1d689edaca7f9a0076866357b6d529d47e117cb4d4d2a845,491765.0,52811f20eb5c68de920c162cd8a5d8ded72e836c5186c0430278f0f5f52023ad,3570304.0,0.43813915931076886,3224832.0,0.3706707708859435,506885.0,5475158.0,0cb31b7d67b33b4b1d689edaca7f9a0076866357b6d529d47e117cb4d4d2a845,4578486.0,True,case_053,3,2.220446049250313e-16,1.0307463930942624,1.0695897491541473,1.1024757760312345
492232.0,c47dc0c5c0b92425191edb2a528b734163a7646eef7819beaf3a7823d5810c78,491765.0,b4116e261994112ad4670a4f6b740524624511624b4b69729e30e8c55ec37a8b,3570304.0,0.43813915931076886,3077376.0,0.35497521705979856,492232.0,5591894.0,c47dc0c5c0b92425191edb2a528b734163a7646eef7819beaf3a7823d5810c78,4578486.0,True,case_053,4,0.0,1.0009496405803584,1.0,1.0009496405803584
492232.0,6bd8162e29f88b682c20b0683c396e15db8b5d3008ce4b9ffc12f1ae54b0bfa3,491765.0,fd4d2afac634f32b435622ea3b2df5cd9072fdc313aa19b0d9903b17a54c292f,3570304.0,0.43813915931076886,3077376.0,0.35497521705979856,492232.0,5591894.0,6bd8162e29f88b682c20b0683c396e15db8b5d3008ce4b9ffc12f1ae54b0bfa3,4578486.0,True,case_053,5,0.0,1.0009496405803584,1.0,1.0009496405803584
796718.0,d6551cbb63b7d34d9d7be2e6dbd56353413e93d5b565f7d30556dd7f12596a4c,792519.0,b6caa6bddcfb9ce6c5c024c65a19c61a93a063d946844c65df38e3dc01a9c68f,2.0,1.167539597105436e-06,0.0,0.0,796718.0,1689064.0,d6551cbb63b7d34d9d7be2e6dbd56353413e93d5b565f7d30556dd7f12596a4c,1713002.0,True,case_054,1,0.0,1.0052982956875482,1.0,1.0052982956875482
517960.0,8e3cd02efbb40784f1584ef131c654ad2c778c73130a8aadec52b6800c47dc0a,513641.0,3ed48da7495a0f1e88da8e88eb797f7c57d0e97b165bd3e7bbf4b038b113cd6b,0.0,0.0,0.0,0.0,517960.0,1655366.0,8e3cd02efbb40784f1584ef131c654ad2c778c73130a8aadec52b6800c47dc0a,1655366.0,True,case_054,2,0.0,1.0084085966657645,1.0,1.0084085966657645
516442.0,285b976e27eabbf8790115f0e85f15459fd7ca3c78dec419faabe8bc99c8af40,513130.0,2186ac569d48b5b87529c5c27a9a9b2d8129165d87d6e2da14c170de9a670a8b,0.0,0.0,0.0,0.0,516442.0,1706636.0,285b976e27eabbf8790115f0e85f15459fd7ca3c78dec419faabe8bc99c8af40,1706636.0,True,case_054,3,0.0,1.0064545047064097,1.0,1.0064545047064097
516442.0,4229efe7e732255aeaa8042d7d0b1021137a63d8e6b0eedafac43d3ad4cc2bf9,513130.0,43b4ecd81369a7a3098694b445626482e3ea91eef7ffa2bc7dd787c19feaad0f,0.0,0.0,0.0,0.0,516442.0,1706636.0,4229efe7e732255aeaa8042d7d0b1021137a63d8e6b0eedafac43d3ad4cc2bf9,1706636.0,True,case_054,4,0.0,1.0064545047064097,1.0,1.0064545047064097
516442.0,9889563823df06c40b50400dd7e40277a2b4a99aad7f1edbbb77f7ddd0672d88,513641.0,b334b8bc7f7ea4acbb3d99dc059d4d2e67cac3df796c065370b0af28164874c4,0.0,0.0,0.0,0.0,517960.0,1655366.0,a2a10a804eba4542d15377e5947b1ba97fcf15472acd2114250711e192849984,1655366.0,False,case_054,5,0.0,1.0084085966657645,0.997069271758437,1.0054532251124813
118835.0,57f1aa3ebfd308a12a8c4fdfa68250eb54e430fe7e60658982741cfe07245f91,114628.0,af97ca75e1573f4ecd70335b68de6fcdf54ff4b81682b486cb5c8e8876ca02fa,32768.0,0.0488510288114924,69632.0,0.10014324257468461,118835.0,625692.0,57f1aa3ebfd308a12a8c4fdfa68250eb54e430fe7e60658982741cfe07245f91,638006.0,True,case_055,1,0.0,1.0367013295180934,1.0,1.0367013295180934
59839.0,174cc002b6ffb4cdc45c21a8bb50ec0dc77e0c99260671f016c39cde0626dc27,59839.0,174cc002b6ffb4cdc45c21a8bb50ec0dc77e0c99260671f016c39cde0626dc27,41472.0,0.062161627425940245,41472.0,0.062161627425940245,59839.0,625692.0,174cc002b6ffb4cdc45c21a8bb50ec0dc77e0c99260671f016c39cde0626dc27,625692.0,True,case_055,2,0.0,1.0,1.0,1.0
42047.0,146b2beef686f5a6176ca7e3e49795d2c83fec4883499d28665e4e1a0c2d1bcf,39987.0,0cb209eccd156771ae9d7f2e7fd3ac10904cad6739ca4c0a01b54df7a14ee9cc,107520.0,0.1450221471694245,115712.0,0.15607145362042826,42047.0,625692.0,146b2beef686f5a6176ca7e3e49795d2c83fec4883499d28665e4e1a0c2d1bcf,633884.0,True,case_055,3,0.0,1.051516742941456,1.0,1.051516742941456
32099.0,c71e28f0382edd21eb2d24087e45ae0b8c394400e1006fddb502f2a457134e45,32099.0,c71e28f0382edd21eb2d24087e45ae0b8c394400e1006fddb502f2a457134e45,173568.0,0.21716087380827265,173568.0,0.21716087380827265,32099.0,625692.0,c71e28f0382edd21eb2d24087e45ae0b8c394400e1006fddb502f2a457134e45,625692.0,True,case_055,4,0.0,1.0,1.0,1.0
25635.0,70c02d0ec165957781061d19fdb5d09f20ae5a911cc7ca7aa9018afd61f0af8c,25635.0,7f5afe4a1f7e3e86e14f6ddbb74f85cb0963835d21e0ce3b307d8e8080624d34,189952.0,0.2216176106851348,189952.0,0.2216176106851348,25635.0,667164.0,70c02d0ec165957781061d19fdb5d09f20ae5a911cc7ca7aa9018afd61f0af8c,667164.0,True,case_055,5,0.0,1.0,1.0,1.0
277285.0,743175f0c2281513c5ba96ab480f89a6b160427a20f1643bab65d04602081c3c,277285.0,743175f0c2281513c5ba96ab480f89a6b160427a20f1643bab65d04602081c3c,0.0,0.0,0.0,0.0,277285.0,221526.0,743175f0c2281513c5ba96ab480f89a6b160427a20f1643bab65d04602081c3c,221526.0,True,case_056,1,0.0,1.0,1.0,1.0
265710.0,8409fef44db08e91c6de77d943eb905ed6aa804a8e46a5023cba31f42949cdee,265710.0,8409fef44db08e91c6de77d943eb905ed6aa804a8e46a5023cba31f42949cdee,0.0,0.0,0.0,0.0,265710.0,221526.0,8409fef44db08e91c6de77d943eb905ed6aa804a8e46a5023cba31f42949cdee,221526.0,True,case_056,2,0.0,1.0,1.0,1.0
265710.0,5fa5d540baf59b21db0ee2557297b2fd127c77fb5b1e6f5758cded051c73e156,265710.0,5fa5d540baf59b21db0ee2557297b2fd127c77fb5b1e6f5758cded051c73e156,0.0,0.0,0.0,0.0,265710.0,221526.0,5fa5d540baf59b21db0ee2557297b2fd127c77fb5b1e6f5758cded051c73e156,221526.0,True,case_056,3,0.0,1.0,1.0,1.0
265710.0,1636f1c92b13c8d4d71fe6c14144968055070012cb1c81a5b71b905a8c5c6b7e,265710.0,1636f1c92b13c8d4d71fe6c14144968055070012cb1c81a5b71b905a8c5c6b7e,0.0,0.0,0.0,0.0,265710.0,221526.0,1636f1c92b13c8d4d71fe6c14144968055070012cb1c81a5b71b905a8c5c6b7e,221526.0,True,case_056,4,0.0,1.0,1.0,1.0
265710.0,3d61f5c1424a59f568740a9318add70615e8cec9f0686af205c8ac3f9cd25efa,265710.0,3d61f5c1424a59f568740a9318add70615e8cec9f0686af205c8ac3f9cd25efa,0.0,0.0,0.0,0.0,265710.0,221526.0,3d61f5c1424a59f568740a9318add70615e8cec9f0686af205c8ac3f9cd25efa,221526.0,True,case_056,5,0.0,1.0,1.0,1.0
59247.0,86f0f0a5a581911a330cf30c7f24ea9c102e672231a6d9fbb4db71b24074ec2c,59096.0,d05b6380bf9e40ee46a168354600a8559dac158de74e6d1125984a02e4c6824c,45056.0,0.0907724604220307,61440.0,0.1313724400121451,59247.0,406238.0,86f0f0a5a581911a330cf30c7f24ea9c102e672231a6d9fbb4db71b24074ec2c,451306.0,True,case_057,1,0.0,1.0025551644781372,1.0,1.0025551644781372
30183.0,c7f56b740bc95c8f645476f5f17828af27b7cf1b528dae9642c647d56e538342,29658.0,86abfaab7a8b41ecfad17821034d13daafeecce564ebecb4ffeaea43c73d80c3,22304.0,0.062146829686925316,22304.0,0.062146829686925316,30183.0,336588.0,c7f56b740bc95c8f645476f5f17828af27b7cf1b528dae9642c647d56e538342,336588.0,True,case_057,2,0.0,1.0177018005259963,1.0,1.0177018005259963
20705.0,e6132f79ead543c0720b38adde3dc72611b121ae9143816305955871ebc54a87,20705.0,e6132f79ead543c0720b38adde3dc72611b121ae9143816305955871ebc54a87,288.0,0.0008212147134302823,288.0,0.0008212147134302823,20705.0,350412.0,e6132f79ead543c0720b38adde3dc72611b121ae9143816305955871ebc54a87,350412.0,True,case_057,3,0.0,1.0,1.0,1.0
16485.0,6fda72854bbad6557546e74b3ac73babb5ce6fbdf5be8c4f7122e0daf99c7cbe,16485.0,6fda72854bbad6557546e74b3ac73babb5ce6fbdf5be8c4f7122e0daf99c7cbe,28224.0,0.07736587612249597,28224.0,0.07736587612249597,16485.0,336588.0,6fda72854bbad6557546e74b3ac73babb5ce6fbdf5be8c4f7122e0daf99c7cbe,336588.0,True,case_057,4,0.0,1.0,1.0,1.0
14028.0,2dd3c1076d4b30d1c5fdce678979fc8b2990a5bf69db5be6cfc84139a1ab15e0,14028.0,2dd3c1076d4b30d1c5fdce678979fc8b2990a5bf69db5be6cfc84139a1ab15e0,13824.0,0.03941830624465355,13824.0,0.03941830624465355,14028.0,336876.0,2dd3c1076d4b30d1c5fdce678979fc8b2990a5bf69db5be6cfc84139a1ab15e0,336876.0,True,case_057,5,0.0,1.0,1.0,1.0
4539717.0,ff71c780c30ca091e2677bec8c5d6320f2d7acb191c9f44dbc2e314322d098c5,4533133.0,ca83bd4c4bd2a07c796a4847822fe765495b8a43367228ea5222a136e8c3b989,0.0,0.0,0.0,0.0,4539717.0,35319808.0,ff71c780c30ca091e2677bec8c5d6320f2d7acb191c9f44dbc2e314322d098c5,35344384.0,True,case_058,1,0.0,1.001452417125198,1.0,1.001452417125198
2268376.0,164a5e0bc54907cf832f5bf4ec31cc2435b7aa6ad19c10fa91d14778628a8d85,2266610.0,164a5e0bc54907cf832f5bf4ec31cc2435b7aa6ad19c10fa91d14778628a8d85,4317184.0,0.10778198179772983,4317184.0,0.10778198179772983,2266610.0,35737600.0,164a5e0bc54907cf832f5bf4ec31cc2435b7aa6ad19c10fa91d14778628a8d85,35737600.0,True,case_058,2,0.0,1.0,1.000779137125487,1.000779137125487
1554831.0,4371c5e6077c734b869238fa26b8076a4b821f0e436604bc8d0c5136595593aa,1533246.0,9a2f6e72fcc8b50cca0a7f64f699f682e0cd3a4696021938e14c5088b51a02f2,6488064.0,0.17502762430939225,0.0,0.0,1554831.0,37023744.0,4371c5e6077c734b869238fa26b8076a4b821f0e436604bc8d0c5136595593aa,30580736.0,True,case_058,3,0.0,1.0140779757455751,1.0,1.0140779757455751
1154519.0,9082aeab7bc3e1b5720265551e601a49f424891217b18052d4fa077147478a93,1142629.0,9082aeab7bc3e1b5720265551e601a49f424891217b18052d4fa077147478a93,13246464.0,0.2689844464775846,13246464.0,0.2689844464775846,1142629.0,35999744.0,9082aeab7bc3e1b5720265551e601a49f424891217b18052d4fa077147478a93,35999744.0,True,case_058,4,0.0,1.0,1.0104058272632674,1.0104058272632674
1004819.0,eed4857ef51a37c21b19800d4c5eb107d89014223e46e7c918968d3bb56f181f,1004819.0,eed4857ef51a37c21b19800d4c5eb107d89014223e46e7c918968d3bb56f181f,0.0,0.0,0.0,0.0,1004819.0,38727680.0,eed4857ef51a37c21b19800d4c5eb107d89014223e46e7c918968d3bb56f181f,38727680.0,True,case_058,5,0.0,1.0,1.0,1.0
829473.0,2e6a67d7d77f4b2e1ea02410090335b393c7c9d2780064849fbac16238d5ce03,815938.0,2e6a67d7d77f4b2e1ea02410090335b393c7c9d2780064849fbac16238d5ce03,1691648.0,0.6100443131462334,1691648.0,0.6100443131462334,815938.0,1081344.0,2e6a67d7d77f4b2e1ea02410090335b393c7c9d2780064849fbac16238d5ce03,1081344.0,True,case_059,1,0.0,1.0,1.0165882701871956,1.0165882701871956
369318.0,6d26e457586baeb0f7e40ed87a5db0472b8a41178e814674fe5bd4cc7ad9e095,369318.0,6d26e457586baeb0f7e40ed87a5db0472b8a41178e814674fe5bd4cc7ad9e095,0.0,0.0,0.0,0.0,369318.0,1441792.0,6d26e457586baeb0f7e40ed87a5db0472b8a41178e814674fe5bd4cc7ad9e095,1441792.0,True,case_059,2,0.0,1.0,1.0,1.0
266217.0,a33ed9026d2844a3f63b4da2a7324c129a547b2f5a787e328a945100c4e0de99,257883.0,a3713d3eca1c3d34c8fa2b551042aaaa3b60d41a074d56f2c4bba6342aab1fae,2961408.0,0.7186878727634195,2787328.0,0.6832329317269076,262333.0,1292288.0,a33ed9026d2844a3f63b4da2a7324c129a547b2f5a787e328a945100c4e0de99,1159168.0,True,case_059,3,0.0,1.0172558873597717,1.014805609664053,1.0323169809564803
185216.0,8114d6a4cf5c94a123d8806767a6033fd902ca76b31185afd5ee083991d1e6b5,185216.0,8114d6a4cf5c94a123d8806767a6033fd902ca76b31185afd5ee083991d1e6b5,0.0,0.0,0.0,0.0,185216.0,2162688.0,8114d6a4cf5c94a123d8806767a6033fd902ca76b31185afd5ee083991d1e6b5,2162688.0,True,case_059,4,0.0,1.0,1.0,1.0
150782.0,33d21a9aecd3b52b1777744d15b578d06ef2cd7e114f9f41e1749722eb2d7be4,150736.0,33d21a9aecd3b52b1777744d15b578d06ef2cd7e114f9f41e1749722eb2d7be4,3989504.0,0.7378787878787879,3989504.0,0.7378787878787879,150736.0,1417216.0,33d21a9aecd3b52b1777744d15b578d06ef2cd7e114f9f41e1749722eb2d7be4,1417216.0,True,case_059,5,0.0,1.0,1.0003051693026217,1.0003051693026217
885660.0,285e83754357e0c4357484b90336b4749acc5fa00ab259cbfdcce7e90b41ba74,883441.0,ff53ec0d434e36d9c883082145ee994b3fad27d505000e7fb91a082b3ddab1bc,970754.0,0.2415464682978876,1011712.0,0.25492379841781304,884971.0,2956972.0,285e83754357e0c4357484b90336b4749acc5fa00ab259cbfdcce7e90b41ba74,3048158.0,True,case_060,1,0.0,1.001731864380304,1.00077855658547,1.0025117693201924
443955.0,6d78f1543fc9247be5c6b8bcd3d3b0f33f599b93765ee6b9b61bb4be4737b7d0,437319.0,cd6e6542d71df93595c2a9327b99f8cb0aedf1ceeff1f8f20116c927c3846d55,2093056.0,0.4471961572498749,2029696.0,0.4316784598468269,443733.0,2672174.0,6d78f1543fc9247be5c6b8bcd3d3b0f33f599b93765ee6b9b61bb4be4737b7d0,2587342.0,True,case_060,2,0.0,1.014666639226743,1.0005003008565962,1.0151742778155077
298210.0,efc0c16d8b787d758a679a8f642830ee6097fbf93936f03466558b044335249f,297002.0,5d237c599cb10bab46a694d3b7fdea97a116f1ebbc7cc39f67b65bbe7bc52b14,2546816.0,0.47858879205759564,2556032.0,0.48041307489087465,297398.0,2764456.0,efc0c16d8b787d758a679a8f642830ee6097fbf93936f03466558b044335249f,2774696.0,True,case_060,3,-2.220446049250313e-16,1.0013333243547182,1.0027303478839804,1.004067312678029
221720.0,6358837aae73be7557d0bc36f85d67a841242a511a878814e8bead7f3c67bc3b,221694.0,a9ef9275b8deb6b3e0da382ae53691fbf69c1acd816b1826b1d4bcd0bcc2aec2,2753664.0,0.4784244883152191,2904192.0,0.48169577548887893,221694.0,3124908.0,6358837aae73be7557d0bc36f85d67a841242a511a878814e8bead7f3c67bc3b,3002028.0,True,case_060,4,0.0,1.0,1.0001172787716401,1.0001172787716401
175702.0,54ad13b1ffeb9242c5d1c322762d372219fc9eb40b25e9f40049079c5165c63a,175626.0,54ad13b1ffeb9242c5d1c322762d372219fc9eb40b25e9f40049079c5165c63a,3179904.0,0.5258076848286344,3179904.0,0.5258076848286344,175626.0,2867752.0,54ad13b1ffeb9242c5d1c322762d372219fc9eb40b25e9f40049079c5165c63a,2867752.0,True,case_060,5,0.0,1.0,1.000432737749536,1.000432737749536
77191.0,edb353981bb45230de54747db9aa340d4d2df60e2525987635147267b7b99e11,77191.0,edb353981bb45230de54747db9aa340d4d2df60e2525987635147267b7b99e11,0.0,0.0,0.0,0.0,77191.0,544036.0,edb353981bb45230de54747db9aa340d4d2df60e2525987635147267b7b99e11,544036.0,True,case_061,1,0.0,1.0,1.0,1.0
39298.0,8ad39aa8c05596ca39e5cc1ac892daa5250d15c6a44a2672a811741cb73a8482,38792.0,3cf56475ed9b90d863f866e321f09770c13a7a90e37348e3c6458e7f9d099529,42752.0,0.07260425653322827,34560.0,0.05973079661802017,39272.0,544036.0,8ad39aa8c05596ca39e5cc1ac892daa5250d15c6a44a2672a811741cb73a8482,546084.0,True,case_061,2,2.220446049250313e-16,1.0123736852959373,1.0006620492972091,1.0130439265828006
30303.0,861455fdbcb7e51f6a45bd239dc34fda5d0e8f4eb793f992f8e2320585baa1be,30303.0,861455fdbcb7e51f6a45bd239dc34fda5d0e8f4eb793f992f8e2320585baa1be,36096.0,0.06222032227148304,36096.0,0.06222032227148304,30303.0,544036.0,861455fdbcb7e51f6a45bd239dc34fda5d0e8f4eb793f992f8e2320585baa1be,544036.0,True,case_061,3,0.0,1.0,1.0,1.0
24024.0,9dcf9338a474e2eb9675545d7da1c61fff8ddea19a9e3d4649de72fb8591508e,24024.0,9dcf9338a474e2eb9675545d7da1c61fff8ddea19a9e3d4649de72fb8591508e,70656.0,0.11494537101507747,70656.0,0.11494537101507747,24024.0,544036.0,9dcf9338a474e2eb9675545d7da1c61fff8ddea19a9e3d4649de72fb8591508e,544036.0,True,case_061,4,0.0,1.0,1.0,1.0
22283.0,b86ec3dd2ffb94be6da7450a12f26951c17dc5733d84ff3ffdafb1a2e87eb635,22283.0,4e68ce6f41e62f357d65db627afe51e04f231db65e9f379f300b2116b627eb69,76544.0,0.12208363903154805,76544.0,0.12208363903154805,22283.0,550436.0,b86ec3dd2ffb94be6da7450a12f26951c17dc5733d84ff3ffdafb1a2e87eb635,550436.0,True,case_061,5,0.0,1.0,1.0,1.0
2854809.0,fd3cb50d6d81addc681279ae0a013b7060af8878acdbfd2ba99db86a91b024f5,2854809.0,fd3cb50d6d81addc681279ae0a013b7060af8878acdbfd2ba99db86a91b024f5,0.0,0.0,0.0,0.0,2854809.0,13400064.0,fd3cb50d6d81addc681279ae0a013b7060af8878acdbfd2ba99db86a91b024f5,13400064.0,True,case_062,1,0.0,1.0,1.0,1.0
2521494.0,ae01397ed297b9192279fb29e5ee2976eb844aace79399fde76153945c2a62d9,2387918.0,30d7fe878a9b7dfd0c0dd75e54fddf83b7b56befa3c9f577141c341e4a0258dc,0.0,0.0,0.0,0.0,2521494.0,63360000.0,ae01397ed297b9192279fb29e5ee2976eb844aace79399fde76153945c2a62d9,62899200.0,True,case_062,2,0.0,1.055938269237051,1.0,1.055938269237051
1939281.0,a4105e26c05718c6d485b724ae744234b633c8bb6e4ee9d1effe8ba5698dd157,1818680.0,1591b75e56493e3af9255cddd5c63d158f1ae29eee07574ca892982519f628bf,0.0,0.0,0.0,0.0,1939281.0,65452032.0,a4105e26c05718c6d485b724ae744234b633c8bb6e4ee9d1effe8ba5698dd157,65184768.0,True,case_062,3,0.0,1.0663123804077683,1.0,1.0663123804077683
1767455.0,aed84565f553b1f054e03be4d522301bb7ff4240fa1085f8755bd7044ac264c7,1270730.0,d548e182020e78543eb2fa9e5e44ce9778b35a7bf084cf308d176a76621a6783,4608.0,0.0002775721687638786,4608.0,0.0002775721687638786,1270730.0,16596480.0,d548e182020e78543eb2fa9e5e44ce9778b35a7bf084cf308d176a76621a6783,16596480.0,False,case_062,4,0.0,1.0,1.3908973582114217,1.3908973582114217
719016.0,60a26b6a3c952b931c7b43a829a0e05b86fa3a998ca1dab6a3b77999ad16f6d3,701554.0,57b5a541f6ceec49cae03b457f6b669defda84f3a70f69bcb2cb70e71178600e,1138176.0,0.061555075593952485,9216.0,0.0005425935973955507,718939.0,16975872.0,60a26b6a3c952b931c7b43a829a0e05b86fa3a998ca1dab6a3b77999ad16f6d3,17352192.0,True,case_062,5,0.0,1.0247807011292074,1.0001071022715418,1.0248904574701305
1070397.0,22ba1aa466d54b5388d6a4f595e2c379d9b03d96a9122f8f166ba87ce165e289,1070397.0,22ba1aa466d54b5388d6a4f595e2c379d9b03d96a9122f8f166ba87ce165e289,0.0,0.0,0.0,0.0,1070397.0,5019648.0,22ba1aa466d54b5388d6a4f595e2c379d9b03d96a9122f8f166ba87ce165e289,5019648.0,True,case_063,1,0.0,1.0,1.0,1.0
909394.0,51619789eba8cc0c10203e57bad4d5cf3637cd70c8c1a9e082f778f03f0286d5,874911.0,8c6ec25fd5637cd86d79b80c7a006af1fe94d30c7c42bfef609dae0775f86354,626688.0,0.02731106499765714,760320.0,0.03404167526304931,903188.0,21574656.0,51619789eba8cc0c10203e57bad4d5cf3637cd70c8c1a9e082f778f03f0286d5,22319616.0,True,case_063,2,0.0,1.0323198588199256,1.006871216180906,1.0394131517377196
617304.0,c19120d0fcb32d450ee188979cdaaac152c0aec69d093df5cfa4a66e2bdb37ce,593484.0,11660554cf041b6e27c0938e4c3a48be57fb6e73c53dc5c79e9ebd4aef22637d,55296.0,0.0026682478505781204,55296.0,0.0026662716634572657,616709.0,20683776.0,c19120d0fcb32d450ee188979cdaaac152c0aec69d093df5cfa4a66e2bdb37ce,20668416.0,True,case_063,3,0.0,1.0391333212015825,1.0009647986327426,1.040135875609115
324251.0,0631ab897dea3c6d65f5f3ab414810266a7fbadc620e46cb04d2f3831ce2f123,324251.0,ba058e24dabc74bfd18f733212bd30ebdfb15549bdbcea831b789f80e40259d5,0.0,0.0,0.0,0.0,324251.0,6125568.0,0631ab897dea3c6d65f5f3ab414810266a7fbadc620e46cb04d2f3831ce2f123,6125568.0,True,case_063,4,0.0,1.0,1.0,1.0
251581.0,17351d98f4f9178d303a38116b899ae959f623fc71ce8101ffb97115108c0f2c,251581.0,43de34f919fa7a688eadb66196417d77a9499f3a2ba425bf5fb3cd423453d0c2,0.0,0.0,0.0,0.0,251581.0,6274560.0,17351d98f4f9178d303a38116b899ae959f623fc71ce8101ffb97115108c0f2c,6274560.0,True,case_063,5,0.0,1.0,1.0,1.0
19116.0,8a238951c2570c526b3eb7e15370b4a18f94f353732e7bb3f7270be821613e4d,19116.0,8a238951c2570c526b3eb7e15370b4a18f94f353732e7bb3f7270be821613e4d,0.0,0.0,0.0,0.0,19116.0,35622.0,8a238951c2570c526b3eb7e15370b4a18f94f353732e7bb3f7270be821613e4d,35622.0,True,case_064,1,0.0,1.0,1.0,1.0
19116.0,132c3efb3aee7de7811c38d245c2acdb2a4aadc6888d9975646ab7f7f3956d2e,19116.0,132c3efb3aee7de7811c38d245c2acdb2a4aadc6888d9975646ab7f7f3956d2e,0.0,0.0,0.0,0.0,19116.0,35622.0,132c3efb3aee7de7811c38d245c2acdb2a4aadc6888d9975646ab7f7f3956d2e,35622.0,True,case_064,2,0.0,1.0,1.0,1.0
19116.0,d2f6461ff086873bfd780c0a3a3d7c3eb45042dc53b8d4631001fbde6cacee0c,19116.0,d2f6461ff086873bfd780c0a3a3d7c3eb45042dc53b8d4631001fbde6cacee0c,0.0,0.0,0.0,0.0,19116.0,35622.0,d2f6461ff086873bfd780c0a3a3d7c3eb45042dc53b8d4631001fbde6cacee0c,35622.0,True,case_064,3,0.0,1.0,1.0,1.0
19116.0,2a871ace8c9a3cf400212965eaf5541deefd388cfcdf5dd93f865ca7cb901011,19116.0,2a871ace8c9a3cf400212965eaf5541deefd388cfcdf5dd93f865ca7cb901011,0.0,0.0,0.0,0.0,19116.0,35622.0,2a871ace8c9a3cf400212965eaf5541deefd388cfcdf5dd93f865ca7cb901011,35622.0,True,case_064,4,0.0,1.0,1.0,1.0
19116.0,0e3b42e1dbc1a5630fc2210cd2f0b6ab2434cffb077bf784caf4b64f3fcbad62,19116.0,0e3b42e1dbc1a5630fc2210cd2f0b6ab2434cffb077bf784caf4b64f3fcbad62,0.0,0.0,0.0,0.0,19116.0,35622.0,0e3b42e1dbc1a5630fc2210cd2f0b6ab2434cffb077bf784caf4b64f3fcbad62,35622.0,True,case_064,5,0.0,1.0,1.0,1.0
39901.0,022fbec0b84beb7e330d63d603d29e74d9c98449dd43a4cfc3345a60f27f2853,39824.0,582d26f68ce28714490262cfe503a98a4604e315dada83f9750a70fb3f17fed0,0.0,0.0,0.0,0.0,39901.0,299720.0,022fbec0b84beb7e330d63d603d29e74d9c98449dd43a4cfc3345a60f27f2853,299720.0,True,case_065,1,0.0,1.0019335074327038,1.0,1.0019335074327038
26610.0,1a1a4f6917e81c13229e3187dfdda1acbf4fa39252326f2ec743255a3f92a74f,26551.0,fe02870a71b2fb426ab5fb8f78207fe65019819cd6c6cef7335c0d2e8e368495,13968.0,0.044528321134375555,13968.0,0.044528321134375555,26610.0,299720.0,1a1a4f6917e81c13229e3187dfdda1acbf4fa39252326f2ec743255a3f92a74f,299720.0,True,case_065,2,0.0,1.0022221385258558,1.0,1.0022221385258558
17972.0,d7c945e9b8be55e4abab7f247e2a98926084668964231e1eb1ac347d34d0e8bb,17972.0,d7c945e9b8be55e4abab7f247e2a98926084668964231e1eb1ac347d34d0e8bb,27936.0,0.08526015088995777,27936.0,0.08526015088995777,17972.0,299720.0,d7c945e9b8be55e4abab7f247e2a98926084668964231e1eb1ac347d34d0e8bb,299720.0,True,case_065,3,0.0,1.0,1.0,1.0
13244.0,67817beebaff6cf3a5166493fe564f65be50112b6a4ce3ba99f589724a6eda83,13062.0,33b569c1f3193db5125e0328a14aeea0966cd0c454ef397ba6ea54dede5158d2,32544.0,0.0953027995783062,27936.0,0.08180859786810354,13244.0,313544.0,67817beebaff6cf3a5166493fe564f65be50112b6a4ce3ba99f589724a6eda83,308936.0,True,case_065,4,0.0,1.0139335476956055,1.0,1.0139335476956055
11396.0,0334fbc752b66a048c073a6bbdce4bd9eeb3829fb20f931a340a42bb60659167,11396.0,1ad01ff88364137ef2593901e5e7297eb587cf36e1da0f0d9d92d5b7958bffce,23616.0,0.06641319264775361,23616.0,0.06641319264775361,11396.0,331976.0,0334fbc752b66a048c073a6bbdce4bd9eeb3829fb20f931a340a42bb60659167,331976.0,True,case_065,5,0.0,1.0,1.0,1.0
357763.0,bbabb1f9d21ade307f25f5274452f9561ea8b62aa470e3a1b22378df5286da1d,356326.0,f14b1801e8062a46ff28e9af17cd8b271887782254b932d384672454eb363d27,0.0,0.0,0.0,0.0,357763.0,1027116.0,bbabb1f9d21ade307f25f5274452f9561ea8b62aa470e3a1b22378df5286da1d,1027116.0,True,case_066,1,0.0,1.0040328238747664,1.0,1.0040328238747664
248146.0,c3c4f47328320fcac89f9a629edb25a18ae2fa65e9c06e1d9979c0110d9eed1e,247485.0,45f76d866ba73d62684abcfa969d447eff451f6e4b192e6dc3e6918c5355d4e0,0.0,0.0,0.0,0.0,248146.0,1027116.0,c3c4f47328320fcac89f9a629edb25a18ae2fa65e9c06e1d9979c0110d9eed1e,1027116.0,True,case_066,2,0.0,1.002670868941552,1.0,1.002670868941552
248146.0,f3efbfa83e6eab96fbd124f37f62cf1916e59aafc67ec9dc87052c0b6cba58dc,247485.0,76707acb492fca233f0087f685006c70fe01cb8197b8d2c3d39cb042abda704a,0.0,0.0,0.0,0.0,248146.0,1027116.0,f3efbfa83e6eab96fbd124f37f62cf1916e59aafc67ec9dc87052c0b6cba58dc,1027116.0,True,case_066,3,0.0,1.002670868941552,1.0,1.002670868941552
248146.0,2aa69da5a142d00bf227001385fa4dde8f6ccf2303ef9823261faabcf25ed46e,247485.0,0229558c929e557b00efee4ce56f573720ee8f1fb7efcf1251fadc0c430700db,0.0,0.0,0.0,0.0,248146.0,1027116.0,2aa69da5a142d00bf227001385fa4dde8f6ccf2303ef9823261faabcf25ed46e,1027116.0,True,case_066,4,0.0,1.002670868941552,1.0,1.002670868941552
237259.0,2813654ea8ac0a1dad3d78780dd9806357bda8c876f43c07e0c11646f988551f,237121.0,2813654ea8ac0a1dad3d78780dd9806357bda8c876f43c07e0c11646f988551f,805514.0,0.26183043434167447,805514.0,0.26183043434167447,237121.0,2270958.0,2813654ea8ac0a1dad3d78780dd9806357bda8c876f43c07e0c11646f988551f,2270958.0,True,case_066,5,0.0,1.0,1.0005819813512933,1.0005819813512933
63397576.0,5828817c6262274ae7d1413d505f68b32e6e93d56a308897073d3ed3c06f64d0,63397576.0,5828817c6262274ae7d1413d505f68b32e6e93d56a308897073d3ed3c06f64d0,0.0,0.0,0.0,0.0,63397576.0,258366848.0,5828817c6262274ae7d1413d505f68b32e6e93d56a308897073d3ed3c06f64d0,258366848.0,True,case_067,1,0.0,1.0,1.0,1.0
33768704.0,de4fc70bed692708f7aafe564468d462ad2cfa41508d6423ee70e58b2805f93e,32164982.0,7cd3ecc55a849fdebd25ad700ba7b9c8b1a5e9bfcd3e1ff5b1f8cfdcf47b5508,18886656.0,0.07194777116091555,0.0,0.0,33768704.0,266793856.0,de4fc70bed692708f7aafe564468d462ad2cfa41508d6423ee70e58b2805f93e,243618432.0,True,case_067,2,0.0,1.049859253768586,1.0,1.049859253768586
23568859.0,6e2813d1615c1334cb096a62b4c169cf9b2b164b8dc1c7663b994d5e3201085f,22573181.0,ca9b7ab2eea0f80cff67ed0a39ac83a2a079e82711578df650186be8480fbe37,15804416.0,0.059946652373309095,0.0,0.0,23568859.0,266401792.0,6e2813d1615c1334cb096a62b4c169cf9b2b164b8dc1c7663b994d5e3201085f,247836928.0,True,case_067,3,0.0,1.0441088918748314,1.0,1.0441088918748314
18473155.0,b190fccb15df9700388adce2c44652710059f4d30be13478ccc690938c1f2dc5,17693167.0,fb6b0ec1173032fa6ea3fb40b611403404a5fd84016225d6e919675de364eca8,19190016.0,0.0726857541797872,0.0,0.0,18473155.0,266009728.0,b190fccb15df9700388adce2c44652710059f4d30be13478ccc690938c1f2dc5,244823424.0,True,case_067,4,0.0,1.044084137113497,1.0,1.044084137113497
15931687.0,641a4ced7312dd343437d661ed65a184d94fef87d8de6543fdf114fc7ef96d84,15229262.0,cce18458b3a5d656f81cad82e3d6fb9859d5becc9a8a06d68bc5f8780d352b85,25423872.0,0.09625484971810332,0.0,0.0,15931687.0,265617664.0,641a4ced7312dd343437d661ed65a184d94fef87d8de6543fdf114fc7ef96d84,238706944.0,True,case_067,5,0.0,1.046123377482113,1.0,1.046123377482113
360298.0,dcf09ed5135262533d6f065d52d8fb682d8b842d67fd971d68d111872de8ecb2,359166.0,7b2bbcbb3766a30a7b547c8e708538acb5307f52087a6b3e3fc7b335c4b04cac,0.0,0.0,0.0,0.0,360298.0,2739974.0,dcf09ed5135262533d6f065d52d8fb682d8b842d67fd971d68d111872de8ecb2,2739974.0,True,case_068,1,0.0,1.0031517459893198,1.0,1.0031517459893198
303697.0,90449bd87a62d249a8586a882615c3233ff8b43304bfccaf979e313ff3901c29,302692.0,14a870d96ec72cfef64d28ab3170b8318593f4b60dc92eaf23b4c1be681d992a,278534.0,0.07843297375899545,278534.0,0.07843297375899545,303611.0,3272702.0,90449bd87a62d249a8586a882615c3233ff8b43304bfccaf979e313ff3901c29,3272702.0,True,case_068,2,0.0,1.003036089490307,1.0002832571942386,1.0033202066787361
281918.0,e40de2833f5891ec55b3db6bb4d0aa3a1f64f3ab2ba21743bb55e7fa49e8a3da,281418.0,e40de2833f5891ec55b3db6bb4d0aa3a1f64f3ab2ba21743bb55e7fa49e8a3da,719694.0,0.17232607420355095,719694.0,0.17232607420355095,281418.0,3456656.0,e40de2833f5891ec55b3db6bb4d0aa3a1f64f3ab2ba21743bb55e7fa49e8a3da,3456656.0,True,case_068,3,0.0,1.0,1.001776716485797,1.001776716485797
267505.0,a20438f18a94867b8b17d05bb43af3e405942f0c255de2c6abde9efeca7c9149,266974.0,a20438f18a94867b8b17d05bb43af3e405942f0c255de2c6abde9efeca7c9149,908496.0,0.2071172975279866,908496.0,0.2071172975279866,266974.0,3477888.0,a20438f18a94867b8b17d05bb43af3e405942f0c255de2c6abde9efeca7c9149,3477888.0,True,case_068,4,0.0,1.0,1.0019889577262204,1.0019889577262204
341479.0,95e5705968c334e2ed1ef323e0b5bc052f1e08693ff56fb35eb7e643629bb449,339915.0,95e5705968c334e2ed1ef323e0b5bc052f1e08693ff56fb35eb7e643629bb449,371084.0,0.09642302195660647,371084.0,0.09642302195660647,339915.0,3477416.0,95e5705968c334e2ed1ef323e0b5bc052f1e08693ff56fb35eb7e643629bb449,3477416.0,True,case_068,5,0.0,1.0,1.0046011502875718,1.0046011502875718
22905.0,5a4d79ac75d9f62200ad90098398d9a6ad242b8d5e79a52e8ad268b9e284b235,22655.0,bafad13f2058e1bdb3c5642a1f67d0b6fcb66b802e733760bf38c89b1cddb0af,0.0,0.0,0.0,0.0,22905.0,113766.0,5a4d79ac75d9f62200ad90098398d9a6ad242b8d5e79a52e8ad268b9e284b235,113766.0,True,case_069,1,0.0,1.0110350915912603,1.0,1.0110350915912603
25144.0,3b95c5dd9a730ccb09650090891f3dadbacce938df395334b9fad2fb003755b3,24048.0,9aea6d09b03198bc6b282b08811b0419ccad2ded66d949342c829d9fb868a82f,0.0,0.0,0.0,0.0,25144.0,113766.0,3b95c5dd9a730ccb09650090891f3dadbacce938df395334b9fad2fb003755b3,113766.0,True,case_069,2,0.0,1.0455755156353959,1.0,1.0455755156353959
24263.0,7aaf55efc16e9ab38de7f278867d33dd7e202e46d3696c89095c24fcd723d224,22922.0,1204965ed43855c6ab3d103200a6f02a2410153972090670d60ff16226051f03,36200.0,0.0826185987703066,33128.0,0.08010019778423626,24246.0,380454.0,7aaf55efc16e9ab38de7f278867d33dd7e202e46d3696c89095c24fcd723d224,401958.0,True,case_069,3,0.0,1.0577611028706047,1.0007011465808793,1.0585027484512695
24304.0,b5859812f54c11d71d45c17d25b11285ebf3142176047d908c7a3aea0da60bfd,24134.0,b5859812f54c11d71d45c17d25b11285ebf3142176047d908c7a3aea0da60bfd,44742.0,0.10837507630000678,44742.0,0.10837507630000678,24134.0,368102.0,b5859812f54c11d71d45c17d25b11285ebf3142176047d908c7a3aea0da60bfd,368102.0,True,case_069,4,0.0,1.0,1.0070440043092732,1.0070440043092732
13375.0,84cf9780e02d98793119225c7315553495f48253a9d303d838f3790678915749,13239.0,6ab4b7c4c2e3395d8071fb920faa8da5b61666223b6540b42c93eb9ad86f2fc4,78348.0,0.2843950778612654,85644.0,0.31087879777850375,13355.0,189846.0,84cf9780e02d98793119225c7315553495f48253a9d303d838f3790678915749,197142.0,True,case_069,5,0.0,1.00876199108694,1.0014975664545114,1.010272679205378
115088.0,e2281c9974f6d1abd97d709e9f56184ca1738fcd0645638c627396296f1bf001,104334.0,0b6cab981ffb5e90ae2d0c4823248b232cd58c48de9cc0fce2940d72ec339de4,0.0,0.0,0.0,0.0,115088.0,419858.0,e2281c9974f6d1abd97d709e9f56184ca1738fcd0645638c627396296f1bf001,419858.0,True,case_070,1,0.0,1.1030728238158223,1.0,1.1030728238158223
60121.0,51f54e087df90300bacb358c796255b48cd2ceee2cde88e5ce11ef39cb42650f,59140.0,5290364626f385019b42ba6bafb14bade192d5c5b86ecdb717021efcb793ca90,78336.0,0.14258619497118644,129536.0,0.235779786455622,60121.0,419858.0,51f54e087df90300bacb358c796255b48cd2ceee2cde88e5ce11ef39cb42650f,471058.0,True,case_070,2,0.0,1.0165877578626987,1.0,1.0165877578626987
39333.0,b871f66c8537d47a13e5dc6bf3ddf86355f65a8d23700be37fce6099cf9b1f31,39333.0,b871f66c8537d47a13e5dc6bf3ddf86355f65a8d23700be37fce6099cf9b1f31,185344.0,0.2729942703960644,185344.0,0.2729942703960644,39333.0,493586.0,b871f66c8537d47a13e5dc6bf3ddf86355f65a8d23700be37fce6099cf9b1f31,493586.0,True,case_070,3,0.0,1.0,1.0,1.0
31225.0,9de9a03dd20af7569eeb1c503d1607906e471b9d5a6d863df9d20adaf6ad9787,31192.0,9de9a03dd20af7569eeb1c503d1607906e471b9d5a6d863df9d20adaf6ad9787,311808.0,0.3993350563127387,311808.0,0.3993350563127387,31192.0,469010.0,9de9a03dd20af7569eeb1c503d1607906e471b9d5a6d863df9d20adaf6ad9787,469010.0,True,case_070,4,0.0,1.0,1.0010579635804053,1.0010579635804053
26275.0,5be92a69af59b6223e5a47338dea5f156bbabd3f166cba46056ad8de824bf9fd,26030.0,172fe5d3e876fbf38d9ff5b4015048692629657fc93177e7617c405d0177ec05,259328.0,0.2971484619386242,249344.0,0.2869710731721914,26216.0,619538.0,5be92a69af59b6223e5a47338dea5f156bbabd3f166cba46056ad8de824bf9fd,613394.0,True,case_070,5,0.0,1.0071456012293507,1.002250534025023,1.0094122166730695
17557.0,60e825bfe32c4fd4375bb9ed31728e8e665db404267a7e14099af1c401298957,17401.0,b659243d8a4adc5c10852d456bdcb55d2584c1f65feff4af150a10814e50acf1,0.0,0.0,0.0,0.0,17557.0,111462.0,60e825bfe32c4fd4375bb9ed31728e8e665db404267a7e14099af1c401298957,111462.0,True,case_071,1,0.0,1.0089650020113787,1.0,1.0089650020113787
17557.0,b0966989ef8100cb1440456e09868dd50713d35fbbaece5a5ab6500fd406818f,17401.0,67d901359c70514fbac08cf5ecbff20519439d5f79a18c2da45b39f45f64baa1,0.0,0.0,0.0,0.0,17557.0,111462.0,b0966989ef8100cb1440456e09868dd50713d35fbbaece5a5ab6500fd406818f,111462.0,True,case_071,2,0.0,1.0089650020113787,1.0,1.0089650020113787
17557.0,ea9d2e9994b51202ae7b3353a360b404c41b359ebdda68460409862711b1c6f4,17401.0,3b93a7e58f6a6ab9c4178b1328c32599f9958042d37dc3f63d85c31ca065947c,0.0,0.0,0.0,0.0,17557.0,111462.0,ea9d2e9994b51202ae7b3353a360b404c41b359ebdda68460409862711b1c6f4,111462.0,True,case_071,3,0.0,1.0089650020113787,1.0,1.0089650020113787
17557.0,fd343744a6416e5838fefc1f7e174906852256e7c50c6c5036e6bd7ee39afebd,17401.0,29a4cd4b8f95d88f67ead1ca5224dd1e0aff2b1df5665d819f6de2fa5356ab61,0.0,0.0,0.0,0.0,17557.0,111462.0,fd343744a6416e5838fefc1f7e174906852256e7c50c6c5036e6bd7ee39afebd,111462.0,True,case_071,4,0.0,1.0089650020113787,1.0,1.0089650020113787
17557.0,e77c6a9f1eee518769de564cd06c4408768a83e33c158b78089cf1d8a8809fb8,17401.0,f16f9aeae6645e1f246a79f3c6192b51a2e0aaedfb290a6e192681e8367ce2d9,0.0,0.0,0.0,0.0,17557.0,111462.0,e77c6a9f1eee518769de564cd06c4408768a83e33c158b78089cf1d8a8809fb8,111462.0,True,case_071,5,0.0,1.0089650020113787,1.0,1.0089650020113787
23897828.0,ad063b0cdf68d42138e79be4c3ecf6eb375242ae6616a4f06fb8bdfceb76d2c1,23890756.0,ad063b0cdf68d42138e79be4c3ecf6eb375242ae6616a4f06fb8bdfceb76d2c1,3137536.0,0.026210198484652728,3137536.0,0.026210198484652728,23890756.0,116569150.0,ad063b0cdf68d42138e79be4c3ecf6eb375242ae6616a4f06fb8bdfceb76d2c1,116569150.0,True,case_072,1,0.0,1.0,1.000296014073393,1.000296014073393
11833111.0,c6b2179630fbd852d7322accd5a0b5012766b67b33703688904bc8746de4ecd8,11819724.0,c6b2179630fbd852d7322accd5a0b5012766b67b33703688904bc8746de4ecd8,10838016.0,0.08667751314952236,10838016.0,0.08667751314952236,11819724.0,114200366.0,c6b2179630fbd852d7322accd5a0b5012766b67b33703688904bc8746de4ecd8,114200366.0,True,case_072,2,0.0,1.0,1.0011325983584727,1.0011325983584727
7935290.0,6eab3cc31750bcfb82d3f824e4f01b1c07db49c7a2bf30c33303fb158205392c,7921555.0,cdabd85c5eb0a9cf4e6d29299ebc9a18621d769511b4e9e7d37e788ae14a180e,20250624.0,0.15441821272915585,20209664.0,0.1541347631257085,7922729.0,110907182.0,6eab3cc31750bcfb82d3f824e4f01b1c07db49c7a2bf30c33303fb158205392c,110890798.0,True,case_072,3,0.0,1.0001482032252507,1.0015854385528018,1.0017338767451593
5993260.0,138fa101598f0311865bdb6cd2529160b69b30267218c6218d21058ff2f98e0b,5988828.0,138fa101598f0311865bdb6cd2529160b69b30267218c6218d21058ff2f98e0b,14303232.0,0.10692976949012949,14303232.0,0.10692976949012949,5988828.0,119459630.0,138fa101598f0311865bdb6cd2529160b69b30267218c6218d21058ff2f98e0b,119459630.0,True,case_072,4,0.0,1.0,1.0007400446297674,1.0007400446297674
4831281.0,a3eb3d4cf60e14039606ec4135ab961c75b49280115df99dc3c18d41654c19be,4809827.0,a3eb3d4cf60e14039606ec4135ab961c75b49280115df99dc3c18d41654c19be,28975104.0,0.20408268427290174,28975104.0,0.20408268427290174,4809827.0,113002174.0,a3eb3d4cf60e14039606ec4135ab961c75b49280115df99dc3c18d41654c19be,113002174.0,True,case_072,5,0.0,1.0,1.004460451488172,1.004460451488172
9870212.0,f53d8217d2b021ec5b9ef783c6432c6a2b2b6048cdd15589af22695c5dce633d,9870212.0,f53d8217d2b021ec5b9ef783c6432c6a2b2b6048cdd15589af22695c5dce633d,0.0,0.0,0.0,0.0,9870212.0,140238464.0,f53d8217d2b021ec5b9ef783c6432c6a2b2b6048cdd15589af22695c5dce633d,140238464.0,True,case_073,1,0.0,1.0,1.0,1.0
5980423.0,2e984b762d81266c11ec4438f298b406e692a1aa1ff139addae495d9364145f7,5176545.0,4ca9f3ae0345da30c05070596a0e1f900329a7a9308a09acca87a65c9b256bb9,12593152.0,0.08845183221267135,0.0,0.0,5980423.0,144719232.0,2e984b762d81266c11ec4438f298b406e692a1aa1ff139addae495d9364145f7,129779840.0,True,case_073,2,0.0,1.1552923813083824,1.0,1.1552923813083824
4515227.0,b9417878f23241afed838e8ede1a1a75243f3d546eeb442e6cc2c3dbf639b5dd,3969025.0,339126251af3c9cb5e70d7660d7bf9b44f57a276f40c5b80eb48cf4e1837a09c,15228928.0,0.1065876385358892,0.0,0.0,4515227.0,144278016.0,b9417878f23241afed838e8ede1a1a75243f3d546eeb442e6cc2c3dbf639b5dd,127648128.0,True,case_073,3,0.0,1.1376161651791057,1.0,1.1376161651791057
3903787.0,8bea029f51048d1842a1cb7aa11e395513d134de8b328b7d9337b177b0c7af4c,3434743.0,a5a16b09843bb494764f0a624f2f7b8da66b312a62238a81d1478dda2cb9d86b,15778816.0,0.11046422538745189,0.0,0.0,3903787.0,143836800.0,8bea029f51048d1842a1cb7aa11e395513d134de8b328b7d9337b177b0c7af4c,127062144.0,True,case_073,4,0.0,1.1365586886704477,1.0,1.1365586886704477
3517515.0,3cf89310989a0237720b32fed38f777d4898ee6afb36cd789a86d6f77f858d64,3434743.0,7f743b950c6fccca1c1346e86c7a4357b9fce6940f88e167d7e640bd62298751,15778816.0,0.11046422538745189,0.0,0.0,3517515.0,143395584.0,3cf89310989a0237720b32fed38f777d4898ee6afb36cd789a86d6f77f858d64,127062144.0,True,case_073,5,0.0,1.024098455110033,1.0,1.024098455110033
1682239.0,b02f51279acc25929809f62ef45cdf9fd885f724ef2eaef7f79e4e06947e6913,1678120.0,b02f51279acc25929809f62ef45cdf9fd885f724ef2eaef7f79e4e06947e6913,1642496.0,0.16680485013829857,1642496.0,0.16680485013829857,1678120.0,8204316.0,b02f51279acc25929809f62ef45cdf9fd885f724ef2eaef7f79e4e06947e6913,8204316.0,True,case_074,1,0.0,1.0,1.002454532452983,1.002454532452983
821757.0,56b877ebdc85e1f9095c9f77382872bcec5f40df6a3ec973ef28c60dba695063,818681.0,1c871c662b494912375f6be25797151f8801c1fd7dafdef5c5e1cbce045bfc18,2605056.0,0.23999946934079597,2592768.0,0.2388673963722073,820797.0,8261656.0,56b877ebdc85e1f9095c9f77382872bcec5f40df6a3ec973ef28c60dba695063,8249368.0,True,case_074,2,0.0,1.0025846453014056,1.00116959491811,1.0037572632075253
559584.0,7c4d667d3ff55f5ac9eba244fc01486e262db1376e17bfb5c544289efbcb316b,554482.0,2b449e0ad8030d103b2d9a5d09e4e1cddcbaa665f6dd13a293710ed85a6886ef,3670016.0,0.3221855851110526,3690496.0,0.32398349574225266,555925.0,7700504.0,7c4d667d3ff55f5ac9eba244fc01486e262db1376e17bfb5c544289efbcb316b,7720984.0,True,case_074,3,0.0,1.0026024289336715,1.0065818230876467,1.0092013807481577
418987.0,33f06998f8f34530449d64738cc587acd0e916a183cd6ffc88adb37ff151bf44,415633.0,33f06998f8f34530449d64738cc587acd0e916a183cd6ffc88adb37ff151bf44,3747840.0,0.3222959181216466,3747840.0,0.3222959181216466,415633.0,7880728.0,33f06998f8f34530449d64738cc587acd0e916a183cd6ffc88adb37ff151bf44,7880728.0,True,case_074,4,0.0,1.0,1.0080696191110907,1.0080696191110907
337275.0,cc013f3e5b1108272d5ef0f6c8c9183b5cb8c8149dc796528451ee1ba1bd7e31,335626.0,cc013f3e5b1108272d5ef0f6c8c9183b5cb8c8149dc796528451ee1ba1bd7e31,3665920.0,0.3117374341391403,3665920.0,0.3117374341391403,335626.0,8093720.0,cc013f3e5b1108272d5ef0f6c8c9183b5cb8c8149dc796528451ee1ba1bd7e31,8093720.0,True,case_074,5,0.0,1.0,1.0049132069625117,1.0049132069625117
1433562.0,d3b5fa7013fd6f98056cdfd06f6672fec4b5bc47403dd696b1cc7e354e2e09b8,1427745.0,38dccdc79caff4b541d953577e3b385e9b563b7fc8437d06957e790ebf31c2b4,0.0,0.0,0.0,0.0,1433562.0,1819782.0,d3b5fa7013fd6f98056cdfd06f6672fec4b5bc47403dd696b1cc7e354e2e09b8,1819782.0,True,case_075,1,0.0,1.00407425695765,1.0,1.00407425695765
1397410.0,65cc5567ca7bf6d120c7a29cfdf6f36c3991b47eab66cb09d800d422dee8161f,1389088.0,ac9167c71a79048b91d412d84df39541cd9e6bfd137c10f899163585d8a60559,163844.0,0.05630544407841606,163844.0,0.05630544407841606,1397410.0,2746070.0,65cc5567ca7bf6d120c7a29cfdf6f36c3991b47eab66cb09d800d422dee8161f,2746070.0,True,case_075,2,0.0,1.0059909811329448,1.0,1.0059909811329448
1363452.0,6d387c2c8a82c7e40d8263e3c7362dc0598214673d331f7ab641cf56ff7010db,1363444.0,6d387c2c8a82c7e40d8263e3c7362dc0598214673d331f7ab641cf56ff7010db,351622.0,0.10089381274981564,351622.0,0.10089381274981564,1363444.0,3133448.0,6d387c2c8a82c7e40d8263e3c7362dc0598214673d331f7ab641cf56ff7010db,3133448.0,True,case_075,3,0.0,1.0,1.0000058674943746,1.0000058674943746
1320997.0,71f1d46684e7f1e08eaeb54d8eac7aaac56c80ae8b6b27cf0383c50c843f7ff4,1320971.0,71f1d46684e7f1e08eaeb54d8eac7aaac56c80ae8b6b27cf0383c50c843f7ff4,634502.0,0.15056707486944962,634502.0,0.15056707486944962,1320971.0,3579580.0,71f1d46684e7f1e08eaeb54d8eac7aaac56c80ae8b6b27cf0383c50c843f7ff4,3579580.0,True,case_075,4,0.0,1.0,1.0000196824911372,1.0000196824911372
1219033.0,3521fccaa3d40c0b49fcd507492f87a7725c8fe4716d70d9cc90daa7b90198cb,1219026.0,3521fccaa3d40c0b49fcd507492f87a7725c8fe4716d70d9cc90daa7b90198cb,790672.0,0.17290921583866892,790672.0,0.17290921583866892,1219026.0,3782086.0,3521fccaa3d40c0b49fcd507492f87a7725c8fe4716d70d9cc90daa7b90198cb,3782086.0,True,case_075,5,0.0,1.0,1.0000057422893358,1.0000057422893358
6185113.0,906537f45248d4fe0114ea7ed18e61d05ad0d55d1c5fb682fee585fb65cd667a,6182761.0,5758d5656ae4352faaaa70f82641690da0b3e0df303269e9eaaab8af02af0842,4342784.0,0.14119252921396944,4347904.0,0.13357661937269952,6183098.0,28201984.0,906537f45248d4fe0114ea7ed18e61d05ad0d55d1c5fb682fee585fb65cd667a,26415104.0,True,case_076,1,0.0,1.0000545063928559,1.0003258884138664,1.0003804125697242
3065214.0,76ac13e2aef547089883c5cf1e7be50ddb81cf7e839af8d12c6526bd59372bec,3063504.0,8266f56241f65e6e20969ed1cddfe0026585e2ff2ab08611f418b535af78e735,9714688.0,0.27465114932545887,9859072.0,0.27878156126940007,3063843.0,25505792.0,76ac13e2aef547089883c5cf1e7be50ddb81cf7e839af8d12c6526bd59372bec,25656320.0,True,case_076,2,-2.220446049250313e-16,1.0001106575999248,1.0004474772369212,1.0005581843536029
2050028.0,6a0e890bed3f5a548ad51487d052eeaaf8bca7a50d157570a5c77fbcdb700725,2047868.0,6a0e890bed3f5a548ad51487d052eeaaf8bca7a50d157570a5c77fbcdb700725,13006848.0,0.3369498899116641,13006848.0,0.3369498899116641,2047868.0,25594880.0,6a0e890bed3f5a548ad51487d052eeaaf8bca7a50d157570a5c77fbcdb700725,25594880.0,True,case_076,3,0.0,1.0,1.0010547554822868,1.0010547554822868
1540201.0,7f2438ca9b6660d451b3c1ac73793101559dd9ebd0154d5eb70e35a87059d771,1536296.0,9ee4ccbe4b8421c4139e8d2abb0e918925e76d2584e2dd044e42057c9117ab01,17383424.0,0.4166707574493152,17399808.0,0.41714538223597,1536306.0,24311808.0,7f2438ca9b6660d451b3c1ac73793101559dd9ebd0154d5eb70e35a87059d771,24336384.0,True,case_076,4,-2.220446049250313e-16,1.000006509162297,1.0025353022119292,1.0025418278769196
1239374.0,5a7cf25f87185e75bcc32b901597ac3d6b90ce500a048ed41ed36a904f27de01,1232497.0,5a7cf25f87185e75bcc32b901597ac3d6b90ce500a048ed41ed36a904f27de01,16793600.0,0.39709443099273606,16793600.0,0.39709443099273606,1232497.0,25497600.0,5a7cf25f87185e75bcc32b901597ac3d6b90ce500a048ed41ed36a904f27de01,25497600.0,True,case_076,5,0.0,1.0,1.0055797296058326,1.0055797296058326
495320.0,bf0059b3edaebc36c32fbc606e9c219af7e835f4bc1153952bdf0e581d28bd94,494044.0,5d139777bdb0ae25afe68c4ac7e4b2bfbc84d93229a0db4187d87fe58f32ae98,0.0,0.0,0.0,0.0,495320.0,2141260.0,bf0059b3edaebc36c32fbc606e9c219af7e835f4bc1153952bdf0e581d28bd94,2141260.0,True,case_077,1,0.0,1.00258276590749,1.0,1.00258276590749
248734.0,eee64396102d099f9092aa3a37620b30b949fadcd981ca5bd57915888e525caf,248734.0,eee64396102d099f9092aa3a37620b30b949fadcd981ca5bd57915888e525caf,57344.0,0.026082004763022353,57344.0,0.026082004763022353,248734.0,2141260.0,eee64396102d099f9092aa3a37620b30b949fadcd981ca5bd57915888e525caf,2141260.0,True,case_077,2,0.0,1.0,1.0,1.0
168976.0,2fda1b6791a69ecbffee547487064959412159754a8ab1fcdadd0a9cabb34a37,168126.0,2af462f8214f7f956029cade5b5429b8b0ef99b32f21b7350b7aaf36e52be4bf,57344.0,0.025419025615838663,57344.0,0.025419025615838663,168976.0,2198604.0,2fda1b6791a69ecbffee547487064959412159754a8ab1fcdadd0a9cabb34a37,2198604.0,True,case_077,3,0.0,1.005055732010516,1.0,1.005055732010516
127832.0,aded19b4ad0f16c54f3538712093a24cb515c74a316f041b664b287952f36f45,126652.0,037f3450f59a1c8d7417418ebc48d449a989b5844e88f0c25fdb928e1327fb6e,114688.0,0.05065411149487223,114688.0,0.050838051231677325,127591.0,2141260.0,aded19b4ad0f16c54f3538712093a24cb515c74a316f041b664b287952f36f45,2149452.0,True,case_077,4,0.0,1.007414016359789,1.0018888479594956,1.0093168682689575
115617.0,747fbd0964330f8b62f51dfe86a6d40b61084822e2a946194b64e5f7bba105f3,115617.0,747fbd0964330f8b62f51dfe86a6d40b61084822e2a946194b64e5f7bba105f3,172032.0,0.07436674661045817,172032.0,0.07436674661045817,115617.0,2141260.0,747fbd0964330f8b62f51dfe86a6d40b61084822e2a946194b64e5f7bba105f3,2141260.0,True,case_077,5,0.0,1.0,1.0,1.0
2232856.0,1b3f525d03df4a6a2ecc5d7bdd68e3e90f314f2941848536cf5f162e74bd257e,2142955.0,e8d221aa49592af0962b1c557ed60d3f7813b20fdb6dea247f472bfc044303d5,3613824.0,0.5937539432176656,6019200.0,0.5522866605595096,2188693.0,4879488.0,1b3f525d03df4a6a2ecc5d7bdd68e3e90f314f2941848536cf5f162e74bd257e,2472576.0,True,case_078,1,0.0,1.0213434253169105,1.0201777956067846,1.0419518841972883
1260358.0,c07715b9c40eb5719c98c2554f7e1b2082c358c750abaa83d39852719b53afcc,1149984.0,50463e5ba01bd21554a7c8f6d5a9602d1dbe26e5eac067698f851cee2f79a526,3073896.0,0.23155357972552515,0.0,0.0,1260358.0,14736048.0,c07715b9c40eb5719c98c2554f7e1b2082c358c750abaa83d39852719b53afcc,10201200.0,True,case_078,2,0.0,1.0959787266605447,1.0,1.0959787266605447
993959.0,455e2e3b1648b6343dbd5adb4b547bf1779fe9cc25672d023d30b01ff69fe3f5,882747.0,6048927993cb50b4d3046c0f015a643d8704e050d118245d4bd06d864c5d5bfc,4614480.0,0.33339633536269225,3350736.0,0.22457137066484797,938948.0,11569848.0,455e2e3b1648b6343dbd5adb4b547bf1779fe9cc25672d023d30b01ff69fe3f5,9226344.0,True,case_078,3,-2.220446049250313e-16,1.063666033416143,1.058587909021586,1.125984002211279
690924.0,1abe5ba56d8f5836235039ea402223ef1d43f1c94ad9d7d76eba8fea90beccd9,642020.0,6a76ba843ec874da666dad2994ee4a27f87a520bd44cd6980f68886221dbf361,1634184.0,0.10987292750816895,0.0,0.0,690924.0,15393696.0,1abe5ba56d8f5836235039ea402223ef1d43f1c94ad9d7d76eba8fea90beccd9,13239216.0,True,case_078,4,0.0,1.0761720818666085,1.0,1.0761720818666085
663941.0,8b7ee114e03f8817e19da4e7a5b216035aa10ffb7177a29fad4a589af125da23,578013.0,8b7ee114e03f8817e19da4e7a5b216035aa10ffb7177a29fad4a589af125da23,5452056.0,0.34361391402732044,5452056.0,0.34361391402732044,578013.0,10414752.0,8b7ee114e03f8817e19da4e7a5b216035aa10ffb7177a29fad4a589af125da23,10414752.0,True,case_078,5,0.0,1.0,1.1486610162747204,1.1486610162747204
31052251.0,1acd8e64b3eba2173611c94b57450892ab8b46cd571b84a93ebe557a557fa7a2,31052251.0,1acd8e64b3eba2173611c94b57450892ab8b46cd571b84a93ebe557a557fa7a2,0.0,0.0,0.0,0.0,31052251.0,38260736.0,1acd8e64b3eba2173611c94b57450892ab8b46cd571b84a93ebe557a557fa7a2,38260736.0,True,case_079,1,0.0,1.0,1.0,1.0
15446486.0,b2fa6884a3661e6a795a4dcd394af026930210b62c7fa8025c9be2ac76867451,15446486.0,b2fa6884a3661e6a795a4dcd394af026930210b62c7fa8025c9be2ac76867451,0.0,0.0,0.0,0.0,15446486.0,37593088.0,b2fa6884a3661e6a795a4dcd394af026930210b62c7fa8025c9be2ac76867451,37593088.0,True,case_079,2,0.0,1.0,1.0,1.0
10181692.0,6f951dae77f2e80f4ee2e8cd8cf794336c1e522d032064212e862bb148ce9ebb,10175315.0,6f951dae77f2e80f4ee2e8cd8cf794336c1e522d032064212e862bb148ce9ebb,6285312.0,0.13731543624161074,6285312.0,0.13731543624161074,10175315.0,39487488.0,6f951dae77f2e80f4ee2e8cd8cf794336c1e522d032064212e862bb148ce9ebb,39487488.0,True,case_079,3,0.0,1.0,1.000626712784813,1.000626712784813
7635624.0,31e8841d79e9351778a60cf1826450b2efd1df7296ff613dd65c435a9435ab15,7635624.0,31e8841d79e9351778a60cf1826450b2efd1df7296ff613dd65c435a9435ab15,0.0,0.0,0.0,0.0,7635624.0,36257792.0,31e8841d79e9351778a60cf1826450b2efd1df7296ff613dd65c435a9435ab15,36257792.0,True,case_079,4,0.0,1.0,1.0,1.0
6075976.0,996703d5d1b6b10988a3d350dcf13a54e8852e086319ee4a6a675128387fa2b3,6075472.0,996703d5d1b6b10988a3d350dcf13a54e8852e086319ee4a6a675128387fa2b3,13060096.0,0.2441611149398882,13060096.0,0.2441611149398882,6075472.0,40429568.0,996703d5d1b6b10988a3d350dcf13a54e8852e086319ee4a6a675128387fa2b3,40429568.0,True,case_079,5,0.0,1.0,1.000082956517617,1.000082956517617
292138.0,a771387827ddd8112fee5b7fd5c49d10d61d67a3c6bc59e36ba1eba28d01a2be,291826.0,a771387827ddd8112fee5b7fd5c49d10d61d67a3c6bc59e36ba1eba28d01a2be,413696.0,0.1686143572621035,413696.0,0.1686143572621035,291826.0,2039808.0,a771387827ddd8112fee5b7fd5c49d10d61d67a3c6bc59e36ba1eba28d01a2be,2039808.0,True,case_080,1,0.0,1.0,1.0010691302351402,1.0010691302351402
145926.0,fc2b5f2ca1ae368c15b31e343c2bc567c618cdff7ebafaae0a0a18b28bc8f338,145674.0,fc2b5f2ca1ae368c15b31e343c2bc567c618cdff7ebafaae0a0a18b28bc8f338,1785856.0,0.436,1785856.0,0.436,145674.0,2310144.0,fc2b5f2ca1ae368c15b31e343c2bc567c618cdff7ebafaae0a0a18b28bc8f338,2310144.0,True,case_080,2,0.0,1.0,1.0017298900284197,1.0017298900284197
100325.0,b1d2c79791a0e155dde0d958b84f908c663740bb6ef798e5659694ccd403358d,100325.0,b1d2c79791a0e155dde0d958b84f908c663740bb6ef798e5659694ccd403358d,0.0,0.0,0.0,0.0,100325.0,4952064.0,b1d2c79791a0e155dde0d958b84f908c663740bb6ef798e5659694ccd403358d,4952064.0,True,case_080,3,0.0,1.0,1.0,1.0
111314.0,02a37441d4f9c856e7a67d49e4f3e22b70b8380fd3987d4e8bbee8178960ec92,90559.0,1eb9a182eb011cacda61c263629a518e8489c2c61fddcc36623970e628579f16,2985984.0,0.4902488231338265,2916352.0,0.478494623655914,90584.0,3178496.0,02a37441d4f9c856e7a67d49e4f3e22b70b8380fd3987d4e8bbee8178960ec92,3104768.0,True,case_080,4,0.0,1.0002760631190715,1.228848361741588,1.2291876014531962
113455.0,263aad6b8b4b2625f8c08979acba1b4806849b7eab1f62799afbc40aeb362839,88140.0,9b47c71f4a3728de7e254e54443a5f68cfedd738826c1400a6ea5572d5cd6672,2363392.0,0.3640378548895899,2228224.0,0.34408602150537637,90408.0,4247552.0,263aad6b8b4b2625f8c08979acba1b4806849b7eab1f62799afbc40aeb362839,4128768.0,True,case_080,5,0.0,1.0257317903335603,1.2549221307848863,1.2872135239391878
151795.0,a99f8cb4f2f3c9330df5e3fc99547a33e5589295870de36205af4f8d3c1ee67c,151795.0,a99f8cb4f2f3c9330df5e3fc99547a33e5589295870de36205af4f8d3c1ee67c,0.0,0.0,0.0,0.0,151795.0,1044820.0,a99f8cb4f2f3c9330df5e3fc99547a33e5589295870de36205af4f8d3c1ee67c,1044820.0,True,case_081,1,0.0,1.0,1.0,1.0
76860.0,b7e6a3b5035f9799e42ecb4781b51865028c011698668214f8e11e4f2be19793,76860.0,b7e6a3b5035f9799e42ecb4781b51865028c011698668214f8e11e4f2be19793,0.0,0.0,0.0,0.0,76860.0,1044820.0,b7e6a3b5035f9799e42ecb4781b51865028c011698668214f8e11e4f2be19793,1044820.0,True,case_081,2,0.0,1.0,1.0,1.0
51943.0,ad60bb1b5dd0edcc1c0e039f392dd4559260de303faa5973a5d89d4de5457987,51943.0,ad60bb1b5dd0edcc1c0e039f392dd4559260de303faa5973a5d89d4de5457987,0.0,0.0,0.0,0.0,51943.0,1044820.0,ad60bb1b5dd0edcc1c0e039f392dd4559260de303faa5973a5d89d4de5457987,1044820.0,True,case_081,3,0.0,1.0,1.0,1.0
39588.0,318fff4a49a7de6af635cc25feaad478f552ed34991de00c3c273f313fe4e10b,39588.0,318fff4a49a7de6af635cc25feaad478f552ed34991de00c3c273f313fe4e10b,0.0,0.0,0.0,0.0,39588.0,1044820.0,318fff4a49a7de6af635cc25feaad478f552ed34991de00c3c273f313fe4e10b,1044820.0,True,case_081,4,0.0,1.0,1.0,1.0
30943.0,f9e651df6a8229a7879066c19329096daf7d234ff4a05bd6b9f88f0a1a712f81,30943.0,f9e651df6a8229a7879066c19329096daf7d234ff4a05bd6b9f88f0a1a712f81,0.0,0.0,0.0,0.0,30943.0,1044820.0,f9e651df6a8229a7879066c19329096daf7d234ff4a05bd6b9f88f0a1a712f81,1044820.0,True,case_081,5,0.0,1.0,1.0,1.0
715588.0,11701b2961ed946ae2ce2feeeced5db9b2348bdb00540e343ca2b972886a460d,709534.0,96e8670b5bf365fa1e9c40d11e9d87f65fd7544edf798b73653839a82ccba189,0.0,0.0,0.0,0.0,715588.0,566406.0,11701b2961ed946ae2ce2feeeced5db9b2348bdb00540e343ca2b972886a460d,566406.0,True,case_082,1,0.0,1.008532360676162,1.0,1.008532360676162
708711.0,7b2d7e24f26bd6e9e58b4bf0fc8a4c8242485a4d3f5bd385fcb96a53f8943fb9,708711.0,7b2d7e24f26bd6e9e58b4bf0fc8a4c8242485a4d3f5bd385fcb96a53f8943fb9,54406.0,0.07652857408105508,54406.0,0.07652857408105508,708711.0,656518.0,7b2d7e24f26bd6e9e58b4bf0fc8a4c8242485a4d3f5bd385fcb96a53f8943fb9,656518.0,True,case_082,2,0.0,1.0,1.0,1.0
619074.0,bfe75727e4c0463594c13cb3f46aa74dfe4af0ccfbc6bf09647351e4393a3452,606773.0,b52dc6c63b7c1ebe93587a89b9fcf45ac439b6adec217a42802ece10fa6f96d0,138380.0,0.07602954152615102,137356.0,0.07438923339380975,618927.0,1709094.0,bfe75727e4c0463594c13cb3f46aa74dfe4af0ccfbc6bf09647351e4393a3452,1681702.0,True,case_082,3,0.0,1.0200305550840265,1.000237507815946,1.0202728203133626
581815.0,857f5a1f7e95993abcd32fa92469aaf3e23c7b5658ac9a7565d9662ac400d988,581598.0,857f5a1f7e95993abcd32fa92469aaf3e23c7b5658ac9a7565d9662ac400d988,871304.0,0.2522055218080213,871304.0,0.2522055218080213,581598.0,2583434.0,857f5a1f7e95993abcd32fa92469aaf3e23c7b5658ac9a7565d9662ac400d988,2583434.0,True,case_082,4,0.0,1.0,1.0003731099487962,1.0003731099487962
596513.0,c50c5ad1d45bae3110b6081b21b63ca352ef030caaccac0f8e578774caba02aa,592853.0,759509ef372ba663a489b03cf13e210f0d3e0a3c2117647358ac0c4907cbcc7b,491216.0,0.1521494435513596,491216.0,0.15195665664173116,596237.0,2741390.0,c50c5ad1d45bae3110b6081b21b63ca352ef030caaccac0f8e578774caba02aa,2737294.0,True,case_082,5,0.0,1.0057079916943998,1.0004629031744088,1.0061735371162834
876669.0,abb01f81ede9251d0ed66de741cb46bc948b957e119c11409563a61e6be63ba7,875735.0,6c0436691322d0298b3f283242d0801b29fbf564f4e254672dd8e7cbe321d0ea,0.0,0.0,0.0,0.0,876669.0,1642592.0,abb01f81ede9251d0ed66de741cb46bc948b957e119c11409563a61e6be63ba7,1604192.0,True,case_083,1,0.0,1.001066532683974,1.0,1.001066532683974
644672.0,580d3173761901060efa6eea2f3f5f84bd8dcf9710f70eb77f529f47aa95f179,465958.0,4d13c86af06d5f1559cb233ba51d54a2e584dc85a4dfc3235040d1ab56b2b23f,5979328.0,0.6877470646692923,10776288.0,0.7076181170611782,535329.0,4452672.0,580d3173761901060efa6eea2f3f5f84bd8dcf9710f70eb77f529f47aa95f179,2714752.0,True,case_083,2,0.0,1.1488782250760798,1.2042538326898038,1.3835410058417281
512623.0,da13d638989f51487f354b4419fbfa3e4b51640fa4697755c80f1379d66ec4ec,402691.0,da13d638989f51487f354b4419fbfa3e4b51640fa4697755c80f1379d66ec4ec,10443552.0,0.6590289066365114,10443552.0,0.6590289066365114,402691.0,5403328.0,da13d638989f51487f354b4419fbfa3e4b51640fa4697755c80f1379d66ec4ec,5403328.0,True,case_083,3,0.0,1.0,1.272993436654904,1.272993436654904
450029.0,e03f6d823c9e8152c2bda91fac2b1016be041ecd5a23fe6e6f0830ed677bfdec,333151.0,e03f6d823c9e8152c2bda91fac2b1016be041ecd5a23fe6e6f0830ed677bfdec,10324096.0,0.6425764561777388,10324096.0,0.6425764561777388,333151.0,5742624.0,e03f6d823c9e8152c2bda91fac2b1016be041ecd5a23fe6e6f0830ed677bfdec,5742624.0,True,case_083,4,0.0,1.0,1.3508259017682673,1.3508259017682673
442480.0,b080df8d672274bee13dfb5f0cde8ca0fa942666cb56937799d24527537c1ec3,310731.0,b080df8d672274bee13dfb5f0cde8ca0fa942666cb56937799d24527537c1ec3,10966272.0,0.6756744500592479,10966272.0,0.6756744500592479,310731.0,5263840.0,b080df8d672274bee13dfb5f0cde8ca0fa942666cb56937799d24527537c1ec3,5263840.0,True,case_083,5,0.0,1.0,1.4239969620025037,1.4239969620025037
1371156.0,d2cc4ac3dab89e3544e6c283b9ab3cc68eca55db606ce533cd94520820d5afbb,1371156.0,d2cc4ac3dab89e3544e6c283b9ab3cc68eca55db606ce533cd94520820d5afbb,0.0,0.0,0.0,0.0,1371156.0,14766186.0,d2cc4ac3dab89e3544e6c283b9ab3cc68eca55db606ce533cd94520820d5afbb,14766186.0,True,case_084,1,0.0,1.0,1.0,1.0
1255052.0,c8ac24f31b1be860c75b08e752075946f946079aea90730824a7a94b23e95b77,1255052.0,c8ac24f31b1be860c75b08e752075946f946079aea90730824a7a94b23e95b77,0.0,0.0,0.0,0.0,1255052.0,9927786.0,c8ac24f31b1be860c75b08e752075946f946079aea90730824a7a94b23e95b77,9927786.0,True,case_084,2,0.0,1.0,1.0,1.0
836220.0,034b9a1d559d5df052ad7d853e299a4a80bf89876b021cb41c9893a1ba338e14,836220.0,034b9a1d559d5df052ad7d853e299a4a80bf89876b021cb41c9893a1ba338e14,0.0,0.0,0.0,0.0,836220.0,9927786.0,034b9a1d559d5df052ad7d853e299a4a80bf89876b021cb41c9893a1ba338e14,9927786.0,True,case_084,3,0.0,1.0,1.0,1.0
629028.0,5bc27b7f3c37463378e7cc0db5cc722d11a7af803024e75dbf696be97c787278,629028.0,5bc27b7f3c37463378e7cc0db5cc722d11a7af803024e75dbf696be97c787278,0.0,0.0,0.0,0.0,629028.0,9927786.0,5bc27b7f3c37463378e7cc0db5cc722d11a7af803024e75dbf696be97c787278,9927786.0,True,case_084,4,0.0,1.0,1.0,1.0
503472.0,bc03fa5db3f49e882f794b5de0749eb9150efbab3f825f7ab958bc291e3446b6,503472.0,bc03fa5db3f49e882f794b5de0749eb9150efbab3f825f7ab958bc291e3446b6,0.0,0.0,0.0,0.0,503472.0,9927786.0,bc03fa5db3f49e882f794b5de0749eb9150efbab3f825f7ab958bc291e3446b6,9927786.0,True,case_084,5,0.0,1.0,1.0,1.0
3177963.0,12d18731fa3b53b0acb76df2799b1f79c8107f7b06c5925215a099b0139c4da1,3173461.0,5d1bba38df8c2e2bf1516b985eb4a24a33108f36a766d60d63bc51072d5554c5,0.0,0.0,0.0,0.0,3177963.0,1833798.0,12d18731fa3b53b0acb76df2799b1f79c8107f7b06c5925215a099b0139c4da1,1833798.0,True,case_085,1,0.0,1.0014186404055383,1.0,1.0014186404055383
3168404.0,796ddd46244b0419ed772b3675b3dd377a034f53e65de78a7ed5b3a7fd4eea9c,3157230.0,9d8b2abadc556d4dd56a5f467e4d1938166e4923321f4362a45271a88af9b768,425158.0,0.08222693782317683,425158.0,0.08222693782317683,3168404.0,4745386.0,796ddd46244b0419ed772b3675b3dd377a034f53e65de78a7ed5b3a7fd4eea9c,4745386.0,True,case_085,2,0.0,1.003539178330372,1.0,1.003539178330372
3130505.0,789ce614e85c4938e72b1f4a940e375b5e4b6041a67d5833f20636177237fdfa,3112095.0,0a2933d6c2100b7be68b4c905d81dcabd24714c2f315dc7bb710433cfa17db58,134.0,4.7066129316648975e-05,134.0,4.7065071324656966e-05,3130505.0,2846988.0,789ce614e85c4938e72b1f4a940e375b5e4b6041a67d5833f20636177237fdfa,2846924.0,True,case_085,3,0.0,1.005915629182271,1.0,1.005915629182271
2987335.0,3634f200971f830241592a22d2e2eee6f76011ea2a9c33465da4ab7c2b44a35c,2986917.0,3634f200971f830241592a22d2e2eee6f76011ea2a9c33465da4ab7c2b44a35c,1259406.0,0.162277899772678,1259406.0,0.162277899772678,2986917.0,6501392.0,3634f200971f830241592a22d2e2eee6f76011ea2a9c33465da4ab7c2b44a35c,6501392.0,True,case_085,4,0.0,1.0,1.000139943627493,1.000139943627493
2791092.0,7fd86c0e14356e7dc52b86addcf3b908d4df272aabf5ee2e729770a3fef46a35,3157239.0,e97dcf41a8b30a59c74e34a43e4adbae633211f58815b5f76566a8c1c25c6177,34060.0,0.012466409139788488,34060.0,0.012466409139788488,3157239.0,2698082.0,e97dcf41a8b30a59c74e34a43e4adbae633211f58815b5f76566a8c1c25c6177,2698082.0,False,case_085,5,0.0,1.0,0.8840293686984102,0.8840293686984102
115732.0,6a801b2754e640423dfe4de0bd5787e1ea4566cb30f1c3c79fddf44110d56dd1,114476.0,6763c277ae9b6cb1021009c52d608c14902675ee4d95dcfc20370072cbd081e1,0.0,0.0,0.0,0.0,115732.0,321126.0,6a801b2754e640423dfe4de0bd5787e1ea4566cb30f1c3c79fddf44110d56dd1,321126.0,True,case_086,1,0.0,1.01097173206611,1.0,1.01097173206611
118403.0,2403f9d7496b9b21df3608946434626c68eea3f815a33abc1be9f33727767e0f,115496.0,98707fc64d35f98e485c2934c1301b508b960fde29a6d244806c7e562e25b024,0.0,0.0,0.0,0.0,118403.0,321126.0,2403f9d7496b9b21df3608946434626c68eea3f815a33abc1be9f33727767e0f,321126.0,True,case_086,2,0.0,1.0251697028468518,1.0,1.0251697028468518
118403.0,2d267fa9b457d7fcbb53461c38064565cf021742f50fbf4b3bc5a15fe083b5cf,115496.0,422d5f729eacba5ec290a6da17eeeef33249e2a893cc0bcab0287de1ba05fd39,0.0,0.0,0.0,0.0,118403.0,321126.0,2d267fa9b457d7fcbb53461c38064565cf021742f50fbf4b3bc5a15fe083b5cf,321126.0,True,case_086,3,0.0,1.0251697028468518,1.0,1.0251697028468518
94047.0,bad3345940b9810ce86200b5e3fecb630258752847b9e2ecf9815d05fa8374a2,88995.0,e8832fde90ce1d4849a67920eb9dc7626dd5c9cd4faf3316c88d3da61113a333,24016.0,0.04511385537868513,24016.0,0.04511385537868513,94047.0,508326.0,bad3345940b9810ce86200b5e3fecb630258752847b9e2ecf9815d05fa8374a2,508326.0,True,case_086,4,0.0,1.056767234114276,1.0,1.056767234114276
118403.0,09b9020a90f395bd6c57a70fac622f20836fc1e334536ca42e5bc3502ac0111e,115496.0,66468420d768c8cfa6a17e36c4552435b28de0b26b7ecae406e11befb2e15d17,0.0,0.0,0.0,0.0,118403.0,321126.0,09b9020a90f395bd6c57a70fac622f20836fc1e334536ca42e5bc3502ac0111e,321126.0,True,case_086,5,0.0,1.0251697028468518,1.0,1.0251697028468518
3974071.0,63ab0b24258b66da659e7926849e78ee6353de8548fd2d3602dd94b4f8febdce,3969779.0,63ab0b24258b66da659e7926849e78ee6353de8548fd2d3602dd94b4f8febdce,2534400.0,0.18336776784760794,2534400.0,0.18336776784760794,3969779.0,11287004.0,63ab0b24258b66da659e7926849e78ee6353de8548fd2d3602dd94b4f8febdce,11287004.0,True,case_087,1,0.0,1.0,1.0010811684982968,1.0010811684982968
1984436.0,2ac4d6c04bfb03b2f4d20c69d1c065328acc44aca5b9c35d723215965c2f4d51,1982828.0,2ac4d6c04bfb03b2f4d20c69d1c065328acc44aca5b9c35d723215965c2f4d51,4271616.0,0.2682728982584057,4271616.0,0.2682728982584057,1982828.0,11651036.0,2ac4d6c04bfb03b2f4d20c69d1c065328acc44aca5b9c35d723215965c2f4d51,11651036.0,True,case_087,2,0.0,1.0,1.0008109629276971,1.0008109629276971
1374901.0,907c8a86d7beff66c7e83f305ec4648af2e1633701512004632bc2e1ec6a2e5e,1372451.0,b51d4f1b1e6046681df7d5d0f5b958df600319a8b24ff17d260901cce136ddda,4432896.0,0.26145306910520677,4432896.0,0.26145306910520677,1372451.0,12521948.0,907c8a86d7beff66c7e83f305ec4648af2e1633701512004632bc2e1ec6a2e5e,12521948.0,True,case_087,3,0.0,1.0,1.001785127483604,1.001785127483604
1046846.0,e1961f1102eae0c969a59ff6929662f300125b6318e82334ba6245e6160dd974,1042446.0,d0e5277670c7f3a2cbc670a85d9665a8d3d1e5ec2aaa3744cdda11b44fc5c66b,5552640.0,0.29971868986210426,5548032.0,0.2994699606588992,1043492.0,12978140.0,e1961f1102eae0c969a59ff6929662f300125b6318e82334ba6245e6160dd974,12973532.0,True,case_087,4,0.0,1.001003409289306,1.003214207679599,1.0042208421347485
833349.0,125b3cdf5c9b055682368d565e2ba2b0f2e31f51c509e28531ff805243ec49e0,829449.0,56084504bb69a9bc1171a941d7890941dba129322394b3c056a45ec17980f8b6,5594112.0,0.30392270847191766,5561856.0,0.3021702711084058,829669.0,12844508.0,125b3cdf5c9b055682368d565e2ba2b0f2e31f51c509e28531ff805243ec49e0,12812252.0,True,case_087,5,0.0,1.0002652363195326,1.0044355037972974,1.0047019165735325
243542.0,f5e0c6b20301260a18ebc1eb3438a20f88211a725bee6fe21841f71d55baaa75,242071.0,6f92ab808e509d41efdc8051c1debab36e5f02429ab87e94e572d83fbaae95fe,0.0,0.0,0.0,0.0,243542.0,1829730.0,f5e0c6b20301260a18ebc1eb3438a20f88211a725bee6fe21841f71d55baaa75,1829730.0,True,case_088,1,0.0,1.006076729554552,1.0,1.006076729554552
203492.0,34ca807a8cfe49104245764ad1e908cabb88f40b5cf11d20d28201b44eff711d,203492.0,34ca807a8cfe49104245764ad1e908cabb88f40b5cf11d20d28201b44eff711d,476292.0,0.16614771522996305,476292.0,0.16614771522996305,203492.0,2390386.0,34ca807a8cfe49104245764ad1e908cabb88f40b5cf11d20d28201b44eff711d,2390386.0,True,case_088,2,0.0,1.0,1.0,1.0
196677.0,f32a1b88635f8e1a5742eee970fe632b3159bc5039c494a04a378ac6bd6f386a,190688.0,12efa14dbc3f7787562c1f192fc8b2e6de7399cce64316376b838f68790a9853,689992.0,0.20782115366775458,689992.0,0.20782115366775458,195998.0,2630132.0,f32a1b88635f8e1a5742eee970fe632b3159bc5039c494a04a378ac6bd6f386a,2630132.0,True,case_088,3,0.0,1.0278465346534653,1.0034643210645007,1.0314073250545392
185641.0,fd35805906dafb29c61d446dc4694a1d533959cb03adf2573bf2f86ff88b7fd2,184608.0,6e4010644705d6348b15ff7cee9c525f642b90025d27cb3313252e5e4527b297,797258.0,0.23193324346040636,760394.0,0.22340519923588004,184665.0,2643260.0,fd35805906dafb29c61d446dc4694a1d533959cb03adf2573bf2f86ff88b7fd2,2640188.0,True,case_088,4,0.0,1.000308762350494,1.0052852462567352,1.0055956404922863
196615.0,b20d8363344846f8be9515ad88060e0208ed584bfa09449e9e9c946cf72c756a,194762.0,bd05cd414c96f75e811f66ef33713b873a51fca092ae3928e2f0df6b581b293c,467532.0,0.1531354423853823,492108.0,0.1600577122104388,196344.0,2582458.0,b20d8363344846f8be9515ad88060e0208ed584bfa09449e9e9c946cf72c756a,2585530.0,True,case_088,5,0.0,1.0081227344143109,1.001380230615654,1.0095141762766864
689572.0,1a7d20272dff3a5b88275ea35795074b652c440140445e4664edea031f0922e5,689572.0,1a7d20272dff3a5b88275ea35795074b652c440140445e4664edea031f0922e5,0.0,0.0,0.0,0.0,689572.0,402560.0,1a7d20272dff3a5b88275ea35795074b652c440140445e4664edea031f0922e5,402560.0,True,case_089,1,0.0,1.0,1.0,1.0
346832.0,65e6b20cfd68515c4742c127f950ea454328a7cf559472c64eaa478739d57635,346763.0,7600ed55ae3d7e6fdf8aa0d2d54c6deddf03b7e19dc0f6637f312346abd8542e,224968.0,0.350810878243513,0.0,0.0,346832.0,641280.0,65e6b20cfd68515c4742c127f950ea454328a7cf559472c64eaa478739d57635,416312.0,True,case_089,2,0.0,1.0001989831671776,1.0,1.0001989831671776
243614.0,5976b07bc1c411fe71549bedc2eb6df7ef47982278223c19020e37627ade3044,242586.0,ef9545210f8c133099b29a3f12eb7991ee8bf7b0b251a4ac8ee2b6931017fcaf,224968.0,0.25564545454545456,0.0,0.0,243614.0,880000.0,5976b07bc1c411fe71549bedc2eb6df7ef47982278223c19020e37627ade3044,655032.0,True,case_089,3,0.0,1.0042376724130824,1.0,1.0042376724130824
178160.0,c9330b9bc59b5323041e750f1b08325801952cface8ecbafbe629b545fc7747e,175147.0,325f54032f04ad205fe0c36743fd8a6c4bb9785ddd8d364e2b597dbeb698307a,231880.0,0.20727259725400457,0.0,0.0,178160.0,1118720.0,c9330b9bc59b5323041e750f1b08325801952cface8ecbafbe629b545fc7747e,886840.0,True,case_089,4,0.0,1.0172026925953628,1.0,1.0172026925953628
147432.0,6ec7edc0268b02acb94c749e33d68ba387381ab1473906bde2e693babd757a8e,144388.0,5956bb4df4a7b6f5528cd2520903e3cf700b63ce8ed9cc421c1f152ff8669efa,220360.0,0.16233498349834982,0.0,0.0,147432.0,1357440.0,6ec7edc0268b02acb94c749e33d68ba387381ab1473906bde2e693babd757a8e,1137080.0,True,case_089,5,0.0,1.0210820843837438,1.0,1.0210820843837438
1087442.0,bad629997b1703fbcdf8cd035f78ffa2114b04bbb21eb8082eeda1b54a863b8e,919256.0,271580fcc137686e8ce24ad7a1153b846947065d689e7eb26f1a5efa1743b1a0,6276096.0,0.7332271595522757,10402560.0,0.611947547353084,989385.0,6596544.0,bad629997b1703fbcdf8cd035f78ffa2114b04bbb21eb8082eeda1b54a863b8e,2283456.0,True,case_090,1,-2.220446049250313e-16,1.0762888683892191,1.0991090424859888,1.182958827573603
677936.0,6dd2c1c602cbbd47c02a1a75cfffb654896126a969a225615ade56199fd2bf2b,549431.0,6ae847b53b4805be47962cb6ee65399172f4025f86121d3ca20fa3df656b385f,4753824.0,0.6500177209540436,5592096.0,0.4108055882705558,599940.0,8020416.0,6dd2c1c602cbbd47c02a1a75cfffb654896126a969a225615ade56199fd2bf2b,2559552.0,True,case_090,2,-2.220446049250313e-16,1.0919296508569776,1.1300063339667301,1.2338874217144646
657430.0,4b4a38a5882e9b0e496ddcdb4e69de28f48d65e176cc29a609047df25e1ecba9,549742.0,90b96a0bf338f7b4df9d8641e03d77c08283f4ce8dbd5072e4f24a919aa5e9c0,4273776.0,0.19331788880372927,92448.0,0.003916644212731127,653823.0,23511432.0,4b4a38a5882e9b0e496ddcdb4e69de28f48d65e176cc29a609047df25e1ecba9,17833728.0,True,case_090,3,0.0,1.1893269933896264,1.0055167835943366,1.19588825303506
608275.0,3da259eae3c9bb3776e39d7293a7bd91823397fbd4c3e6fdc18f945c39bddb8a,534087.0,7224a59c3f74671e1a19a032db0419817d93eeeb9e3de9efc5b095ff467d8d1d,1531656.0,0.06809996830772876,107208.0,0.004547569285022748,604430.0,23467584.0,3da259eae3c9bb3776e39d7293a7bd91823397fbd4c3e6fdc18f945c39bddb8a,20959632.0,True,case_090,4,-2.220446049250313e-16,1.1317070065363883,1.0063613652532137,1.1389062081645873
542638.0,6718b0afa59c4afaa081ebe7ade1b4f09606df0082093e23bb8fadaf4f28f6eb,416535.0,37db57fa56ee5c438abffe22f29561799da6c68c8bbb85bc8cb105593740b754,7467480.0,0.3192602769805691,1946808.0,0.08141171039161765,509924.0,21966312.0,6718b0afa59c4afaa081ebe7ade1b4f09606df0082093e23bb8fadaf4f28f6eb,15922464.0,True,case_090,5,2.220446049250313e-16,1.2242044486057595,1.064154658341243,1.3027428667458918
9186769.0,fd52d50c08487e3193ff37d3e2f6e7636213d1cd3cc95faec0dd934d4594fdb2,9166672.0,c53986a6aeaea6b19e9fe5579dd5864de157a662571013bdf5e8efb758737d28,8082048.0,0.14988712353741304,6374016.0,0.10538579237748164,9168820.0,54108672.0,fd52d50c08487e3193ff37d3e2f6e7636213d1cd3cc95faec0dd934d4594fdb2,45838848.0,True,case_091,1,0.0,1.0002343271363914,1.001957612866214,1.0021923987244226
4571759.0,f91f1c83adaf7743040896cbf1ea8671e6bff480e98788dbdb1979c37d008d24,4569395.0,f91f1c83adaf7743040896cbf1ea8671e6bff480e98788dbdb1979c37d008d24,11590464.0,0.17986505725904448,11590464.0,0.17986505725904448,4569395.0,52849312.0,f91f1c83adaf7743040896cbf1ea8671e6bff480e98788dbdb1979c37d008d24,52849312.0,True,case_091,2,0.0,1.0,1.0005173551422015,1.0005173551422015
3078087.0,3a072a712778dc457c79f76945aaa142e60d72b477e22216facd0782d5752c75,3057457.0,3a072a712778dc457c79f76945aaa142e60d72b477e22216facd0782d5752c75,16382528.0,0.23428651971798886,16382528.0,0.23428651971798886,3057457.0,53542656.0,3a072a712778dc457c79f76945aaa142e60d72b477e22216facd0782d5752c75,53542656.0,True,case_091,3,0.0,1.0,1.0067474374946237,1.0067474374946237
2314405.0,f43bd8d1b915bdf25afb2aac0409a93ca730f63b7e9f8538762d459895d8cadc,2306119.0,f43bd8d1b915bdf25afb2aac0409a93ca730f63b7e9f8538762d459895d8cadc,14582560.0,0.1988098588016133,14582560.0,0.1988098588016133,2306119.0,58766720.0,f43bd8d1b915bdf25afb2aac0409a93ca730f63b7e9f8538762d459895d8cadc,58766720.0,True,case_091,4,0.0,1.0,1.0035930496214636,1.0035930496214636
1882479.0,3e2d599dd3994f90ae28417ce69ab5da3e711a50bb8412244c28a2619ca7cc27,1876653.0,3e2d599dd3994f90ae28417ce69ab5da3e711a50bb8412244c28a2619ca7cc27,24930816.0,0.3118187989087975,24930816.0,0.3118187989087975,1876653.0,55022080.0,3e2d599dd3994f90ae28417ce69ab5da3e711a50bb8412244c28a2619ca7cc27,55022080.0,True,case_091,5,0.0,1.0,1.0031044631053263,1.0031044631053263
4010291.0,d3287addfc56422ec348dbd0483b3336ddee1b8f6703493fd7c51ccec417e757,4004200.0,dc552184da1322b7d526ce674e08bb7f73c6fc835e9ae0f10e0598805779c8be,0.0,0.0,0.0,0.0,4010291.0,4735584.0,d3287addfc56422ec348dbd0483b3336ddee1b8f6703493fd7c51ccec417e757,4441184.0,True,case_092,1,0.0,1.0015211527895709,1.0,1.0015211527895709
2828252.0,28fc9b4fde11d7bb0054218ebed2506239dedac77bdfefdbda3790125787b061,2358868.0,28fc9b4fde11d7bb0054218ebed2506239dedac77bdfefdbda3790125787b061,50993920.0,0.7591771943849205,50993920.0,0.7591771943849205,2358868.0,16176064.0,28fc9b4fde11d7bb0054218ebed2506239dedac77bdfefdbda3790125787b061,16176064.0,True,case_092,2,0.0,1.0,1.1989869717169421,1.1989869717169421
2231804.0,05fb29bf0e3a731685749334abe3633f4c988e3c81905c90c87d250d1d553d1d,1792534.0,05fb29bf0e3a731685749334abe3633f4c988e3c81905c90c87d250d1d553d1d,44215392.0,0.6541586932458932,44215392.0,0.6541586932458932,1792534.0,23375840.0,05fb29bf0e3a731685749334abe3633f4c988e3c81905c90c87d250d1d553d1d,23375840.0,True,case_092,3,0.0,1.0,1.2450553239157527,1.2450553239157527
1927728.0,9eb7863242e2ae1b80cdfb0210991bff62e6beccb7be3d60d0c906efea5d83d5,1470508.0,9eb7863242e2ae1b80cdfb0210991bff62e6beccb7be3d60d0c906efea5d83d5,44066112.0,0.6479121478881523,44066112.0,0.6479121478881523,1470508.0,23946368.0,9eb7863242e2ae1b80cdfb0210991bff62e6beccb7be3d60d0c906efea5d83d5,23946368.0,True,case_092,4,0.0,1.0,1.3109265641533403,1.3109265641533403
1649430.0,0583d06e55a1b70e4f468eefeebe1ded4b49d52cd96dad52a8c9a9e07a43b270,1351088.0,0583d06e55a1b70e4f468eefeebe1ded4b49d52cd96dad52a8c9a9e07a43b270,39473888.0,0.580675424788359,39473888.0,0.580675424788359,1351088.0,28505376.0,0583d06e55a1b70e4f468eefeebe1ded4b49d52cd96dad52a8c9a9e07a43b270,28505376.0,True,case_092,5,0.0,1.0,1.220816112644032,1.220816112644032
74205.0,a362e021ae414498dd346e4bc8e6b78da392e950324de1b529b931302c9673d6,74205.0,a362e021ae414498dd346e4bc8e6b78da392e950324de1b529b931302c9673d6,0.0,0.0,0.0,0.0,74205.0,573440.0,a362e021ae414498dd346e4bc8e6b78da392e950324de1b529b931302c9673d6,573440.0,True,case_093,1,0.0,1.0,1.0,1.0
37827.0,ea3740e6bdc0a8c835e08e75b310873b6521b79cb3c29b795e9527c70a588af3,37827.0,ea3740e6bdc0a8c835e08e75b310873b6521b79cb3c29b795e9527c70a588af3,0.0,0.0,0.0,0.0,37827.0,581632.0,ea3740e6bdc0a8c835e08e75b310873b6521b79cb3c29b795e9527c70a588af3,581632.0,True,case_093,2,0.0,1.0,1.0,1.0
25103.0,0356ba69735ce3264c8df2a9bc3f9a82af3de9684a70755fbbb3bfa6d1ada48d,25103.0,0356ba69735ce3264c8df2a9bc3f9a82af3de9684a70755fbbb3bfa6d1ada48d,0.0,0.0,0.0,0.0,25103.0,589824.0,0356ba69735ce3264c8df2a9bc3f9a82af3de9684a70755fbbb3bfa6d1ada48d,589824.0,True,case_093,3,0.0,1.0,1.0,1.0
19779.0,824d8f0d5fdbde46ea60ee04878ff2aa689590fcab47f214b9fe8f2d02efbeea,19779.0,824d8f0d5fdbde46ea60ee04878ff2aa689590fcab47f214b9fe8f2d02efbeea,0.0,0.0,0.0,0.0,19779.0,598016.0,824d8f0d5fdbde46ea60ee04878ff2aa689590fcab47f214b9fe8f2d02efbeea,598016.0,True,case_093,4,0.0,1.0,1.0,1.0
15876.0,bb04b671cbb27a4803367444f50eed9586fa80cae2848109ccd3c4a1ea4efe70,15876.0,bb04b671cbb27a4803367444f50eed9586fa80cae2848109ccd3c4a1ea4efe70,0.0,0.0,0.0,0.0,15876.0,606208.0,bb04b671cbb27a4803367444f50eed9586fa80cae2848109ccd3c4a1ea4efe70,606208.0,True,case_093,5,0.0,1.0,1.0,1.0
91195.0,1e12005c856de3cdc0f051629223eda4b22f5eb46ad0dbb423dc96009b97908d,87488.0,13b0e4606d706df78bcaa7b0352179fe1d9a67b85dda8c04e79d31b68185c8ed,16384.0,0.030286897367642708,16384.0,0.030286897367642708,91195.0,524576.0,1e12005c856de3cdc0f051629223eda4b22f5eb46ad0dbb423dc96009b97908d,524576.0,True,case_094,1,0.0,1.0423715252377468,1.0,1.0423715252377468
48073.0,ead28a9088f37e49cbacefafb359d4767c2cd0fa793c328a1a9c2664f97b5be8,46927.0,4f9a08c082e5e2a6044591e0dd29d245ee3bf14fe2c41f132f7d18f081772748,106272.0,0.18398891966759004,37152.0,0.0643213296398892,48073.0,540448.0,ead28a9088f37e49cbacefafb359d4767c2cd0fa793c328a1a9c2664f97b5be8,471328.0,True,case_094,2,0.0,1.0244209090715366,1.0,1.0244209090715366
32222.0,659d4c84dddea4ca7173fd808c6c6d7a708b190a0593735aa6469082394711c8,31679.0,ef357e155254e9a1ed73469150e37780667458425c6f00f08210278600083490,194112.0,0.28384259042627863,212544.0,0.310795002573581,32222.0,471328.0,659d4c84dddea4ca7173fd808c6c6d7a708b190a0593735aa6469082394711c8,489760.0,True,case_094,3,0.0,1.0171406925723665,1.0,1.0171406925723665
24640.0,fb634172904d23e64d402b47735038b698e28c6b3b1bf7271c3cf11fc6b178b3,24640.0,fb634172904d23e64d402b47735038b698e28c6b3b1bf7271c3cf11fc6b178b3,304704.0,0.38577158368107606,304704.0,0.38577158368107606,24640.0,485152.0,fb634172904d23e64d402b47735038b698e28c6b3b1bf7271c3cf11fc6b178b3,485152.0,True,case_094,4,0.0,1.0,1.0,1.0
21573.0,4bc980487e250a259ae13580490c5f83968813adad6797aa6fbd47407b491b58,20380.0,4bc980487e250a259ae13580490c5f83968813adad6797aa6fbd47407b491b58,274272.0,0.30606341951149835,274272.0,0.30606341951149835,20380.0,621856.0,4bc980487e250a259ae13580490c5f83968813adad6797aa6fbd47407b491b58,621856.0,True,case_094,5,0.0,1.0,1.0585377821393522,1.0585377821393522
2070244.0,ab5df2d3f3d0765a7b6dac136a7f4d0f2c7dbcf080a1550ad49445317e60a372,1161033.0,b5b931dd414ef7d36f6957e7f7f8defec3539bc9d80f737e0b3512d1de256fee,0.0,0.0,0.0,0.0,2070244.0,33440604.0,ab5df2d3f3d0765a7b6dac136a7f4d0f2c7dbcf080a1550ad49445317e60a372,16792476.0,True,case_095,1,0.0,1.7831052175088908,1.0,1.7831052175088908
1042890.0,2fb3c4b1e62e60cd39c1c433a085dc333e00d80734fdd6a3faf77b412fe10867,1042890.0,2fb3c4b1e62e60cd39c1c433a085dc333e00d80734fdd6a3faf77b412fe10867,0.0,0.0,0.0,0.0,1042890.0,8516508.0,2fb3c4b1e62e60cd39c1c433a085dc333e00d80734fdd6a3faf77b412fe10867,8516508.0,True,case_095,2,0.0,1.0,1.0,1.0
695775.0,166cab99a6c73bc8ba5f8a0b243bc03f619acbf60ca079dabaae853b1499ddcd,695775.0,166cab99a6c73bc8ba5f8a0b243bc03f619acbf60ca079dabaae853b1499ddcd,0.0,0.0,0.0,0.0,695775.0,8516508.0,166cab99a6c73bc8ba5f8a0b243bc03f619acbf60ca079dabaae853b1499ddcd,8516508.0,True,case_095,3,0.0,1.0,1.0,1.0
524422.0,2b7aed23bbce64b3ea202a1300403c7798a7a4b5530ca9fc0f3248d1716767e6,524422.0,2b7aed23bbce64b3ea202a1300403c7798a7a4b5530ca9fc0f3248d1716767e6,0.0,0.0,0.0,0.0,524422.0,8516508.0,2b7aed23bbce64b3ea202a1300403c7798a7a4b5530ca9fc0f3248d1716767e6,8516508.0,True,case_095,4,0.0,1.0,1.0,1.0
420852.0,25179a6175ef09d05c628dfcdfc270528766fdad99158b21ddc5573bb6e677fa,420852.0,25179a6175ef09d05c628dfcdfc270528766fdad99158b21ddc5573bb6e677fa,0.0,0.0,0.0,0.0,420852.0,8516508.0,25179a6175ef09d05c628dfcdfc270528766fdad99158b21ddc5573bb6e677fa,8516508.0,True,case_095,5,0.0,1.0,1.0,1.0
77108.0,2a9a97eb34152caa2070f4dfd01c8f80aa8d3d166653ec696faafb56402b23eb,75108.0,244a8a2a1d7769110677d2cab10196d4101eefeca37864918c0052f67cfd9be2,0.0,0.0,0.0,0.0,77108.0,210260.0,2a9a97eb34152caa2070f4dfd01c8f80aa8d3d166653ec696faafb56402b23eb,210260.0,True,case_096,1,0.0,1.026628321883155,1.0,1.026628321883155
44010.0,37a7c80d6d613550668a90767e2d79aa29b050bf9e96cde69ca06f1b87659ba3,41802.0,9a074ddf8ea62044c215e6622d5bb6366725705f2bb0f6676c6fca40d3c06cbe,67392.0,0.2427211041159437,67392.0,0.2427211041159437,44010.0,210260.0,37a7c80d6d613550668a90767e2d79aa29b050bf9e96cde69ca06f1b87659ba3,210260.0,True,case_096,2,0.0,1.0528204392134348,1.0,1.0528204392134348
30318.0,8fb7b3c2094e0218c41f6f4beb2ca75015452d2a0a36ab412168b637d9864dde,30318.0,8fb7b3c2094e0218c41f6f4beb2ca75015452d2a0a36ab412168b637d9864dde,79488.0,0.27433493932658726,79488.0,0.27433493932658726,30318.0,210260.0,8fb7b3c2094e0218c41f6f4beb2ca75015452d2a0a36ab412168b637d9864dde,210260.0,True,case_096,3,0.0,1.0,1.0,1.0
26984.0,6452215da0d5fee206f48496a1b0a050f1124921d162f9d8db2204adaa5b076a,26984.0,6452215da0d5fee206f48496a1b0a050f1124921d162f9d8db2204adaa5b076a,24192.0,0.08349324240374394,24192.0,0.08349324240374394,26984.0,265556.0,6452215da0d5fee206f48496a1b0a050f1124921d162f9d8db2204adaa5b076a,265556.0,True,case_096,4,0.0,1.0,1.0,1.0
41196.0,eb81fcf5eff144bafd1a1f1fbdb8aee1c7ed27dfd99c5cdd1d05f681ce4ce170,38946.0,c7830539c7081b3310cca57fc8920bb958bef50116fab3e9a47cb4b43b5145d4,18432.0,0.06940908885508142,55296.0,0.20822726656524423,41196.0,210260.0,eb81fcf5eff144bafd1a1f1fbdb8aee1c7ed27dfd99c5cdd1d05f681ce4ce170,247124.0,True,case_096,5,0.0,1.0577723001078416,1.0,1.0577723001078416
11491509.0,9e72258da64b8f13e0cd28dbf907b30806296ad1503f201dac9f31b973f98b78,11491509.0,9e72258da64b8f13e0cd28dbf907b30806296ad1503f201dac9f31b973f98b78,0.0,0.0,0.0,0.0,11491509.0,14843904.0,9e72258da64b8f13e0cd28dbf907b30806296ad1503f201dac9f31b973f98b78,14843904.0,True,case_097,1,0.0,1.0,1.0,1.0
5617602.0,9f37851ae8cf3967e58f58e1d341f3848b82b74e12e556634925ddfa8d7d4957,5617602.0,9f37851ae8cf3967e58f58e1d341f3848b82b74e12e556634925ddfa8d7d4957,0.0,0.0,0.0,0.0,5617602.0,16056320.0,9f37851ae8cf3967e58f58e1d341f3848b82b74e12e556634925ddfa8d7d4957,16056320.0,True,case_097,2,0.0,1.0,1.0,1.0
3660459.0,7abd70f96c02a5c21c2374c20cb4dbbc48f7f13eea522a598602b21a87dd3b39,3622881.0,bf943c9940ab48a6e46809e6d88f95b6c2da40133e6531344ca2e36449d10fc2,5357568.0,0.25988476058017085,4458496.0,0.2197214372224465,3660338.0,15833088.0,7abd70f96c02a5c21c2374c20cb4dbbc48f7f13eea522a598602b21a87dd3b39,15257600.0,True,case_097,3,0.0,1.0103390092028968,1.0000330570564795,1.0103724080365875
2626908.0,484b413db660d1ef892e1780254a851c4f25865e03b496cd1d36ab5057e50245,2626908.0,484b413db660d1ef892e1780254a851c4f25865e03b496cd1d36ab5057e50245,770048.0,0.041666666666666664,770048.0,0.041666666666666664,2626908.0,17711104.0,484b413db660d1ef892e1780254a851c4f25865e03b496cd1d36ab5057e50245,17711104.0,True,case_097,4,0.0,1.0,1.0,1.0
2102348.0,e8b803445d3f8f1f5c17377c4ffefca614efdfe904169779c4ce9dc6536b913e,2102250.0,e8b803445d3f8f1f5c17377c4ffefca614efdfe904169779c4ce9dc6536b913e,6270976.0,0.24523466282236103,6270976.0,0.24523466282236103,2102250.0,19300352.0,e8b803445d3f8f1f5c17377c4ffefca614efdfe904169779c4ce9dc6536b913e,19300352.0,True,case_097,5,0.0,1.0,1.0000466167201807,1.0000466167201807
176752.0,14c0c164161f5ddc567836d50ab0a1f5e57175de8748cfbe8aac5cff9bba2b23,174782.0,a7f409a5d0d151fa7ee4e3dfe41009630b1e313894ee3ec5586616a28342b2cf,24576.0,0.02722396630679691,20480.0,0.022999710257556327,176752.0,869966.0,14c0c164161f5ddc567836d50ab0a1f5e57175de8748cfbe8aac5cff9bba2b23,878158.0,True,case_098,1,0.0,1.011271183531485,1.0,1.011271183531485
89756.0,f769c0ab4999ca1dd44a92beea1251961adae8485b99f3ff39e03de687610a04,89756.0,f769c0ab4999ca1dd44a92beea1251961adae8485b99f3ff39e03de687610a04,0.0,0.0,0.0,0.0,89756.0,697912.0,f769c0ab4999ca1dd44a92beea1251961adae8485b99f3ff39e03de687610a04,697912.0,True,case_098,2,0.0,1.0,1.0,1.0
89756.0,d244b5a60982c12ac0cca9e51912ff30d1a7046e58ec7f072f3e3c1a4221b190,89756.0,d244b5a60982c12ac0cca9e51912ff30d1a7046e58ec7f072f3e3c1a4221b190,0.0,0.0,0.0,0.0,89756.0,697912.0,d244b5a60982c12ac0cca9e51912ff30d1a7046e58ec7f072f3e3c1a4221b190,697912.0,True,case_098,3,0.0,1.0,1.0,1.0
89756.0,59a6fa43d11787aa2563992c95a702b720803228c2f0f1bd8b6d48a3760b7f9e,89756.0,59a6fa43d11787aa2563992c95a702b720803228c2f0f1bd8b6d48a3760b7f9e,0.0,0.0,0.0,0.0,89756.0,697912.0,59a6fa43d11787aa2563992c95a702b720803228c2f0f1bd8b6d48a3760b7f9e,697912.0,True,case_098,4,0.0,1.0,1.0,1.0
89756.0,eba72c9199f236db01bbcc3d647d7d71634dbd20ddf5d0a35133a3b56ffdf547,89756.0,eba72c9199f236db01bbcc3d647d7d71634dbd20ddf5d0a35133a3b56ffdf547,0.0,0.0,0.0,0.0,89756.0,697912.0,eba72c9199f236db01bbcc3d647d7d71634dbd20ddf5d0a35133a3b56ffdf547,697912.0,True,case_098,5,0.0,1.0,1.0,1.0
1622999.0,239e9c5e5625b65e0ba031d314c722c5df34cba7a120378df84f8ff91ebe1a53,1618902.0,239e9c5e5625b65e0ba031d314c722c5df34cba7a120378df84f8ff91ebe1a53,2023424.0,0.25235465023466686,2023424.0,0.25235465023466686,1618902.0,5994752.0,239e9c5e5625b65e0ba031d314c722c5df34cba7a120378df84f8ff91ebe1a53,5994752.0,True,case_099,1,0.0,1.0,1.002530727616619,1.002530727616619
808916.0,13a933dbebe66dcb35f37602733bc413dbfe809629821ff8cda9629302b6d8f1,806053.0,13a933dbebe66dcb35f37602733bc413dbfe809629821ff8cda9629302b6d8f1,4284416.0,0.4377370334527764,4284416.0,0.4377370334527764,806053.0,5503232.0,13a933dbebe66dcb35f37602733bc413dbfe809629821ff8cda9629302b6d8f1,5503232.0,True,case_099,2,0.0,1.0,1.003551875621082,1.003551875621082
539533.0,708f0474eb8ad9a7fce8e167a586470aa7a15be2f7be3e1aca7d2054326896d9,537694.0,b447310f9bbf2baf695a2c9ce36e243fa7faf0be0d14c6dac6300c2d047d709b,4575232.0,0.43394439723200195,4567040.0,0.4330832908503872,538112.0,5978368.0,708f0474eb8ad9a7fce8e167a586470aa7a15be2f7be3e1aca7d2054326896d9,5968128.0,True,case_099,3,0.0,1.0007773938336675,1.0026407142007612,1.0034201609093647
405336.0,72952b3e8433e3179f81b6b31328112f555776080f240deef8b68f456ac166f2,403147.0,afe4a70b20dd4062265ee65e7f1b20d83e9a3e4cbbb4023aaf2e1fd8a8384399,6320128.0,0.5360314393034717,6889472.0,0.5568499244759875,403555.0,5482752.0,72952b3e8433e3179f81b6b31328112f555776080f240deef8b68f456ac166f2,5470464.0,True,case_099,4,0.0,1.0010120377926661,1.0044132770006566,1.005429781196437
336826.0,6e49d5c4c9930dd5e867b76975ac70b6b6e449e2f1deff0d97215729ef92a639,327139.0,519d216b3455efddc8c94a6802222ace90ec58bf194442d5b9ba22071e3453f5,6717440.0,0.5219086262107923,6762496.0,0.5240334067329246,327731.0,6142208.0,6e49d5c4c9930dd5e867b76975ac70b6b6e449e2f1deff0d97215729ef92a639,6153472.0,True,case_099,5,0.0,1.0018096283231288,1.0277514180837333,1.0296112661590333
148885.0,6cb5f2246711946042491dddb2d61d1fce60585560b5a99023abed3d0d7e9780,142753.0,a51c474cc16ff83df6334df2684435574a26d4fde0830e12a22ca073a4d32c73,0.0,0.0,0.0,0.0,148885.0,436006.0,6cb5f2246711946042491dddb2d61d1fce60585560b5a99023abed3d0d7e9780,436006.0,True,case_100,1,0.0,1.0429553144242152,1.0,1.0429553144242152
81080.0,e52b51930e549834998c4cb19e745e9eecf56cfb5caf08d1d6e05e3df18b098f,77421.0,b9df5653c1b1411f9d9ca6fcd25435721b084bdc437dbd18cf6e880a208c9798,16896.0,0.037306083876865195,16896.0,0.037306083876865195,81080.0,436006.0,e52b51930e549834998c4cb19e745e9eecf56cfb5caf08d1d6e05e3df18b098f,436006.0,True,case_100,2,0.0,1.0472610790354038,1.0,1.0472610790354038
57811.0,3f6345b6e1a335df946a41f70570a0010ccfdf95372a8d6ad0b6bb8e11ef064d,57811.0,3f6345b6e1a335df946a41f70570a0010ccfdf95372a8d6ad0b6bb8e11ef064d,53760.0,0.10578554028154381,53760.0,0.10578554028154381,57811.0,454438.0,3f6345b6e1a335df946a41f70570a0010ccfdf95372a8d6ad0b6bb8e11ef064d,454438.0,True,case_100,3,0.0,1.0,1.0,1.0
87316.0,418382e01aeb17e54d73e7b8bb5a82210e780baf5ab3c16360e0c2b1f1e7f374,72103.0,553cd2d167a8a2a6aef8841fcdbfed7c7a69a1d63791c04ffbff8de8e6ee67f2,308864.0,0.2582043136599231,12288.0,0.02741058323332456,87316.0,436006.0,418382e01aeb17e54d73e7b8bb5a82210e780baf5ab3c16360e0c2b1f1e7f374,887336.0,True,case_100,4,0.0,1.21098983398749,1.0,1.21098983398749
87316.0,bc60e0caf96e94c248ea707c126335fdf54202ddf7c9bfabe440b23c14d5715c,59623.0,09e070ea4359869168c1bd47fbb4ca0f9a0ca18bb07d1be0d5705daa46eb29b7,351360.0,0.2750066137462607,12288.0,0.02741058323332456,87316.0,436006.0,bc60e0caf96e94c248ea707c126335fdf54202ddf7c9bfabe440b23c14d5715c,926282.0,True,case_100,5,0.0,1.4644684098418395,1.0,1.4644684098418395
