added_copy_bytes,batch,cache_expected_gain,cache_hit_bytes,cache_hit_count,cache_hit_rate,cache_miss_bytes,cache_miss_count,cache_query_bytes,cache_query_count,cache_replay_error,cache_reuse_potential,cache_service_bytes,cache_service_cycles,candidate,case,copy_bytes,cores,cross_read_bytes,cross_write_bytes,ddr_service_bytes,ddr_service_cycles,evaluation_seconds,gpu_backend,input_read_bytes,light_time,loads,makespan,original_graph_copy_bytes,output_write_bytes,partition_added_copy_bytes,plan_sha256,pressure_bytes,profile_score,profile_seconds,scene,scheduled_copy_bytes,score,source,source_root,spill_added_copy_bytes,status
11596800,root1:v7_fast_equiv_20260927_0030,0.0,0,0,0.0,0,0,0,0,,0,0,0,A3_base,case_008,12444888,1,4895232,4895232,12444888,207415,0.17906262500036974,mps,1990872,487296,{'0': 487296},413595,2654424,663552,9790464,59cfeb08a6ccec2f1c921bf9127312179b37deee68cc976b1c518a357f05e40d,2279936,"[447608, 14251224, 1806336]",0.1454846249998809,A,14251224,"[487296, 12444888, 2279936, 0, 0]",seed,/Users/futaoran/Desktop/华为杯2026/2026参赛工作区/2026华为杯idea冻结工作区/实验数据/v7_fast_equiv_20260927_0030,1806336,AI_VERIFIED
3760128,root1:v7_fast_equiv_20260927_0030,0.0,0,0,0.0,0,0,0,0,,0,0,0,L2_base,case_008,2654424,1,0,0,2654424,44241,0.21039862500037998,mps,1990872,487296,{'0': 487296},269325,2654424,663552,0,6bd0070a2eb79cd8696141029e835bc93f718bcb6c83681e2e222d8d89f2aab5,1878208,"[269325, 6414552, 3760128]",0.15893166699970607,B,6414552,"[487296, 2654424, 1878208, 0, 0]",legacy_seed,/Users/futaoran/Desktop/华为杯2026/2026参赛工作区/2026华为杯idea冻结工作区/实验数据/v7_fast_equiv_20260927_0030,3760128,AI_VERIFIED
0,root1:v7_fast_equiv_20260927_0030,0.0,0,0,0.0,1990872,432,1990872,432,,0,0,0,incumbent_aggregate,case_008,2654424,1,0,0,2654424,44241,0.14397154099970066,mps,1990872,487296,{'0': 487296},487605,2654424,663552,0,9e49010cefed73ae3d54de40191e0be23e81a73ec4cb204a97d438f8d1b73e3b,0,"[487605, 44240.4, 0, 0]",0.13796204199934436,C,2654424,"[487296, 2654424, 0, 0, 0]",aggregate,/Users/futaoran/Desktop/华为杯2026/2026参赛工作区/2026华为杯idea冻结工作区/实验数据/v7_fast_equiv_20260927_0030,0,AI_VERIFIED
0,root1:v7_fast_equiv_20260927_0030,0.0,0,0,0.0,0,0,0,0,,0,0,0,A2_base,case_008,2654424,2,0,0,2654424,44241,0.15866237500085845,mps,1990872,243648,"{'0': 243648, '1': 243648}",244984,2654424,663552,0,f6af7c548a94301b66c2f1fa7088db7181ad4a26982fb22631d790af4a23c5d4,0,"[244366, 2654424, 0]",0.14363545900050667,A,2654424,"[243648, 2654424, 0, 0, 0]",seed,/Users/futaoran/Desktop/华为杯2026/2026参赛工作区/2026华为杯idea冻结工作区/实验数据/v7_fast_equiv_20260927_0030,0,AI_VERIFIED
17564544,root1:v7_fast_equiv_20260927_0030,0.0,0,0,0.0,0,0,0,0,,0,0,0,B2_base,case_008,15942744,2,6644160,6644160,15942744,265713,0.28602041600061057,mps,1990872,310776,"{'0': 310776, '1': 176520}",472082,2654424,663552,13288320,a4cfea6f3d3ebf180fcd25cd51ecb57eb67164749092b27e829415678bbf045e,1398976,"[360302, 20218968, 4276224]",0.24602245800087985,B,20218968,"[310776, 15942744, 1398976, 0, 0]",seed,/Users/futaoran/Desktop/华为杯2026/2026参赛工作区/2026华为杯idea冻结工作区/实验数据/v7_fast_equiv_20260927_0030,4276224,AI_VERIFIED
3760128,root1:v7_fast_equiv_20260927_0030,0.0,0,0,0.0,3870936,432,1990872,432,,0,0,0,lower_core_base,case_008,2654424,2,0,0,2654424,44241,0.19915299999956915,mps,1990872,487296,{'0': 487296},269325,2654424,663552,0,581da9d2cc5082a95ba9f1407351cfb700864553c2b9a040623096946804387b,1878208,"[269325, 106909.2, 0, 3760128]",0.1906122079999477,C,6414552,"[487296, 2654424, 1878208, 0, 0]",lower_core,/Users/futaoran/Desktop/华为杯2026/2026参赛工作区/2026华为杯idea冻结工作区/实验数据/v7_fast_equiv_20260927_0030,3760128,AI_VERIFIED
0,root1:v7_fast_equiv_20260927_0030,0.0,0,0,0.0,0,0,0,0,,0,0,0,A2_base,case_008,2654424,3,0,0,2654424,44241,0.12861312499990163,mps,1990872,162432,"{'0': 162432, '1': 162432, '2': 162432}",164386,2654424,663552,0,e8e1cc3d48c445eaea4e6dd0cae2607d1629681b2e82cce65201f08b388a0a61,0,"[163150, 2654424, 0]",0.12246945800143294,A,2654424,"[162432, 2654424, 0, 0, 0]",seed,/Users/futaoran/Desktop/华为杯2026/2026参赛工作区/2026华为杯idea冻结工作区/实验数据/v7_fast_equiv_20260927_0030,0,AI_VERIFIED
20646912,root1:v7_fast_equiv_20260927_0030,0.0,0,0,0.0,0,0,0,0,,0,0,0,B3_base,case_008,13801944,3,5573760,5573760,13801944,230033,0.30583508299969253,mps,1990872,230033,"{'0': 228996, '1': 50454, '2': 207846}",487643,2654424,663552,11147520,dad33582da0496734e043443377a18774d56c6f3383fc3f6c8557e1c962a76ad,2746496,"[379368, 23301336, 9499392]",0.29397591599990847,B,23301336,"[230033, 13801944, 2746496, 0, 0]",seed,/Users/futaoran/Desktop/华为杯2026/2026参赛工作区/2026华为杯idea冻结工作区/实验数据/v7_fast_equiv_20260927_0030,9499392,AI_VERIFIED
0,root1:v7_fast_equiv_20260927_0030,0.0,0,0,0.0,1990872,432,1990872,432,,0,0,0,lower_core_base,case_008,2654424,3,0,0,2654424,44241,0.16769495799962897,mps,1990872,243648,"{'0': 243648, '1': 243648}",244266,2654424,663552,0,a7e177704dcc6eefe00367eef1f889efc95184a2fbcdfc62b42af1df6c016394,0,"[243957, 44240.4, 0, 0]",0.1551192090009863,C,2654424,"[243648, 2654424, 0, 0, 0]",lower_core,/Users/futaoran/Desktop/华为杯2026/2026参赛工作区/2026华为杯idea冻结工作区/实验数据/v7_fast_equiv_20260927_0030,0,AI_VERIFIED
0,root1:v7_fast_equiv_20260927_0030,0.0,0,0,0.0,0,0,0,0,,0,0,0,A2_base,case_008,2654424,4,0,0,2654424,44241,0.12796945799891546,mps,1990872,126336,"{'0': 117312, '1': 121824, '2': 121824, '3': 126336}",127981,2654424,663552,0,eba5adced61c07f8df498f7d77d35126491a4cead8eb79bcb3094be4357a0120,0,"[127054, 2654424, 0]",0.10969145799936086,A,2654424,"[126336, 2654424, 0, 0, 0]",seed,/Users/futaoran/Desktop/华为杯2026/2026参赛工作区/2026华为杯idea冻结工作区/实验数据/v7_fast_equiv_20260927_0030,0,AI_VERIFIED
20937600,root1:v7_fast_equiv_20260927_0030,0.0,0,0,0.0,0,0,0,0,,0,0,0,B3_base,case_008,11446488,4,4396032,4396032,11446488,190775,0.34861220799939474,mps,1990872,190775,"{'0': 186498, '1': 172920, '2': 76806, '3': 51072}",474260,2654424,663552,8792064,1d620891ed903ed1a318980f010ffa12a7f97fde2eb8d48a4643d4d622d940c0,2734976,"[381370, 23592024, 12145536]",0.2760467919997609,B,23592024,"[190775, 11446488, 2734976, 0, 0]",seed,/Users/futaoran/Desktop/华为杯2026/2026参赛工作区/2026华为杯idea冻结工作区/实验数据/v7_fast_equiv_20260927_0030,12145536,AI_VERIFIED
0,root1:v7_fast_equiv_20260927_0030,0.0,0,0,0.0,1990872,432,1990872,432,,0,0,0,lower_core_base,case_008,2654424,4,0,0,2654424,44241,0.16134141699876636,mps,1990872,162432,"{'0': 162432, '1': 162432, '2': 162432}",163359,2654424,663552,0,5ad1128509581322683b5f690b549079a212192b7f5e8c6dddbca6799f77092e,0,"[162741, 44240.4, 0, 0]",0.14730129199961084,C,2654424,"[162432, 2654424, 0, 0, 0]",lower_core,/Users/futaoran/Desktop/华为杯2026/2026参赛工作区/2026华为杯idea冻结工作区/实验数据/v7_fast_equiv_20260927_0030,0,AI_VERIFIED
0,root1:v7_fast_equiv_20260927_0030,0.0,0,0,0.0,0,0,0,0,,0,0,0,A2_base,case_008,2654424,5,0,0,2654424,44241,0.15285404099995503,mps,1990872,99264,"{'0': 99264, '1': 94752, '2': 99264, '3': 94752, '4': 99264}",102248,2654424,663552,0,2844c27897676210af81267f1a346967bc168e5efc3704e70be7a680a6aba1b6,0,"[99982, 2654424, 0]",0.1179801669986773,A,2654424,"[99264, 2654424, 0, 0, 0]",seed,/Users/futaoran/Desktop/华为杯2026/2026参赛工作区/2026华为杯idea冻结工作区/实验数据/v7_fast_equiv_20260927_0030,0,AI_VERIFIED
22744704,root1:v7_fast_equiv_20260927_0030,0.0,0,0,0.0,0,0,0,0,,0,0,0,B3_base,case_008,12567768,5,4956672,4956672,12567768,209463,0.35238699999899836,mps,1990872,209463,"{'0': 193170, '1': 199596, '2': 40632, '3': 20844, '4': 33054}",525853,2654424,663552,9913344,63d7f120ca885755c8fd1e90d85b635c5df83ebd02a834c4f1f35b34f2bdccfc,2866304,"[410886, 25399128, 12831360]",0.2698594169996795,B,25399128,"[209463, 12567768, 2866304, 0, 0]",seed,/Users/futaoran/Desktop/华为杯2026/2026参赛工作区/2026华为杯idea冻结工作区/实验数据/v7_fast_equiv_20260927_0030,12831360,AI_VERIFIED
0,root1:v7_fast_equiv_20260927_0030,0.0,0,0,0.0,1990872,432,1990872,432,,0,0,0,lower_core_base,case_008,2654424,5,0,0,2654424,44241,0.1601456659991527,mps,1990872,121824,"{'0': 121824, '1': 121824, '2': 121824, '3': 121824}",123060,2654424,663552,0,1c809ed03f7426b7b10f9046142452dcf48459ff876ba799969dc6a6e1719005,0,"[122133, 44240.4, 0, 0]",0.15469712500089372,C,2654424,"[121824, 2654424, 0, 0, 0]",lower_core,/Users/futaoran/Desktop/华为杯2026/2026参赛工作区/2026华为杯idea冻结工作区/实验数据/v7_fast_equiv_20260927_0030,0,AI_VERIFIED
71385504,root1:v7_fast_equiv_20260927_0030,0.0,0,0,0.0,0,0,0,0,,0,0,0,A2_base,case_014,12020164,1,0,0,12020164,200337,14.696102416999565,mps,11999064,18877172,{'0': 18877172},17698038,9932740,21100,2087424,735c1ccb3b640a0c875a42943ca79a4d44eac446a92bf0dd5330ae9c7ea01103,4609024,"[18959359, 81318244, 69298080]",11.685631291999016,A,81318244,"[18877172, 12020164, 4609024, 0, 0]",seed,/Users/futaoran/Desktop/华为杯2026/2026参赛工作区/2026华为杯idea冻结工作区/实验数据/v7_fast_equiv_20260927_0030,69298080,AI_VERIFIED
184460232,root1:v7_fast_equiv_20260927_0030,0.0,0,0,0.0,0,0,0,0,,0,0,0,B2_base,case_014,9932740,1,0,0,9932740,165546,42.49845049999931,mps,9911640,18877172,{'0': 18877172},18247409,9932740,21100,0,35e66f3889029830b966037216658ac41c7a0cef9cc49a945e56edb77d34536f,63308800,"[18133847, 194392972, 184460232]",42.66369654200025,B,194392972,"[18877172, 9932740, 63308800, 0, 0]",seed,/Users/futaoran/Desktop/华为杯2026/2026参赛工作区/2026华为杯idea冻结工作区/实验数据/v7_fast_equiv_20260927_0030,184460232,AI_VERIFIED
71010720,root1:v7_fast_equiv_20260927_0030,0.0,9944064,0,0.12291025483195864,70961016,1621,9911640,1621,,0,0,0,incumbent_base,case_014,9932740,1,0,0,9932740,165546,17.45514333399842,mps,9911640,18877172,{'0': 18877172},17689602,9932740,21100,0,e4470d63e799b39297ce8ca9f032c36890a56cad0044a10c7428fac25edf97c2,4546048,"[17678354, 1183323.2666666666, -9944064, 71010720]",17.558232874998794,C,80943460,"[18877172, 9932740, 4546048, 0, 0]",incumbent,/Users/futaoran/Desktop/华为杯2026/2026参赛工作区/2026华为杯idea冻结工作区/实验数据/v7_fast_equiv_20260927_0030,71010720,AI_VERIFIED
75727800,root1:v7_fast_equiv_20260927_0030,0.0,0,0,0.0,0,0,0,0,,0,0,0,L1_base,case_014,19825948,2,0,0,19825948,330433,10.257831500000975,mps,19804848,9440211,"{'0': 9440211, '1': 9436961}",8912981,9932740,21100,9893208,d9ab7c0b129fb475c6607ab04c51dcecdff17dd443c99c5496dbb5aebd3067b7,5350400,"[9495769, 85660540, 65834592]",9.202908083001603,A,85660540,"[9440211, 19825948, 5350400, 0, 0]",legacy_seed,/Users/futaoran/Desktop/华为杯2026/2026参赛工作区/2026华为杯idea冻结工作区/实验数据/v7_fast_equiv_20260927_0030,65834592,AI_VERIFIED
75727800,root1:v7_fast_equiv_20260927_0030,0.0,0,0,0.0,0,0,0,0,,0,0,0,L1_base,case_014,19825948,2,0,0,19825948,330433,12.91547625000021,mps,19804848,9440211,"{'0': 9440211, '1': 9436961}",8912981,9932740,21100,9893208,d9ab7c0b129fb475c6607ab04c51dcecdff17dd443c99c5496dbb5aebd3067b7,5350400,"[8823735, 85660540, 65834592]",13.672021083999425,B,85660540,"[9440211, 19825948, 5350400, 0, 0]",legacy_seed,/Users/futaoran/Desktop/华为杯2026/2026参赛工作区/2026华为杯idea冻结工作区/实验数据/v7_fast_equiv_20260927_0030,65834592,AI_VERIFIED
71010720,root1:v7_fast_equiv_20260927_0030,0.0,9944064,0,0.12291025483195864,70961016,1621,9911640,1621,,0,0,0,C0_base,case_014,9932740,2,0,0,9932740,165546,13.902398540998547,mps,9911640,18877172,{'0': 18877172},17689602,9932740,21100,0,c35d050c636df921b368de678f74b5c69f05b990fb2a5fcde61f8e80d1bb99c2,4546048,"[17678354, 1183323.2666666666, -9944064, 71010720]",13.735707957999693,C,80943460,"[18877172, 9932740, 4546048, 0, 0]",seed,/Users/futaoran/Desktop/华为杯2026/2026参赛工作区/2026华为杯idea冻结工作区/实验数据/v7_fast_equiv_20260927_0030,71010720,AI_VERIFIED
84088488,root1:v7_fast_equiv_20260927_0030,0.0,0,0,0.0,0,0,0,0,,0,0,0,L1_base,case_014,29719156,3,0,0,29719156,495320,8.219569792001494,mps,29698056,6296576,"{'0': 6288175, '1': 6292421, '2': 6296576}",5993652,9932740,21100,19786416,b63cbf398e54f8d8799267077cf4913f4f662964ebc56ffcc94ce38c8560dcc6,6185472,"[6380876, 94021228, 64302072]",7.785356791000595,A,94021228,"[6296576, 29719156, 6185472, 0, 0]",legacy_seed,/Users/futaoran/Desktop/华为杯2026/2026参赛工作区/2026华为杯idea冻结工作区/实验数据/v7_fast_equiv_20260927_0030,64302072,AI_VERIFIED
84088488,root1:v7_fast_equiv_20260927_0030,0.0,0,0,0.0,0,0,0,0,,0,0,0,L1_base,case_014,29719156,3,0,0,29719156,495320,16.163108415999886,mps,29698056,6296576,"{'0': 6288175, '1': 6292421, '2': 6296576}",5993652,9932740,21100,19786416,b63cbf398e54f8d8799267077cf4913f4f662964ebc56ffcc94ce38c8560dcc6,6185472,"[5889586, 94021228, 64302072]",10.775703334000355,B,94021228,"[6296576, 29719156, 6185472, 0, 0]",legacy_seed,/Users/futaoran/Desktop/华为杯2026/2026参赛工作区/2026华为杯idea冻结工作区/实验数据/v7_fast_equiv_20260927_0030,64302072,AI_VERIFIED
71757240,root1:v7_fast_equiv_20260927_0030,21790.72,18627072,365,0.22808041447366487,63041808,2871,19804848,3236,,0,1720320,6882,lower_core_base,case_014,19825948,3,0,0,18105628,301761,10.698586624999734,mps,19804848,9440328,"{'0': 9440328, '1': 9436844}",8888616,9932740,21100,9893208,99360509a2c42b36ffd841f122cf660f803c39b9bd89641690159f781c6a1338,4668416,"[8802852, 1051688.4666666666, -18588672, 61864032]",10.24774774999969,C,81689980,"[9440328, 19825948, 4668416, -1720320, 0]",lower_core,/Users/futaoran/Desktop/华为杯2026/2026参赛工作区/2026华为杯idea冻结工作区/实验数据/v7_fast_equiv_20260927_0030,61864032,AI_VERIFIED
90028440,root1:v7_fast_equiv_20260927_0030,0.0,0,0,0.0,0,0,0,0,,0,0,0,L1_base,case_014,39561676,4,0,0,39561676,659362,13.67792712499977,mps,39540576,4721558,"{'0': 4721558, '1': 4721532, '2': 4718666, '3': 4715416}",4551951,9932740,21100,29628936,5ecb0274aad57a3cd4a30cc215965e7f4eda0df44740ded46718323521a4a35e,6817792,"[4790705, 99961180, 60399504]",8.544433834000301,A,99961180,"[4721558, 39561676, 6817792, 0, 0]",legacy_seed,/Users/futaoran/Desktop/华为杯2026/2026参赛工作区/2026华为杯idea冻结工作区/实验数据/v7_fast_equiv_20260927_0030,60399504,AI_VERIFIED
90028440,root1:v7_fast_equiv_20260927_0030,0.0,0,0,0.0,0,0,0,0,,0,0,0,L1_base,case_014,39561676,4,0,0,39561676,659362,18.875212582999666,mps,39540576,4721558,"{'0': 4721558, '1': 4721532, '2': 4718666, '3': 4715416}",4551951,9932740,21100,29628936,5ecb0274aad57a3cd4a30cc215965e7f4eda0df44740ded46718323521a4a35e,6817792,"[4401923, 99961180, 60399504]",13.08963416699953,B,99961180,"[4721558, 39561676, 6817792, 0, 0]",legacy_seed,/Users/futaoran/Desktop/华为杯2026/2026参赛工作区/2026华为杯idea冻结工作区/实验数据/v7_fast_equiv_20260927_0030,60399504,AI_VERIFIED
77770920,root1:v7_fast_equiv_20260927_0030,19494.912,25331592,334,0.2889011452220373,62350968,4142,27970056,4476,,0,1539072,6157,lower_core_base,case_014,27991156,4,0,0,26452084,440869,8.54170158299894,mps,27970056,6296816,"{'0': 6292317, '1': 6296816, '2': 6288039}",5942569,9932740,21100,18058416,7716f84226dd7f1ce35066eda7209bb869ae20499ccb43cd1c40e12b386e2635,6560256,"[5845550, 997704.0666666667, -27841416, 59712504]",8.011946041000556,C,87703660,"[6296816, 27991156, 6560256, -1539072, 0]",lower_core,/Users/futaoran/Desktop/华为杯2026/2026参赛工作区/2026华为杯idea冻结工作区/实验数据/v7_fast_equiv_20260927_0030,59712504,AI_VERIFIED
93975048,root1:v7_fast_equiv_20260927_0030,0.0,0,0,0.0,0,0,0,0,,0,0,0,L1_base,case_014,45166708,5,0,0,45166708,752779,8.821050042000934,mps,45145608,3778018,"{'0': 3776833, '1': 3771546, '2': 3778018, '3': 3778005, '4': 3772770}",3712893,9932740,21100,35233968,69d2dfd348c54fb4b0764280c617db6045763868c7f9743d4084c333cd3ac6b9,7805960,"[3862000, 103907788, 58741080]",6.205384416000015,A,103907788,"[3778018, 45166708, 7805960, 0, 0]",legacy_seed,/Users/futaoran/Desktop/华为杯2026/2026参赛工作区/2026华为杯idea冻结工作区/实验数据/v7_fast_equiv_20260927_0030,58741080,AI_VERIFIED
93975048,root1:v7_fast_equiv_20260927_0030,0.0,0,0,0.0,0,0,0,0,,0,0,0,L1_base,case_014,45166708,5,0,0,45166708,752779,9.314045499999338,mps,45145608,3778018,"{'0': 3776833, '1': 3771546, '2': 3778018, '3': 3778005, '4': 3772770}",3712893,9932740,21100,35233968,69d2dfd348c54fb4b0764280c617db6045763868c7f9743d4084c333cd3ac6b9,7805960,"[3533336, 103907788, 58741080]",9.54999087500073,B,103907788,"[3778018, 45166708, 7805960, 0, 0]",legacy_seed,/Users/futaoran/Desktop/华为杯2026/2026参赛工作区/2026华为杯idea冻结工作区/实验数据/v7_fast_equiv_20260927_0030,58741080,AI_VERIFIED
87165960,root1:v7_fast_equiv_20260927_0030,49278.4,26295288,798,0.2708858925532136,70776168,6501,42156552,7299,,10752,3890400,15562,incumbent_disperse_tid_1000001333_node_3123_core_4_pos_0,case_014,42183796,5,6144,6144,38293396,638224,4.302400124999622,mps,42150408,3777602,"{'0': 3776612, '1': 3771598, '2': 3776997, '4': 3774363, '3': 3777602}",3672222,9932740,21100,32251056,b9f3fb2a07d9e323aa925df3d4d77cf5780ac5cfc7c174ade799d1895e3abbe6,8574464,"[3523499, 1120962.8666666667, -29840928, 54914904]",4.335915125000611,C,97098700,"[3777602, 42183796, 8574464, -3890400, -10752]",disperse,/Users/futaoran/Desktop/华为杯2026/2026参赛工作区/2026华为杯idea冻结工作区/实验数据/v7_fast_equiv_20260927_0030,54914904,AI_VERIFIED
70054,root1:v7_fast_equiv_20260927_0030,0.0,0,0,0.0,0,0,0,0,,0,0,0,L2_base,case_040,981292,1,34992,34992,981292,16355,0.36465187500107277,mps,911244,297723,{'0': 297723},253695,911238,64,70054,dc10fa70ce6ddd673cfdc55617f5c96bb5d1c852270b43d13ce1925dc2f4bcf6,0,"[298619, 981292, 0]",0.30535020800016355,A,981292,"[297723, 981292, 0, 0, 0]",legacy_seed,/Users/futaoran/Desktop/华为杯2026/2026参赛工作区/2026华为杯idea冻结工作区/实验数据/v7_fast_equiv_20260927_0030,0,AI_VERIFIED
137892,root1:v7_fast_equiv_20260927_0030,0.0,0,0,0.0,0,0,0,0,,0,0,0,B3_aggregate,case_040,911238,1,0,0,911238,15188,0.5835274170003686,mps,911174,297723,{'0': 297723},252193,911238,64,0,c86a95d8cb84742e3e7ca6ca0f7b046720be958ac8231eeb86d64c25eb9031c1,77134,"[252169, 1049130, 137892]",0.5221826670003793,B,1049130,"[297723, 911238, 77134, 0, 0]",aggregate,/Users/futaoran/Desktop/华为杯2026/2026参赛工作区/2026华为杯idea冻结工作区/实验数据/v7_fast_equiv_20260927_0030,137892,AI_VERIFIED
137892,root1:v7_fast_equiv_20260927_0030,0.0,8192,0,0.008323376169458737,976024,266,911174,266,,4161698,0,0,incumbent_split_height_g1_p4,case_040,911238,1,0,0,911238,15188,0.5875094999992143,mps,911174,297723,{'0': 297723},249653,911238,64,0,4444229918d25eaafb592f1059efc15abc0187d398ed03805805adb417fcfce6,77134,"[249638, 17348.966666666667, -8192, 137892]",0.5388912919988798,C,1049130,"[297723, 911238, 77134, 0, -4161698]",timing,/Users/futaoran/Desktop/华为杯2026/2026参赛工作区/2026华为杯idea冻结工作区/实验数据/v7_fast_equiv_20260927_0030,137892,AI_VERIFIED
53760,root1:v7_fast_equiv_20260927_0030,0.0,0,0,0.0,0,0,0,0,,0,0,0,L1_base,case_040,964998,2,0,0,964998,16084,0.3117545000004611,mps,964934,149364,"{'0': 148359, '1': 149364}",137746,911238,64,53760,0fc1ec6750a6296974487825c760e8e8c30e3c0b3eb5f11b5e0cb9182e2ace23,0,"[153682, 964998, 0]",0.19809154199901968,A,964998,"[149364, 964998, 0, 0, 0]",legacy_seed,/Users/futaoran/Desktop/华为杯2026/2026参赛工作区/2026华为杯idea冻结工作区/实验数据/v7_fast_equiv_20260927_0030,0,AI_VERIFIED
2108680,root1:v7_fast_equiv_20260927_0030,0.0,0,0,0.0,0,0,0,0,,0,0,0,B3_base,case_040,2987142,2,934366,934366,2987142,49786,0.5433761659987795,mps,1118346,152682,"{'0': 152682, '1': 145041}",213790,911238,64,2075904,e13a25d8e74edbd223133d866e9ce15c35f5fd8a38f94c250aaac89b7e555cbd,6,"[212524, 3019918, 32776]",0.533472957999038,B,3019918,"[152682, 2987142, 6, 0, 0]",seed,/Users/futaoran/Desktop/华为杯2026/2026参赛工作区/2026华为杯idea冻结工作区/实验数据/v7_fast_equiv_20260927_0030,32776,AI_VERIFIED
57856,root1:v7_fast_equiv_20260927_0030,603.136,53760,6,0.05559565741658066,913222,270,966982,276,,2048,47616,191,incumbent_disperse_tid_12_node_163_core_0_pos_0,case_040,969094,2,2048,2048,921478,15358,0.41752570899916464,mps,964934,149096,"{'0': 148627, '1': 149096}",137487,911238,64,57856,87ad5d3bbe71a1a5dd8916026a29d421847c5543c5034905650d442232fb0c59,0,"[137178, 15255.566666666668, -53760, 0]",0.42816708399914205,C,969094,"[149096, 969094, 0, -47616, -2048]",disperse,/Users/futaoran/Desktop/华为杯2026/2026参赛工作区/2026华为杯idea冻结工作区/实验数据/v7_fast_equiv_20260927_0030,0,AI_VERIFIED
4706268,root1:v7_fast_equiv_20260927_0030,0.0,0,0,0.0,0,0,0,0,,0,0,0,A3_base,case_040,5617506,3,1954140,1932636,5617506,93626,0.4254416660005518,mps,1730666,113469,"{'0': 80594, '1': 113469, '2': 103660}",267492,911238,64,4706268,0ef54e8bef95ab6db183bb22b7c6a4d2b97d1c24b0b7ac767b51f9af8f3102c7,0,"[322574, 5617506, 0]",0.19465766700159293,A,5617506,"[113469, 5617506, 0, 0, 0]",seed,/Users/futaoran/Desktop/华为杯2026/2026参赛工作区/2026华为杯idea冻结工作区/实验数据/v7_fast_equiv_20260927_0030,0,AI_VERIFIED
3064334,root1:v7_fast_equiv_20260927_0030,0.0,0,0,0.0,0,0,0,0,,0,0,0,B3_base,case_040,3975572,3,1299266,1299266,3975572,66260,0.4980328339988773,mps,1376976,102184,"{'0': 102184, '1': 101549, '2': 93990}",206440,911238,64,3064334,43c7290fa737b1d5841a36d8c62dfdb62b39f3ebbf0845b9a7cd7772809e0972,0,"[203618, 3975572, 0]",0.5291970409998612,B,3975572,"[102184, 3975572, 0, 0, 0]",seed,/Users/futaoran/Desktop/华为杯2026/2026参赛工作区/2026华为杯idea冻结工作区/实验数据/v7_fast_equiv_20260927_0030,0,AI_VERIFIED
16384,root1:v7_fast_equiv_20260927_0030,103.76533333333333,12288,4,0.013277004030210371,913222,269,925510,273,,2048,8192,33,incumbent_disperse_tid_3_node_22_core_2_pos_0,case_040,927622,3,2048,2048,919430,15324,0.44301350000023376,mps,923462,180662,"{'0': 94057, '1': 180662, '2': 23004}",140543,911238,64,16384,da42b04d2b405ed20d38ab9343c0ec98e1c9127f7a58410f726658b9c5d17b75,0,"[140491, 15255.566666666668, -12288, 0]",0.4275228749993403,C,927622,"[180662, 927622, 0, -8192, -2048]",disperse,/Users/futaoran/Desktop/华为杯2026/2026参赛工作区/2026华为杯idea冻结工作区/实验数据/v7_fast_equiv_20260927_0030,0,AI_VERIFIED
620008,root1:v7_fast_equiv_20260927_0030,0.0,0,0,0.0,0,0,0,0,,0,0,0,L2_base,case_040,1531246,4,185446,182374,1531246,25521,0.37714491699989594,mps,1163362,104359,"{'0': 48789, '1': 68830, '2': 75745, '3': 104359}",265768,911238,64,620008,727aa39cd9e4ae58c344fe42984a7dee43adb2fb37311a0a87611665f2d29f2b,0,"[309433, 1531246, 0]",0.1680054159987776,A,1531246,"[104359, 1531246, 0, 0, 0]",legacy_seed,/Users/futaoran/Desktop/华为杯2026/2026参赛工作区/2026华为杯idea冻结工作区/实验数据/v7_fast_equiv_20260927_0030,0,AI_VERIFIED
3523390,root1:v7_fast_equiv_20260927_0030,0.0,0,0,0.0,0,0,0,0,,0,0,0,L2_base,case_040,4434628,4,1389238,1389238,4434628,73911,0.5155960419997427,mps,1656088,81458,"{'0': 68764, '1': 67145, '2': 81458, '3': 80356}",238423,911238,64,3523390,629f9eab6e14301bb8164454e01acef9e025f12ba955525ce445638be808df32,0,"[238215, 4434628, 0]",0.46478558399940084,B,4434628,"[81458, 4434628, 0, 0, 0]",legacy_seed,/Users/futaoran/Desktop/华为杯2026/2026参赛工作区/2026华为杯idea冻结工作区/实验数据/v7_fast_equiv_20260927_0030,0,AI_VERIFIED
324618,root1:v7_fast_equiv_20260927_0030,313.044,24714,10,0.022760259338392395,1061126,328,1085840,338,,12288,24714,99,r2_split_g0_h1_c2_p1,case_040,1235856,4,149952,149952,1211142,20186,0.38950137499887205,mps,935888,94057,"{'0': 94057, '1': 84283, '3': 43573, '2': 75810}",136073,911238,64,324618,a875fe010ea943f8c349576040c5b42fe0f70f0f19f15b6ccb7d4b5f39c31051,0,"[135985, 20185.7, -24714, 0]",0.3146987089985487,C,1235856,"[94057, 1235856, 0, -24714, -12288]",ordinary_chain,/Users/futaoran/Desktop/华为杯2026/2026参赛工作区/2026华为杯idea冻结工作区/实验数据/v7_fast_equiv_20260927_0030,0,AI_VERIFIED
601042,root1:v7_fast_equiv_20260927_0030,0.0,0,0,0.0,0,0,0,0,,0,0,0,L2_base,case_040,1512280,5,170872,170808,1512280,25205,0.36217554200084123,mps,1170536,86629,"{'0': 39005, '1': 72433, '2': 86629, '3': 38462, '4': 61194}",261487,911238,64,601042,274b732e70001b68d94afaf0cebb142929a76ab3eda425d28c312ba14d2d4863,0,"[310121, 1512280, 0]",0.16667570800018439,A,1512280,"[86629, 1512280, 0, 0, 0]",legacy_seed,/Users/futaoran/Desktop/华为杯2026/2026参赛工作区/2026华为杯idea冻结工作区/实验数据/v7_fast_equiv_20260927_0030,0,AI_VERIFIED
3275130,root1:v7_fast_equiv_20260927_0030,0.0,0,0,0.0,0,0,0,0,,0,0,0,L3_base,case_040,4186368,5,1352116,1352116,4186368,69773,0.5490921670007083,mps,1482072,72718,"{'0': 45067, '1': 66654, '2': 41747, '3': 71537, '4': 72718}",241314,911238,64,3275130,953de3afacd4157099ec556e1592c1ccbb45bb79ffffd7e4c6edc5b9f97014d8,0,"[236325, 4186368, 0]",0.4798415000004752,B,4186368,"[72718, 4186368, 0, 0, 0]",legacy_seed,/Users/futaoran/Desktop/华为杯2026/2026参赛工作区/2026华为杯idea冻结工作区/实验数据/v7_fast_equiv_20260927_0030,0,AI_VERIFIED
16384,root1:v7_fast_equiv_20260927_0030,103.76533333333333,12288,4,0.013277004030210371,913222,269,925510,273,,2048,8192,33,incumbent_disperse_tid_12_node_37_core_2_pos_0,case_040,927622,5,2048,2048,919430,15324,0.9076068329995906,mps,923462,180662,"{'0': 94057, '1': 180662, '2': 23004}",140543,911238,64,16384,710a53db3c05054b09c4267cc145f70404515c60a9e769e8c46d26ad8a79ff60,0,"[140491, 15255.566666666668, -12288, 0]",0.4536707909992401,C,927622,"[180662, 927622, 0, -8192, -2048]",disperse,/Users/futaoran/Desktop/华为杯2026/2026参赛工作区/2026华为杯idea冻结工作区/实验数据/v7_fast_equiv_20260927_0030,0,AI_VERIFIED
2281472,root1:v7_fast_equiv_20260927_0030,0.0,0,0,0.0,0,0,0,0,,0,0,0,L2_base,case_018,2567696,1,8192,8192,2567696,42795,0.33984987499934505,mps,2551060,1084051,{'0': 1084051},1007582,1592848,252,974848,477a108beba4b44371bc9db01bf74f0617ff19656cc18e0bce6b97741e5a5bff,729088,"[1084233, 3874320, 1306624]",0.3069525840001006,A,3874320,"[1084051, 2567696, 729088, 0, 0]",legacy_seed,/Users/futaoran/Desktop/华为杯2026/2026参赛工作区/2026华为杯idea冻结工作区/实验数据/v7_fast_equiv_20260927_0030,1306624,AI_VERIFIED
5537792,root1:v7_fast_equiv_20260927_0030,0.0,0,0,0.0,0,0,0,0,,0,0,0,B3_base,case_018,1592848,1,0,0,1592848,26548,0.6261685830013448,mps,1592596,1084051,{'0': 1084051},990647,1592848,252,0,2dbb9b5b9cfe5e1fce5afe37b6d862ea8c2e88629fd1b5ccaffd68561f742cbe,2804096,"[990432, 7130640, 5537792]",0.64789083299911,B,7130640,"[1084051, 1592848, 2804096, 0, 0]",seed,/Users/futaoran/Desktop/华为杯2026/2026参赛工作区/2026华为杯idea冻结工作区/实验数据/v7_fast_equiv_20260927_0030,5537792,AI_VERIFIED
5537792,root1:v7_fast_equiv_20260927_0030,0.0,73728,0,0.016747030972739736,4328724,432,1592596,432,,433664,0,0,incumbent_aggregate,case_018,1592848,1,0,0,1592848,26548,0.5895503329993517,mps,1592596,1084051,{'0': 1084051},990647,1592848,252,0,284b081b308ebd90a6805abd6cd37e7aad0741d8b1888db9bfc4485b9e34bf55,2804096,"[990432, 117615.2, -73728, 5537792]",0.6021501670002181,C,7130640,"[1084051, 1592848, 2804096, 0, -433664]",aggregate,/Users/futaoran/Desktop/华为杯2026/2026参赛工作区/2026华为杯idea冻结工作区/实验数据/v7_fast_equiv_20260927_0030,5537792,AI_VERIFIED
3253248,root1:v7_fast_equiv_20260927_0030,0.0,0,0,0.0,0,0,0,0,,0,0,0,L1_base,case_018,2892304,2,0,0,2892304,48206,0.4014927500011254,mps,2892052,542032,"{'0': 542032, '1': 542019}",504468,1592848,252,1299456,906f44db860eff34355e11ff9c39dc0eb86d1da83cd66074bb5cde65c494d644,237568,"[549896, 4846096, 1953792]",0.31596345900106826,A,4846096,"[542032, 2892304, 237568, 0, 0]",legacy_seed,/Users/futaoran/Desktop/华为杯2026/2026参赛工作区/2026华为杯idea冻结工作区/实验数据/v7_fast_equiv_20260927_0030,1953792,AI_VERIFIED
3253248,root1:v7_fast_equiv_20260927_0030,0.0,0,0,0.0,0,0,0,0,,0,0,0,L1_base,case_018,2892304,2,0,0,2892304,48206,0.4899627499999042,mps,2892052,542032,"{'0': 542032, '1': 542019}",504468,1592848,252,1299456,906f44db860eff34355e11ff9c39dc0eb86d1da83cd66074bb5cde65c494d644,237568,"[503679, 4846096, 1953792]",0.5076139169996168,B,4846096,"[542032, 2892304, 237568, 0, 0]",legacy_seed,/Users/futaoran/Desktop/华为杯2026/2026参赛工作区/2026华为杯idea冻结工作区/实验数据/v7_fast_equiv_20260927_0030,1953792,AI_VERIFIED
3052544,root1:v7_fast_equiv_20260927_0030,6900.394666666666,2355200,132,0.5170549994423744,2199828,532,2892052,664,,1699840,544768,2180,incumbent_split_topo_g0_p4,case_018,2892304,2,0,0,2347536,39126,0.47462354200069967,mps,2892052,542032,"{'0': 542032, '1': 542019}",502765,1592848,252,1299456,e17cc93870db9156aa0c30f491a05b7a030923b0e2209ade81de0984321931ca,237568,"[502524, 38169.86666666667, -2355200, 1753088]",0.4441033749990311,C,4645392,"[542032, 2892304, 237568, -544768, -1699840]",timing,/Users/futaoran/Desktop/华为杯2026/2026参赛工作区/2026华为杯idea冻结工作区/实验数据/v7_fast_equiv_20260927_0030,1753088,AI_VERIFIED
4093952,root1:v7_fast_equiv_20260927_0030,0.0,0,0,0.0,0,0,0,0,,0,0,0,L1_base,case_018,4085264,3,0,0,4085264,68088,0.4254812500003027,mps,4085012,361483,"{'0': 361483, '1': 361085, '2': 361483}",341047,1592848,252,2492416,25065b8dad80c7cf99cce510e1f2b9d6b62d94bbe2c0bf2cbc133ba81d9b6c81,147456,"[371601, 5686800, 1601536]",0.34437070800049696,A,5686800,"[361483, 4085264, 147456, 0, 0]",legacy_seed,/Users/futaoran/Desktop/华为杯2026/2026参赛工作区/2026华为杯idea冻结工作区/实验数据/v7_fast_equiv_20260927_0030,1601536,AI_VERIFIED
4093952,root1:v7_fast_equiv_20260927_0030,0.0,0,0,0.0,0,0,0,0,,0,0,0,L1_base,case_018,4085264,3,0,0,4085264,68088,0.4829444170009083,mps,4085012,361483,"{'0': 361483, '1': 361085, '2': 361483}",341047,1592848,252,2492416,25065b8dad80c7cf99cce510e1f2b9d6b62d94bbe2c0bf2cbc133ba81d9b6c81,147456,"[340398, 5686800, 1601536]",0.4481492499999149,B,5686800,"[361483, 4085264, 147456, 0, 0]",legacy_seed,/Users/futaoran/Desktop/华为杯2026/2026参赛工作区/2026华为杯idea冻结工作区/实验数据/v7_fast_equiv_20260927_0030,1601536,AI_VERIFIED
4093952,root1:v7_fast_equiv_20260927_0030,19751.082666666665,3557376,315,0.6255774153317619,2129172,555,4085012,870,,0,1559296,6238,event_timing_tid_2017_miss_2_bytes_16384_front,case_018,4085264,3,0,0,2525968,42100,0.5352914169998257,mps,4085012,361483,"{'0': 361483, '1': 361085, '2': 361483}",338488,1592848,252,2492416,721f6b70585f2c95693ae587c1715a5a1070f3df21715f939cc12f1e0d03981c,147456,"[338180, 34125.066666666666, -3639296, 1601536]",0.5300291250005102,C,5686800,"[361483, 4085264, 147456, -1559296, 0]",event_timing,/Users/futaoran/Desktop/华为杯2026/2026参赛工作区/2026华为杯idea冻结工作区/实验数据/v7_fast_equiv_20260927_0030,1601536,AI_VERIFIED
4938752,root1:v7_fast_equiv_20260927_0030,0.0,0,0,0.0,0,0,0,0,,0,0,0,L1_base,case_018,5372432,4,0,0,5372432,89541,0.4414480420000473,mps,5372180,271242,"{'0': 271242, '1': 270776, '2': 271230, '3': 270803}",253676,1592848,252,3779584,16be042c1dd7225ee00fbcd2d8d6dd205bf6e08d92b163bed0304f032b233285,0,"[282038, 6531600, 1159168]",0.3525282499995228,A,6531600,"[271242, 5372432, 0, 0, 0]",legacy_seed,/Users/futaoran/Desktop/华为杯2026/2026参赛工作区/2026华为杯idea冻结工作区/实验数据/v7_fast_equiv_20260927_0030,1159168,AI_VERIFIED
4938752,root1:v7_fast_equiv_20260927_0030,0.0,0,0,0.0,0,0,0,0,,0,0,0,L1_base,case_018,5372432,4,0,0,5372432,89541,0.4933541249993141,mps,5372180,271242,"{'0': 271242, '1': 270776, '2': 271230, '3': 270803}",253676,1592848,252,3779584,16be042c1dd7225ee00fbcd2d8d6dd205bf6e08d92b163bed0304f032b233285,0,"[253036, 6531600, 1159168]",0.45767479200003436,B,6531600,"[271242, 5372432, 0, 0, 0]",legacy_seed,/Users/futaoran/Desktop/华为杯2026/2026参赛工作区/2026华为杯idea冻结工作区/实验数据/v7_fast_equiv_20260927_0030,1159168,AI_VERIFIED
4938752,root1:v7_fast_equiv_20260927_0030,24835.584,3673088,424,0.5623782410614164,2858260,675,5372180,1099,,0,1960704,7843,event_timing_tid_1990_miss_3_bytes_24576_front,case_018,5372432,4,0,0,3411728,56863,0.5958437919998687,mps,5372180,271242,"{'0': 271242, '1': 270776, '2': 271230, '3': 270803}",253384,1592848,252,3779584,e49032b233857aa53a033d53b30724cb5bdcbd6ce54c06d26648895c39fd4271,0,"[252871, 43750.666666666664, -3906560, 1159168]",0.5467550000012125,C,6531600,"[271242, 5372432, 0, -1960704, 0]",event_timing,/Users/futaoran/Desktop/华为杯2026/2026参赛工作区/2026华为杯idea冻结工作区/实验数据/v7_fast_equiv_20260927_0030,1159168,AI_VERIFIED
5345280,root1:v7_fast_equiv_20260927_0030,0.0,0,0,0.0,0,0,0,0,,0,0,0,L1_base,case_018,6299152,5,0,0,6299152,104986,0.6276872920007008,mps,6298900,216999,"{'0': 216999, '1': 216986, '2': 216919, '3': 216621, '4': 216526}",205219,1592848,252,4706304,7336b07996ebfa20a418d69901a20c80dbb2dcc113330ead995b1798813c3741,0,"[227262, 6938128, 638976]",0.4285602910003945,A,6938128,"[216999, 6299152, 0, 0, 0]",legacy_seed,/Users/futaoran/Desktop/华为杯2026/2026参赛工作区/2026华为杯idea冻结工作区/实验数据/v7_fast_equiv_20260927_0030,638976,AI_VERIFIED
5345280,root1:v7_fast_equiv_20260927_0030,0.0,0,0,0.0,0,0,0,0,,0,0,0,L1_base,case_018,6299152,5,0,0,6299152,104986,0.626357041999654,mps,6298900,216999,"{'0': 216999, '1': 216986, '2': 216919, '3': 216621, '4': 216526}",205219,1592848,252,4706304,7336b07996ebfa20a418d69901a20c80dbb2dcc113330ead995b1798813c3741,0,"[202432, 6938128, 638976]",0.49979458400048316,B,6938128,"[216999, 6299152, 0, 0, 0]",legacy_seed,/Users/futaoran/Desktop/华为杯2026/2026参赛工作区/2026华为杯idea冻结工作区/实验数据/v7_fast_equiv_20260927_0030,638976,AI_VERIFIED
5345280,root1:v7_fast_equiv_20260927_0030,24804.778666666665,3969664,441,0.5721728090845094,2968212,799,6298900,1240,,0,1958272,7834,event_timing_tid_1951_miss_4_bytes_32768_front,case_018,6299152,5,0,0,4340880,72348,0.7735045419995004,mps,6298900,216999,"{'0': 216999, '1': 216986, '2': 216919, '3': 216621, '4': 216526}",201659,1592848,252,4706304,cb7643953ccb56c25a98178bee8cd39677ea7fc0a94b4b717ee9b7efe52e8caf,0,"[200456, 48938.933333333334, -4001792, 638976]",0.7155938329997298,C,6938128,"[216999, 6299152, 0, -1958272, 0]",event_timing,/Users/futaoran/Desktop/华为杯2026/2026参赛工作区/2026华为杯idea冻结工作区/实验数据/v7_fast_equiv_20260927_0030,638976,AI_VERIFIED
12198,root1:v7_fast_equiv_20260927_0030,0.0,0,0,0.0,0,0,0,0,,0,0,0,A2_base,case_064,49612,1,6080,6080,49612,827,0.13348679099908622,mps,35660,23052,{'0': 23052},19034,37414,1792,12198,691ea878c2287a67b94736e34049f33106b663be78f069b7909bed29367381ee,0,"[21895, 49612, 0]",0.12006504199962365,A,49612,"[23052, 49612, 0, 0, 0]",seed,/Users/futaoran/Desktop/华为杯2026/2026参赛工作区/2026华为杯idea冻结工作区/实验数据/v7_fast_equiv_20260927_0030,0,AI_VERIFIED
0,root1:v7_fast_equiv_20260927_0030,0.0,0,0,0.0,0,0,0,0,,0,0,0,B3_base,case_064,37414,1,0,0,37414,624,0.1725759159999143,mps,35622,23052,{'0': 23052},19138,37414,1792,0,3d8f518f051b5c3d9d539d0c52be24e5990bdfe7be078d0e5243c867fbc875a5,0,"[19138, 37414, 0]",0.1487211669991666,B,37414,"[23052, 37414, 0, 0, 0]",seed,/Users/futaoran/Desktop/华为杯2026/2026参赛工作区/2026华为杯idea冻结工作区/实验数据/v7_fast_equiv_20260927_0030,0,AI_VERIFIED
0,root1:v7_fast_equiv_20260927_0030,0.0,0,0,0.0,35622,62,35622,62,,0,0,0,incumbent_base,case_064,37414,1,0,0,37414,624,0.15498574999946868,mps,35622,23052,{'0': 23052},19116,37414,1792,0,8a238951c2570c526b3eb7e15370b4a18f94f353732e7bb3f7270be821613e4d,0,"[19116, 623.5666666666667, 0, 0]",0.1787235840001813,C,37414,"[23052, 37414, 0, 0, 0]",incumbent,/Users/futaoran/Desktop/华为杯2026/2026参赛工作区/2026华为杯idea冻结工作区/实验数据/v7_fast_equiv_20260927_0030,0,AI_VERIFIED
34512,root1:v7_fast_equiv_20260927_0030,0.0,0,0,0.0,0,0,0,0,,0,0,0,A2_base,case_064,71926,2,16320,16320,71926,1199,0.15995241600103327,mps,37494,12113,"{'0': 12113, '1': 10939}",21978,37414,1792,34512,767dc1bb42cfc078aff4efd677680beccfad300f1f112bee3144b5c53d7edf1d,0,"[24843, 71926, 0]",0.13213495899981353,A,71926,"[12113, 71926, 0, 0, 0]",seed,/Users/futaoran/Desktop/华为杯2026/2026参赛工作区/2026华为杯idea冻结工作区/实验数据/v7_fast_equiv_20260927_0030,0,AI_VERIFIED
65894,root1:v7_fast_equiv_20260927_0030,0.0,0,0,0.0,0,0,0,0,,0,0,0,L2_base,case_064,103308,2,32800,32800,103308,1722,0.15119924999999057,mps,35916,11719,"{'0': 11333, '1': 11719}",20824,37414,1792,65894,9cadd89dfb6d874a5812d23aaa6ea6bd8198a58f3ef9773fdd3b0e696226c2a1,0,"[20824, 103308, 0]",0.1598876250009198,B,103308,"[11719, 103308, 0, 0, 0]",legacy_seed,/Users/futaoran/Desktop/华为杯2026/2026参赛工作区/2026华为杯idea冻结工作区/实验数据/v7_fast_equiv_20260927_0030,0,AI_VERIFIED
0,root1:v7_fast_equiv_20260927_0030,0.0,0,0,0.0,35622,62,35622,62,,0,0,0,incumbent_base,case_064,37414,2,0,0,37414,624,0.16982483399988269,mps,35622,23052,{'0': 23052},19116,37414,1792,0,132c3efb3aee7de7811c38d245c2acdb2a4aadc6888d9975646ab7f7f3956d2e,0,"[19116, 623.5666666666667, 0, 0]",0.13772891699954926,C,37414,"[23052, 37414, 0, 0, 0]",incumbent,/Users/futaoran/Desktop/华为杯2026/2026参赛工作区/2026华为杯idea冻结工作区/实验数据/v7_fast_equiv_20260927_0030,0,AI_VERIFIED
54488,root1:v7_fast_equiv_20260927_0030,0.0,0,0,0.0,0,0,0,0,,0,0,0,L2_base,case_064,91902,3,28096,24512,91902,1532,0.15114724999875762,mps,37502,8528,"{'0': 7684, '1': 7738, '2': 7630}",24068,37414,1792,54488,a9a541a6367cc6286d93607f49c341e59a8a3162032765ca6be775ccc3b472f2,0,"[26867, 91902, 0]",0.1172916659998009,A,91902,"[8528, 91902, 0, 0, 0]",legacy_seed,/Users/futaoran/Desktop/华为杯2026/2026参赛工作区/2026华为杯idea冻结工作区/实验数据/v7_fast_equiv_20260927_0030,0,AI_VERIFIED
117288,root1:v7_fast_equiv_20260927_0030,0.0,0,0,0.0,0,0,0,0,,0,0,0,B3_base,case_064,154702,3,54672,54672,154702,2579,0.21780362500066985,mps,43566,8643,"{'0': 7600, '1': 8643, '2': 6809}",21881,37414,1792,117288,c86eff945a265a3bb4caa277067810a55b5381ddc216b3549d8cb58ef58c674c,0,"[21871, 154702, 0]",0.19937833299991325,B,154702,"[8643, 154702, 0, 0, 0]",seed,/Users/futaoran/Desktop/华为杯2026/2026参赛工作区/2026华为杯idea冻结工作区/实验数据/v7_fast_equiv_20260927_0030,0,AI_VERIFIED
0,root1:v7_fast_equiv_20260927_0030,0.0,0,0,0.0,35622,62,35622,62,,0,0,0,incumbent_base,case_064,37414,3,0,0,37414,624,0.14578037499995844,mps,35622,23052,{'0': 23052},19116,37414,1792,0,d2f6461ff086873bfd780c0a3a3d7c3eb45042dc53b8d4631001fbde6cacee0c,0,"[19116, 623.5666666666667, 0, 0]",0.18088479099969845,C,37414,"[23052, 37414, 0, 0, 0]",incumbent,/Users/futaoran/Desktop/华为杯2026/2026参赛工作区/2026华为杯idea冻结工作区/实验数据/v7_fast_equiv_20260927_0030,0,AI_VERIFIED
73628,root1:v7_fast_equiv_20260927_0030,0.0,0,0,0.0,0,0,0,0,,0,0,0,L2_base,case_064,111042,4,37040,32144,111042,1851,0.1652412090006692,mps,40066,10528,"{'0': 5763, '1': 5308, '2': 5861, '3': 6120}",25979,37414,1792,73628,56742ebe21ae0a5cbd706fed7cc270fc81d382538c9f207a951d4413cb0a8777,0,"[28941, 111042, 0]",0.11867262499981734,A,111042,"[10528, 111042, 0, 0, 0]",legacy_seed,/Users/futaoran/Desktop/华为杯2026/2026参赛工作区/2026华为杯idea冻结工作区/实验数据/v7_fast_equiv_20260927_0030,0,AI_VERIFIED
107306,root1:v7_fast_equiv_20260927_0030,0.0,0,0,0.0,0,0,0,0,,0,0,0,B2_base,case_064,144720,4,52720,52720,144720,2412,0.189084791998539,mps,37488,8528,"{'0': 6074, '1': 8102, '2': 1720, '3': 7156}",21655,37414,1792,107306,95383fe491b18de454d85106b3eba4f24c206223f4b693681003c999684c1fc7,0,"[21654, 144720, 0]",0.14293408400044427,B,144720,"[8528, 144720, 0, 0, 0]",seed,/Users/futaoran/Desktop/华为杯2026/2026参赛工作区/2026华为杯idea冻结工作区/实验数据/v7_fast_equiv_20260927_0030,0,AI_VERIFIED
0,root1:v7_fast_equiv_20260927_0030,0.0,0,0,0.0,35622,62,35622,62,,0,0,0,incumbent_base,case_064,37414,4,0,0,37414,624,0.13398324999980105,mps,35622,23052,{'0': 23052},19116,37414,1792,0,2a871ace8c9a3cf400212965eaf5541deefd388cfcdf5dd93f865ca7cb901011,0,"[19116, 623.5666666666667, 0, 0]",0.1042126249994908,C,37414,"[23052, 37414, 0, 0, 0]",incumbent,/Users/futaoran/Desktop/华为杯2026/2026参赛工作区/2026华为杯idea冻结工作区/实验数据/v7_fast_equiv_20260927_0030,0,AI_VERIFIED
200290,root1:v7_fast_equiv_20260927_0030,0.0,0,0,0.0,0,0,0,0,,0,0,0,A3_base,case_064,237704,5,104336,93840,237704,3962,0.20644925000124204,mps,37736,22528,"{'0': 22207, '1': 845}",24643,37414,1792,200290,df16bffe2792bf5e2096b15c36884111161066ae570ec62c61339aff101bfcf9,0,"[26834, 237704, 0]",0.16740991699953156,A,237704,"[22528, 237704, 0, 0, 0]",seed,/Users/futaoran/Desktop/华为杯2026/2026参赛工作区/2026华为杯idea冻结工作区/实验数据/v7_fast_equiv_20260927_0030,0,AI_VERIFIED
129454,root1:v7_fast_equiv_20260927_0030,0.0,0,0,0.0,0,0,0,0,,0,0,0,L2_base,case_064,166868,5,63760,63760,166868,2782,0.15727283300111594,mps,37556,8028,"{'0': 4555, '1': 4642, '2': 3921, '3': 5134, '4': 4800}",22504,37414,1792,129454,03893bad2b50f3cf940c9c6828ab496176e8984cde76de03c7874caf8ce1a42f,0,"[22485, 166868, 0]",0.1573244169994723,B,166868,"[8028, 166868, 0, 0, 0]",legacy_seed,/Users/futaoran/Desktop/华为杯2026/2026参赛工作区/2026华为杯idea冻结工作区/实验数据/v7_fast_equiv_20260927_0030,0,AI_VERIFIED
0,root1:v7_fast_equiv_20260927_0030,0.0,0,0,0.0,35622,62,35622,62,,0,0,0,incumbent_base,case_064,37414,5,0,0,37414,624,0.12689450000107172,mps,35622,23052,{'0': 23052},19116,37414,1792,0,0e3b42e1dbc1a5630fc2210cd2f0b6ab2434cffb077bf784caf4b64f3fcbad62,0,"[19116, 623.5666666666667, 0, 0]",0.17669033300080628,C,37414,"[23052, 37414, 0, 0, 0]",incumbent,/Users/futaoran/Desktop/华为杯2026/2026参赛工作区/2026华为杯idea冻结工作区/实验数据/v7_fast_equiv_20260927_0030,0,AI_VERIFIED
25608192,root1:v7_fast_equiv_20260927_0030,0.0,0,0,0.0,0,0,0,0,,0,0,0,A2_base,case_076,6175314,1,0,0,6175314,102922,11.234489250000479,mps,6173696,7008892,{'0': 7008892},6180531,4270674,1618,1904640,7fb55f6986ccd83fc44ef342edd5527dcda32631d13532959bb82217ea9479a9,3106816,"[6820658, 29878866, 23703552]",9.880976041000395,A,29878866,"[7008892, 6175314, 3106816, 0, 0]",seed,/Users/futaoran/Desktop/华为杯2026/2026参赛工作区/2026华为杯idea冻结工作区/实验数据/v7_fast_equiv_20260927_0030,23703552,AI_VERIFIED
77535232,root1:v7_fast_equiv_20260927_0030,0.0,0,0,0.0,0,0,0,0,,0,0,0,B2_base,case_076,4270674,1,0,0,4270674,71178,31.808374624999487,mps,4269056,7008892,{'0': 7008892},6439181,4270674,1618,0,2edf06084759f952c4df5bb5252f65b91a6f6025dc3e11e55c5474d62b651f11,33716224,"[6423556, 81805906, 77535232]",32.46664187500028,B,81805906,"[7008892, 4270674, 33716224, 0, 0]",seed,/Users/futaoran/Desktop/华为杯2026/2026参赛工作区/2026华为杯idea冻结工作区/实验数据/v7_fast_equiv_20260927_0030,77535232,AI_VERIFIED
26796032,root1:v7_fast_equiv_20260927_0030,0.0,4342784,0,0.14119252921396944,26415104,1739,4269056,1739,,1573888,0,0,incumbent_split_topo_g0_p2,case_076,4270674,1,0,0,4270674,71178,17.967265540999506,mps,4269056,7008892,{'0': 7008892},6182761,4270674,1618,0,5758d5656ae4352faaaa70f82641690da0b3e0df303269e9eaaab8af02af0842,2127872,"[6180923, 445398.7, -4342784, 26796032]",16.98936916599996,C,31066706,"[7008892, 4270674, 2127872, 0, -1573888]",timing,/Users/futaoran/Desktop/华为杯2026/2026参赛工作区/2026华为杯idea冻结工作区/实验数据/v7_fast_equiv_20260927_0030,26796032,AI_VERIFIED
31095808,root1:v7_fast_equiv_20260927_0030,0.0,0,0,0.0,0,0,0,0,,0,0,0,L1_base,case_076,8345170,2,0,0,8345170,139087,7.386232541999561,mps,8343552,3504609,"{'0': 3504609, '1': 3504283}",3065214,4270674,1618,4074496,76ac13e2aef547089883c5cf1e7be50ddb81cf7e839af8d12c6526bd59372bec,3128320,"[3431062, 35366482, 27021312]",6.3156357089992525,A,35366482,"[3504609, 8345170, 3128320, 0, 0]",legacy_seed,/Users/futaoran/Desktop/华为杯2026/2026参赛工作区/2026华为杯idea冻结工作区/实验数据/v7_fast_equiv_20260927_0030,27021312,AI_VERIFIED
31095808,root1:v7_fast_equiv_20260927_0030,0.0,0,0,0.0,0,0,0,0,,0,0,0,L1_base,case_076,8345170,2,0,0,8345170,139087,18.25913029200092,mps,8343552,3504609,"{'0': 3504609, '1': 3504283}",3065214,4270674,1618,4074496,76ac13e2aef547089883c5cf1e7be50ddb81cf7e839af8d12c6526bd59372bec,3128320,"[3063462, 35366482, 27021312]",19.7781858749986,B,35366482,"[3504609, 8345170, 3128320, 0, 0]",legacy_seed,/Users/futaoran/Desktop/华为杯2026/2026参赛工作区/2026华为杯idea冻结工作区/实验数据/v7_fast_equiv_20260927_0030,27021312,AI_VERIFIED
31105024,root1:v7_fast_equiv_20260927_0030,17121.28,9714688,512,0.27465114932545887,25656320,2872,8346624,3384,,5120,1351680,5407,incumbent_disperse_tid_1000000279_node_1176_core_1_pos_0,case_076,8351314,2,3072,3072,6999634,116661,21.192169624999224,mps,8343552,3504679,"{'0': 3504213, '1': 3504679}",3063504,4270674,1618,4080640,8266f56241f65e6e20969ed1cddfe0026585e2ff2ab08611f418b535af78e735,3128320,"[3062207, 425635.5, -9837568, 27024384]",25.72180124999977,C,35375698,"[3504679, 8351314, 3128320, -1351680, -5120]",disperse,/Users/futaoran/Desktop/华为杯2026/2026参赛工作区/2026华为杯idea冻结工作区/实验数据/v7_fast_equiv_20260927_0030,27024384,AI_VERIFIED
34332672,root1:v7_fast_equiv_20260927_0030,0.0,0,0,0.0,0,0,0,0,,0,0,0,L1_base,case_076,12419666,3,0,0,12419666,206995,7.431806791999406,mps,12418048,2336786,"{'0': 2335494, '1': 2336612, '2': 2336786}",2050028,4270674,1618,8148992,6a0e890bed3f5a548ad51487d052eeaaf8bca7a50d157570a5c77fbcdb700725,3969024,"[2304442, 38603346, 26183680]",5.748855750000075,A,38603346,"[2336786, 12419666, 3969024, 0, 0]",legacy_seed,/Users/futaoran/Desktop/华为杯2026/2026参赛工作区/2026华为杯idea冻结工作区/实验数据/v7_fast_equiv_20260927_0030,26183680,AI_VERIFIED
34332672,root1:v7_fast_equiv_20260927_0030,0.0,0,0,0.0,0,0,0,0,,0,0,0,L1_base,case_076,12419666,3,0,0,12419666,206995,21.73714583399851,mps,12418048,2336786,"{'0': 2335494, '1': 2336612, '2': 2336786}",2050028,4270674,1618,8148992,6a0e890bed3f5a548ad51487d052eeaaf8bca7a50d157570a5c77fbcdb700725,3969024,"[2046805, 38603346, 26183680]",17.555563583999174,B,38603346,"[2336786, 12419666, 3969024, 0, 0]",legacy_seed,/Users/futaoran/Desktop/华为杯2026/2026参赛工作区/2026华为杯idea冻结工作区/实验数据/v7_fast_equiv_20260927_0030,26183680,AI_VERIFIED
34343936,root1:v7_fast_equiv_20260927_0030,37096.10666666667,13019136,1181,0.3371966582681342,25590784,3847,12421120,5028,,5120,2928640,11715,incumbent_disperse_tid_1000000299_node_510_core_0_pos_0,case_076,12425810,3,3072,3072,9497170,158287,17.076597165998464,mps,12418048,2336612,"{'0': 2335890, '1': 2336612, '2': 2336390}",2047993,4270674,1618,8155136,5482de4efebde3929a1665b0e299604203fb5676e1712757e5a17386cae7db89,3969024,"[2046132, 426557.1, -13021184, 26188800]",20.040793333000693,C,38614610,"[2336612, 12425810, 3969024, -2928640, -5120]",disperse,/Users/futaoran/Desktop/华为杯2026/2026参赛工作区/2026华为杯idea冻结工作区/实验数据/v7_fast_equiv_20260927_0030,26188800,AI_VERIFIED
34332672,root1:v7_fast_equiv_20260927_0030,0.0,0,0,0.0,0,0,0,0,,0,0,0,incumbent_base,case_076,12419666,4,0,0,12419666,206995,6.600733499999478,mps,12418048,2336786,"{'0': 2335494, '1': 2336612, '2': 2336786}",2050028,4270674,1618,8148992,926f9c899d4fbd16436b1d0a20bcbbf7e17eabf62660a1e01120a479ec10c79d,3969024,"[2304442, 38603346, 26183680]",5.358794624999064,A,38603346,"[2336786, 12419666, 3969024, 0, 0]",incumbent,/Users/futaoran/Desktop/华为杯2026/2026参赛工作区/2026华为杯idea冻结工作区/实验数据/v7_fast_equiv_20260927_0030,26183680,AI_VERIFIED
131809280,root1:v7_fast_equiv_20260927_0030,0.0,0,0,0.0,0,0,0,0,,0,0,0,B3_move,case_076,111942226,4,48735232,48735232,111942226,1865704,18.906808374998946,mps,14470144,2067684,"{'0': 1470964, '1': 1479060, '2': 1991184, '3': 2067684}",2796323,4270674,1618,107671552,1f3f66d0a34e9ba062750ba2693d9363731b104ef3fa258711f0ad4c27e1f705,11778048,"[2536336, 136079954, 24137728]",17.91286595800011,B,136079954,"[2067684, 111942226, 11778048, 0, 0]",ordinary,/Users/futaoran/Desktop/华为杯2026/2026参赛工作区/2026华为杯idea冻结工作区/实验数据/v7_fast_equiv_20260927_0030,24137728,AI_VERIFIED
37453824,root1:v7_fast_equiv_20260927_0030,70210.21866666667,17383424,2178,0.4166707574493152,24336384,4494,16495616,6672,,5120,5542912,22172,incumbent_disperse_tid_1000000307_node_1200_core_1_pos_0,case_076,16500306,4,3072,3072,10957394,182624,7.5863640409988875,mps,16492544,1752543,"{'0': 1752543, '1': 1752136, '2': 1751766, '3': 1752447}",1536296,4270674,1618,12229632,9ee4ccbe4b8421c4139e8d2abb0e918925e76d2584e2dd044e42057c9117ab01,4908032,"[1533064, 404421.63333333336, -17459200, 25224192]",7.882239665999805,C,41724498,"[1752543, 16500306, 4908032, -5542912, -5120]",disperse,/Users/futaoran/Desktop/华为杯2026/2026参赛工作区/2026华为杯idea冻结工作区/实验数据/v7_fast_equiv_20260927_0030,25224192,AI_VERIFIED
40553472,root1:v7_fast_equiv_20260927_0030,0.0,0,0,0.0,0,0,0,0,,0,0,0,L1_base,case_076,20568658,5,0,0,20568658,342811,6.318795290999333,mps,20567040,1402358,"{'0': 1402358, '1': 1401568, '2': 1401581, '3': 1402319, '4': 1401066}",1240011,4270674,1618,16297984,3a27790efbf269ac17466f1dfd81f6d91f24cf841a987da5d3d96c2deee67574,5226496,"[1396572, 44824146, 24255488]",5.329973541998697,A,44824146,"[1402358, 20568658, 5226496, 0, 0]",legacy_seed,/Users/futaoran/Desktop/华为杯2026/2026参赛工作区/2026华为杯idea冻结工作区/实验数据/v7_fast_equiv_20260927_0030,24255488,AI_VERIFIED
40553472,root1:v7_fast_equiv_20260927_0030,0.0,0,0,0.0,0,0,0,0,,0,0,0,L1_base,case_076,20568658,5,0,0,20568658,342811,12.45776591700087,mps,20567040,1402358,"{'0': 1402358, '1': 1401568, '2': 1401581, '3': 1402319, '4': 1401066}",1240011,4270674,1618,16297984,3a27790efbf269ac17466f1dfd81f6d91f24cf841a987da5d3d96c2deee67574,5226496,"[1226928, 44824146, 24255488]",25.85153454200008,B,44824146,"[1402358, 20568658, 5226496, 0, 0]",legacy_seed,/Users/futaoran/Desktop/华为杯2026/2026参赛工作区/2026华为杯idea冻结工作区/实验数据/v7_fast_equiv_20260927_0030,24255488,AI_VERIFIED
28280832,root1:v7_fast_equiv_20260927_0030,0.0,4347904,0,0.13357661937269952,28201984,1739,4269056,1739,,0,0,0,C0_base,case_076,4270674,5,0,0,4270674,71178,16.45095529199898,mps,4269056,7008892,{'0': 7008892},6183098,4270674,1618,0,cef35a2e4e30979138d54214e3edab045407e81bba997b305d6571ebefc075ef,2127872,"[6181396, 470060.0333333333, -4347904, 28280832]",15.131996542000707,C,32551506,"[7008892, 4270674, 2127872, 0, 0]",seed,/Users/futaoran/Desktop/华为杯2026/2026参赛工作区/2026华为杯idea冻结工作区/实验数据/v7_fast_equiv_20260927_0030,28280832,AI_VERIFIED
0,root1:v7_fast_equiv_20260927_0030,0.0,0,0,0.0,0,0,0,0,,0,0,0,A2_base,case_081,1741140,1,0,0,1741140,29019,0.5564173749990005,mps,1044820,151725,{'0': 151725},151965,1741140,696320,0,08d9de543e12668fed8ca59d6c34114a183f91e8e8c48f0149e5752c90b610c7,0,"[153835, 1741140, 0]",0.5437013330010814,A,1741140,"[151725, 1741140, 0, 0, 0]",seed,/Users/futaoran/Desktop/华为杯2026/2026参赛工作区/2026华为杯idea冻结工作区/实验数据/v7_fast_equiv_20260927_0030,0,AI_VERIFIED
2023648,root1:v7_fast_equiv_20260927_0030,0.0,0,0,0.0,0,0,0,0,,0,0,0,B2_aggregate,case_081,1741140,1,0,0,1741140,29019,0.9294074999997974,mps,1044820,151725,{'0': 151725},156181,1741140,696320,0,1aa66b588180acf425aa5b54a579c674c0914383b1cc47573d54409414348439,573586,"[153713, 3764788, 2023648]",0.7506038339997758,B,3764788,"[151725, 1741140, 573586, 0, 0]",aggregate,/Users/futaoran/Desktop/华为杯2026/2026参赛工作区/2026华为杯idea冻结工作区/实验数据/v7_fast_equiv_20260927_0030,2023648,AI_VERIFIED
0,root1:v7_fast_equiv_20260927_0030,0.0,0,0,0.0,1044820,680,1044820,680,,0,0,0,incumbent_base,case_081,1741140,1,0,0,1741140,29019,0.7200338330003433,mps,1044820,151725,{'0': 151725},151795,1741140,696320,0,a99f8cb4f2f3c9330df5e3fc99547a33e5589295870de36205af4f8d3c1ee67c,0,"[151795, 29019.0, 0, 0]",0.78062029099965,C,1741140,"[151725, 1741140, 0, 0, 0]",incumbent,/Users/futaoran/Desktop/华为杯2026/2026参赛工作区/2026华为杯idea冻结工作区/实验数据/v7_fast_equiv_20260927_0030,0,AI_VERIFIED
40986,root1:v7_fast_equiv_20260927_0030,0.0,0,0,0.0,0,0,0,0,,0,0,0,L2_base,case_081,1782126,2,8204,8204,1782126,29703,0.4910930840014771,mps,1069398,75962,"{'0': 75962, '1': 75763}",154073,1741140,696320,40986,8e5d58043c4403a4d6abda2cc5b297a249fffd057af009462f1bebe0a06e4d29,0,"[156036, 1782126, 0]",0.2560771669996029,A,1782126,"[75962, 1782126, 0, 0, 0]",legacy_seed,/Users/futaoran/Desktop/华为杯2026/2026参赛工作区/2026华为杯idea冻结工作区/实验数据/v7_fast_equiv_20260927_0030,0,AI_VERIFIED
5559654,root1:v7_fast_equiv_20260927_0030,0.0,0,0,0.0,0,0,0,0,,0,0,0,B3_base,case_081,4472272,2,1214012,1214012,4472272,74538,1.216994042000806,mps,1347928,76099,"{'0': 76099, '1': 75626}",152236,1741140,696320,2731132,e20ee6ad14df5f063aa2c5e25c2f236e270e0169f70f72a1aab33471449c06b0,708838,"[122447, 7300794, 2828522]",1.132773665998684,B,7300794,"[76099, 4472272, 708838, 0, 0]",seed,/Users/futaoran/Desktop/华为杯2026/2026参赛工作区/2026华为杯idea冻结工作区/实验数据/v7_fast_equiv_20260927_0030,2828522,AI_VERIFIED
0,root1:v7_fast_equiv_20260927_0030,0.0,0,0,0.0,1044820,680,1044820,680,,0,0,0,C0_base,case_081,1741140,2,0,0,1741140,29019,0.7625545409991901,mps,1044820,151725,{'0': 151725},151795,1741140,696320,0,167eb4cb5d117a2d5a5c5aae4eecd6bfc51dbeb7a84acd19eb3b759a28e1bbbd,0,"[151795, 29019.0, 0, 0]",0.7314781669992954,C,1741140,"[151725, 1741140, 0, 0, 0]",seed,/Users/futaoran/Desktop/华为杯2026/2026参赛工作区/2026华为杯idea冻结工作区/实验数据/v7_fast_equiv_20260927_0030,0,AI_VERIFIED
55342,root1:v7_fast_equiv_20260927_0030,0.0,0,0,0.0,0,0,0,0,,0,0,0,L2_base,case_081,1796482,3,8214,8214,1796482,29942,0.42840624999917054,mps,1083734,50695,"{'0': 50695, '1': 50617, '2': 50413}",156179,1741140,696320,55342,1378ce8e199d7570c429e28dd84139686fe55366cf9f34cfd233d5a36b73e660,0,"[158194, 1796482, 0]",0.22016120899934322,A,1796482,"[50695, 1796482, 0, 0, 0]",legacy_seed,/Users/futaoran/Desktop/华为杯2026/2026参赛工作区/2026华为杯idea冻结工作区/实验数据/v7_fast_equiv_20260927_0030,0,AI_VERIFIED
4789652,root1:v7_fast_equiv_20260927_0030,0.0,0,0,0.0,0,0,0,0,,0,0,0,B3_aggregate,case_081,4492746,3,1164832,1164832,4492746,74880,1.1128300000000309,mps,1466762,74880,"{'0': 55582, '1': 39148, '2': 56995}",146915,1741140,696320,2751606,0f09cac019fa276c065c0aac61a313b544a05c47123d8a8e40a1d58880c1feb8,780734,"[110468, 6530792, 2038046]",1.0165477499995177,B,6530792,"[74880, 4492746, 780734, 0, 0]",aggregate,/Users/futaoran/Desktop/华为杯2026/2026参赛工作区/2026华为杯idea冻结工作区/实验数据/v7_fast_equiv_20260927_0030,2038046,AI_VERIFIED
0,root1:v7_fast_equiv_20260927_0030,0.0,0,0,0.0,1044820,680,1044820,680,,0,0,0,C0_base,case_081,1741140,3,0,0,1741140,29019,0.7893244999995659,mps,1044820,151725,{'0': 151725},151795,1741140,696320,0,24a5c3b75cacdcf68855d8ee51b7dcb51d6b66d3dfef2b3d36381f014e3b5fd5,0,"[151795, 29019.0, 0, 0]",0.6705951250005455,C,1741140,"[151725, 1741140, 0, 0, 0]",seed,/Users/futaoran/Desktop/华为杯2026/2026参赛工作区/2026华为杯idea冻结工作区/实验数据/v7_fast_equiv_20260927_0030,0,AI_VERIFIED
73792,root1:v7_fast_equiv_20260927_0030,0.0,0,0,0.0,0,0,0,0,,0,0,0,L2_base,case_081,1814932,4,10270,10270,1814932,30249,0.6019238340013544,mps,1098072,38309,"{'0': 37783, '1': 38309, '2': 38021, '3': 37612}",159257,1741140,696320,73792,0714b67a7a6c3d7fd3fc333a62c826b8c43437f9bd1aa64238fa698ed7944d05,0,"[161373, 1814932, 0]",0.25210558399885485,A,1814932,"[38309, 1814932, 0, 0, 0]",legacy_seed,/Users/futaoran/Desktop/华为杯2026/2026参赛工作区/2026华为杯idea冻结工作区/实验数据/v7_fast_equiv_20260927_0030,0,AI_VERIFIED
4678926,root1:v7_fast_equiv_20260927_0030,0.0,0,0,0.0,0,0,0,0,,0,0,0,B3_capacity_g20_front,case_081,4256968,4,986554,986554,4256968,70950,1.0994771669993497,mps,1587540,70950,"{'0': 52444, '1': 33699, '2': 65582}",143537,1741140,696320,2515828,4ccd0a6d921bf53f159516b3d6e8fef59c81bf19e2fba536cf4198a33cfc6c83,874938,"[108328, 6420066, 2163098]",1.041531415999998,B,6420066,"[70950, 4256968, 874938, 0, 0]",capacity,/Users/futaoran/Desktop/华为杯2026/2026参赛工作区/2026华为杯idea冻结工作区/实验数据/v7_fast_equiv_20260927_0030,2163098,AI_VERIFIED
0,root1:v7_fast_equiv_20260927_0030,0.0,0,0,0.0,1044820,680,1044820,680,,0,0,0,C0_base,case_081,1741140,4,0,0,1741140,29019,1.056573957999717,mps,1044820,151725,{'0': 151725},151795,1741140,696320,0,b0a806354e029e059fdeb99fbfa8d6a816b3bb8b4e7fbbaf6ae2d763aaf2a04e,0,"[151795, 29019.0, 0, 0]",0.9011056250001275,C,1741140,"[151725, 1741140, 0, 0, 0]",seed,/Users/futaoran/Desktop/华为杯2026/2026参赛工作区/2026华为杯idea冻结工作区/实验数据/v7_fast_equiv_20260927_0030,0,AI_VERIFIED
0,root1:v7_fast_equiv_20260927_0030,0.0,0,0,0.0,0,0,0,0,,0,0,0,A2_aggregate,case_081,1741140,5,0,0,1741140,29019,0.4663445000005595,mps,1044820,30345,"{'0': 30345, '1': 30345, '2': 30345, '3': 30345, '4': 30345}",31711,1741140,696320,0,3390bcc3c3e68331f944c43811c591e39e130ee4d372b0951c1a8fd7a80764bd,0,"[30959, 1741140, 0]",0.3863318330004404,A,1741140,"[30345, 1741140, 0, 0, 0]",aggregate,/Users/futaoran/Desktop/华为杯2026/2026参赛工作区/2026华为杯idea冻结工作区/实验数据/v7_fast_equiv_20260927_0030,0,AI_VERIFIED
0,root1:v7_fast_equiv_20260927_0030,0.0,0,0,0.0,0,0,0,0,,0,0,0,B1_move,case_081,1741140,5,0,0,1741140,29019,0.5029649169991899,mps,1044820,60690,"{'1': 60690, '2': 30345, '3': 30345, '4': 30345}",61008,1741140,696320,0,cdbe867c68bd399733c85bab0af3d630da373e5fdc9f673f9de4d048c64b83ae,0,"[60760, 1741140, 0]",0.45090916700064554,B,1741140,"[60690, 1741140, 0, 0, 0]",ordinary,/Users/futaoran/Desktop/华为杯2026/2026参赛工作区/2026华为杯idea冻结工作区/实验数据/v7_fast_equiv_20260927_0030,0,AI_VERIFIED
0,root1:v7_fast_equiv_20260927_0030,0.0,0,0,0.0,1044820,680,1044820,680,,0,0,0,C0_base,case_081,1741140,5,0,0,1741140,29019,1.7047596249994967,mps,1044820,151725,{'0': 151725},151795,1741140,696320,0,3f637186d0cf86811d98f89e4c97f0fd16a6c2d414132ccaf74bf14fc63d9e2c,0,"[151795, 29019.0, 0, 0]",1.5108489169997483,C,1741140,"[151725, 1741140, 0, 0, 0]",seed,/Users/futaoran/Desktop/华为杯2026/2026参赛工作区/2026华为杯idea冻结工作区/实验数据/v7_fast_equiv_20260927_0030,0,AI_VERIFIED
360448,root1:v7_fast_equiv_20260927_0030,0.0,0,0,0.0,0,0,0,0,,0,0,0,A2_base,case_011,966656,1,0,0,966656,16111,0.08010433300114528,mps,901120,209984,{'0': 209984},185046,606208,65536,360448,5573424639a8cf65ea577b0c3ea3e87be74ef0d50e4863028a682752677f61dd,0,"[199370, 966656, 0]",0.03450554199844191,A,966656,"[209984, 966656, 0, 0, 0]",seed,/Users/futaoran/Desktop/华为杯2026/2026参赛工作区/2026华为杯idea冻结工作区/实验数据/v7_fast_equiv_20260927_0030,0,AI_VERIFIED
0,root1:v7_fast_equiv_20260927_0030,0.0,0,0,0.0,0,0,0,0,,0,0,0,B3_base,case_011,606208,1,0,0,606208,10104,0.09521783299896924,mps,540672,209984,{'0': 209984},184697,606208,65536,0,1ee639d2813d470b4e950749493818326ecc8d79a1a5b4bc3e1af946a2cf37a3,0,"[184697, 606208, 0]",0.06482749999850057,B,606208,"[209984, 606208, 0, 0, 0]",seed,/Users/futaoran/Desktop/华为杯2026/2026参赛工作区/2026华为杯idea冻结工作区/实验数据/v7_fast_equiv_20260927_0030,0,AI_VERIFIED
0,root1:v7_fast_equiv_20260927_0030,0.0,0,0,0.0,540672,176,540672,176,,0,0,0,incumbent_base,case_011,606208,1,0,0,606208,10104,0.10811229200044181,mps,540672,209984,{'0': 209984},184697,606208,65536,0,dd532f33d8dba0014f7021fab8cde4ed9ea0c35357558500c69bfc1e1ceca465,0,"[184697, 10103.466666666667, 0, 0]",0.09175516700088338,C,606208,"[209984, 606208, 0, 0, 0]",incumbent,/Users/futaoran/Desktop/华为杯2026/2026参赛工作区/2026华为杯idea冻结工作区/实验数据/v7_fast_equiv_20260927_0030,0,AI_VERIFIED
1081344,root1:v7_fast_equiv_20260927_0030,0.0,0,0,0.0,0,0,0,0,,0,0,0,L2_base,case_011,1687552,2,0,0,1687552,28126,0.08128066599965678,mps,1622016,104992,"{'0': 104992, '1': 104992}",93168,606208,65536,1081344,02b5f2c8e379a6f133be07deda5333b76ae1405657d87a76697ad3909d6ec8b5,0,"[105676, 1687552, 0]",0.0964648750014021,A,1687552,"[104992, 1687552, 0, 0, 0]",legacy_seed,/Users/futaoran/Desktop/华为杯2026/2026参赛工作区/2026华为杯idea冻结工作区/实验数据/v7_fast_equiv_20260927_0030,0,AI_VERIFIED
1538048,root1:v7_fast_equiv_20260927_0030,0.0,0,0,0.0,0,0,0,0,,0,0,0,B2_base,case_011,2144256,2,757760,757760,2144256,35738,0.13705587500044203,mps,563200,111700,"{'0': 111700, '1': 98284}",104249,606208,65536,1538048,b320598b816692db6347effa2daeef3ad5ad59773aaf139e4ab400380162ca1e,0,"[103274, 2144256, 0]",0.11129341599917097,B,2144256,"[111700, 2144256, 0, 0, 0]",seed,/Users/futaoran/Desktop/华为杯2026/2026参赛工作区/2026华为杯idea冻结工作区/实验数据/v7_fast_equiv_20260927_0030,0,AI_VERIFIED
180224,root1:v7_fast_equiv_20260927_0030,1945.6,161792,75,0.22443181818181818,559104,189,720896,264,,26624,153600,615,incumbent_split_release_g0_p4,case_011,786432,2,0,0,632832,10548,0.10422870900038106,mps,720896,104992,"{'0': 104992, '1': 104992}",92646,606208,65536,180224,df11f9b78de714978d067361cb0b07abea31e249f22050064a778099a893e196,0,"[92473, 10410.666666666666, -161792, 0]",0.08148912500109873,C,786432,"[104992, 786432, 0, -153600, -26624]",timing,/Users/futaoran/Desktop/华为杯2026/2026参赛工作区/2026华为杯idea冻结工作区/实验数据/v7_fast_equiv_20260927_0030,0,AI_VERIFIED
3624960,root1:v7_fast_equiv_20260927_0030,0.0,0,0,0.0,0,0,0,0,,0,0,0,A3_base,case_011,4231168,3,1769472,1769472,4231168,70520,0.17637166699933005,mps,626688,79044,"{'0': 79044, '1': 64600, '2': 66340}",179358,606208,65536,3624960,c7369ca1907144a724e662c33314a2abcdfc22e48b33041487b503f708f7225a,0,"[188041, 4231168, 0]",0.12995874999978696,A,4231168,"[79044, 4231168, 0, 0, 0]",seed,/Users/futaoran/Desktop/华为杯2026/2026参赛工作区/2026华为杯idea冻结工作区/实验数据/v7_fast_equiv_20260927_0030,0,AI_VERIFIED
1095680,root1:v7_fast_equiv_20260927_0030,0.0,0,0,0.0,0,0,0,0,,0,0,0,r5_boundary_n177_c2_p0,case_011,1701888,3,8192,8192,1701888,28365,0.10678508400087594,mps,1619968,77096,"{'2': 66744, '0': 77096, '1': 66144}",69279,606208,65536,1095680,4c11fdf5fc2742980f542fdff536ab0d845c1ab67ef55558a53d0901fac81fd1,0,"[68587, 1701888, 0]",0.10293158400054381,B,1701888,"[77096, 1701888, 0, 0, 0]",ordinary_chain,/Users/futaoran/Desktop/华为杯2026/2026参赛工作区/2026华为杯idea冻结工作区/实验数据/v7_fast_equiv_20260927_0030,0,AI_VERIFIED
1097728,root1:v7_fast_equiv_20260927_0030,12659.370666666666,987136,323,0.6070528967254408,638976,205,1626112,528,,43008,999424,3998,incumbent_disperse_tid_1000000163_node_603_core_2_pos_2,case_011,1703936,3,12288,12288,704512,11742,0.12959200000113924,mps,1613824,76572,"{'2': 67268, '0': 76572, '1': 66144}",68637,606208,65536,1097728,4c18635baf73e51f7727fd2c4a04bf76f6521824ebb4229362337a640faea806,0,"[68037, 10513.066666666668, -1073152, 0]",0.1371179170000687,C,1703936,"[76572, 1703936, 0, -999424, -43008]",disperse,/Users/futaoran/Desktop/华为杯2026/2026参赛工作区/2026华为杯idea冻结工作区/实验数据/v7_fast_equiv_20260927_0030,0,AI_VERIFIED
1261568,root1:v7_fast_equiv_20260927_0030,0.0,0,0,0.0,0,0,0,0,,0,0,0,L2_base,case_011,1867776,4,0,0,1867776,31130,0.11810958299975027,mps,1802240,52496,"{'0': 52496, '1': 52496, '2': 52496, '3': 52496}",47748,606208,65536,1261568,f6990688d8b7818da4a4bb08dab1f2d16594eac2e83d27165b795e8a375ba70a,0,"[53768, 1867776, 0]",0.1063179160009895,A,1867776,"[52496, 1867776, 0, 0, 0]",legacy_seed,/Users/futaoran/Desktop/华为杯2026/2026参赛工作区/2026华为杯idea冻结工作区/实验数据/v7_fast_equiv_20260927_0030,0,AI_VERIFIED
2918400,root1:v7_fast_equiv_20260927_0030,0.0,0,0,0.0,0,0,0,0,,0,0,0,B2_base,case_011,3524608,4,1368064,1368064,3524608,58744,0.18082604099981836,mps,722944,62108,"{'0': 48712, '1': 47664, '2': 62108, '3': 51500}",76986,606208,65536,2918400,3a4d311a333dba9423e5b2817847488791ad597eccc903cb6a7b9351a874f6b7,0,"[70613, 3524608, 0]",0.17496279099941603,B,3524608,"[62108, 3524608, 0, 0, 0]",seed,/Users/futaoran/Desktop/华为杯2026/2026参赛工作区/2026华为杯idea冻结工作区/实验数据/v7_fast_equiv_20260927_0030,0,AI_VERIFIED
540672,root1:v7_fast_equiv_20260927_0030,4124.672,325632,159,0.30113636363636365,755712,281,1081344,440,,4096,325632,1303,incumbent_split_release_g0_p2,case_011,1146880,4,0,0,821248,13688,0.13259087500046007,mps,1081344,52496,"{'0': 52496, '1': 52496, '2': 52496, '3': 52496}",46880,606208,65536,540672,0cd3e98f7dd1cf943f428c4c7a64846f6d319cb39a35b867239d43f42ca4540f,0,"[46361, 13687.466666666667, -325632, 0]",0.0926192919996538,C,1146880,"[52496, 1146880, 0, -325632, -4096]",timing,/Users/futaoran/Desktop/华为杯2026/2026参赛工作区/2026华为杯idea冻结工作区/实验数据/v7_fast_equiv_20260927_0030,0,AI_VERIFIED
1476608,root1:v7_fast_equiv_20260927_0030,0.0,0,0,0.0,0,0,0,0,,0,0,0,A2_base,case_011,2082816,5,32768,32768,2082816,34714,0.10729537499901198,mps,1951744,42372,"{'0': 40496, '1': 42372, '2': 42372, '3': 42372, '4': 42372}",121878,606208,65536,1476608,ee4e32a1e66676b287a980c9432b39c1b3b70c116f2c50a768d0829e0b54b6d5,0,"[140806, 2082816, 0]",0.06110929199894599,A,2082816,"[42372, 2082816, 0, 0, 0]",seed,/Users/futaoran/Desktop/华为杯2026/2026参赛工作区/2026华为杯idea冻结工作区/实验数据/v7_fast_equiv_20260927_0030,0,AI_VERIFIED
3133440,root1:v7_fast_equiv_20260927_0030,0.0,0,0,0.0,0,0,0,0,,0,0,0,B3_base,case_011,3739648,5,1388544,1388544,3739648,62328,0.19035512499976903,mps,897024,62328,"{'0': 32488, '1': 46784, '2': 29680, '3': 41544, '4': 59488}",81430,606208,65536,3133440,e7218e964fe89c69c9fffda254e02b31a3317572f513fb60e9e80eea9265c362,0,"[68000, 3739648, 0]",0.1384410000009666,B,3739648,"[62328, 3739648, 0, 0, 0]",seed,/Users/futaoran/Desktop/华为杯2026/2026参赛工作区/2026华为杯idea冻结工作区/实验数据/v7_fast_equiv_20260927_0030,0,AI_VERIFIED
540672,root1:v7_fast_equiv_20260927_0030,4124.672,325632,159,0.30113636363636365,755712,281,1081344,440,,4096,325632,1303,incumbent_split_release_g0_p2,case_011,1146880,5,0,0,821248,13688,0.12311020899869618,mps,1081344,52496,"{'0': 52496, '1': 52496, '2': 52496, '3': 52496}",46880,606208,65536,540672,dfcaa87ab98247577637962f100111f44e3f27b917ed83e5bfcd3faf6f1f8306,0,"[46361, 13687.466666666667, -325632, 0]",0.12164783300067938,C,1146880,"[52496, 1146880, 0, -325632, -4096]",timing,/Users/futaoran/Desktop/华为杯2026/2026参赛工作区/2026华为杯idea冻结工作区/实验数据/v7_fast_equiv_20260927_0030,0,AI_VERIFIED
897024,root1:v7_fast_equiv_20260927_0030,0.0,0,0,0.0,0,0,0,0,,0,0,0,A3_base,case_023,1340468,1,437760,431616,1340468,22342,0.1596981249986129,mps,461770,132942,{'0': 132942},110425,443444,9322,897024,4fee0b9b54fd69347ebff2bea9aaff8830c9557da19145ffaf5dbaa07a146c56,36352,"[122419, 1340468, 0]",0.10314379200099211,A,1340468,"[132942, 1340468, 36352, 0, 0]",seed,/Users/futaoran/Desktop/华为杯2026/2026参赛工作区/2026华为杯idea冻结工作区/实验数据/v7_fast_equiv_20260927_0030,0,AI_VERIFIED
75776,root1:v7_fast_equiv_20260927_0030,0.0,0,0,0.0,0,0,0,0,,0,0,0,B2_base,case_023,443444,1,0,0,443444,7391,0.1476427910001803,mps,434122,132942,{'0': 132942},99763,443444,9322,0,4fee0b9b54fd69347ebff2bea9aaff8830c9557da19145ffaf5dbaa07a146c56,36352,"[99763, 519220, 75776]",0.14531758300108777,B,519220,"[132942, 443444, 36352, 0, 0]",seed,/Users/futaoran/Desktop/华为杯2026/2026参赛工作区/2026华为杯idea冻结工作区/实验数据/v7_fast_equiv_20260927_0030,75776,AI_VERIFIED
75776,root1:v7_fast_equiv_20260927_0030,0.0,6144,0,0.012932504283471064,468938,134,434122,134,,53760,0,0,incumbent_aggregate,case_023,443444,1,0,0,443444,7391,0.1378761249998206,mps,434122,132942,{'0': 132942},93197,443444,9322,0,fa75f9f33305da183383a1c9d43074c36871e51c6b843367e68942058dd1002f,36352,"[93197, 8551.266666666666, -6144, 75776]",0.14540637499885634,C,519220,"[132942, 443444, 36352, 0, -53760]",aggregate,/Users/futaoran/Desktop/华为杯2026/2026参赛工作区/2026华为杯idea冻结工作区/实验数据/v7_fast_equiv_20260927_0030,75776,AI_VERIFIED
84384,root1:v7_fast_equiv_20260927_0030,0.0,0,0,0.0,0,0,0,0,,0,0,0,L1_base,case_023,527828,2,0,0,527828,8798,0.14588370800083794,mps,518506,66551,"{'0': 66551, '1': 66391}",61501,443444,9322,84384,616c129bae4ae2f7933e40f4a9d6d551bf11e812424ef7ea5d379508d7473e32,0,"[69319, 527828, 0]",0.11781670900018071,A,527828,"[66551, 527828, 0, 0, 0]",legacy_seed,/Users/futaoran/Desktop/华为杯2026/2026参赛工作区/2026华为杯idea冻结工作区/实验数据/v7_fast_equiv_20260927_0030,0,AI_VERIFIED
84384,root1:v7_fast_equiv_20260927_0030,0.0,0,0,0.0,0,0,0,0,,0,0,0,L1_base,case_023,527828,2,0,0,527828,8798,0.09954408399971726,mps,518506,66551,"{'0': 66551, '1': 66391}",61501,443444,9322,84384,616c129bae4ae2f7933e40f4a9d6d551bf11e812424ef7ea5d379508d7473e32,0,"[61466, 527828, 0]",0.12016837500050315,B,527828,"[66551, 527828, 0, 0, 0]",legacy_seed,/Users/futaoran/Desktop/华为杯2026/2026参赛工作区/2026华为杯idea冻结工作区/实验数据/v7_fast_equiv_20260927_0030,0,AI_VERIFIED
84096,root1:v7_fast_equiv_20260927_0030,0.0,84096,0,0.16227919524215678,434122,140,518218,140,,10240,0,0,incumbent_split_topo_g1_p2,case_023,527540,2,0,0,527540,8793,0.1416554579991498,mps,518218,66746,"{'0': 66196, '1': 66746}",60171,443444,9322,84096,d845518ca97c4946be9c51a59090957c5483cfe0f9e1472c2d772e613ae7bc15,0,"[60136, 7390.733333333334, -84096, 0]",0.09335354100039694,C,527540,"[66746, 527540, 0, 0, -10240]",timing,/Users/futaoran/Desktop/华为杯2026/2026参赛工作区/2026华为杯idea冻结工作区/实验数据/v7_fast_equiv_20260927_0030,0,AI_VERIFIED
133536,root1:v7_fast_equiv_20260927_0030,0.0,0,0,0.0,0,0,0,0,,0,0,0,L1_base,case_023,576980,3,0,0,576980,9617,0.10690212500048801,mps,567658,44403,"{'0': 44254, '1': 44403, '2': 44285}",41403,443444,9322,133536,99e31348b99e67cdad488b1bbc5442db9eef1d28cdda74da7187d227419d62b2,0,"[46745, 576980, 0]",0.09904741700120212,A,576980,"[44403, 576980, 0, 0, 0]",legacy_seed,/Users/futaoran/Desktop/华为杯2026/2026参赛工作区/2026华为杯idea冻结工作区/实验数据/v7_fast_equiv_20260927_0030,0,AI_VERIFIED
133536,root1:v7_fast_equiv_20260927_0030,0.0,0,0,0.0,0,0,0,0,,0,0,0,L1_base,case_023,576980,3,0,0,576980,9617,0.1684393329996965,mps,567658,44403,"{'0': 44254, '1': 44403, '2': 44285}",41403,443444,9322,133536,99e31348b99e67cdad488b1bbc5442db9eef1d28cdda74da7187d227419d62b2,0,"[41333, 576980, 0]",0.1329305840008601,B,576980,"[44403, 576980, 0, 0, 0]",legacy_seed,/Users/futaoran/Desktop/华为杯2026/2026参赛工作区/2026华为杯idea冻结工作区/实验数据/v7_fast_equiv_20260927_0030,0,AI_VERIFIED
84096,root1:v7_fast_equiv_20260927_0030,0.0,84096,0,0.16227919524215678,434122,140,518218,140,,10240,0,0,lower_core_base,case_023,527540,3,0,0,527540,8793,0.15365699999892968,mps,518218,66746,"{'0': 66196, '1': 66746}",60171,443444,9322,84096,410cdf61d0aa71b95c4a332a5338518368bef722427a681c1469598107a47875,0,"[60136, 7390.733333333334, -84096, 0]",0.10530670800108055,C,527540,"[66746, 527540, 0, 0, -10240]",lower_core,/Users/futaoran/Desktop/华为杯2026/2026参赛工作区/2026华为杯idea冻结工作区/实验数据/v7_fast_equiv_20260927_0030,0,AI_VERIFIED
281280,root1:v7_fast_equiv_20260927_0030,0.0,0,0,0.0,0,0,0,0,,0,0,0,L1_base,case_023,724724,4,0,0,724724,12079,0.15712287499991362,mps,715402,33274,"{'0': 33183, '1': 33274, '2': 33255, '3': 33230}",30142,443444,9322,281280,519108f2f9bdedf3fd873b22aee6ba047c13ae9cddb707133db9e90e4afa019f,0,"[35587, 724724, 0]",0.11969604200021422,A,724724,"[33274, 724724, 0, 0, 0]",legacy_seed,/Users/futaoran/Desktop/华为杯2026/2026参赛工作区/2026华为杯idea冻结工作区/实验数据/v7_fast_equiv_20260927_0030,0,AI_VERIFIED
281280,root1:v7_fast_equiv_20260927_0030,0.0,0,0,0.0,0,0,0,0,,0,0,0,L1_base,case_023,724724,4,0,0,724724,12079,0.15613779200066347,mps,715402,33274,"{'0': 33183, '1': 33274, '2': 33255, '3': 33230}",30142,443444,9322,281280,519108f2f9bdedf3fd873b22aee6ba047c13ae9cddb707133db9e90e4afa019f,0,"[30037, 724724, 0]",0.12875116699979117,B,724724,"[33274, 724724, 0, 0, 0]",legacy_seed,/Users/futaoran/Desktop/华为杯2026/2026参赛工作区/2026华为杯idea冻结工作区/实验数据/v7_fast_equiv_20260927_0030,0,AI_VERIFIED
207552,root1:v7_fast_equiv_20260927_0030,258.60266666666666,207552,4,0.32345396572091123,434122,144,641674,148,,0,20416,82,lower_core_base,case_023,650996,4,0,0,630580,10510,0.17218133300048066,mps,641674,44914,"{'0': 43258, '1': 44770, '2': 44914}",40897,443444,9322,207552,042aa8cd6fc5e0587332c4e51b44820665bce2a95afdbca1067e216f21286913,0,"[40827, 7390.733333333334, -207552, 0]",0.10043954100001429,C,650996,"[44914, 650996, 0, -20416, 0]",lower_core,/Users/futaoran/Desktop/华为杯2026/2026参赛工作区/2026华为杯idea冻结工作区/实验数据/v7_fast_equiv_20260927_0030,0,AI_VERIFIED
270912,root1:v7_fast_equiv_20260927_0030,0.0,0,0,0.0,0,0,0,0,,0,0,0,L1_base,case_023,714356,5,0,0,714356,11906,0.13995954200072447,mps,705034,26725,"{'0': 26603, '1': 26521, '2': 26532, '3': 26561, '4': 26725}",24517,443444,9322,270912,7ad343a959942d141983c28316e9b924da8829cbdb013170a66f4f0c74a56d0e,0,"[28853, 714356, 0]",0.10654062499997963,A,714356,"[26725, 714356, 0, 0, 0]",legacy_seed,/Users/futaoran/Desktop/华为杯2026/2026参赛工作区/2026华为杯idea冻结工作区/实验数据/v7_fast_equiv_20260927_0030,0,AI_VERIFIED
270912,root1:v7_fast_equiv_20260927_0030,0.0,0,0,0.0,0,0,0,0,,0,0,0,L1_base,case_023,714356,5,0,0,714356,11906,0.12630308299958415,mps,705034,26725,"{'0': 26603, '1': 26521, '2': 26532, '3': 26561, '4': 26725}",24517,443444,9322,270912,7ad343a959942d141983c28316e9b924da8829cbdb013170a66f4f0c74a56d0e,0,"[24377, 714356, 0]",0.12446970800010604,B,714356,"[26725, 714356, 0, 0, 0]",legacy_seed,/Users/futaoran/Desktop/华为杯2026/2026参赛工作区/2026华为杯idea冻结工作区/实验数据/v7_fast_equiv_20260927_0030,0,AI_VERIFIED
270912,root1:v7_fast_equiv_20260927_0030,629.888,148032,5,0.20996434214520152,557002,143,705034,148,,0,49728,199,event_timing_tid_1038_miss_3_bytes_73728_front,case_023,714356,5,0,0,664628,11078,0.13654095899983076,mps,705034,26725,"{'0': 26603, '1': 26521, '2': 26532, '3': 26561, '4': 26725}",24517,443444,9322,270912,a3411b73f4fff6774ad449a16654abaa4010e3160de5302182ceb90291f3a06e,0,"[24377, 8619.533333333333, -197184, 0]",0.07857775000047695,C,714356,"[26725, 714356, 0, -49728, 0]",event_timing,/Users/futaoran/Desktop/华为杯2026/2026参赛工作区/2026华为杯idea冻结工作区/实验数据/v7_fast_equiv_20260927_0030,0,AI_VERIFIED
126194,root1:v7_fast_equiv_20260927_0030,0.0,0,0,0.0,0,0,0,0,,0,0,0,L3_base,case_048,540984,1,62992,62992,540984,9017,0.2066770829987945,mps,410392,259596,{'0': 259596},225635,414790,4608,126194,6c6fddd7be59b8d0ecb754128373c7e32b9e6769a1632d6ce4574fe4cb11886d,0,"[252918, 540984, 0]",0.17396116599957168,A,540984,"[259596, 540984, 0, 0, 0]",legacy_seed,/Users/futaoran/Desktop/华为杯2026/2026参赛工作区/2026华为杯idea冻结工作区/实验数据/v7_fast_equiv_20260927_0030,0,AI_VERIFIED
0,root1:v7_fast_equiv_20260927_0030,0.0,0,0,0.0,0,0,0,0,,0,0,0,B2_base,case_048,414790,1,0,0,414790,6914,0.3283754169988242,mps,410182,259596,{'0': 259596},222680,414790,4608,0,8a81bfc33a95d6ed417c25a821d0315c813715cc7e3189c2791613fcf26b12c9,0,"[222680, 414790, 0]",0.33677883299969835,B,414790,"[259596, 414790, 0, 0, 0]",seed,/Users/futaoran/Desktop/华为杯2026/2026参赛工作区/2026华为杯idea冻结工作区/实验数据/v7_fast_equiv_20260927_0030,0,AI_VERIFIED
0,root1:v7_fast_equiv_20260927_0030,0.0,0,0,0.0,410182,169,410182,169,,0,0,0,incumbent_base,case_048,414790,1,0,0,414790,6914,0.324027250000654,mps,410182,259596,{'0': 259596},222220,414790,4608,0,fccfe92b14b3a2062ed290f18d83dd83b311adf67f9ac345c8d09e8bf80e7ca0,0,"[222220, 6913.166666666667, 0, 0]",0.37746262499968,C,414790,"[259596, 414790, 0, 0, 0]",incumbent,/Users/futaoran/Desktop/华为杯2026/2026参赛工作区/2026华为杯idea冻结工作区/实验数据/v7_fast_equiv_20260927_0030,0,AI_VERIFIED
108754,root1:v7_fast_equiv_20260927_0030,0.0,0,0,0.0,0,0,0,0,,0,0,0,L2_base,case_048,523544,2,53248,53248,523544,8726,0.2451558330012631,mps,412440,132956,"{'0': 132956, '1': 126640}",225434,414790,4608,108754,41a6138903a5bc25009bfbb3a1cb614656790eae20af51e96966382a77d3e2e2,0,"[254793, 523544, 0]",0.2004547079995973,A,523544,"[132956, 523544, 0, 0, 0]",legacy_seed,/Users/futaoran/Desktop/华为杯2026/2026参赛工作区/2026华为杯idea冻结工作区/实验数据/v7_fast_equiv_20260927_0030,0,AI_VERIFIED
330436,root1:v7_fast_equiv_20260927_0030,0.0,0,0,0.0,0,0,0,0,,0,0,0,B3_base,case_048,745226,2,152928,152928,745226,12421,0.3287657910004782,mps,434762,131857,"{'0': 127739, '1': 131857}",219890,414790,4608,330436,b5cb0a19b858fc00d5890a4adf87fa746ffcbf6eba2003844c97850fdb68cdc5,0,"[219834, 745226, 0]",0.3233031249983469,B,745226,"[131857, 745226, 0, 0, 0]",seed,/Users/futaoran/Desktop/华为杯2026/2026参赛工作区/2026华为杯idea冻结工作区/实验数据/v7_fast_equiv_20260927_0030,0,AI_VERIFIED
294724,root1:v7_fast_equiv_20260927_0030,311.34666666666664,24580,12,0.043135369247886225,545254,335,569834,347,,32114,24580,99,incumbent_aggregate_tid_1000001920,case_048,709514,2,135072,135072,684934,11416,0.3720728330008569,mps,434762,145560,"{'0': 145560, '1': 114036}",219037,414790,4608,294724,030ffc218c5a45b7449ee147599d52e8a7455279c42b7421cdd110004b68a11b,0,"[219000, 11415.566666666668, -24580, 0]",0.34663849999924423,C,709514,"[145560, 709514, 0, -24580, -32114]",aggregate,/Users/futaoran/Desktop/华为杯2026/2026参赛工作区/2026华为杯idea冻结工作区/实验数据/v7_fast_equiv_20260927_0030,0,AI_VERIFIED
74846,root1:v7_fast_equiv_20260927_0030,0.0,0,0,0.0,0,0,0,0,,0,0,0,A2_base,case_048,489636,3,37248,37248,489636,8161,0.258167832998879,mps,410532,93802,"{'0': 93802, '1': 79262, '2': 86532}",226574,414790,4608,74846,be219de12ade2cb16e341a1fa242aa43fac583645c4e496647abe934257979bf,0,"[257468, 489636, 0]",0.19902479199845402,A,489636,"[93802, 489636, 0, 0, 0]",seed,/Users/futaoran/Desktop/华为杯2026/2026参赛工作区/2026华为杯idea冻结工作区/实验数据/v7_fast_equiv_20260927_0030,0,AI_VERIFIED
592232,root1:v7_fast_equiv_20260927_0030,0.0,0,0,0.0,0,0,0,0,,0,0,0,B3_base,case_048,1007022,3,269232,269232,1007022,16784,0.3408231670000532,mps,463950,88410,"{'0': 88410, '1': 83546, '2': 87640}",218425,414790,4608,592232,30039bda4a7ec89a5c7e38dab985d0d9b32138551102778b041a7f2a52c72234,0,"[218388, 1007022, 0]",0.35485924999920826,B,1007022,"[88410, 1007022, 0, 0, 0]",seed,/Users/futaoran/Desktop/华为杯2026/2026参赛工作区/2026华为杯idea冻结工作区/实验数据/v7_fast_equiv_20260927_0030,0,AI_VERIFIED
294724,root1:v7_fast_equiv_20260927_0030,311.34666666666664,24580,12,0.043135369247886225,545254,335,569834,347,,32114,24580,99,lower_core_base,case_048,709514,3,135072,135072,684934,11416,0.4729956659994059,mps,434762,145560,"{'0': 145560, '1': 114036}",219037,414790,4608,294724,7aa7e90312d4e7370d463c51d0f9b3314fb6b9175747c3b8466a3fb0cdbc5bfc,0,"[219000, 11415.566666666668, -24580, 0]",0.4708183340007963,C,709514,"[145560, 709514, 0, -24580, -32114]",lower_core,/Users/futaoran/Desktop/华为杯2026/2026参赛工作区/2026华为杯idea冻结工作区/实验数据/v7_fast_equiv_20260927_0030,0,AI_VERIFIED
221770,root1:v7_fast_equiv_20260927_0030,0.0,0,0,0.0,0,0,0,0,,0,0,0,L2_base,case_048,636560,4,105520,105520,636560,10610,0.302442375001192,mps,420912,82960,"{'0': 62346, '1': 68268, '2': 62018, '3': 66964}",228771,414790,4608,221770,9075d1542ef02d395de4a5a1f82ed6ae201497548a51a4f03cfd7da182439140,0,"[259029, 636560, 0]",0.2596953749998647,A,636560,"[82960, 636560, 0, 0, 0]",legacy_seed,/Users/futaoran/Desktop/华为杯2026/2026参赛工作区/2026华为杯idea冻结工作区/实验数据/v7_fast_equiv_20260927_0030,0,AI_VERIFIED
697484,root1:v7_fast_equiv_20260927_0030,0.0,0,0,0.0,0,0,0,0,,0,0,0,B3_base,case_048,1112274,4,321856,321856,1112274,18538,0.47189583299950755,mps,463954,87960,"{'0': 78987, '1': 77676, '2': 86535, '3': 16398}",224485,414790,4608,697484,9800fe827a3f984d0bfc07ac5580267e8806f6555137852fde4213a1a659248d,0,"[224375, 1112274, 0]",0.5267280000007304,B,1112274,"[87960, 1112274, 0, 0, 0]",seed,/Users/futaoran/Desktop/华为杯2026/2026参赛工作区/2026华为杯idea冻结工作区/实验数据/v7_fast_equiv_20260927_0030,0,AI_VERIFIED
592236,root1:v7_fast_equiv_20260927_0030,827.0319999999999,65290,44,0.08904970907791475,667896,444,733186,488,,21736,65292,262,event_timing_tid_1000000009_miss_2_bytes_4_core_3,case_048,1007026,4,269232,269232,941734,15696,0.3914642919990001,mps,463954,88410,"{'0': 88410, '3': 12502, '2': 87640, '1': 71044}",218419,414790,4608,592236,1c38df8de916ec03e0eb15f9c6dbb4e3b10457d625c04a917106f68d1557eb88,0,"[218382, 15695.6, -65290, 0]",0.343560041001183,C,1007026,"[88410, 1007026, 0, -65292, -21736]",event_timing,/Users/futaoran/Desktop/华为杯2026/2026参赛工作区/2026华为杯idea冻结工作区/实验数据/v7_fast_equiv_20260927_0030,0,AI_VERIFIED
192470,root1:v7_fast_equiv_20260927_0030,0.0,0,0,0.0,0,0,0,0,,0,0,0,A2_base,case_048,607260,5,90832,88784,607260,10121,0.24900899999920512,mps,423036,84960,"{'0': 78797, '1': 49740, '2': 52329, '3': 50262, '4': 28468}",230408,414790,4608,192470,42d0f5f260966955608c0130a0f3901b87ce93d3bc3dadf01bfeca6c64eacd5f,0,"[261689, 607260, 0]",0.22170204099893454,A,607260,"[84960, 607260, 0, 0, 0]",seed,/Users/futaoran/Desktop/华为杯2026/2026参赛工作区/2026华为杯idea冻结工作区/实验数据/v7_fast_equiv_20260927_0030,0,AI_VERIFIED
717070,root1:v7_fast_equiv_20260927_0030,0.0,0,0,0.0,0,0,0,0,,0,0,0,B3_base,case_048,1131860,5,325504,325504,1131860,18865,0.4672202499987179,mps,476244,87460,"{'0': 78763, '1': 83328, '2': 80275, '3': 5296, '4': 11934}",217218,414790,4608,717070,d5300b1c63e0770e65ba64208824984a74c141cfd04b18cfedf2db9317513672,0,"[217135, 1131860, 0]",0.34193749999940337,B,1131860,"[87460, 1131860, 0, 0, 0]",seed,/Users/futaoran/Desktop/华为杯2026/2026参赛工作区/2026华为杯idea冻结工作区/实验数据/v7_fast_equiv_20260927_0030,0,AI_VERIFIED
717070,root1:v7_fast_equiv_20260927_0030,1123.7613333333334,90766,50,0.11321013585316084,710982,480,801748,530,,114082,88718,355,incumbent_split_topo_g30_p4,case_048,1131860,5,325504,325504,1043142,17386,0.39708170800076914,mps,476244,87460,"{'0': 78763, '1': 83328, '2': 80275, '3': 5296, '4': 11934}",215393,414790,4608,717070,58fb51d2a6caf6de718bc24533238f89abe6fa90797b560a685242220464e79b,0,"[215310, 17351.566666666666, -90766, 0]",0.2877972919995955,C,1131860,"[87460, 1131860, 0, -88718, -114082]",timing,/Users/futaoran/Desktop/华为杯2026/2026参赛工作区/2026华为杯idea冻结工作区/实验数据/v7_fast_equiv_20260927_0030,0,AI_VERIFIED
10278,root1:v7_fast_equiv_20260927_0030,0.0,0,0,0.0,0,0,0,0,,0,0,0,A2_base,case_050,329654,1,5120,5120,329654,5495,0.671645083999465,mps,319338,185379,{'0': 185379},150062,319376,76,10278,dc1905b9bd3575c886096c5323fd398a2ab79a8ca6ad8ecb90d19412dfb8d12b,0,"[179239, 329654, 0]",0.6653770829998393,A,329654,"[185379, 329654, 0, 0, 0]",seed,/Users/futaoran/Desktop/华为杯2026/2026参赛工作区/2026华为杯idea冻结工作区/实验数据/v7_fast_equiv_20260927_0030,0,AI_VERIFIED
409608,root1:v7_fast_equiv_20260927_0030,0.0,0,0,0.0,0,0,0,0,,0,0,0,B2_base,case_050,319376,1,0,0,319376,5323,0.970772583001235,mps,319300,185379,{'0': 185379},149242,319376,76,0,9de85fb180ca507a7d0052ef5035a45ddb591ba64dc1c01e58913c6eb3ea72cb,224012,"[149108, 728984, 409608]",0.9798522910004976,B,728984,"[185379, 319376, 224012, 0, 0]",seed,/Users/futaoran/Desktop/华为杯2026/2026参赛工作区/2026华为杯idea冻结工作区/实验数据/v7_fast_equiv_20260927_0030,409608,AI_VERIFIED
836812,root1:v7_fast_equiv_20260927_0030,0.0,24580,0,0.03277350812537667,725416,188,319300,188,,872528,0,0,incumbent_split_height_g3_p4,case_050,319376,1,0,0,319376,5323,1.104771125001207,mps,319300,185379,{'0': 185379},148876,319376,76,0,d5716d81aca3669af54ae9a16a07d2c871a181af181fe5de6b5eb43074831c2a,224012,"[147286, 18860.133333333335, -24580, 836812]",1.1508471659999486,C,1156188,"[185379, 319376, 224012, 0, -872528]",timing,/Users/futaoran/Desktop/华为杯2026/2026参赛工作区/2026华为杯idea冻结工作区/实验数据/v7_fast_equiv_20260927_0030,836812,AI_VERIFIED
54860,root1:v7_fast_equiv_20260927_0030,0.0,0,0,0.0,0,0,0,0,,0,0,0,A2_base,case_050,374236,2,25664,25664,374236,6238,0.6221243330001016,mps,322832,95451,"{'0': 89928, '1': 95451}",114372,319376,76,54860,de5b17b710d7fa24e4eda1401ad3ce94e45064bf3d45a428dad5b18c401e8052,0,"[140563, 374236, 0]",0.47930045899920515,A,374236,"[95451, 374236, 0, 0, 0]",seed,/Users/futaoran/Desktop/华为杯2026/2026参赛工作区/2026华为杯idea冻结工作区/实验数据/v7_fast_equiv_20260927_0030,0,AI_VERIFIED
1864910,root1:v7_fast_equiv_20260927_0030,0.0,0,0,0.0,0,0,0,0,,0,0,0,B3_base,case_050,2122822,2,848454,848454,2122822,35381,1.3112979170000472,mps,425838,93405,"{'0': 91974, '1': 93405}",136638,319376,76,1803446,6fe3759252d997a9e4d9d4b4a969a5f3d11905f62e28e5b4e4b9b14eb6b85fcc,0,"[135127, 2184286, 61464]",0.9736247090004326,B,2184286,"[93405, 2122822, 0, 0, 0]",seed,/Users/futaoran/Desktop/华为杯2026/2026参赛工作区/2026华为杯idea冻结工作区/实验数据/v7_fast_equiv_20260927_0030,61464,AI_VERIFIED
11652,root1:v7_fast_equiv_20260927_0030,147.54133333333334,11648,4,0.03519564888956036,319302,189,330950,193,,0,11648,47,incumbent_disperse_tid_9224_node_9231_core_1_pos_0,case_050,331028,2,2,2,319380,5323,0.9962892919993465,mps,330948,140991,"{'0': 140991, '1': 44388}",107981,319376,76,11652,c20430e43cb13688da62152c3891d5abb990710290fed6dd5b4e2cd9067dc4aa,0,"[107968, 5323.0, -11648, 0]",0.9798865419998037,C,331028,"[140991, 331028, 0, -11648, 0]",disperse,/Users/futaoran/Desktop/华为杯2026/2026参赛工作区/2026华为杯idea冻结工作区/实验数据/v7_fast_equiv_20260927_0030,0,AI_VERIFIED
6912,root1:v7_fast_equiv_20260927_0030,0.0,0,0,0.0,0,0,0,0,,0,0,0,L1_base,case_050,326288,3,0,0,326288,5439,1.0014568329988833,mps,326212,141131,"{'0': 141131, '1': 22288, '2': 21960}",108134,319376,76,6912,db19a67285a08ba89a7398645f95be13c01fe250981c0165a4e32fbdc384301c,0,"[134038, 326288, 0]",0.997563208999054,A,326288,"[141131, 326288, 0, 0, 0]",legacy_seed,/Users/futaoran/Desktop/华为杯2026/2026参赛工作区/2026华为杯idea冻结工作区/实验数据/v7_fast_equiv_20260927_0030,0,AI_VERIFIED
6912,root1:v7_fast_equiv_20260927_0030,0.0,0,0,0.0,0,0,0,0,,0,0,0,L1_base,case_050,326288,3,0,0,326288,5439,1.0521215000007942,mps,326212,141131,"{'0': 141131, '1': 22288, '2': 21960}",108134,319376,76,6912,db19a67285a08ba89a7398645f95be13c01fe250981c0165a4e32fbdc384301c,0,"[108108, 326288, 0]",1.2744060420009191,B,326288,"[141131, 326288, 0, 0, 0]",legacy_seed,/Users/futaoran/Desktop/华为杯2026/2026参赛工作区/2026华为杯idea冻结工作区/实验数据/v7_fast_equiv_20260927_0030,0,AI_VERIFIED
11652,root1:v7_fast_equiv_20260927_0030,147.54133333333334,11648,4,0.03519564888956036,319302,189,330950,193,,0,11648,47,incumbent_disperse_tid_9224_node_9231_core_1_pos_0,case_050,331028,3,2,2,319380,5323,1.2475400410003203,mps,330948,140991,"{'0': 140991, '1': 44388}",107981,319376,76,11652,45f721848fa5823b86a8ba933ae728fe8b152504643738363001e044209020d3,0,"[107968, 5323.0, -11648, 0]",1.1472762920002424,C,331028,"[140991, 331028, 0, -11648, 0]",disperse,/Users/futaoran/Desktop/华为杯2026/2026参赛工作区/2026华为杯idea冻结工作区/实验数据/v7_fast_equiv_20260927_0030,0,AI_VERIFIED
10368,root1:v7_fast_equiv_20260927_0030,0.0,0,0,0.0,0,0,0,0,,0,0,0,L1_base,case_050,329744,4,0,0,329744,5496,0.9958480410004995,mps,329668,141131,"{'0': 141131, '1': 15018, '2': 14648, '3': 14582}",108147,319376,76,10368,adaa3f76d3458682e3aa98341768a4a3f3759373a2e1a2c9840cd508ef189acc,0,"[134038, 329744, 0]",0.9631907909988513,A,329744,"[141131, 329744, 0, 0, 0]",legacy_seed,/Users/futaoran/Desktop/华为杯2026/2026参赛工作区/2026华为杯idea冻结工作区/实验数据/v7_fast_equiv_20260927_0030,0,AI_VERIFIED
34380,root1:v7_fast_equiv_20260927_0030,0.0,0,0,0.0,0,0,0,0,,0,0,0,r2_split_g1_h0_c2_p0,case_050,353756,4,15424,15424,353756,5896,0.6385459580014867,mps,322832,66856,"{'3': 66856, '2': 35526, '0': 38749, '1': 44248}",107794,319376,76,34380,8553866fb4e1bf51a22795fe05c993cf4409ac2c9525003bd98230296621eae8,0,"[107768, 353756, 0]",0.6202666669996688,B,353756,"[66856, 353756, 0, 0, 0]",ordinary_chain,/Users/futaoran/Desktop/华为杯2026/2026参赛工作区/2026华为杯idea冻结工作区/实验数据/v7_fast_equiv_20260927_0030,0,AI_VERIFIED
34380,root1:v7_fast_equiv_20260927_0030,44.333333333333336,3532,10,0.010441795563123787,334724,215,338256,225,,144698,3500,14,incumbent_split_height_g2_p4,case_050,353756,4,15424,15424,350256,5838,0.7235319999999774,mps,322832,66856,"{'3': 66856, '2': 35526, '0': 38749, '1': 44248}",107658,319376,76,34380,7055fdceb73da564fb0ecc1626dcd3bc731a9d22511f9496c0276ddce5b0b57e,0,"[107632, 5837.066666666667, -3532, 0]",0.6230214169991086,C,353756,"[66856, 353756, 0, -3500, -144698]",timing,/Users/futaoran/Desktop/华为杯2026/2026参赛工作区/2026华为杯idea冻结工作区/实验数据/v7_fast_equiv_20260927_0030,0,AI_VERIFIED
13824,root1:v7_fast_equiv_20260927_0030,0.0,0,0,0.0,0,0,0,0,,0,0,0,L1_base,case_050,333200,5,0,0,333200,5554,0.8810776250011259,mps,333124,141131,"{'0': 141131, '1': 11246, '2': 11252, '3': 10806, '4': 10944}",108160,319376,76,13824,f16a4f1041bf033bfe5e42e1e3270b8f18bd076256d5e146532456d90e8de726,0,"[134038, 333200, 0]",0.8343992500012973,A,333200,"[141131, 333200, 0, 0, 0]",legacy_seed,/Users/futaoran/Desktop/华为杯2026/2026参赛工作区/2026华为杯idea冻结工作区/实验数据/v7_fast_equiv_20260927_0030,0,AI_VERIFIED
34380,root1:v7_fast_equiv_20260927_0030,0.0,0,0,0.0,0,0,0,0,,0,0,0,r2_split_g1_h0_c3_p0,case_050,353756,5,15424,15424,353756,5896,0.7160657500007801,mps,322832,66856,"{'2': 66856, '3': 35526, '0': 38749, '1': 44248}",107794,319376,76,34380,1a1ef153134778b4fada468f3ae6a9679230589a5c034dd280ed5ad1bb5b2afa,0,"[107768, 353756, 0]",0.6115260409987968,B,353756,"[66856, 353756, 0, 0, 0]",ordinary_chain,/Users/futaoran/Desktop/华为杯2026/2026参赛工作区/2026华为杯idea冻结工作区/实验数据/v7_fast_equiv_20260927_0030,0,AI_VERIFIED
34380,root1:v7_fast_equiv_20260927_0030,44.333333333333336,3532,10,0.010441795563123787,334724,215,338256,225,,144698,3500,14,incumbent_split_height_g2_p4,case_050,353756,5,15424,15424,350256,5838,0.7385241669999232,mps,322832,66856,"{'3': 66856, '2': 35526, '0': 38749, '1': 44248}",107658,319376,76,34380,09a852e58fa5a817cbb5cf687298e3ea739fa6305073e9138a888697f7d14527,0,"[107632, 5837.066666666667, -3532, 0]",0.694390625001688,C,353756,"[66856, 353756, 0, -3500, -144698]",timing,/Users/futaoran/Desktop/华为杯2026/2026参赛工作区/2026华为杯idea冻结工作区/实验数据/v7_fast_equiv_20260927_0030,0,AI_VERIFIED
53593728,root1:v7_fast_equiv_20260927_0030,0.0,0,0,0.0,0,0,0,0,,0,0,0,L2_base,case_091,12230136,1,64512,64512,12230136,203836,12.740133207998952,mps,12059136,9913070,{'0': 9913070},9191996,6577656,41976,5652480,0bc69fd5e972f41e2abd79bae3b9ef124885c96b66ba3e6dd88f4db0c749587b,5905408,"[10034316, 60171384, 47941248]",11.693803749998551,A,60171384,"[9913070, 12230136, 5905408, 0, 0]",legacy_seed,/Users/futaoran/Desktop/华为杯2026/2026参赛工作区/2026华为杯idea冻结工作区/实验数据/v7_fast_equiv_20260927_0030,47941248,AI_VERIFIED
128493184,root1:v7_fast_equiv_20260927_0030,0.0,0,0,0.0,0,0,0,0,,0,0,0,B3_base,case_091,6577656,1,0,0,6577656,109628,33.24403537499893,mps,6535680,9913070,{'0': 9913070},9789142,6577656,41976,0,6ef005022e46c99b574feca487643ab7599c8d4966322a526a1d875b8291ed14,42131840,"[9702877, 135070840, 128493184]",42.61817337499997,B,135070840,"[9913070, 6577656, 42131840, 0, 0]",seed,/Users/futaoran/Desktop/华为杯2026/2026参赛工作区/2026华为杯idea冻结工作区/实验数据/v7_fast_equiv_20260927_0030,128493184,AI_VERIFIED
48764544,root1:v7_fast_equiv_20260927_0030,0.0,8082048,0,0.14988712353741304,45838848,1430,6535680,1430,,14031360,0,0,incumbent_split_topo_g0_p4,case_091,6577656,1,0,0,6577656,109628,13.067263332999573,mps,6535680,9913070,{'0': 9913070},9166672,6577656,41976,0,c53986a6aeaea6b19e9fe5579dd5864de157a662571013bdf5e8efb758737d28,2724352,"[9163961, 787669.2, -8082048, 48764544]",12.72991600000023,C,55342200,"[9913070, 6577656, 2724352, 0, -14031360]",timing,/Users/futaoran/Desktop/华为杯2026/2026参赛工作区/2026华为杯idea冻结工作区/实验数据/v7_fast_equiv_20260927_0030,48764544,AI_VERIFIED
57904096,root1:v7_fast_equiv_20260927_0030,0.0,0,0,0.0,0,0,0,0,,0,0,0,L1_base,case_091,13055992,2,0,0,13055992,217600,12.842180334000659,mps,13014016,4960493,"{'0': 4952577, '1': 4960493}",4571759,6577656,41976,6478336,f91f1c83adaf7743040896cbf1ea8671e6bff480e98788dbdb1979c37d008d24,3746816,"[5035924, 64481752, 51425760]",11.273276042000361,A,64481752,"[4960493, 13055992, 3746816, 0, 0]",legacy_seed,/Users/futaoran/Desktop/华为杯2026/2026参赛工作区/2026华为杯idea冻结工作区/实验数据/v7_fast_equiv_20260927_0030,51425760,AI_VERIFIED
57904096,root1:v7_fast_equiv_20260927_0030,0.0,0,0,0.0,0,0,0,0,,0,0,0,L1_base,case_091,13055992,2,0,0,13055992,217600,21.773567041000206,mps,13014016,4960493,"{'0': 4952577, '1': 4960493}",4571759,6577656,41976,6478336,f91f1c83adaf7743040896cbf1ea8671e6bff480e98788dbdb1979c37d008d24,3746816,"[4558922, 64481752, 51425760]",20.592298333000144,B,64481752,"[4960493, 13055992, 3746816, 0, 0]",legacy_seed,/Users/futaoran/Desktop/华为杯2026/2026参赛工作区/2026华为杯idea冻结工作区/实验数据/v7_fast_equiv_20260927_0030,51425760,AI_VERIFIED
48764544,root1:v7_fast_equiv_20260927_0030,0.0,8082048,0,0.14988712353741304,45838848,1430,6535680,1430,,14031360,0,0,lower_core_base,case_091,6577656,2,0,0,6577656,109628,17.038407874999393,mps,6535680,9913070,{'0': 9913070},9166672,6577656,41976,0,14c47c27c9996f29d6bae2aecc7e12a2289ae8e29f1c34a8674e85f10b19bdaf,2724352,"[9163961, 787669.2, -8082048, 48764544]",16.35355629100013,C,55342200,"[9913070, 6577656, 2724352, 0, -14031360]",lower_core,/Users/futaoran/Desktop/华为杯2026/2026参赛工作区/2026华为杯idea冻结工作区/实验数据/v7_fast_equiv_20260927_0030,48764544,AI_VERIFIED
64602944,root1:v7_fast_equiv_20260927_0030,0.0,0,0,0.0,0,0,0,0,,0,0,0,L1_base,case_091,19534328,3,0,0,19534328,325573,15.089661959000296,mps,19492352,3304910,"{'0': 3304041, '1': 3304119, '2': 3304910}",3090094,6577656,41976,12956672,154ce854746ac088e37b78d205173d0e02e251e9290c5184ec15e06ec621ce8e,4695552,"[3379634, 71180600, 51646272]",14.952476499998738,A,71180600,"[3304910, 19534328, 4695552, 0, 0]",legacy_seed,/Users/futaoran/Desktop/华为杯2026/2026参赛工作区/2026华为杯idea冻结工作区/实验数据/v7_fast_equiv_20260927_0030,51646272,AI_VERIFIED
64602944,root1:v7_fast_equiv_20260927_0030,0.0,0,0,0.0,0,0,0,0,,0,0,0,L1_base,case_091,19534328,3,0,0,19534328,325573,30.415834875000655,mps,19492352,3304910,"{'0': 3304041, '1': 3304119, '2': 3304910}",3090094,6577656,41976,12956672,154ce854746ac088e37b78d205173d0e02e251e9290c5184ec15e06ec621ce8e,4695552,"[3061966, 71180600, 51646272]",20.342997708999974,B,71180600,"[3304910, 19534328, 4695552, 0, 0]",legacy_seed,/Users/futaoran/Desktop/华为杯2026/2026参赛工作区/2026华为杯idea冻结工作区/实验数据/v7_fast_equiv_20260927_0030,51646272,AI_VERIFIED
63389504,root1:v7_fast_equiv_20260927_0030,17062.912,16382528,331,0.23428651971798886,53542656,3933,19492352,4264,,0,1347072,5389,incumbent_base,case_091,19534328,3,0,0,18187256,303121,12.347593958000289,mps,19492352,3309933,"{'0': 3309933, '1': 3303937, '2': 3299200}",3057457,6577656,41976,12956672,3a072a712778dc457c79f76945aaa142e60d72b477e22216facd0782d5752c75,4987392,"[3045301, 895381.2, -16244288, 50432832]",11.898629792000065,C,69967160,"[3309933, 19534328, 4987392, -1347072, 0]",incumbent,/Users/futaoran/Desktop/华为杯2026/2026参赛工作区/2026华为杯idea冻结工作区/实验数据/v7_fast_equiv_20260927_0030,50432832,AI_VERIFIED
69360288,root1:v7_fast_equiv_20260927_0030,0.0,0,0,0.0,0,0,0,0,,0,0,0,L1_base,case_091,26012664,4,0,0,26012664,433545,9.823207833000197,mps,25970688,2489636,"{'0': 2475880, '1': 2470844, '2': 2489636, '3': 2476710}",2315897,6577656,41976,19435008,5e1a2359f973f8a0e770dbae618a6acfc244dea01086f3058271b68b86c74d3f,5896192,"[2548208, 75937944, 49925280]",19.1905569999999,A,75937944,"[2489636, 26012664, 5896192, 0, 0]",legacy_seed,/Users/futaoran/Desktop/华为杯2026/2026参赛工作区/2026华为杯idea冻结工作区/实验数据/v7_fast_equiv_20260927_0030,49925280,AI_VERIFIED
69360288,root1:v7_fast_equiv_20260927_0030,0.0,0,0,0.0,0,0,0,0,,0,0,0,L1_base,case_091,26012664,4,0,0,26012664,433545,14.18338091700025,mps,25970688,2489636,"{'0': 2475880, '1': 2470844, '2': 2489636, '3': 2476710}",2315897,6577656,41976,19435008,5e1a2359f973f8a0e770dbae618a6acfc244dea01086f3058271b68b86c74d3f,5896192,"[2283910, 75937944, 49925280]",13.34761404100027,B,75937944,"[2489636, 26012664, 5896192, 0, 0]",legacy_seed,/Users/futaoran/Desktop/华为杯2026/2026参赛工作区/2026华为杯idea冻结工作区/实验数据/v7_fast_equiv_20260927_0030,49925280,AI_VERIFIED
53947008,root1:v7_fast_equiv_20260927_0030,0.0,6374016,0,0.10538579237748164,54108672,1430,6535680,1430,,0,0,0,C0_base,case_091,6577656,4,0,0,6577656,109628,17.52170012500028,mps,6535680,9913070,{'0': 9913070},9168820,6577656,41976,0,dc3d5ccd37fc4156405359f3bb3b22c90d0f6bf50ab0eae4b23c5aa4fa6d9b22,2724352,"[9164768, 902510.8, -6374016, 53947008]",18.57750287499948,C,60524664,"[9913070, 6577656, 2724352, 0, 0]",seed,/Users/futaoran/Desktop/华为杯2026/2026参赛工作区/2026华为杯idea冻结工作区/实验数据/v7_fast_equiv_20260927_0030,53947008,AI_VERIFIED
73417216,root1:v7_fast_equiv_20260927_0030,0.0,0,0,0.0,0,0,0,0,,0,0,0,L1_base,case_091,32491000,5,0,0,32491000,541517,9.502277957999468,mps,32449024,1987299,"{'0': 1987299, '1': 1981420, '2': 1981420, '3': 1981472, '4': 1981459}",1882479,6577656,41976,25913344,3e2d599dd3994f90ae28417ce69ab5da3e711a50bb8412244c28a2619ca7cc27,6798848,"[2047637, 79994872, 47503872]",8.113244791999023,A,79994872,"[1987299, 32491000, 6798848, 0, 0]",legacy_seed,/Users/futaoran/Desktop/华为杯2026/2026参赛工作区/2026华为杯idea冻结工作区/实验数据/v7_fast_equiv_20260927_0030,47503872,AI_VERIFIED
167261336,root1:v7_fast_equiv_20260927_0030,0.0,0,0,0.0,0,0,0,0,,0,0,0,B3_move,case_091,134177296,5,56267788,56267788,134177296,2236289,19.71505816699937,mps,21599744,2238415,"{'0': 2238415, '1': 1778156, '2': 1957628, '3': 1797612, '4': 2141259}",3309654,6577656,41976,127599640,c047ccc3d842d4b35072e9c32e12e5cbce60444d15a79afda95797fd53a6ccde,14411264,"[2888344, 173838992, 39661696]",16.87525283300056,B,173838992,"[2238415, 134177296, 14411264, 0, 0]",ordinary,/Users/futaoran/Desktop/华为杯2026/2026参赛工作区/2026华为杯idea冻结工作区/实验数据/v7_fast_equiv_20260927_0030,39661696,AI_VERIFIED
73177600,root1:v7_fast_equiv_20260927_0030,47531.008,20253696,967,0.25408182927612566,59459584,6131,32449024,7098,,0,3752448,15010,C1_base,case_091,32491000,5,0,0,28738552,478976,4.101532208998833,mps,32449024,1987234,"{'0': 1987234, '1': 1981602, '2': 1981316, '3': 1981459, '4': 1981459}",1876880,6577656,41976,25913344,701f068b01df6d4abccd55553477eb91f5dd942e8329e928aedcbbf95ecf1a1f,7302656,"[1826281, 993356.6666666666, -20153856, 47264256]",3.5634320829994977,C,79755256,"[1987234, 32491000, 7302656, -3752448, 0]",seed,/Users/futaoran/Desktop/华为杯2026/2026参赛工作区/2026华为杯idea冻结工作区/实验数据/v7_fast_equiv_20260927_0030,47264256,AI_VERIFIED
8192,root1:v7_fast_equiv_20260927_0030,0.0,0,0,0.0,0,0,0,0,,0,0,0,A2_base,case_093,722944,1,0,0,722944,12050,0.06855554100002337,mps,581632,86112,{'0': 86112},74542,714752,141312,8192,6493b101c34daf5e0dddc97766687b530c380cede7c8005d06320c47bb840dbe,0,"[85268, 722944, 0]",0.08712295800069114,A,722944,"[86112, 722944, 0, 0, 0]",seed,/Users/futaoran/Desktop/华为杯2026/2026参赛工作区/2026华为杯idea冻结工作区/实验数据/v7_fast_equiv_20260927_0030,0,AI_VERIFIED
0,root1:v7_fast_equiv_20260927_0030,0.0,0,0,0.0,0,0,0,0,,0,0,0,B2_aggregate,case_093,714752,1,0,0,714752,11913,0.07146887499948207,mps,573440,86112,{'0': 86112},74588,714752,141312,0,c9d5010d0605802fd31053239711e1fc728bbddd3e229b4bf8f13c6a7b789427,0,"[74588, 714752, 0]",0.09815775000060967,B,714752,"[86112, 714752, 0, 0, 0]",aggregate,/Users/futaoran/Desktop/华为杯2026/2026参赛工作区/2026华为杯idea冻结工作区/实验数据/v7_fast_equiv_20260927_0030,0,AI_VERIFIED
0,root1:v7_fast_equiv_20260927_0030,0.0,0,0,0.0,573440,280,573440,280,,0,0,0,incumbent_base,case_093,714752,1,0,0,714752,11913,0.08205004099909274,mps,573440,86112,{'0': 86112},74205,714752,141312,0,a362e021ae414498dd346e4bc8e6b78da392e950324de1b529b931302c9673d6,0,"[74205, 11912.533333333333, 0, 0]",0.09554870900137757,C,714752,"[86112, 714752, 0, 0, 0]",incumbent,/Users/futaoran/Desktop/华为杯2026/2026参赛工作区/2026华为杯idea冻结工作区/实验数据/v7_fast_equiv_20260927_0030,0,AI_VERIFIED
57344,root1:v7_fast_equiv_20260927_0030,0.0,0,0,0.0,0,0,0,0,,0,0,0,L2_base,case_093,772096,2,16384,16384,772096,12869,0.08872800000062853,mps,598016,43056,"{'0': 43056, '1': 43056}",77652,714752,141312,57344,1cc9cdaaeead6e16b9d09026c76af2353770d9ea72bd0ca8471fbf8eb9b7df3a,0,"[88666, 772096, 0]",0.048717625000790576,A,772096,"[43056, 772096, 0, 0, 0]",legacy_seed,/Users/futaoran/Desktop/华为杯2026/2026参赛工作区/2026华为杯idea冻结工作区/实验数据/v7_fast_equiv_20260927_0030,0,AI_VERIFIED
1138688,root1:v7_fast_equiv_20260927_0030,0.0,0,0,0.0,0,0,0,0,,0,0,0,L2_base,case_093,1853440,2,565248,565248,1853440,30891,0.17967129099997692,mps,581632,43056,"{'0': 43056, '1': 43056}",48469,714752,141312,1138688,5de73e7f5fa5384cfb134135a74f3e4e63e3d761ba723032f932f6ccf3a9b539,0,"[41303, 1853440, 0]",0.1647917080008483,B,1853440,"[43056, 1853440, 0, 0, 0]",legacy_seed,/Users/futaoran/Desktop/华为杯2026/2026参赛工作区/2026华为杯idea冻结工作区/实验数据/v7_fast_equiv_20260927_0030,0,AI_VERIFIED
0,root1:v7_fast_equiv_20260927_0030,0.0,0,0,0.0,573440,280,573440,280,,0,0,0,C0_base,case_093,714752,2,0,0,714752,11913,0.08000587499918765,mps,573440,86112,{'0': 86112},74205,714752,141312,0,28c4096c8f839f30bf0634a3dcb69c94319fdd90ef8cce0eea5cb829e3327e66,0,"[74205, 11912.533333333333, 0, 0]",0.07638979200055473,C,714752,"[86112, 714752, 0, 0, 0]",seed,/Users/futaoran/Desktop/华为杯2026/2026参赛工作区/2026华为杯idea冻结工作区/实验数据/v7_fast_equiv_20260927_0030,0,AI_VERIFIED
32768,root1:v7_fast_equiv_20260927_0030,0.0,0,0,0.0,0,0,0,0,,0,0,0,A2_aggregate,case_093,747520,3,0,0,747520,12459,0.10369362499841372,mps,606208,28704,"{'0': 28704, '1': 28704, '2': 28704}",25510,714752,141312,32768,4c2c18fd213082c42a771e0d100ab79e6d3163141803cabff06834df7a598dc6,0,"[28688, 747520, 0]",0.05163029100003769,A,747520,"[28704, 747520, 0, 0, 0]",aggregate,/Users/futaoran/Desktop/华为杯2026/2026参赛工作区/2026华为杯idea冻结工作区/实验数据/v7_fast_equiv_20260927_0030,0,AI_VERIFIED
843776,root1:v7_fast_equiv_20260927_0030,0.0,0,0,0.0,0,0,0,0,,0,0,0,B2_move,case_093,1558528,3,413696,413696,1558528,25976,0.12421445899963146,mps,589824,31976,"{'0': 29748, '1': 24388, '2': 31976}",41428,714752,141312,843776,56bd946236e76f3eb5215ad824cb7e0af4468f2c239f742b7fcb0143f609226d,0,"[41252, 1558528, 0]",0.10434041699954832,B,1558528,"[31976, 1558528, 0, 0, 0]",ordinary,/Users/futaoran/Desktop/华为杯2026/2026参赛工作区/2026华为杯idea冻结工作区/实验数据/v7_fast_equiv_20260927_0030,0,AI_VERIFIED
0,root1:v7_fast_equiv_20260927_0030,0.0,0,0,0.0,573440,280,573440,280,,0,0,0,C0_base,case_093,714752,3,0,0,714752,11913,0.1030474580002192,mps,573440,86112,{'0': 86112},74205,714752,141312,0,a832886fcb56185819e8ceb764a2dc173d10b10de3d1fdf49e2bc9a6e07c3aee,0,"[74205, 11912.533333333333, 0, 0]",0.09058924999953888,C,714752,"[86112, 714752, 0, 0, 0]",seed,/Users/futaoran/Desktop/华为杯2026/2026参赛工作区/2026华为杯idea冻结工作区/实验数据/v7_fast_equiv_20260927_0030,0,AI_VERIFIED
122880,root1:v7_fast_equiv_20260927_0030,0.0,0,0,0.0,0,0,0,0,,0,0,0,L2_base,case_093,837632,4,32768,32768,837632,13961,0.08631712500027788,mps,630784,21976,"{'0': 21976, '1': 21080, '2': 21528, '3': 21528}",82147,714752,141312,122880,701b65f7d8602a6c1125c2fe6435e89fddf274fb01b7f5d9a94861bcb24cadc9,0,"[93488, 837632, 0]",0.07543220899970038,A,837632,"[21976, 837632, 0, 0, 0]",legacy_seed,/Users/futaoran/Desktop/华为杯2026/2026参赛工作区/2026华为杯idea冻结工作区/实验数据/v7_fast_equiv_20260927_0030,0,AI_VERIFIED
933888,root1:v7_fast_equiv_20260927_0030,0.0,0,0,0.0,0,0,0,0,,0,0,0,B2_move,case_093,1648640,4,454656,454656,1648640,27478,0.1298792500001582,mps,598016,27478,"{'0': 22244, '1': 18224, '2': 19028, '3': 26616}",30294,714752,141312,933888,92d1acfcc7ed3d5fa8e59c385c394a148fea56abdfe7046696c5fd15c77f43f3,0,"[29739, 1648640, 0]",0.12015979100033292,B,1648640,"[27478, 1648640, 0, 0, 0]",ordinary,/Users/futaoran/Desktop/华为杯2026/2026参赛工作区/2026华为杯idea冻结工作区/实验数据/v7_fast_equiv_20260927_0030,0,AI_VERIFIED
0,root1:v7_fast_equiv_20260927_0030,0.0,0,0,0.0,573440,280,573440,280,,0,0,0,C0_base,case_093,714752,4,0,0,714752,11913,0.09535112499906973,mps,573440,86112,{'0': 86112},74205,714752,141312,0,b78d8604064071a5ad387a09bfa02d0ce114d2bd93ca588b585dc1a4c8878e7c,0,"[74205, 11912.533333333333, 0, 0]",0.08590849999927741,C,714752,"[86112, 714752, 0, 0, 0]",seed,/Users/futaoran/Desktop/华为杯2026/2026参赛工作区/2026华为杯idea冻结工作区/实验数据/v7_fast_equiv_20260927_0030,0,AI_VERIFIED
139264,root1:v7_fast_equiv_20260927_0030,0.0,0,0,0.0,0,0,0,0,,0,0,0,L2_base,case_093,854016,5,32768,32768,854016,14234,0.08567108300121618,mps,647168,17384,"{'0': 17204, '1': 17204, '2': 17384, '3': 17160, '4': 17160}",67248,714752,141312,139264,72c1179535a7e97cf5be0c6e67f6ba7be7844e2516cebf1c59beefa0c96f4f7c,0,"[76233, 854016, 0]",0.08360008300041954,A,854016,"[17384, 854016, 0, 0, 0]",legacy_seed,/Users/futaoran/Desktop/华为杯2026/2026参赛工作区/2026华为杯idea冻结工作区/实验数据/v7_fast_equiv_20260927_0030,0,AI_VERIFIED
937984,root1:v7_fast_equiv_20260927_0030,0.0,0,0,0.0,0,0,0,0,,0,0,0,B3_move,case_093,1652736,5,452608,452608,1652736,27546,0.1247352080008568,mps,606208,27546,"{'2': 15008, '1': 15276, '3': 13132, '4': 15812, '0': 26884}",31509,714752,141312,937984,c3fa35a1f84eb22590523f61e235456bf586f83e7b47164bb00274265777ae66,0,"[28537, 1652736, 0]",0.12771220800095762,B,1652736,"[27546, 1652736, 0, 0, 0]",ordinary,/Users/futaoran/Desktop/华为杯2026/2026参赛工作区/2026华为杯idea冻结工作区/实验数据/v7_fast_equiv_20260927_0030,0,AI_VERIFIED
0,root1:v7_fast_equiv_20260927_0030,0.0,0,0,0.0,573440,280,573440,280,,0,0,0,C0_base,case_093,714752,5,0,0,714752,11913,0.09583216600003652,mps,573440,86112,{'0': 86112},74205,714752,141312,0,d4b5c6ea790e6d3297928752e8beb20899067f6e3b570d2b49e3ce2a154058ec,0,"[74205, 11912.533333333333, 0, 0]",0.06557224999960454,C,714752,"[86112, 714752, 0, 0, 0]",seed,/Users/futaoran/Desktop/华为杯2026/2026参赛工作区/2026华为杯idea冻结工作区/实验数据/v7_fast_equiv_20260927_0030,0,AI_VERIFIED
8204,root1:v7_fast_equiv_20260927_0030,0.0,0,0,0.0,0,0,0,0,,0,0,0,L2_base,case_029,438368,1,6,6,438368,7307,0.09455291599988414,mps,266324,37485,{'0': 37485},37692,430164,172032,8204,a4ed1120f2160aa23703bc8ff95d8ed3d2e113e28655ba934a9a30ca9d23fef5,0,"[38177, 438368, 0]",0.07405699999981152,A,438368,"[37485, 438368, 0, 0, 0]",legacy_seed,/Users/futaoran/Desktop/华为杯2026/2026参赛工作区/2026华为杯idea冻结工作区/实验数据/v7_fast_equiv_20260927_0030,0,AI_VERIFIED
49152,root1:v7_fast_equiv_20260927_0030,0.0,0,0,0.0,0,0,0,0,,0,0,0,L2_base,case_029,430164,1,0,0,430164,7170,0.1320674170001439,mps,258132,37485,{'0': 37485},37555,430164,172032,0,5cb0dbe6786f068d728676546c780755e107f21fad1512c4623e8fe5bf17c02d,49278,"[37555, 479316, 49152]",0.11406858299960732,B,479316,"[37485, 430164, 49278, 0, 0]",legacy_seed,/Users/futaoran/Desktop/华为杯2026/2026参赛工作区/2026华为杯idea冻结工作区/实验数据/v7_fast_equiv_20260927_0030,49152,AI_VERIFIED
0,root1:v7_fast_equiv_20260927_0030,0.0,0,0,0.0,258132,168,258132,168,,0,0,0,incumbent_base,case_029,430164,1,0,0,430164,7170,0.12119041699952504,mps,258132,37485,{'0': 37485},37555,430164,172032,0,8c0602d829297e24f835c5e6089f7b199c7661b1d5530315bb9a8df1a8869091,0,"[37555, 7169.4, 0, 0]",0.116838458001439,C,430164,"[37485, 430164, 0, 0, 0]",incumbent,/Users/futaoran/Desktop/华为杯2026/2026参赛工作区/2026华为杯idea冻结工作区/实验数据/v7_fast_equiv_20260927_0030,0,AI_VERIFIED
0,root1:v7_fast_equiv_20260927_0030,0.0,0,0,0.0,0,0,0,0,,0,0,0,A2_base,case_029,430164,2,0,0,430164,7170,0.11104187499950058,mps,258132,19635,"{'0': 17850, '1': 19635}",19980,430164,172032,0,11ac7354f53c173892a5453b36481e9f6c64b9bc48b00a6ad438cf78ca1fd84c,0,"[20117, 430164, 0]",0.09089795799991407,A,430164,"[19635, 430164, 0, 0, 0]",seed,/Users/futaoran/Desktop/华为杯2026/2026参赛工作区/2026华为杯idea冻结工作区/实验数据/v7_fast_equiv_20260927_0030,0,AI_VERIFIED
807444,root1:v7_fast_equiv_20260927_0030,0.0,0,0,0.0,0,0,0,0,,0,0,0,B3_base,case_029,1145448,2,295178,295178,1145448,19091,0.17364933299904806,mps,383060,19091,"{'0': 18608, '1': 18877}",30970,430164,172032,715284,f1d998207e3d5159e9286de6cb9c15bcf42b0685d1b8af2f4f55cc78e0887dcf,51202,"[26379, 1237608, 92160]",0.1781167919998552,B,1237608,"[19091, 1145448, 51202, 0, 0]",seed,/Users/futaoran/Desktop/华为杯2026/2026参赛工作区/2026华为杯idea冻结工作区/实验数据/v7_fast_equiv_20260927_0030,92160,AI_VERIFIED
0,root1:v7_fast_equiv_20260927_0030,0.0,0,0,0.0,258132,168,258132,168,,0,0,0,C0_base,case_029,430164,2,0,0,430164,7170,0.14533820799988462,mps,258132,37485,{'0': 37485},37555,430164,172032,0,0085c1d873160bf7b7fcbe8d954c687cfbd762e697da568074457c15fe8350e3,0,"[37555, 7169.4, 0, 0]",0.13718858300126158,C,430164,"[37485, 430164, 0, 0, 0]",seed,/Users/futaoran/Desktop/华为杯2026/2026参赛工作区/2026华为杯idea冻结工作区/实验数据/v7_fast_equiv_20260927_0030,0,AI_VERIFIED
18456,root1:v7_fast_equiv_20260927_0030,0.0,0,0,0.0,0,0,0,0,,0,0,0,A2_base,case_029,448620,3,12,12,448620,7477,0.09997412499978964,mps,276564,13736,"{'0': 13736, '1': 11254, '2': 12495}",20817,430164,172032,18456,1dff4a6c48aea38d5214b482fe26ba3ff3ac06cbade3f352088539dac8cf905a,0,"[20919, 448620, 0]",0.06592291599918099,A,448620,"[13736, 448620, 0, 0, 0]",seed,/Users/futaoran/Desktop/华为杯2026/2026参赛工作区/2026华为杯idea冻结工作区/实验数据/v7_fast_equiv_20260927_0030,0,AI_VERIFIED
615350,root1:v7_fast_equiv_20260927_0030,0.0,0,0,0.0,0,0,0,0,,0,0,0,B3_base,case_029,1004554,3,201166,201166,1004554,16743,0.1923255000001518,mps,430190,17386,"{'0': 10672, '1': 9427, '2': 17386}",29850,430164,172032,574390,9e3a6fc3497f04777259580b775f822a87d4c6869462cb0fd1a133cd987d408b,18432,"[26644, 1045514, 40960]",0.1716144579986576,B,1045514,"[17386, 1004554, 18432, 0, 0]",seed,/Users/futaoran/Desktop/华为杯2026/2026参赛工作区/2026华为杯idea冻结工作区/实验数据/v7_fast_equiv_20260927_0030,40960,AI_VERIFIED
0,root1:v7_fast_equiv_20260927_0030,0.0,0,0,0.0,258132,168,258132,168,,0,0,0,lower_core_base,case_029,430164,3,0,0,430164,7170,0.12684345800153096,mps,258132,19635,"{'0': 19635, '1': 17850}",19740,430164,172032,0,5cb0cdd187d721ada2ae2e746522de8a4239bdf622df3597b573f638a6930d93,0,"[19705, 7169.4, 0, 0]",0.11283225000079256,C,430164,"[19635, 430164, 0, 0, 0]",lower_core,/Users/futaoran/Desktop/华为杯2026/2026参赛工作区/2026华为杯idea冻结工作区/实验数据/v7_fast_equiv_20260927_0030,0,AI_VERIFIED
43044,root1:v7_fast_equiv_20260927_0030,0.0,0,0,0.0,0,0,0,0,,0,0,0,A2_base,case_029,473208,4,6162,6162,473208,7887,0.12299529200026882,mps,288852,9601,"{'0': 9601, '1': 9350, '2': 9000, '3': 9534}",27027,430164,172032,43044,8458861f0778177b8ed3724cd8831d80f6226393f3d232192572bd1236aa31ad,0,"[27296, 473208, 0]",0.051620832999105914,A,473208,"[9601, 473208, 0, 0, 0]",seed,/Users/futaoran/Desktop/华为杯2026/2026参赛工作区/2026华为杯idea冻结工作区/实验数据/v7_fast_equiv_20260927_0030,0,AI_VERIFIED
688980,root1:v7_fast_equiv_20260927_0030,0.0,0,0,0.0,0,0,0,0,,0,0,0,B3_base,case_029,1098664,4,244138,244138,1098664,18312,0.2691126669997175,mps,438356,18312,"{'0': 11632, '1': 10310, '2': 15543}",24214,430164,172032,668500,fca1347d1d106dc87599b78f08f0fa45e520269aad9f684e9a13644acecd9bc9,4098,"[21114, 1119144, 20480]",0.26134766600080184,B,1119144,"[18312, 1098664, 4098, 0, 0]",seed,/Users/futaoran/Desktop/华为杯2026/2026参赛工作区/2026华为杯idea冻结工作区/实验数据/v7_fast_equiv_20260927_0030,20480,AI_VERIFIED
0,root1:v7_fast_equiv_20260927_0030,0.0,0,0,0.0,258132,168,258132,168,,0,0,0,lower_core_base,case_029,430164,4,0,0,430164,7170,0.10020375000021886,mps,258132,12495,"{'0': 12495, '1': 12495, '2': 12495}",12743,430164,172032,0,171bfa092208b81a89bb8380dc71d7bbc5987c97015eca3dd5a7d3084bd7331e,0,"[12565, 7169.4, 0, 0]",0.13050599999951373,C,430164,"[12495, 430164, 0, 0, 0]",lower_core,/Users/futaoran/Desktop/华为杯2026/2026参赛工作区/2026华为杯idea冻结工作区/实验数据/v7_fast_equiv_20260927_0030,0,AI_VERIFIED
20500,root1:v7_fast_equiv_20260927_0030,0.0,0,0,0.0,0,0,0,0,,0,0,0,A2_base,case_029,450664,5,2058,2058,450664,7512,0.08026012499976787,mps,274516,8039,"{'0': 7140, '1': 7228, '2': 7710, '3': 8039, '4': 7368}",23581,430164,172032,20500,a66b839391f380b3f821c396ee25943a2f5c4feb1174e36e1891d45fa4a8c225,0,"[23320, 450664, 0]",0.09907070799999929,A,450664,"[8039, 450664, 0, 0, 0]",seed,/Users/futaoran/Desktop/华为杯2026/2026参赛工作区/2026华为杯idea冻结工作区/实验数据/v7_fast_equiv_20260927_0030,0,AI_VERIFIED
623354,root1:v7_fast_equiv_20260927_0030,0.0,0,0,0.0,0,0,0,0,,0,0,0,B3_base,case_029,1039182,5,239996,239996,1039182,17320,0.18023541700131318,mps,387158,17320,"{'0': 13008, '1': 9473, '2': 14024, '3': 980}",21551,430164,172032,609018,307ba818863d4bd1d390d56835347c36e3590ac4f6332355d06de459009a07ed,8192,"[18762, 1053518, 14336]",0.18129250000129105,B,1053518,"[17320, 1039182, 8192, 0, 0]",seed,/Users/futaoran/Desktop/华为杯2026/2026参赛工作区/2026华为杯idea冻结工作区/实验数据/v7_fast_equiv_20260927_0030,14336,AI_VERIFIED
0,root1:v7_fast_equiv_20260927_0030,0.0,0,0,0.0,258132,168,258132,168,,0,0,0,lower_core_base,case_029,430164,5,0,0,430164,7170,0.1299507090006955,mps,258132,10710,"{'0': 10710, '1': 8925, '2': 8925, '3': 8925}",11028,430164,172032,0,ec1fdf12bba66b2b6a3d627daa8548e49fc1ed426e870aa273c9de8e2fa22216,0,"[10780, 7169.4, 0, 0]",0.10209941699940828,C,430164,"[10710, 430164, 0, 0, 0]",lower_core,/Users/futaoran/Desktop/华为杯2026/2026参赛工作区/2026华为杯idea冻结工作区/实验数据/v7_fast_equiv_20260927_0030,0,AI_VERIFIED
14940248,root1:v7_fast_equiv_20260927_0030,0.0,0,0,0.0,0,0,0,0,,0,0,0,A3_base,case_042,17329212,1,7269420,7214124,17329212,288821,1.0251699579985143,mps,2820896,1825102,{'0': 1825102},1732605,2388964,24772,14940248,2c65ef0f4a403058e4ee86820c99af318443cdaaddc7eb4c2aa7a9f8aa34c802,3771904,"[1812395, 17329212, 0]",0.8188364590005222,A,17329212,"[1825102, 17329212, 3771904, 0, 0]",seed,/Users/futaoran/Desktop/华为杯2026/2026参赛工作区/2026华为杯idea冻结工作区/实验数据/v7_fast_equiv_20260927_0030,0,AI_VERIFIED
14456832,root1:v7_fast_equiv_20260927_0030,0.0,0,0,0.0,0,0,0,0,,0,0,0,B2_base,case_042,2388964,1,0,0,2388964,39817,1.4545478750005714,mps,2364192,1825102,{'0': 1825102},1687250,2388964,24772,0,2c65ef0f4a403058e4ee86820c99af318443cdaaddc7eb4c2aa7a9f8aa34c802,3771904,"[1684816, 16845796, 14456832]",1.564645250000467,B,16845796,"[1825102, 2388964, 3771904, 0, 0]",seed,/Users/futaoran/Desktop/华为杯2026/2026参赛工作区/2026华为杯idea冻结工作区/实验数据/v7_fast_equiv_20260927_0030,14456832,AI_VERIFIED
6629376,root1:v7_fast_equiv_20260927_0030,0.0,2866176,0,0.3186917583766532,6127392,508,2364192,508,,0,0,0,incumbent_base,case_042,2388964,1,0,0,2388964,39817,1.302441165998971,mps,2364192,1825102,{'0': 1825102},1675633,2388964,24772,0,adcdc424d75206250562abdf2f450b7463cbe57bf684fa8cce47171b1eed198e,1080320,"[1674934, 102536.06666666667, -2866176, 6629376]",1.244412750000265,C,9018340,"[1825102, 2388964, 1080320, 0, 0]",incumbent,/Users/futaoran/Desktop/华为杯2026/2026参赛工作区/2026华为杯idea冻结工作区/实验数据/v7_fast_equiv_20260927_0030,6629376,AI_VERIFIED
7413024,root1:v7_fast_equiv_20260927_0030,0.0,0,0,0.0,0,0,0,0,,0,0,0,L1_base,case_042,4441348,2,0,0,4441348,74023,0.9926460000006045,mps,4416576,912685,"{'0': 912685, '1': 912417}",849076,2388964,24772,2052384,ff7389e12c2ad4376aa9b4bc137b69ab6777595bcb7b9765a7b4aacf4c8b34d5,1800192,"[924039, 9801988, 5360640]",0.9329652920005174,A,9801988,"[912685, 4441348, 1800192, 0, 0]",legacy_seed,/Users/futaoran/Desktop/华为杯2026/2026参赛工作区/2026华为杯idea冻结工作区/实验数据/v7_fast_equiv_20260927_0030,5360640,AI_VERIFIED
6560160,root1:v7_fast_equiv_20260927_0030,0.0,0,0,0.0,0,0,0,0,,0,0,0,r2_boundary_n5069_c1_p2,case_042,4460932,2,9216,9216,4460932,74349,0.8944027500001539,mps,4417728,941056,"{'0': 941056, '1': 884046}",844150,2388964,24772,2071968,df7d8019e901465eed7dda223a40482ef0f7280f57fa3eda7ea9f5b29238549d,1755136,"[843764, 8949124, 4488192]",0.9177018339996721,B,8949124,"[941056, 4460932, 1755136, 0, 0]",ordinary_chain,/Users/futaoran/Desktop/华为杯2026/2026参赛工作区/2026华为杯idea冻结工作区/实验数据/v7_fast_equiv_20260927_0030,4488192,AI_VERIFIED
6570528,root1:v7_fast_equiv_20260927_0030,12640.32,3308064,237,0.3708219443428104,5612832,730,4432704,967,,148608,997920,3992,incumbent_disperse_tid_1000005495_node_5021_core_1_pos_1,case_042,4471300,2,13824,13824,3473380,57890,1.2099122079998779,mps,4418880,940180,"{'0': 940180, '1': 884922}",843098,2388964,24772,2082336,6f4158b9b410d829e77c58fd9197e2a9e8b7cb50111854105c5356d6bf05219d,1755136,"[842905, 94344.06666666667, -3298848, 4488192]",1.0496275839996088,C,8959492,"[940180, 4471300, 1755136, -997920, -148608]",disperse,/Users/futaoran/Desktop/华为杯2026/2026参赛工作区/2026华为杯idea冻结工作区/实验数据/v7_fast_equiv_20260927_0030,4488192,AI_VERIFIED
8334912,root1:v7_fast_equiv_20260927_0030,0.0,0,0,0.0,0,0,0,0,,0,0,0,L1_base,case_042,6340132,3,0,0,6340132,105669,1.2313601250007196,mps,6315360,608491,"{'0': 608398, '1': 608491, '2': 608213}",562868,2388964,24772,3951168,9e1cdec68d8918876cd3c1b9e364a46b8b664c9d5c8b1c9f6fcef869e7f55fe3,1780736,"[625073, 10723876, 4383744]",0.9604653339993092,A,10723876,"[608491, 6340132, 1780736, 0, 0]",legacy_seed,/Users/futaoran/Desktop/华为杯2026/2026参赛工作区/2026华为杯idea冻结工作区/实验数据/v7_fast_equiv_20260927_0030,4383744,AI_VERIFIED
8334912,root1:v7_fast_equiv_20260927_0030,0.0,0,0,0.0,0,0,0,0,,0,0,0,L1_base,case_042,6340132,3,0,0,6340132,105669,1.1367821249987173,mps,6315360,608491,"{'0': 608398, '1': 608491, '2': 608213}",562868,2388964,24772,3951168,9e1cdec68d8918876cd3c1b9e364a46b8b664c9d5c8b1c9f6fcef869e7f55fe3,1780736,"[561385, 10723876, 4383744]",1.177683124999021,B,10723876,"[608491, 6340132, 1780736, 0, 0]",legacy_seed,/Users/futaoran/Desktop/华为杯2026/2026参赛工作区/2026华为杯idea冻结工作区/实验数据/v7_fast_equiv_20260927_0030,4383744,AI_VERIFIED
8334912,root1:v7_fast_equiv_20260927_0030,27829.376,4636224,528,0.43332824879541315,6062880,863,6315360,1391,,0,2197056,8789,event_timing_tid_1000000109_miss_4_bytes_24576_front,case_042,6340132,3,0,0,4143076,69052,1.554093541999464,mps,6315360,608491,"{'0': 608398, '1': 608491, '2': 608213}",561628,2388964,24772,3951168,3a84246ad1572ff281f121d1747ecf441ba25de45cd0ab48fca66d37e7c4e8eb,1780736,"[560170, 100232.06666666667, -4709952, 4383744]",1.4413017079987185,C,10723876,"[608491, 6340132, 1780736, -2197056, 0]",event_timing,/Users/futaoran/Desktop/华为杯2026/2026参赛工作区/2026华为杯idea冻结工作区/实验数据/v7_fast_equiv_20260927_0030,4383744,AI_VERIFIED
8553312,root1:v7_fast_equiv_20260927_0030,0.0,0,0,0.0,0,0,0,0,,0,0,0,L1_base,case_042,8008516,4,0,0,8008516,133476,1.1629541249985778,mps,7983744,456446,"{'0': 456279, '1': 456193, '2': 456446, '3': 456184}",426511,2388964,24772,5619552,f8125b962ed136d6eb01fb22e3a791f181853c7e1cf0a3f038af20924254de0f,1636352,"[470297, 10942276, 2933760]",0.9885633329995471,A,10942276,"[456446, 8008516, 1636352, 0, 0]",legacy_seed,/Users/futaoran/Desktop/华为杯2026/2026参赛工作区/2026华为杯idea冻结工作区/实验数据/v7_fast_equiv_20260927_0030,2933760,AI_VERIFIED
8553312,root1:v7_fast_equiv_20260927_0030,0.0,0,0,0.0,0,0,0,0,,0,0,0,L1_base,case_042,8008516,4,0,0,8008516,133476,1.3125589589999436,mps,7983744,456446,"{'0': 456279, '1': 456193, '2': 456446, '3': 456184}",426511,2388964,24772,5619552,f8125b962ed136d6eb01fb22e3a791f181853c7e1cf0a3f038af20924254de0f,1636352,"[424476, 10942276, 2933760]",1.1329319160013256,B,10942276,"[456446, 8008516, 1636352, 0, 0]",legacy_seed,/Users/futaoran/Desktop/华为杯2026/2026参赛工作区/2026华为杯idea冻结工作区/实验数据/v7_fast_equiv_20260927_0030,2933760,AI_VERIFIED
8553312,root1:v7_fast_equiv_20260927_0030,38533.824,4710240,701,0.4314392740318666,6207264,1069,7983744,1770,,0,3042144,12169,event_timing_tid_1000000249_miss_5_bytes_30720_front,case_042,8008516,4,0,0,4966372,82773,1.0980979580017447,mps,7983744,456446,"{'0': 456279, '1': 456193, '2': 456446, '3': 456184}",423652,2388964,24772,5619552,6cdaf9e38414dd014f5da2dfa7f40b4274fed2d8eabfac2b27fc1ee1602a6829,1636352,"[422811, 103508.86666666667, -4731744, 2933760]",0.8840596249992814,C,10942276,"[456446, 8008516, 1636352, -3042144, 0]",event_timing,/Users/futaoran/Desktop/华为杯2026/2026参赛工作区/2026华为杯idea冻结工作区/实验数据/v7_fast_equiv_20260927_0030,2933760,AI_VERIFIED
10187328,root1:v7_fast_equiv_20260927_0030,0.0,0,0,0.0,0,0,0,0,,0,0,0,L1_base,case_042,9642532,5,0,0,9642532,160709,1.1095387080004002,mps,9617760,365254,"{'0': 364903, '1': 365176, '2': 365254, '3': 364827, '4': 364942}",342520,2388964,24772,7253568,aff923414108c2f13aa55367cba767010ff5c40d96ca0b8960320faf08f01907,1670144,"[383091, 12576292, 2933760]",1.0170002079994447,A,12576292,"[365254, 9642532, 1670144, 0, 0]",legacy_seed,/Users/futaoran/Desktop/华为杯2026/2026参赛工作区/2026华为杯idea冻结工作区/实验数据/v7_fast_equiv_20260927_0030,2933760,AI_VERIFIED
10187328,root1:v7_fast_equiv_20260927_0030,0.0,0,0,0.0,0,0,0,0,,0,0,0,L1_base,case_042,9642532,5,0,0,9642532,160709,1.3453467910003383,mps,9617760,365254,"{'0': 364903, '1': 365176, '2': 365254, '3': 364827, '4': 364942}",342520,2388964,24772,7253568,aff923414108c2f13aa55367cba767010ff5c40d96ca0b8960320faf08f01907,1670144,"[338661, 12576292, 2933760]",1.0460038750006788,B,12576292,"[365254, 9642532, 1670144, 0, 0]",legacy_seed,/Users/futaoran/Desktop/华为杯2026/2026参赛工作区/2026华为杯idea冻结工作区/实验数据/v7_fast_equiv_20260927_0030,2933760,AI_VERIFIED
10187328,root1:v7_fast_equiv_20260927_0030,55962.752,6196800,1056,0.4937091284561551,6354720,1085,9617760,2141,,0,4418112,17673,event_timing_tid_1000000139_miss_5_bytes_30720_front,case_042,9642532,5,0,0,5224420,87074,1.2631919579998794,mps,9617760,365254,"{'0': 364903, '1': 365176, '2': 365254, '3': 364827, '4': 364942}",339457,2388964,24772,7253568,0bf405704a32b9b52a6c4902b5a5e458f6c1ce9d4dd6a88c44a2a11f40f8270e,1670144,"[338466, 105198.46666666666, -6264384, 2933760]",1.2303336660006607,C,12576292,"[365254, 9642532, 1670144, -4418112, 0]",event_timing,/Users/futaoran/Desktop/华为杯2026/2026参赛工作区/2026华为杯idea冻结工作区/实验数据/v7_fast_equiv_20260927_0030,2933760,AI_VERIFIED
107548720,root1:v7_fast_equiv_20260927_0030,0.0,0,0,0.0,0,0,0,0,,0,0,0,L2_base,case_072,20171728,1,106496,106496,20171728,336196,10.214163917000405,mps,19948558,24636293,{'0': 24636293},23932784,11103184,10178,9068544,9a7d5362f1284877980364dcfd81f9086575073f27895306fa843f45152c203c,10540376,"[25266856, 118651904, 98480176]",9.719701832998908,A,118651904,"[24636293, 20171728, 10540376, 0, 0]",legacy_seed,/Users/futaoran/Desktop/华为杯2026/2026参赛工作区/2026华为杯idea冻结工作区/实验数据/v7_fast_equiv_20260927_0030,98480176,AI_VERIFIED
181183936,root1:v7_fast_equiv_20260927_0030,0.0,0,0,0.0,0,0,0,0,,0,0,0,B2_base,case_072,11103184,1,0,0,11103184,185054,31.577591834000486,mps,11093006,24636293,{'0': 24636293},24198897,11103184,10178,0,f0ddcccf664e60350310a9d49c22b1e8c341c8b03f0059257c4fe3c78cc9a573,63462064,"[24118265, 192287120, 181183936]",31.565586832999543,B,192287120,"[24636293, 11103184, 63462064, 0, 0]",seed,/Users/futaoran/Desktop/华为杯2026/2026参赛工作区/2026华为杯idea冻结工作区/实验数据/v7_fast_equiv_20260927_0030,181183936,AI_VERIFIED
108613680,root1:v7_fast_equiv_20260927_0030,0.0,3137536,0,0.026210198484652728,116569150,1237,11093006,1237,,0,0,0,incumbent_base,case_072,11103184,1,0,0,11103184,185054,34.064129417000004,mps,11093006,24636293,{'0': 24636293},23890756,11103184,10178,0,ad063b0cdf68d42138e79be4c3ecf6eb375242ae6616a4f06fb8bdfceb76d2c1,6479872,"[23867254, 1942988.8, -3137536, 108613680]",33.48753525000029,C,119716864,"[24636293, 11103184, 6479872, 0, 0]",incumbent,/Users/futaoran/Desktop/华为杯2026/2026参赛工作区/2026华为杯idea冻结工作区/实验数据/v7_fast_equiv_20260927_0030,108613680,AI_VERIFIED
113068832,root1:v7_fast_equiv_20260927_0030,0.0,0,0,0.0,0,0,0,0,,0,0,0,L1_base,case_072,22052136,2,0,0,22052136,367536,9.744978665999952,mps,22041958,12319544,"{'0': 12319544, '1': 12316749}",11872949,11103184,10178,10948952,14814a8b935c97591a28c3a76b44a4eef9d3d580a2cf8feeebb16ba25905b82d,8847360,"[12669540, 124172016, 102119880]",10.85233366600005,A,124172016,"[12319544, 22052136, 8847360, 0, 0]",legacy_seed,/Users/futaoran/Desktop/华为杯2026/2026参赛工作区/2026华为杯idea冻结工作区/实验数据/v7_fast_equiv_20260927_0030,102119880,AI_VERIFIED
113068832,root1:v7_fast_equiv_20260927_0030,0.0,0,0,0.0,0,0,0,0,,0,0,0,L1_base,case_072,22052136,2,0,0,22052136,367536,17.25835533299869,mps,22041958,12319544,"{'0': 12319544, '1': 12316749}",11872949,11103184,10178,10948952,14814a8b935c97591a28c3a76b44a4eef9d3d580a2cf8feeebb16ba25905b82d,8847360,"[11849799, 124172016, 102119880]",17.25854470900049,B,124172016,"[12319544, 22052136, 8847360, 0, 0]",legacy_seed,/Users/futaoran/Desktop/华为杯2026/2026参赛工作区/2026华为杯idea冻结工作区/实验数据/v7_fast_equiv_20260927_0030,102119880,AI_VERIFIED
108613680,root1:v7_fast_equiv_20260927_0030,0.0,3137536,0,0.026210198484652728,116569150,1237,11093006,1237,,0,0,0,C0_base,case_072,11103184,2,0,0,11103184,185054,40.1219107500001,mps,11093006,24636293,{'0': 24636293},23890756,11103184,10178,0,6fd83f5b0787e0695d42c8e4f58f40c3e86d93ce0d6540dc612c17be83f7d1e4,6479872,"[23867254, 1942988.8, -3137536, 108613680]",33.6137842499993,C,119716864,"[24636293, 11103184, 6479872, 0, 0]",seed,/Users/futaoran/Desktop/华为杯2026/2026参赛工作区/2026华为杯idea冻结工作区/实验数据/v7_fast_equiv_20260927_0030,108613680,AI_VERIFIED
120023840,root1:v7_fast_equiv_20260927_0030,0.0,0,0,0.0,0,0,0,0,,0,0,0,L1_base,case_072,30907688,3,0,0,30907688,515129,8.7861592499994,mps,30897510,8218341,"{'0': 8218341, '1': 8202315, '2': 8215637}",7935290,11103184,10178,19804504,6eab3cc31750bcfb82d3f824e4f01b1c07db49c7a2bf30c33303fb158205392c,10928128,"[8492704, 131127024, 100219336]",10.303598916998453,A,131127024,"[8218341, 30907688, 10928128, 0, 0]",legacy_seed,/Users/futaoran/Desktop/华为杯2026/2026参赛工作区/2026华为杯idea冻结工作区/实验数据/v7_fast_equiv_20260927_0030,100219336,AI_VERIFIED
120023840,root1:v7_fast_equiv_20260927_0030,0.0,0,0,0.0,0,0,0,0,,0,0,0,L1_base,case_072,30907688,3,0,0,30907688,515129,17.135679250000976,mps,30897510,8218341,"{'0': 8218341, '1': 8202315, '2': 8215637}",7935290,11103184,10178,19804504,6eab3cc31750bcfb82d3f824e4f01b1c07db49c7a2bf30c33303fb158205392c,10928128,"[7896896, 131127024, 100219336]",15.991993457999342,B,131127024,"[8218341, 30907688, 10928128, 0, 0]",legacy_seed,/Users/futaoran/Desktop/华为杯2026/2026参赛工作区/2026华为杯idea冻结工作区/实验数据/v7_fast_equiv_20260927_0030,100219336,AI_VERIFIED
120056608,root1:v7_fast_equiv_20260927_0030,25111.210666666666,20250624,242,0.15441821272915585,110890798,3208,30905702,3450,,16384,1982464,7930,incumbent_disperse_tid_1000001161_node_1656_core_1_pos_0,case_072,30924072,3,8192,8192,28941608,482361,20.845330999998623,mps,30897510,8216281,"{'0': 8216281, '1': 8204375, '2': 8215637}",7921555,11103184,10178,19820888,cdabd85c5eb0a9cf4e6d29299ebc9a18621d769511b4e9e7d37e788ae14a180e,10928128,"[7886842, 1842615.2, -20602880, 100235720]",20.57937262499945,C,131159792,"[8216281, 30924072, 10928128, -1982464, -16384]",disperse,/Users/futaoran/Desktop/华为杯2026/2026参赛工作区/2026华为杯idea冻结工作区/实验数据/v7_fast_equiv_20260927_0030,100235720,AI_VERIFIED
123642544,root1:v7_fast_equiv_20260927_0030,0.0,0,0,0.0,0,0,0,0,,0,0,0,L1_base,case_072,41856640,4,0,0,41856640,697611,9.391079290999187,mps,41846462,6161137,"{'0': 6161137, '1': 6158420, '2': 6158329, '3': 6158407}",6003776,11103184,10178,30753456,46e40a5088a8122c306bb7714b74706e906a042fe44df9098a322ef3d3f64362,13328384,"[6362676, 134745728, 92889088]",9.292626165999536,A,134745728,"[6161137, 41856640, 13328384, 0, 0]",legacy_seed,/Users/futaoran/Desktop/华为杯2026/2026参赛工作区/2026华为杯idea冻结工作区/实验数据/v7_fast_equiv_20260927_0030,92889088,AI_VERIFIED
123642544,root1:v7_fast_equiv_20260927_0030,0.0,0,0,0.0,0,0,0,0,,0,0,0,L1_base,case_072,41856640,4,0,0,41856640,697611,12.265048916999149,mps,41846462,6161137,"{'0': 6161137, '1': 6158420, '2': 6158329, '3': 6158407}",6003776,11103184,10178,30753456,46e40a5088a8122c306bb7714b74706e906a042fe44df9098a322ef3d3f64362,13328384,"[5904962, 134745728, 92889088]",12.167316875000324,B,134745728,"[6161137, 41856640, 13328384, 0, 0]",legacy_seed,/Users/futaoran/Desktop/华为杯2026/2026参赛工作区/2026华为杯idea冻结工作区/实验数据/v7_fast_equiv_20260927_0030,92889088,AI_VERIFIED
108613680,root1:v7_fast_equiv_20260927_0030,0.0,3137536,0,0.026210198484652728,116569150,1237,11093006,1237,,0,0,0,C0_base,case_072,11103184,4,0,0,11103184,185054,19.65738395900007,mps,11093006,24636293,{'0': 24636293},23890756,11103184,10178,0,8f7cacd1c570f19aa941e166d660d0fb7fc55e1792cda9dc2826718876778361,6479872,"[23867254, 1942988.8, -3137536, 108613680]",21.652196125000046,C,119716864,"[24636293, 11103184, 6479872, 0, 0]",seed,/Users/futaoran/Desktop/华为杯2026/2026参赛工作区/2026华为杯idea冻结工作区/实验数据/v7_fast_equiv_20260927_0030,108613680,AI_VERIFIED
130884272,root1:v7_fast_equiv_20260927_0030,0.0,0,0,0.0,0,0,0,0,,0,0,0,L1_base,case_072,50335360,5,0,0,50335360,838923,7.928545374999885,mps,50325182,4943203,"{'0': 4927326, '1': 4911248, '2': 4911313, '3': 4943203, '4': 4943203}",4831281,11103184,10178,39232176,a3eb3d4cf60e14039606ec4135ab961c75b49280115df99dc3c18d41654c19be,15343616,"[5129089, 141987456, 91652096]",5.792960332999428,A,141987456,"[4943203, 50335360, 15343616, 0, 0]",legacy_seed,/Users/futaoran/Desktop/华为杯2026/2026参赛工作区/2026华为杯idea冻结工作区/实验数据/v7_fast_equiv_20260927_0030,91652096,AI_VERIFIED
351307954,root1:v7_fast_equiv_20260927_0030,0.0,0,0,0.0,0,0,0,0,,0,0,0,L3_base,case_072,325726450,5,153305040,153305040,325726450,5428775,20.73867220899956,mps,19106192,5895764,"{'0': 3850806, '1': 5713114, '2': 5895764, '3': 5340294, '4': 3836315}",23198142,11103184,10178,314623266,56bf18a5311f8274a30dfefd4a7f42fdeea95e5b42553db3dfb8d9ecfcc2d452,13320968,"[22312826, 362411138, 36684688]",18.402351415999874,B,362411138,"[5895764, 325726450, 13320968, 0, 0]",legacy_seed,/Users/futaoran/Desktop/华为杯2026/2026参赛工作区/2026华为杯idea冻结工作区/实验数据/v7_fast_equiv_20260927_0030,36684688,AI_VERIFIED
121635504,root1:v7_fast_equiv_20260927_0030,59146.24,16539648,570,0.1246126246727248,116188862,5091,50702014,5661,,0,4669440,18678,C1_base,case_072,50712192,5,0,0,46042752,767380,4.685276833999524,mps,50702014,5028671,"{'0': 5028671, '1': 4911469, '2': 4910793, '3': 4892498, '4': 4892862}",4858384,11103184,10178,39609008,fe4a00d31a6a59e781400e362c859a0830eb9997e2a3f893dbe61584e08258c8,15065088,"[4804278, 1907569.0666666667, -18284544, 82026496]",4.530023583000002,C,132738688,"[5028671, 50712192, 15065088, -4669440, 0]",seed,/Users/futaoran/Desktop/华为杯2026/2026参赛工作区/2026华为杯idea冻结工作区/实验数据/v7_fast_equiv_20260927_0030,82026496,AI_VERIFIED
667648,root1:v7_fast_equiv_20260927_0030,0.0,0,0,0.0,0,0,0,0,,0,0,0,A2_base,case_080,2359296,1,0,0,2359296,39322,0.12925029199868732,mps,2285568,309564,{'0': 309564},292086,1978368,73728,380928,e02a7c17070c188c6c16b209eddc37e0684b72cfbd54ed0687b6a2bea39f3647,241664,"[326652, 2646016, 286720]",0.16954716600048414,A,2646016,"[309564, 2359296, 241664, 0, 0]",seed,/Users/futaoran/Desktop/华为杯2026/2026参赛工作区/2026华为杯idea冻结工作区/实验数据/v7_fast_equiv_20260927_0030,286720,AI_VERIFIED
684032,root1:v7_fast_equiv_20260927_0030,0.0,0,0,0.0,0,0,0,0,,0,0,0,q1_warm_capacity_g0_back,case_080,1978368,1,0,0,1978368,32973,0.12976004100164573,mps,1904640,309564,{'0': 309564},298430,1978368,73728,0,f8a51d28453199f14bd4c3e8da4961d1ec3d698cd973c121c36b5a950044524a,241664,"[298405, 2662400, 684032]",0.1554457080001157,B,2662400,"[309564, 1978368, 241664, 0, 0]",capacity,/Users/futaoran/Desktop/华为杯2026/2026参赛工作区/2026华为杯idea冻结工作区/实验数据/v7_fast_equiv_20260927_0030,684032,AI_VERIFIED
548864,root1:v7_fast_equiv_20260927_0030,0.0,413696,0,0.1686143572621035,2039808,279,1904640,279,,0,0,0,incumbent_base,case_080,1978368,1,0,0,1978368,32973,0.15867195899954822,mps,1904640,309564,{'0': 309564},291826,1978368,73728,0,a771387827ddd8112fee5b7fd5c49d10d61d67a3c6bc59e36ba1eba28d01a2be,241664,"[291816, 35225.6, -413696, 548864]",0.13526266699955158,C,2527232,"[309564, 1978368, 241664, 0, 0]",incumbent,/Users/futaoran/Desktop/华为杯2026/2026参赛工作区/2026华为杯idea冻结工作区/实验数据/v7_fast_equiv_20260927_0030,548864,AI_VERIFIED
2187264,root1:v7_fast_equiv_20260927_0030,0.0,0,0,0.0,0,0,0,0,,0,0,0,L2_base,case_080,4153344,2,258048,258048,4153344,69223,0.16359804199964856,mps,3563520,154782,"{'0': 154782, '1': 154782}",294883,1978368,73728,2174976,c4e4a0a1923956a25150dac1f2927bc95aa7cf06dc0f5d4236d2be678ea12772,483328,"[345902, 4165632, 12288]",0.13430254199920455,A,4165632,"[154782, 4153344, 483328, 0, 0]",legacy_seed,/Users/futaoran/Desktop/华为杯2026/2026参赛工作区/2026华为杯idea冻结工作区/实验数据/v7_fast_equiv_20260927_0030,12288,AI_VERIFIED
4534272,root1:v7_fast_equiv_20260927_0030,0.0,0,0,0.0,0,0,0,0,,0,0,0,L2_base,case_080,4538368,2,1167360,1167360,4538368,75640,0.2825381250004284,mps,2129920,156702,"{'0': 156702, '1': 152862}",198808,1978368,73728,2560000,2d7f7f40912c3379ec9d787a7d4711c96df4576fc41f0deb7d75e2ffbcd43c2e,1007616,"[186113, 6512640, 1974272]",0.2376704170001176,B,6512640,"[156702, 4538368, 1007616, 0, 0]",legacy_seed,/Users/futaoran/Desktop/华为杯2026/2026参赛工作区/2026华为杯idea冻结工作区/实验数据/v7_fast_equiv_20260927_0030,1974272,AI_VERIFIED
548864,root1:v7_fast_equiv_20260927_0030,0.0,413696,0,0.1686143572621035,2039808,279,1904640,279,,0,0,0,C0_base,case_080,1978368,2,0,0,1978368,32973,0.17271083300147438,mps,1904640,309564,{'0': 309564},291826,1978368,73728,0,0be92d005f7f6ca73d2ed4a2b851ece94e9a7124c672c96a99636659115de4ff,241664,"[291816, 35225.6, -413696, 548864]",0.14777187499930733,C,2527232,"[309564, 1978368, 241664, 0, 0]",seed,/Users/futaoran/Desktop/华为杯2026/2026参赛工作区/2026华为杯idea冻结工作区/实验数据/v7_fast_equiv_20260927_0030,548864,AI_VERIFIED
1904640,root1:v7_fast_equiv_20260927_0030,0.0,0,0,0.0,0,0,0,0,,0,0,0,A2_base,case_080,3883008,3,0,0,3883008,64717,0.12840225000036298,mps,3809280,103188,"{'0': 103188, '1': 103188, '2': 103188}",104402,1978368,73728,1904640,805fca66c7fa0f286a383279bd605fbb2d69a98fe8f90256aaafa73d2526eeec,344064,"[114206, 3883008, 0]",0.09492054099973757,A,3883008,"[103188, 3883008, 344064, 0, 0]",seed,/Users/futaoran/Desktop/华为杯2026/2026参赛工作区/2026华为杯idea冻结工作区/实验数据/v7_fast_equiv_20260927_0030,0,AI_VERIFIED
5066752,root1:v7_fast_equiv_20260927_0030,0.0,0,0,0.0,0,0,0,0,,0,0,0,B3_move,case_080,6795264,3,1605632,1605632,6795264,113255,0.22249941700101772,mps,3510272,113255,"{'0': 96348, '1': 106708, '2': 106508}",128123,1978368,73728,4816896,5a8b629cb67d75d905c804ecef0f7969e47bf336ca0180911db107e89176ad55,172032,"[121877, 7045120, 249856]",0.20829766699898755,B,7045120,"[113255, 6795264, 172032, 0, 0]",ordinary,/Users/futaoran/Desktop/华为杯2026/2026参赛工作区/2026华为杯idea冻结工作区/实验数据/v7_fast_equiv_20260927_0030,249856,AI_VERIFIED
3047424,root1:v7_fast_equiv_20260927_0030,0.0,344064,0,0.06947890818858561,4608000,651,4952064,651,,1142784,0,0,incumbent_split_topo_g0_p4,case_080,5025792,3,0,0,5025792,83764,0.3194505000010395,mps,4952064,103188,"{'0': 103188, '1': 103188, '2': 103188}",100325,1978368,73728,3047424,280adb7f22c8a05a120bb402739afa3bd108ac1eba28fd09de80ed0b481ddaa5,0,"[96775, 61644.8, -1327104, 0]",0.45164629200007766,C,5025792,"[103188, 5025792, 0, 0, -1142784]",timing,/Users/futaoran/Desktop/华为杯2026/2026参赛工作区/2026华为杯idea冻结工作区/实验数据/v7_fast_equiv_20260927_0030,0,AI_VERIFIED
3772416,root1:v7_fast_equiv_20260927_0030,0.0,0,0,0.0,0,0,0,0,,0,0,0,A2_base,case_080,5750784,4,389120,389120,5750784,95847,0.1930383750004694,mps,4898816,95847,"{'0': 72936, '1': 78220, '2': 71382, '3': 87026}",298396,1978368,73728,3772416,a2e8c3f9e642a81aeb757713c3f8f55013803e405e446131f4d7a2d2ea482194,32768,"[363136, 5750784, 0]",0.17553795899948454,A,5750784,"[95847, 5750784, 32768, 0, 0]",seed,/Users/futaoran/Desktop/华为杯2026/2026参赛工作区/2026华为杯idea冻结工作区/实验数据/v7_fast_equiv_20260927_0030,0,AI_VERIFIED
5206016,root1:v7_fast_equiv_20260927_0030,0.0,0,0,0.0,0,0,0,0,,0,0,0,B2_aggregate,case_080,6774784,4,1572864,1572864,6774784,112914,0.2487665000007837,mps,3555328,112914,"{'0': 73038, '1': 56462, '2': 110652, '3': 69412}",143290,1978368,73728,4796416,f42dab192911e654ccdfbe86184c763158b8d82fa1cf90caf91d69cfc40b702d,233472,"[120266, 7184384, 409600]",0.18697595899902808,B,7184384,"[112914, 6774784, 233472, 0, 0]",aggregate,/Users/futaoran/Desktop/华为杯2026/2026参赛工作区/2026华为杯idea冻结工作区/实验数据/v7_fast_equiv_20260927_0030,409600,AI_VERIFIED
4190208,root1:v7_fast_equiv_20260927_0030,32063.487999999998,2985984,411,0.4902488231338265,3104768,519,6090752,930,,12288,2531328,10126,incumbent_disperse_tid_1000000543_node_1340_core_3_pos_0,case_080,6168576,4,4096,4096,3637248,60621,0.2998153339995042,mps,6086656,85990,"{'0': 85990, '1': 85472, '3': 69310, '2': 68792}",90559,1978368,73728,4190208,1eb9a182eb011cacda61c263629a518e8489c2c61fddcc36623970e628579f16,0,"[80717, 44509.86666666667, -3497984, 0]",0.323325332999957,C,6168576,"[85990, 6168576, 0, -2531328, -12288]",disperse,/Users/futaoran/Desktop/华为杯2026/2026参赛工作区/2026华为杯idea冻结工作区/实验数据/v7_fast_equiv_20260927_0030,0,AI_VERIFIED
4116480,root1:v7_fast_equiv_20260927_0030,0.0,0,0,0.0,0,0,0,0,,0,0,0,A2_base,case_080,6094848,5,352256,352256,6094848,101581,0.22974066700044204,mps,5316608,101581,"{'0': 86404, '1': 89202, '2': 69828, '3': 29734, '4': 34396}",184922,1978368,73728,4116480,897f21e16b3fa4ad15cd584c3de22dcd9ea74b1ec90f6fb7bc52d52f46d160a1,0,"[223795, 6094848, 0]",0.17212595800083363,A,6094848,"[101581, 6094848, 0, 0, 0]",seed,/Users/futaoran/Desktop/华为杯2026/2026参赛工作区/2026华为杯idea冻结工作区/实验数据/v7_fast_equiv_20260927_0030,0,AI_VERIFIED
4075520,root1:v7_fast_equiv_20260927_0030,0.0,0,0,0.0,0,0,0,0,,0,0,0,B1_move,case_080,5914624,5,0,0,5914624,98578,0.20668529199974728,mps,5840896,120386,"{'3': 120386, '1': 68792, '2': 68792, '4': 51594}",157320,1978368,73728,3936256,a59551b653a417d53d6b981b084e7665b8271ffd28d9310d391df22ac97c6a03,245760,"[123537, 6053888, 139264]",0.1554242919992248,B,6053888,"[120386, 5914624, 245760, 0, 0]",ordinary,/Users/futaoran/Desktop/华为杯2026/2026参赛工作区/2026华为杯idea冻结工作区/实验数据/v7_fast_equiv_20260927_0030,139264,AI_VERIFIED
4603904,root1:v7_fast_equiv_20260927_0030,31596.543999999998,2363392,427,0.3640378548895899,4128768,600,6492160,1027,,40960,2494464,9978,r6_boundary_n288_c3_p0,case_080,6582272,5,16384,16384,4087808,68131,0.5454995420004707,mps,6475776,68792,"{'3': 53666, '0': 66720, '1': 68792, '2': 68792, '4': 51594}",88140,1978368,73728,4603904,9b47c71f4a3728de7e254e54443a5f68cfedd738826c1400a6ea5572d5cd6672,0,"[64659, 47581.86666666667, -3727360, 0]",0.3670977080000739,C,6582272,"[68792, 6582272, 0, -2494464, -40960]",ordinary_chain,/Users/futaoran/Desktop/华为杯2026/2026参赛工作区/2026华为杯idea冻结工作区/实验数据/v7_fast_equiv_20260927_0030,0,AI_VERIFIED
21702,root1:v7_fast_equiv_20260927_0030,0.0,0,0,0.0,0,0,0,0,,0,0,0,A2_base,case_088,1851500,1,10752,10752,1851500,30859,0.3440272919997369,mps,1829928,273352,{'0': 273352},243832,1829798,68,21702,28771ae941f3af110f5b51929e00d3f6b560a94bcdef145158a3155115122879,0,"[288588, 1851500, 0]",0.2988496670004679,A,1851500,"[273352, 1851500, 0, 0, 0]",seed,/Users/futaoran/Desktop/华为杯2026/2026参赛工作区/2026华为杯idea冻结工作区/实验数据/v7_fast_equiv_20260927_0030,0,AI_VERIFIED
0,root1:v7_fast_equiv_20260927_0030,0.0,0,0,0.0,0,0,0,0,,0,0,0,B2_aggregate,case_088,1829798,1,0,0,1829798,30497,0.597075916999529,mps,1829730,273352,{'0': 273352},243542,1829798,68,0,f5e0c6b20301260a18ebc1eb3438a20f88211a725bee6fe21841f71d55baaa75,0,"[243542, 1829798, 0]",0.6405514580001181,B,1829798,"[273352, 1829798, 0, 0, 0]",aggregate,/Users/futaoran/Desktop/华为杯2026/2026参赛工作区/2026华为杯idea冻结工作区/实验数据/v7_fast_equiv_20260927_0030,0,AI_VERIFIED
0,root1:v7_fast_equiv_20260927_0030,0.0,0,0,0.0,1829730,234,1829730,234,,162212,0,0,incumbent_split_height_g2_p4,case_088,1829798,1,0,0,1829798,30497,1.1922880840011203,mps,1829730,273352,{'0': 273352},242071,1829798,68,0,6f92ab808e509d41efdc8051c1debab36e5f02429ab87e94e572d83fbaae95fe,0,"[242071, 30496.633333333335, 0, 0]",1.238911166001344,C,1829798,"[273352, 1829798, 0, 0, -162212]",timing,/Users/futaoran/Desktop/华为杯2026/2026参赛工作区/2026华为杯idea冻结工作区/实验数据/v7_fast_equiv_20260927_0030,0,AI_VERIFIED
969086,root1:v7_fast_equiv_20260927_0030,0.0,0,0,0.0,0,0,0,0,,0,0,0,L3_base,case_088,2798884,2,460592,450352,2798884,46649,0.4150138330005575,mps,1887872,136950,"{'0': 136950, '1': 136402}",244857,1829798,68,969086,76308dfa8528c63c0ac6bae55df40e0ac8b0383a94c2b127efa661f5a1a78878,0,"[286627, 2798884, 0]",0.4005049580009654,A,2798884,"[136950, 2798884, 0, 0, 0]",legacy_seed,/Users/futaoran/Desktop/华为杯2026/2026参赛工作区/2026华为杯idea冻结工作区/实验数据/v7_fast_equiv_20260927_0030,0,AI_VERIFIED
1597604,root1:v7_fast_equiv_20260927_0030,0.0,0,0,0.0,0,0,0,0,,0,0,0,B3_base,case_088,3427402,2,560656,560656,3427402,57124,1.2182298329989862,mps,2306022,138420,"{'0': 138420, '1': 134932}",203492,1829798,68,1597604,34ca807a8cfe49104245764ad1e908cabb88f40b5cf11d20d28201b44eff711d,0,"[203438, 3427402, 0]",1.0472247499983496,B,3427402,"[138420, 3427402, 0, 0, 0]",seed,/Users/futaoran/Desktop/华为杯2026/2026参赛工作区/2026华为杯idea冻结工作区/实验数据/v7_fast_equiv_20260927_0030,0,AI_VERIFIED
0,root1:v7_fast_equiv_20260927_0030,0.0,0,0,0.0,1829730,234,1829730,234,,0,0,0,C1_base,case_088,1829798,2,0,0,1829798,30497,0.678634375000911,mps,1829730,246966,"{'0': 246966, '1': 26386}",221995,1829798,68,0,832bc10f92af8ba3637208e18b33d2dec3ad4d72b8fde18da917a744f83cb2af,0,"[221259, 30496.633333333335, 0, 0]",0.6288275420010905,C,1829798,"[246966, 1829798, 0, 0, 0]",seed,/Users/futaoran/Desktop/华为杯2026/2026参赛工作区/2026华为杯idea冻结工作区/实验数据/v7_fast_equiv_20260927_0030,0,AI_VERIFIED
284280,root1:v7_fast_equiv_20260927_0030,0.0,0,0,0.0,0,0,0,0,,0,0,0,L2_base,case_088,2114078,3,136464,136464,2114078,35235,0.7739268750010524,mps,1841082,102036,"{'0': 78150, '1': 93166, '2': 102036}",247729,1829798,68,284280,8c849202fd489bd83815435bbfeb16bdc4358185edb4e7a9d5601c22c4a6b87e,0,"[293946, 2114078, 0]",0.47095258300032583,A,2114078,"[102036, 2114078, 0, 0, 0]",legacy_seed,/Users/futaoran/Desktop/华为杯2026/2026参赛工作区/2026华为杯idea冻结工作区/实验数据/v7_fast_equiv_20260927_0030,0,AI_VERIFIED
2359468,root1:v7_fast_equiv_20260927_0030,0.0,0,0,0.0,0,0,0,0,,0,0,0,B3_base,case_088,4189266,3,869074,869074,4189266,69822,1.2078196670008765,mps,2451050,94237,"{'0': 92707, '1': 86408, '2': 94237}",196677,1829798,68,2359468,f32a1b88635f8e1a5742eee970fe632b3159bc5039c494a04a378ac6bd6f386a,0,"[193926, 4189266, 0]",0.9986572079997131,B,4189266,"[94237, 4189266, 0, 0, 0]",seed,/Users/futaoran/Desktop/华为杯2026/2026参赛工作区/2026华为杯idea冻结工作区/实验数据/v7_fast_equiv_20260927_0030,0,AI_VERIFIED
2359468,root1:v7_fast_equiv_20260927_0030,8610.192,689992,147,0.20782115366775458,2630132,836,3320124,983,,107968,679752,2720,incumbent_split_height_g20_p4,case_088,4189266,3,869074,869074,3509514,58492,1.6431531250000262,mps,2451050,94237,"{'0': 92707, '1': 86408, '2': 94237}",190688,1829798,68,2359468,12efa14dbc3f7787562c1f192fc8b2e6de7399cce64316376b838f68790a9853,0,"[188368, 58321.23333333333, -689992, 0]",1.3757861670001148,C,4189266,"[94237, 4189266, 0, -679752, -107968]",timing,/Users/futaoran/Desktop/华为杯2026/2026参赛工作区/2026华为杯idea冻结工作区/实验数据/v7_fast_equiv_20260927_0030,0,AI_VERIFIED
1335726,root1:v7_fast_equiv_20260927_0030,0.0,0,0,0.0,0,0,0,0,,0,0,0,A3_base,case_088,3165524,4,601344,521472,3165524,52759,0.7025660829986009,mps,2042640,74525,"{'0': 63303, '1': 67116, '2': 74525, '3': 68408}",250202,1829798,68,1335726,8b678bc470e14f4ec356417097e2e8f14930e33e1a34b9686bee0fb296fb62eb,0,"[300958, 3165524, 0]",0.5560125840002001,A,3165524,"[74525, 3165524, 0, 0, 0]",seed,/Users/futaoran/Desktop/华为杯2026/2026参赛工作区/2026华为杯idea冻结工作区/实验数据/v7_fast_equiv_20260927_0030,0,AI_VERIFIED
2459964,root1:v7_fast_equiv_20260927_0030,0.0,0,0,0.0,0,0,0,0,,0,0,0,B3_base,case_088,4289762,4,886040,886040,4289762,71497,1.3248803330006922,mps,2517614,71497,"{'0': 71256, '1': 69647, '2': 67425, '3': 65024}",185641,1829798,68,2459964,fd35805906dafb29c61d446dc4694a1d533959cb03adf2573bf2f86ff88b7fd2,0,"[183361, 4289762, 0]",1.1680983330006711,B,4289762,"[71497, 4289762, 0, 0, 0]",seed,/Users/futaoran/Desktop/华为杯2026/2026参赛工作区/2026华为杯idea冻结工作区/实验数据/v7_fast_equiv_20260927_0030,0,AI_VERIFIED
2490684,root1:v7_fast_equiv_20260927_0030,10072.634666666667,797258,184,0.23193324346040636,2640188,854,3437446,1038,,292912,795208,3181,incumbent_disperse_tid_171_node_1470_core_3_pos_3,case_088,4320482,4,882968,882968,3525274,58755,1.2527438329998404,mps,2554478,69647,"{'0': 68940, '1': 69647, '2': 67425, '3': 67340}",184608,1829798,68,2490684,6e4010644705d6348b15ff7cee9c525f642b90025d27cb3313252e5e4527b297,0,"[183162, 58720.4, -797258, 0]",1.2881310419998044,C,4320482,"[69647, 4320482, 0, -795208, -292912]",disperse,/Users/futaoran/Desktop/华为杯2026/2026参赛工作区/2026华为杯idea冻结工作区/实验数据/v7_fast_equiv_20260927_0030,0,AI_VERIFIED
2026824,root1:v7_fast_equiv_20260927_0030,0.0,0,0,0.0,0,0,0,0,,0,0,0,L3_base,case_088,3856622,5,1006576,926704,3856622,64278,1.00133333300073,mps,1923274,64278,"{'0': 50027, '1': 51527, '2': 54783, '3': 57159, '4': 59856}",263024,1829798,68,2026824,7fff09183630f8e5dc3040e9b3fd2719d1637e1bc7781a32b7fd9a6577af7d5b,0,"[303492, 3856622, 0]",0.716920917000607,A,3856622,"[64278, 3856622, 0, 0, 0]",legacy_seed,/Users/futaoran/Desktop/华为杯2026/2026参赛工作区/2026华为杯idea冻结工作区/实验数据/v7_fast_equiv_20260927_0030,0,AI_VERIFIED
2028728,root1:v7_fast_equiv_20260927_0030,0.0,0,0,0.0,0,0,0,0,,0,0,0,B3_base,case_088,3858526,5,783892,783892,3858526,64309,1.3183449590014789,mps,2290674,64309,"{'0': 61614, '1': 62086, '2': 49307, '3': 42441, '4': 57904}",196615,1829798,68,2028728,b20d8363344846f8be9515ad88060e0208ed584bfa09449e9e9c946cf72c756a,0,"[195632, 3858526, 0]",1.2092302919991198,B,3858526,"[64309, 3858526, 0, 0, 0]",seed,/Users/futaoran/Desktop/华为杯2026/2026参赛工作区/2026华为杯idea冻结工作区/实验数据/v7_fast_equiv_20260927_0030,0,AI_VERIFIED
2010296,root1:v7_fast_equiv_20260927_0030,5922.072,467532,114,0.1531354423853823,2585530,842,3053062,956,,1232562,467532,1871,incumbent_disperse_group_tid_3_group_4_core_2_pos_3,case_088,3840094,5,786964,786964,3372562,56210,0.7122581669991632,mps,2266098,61614,"{'0': 61614, '1': 56558, '2': 54835, '3': 42441, '4': 57904}",194762,1829798,68,2010296,bd05cd414c96f75e811f66ef33713b873a51fca092ae3928e2f0df6b581b293c,0,"[193659, 56209.36666666667, -467532, 0]",0.5964762080002401,C,3840094,"[61614, 3840094, 0, -467532, -1232562]",disperse,/Users/futaoran/Desktop/华为杯2026/2026参赛工作区/2026华为杯idea冻结工作区/实验数据/v7_fast_equiv_20260927_0030,0,AI_VERIFIED
273408,root1:v7_fast_equiv_20260927_0030,0.0,0,0,0.0,0,0,0,0,,0,0,0,A2_base,case_002,1497600,1,136704,136704,1497600,24960,0.25658012500025507,mps,1222656,275928,{'0': 275928},265138,1224192,1536,273408,de1c4979aefb6c1ee24e6396bc529205e40e2bb8e93c284a0a5571f42243ea36,176128,"[292477, 1497600, 0]",0.1886428750003688,A,1497600,"[275928, 1497600, 176128, 0, 0]",seed,/Users/futaoran/Desktop/华为杯2026/2026参赛工作区/2026华为杯idea冻结工作区/实验数据/v7_fast_equiv_20260927_0030,0,AI_VERIFIED
2311680,root1:v7_fast_equiv_20260927_0030,0.0,0,0,0.0,0,0,0,0,,0,0,0,B3_base,case_002,1224192,1,0,0,1224192,20404,0.39511166699958267,mps,1222656,275928,{'0': 275928},260509,1224192,1536,0,b65bba2214ff2963322aa79df3184dbcd519eba334242af97507baa02291c1b2,863744,"[256800, 3535872, 2311680]",0.39059337500111724,B,3535872,"[275928, 1224192, 863744, 0, 0]",seed,/Users/futaoran/Desktop/华为杯2026/2026参赛工作区/2026华为杯idea冻结工作区/实验数据/v7_fast_equiv_20260927_0030,2311680,AI_VERIFIED
0,root1:v7_fast_equiv_20260927_0030,0.0,0,0,0.0,1222656,398,1222656,398,,0,0,0,C0_base,case_002,1224192,1,0,0,1224192,20404,0.29904783299934934,mps,1222656,275928,{'0': 275928},261945,1224192,1536,0,9ea2961cb0761ffab25876943b4d07b7bce76d5ae992463dcafc6a35067694e6,176128,"[261945, 20403.2, 0, 0]",0.23288616699937847,C,1224192,"[275928, 1224192, 176128, 0, 0]",seed,/Users/futaoran/Desktop/华为杯2026/2026参赛工作区/2026华为杯idea冻结工作区/实验数据/v7_fast_equiv_20260927_0030,0,AI_VERIFIED
5776896,root1:v7_fast_equiv_20260927_0030,0.0,0,0,0.0,0,0,0,0,,0,0,0,A3_base,case_002,7001088,2,1512960,1512960,7001088,116685,0.46856858400133206,mps,3973632,147264,"{'0': 147264, '1': 128664}",230910,1224192,1536,5776896,eae51e0cb63a8a00da13cf636e13c61c0959b77b6220ac84e91da89e472e24e2,304640,"[269327, 7001088, 0]",0.346589667000444,A,7001088,"[147264, 7001088, 304640, 0, 0]",seed,/Users/futaoran/Desktop/华为杯2026/2026参赛工作区/2026华为杯idea冻结工作区/实验数据/v7_fast_equiv_20260927_0030,0,AI_VERIFIED
3614208,root1:v7_fast_equiv_20260927_0030,0.0,0,0,0.0,0,0,0,0,,0,0,0,B3_base,case_002,4334592,2,1096704,1096704,4334592,72244,0.42009012500056997,mps,2139648,147372,"{'0': 128556, '1': 147372}",165091,1224192,1536,3110400,91099e6689fcb130f0ff27ee088b471bc806dc7574b252cb453696d641f6d958,559104,"[164069, 4838400, 503808]",0.39488395799889986,B,4838400,"[147372, 4334592, 559104, 0, 0]",seed,/Users/futaoran/Desktop/华为杯2026/2026参赛工作区/2026华为杯idea冻结工作区/实验数据/v7_fast_equiv_20260927_0030,503808,AI_VERIFIED
3614208,root1:v7_fast_equiv_20260927_0030,6829.056,677376,117,0.18306351183063513,3022848,1194,3236352,1311,,5875200,539136,2157,incumbent_aggregate,case_002,4334592,2,1096704,1096704,3795456,63258,0.508586333000494,mps,2139648,147372,"{'0': 128556, '1': 147372}",164754,1224192,1536,3110400,3f41182e271f72c18619f59e4139dd6cc23ddaeb8ea5a205c510c035ff4f57a2,559104,"[164069, 69350.4, -677376, 503808]",0.4257211249987449,C,4838400,"[147372, 4334592, 559104, -539136, -5875200]",aggregate,/Users/futaoran/Desktop/华为杯2026/2026参赛工作区/2026华为杯idea冻结工作区/实验数据/v7_fast_equiv_20260927_0030,503808,AI_VERIFIED
594432,root1:v7_fast_equiv_20260927_0030,0.0,0,0,0.0,0,0,0,0,,0,0,0,L2_base,case_002,1818624,3,290304,290304,1818624,30311,0.26319183300074656,mps,1236480,100800,"{'0': 100800, '1': 100764, '2': 74364}",173068,1224192,1536,594432,b29193508e94a222199522840faf94bc367c38f009f2fb999f66d5bac7021a2a,34816,"[190240, 1818624, 0]",0.17538512499959324,A,1818624,"[100800, 1818624, 34816, 0, 0]",legacy_seed,/Users/futaoran/Desktop/华为杯2026/2026参赛工作区/2026华为杯idea冻结工作区/实验数据/v7_fast_equiv_20260927_0030,0,AI_VERIFIED
4211712,root1:v7_fast_equiv_20260927_0030,0.0,0,0,0.0,0,0,0,0,,0,0,0,B3_base,case_002,5435904,3,1410048,1410048,5435904,90599,0.5408411669995985,mps,2614272,100560,"{'0': 87756, '1': 100560, '2': 87612}",131349,1224192,1536,4211712,b3d36dff0a8274bc1ade7f977079e908a2d2e7d86c645145f8a621bf5ffe399a,176128,"[125769, 5435904, 0]",0.5259270000005927,B,5435904,"[100560, 5435904, 176128, 0, 0]",seed,/Users/futaoran/Desktop/华为杯2026/2026参赛工作区/2026华为杯idea冻结工作区/实验数据/v7_fast_equiv_20260927_0030,0,AI_VERIFIED
4294656,root1:v7_fast_equiv_20260927_0030,7821.312,640512,134,0.15664913598797897,3448320,1506,4088832,1640,,4147200,617472,2470,r3_merge_g12_7,case_002,5518848,3,1428480,1428480,4901376,81690,0.6372618749992398,mps,2660352,95280,"{'0': 87756, '1': 92892, '2': 95280}",127539,1224192,1536,4294656,5c5efeca25b7710302a9800634801f1aa00d6f1b81e5027db114c59dbbdb8b46,176128,"[121163, 81996.8, -599040, 0]",0.4683827079988987,C,5518848,"[95280, 5518848, 176128, -617472, -4147200]",ordinary_chain,/Users/futaoran/Desktop/华为杯2026/2026参赛工作区/2026华为杯idea冻结工作区/实验数据/v7_fast_equiv_20260927_0030,0,AI_VERIFIED
6420480,root1:v7_fast_equiv_20260927_0030,0.0,0,0,0.0,0,0,0,0,,0,0,0,A3_base,case_002,7644672,4,1832448,1832448,7644672,127412,0.6246208749998914,mps,3978240,127412,"{'0': 126600, '1': 99264, '2': 36264, '3': 13800}",199292,1224192,1536,6420480,e1fc9be412ccebefd043ea8a460da0b910dbc01d276cf4a6e8249366789d3838,176128,"[217044, 7644672, 0]",0.3900703330000397,A,7644672,"[127412, 7644672, 176128, 0, 0]",seed,/Users/futaoran/Desktop/华为杯2026/2026参赛工作区/2026华为杯idea冻结工作区/实验数据/v7_fast_equiv_20260927_0030,0,AI_VERIFIED
3930624,root1:v7_fast_equiv_20260927_0030,0.0,0,0,0.0,0,0,0,0,,0,0,0,B3_base,case_002,5154816,4,1539072,1539072,5154816,85914,0.6939356250004494,mps,2075136,87420,"{'0': 87420, '1': 74508, '2': 45000, '3': 69000}",122326,1224192,1536,3930624,741aa085fa609c60315181c62a1079b5e9a1bb1932405c2207b475cbf01e2294,176128,"[110443, 5154816, 0]",0.5199724579997564,B,5154816,"[87420, 5154816, 176128, 0, 0]",seed,/Users/futaoran/Desktop/华为杯2026/2026参赛工作区/2026华为杯idea冻结工作区/实验数据/v7_fast_equiv_20260927_0030,0,AI_VERIFIED
3930624,root1:v7_fast_equiv_20260927_0030,4202.496,387072,72,0.10709732256693583,3227136,1513,3614208,1585,,9216000,331776,1328,incumbent_aggregate,case_002,5154816,4,1539072,1539072,4823040,80384,0.6745814160003647,mps,2075136,87420,"{'0': 87420, '1': 74508, '2': 45000, '3': 69000}",119922,1224192,1536,3930624,bc4f5884b63f47a1c0565ee4f48256c7ae2e3ae9897757ff1d70eaa8b8faa42d,176128,"[110385, 80998.4, -294912, 0]",0.5376797919998353,C,5154816,"[87420, 5154816, 176128, -331776, -9216000]",aggregate,/Users/futaoran/Desktop/华为杯2026/2026参赛工作区/2026华为杯idea冻结工作区/实验数据/v7_fast_equiv_20260927_0030,0,AI_VERIFIED
700416,root1:v7_fast_equiv_20260927_0030,0.0,0,0,0.0,0,0,0,0,,0,0,0,L2_base,case_002,1924608,5,340992,340992,1924608,32077,0.37757137500011595,mps,1241088,60480,"{'0': 60480, '1': 60480, '2': 60480, '3': 57804, '4': 36684}",128412,1224192,1536,700416,0bcf374181b51e6dc40cb0d4f326d50e81a4ca07eac4ad6bcd64559c69f0c1df,8704,"[140690, 1924608, 0]",0.29424729099991964,A,1924608,"[60480, 1924608, 8704, 0, 0]",legacy_seed,/Users/futaoran/Desktop/华为杯2026/2026参赛工作区/2026华为杯idea冻结工作区/实验数据/v7_fast_equiv_20260927_0030,0,AI_VERIFIED
4024320,root1:v7_fast_equiv_20260927_0030,0.0,0,0,0.0,0,0,0,0,,0,0,0,B3_base,case_002,5248512,5,1579008,1579008,5248512,87476,0.8416736250001122,mps,2088960,87476,"{'0': 73920, '1': 75012, '2': 76596, '3': 25200, '4': 25200}",111678,1224192,1536,4024320,6227e01a51e759646ebe55217f3db8a1c93da5ef9475516846c6ea1fa515377e,176128,"[93671, 5248512, 0]",0.7010231660005957,B,5248512,"[87476, 5248512, 176128, 0, 0]",seed,/Users/futaoran/Desktop/华为杯2026/2026参赛工作区/2026华为杯idea冻结工作区/实验数据/v7_fast_equiv_20260927_0030,0,AI_VERIFIED
4010496,root1:v7_fast_equiv_20260927_0030,3151.872,396288,54,0.10844892812105927,3257856,1557,3654144,1611,,9469440,248832,996,event_timing_tid_1000000399_miss_2_bytes_9216_core_1,case_002,5234688,5,1579008,1579008,4985856,83098,0.7771924999997282,mps,2075136,83098,"{'0': 73920, '1': 82212, '2': 69396, '3': 25200, '4': 25200}",105055,1224192,1536,4010496,ef74c0f7b26d475a7985b16a9a4b1aa0c199d5db31969d24d1f4d8ab58a584df,176128,"[90521, 82252.8, -299520, 0]",0.5401160000001255,C,5234688,"[83098, 5234688, 176128, -248832, -9469440]",event_timing,/Users/futaoran/Desktop/华为杯2026/2026参赛工作区/2026华为杯idea冻结工作区/实验数据/v7_fast_equiv_20260927_0030,0,AI_VERIFIED
1050880,root1:v7_fast_equiv_20260927_0030,0.0,0,0,0.0,0,0,0,0,,0,0,0,L3_base,case_019,1237864,1,469888,445312,1237864,20632,0.15398683300008997,mps,314932,88712,{'0': 88712},75090,186984,7732,1050880,fce0e78d9866c49d73bfd80355c75c6ec431456cf9ef8122945f3987a03a7357,49152,"[84573, 1237864, 0]",0.10533599999871512,A,1237864,"[88712, 1237864, 49152, 0, 0]",legacy_seed,/Users/futaoran/Desktop/华为杯2026/2026参赛工作区/2026华为杯idea冻结工作区/实验数据/v7_fast_equiv_20260927_0030,0,AI_VERIFIED
6144,root1:v7_fast_equiv_20260927_0030,0.0,0,0,0.0,0,0,0,0,,0,0,0,L3_base,case_019,186984,1,0,0,186984,3117,0.11987979199875554,mps,179252,88712,{'0': 88712},70264,186984,7732,0,ee1882e7ffaa8b34d8a6acf35ba262f2f8586d7b6137991b8fbe0ec572e01cdd,1536,"[70264, 193128, 6144]",0.09303366600033769,B,193128,"[88712, 186984, 1536, 0, 0]",legacy_seed,/Users/futaoran/Desktop/华为杯2026/2026参赛工作区/2026华为杯idea冻结工作区/实验数据/v7_fast_equiv_20260927_0030,6144,AI_VERIFIED
0,root1:v7_fast_equiv_20260927_0030,0.0,0,0,0.0,179252,88,179252,88,,0,0,0,C0_base,case_019,186984,1,0,0,186984,3117,0.12547491599980276,mps,179252,88712,{'0': 88712},81144,186984,7732,0,ba3b5e162323e37db2b485471deb0ce1c53eb82b9640834648cf30469481679b,0,"[81144, 3116.4, 0, 0]",0.10625320799954352,C,186984,"[88712, 186984, 0, 0, 0]",seed,/Users/futaoran/Desktop/华为杯2026/2026参赛工作区/2026华为杯idea冻结工作区/实验数据/v7_fast_equiv_20260927_0030,0,AI_VERIFIED
27168,root1:v7_fast_equiv_20260927_0030,0.0,0,0,0.0,0,0,0,0,,0,0,0,L1_base,case_019,214152,2,0,0,214152,3570,0.10213295900030062,mps,206420,44612,"{'0': 44612, '1': 44100}",41382,186984,7732,27168,6dbcc2c80c54ba706ce50d741fa229157914b21eddb68bbf3bfa8fde51abb699,0,"[45550, 214152, 0]",0.0931421670011332,A,214152,"[44612, 214152, 0, 0, 0]",legacy_seed,/Users/futaoran/Desktop/华为杯2026/2026参赛工作区/2026华为杯idea冻结工作区/实验数据/v7_fast_equiv_20260927_0030,0,AI_VERIFIED
27168,root1:v7_fast_equiv_20260927_0030,0.0,0,0,0.0,0,0,0,0,,0,0,0,L1_base,case_019,214152,2,0,0,214152,3570,0.1068577500009269,mps,206420,44612,"{'0': 44612, '1': 44100}",41382,186984,7732,27168,6dbcc2c80c54ba706ce50d741fa229157914b21eddb68bbf3bfa8fde51abb699,0,"[41279, 214152, 0]",0.10906770800102095,B,214152,"[44612, 214152, 0, 0, 0]",legacy_seed,/Users/futaoran/Desktop/华为杯2026/2026参赛工作区/2026华为杯idea冻结工作区/实验数据/v7_fast_equiv_20260927_0030,0,AI_VERIFIED
27168,root1:v7_fast_equiv_20260927_0030,240.36266666666666,27168,3,0.13161515357039047,179252,89,206420,92,,303616,18976,76,incumbent_split_height_g0_p4,case_019,214152,2,0,0,195176,3253,0.10122729199974856,mps,206420,44612,"{'0': 44612, '1': 44100}",39509,186984,7732,27168,b573af0c46010b4daa1e1f772f27c6534e0f2ef685dc7a1247e1f60e888395f9,0,"[39474, 3116.4, -27168, 0]",0.08425158300087787,C,214152,"[44612, 214152, 0, -18976, -303616]",timing,/Users/futaoran/Desktop/华为杯2026/2026参赛工作区/2026华为杯idea冻结工作区/实验数据/v7_fast_equiv_20260927_0030,0,AI_VERIFIED
54336,root1:v7_fast_equiv_20260927_0030,0.0,0,0,0.0,0,0,0,0,,0,0,0,L1_base,case_019,241320,3,0,0,241320,4022,0.0950436669991177,mps,233588,29853,"{'0': 29679, '1': 29180, '2': 29853}",28657,186984,7732,54336,959aa60d2b4f81ab394b5162eea41cea8d9ff73fad3c5ab4a4dc7e5c55de5f0f,0,"[30751, 241320, 0]",0.09992287500062957,A,241320,"[29853, 241320, 0, 0, 0]",legacy_seed,/Users/futaoran/Desktop/华为杯2026/2026参赛工作区/2026华为杯idea冻结工作区/实验数据/v7_fast_equiv_20260927_0030,0,AI_VERIFIED
54336,root1:v7_fast_equiv_20260927_0030,0.0,0,0,0.0,0,0,0,0,,0,0,0,L1_base,case_019,241320,3,0,0,241320,4022,0.13054004200057534,mps,233588,29853,"{'0': 29679, '1': 29180, '2': 29853}",28657,186984,7732,54336,959aa60d2b4f81ab394b5162eea41cea8d9ff73fad3c5ab4a4dc7e5c55de5f0f,0,"[28451, 241320, 0]",0.06768783299958159,B,241320,"[29853, 241320, 0, 0, 0]",legacy_seed,/Users/futaoran/Desktop/华为杯2026/2026参赛工作区/2026华为杯idea冻结工作区/实验数据/v7_fast_equiv_20260927_0030,0,AI_VERIFIED
54336,root1:v7_fast_equiv_20260927_0030,169.42933333333332,54336,3,0.23261468911074198,179252,93,233588,96,,105984,13376,54,incumbent_split_release_g0_p4,case_019,241320,3,0,0,227944,3800,0.13151337500130467,mps,233588,29853,"{'0': 29679, '1': 29180, '2': 29853}",26572,186984,7732,54336,369b38d5262237b09c01e4663822fcfdfc0e40bd7166c240a825cbde6258640e,0,"[26502, 3116.4, -54336, 0]",0.09270029199979035,C,241320,"[29853, 241320, 0, -13376, -105984]",timing,/Users/futaoran/Desktop/华为杯2026/2026参赛工作区/2026华为杯idea冻结工作区/实验数据/v7_fast_equiv_20260927_0030,0,AI_VERIFIED
54336,root1:v7_fast_equiv_20260927_0030,0.0,0,0,0.0,0,0,0,0,,0,0,0,L1_base,case_019,241320,4,0,0,241320,4022,0.10121945799983223,mps,233588,24118,"{'0': 24118, '1': 21430, '2': 21658, '3': 21506}",24099,186984,7732,54336,0880c30f32be7bb5aabff79daf723453f55972fc15df65aaeed3006d092f0048,0,"[24779, 241320, 0]",0.07666329099993163,A,241320,"[24118, 241320, 0, 0, 0]",legacy_seed,/Users/futaoran/Desktop/华为杯2026/2026参赛工作区/2026华为杯idea冻结工作区/实验数据/v7_fast_equiv_20260927_0030,0,AI_VERIFIED
54336,root1:v7_fast_equiv_20260927_0030,0.0,0,0,0.0,0,0,0,0,,0,0,0,L1_base,case_019,241320,4,0,0,241320,4022,0.10725445900061459,mps,233588,24118,"{'0': 24118, '1': 21430, '2': 21658, '3': 21506}",24099,186984,7732,54336,0880c30f32be7bb5aabff79daf723453f55972fc15df65aaeed3006d092f0048,0,"[23790, 241320, 0]",0.07025941600113583,B,241320,"[24118, 241320, 0, 0, 0]",legacy_seed,/Users/futaoran/Desktop/华为杯2026/2026参赛工作区/2026华为杯idea冻结工作区/实验数据/v7_fast_equiv_20260927_0030,0,AI_VERIFIED
62016,root1:v7_fast_equiv_20260927_0030,227.79733333333334,48160,4,0.20089099494435453,191572,94,239732,98,,0,17984,72,incumbent_disperse_tid_697_node_698_core_3_pos_0,case_019,249000,4,1536,1536,231016,3851,0.08404583400078991,mps,238196,23818,"{'3': 21806, '0': 23818, '1': 21430, '2': 21658}",23835,186984,7732,62016,bad70507678106d6c8a5c422dccc76dd559e90e424548d8bbe918d722c30c6ed,0,"[23526, 3167.6, -58944, 0]",0.08191650000117079,C,249000,"[23818, 249000, 0, -17984, 0]",disperse,/Users/futaoran/Desktop/华为杯2026/2026参赛工作区/2026华为杯idea冻结工作区/实验数据/v7_fast_equiv_20260927_0030,0,AI_VERIFIED
81504,root1:v7_fast_equiv_20260927_0030,0.0,0,0,0.0,0,0,0,0,,0,0,0,L1_base,case_019,268488,5,0,0,268488,4475,0.11097641699961969,mps,260756,24118,"{'0': 24118, '1': 16612, '2': 15930, '3': 16110, '4': 15942}",24202,186984,7732,81504,8fcbafdbb625e784bc10424994b5fb1a7f8b88e5a078784adaa77e13d02d9687,0,"[24779, 268488, 0]",0.07870441599879996,A,268488,"[24118, 268488, 0, 0, 0]",legacy_seed,/Users/futaoran/Desktop/华为杯2026/2026参赛工作区/2026华为杯idea冻结工作区/实验数据/v7_fast_equiv_20260927_0030,0,AI_VERIFIED
81504,root1:v7_fast_equiv_20260927_0030,0.0,0,0,0.0,0,0,0,0,,0,0,0,L1_base,case_019,268488,5,0,0,268488,4475,0.08509862500068266,mps,260756,24118,"{'0': 24118, '1': 16612, '2': 15930, '3': 16110, '4': 15942}",24202,186984,7732,81504,8fcbafdbb625e784bc10424994b5fb1a7f8b88e5a078784adaa77e13d02d9687,0,"[23790, 268488, 0]",0.08665670799928193,B,268488,"[24118, 268488, 0, 0, 0]",legacy_seed,/Users/futaoran/Desktop/华为杯2026/2026参赛工作区/2026华为杯idea冻结工作区/实验数据/v7_fast_equiv_20260927_0030,0,AI_VERIFIED
62016,root1:v7_fast_equiv_20260927_0030,227.79733333333334,48160,4,0.20089099494435453,191572,94,239732,98,,0,17984,72,incumbent_disperse_tid_697_node_698_core_3_pos_0,case_019,249000,5,1536,1536,231016,3851,0.08340241699988837,mps,238196,23818,"{'3': 21806, '0': 23818, '1': 21430, '2': 21658}",23835,186984,7732,62016,7861688fa80ca439c0c3ab00403723b3c759d05a64bc27d7f230f801b7ebc3b7,0,"[23526, 3167.6, -58944, 0]",0.08142220800073119,C,249000,"[23818, 249000, 0, -17984, 0]",disperse,/Users/futaoran/Desktop/华为杯2026/2026参赛工作区/2026华为杯idea冻结工作区/实验数据/v7_fast_equiv_20260927_0030,0,AI_VERIFIED
1152896,root1:v7_fast_equiv_20260927_0030,0.0,0,0,0.0,0,0,0,0,,0,0,0,A3_base,case_052,1963100,1,531648,525504,1963100,32719,0.21278391700070642,mps,905788,204123,{'0': 204123},179776,810204,160,1152896,c69b1b471bb85a7e4276ef319716e642129106ebe4853f604cd1b6e7d672b94a,18656,"[197511, 1963100, 0]",0.18481249999967986,A,1963100,"[204123, 1963100, 18656, 0, 0]",seed,/Users/futaoran/Desktop/华为杯2026/2026参赛工作区/2026华为杯idea冻结工作区/实验数据/v7_fast_equiv_20260927_0030,0,AI_VERIFIED
70848,root1:v7_fast_equiv_20260927_0030,0.0,0,0,0.0,0,0,0,0,,0,0,0,B2_base,case_052,810204,1,0,0,810204,13504,0.1692007920009928,mps,810044,204123,{'0': 204123},159895,810204,160,0,c69b1b471bb85a7e4276ef319716e642129106ebe4853f604cd1b6e7d672b94a,18656,"[159895, 881052, 70848]",0.17734349999955157,B,881052,"[204123, 810204, 18656, 0, 0]",seed,/Users/futaoran/Desktop/华为杯2026/2026参赛工作区/2026华为杯idea冻结工作区/实验数据/v7_fast_equiv_20260927_0030,70848,AI_VERIFIED
70848,root1:v7_fast_equiv_20260927_0030,0.0,0,0,0.0,845468,259,810044,259,,215040,0,0,incumbent_aggregate,case_052,810204,1,0,0,810204,13504,0.16315512499932083,mps,810044,204123,{'0': 204123},158577,810204,160,0,87b0cf4af08cb786e22087abd57bb859fc8e52aee898dd2b37c4b5f556b68e84,18656,"[158577, 14684.2, 0, 70848]",0.16694141700099863,C,881052,"[204123, 810204, 18656, 0, -215040]",aggregate,/Users/futaoran/Desktop/华为杯2026/2026参赛工作区/2026华为杯idea冻结工作区/实验数据/v7_fast_equiv_20260927_0030,70848,AI_VERIFIED
102912,root1:v7_fast_equiv_20260927_0030,0.0,0,0,0.0,0,0,0,0,,0,0,0,L1_base,case_052,913116,2,0,0,913116,15219,0.15587562499968044,mps,912956,102130,"{'0': 101993, '1': 102130}",90903,810204,160,102912,1b145e1f1317231aab9f0a4ca40baf5ddff1be885e43541930bba5160cb23abe,0,"[103913, 913116, 0]",0.1327586669995071,A,913116,"[102130, 913116, 0, 0, 0]",legacy_seed,/Users/futaoran/Desktop/华为杯2026/2026参赛工作区/2026华为杯idea冻结工作区/实验数据/v7_fast_equiv_20260927_0030,0,AI_VERIFIED
102912,root1:v7_fast_equiv_20260927_0030,0.0,0,0,0.0,0,0,0,0,,0,0,0,L1_base,case_052,913116,2,0,0,913116,15219,0.1456093750002765,mps,912956,102130,"{'0': 101993, '1': 102130}",90903,810204,160,102912,1b145e1f1317231aab9f0a4ca40baf5ddff1be885e43541930bba5160cb23abe,0,"[90868, 913116, 0]",0.15438808299950324,B,913116,"[102130, 913116, 0, 0, 0]",legacy_seed,/Users/futaoran/Desktop/华为杯2026/2026参赛工作区/2026华为杯idea冻结工作区/实验数据/v7_fast_equiv_20260927_0030,0,AI_VERIFIED
70848,root1:v7_fast_equiv_20260927_0030,0.0,0,0,0.0,845468,259,810044,259,,215040,0,0,lower_core_base,case_052,810204,2,0,0,810204,13504,0.16183545799867716,mps,810044,204123,{'0': 204123},158577,810204,160,0,2f4383207c8ac0c40df9b9788699bd551fd9b2401de295f58c57bdaacee38df4,18656,"[158577, 14684.2, 0, 70848]",0.14837583300140977,C,881052,"[204123, 810204, 18656, 0, -215040]",lower_core,/Users/futaoran/Desktop/华为杯2026/2026参赛工作区/2026华为杯idea冻结工作区/实验数据/v7_fast_equiv_20260927_0030,70848,AI_VERIFIED
181248,root1:v7_fast_equiv_20260927_0030,0.0,0,0,0.0,0,0,0,0,,0,0,0,L1_base,case_052,991452,3,0,0,991452,16525,0.17905525000060152,mps,991292,68240,"{'0': 67929, '1': 67954, '2': 68240}",61071,810204,160,181248,8ed9d9759a7951e99c61fa02f551b4585c91f53ab77c8fa07584d664b91edba8,0,"[69493, 991452, 0]",0.11904833300104656,A,991452,"[68240, 991452, 0, 0, 0]",legacy_seed,/Users/futaoran/Desktop/华为杯2026/2026参赛工作区/2026华为杯idea冻结工作区/实验数据/v7_fast_equiv_20260927_0030,0,AI_VERIFIED
181248,root1:v7_fast_equiv_20260927_0030,0.0,0,0,0.0,0,0,0,0,,0,0,0,L1_base,case_052,991452,3,0,0,991452,16525,0.18216629199923773,mps,991292,68240,"{'0': 67929, '1': 67954, '2': 68240}",61071,810204,160,181248,8ed9d9759a7951e99c61fa02f551b4585c91f53ab77c8fa07584d664b91edba8,0,"[60963, 991452, 0]",0.14351254199937102,B,991452,"[68240, 991452, 0, 0, 0]",legacy_seed,/Users/futaoran/Desktop/华为杯2026/2026参赛工作区/2026华为杯idea冻结工作区/实验数据/v7_fast_equiv_20260927_0030,0,AI_VERIFIED
102912,root1:v7_fast_equiv_20260927_0030,992.256,102912,14,0.11272394288443255,810044,262,912956,276,,0,78336,314,lower_core_base,case_052,913116,3,0,0,834780,13913,0.17352316600045015,mps,912956,102130,"{'0': 101993, '1': 102130}",90903,810204,160,102912,05590ceef4067fcf9f629e119e1af0da991b78053dc0b4b8aa1654ef455252d4,0,"[90868, 13503.4, -102912, 0]",0.10984375000043656,C,913116,"[102130, 913116, 0, -78336, 0]",lower_core,/Users/futaoran/Desktop/华为杯2026/2026参赛工作区/2026华为杯idea冻结工作区/实验数据/v7_fast_equiv_20260927_0030,0,AI_VERIFIED
254976,root1:v7_fast_equiv_20260927_0030,0.0,0,0,0.0,0,0,0,0,,0,0,0,L1_base,case_052,1065180,4,0,0,1065180,17753,0.16930329200113192,mps,1065020,51418,"{'0': 50770, '1': 51103, '2': 50832, '3': 51418}",45610,810204,160,254976,ef5bc8b548340ccc8b0239979daee2ae56067b2cd8f79bbaae84d9c308103b78,0,"[52765, 1065180, 0]",0.10685429099976318,A,1065180,"[51418, 1065180, 0, 0, 0]",legacy_seed,/Users/futaoran/Desktop/华为杯2026/2026参赛工作区/2026华为杯idea冻结工作区/实验数据/v7_fast_equiv_20260927_0030,0,AI_VERIFIED
254976,root1:v7_fast_equiv_20260927_0030,0.0,0,0,0.0,0,0,0,0,,0,0,0,L1_base,case_052,1065180,4,0,0,1065180,17753,0.17693283400149085,mps,1065020,51418,"{'0': 50770, '1': 51103, '2': 50832, '3': 51418}",45610,810204,160,254976,ef5bc8b548340ccc8b0239979daee2ae56067b2cd8f79bbaae84d9c308103b78,0,"[45336, 1065180, 0]",0.14864083300017228,B,1065180,"[51418, 1065180, 0, 0, 0]",legacy_seed,/Users/futaoran/Desktop/华为杯2026/2026参赛工作区/2026华为杯idea冻结工作区/实验数据/v7_fast_equiv_20260927_0030,0,AI_VERIFIED
254976,root1:v7_fast_equiv_20260927_0030,1621.3333333333333,176640,27,0.1658560402621547,888380,273,1065020,300,,0,128000,512,event_timing_tid_2287_miss_3_bytes_41472_front,case_052,1065180,4,0,0,937180,15620,0.2254995000002964,mps,1065020,51418,"{'0': 50770, '1': 51103, '2': 50832, '3': 51418}",45610,810204,160,254976,4875d2220682aaba553cd9d1173f16fc6ed2eb51d1ca2571465641a15d7a4930,0,"[45336, 13503.4, -254976, 0]",0.1561358749986539,C,1065180,"[51418, 1065180, 0, -128000, 0]",event_timing,/Users/futaoran/Desktop/华为杯2026/2026参赛工作区/2026华为杯idea冻结工作区/实验数据/v7_fast_equiv_20260927_0030,0,AI_VERIFIED
328704,root1:v7_fast_equiv_20260927_0030,0.0,0,0,0.0,0,0,0,0,,0,0,0,L1_base,case_052,1138908,5,0,0,1138908,18982,0.24672395800007507,mps,1138748,41056,"{'0': 41056, '1': 40711, '2': 40998, '3': 40677, '4': 40681}",37387,810204,160,328704,e29533353b9af4ff4e99d5c43472ab59902b97e7857fcfbb4d4b16a79c0c9570,0,"[42308, 1138908, 0]",0.15732624999873224,A,1138908,"[41056, 1138908, 0, 0, 0]",legacy_seed,/Users/futaoran/Desktop/华为杯2026/2026参赛工作区/2026华为杯idea冻结工作区/实验数据/v7_fast_equiv_20260927_0030,0,AI_VERIFIED
328704,root1:v7_fast_equiv_20260927_0030,0.0,0,0,0.0,0,0,0,0,,0,0,0,L1_base,case_052,1138908,5,0,0,1138908,18982,0.21369037499971455,mps,1138748,41056,"{'0': 41056, '1': 40711, '2': 40998, '3': 40677, '4': 40681}",37387,810204,160,328704,e29533353b9af4ff4e99d5c43472ab59902b97e7857fcfbb4d4b16a79c0c9570,0,"[36460, 1138908, 0]",0.1539269590011827,B,1138908,"[41056, 1138908, 0, 0, 0]",legacy_seed,/Users/futaoran/Desktop/华为杯2026/2026参赛工作区/2026华为杯idea冻结工作区/实验数据/v7_fast_equiv_20260927_0030,0,AI_VERIFIED
328704,root1:v7_fast_equiv_20260927_0030,1634.3039999999999,296448,31,0.26032800935764544,842300,279,1138748,310,,0,129024,517,event_timing_tid_2290_miss_2_bytes_27648_front,case_052,1138908,5,0,0,1009884,16832,0.21151033399837615,mps,1138748,41056,"{'0': 41056, '1': 40711, '2': 40998, '3': 40677, '4': 40681}",37387,810204,160,328704,768e05022c53762f6b739e1a1fb0793197567a7d09b30a9d636484ffcfce48bc,0,"[36460, 14194.6, -287232, 0]",0.25491058300031,C,1138908,"[41056, 1138908, 0, -129024, 0]",event_timing,/Users/futaoran/Desktop/华为杯2026/2026参赛工作区/2026华为杯idea冻结工作区/实验数据/v7_fast_equiv_20260927_0030,0,AI_VERIFIED
136869376,root1:v7_fast_equiv_20260927_0030,0.0,0,0,0.0,0,0,0,0,,0,0,0,A3_base,case_073,4819840,1,389376,389376,4819840,80331,0.9797415000011824,mps,3881344,8588736,{'0': 8588736},9876885,4041088,159744,778752,f53d8217d2b021ec5b9ef783c6432c6a2b2b6048cdd15589af22695c5dce633d,1674752,"[10835589, 140910464, 136090624]",0.8359498750014609,A,140910464,"[8588736, 4819840, 1674752, 0, 0]",seed,/Users/futaoran/Desktop/华为杯2026/2026参赛工作区/2026华为杯idea冻结工作区/实验数据/v7_fast_equiv_20260927_0030,136090624,AI_VERIFIED
136743424,root1:v7_fast_equiv_20260927_0030,0.0,0,0,0.0,0,0,0,0,,0,0,0,B2_base,case_073,4041088,1,0,0,4041088,67352,1.5071641670001554,mps,3881344,8588736,{'0': 8588736},9870212,4041088,159744,0,f53d8217d2b021ec5b9ef783c6432c6a2b2b6048cdd15589af22695c5dce633d,1674752,"[9788278, 140784512, 136743424]",1.5256012080008077,B,140784512,"[8588736, 4041088, 1674752, 0, 0]",seed,/Users/futaoran/Desktop/华为杯2026/2026参赛工作区/2026华为杯idea冻结工作区/实验数据/v7_fast_equiv_20260927_0030,136743424,AI_VERIFIED
109777408,root1:v7_fast_equiv_20260927_0030,0.0,0,0,0.0,113291904,89,3881344,89,,1671936,0,0,incumbent_split_height_g2_p4,case_073,4041088,1,0,0,4041088,67352,1.677361165999173,mps,3881344,8588736,{'0': 8588736},9871472,4041088,159744,0,4342b62027860d8ff2ebb55db44d7adc50e3ad31bece90814aab0f5bd2458907,1481472,"[9789158, 1896974.9333333333, 0, 109777408]",2.286702458999571,C,113818496,"[8588736, 4041088, 1481472, 0, -1671936]",timing,/Users/futaoran/Desktop/华为杯2026/2026参赛工作区/2026华为杯idea冻结工作区/实验数据/v7_fast_equiv_20260927_0030,109777408,AI_VERIFIED
140222208,root1:v7_fast_equiv_20260927_0030,0.0,0,0,0.0,0,0,0,0,,0,0,0,A2_base,case_073,15205888,2,0,0,15205888,253432,1.1457110829996964,mps,15046144,4404480,"{'0': 4184256, '1': 4404480}",6002041,4041088,159744,11164800,52847f72913fbed2a8885f315865e8f5fe8a6ab4afb225cb6c85280a22f7ab00,6419200,"[5560532, 144263296, 129057408]",1.0956810000006953,A,144263296,"[4404480, 15205888, 6419200, 0, 0]",seed,/Users/futaoran/Desktop/华为杯2026/2026参赛工作区/2026华为杯idea冻结工作区/实验数据/v7_fast_equiv_20260927_0030,129057408,AI_VERIFIED
111817088,root1:v7_fast_equiv_20260927_0030,0.0,0,0,0.0,0,0,0,0,,0,0,0,B3_base,case_073,9703424,2,973824,973824,9703424,161724,1.679740583000239,mps,7596032,4432208,"{'0': 4156528, '1': 4432208}",6881844,4041088,159744,5662336,0c9eaa31fa2a696320891ae588444bda54781a876bc13ca5339bb1c09aa1c44b,6546432,"[6498340, 115858176, 106154752]",1.5067757079996227,B,115858176,"[4432208, 9703424, 6546432, 0, 0]",seed,/Users/futaoran/Desktop/华为杯2026/2026参赛工作区/2026华为杯idea冻结工作区/实验数据/v7_fast_equiv_20260927_0030,106154752,AI_VERIFIED
138831104,root1:v7_fast_equiv_20260927_0030,1293.824,12593152,9,0.08845183221267135,129779840,130,7602944,139,,404480,102144,409,incumbent_split_height_g0_p4,case_073,7762688,2,0,0,7660544,127676,1.1886182080015715,mps,7602944,4404480,"{'0': 4404480, '1': 4184256}",5176545,4041088,159744,3721600,4ca9f3ae0345da30c05070596a0e1f900329a7a9308a09acca87a65c9b256bb9,4839808,"[4998390, 2138754.1333333333, -14546944, 135109504]",1.0811974170010217,C,142872192,"[4404480, 7762688, 4839808, -102144, -404480]",timing,/Users/futaoran/Desktop/华为杯2026/2026参赛工作区/2026华为杯idea冻结工作区/实验数据/v7_fast_equiv_20260927_0030,135109504,AI_VERIFIED
139323392,root1:v7_fast_equiv_20260927_0030,0.0,0,0,0.0,0,0,0,0,,0,0,0,A2_base,case_073,22649088,3,0,0,22649088,377485,0.9802314170010504,mps,22489344,2862912,"{'0': 2862912, '1': 2862912, '2': 2862912}",4414910,4041088,159744,18608000,0740b716a7a46c5ffbedf69bdb836a103084f27f520b72f924bee9cba3073f87,9628800,"[3610556, 143364480, 120715392]",0.8468968750003114,A,143364480,"[2862912, 22649088, 9628800, 0, 0]",seed,/Users/futaoran/Desktop/华为杯2026/2026参赛工作区/2026华为杯idea冻结工作区/实验数据/v7_fast_equiv_20260927_0030,120715392,AI_VERIFIED
115765504,root1:v7_fast_equiv_20260927_0030,0.0,0,0,0.0,0,0,0,0,,0,0,0,B3_base,case_073,14187520,3,1530624,1530624,14187520,236459,1.415959624999232,mps,10966528,2874272,"{'0': 2874272, '1': 2873680, '2': 2840784}",6570617,4041088,159744,10146432,61e6cbe316970508919ebdf8c4fd55105474b4e343a09c9861e31dee7409f13d,7652864,"[6066188, 119806592, 105619072]",1.2844420000001264,B,119806592,"[2874272, 14187520, 7652864, 0, 0]",seed,/Users/futaoran/Desktop/华为杯2026/2026参赛工作区/2026华为杯idea冻结工作区/实验数据/v7_fast_equiv_20260927_0030,105619072,AI_VERIFIED
139309056,root1:v7_fast_equiv_20260927_0030,812.288,15228928,7,0.1065876385358892,127648128,182,11324544,189,,262912,64128,257,incumbent_split_height_g0_p4,case_073,11484288,3,0,0,11420160,190336,1.1241974579988891,mps,11324544,2862912,"{'0': 2862912, '1': 2862912, '2': 2862912}",3969025,4041088,159744,7443200,339126251af3c9cb5e70d7660d7bf9b44f57a276f40c5b80eb48cf4e1837a09c,7992064,"[3318606, 2192151.466666667, -11821056, 131865856]",1.0190626669991616,C,143350144,"[2862912, 11484288, 7992064, -64128, -262912]",timing,/Users/futaoran/Desktop/华为杯2026/2026参赛工作区/2026华为杯idea冻结工作区/实验数据/v7_fast_equiv_20260927_0030,131865856,AI_VERIFIED
138428672,root1:v7_fast_equiv_20260927_0030,0.0,0,0,0.0,0,0,0,0,,0,0,0,A2_base,case_073,30100480,4,4096,4096,30100480,501675,0.8990094580003642,mps,29932544,2202240,"{'0': 2202240, '1': 2202240, '2': 2007424, '3': 2176832}",4769565,4041088,159744,26059392,9526d153d1d1364a31d171c228a3a525c6ffc4bd58210261394b9a8361a864c1,12838400,"[3884464, 142469760, 112369280]",0.8395942499992088,A,142469760,"[2202240, 30100480, 12838400, 0, 0]",seed,/Users/futaoran/Desktop/华为杯2026/2026参赛工作区/2026华为杯idea冻结工作区/实验数据/v7_fast_equiv_20260927_0030,112369280,AI_VERIFIED
103459456,root1:v7_fast_equiv_20260927_0030,0.0,0,0,0.0,0,0,0,0,,0,0,0,B2_base,case_073,7123968,4,1312768,1312768,7123968,118733,1.2146851670004253,mps,4338688,2332368,"{'0': 2332368, '1': 2104704, '2': 2064528, '3': 2087136}",5810028,4041088,159744,3082880,3c66fd3c824bcc233cdcad106a05c096088b04f5d4dbd71c799437382815b80e,1163520,"[5247392, 107500544, 100376576]",1.1376000000000204,B,107500544,"[2332368, 7123968, 1163520, 0, 0]",seed,/Users/futaoran/Desktop/华为杯2026/2026参赛工作区/2026华为杯idea冻结工作区/实验数据/v7_fast_equiv_20260927_0030,100376576,AI_VERIFIED
139257088,root1:v7_fast_equiv_20260927_0030,604.7573333333333,15778816,6,0.11046422538745189,127062144,233,15046144,239,,202240,47744,191,incumbent_split_height_g0_p4,case_073,15205888,4,0,0,15158144,252636,1.1204930420008168,mps,15046144,2202240,"{'0': 2202240, '1': 2202240, '2': 2202240, '3': 1982016}",3434743,4041088,159744,11164800,a5a16b09843bb494764f0a624f2f7b8da66b312a62238a81d1478dda2cb9d86b,11177088,"[2517190, 1999208.5333333334, -23345664, 128092288]",1.0218093749990658,C,143298176,"[2202240, 15205888, 11177088, -47744, -202240]",timing,/Users/futaoran/Desktop/华为杯2026/2026参赛工作区/2026华为杯idea冻结工作区/实验数据/v7_fast_equiv_20260927_0030,128092288,AI_VERIFIED
137527808,root1:v7_fast_equiv_20260927_0030,0.0,0,0,0.0,0,0,0,0,,0,0,0,A2_base,case_073,37547776,5,6144,6144,37547776,625797,0.9002943329996924,mps,37375744,1761792,"{'0': 1761792, '1': 1761792, '2': 1761792, '3': 1589184, '4': 1714176}",4140941,4041088,159744,33506688,c6609a63fe4f20ac8fc430532235c3c42c59197f1b8728d392fcf2bdca8337d2,16048000,"[3048876, 141568896, 104021120]",0.7998041249993548,A,141568896,"[1761792, 37547776, 16048000, 0, 0]",seed,/Users/futaoran/Desktop/华为杯2026/2026参赛工作区/2026华为杯idea冻结工作区/实验数据/v7_fast_equiv_20260927_0030,104021120,AI_VERIFIED
73083136,root1:v7_fast_equiv_20260927_0030,0.0,0,0,0.0,0,0,0,0,,0,0,0,B3_base,case_073,22624512,5,3071744,3071744,22624512,377076,1.7105420419993607,mps,16321280,1782016,"{'0': 1661344, '1': 1719248, '2': 1718320, '3': 1782016, '4': 1707808}",5980336,4041088,159744,18583424,d405f3c42d949960a78746dadb35d088a6e7f9b7580d2d8dbcf58b60b419157c,9967232,"[5894194, 77124224, 54499712]",1.4907486659994902,B,77124224,"[1782016, 22624512, 9967232, 0, 0]",seed,/Users/futaoran/Desktop/华为杯2026/2026参赛工作区/2026华为杯idea冻结工作区/实验数据/v7_fast_equiv_20260927_0030,54499712,AI_VERIFIED
139257088,root1:v7_fast_equiv_20260927_0030,604.7573333333333,15778816,6,0.11046422538745189,127062144,233,15046144,239,,202240,47744,191,lower_core_base,case_073,15205888,5,0,0,15158144,252636,1.1078606659993966,mps,15046144,2202240,"{'0': 2202240, '1': 2202240, '2': 2202240, '3': 1982016}",3434743,4041088,159744,11164800,7f743b950c6fccca1c1346e86c7a4357b9fce6940f88e167d7e640bd62298751,11177088,"[2517190, 1999208.5333333334, -23345664, 128092288]",0.9942305830008991,C,143298176,"[2202240, 15205888, 11177088, -47744, -202240]",lower_core,/Users/futaoran/Desktop/华为杯2026/2026参赛工作区/2026华为杯idea冻结工作区/实验数据/v7_fast_equiv_20260927_0030,128092288,AI_VERIFIED
8038278,root1:v7_fast_equiv_20260927_0030,0.0,0,0,0.0,0,0,0,0,,0,0,0,L2_base,case_087,6054656,1,67680,67680,6054656,100911,9.092511958000614,mps,5918882,4476064,{'0': 4476064},3974123,5919098,414,135558,e0602027a5c47935903ac8a55fee16c0d940bcb067266d84f6d86c5eabff247a,1190464,"[4432170, 13957376, 7902720]",8.476624041999457,A,13957376,"[4476064, 6054656, 1190464, 0, 0]",legacy_seed,/Users/futaoran/Desktop/华为杯2026/2026参赛工作区/2026华为杯idea冻结工作区/实验数据/v7_fast_equiv_20260927_0030,7902720,AI_VERIFIED
7905792,root1:v7_fast_equiv_20260927_0030,0.0,0,0,0.0,0,0,0,0,,0,0,0,L2_base,case_087,5919098,1,0,0,5919098,98652,22.48475737499939,mps,5918684,4476064,{'0': 4476064},3974077,5919098,414,0,cc8fb360b93374df458b663d29e6b19e484689a622cea073549c30dcc52cf6e1,1228812,"[3973192, 13824890, 7905792]",26.827210457999172,B,13824890,"[4476064, 5919098, 1228812, 0, 0]",legacy_seed,/Users/futaoran/Desktop/华为杯2026/2026参赛工作区/2026华为杯idea冻结工作区/实验数据/v7_fast_equiv_20260927_0030,7905792,AI_VERIFIED
7902720,root1:v7_fast_equiv_20260927_0030,0.0,2534400,0,0.18336776784760794,11287004,903,5918684,903,,0,0,0,incumbent_base,case_087,5919098,1,0,0,5919098,98652,21.38163029200041,mps,5918684,4476064,{'0': 4476064},3969779,5919098,414,0,63ab0b24258b66da659e7926849e78ee6353de8548fd2d3602dd94b4f8febdce,1171456,"[3969264, 188123.63333333333, -2534400, 7902720]",20.052342291999594,C,13821818,"[4476064, 5919098, 1171456, 0, 0]",incumbent,/Users/futaoran/Desktop/华为杯2026/2026参赛工作区/2026华为杯idea冻结工作区/实验数据/v7_fast_equiv_20260927_0030,7902720,AI_VERIFIED
10050048,root1:v7_fast_equiv_20260927_0030,0.0,0,0,0.0,0,0,0,0,,0,0,0,L1_base,case_087,7923578,2,0,0,7923578,132060,6.630987292001009,mps,7923164,2238076,"{'0': 2237988, '1': 2238076}",2016479,5919098,414,2004480,d9e9d5833ffd6eb72d301523207446ff21dffa62a157de83638daae0ea6156f3,1306112,"[2230724, 15969146, 8045568]",5.964742916999967,A,15969146,"[2238076, 7923578, 1306112, 0, 0]",legacy_seed,/Users/futaoran/Desktop/华为杯2026/2026参赛工作区/2026华为杯idea冻结工作区/实验数据/v7_fast_equiv_20260927_0030,8045568,AI_VERIFIED
10008576,root1:v7_fast_equiv_20260927_0030,0.0,0,0,0.0,0,0,0,0,,0,0,0,r1_boundary_n11043_c1_p0,case_087,7932794,2,4608,4608,7932794,132214,20.40422154100088,mps,7923164,2266109,"{'0': 2266109, '1': 2209955}",1984436,5919098,414,2013696,2ac4d6c04bfb03b2f4d20c69d1c065328acc44aca5b9c35d723215965c2f4d51,1379840,"[1983742, 15927674, 7994880]",14.227663666999433,B,15927674,"[2266109, 7932794, 1379840, 0, 0]",ordinary_chain,/Users/futaoran/Desktop/华为杯2026/2026参赛工作区/2026华为杯idea冻结工作区/实验数据/v7_fast_equiv_20260927_0030,7994880,AI_VERIFIED
9999360,root1:v7_fast_equiv_20260927_0030,0.0,4271616,0,0.26835055864904006,11646428,1338,7923164,1338,,0,0,0,C1_base,case_087,7923578,2,0,0,7923578,132060,16.10522595799921,mps,7923164,2266985,"{'0': 2266985, '1': 2209079}",1984074,5919098,414,2004480,b3068058ccee0ed10cf40d116074a4e8d20f7a61462e6005947da4c972ee0204,1379840,"[1983223, 194114.03333333333, -4271616, 7994880]",17.16057683300096,C,15918458,"[2266985, 7923578, 1379840, 0, 0]",seed,/Users/futaoran/Desktop/华为杯2026/2026参赛工作区/2026华为杯idea冻结工作区/实验数据/v7_fast_equiv_20260927_0030,7994880,AI_VERIFIED
11036160,root1:v7_fast_equiv_20260927_0030,0.0,0,0,0.0,0,0,0,0,,0,0,0,L1_base,case_087,9928058,3,0,0,9928058,165468,7.354284000000916,mps,9927644,1495692,"{'0': 1495692, '1': 1487404, '2': 1492968}",1374901,5919098,414,4008960,907c8a86d7beff66c7e83f305ec4648af2e1633701512004632bc2e1ec6a2e5e,1320960,"[1493070, 16955258, 7027200]",6.625841249999212,A,16955258,"[1495692, 9928058, 1320960, 0, 0]",legacy_seed,/Users/futaoran/Desktop/华为杯2026/2026参赛工作区/2026华为杯idea冻结工作区/实验数据/v7_fast_equiv_20260927_0030,7027200,AI_VERIFIED
11036160,root1:v7_fast_equiv_20260927_0030,0.0,0,0,0.0,0,0,0,0,,0,0,0,L1_base,case_087,9928058,3,0,0,9928058,165468,15.740067582999473,mps,9927644,1495692,"{'0': 1495692, '1': 1487404, '2': 1492968}",1374901,5919098,414,4008960,907c8a86d7beff66c7e83f305ec4648af2e1633701512004632bc2e1ec6a2e5e,1320960,"[1372246, 16955258, 7027200]",17.56482649999998,B,16955258,"[1495692, 9928058, 1320960, 0, 0]",legacy_seed,/Users/futaoran/Desktop/华为杯2026/2026参赛工作区/2026华为杯idea冻结工作区/实验数据/v7_fast_equiv_20260927_0030,7027200,AI_VERIFIED
11036160,root1:v7_fast_equiv_20260927_0030,11265.024,4432896,193,0.26145306910520677,12521948,1580,9927644,1773,,0,889344,3558,event_timing_tid_1000009058_miss_6_bytes_27648_front,case_087,9928058,3,0,0,9038714,150646,12.877342457999475,mps,9927644,1495692,"{'0': 1495692, '1': 1487404, '2': 1492968}",1372451,5919098,414,4008960,b51d4f1b1e6046681df7d5d0f5b958df600319a8b24ff17d260901cce136ddda,1320960,"[1370656, 208859.63333333333, -4423680, 7027200]",15.487434167000174,C,16955258,"[1495692, 9928058, 1320960, -889344, 0]",event_timing,/Users/futaoran/Desktop/华为杯2026/2026参赛工作区/2026华为杯idea冻结工作区/实验数据/v7_fast_equiv_20260927_0030,7027200,AI_VERIFIED
12607488,root1:v7_fast_equiv_20260927_0030,0.0,0,0,0.0,0,0,0,0,,0,0,0,L1_base,case_087,11241338,4,0,0,11241338,187356,6.520634167000026,mps,11240924,1125839,"{'0': 1120720, '1': 1112120, '2': 1117385, '3': 1125839}",1046846,5919098,414,5322240,e1961f1102eae0c969a59ff6929662f300125b6318e82334ba6245e6160dd974,1149440,"[1133977, 18526586, 7285248]",5.910158124999725,A,18526586,"[1125839, 11241338, 1149440, 0, 0]",legacy_seed,/Users/futaoran/Desktop/华为杯2026/2026参赛工作区/2026华为杯idea冻结工作区/实验数据/v7_fast_equiv_20260927_0030,7285248,AI_VERIFIED
36401796,root1:v7_fast_equiv_20260927_0030,0.0,0,0,0.0,0,0,0,0,,0,0,0,B3_aggregate,case_087,38394878,4,15016624,15016624,38394878,639915,17.459486542000377,mps,8361216,1209953,"{'0': 1023660, '1': 1162874, '2': 1209953, '3': 1079577}",1994937,5919098,414,32475780,8937ce4759bb01d1c8d444b5eba1e0cd0a0f063968e5a537b4896da16577d1bf,2014912,"[1965151, 42320894, 3926016]",20.03588820799996,B,42320894,"[1209953, 38394878, 2014912, 0, 0]",aggregate,/Users/futaoran/Desktop/华为杯2026/2026参赛工作区/2026华为杯idea冻结工作区/实验数据/v7_fast_equiv_20260927_0030,3926016,AI_VERIFIED
12612096,root1:v7_fast_equiv_20260927_0030,18561.024,5552640,318,0.29971868986210426,12973532,1741,11245532,2059,,9216,1465344,5862,incumbent_disperse_tid_1000009350_node_9272_core_2_pos_0,case_087,11250554,4,4608,4608,9785210,163087,7.356751749999603,mps,11240924,1124963,"{'0': 1120720, '1': 1112120, '2': 1118261, '3': 1124963}",1042446,5919098,414,5331456,d0e5277670c7f3a2cbc670a85d9665a8d3d1e5ec2aaa3744cdda11b44fc5c66b,1149440,"[1041124, 218459.63333333333, -5423616, 7280640]",8.472059541998533,C,18531194,"[1124963, 11250554, 1149440, -1465344, -9216]",disperse,/Users/futaoran/Desktop/华为杯2026/2026参赛工作区/2026华为杯idea冻结工作区/实验数据/v7_fast_equiv_20260927_0030,7280640,AI_VERIFIED
12487680,root1:v7_fast_equiv_20260927_0030,0.0,0,0,0.0,0,0,0,0,,0,0,0,L1_base,case_087,11103098,5,0,0,11103098,185052,5.141850750000231,mps,11102684,895965,"{'0': 895965, '1': 895871, '2': 894799, '3': 894721, '4': 894708}",833349,5919098,414,5184000,125b3cdf5c9b055682368d565e2ba2b0f2e31f51c509e28531ff805243ec49e0,1367040,"[902563, 18406778, 7303680]",8.203140416999304,A,18406778,"[895965, 11103098, 1367040, 0, 0]",legacy_seed,/Users/futaoran/Desktop/华为杯2026/2026参赛工作区/2026华为杯idea冻结工作区/实验数据/v7_fast_equiv_20260927_0030,7303680,AI_VERIFIED
36781058,root1:v7_fast_equiv_20260927_0030,0.0,0,0,0.0,0,0,0,0,,0,0,0,B3_aggregate,case_087,39310716,5,14924650,14924650,39310716,655179,8.44338391600104,mps,9461002,993502,"{'0': 792818, '1': 908212, '2': 924702, '3': 856830, '4': 993502}",2289689,5919098,414,33391618,5b6efa9686af29f5d63b36f5df113a801c2d11528dbe856c2a20ab25f50e0158,1305600,"[2232122, 42700156, 3389440]",7.454449417000433,B,42700156,"[993502, 39310716, 1305600, 0, 0]",aggregate,/Users/futaoran/Desktop/华为杯2026/2026参赛工作区/2026华为杯idea冻结工作区/实验数据/v7_fast_equiv_20260927_0030,3389440,AI_VERIFIED
12487680,root1:v7_fast_equiv_20260927_0030,25565.184,5594112,438,0.30392270847191766,12812252,1590,11102684,2028,,119494,2018304,8074,incumbent_split_height_g1_p2,case_087,11103098,5,0,0,9084794,151414,6.033816667000792,mps,11102684,895965,"{'0': 895965, '1': 895871, '2': 894799, '3': 894721, '4': 894708}",829449,5919098,414,5184000,56084504bb69a9bc1171a941d7890941dba129322394b3c056a45ec17980f8b6,1367040,"[827316, 213774.83333333334, -5580288, 7303680]",6.108017291999204,C,18406778,"[895965, 11103098, 1367040, -2018304, -119494]",timing,/Users/futaoran/Desktop/华为杯2026/2026参赛工作区/2026华为杯idea冻结工作区/实验数据/v7_fast_equiv_20260927_0030,7303680,AI_VERIFIED
0,root1:v7_fast_equiv_20260927_0030,0.0,0,0,0.0,0,0,0,0,,0,0,0,A2_base,case_095,11355036,1,0,0,11355036,189251,1.8683547079999698,mps,8516508,2084544,{'0': 2084544},2085262,11355036,2838528,0,26fe95dbb2833dd891e4da9af7a43d8f543d2c9f0598ccf687ce5e9411e6e6d4,0,"[2085262, 11355036, 0]",2.777391207999244,A,11355036,"[2084544, 11355036, 0, 0, 0]",seed,/Users/futaoran/Desktop/华为杯2026/2026参赛工作区/2026华为杯idea冻结工作区/实验数据/v7_fast_equiv_20260927_0030,0,AI_VERIFIED
49848192,root1:v7_fast_equiv_20260927_0030,0.0,0,0,0.0,0,0,0,0,,0,0,0,L3_base,case_095,11355036,1,0,0,11355036,189251,3.7509927500013873,mps,8516508,2084544,{'0': 2084544},2070244,11355036,2838528,0,ab5df2d3f3d0765a7b6dac136a7f4d0f2c7dbcf080a1550ad49445317e60a372,8353024,"[1889560, 61203228, 49848192]",3.4623782910002774,B,61203228,"[2084544, 11355036, 8353024, 0, 0]",legacy_seed,/Users/futaoran/Desktop/华为杯2026/2026参赛工作区/2026华为杯idea冻结工作区/实验数据/v7_fast_equiv_20260927_0030,49848192,AI_VERIFIED
16551936,root1:v7_fast_equiv_20260927_0030,0.0,0,0,0.0,16792476,1848,8516508,1848,,0,0,0,r2_merge_g0_1,case_095,11355036,1,0,0,11355036,189251,1.3574274590009736,mps,8516508,2084544,{'0': 2084544},1161033,11355036,2838528,0,b5b931dd414ef7d36f6957e7f7f8defec3539bc9d80f737e0b3512d1de256fee,8274112,"[1160910, 465116.2, 0, 16551936]",1.1840206249999028,C,27906972,"[2084544, 11355036, 8274112, 0, 0]",ordinary_chain,/Users/futaoran/Desktop/华为杯2026/2026参赛工作区/2026华为杯idea冻结工作区/实验数据/v7_fast_equiv_20260927_0030,16551936,AI_VERIFIED
73728,root1:v7_fast_equiv_20260927_0030,0.0,0,0,0.0,0,0,0,0,,0,0,0,L2_base,case_095,11428764,2,36864,36864,11428764,190480,0.7523778750000929,mps,8516508,1042704,"{'0': 1041840, '1': 1042704}",1564574,11355036,2838528,73728,8f8cc000d5dd60da93b67ff3ac4426214e08d18044db1dfdc9bc625035435878,0,"[1564779, 11428764, 0]",0.6724322079990088,A,11428764,"[1042704, 11428764, 0, 0, 0]",legacy_seed,/Users/futaoran/Desktop/华为杯2026/2026参赛工作区/2026华为杯idea冻结工作区/实验数据/v7_fast_equiv_20260927_0030,0,AI_VERIFIED
99887616,root1:v7_fast_equiv_20260927_0030,0.0,0,0,0.0,0,0,0,0,,0,0,0,L3_base,case_095,59881500,2,24263232,24263232,59881500,998025,2.3838202499991894,mps,8516508,1169028,"{'0': 915516, '1': 1169028}",2154474,11355036,2838528,48526464,3a6ec5dbfe0f5426f0182511e83c20817842cbb343db3738bcdad89218dec9cf,16692032,"[1804260, 111242652, 51361152]",2.287608958000419,B,111242652,"[1169028, 59881500, 16692032, 0, 0]",legacy_seed,/Users/futaoran/Desktop/华为杯2026/2026参赛工作区/2026华为杯idea冻结工作区/实验数据/v7_fast_equiv_20260927_0030,51361152,AI_VERIFIED
0,root1:v7_fast_equiv_20260927_0030,0.0,0,0,0.0,8516508,1848,8516508,1848,,0,0,0,C0_base,case_095,11355036,2,0,0,11355036,189251,2.560391458000595,mps,8516508,2084544,{'0': 2084544},2084853,11355036,2838528,0,0ea565e2628417c1757f96e2de886fffe571392e4621467b74e4cf5dcf134318,0,"[2084853, 189250.6, 0, 0]",2.5782162499999686,C,11355036,"[2084544, 11355036, 0, 0, 0]",seed,/Users/futaoran/Desktop/华为杯2026/2026参赛工作区/2026华为杯idea冻结工作区/实验数据/v7_fast_equiv_20260927_0030,0,AI_VERIFIED
0,root1:v7_fast_equiv_20260927_0030,0.0,0,0,0.0,0,0,0,0,,0,0,0,A2_aggregate,case_095,11355036,3,0,0,11355036,189251,0.8693827080005576,mps,8516508,694848,"{'0': 694848, '1': 694848, '2': 694848}",696493,11355036,2838528,0,76e9e2ee7df059f218625109b0a88100d8ab66bf5a13a2d015bd6fd8ee1da106,0,"[695566, 11355036, 0]",0.7881161250006699,A,11355036,"[694848, 11355036, 0, 0, 0]",aggregate,/Users/futaoran/Desktop/华为杯2026/2026参赛工作区/2026华为杯idea冻结工作区/实验数据/v7_fast_equiv_20260927_0030,0,AI_VERIFIED
96695424,root1:v7_fast_equiv_20260927_0030,0.0,0,0,0.0,0,0,0,0,,0,0,0,B3_aggregate,case_095,59725980,3,24185472,24185472,59725980,995433,4.01355762500134,mps,8516508,995433,"{'0': 880470, '1': 983682, '2': 220392}",2168624,11355036,2838528,48370944,e5e8ab908bfb78c99fd237b25e2b4c881a6ce810e82275aba00c5f8c00d3839a,13155968,"[1754332, 108050460, 48324480]",2.405603416998929,B,108050460,"[995433, 59725980, 13155968, 0, 0]",aggregate,/Users/futaoran/Desktop/华为杯2026/2026参赛工作区/2026华为杯idea冻结工作区/实验数据/v7_fast_equiv_20260927_0030,48324480,AI_VERIFIED
0,root1:v7_fast_equiv_20260927_0030,0.0,0,0,0.0,8516508,1848,8516508,1848,,0,0,0,C0_base,case_095,11355036,3,0,0,11355036,189251,1.0720222089985327,mps,8516508,2084544,{'0': 2084544},2084853,11355036,2838528,0,dbfe302d67081aa9191a01999ba72689140668827626df7d471468cecd18e695,0,"[2084853, 189250.6, 0, 0]",1.0694871670002613,C,11355036,"[2084544, 11355036, 0, 0, 0]",seed,/Users/futaoran/Desktop/华为杯2026/2026参赛工作区/2026华为杯idea冻结工作区/实验数据/v7_fast_equiv_20260927_0030,0,AI_VERIFIED
221952,root1:v7_fast_equiv_20260927_0030,0.0,0,0,0.0,0,0,0,0,,0,0,0,L2_base,case_095,11576988,4,110976,110976,11576988,192950,1.3647884580004757,mps,8516508,522360,"{'0': 519912, '1': 522360, '2': 521352, '3': 520920}",1827838,11355036,2838528,221952,3382dfd033cad196c3ddf0e0cca468aa0e9c79dd2664fdb2e89231dcdb7de05f,0,"[1829718, 11576988, 0]",0.5958674169996812,A,11576988,"[522360, 11576988, 0, 0, 0]",legacy_seed,/Users/futaoran/Desktop/华为杯2026/2026参赛工作区/2026华为杯idea冻结工作区/实验数据/v7_fast_equiv_20260927_0030,0,AI_VERIFIED
104936832,root1:v7_fast_equiv_20260927_0030,0.0,0,0,0.0,0,0,0,0,,0,0,0,B3_aggregate,case_095,51815196,4,20230080,20230080,51815196,863587,3.6598184590002347,mps,8516508,863587,"{'0': 863502, '1': 155172, '2': 217308, '3': 848562}",2516526,11355036,2838528,40460160,4c659bdcff7c99c477f0e972994fc5d08424878d009cad57c0908c5892777cd1,14699714,"[1874734, 116291868, 64476672]",3.252090500000122,B,116291868,"[863587, 51815196, 14699714, 0, 0]",aggregate,/Users/futaoran/Desktop/华为杯2026/2026参赛工作区/2026华为杯idea冻结工作区/实验数据/v7_fast_equiv_20260927_0030,64476672,AI_VERIFIED
0,root1:v7_fast_equiv_20260927_0030,0.0,0,0,0.0,8516508,1848,8516508,1848,,0,0,0,C0_base,case_095,11355036,4,0,0,11355036,189251,1.1253497079997032,mps,8516508,2084544,{'0': 2084544},2084853,11355036,2838528,0,920745800fa9a29bb596467dd6db876ab084e3d7deb0cdc0a84e5d3743c4c085,0,"[2084853, 189250.6, 0, 0]",1.234591583999645,C,11355036,"[2084544, 11355036, 0, 0, 0]",seed,/Users/futaoran/Desktop/华为杯2026/2026参赛工作区/2026华为杯idea冻结工作区/实验数据/v7_fast_equiv_20260927_0030,0,AI_VERIFIED
295680,root1:v7_fast_equiv_20260927_0030,0.0,0,0,0.0,0,0,0,0,,0,0,0,L2_base,case_095,11650716,5,147840,147840,11650716,194179,1.248881290999634,mps,8516508,418002,"{'0': 416994, '1': 415704, '2': 416418, '3': 417426, '4': 418002}",1465137,11355036,2838528,295680,beacf718b46c516818bf3331377b6003c5a78e4c9cca231891b6f35ee5052377,0,"[1465563, 11650716, 0]",1.0131087500012654,A,11650716,"[418002, 11650716, 0, 0, 0]",legacy_seed,/Users/futaoran/Desktop/华为杯2026/2026参赛工作区/2026华为杯idea冻结工作区/实验数据/v7_fast_equiv_20260927_0030,0,AI_VERIFIED
0,root1:v7_fast_equiv_20260927_0030,0.0,0,0,0.0,0,0,0,0,,0,0,0,B1_move,case_095,11355036,5,0,0,11355036,189251,0.6977937089995976,mps,8516508,834720,"{'2': 834720, '1': 419616, '3': 415104, '4': 415104}",835647,11355036,2838528,0,2607252d3e9eb38a9771be6560c0aaa4a58867cee309eadfe04d5bf97fd7aadb,0,"[835029, 11355036, 0]",0.835395709000295,B,11355036,"[834720, 11355036, 0, 0, 0]",ordinary,/Users/futaoran/Desktop/华为杯2026/2026参赛工作区/2026华为杯idea冻结工作区/实验数据/v7_fast_equiv_20260927_0030,0,AI_VERIFIED
0,root1:v7_fast_equiv_20260927_0030,0.0,0,0,0.0,8516508,1848,8516508,1848,,0,0,0,C0_base,case_095,11355036,5,0,0,11355036,189251,1.2393024590001005,mps,8516508,2084544,{'0': 2084544},2084853,11355036,2838528,0,394a76c03122d42919d3c96a1871f1116faa0827135825f5abf0adfae864b3e7,0,"[2084853, 189250.6, 0, 0]",1.0390408330003993,C,11355036,"[2084544, 11355036, 0, 0, 0]",seed,/Users/futaoran/Desktop/华为杯2026/2026参赛工作区/2026华为杯idea冻结工作区/实验数据/v7_fast_equiv_20260927_0030,0,AI_VERIFIED
0,root1:v7_fast_equiv_20260927_0030,0.0,0,0,0.0,0,0,0,0,,0,0,0,A2_base,case_035,410854,1,0,0,410854,6848,0.6026378749993455,mps,396878,206101,{'0': 206101},169741,410854,13976,0,36739be464420c5b0539491972b4358950d248f020ca79b9afaa6a182eb1947c,0,"[203768, 410854, 0]",0.525629833999119,A,410854,"[206101, 410854, 0, 0, 0]",seed,/Users/futaoran/Desktop/华为杯2026/2026参赛工作区/2026华为杯idea冻结工作区/实验数据/v7_fast_equiv_20260927_0030,0,AI_VERIFIED
0,root1:v7_fast_equiv_20260927_0030,0.0,0,0,0.0,0,0,0,0,,0,0,0,L2_base,case_035,410854,1,0,0,410854,6848,0.7408400419990357,mps,396878,206101,{'0': 206101},169168,410854,13976,0,e1e5be2b347206660ee2d4a5b39b16080e2a44e1dfbe5ec2aed465944baeb7a9,0,"[169168, 410854, 0]",0.7414730420005071,B,410854,"[206101, 410854, 0, 0, 0]",legacy_seed,/Users/futaoran/Desktop/华为杯2026/2026参赛工作区/2026华为杯idea冻结工作区/实验数据/v7_fast_equiv_20260927_0030,0,AI_VERIFIED
0,root1:v7_fast_equiv_20260927_0030,0.0,0,0,0.0,396878,301,396878,301,,125210,0,0,incumbent_split_topo_g1_p4,case_035,410854,1,0,0,410854,6848,0.7400911669992638,mps,396878,206101,{'0': 206101},168511,410854,13976,0,42b6554ad1bee47c92c430144bcd142381da97415afaab9e3f2b8e3ed31a7338,0,"[168511, 6847.566666666667, 0, 0]",0.7951680829992256,C,410854,"[206101, 410854, 0, 0, -125210]",timing,/Users/futaoran/Desktop/华为杯2026/2026参赛工作区/2026华为杯idea冻结工作区/实验数据/v7_fast_equiv_20260927_0030,0,AI_VERIFIED
0,root1:v7_fast_equiv_20260927_0030,0.0,0,0,0.0,0,0,0,0,,0,0,0,L1_base,case_035,410854,2,0,0,410854,6848,0.5795255419998284,mps,396878,123306,"{'0': 123306, '1': 82795}",95406,410854,13976,0,24f1aad5ee638fa0488320d73d41e162c21dbada17affeebbc106a17375000fc,0,"[118648, 410854, 0]",0.523935374998473,A,410854,"[123306, 410854, 0, 0, 0]",legacy_seed,/Users/futaoran/Desktop/华为杯2026/2026参赛工作区/2026华为杯idea冻结工作区/实验数据/v7_fast_equiv_20260927_0030,0,AI_VERIFIED
0,root1:v7_fast_equiv_20260927_0030,0.0,0,0,0.0,0,0,0,0,,0,0,0,L1_base,case_035,410854,2,0,0,410854,6848,0.6265452089992323,mps,396878,123306,"{'0': 123306, '1': 82795}",95406,410854,13976,0,24f1aad5ee638fa0488320d73d41e162c21dbada17affeebbc106a17375000fc,0,"[95388, 410854, 0]",0.6399271250011225,B,410854,"[123306, 410854, 0, 0, 0]",legacy_seed,/Users/futaoran/Desktop/华为杯2026/2026参赛工作区/2026华为杯idea冻结工作区/实验数据/v7_fast_equiv_20260927_0030,0,AI_VERIFIED
0,root1:v7_fast_equiv_20260927_0030,0.0,0,0,0.0,396878,301,396878,301,,125210,0,0,lower_core_base,case_035,410854,2,0,0,410854,6848,0.8399506250007107,mps,396878,206101,{'0': 206101},168511,410854,13976,0,5f0ebbe8661137b83cecf6a12efb37f2210d66f3a2f5f3a59de0496445005bd9,0,"[168511, 6847.566666666667, 0, 0]",0.8042684590000135,C,410854,"[206101, 410854, 0, 0, -125210]",lower_core,/Users/futaoran/Desktop/华为杯2026/2026参赛工作区/2026华为杯idea冻结工作区/实验数据/v7_fast_equiv_20260927_0030,0,AI_VERIFIED
4608,root1:v7_fast_equiv_20260927_0030,0.0,0,0,0.0,0,0,0,0,,0,0,0,L1_base,case_035,415462,3,0,0,415462,6925,0.602614416000506,mps,401486,123306,"{'0': 123306, '1': 40984, '2': 41811}",95424,410854,13976,4608,354e4d312819e8672ad20177e59aefd320f24a0ae03f16b170d95862195b8919,0,"[118648, 415462, 0]",0.5453959999995277,A,415462,"[123306, 415462, 0, 0, 0]",legacy_seed,/Users/futaoran/Desktop/华为杯2026/2026参赛工作区/2026华为杯idea冻结工作区/实验数据/v7_fast_equiv_20260927_0030,0,AI_VERIFIED
4608,root1:v7_fast_equiv_20260927_0030,0.0,0,0,0.0,0,0,0,0,,0,0,0,L1_base,case_035,415462,3,0,0,415462,6925,0.5978708330003428,mps,401486,123306,"{'0': 123306, '1': 40984, '2': 41811}",95424,410854,13976,4608,354e4d312819e8672ad20177e59aefd320f24a0ae03f16b170d95862195b8919,0,"[95388, 415462, 0]",0.5994622079997498,B,415462,"[123306, 415462, 0, 0, 0]",legacy_seed,/Users/futaoran/Desktop/华为杯2026/2026参赛工作区/2026华为杯idea冻结工作区/实验数据/v7_fast_equiv_20260927_0030,0,AI_VERIFIED
0,root1:v7_fast_equiv_20260927_0030,0.0,0,0,0.0,396878,301,396878,301,,0,0,0,C0_base,case_035,410854,3,0,0,410854,6848,0.9135938330000499,mps,396878,206101,{'0': 206101},169571,410854,13976,0,cfa1157c41823ed4367dbc233b3c0f68599f015c1ad84d68dc7b373bb29b4f95,0,"[169571, 6847.566666666667, 0, 0]",0.8692791660014336,C,410854,"[206101, 410854, 0, 0, 0]",seed,/Users/futaoran/Desktop/华为杯2026/2026参赛工作区/2026华为杯idea冻结工作区/实验数据/v7_fast_equiv_20260927_0030,0,AI_VERIFIED
4608,root1:v7_fast_equiv_20260927_0030,0.0,0,0,0.0,0,0,0,0,,0,0,0,L1_base,case_035,415462,4,0,0,415462,6925,0.6320575829995505,mps,401486,123306,"{'0': 123306, '1': 28454, '2': 27510, '3': 26831}",95442,410854,13976,4608,aff4e1f1c70a0ed7a17a8fbc8fc08036a7867cac0d04750de6d2e602b118d19f,0,"[118648, 415462, 0]",0.5411129999993136,A,415462,"[123306, 415462, 0, 0, 0]",legacy_seed,/Users/futaoran/Desktop/华为杯2026/2026参赛工作区/2026华为杯idea冻结工作区/实验数据/v7_fast_equiv_20260927_0030,0,AI_VERIFIED
4608,root1:v7_fast_equiv_20260927_0030,0.0,0,0,0.0,0,0,0,0,,0,0,0,L1_base,case_035,415462,4,0,0,415462,6925,0.6542270840000128,mps,401486,123306,"{'0': 123306, '1': 28454, '2': 27510, '3': 26831}",95442,410854,13976,4608,aff4e1f1c70a0ed7a17a8fbc8fc08036a7867cac0d04750de6d2e602b118d19f,0,"[95388, 415462, 0]",0.5659846250000555,B,415462,"[123306, 415462, 0, 0, 0]",legacy_seed,/Users/futaoran/Desktop/华为杯2026/2026参赛工作区/2026华为杯idea冻结工作区/实验数据/v7_fast_equiv_20260927_0030,0,AI_VERIFIED
0,root1:v7_fast_equiv_20260927_0030,0.0,0,0,0.0,396878,301,396878,301,,0,0,0,C0_base,case_035,410854,4,0,0,410854,6848,1.0090333329990244,mps,396878,206101,{'0': 206101},169571,410854,13976,0,832e3284dba01ae9a13c5e578d58c22b45264636c34d4d400bb4d16f7b86be49,0,"[169571, 6847.566666666667, 0, 0]",0.9416290829994978,C,410854,"[206101, 410854, 0, 0, 0]",seed,/Users/futaoran/Desktop/华为杯2026/2026参赛工作区/2026华为杯idea冻结工作区/实验数据/v7_fast_equiv_20260927_0030,0,AI_VERIFIED
4608,root1:v7_fast_equiv_20260927_0030,0.0,0,0,0.0,0,0,0,0,,0,0,0,L1_base,case_035,415462,5,0,0,415462,6925,0.7539696670010017,mps,401486,123306,"{'0': 123306, '1': 26238, '2': 17778, '3': 19484, '4': 19295}",95460,410854,13976,4608,780a3a7492dce53e125c18cd228c8641a14bdccd24aebd271a07e88cd943a949,0,"[118648, 415462, 0]",0.6560546250002517,A,415462,"[123306, 415462, 0, 0, 0]",legacy_seed,/Users/futaoran/Desktop/华为杯2026/2026参赛工作区/2026华为杯idea冻结工作区/实验数据/v7_fast_equiv_20260927_0030,0,AI_VERIFIED
4608,root1:v7_fast_equiv_20260927_0030,0.0,0,0,0.0,0,0,0,0,,0,0,0,L1_base,case_035,415462,5,0,0,415462,6925,0.9051677080005902,mps,401486,123306,"{'0': 123306, '1': 26238, '2': 17778, '3': 19484, '4': 19295}",95460,410854,13976,4608,780a3a7492dce53e125c18cd228c8641a14bdccd24aebd271a07e88cd943a949,0,"[95388, 415462, 0]",0.6778974579992791,B,415462,"[123306, 415462, 0, 0, 0]",legacy_seed,/Users/futaoran/Desktop/华为杯2026/2026参赛工作区/2026华为杯idea冻结工作区/实验数据/v7_fast_equiv_20260927_0030,0,AI_VERIFIED
0,root1:v7_fast_equiv_20260927_0030,0.0,0,0,0.0,396878,301,396878,301,,0,0,0,C0_base,case_035,410854,5,0,0,410854,6848,1.2152551249982935,mps,396878,206101,{'0': 206101},169571,410854,13976,0,b8bd226513d4641e88d739078d206e48360bceb720b15ebf874dac1bac94c2d8,0,"[169571, 6847.566666666667, 0, 0]",1.117466792000414,C,410854,"[206101, 410854, 0, 0, 0]",seed,/Users/futaoran/Desktop/华为杯2026/2026参赛工作区/2026华为杯idea冻结工作区/实验数据/v7_fast_equiv_20260927_0030,0,AI_VERIFIED
0,root1:v7_fast_equiv_20260927_0030,0.0,0,0,0.0,0,0,0,0,,0,0,0,A2_base,case_045,557056,1,0,0,557056,9285,0.2607698330011772,mps,278528,125476,{'0': 125476},125852,557056,278528,0,c43a03ba1d725bf70161344d1b25ad1f65ceb9193b278524cd7c3cbab1f6be13,0,"[125852, 557056, 0]",0.2295519580002292,A,557056,"[125476, 557056, 0, 0, 0]",seed,/Users/futaoran/Desktop/华为杯2026/2026参赛工作区/2026华为杯idea冻结工作区/实验数据/v7_fast_equiv_20260927_0030,0,AI_VERIFIED
2371584,root1:v7_fast_equiv_20260927_0030,0.0,0,0,0.0,0,0,0,0,,0,0,0,L2_base,case_045,557056,1,0,0,557056,9285,0.3939873749986873,mps,278528,125476,{'0': 125476},128980,557056,278528,0,b1566b45586a0e9dadf840cabf52285dd0577dfca356d01e5d7c7a742970d80b,1314816,"[126925, 2928640, 2371584]",0.33675291600047785,B,2928640,"[125476, 557056, 1314816, 0, 0]",legacy_seed,/Users/futaoran/Desktop/华为杯2026/2026参赛工作区/2026华为杯idea冻结工作区/实验数据/v7_fast_equiv_20260927_0030,2371584,AI_VERIFIED
0,root1:v7_fast_equiv_20260927_0030,0.0,0,0,0.0,278528,68,278528,68,,0,0,0,incumbent_base,case_045,557056,1,0,0,557056,9285,0.3585090830001718,mps,278528,125476,{'0': 125476},125614,557056,278528,0,816f90d0779e0c3ebac9f25935ebab5434272b6902bef41fda2bb061e27a7432,0,"[125614, 9284.266666666666, 0, 0]",0.3153065839996998,C,557056,"[125476, 557056, 0, 0, 0]",incumbent,/Users/futaoran/Desktop/华为杯2026/2026参赛工作区/2026华为杯idea冻结工作区/实验数据/v7_fast_equiv_20260927_0030,0,AI_VERIFIED
0,root1:v7_fast_equiv_20260927_0030,0.0,0,0,0.0,0,0,0,0,,0,0,0,L1_base,case_045,557056,2,0,0,557056,9285,0.26034345900006883,mps,278528,62852,"{'0': 62852, '1': 62624}",63059,557056,278528,0,787f6f41fd96821929d71eeaafaacee11724828cd6789e783ed4c8fc7aff7631,0,"[62990, 557056, 0]",0.1908917089986062,A,557056,"[62852, 557056, 0, 0, 0]",legacy_seed,/Users/futaoran/Desktop/华为杯2026/2026参赛工作区/2026华为杯idea冻结工作区/实验数据/v7_fast_equiv_20260927_0030,0,AI_VERIFIED
0,root1:v7_fast_equiv_20260927_0030,0.0,0,0,0.0,0,0,0,0,,0,0,0,L1_base,case_045,557056,2,0,0,557056,9285,0.2501562500001455,mps,278528,62852,"{'0': 62852, '1': 62624}",63059,557056,278528,0,787f6f41fd96821929d71eeaafaacee11724828cd6789e783ed4c8fc7aff7631,0,"[62990, 557056, 0]",0.2195266670005367,B,557056,"[62852, 557056, 0, 0, 0]",legacy_seed,/Users/futaoran/Desktop/华为杯2026/2026参赛工作区/2026华为杯idea冻结工作区/实验数据/v7_fast_equiv_20260927_0030,0,AI_VERIFIED
12288,root1:v7_fast_equiv_20260927_0030,51.882666666666665,4096,1,0.014285714285714285,282624,69,286720,70,,0,4096,17,incumbent_disperse_tid_1000000050_node_49_core_1_pos_0,case_045,569344,2,4096,4096,565248,9421,0.2965662919996248,mps,282624,62776,"{'1': 62700, '0': 62776}",63052,557056,278528,12288,1919d5c47ec8ea1caaef27c7cddc25afe580b44c95c69e4215bab978056fa1bf,0,"[62914, 9420.8, -4096, 0]",0.2668158329997823,C,569344,"[62776, 569344, 0, -4096, 0]",disperse,/Users/futaoran/Desktop/华为杯2026/2026参赛工作区/2026华为杯idea冻结工作区/实验数据/v7_fast_equiv_20260927_0030,0,AI_VERIFIED
0,root1:v7_fast_equiv_20260927_0030,0.0,0,0,0.0,0,0,0,0,,0,0,0,L1_base,case_045,557056,3,0,0,557056,9285,0.22525308300100733,mps,278528,42256,"{'0': 40964, '1': 42256, '2': 42256}",42601,557056,278528,0,d0117073d032b6dd6a21a1e25e58f3ee54daf1c254d400ced085a2f7f3a6da51,0,"[42394, 557056, 0]",0.1676174579988583,A,557056,"[42256, 557056, 0, 0, 0]",legacy_seed,/Users/futaoran/Desktop/华为杯2026/2026参赛工作区/2026华为杯idea冻结工作区/实验数据/v7_fast_equiv_20260927_0030,0,AI_VERIFIED
0,root1:v7_fast_equiv_20260927_0030,0.0,0,0,0.0,0,0,0,0,,0,0,0,L1_base,case_045,557056,3,0,0,557056,9285,0.22243066699957126,mps,278528,42256,"{'0': 40964, '1': 42256, '2': 42256}",42601,557056,278528,0,d0117073d032b6dd6a21a1e25e58f3ee54daf1c254d400ced085a2f7f3a6da51,0,"[42394, 557056, 0]",0.22053304099972593,B,557056,"[42256, 557056, 0, 0, 0]",legacy_seed,/Users/futaoran/Desktop/华为杯2026/2026参赛工作区/2026华为杯idea冻结工作区/实验数据/v7_fast_equiv_20260927_0030,0,AI_VERIFIED
12288,root1:v7_fast_equiv_20260927_0030,51.882666666666665,4096,1,0.014285714285714285,282624,69,286720,70,,0,4096,17,lower_core_base,case_045,569344,3,4096,4096,565248,9421,0.2787152920009248,mps,282624,62776,"{'1': 62700, '0': 62776}",63052,557056,278528,12288,df69b56075e94e0ff0ad90035041ab523b8da6b8bc60341cca8cc2c465168c8d,0,"[62914, 9420.8, -4096, 0]",0.2589509999997972,C,569344,"[62776, 569344, 0, -4096, 0]",lower_core,/Users/futaoran/Desktop/华为杯2026/2026参赛工作区/2026华为杯idea冻结工作区/实验数据/v7_fast_equiv_20260927_0030,0,AI_VERIFIED
0,root1:v7_fast_equiv_20260927_0030,0.0,0,0,0.0,0,0,0,0,,0,0,0,L1_base,case_045,557056,4,0,0,557056,9285,0.180965790999835,mps,278528,31464,"{'0': 31464, '1': 31464, '2': 31388, '3': 31160}",31878,557056,278528,0,b564b66630360251ba9a73232aaba75f0d597a1dc6604e6863e4f0051675106f,0,"[31602, 557056, 0]",0.1434400830003142,A,557056,"[31464, 557056, 0, 0, 0]",legacy_seed,/Users/futaoran/Desktop/华为杯2026/2026参赛工作区/2026华为杯idea冻结工作区/实验数据/v7_fast_equiv_20260927_0030,0,AI_VERIFIED
0,root1:v7_fast_equiv_20260927_0030,0.0,0,0,0.0,0,0,0,0,,0,0,0,L1_base,case_045,557056,4,0,0,557056,9285,0.17589529100041545,mps,278528,31464,"{'0': 31464, '1': 31464, '2': 31388, '3': 31160}",31878,557056,278528,0,b564b66630360251ba9a73232aaba75f0d597a1dc6604e6863e4f0051675106f,0,"[31602, 557056, 0]",0.22061991600094188,B,557056,"[31464, 557056, 0, 0, 0]",legacy_seed,/Users/futaoran/Desktop/华为杯2026/2026参赛工作区/2026华为杯idea冻结工作区/实验数据/v7_fast_equiv_20260927_0030,0,AI_VERIFIED
0,root1:v7_fast_equiv_20260927_0030,0.0,0,0,0.0,278528,68,278528,68,,0,0,0,lower_core_base,case_045,557056,4,0,0,557056,9285,0.1973242919993936,mps,278528,42256,"{'0': 40964, '1': 42256, '2': 42256}",42601,557056,278528,0,a94fcbbe0e305719691765e45d221ac5f9d788c4114222ecd4d0bc4bb272fe07,0,"[42394, 9284.266666666666, 0, 0]",0.19123224999930244,C,557056,"[42256, 557056, 0, 0, 0]",lower_core,/Users/futaoran/Desktop/华为杯2026/2026参赛工作区/2026华为杯idea冻结工作区/实验数据/v7_fast_equiv_20260927_0030,0,AI_VERIFIED
0,root1:v7_fast_equiv_20260927_0030,0.0,0,0,0.0,0,0,0,0,,0,0,0,L1_base,case_045,557056,5,0,0,557056,9285,0.16993295899919758,mps,278528,25612,"{'0': 24320, '1': 24320, '2': 25612, '3': 25612, '4': 25612}",26164,557056,278528,0,f965974b60ae15d5b329c6581bf536014af93eeee56db590fb128df6b6830aed,0,"[25750, 557056, 0]",0.15458487499927287,A,557056,"[25612, 557056, 0, 0, 0]",legacy_seed,/Users/futaoran/Desktop/华为杯2026/2026参赛工作区/2026华为杯idea冻结工作区/实验数据/v7_fast_equiv_20260927_0030,0,AI_VERIFIED
0,root1:v7_fast_equiv_20260927_0030,0.0,0,0,0.0,0,0,0,0,,0,0,0,L1_base,case_045,557056,5,0,0,557056,9285,0.17496287500034668,mps,278528,25612,"{'0': 24320, '1': 24320, '2': 25612, '3': 25612, '4': 25612}",26164,557056,278528,0,f965974b60ae15d5b329c6581bf536014af93eeee56db590fb128df6b6830aed,0,"[25750, 557056, 0]",0.17279354200036323,B,557056,"[25612, 557056, 0, 0, 0]",legacy_seed,/Users/futaoran/Desktop/华为杯2026/2026参赛工作区/2026华为杯idea冻结工作区/实验数据/v7_fast_equiv_20260927_0030,0,AI_VERIFIED
0,root1:v7_fast_equiv_20260927_0030,0.0,0,0,0.0,278528,68,278528,68,,0,0,0,lower_core_base,case_045,557056,5,0,0,557056,9285,0.1788868329986144,mps,278528,31464,"{'0': 31464, '1': 31464, '2': 31388, '3': 31160}",31878,557056,278528,0,91fcf39e67ae0649d8cdbada3d119ec5e51ee3fe2d9039ebfb8ae28a2375329d,0,"[31602, 9284.266666666666, 0, 0]",0.17516058399996837,C,557056,"[31464, 557056, 0, 0, 0]",lower_core,/Users/futaoran/Desktop/华为杯2026/2026参赛工作区/2026华为杯idea冻结工作区/实验数据/v7_fast_equiv_20260927_0030,0,AI_VERIFIED
741136,root1:v7_fast_equiv_20260927_0030,0.0,0,0,0.0,0,0,0,0,,0,0,0,L3_base,case_066,1848170,1,366960,366960,1848170,30803,0.8136526250000315,mps,1034332,440377,{'0': 440377},362393,1107034,79918,741136,2f3c8ecf3b8c293ba6eb538ee1906793db1058305d8b1c4bbd0467a629bf5324,12330,"[427554, 1848170, 0]",0.6201612080003542,A,1848170,"[440377, 1848170, 12330, 0, 0]",legacy_seed,/Users/futaoran/Desktop/华为杯2026/2026参赛工作区/2026华为杯idea冻结工作区/实验数据/v7_fast_equiv_20260927_0030,0,AI_VERIFIED
0,root1:v7_fast_equiv_20260927_0030,0.0,0,0,0.0,0,0,0,0,,0,0,0,B2_base,case_066,1107034,1,0,0,1107034,18451,1.359466459000032,mps,1027116,440377,{'0': 440377},357763,1107034,79918,0,bbabb1f9d21ade307f25f5274452f9561ea8b62aa470e3a1b22378df5286da1d,0,"[357763, 1107034, 0]",1.5037137079998502,B,1107034,"[440377, 1107034, 0, 0, 0]",seed,/Users/futaoran/Desktop/华为杯2026/2026参赛工作区/2026华为杯idea冻结工作区/实验数据/v7_fast_equiv_20260927_0030,0,AI_VERIFIED
0,root1:v7_fast_equiv_20260927_0030,0.0,0,0,0.0,1027116,181,1027116,181,,646190,0,0,incumbent_split_topo_g2_p4,case_066,1107034,1,0,0,1107034,18451,1.6606651250003779,mps,1027116,440377,{'0': 440377},356326,1107034,79918,0,f14b1801e8062a46ff28e9af17cd8b271887782254b932d384672454eb363d27,0,"[356326, 18450.566666666666, 0, 0]",1.6797399170009157,C,1107034,"[440377, 1107034, 0, 0, -646190]",timing,/Users/futaoran/Desktop/华为杯2026/2026参赛工作区/2026华为杯idea冻结工作区/实验数据/v7_fast_equiv_20260927_0030,0,AI_VERIFIED
0,root1:v7_fast_equiv_20260927_0030,0.0,0,0,0.0,0,0,0,0,,0,0,0,L1_base,case_066,1107034,2,0,0,1107034,18451,1.1235969589997694,mps,1027116,293093,"{'0': 293093, '1': 147284}",248146,1107034,79918,0,c37824b062d851c9b7c480a5cf8e2c4ebe18e400312643795670e088935ac22e,0,"[293708, 1107034, 0]",1.0670680410003115,A,1107034,"[293093, 1107034, 0, 0, 0]",legacy_seed,/Users/futaoran/Desktop/华为杯2026/2026参赛工作区/2026华为杯idea冻结工作区/实验数据/v7_fast_equiv_20260927_0030,0,AI_VERIFIED
0,root1:v7_fast_equiv_20260927_0030,0.0,0,0,0.0,0,0,0,0,,0,0,0,L1_base,case_066,1107034,2,0,0,1107034,18451,1.2251695839986496,mps,1027116,293093,"{'0': 293093, '1': 147284}",248146,1107034,79918,0,c37824b062d851c9b7c480a5cf8e2c4ebe18e400312643795670e088935ac22e,0,"[247681, 1107034, 0]",1.1386185829996975,B,1107034,"[293093, 1107034, 0, 0, 0]",legacy_seed,/Users/futaoran/Desktop/华为杯2026/2026参赛工作区/2026华为杯idea冻结工作区/实验数据/v7_fast_equiv_20260927_0030,0,AI_VERIFIED
0,root1:v7_fast_equiv_20260927_0030,0.0,0,0,0.0,1027116,181,1027116,181,,254056,0,0,incumbent_split_height_g1_p4,case_066,1107034,2,0,0,1107034,18451,1.2358557500010647,mps,1027116,293093,"{'0': 293093, '1': 147284}",247485,1107034,79918,0,45f76d866ba73d62684abcfa969d447eff451f6e4b192e6dc3e6918c5355d4e0,0,"[247020, 18450.566666666666, 0, 0]",1.6000473329986562,C,1107034,"[293093, 1107034, 0, 0, -254056]",timing,/Users/futaoran/Desktop/华为杯2026/2026参赛工作区/2026华为杯idea冻结工作区/实验数据/v7_fast_equiv_20260927_0030,0,AI_VERIFIED
12288,root1:v7_fast_equiv_20260927_0030,0.0,0,0,0.0,0,0,0,0,,0,0,0,L1_base,case_066,1119322,3,0,0,1119322,18656,1.1925577499987412,mps,1039404,293093,"{'0': 293093, '1': 122908, '2': 24376}",248976,1107034,79918,12288,1767012c9419e5fd51fdff57d852250b72dd85f4613a793ee9c84c7e827022e3,0,"[293708, 1119322, 0]",1.0165175840011216,A,1119322,"[293093, 1119322, 0, 0, 0]",legacy_seed,/Users/futaoran/Desktop/华为杯2026/2026参赛工作区/2026华为杯idea冻结工作区/实验数据/v7_fast_equiv_20260927_0030,0,AI_VERIFIED
12288,root1:v7_fast_equiv_20260927_0030,0.0,0,0,0.0,0,0,0,0,,0,0,0,L1_base,case_066,1119322,3,0,0,1119322,18656,1.32054133299971,mps,1039404,293093,"{'0': 293093, '1': 122908, '2': 24376}",248976,1107034,79918,12288,1767012c9419e5fd51fdff57d852250b72dd85f4613a793ee9c84c7e827022e3,0,"[247681, 1119322, 0]",1.127051333000054,B,1119322,"[293093, 1119322, 0, 0, 0]",legacy_seed,/Users/futaoran/Desktop/华为杯2026/2026参赛工作区/2026华为杯idea冻结工作区/实验数据/v7_fast_equiv_20260927_0030,0,AI_VERIFIED
0,root1:v7_fast_equiv_20260927_0030,0.0,0,0,0.0,1027116,181,1027116,181,,254056,0,0,incumbent_split_height_g1_p4,case_066,1107034,3,0,0,1107034,18451,1.1767908749989147,mps,1027116,293093,"{'0': 293093, '1': 147284}",247485,1107034,79918,0,76707acb492fca233f0087f685006c70fe01cb8197b8d2c3d39cb042abda704a,0,"[247020, 18450.566666666666, 0, 0]",1.3529179580000346,C,1107034,"[293093, 1107034, 0, 0, -254056]",timing,/Users/futaoran/Desktop/华为杯2026/2026参赛工作区/2026华为杯idea冻结工作区/实验数据/v7_fast_equiv_20260927_0030,0,AI_VERIFIED
20784,root1:v7_fast_equiv_20260927_0030,0.0,0,0,0.0,0,0,0,0,,0,0,0,L1_base,case_066,1127818,4,0,0,1127818,18797,1.118957082999259,mps,1047900,293093,"{'0': 293093, '1': 122908, '2': 12318, '3': 12058}",249811,1107034,79918,20784,adb0fa2520710768a2b90ec1b25ce5294d9679ba67bc74913ee237308433e762,0,"[293708, 1127818, 0]",0.9139292500003648,A,1127818,"[293093, 1127818, 0, 0, 0]",legacy_seed,/Users/futaoran/Desktop/华为杯2026/2026参赛工作区/2026华为杯idea冻结工作区/实验数据/v7_fast_equiv_20260927_0030,0,AI_VERIFIED
20784,root1:v7_fast_equiv_20260927_0030,0.0,0,0,0.0,0,0,0,0,,0,0,0,L1_base,case_066,1127818,4,0,0,1127818,18797,1.1309378330006439,mps,1047900,293093,"{'0': 293093, '1': 122908, '2': 12318, '3': 12058}",249811,1107034,79918,20784,adb0fa2520710768a2b90ec1b25ce5294d9679ba67bc74913ee237308433e762,0,"[247681, 1127818, 0]",1.1044246250003198,B,1127818,"[293093, 1127818, 0, 0, 0]",legacy_seed,/Users/futaoran/Desktop/华为杯2026/2026参赛工作区/2026华为杯idea冻结工作区/实验数据/v7_fast_equiv_20260927_0030,0,AI_VERIFIED
0,root1:v7_fast_equiv_20260927_0030,0.0,0,0,0.0,1027116,181,1027116,181,,254056,0,0,incumbent_split_height_g1_p4,case_066,1107034,4,0,0,1107034,18451,1.2050327920005657,mps,1027116,293093,"{'0': 293093, '1': 147284}",247485,1107034,79918,0,0229558c929e557b00efee4ce56f573720ee8f1fb7efcf1251fadc0c430700db,0,"[247020, 18450.566666666666, 0, 0]",1.0896996249994118,C,1107034,"[293093, 1107034, 0, 0, -254056]",timing,/Users/futaoran/Desktop/华为杯2026/2026参赛工作区/2026华为杯idea冻结工作区/实验数据/v7_fast_equiv_20260927_0030,0,AI_VERIFIED
29280,root1:v7_fast_equiv_20260927_0030,0.0,0,0,0.0,0,0,0,0,,0,0,0,L1_base,case_066,1136314,5,0,0,1136314,18939,1.0690335409999534,mps,1056396,293093,"{'0': 293093, '1': 122908, '2': 8073, '3': 8368, '4': 7935}",250446,1107034,79918,29280,f3634dc65815c90a64841f7325040a6393ba945ebdbbc8a829d1a841b7c36377,0,"[293708, 1136314, 0]",1.0239675829998305,A,1136314,"[293093, 1136314, 0, 0, 0]",legacy_seed,/Users/futaoran/Desktop/华为杯2026/2026参赛工作区/2026华为杯idea冻结工作区/实验数据/v7_fast_equiv_20260927_0030,0,AI_VERIFIED
3464460,root1:v7_fast_equiv_20260927_0030,0.0,0,0,0.0,0,0,0,0,,0,0,0,B3_base,case_066,4571494,5,1415104,1415104,4571494,76192,1.435487082999316,mps,1661368,96117,"{'0': 91790, '1': 84155, '2': 84373, '3': 83942, '4': 96117}",237259,1107034,79918,3464460,2813654ea8ac0a1dad3d78780dd9806357bda8c876f43c07e0c11646f988551f,0,"[236671, 4571494, 0]",1.333254624998517,B,4571494,"[96117, 4571494, 0, 0, 0]",seed,/Users/futaoran/Desktop/华为杯2026/2026参赛工作区/2026华为杯idea冻结工作区/实验数据/v7_fast_equiv_20260927_0030,0,AI_VERIFIED
0,root1:v7_fast_equiv_20260927_0030,0.0,0,0,0.0,1027116,181,1027116,181,,254056,0,0,lower_core_base,case_066,1107034,5,0,0,1107034,18451,1.319442916999833,mps,1027116,293093,"{'0': 293093, '1': 147284}",247485,1107034,79918,0,4f839d1851cd17158c49d0d5894ffac688189fdc2e2917c403a210f43c4f7eea,0,"[247020, 18450.566666666666, 0, 0]",1.2562445839994325,C,1107034,"[293093, 1107034, 0, 0, -254056]",lower_core,/Users/futaoran/Desktop/华为杯2026/2026参赛工作区/2026华为杯idea冻结工作区/实验数据/v7_fast_equiv_20260927_0030,0,AI_VERIFIED
57220,root1:v7_fast_equiv_20260927_0030,0.0,0,0,0.0,0,0,0,0,,0,0,0,L2_base,case_071,178666,1,23616,23616,178666,2978,0.08947216699925775,mps,121450,23488,{'0': 23488},19085,121446,9984,57220,463ff9995d71a907f598e7f13bbc503edcad0a1672f5d184f5999d2ffe77d7d1,0,"[23836, 178666, 0]",0.07497062500078755,A,178666,"[23488, 178666, 0, 0, 0]",legacy_seed,/Users/futaoran/Desktop/华为杯2026/2026参赛工作区/2026华为杯idea冻结工作区/实验数据/v7_fast_equiv_20260927_0030,0,AI_VERIFIED
0,root1:v7_fast_equiv_20260927_0030,0.0,0,0,0.0,0,0,0,0,,0,0,0,B2_base,case_071,121446,1,0,0,121446,2025,0.08672475000093982,mps,111462,23488,{'0': 23488},17557,121446,9984,0,60e825bfe32c4fd4375bb9ed31728e8e665db404267a7e14099af1c401298957,0,"[17557, 121446, 0]",0.14512645799914026,B,121446,"[23488, 121446, 0, 0, 0]",seed,/Users/futaoran/Desktop/华为杯2026/2026参赛工作区/2026华为杯idea冻结工作区/实验数据/v7_fast_equiv_20260927_0030,0,AI_VERIFIED
0,root1:v7_fast_equiv_20260927_0030,0.0,0,0,0.0,111462,35,111462,35,,264248,0,0,incumbent_split_height_g3_p4,case_071,121446,1,0,0,121446,2025,0.13485879200015916,mps,111462,23488,{'0': 23488},17401,121446,9984,0,b659243d8a4adc5c10852d456bdcb55d2584c1f65feff4af150a10814e50acf1,0,"[17401, 2024.1, 0, 0]",0.10521016699931351,C,121446,"[23488, 121446, 0, 0, -264248]",timing,/Users/futaoran/Desktop/华为杯2026/2026参赛工作区/2026华为杯idea冻结工作区/实验数据/v7_fast_equiv_20260927_0030,0,AI_VERIFIED
130888,root1:v7_fast_equiv_20260927_0030,0.0,0,0,0.0,0,0,0,0,,0,0,0,L2_base,case_071,252334,2,65440,55456,252334,4206,0.12683500000093773,mps,121454,14451,"{'0': 14451, '1': 9037}",21476,121446,9984,130888,34f8c8c1f4437920b9daecd4dc974af2bae17b4894f23a87aafb16424fbbd776,0,"[26636, 252334, 0]",0.0510134169999219,A,252334,"[14451, 252334, 0, 0, 0]",legacy_seed,/Users/futaoran/Desktop/华为杯2026/2026参赛工作区/2026华为杯idea冻结工作区/实验数据/v7_fast_equiv_20260927_0030,0,AI_VERIFIED
221284,root1:v7_fast_equiv_20260927_0030,0.0,0,0,0.0,0,0,0,0,,0,0,0,B2_base,case_071,342730,2,104448,104448,342730,5713,0.1004092919993127,mps,123850,12077,"{'0': 12077, '1': 11411}",18504,121446,9984,221284,ccef060c024e78fc2b5e7b3d7e91111d3b637792acbea054c5087df79b420b64,0,"[18477, 342730, 0]",0.11070775000007416,B,342730,"[12077, 342730, 0, 0, 0]",seed,/Users/futaoran/Desktop/华为杯2026/2026参赛工作区/2026华为杯idea冻结工作区/实验数据/v7_fast_equiv_20260927_0030,0,AI_VERIFIED
0,root1:v7_fast_equiv_20260927_0030,0.0,0,0,0.0,111462,35,111462,35,,264248,0,0,incumbent_split_height_g3_p4,case_071,121446,2,0,0,121446,2025,0.08176229200034868,mps,111462,23488,{'0': 23488},17401,121446,9984,0,67d901359c70514fbac08cf5ecbff20519439d5f79a18c2da45b39f45f64baa1,0,"[17401, 2024.1, 0, 0]",0.11693745800039324,C,121446,"[23488, 121446, 0, 0, -264248]",timing,/Users/futaoran/Desktop/华为杯2026/2026参赛工作区/2026华为杯idea冻结工作区/实验数据/v7_fast_equiv_20260927_0030,0,AI_VERIFIED
152394,root1:v7_fast_equiv_20260927_0030,0.0,0,0,0.0,0,0,0,0,,0,0,0,A2_base,case_071,273840,3,68128,55840,273840,4564,0.07846620899908885,mps,139888,8191,"{'0': 7710, '1': 8191, '2': 7587}",23159,121446,9984,152394,9a0afb11eaaac4b6d9b25cdab277353b383839f4d568d0b69169834b78a20906,0,"[28857, 273840, 0]",0.04734629100130405,A,273840,"[8191, 273840, 0, 0, 0]",seed,/Users/futaoran/Desktop/华为杯2026/2026参赛工作区/2026华为杯idea冻结工作区/实验数据/v7_fast_equiv_20260927_0030,0,AI_VERIFIED
370246,root1:v7_fast_equiv_20260927_0030,0.0,0,0,0.0,0,0,0,0,,0,0,0,L2_base,case_071,491692,3,179312,179312,491692,8195,0.1564334169997892,mps,123084,10939,"{'0': 10939, '1': 5506, '2': 7043}",20029,121446,9984,370246,cfab766dbd21288f90ccbfa59627854b4e48043fae0aa852ca184199c8b5e109,0,"[19860, 491692, 0]",0.1140418340000906,B,491692,"[10939, 491692, 0, 0, 0]",legacy_seed,/Users/futaoran/Desktop/华为杯2026/2026参赛工作区/2026华为杯idea冻结工作区/实验数据/v7_fast_equiv_20260927_0030,0,AI_VERIFIED
0,root1:v7_fast_equiv_20260927_0030,0.0,0,0,0.0,111462,35,111462,35,,264248,0,0,incumbent_split_height_g3_p4,case_071,121446,3,0,0,121446,2025,0.1087965830010944,mps,111462,23488,{'0': 23488},17401,121446,9984,0,3b93a7e58f6a6ab9c4178b1328c32599f9958042d37dc3f63d85c31ca065947c,0,"[17401, 2024.1, 0, 0]",0.08688812499894993,C,121446,"[23488, 121446, 0, 0, -264248]",timing,/Users/futaoran/Desktop/华为杯2026/2026参赛工作区/2026华为杯idea冻结工作区/实验数据/v7_fast_equiv_20260927_0030,0,AI_VERIFIED
168522,root1:v7_fast_equiv_20260927_0030,0.0,0,0,0.0,0,0,0,0,,0,0,0,A2_base,case_071,289968,4,83104,56992,289968,4833,0.15737645800072642,mps,139888,7298,"{'0': 6389, '1': 6329, '2': 5854, '3': 4916}",22103,121446,9984,168522,a405fb7d099a4c61395e33a7c986b38d4991353c863fcd3c9beca456170b95fb,0,"[26946, 289968, 0]",0.09464829200078384,A,289968,"[7298, 289968, 0, 0, 0]",seed,/Users/futaoran/Desktop/华为杯2026/2026参赛工作区/2026华为杯idea冻结工作区/实验数据/v7_fast_equiv_20260927_0030,0,AI_VERIFIED
441926,root1:v7_fast_equiv_20260927_0030,0.0,0,0,0.0,0,0,0,0,,0,0,0,B3_base,case_071,563372,4,196384,196384,563372,9390,0.17574058300124307,mps,160620,9390,"{'0': 8347, '1': 8166, '2': 6975}",19988,121446,9984,441926,56ebbf516c0c6c1f35f5f3361f470af17347dfa7eafa36cef1a1476373c8c0aa,0,"[19529, 563372, 0]",0.15990337499897578,B,563372,"[9390, 563372, 0, 0, 0]",seed,/Users/futaoran/Desktop/华为杯2026/2026参赛工作区/2026华为杯idea冻结工作区/实验数据/v7_fast_equiv_20260927_0030,0,AI_VERIFIED
0,root1:v7_fast_equiv_20260927_0030,0.0,0,0,0.0,111462,35,111462,35,,264248,0,0,incumbent_split_height_g3_p4,case_071,121446,4,0,0,121446,2025,0.10202729200136673,mps,111462,23488,{'0': 23488},17401,121446,9984,0,29a4cd4b8f95d88f67ead1ca5224dd1e0aff2b1df5665d819f6de2fa5356ab61,0,"[17401, 2024.1, 0, 0]",0.09447454200017091,C,121446,"[23488, 121446, 0, 0, -264248]",timing,/Users/futaoran/Desktop/华为杯2026/2026参赛工作区/2026华为杯idea冻结工作区/实验数据/v7_fast_equiv_20260927_0030,0,AI_VERIFIED
220078,root1:v7_fast_equiv_20260927_0030,0.0,0,0,0.0,0,0,0,0,,0,0,0,A2_base,case_071,341524,5,105280,70240,341524,5693,0.13373512500038487,mps,156020,7298,"{'0': 7284, '1': 4812, '2': 5260, '3': 3532, '4': 2600}",26139,121446,9984,220078,d5bbabf087a01fd7828ab7bc41326339ae09adaade8162a3e293a38b7d30d9fc,0,"[32233, 341524, 0]",0.13186175000009825,A,341524,"[7298, 341524, 0, 0, 0]",seed,/Users/futaoran/Desktop/华为杯2026/2026参赛工作区/2026华为杯idea冻结工作区/实验数据/v7_fast_equiv_20260927_0030,0,AI_VERIFIED
294726,root1:v7_fast_equiv_20260927_0030,0.0,0,0,0.0,0,0,0,0,,0,0,0,r6_boundary_n103_c2_p0,case_071,416172,5,142272,142272,416172,6937,0.14007754100020975,mps,121644,6937,"{'3': 3918, '4': 5613, '0': 6115, '1': 3576, '2': 4266}",18161,121446,9984,294726,3146546a29f072d3a36a70f1741e4153db1e0949209b18c429181ac978d3a1d8,0,"[18021, 416172, 0]",0.09793858400007593,B,416172,"[6937, 416172, 0, 0, 0]",ordinary_chain,/Users/futaoran/Desktop/华为杯2026/2026参赛工作区/2026华为杯idea冻结工作区/实验数据/v7_fast_equiv_20260927_0030,0,AI_VERIFIED
0,root1:v7_fast_equiv_20260927_0030,0.0,0,0,0.0,111462,35,111462,35,,264248,0,0,incumbent_split_height_g3_p4,case_071,121446,5,0,0,121446,2025,0.11755525000080524,mps,111462,23488,{'0': 23488},17401,121446,9984,0,f16f9aeae6645e1f246a79f3c6192b51a2e0aaedfb290a6e192681e8367ce2d9,0,"[17401, 2024.1, 0, 0]",0.1014009159989655,C,121446,"[23488, 121446, 0, 0, -264248]",timing,/Users/futaoran/Desktop/华为杯2026/2026参赛工作区/2026华为杯idea冻结工作区/实验数据/v7_fast_equiv_20260927_0030,0,AI_VERIFIED
9199104,root1:v7_fast_equiv_20260927_0030,0.0,0,0,0.0,0,0,0,0,,0,0,0,L3_base,case_078,2934912,1,294912,294912,2934912,48916,0.11637441599850717,mps,2246784,2141184,{'0': 2141184},2249980,2345088,98304,589824,f0af122a623a9c57cf26e96c097ff80b149fc817bf8396c403a66cd339c5a515,950656,"[2304644, 11544192, 8609280]",0.11097358400002122,A,11544192,"[2141184, 2934912, 950656, 0, 0]",legacy_seed,/Users/futaoran/Desktop/华为杯2026/2026参赛工作区/2026华为杯idea冻结工作区/实验数据/v7_fast_equiv_20260927_0030,8609280,AI_VERIFIED
8879232,root1:v7_fast_equiv_20260927_0030,0.0,0,0,0.0,0,0,0,0,,0,0,0,B2_base,case_078,2345088,1,0,0,2345088,39085,0.17631770899970434,mps,2246784,2141184,{'0': 2141184},2232856,2345088,98304,0,1b3f525d03df4a6a2ecc5d7bdd68e3e90f314f2941848536cf5f162e74bd257e,953344,"[2227238, 11224320, 8879232]",0.17571604099975957,B,11224320,"[2141184, 2345088, 953344, 0, 0]",seed,/Users/futaoran/Desktop/华为杯2026/2026参赛工作区/2026华为杯idea冻结工作区/实验数据/v7_fast_equiv_20260927_0030,8879232,AI_VERIFIED
4056192,root1:v7_fast_equiv_20260927_0030,0.0,3613824,0,0.5937539432176656,2472576,62,2246784,62,,1026048,0,0,incumbent_split_height_g1_p4,case_078,2345088,1,0,0,2345088,39085,0.17132066699923598,mps,2246784,2141184,{'0': 2141184},2142955,2345088,98304,0,e8d221aa49592af0962b1c557ed60d3f7813b20fdb6dea247f472bfc044303d5,452992,"[2142942, 46457.6, -3613824, 4056192]",0.16162341599920182,C,6401280,"[2141184, 2345088, 452992, 0, -1026048]",timing,/Users/futaoran/Desktop/华为杯2026/2026参赛工作区/2026华为杯idea冻结工作区/实验数据/v7_fast_equiv_20260927_0030,4056192,AI_VERIFIED
13146912,root1:v7_fast_equiv_20260927_0030,0.0,0,0,0.0,0,0,0,0,,0,0,0,A2_base,case_078,8790528,2,0,0,8790528,146509,0.17099466699983168,mps,8692224,1070592,"{'0': 1070592, '1': 1070592}",1177840,2345088,98304,6445440,1331a08b8750d320c50c0118f920056467c3c77129c227fa265b2bd03bc35981,3346688,"[1188524, 15492000, 6701472]",0.15089770799932012,A,15492000,"[1070592, 8790528, 3346688, 0, 0]",seed,/Users/futaoran/Desktop/华为杯2026/2026参赛工作区/2026华为杯idea冻结工作区/实验数据/v7_fast_equiv_20260927_0030,6701472,AI_VERIFIED
7202880,root1:v7_fast_equiv_20260927_0030,0.0,0,0,0.0,0,0,0,0,,0,0,0,B2_base,case_078,2768064,2,208896,208896,2768064,46135,0.17911445800018555,mps,2251968,1112184,"{'0': 1112184, '1': 1029000}",1557682,2345088,98304,422976,fd2d6fadd700dc5aa820dcf3926fe25b3cd984a28b74fce2266c5b03b10380e4,853760,"[1548573, 9547968, 6779904]",0.18551024999942456,B,9547968,"[1112184, 2768064, 853760, 0, 0]",seed,/Users/futaoran/Desktop/华为杯2026/2026参赛工作区/2026华为杯idea冻结工作区/实验数据/v7_fast_equiv_20260927_0030,6779904,AI_VERIFIED
11180376,root1:v7_fast_equiv_20260927_0030,612.864,3073896,10,0.23155357972552515,10201200,106,4395264,116,,267264,48384,194,incumbent_split_height_g0_p4,case_078,4493568,2,0,0,4445184,74087,0.1755179589999898,mps,4395264,1070592,"{'0': 1070592, '1': 1070592}",1149984,2345088,98304,2148480,50463e5ba01bd21554a7c8f6d5a9602d1dbe26e5eac067698f851cee2f79a526,2525696,"[1142943, 174192.8, -3073896, 9031896]",0.1423710420003772,C,13525464,"[1070592, 4493568, 2525696, -48384, -267264]",timing,/Users/futaoran/Desktop/华为杯2026/2026参赛工作区/2026华为杯idea冻结工作区/实验数据/v7_fast_equiv_20260927_0030,9031896,AI_VERIFIED
4851024,root1:v7_fast_equiv_20260927_0030,0.0,0,0,0.0,0,0,0,0,,0,0,0,L3_base,case_078,4406736,3,986112,986112,4406736,73446,0.19717099999979837,mps,2336208,751440,"{'0': 751440, '1': 717744, '2': 672000}",2198402,2345088,98304,2061648,169119b4b6a48e772b300f40e25466aa4a7a81f1b16b236b8c37cb87c93cfcd5,331008,"[2233111, 7196112, 2789376]",0.15668675000051735,A,7196112,"[751440, 4406736, 331008, 0, 0]",legacy_seed,/Users/futaoran/Desktop/华为杯2026/2026参赛工作区/2026华为杯idea冻结工作区/实验数据/v7_fast_equiv_20260927_0030,2789376,AI_VERIFIED
13810560,root1:v7_fast_equiv_20260927_0030,0.0,0,0,0.0,0,0,0,0,,0,0,0,B3_base,case_078,7840440,3,602112,602112,7840440,130674,0.20531862499956333,mps,6537912,729144,"{'0': 712824, '1': 729144, '2': 699216}",1347746,2345088,98304,5495352,96ef7cb1b4b292dbf8431a42053edcb74ff58e2b6dd78adb10f8f11f495fbfc3,4002312,"[1330913, 16155648, 8315208]",0.17428362499958894,B,16155648,"[729144, 7840440, 4002312, 0, 0]",seed,/Users/futaoran/Desktop/华为杯2026/2026参赛工作区/2026华为杯idea冻结工作区/实验数据/v7_fast_equiv_20260927_0030,8315208,AI_VERIFIED
11678520,root1:v7_fast_equiv_20260927_0030,407.664,4614480,10,0.33339633536269225,9226344,160,6543744,170,,200448,32184,129,incumbent_split_height_g0_p4,case_078,6642048,3,0,0,6609864,110165,0.21363958299843944,mps,6543744,802944,"{'0': 802944, '1': 802944, '2': 535296}",882747,2345088,98304,4296960,6048927993cb50b4d3046c0f015a643d8704e050d118245d4bd06d864c5d5bfc,4172520,"[852453, 157510.0, -4573008, 7381560]",0.1847718339995481,C,14023608,"[802944, 6642048, 4172520, -32184, -200448]",timing,/Users/futaoran/Desktop/华为杯2026/2026参赛工作区/2026华为杯idea冻结工作区/实验数据/v7_fast_equiv_20260927_0030,7381560,AI_VERIFIED
15039360,root1:v7_fast_equiv_20260927_0030,0.0,0,0,0.0,0,0,0,0,,0,0,0,A2_base,case_078,17384448,4,0,0,17384448,289741,0.18025916700025846,mps,17286144,535296,"{'0': 535296, '1': 535296, '2': 535296, '3': 535296}",619540,2345088,98304,15039360,52676639f897e89e6ba2667241ef94de592866fc1ebe694ab125f1c50452a4d6,6685600,"[600284, 17384448, 0]",0.15786820799985435,A,17384448,"[535296, 17384448, 6685600, 0, 0]",seed,/Users/futaoran/Desktop/华为杯2026/2026参赛工作区/2026华为杯idea冻结工作区/实验数据/v7_fast_equiv_20260927_0030,0,AI_VERIFIED
13249512,root1:v7_fast_equiv_20260927_0030,0.0,0,0,0.0,0,0,0,0,,0,0,0,L3_base,case_078,9096168,4,490752,490752,9096168,151603,0.19296787500024948,mps,8016360,564720,"{'0': 564720, '1': 524568, '2': 512544, '3': 539352}",1386935,2345088,98304,6751080,4703dfe59e2032d7fd81d8ab5f335a24696906b0ab83e4608be5565745f24784,4411128,"[1381345, 15594600, 6498432]",0.19439179099936155,B,15594600,"[564720, 9096168, 4411128, 0, 0]",legacy_seed,/Users/futaoran/Desktop/华为杯2026/2026参赛工作区/2026华为杯idea冻结工作区/实验数据/v7_fast_equiv_20260927_0030,6498432,AI_VERIFIED
12673464,root1:v7_fast_equiv_20260927_0030,200.64,1634184,4,0.10987292750816895,13239216,220,8692224,224,,133632,15840,64,incumbent_split_height_g0_p4,case_078,8790528,4,0,0,8774688,146245,0.18601912499980244,mps,8692224,535296,"{'0': 535296, '1': 535296, '2': 535296, '3': 535296}",642020,2345088,98304,6445440,6a76ba843ec874da666dad2994ee4a27f87a520bd44cd6980f68886221dbf361,5817400,"[559107, 235435.2, -892440, 6228024]",0.2013898330005759,C,15018552,"[535296, 8790528, 5817400, -15840, -133632]",timing,/Users/futaoran/Desktop/华为杯2026/2026参赛工作区/2026华为杯idea冻结工作区/实验数据/v7_fast_equiv_20260927_0030,6228024,AI_VERIFIED
15381888,root1:v7_fast_equiv_20260927_0030,0.0,0,0,0.0,0,0,0,0,,0,0,0,A2_base,case_078,17726976,5,171264,171264,17726976,295450,0.19835408400103915,mps,17286144,460896,"{'0': 417984, '1': 460896, '2': 409752, '3': 418728, '4': 433824}",1477861,2345088,98304,15381888,257f7dabb9f32240940915288afeed7f66d50db2bb84aae69534dfd57f6b7c1b,4219224,"[1635391, 17726976, 0]",0.1261261250001553,A,17726976,"[460896, 17726976, 4219224, 0, 0]",seed,/Users/futaoran/Desktop/华为杯2026/2026参赛工作区/2026华为杯idea冻结工作区/实验数据/v7_fast_equiv_20260927_0030,0,AI_VERIFIED
14818800,root1:v7_fast_equiv_20260927_0030,0.0,0,0,0.0,0,0,0,0,,0,0,0,L3_base,case_078,10510224,5,632832,632832,10510224,175171,0.1839599579998321,mps,9146256,455136,"{'0': 455136, '1': 417360, '2': 425424, '3': 437064, '4': 406200}",1586167,2345088,98304,8165136,4cde60f729749602cb580a5ffcbdf863b4a7f8bf898d2130ec77cb9432b3dc65,3591816,"[1562827, 17163888, 6653664]",0.1895115839997743,B,17163888,"[455136, 10510224, 3591816, 0, 0]",legacy_seed,/Users/futaoran/Desktop/华为杯2026/2026参赛工作区/2026华为杯idea冻结工作区/实验数据/v7_fast_equiv_20260927_0030,6653664,AI_VERIFIED
12673464,root1:v7_fast_equiv_20260927_0030,200.64,1634184,4,0.10987292750816895,13239216,220,8692224,224,,133632,15840,64,lower_core_base,case_078,8790528,5,0,0,8774688,146245,0.1906606249995093,mps,8692224,535296,"{'0': 535296, '1': 535296, '2': 535296, '3': 535296}",642020,2345088,98304,6445440,83121a468fb75ef365527f010746224551a45f5596c96a4d2822054a43a785f9,5817400,"[559107, 235435.2, -892440, 6228024]",0.18050433299868018,C,15018552,"[535296, 8790528, 5817400, -15840, -133632]",lower_core,/Users/futaoran/Desktop/华为杯2026/2026参赛工作区/2026华为杯idea冻结工作区/实验数据/v7_fast_equiv_20260927_0030,6228024,AI_VERIFIED
2642454,root1:v7_fast_equiv_20260927_0030,0.0,0,0,0.0,0,0,0,0,,0,0,0,L3_base,case_085,3562648,1,936256,936256,3562648,59378,5.014389084000868,mps,1656344,4289922,{'0': 4289922},3213209,1689734,33792,1872914,02f919ae29edadf38ead83f67f88c805fa785d5cc0783b8bbf19b8b9ca0f0718,177158,"[4130654, 4332188, 769540]",4.112911208998412,A,4332188,"[4289922, 3562648, 177158, 0, 0]",legacy_seed,/Users/futaoran/Desktop/华为杯2026/2026参赛工作区/2026华为杯idea冻结工作区/实验数据/v7_fast_equiv_20260927_0030,769540,AI_VERIFIED
355712,root1:v7_fast_equiv_20260927_0030,0.0,0,0,0.0,0,0,0,0,,0,0,0,L2_base,case_085,1689734,1,0,0,1689734,28163,11.898639624998395,mps,1655942,4289922,{'0': 4289922},3177963,1689734,33792,0,12d18731fa3b53b0acb76df2799b1f79c8107f7b06c5925215a099b0139c4da1,177158,"[3177963, 2045446, 355712]",12.187061708000329,B,2045446,"[4289922, 1689734, 177158, 0, 0]",legacy_seed,/Users/futaoran/Desktop/华为杯2026/2026参赛工作区/2026华为杯idea冻结工作区/实验数据/v7_fast_equiv_20260927_0030,355712,AI_VERIFIED
355712,root1:v7_fast_equiv_20260927_0030,0.0,0,0,0.0,1833798,247,1655942,247,,417376,0,0,incumbent_split_topo_g0_p4,case_085,1689734,1,0,0,1689734,28163,10.462082582998846,mps,1655942,4289922,{'0': 4289922},3173461,1689734,33792,0,5d1bba38df8c2e2bf1516b985eb4a24a33108f36a766d60d63bc51072d5554c5,177158,"[3173461, 34090.76666666667, 0, 355712]",10.462761041999329,C,2045446,"[4289922, 1689734, 177158, 0, -417376]",timing,/Users/futaoran/Desktop/华为杯2026/2026参赛工作区/2026华为杯idea冻结工作区/实验数据/v7_fast_equiv_20260927_0030,355712,AI_VERIFIED
6539306,root1:v7_fast_equiv_20260927_0030,0.0,0,0,0.0,0,0,0,0,,0,0,0,L3_base,case_085,6691632,2,2492288,2492288,6691632,111528,2.8208751669990306,mps,1673264,2159730,"{'0': 2159730, '1': 2130192}",3282964,1689734,33792,5001898,46759899ecbd356e0272dbeab9545313f90c70c3ae0e11f21f0f834f7b973f8c,176198,"[4100858, 8229040, 1537408]",2.5816169169993373,A,8229040,"[2159730, 6691632, 176198, 0, 0]",legacy_seed,/Users/futaoran/Desktop/华为杯2026/2026参赛工作区/2026华为杯idea冻结工作区/实验数据/v7_fast_equiv_20260927_0030,1537408,AI_VERIFIED
6815178,root1:v7_fast_equiv_20260927_0030,0.0,0,0,0.0,0,0,0,0,,0,0,0,B3_base,case_085,7836170,2,2966208,2966208,7836170,130603,7.9690277080007945,mps,1869962,2215568,"{'0': 2074354, '1': 2215568}",3168404,1689734,33792,6146436,796ddd46244b0419ed772b3675b3dd377a034f53e65de78a7ed5b3a7fd4eea9c,40100,"[3167808, 8504912, 668742]",7.152416708999226,B,8504912,"[2215568, 7836170, 40100, 0, 0]",seed,/Users/futaoran/Desktop/华为杯2026/2026参赛工作区/2026华为杯idea冻结工作区/实验数据/v7_fast_equiv_20260927_0030,668742,AI_VERIFIED
6815178,root1:v7_fast_equiv_20260927_0030,2710.92,425158,40,0.08222693782317683,4745386,2123,4836170,2163,,528868,214020,857,incumbent_split_topo_g13_p4,case_085,7836170,2,2966208,2966208,7622150,127036,15.953112290999343,mps,1869962,2215568,"{'0': 2074354, '1': 2215568}",3157230,1689734,33792,6146436,9d8b2abadc556d4dd56a5f467e4d1938166e4923321f4362a45271a88af9b768,40100,"[3156634, 134662.56666666668, -425158, 668742]",9.970176916000128,C,8504912,"[2215568, 7836170, 40100, -214020, -528868]",timing,/Users/futaoran/Desktop/华为杯2026/2026参赛工作区/2026华为杯idea冻结工作区/实验数据/v7_fast_equiv_20260927_0030,668742,AI_VERIFIED
7762492,root1:v7_fast_equiv_20260927_0030,0.0,0,0,0.0,0,0,0,0,,0,0,0,L3_base,case_085,7354562,3,2847552,2782016,7354562,122577,4.7020565419989,mps,1691202,1531384,"{'0': 1531384, '1': 1327666, '2': 1430872}",3262874,1689734,33792,5664828,677eb89f62affbdc3ea2cc5700e41043b6b8d0eec0eb90eb4a0f019e7510459a,0,"[4060994, 9452226, 2097664]",2.718765625000742,A,9452226,"[1531384, 7354562, 0, 0, 0]",legacy_seed,/Users/futaoran/Desktop/华为杯2026/2026参赛工作区/2026华为杯idea冻结工作区/实验数据/v7_fast_equiv_20260927_0030,2097664,AI_VERIFIED
2382092,root1:v7_fast_equiv_20260927_0030,0.0,0,0,0.0,0,0,0,0,,0,0,0,L2_base,case_085,4071826,3,1190912,1190912,4071826,67864,5.193053125000006,mps,1656210,1489858,"{'0': 1428950, '1': 1489858, '2': 1371114}",3130505,1689734,33792,2382092,789ce614e85c4938e72b1f4a940e375b5e4b6041a67d5833f20636177237fdfa,0,"[3130412, 4071826, 0]",5.501706875000309,B,4071826,"[1489858, 4071826, 0, 0, 0]",legacy_seed,/Users/futaoran/Desktop/华为杯2026/2026参赛工作区/2026华为杯idea冻结工作区/实验数据/v7_fast_equiv_20260927_0030,0,AI_VERIFIED
2381964,root1:v7_fast_equiv_20260927_0030,1.7733333333333332,134,7,4.7066129316648975e-05,2846924,893,2847058,900,,4498,140,1,r1_boundary_n6703_c2_p0,case_085,4071698,3,1190848,1190848,4071558,67860,6.028666374999375,mps,1656210,1489706,"{'0': 1428950, '1': 1489706, '2': 1371266}",3112095,1689734,33792,2381964,0a2933d6c2100b7be68b4c905d81dcabd24714c2f315dc7bb710433cfa17db58,0,"[3112002, 67859.4, -134, 0]",6.449473874999967,C,4071698,"[1489706, 4071698, 0, -140, -4498]",ordinary_chain,/Users/futaoran/Desktop/华为杯2026/2026参赛工作区/2026华为杯idea冻结工作区/实验数据/v7_fast_equiv_20260927_0030,0,AI_VERIFIED
11705352,root1:v7_fast_equiv_20260927_0030,0.0,0,0,0.0,0,0,0,0,,0,0,0,L3_base,case_085,10780686,4,4612768,4426400,10780686,179679,4.253328708000481,mps,1707726,1193540,"{'0': 1193540, '1': 1100205, '2': 1011001, '3': 985176}",3358322,1689734,33792,9090952,5dbdda9c0aa5293ef1b53ca58bebd0c2b08fee245b2af8eaa87b181465269af1,0,"[4001627, 13395086, 2614400]",3.124134374998903,A,13395086,"[1193540, 10780686, 0, 0, 0]",legacy_seed,/Users/futaoran/Desktop/华为杯2026/2026参赛工作区/2026华为杯idea冻结工作区/实验数据/v7_fast_equiv_20260927_0030,2614400,AI_VERIFIED
11728024,root1:v7_fast_equiv_20260927_0030,0.0,0,0,0.0,0,0,0,0,,0,0,0,B3_base,case_085,12521042,4,5177568,5177568,12521042,208685,8.784804082999472,mps,2132114,1116656,"{'0': 1040647, '1': 1116656, '2': 1019328, '3': 1113291}",2987335,1689734,33792,10831308,3634f200971f830241592a22d2e2eee6f76011ea2a9c33465da4ab7c2b44a35c,0,"[2983344, 13417758, 896716]",8.179213499999605,B,13417758,"[1116656, 12521042, 0, 0, 0]",seed,/Users/futaoran/Desktop/华为杯2026/2026参赛工作区/2026华为杯idea冻结工作区/实验数据/v7_fast_equiv_20260927_0030,896716,AI_VERIFIED
2381964,root1:v7_fast_equiv_20260927_0030,1.7733333333333332,134,7,4.7066129316648975e-05,2846924,893,2847058,900,,4498,140,1,lower_core_base,case_085,4071698,4,1190848,1190848,4071558,67860,7.639995458999692,mps,1656210,1489706,"{'0': 1428950, '1': 1489706, '2': 1371266}",3112095,1689734,33792,2381964,c20c3e8c521f81331a62801b07074f2a60fb87c2f0ca7ff60da477f6c0a5d44e,0,"[3112002, 67859.4, -134, 0]",6.845528916999683,C,4071698,"[1489706, 4071698, 0, -140, -4498]",lower_core,/Users/futaoran/Desktop/华为杯2026/2026参赛工作区/2026华为杯idea冻结工作区/实验数据/v7_fast_equiv_20260927_0030,0,AI_VERIFIED
14048530,root1:v7_fast_equiv_20260927_0030,0.0,0,0,0.0,0,0,0,0,,0,0,0,L3_base,case_085,12494872,5,5533216,5228064,12494872,208248,4.6158973750007135,mps,1699800,958951,"{'0': 778322, '1': 784253, '2': 868378, '3': 900018, '4': 958951}",3445690,1689734,33792,10805138,39c3264afe46de9a192b936498e26da44ad3ccbfcb34376c6c0a2ff66ec106de,0,"[3993204, 15738264, 3243392]",3.39347754100163,A,15738264,"[958951, 12494872, 0, 0, 0]",legacy_seed,/Users/futaoran/Desktop/华为杯2026/2026参赛工作区/2026华为杯idea冻结工作区/实验数据/v7_fast_equiv_20260927_0030,3243392,AI_VERIFIED
13660374,root1:v7_fast_equiv_20260927_0030,0.0,0,0,0.0,0,0,0,0,,0,0,0,B3_base,case_085,15177302,5,6403296,6403296,15177302,252956,6.53722474999995,mps,2336918,907895,"{'0': 907895, '1': 866281, '2': 820245, '3': 797205, '4': 898296}",2791092,1689734,33792,13487568,7fd86c0e14356e7dc52b86addcf3b908d4df272aabf5ee2e729770a3fef46a35,0,"[2790354, 15350108, 172806]",6.013230916998509,B,15350108,"[907895, 15177302, 0, 0, 0]",seed,/Users/futaoran/Desktop/华为杯2026/2026参赛工作区/2026华为杯idea冻结工作区/实验数据/v7_fast_equiv_20260927_0030,172806,AI_VERIFIED
2118072,root1:v7_fast_equiv_20260927_0030,433.17466666666667,38156,23,0.013955138450510022,2696034,743,2734190,766,,4640,34198,137,incumbent_disperse_tid_1000018063_node_17891_core_1_pos_1,case_085,3807806,5,1039824,1039824,3773608,62894,4.069079250000868,mps,1694366,879810,"{'0': 785679, '1': 867781, '2': 878670, '3': 877982, '4': 879810}",3157325,1689734,33792,2118072,d00c31ccb1f7c04396e5eb2b453e92fd1d0932aec7fe26c2815cd7c54366e96d,0,"[3156945, 62827.5, -38156, 0]",4.096849667001152,C,3807806,"[879810, 3807806, 0, -34198, -4640]",disperse,/Users/futaoran/Desktop/华为杯2026/2026参赛工作区/2026华为杯idea冻结工作区/实验数据/v7_fast_equiv_20260927_0030,0,AI_VERIFIED
10584064,root1:v7_fast_equiv_20260927_0030,0.0,0,0,0.0,0,0,0,0,,0,0,0,A2_base,case_097,6750208,1,0,0,6750208,112504,1.5780557500002033,mps,5963776,11635200,{'0': 11635200},11495014,5046272,786432,1703936,86cb1478008bf854dc3129be0c300da9280aa56a2cefc8c444451a3438438182,1536000,"[11565824, 15630336, 8880128]",1.6265998340004444,A,15630336,"[11635200, 6750208, 1536000, 0, 0]",seed,/Users/futaoran/Desktop/华为杯2026/2026参赛工作区/2026华为杯idea冻结工作区/实验数据/v7_fast_equiv_20260927_0030,8880128,AI_VERIFIED
69218304,root1:v7_fast_equiv_20260927_0030,0.0,0,0,0.0,0,0,0,0,,0,0,0,B3_aggregate,case_097,5046272,1,0,0,5046272,84105,3.1698464169985527,mps,4259840,11635200,{'0': 11635200},11499984,5046272,786432,0,71449473f2e1248a8ea98d06e4184a592e4f96157ed16d40d40f994cf52df754,5994496,"[11469274, 74264576, 69218304]",3.007239791999382,B,74264576,"[11635200, 5046272, 5994496, 0, 0]",aggregate,/Users/futaoran/Desktop/华为杯2026/2026参赛工作区/2026华为杯idea冻结工作区/实验数据/v7_fast_equiv_20260927_0030,69218304,AI_VERIFIED
10584064,root1:v7_fast_equiv_20260927_0030,0.0,0,0,0.0,14843904,832,4259840,832,,0,0,0,incumbent_base,case_097,5046272,1,0,0,5046272,84105,2.4786469579994446,mps,4259840,11635200,{'0': 11635200},11491509,5046272,786432,0,9e72258da64b8f13e0cd28dbf907b30806296ad1503f201dac9f31b973f98b78,1536000,"[11477383, 260505.6, 0, 10584064]",2.323546167001041,C,15630336,"[11635200, 5046272, 1536000, 0, 0]",incumbent,/Users/futaoran/Desktop/华为杯2026/2026参赛工作区/2026华为杯idea冻结工作区/实验数据/v7_fast_equiv_20260927_0030,10584064,AI_VERIFIED
10584064,root1:v7_fast_equiv_20260927_0030,0.0,0,0,0.0,0,0,0,0,,0,0,0,A2_aggregate,case_097,8454144,2,0,0,8454144,140903,1.4664412920010363,mps,7667712,5817600,"{'0': 5817600, '1': 5817600}",5794911,5046272,786432,3407872,90c99f266bfeeac15d70bfbdc35bb1a06b24f6a4f500e395a3203ef4e7d863af,3072000,"[5785712, 15630336, 7176192]",1.5912509580011829,A,15630336,"[5817600, 8454144, 3072000, 0, 0]",aggregate,/Users/futaoran/Desktop/华为杯2026/2026参赛工作区/2026华为杯idea冻结工作区/实验数据/v7_fast_equiv_20260927_0030,7176192,AI_VERIFIED
39718912,root1:v7_fast_equiv_20260927_0030,0.0,0,0,0.0,0,0,0,0,,0,0,0,L2_base,case_097,31784960,2,13369344,13369344,31784960,529750,1.6667818329988222,mps,4259840,5817600,"{'0': 5817600, '1': 5817600}",8761842,5046272,786432,26738688,0e18893e2da8fc183aff2669f766a834dbfb30890961d77e85ba78c97c56df5f,6393856,"[8744465, 44765184, 12980224]",1.5522150420001708,B,44765184,"[5817600, 31784960, 6393856, 0, 0]",legacy_seed,/Users/futaoran/Desktop/华为杯2026/2026参赛工作区/2026华为杯idea冻结工作区/实验数据/v7_fast_equiv_20260927_0030,12980224,AI_VERIFIED
10584064,root1:v7_fast_equiv_20260927_0030,0.0,0,0,0.0,14843904,832,4259840,832,,0,0,0,C0_base,case_097,5046272,2,0,0,5046272,84105,2.764467416998741,mps,4259840,11635200,{'0': 11635200},11491509,5046272,786432,0,53ff9d8201e2a5843160614d60223dfddc82e048a42b438ab08831579c5a48df,1536000,"[11477383, 260505.6, 0, 10584064]",2.4277300409994496,C,15630336,"[11635200, 5046272, 1536000, 0, 0]",seed,/Users/futaoran/Desktop/华为杯2026/2026参赛工作区/2026华为杯idea冻结工作区/实验数据/v7_fast_equiv_20260927_0030,10584064,AI_VERIFIED
12972032,root1:v7_fast_equiv_20260927_0030,0.0,0,0,0.0,0,0,0,0,,0,0,0,L2_base,case_097,14997504,3,73728,73728,14997504,249959,1.0872945830014942,mps,14063616,3880464,"{'0': 3880464, '1': 3877368, '2': 3877368}",11114869,5046272,786432,9951232,388155c78fdf9f6a92f8302e3b689dce724552da0b15c361e2b57545f20a9b3a,4608000,"[11278264, 18018304, 3020800]",0.9081731249989389,A,18018304,"[3880464, 14997504, 4608000, 0, 0]",legacy_seed,/Users/futaoran/Desktop/华为杯2026/2026参赛工作区/2026华为杯idea冻结工作区/实验数据/v7_fast_equiv_20260927_0030,3020800,AI_VERIFIED
96149504,root1:v7_fast_equiv_20260927_0030,0.0,0,0,0.0,0,0,0,0,,0,0,0,L3_base,case_097,98664448,3,46645248,46645248,98664448,1644408,2.3387171249996754,mps,4587520,3979512,"{'0': 3885432, '1': 3979512, '2': 3770256}",10246000,5046272,786432,93618176,7bddba0449cc4573459edf5cfa1ee2afc3ae50e897cddb981f8bbff96f9f4658,1214464,"[10245377, 101195776, 2531328]",2.0806054579988995,B,101195776,"[3979512, 98664448, 1214464, 0, 0]",legacy_seed,/Users/futaoran/Desktop/华为杯2026/2026参赛工作区/2026华为杯idea冻结工作区/实验数据/v7_fast_equiv_20260927_0030,2531328,AI_VERIFIED
16379904,root1:v7_fast_equiv_20260927_0030,25059.327999999998,5357568,322,0.25988476058017085,15257600,2176,12804096,2498,,20480,1978368,7914,r2_boundary_n833_c2_p0,case_097,13615104,3,24576,24576,11636736,193946,1.7061809589995391,mps,12779520,3993408,"{'2': 3820896, '1': 3820896, '0': 3993408}",3622881,5046272,786432,8568832,bf943c9940ab48a6e46809e6d88f95b6c2da40133e6531344ca2e36449d10fc2,4608000,"[3621047, 267912.5333333333, -5351424, 7811072]",1.582375250000041,C,21426176,"[3993408, 13615104, 4608000, -1978368, -20480]",ordinary_chain,/Users/futaoran/Desktop/华为杯2026/2026参赛工作区/2026华为杯idea冻结工作区/实验数据/v7_fast_equiv_20260927_0030,7811072,AI_VERIFIED
11591680,root1:v7_fast_equiv_20260927_0030,0.0,0,0,0.0,0,0,0,0,,0,0,0,A2_aggregate,case_097,15269888,4,0,0,15269888,254499,1.2605428750011924,mps,14483456,2908800,"{'0': 2908800, '1': 2908800, '2': 2908800, '3': 2908800}",2882367,5046272,786432,10223616,9bbdb83272dfdd8a19e250ee7dd65a638b42d08e80349eca1cbed0215f788662,5292032,"[2892806, 16637952, 1368064]",1.0990607919993636,A,16637952,"[2908800, 15269888, 5292032, 0, 0]",aggregate,/Users/futaoran/Desktop/华为杯2026/2026参赛工作区/2026华为杯idea冻结工作区/实验数据/v7_fast_equiv_20260927_0030,1368064,AI_VERIFIED
83148800,root1:v7_fast_equiv_20260927_0030,0.0,0,0,0.0,0,0,0,0,,0,0,0,L2_base,case_097,87162880,4,40992768,40992768,87162880,1452715,2.089313333000973,mps,4390912,3037824,"{'0': 3037824, '1': 2822784, '2': 2865792, '3': 2908800}",9752092,5046272,786432,82116608,e8f975dbf047bcf9fc219dbf77dbe800a1fcb5cf62c41b57762fcc9b669299ed,460800,"[9751605, 88195072, 1032192]",2.1569512910009507,B,88195072,"[3037824, 87162880, 460800, 0, 0]",legacy_seed,/Users/futaoran/Desktop/华为杯2026/2026参赛工作区/2026华为杯idea冻结工作区/实验数据/v7_fast_equiv_20260927_0030,1032192,AI_VERIFIED
10584064,root1:v7_fast_equiv_20260927_0030,0.0,0,0,0.0,14843904,832,4259840,832,,0,0,0,C0_base,case_097,5046272,4,0,0,5046272,84105,5.529922292000265,mps,4259840,11635200,{'0': 11635200},11491509,5046272,786432,0,4cc63c2f306c969d0203bb2844fbbd58e96deae1b4c8f131a5554e348eb46a51,1536000,"[11477383, 260505.6, 0, 10584064]",5.357242334001057,C,15630336,"[11635200, 5046272, 1536000, 0, 0]",seed,/Users/futaoran/Desktop/华为杯2026/2026参赛工作区/2026华为杯idea冻结工作区/实验数据/v7_fast_equiv_20260927_0030,10584064,AI_VERIFIED
14870528,root1:v7_fast_equiv_20260927_0030,0.0,0,0,0.0,0,0,0,0,,0,0,0,L2_base,case_097,19879936,5,172032,172032,19879936,331333,1.2565326250005455,mps,18749440,2328360,"{'0': 2328360, '1': 2328360, '2': 2325264, '3': 2325264, '4': 2327952}",10460851,5046272,786432,14833664,edbc775cc27b7558db7217e6c9c9809db1d247b84afd01c59ffede635aa75ed9,3209216,"[10750036, 19916800, 36864]",0.8101645410006313,A,19916800,"[2328360, 19879936, 3209216, 0, 0]",legacy_seed,/Users/futaoran/Desktop/华为杯2026/2026参赛工作区/2026华为杯idea冻结工作区/实验数据/v7_fast_equiv_20260927_0030,36864,AI_VERIFIED
90183680,root1:v7_fast_equiv_20260927_0030,0.0,0,0,0.0,0,0,0,0,,0,0,0,L2_base,case_097,90019840,5,42381312,42381312,90019840,1500331,2.306904459001089,mps,4470784,2363304,"{'0': 2363304, '1': 2363304, '2': 2360208, '3': 2290320, '4': 2258064}",9776517,5046272,786432,84973568,2a268972c0f2902ad3190b6b66d9729699d53c82ab23163feed303389729b521,2525184,"[9775488, 95229952, 5210112]",1.8721192499997414,B,95229952,"[2363304, 90019840, 2525184, 0, 0]",legacy_seed,/Users/futaoran/Desktop/华为杯2026/2026参赛工作区/2026华为杯idea冻结工作区/实验数据/v7_fast_equiv_20260927_0030,5210112,AI_VERIFIED
10584064,root1:v7_fast_equiv_20260927_0030,0.0,0,0,0.0,14843904,832,4259840,832,,0,0,0,C0_base,case_097,5046272,5,0,0,5046272,84105,2.727886958999079,mps,4259840,11635200,{'0': 11635200},11491509,5046272,786432,0,17f92b0d0cadc5d0d629f64889475a4087742039d26d0dea7006ead9ede741f7,1536000,"[11477383, 260505.6, 0, 10584064]",2.572608375001437,C,15630336,"[11635200, 5046272, 1536000, 0, 0]",seed,/Users/futaoran/Desktop/华为杯2026/2026参赛工作区/2026华为杯idea冻结工作区/实验数据/v7_fast_equiv_20260927_0030,10584064,AI_VERIFIED
1229146,root1:v7_fast_equiv_20260927_0030,0.0,0,0,0.0,0,0,0,0,,0,0,0,L3_base,case_006,1772494,1,584106,584106,1772494,29542,0.1084828330003802,mps,604198,87660,{'0': 87660},80821,543348,84,1229146,aeafe53d9abc22cf9a89b11600b239e5bc0e68b105d0d83dae9a9dbbbfab129d,294436,"[89586, 1772494, 0]",0.06851229200037778,A,1772494,"[87660, 1772494, 294436, 0, 0]",legacy_seed,/Users/futaoran/Desktop/华为杯2026/2026参赛工作区/2026华为杯idea冻结工作区/实验数据/v7_fast_equiv_20260927_0030,0,AI_VERIFIED
278560,root1:v7_fast_equiv_20260927_0030,0.0,0,0,0.0,0,0,0,0,,0,0,0,B3_base,case_006,543348,1,0,0,543348,9056,0.08191062500009139,mps,543264,87660,{'0': 87660},73949,543348,84,0,a3c6cdc7fe8ea279c067752375b79441357ec74830056a2a5a04b58e09ea2b63,65536,"[73559, 821908, 278560]",0.08322329199836531,B,821908,"[87660, 543348, 65536, 0, 0]",seed,/Users/futaoran/Desktop/华为杯2026/2026参赛工作区/2026华为杯idea冻结工作区/实验数据/v7_fast_equiv_20260927_0030,278560,AI_VERIFIED
278560,root1:v7_fast_equiv_20260927_0030,0.0,8192,0,0.011930560410113015,678448,131,543264,131,,466834,0,0,incumbent_aggregate,case_006,543348,1,0,0,543348,9056,0.0704867500007822,mps,543264,87660,{'0': 87660},73949,543348,84,0,aa4d2aa2706a60cf550a5048acc0fe3700b8e228796dd1d0ec071393711a50dc,65536,"[73559, 13561.933333333332, -8192, 278560]",0.08460295800068707,C,821908,"[87660, 543348, 65536, 0, -466834]",aggregate,/Users/futaoran/Desktop/华为杯2026/2026参赛工作区/2026华为杯idea冻结工作区/实验数据/v7_fast_equiv_20260927_0030,278560,AI_VERIFIED
56200,root1:v7_fast_equiv_20260927_0030,0.0,0,0,0.0,0,0,0,0,,0,0,0,L1_base,case_006,587252,2,0,0,587252,9788,0.06455029100106913,mps,587168,43882,"{'0': 43882, '1': 43778}",42696,543348,84,43904,c9d738c97dbd8e72cbed1f1261d5c556fb9868adf80a081f527efa3bcb126b43,14,"[46351, 599548, 12296]",0.07043979199988826,A,599548,"[43882, 587252, 14, 0, 0]",legacy_seed,/Users/futaoran/Desktop/华为杯2026/2026参赛工作区/2026华为杯idea冻结工作区/实验数据/v7_fast_equiv_20260927_0030,12296,AI_VERIFIED
56200,root1:v7_fast_equiv_20260927_0030,0.0,0,0,0.0,0,0,0,0,,0,0,0,L1_base,case_006,587252,2,0,0,587252,9788,0.09526775000085763,mps,587168,43882,"{'0': 43882, '1': 43778}",42696,543348,84,43904,c9d738c97dbd8e72cbed1f1261d5c556fb9868adf80a081f527efa3bcb126b43,14,"[42422, 599548, 12296]",0.08878808400004345,B,599548,"[43882, 587252, 14, 0, 0]",legacy_seed,/Users/futaoran/Desktop/华为杯2026/2026参赛工作区/2026华为杯idea冻结工作区/实验数据/v7_fast_equiv_20260927_0030,12296,AI_VERIFIED
56200,root1:v7_fast_equiv_20260927_0030,556.1173333333334,56192,13,0.09373769726086811,543268,131,587168,144,,320000,43904,176,incumbent_split_release_g0_p4,case_006,587252,2,0,0,543348,9056,0.0737539999990986,mps,587168,43882,"{'0': 43882, '1': 43778}",41180,543348,84,43904,995200c64ffaeab78f3519c4d8c746c20b970bbce75045968e5995e11f5b7225,14,"[40906, 9055.933333333332, -56192, 12296]",0.07330374999946798,C,599548,"[43882, 587252, 14, -43904, -320000]",timing,/Users/futaoran/Desktop/华为杯2026/2026参赛工作区/2026华为杯idea冻结工作区/实验数据/v7_fast_equiv_20260927_0030,12296,AI_VERIFIED
30080,root1:v7_fast_equiv_20260927_0030,0.0,0,0,0.0,0,0,0,0,,0,0,0,L1_base,case_006,573428,3,0,0,573428,9558,0.08182775000022957,mps,573344,30328,"{'0': 30328, '1': 28585, '2': 28747}",31152,543348,84,30080,4b7cde5ab9e4d7e83597b19de672caaf871fdfbc275c678c3a25927f0a995b14,0,"[32199, 573428, 0]",0.07786024999950314,A,573428,"[30328, 573428, 0, 0, 0]",legacy_seed,/Users/futaoran/Desktop/华为杯2026/2026参赛工作区/2026华为杯idea冻结工作区/实验数据/v7_fast_equiv_20260927_0030,0,AI_VERIFIED
30080,root1:v7_fast_equiv_20260927_0030,0.0,0,0,0.0,0,0,0,0,,0,0,0,L1_base,case_006,573428,3,0,0,573428,9558,0.10365133300001617,mps,573344,30328,"{'0': 30328, '1': 28585, '2': 28747}",31152,543348,84,30080,4b7cde5ab9e4d7e83597b19de672caaf871fdfbc275c678c3a25927f0a995b14,0,"[30603, 573428, 0]",0.05956658300056006,B,573428,"[30328, 573428, 0, 0, 0]",legacy_seed,/Users/futaoran/Desktop/华为杯2026/2026参赛工作区/2026华为杯idea冻结工作区/实验数据/v7_fast_equiv_20260927_0030,0,AI_VERIFIED
56200,root1:v7_fast_equiv_20260927_0030,556.1173333333334,56192,13,0.09373769726086811,543268,131,587168,144,,320000,43904,176,lower_core_base,case_006,587252,3,0,0,543348,9056,0.07720608400086348,mps,587168,43882,"{'0': 43882, '1': 43778}",41180,543348,84,43904,a742658d7ce2b1448a7c0d10226ec73b70584eb31257d6c4f62c292d8eea6ba5,14,"[40906, 9055.933333333332, -56192, 12296]",0.07909029199981887,C,599548,"[43882, 587252, 14, -43904, -320000]",lower_core,/Users/futaoran/Desktop/华为杯2026/2026参赛工作区/2026华为杯idea冻结工作区/实验数据/v7_fast_equiv_20260927_0030,12296,AI_VERIFIED
61184,root1:v7_fast_equiv_20260927_0030,0.0,0,0,0.0,0,0,0,0,,0,0,0,L1_base,case_006,604532,4,0,0,604532,10076,0.08236274999944726,mps,604448,30328,"{'0': 30328, '1': 19027, '2': 18913, '3': 19392}",31428,543348,84,61184,b464bbefe7e87aac0187ca1c2e35d85812cca9cc67ca3bc57c4d253d722c0d22,0,"[32199, 604532, 0]",0.06785349999881873,A,604532,"[30328, 604532, 0, 0, 0]",legacy_seed,/Users/futaoran/Desktop/华为杯2026/2026参赛工作区/2026华为杯idea冻结工作区/实验数据/v7_fast_equiv_20260927_0030,0,AI_VERIFIED
61184,root1:v7_fast_equiv_20260927_0030,0.0,0,0,0.0,0,0,0,0,,0,0,0,L1_base,case_006,604532,4,0,0,604532,10076,0.10608170800151129,mps,604448,30328,"{'0': 30328, '1': 19027, '2': 18913, '3': 19392}",31428,543348,84,61184,b464bbefe7e87aac0187ca1c2e35d85812cca9cc67ca3bc57c4d253d722c0d22,0,"[30603, 604532, 0]",0.07434720899982494,B,604532,"[30328, 604532, 0, 0, 0]",legacy_seed,/Users/futaoran/Desktop/华为杯2026/2026参赛工作区/2026华为杯idea冻结工作区/实验数据/v7_fast_equiv_20260927_0030,0,AI_VERIFIED
11648,root1:v7_fast_equiv_20260927_0030,43.775999999999996,11648,3,0.020990715645003172,543264,131,546720,134,,0,3456,14,C1_base,case_006,546804,4,0,0,543348,9056,0.07792662499923608,mps,546720,42362,"{'0': 30328, '1': 42362, '2': 14970}",39772,543348,84,3456,f27d54e43b38013ed6a9fa421ede6facc3761442fe3a71387d792e9c3ecedcd5,10,"[39115, 9055.8, -11648, 8192]",0.0879283750000468,C,554996,"[42362, 546804, 10, -3456, 0]",seed,/Users/futaoran/Desktop/华为杯2026/2026参赛工作区/2026华为杯idea冻结工作区/实验数据/v7_fast_equiv_20260927_0030,8192,AI_VERIFIED
64640,root1:v7_fast_equiv_20260927_0030,0.0,0,0,0.0,0,0,0,0,,0,0,0,L1_base,case_006,607988,5,0,0,607988,10134,0.08446279100098764,mps,607904,30328,"{'0': 30328, '1': 14432, '2': 14414, '3': 14140, '4': 14346}",31753,543348,84,64640,514b80838b0522f3c036162fe40419118a3c30e17e41a1f5dd13fc6aae517d82,0,"[32199, 607988, 0]",0.06305162500029837,A,607988,"[30328, 607988, 0, 0, 0]",legacy_seed,/Users/futaoran/Desktop/华为杯2026/2026参赛工作区/2026华为杯idea冻结工作区/实验数据/v7_fast_equiv_20260927_0030,0,AI_VERIFIED
64640,root1:v7_fast_equiv_20260927_0030,0.0,0,0,0.0,0,0,0,0,,0,0,0,L1_base,case_006,607988,5,0,0,607988,10134,0.10273229099948367,mps,607904,30328,"{'0': 30328, '1': 14432, '2': 14414, '3': 14140, '4': 14346}",31753,543348,84,64640,514b80838b0522f3c036162fe40419118a3c30e17e41a1f5dd13fc6aae517d82,0,"[30603, 607988, 0]",0.09770970899990061,B,607988,"[30328, 607988, 0, 0, 0]",legacy_seed,/Users/futaoran/Desktop/华为杯2026/2026参赛工作区/2026华为杯idea冻结工作区/实验数据/v7_fast_equiv_20260927_0030,0,AI_VERIFIED
11648,root1:v7_fast_equiv_20260927_0030,43.775999999999996,11648,3,0.020990715645003172,543264,131,546720,134,,0,3456,14,C1_base,case_006,546804,5,0,0,543348,9056,0.10015108399966266,mps,546720,42362,"{'0': 30328, '1': 42362, '2': 14970}",39772,543348,84,3456,12fbd9e746dc1ca19c1676a7064e7f9b0006c224ac6c0325654816b298875a49,10,"[39115, 9055.8, -11648, 8192]",0.0653372920005495,C,554996,"[42362, 546804, 10, -3456, 0]",seed,/Users/futaoran/Desktop/华为杯2026/2026参赛工作区/2026华为杯idea冻结工作区/实验数据/v7_fast_equiv_20260927_0030,8192,AI_VERIFIED
0,root1:v7_fast_equiv_20260927_0030,0.0,0,0,0.0,0,0,0,0,,0,0,0,A2_base,case_020,2359296,1,0,0,2359296,39322,0.7709843329994328,mps,1179648,532608,{'0': 532608},532984,2359296,1179648,0,1c46af8cb5222d0250c14b507bc8ffbbe7423d1b735ec6047fc4c94f5a04f57f,0,"[532984, 2359296, 0]",0.730522750000091,A,2359296,"[532608, 2359296, 0, 0, 0]",seed,/Users/futaoran/Desktop/华为杯2026/2026参赛工作区/2026华为杯idea冻结工作区/实验数据/v7_fast_equiv_20260927_0030,0,AI_VERIFIED
10784768,root1:v7_fast_equiv_20260927_0030,0.0,0,0,0.0,0,0,0,0,,0,0,0,L2_base,case_020,2359296,1,0,0,2359296,39322,1.9554721250005969,mps,1179648,532608,{'0': 532608},548280,2359296,1179648,0,cec75d3db8b27423bc14845337acd4e7f3328e230f7db360c1af08321ab54be7,5971968,"[539025, 13144064, 10784768]",1.7479923340015375,B,13144064,"[532608, 2359296, 5971968, 0, 0]",legacy_seed,/Users/futaoran/Desktop/华为杯2026/2026参赛工作区/2026华为杯idea冻结工作区/实验数据/v7_fast_equiv_20260927_0030,10784768,AI_VERIFIED
0,root1:v7_fast_equiv_20260927_0030,0.0,0,0,0.0,1179648,288,1179648,288,,0,0,0,incumbent_base,case_020,2359296,1,0,0,2359296,39322,2.230534500000431,mps,1179648,532608,{'0': 532608},532746,2359296,1179648,0,7ddee8492be9d4e50fbf482badb38b6b5fc65bf73aa53b9d8c47733aca95ef7d,0,"[532746, 39321.6, 0, 0]",2.1525998750003055,C,2359296,"[532608, 2359296, 0, 0, 0]",incumbent,/Users/futaoran/Desktop/华为杯2026/2026参赛工作区/2026华为杯idea冻结工作区/实验数据/v7_fast_equiv_20260927_0030,0,AI_VERIFIED
0,root1:v7_fast_equiv_20260927_0030,0.0,0,0,0.0,0,0,0,0,,0,0,0,A2_base,case_020,2359296,2,0,0,2359296,39322,0.9133678750004037,mps,1179648,266532,"{'0': 266532, '1': 266076}",266977,2359296,1179648,0,a49a1d98b54017e8d05154be0409b61733fa6140eceac39ede5c96356ec45835,0,"[266908, 2359296, 0]",0.7948912089996156,A,2359296,"[266532, 2359296, 0, 0, 0]",seed,/Users/futaoran/Desktop/华为杯2026/2026参赛工作区/2026华为杯idea冻结工作区/实验数据/v7_fast_equiv_20260927_0030,0,AI_VERIFIED
26927104,root1:v7_fast_equiv_20260927_0030,0.0,0,0,0.0,0,0,0,0,,0,0,0,L2_base,case_020,17293312,2,6877184,6877184,17293312,288222,2.0534076250005455,mps,2359296,288222,"{'0': 266304, '1': 266304}",636528,2359296,1179648,14934016,2978bf27695329cb23cdc2b0a69ef2abe3cf1a9815247f2bad720f620826876e,4083712,"[546360, 29286400, 11993088]",2.1887806670001737,B,29286400,"[288222, 17293312, 4083712, 0, 0]",legacy_seed,/Users/futaoran/Desktop/华为杯2026/2026参赛工作区/2026华为杯idea冻结工作区/实验数据/v7_fast_equiv_20260927_0030,11993088,AI_VERIFIED
0,root1:v7_fast_equiv_20260927_0030,0.0,0,0,0.0,1179648,288,1179648,288,,0,0,0,C0_base,case_020,2359296,2,0,0,2359296,39322,2.1878113750008197,mps,1179648,532608,{'0': 532608},532746,2359296,1179648,0,0a4706046914e69ce2c9a4e2cf0cb64b51a8d0f5a7a1bda83b8072f8ebd2d114,0,"[532746, 39321.6, 0, 0]",2.20187420900038,C,2359296,"[532608, 2359296, 0, 0, 0]",seed,/Users/futaoran/Desktop/华为杯2026/2026参赛工作区/2026华为杯idea冻结工作区/实验数据/v7_fast_equiv_20260927_0030,0,AI_VERIFIED
0,root1:v7_fast_equiv_20260927_0030,0.0,0,0,0.0,0,0,0,0,,0,0,0,A2_base,case_020,2359296,3,0,0,2359296,39322,1.0984816669988504,mps,1179648,178524,"{'0': 178524, '1': 177156, '2': 176928}",179245,2359296,1179648,0,55b7549329fb477e769888b92363dcd1f5675b92215a97350b0104d5d29021b1,0,"[178900, 2359296, 0]",0.9641724590001104,A,2359296,"[178524, 2359296, 0, 0, 0]",seed,/Users/futaoran/Desktop/华为杯2026/2026参赛工作区/2026华为杯idea冻结工作区/实验数据/v7_fast_equiv_20260927_0030,0,AI_VERIFIED
37523456,root1:v7_fast_equiv_20260927_0030,0.0,0,0,0.0,0,0,0,0,,0,0,0,L2_base,case_020,28385280,3,11833344,11833344,28385280,473088,3.569916917000228,mps,3538944,473088,"{'0': 177536, '1': 177536, '2': 177536}",771750,2359296,1179648,26025984,2efb4e36b00ef13b692bbc22c1dd8bd3b99f740768603e1d5d1964b3a92fd206,3645440,"[657818, 39882752, 11497472]",2.6774421669997537,B,39882752,"[473088, 28385280, 3645440, 0, 0]",legacy_seed,/Users/futaoran/Desktop/华为杯2026/2026参赛工作区/2026华为杯idea冻结工作区/实验数据/v7_fast_equiv_20260927_0030,11497472,AI_VERIFIED
0,root1:v7_fast_equiv_20260927_0030,0.0,0,0,0.0,1179648,288,1179648,288,,0,0,0,lower_core_base,case_020,2359296,3,0,0,2359296,39322,1.6894650409994938,mps,1179648,266304,"{'0': 266304, '1': 266304}",266580,2359296,1179648,0,982c4da9537de5c4da62e6613b0d11e8fba83e357e614407bf75e1f3e209f481,0,"[266442, 39321.6, 0, 0]",1.7666979579989857,C,2359296,"[266304, 2359296, 0, 0, 0]",lower_core,/Users/futaoran/Desktop/华为杯2026/2026参赛工作区/2026华为杯idea冻结工作区/实验数据/v7_fast_equiv_20260927_0030,0,AI_VERIFIED
0,root1:v7_fast_equiv_20260927_0030,0.0,0,0,0.0,0,0,0,0,,0,0,0,A2_base,case_020,2359296,4,0,0,2359296,39322,0.9226041670008271,mps,1179648,133608,"{'0': 133456, '1': 132544, '2': 133000, '3': 133608}",134373,2359296,1179648,0,d0bad8caa75d0349cd3bb3eba273436264900951328f10d5f91b60455f56a87c,0,"[133984, 2359296, 0]",0.973192375000508,A,2359296,"[133608, 2359296, 0, 0, 0]",seed,/Users/futaoran/Desktop/华为杯2026/2026参赛工作区/2026华为杯idea冻结工作区/实验数据/v7_fast_equiv_20260927_0030,0,AI_VERIFIED
42323968,root1:v7_fast_equiv_20260927_0030,0.0,0,0,0.0,0,0,0,0,,0,0,0,L2_base,case_020,35086336,4,14819328,14819328,35086336,584773,2.4949922089999745,mps,4268032,584773,"{'0': 133152, '1': 133152, '2': 133152, '3': 133152}",813867,2359296,1179648,32727040,d7f8f098b492e2fa640b6cb937977e9987ff52d5e032340e949338947ff271fb,3108864,"[741006, 44683264, 9596928]",2.2344879579995904,B,44683264,"[584773, 35086336, 3108864, 0, 0]",legacy_seed,/Users/futaoran/Desktop/华为杯2026/2026参赛工作区/2026华为杯idea冻结工作区/实验数据/v7_fast_equiv_20260927_0030,9596928,AI_VERIFIED
0,root1:v7_fast_equiv_20260927_0030,0.0,0,0,0.0,1179648,288,1179648,288,,0,0,0,lower_core_base,case_020,2359296,4,0,0,2359296,39322,1.3611397910008236,mps,1179648,177536,"{'0': 177536, '1': 177536, '2': 177536}",177950,2359296,1179648,0,8668395f77bf874110588e97a6b26096c95f3ef29c05417e2b715b75bdbd36e1,0,"[177674, 39321.6, 0, 0]",1.4494349160013371,C,2359296,"[177536, 2359296, 0, 0, 0]",lower_core,/Users/futaoran/Desktop/华为杯2026/2026参赛工作区/2026华为杯idea冻结工作区/实验数据/v7_fast_equiv_20260927_0030,0,AI_VERIFIED
0,root1:v7_fast_equiv_20260927_0030,0.0,0,0,0.0,0,0,0,0,,0,0,0,L1_base,case_020,2359296,5,0,0,2359296,39322,1.0976693339998747,mps,1179648,107236,"{'0': 105716, '1': 107236, '2': 105640, '3': 107008, '4': 107008}",107650,2359296,1179648,0,21b4f2bcfcd10672e44244329af010bcb18fe257d247e9057058fe7fdd09aa12,0,"[107374, 2359296, 0]",0.8047972080003092,A,2359296,"[107236, 2359296, 0, 0, 0]",legacy_seed,/Users/futaoran/Desktop/华为杯2026/2026参赛工作区/2026华为杯idea冻结工作区/实验数据/v7_fast_equiv_20260927_0030,0,AI_VERIFIED
0,root1:v7_fast_equiv_20260927_0030,0.0,0,0,0.0,0,0,0,0,,0,0,0,L1_base,case_020,2359296,5,0,0,2359296,39322,1.2377326669993636,mps,1179648,107236,"{'0': 105716, '1': 107236, '2': 105640, '3': 107008, '4': 107008}",107650,2359296,1179648,0,21b4f2bcfcd10672e44244329af010bcb18fe257d247e9057058fe7fdd09aa12,0,"[107374, 2359296, 0]",1.181126667001081,B,2359296,"[107236, 2359296, 0, 0, 0]",legacy_seed,/Users/futaoran/Desktop/华为杯2026/2026参赛工作区/2026华为杯idea冻结工作区/实验数据/v7_fast_equiv_20260927_0030,0,AI_VERIFIED
0,root1:v7_fast_equiv_20260927_0030,0.0,0,0,0.0,1179648,288,1179648,288,,0,0,0,lower_core_base,case_020,2359296,5,0,0,2359296,39322,1.1591854159996728,mps,1179648,133152,"{'0': 133152, '1': 133152, '2': 133152, '3': 133152}",133704,2359296,1179648,0,399906d1fdd546a73ca39431677eece610498393bae0ff0d864d47596ccd6e1a,0,"[133290, 39321.6, 0, 0]",1.1184551660007855,C,2359296,"[133152, 2359296, 0, 0, 0]",lower_core,/Users/futaoran/Desktop/华为杯2026/2026参赛工作区/2026华为杯idea冻结工作区/实验数据/v7_fast_equiv_20260927_0030,0,AI_VERIFIED
729904,root1:v7_fast_equiv_20260927_0030,0.0,0,0,0.0,0,0,0,0,,0,0,0,L3_base,case_049,882444,1,364320,364320,882444,14708,0.5984806670003309,mps,153768,261179,{'0': 261179},197029,152540,36,729904,50ae9024cb64df41ddd3ae41bbf146e5a38501cbccadba62c3834782052ddd8a,59524,"[243333, 882444, 0]",0.5019159169987688,A,882444,"[261179, 882444, 59524, 0, 0]",legacy_seed,/Users/futaoran/Desktop/华为杯2026/2026参赛工作区/2026华为杯idea冻结工作区/实验数据/v7_fast_equiv_20260927_0030,0,AI_VERIFIED
41984,root1:v7_fast_equiv_20260927_0030,0.0,0,0,0.0,0,0,0,0,,0,0,0,B2_base,case_049,152540,1,0,0,152540,2543,1.0210874589993182,mps,152504,261179,{'0': 261179},195430,152540,36,0,763a72f800e1a81d0b54d4b8ced37b6ef832d45e801a12f77cd51b4b4a09d2f5,18564,"[195430, 194524, 41984]",0.9862865830000374,B,194524,"[261179, 152540, 18564, 0, 0]",seed,/Users/futaoran/Desktop/华为杯2026/2026参赛工作区/2026华为杯idea冻结工作区/实验数据/v7_fast_equiv_20260927_0030,41984,AI_VERIFIED
41984,root1:v7_fast_equiv_20260927_0030,0.0,0,0,0.0,173496,144,152504,144,,328246,0,0,incumbent_split_height_g1_p4,case_049,152540,1,0,0,152540,2543,0.9696050420006941,mps,152504,261179,{'0': 261179},194548,152540,36,0,bc77074ffe2e8e359cc1ee4178f7903a17a88e7c874b937748ad25c6d3d1d421,18564,"[194548, 3242.0666666666666, 0, 41984]",1.073109957998895,C,194524,"[261179, 152540, 18564, 0, -328246]",timing,/Users/futaoran/Desktop/华为杯2026/2026参赛工作区/2026华为杯idea冻结工作区/实验数据/v7_fast_equiv_20260927_0030,41984,AI_VERIFIED
1515390,root1:v7_fast_equiv_20260927_0030,0.0,0,0,0.0,0,0,0,0,,0,0,0,L3_base,case_049,1667930,2,759456,734368,1667930,27799,0.6303342499995779,mps,174070,136475,"{'0': 124704, '1': 136475}",218489,152540,36,1515390,478a4ee6c62d22c41255caed18c4efc8b026475386cd42090f56156025fc0787,0,"[242107, 1667930, 0]",0.534511208999902,A,1667930,"[136475, 1667930, 0, 0, 0]",legacy_seed,/Users/futaoran/Desktop/华为杯2026/2026参赛工作区/2026华为杯idea冻结工作区/实验数据/v7_fast_equiv_20260927_0030,0,AI_VERIFIED
729830,root1:v7_fast_equiv_20260927_0030,0.0,0,0,0.0,0,0,0,0,,0,0,0,L2_base,case_049,882370,2,364320,364320,882370,14707,0.7990748750016792,mps,153694,133847,"{'0': 133847, '1': 127332}",178903,152540,36,729830,d3757b45a7647b72ca5a81755447443f766faaa0b3b00c3eb77e5d4cf6bd9f1f,0,"[178874, 882370, 0]",0.839379375000135,B,882370,"[133847, 882370, 0, 0, 0]",legacy_seed,/Users/futaoran/Desktop/华为杯2026/2026参赛工作区/2026华为杯idea冻结工作区/实验数据/v7_fast_equiv_20260927_0030,0,AI_VERIFIED
41984,root1:v7_fast_equiv_20260927_0030,0.0,0,0,0.0,173496,144,152504,144,,328246,0,0,lower_core_base,case_049,152540,2,0,0,152540,2543,1.0853936250005063,mps,152504,261179,{'0': 261179},194548,152540,36,0,a9329f7cedb964bdc8173c448a439dedc20cacb13eaeafde62c3770a9e118f5c,18564,"[194548, 3242.0666666666666, 0, 41984]",0.9940250000017841,C,194524,"[261179, 152540, 18564, 0, -328246]",lower_core,/Users/futaoran/Desktop/华为杯2026/2026参赛工作区/2026华为杯idea冻结工作区/实验数据/v7_fast_equiv_20260927_0030,41984,AI_VERIFIED
0,root1:v7_fast_equiv_20260927_0030,0.0,0,0,0.0,0,0,0,0,,0,0,0,L1_base,case_049,152540,3,0,0,152540,2543,0.8487163749996398,mps,152504,223656,"{'0': 223656, '1': 18042, '2': 19481}",160224,152540,36,0,ba66a143f1a86eb924c2c711264b16f879b930af90d390a78018f09c7767c7d9,0,"[213682, 152540, 0]",0.7551565840003605,A,152540,"[223656, 152540, 0, 0, 0]",legacy_seed,/Users/futaoran/Desktop/华为杯2026/2026参赛工作区/2026华为杯idea冻结工作区/实验数据/v7_fast_equiv_20260927_0030,0,AI_VERIFIED
0,root1:v7_fast_equiv_20260927_0030,0.0,0,0,0.0,0,0,0,0,,0,0,0,L1_base,case_049,152540,3,0,0,152540,2543,0.9944747910012666,mps,152504,223656,"{'0': 223656, '1': 18042, '2': 19481}",160224,152540,36,0,ba66a143f1a86eb924c2c711264b16f879b930af90d390a78018f09c7767c7d9,0,"[160188, 152540, 0]",0.8269352089992026,B,152540,"[223656, 152540, 0, 0, 0]",legacy_seed,/Users/futaoran/Desktop/华为杯2026/2026参赛工作区/2026华为杯idea冻结工作区/实验数据/v7_fast_equiv_20260927_0030,0,AI_VERIFIED
0,root1:v7_fast_equiv_20260927_0030,0.0,0,0,0.0,152504,144,152504,144,,0,0,0,C0_base,case_049,152540,3,0,0,152540,2543,0.9232600830000592,mps,152504,261179,{'0': 261179},196276,152540,36,0,1c13d51a27a6040fd61650e7ebd7db544b1f07a37b8ad9a70f475750435d7692,0,"[196276, 2542.3333333333335, 0, 0]",0.9741773750010907,C,152540,"[261179, 152540, 0, 0, 0]",seed,/Users/futaoran/Desktop/华为杯2026/2026参赛工作区/2026华为杯idea冻结工作区/实验数据/v7_fast_equiv_20260927_0030,0,AI_VERIFIED
0,root1:v7_fast_equiv_20260927_0030,0.0,0,0,0.0,0,0,0,0,,0,0,0,L1_base,case_049,152540,4,0,0,152540,2543,0.8930931249997229,mps,152504,223656,"{'0': 223656, '1': 11757, '2': 11776, '3': 13990}",160242,152540,36,0,ded94b43c183cde507de9caf11af60ffdf889906277248a46b47a4a031b80c21,0,"[213682, 152540, 0]",0.7418240839997452,A,152540,"[223656, 152540, 0, 0, 0]",legacy_seed,/Users/futaoran/Desktop/华为杯2026/2026参赛工作区/2026华为杯idea冻结工作区/实验数据/v7_fast_equiv_20260927_0030,0,AI_VERIFIED
0,root1:v7_fast_equiv_20260927_0030,0.0,0,0,0.0,0,0,0,0,,0,0,0,L1_base,case_049,152540,4,0,0,152540,2543,0.9347673749998648,mps,152504,223656,"{'0': 223656, '1': 11757, '2': 11776, '3': 13990}",160242,152540,36,0,ded94b43c183cde507de9caf11af60ffdf889906277248a46b47a4a031b80c21,0,"[160188, 152540, 0]",0.8642647500000749,B,152540,"[223656, 152540, 0, 0, 0]",legacy_seed,/Users/futaoran/Desktop/华为杯2026/2026参赛工作区/2026华为杯idea冻结工作区/实验数据/v7_fast_equiv_20260927_0030,0,AI_VERIFIED
0,root1:v7_fast_equiv_20260927_0030,0.0,0,0,0.0,152504,144,152504,144,,0,0,0,C0_base,case_049,152540,4,0,0,152540,2543,1.00139237500116,mps,152504,261179,{'0': 261179},196276,152540,36,0,00bf865dad7e633d1f8e968e06b351f8fa4255f09bfac2a80e6b070381972773,0,"[196276, 2542.3333333333335, 0, 0]",0.9834410839994234,C,152540,"[261179, 152540, 0, 0, 0]",seed,/Users/futaoran/Desktop/华为杯2026/2026参赛工作区/2026华为杯idea冻结工作区/实验数据/v7_fast_equiv_20260927_0030,0,AI_VERIFIED
0,root1:v7_fast_equiv_20260927_0030,0.0,0,0,0.0,0,0,0,0,,0,0,0,L1_base,case_049,152540,5,0,0,152540,2543,0.8815799170006358,mps,152504,223656,"{'0': 223656, '1': 8647, '2': 8653, '3': 10841, '4': 9382}",160260,152540,36,0,38f561250cfade185b628ee0edea0fc0b7f8e9106983b4fc9934bd6d51a66610,0,"[213682, 152540, 0]",0.7596072090000234,A,152540,"[223656, 152540, 0, 0, 0]",legacy_seed,/Users/futaoran/Desktop/华为杯2026/2026参赛工作区/2026华为杯idea冻结工作区/实验数据/v7_fast_equiv_20260927_0030,0,AI_VERIFIED
0,root1:v7_fast_equiv_20260927_0030,0.0,0,0,0.0,0,0,0,0,,0,0,0,L1_base,case_049,152540,5,0,0,152540,2543,0.9083433340001648,mps,152504,223656,"{'0': 223656, '1': 8647, '2': 8653, '3': 10841, '4': 9382}",160260,152540,36,0,38f561250cfade185b628ee0edea0fc0b7f8e9106983b4fc9934bd6d51a66610,0,"[160188, 152540, 0]",0.9126320420000411,B,152540,"[223656, 152540, 0, 0, 0]",legacy_seed,/Users/futaoran/Desktop/华为杯2026/2026参赛工作区/2026华为杯idea冻结工作区/实验数据/v7_fast_equiv_20260927_0030,0,AI_VERIFIED
0,root1:v7_fast_equiv_20260927_0030,0.0,0,0,0.0,152504,144,152504,144,,0,0,0,C0_base,case_049,152540,5,0,0,152540,2543,1.0266871660005563,mps,152504,261179,{'0': 261179},196276,152540,36,0,6924c582b499da6b8b519bdd28c3e79ef61e90ea209a299c803b8df8321e7784,0,"[196276, 2542.3333333333335, 0, 0]",0.8987405000007129,C,152540,"[261179, 152540, 0, 0, 0]",seed,/Users/futaoran/Desktop/华为杯2026/2026参赛工作区/2026华为杯idea冻结工作区/实验数据/v7_fast_equiv_20260927_0030,0,AI_VERIFIED
42112512,root1:v7_fast_equiv_20260927_0030,0.0,0,0,0.0,0,0,0,0,,0,0,0,L3_base,case_062,55514112,1,10050048,10050048,55514112,925236,8.163750082998376,mps,35412480,3011088,{'0': 3011088},2821994,13401600,1536,42112512,8dd5d178c52e945747a4e9788fd62b6f044e3a6f6b522bbbd5f408d8184979fc,14824448,"[3189843, 55514112, 0]",7.579311624998809,A,55514112,"[3011088, 55514112, 14824448, 0, 0]",legacy_seed,/Users/futaoran/Desktop/华为杯2026/2026参赛工作区/2026华为杯idea冻结工作区/实验数据/v7_fast_equiv_20260927_0030,0,AI_VERIFIED
15863808,root1:v7_fast_equiv_20260927_0030,0.0,0,0,0.0,0,0,0,0,,0,0,0,L2_base,case_062,13401600,1,0,0,13401600,223360,11.811457584000891,mps,13400064,3011088,{'0': 3011088},3135921,13401600,1536,0,3c962018e681d05d691a7d6a353cd7b2e5807653477bc661e4323e97818a9b09,14824448,"[3083401, 29265408, 15863808]",12.02887812500012,B,29265408,"[3011088, 13401600, 14824448, 0, 0]",legacy_seed,/Users/futaoran/Desktop/华为杯2026/2026参赛工作区/2026华为杯idea冻结工作区/实验数据/v7_fast_equiv_20260927_0030,15863808,AI_VERIFIED
0,root1:v7_fast_equiv_20260927_0030,0.0,0,0,0.0,13400064,4362,13400064,4362,,0,0,0,incumbent_base,case_062,13401600,1,0,0,13401600,223360,7.7873512909991405,mps,13400064,3011088,{'0': 3011088},2854809,13401600,1536,0,fd3cb50d6d81addc681279ae0a013b7060af8878acdbfd2ba99db86a91b024f5,3220480,"[2854809, 223360.0, 0, 0]",7.600650542000949,C,13401600,"[3011088, 13401600, 3220480, 0, 0]",incumbent,/Users/futaoran/Desktop/华为杯2026/2026参赛工作区/2026华为杯idea冻结工作区/实验数据/v7_fast_equiv_20260927_0030,0,AI_VERIFIED
75830784,root1:v7_fast_equiv_20260927_0030,0.0,0,0,0.0,0,0,0,0,,0,0,0,L3_base,case_062,89232384,2,22840320,22840320,89232384,1487207,7.831090207999296,mps,43550208,1631040,"{'0': 1631040, '1': 1380048}",2974704,13401600,1536,75830784,873bbc4bdeae5076a3f9b96ed1ff6d93eb7146a89eb7f02a2d93732f670499c0,14949888,"[3135837, 89232384, 0]",7.727676165999583,A,89232384,"[1631040, 89232384, 14949888, 0, 0]",legacy_seed,/Users/futaoran/Desktop/华为杯2026/2026参赛工作区/2026华为杯idea冻结工作区/实验数据/v7_fast_equiv_20260927_0030,0,AI_VERIFIED
68806656,root1:v7_fast_equiv_20260927_0030,0.0,0,0,0.0,0,0,0,0,,0,0,0,B3_base,case_062,47634432,2,12091392,12091392,47634432,793908,13.873876666999422,mps,23450112,1607700,"{'0': 1403388, '1': 1607700}",2521494,13401600,1536,34232832,ae01397ed297b9192279fb29e5ee2976eb844aace79399fde76153945c2a62d9,18718720,"[2245425, 82208256, 34573824]",14.095381749999433,B,82208256,"[1607700, 47634432, 18718720, 0, 0]",seed,/Users/futaoran/Desktop/华为杯2026/2026参赛工作区/2026华为杯idea冻结工作区/实验数据/v7_fast_equiv_20260927_0030,34573824,AI_VERIFIED
68368896,root1:v7_fast_equiv_20260927_0030,0.0,0,0,0.0,62899200,14405,35495424,14405,,79405056,0,0,incumbent_disperse_group_tid_1000012951_group_9_core_0_pos_4,case_062,47588352,2,12091392,12091392,47588352,793140,17.419148375000077,mps,23404032,1571988,"{'0': 1571988, '1': 1439100}",2387918,13401600,1536,34186752,30d7fe878a9b7dfd0c0dd75e54fddf83b7b56befa3c9f577141c341e4a0258dc,17112064,"[2127746, 1362841.6, 0, 34182144]",21.072825291999834,C,81770496,"[1571988, 47588352, 17112064, 0, -79405056]",disperse,/Users/futaoran/Desktop/华为杯2026/2026参赛工作区/2026华为杯idea冻结工作区/实验数据/v7_fast_equiv_20260927_0030,34182144,AI_VERIFIED
68020224,root1:v7_fast_equiv_20260927_0030,0.0,0,0,0.0,0,0,0,0,,0,0,0,A3_base,case_062,81421824,3,18932736,18932736,81421824,1357031,8.928469083000891,mps,43554816,1357031,"{'0': 1186272, '1': 726216, '2': 1098600}",2513754,13401600,1536,68020224,bc19838e9b3fa6e0299573e26fcc0b0660ecb938299febcdcb9725439512b056,12130816,"[2719098, 81421824, 0]",6.858607624999422,A,81421824,"[1357031, 81421824, 12130816, 0, 0]",seed,/Users/futaoran/Desktop/华为杯2026/2026参赛工作区/2026华为杯idea冻结工作区/实验数据/v7_fast_equiv_20260927_0030,0,AI_VERIFIED
72442368,root1:v7_fast_equiv_20260927_0030,0.0,0,0,0.0,0,0,0,0,,0,0,0,B3_base,case_062,56773632,3,15462912,15462912,56773632,946228,14.878020499998456,mps,25846272,1099788,"{'0': 1099788, '1': 956508, '2': 954792}",1939281,13401600,1536,43372032,a4105e26c05718c6d485b724ae744234b633c8bb6e4ee9d1effe8ba5698dd157,16022016,"[1496181, 85843968, 29070336]",13.532847874999788,B,85843968,"[1099788, 56773632, 16022016, 0, 0]",seed,/Users/futaoran/Desktop/华为杯2026/2026参赛工作区/2026华为杯idea冻结工作区/实验数据/v7_fast_equiv_20260927_0030,29070336,AI_VERIFIED
71553024,root1:v7_fast_equiv_20260927_0030,0.0,0,0,0.0,65184768,17406,42132480,17406,,76230144,0,0,r1_split_g4_h0_c2_p8,case_062,57821184,3,15687168,15687168,57821184,963687,17.84297808300107,mps,26445312,1040616,"{'0': 1013964, '1': 956508, '2': 1040616}",1818680,13401600,1536,44419584,1591b75e56493e3af9255cddd5c63d158f1ae29eee07574ca892982519f628bf,16548864,"[1397692, 1415910.4, 0, 27133440]",20.02938612500111,C,84954624,"[1040616, 57821184, 16548864, 0, -76230144]",ordinary_chain,/Users/futaoran/Desktop/华为杯2026/2026参赛工作区/2026华为杯idea冻结工作区/实验数据/v7_fast_equiv_20260927_0030,27133440,AI_VERIFIED
70643712,root1:v7_fast_equiv_20260927_0030,0.0,0,0,0.0,0,0,0,0,,0,0,0,A3_base,case_062,84045312,4,20244480,20244480,84045312,1400756,11.132056082999043,mps,43554816,1400756,"{'0': 1070280, '1': 749316, '2': 619284, '3': 572208}",2377293,13401600,1536,70643712,1548156e2e35764d07941ede6f26f48cad9c2dcac4cd0a6e96d556e30f1236c5,5973504,"[2443635, 84045312, 0]",8.53700679100075,A,84045312,"[1400756, 84045312, 5973504, 0, 0]",seed,/Users/futaoran/Desktop/华为杯2026/2026参赛工作区/2026华为杯idea冻结工作区/实验数据/v7_fast_equiv_20260927_0030,0,AI_VERIFIED
67070976,root1:v7_fast_equiv_20260927_0030,0.0,0,0,0.0,0,0,0,0,,0,0,0,B3_base,case_062,57317376,4,17587200,17587200,57317376,955290,14.638388792000114,mps,22141440,955290,"{'0': 815772, '1': 793800, '2': 569100, '3': 832416}",1767455,13401600,1536,43915776,aed84565f553b1f054e03be4d522301bb7ff4240fa1085f8755bd7044ac264c7,14258176,"[1367328, 80472576, 23155200]",23.473570874999496,B,80472576,"[955290, 57317376, 14258176, 0, 0]",seed,/Users/futaoran/Desktop/华为杯2026/2026参赛工作区/2026华为杯idea冻结工作区/实验数据/v7_fast_equiv_20260927_0030,23155200,AI_VERIFIED
0,root1:v7_fast_equiv_20260927_0030,0.0,0,0,0.0,13400064,4362,13400064,4362,,0,0,0,C0_base,case_062,13401600,4,0,0,13401600,223360,5.678161792000537,mps,13400064,3011088,{'0': 3011088},2854809,13401600,1536,0,28ae97c7bb4fa5b1697fccc4262a6761d1137103fc75ebba13120a265327ce18,3220480,"[2854809, 223360.0, 0, 0]",5.582369249999829,C,13401600,"[3011088, 13401600, 3220480, 0, 0]",seed,/Users/futaoran/Desktop/华为杯2026/2026参赛工作区/2026华为杯idea冻结工作区/实验数据/v7_fast_equiv_20260927_0030,0,AI_VERIFIED
7405056,root1:v7_fast_equiv_20260927_0030,0.0,0,0,0.0,0,0,0,0,,0,0,0,L2_base,case_062,20806656,5,3691008,3691008,20806656,346778,8.003494457998386,mps,13423104,659904,"{'0': 659904, '1': 659868, '2': 659604, '3': 631092, '4': 400620}",1661193,13401600,1536,7405056,60a26b6a3c952b931c7b43a829a0e05b86fa3a998ca1dab6a3b77999ad16f6d3,1378816,"[1832275, 20806656, 0]",3.6578849170000467,A,20806656,"[659904, 20806656, 1378816, 0, 0]",legacy_seed,/Users/futaoran/Desktop/华为杯2026/2026参赛工作区/2026华为杯idea冻结工作区/实验数据/v7_fast_equiv_20260927_0030,0,AI_VERIFIED
7147008,root1:v7_fast_equiv_20260927_0030,0.0,0,0,0.0,0,0,0,0,,0,0,0,q1_warm_aggregate,case_062,20057088,5,3316224,3316224,20057088,334285,5.107808875000046,mps,13423104,659904,"{'0': 659904, '1': 659868, '2': 659604, '3': 631092, '4': 400620}",1012261,13401600,1536,6655488,9e90b1319ed08016b8d1142021f24e1a37ec9d67c73493aadb7d5ef001b86c2d,1378816,"[1011810, 20548608, 491520]",4.583424874999764,B,20548608,"[659904, 20057088, 1378816, 0, 0]",aggregate,/Users/futaoran/Desktop/华为杯2026/2026参赛工作区/2026华为杯idea冻结工作区/实验数据/v7_fast_equiv_20260927_0030,491520,AI_VERIFIED
9028608,root1:v7_fast_equiv_20260927_0030,817.1519999999999,1138176,14,0.061555075593952485,17352192,7002,18244608,7016,,0,64512,259,r1_split_g0_h1_c4_p0,case_062,21938688,5,3692544,3692544,21874176,364570,4.948503083000105,mps,14552064,659868,"{'0': 495264, '4': 565260, '1': 659868, '2': 659604, '3': 631092}",701554,13401600,1536,8537088,57b5a541f6ceec49cae03b457f6b669defda84f3a70f69bcb2cb70e71178600e,1378816,"[690085, 355097.6, -1124352, 491520]",4.394360665999557,C,22430208,"[659868, 21938688, 1378816, -64512, 0]",ordinary_chain,/Users/futaoran/Desktop/华为杯2026/2026参赛工作区/2026华为杯idea冻结工作区/实验数据/v7_fast_equiv_20260927_0030,491520,AI_VERIFIED
21702,root1:v7_fast_equiv_20260927_0030,0.0,0,0,0.0,0,0,0,0,,0,0,0,A2_base,case_068,2792952,1,10752,10752,2792952,46550,0.8061770000003889,mps,2740172,403797,{'0': 403797},362304,2771250,31276,21702,9ad7036e5c0e35a26045bfbd546e3c898713ba06e74c22a6770096832f3aec61,0,"[425785, 2792952, 0]",0.7367657499999041,A,2792952,"[403797, 2792952, 0, 0, 0]",seed,/Users/futaoran/Desktop/华为杯2026/2026参赛工作区/2026华为杯idea冻结工作区/实验数据/v7_fast_equiv_20260927_0030,0,AI_VERIFIED
0,root1:v7_fast_equiv_20260927_0030,0.0,0,0,0.0,0,0,0,0,,0,0,0,B2_aggregate,case_068,2771250,1,0,0,2771250,46188,1.3735581249984534,mps,2739974,403797,{'0': 403797},360298,2771250,31276,0,dcf09ed5135262533d6f065d52d8fb682d8b842d67fd971d68d111872de8ecb2,0,"[360298, 2771250, 0]",1.3566813750003348,B,2771250,"[403797, 2771250, 0, 0, 0]",aggregate,/Users/futaoran/Desktop/华为杯2026/2026参赛工作区/2026华为杯idea冻结工作区/实验数据/v7_fast_equiv_20260927_0030,0,AI_VERIFIED
0,root1:v7_fast_equiv_20260927_0030,0.0,0,0,0.0,2739974,407,2739974,407,,200408,0,0,incumbent_split_release_g1_p4,case_068,2771250,1,0,0,2771250,46188,2.8713810419994843,mps,2739974,403797,{'0': 403797},359166,2771250,31276,0,7b2bbcbb3766a30a7b547c8e708538acb5307f52087a6b3e3fc7b335c4b04cac,0,"[359166, 46187.5, 0, 0]",3.005340707999494,C,2771250,"[403797, 2771250, 0, 0, -200408]",timing,/Users/futaoran/Desktop/华为杯2026/2026参赛工作区/2026华为杯idea冻结工作区/实验数据/v7_fast_equiv_20260927_0030,0,AI_VERIFIED
242064,root1:v7_fast_equiv_20260927_0030,0.0,0,0,0.0,0,0,0,0,,0,0,0,L2_base,case_068,3013314,2,74752,74752,3013314,50222,1.5481687499996042,mps,2832534,208837,"{'0': 208837, '1': 194960}",360582,2771250,31276,242064,1cbc7d41a0c469f7632934e7374a05c640bd06483750074b3e1f1b7879484513,0,"[429124, 3013314, 0]",1.2708692079995672,A,3013314,"[208837, 3013314, 0, 0, 0]",legacy_seed,/Users/futaoran/Desktop/华为杯2026/2026参赛工作区/2026华为杯idea冻结工作区/实验数据/v7_fast_equiv_20260927_0030,0,AI_VERIFIED
1343990,root1:v7_fast_equiv_20260927_0030,0.0,0,0,0.0,0,0,0,0,,0,0,0,B3_base,case_068,4115240,2,532728,532728,4115240,68588,2.930085332998715,mps,3018508,208053,"{'0': 208053, '1': 195744}",303697,2771250,31276,1343990,90449bd87a62d249a8586a882615c3233ff8b43304bfccaf979e313ff3901c29,0,"[303584, 4115240, 0]",2.6951937499998166,B,4115240,"[208053, 4115240, 0, 0, 0]",seed,/Users/futaoran/Desktop/华为杯2026/2026参赛工作区/2026华为杯idea冻结工作区/实验数据/v7_fast_equiv_20260927_0030,0,AI_VERIFIED
1343990,root1:v7_fast_equiv_20260927_0030,3528.097333333333,278534,88,0.07843297375899545,3272702,965,3551236,1053,,285020,278534,1115,incumbent_split_topo_g14_p4,case_068,4115240,2,532728,532728,3836706,63946,1.214682833000552,mps,3018508,208053,"{'0': 208053, '1': 195744}",302692,2771250,31276,1343990,14a870d96ec72cfef64d28ab3170b8318593f4b60dc92eaf23b4c1be681d992a,0,"[302622, 63945.1, -278534, 0]",1.099259708998943,C,4115240,"[208053, 4115240, 0, -278534, -285020]",timing,/Users/futaoran/Desktop/华为杯2026/2026参赛工作区/2026华为杯idea冻结工作区/实验数据/v7_fast_equiv_20260927_0030,0,AI_VERIFIED
1707908,root1:v7_fast_equiv_20260927_0030,0.0,0,0,0.0,0,0,0,0,,0,0,0,L3_base,case_068,4479158,3,803978,779914,4479158,74653,1.7601345000002766,mps,2863990,143494,"{'0': 136199, '1': 124104, '2': 143494}",366531,2771250,31276,1707908,a5c7e9a9d51ea2351ff5d689cb333dcc0b597e63361934ec9a8b6971e9159973,21006,"[425855, 4479158, 0]",1.2786217499997292,A,4479158,"[143494, 4479158, 21006, 0, 0]",legacy_seed,/Users/futaoran/Desktop/华为杯2026/2026参赛工作区/2026华为杯idea冻结工作区/实验数据/v7_fast_equiv_20260927_0030,0,AI_VERIFIED
2187040,root1:v7_fast_equiv_20260927_0030,0.0,0,0,0.0,0,0,0,0,,0,0,0,B3_base,case_068,4958290,3,750664,750664,4958290,82639,2.6065711669998564,mps,3425686,145474,"{'0': 145474, '1': 131678, '2': 126645}",281918,2771250,31276,2187040,e40de2833f5891ec55b3db6bb4d0aa3a1f64f3ab2ba21743bb55e7fa49e8a3da,0,"[281591, 4958290, 0]",2.8394929169990064,B,4958290,"[145474, 4958290, 0, 0, 0]",seed,/Users/futaoran/Desktop/华为杯2026/2026参赛工作区/2026华为杯idea冻结工作区/实验数据/v7_fast_equiv_20260927_0030,0,AI_VERIFIED
0,root1:v7_fast_equiv_20260927_0030,0.0,0,0,0.0,2739974,407,2739974,407,,0,0,0,C1_base,case_068,2771250,3,0,0,2771250,46188,1.2095031249991735,mps,2739974,384151,"{'0': 384151, '1': 19646}",346246,2771250,31276,0,df0f6cb9c754e98c230f31edffe093a470a686edd7db0d9990b2675f36ad5557,0,"[345510, 46187.5, 0, 0]",1.198302082999362,C,2771250,"[384151, 2771250, 0, 0, 0]",seed,/Users/futaoran/Desktop/华为杯2026/2026参赛工作区/2026华为杯idea冻结工作区/实验数据/v7_fast_equiv_20260927_0030,0,AI_VERIFIED
461994,root1:v7_fast_equiv_20260927_0030,0.0,0,0,0.0,0,0,0,0,,0,0,0,L2_base,case_068,3233244,4,148836,148836,3233244,53888,0.6034222500002215,mps,2904296,113559,"{'0': 113559, '1': 102556, '2': 105079, '3': 82603}",359271,2771250,31276,461994,178d943b66d1871eb6bbcc7eb7aa959f1a919a5d6d0c23e4a6424b18006c3693,0,"[433192, 3233244, 0]",0.4751384999999573,A,3233244,"[113559, 3233244, 0, 0, 0]",legacy_seed,/Users/futaoran/Desktop/华为杯2026/2026参赛工作区/2026华为杯idea冻结工作区/实验数据/v7_fast_equiv_20260927_0030,0,AI_VERIFIED
2421242,root1:v7_fast_equiv_20260927_0030,0.0,0,0,0.0,0,0,0,0,,0,0,0,B3_base,case_068,5192492,4,774832,774832,5192492,86542,1.015338791999966,mps,3611552,108424,"{'0': 99463, '1': 100581, '2': 95329, '3': 108424}",267505,2771250,31276,2421242,a20438f18a94867b8b17d05bb43af3e405942f0c255de2c6abde9efeca7c9149,0,"[266447, 5192492, 0]",1.1054801250011224,B,5192492,"[108424, 5192492, 0, 0, 0]",seed,/Users/futaoran/Desktop/华为杯2026/2026参赛工作区/2026华为杯idea冻结工作区/实验数据/v7_fast_equiv_20260927_0030,0,AI_VERIFIED
0,root1:v7_fast_equiv_20260927_0030,0.0,0,0,0.0,2739974,407,2739974,407,,0,0,0,C1_base,case_068,2771250,4,0,0,2771250,46188,1.3388124579996656,mps,2739974,384151,"{'0': 384151, '1': 19646}",346246,2771250,31276,0,94373a619ac44011c418b1a78ff1761c05f1431800c6f28b7de6bf6ba67f1698,0,"[345510, 46187.5, 0, 0]",1.163028958000723,C,2771250,"[384151, 2771250, 0, 0, 0]",seed,/Users/futaoran/Desktop/华为杯2026/2026参赛工作区/2026华为杯idea冻结工作区/实验数据/v7_fast_equiv_20260927_0030,0,AI_VERIFIED
1844658,root1:v7_fast_equiv_20260927_0030,0.0,0,0,0.0,0,0,0,0,,0,0,0,A3_base,case_068,4615908,5,829848,733592,4615908,76932,0.7447397080013616,mps,3021192,86371,"{'0': 84450, '1': 82616, '2': 73788, '3': 76572, '4': 86371}",371319,2771250,31276,1844658,2d55fd994a34acf27790bb2d02885517430d74ea27ccce5d61f23aa514c4306e,0,"[442569, 4615908, 0]",0.6593974160005018,A,4615908,"[86371, 4615908, 0, 0, 0]",seed,/Users/futaoran/Desktop/华为杯2026/2026参赛工作区/2026华为杯idea冻结工作区/实验数据/v7_fast_equiv_20260927_0030,0,AI_VERIFIED
1938374,root1:v7_fast_equiv_20260927_0030,0.0,0,0,0.0,0,0,0,0,,0,0,0,B2_base,case_068,4709624,5,829848,829848,4709624,78494,0.9308249580008123,mps,3018652,87503,"{'0': 84450, '1': 82616, '2': 87503, '3': 73105, '4': 76123}",341479,2771250,31276,1938374,95e5705968c334e2ed1ef323e0b5bc052f1e08693ff56fb35eb7e643629bb449,0,"[340951, 4709624, 0]",0.8175292500000069,B,4709624,"[87503, 4709624, 0, 0, 0]",seed,/Users/futaoran/Desktop/华为杯2026/2026参赛工作区/2026华为杯idea冻结工作区/实验数据/v7_fast_equiv_20260927_0030,0,AI_VERIFIED
0,root1:v7_fast_equiv_20260927_0030,0.0,0,0,0.0,2739974,407,2739974,407,,0,0,0,C1_base,case_068,2771250,5,0,0,2771250,46188,1.3326395000003686,mps,2739974,384151,"{'0': 384151, '1': 19646}",346246,2771250,31276,0,dbcd1e4662eec03195e00c0b6a989568a7009f9e8539b723018e823c40ad5de8,0,"[345510, 46187.5, 0, 0]",1.1906378749990836,C,2771250,"[384151, 2771250, 0, 0, 0]",seed,/Users/futaoran/Desktop/华为杯2026/2026参赛工作区/2026华为杯idea冻结工作区/实验数据/v7_fast_equiv_20260927_0030,0,AI_VERIFIED
73728,root1:v7_fast_equiv_20260927_0030,0.0,0,0,0.0,0,0,0,0,,0,0,0,A2_base,case_070,493692,1,0,0,493692,8229,0.14675687499948253,mps,493586,139046,{'0': 139046},115306,419964,106,73728,e2281c9974f6d1abd97d709e9f56184ca1738fcd0645638c627396296f1bf001,0,"[140953, 493692, 0]",0.10293312500107277,A,493692,"[139046, 493692, 0, 0, 0]",seed,/Users/futaoran/Desktop/华为杯2026/2026参赛工作区/2026华为杯idea冻结工作区/实验数据/v7_fast_equiv_20260927_0030,0,AI_VERIFIED
0,root1:v7_fast_equiv_20260927_0030,0.0,0,0,0.0,0,0,0,0,,0,0,0,B2_aggregate,case_070,419964,1,0,0,419964,7000,0.14716333400065196,mps,419858,139046,{'0': 139046},116057,419964,106,0,e917553fbf55231bcf618136cf8fd3f3021510e5fe40942cbb8fb8675a19ef94,0,"[116057, 419964, 0]",0.15860533299928647,B,419964,"[139046, 419964, 0, 0, 0]",aggregate,/Users/futaoran/Desktop/华为杯2026/2026参赛工作区/2026华为杯idea冻结工作区/实验数据/v7_fast_equiv_20260927_0030,0,AI_VERIFIED
0,root1:v7_fast_equiv_20260927_0030,0.0,0,0,0.0,419858,193,419858,193,,559104,0,0,incumbent_split_release_g0_p4,case_070,419964,1,0,0,419964,7000,0.17748041600134457,mps,419858,139046,{'0': 139046},104334,419964,106,0,0b6cab981ffb5e90ae2d0c4823248b232cd58c48de9cc0fce2940d72ec339de4,0,"[104334, 6999.4, 0, 0]",0.15070995800124365,C,419964,"[139046, 419964, 0, 0, -559104]",timing,/Users/futaoran/Desktop/华为杯2026/2026参赛工作区/2026华为杯idea冻结工作区/实验数据/v7_fast_equiv_20260927_0030,0,AI_VERIFIED
129536,root1:v7_fast_equiv_20260927_0030,0.0,0,0,0.0,0,0,0,0,,0,0,0,L1_base,case_070,549500,2,0,0,549500,9159,0.13365462500041758,mps,549394,69630,"{'0': 69630, '1': 69416}",60121,419964,106,129536,51f54e087df90300bacb358c796255b48cd2ceee2cde88e5ce11ef39cb42650f,0,"[71049, 549500, 0]",0.09539520900034404,A,549500,"[69630, 549500, 0, 0, 0]",legacy_seed,/Users/futaoran/Desktop/华为杯2026/2026参赛工作区/2026华为杯idea冻结工作区/实验数据/v7_fast_equiv_20260927_0030,0,AI_VERIFIED
395156,root1:v7_fast_equiv_20260927_0030,0.0,0,0,0.0,0,0,0,0,,0,0,0,L3_base,case_070,815120,2,150026,150026,815120,13586,0.18812324999998964,mps,514962,73048,"{'0': 65998, '1': 73048}",117899,419964,106,395156,f136f79f55b22e9b84117ed2256e2b6f0aa6658767a919ed4e1ab522b591e838,0,"[117887, 815120, 0]",0.1413932499999646,B,815120,"[73048, 815120, 0, 0, 0]",legacy_seed,/Users/futaoran/Desktop/华为杯2026/2026参赛工作区/2026华为杯idea冻结工作区/实验数据/v7_fast_equiv_20260927_0030,0,AI_VERIFIED
129536,root1:v7_fast_equiv_20260927_0030,356.6933333333333,78336,10,0.14258619497118644,471058,199,549394,209,,188290,28160,113,incumbent_split_height_g1_p4,case_070,549500,2,0,0,521340,8689,0.13345179199859558,mps,549394,69630,"{'0': 69630, '1': 69416}",59140,419964,106,129536,5290364626f385019b42ba6bafb14bade192d5c5b86ecdb717021efcb793ca90,0,"[59105, 6999.4, -129536, 0]",0.1419347499995638,C,549500,"[69630, 549500, 0, -28160, -188290]",timing,/Users/futaoran/Desktop/华为杯2026/2026参赛工作区/2026华为杯idea冻结工作区/实验数据/v7_fast_equiv_20260927_0030,0,AI_VERIFIED
259072,root1:v7_fast_equiv_20260927_0030,0.0,0,0,0.0,0,0,0,0,,0,0,0,L1_base,case_070,679036,3,0,0,679036,11318,0.15364045800015447,mps,678930,46750,"{'0': 46750, '1': 46142, '2': 46154}",39333,419964,106,259072,b871f66c8537d47a13e5dc6bf3ddf86355f65a8d23700be37fce6099cf9b1f31,0,"[47986, 679036, 0]",0.13100870800008124,A,679036,"[46750, 679036, 0, 0, 0]",legacy_seed,/Users/futaoran/Desktop/华为杯2026/2026参赛工作区/2026华为杯idea冻结工作区/实验数据/v7_fast_equiv_20260927_0030,0,AI_VERIFIED
1818040,root1:v7_fast_equiv_20260927_0030,0.0,0,0,0.0,0,0,0,0,,0,0,0,B3_aggregate,case_070,2238004,3,743388,743388,2238004,37301,0.28303062499981024,mps,751122,55999,"{'0': 55999, '1': 40291, '2': 42756}",70284,419964,106,1818040,3c0c7e6195c95d3158c932eec46c2a87c0c2a662b0d5bd17ab1810981fa38596,0,"[62694, 2238004, 0]",0.23084279199974844,B,2238004,"[55999, 2238004, 0, 0, 0]",aggregate,/Users/futaoran/Desktop/华为杯2026/2026参赛工作区/2026华为杯idea冻结工作区/实验数据/v7_fast_equiv_20260927_0030,0,AI_VERIFIED
259072,root1:v7_fast_equiv_20260927_0030,583.68,259072,15,0.38158867629947124,419858,210,678930,225,,0,46080,185,C1_base,case_070,679036,3,0,0,632956,10550,0.14416316700044263,mps,678930,53184,"{'0': 53184, '1': 46962, '2': 38900}",43256,419964,106,259072,5d6b71be704c6afbc0440da389b694c2f34cdcf8f87189963f73df38744e6c98,0,"[43186, 6999.4, -259072, 0]",0.12770004099911603,C,679036,"[53184, 679036, 0, -46080, 0]",seed,/Users/futaoran/Desktop/华为杯2026/2026参赛工作区/2026华为杯idea冻结工作区/实验数据/v7_fast_equiv_20260927_0030,0,AI_VERIFIED
360960,root1:v7_fast_equiv_20260927_0030,0.0,0,0,0.0,0,0,0,0,,0,0,0,L1_base,case_070,780924,4,0,0,780924,13016,0.11618545799865387,mps,780818,34950,"{'0': 34503, '1': 34832, '2': 34950, '3': 34761}",31225,419964,106,360960,9de9a03dd20af7569eeb1c503d1607906e471b9d5a6d863df9d20adaf6ad9787,0,"[36428, 780924, 0]",0.13220983400060504,A,780924,"[34950, 780924, 0, 0, 0]",legacy_seed,/Users/futaoran/Desktop/华为杯2026/2026参赛工作区/2026华为杯idea冻结工作区/实验数据/v7_fast_equiv_20260927_0030,0,AI_VERIFIED
1975444,root1:v7_fast_equiv_20260927_0030,0.0,0,0,0.0,0,0,0,0,,0,0,0,B3_aggregate,case_070,2395408,4,769608,769608,2395408,39924,0.7742255840003054,mps,856086,39924,"{'0': 38771, '1': 32715, '2': 37678, '3': 29882}",55600,419964,106,1975444,74b1bcdf8fcbccccb878dedc3306b3544170b29740a3b3bebf07353d72734bfe,0,"[46351, 2395408, 0]",0.33656650000011723,B,2395408,"[39924, 2395408, 0, 0, 0]",aggregate,/Users/futaoran/Desktop/华为杯2026/2026参赛工作区/2026华为杯idea冻结工作区/实验数据/v7_fast_equiv_20260927_0030,0,AI_VERIFIED
360960,root1:v7_fast_equiv_20260927_0030,1011.712,317952,29,0.40720372737308824,462866,209,780818,238,,0,79872,320,C1_base,case_070,780924,4,0,0,701052,11685,0.17019354200056114,mps,780818,41013,"{'0': 41013, '1': 36350, '2': 28846, '3': 32837}",34351,419964,106,360960,5bc8d40545502d4011d7c8c284008a9ab07e51f80dc2ed793d5261256281e61d,0,"[34246, 6999.4, -360960, 0]",0.12954529200032994,C,780924,"[41013, 780924, 0, -79872, 0]",seed,/Users/futaoran/Desktop/华为杯2026/2026参赛工作区/2026华为杯idea冻结工作区/实验数据/v7_fast_equiv_20260927_0030,0,AI_VERIFIED
449024,root1:v7_fast_equiv_20260927_0030,0.0,0,0,0.0,0,0,0,0,,0,0,0,L1_base,case_070,868988,5,0,0,868988,14484,0.15555341700019198,mps,868882,28364,"{'0': 27649, '1': 27957, '2': 27576, '3': 27500, '4': 28364}",26275,419964,106,449024,5be92a69af59b6223e5a47338dea5f156bbabd3f166cba46056ad8de824bf9fd,0,"[29772, 868988, 0]",0.09991199999967648,A,868988,"[28364, 868988, 0, 0, 0]",legacy_seed,/Users/futaoran/Desktop/华为杯2026/2026参赛工作区/2026华为杯idea冻结工作区/实验数据/v7_fast_equiv_20260927_0030,0,AI_VERIFIED
1736652,root1:v7_fast_equiv_20260927_0030,0.0,0,0,0.0,0,0,0,0,,0,0,0,B3_aggregate,case_070,2156616,5,639782,639782,2156616,35944,0.304463874999783,mps,876946,36240,"{'0': 19906, '1': 36240, '2': 28423, '3': 26998, '4': 27479}",50789,419964,106,1736652,68a9c48f8020bedf70f8cbff5eba48db0203bc0977678309362038ac7a5e7f82,0,"[45696, 2156616, 0]",0.374318874999517,B,2156616,"[36240, 2156616, 0, 0, 0]",aggregate,/Users/futaoran/Desktop/华为杯2026/2026参赛工作区/2026华为杯idea冻结工作区/实验数据/v7_fast_equiv_20260927_0030,0,AI_VERIFIED
455936,root1:v7_fast_equiv_20260927_0030,1203.0293333333334,259328,37,0.2971484619386242,613394,213,872722,250,,4608,94976,380,incumbent_disperse_tid_2081_node_2108_core_2_pos_0,case_070,875900,5,3072,3072,780924,13016,0.2126447909995477,mps,869650,28064,"{'0': 27649, '1': 27957, '2': 27876, '3': 27500, '4': 28064}",26030,419964,106,455936,172fe5d3e876fbf38d9ff5b4015048692629657fc93177e7617c405d0177ec05,0,"[24002, 8330.6, -376064, 0]",0.17062658299983013,C,875900,"[28064, 875900, 0, -94976, -4608]",disperse,/Users/futaoran/Desktop/华为杯2026/2026参赛工作区/2026华为杯idea冻结工作区/实验数据/v7_fast_equiv_20260927_0030,0,AI_VERIFIED
5640,root1:v7_fast_equiv_20260927_0030,0.0,0,0,0.0,0,0,0,0,,0,0,0,L2_base,case_100,460238,1,1028,1028,460238,7671,0.1452662909996434,mps,439590,164563,{'0': 164563},148339,454598,18592,5640,6cb5f2246711946042491dddb2d61d1fce60585560b5a99023abed3d0d7e9780,0,"[166689, 460238, 0]",0.12488537500030361,A,460238,"[164563, 460238, 0, 0, 0]",legacy_seed,/Users/futaoran/Desktop/华为杯2026/2026参赛工作区/2026华为杯idea冻结工作区/实验数据/v7_fast_equiv_20260927_0030,0,AI_VERIFIED
0,root1:v7_fast_equiv_20260927_0030,0.0,0,0,0.0,0,0,0,0,,0,0,0,q1_warm_capacity_g0_front,case_100,454598,1,0,0,454598,7577,0.29891295800007356,mps,436006,164563,{'0': 164563},148885,454598,18592,0,dabd1aa42dae85219345162578ac6e6926d4d31ef0a52c7e7a06a6df12c3a382,0,"[148885, 454598, 0]",0.3042167090006842,B,454598,"[164563, 454598, 0, 0, 0]",capacity,/Users/futaoran/Desktop/华为杯2026/2026参赛工作区/2026华为杯idea冻结工作区/实验数据/v7_fast_equiv_20260927_0030,0,AI_VERIFIED
0,root1:v7_fast_equiv_20260927_0030,0.0,0,0,0.0,436006,171,436006,171,,137768,0,0,incumbent_split_release_g1_p4,case_100,454598,1,0,0,454598,7577,0.26303858299979765,mps,436006,164563,{'0': 164563},142753,454598,18592,0,a51c474cc16ff83df6334df2684435574a26d4fde0830e12a22ca073a4d32c73,0,"[142753, 7576.633333333333, 0, 0]",0.18965683299938974,C,454598,"[164563, 454598, 0, 0, -137768]",timing,/Users/futaoran/Desktop/华为杯2026/2026参赛工作区/2026华为杯idea冻结工作区/实验数据/v7_fast_equiv_20260927_0030,0,AI_VERIFIED
16896,root1:v7_fast_equiv_20260927_0030,0.0,0,0,0.0,0,0,0,0,,0,0,0,L1_base,case_100,471494,2,0,0,471494,7859,0.1841122500009078,mps,452902,82378,"{'0': 82378, '1': 82185}",81080,454598,18592,16896,e52b51930e549834998c4cb19e745e9eecf56cfb5caf08d1d6e05e3df18b098f,0,"[84651, 471494, 0]",0.15765375000046333,A,471494,"[82378, 471494, 0, 0, 0]",legacy_seed,/Users/futaoran/Desktop/华为杯2026/2026参赛工作区/2026华为杯idea冻结工作区/实验数据/v7_fast_equiv_20260927_0030,0,AI_VERIFIED
1952140,root1:v7_fast_equiv_20260927_0030,0.0,0,0,0.0,0,0,0,0,,0,0,0,B3_aggregate,case_100,2398546,2,794438,794438,2398546,39976,0.2839425830006803,mps,791078,83918,"{'0': 80645, '1': 83918}",105958,454598,18592,1943948,1f2e9fb013d3b31d7fcab0dfe99f380d5a51e456937afe633db8c63f0ab0197a,16384,"[103926, 2406738, 8192]",0.28940070799944806,B,2406738,"[83918, 2398546, 16384, 0, 0]",aggregate,/Users/futaoran/Desktop/华为杯2026/2026参赛工作区/2026华为杯idea冻结工作区/实验数据/v7_fast_equiv_20260927_0030,8192,AI_VERIFIED
16896,root1:v7_fast_equiv_20260927_0030,155.648,16896,3,0.037306083876865195,436006,172,452902,175,,838912,12288,50,incumbent_split_release_g0_p4,case_100,471494,2,0,0,459206,7654,0.21665575000042736,mps,452902,82378,"{'0': 82378, '1': 82185}",77421,454598,18592,16896,b9df5653c1b1411f9d9ca6fcd25435721b084bdc437dbd18cf6e880a208c9798,0,"[77147, 7576.633333333333, -16896, 0]",0.1983029160001024,C,471494,"[82378, 471494, 0, -12288, -838912]",timing,/Users/futaoran/Desktop/华为杯2026/2026参赛工作区/2026华为杯idea冻结工作区/实验数据/v7_fast_equiv_20260927_0030,0,AI_VERIFIED
72192,root1:v7_fast_equiv_20260927_0030,0.0,0,0,0.0,0,0,0,0,,0,0,0,L1_base,case_100,526790,3,0,0,526790,8780,0.3126932079994731,mps,508198,57125,"{'0': 57125, '1': 53573, '2': 53865}",57811,454598,18592,72192,3f6345b6e1a335df946a41f70570a0010ccfdf95372a8d6ad0b6bb8e11ef064d,0,"[59008, 526790, 0]",0.15606916700016882,A,526790,"[57125, 526790, 0, 0, 0]",legacy_seed,/Users/futaoran/Desktop/华为杯2026/2026参赛工作区/2026华为杯idea冻结工作区/实验数据/v7_fast_equiv_20260927_0030,0,AI_VERIFIED
2666256,root1:v7_fast_equiv_20260927_0030,0.0,0,0,0.0,0,0,0,0,,0,0,0,B3_aggregate,case_100,3022550,3,961160,961160,3022550,50376,0.3031533749999653,mps,1081638,57588,"{'0': 50351, '1': 56624, '2': 57588}",98125,454598,18592,2567952,d6e49c1f0890ee34b487c79d506210f235c6bb978838653824d77482ef05ea45,24576,"[94857, 3120854, 98304]",0.26125116600087495,B,3120854,"[57588, 3022550, 24576, 0, 0]",aggregate,/Users/futaoran/Desktop/华为杯2026/2026参赛工作区/2026华为杯idea冻结工作区/实验数据/v7_fast_equiv_20260927_0030,98304,AI_VERIFIED
12288,root1:v7_fast_equiv_20260927_0030,155.648,12288,3,0.02741058323332456,436006,171,448294,174,,0,12288,50,C1_base,case_100,466886,3,0,0,454598,7577,0.17913895799938473,mps,448294,98341,"{'0': 57125, '1': 98341, '2': 9097}",87316,454598,18592,12288,a47736ab3fa305fb22d3423e825fbd646ad9ffc5478ac40a0417fd17bea6af0a,0,"[87250, 7576.633333333333, -12288, 0]",0.16355679200023587,C,466886,"[98341, 466886, 0, -12288, 0]",seed,/Users/futaoran/Desktop/华为杯2026/2026参赛工作区/2026华为杯idea冻结工作区/实验数据/v7_fast_equiv_20260927_0030,0,AI_VERIFIED
929856,root1:v7_fast_equiv_20260927_0030,0.0,0,0,0.0,0,0,0,0,,0,0,0,A2_base,case_100,1384454,4,32,32,1384454,23075,0.2067363749993092,mps,1365798,50132,"{'0': 38540, '1': 31822, '2': 44069, '3': 50132}",87506,454598,18592,929856,c7c2f0ecc7bb4e0d516c8d269ac84f3839cb3cba38a2ea9509d8b02740582547,0,"[97665, 1384454, 0]",0.13034529199831013,A,1384454,"[50132, 1384454, 0, 0, 0]",seed,/Users/futaoran/Desktop/华为杯2026/2026参赛工作区/2026华为杯idea冻结工作区/实验数据/v7_fast_equiv_20260927_0030,0,AI_VERIFIED
2043668,root1:v7_fast_equiv_20260927_0030,0.0,0,0,0.0,0,0,0,0,,0,0,0,L3_base,case_100,2498266,4,675658,675658,2498266,41638,0.3785832499997923,mps,1128358,49608,"{'0': 45760, '1': 49608, '2': 36502, '3': 32693}",117004,454598,18592,2043668,71f955084e69b4282835b33b83d04bd086528de635abec9058ea13ec80b8329b,0,"[116648, 2498266, 0]",0.2709990419989481,B,2498266,"[49608, 2498266, 0, 0, 0]",legacy_seed,/Users/futaoran/Desktop/华为杯2026/2026参赛工作区/2026华为杯idea冻结工作区/实验数据/v7_fast_equiv_20260927_0030,0,AI_VERIFIED
1219716,root1:v7_fast_equiv_20260927_0030,3808.5119999999997,308864,32,0.2582043136599231,887336,228,1188008,260,,258098,300672,1203,r10_capacity_g6_front,case_100,1657930,4,451330,451330,1357258,22621,0.25491279200105055,mps,736678,53418,"{'2': 53418, '0': 32667, '3': 35772, '1': 42706}",72103,454598,18592,1203332,553cd2d167a8a2a6aef8841fcdbfed7c7a69a1d63791c04ffbff8de8e6ee67f2,0,"[71157, 22757.5, -308864, 16384]",0.19039454199992178,C,1674314,"[53418, 1657930, 0, -300672, -258098]",ordinary_chain,/Users/futaoran/Desktop/华为杯2026/2026参赛工作区/2026华为杯idea冻结工作区/实验数据/v7_fast_equiv_20260927_0030,16384,AI_VERIFIED
1127352,root1:v7_fast_equiv_20260927_0030,0.0,0,0,0.0,0,0,0,0,,0,0,0,A2_base,case_100,1581950,5,27740,27740,1581950,26366,0.20917062499938766,mps,1507878,46016,"{'0': 31129, '1': 25872, '2': 26443, '3': 35103, '4': 46016}",129168,454598,18592,1127352,eadf5757faf59e01623bf0e00f328a1771ec1134987182bfa2444e9a2e84752b,0,"[146567, 1581950, 0]",0.12545504099944083,A,1581950,"[46016, 1581950, 0, 0, 0]",seed,/Users/futaoran/Desktop/华为杯2026/2026参赛工作区/2026华为杯idea冻结工作区/实验数据/v7_fast_equiv_20260927_0030,0,AI_VERIFIED
2572044,root1:v7_fast_equiv_20260927_0030,0.0,0,0,0.0,0,0,0,0,,0,0,0,B3_base,case_100,2936530,5,900166,900166,2936530,48943,0.26968262499940465,mps,1117606,49570,"{'0': 45512, '1': 45215, '2': 17306, '3': 6960, '4': 49570}",120101,454598,18592,2481932,17047a10eed910722a8348ceae72166c563531c695b932624fd11934e25e0c76,40960,"[113073, 3026642, 90112]",0.19618570800048474,B,3026642,"[49570, 2936530, 40960, 0, 0]",seed,/Users/futaoran/Desktop/华为杯2026/2026参赛工作区/2026华为杯idea冻结工作区/实验数据/v7_fast_equiv_20260927_0030,90112,AI_VERIFIED
1340104,root1:v7_fast_equiv_20260927_0030,4346.794666666667,351360,96,0.2750066137462607,926282,266,1269450,362,,258098,343168,1373,r10_capacity_g8_front,case_100,1778318,5,490276,490276,1435150,23920,0.20834183300030418,mps,779174,35772,"{'4': 35300, '0': 32667, '3': 28960, '1': 35772, '2': 31864}",59623,454598,18592,1323720,09e070ea4359869168c1bd47fbb4ca0f9a0ca18bb07d1be0d5705daa46eb29b7,0,"[58272, 24055.7, -351360, 16384]",0.17259679100061476,C,1794702,"[35772, 1778318, 0, -343168, -258098]",ordinary_chain,/Users/futaoran/Desktop/华为杯2026/2026参赛工作区/2026华为杯idea冻结工作区/实验数据/v7_fast_equiv_20260927_0030,16384,AI_VERIFIED
206054016,root1:v7_fast_equiv_20260927_0030,0.0,0,0,0.0,0,0,0,0,,0,0,0,L3_base,case_028,17188992,1,5640192,5640192,17188992,286484,5.8494965829995635,mps,4028544,40950144,{'0': 40950144},43242729,5908608,1880064,11280384,791b990414d0d973461024e222d35b5bc7546066fe0deadf6a61fa534cdf80a0,4514176,"[43853925, 211962624, 194773632]",5.581732041000578,A,211962624,"[40950144, 17188992, 4514176, 0, 0]",legacy_seed,/Users/futaoran/Desktop/华为杯2026/2026参赛工作区/2026华为杯idea冻结工作区/实验数据/v7_fast_equiv_20260927_0030,194773632,AI_VERIFIED
161588040,root1:v7_fast_equiv_20260927_0030,0.0,0,0,0.0,0,0,0,0,,0,0,0,B3_base,case_028,5908608,1,0,0,5908608,98477,14.200805291000506,mps,4028544,40950144,{'0': 40950144},42901220,5908608,1880064,0,924d6406d4b592f1666fb501148f79ab523779fa8f637f42faa9937e82b63f8c,5325136,"[42753720, 167496648, 161588040]",12.957532166999954,B,167496648,"[40950144, 5908608, 5325136, 0, 0]",seed,/Users/futaoran/Desktop/华为杯2026/2026参赛工作区/2026华为杯idea冻结工作区/实验数据/v7_fast_equiv_20260927_0030,161588040,AI_VERIFIED
160531272,root1:v7_fast_equiv_20260927_0030,0.0,101469696,0,0.6387624286153936,57383880,207,4028544,207,,32543328,0,0,incumbent_aggregate,case_028,5908608,1,0,0,5908608,98477,13.624908083000264,mps,4028544,40950144,{'0': 40950144},41715528,5908608,1880064,0,7699c625a1456b19b1358ee3f5c46db4725e664b2690baba3b0983727b24d370,5325136,"[41670122, 1082836.4, -101469696, 160531272]",17.77395641700059,C,166439880,"[40950144, 5908608, 5325136, 0, -32543328]",aggregate,/Users/futaoran/Desktop/华为杯2026/2026参赛工作区/2026华为杯idea冻结工作区/实验数据/v7_fast_equiv_20260927_0030,160531272,AI_VERIFIED
277760640,root1:v7_fast_equiv_20260927_0030,0.0,0,0,0.0,0,0,0,0,,0,0,0,A2_base,case_028,12354048,2,0,0,12354048,205901,7.249338625000746,mps,10473984,20608896,"{'0': 20341248, '1': 20608896}",23663119,5908608,1880064,6445440,5c11c8b1b6765a9fba56a7d4a4bb8d618fbc62174eb64479deabe29e54bcba35,3346688,"[22629854, 283669248, 271315200]",5.413093584000308,A,283669248,"[20608896, 12354048, 3346688, 0, 0]",seed,/Users/futaoran/Desktop/华为杯2026/2026参赛工作区/2026华为杯idea冻结工作区/实验数据/v7_fast_equiv_20260927_0030,271315200,AI_VERIFIED
85077984,root1:v7_fast_equiv_20260927_0030,0.0,0,0,0.0,0,0,0,0,,0,0,0,B3_base,case_028,37244112,2,15140352,15140352,37244112,620736,10.58220112500021,mps,5083344,21446280,"{'0': 19503864, '1': 21446280}",30547760,5908608,1880064,31335504,d03b15f4d9dc94c9b87162d9be2e5f1d5d15e8373aa5106379acbfed8113ca1d,3333656,"[30486492, 90986592, 53742480]",11.706950082998446,B,90986592,"[21446280, 37244112, 3333656, 0, 0]",seed,/Users/futaoran/Desktop/华为杯2026/2026参赛工作区/2026华为杯idea冻结工作区/实验数据/v7_fast_equiv_20260927_0030,53742480,AI_VERIFIED
161588040,root1:v7_fast_equiv_20260927_0030,0.0,101469696,0,0.6366447997000413,57912264,207,4028544,207,,34476480,0,0,lower_core_base,case_028,5908608,2,0,0,5908608,98477,13.655206540999643,mps,4028544,40950144,{'0': 40950144},41700132,5908608,1880064,0,ad3db39be25f4f4343bd1a59f6aed3bc77b4b9646bd0ec19aafc09dc5de7bc05,5325136,"[41653496, 1100449.2, -101469696, 161588040]",13.417357124999398,C,167496648,"[40950144, 5908608, 5325136, 0, -34476480]",lower_core,/Users/futaoran/Desktop/华为杯2026/2026参赛工作区/2026华为杯idea冻结工作区/实验数据/v7_fast_equiv_20260927_0030,161588040,AI_VERIFIED
277797312,root1:v7_fast_equiv_20260927_0030,0.0,0,0,0.0,0,0,0,0,,0,0,0,A2_base,case_028,16651008,3,0,0,16651008,277517,6.222021499999755,mps,14770944,13650048,"{'0': 13650048, '1': 13650048, '2': 13650048}",16525969,5908608,1880064,10742400,c1a84a2efbbd8d8655b39e0dc31092b5a7543c3af7567cb4058c366cdfcafe86,5020032,"[14996619, 283705920, 267054912]",5.156472541999392,A,283705920,"[13650048, 16651008, 5020032, 0, 0]",seed,/Users/futaoran/Desktop/华为杯2026/2026参赛工作区/2026华为杯idea冻结工作区/实验数据/v7_fast_equiv_20260927_0030,267054912,AI_VERIFIED
110355624,root1:v7_fast_equiv_20260927_0030,0.0,0,0,0.0,0,0,0,0,,0,0,0,B2_base,case_028,35312664,3,14555904,14555904,35312664,588545,8.123930875000951,mps,4320792,14538552,"{'0': 13374240, '1': 13037352, '2': 14538552}",27386475,5908608,1880064,29404056,006e0d409bdadc68994e13441bdf02ff1fb4bdd156f2cb141a2f9ffad7ab4d23,445184,"[27243469, 116264232, 80951568]",7.70858995799972,B,116264232,"[14538552, 35312664, 445184, 0, 0]",seed,/Users/futaoran/Desktop/华为杯2026/2026参赛工作区/2026华为杯idea冻结工作区/实验数据/v7_fast_equiv_20260927_0030,80951568,AI_VERIFIED
277473600,root1:v7_fast_equiv_20260927_0030,0.0,1319688,0,0.0047431470336763695,276910776,261,6177024,261,,0,0,0,lower_core_base,case_028,8057088,3,0,0,8057088,134285,8.941554041999552,mps,6177024,20608896,"{'0': 20608896, '1': 20341248}",23615145,5908608,1880064,2148480,bb0980e2bd04ce7bdc604d9c3461d119af3365961e1a50bb1a7a49d7e1791969,3346688,"[21968599, 4701042.0, -1319688, 275325120]",8.812798708000628,C,283382208,"[20608896, 8057088, 3346688, 0, 0]",lower_core,/Users/futaoran/Desktop/华为杯2026/2026参赛工作区/2026华为杯idea冻结工作区/实验数据/v7_fast_equiv_20260927_0030,275325120,AI_VERIFIED
278658816,root1:v7_fast_equiv_20260927_0030,0.0,0,0,0.0,0,0,0,0,,0,0,0,A2_base,case_028,20947968,4,0,0,20947968,349133,4.468236667000383,mps,19067904,10438272,"{'0': 10170624, '1': 10170624, '2': 10170624, '3': 10438272}",13677953,5908608,1880064,15039360,9140aab4804612005b9ff1c505b2598179835903ab765011f91a0a7511920d83,6693376,"[11476130, 284567424, 263619456]",3.72933012500107,A,284567424,"[10438272, 20947968, 6693376, 0, 0]",seed,/Users/futaoran/Desktop/华为杯2026/2026参赛工作区/2026华为杯idea冻结工作区/实验数据/v7_fast_equiv_20260927_0030,263619456,AI_VERIFIED
43621296,root1:v7_fast_equiv_20260927_0030,0.0,0,0,0.0,0,0,0,0,,0,0,0,B2_base,case_028,43103280,4,18548736,18548736,43103280,718388,9.398375041999316,mps,4125744,11160336,"{'0': 10081344, '1': 9455808, '2': 11160336, '3': 10252656}",24533949,5908608,1880064,37194672,01131b37de96f39b054ff5c35201bc57f59e83e56aa5ae190543c4c1e237bc61,0,"[24520413, 49529904, 6426624]",7.028720624999551,B,49529904,"[11160336, 43103280, 0, 0, 0]",seed,/Users/futaoran/Desktop/华为杯2026/2026参赛工作区/2026华为杯idea冻结工作区/实验数据/v7_fast_equiv_20260927_0030,6426624,AI_VERIFIED
277369056,root1:v7_fast_equiv_20260927_0030,0.0,0,0,0.0,278227296,315,8325504,315,,0,0,0,lower_core_base,case_028,10205568,4,0,0,10205568,170093,7.498520541001199,mps,8325504,13650048,"{'0': 13650048, '1': 13650048, '2': 13650048}",16770711,5908608,1880064,4296960,a88039e8019d548a3d2a9b52418fbcc9d40744997e2c12b9496726ed6ec509bf,5020032,"[14565843, 4721294.4, 0, 273072096]",7.7668515000004845,C,283277664,"[13650048, 10205568, 5020032, 0, 0]",lower_core,/Users/futaoran/Desktop/华为杯2026/2026参赛工作区/2026华为杯idea冻结工作区/实验数据/v7_fast_equiv_20260927_0030,273072096,AI_VERIFIED
277710912,root1:v7_fast_equiv_20260927_0030,0.0,0,0,0.0,0,0,0,0,,0,0,0,A2_base,case_028,25244928,5,0,0,25244928,420749,5.389584707998438,mps,23364864,8297088,"{'0': 8297088, '1': 8029440, '2': 8297088, '3': 8029440, '4': 8297088}",11653597,5908608,1880064,19336320,4086bb74c6567676a17458e908a2c412bac791779ac05f2cf8476e4bfc295884,8366720,"[9124359, 283619520, 258374592]",5.084227416000431,A,283619520,"[8297088, 25244928, 8366720, 0, 0]",seed,/Users/futaoran/Desktop/华为杯2026/2026参赛工作区/2026华为杯idea冻结工作区/实验数据/v7_fast_equiv_20260927_0030,258374592,AI_VERIFIED
103736616,root1:v7_fast_equiv_20260927_0030,0.0,0,0,0.0,0,0,0,0,,0,0,0,B3_base,case_028,93784488,5,41908224,41908224,93784488,1563075,12.675121083000704,mps,8087976,8754696,"{'0': 7870128, '1': 8296632, '2': 7847880, '3': 8754696, '4': 8180808}",27103501,5908608,1880064,87875880,fb2b5116a5642a0801d35734a1647e03f63b6dd522f6350ed8cc0169f7eba121,4804224,"[27080203, 109645224, 15860736]",10.223155208001117,B,109645224,"[8754696, 93784488, 4804224, 0, 0]",seed,/Users/futaoran/Desktop/华为杯2026/2026参赛工作区/2026华为杯idea冻结工作区/实验数据/v7_fast_equiv_20260927_0030,15860736,AI_VERIFIED
262763520,root1:v7_fast_equiv_20260927_0030,5930.736,39478176,19,0.14992518888712272,223840992,404,12622464,423,,2004480,468216,1873,incumbent_split_height_g3_p4,case_028,14502528,5,0,0,14034312,233906,8.735529833000328,mps,12622464,8297088,"{'0': 8297088, '1': 8297088, '2': 8297088, '3': 8029440, '4': 8029440}",10636977,5908608,1880064,8593920,489c0d27cc8a61d997483d23495bac70b4894790caf6fbe69f30364e5b1c63fb,8184704,"[8781133, 3707465.2, -46224216, 254169600]",6.628648457999589,C,268672128,"[8297088, 14502528, 8184704, -468216, -2004480]",timing,/Users/futaoran/Desktop/华为杯2026/2026参赛工作区/2026华为杯idea冻结工作区/实验数据/v7_fast_equiv_20260927_0030,254169600,AI_VERIFIED
368640,root1:v7_fast_equiv_20260927_0030,0.0,0,0,0.0,0,0,0,0,,0,0,0,A2_base,case_037,983040,1,0,0,983040,16384,0.25385233399902063,mps,901120,238480,{'0': 238480},210502,614400,81920,368640,b355f5e3a0a42ccfff6be4659465d5175ed85f2d2ef21ffb58a2ffb80f52bf7d,0,"[231318, 983040, 0]",0.1917725840012281,A,983040,"[238480, 983040, 0, 0, 0]",seed,/Users/futaoran/Desktop/华为杯2026/2026参赛工作区/2026华为杯idea冻结工作区/实验数据/v7_fast_equiv_20260927_0030,0,AI_VERIFIED
1527808,root1:v7_fast_equiv_20260927_0030,0.0,0,0,0.0,0,0,0,0,,0,0,0,B2_base,case_037,614400,1,0,0,614400,10240,0.3363329170006182,mps,532480,238480,{'0': 238480},218332,614400,81920,0,25349d944dd78f5566e886f39662f9ac0aa60890271448ed47a9ff76d77c9d8b,864256,"[217862, 2142208, 1527808]",0.23097154199967918,B,2142208,"[238480, 614400, 864256, 0, 0]",seed,/Users/futaoran/Desktop/华为杯2026/2026参赛工作区/2026华为杯idea冻结工作区/实验数据/v7_fast_equiv_20260927_0030,1527808,AI_VERIFIED
0,root1:v7_fast_equiv_20260927_0030,0.0,0,0,0.0,532480,180,532480,180,,0,0,0,incumbent_base,case_037,614400,1,0,0,614400,10240,0.2488143750015297,mps,532480,238480,{'0': 238480},210001,614400,81920,0,0a835b6f10c83a84d338adc6b6089fe29ee25797607448b8261d9b4b31947ff2,0,"[210001, 10240.0, 0, 0]",0.20680312500007858,C,614400,"[238480, 614400, 0, 0, 0]",incumbent,/Users/futaoran/Desktop/华为杯2026/2026参赛工作区/2026华为杯idea冻结工作区/实验数据/v7_fast_equiv_20260927_0030,0,AI_VERIFIED
1105920,root1:v7_fast_equiv_20260927_0030,0.0,0,0,0.0,0,0,0,0,,0,0,0,A2_base,case_037,1720320,2,0,0,1720320,28672,0.36634041700017406,mps,1638400,119240,"{'0': 119240, '1': 119240}",106048,614400,81920,1105920,5ed5f246aae063837b0cbf515f5b9bafdfaaefa63c75fdbb253933a730265e3e,0,"[119006, 1720320, 0]",0.4016781660011475,A,1720320,"[119240, 1720320, 0, 0, 0]",seed,/Users/futaoran/Desktop/华为杯2026/2026参赛工作区/2026华为杯idea冻结工作区/实验数据/v7_fast_equiv_20260927_0030,0,AI_VERIFIED
2310144,root1:v7_fast_equiv_20260927_0030,0.0,0,0,0.0,0,0,0,0,,0,0,0,B2_base,case_037,2678784,2,782336,782336,2678784,44647,0.3375579160001507,mps,1032192,138396,"{'0': 100084, '1': 138396}",117938,614400,81920,2064384,2a8b0d4ff3cd58cbddf7ecbe7b3a0a87057f2228086504523cc448a8172d914b,135168,"[117672, 2924544, 245760]",0.33027195899921935,B,2924544,"[138396, 2678784, 135168, 0, 0]",seed,/Users/futaoran/Desktop/华为杯2026/2026参赛工作区/2026华为杯idea冻结工作区/实验数据/v7_fast_equiv_20260927_0030,245760,AI_VERIFIED
204800,root1:v7_fast_equiv_20260927_0030,0.0,28672,0,0.03888888888888889,708608,280,737280,280,,1556480,0,0,incumbent_split_topo_g0_p4,case_037,819200,2,0,0,819200,13654,0.2874608330002957,mps,737280,119240,"{'0': 119240, '1': 119240}",105374,614400,81920,204800,6258bc3b9a2652346764cddb68d7856063462124b9b9fb97b42e2a42449cb503,0,"[105201, 13004.8, -38912, 0]",0.26639629199962656,C,819200,"[119240, 819200, 0, 0, -1556480]",timing,/Users/futaoran/Desktop/华为杯2026/2026参赛工作区/2026华为杯idea冻结工作区/实验数据/v7_fast_equiv_20260927_0030,0,AI_VERIFIED
4263936,root1:v7_fast_equiv_20260927_0030,0.0,0,0,0.0,0,0,0,0,,0,0,0,A3_base,case_037,4878336,3,1466368,1466368,4878336,81306,0.48224512500019046,mps,1863680,103288,"{'0': 66548, '1': 68644, '2': 103288}",109002,614400,81920,4263936,42907dcb71fdc17835831449cc92b9f5b51b409d8fecff900b620353f9e0080e,0,"[133244, 4878336, 0]",0.3135831669987965,A,4878336,"[103288, 4878336, 0, 0, 0]",seed,/Users/futaoran/Desktop/华为杯2026/2026参赛工作区/2026华为杯idea冻结工作区/实验数据/v7_fast_equiv_20260927_0030,0,AI_VERIFIED
3887104,root1:v7_fast_equiv_20260927_0030,0.0,0,0,0.0,0,0,0,0,,0,0,0,L2_base,case_037,4411392,3,1613824,1613824,4411392,73524,0.3194991670006857,mps,1101824,82480,"{'0': 82480, '1': 78000, '2': 78000}",112991,614400,81920,3796992,b488b731d0dc62d916891abff60ac3fc925c68e825dc916691163fd893afec3a,45056,"[85813, 4501504, 90112]",0.23719891600012488,B,4501504,"[82480, 4411392, 45056, 0, 0]",legacy_seed,/Users/futaoran/Desktop/华为杯2026/2026参赛工作区/2026华为杯idea冻结工作区/实验数据/v7_fast_equiv_20260927_0030,90112,AI_VERIFIED
1064960,root1:v7_fast_equiv_20260927_0030,10454.357333333333,944128,251,0.591025641025641,653312,289,1597440,540,,153600,825344,3302,incumbent_split_height_g2_p4,case_037,1679360,3,0,0,854016,14234,0.614630500000203,mps,1597440,83468,"{'0': 83468, '1': 83468, '2': 71544}",74038,614400,81920,1064960,a896731f00ad490429fb73d7485d3c35504f569ac4283545ca19eeb017ff28b4,0,"[73761, 12151.466666666667, -950272, 0]",0.7074783750013012,C,1679360,"[83468, 1679360, 0, -825344, -153600]",timing,/Users/futaoran/Desktop/华为杯2026/2026参赛工作区/2026华为杯idea冻结工作区/实验数据/v7_fast_equiv_20260927_0030,0,AI_VERIFIED
4532224,root1:v7_fast_equiv_20260927_0030,0.0,0,0,0.0,0,0,0,0,,0,0,0,A3_base,case_037,5146624,4,1515520,1515520,5146624,85778,0.9246879580005043,mps,2033664,85778,"{'0': 52924, '1': 50828, '2': 50828, '3': 83900}",98940,614400,81920,4532224,e0e484f3a2f25ada9893b3eb7fba9370f1bc73364e37b812c82e86459e2009b2,0,"[111994, 5146624, 0]",0.5498013749984239,A,5146624,"[85778, 5146624, 0, 0, 0]",seed,/Users/futaoran/Desktop/华为杯2026/2026参赛工作区/2026华为杯idea冻结工作区/实验数据/v7_fast_equiv_20260927_0030,0,AI_VERIFIED
3878912,root1:v7_fast_equiv_20260927_0030,0.0,0,0,0.0,0,0,0,0,,0,0,0,B3_base,case_037,4493312,4,1585152,1585152,4493312,74889,0.4146262909998768,mps,1241088,74889,"{'0': 70380, '1': 70636, '2': 45588, '3': 51876}",85104,614400,81920,3878912,4ca58f203e167667e75f1fe69e99687676e23f575e96982b2eb5c305cca56078,0,"[75832, 4493312, 0]",0.8666532080005709,B,4493312,"[74889, 4493312, 0, 0, 0]",seed,/Users/futaoran/Desktop/华为杯2026/2026参赛工作区/2026华为杯idea冻结工作区/实验数据/v7_fast_equiv_20260927_0030,0,AI_VERIFIED
1064960,root1:v7_fast_equiv_20260927_0030,10220.885333333334,942080,235,0.5897435897435898,655360,305,1597440,540,,0,806912,3228,lower_core_base,case_037,1679360,4,0,0,872448,14541,0.29368479199911235,mps,1597440,83468,"{'0': 83468, '1': 83468, '2': 71544}",74038,614400,81920,1064960,34bd45534c413e8198565bc022390798a22bd991ed3711cf0d139b658f518f47,0,"[73761, 12288.0, -942080, 0]",0.238395042000775,C,1679360,"[83468, 1679360, 0, -806912, 0]",lower_core,/Users/futaoran/Desktop/华为杯2026/2026参赛工作区/2026华为杯idea冻结工作区/实验数据/v7_fast_equiv_20260927_0030,0,AI_VERIFIED
1515520,root1:v7_fast_equiv_20260927_0030,0.0,0,0,0.0,0,0,0,0,,0,0,0,A2_base,case_037,2129920,5,0,0,2129920,35499,0.2684040419990197,mps,2048000,47696,"{'0': 47696, '1': 47696, '2': 47696, '3': 47696, '4': 47696}",44206,614400,81920,1515520,e1abeed9bb0f79d3b94f40c61e179e17fba9dbd38a81e436f9a7abe8b5e59e3a,0,"[48506, 2129920, 0]",0.15215758300109883,A,2129920,"[47696, 2129920, 0, 0, 0]",seed,/Users/futaoran/Desktop/华为杯2026/2026参赛工作区/2026华为杯idea冻结工作区/实验数据/v7_fast_equiv_20260927_0030,0,AI_VERIFIED
3573760,root1:v7_fast_equiv_20260927_0030,0.0,0,0,0.0,0,0,0,0,,0,0,0,B2_base,case_037,4188160,5,1306624,1306624,4188160,69803,0.5724138749992562,mps,1492992,71324,"{'0': 41920, '1': 40872, '2': 43492, '3': 40872, '4': 71324}",74920,614400,81920,3573760,3392af1fcf5229e01d765ed36ffa03a302af2038dcc541a0437d130438aec24c,0,"[70698, 4188160, 0]",0.3215047499998036,B,4188160,"[71324, 4188160, 0, 0, 0]",seed,/Users/futaoran/Desktop/华为杯2026/2026参赛工作区/2026华为杯idea冻结工作区/实验数据/v7_fast_equiv_20260927_0030,0,AI_VERIFIED
614400,root1:v7_fast_equiv_20260927_0030,0.0,0,0,0.0,1146880,480,1146880,480,,0,0,0,lower_core_base,case_037,1228800,5,0,0,1228800,20480,0.2303554999998596,mps,1146880,59620,"{'0': 59620, '1': 59620, '2': 59620, '3': 59620}",53320,614400,81920,614400,992070c68ca4c689f1fb630307132426c8ea1304d4aa16dd7f40ce49c27045e0,0,"[52801, 20480.0, 0, 0]",0.27759149999837973,C,1228800,"[59620, 1228800, 0, 0, 0]",lower_core,/Users/futaoran/Desktop/华为杯2026/2026参赛工作区/2026华为杯idea冻结工作区/实验数据/v7_fast_equiv_20260927_0030,0,AI_VERIFIED
17152,root1:v7_fast_equiv_20260927_0030,0.0,0,0,0.0,0,0,0,0,,0,0,0,L2_base,case_061,561340,1,5120,5120,561340,9356,0.19789549999950395,mps,550948,99028,{'0': 99028},83931,544188,152,17152,7981f7b71c269008c2207ec86bdcbffd3fd85f44c264bd437c2d887ccdd56be9,0,"[101849, 561340, 0]",0.20981591700001445,A,561340,"[99028, 561340, 0, 0, 0]",legacy_seed,/Users/futaoran/Desktop/华为杯2026/2026参赛工作区/2026华为杯idea冻结工作区/实验数据/v7_fast_equiv_20260927_0030,0,AI_VERIFIED
0,root1:v7_fast_equiv_20260927_0030,0.0,0,0,0.0,0,0,0,0,,0,0,0,L2_base,case_061,544188,1,0,0,544188,9070,0.23726383299981535,mps,544036,99028,{'0': 99028},87728,544188,152,0,143992b9f9b43943ce516501ba2c810349d03ff394daa08d97f2d09211551b4a,0,"[87728, 544188, 0]",0.2133243330008554,B,544188,"[99028, 544188, 0, 0, 0]",legacy_seed,/Users/futaoran/Desktop/华为杯2026/2026参赛工作区/2026华为杯idea冻结工作区/实验数据/v7_fast_equiv_20260927_0030,0,AI_VERIFIED
0,root1:v7_fast_equiv_20260927_0030,0.0,0,0,0.0,544036,259,544036,259,,0,0,0,incumbent_base,case_061,544188,1,0,0,544188,9070,0.22464662499987753,mps,544036,99028,{'0': 99028},77191,544188,152,0,edb353981bb45230de54747db9aa340d4d2df60e2525987635147267b7b99e11,0,"[77191, 9069.8, 0, 0]",0.20883154199873388,C,544188,"[99028, 544188, 0, 0, 0]",incumbent,/Users/futaoran/Desktop/华为杯2026/2026参赛工作区/2026华为杯idea冻结工作区/实验数据/v7_fast_equiv_20260927_0030,0,AI_VERIFIED
34560,root1:v7_fast_equiv_20260927_0030,0.0,0,0,0.0,0,0,0,0,,0,0,0,L1_base,case_061,578748,2,0,0,578748,9646,0.22964179199880164,mps,578596,49665,"{'0': 49363, '1': 49665}",42478,544188,152,34560,622da9e9570cb7a9271f26aee829292f0aa1ddc1c56d9c1948def3374cbb1f68,0,"[51248, 578748, 0]",0.14537566599938145,A,578748,"[49665, 578748, 0, 0, 0]",legacy_seed,/Users/futaoran/Desktop/华为杯2026/2026参赛工作区/2026华为杯idea冻结工作区/实验数据/v7_fast_equiv_20260927_0030,0,AI_VERIFIED
34560,root1:v7_fast_equiv_20260927_0030,0.0,0,0,0.0,0,0,0,0,,0,0,0,L1_base,case_061,578748,2,0,0,578748,9646,0.22340662500027975,mps,578596,49665,"{'0': 49363, '1': 49665}",42478,544188,152,34560,622da9e9570cb7a9271f26aee829292f0aa1ddc1c56d9c1948def3374cbb1f68,0,"[42306, 578748, 0]",0.21852495900020585,B,578748,"[49665, 578748, 0, 0, 0]",legacy_seed,/Users/futaoran/Desktop/华为杯2026/2026参赛工作区/2026华为杯idea冻结工作区/实验数据/v7_fast_equiv_20260927_0030,0,AI_VERIFIED
46848,root1:v7_fast_equiv_20260927_0030,419.9253333333333,42752,12,0.07260425653322827,546084,263,588836,275,,0,33152,133,incumbent_disperse_tid_2232_node_2233_core_1_pos_0,case_061,591036,2,2048,2048,557884,9299,0.2456297500011715,mps,586788,54058,"{'0': 54058, '1': 44970}",38792,544188,152,46848,3cf56475ed9b90d863f866e321f09770c13a7a90e37348e3c6458e7f9d099529,0,"[38620, 9138.066666666668, -42752, 0]",0.2536467919999268,C,591036,"[54058, 591036, 0, -33152, 0]",disperse,/Users/futaoran/Desktop/华为杯2026/2026参赛工作区/2026华为杯idea冻结工作区/实验数据/v7_fast_equiv_20260927_0030,0,AI_VERIFIED
36096,root1:v7_fast_equiv_20260927_0030,0.0,0,0,0.0,0,0,0,0,,0,0,0,L1_base,case_061,580284,3,0,0,580284,9672,0.2037207089997537,mps,580132,33155,"{'0': 33155, '1': 32945, '2': 32928}",30303,544188,152,36096,861455fdbcb7e51f6a45bd239dc34fda5d0e8f4eb793f992f8e2320585baa1be,0,"[34700, 580284, 0]",0.19529404199965938,A,580284,"[33155, 580284, 0, 0, 0]",legacy_seed,/Users/futaoran/Desktop/华为杯2026/2026参赛工作区/2026华为杯idea冻结工作区/实验数据/v7_fast_equiv_20260927_0030,0,AI_VERIFIED
36096,root1:v7_fast_equiv_20260927_0030,0.0,0,0,0.0,0,0,0,0,,0,0,0,L1_base,case_061,580284,3,0,0,580284,9672,0.22520358299880172,mps,580132,33155,"{'0': 33155, '1': 32945, '2': 32928}",30303,544188,152,36096,861455fdbcb7e51f6a45bd239dc34fda5d0e8f4eb793f992f8e2320585baa1be,0,"[29959, 580284, 0]",0.21790670799964573,B,580284,"[33155, 580284, 0, 0, 0]",legacy_seed,/Users/futaoran/Desktop/华为杯2026/2026参赛工作区/2026华为杯idea冻结工作区/实验数据/v7_fast_equiv_20260927_0030,0,AI_VERIFIED
46848,root1:v7_fast_equiv_20260927_0030,419.9253333333333,42752,12,0.07260425653322827,546084,263,588836,275,,0,33152,133,lower_core_base,case_061,591036,3,2048,2048,557884,9299,0.2400690829999803,mps,586788,54058,"{'0': 54058, '1': 44970}",38792,544188,152,46848,563928298ee507b4556287d2d07976354444a1d238d5eab3fa7e520ea1d8c72d,0,"[38620, 9138.066666666668, -42752, 0]",0.2420645420006622,C,591036,"[54058, 591036, 0, -33152, 0]",lower_core,/Users/futaoran/Desktop/华为杯2026/2026参赛工作区/2026华为杯idea冻结工作区/实验数据/v7_fast_equiv_20260927_0030,0,AI_VERIFIED
70656,root1:v7_fast_equiv_20260927_0030,0.0,0,0,0.0,0,0,0,0,,0,0,0,L1_base,case_061,614844,4,0,0,614844,10248,0.16196237499934796,mps,614692,24804,"{'0': 24775, '1': 24731, '2': 24804, '3': 24718}",24024,544188,152,70656,9dcf9338a474e2eb9675545d7da1c61fff8ddea19a9e3d4649de72fb8591508e,0,"[26233, 614844, 0]",0.14247962499939604,A,614844,"[24804, 614844, 0, 0, 0]",legacy_seed,/Users/futaoran/Desktop/华为杯2026/2026参赛工作区/2026华为杯idea冻结工作区/实验数据/v7_fast_equiv_20260927_0030,0,AI_VERIFIED
70656,root1:v7_fast_equiv_20260927_0030,0.0,0,0,0.0,0,0,0,0,,0,0,0,L1_base,case_061,614844,4,0,0,614844,10248,0.24030129100174236,mps,614692,24804,"{'0': 24775, '1': 24731, '2': 24804, '3': 24718}",24024,544188,152,70656,9dcf9338a474e2eb9675545d7da1c61fff8ddea19a9e3d4649de72fb8591508e,0,"[23508, 614844, 0]",0.16285408300063864,B,614844,"[24804, 614844, 0, 0, 0]",legacy_seed,/Users/futaoran/Desktop/华为杯2026/2026参赛工作区/2026华为杯idea冻结工作区/实验数据/v7_fast_equiv_20260927_0030,0,AI_VERIFIED
36096,root1:v7_fast_equiv_20260927_0030,214.016,36096,10,0.06222032227148304,544036,265,580132,275,,0,16896,68,lower_core_base,case_061,580284,4,0,0,563388,9390,0.1694141670013778,mps,580132,33155,"{'0': 33155, '1': 32945, '2': 32928}",30303,544188,152,36096,a272657a186b870d263f37d37f0a76db354cb00989c63fdba76d3c5604f7d372,0,"[29959, 9069.8, -36096, 0]",0.1688165420000587,C,580284,"[33155, 580284, 0, -16896, 0]",lower_core,/Users/futaoran/Desktop/华为杯2026/2026参赛工作区/2026华为杯idea冻结工作区/实验数据/v7_fast_equiv_20260927_0030,0,AI_VERIFIED
82944,root1:v7_fast_equiv_20260927_0030,0.0,0,0,0.0,0,0,0,0,,0,0,0,L1_base,case_061,627132,5,0,0,627132,10453,0.19123704099911265,mps,626980,22038,"{'0': 22038, '1': 19106, '2': 19178, '3': 19270, '4': 19436}",22283,544188,152,82944,b86ec3dd2ffb94be6da7450a12f26951c17dc5733d84ff3ffdafb1a2e87eb635,0,"[23363, 627132, 0]",0.13161250000121072,A,627132,"[22038, 627132, 0, 0, 0]",legacy_seed,/Users/futaoran/Desktop/华为杯2026/2026参赛工作区/2026华为杯idea冻结工作区/实验数据/v7_fast_equiv_20260927_0030,0,AI_VERIFIED
82944,root1:v7_fast_equiv_20260927_0030,0.0,0,0,0.0,0,0,0,0,,0,0,0,L1_base,case_061,627132,5,0,0,627132,10453,0.2853571670002566,mps,626980,22038,"{'0': 22038, '1': 19106, '2': 19178, '3': 19270, '4': 19436}",22283,544188,152,82944,b86ec3dd2ffb94be6da7450a12f26951c17dc5733d84ff3ffdafb1a2e87eb635,0,"[21595, 627132, 0]",0.19865445800132875,B,627132,"[22038, 627132, 0, 0, 0]",legacy_seed,/Users/futaoran/Desktop/华为杯2026/2026参赛工作区/2026华为杯idea冻结工作区/实验数据/v7_fast_equiv_20260927_0030,0,AI_VERIFIED
82944,root1:v7_fast_equiv_20260927_0030,214.016,76544,10,0.12208363903154805,550436,282,626980,292,,0,16896,68,event_timing_tid_15_miss_2_bytes_6400_front,case_061,627132,5,0,0,610236,10171,0.18844949999947858,mps,626980,22038,"{'0': 22038, '1': 19106, '2': 19178, '3': 19270, '4': 19436}",22283,544188,152,82944,4e68ce6f41e62f357d65db627afe51e04f231db65e9f379f300b2116b627eb69,0,"[21595, 9172.2, -76800, 0]",0.16977116700036277,C,627132,"[22038, 627132, 0, -16896, 0]",event_timing,/Users/futaoran/Desktop/华为杯2026/2026参赛工作区/2026华为杯idea冻结工作区/实验数据/v7_fast_equiv_20260927_0030,0,AI_VERIFIED
1130496,root1:v7_fast_equiv_20260927_0030,0.0,0,0,0.0,0,0,0,0,,0,0,0,A2_base,case_063,6151680,1,565248,565248,6151680,102528,2.0167211659991153,mps,5019648,1128768,{'0': 1128768},1083730,5021184,1536,1130496,18a354aae2ccd69bcdcbb2adf81707a9bba12d5a843f75ac5a0c406274e664c8,1125376,"[1196201, 6151680, 0]",1.895952209000825,A,6151680,"[1128768, 6151680, 1125376, 0, 0]",seed,/Users/futaoran/Desktop/华为杯2026/2026参赛工作区/2026华为杯idea冻结工作区/实验数据/v7_fast_equiv_20260927_0030,0,AI_VERIFIED
5391360,root1:v7_fast_equiv_20260927_0030,0.0,0,0,0.0,0,0,0,0,,0,0,0,L2_base,case_063,5021184,1,0,0,5021184,83687,2.6213885830002255,mps,5019648,1128768,{'0': 1128768},1168527,5021184,1536,0,9af2b474f4016be431919ebf8caf69a2a32119154c08fb539382271ff4a51b03,5138432,"[1151445, 10412544, 5391360]",2.9193574159999116,B,10412544,"[1128768, 5021184, 5138432, 0, 0]",legacy_seed,/Users/futaoran/Desktop/华为杯2026/2026参赛工作区/2026华为杯idea冻结工作区/实验数据/v7_fast_equiv_20260927_0030,5391360,AI_VERIFIED
0,root1:v7_fast_equiv_20260927_0030,0.0,0,0,0.0,5019648,1634,5019648,1634,,0,0,0,incumbent_base,case_063,5021184,1,0,0,5021184,83687,2.524247916000604,mps,5019648,1128768,{'0': 1128768},1070397,5021184,1536,0,22ba1aa466d54b5388d6a4f595e2c379d9b03d96a9122f8f166ba87ce165e289,1125376,"[1070397, 83686.4, 0, 0]",2.4801702910008316,C,5021184,"[1128768, 5021184, 1125376, 0, 0]",incumbent,/Users/futaoran/Desktop/华为杯2026/2026参赛工作区/2026华为杯idea冻结工作区/实验数据/v7_fast_equiv_20260927_0030,0,AI_VERIFIED
2116608,root1:v7_fast_equiv_20260927_0030,0.0,0,0,0.0,0,0,0,0,,0,0,0,L2_base,case_063,7137792,2,1058304,1058304,7137792,118964,1.8599085839996405,mps,5019648,618240,"{'0': 618240, '1': 510528}",795582,5021184,1536,2116608,a35a7aded7ff6fd3548b949108a420278856fe5c1b5583131a90cc458d51c53a,596992,"[877649, 7137792, 0]",1.574882584000079,A,7137792,"[618240, 7137792, 596992, 0, 0]",legacy_seed,/Users/futaoran/Desktop/华为杯2026/2026参赛工作区/2026华为杯idea冻结工作区/实验数据/v7_fast_equiv_20260927_0030,0,AI_VERIFIED
23271936,root1:v7_fast_equiv_20260927_0030,0.0,0,0,0.0,0,0,0,0,,0,0,0,B3_base,case_063,17636352,2,4425216,4425216,17636352,293940,3.741366582999035,mps,8784384,602028,"{'0': 602028, '1': 526740}",909394,5021184,1536,12615168,51619789eba8cc0c10203e57bad4d5cf3637cd70c8c1a9e082f778f03f0286d5,6527488,"[841335, 28293120, 10656768]",4.022123875000034,B,28293120,"[602028, 17636352, 6527488, 0, 0]",seed,/Users/futaoran/Desktop/华为杯2026/2026参赛工作区/2026华为杯idea冻结工作区/实验数据/v7_fast_equiv_20260927_0030,10656768,AI_VERIFIED
24056832,root1:v7_fast_equiv_20260927_0030,0.0,626688,0,0.02731106499765714,22319616,5512,13486080,5512,,34288128,0,0,incumbent_disperse_group_tid_1000002259_group_0_core_1_pos_0,case_063,18189312,2,4701696,4701696,18189312,303156,3.3330694590003986,mps,8784384,582384,"{'1': 582384, '0': 546384}",874911,5021184,1536,13168128,8c6ec25fd5637cd86d79b80c7a006af1fe94d30c7c42bfef609dae0775f86354,7029760,"[824337, 472960.0, -700416, 10888704]",3.179361250000511,C,29078016,"[582384, 18189312, 7029760, 0, -34288128]",disperse,/Users/futaoran/Desktop/华为杯2026/2026参赛工作区/2026华为杯idea冻结工作区/实验数据/v7_fast_equiv_20260927_0030,10888704,AI_VERIFIED
25474560,root1:v7_fast_equiv_20260927_0030,0.0,0,0,0.0,0,0,0,0,,0,0,0,A3_base,case_063,30495744,3,7090176,7090176,30495744,508263,2.2795915410006273,mps,16313856,508263,"{'0': 444492, '1': 272412, '2': 411864}",871448,5021184,1536,25474560,e927995ea868daec44b88c30a45d7c4576879fe06f7b9cc09fac8a0ebf6cf999,3577344,"[950645, 30495744, 0]",2.0530130000006466,A,30495744,"[508263, 30495744, 3577344, 0, 0]",seed,/Users/futaoran/Desktop/华为杯2026/2026参赛工作区/2026华为杯idea冻结工作区/实验数据/v7_fast_equiv_20260927_0030,0,AI_VERIFIED
22190592,root1:v7_fast_equiv_20260927_0030,0.0,0,0,0.0,0,0,0,0,,0,0,0,B3_base,case_063,22743552,3,5746176,5746176,22743552,379060,3.0090352920014993,mps,11249664,413844,"{'0': 357192, '1': 413844, '2': 357732}",617304,5021184,1536,17722368,c19120d0fcb32d450ee188979cdaaac152c0aec69d093df5cfa4a66e2bdb37ce,3621888,"[539448, 27211776, 4468224]",2.761481375000585,B,27211776,"[413844, 22743552, 3621888, 0, 0]",seed,/Users/futaoran/Desktop/华为杯2026/2026参赛工作区/2026华为杯idea冻结工作区/实验数据/v7_fast_equiv_20260927_0030,4468224,AI_VERIFIED
22210560,root1:v7_fast_equiv_20260927_0030,116.73599999999999,55296,2,0.0026682478505781204,20668416,6767,17189376,6769,,19266048,9216,37,event_timing_tid_1000003227_miss_4_bytes_18432_core_2,case_063,22937088,3,5746176,5746176,22927872,382132,2.971050375001141,mps,11443200,403032,"{'0': 357192, '1': 368544, '2': 403032}",593484,5021184,1536,17915904,11660554cf041b6e27c0938e4c3a48be57fb6e73c53dc5c79e9ebd4aef22637d,3506688,"[531648, 452940.8, -55296, 4294656]",2.536889541999699,C,27231744,"[403032, 22937088, 3506688, -9216, -19266048]",event_timing,/Users/futaoran/Desktop/华为杯2026/2026参赛工作区/2026华为杯idea冻结工作区/实验数据/v7_fast_equiv_20260927_0030,4294656,AI_VERIFIED
2469888,root1:v7_fast_equiv_20260927_0030,0.0,0,0,0.0,0,0,0,0,,0,0,0,L2_base,case_063,7491072,4,1234944,1234944,7491072,124852,1.1548680829982914,mps,5019648,309120,"{'0': 309120, '1': 309120, '2': 309120, '3': 201408}",348902,5021184,1536,2469888,167243b61e64de75cbece74ff8ac7bd608afb6ae7493e0fec2a4806b54b7aaea,509440,"[385895, 7491072, 0]",1.1518702500015934,A,7491072,"[309120, 7491072, 509440, 0, 0]",legacy_seed,/Users/futaoran/Desktop/华为杯2026/2026参赛工作区/2026华为杯idea冻结工作区/实验数据/v7_fast_equiv_20260927_0030,0,AI_VERIFIED
2211840,root1:v7_fast_equiv_20260927_0030,0.0,0,0,0.0,0,0,0,0,,0,0,0,q1_warm_aggregate,case_063,7137792,4,1058304,1058304,7137792,118964,1.523850499999753,mps,5019648,309120,"{'0': 309120, '1': 309120, '2': 309120, '3': 201408}",324251,5021184,1536,2116608,0631ab897dea3c6d65f5f3ab414810266a7fbadc620e46cb04d2f3831ce2f123,509440,"[323908, 7233024, 95232]",1.4551276660004078,B,7233024,"[309120, 7137792, 509440, 0, 0]",aggregate,/Users/futaoran/Desktop/华为杯2026/2026参赛工作区/2026华为杯idea冻结工作区/实验数据/v7_fast_equiv_20260927_0030,95232,AI_VERIFIED
2211840,root1:v7_fast_equiv_20260927_0030,0.0,0,0,0.0,6125568,2323,6077952,2323,,0,0,0,incumbent_aggregate,case_063,7137792,4,1058304,1058304,7137792,118964,1.4700972919999913,mps,5019648,309120,"{'0': 309120, '1': 309120, '2': 309120, '3': 201408}",324251,5021184,1536,2116608,ba058e24dabc74bfd18f733212bd30ebdfb15549bdbcea831b789f80e40259d5,509440,"[323908, 120550.4, 0, 95232]",1.3849754169987136,C,7233024,"[309120, 7137792, 509440, 0, 0]",aggregate,/Users/futaoran/Desktop/华为杯2026/2026参赛工作区/2026华为杯idea冻结工作区/实验数据/v7_fast_equiv_20260927_0030,95232,AI_VERIFIED
2755584,root1:v7_fast_equiv_20260927_0030,0.0,0,0,0.0,0,0,0,0,,0,0,0,L2_base,case_063,7776768,5,1377792,1377792,7776768,129613,1.2212628750003205,mps,5019648,247296,"{'0': 247296, '1': 247296, '2': 247296, '3': 236736, '4': 150144}",269453,5021184,1536,2755584,e74ce0d73c35d6128b9c1a9dace1869cd2dc3d6431499a4adf545d45c0e6f800,437248,"[298026, 7776768, 0]",0.9734713340003509,A,7776768,"[247296, 7776768, 437248, 0, 0]",legacy_seed,/Users/futaoran/Desktop/华为杯2026/2026参赛工作区/2026华为杯idea冻结工作区/实验数据/v7_fast_equiv_20260927_0030,0,AI_VERIFIED
2509824,root1:v7_fast_equiv_20260927_0030,0.0,0,0,0.0,0,0,0,0,,0,0,0,q1_warm_aggregate,case_063,7494144,5,1236480,1236480,7494144,124903,1.3784489999998186,mps,5019648,247296,"{'0': 247296, '1': 247296, '2': 247296, '3': 236736, '4': 150144}",251581,5021184,1536,2472960,17351d98f4f9178d303a38116b899ae959f623fc71ce8101ffb97115108c0f2c,437248,"[251135, 7531008, 36864]",1.3003839579996566,B,7531008,"[247296, 7494144, 437248, 0, 0]",aggregate,/Users/futaoran/Desktop/华为杯2026/2026参赛工作区/2026华为杯idea冻结工作区/实验数据/v7_fast_equiv_20260927_0030,36864,AI_VERIFIED
2509824,root1:v7_fast_equiv_20260927_0030,0.0,0,0,0.0,6274560,2439,6256128,2439,,0,0,0,incumbent_aggregate,case_063,7494144,5,1236480,1236480,7494144,124903,1.3619118749993504,mps,5019648,247296,"{'0': 247296, '1': 247296, '2': 247296, '3': 236736, '4': 150144}",251581,5021184,1536,2472960,43de34f919fa7a688eadb66196417d77a9499f3a2ba425bf5fb3cd423453d0c2,437248,"[251135, 125516.8, 0, 36864]",1.300687792001554,C,7531008,"[247296, 7494144, 437248, 0, 0]",aggregate,/Users/futaoran/Desktop/华为杯2026/2026参赛工作区/2026华为杯idea冻结工作区/实验数据/v7_fast_equiv_20260927_0030,36864,AI_VERIFIED
148102,root1:v7_fast_equiv_20260927_0030,0.0,0,0,0.0,0,0,0,0,,0,0,0,A2_base,case_082,740108,1,73984,73984,740108,12336,0.47032224999929895,mps,566540,927702,{'0': 927702},716933,592006,25600,148102,11701b2961ed946ae2ce2feeeced5db9b2348bdb00540e343ca2b972886a460d,0,"[902802, 740108, 0]",0.41288716700000805,A,740108,"[927702, 740108, 0, 0, 0]",seed,/Users/futaoran/Desktop/华为杯2026/2026参赛工作区/2026华为杯idea冻结工作区/实验数据/v7_fast_equiv_20260927_0030,0,AI_VERIFIED
92160,root1:v7_fast_equiv_20260927_0030,0.0,0,0,0.0,0,0,0,0,,0,0,0,B2_aggregate,case_082,592006,1,0,0,592006,9867,0.873149208000541,mps,566406,927702,{'0': 927702},717975,592006,25600,0,88a29b168a284f5042da4bb3f162af0bb45f9e1416633e293e37db13e76e63c2,45638,"[717975, 684166, 92160]",0.837699290999808,B,684166,"[927702, 592006, 45638, 0, 0]",aggregate,/Users/futaoran/Desktop/华为杯2026/2026参赛工作区/2026华为杯idea冻结工作区/实验数据/v7_fast_equiv_20260927_0030,92160,AI_VERIFIED
0,root1:v7_fast_equiv_20260927_0030,0.0,0,0,0.0,566406,89,566406,89,,270728,0,0,incumbent_split_topo_g0_p4,case_082,592006,1,0,0,592006,9867,0.7041419580000365,mps,566406,927702,{'0': 927702},709534,592006,25600,0,96e8670b5bf365fa1e9c40d11e9d87f65fd7544edf798b73653839a82ccba189,0,"[709534, 9866.766666666666, 0, 0]",0.6682919169998058,C,592006,"[927702, 592006, 0, 0, -270728]",timing,/Users/futaoran/Desktop/华为杯2026/2026参赛工作区/2026华为杯idea冻结工作区/实验数据/v7_fast_equiv_20260927_0030,0,AI_VERIFIED
376592,root1:v7_fast_equiv_20260927_0030,0.0,0,0,0.0,0,0,0,0,,0,0,0,A2_base,case_082,968598,2,167168,154880,968598,16144,0.3983066670007247,mps,620950,470954,"{'0': 456748, '1': 470954}",713527,592006,25600,376592,7b2d7e24f26bd6e9e58b4bf0fc8a4c8242485a4d3f5bd385fcb96a53f8943fb9,0,"[902236, 968598, 0]",0.3789218330002768,A,968598,"[470954, 968598, 0, 0, 0]",seed,/Users/futaoran/Desktop/华为杯2026/2026参赛工作区/2026华为杯idea冻结工作区/实验数据/v7_fast_equiv_20260927_0030,0,AI_VERIFIED
2196228,root1:v7_fast_equiv_20260927_0030,0.0,0,0,0.0,0,0,0,0,,0,0,0,B3_base,case_082,2788234,2,1020288,1020288,2788234,46471,0.8212648749995424,mps,722058,472782,"{'0': 454920, '1': 472782}",712328,592006,25600,2196228,25f09a7ec231b5bc2bf2711bbd4206d00bed6bd95791b263560243df5f053584,0,"[712247, 2788234, 0]",0.8158626670010563,B,2788234,"[472782, 2788234, 0, 0, 0]",seed,/Users/futaoran/Desktop/华为杯2026/2026参赛工作区/2026华为杯idea冻结工作区/实验数据/v7_fast_equiv_20260927_0030,0,AI_VERIFIED
0,root1:v7_fast_equiv_20260927_0030,0.0,0,0,0.0,566406,89,566406,89,,0,0,0,C0_base,case_082,592006,2,0,0,592006,9867,0.6056079999998474,mps,566406,927702,{'0': 927702},721041,592006,25600,0,5418b918dfe588bdf36fbee04df5a7961639b246a7cb980d39f0d3d7776d483a,0,"[721041, 9866.766666666666, 0, 0]",0.660752958001467,C,592006,"[927702, 592006, 0, 0, 0]",seed,/Users/futaoran/Desktop/华为杯2026/2026参赛工作区/2026华为杯idea冻结工作区/实验数据/v7_fast_equiv_20260927_0030,0,AI_VERIFIED
2507492,root1:v7_fast_equiv_20260927_0030,0.0,0,0,0.0,0,0,0,0,,0,0,0,A3_base,case_082,3099498,3,1337120,1143584,3099498,51659,0.536550000000716,mps,593194,316965,"{'0': 304051, '1': 306686, '2': 316965}",709767,592006,25600,2507492,bfe75727e4c0463594c13cb3f46aa74dfe4af0ccfbc6bf09647351e4393a3452,0,"[890682, 3099498, 0]",0.39453737499934505,A,3099498,"[316965, 3099498, 0, 0, 0]",seed,/Users/futaoran/Desktop/华为杯2026/2026参赛工作区/2026华为杯idea冻结工作区/实验数据/v7_fast_equiv_20260927_0030,0,AI_VERIFIED
3879624,root1:v7_fast_equiv_20260927_0030,0.0,0,0,0.0,0,0,0,0,,0,0,0,B3_base,case_082,4471630,3,1789792,1789792,4471630,74528,0.8097401670002,mps,866446,321022,"{'0': 297292, '1': 321022, '2': 309388}",658039,592006,25600,3879624,ff4e3f0424e034a7a0a1d79e51ea2cc412bdc5b2b192b37743cfe2d1194152b2,0,"[657704, 4471630, 0]",0.7464787919998344,B,4471630,"[321022, 4471630, 0, 0, 0]",seed,/Users/futaoran/Desktop/华为杯2026/2026参赛工作区/2026华为杯idea冻结工作区/实验数据/v7_fast_equiv_20260927_0030,0,AI_VERIFIED
2481484,root1:v7_fast_equiv_20260927_0030,1777.1333333333332,138380,57,0.07602954152615102,1681702,688,1820082,745,,54852,140300,562,event_timing_tid_1000003013_miss_2_bytes_4096_core_1,case_082,3073490,3,1227808,1227808,2933190,48887,0.6296490420008922,mps,592274,390365,"{'0': 304051, '1': 390365, '2': 233286}",606773,592006,25600,2481484,b52dc6c63b7c1ebe93587a89b9fcf45ac439b6adec217a42802ece10fa6f96d0,0,"[605684, 48850.23333333333, -142476, 0]",0.5952642499996728,C,3073490,"[390365, 3073490, 0, -140300, -54852]",event_timing,/Users/futaoran/Desktop/华为杯2026/2026参赛工作区/2026华为杯idea冻结工作区/实验数据/v7_fast_equiv_20260927_0030,0,AI_VERIFIED
775706,root1:v7_fast_equiv_20260927_0030,0.0,0,0,0.0,0,0,0,0,,0,0,0,A2_base,case_082,1367712,4,338688,325120,1367712,22796,0.45194841700140387,mps,678304,248256,"{'0': 224586, '1': 224874, '2': 229986, '3': 248256}",712066,592006,25600,775706,1b223f8b0be5982c5193b5f26042a2f66b1740ca84c06bfd76d8e8d25d7d8169,0,"[907210, 1367712, 0]",0.31042654200064135,A,1367712,"[248256, 1367712, 0, 0, 0]",seed,/Users/futaoran/Desktop/华为杯2026/2026参赛工作区/2026华为杯idea冻结工作区/实验数据/v7_fast_equiv_20260927_0030,0,AI_VERIFIED
5394700,root1:v7_fast_equiv_20260927_0030,0.0,0,0,0.0,0,0,0,0,,0,0,0,B3_base,case_082,5986706,4,2506368,2506368,5986706,99779,0.8567533749992435,mps,948370,241315,"{'0': 241315, '1': 234448, '2': 218356, '3': 233583}",581815,592006,25600,5394700,857f5a1f7e95993abcd32fa92469aaf3e23c7b5658ac9a7565d9662ac400d988,0,"[581102, 5986706, 0]",0.8176440000006551,B,5986706,"[241315, 5986706, 0, 0, 0]",seed,/Users/futaoran/Desktop/华为杯2026/2026参赛工作区/2026华为杯idea冻结工作区/实验数据/v7_fast_equiv_20260927_0030,0,AI_VERIFIED
0,root1:v7_fast_equiv_20260927_0030,0.0,0,0,0.0,566406,89,566406,89,,0,0,0,C0_base,case_082,592006,4,0,0,592006,9867,0.6529205409988208,mps,566406,927702,{'0': 927702},721041,592006,25600,0,a17a5cf0a3b753c0b8ed61a302cd0b31b2abddf5de4ef710ce7790271031a1b1,0,"[721041, 9866.766666666666, 0, 0]",0.6306779170008667,C,592006,"[927702, 592006, 0, 0, 0]",seed,/Users/futaoran/Desktop/华为杯2026/2026参赛工作区/2026华为杯idea冻结工作区/实验数据/v7_fast_equiv_20260927_0030,0,AI_VERIFIED
5132392,root1:v7_fast_equiv_20260927_0030,0.0,0,0,0.0,0,0,0,0,,0,0,0,A3_base,case_082,5650670,5,2666688,2283264,5650670,94178,0.6511880420002853,mps,675118,198774,"{'0': 191267, '1': 188827, '2': 198774, '3': 198267, '4': 150567}",787704,592006,25600,5058664,c50c5ad1d45bae3110b6081b21b63ca352ef030caaccac0f8e578774caba02aa,0,"[860038, 5724398, 73728]",0.4914559589997225,A,5724398,"[198774, 5650670, 0, 0, 0]",seed,/Users/futaoran/Desktop/华为杯2026/2026参赛工作区/2026华为杯idea冻结工作区/实验数据/v7_fast_equiv_20260927_0030,73728,AI_VERIFIED
5224344,root1:v7_fast_equiv_20260927_0030,0.0,0,0,0.0,0,0,0,0,,0,0,0,B2_base,case_082,5754910,5,2527424,2527424,5754910,95916,0.7448797500001092,mps,674462,198774,"{'0': 191267, '1': 188827, '2': 198774, '3': 198267, '4': 150567}",596513,592006,25600,5162904,c50c5ad1d45bae3110b6081b21b63ca352ef030caaccac0f8e578774caba02aa,0,"[595470, 5816350, 61440]",0.6631434160008212,B,5816350,"[198774, 5754910, 0, 0, 0]",seed,/Users/futaoran/Desktop/华为杯2026/2026参赛工作区/2026华为杯idea冻结工作区/实验数据/v7_fast_equiv_20260927_0030,61440,AI_VERIFIED
5216152,root1:v7_fast_equiv_20260927_0030,5650.574666666666,491216,204,0.1521494435513596,2737294,1171,3197790,1375,,48810,446098,1785,incumbent_disperse_tid_1000001471_node_2686_core_0_pos_2,case_082,5746718,5,2523328,2523328,5300620,88344,0.7631209579994902,mps,674462,198267,"{'0': 195387, '1': 188827, '2': 194654, '3': 198267, '4': 150567}",592853,592006,25600,5154712,759509ef372ba663a489b03cf13e210f0d3e0a3c2117647358ac0c4907cbcc7b,0,"[591818, 88615.7, -491216, 61440]",1.8986604159999843,C,5808158,"[198267, 5746718, 0, -446098, -48810]",disperse,/Users/futaoran/Desktop/华为杯2026/2026参赛工作区/2026华为杯idea冻结工作区/实验数据/v7_fast_equiv_20260927_0030,61440,AI_VERIFIED
84966,root1:v7_fast_equiv_20260927_0030,0.0,0,0,0.0,0,0,0,0,,0,0,0,A2_base,case_086,422988,1,42432,42432,422988,7050,0.5770017089998873,mps,321228,157242,{'0': 157242},118296,338022,16896,84966,bd38819bb058ab4a1468c670003d155cc6aa63dcbb060d88c15bcc7ddb4657a1,0,"[155099, 422988, 0]",0.5383962500000052,A,422988,"[157242, 422988, 0, 0, 0]",seed,/Users/futaoran/Desktop/华为杯2026/2026参赛工作区/2026华为杯idea冻结工作区/实验数据/v7_fast_equiv_20260927_0030,0,AI_VERIFIED
0,root1:v7_fast_equiv_20260927_0030,0.0,0,0,0.0,0,0,0,0,,0,0,0,B2_aggregate,case_086,338022,1,0,0,338022,5634,0.9614556659998925,mps,321126,157242,{'0': 157242},115732,338022,16896,0,6a801b2754e640423dfe4de0bd5787e1ea4566cb30f1c3c79fddf44110d56dd1,0,"[115732, 338022, 0]",0.9931297080001968,B,338022,"[157242, 338022, 0, 0, 0]",aggregate,/Users/futaoran/Desktop/华为杯2026/2026参赛工作区/2026华为杯idea冻结工作区/实验数据/v7_fast_equiv_20260927_0030,0,AI_VERIFIED
0,root1:v7_fast_equiv_20260927_0030,0.0,0,0,0.0,321126,90,321126,90,,482914,0,0,incumbent_split_release_g0_p4,case_086,338022,1,0,0,338022,5634,1.0019692499990924,mps,321126,157242,{'0': 157242},114476,338022,16896,0,6763c277ae9b6cb1021009c52d608c14902675ee4d95dcfc20370072cbd081e1,0,"[114476, 5633.7, 0, 0]",0.9786572499997419,C,338022,"[157242, 338022, 0, 0, -482914]",timing,/Users/futaoran/Desktop/华为杯2026/2026参赛工作区/2026华为杯idea冻结工作区/实验数据/v7_fast_equiv_20260927_0030,0,AI_VERIFIED
268624,root1:v7_fast_equiv_20260927_0030,0.0,0,0,0.0,0,0,0,0,,0,0,0,A2_base,case_086,606646,2,125760,125760,606646,10111,0.4960210000008374,mps,338230,81339,"{'0': 81339, '1': 75903}",118778,338022,16896,268624,39e9507cd43bbbef10a2d6683cddf94136facdefa489c4097237d6f68f791410,0,"[157724, 606646, 0]",0.40474729200104775,A,606646,"[81339, 606646, 0, 0, 0]",seed,/Users/futaoran/Desktop/华为杯2026/2026参赛工作区/2026华为杯idea冻结工作区/实验数据/v7_fast_equiv_20260927_0030,0,AI_VERIFIED
809190,root1:v7_fast_equiv_20260927_0030,0.0,0,0,0.0,0,0,0,0,,0,0,0,L2_base,case_086,1147212,2,403008,403008,1147212,19121,0.8385388749993581,mps,324300,79415,"{'0': 79415, '1': 77827}",119261,338022,16896,809190,b43320a74622c78daaad9eaa991b9e61117e2e9f944f913d79a6a1514b9566bf,0,"[119221, 1147212, 0]",0.8266041249989939,B,1147212,"[79415, 1147212, 0, 0, 0]",legacy_seed,/Users/futaoran/Desktop/华为杯2026/2026参赛工作区/2026华为杯idea冻结工作区/实验数据/v7_fast_equiv_20260927_0030,0,AI_VERIFIED
0,root1:v7_fast_equiv_20260927_0030,0.0,0,0,0.0,321126,90,321126,90,,114140,0,0,incumbent_split_topo_g0_p4,case_086,338022,2,0,0,338022,5634,1.0085477499997069,mps,321126,157242,{'0': 157242},115496,338022,16896,0,98707fc64d35f98e485c2934c1301b508b960fde29a6d244806c7e562e25b024,0,"[115496, 5633.7, 0, 0]",1.034752125000523,C,338022,"[157242, 338022, 0, 0, -114140]",timing,/Users/futaoran/Desktop/华为杯2026/2026参赛工作区/2026华为杯idea冻结工作区/实验数据/v7_fast_equiv_20260927_0030,0,AI_VERIFIED
322392,root1:v7_fast_equiv_20260927_0030,0.0,0,0,0.0,0,0,0,0,,0,0,0,A2_base,case_086,660414,3,169536,135744,660414,11007,0.519672124999488,mps,338238,52414,"{'0': 52414, '1': 52414, '2': 52414}",120935,338022,16896,322392,038275483661814298d353ebe399e4f3c55d241033f867dbf0175b854605735c,0,"[160160, 660414, 0]",0.41285783300008916,A,660414,"[52414, 660414, 0, 0, 0]",seed,/Users/futaoran/Desktop/华为杯2026/2026参赛工作区/2026华为杯idea冻结工作区/实验数据/v7_fast_equiv_20260927_0030,0,AI_VERIFIED
772810,root1:v7_fast_equiv_20260927_0030,0.0,0,0,0.0,0,0,0,0,,0,0,0,L2_base,case_086,1110832,3,377856,377856,1110832,18514,0.7099812500000553,mps,338224,54704,"{'0': 50124, '1': 54704, '2': 52414}",121094,338022,16896,772810,45aeb0a9a502963602f721309259b33abdd0f8d49f26b1e932fb7eba3e81a51d,0,"[121051, 1110832, 0]",0.7071199999991222,B,1110832,"[54704, 1110832, 0, 0, 0]",legacy_seed,/Users/futaoran/Desktop/华为杯2026/2026参赛工作区/2026华为杯idea冻结工作区/实验数据/v7_fast_equiv_20260927_0030,0,AI_VERIFIED
0,root1:v7_fast_equiv_20260927_0030,0.0,0,0,0.0,321126,90,321126,90,,114140,0,0,incumbent_split_topo_g0_p4,case_086,338022,3,0,0,338022,5634,0.9654917919997388,mps,321126,157242,{'0': 157242},115496,338022,16896,0,422d5f729eacba5ec290a6da17eeeef33249e2a893cc0bcab0287de1ba05fd39,0,"[115496, 5633.7, 0, 0]",0.9804140420001204,C,338022,"[157242, 338022, 0, 0, -114140]",timing,/Users/futaoran/Desktop/华为杯2026/2026参赛工作区/2026华为杯idea冻结工作区/实验数据/v7_fast_equiv_20260927_0030,0,AI_VERIFIED
439126,root1:v7_fast_equiv_20260927_0030,0.0,0,0,0.0,0,0,0,0,,0,0,0,A2_base,case_086,777148,4,212544,202560,777148,12953,0.5723964579992753,mps,345148,44836,"{'0': 40897, '1': 44836, '2': 34422, '3': 37087}",109864,338022,16896,439126,bad3345940b9810ce86200b5e3fecb630258752847b9e2ecf9815d05fa8374a2,0,"[144753, 777148, 0]",0.41746395799964375,A,777148,"[44836, 777148, 0, 0, 0]",seed,/Users/futaoran/Desktop/华为杯2026/2026参赛工作区/2026华为杯idea冻结工作区/实验数据/v7_fast_equiv_20260927_0030,0,AI_VERIFIED
2338508,root1:v7_fast_equiv_20260927_0030,0.0,0,0,0.0,0,0,0,0,,0,0,0,B3_base,case_086,2676530,4,1118560,1118560,2676530,44609,0.988295625000319,mps,422514,44609,"{'0': 40162, '1': 34635, '2': 39942, '3': 42503}",107702,338022,16896,2338508,84f935cd974063b2664dbce5398211136c2dd09d374e8e6f03fb03caad5b4b01,0,"[106974, 2676530, 0]",0.8544619580006838,B,2676530,"[44609, 2676530, 0, 0, 0]",seed,/Users/futaoran/Desktop/华为杯2026/2026参赛工作区/2026华为杯idea冻结工作区/实验数据/v7_fast_equiv_20260927_0030,0,AI_VERIFIED
398416,root1:v7_fast_equiv_20260927_0030,304.2026666666667,24016,21,0.04511385537868513,508326,238,532342,259,,175038,24016,97,incumbent_split_release_g0_p4,case_086,736438,4,187200,187200,712422,11874,0.49841612499949406,mps,345142,44836,"{'0': 40897, '1': 44836, '2': 34422, '3': 37087}",88995,338022,16896,398416,e8832fde90ce1d4849a67920eb9dc7626dd5c9cd4faf3316c88d3da61113a333,0,"[88841, 11873.7, -24016, 0]",0.5177608330013754,C,736438,"[44836, 736438, 0, -24016, -175038]",timing,/Users/futaoran/Desktop/华为杯2026/2026参赛工作区/2026华为杯idea冻结工作区/实验数据/v7_fast_equiv_20260927_0030,0,AI_VERIFIED
581406,root1:v7_fast_equiv_20260927_0030,0.0,0,0,0.0,0,0,0,0,,0,0,0,A2_base,case_086,919428,5,287136,258720,919428,15324,0.5728024580002966,mps,356676,35479,"{'0': 27883, '1': 34792, '2': 35479, '3': 30163, '4': 28925}",125113,338022,16896,581406,c451a3539a01e056f144dec7f562754511a92aaf0b414eb991928e882c42ec40,0,"[166033, 919428, 0]",0.411103667000134,A,919428,"[35479, 919428, 0, 0, 0]",seed,/Users/futaoran/Desktop/华为杯2026/2026参赛工作区/2026华为杯idea冻结工作区/实验数据/v7_fast_equiv_20260927_0030,0,AI_VERIFIED
1780722,root1:v7_fast_equiv_20260927_0030,0.0,0,0,0.0,0,0,0,0,,0,0,0,L2_base,case_086,2118744,5,881712,881712,2118744,35313,0.8274384579999605,mps,338424,42549,"{'0': 31136, '1': 33099, '2': 23861, '3': 42549, '4': 26597}",119704,338022,16896,1780722,99777f7fc3b8390f482d8a01b75b4bf62b4e6b7f465f9360ce78848239e8c0d6,0,"[118760, 2118744, 0]",0.6842466660000355,B,2118744,"[42549, 2118744, 0, 0, 0]",legacy_seed,/Users/futaoran/Desktop/华为杯2026/2026参赛工作区/2026华为杯idea冻结工作区/实验数据/v7_fast_equiv_20260927_0030,0,AI_VERIFIED
0,root1:v7_fast_equiv_20260927_0030,0.0,0,0,0.0,321126,90,321126,90,,114140,0,0,incumbent_split_topo_g0_p4,case_086,338022,5,0,0,338022,5634,0.8012061659992469,mps,321126,157242,{'0': 157242},115496,338022,16896,0,66468420d768c8cfa6a17e36c4552435b28de0b26b7ecae406e11befb2e15d17,0,"[115496, 5633.7, 0, 0]",0.7873662500005594,C,338022,"[157242, 338022, 0, 0, -114140]",timing,/Users/futaoran/Desktop/华为杯2026/2026参赛工作区/2026华为杯idea冻结工作区/实验数据/v7_fast_equiv_20260927_0030,0,AI_VERIFIED
0,root1:v7_fast_equiv_20260927_0030,0.0,0,0,0.0,0,0,0,0,,0,0,0,A2_base,case_098,697994,1,0,0,697994,11634,0.13048108399925695,mps,697912,179997,{'0': 179997},177600,697994,82,0,07a1dc5dbe380054421293bffb9d698343600269268cacbd7f77b556d484b6a9,0,"[186535, 697994, 0]",0.09507662500072911,A,697994,"[179997, 697994, 0, 0, 0]",seed,/Users/futaoran/Desktop/华为杯2026/2026参赛工作区/2026华为杯idea冻结工作区/实验数据/v7_fast_equiv_20260927_0030,0,AI_VERIFIED
364588,root1:v7_fast_equiv_20260927_0030,0.0,0,0,0.0,0,0,0,0,,0,0,0,L3_base,case_098,697994,1,0,0,697994,11634,0.1916004589984368,mps,697912,179997,{'0': 179997},176752,697994,82,0,14c0c164161f5ddc567836d50ab0a1f5e57175de8748cfbe8aac5cff9bba2b23,225310,"[176746, 1062582, 364588]",0.15194233399961377,B,1062582,"[179997, 697994, 225310, 0, 0]",legacy_seed,/Users/futaoran/Desktop/华为杯2026/2026参赛工作区/2026华为杯idea冻结工作区/实验数据/v7_fast_equiv_20260927_0030,364588,AI_VERIFIED
385068,root1:v7_fast_equiv_20260927_0030,0.0,24576,0,0.02722396630679691,878158,147,697912,147,,438272,0,0,incumbent_aggregate,case_098,697994,1,0,0,697994,11634,0.1605093329999363,mps,697912,179997,{'0': 179997},174782,697994,82,0,a7f409a5d0d151fa7ee4e3dfe41009630b1e313894ee3ec5586616a28342b2cf,213002,"[174782, 17641.433333333334, -24576, 385068]",0.18023504200027674,C,1083062,"[179997, 697994, 213002, 0, -438272]",aggregate,/Users/futaoran/Desktop/华为杯2026/2026参赛工作区/2026华为杯idea冻结工作区/实验数据/v7_fast_equiv_20260927_0030,385068,AI_VERIFIED
0,root1:v7_fast_equiv_20260927_0030,0.0,0,0,0.0,0,0,0,0,,0,0,0,L1_base,case_098,697994,2,0,0,697994,11634,0.1467526659998839,mps,697912,90066,"{'0': 89931, '1': 90066}",90360,697994,82,0,2c048dde43379d0ce7775b23f528d8c916abb93ac83a11ad48d32dbb6b6d2a1f,0,"[94185, 697994, 0]",0.11052745799861441,A,697994,"[90066, 697994, 0, 0, 0]",legacy_seed,/Users/futaoran/Desktop/华为杯2026/2026参赛工作区/2026华为杯idea冻结工作区/实验数据/v7_fast_equiv_20260927_0030,0,AI_VERIFIED
0,root1:v7_fast_equiv_20260927_0030,0.0,0,0,0.0,0,0,0,0,,0,0,0,L1_base,case_098,697994,2,0,0,697994,11634,0.15967958299916063,mps,697912,90066,"{'0': 89931, '1': 90066}",90360,697994,82,0,2c048dde43379d0ce7775b23f528d8c916abb93ac83a11ad48d32dbb6b6d2a1f,0,"[90086, 697994, 0]",0.13152741699923354,B,697994,"[90066, 697994, 0, 0, 0]",legacy_seed,/Users/futaoran/Desktop/华为杯2026/2026参赛工作区/2026华为杯idea冻结工作区/实验数据/v7_fast_equiv_20260927_0030,0,AI_VERIFIED
0,root1:v7_fast_equiv_20260927_0030,0.0,0,0,0.0,697912,147,697912,147,,0,0,0,C0_base,case_098,697994,2,0,0,697994,11634,0.15452266700049222,mps,697912,179997,{'0': 179997},177430,697994,82,0,0304b1737706f41ba4df5bdc00a10a5dcde72ec05ce24388d7206a640c574d9b,0,"[177430, 11633.233333333334, 0, 0]",0.15868420800143213,C,697994,"[179997, 697994, 0, 0, 0]",seed,/Users/futaoran/Desktop/华为杯2026/2026参赛工作区/2026华为杯idea冻结工作区/实验数据/v7_fast_equiv_20260927_0030,0,AI_VERIFIED
507972,root1:v7_fast_equiv_20260927_0030,0.0,0,0,0.0,0,0,0,0,,0,0,0,A2_base,case_098,1205966,3,34,34,1205966,20100,0.13270016700153064,mps,1205816,67419,"{'0': 53100, '1': 67419, '2': 59478}",113962,697994,82,507972,cd84baf3acf82c01f7d0b7bee3706bd2996d684e1a562d348d675827f05b622a,0,"[121763, 1205966, 0]",0.1195217499989667,A,1205966,"[67419, 1205966, 0, 0, 0]",seed,/Users/futaoran/Desktop/华为杯2026/2026参赛工作区/2026华为杯idea冻结工作区/实验数据/v7_fast_equiv_20260927_0030,0,AI_VERIFIED
2395384,root1:v7_fast_equiv_20260927_0030,0.0,0,0,0.0,0,0,0,0,,0,0,0,L3_base,case_098,2901826,3,802906,802906,2901826,48364,0.2246063749989844,mps,1295932,61505,"{'0': 60091, '1': 58401, '2': 61505}",157501,697994,82,2203832,43199def38e7d31729c267bfdcc3bf6edaff20f6ddbd9ee7e1145fdfeb9d2768,101472,"[155459, 3093378, 191552]",0.2261279589984042,B,3093378,"[61505, 2901826, 101472, 0, 0]",legacy_seed,/Users/futaoran/Desktop/华为杯2026/2026参赛工作区/2026华为杯idea冻结工作区/实验数据/v7_fast_equiv_20260927_0030,191552,AI_VERIFIED
0,root1:v7_fast_equiv_20260927_0030,0.0,0,0,0.0,697912,147,697912,147,,0,0,0,C0_base,case_098,697994,3,0,0,697994,11634,0.1802027920002729,mps,697912,179997,{'0': 179997},177430,697994,82,0,56d64cbfe69d37e4ed4ecf1ef69f55244490e14d8293718c1ce10bb3652e496e,0,"[177430, 11633.233333333334, 0, 0]",0.143287708000571,C,697994,"[179997, 697994, 0, 0, 0]",seed,/Users/futaoran/Desktop/华为杯2026/2026参赛工作区/2026华为杯idea冻结工作区/实验数据/v7_fast_equiv_20260927_0030,0,AI_VERIFIED
491620,root1:v7_fast_equiv_20260927_0030,0.0,0,0,0.0,0,0,0,0,,0,0,0,L2_base,case_098,1189614,4,65586,65586,1189614,19827,0.13998329199966975,mps,1058360,52208,"{'0': 42003, '1': 38178, '2': 52208, '3': 47608}",183541,697994,82,491620,6f80947e9844958c2afd18e3d71eea6ba8d9df6f55012034d5bfd47088032a39,0,"[195954, 1189614, 0]",0.1306440409989591,A,1189614,"[52208, 1189614, 0, 0, 0]",legacy_seed,/Users/futaoran/Desktop/华为杯2026/2026参赛工作区/2026华为杯idea冻结工作区/实验数据/v7_fast_equiv_20260927_0030,0,AI_VERIFIED
3729832,root1:v7_fast_equiv_20260927_0030,0.0,0,0,0.0,0,0,0,0,,0,0,0,B3_base,case_098,3434346,4,1130608,1130608,3434346,57240,0.24027312500038533,mps,1173048,57240,"{'0': 53601, '1': 56265, '2': 45001, '3': 25130}",143357,697994,82,2736352,08122cd2150614aca046895a818b488fdd39fa336db88c23c5bc996617c5022b,302244,"[138410, 4427826, 993480]",0.1848868750003021,B,4427826,"[57240, 3434346, 302244, 0, 0]",seed,/Users/futaoran/Desktop/华为杯2026/2026参赛工作区/2026华为杯idea冻结工作区/实验数据/v7_fast_equiv_20260927_0030,993480,AI_VERIFIED
0,root1:v7_fast_equiv_20260927_0030,0.0,0,0,0.0,697912,147,697912,147,,0,0,0,C0_base,case_098,697994,4,0,0,697994,11634,0.17494241600070382,mps,697912,179997,{'0': 179997},177430,697994,82,0,3a3f4ed971f2fa5c3cdb198b72e726bef208990cd6374b066ce379d73e7c85f5,0,"[177430, 11633.233333333334, 0, 0]",0.1827594999995199,C,697994,"[179997, 697994, 0, 0, 0]",seed,/Users/futaoran/Desktop/华为杯2026/2026参赛工作区/2026华为杯idea冻结工作区/实验数据/v7_fast_equiv_20260927_0030,0,AI_VERIFIED
643488,root1:v7_fast_equiv_20260927_0030,0.0,0,0,0.0,0,0,0,0,,0,0,0,L2_base,case_098,1341482,5,57552,57552,1341482,22359,0.17929383299997426,mps,1226296,40967,"{'0': 32891, '1': 32891, '2': 34569, '3': 40967, '4': 38679}",186002,697994,82,643488,8ba24e87801858560ec69e75e63247ddeb355f6df5d0fd1d073aa690ce856c15,0,"[199924, 1341482, 0]",0.12321516600059113,A,1341482,"[40967, 1341482, 0, 0, 0]",legacy_seed,/Users/futaoran/Desktop/华为杯2026/2026参赛工作区/2026华为杯idea冻结工作区/实验数据/v7_fast_equiv_20260927_0030,0,AI_VERIFIED
4208964,root1:v7_fast_equiv_20260927_0030,0.0,0,0,0.0,0,0,0,0,,0,0,0,B3_base,case_098,3809198,5,1293458,1293458,3809198,63487,0.23239308299889672,mps,1222200,63487,"{'0': 60204, '1': 59766, '2': 60027}",175063,697994,82,3111204,82ffa0430b66993f7683a0e6234ecf7fdc97e7b1517250bcc1ac47d35acc2d12,315394,"[164444, 4906958, 1097760]",0.19315212500077905,B,4906958,"[63487, 3809198, 315394, 0, 0]",seed,/Users/futaoran/Desktop/华为杯2026/2026参赛工作区/2026华为杯idea冻结工作区/实验数据/v7_fast_equiv_20260927_0030,1097760,AI_VERIFIED
0,root1:v7_fast_equiv_20260927_0030,0.0,0,0,0.0,697912,147,697912,147,,0,0,0,C0_base,case_098,697994,5,0,0,697994,11634,0.1725962909986265,mps,697912,179997,{'0': 179997},177430,697994,82,0,74c0b6b89f08aaf334a2ee8003e2858ddc141de7b0acdf68ea5dd6e5dca74d71,0,"[177430, 11633.233333333334, 0, 0]",0.15395449999959965,C,697994,"[179997, 697994, 0, 0, 0]",seed,/Users/futaoran/Desktop/华为杯2026/2026参赛工作区/2026华为杯idea冻结工作区/实验数据/v7_fast_equiv_20260927_0030,0,AI_VERIFIED
4702208,root1:v7_fast_equiv_20260927_0030,0.0,0,0,0.0,0,0,0,0,,0,0,0,A2_base,case_021,4157440,1,0,0,4157440,69291,0.8381971250000788,mps,3174400,6975360,{'0': 6975360},6520170,3338240,983040,819200,f41da1735dd0ebd2c04290f40f61bd33814840239d9c2a31f6001a41399d4946,768000,"[6632552, 8040448, 3883008]",0.7211394170008134,A,8040448,"[6975360, 4157440, 768000, 0, 0]",seed,/Users/futaoran/Desktop/华为杯2026/2026参赛工作区/2026华为杯idea冻结工作区/实验数据/v7_fast_equiv_20260927_0030,3883008,AI_VERIFIED
40472576,root1:v7_fast_equiv_20260927_0030,0.0,0,0,0.0,0,0,0,0,,0,0,0,B3_base,case_021,3338240,1,0,0,3338240,55638,1.208518167000875,mps,2355200,6975360,{'0': 6975360},6732936,3338240,983040,0,6f5bb6dc93ed8686f77986b8c560762752ea924b4dfdb402806944de430592f9,20350976,"[6721445, 43810816, 40472576]",1.1577631669988477,B,43810816,"[6975360, 3338240, 20350976, 0, 0]",seed,/Users/futaoran/Desktop/华为杯2026/2026参赛工作区/2026华为杯idea冻结工作区/实验数据/v7_fast_equiv_20260927_0030,40472576,AI_VERIFIED
4501504,root1:v7_fast_equiv_20260927_0030,0.0,3432448,0,0.5005973715651135,3424256,450,2355200,450,,0,0,0,incumbent_base,case_021,3338240,1,0,0,3338240,55638,0.9484909579987288,mps,2355200,6975360,{'0': 6975360},6558837,3338240,983040,0,75c76d7ca84bf5240860631260ea9acadc6a6a12f28c2b338762b8ba1f477e40,768000,"[6558532, 73454.93333333333, -3432448, 4501504]",0.9618959159997758,C,7839744,"[6975360, 3338240, 768000, 0, 0]",incumbent,/Users/futaoran/Desktop/华为杯2026/2026参赛工作区/2026华为杯idea冻结工作区/实验数据/v7_fast_equiv_20260927_0030,4501504,AI_VERIFIED
5222400,root1:v7_fast_equiv_20260927_0030,0.0,0,0,0.0,0,0,0,0,,0,0,0,A2_base,case_021,6103040,2,0,0,6103040,101718,0.7489410840007622,mps,5120000,3487680,"{'0': 3487680, '1': 3487680}",3254358,3338240,983040,2764800,c199ff4e72c720b20b9ecb24373eae8976425f9028cf5851ee123ccb8d7ebc38,1536000,"[3315694, 8560640, 2457600]",0.6359051250001357,A,8560640,"[3487680, 6103040, 1536000, 0, 0]",seed,/Users/futaoran/Desktop/华为杯2026/2026参赛工作区/2026华为杯idea冻结工作区/实验数据/v7_fast_equiv_20260927_0030,2457600,AI_VERIFIED
45944832,root1:v7_fast_equiv_20260927_0030,0.0,0,0,0.0,0,0,0,0,,0,0,0,B3_base,case_021,28909568,2,12017664,12017664,28909568,481827,1.1862798749989452,mps,3891200,3947472,"{'0': 3027888, '1': 3947472}",3696878,3338240,983040,25571328,30160b15fc75ecbd5ae9da449b925c4c913c5b3e2112585a75ee96dd13f8bd97,10278912,"[3690098, 49283072, 20373504]",1.0655488329994114,B,49283072,"[3947472, 28909568, 10278912, 0, 0]",seed,/Users/futaoran/Desktop/华为杯2026/2026参赛工作区/2026华为杯idea冻结工作区/实验数据/v7_fast_equiv_20260927_0030,20373504,AI_VERIFIED
4501504,root1:v7_fast_equiv_20260927_0030,0.0,3432448,0,0.5005973715651135,3424256,450,2355200,450,,0,0,0,C0_base,case_021,3338240,2,0,0,3338240,55638,0.9977939169984893,mps,2355200,6975360,{'0': 6975360},6558837,3338240,983040,0,84b256dbe0b4d9b033959a2cc62ef7defce053555d3d8dc934eeadca0b1c5d94,768000,"[6558532, 73454.93333333333, -3432448, 4501504]",1.0229183329993248,C,7839744,"[6975360, 3338240, 768000, 0, 0]",seed,/Users/futaoran/Desktop/华为杯2026/2026参赛工作区/2026华为杯idea冻结工作区/实验数据/v7_fast_equiv_20260927_0030,4501504,AI_VERIFIED
6144000,root1:v7_fast_equiv_20260927_0030,0.0,0,0,0.0,0,0,0,0,,0,0,0,A2_base,case_021,8048640,3,0,0,8048640,134144,0.9301909170008003,mps,7065600,2441376,"{'0': 2266992, '1': 2266992, '2': 2441376}",2226576,3338240,983040,4710400,ebdbac940e037c773c7dbeb75cea8d3201e7d462f3381ddeef8a0d8b551895b2,2304000,"[2293186, 9482240, 1433600]",0.5322603330005222,A,9482240,"[2441376, 8048640, 2304000, 0, 0]",seed,/Users/futaoran/Desktop/华为杯2026/2026参赛工作区/2026华为杯idea冻结工作区/实验数据/v7_fast_equiv_20260927_0030,1433600,AI_VERIFIED
73445376,root1:v7_fast_equiv_20260927_0030,0.0,0,0,0.0,0,0,0,0,,0,0,0,L2_base,case_021,76783616,3,36372480,36372480,76783616,1279727,1.5062383750009758,mps,3055616,2392944,"{'0': 2291208, '1': 2291208, '2': 2392944}",2907003,3338240,983040,73445376,edb5fd95bde9f7be651d69a997f164924c12fb7b320cfa7bc5e5991cc06c2f2a,0,"[2601884, 76783616, 0]",1.3971822919993429,B,76783616,"[2392944, 76783616, 0, 0, 0]",legacy_seed,/Users/futaoran/Desktop/华为杯2026/2026参赛工作区/2026华为杯idea冻结工作区/实验数据/v7_fast_equiv_20260927_0030,0,AI_VERIFIED
8163328,root1:v7_fast_equiv_20260927_0030,17691.98933333333,5926912,294,0.5634735202492211,4591616,1056,7065600,1350,,5701632,1396736,5587,incumbent_split_topo_g1_p4,case_021,8048640,3,0,0,6651904,110866,1.0537313749991881,mps,7065600,2354184,"{'0': 2354184, '1': 2354184, '2': 2266992}",2142612,3338240,983040,4710400,f2b50f8724152300e3c71667a1266c5280316fc21dc4abeb5447ed96ceac1063,2304000,"[2141974, 92910.93333333333, -5926912, 3452928]",0.8677271250016929,C,11501568,"[2354184, 8048640, 2304000, -1396736, -5701632]",timing,/Users/futaoran/Desktop/华为杯2026/2026参赛工作区/2026华为杯idea冻结工作区/实验数据/v7_fast_equiv_20260927_0030,3452928,AI_VERIFIED
6656000,root1:v7_fast_equiv_20260927_0030,0.0,0,0,0.0,0,0,0,0,,0,0,0,A2_base,case_021,9994240,4,0,0,9994240,166571,0.7854422500004148,mps,9011200,1743840,"{'0': 1743840, '1': 1743840, '2': 1743840, '3': 1743840}",1552748,3338240,983040,6656000,309ae81b589998c44cb938a80c77a385b68b613e308ba8a8492dc6d268389d5f,3072000,"[1618930, 9994240, 0]",0.6810974169984547,A,9994240,"[1743840, 9994240, 3072000, 0, 0]",seed,/Users/futaoran/Desktop/华为杯2026/2026参赛工作区/2026华为杯idea冻结工作区/实验数据/v7_fast_equiv_20260927_0030,0,AI_VERIFIED
82659328,root1:v7_fast_equiv_20260927_0030,0.0,0,0,0.0,0,0,0,0,,0,0,0,L2_base,case_021,71442432,4,33669120,33669120,71442432,1190708,1.9385956669993902,mps,3121152,1824480,"{'0': 1824480, '1': 1716960, '2': 1716960, '3': 1716960}",2620944,3338240,983040,68104192,9fc41b41a835c8e4f2ad9b53c73a142ba991f9d985cbecf581cda6eda9a7ff17,6320128,"[2017723, 85997568, 14555136]",1.7034640829988348,B,85997568,"[1824480, 71442432, 6320128, 0, 0]",legacy_seed,/Users/futaoran/Desktop/华为杯2026/2026参赛工作区/2026华为杯idea冻结工作区/实验数据/v7_fast_equiv_20260927_0030,14555136,AI_VERIFIED
8163328,root1:v7_fast_equiv_20260927_0030,17691.98933333333,5926912,294,0.5634735202492211,4591616,1056,7065600,1350,,5701632,1396736,5587,lower_core_base,case_021,8048640,4,0,0,6651904,110866,1.434831500000655,mps,7065600,2354184,"{'0': 2354184, '1': 2354184, '2': 2266992}",2142612,3338240,983040,4710400,fc465844f404d21001d9252d290a749338c5812a5e174018cfa5d135cd895711,2304000,"[2141974, 92910.93333333333, -5926912, 3452928]",1.1758901249995688,C,11501568,"[2354184, 8048640, 2304000, -1396736, -5701632]",lower_core,/Users/futaoran/Desktop/华为杯2026/2026参赛工作区/2026华为杯idea冻结工作区/实验数据/v7_fast_equiv_20260927_0030,3452928,AI_VERIFIED
7372800,root1:v7_fast_equiv_20260927_0030,0.0,0,0,0.0,0,0,0,0,,0,0,0,A2_base,case_021,10711040,5,0,0,10711040,178518,0.9646521670001675,mps,9728000,1395072,"{'0': 1395072, '1': 1395072, '2': 1395072, '3': 1395072, '4': 1395072}",1243902,3338240,983040,7372800,5dc2134b089a323de927fc6612f81be84ed5d5b1378552cdf9efe67aa6ca51d7,3328000,"[1297256, 10711040, 0]",0.8854302500003541,A,10711040,"[1395072, 10711040, 3328000, 0, 0]",seed,/Users/futaoran/Desktop/华为杯2026/2026参赛工作区/2026华为杯idea冻结工作区/实验数据/v7_fast_equiv_20260927_0030,0,AI_VERIFIED
86595584,root1:v7_fast_equiv_20260927_0030,0.0,0,0,0.0,0,0,0,0,,0,0,0,L2_base,case_021,78868480,5,37060608,37060608,78868480,1314475,2.0032060839985206,mps,3764224,1481088,"{'0': 1481088, '1': 1373568, '2': 1373568, '3': 1373568, '4': 1373568}",2304492,3338240,983040,75530240,ad78a3c780bcd3712c3a20c88a4f248dc74c5a44d2a9f02f44937480bb4c930d,5013504,"[1495811, 89933824, 11065344]",1.8192686249985854,B,89933824,"[1481088, 78868480, 5013504, 0, 0]",legacy_seed,/Users/futaoran/Desktop/华为杯2026/2026参赛工作区/2026华为杯idea冻结工作区/实验数据/v7_fast_equiv_20260927_0030,11065344,AI_VERIFIED
4608000,root1:v7_fast_equiv_20260927_0030,0.0,0,0,0.0,6963200,1200,6963200,1200,,0,0,0,lower_core_base,case_021,7946240,5,0,0,7946240,132438,0.6337401659984607,mps,6963200,1743840,"{'0': 1743840, '1': 1743840, '2': 1743840, '3': 1743840}",1550324,3338240,983040,4608000,9b7f2a893e650ab8c1dcfede7deec91f26bea1c50059799d9ab55c846e936529,614400,"[1549193, 132437.33333333334, 0, 0]",0.6262895420004497,C,7946240,"[1743840, 7946240, 614400, 0, 0]",lower_core,/Users/futaoran/Desktop/华为杯2026/2026参赛工作区/2026华为杯idea冻结工作区/实验数据/v7_fast_equiv_20260927_0030,0,AI_VERIFIED
3829248,root1:v7_fast_equiv_20260927_0030,0.0,0,0,0.0,0,0,0,0,,0,0,0,A2_base,case_031,3874640,1,0,0,3874640,64578,0.8482792909999262,mps,3874420,1555517,{'0': 1555517},1410105,2185040,220,1689600,c3826635ecfb32dc1b8ed22df9f3bc72e1683880168140bc905246eced27490c,1402880,"[1545659, 6014288, 2139648]",0.8090028749993508,A,6014288,"[1555517, 3874640, 1402880, 0, 0]",seed,/Users/futaoran/Desktop/华为杯2026/2026参赛工作区/2026华为杯idea冻结工作区/实验数据/v7_fast_equiv_20260927_0030,2139648,AI_VERIFIED
9935360,root1:v7_fast_equiv_20260927_0030,0.0,0,0,0.0,0,0,0,0,,0,0,0,L2_base,case_031,2185040,1,0,0,2185040,36418,1.8323919580016081,mps,2184820,1555517,{'0': 1555517},1451482,2185040,220,0,711ba402332cde2f6845be62bdc91014f7d287b4e7372063bbbdd8ce81c35506,4245376,"[1448607, 12120400, 9935360]",1.9904239999996207,B,12120400,"[1555517, 2185040, 4245376, 0, 0]",legacy_seed,/Users/futaoran/Desktop/华为杯2026/2026参赛工作区/2026华为杯idea冻结工作区/实验数据/v7_fast_equiv_20260927_0030,9935360,AI_VERIFIED
3491328,root1:v7_fast_equiv_20260927_0030,0.0,1479168,0,0.26059362793218216,4196980,560,2184820,560,,0,0,0,incumbent_base,case_031,2185040,1,0,0,2185040,36418,1.859055000000808,mps,2184820,1555517,{'0': 1555517},1414159,2185040,220,0,5b7474d17dc239aba45544511942ed7e90340f54970174c6f99f52983511c0b7,563200,"[1414126, 69953.33333333333, -1479168, 3491328]",1.768699625001318,C,5676368,"[1555517, 2185040, 563200, 0, 0]",incumbent,/Users/futaoran/Desktop/华为杯2026/2026参赛工作区/2026华为杯idea冻结工作区/实验数据/v7_fast_equiv_20260927_0030,3491328,AI_VERIFIED
5250048,root1:v7_fast_equiv_20260927_0030,0.0,0,0,0.0,0,0,0,0,,0,0,0,L1_base,case_031,3916112,2,0,0,3916112,65269,1.1917122909999307,mps,3915892,777759,"{'0': 777759, '1': 777758}",712596,2185040,220,1731072,c3e38a57dfe6e0d62f6a639cbac10abcc02c9d30b228edb74ac24189133496cf,722944,"[781723, 7435088, 3518976]",0.818371917001059,A,7435088,"[777759, 3916112, 722944, 0, 0]",legacy_seed,/Users/futaoran/Desktop/华为杯2026/2026参赛工作区/2026华为杯idea冻结工作区/实验数据/v7_fast_equiv_20260927_0030,3518976,AI_VERIFIED
5250048,root1:v7_fast_equiv_20260927_0030,0.0,0,0,0.0,0,0,0,0,,0,0,0,L1_base,case_031,3916112,2,0,0,3916112,65269,1.7015260420012055,mps,3915892,777759,"{'0': 777759, '1': 777758}",712596,2185040,220,1731072,c3e38a57dfe6e0d62f6a639cbac10abcc02c9d30b228edb74ac24189133496cf,722944,"[712299, 7435088, 3518976]",1.724116834000597,B,7435088,"[777759, 3916112, 722944, 0, 0]",legacy_seed,/Users/futaoran/Desktop/华为杯2026/2026参赛工作区/2026华为杯idea冻结工作区/实验数据/v7_fast_equiv_20260927_0030,3518976,AI_VERIFIED
4666368,root1:v7_fast_equiv_20260927_0030,9475.072,1718784,217,0.25780981414361287,4948084,720,3915892,937,,2758656,748032,2993,incumbent_split_topo_g1_p4,case_031,3916112,2,0,0,3168080,52802,1.6989950000006502,mps,3915892,777759,"{'0': 777759, '1': 777758}",706497,2185040,220,1731072,139fb22991bcbad50fc4e1f4609fba53ed322fbc1b616f76a471a2ae22a35aee,722944,"[706154, 85543.73333333334, -1718784, 2935296]",1.7950943750001898,C,6851408,"[777759, 3916112, 722944, -748032, -2758656]",timing,/Users/futaoran/Desktop/华为杯2026/2026参赛工作区/2026华为杯idea冻结工作区/实验数据/v7_fast_equiv_20260927_0030,2935296,AI_VERIFIED
7544832,root1:v7_fast_equiv_20260927_0030,0.0,0,0,0.0,0,0,0,0,,0,0,0,L1_base,case_031,5647184,3,0,0,5647184,94120,1.3675518750005722,mps,5646964,518738,"{'0': 518512, '1': 518267, '2': 518738}",473822,2185040,220,3462144,feef3a139d4d9b5167db5a1aad79f3daa826da1bd0ba1269f6c41c294d724181,356352,"[527779, 9729872, 4082688]",1.0982013749999169,A,9729872,"[518738, 5647184, 356352, 0, 0]",legacy_seed,/Users/futaoran/Desktop/华为杯2026/2026参赛工作区/2026华为杯idea冻结工作区/实验数据/v7_fast_equiv_20260927_0030,4082688,AI_VERIFIED
7544832,root1:v7_fast_equiv_20260927_0030,0.0,0,0,0.0,0,0,0,0,,0,0,0,L1_base,case_031,5647184,3,0,0,5647184,94120,1.6081333330002963,mps,5646964,518738,"{'0': 518512, '1': 518267, '2': 518738}",473822,2185040,220,3462144,feef3a139d4d9b5167db5a1aad79f3daa826da1bd0ba1269f6c41c294d724181,356352,"[473387, 9729872, 4082688]",1.4075152919995162,B,9729872,"[518738, 5647184, 356352, 0, 0]",legacy_seed,/Users/futaoran/Desktop/华为杯2026/2026参赛工作区/2026华为杯idea冻结工作区/实验数据/v7_fast_equiv_20260927_0030,4082688,AI_VERIFIED
4666368,root1:v7_fast_equiv_20260927_0030,9475.072,1718784,217,0.25780981414361287,4948084,720,3915892,937,,2758656,748032,2993,lower_core_base,case_031,3916112,3,0,0,3168080,52802,1.4857030829989526,mps,3915892,777759,"{'0': 777759, '1': 777758}",706497,2185040,220,1731072,226533ffe09083e372bcea067eeeaf61cf5b909136b65d204e3750928a725458,722944,"[706154, 85543.73333333334, -1718784, 2935296]",1.3637686660003965,C,6851408,"[777759, 3916112, 722944, -748032, -2758656]",lower_core,/Users/futaoran/Desktop/华为杯2026/2026参赛工作区/2026华为杯idea冻结工作区/实验数据/v7_fast_equiv_20260927_0030,2935296,AI_VERIFIED
7953408,root1:v7_fast_equiv_20260927_0030,0.0,0,0,0.0,0,0,0,0,,0,0,0,L1_base,case_031,7310672,4,0,0,7310672,121845,1.1662562920009805,mps,7310452,389144,"{'0': 388624, '1': 389144, '2': 389131, '3': 388618}",357987,2185040,220,5125632,d8617ca08480211e43ffbad438ac16fcd5a43847cb8830f436ca44befe527607,442368,"[397251, 10138448, 2827776]",0.9031287079997128,A,10138448,"[389144, 7310672, 442368, 0, 0]",legacy_seed,/Users/futaoran/Desktop/华为杯2026/2026参赛工作区/2026华为杯idea冻结工作区/实验数据/v7_fast_equiv_20260927_0030,2827776,AI_VERIFIED
7953408,root1:v7_fast_equiv_20260927_0030,0.0,0,0,0.0,0,0,0,0,,0,0,0,L1_base,case_031,7310672,4,0,0,7310672,121845,1.4409110420001525,mps,7310452,389144,"{'0': 388624, '1': 389144, '2': 389131, '3': 388618}",357987,2185040,220,5125632,d8617ca08480211e43ffbad438ac16fcd5a43847cb8830f436ca44befe527607,442368,"[356825, 10138448, 2827776]",1.2934726670009695,B,10138448,"[389144, 7310672, 442368, 0, 0]",legacy_seed,/Users/futaoran/Desktop/华为杯2026/2026参赛工作区/2026华为杯idea冻结工作区/实验数据/v7_fast_equiv_20260927_0030,2827776,AI_VERIFIED
7953408,root1:v7_fast_equiv_20260927_0030,30001.152,4947456,613,0.4880000725965129,5190772,1056,7310452,1669,,0,2368512,9475,event_timing_tid_1000000689_miss_5_bytes_30720_front,case_031,7310672,4,0,0,4942160,82370,1.5447653330011235,mps,7310452,389144,"{'0': 388624, '1': 389144, '2': 389131, '3': 388618}",355839,2185040,220,5125632,03b967be0d61faf182efbac3e2f4a91d6328aafe578803adb4be58c4400c94b7,442368,"[355734, 86209.33333333333, -4965888, 2827776]",1.330342457998995,C,10138448,"[389144, 7310672, 442368, -2368512, 0]",event_timing,/Users/futaoran/Desktop/华为杯2026/2026参赛工作区/2026华为杯idea冻结工作区/实验数据/v7_fast_equiv_20260927_0030,2827776,AI_VERIFIED
7931904,root1:v7_fast_equiv_20260927_0030,0.0,0,0,0.0,0,0,0,0,,0,0,0,L1_base,case_031,8459600,5,0,0,8459600,140994,1.129239707999659,mps,8459380,311597,"{'0': 310838, '1': 311434, '2': 310834, '3': 310814, '4': 311597}",285693,2185040,220,6274560,917e2d8ac5ef58433cf5d59c52b42b4d8df5fcfb660a38cd4b7b3becb89f46f7,8192,"[319208, 10116944, 1657344]",0.9161366250009451,A,10116944,"[311597, 8459600, 8192, 0, 0]",legacy_seed,/Users/futaoran/Desktop/华为杯2026/2026参赛工作区/2026华为杯idea冻结工作区/实验数据/v7_fast_equiv_20260927_0030,1657344,AI_VERIFIED
7931904,root1:v7_fast_equiv_20260927_0030,0.0,0,0,0.0,0,0,0,0,,0,0,0,L1_base,case_031,8459600,5,0,0,8459600,140994,1.4530329999997775,mps,8459380,311597,"{'0': 310838, '1': 311434, '2': 310834, '3': 310814, '4': 311597}",285693,2185040,220,6274560,917e2d8ac5ef58433cf5d59c52b42b4d8df5fcfb660a38cd4b7b3becb89f46f7,8192,"[284656, 10116944, 1657344]",1.4332979999999225,B,10116944,"[311597, 8459600, 8192, 0, 0]",legacy_seed,/Users/futaoran/Desktop/华为杯2026/2026参赛工作区/2026华为杯idea冻结工作区/实验数据/v7_fast_equiv_20260927_0030,1657344,AI_VERIFIED
7931904,root1:v7_fast_equiv_20260927_0030,33036.288,5377536,630,0.5315491457511344,4739188,1237,8459380,1867,,0,2608128,10433,event_timing_tid_1000000735_miss_5_bytes_30720_front,case_031,8459600,5,0,0,5851472,97525,1.416277166999862,mps,8459380,311597,"{'0': 310838, '1': 311434, '2': 310834, '3': 310814, '4': 311597}",284489,2185040,220,6274560,6a9cef9e01bb716af3c342c6197869571dd25bed36ea377036f32b029079660f,8192,"[284389, 75406.13333333333, -5592576, 1657344]",1.3194499999990512,C,10116944,"[311597, 8459600, 8192, -2608128, 0]",event_timing,/Users/futaoran/Desktop/华为杯2026/2026参赛工作区/2026华为杯idea冻结工作区/实验数据/v7_fast_equiv_20260927_0030,1657344,AI_VERIFIED
393220,root1:v7_fast_equiv_20260927_0030,0.0,0,0,0.0,0,0,0,0,,0,0,0,A2_base,case_051,786438,1,2,2,786438,13108,0.18037200000071607,mps,786432,607080,{'0': 607080},608277,393218,2,393220,478ddbbf5df416a8604cf5a22360e2834c060773758166e64d69756f59bd4ea3,0,"[613893, 786438, 0]",0.14397374999862222,A,786438,"[607080, 786438, 0, 0, 0]",seed,/Users/futaoran/Desktop/华为杯2026/2026参赛工作区/2026华为杯idea冻结工作区/实验数据/v7_fast_equiv_20260927_0030,0,AI_VERIFIED
0,root1:v7_fast_equiv_20260927_0030,0.0,0,0,0.0,0,0,0,0,,0,0,0,B2_base,case_051,393218,1,0,0,393218,6554,0.1759065839996765,mps,393216,607080,{'0': 607080},607628,393218,2,0,b546c339313685a6a5920323d0839cffe90dd5483f1e14be85391f9da01b6f0f,0,"[607628, 393218, 0]",0.2056021669995971,B,393218,"[607080, 393218, 0, 0, 0]",seed,/Users/futaoran/Desktop/华为杯2026/2026参赛工作区/2026华为杯idea冻结工作区/实验数据/v7_fast_equiv_20260927_0030,0,AI_VERIFIED
0,root1:v7_fast_equiv_20260927_0030,0.0,0,0,0.0,393216,12,393216,12,,0,0,0,incumbent_base,case_051,393218,1,0,0,393218,6554,0.22509637499933888,mps,393216,607080,{'0': 607080},607628,393218,2,0,a99839fc0c6ff3f3581958c9c69c3737e2f83f16ad3efe64d200b0afcd604df0,0,"[607628, 6553.633333333333, 0, 0]",0.1791455410002527,C,393218,"[607080, 393218, 0, 0, 0]",incumbent,/Users/futaoran/Desktop/华为杯2026/2026参赛工作区/2026华为杯idea冻结工作区/实验数据/v7_fast_equiv_20260927_0030,0,AI_VERIFIED
1179660,root1:v7_fast_equiv_20260927_0030,0.0,0,0,0.0,0,0,0,0,,0,0,0,A2_base,case_051,1572878,2,6,6,1572878,26215,0.21355020800001512,mps,1572864,303540,"{'0': 303540, '1': 303540}",612275,393218,2,1179660,f0b52063391cc6a3ac91b14492999d4bc347857c6732045ac51cb74144b9e9e5,0,"[623507, 1572878, 0]",0.14061724999919534,A,1572878,"[303540, 1572878, 0, 0, 0]",seed,/Users/futaoran/Desktop/华为杯2026/2026参赛工作区/2026华为杯idea冻结工作区/实验数据/v7_fast_equiv_20260927_0030,0,AI_VERIFIED
393228,root1:v7_fast_equiv_20260927_0030,0.0,0,0,0.0,0,0,0,0,,0,0,0,L2_base,case_051,786446,2,6,6,786446,13108,0.18603308299861965,mps,786432,303540,"{'0': 303540, '1': 303540}",609681,393218,2,393228,fd0e268fa468f39db4993ad1781c2725143b8f40389dc7fe5e2f5951c49717a8,0,"[609134, 786446, 0]",0.16830174999995506,B,786446,"[303540, 786446, 0, 0, 0]",legacy_seed,/Users/futaoran/Desktop/华为杯2026/2026参赛工作区/2026华为杯idea冻结工作区/实验数据/v7_fast_equiv_20260927_0030,0,AI_VERIFIED
0,root1:v7_fast_equiv_20260927_0030,0.0,0,0,0.0,393216,12,393216,12,,0,0,0,incumbent_base,case_051,393218,2,0,0,393218,6554,0.2240275419990212,mps,393216,607080,{'0': 607080},607628,393218,2,0,2a2865adc5eff22153cf709fe4d0e43cbfa7456ab5e749636d0c433923fc996f,0,"[607628, 6553.633333333333, 0, 0]",0.17396541599919146,C,393218,"[607080, 393218, 0, 0, 0]",incumbent,/Users/futaoran/Desktop/华为杯2026/2026参赛工作区/2026华为杯idea冻结工作区/实验数据/v7_fast_equiv_20260927_0030,0,AI_VERIFIED
1966100,root1:v7_fast_equiv_20260927_0030,0.0,0,0,0.0,0,0,0,0,,0,0,0,A2_base,case_051,2359318,3,10,10,2359318,39322,0.17479841600106738,mps,2359296,202360,"{'0': 202360, '1': 202360, '2': 202360}",615373,393218,2,1966100,d7762e73a9b699c21c0d95b66455ce87e693801ab5cd8276ddb6a03307d932ae,0,"[632221, 2359318, 0]",0.1625967909985775,A,2359318,"[202360, 2359318, 0, 0, 0]",seed,/Users/futaoran/Desktop/华为杯2026/2026参赛工作区/2026华为杯idea冻结工作区/实验数据/v7_fast_equiv_20260927_0030,0,AI_VERIFIED
786452,root1:v7_fast_equiv_20260927_0030,0.0,0,0,0.0,0,0,0,0,,0,0,0,L2_base,case_051,1179670,3,10,10,1179670,19662,0.15704600000026403,mps,1179648,202360,"{'0': 202360, '1': 202360, '2': 202360}",611232,393218,2,786452,2e76a1ed6934bd91e5908c3c8c6d4d60fa26682a840019e2cf9977b743535f12,0,"[610138, 1179670, 0]",0.12202900000011141,B,1179670,"[202360, 1179670, 0, 0, 0]",legacy_seed,/Users/futaoran/Desktop/华为杯2026/2026参赛工作区/2026华为杯idea冻结工作区/实验数据/v7_fast_equiv_20260927_0030,0,AI_VERIFIED
0,root1:v7_fast_equiv_20260927_0030,0.0,0,0,0.0,393216,12,393216,12,,0,0,0,incumbent_base,case_051,393218,3,0,0,393218,6554,0.2327884170008474,mps,393216,607080,{'0': 607080},607628,393218,2,0,360a0b07d1a2da745dce6b8f7cee1cfa84bb6988379c407e9d772de1e21ea066,0,"[607628, 6553.633333333333, 0, 0]",0.18586083300033351,C,393218,"[607080, 393218, 0, 0, 0]",incumbent,/Users/futaoran/Desktop/华为杯2026/2026参赛工作区/2026华为杯idea冻结工作区/实验数据/v7_fast_equiv_20260927_0030,0,AI_VERIFIED
2752540,root1:v7_fast_equiv_20260927_0030,0.0,0,0,0.0,0,0,0,0,,0,0,0,A2_base,case_051,3145758,4,14,14,3145758,52430,0.19788225000047532,mps,3145728,151770,"{'0': 151770, '1': 151770, '2': 151770, '3': 151770}",618471,393218,2,2752540,529ca4033fba6dba93662f5c45018e988af14139fde9d2a8d1101283f294a422,0,"[640935, 3145758, 0]",0.15267895800025144,A,3145758,"[151770, 3145758, 0, 0, 0]",seed,/Users/futaoran/Desktop/华为杯2026/2026参赛工作区/2026华为杯idea冻结工作区/实验数据/v7_fast_equiv_20260927_0030,0,AI_VERIFIED
7471132,root1:v7_fast_equiv_20260927_0030,0.0,0,0,0.0,0,0,0,0,,0,0,0,B2_base,case_051,7864350,4,3145742,3145742,7864350,131073,0.2510773750000226,mps,1572864,152056,"{'0': 151484, '1': 151770, '2': 151770, '3': 152056}",541017,393218,2,7471132,743ddfdc90bda57cd72172e4ecf2dc6c3ba30306fd107a2eeca8f0bc49dab3c9,0,"[531670, 7864350, 0]",0.1841963749993738,B,7864350,"[152056, 7864350, 0, 0, 0]",seed,/Users/futaoran/Desktop/华为杯2026/2026参赛工作区/2026华为杯idea冻结工作区/实验数据/v7_fast_equiv_20260927_0030,0,AI_VERIFIED
0,root1:v7_fast_equiv_20260927_0030,0.0,0,0,0.0,393216,12,393216,12,,0,0,0,C0_base,case_051,393218,4,0,0,393218,6554,0.2960928749998857,mps,393216,607080,{'0': 607080},607628,393218,2,0,4c5c033caea8d7ea64de79c1603cfe2a0e427ec1ce9c207be7038f5d50250e1b,0,"[607628, 6553.633333333333, 0, 0]",0.24236224999913247,C,393218,"[607080, 393218, 0, 0, 0]",seed,/Users/futaoran/Desktop/华为杯2026/2026参赛工作区/2026华为杯idea冻结工作区/实验数据/v7_fast_equiv_20260927_0030,0,AI_VERIFIED
3539076,root1:v7_fast_equiv_20260927_0030,0.0,0,0,0.0,0,0,0,0,,0,0,0,A2_base,case_051,3932294,5,66,66,3932294,65539,0.2039402919999702,mps,3932160,124379,"{'0': 118091, '1': 115852, '2': 124379, '3': 124379, '4': 124379}",621575,393218,2,3539076,54f9c22576635015381c66f3cffc4a2d9777ae7cef6681eb1fe867f3f264e2ac,0,"[650677, 3932294, 0]",0.13697766699988279,A,3932294,"[124379, 3932294, 0, 0, 0]",seed,/Users/futaoran/Desktop/华为杯2026/2026参赛工作区/2026华为杯idea冻结工作区/实验数据/v7_fast_equiv_20260927_0030,0,AI_VERIFIED
6357092,root1:v7_fast_equiv_20260927_0030,0.0,0,0,0.0,0,0,0,0,,0,0,0,L2_base,case_051,6750310,5,2392114,2392114,6750310,112506,0.22070754199921794,mps,1966080,125808,"{'0': 120698, '1': 125808, '2': 120711, '3': 120187, '4': 119676}",582380,393218,2,6357092,ad693ecc7ebb8c94530b65a00f697ed7e522611d160ab0d3cf0442bdd6c9f78c,0,"[576998, 6750310, 0]",0.19408574999943085,B,6750310,"[125808, 6750310, 0, 0, 0]",legacy_seed,/Users/futaoran/Desktop/华为杯2026/2026参赛工作区/2026华为杯idea冻结工作区/实验数据/v7_fast_equiv_20260927_0030,0,AI_VERIFIED
0,root1:v7_fast_equiv_20260927_0030,0.0,0,0,0.0,393216,12,393216,12,,0,0,0,C0_base,case_051,393218,5,0,0,393218,6554,0.22207949999938137,mps,393216,607080,{'0': 607080},607628,393218,2,0,456eecf04e269a172a7af1acb42c946578f7cff24aea1494b816e99b7d7ce0f4,0,"[607628, 6553.633333333333, 0, 0]",0.18424216600033105,C,393218,"[607080, 393218, 0, 0, 0]",seed,/Users/futaoran/Desktop/华为杯2026/2026参赛工作区/2026华为杯idea冻结工作区/实验数据/v7_fast_equiv_20260927_0030,0,AI_VERIFIED
801344,root1:v7_fast_equiv_20260927_0030,0.0,0,0,0.0,0,0,0,0,,0,0,0,A3_base,case_055,1427154,1,365088,365088,1427154,23786,0.16404550000152085,mps,696860,130845,{'0': 130845},125845,625810,118,801344,580981e5765133e702a6980044ca16a259292618e9148fb066cc1716ca3e7bb5,87592,"[135260, 1427154, 0]",0.14501716599988868,A,1427154,"[130845, 1427154, 87592, 0, 0]",seed,/Users/futaoran/Desktop/华为杯2026/2026参赛工作区/2026华为杯idea冻结工作区/实验数据/v7_fast_equiv_20260927_0030,0,AI_VERIFIED
431696,root1:v7_fast_equiv_20260927_0030,0.0,0,0,0.0,0,0,0,0,,0,0,0,L3_base,case_055,625810,1,0,0,625810,10431,0.2073344159998669,mps,625692,130845,{'0': 130845},121890,625810,118,0,1baea3d2014c8c1dcfa8fcc95a00ee2c1f13fcd069686d878ae60bd9864a29be,98308,"[119670, 1057506, 431696]",0.2771355000004405,B,1057506,"[130845, 625810, 98308, 0, 0]",legacy_seed,/Users/futaoran/Desktop/华为杯2026/2026参赛工作区/2026华为杯idea冻结工作区/实验数据/v7_fast_equiv_20260927_0030,431696,AI_VERIFIED
57396,root1:v7_fast_equiv_20260927_0030,0.0,32768,0,0.0488510288114924,638006,173,625692,173,,24580,0,0,incumbent_split_topo_g0_p4,case_055,625810,1,0,0,625810,10431,0.19617641600052593,mps,625692,130845,{'0': 130845},114628,625810,118,0,af97ca75e1573f4ecd70335b68de6fcdf54ff4b81682b486cb5c8e8876ca02fa,65550,"[114628, 10840.633333333333, -32768, 57396]",0.1905870419996063,C,683206,"[130845, 625810, 65550, 0, -24580]",timing,/Users/futaoran/Desktop/华为杯2026/2026参赛工作区/2026华为杯idea冻结工作区/实验数据/v7_fast_equiv_20260927_0030,57396,AI_VERIFIED
74240,root1:v7_fast_equiv_20260927_0030,0.0,0,0,0.0,0,0,0,0,,0,0,0,L1_base,case_055,683666,2,0,0,683666,11395,0.13572162499986007,mps,683548,65713,"{'0': 65132, '1': 65713}",61686,625810,118,57856,9c66f98646fd0827081b91e945fce80e711345cba4065e7facc7fb8e5322fd37,16396,"[68809, 700050, 16384]",0.12657170899910852,A,700050,"[65713, 683666, 16396, 0, 0]",legacy_seed,/Users/futaoran/Desktop/华为杯2026/2026参赛工作区/2026华为杯idea冻结工作区/实验数据/v7_fast_equiv_20260927_0030,16384,AI_VERIFIED
74240,root1:v7_fast_equiv_20260927_0030,0.0,0,0,0.0,0,0,0,0,,0,0,0,L1_base,case_055,683666,2,0,0,683666,11395,0.19752041699939582,mps,683548,65713,"{'0': 65132, '1': 65713}",61686,625810,118,57856,9c66f98646fd0827081b91e945fce80e711345cba4065e7facc7fb8e5322fd37,16396,"[61514, 700050, 16384]",0.14982879099989077,B,700050,"[65713, 683666, 16396, 0, 0]",legacy_seed,/Users/futaoran/Desktop/华为杯2026/2026参赛工作区/2026华为杯idea冻结工作区/实验数据/v7_fast_equiv_20260927_0030,16384,AI_VERIFIED
57396,root1:v7_fast_equiv_20260927_0030,0.0,32768,0,0.0488510288114924,638006,173,625692,173,,24580,0,0,lower_core_base,case_055,625810,2,0,0,625810,10431,0.16877279200161865,mps,625692,130845,{'0': 130845},114628,625810,118,0,9cf40b259f5ba738e34e68e27ccf6931d131d0ee683d6c18b2ada568168031d3,65550,"[114628, 10840.633333333333, -32768, 57396]",0.1802740420007467,C,683206,"[130845, 625810, 65550, 0, -24580]",lower_core,/Users/futaoran/Desktop/华为杯2026/2026参赛工作区/2026华为杯idea冻结工作区/实验数据/v7_fast_equiv_20260927_0030,57396,AI_VERIFIED
115712,root1:v7_fast_equiv_20260927_0030,0.0,0,0,0.0,0,0,0,0,,0,0,0,L1_base,case_055,741522,3,0,0,741522,12359,0.16331424999953015,mps,741404,44867,"{'0': 44193, '1': 44867, '2': 41785}",42047,625810,118,115712,146b2beef686f5a6176ca7e3e49795d2c83fec4883499d28665e4e1a0c2d1bcf,0,"[47157, 741522, 0]",0.1423297500004992,A,741522,"[44867, 741522, 0, 0, 0]",legacy_seed,/Users/futaoran/Desktop/华为杯2026/2026参赛工作区/2026华为杯idea冻结工作区/实验数据/v7_fast_equiv_20260927_0030,0,AI_VERIFIED
115712,root1:v7_fast_equiv_20260927_0030,0.0,0,0,0.0,0,0,0,0,,0,0,0,L1_base,case_055,741522,3,0,0,741522,12359,0.17895933399995556,mps,741404,44867,"{'0': 44193, '1': 44867, '2': 41785}",42047,625810,118,115712,146b2beef686f5a6176ca7e3e49795d2c83fec4883499d28665e4e1a0c2d1bcf,0,"[41703, 741522, 0]",0.16510945899972285,B,741522,"[44867, 741522, 0, 0, 0]",legacy_seed,/Users/futaoran/Desktop/华为杯2026/2026参赛工作区/2026华为杯idea冻结工作区/实验数据/v7_fast_equiv_20260927_0030,0,AI_VERIFIED
123904,root1:v7_fast_equiv_20260927_0030,1258.1546666666666,107520,8,0.1450221471694245,633884,175,741404,183,,8192,99328,398,incumbent_disperse_tid_3_node_38_core_2_pos_0,case_055,749714,3,8192,8192,650386,10840,0.17717704200003936,mps,733212,44193,"{'0': 44193, '1': 42807, '2': 43845}",39987,625810,118,123904,0cb209eccd156771ae9d7f2e7fd3ac10904cad6739ca4c0a01b54df7a14ee9cc,0,"[39643, 10703.233333333334, -107520, 0]",0.13363295899944205,C,749714,"[44193, 749714, 0, -99328, -8192]",disperse,/Users/futaoran/Desktop/华为杯2026/2026参赛工作区/2026华为杯idea冻结工作区/实验数据/v7_fast_equiv_20260927_0030,0,AI_VERIFIED
173568,root1:v7_fast_equiv_20260927_0030,0.0,0,0,0.0,0,0,0,0,,0,0,0,L1_base,case_055,799378,4,0,0,799378,13323,0.17817699999977776,mps,799260,34025,"{'0': 31844, '1': 34025, '2': 31688, '3': 33288}",32099,625810,118,173568,c71e28f0382edd21eb2d24087e45ae0b8c394400e1006fddb502f2a457134e45,0,"[35868, 799378, 0]",0.15187195900034567,A,799378,"[34025, 799378, 0, 0, 0]",legacy_seed,/Users/futaoran/Desktop/华为杯2026/2026参赛工作区/2026华为杯idea冻结工作区/实验数据/v7_fast_equiv_20260927_0030,0,AI_VERIFIED
173568,root1:v7_fast_equiv_20260927_0030,0.0,0,0,0.0,0,0,0,0,,0,0,0,L1_base,case_055,799378,4,0,0,799378,13323,0.19789687500087894,mps,799260,34025,"{'0': 31844, '1': 34025, '2': 31688, '3': 33288}",32099,625810,118,173568,c71e28f0382edd21eb2d24087e45ae0b8c394400e1006fddb502f2a457134e45,0,"[31583, 799378, 0]",0.14324854199912807,B,799378,"[34025, 799378, 0, 0, 0]",legacy_seed,/Users/futaoran/Desktop/华为杯2026/2026参赛工作区/2026华为杯idea冻结工作区/实验数据/v7_fast_equiv_20260927_0030,0,AI_VERIFIED
123904,root1:v7_fast_equiv_20260927_0030,1258.1546666666666,107520,8,0.1450221471694245,633884,175,741404,183,,8192,99328,398,lower_core_base,case_055,749714,4,8192,8192,650386,10840,0.15724050000062562,mps,733212,44193,"{'0': 44193, '1': 42807, '2': 43845}",39987,625810,118,123904,5eed7ddc99437f23c5a14de3b86a164e288b1a2af66f5873d628d3ea25cf0d37,0,"[39643, 10703.233333333334, -107520, 0]",0.12638391700056673,C,749714,"[44193, 749714, 0, -99328, -8192]",lower_core,/Users/futaoran/Desktop/华为杯2026/2026参赛工作区/2026华为杯idea冻结工作区/实验数据/v7_fast_equiv_20260927_0030,0,AI_VERIFIED
231424,root1:v7_fast_equiv_20260927_0030,0.0,0,0,0.0,0,0,0,0,,0,0,0,L1_base,case_055,857234,5,0,0,857234,14288,0.14459975000136183,mps,857116,26788,"{'0': 26647, '1': 26788, '2': 26740, '3': 24724, '4': 25946}",25635,625810,118,231424,70c02d0ec165957781061d19fdb5d09f20ae5a911cc7ca7aa9018afd61f0af8c,0,"[28415, 857234, 0]",0.10254608300056134,A,857234,"[26788, 857234, 0, 0, 0]",legacy_seed,/Users/futaoran/Desktop/华为杯2026/2026参赛工作区/2026华为杯idea冻结工作区/实验数据/v7_fast_equiv_20260927_0030,0,AI_VERIFIED
231424,root1:v7_fast_equiv_20260927_0030,0.0,0,0,0.0,0,0,0,0,,0,0,0,L1_base,case_055,857234,5,0,0,857234,14288,0.15299749999940104,mps,857116,26788,"{'0': 26647, '1': 26788, '2': 26740, '3': 24724, '4': 25946}",25635,625810,118,231424,70c02d0ec165957781061d19fdb5d09f20ae5a911cc7ca7aa9018afd61f0af8c,0,"[24947, 857234, 0]",0.11463283299963223,B,857234,"[26788, 857234, 0, 0, 0]",legacy_seed,/Users/futaoran/Desktop/华为杯2026/2026参赛工作区/2026华为杯idea冻结工作区/实验数据/v7_fast_equiv_20260927_0030,0,AI_VERIFIED
231424,root1:v7_fast_equiv_20260927_0030,1400.8319999999999,189952,8,0.2216176106851348,667164,185,857116,193,,0,110592,443,event_timing_tid_1385_miss_2_bytes_27648_front,case_055,857234,5,0,0,746642,12445,0.19485016700127744,mps,857116,26788,"{'0': 26647, '1': 26788, '2': 26740, '3': 24724, '4': 25946}",25635,625810,118,231424,7f5afe4a1f7e3e86e14f6ddbb74f85cb0963835d21e0ce3b307d8e8080624d34,0,"[24947, 10430.166666666666, -231424, 0]",0.1252442089989927,C,857234,"[26788, 857234, 0, -110592, 0]",event_timing,/Users/futaoran/Desktop/华为杯2026/2026参赛工作区/2026华为杯idea冻结工作区/实验数据/v7_fast_equiv_20260927_0030,0,AI_VERIFIED
8200,root1:v7_fast_equiv_20260927_0030,0.0,0,0,0.0,0,0,0,0,,0,0,0,L2_base,case_065,324402,1,4,4,324402,5407,0.06136595799944189,mps,307912,57778,{'0': 57778},51959,316202,16482,8200,fc9ff3a131a27bc0f41081a4e154a23728262bfeff9cab772222eabb984f0d64,0,"[59307, 324402, 0]",0.05645616699985112,A,324402,"[57778, 324402, 0, 0, 0]",legacy_seed,/Users/futaoran/Desktop/华为杯2026/2026参赛工作区/2026华为杯idea冻结工作区/实验数据/v7_fast_equiv_20260927_0030,0,AI_VERIFIED
0,root1:v7_fast_equiv_20260927_0030,0.0,0,0,0.0,0,0,0,0,,0,0,0,B2_base,case_065,316202,1,0,0,316202,5271,0.09814008300054411,mps,299720,57778,{'0': 57778},39901,316202,16482,0,022fbec0b84beb7e330d63d603d29e74d9c98449dd43a4cfc3345a60f27f2853,0,"[39901, 316202, 0]",0.08275924999907147,B,316202,"[57778, 316202, 0, 0, 0]",seed,/Users/futaoran/Desktop/华为杯2026/2026参赛工作区/2026华为杯idea冻结工作区/实验数据/v7_fast_equiv_20260927_0030,0,AI_VERIFIED
0,root1:v7_fast_equiv_20260927_0030,0.0,0,0,0.0,299720,153,299720,153,,51718,0,0,incumbent_aggregate,case_065,316202,1,0,0,316202,5271,0.10024162499939848,mps,299720,57778,{'0': 57778},39824,316202,16482,0,582d26f68ce28714490262cfe503a98a4604e315dada83f9750a70fb3f17fed0,0,"[39824, 5270.033333333334, 0, 0]",0.08425495899973612,C,316202,"[57778, 316202, 0, 0, -51718]",aggregate,/Users/futaoran/Desktop/华为杯2026/2026参赛工作区/2026华为杯idea冻结工作区/实验数据/v7_fast_equiv_20260927_0030,0,AI_VERIFIED
13968,root1:v7_fast_equiv_20260927_0030,0.0,0,0,0.0,0,0,0,0,,0,0,0,L1_base,case_065,330170,2,0,0,330170,5503,0.08187154100050975,mps,313688,28905,"{'0': 28873, '1': 28905}",26610,316202,16482,13968,1a1a4f6917e81c13229e3187dfdda1acbf4fa39252326f2ec743255a3f92a74f,0,"[29738, 330170, 0]",0.06005166700015252,A,330170,"[28905, 330170, 0, 0, 0]",legacy_seed,/Users/futaoran/Desktop/华为杯2026/2026参赛工作区/2026华为杯idea冻结工作区/实验数据/v7_fast_equiv_20260927_0030,0,AI_VERIFIED
13968,root1:v7_fast_equiv_20260927_0030,0.0,0,0,0.0,0,0,0,0,,0,0,0,L1_base,case_065,330170,2,0,0,330170,5503,0.08676004199878662,mps,313688,28905,"{'0': 28873, '1': 28905}",26610,316202,16482,13968,1a1a4f6917e81c13229e3187dfdda1acbf4fa39252326f2ec743255a3f92a74f,0,"[26592, 330170, 0]",0.06493987499925424,B,330170,"[28905, 330170, 0, 0, 0]",legacy_seed,/Users/futaoran/Desktop/华为杯2026/2026参赛工作区/2026华为杯idea冻结工作区/实验数据/v7_fast_equiv_20260927_0030,0,AI_VERIFIED
13968,root1:v7_fast_equiv_20260927_0030,1.8239999999999998,13968,1,0.044528321134375555,299720,156,313688,157,,84792,144,1,incumbent_split_release_g1_p4,case_065,330170,2,0,0,330026,5501,0.10342750000017986,mps,313688,28905,"{'0': 28873, '1': 28905}",26551,316202,16482,13968,fe02870a71b2fb426ab5fb8f78207fe65019819cd6c6cef7335c0d2e8e368495,0,"[26533, 5270.033333333334, -13968, 0]",0.19539895799971418,C,330170,"[28905, 330170, 0, -144, -84792]",timing,/Users/futaoran/Desktop/华为杯2026/2026参赛工作区/2026华为杯idea冻结工作区/实验数据/v7_fast_equiv_20260927_0030,0,AI_VERIFIED
27936,root1:v7_fast_equiv_20260927_0030,0.0,0,0,0.0,0,0,0,0,,0,0,0,L1_base,case_065,344138,3,0,0,344138,5736,0.07381433299997298,mps,327656,19327,"{'0': 19303, '1': 19148, '2': 19327}",18032,316202,16482,27936,7f1d871954edd4bf6b53b87b7451cf75b5af83a38adbb101bf04393ce593c70e,0,"[19896, 344138, 0]",0.07773099999940314,A,344138,"[19327, 344138, 0, 0, 0]",legacy_seed,/Users/futaoran/Desktop/华为杯2026/2026参赛工作区/2026华为杯idea冻结工作区/实验数据/v7_fast_equiv_20260927_0030,0,AI_VERIFIED
27936,root1:v7_fast_equiv_20260927_0030,0.0,0,0,0.0,0,0,0,0,,0,0,0,L1_base,case_065,344138,3,0,0,344138,5736,0.10419145800005936,mps,327656,19327,"{'0': 19303, '1': 19148, '2': 19327}",18032,316202,16482,27936,7f1d871954edd4bf6b53b87b7451cf75b5af83a38adbb101bf04393ce593c70e,0,"[17996, 344138, 0]",0.06461325000054785,B,344138,"[19327, 344138, 0, 0, 0]",legacy_seed,/Users/futaoran/Desktop/华为杯2026/2026参赛工作区/2026华为杯idea冻结工作区/实验数据/v7_fast_equiv_20260927_0030,0,AI_VERIFIED
13968,root1:v7_fast_equiv_20260927_0030,1.8239999999999998,13968,1,0.044528321134375555,299720,156,313688,157,,84792,144,1,lower_core_base,case_065,330170,3,0,0,330026,5501,0.06945616600023641,mps,313688,28905,"{'0': 28873, '1': 28905}",26551,316202,16482,13968,9d5201996a79c49dce986dda22d51bdef05f9a45eaa66fe05fd6d7d62922cb34,0,"[26533, 5270.033333333334, -13968, 0]",0.08911320799961686,C,330170,"[28905, 330170, 0, -144, -84792]",lower_core,/Users/futaoran/Desktop/华为杯2026/2026参赛工作区/2026华为杯idea冻结工作区/实验数据/v7_fast_equiv_20260927_0030,0,AI_VERIFIED
41904,root1:v7_fast_equiv_20260927_0030,0.0,0,0,0.0,0,0,0,0,,0,0,0,L1_base,case_065,358106,4,0,0,358106,5969,0.05318075000104727,mps,341624,14509,"{'0': 14355, '1': 14509, '2': 14509, '3': 14405}",13541,316202,16482,41904,b42416bcc945fb31c0979aa103a1763a195bbd5ac8c86434cd4f045b30551c00,0,"[14993, 358106, 0]",0.06967616700057988,A,358106,"[14509, 358106, 0, 0, 0]",legacy_seed,/Users/futaoran/Desktop/华为杯2026/2026参赛工作区/2026华为杯idea冻结工作区/实验数据/v7_fast_equiv_20260927_0030,0,AI_VERIFIED
41904,root1:v7_fast_equiv_20260927_0030,0.0,0,0,0.0,0,0,0,0,,0,0,0,L1_base,case_065,358106,4,0,0,358106,5969,0.09385733399903984,mps,341624,14509,"{'0': 14355, '1': 14509, '2': 14509, '3': 14405}",13541,316202,16482,41904,b42416bcc945fb31c0979aa103a1763a195bbd5ac8c86434cd4f045b30551c00,0,"[13487, 358106, 0]",0.09609024999917892,B,358106,"[14509, 358106, 0, 0, 0]",legacy_seed,/Users/futaoran/Desktop/华为杯2026/2026参赛工作区/2026华为杯idea冻结工作区/实验数据/v7_fast_equiv_20260927_0030,0,AI_VERIFIED
41760,root1:v7_fast_equiv_20260927_0030,3.6479999999999997,32544,2,0.0953027995783062,308936,162,341480,164,,59394,288,2,incumbent_split_height_g1_p4,case_065,357962,4,0,0,357674,5962,0.09965104100047029,mps,341480,15685,"{'0': 13823, '1': 15685, '2': 14526, '3': 13744}",13062,316202,16482,41760,33b569c1f3193db5125e0328a14aeea0966cd0c454ef397ba6ea54dede5158d2,0,"[13008, 5270.033333333334, -41760, 0]",0.08371674999943934,C,357962,"[15685, 357962, 0, -288, -59394]",timing,/Users/futaoran/Desktop/华为杯2026/2026参赛工作区/2026华为杯idea冻结工作区/实验数据/v7_fast_equiv_20260927_0030,0,AI_VERIFIED
55872,root1:v7_fast_equiv_20260927_0030,0.0,0,0,0.0,0,0,0,0,,0,0,0,L1_base,case_065,372074,5,0,0,372074,6202,0.09215216600023268,mps,355592,11612,"{'0': 11612, '1': 11579, '2': 11444, '3': 11576, '4': 11567}",11396,316202,16482,55872,0334fbc752b66a048c073a6bbdce4bd9eeb3829fb20f931a340a42bb60659167,0,"[12036, 372074, 0]",0.06103299999995215,A,372074,"[11612, 372074, 0, 0, 0]",legacy_seed,/Users/futaoran/Desktop/华为杯2026/2026参赛工作区/2026华为杯idea冻结工作区/实验数据/v7_fast_equiv_20260927_0030,0,AI_VERIFIED
55872,root1:v7_fast_equiv_20260927_0030,0.0,0,0,0.0,0,0,0,0,,0,0,0,L1_base,case_065,372074,5,0,0,372074,6202,0.08440512500055775,mps,355592,11612,"{'0': 11612, '1': 11579, '2': 11444, '3': 11576, '4': 11567}",11396,316202,16482,55872,0334fbc752b66a048c073a6bbdce4bd9eeb3829fb20f931a340a42bb60659167,0,"[10994, 372074, 0]",0.09444554199944832,B,372074,"[11612, 372074, 0, 0, 0]",legacy_seed,/Users/futaoran/Desktop/华为杯2026/2026参赛工作区/2026华为杯idea冻结工作区/实验数据/v7_fast_equiv_20260927_0030,0,AI_VERIFIED
55872,root1:v7_fast_equiv_20260927_0030,7.295999999999999,23616,4,0.06641319264775361,331976,165,355592,169,,0,576,3,event_timing_tid_9_miss_5_bytes_23040_front,case_065,372074,5,0,0,371498,6192,0.08742379099930986,mps,355592,11612,"{'0': 11612, '1': 11579, '2': 11444, '3': 11576, '4': 11567}",11396,316202,16482,55872,1ad01ff88364137ef2593901e5e7297eb587cf36e1da0f0d9d92d5b7958bffce,0,"[10994, 5270.033333333334, -55872, 0]",0.07423937500061584,C,372074,"[11612, 372074, 0, -576, 0]",event_timing,/Users/futaoran/Desktop/华为杯2026/2026参赛工作区/2026华为杯idea冻结工作区/实验数据/v7_fast_equiv_20260927_0030,0,AI_VERIFIED
635794,root1:v7_fast_equiv_20260927_0030,0.0,0,0,0.0,0,0,0,0,,0,0,0,L3_base,case_075,2472984,1,317696,317696,2472984,41217,0.9985236249995069,mps,1820184,1752180,{'0': 1752180},1443174,1837190,17408,635794,ec5d68e36e5df45f1f3018caf1ffda57629e3208af25cb537e0717bf212c05ad,0,"[1708419, 2472984, 0]",1.0259526669997285,A,2472984,"[1752180, 2472984, 0, 0, 0]",legacy_seed,/Users/futaoran/Desktop/华为杯2026/2026参赛工作区/2026华为杯idea冻结工作区/实验数据/v7_fast_equiv_20260927_0030,0,AI_VERIFIED
0,root1:v7_fast_equiv_20260927_0030,0.0,0,0,0.0,0,0,0,0,,0,0,0,L3_base,case_075,1837190,1,0,0,1837190,30620,1.9192617089993291,mps,1819782,1752180,{'0': 1752180},1433562,1837190,17408,0,d3b5fa7013fd6f98056cdfd06f6672fec4b5bc47403dd696b1cc7e354e2e09b8,0,"[1433562, 1837190, 0]",1.888343958000405,B,1837190,"[1752180, 1837190, 0, 0, 0]",legacy_seed,/Users/futaoran/Desktop/华为杯2026/2026参赛工作区/2026华为杯idea冻结工作区/实验数据/v7_fast_equiv_20260927_0030,0,AI_VERIFIED
0,root1:v7_fast_equiv_20260927_0030,0.0,0,0,0.0,1819782,269,1819782,269,,378320,0,0,incumbent_split_height_g3_p4,case_075,1837190,1,0,0,1837190,30620,1.9657851669999218,mps,1819782,1752180,{'0': 1752180},1427745,1837190,17408,0,38dccdc79caff4b541d953577e3b385e9b563b7fc8437d06957e790ebf31c2b4,0,"[1427745, 30619.833333333332, 0, 0]",1.8626084999996237,C,1837190,"[1752180, 1837190, 0, 0, -378320]",timing,/Users/futaoran/Desktop/华为杯2026/2026参赛工作区/2026华为杯idea冻结工作区/实验数据/v7_fast_equiv_20260927_0030,0,AI_VERIFIED
1351466,root1:v7_fast_equiv_20260927_0030,0.0,0,0,0.0,0,0,0,0,,0,0,0,L3_base,case_075,3188656,2,675264,675264,3188656,53145,0.8786376249991008,mps,1820720,898869,"{'0': 898869, '1': 853311}",1446105,1837190,17408,1351466,f8db5eea788ed699ccb9344f98029a75f0d225f8f08cab1b9b8d6258489d1453,0,"[1707754, 3188656, 0]",0.8346458750002057,A,3188656,"[898869, 3188656, 0, 0, 0]",legacy_seed,/Users/futaoran/Desktop/华为杯2026/2026参赛工作区/2026华为杯idea冻结工作区/实验数据/v7_fast_equiv_20260927_0030,0,AI_VERIFIED
2016420,root1:v7_fast_equiv_20260927_0030,0.0,0,0,0.0,0,0,0,0,,0,0,0,B3_base,case_075,3853610,2,926288,926288,3853610,64227,1.6874792909984535,mps,1983626,919078,"{'0': 919078, '1': 833102}",1397410,1837190,17408,2016420,65cc5567ca7bf6d120c7a29cfdf6f36c3991b47eab66cb09d800d422dee8161f,0,"[1397339, 3853610, 0]",1.6009084170000278,B,3853610,"[919078, 3853610, 0, 0, 0]",seed,/Users/futaoran/Desktop/华为杯2026/2026参赛工作区/2026华为杯idea冻结工作区/实验数据/v7_fast_equiv_20260927_0030,0,AI_VERIFIED
2016420,root1:v7_fast_equiv_20260927_0030,2075.3573333333334,163844,33,0.05630544407841606,2746070,921,2909914,954,,326570,163844,656,incumbent_split_height_g0_p4,case_075,3853610,2,926288,926288,3689766,61497,1.7756963339998038,mps,1983626,919078,"{'0': 919078, '1': 833102}",1389088,1837190,17408,2016420,ac9167c71a79048b91d412d84df39541cd9e6bfd137c10f899163585d8a60559,0,"[1389019, 61496.1, -163844, 0]",1.792957583000316,C,3853610,"[919078, 3853610, 0, -163844, -326570]",timing,/Users/futaoran/Desktop/华为杯2026/2026参赛工作区/2026华为杯idea冻结工作区/实验数据/v7_fast_equiv_20260927_0030,0,AI_VERIFIED
2219454,root1:v7_fast_equiv_20260927_0030,0.0,0,0,0.0,0,0,0,0,,0,0,0,L3_base,case_075,4056644,3,1108480,1108480,4056644,67611,1.0830643749995943,mps,1822276,598969,"{'0': 555882, '1': 598969, '2': 597329}",1476920,1837190,17408,2219454,f1f0eb421dd053c15d04647e9f2c75992979bded8b3c21a1f19696b47fbef235,0,"[1692950, 4056644, 0]",0.8883126250002533,A,4056644,"[598969, 4056644, 0, 0, 0]",legacy_seed,/Users/futaoran/Desktop/华为杯2026/2026参赛工作区/2026华为杯idea冻结工作区/实验数据/v7_fast_equiv_20260927_0030,0,AI_VERIFIED
3022344,root1:v7_fast_equiv_20260927_0030,0.0,0,0,0.0,0,0,0,0,,0,0,0,B3_base,case_075,4859534,3,1357056,1357056,4859534,80993,1.8968556250001711,mps,2128014,604124,"{'0': 598534, '1': 604124, '2': 549522}",1363452,1837190,17408,3022344,6d387c2c8a82c7e40d8263e3c7362dc0598214673d331f7ab641cf56ff7010db,0,"[1363163, 4859534, 0]",1.8459023750001506,B,4859534,"[604124, 4859534, 0, 0, 0]",seed,/Users/futaoran/Desktop/华为杯2026/2026参赛工作区/2026华为杯idea冻结工作区/实验数据/v7_fast_equiv_20260927_0030,0,AI_VERIFIED
2016420,root1:v7_fast_equiv_20260927_0030,2075.3573333333334,163844,33,0.05630544407841606,2746070,921,2909914,954,,326570,163844,656,lower_core_base,case_075,3853610,3,926288,926288,3689766,61497,1.9724305419986194,mps,1983626,919078,"{'0': 919078, '1': 833102}",1389088,1837190,17408,2016420,e296bda600a6cea2eb58c8722de2472ac26d75fc5131d32cb0ff0442ec9bc930,0,"[1389019, 61496.1, -163844, 0]",1.8544362080010615,C,3853610,"[919078, 3853610, 0, -163844, -326570]",lower_core,/Users/futaoran/Desktop/华为杯2026/2026参赛工作区/2026华为杯idea冻结工作区/实验数据/v7_fast_equiv_20260927_0030,0,AI_VERIFIED
2902642,root1:v7_fast_equiv_20260927_0030,0.0,0,0,0.0,0,0,0,0,,0,0,0,L3_base,case_075,4739832,4,1462096,1421136,4739832,78998,1.1342860829990968,mps,1839192,469799,"{'0': 414192, '1': 460867, '2': 407322, '3': 469799}",1467317,1837190,17408,2902642,3146191c1704efcd33acbdb5d27f000e2c5f3e9b1787946cecad4d07a5e5eca6,0,"[1679860, 4739832, 0]",1.4618632920009986,A,4739832,"[469799, 4739832, 0, 0, 0]",legacy_seed,/Users/futaoran/Desktop/华为杯2026/2026参赛工作区/2026华为杯idea冻结工作区/实验数据/v7_fast_equiv_20260927_0030,0,AI_VERIFIED
4283756,root1:v7_fast_equiv_20260927_0030,0.0,0,0,0.0,0,0,0,0,,0,0,0,B3_base,case_075,6120946,4,1889456,1889456,6120946,102016,2.157260709000184,mps,2324626,459203,"{'0': 415409, '1': 425608, '2': 459203, '3': 451960}",1320997,1837190,17408,4283756,71f1d46684e7f1e08eaeb54d8eac7aaac56c80ae8b6b27cf0383c50c843f7ff4,0,"[1320846, 6120946, 0]",1.65596750000077,B,6120946,"[459203, 6120946, 0, 0, 0]",seed,/Users/futaoran/Desktop/华为杯2026/2026参赛工作区/2026华为杯idea冻结工作区/实验数据/v7_fast_equiv_20260927_0030,0,AI_VERIFIED
3022344,root1:v7_fast_equiv_20260927_0030,4453.9039999999995,351622,103,0.10089381274981564,3133448,1174,3485070,1277,,109750,351624,1407,lower_core_base,case_075,4859534,4,1357056,1357056,4507910,75132,2.487433375001274,mps,2128014,604124,"{'0': 598534, '1': 604124, '2': 549522}",1363444,1837190,17408,3022344,1fdd2bb919f5ae507b5ec24c50591e9eeab33d38667d827b3b1c91133c5ea951,0,"[1363157, 75131.86666666667, -351622, 0]",1.6815751249996538,C,4859534,"[604124, 4859534, 0, -351624, -109750]",lower_core,/Users/futaoran/Desktop/华为杯2026/2026参赛工作区/2026华为杯idea冻结工作区/实验数据/v7_fast_equiv_20260927_0030,0,AI_VERIFIED
3326430,root1:v7_fast_equiv_20260927_0030,0.0,0,0,0.0,0,0,0,0,,0,0,0,L3_base,case_075,5163620,5,1665536,1640960,5163620,86061,1.5945680830009223,mps,1839716,356704,"{'0': 352224, '1': 349668, '2': 347368, '3': 356704, '4': 346216}",1461812,1837190,17408,3326430,10daca13b2d82058e1586411e9ab9fbb52f73f6db5c8a95ce282110d3e74efc4,0,"[1672794, 5163620, 0]",1.1225025410003582,A,5163620,"[356704, 5163620, 0, 0, 0]",legacy_seed,/Users/futaoran/Desktop/华为杯2026/2026参赛工作区/2026华为杯idea冻结工作区/实验数据/v7_fast_equiv_20260927_0030,0,AI_VERIFIED
4890512,root1:v7_fast_equiv_20260927_0030,0.0,0,0,0.0,0,0,0,0,,0,0,0,B3_base,case_075,6727702,5,2137536,2137536,6727702,112129,1.9428713329998573,mps,2435222,375134,"{'0': 353487, '1': 375134, '2': 331573, '3': 359669, '4': 332317}",1219033,1837190,17408,4890512,3521fccaa3d40c0b49fcd507492f87a7725c8fe4716d70d9cc90daa7b90198cb,0,"[1219021, 6727702, 0]",1.7352864170006796,B,6727702,"[375134, 6727702, 0, 0, 0]",seed,/Users/futaoran/Desktop/华为杯2026/2026参赛工作区/2026华为杯idea冻结工作区/实验数据/v7_fast_equiv_20260927_0030,0,AI_VERIFIED
4283756,root1:v7_fast_equiv_20260927_0030,8037.101333333333,634502,201,0.15056707486944962,3579580,1462,4214082,1663,,29566,634508,2539,lower_core_base,case_075,6120946,5,1889456,1889456,5486438,91441,1.960417457999938,mps,2324626,459203,"{'0': 415409, '1': 425608, '2': 459203, '3': 451960}",1320971,1837190,17408,4283756,8b5fb37ec6b832c832b1be71a8ca9893ad370492a882793d6235b102e0465745,0,"[1320822, 91440.73333333334, -634502, 0]",1.7592509160003829,C,6120946,"[459203, 6120946, 0, -634508, -29566]",lower_core,/Users/futaoran/Desktop/华为杯2026/2026参赛工作区/2026华为杯idea冻结工作区/实验数据/v7_fast_equiv_20260927_0030,0,AI_VERIFIED
32555008,root1:v7_fast_equiv_20260927_0030,0.0,0,0,0.0,0,0,0,0,,0,0,0,A2_base,case_079,11513856,1,0,0,11513856,191898,13.931025791000138,mps,7974912,33184512,{'0': 33184512},30952656,9351168,3538944,2162688,429ef6f0bdcdf5a2b59e2913b6909bcb6e3a097661a72b5b009bcca53e5650ad,2258944,"[31459260, 41906176, 30392320]",11.239325542001097,A,41906176,"[33184512, 11513856, 2258944, 0, 0]",seed,/Users/futaoran/Desktop/华为杯2026/2026参赛工作区/2026华为杯idea冻结工作区/实验数据/v7_fast_equiv_20260927_0030,30392320,AI_VERIFIED
180369408,root1:v7_fast_equiv_20260927_0030,0.0,0,0,0.0,0,0,0,0,,0,0,0,B2_base,case_079,9351168,1,0,0,9351168,155853,16.234909708000487,mps,5812224,33184512,{'0': 33184512},33323913,9351168,3538944,0,e3c525a1e2b1c187e9e6f5b59452d57242acad450407dad441590e76c2dc5781,82212864,"[33040907, 189720576, 180369408]",16.956196375000218,B,189720576,"[33184512, 9351168, 82212864, 0, 0]",seed,/Users/futaoran/Desktop/华为杯2026/2026参赛工作区/2026华为杯idea冻结工作区/实验数据/v7_fast_equiv_20260927_0030,180369408,AI_VERIFIED
32448512,root1:v7_fast_equiv_20260927_0030,0.0,0,0,0.0,38260736,1122,5812224,1122,,0,0,0,incumbent_base,case_079,9351168,1,0,0,9351168,155853,20.67931820800004,mps,5812224,33184512,{'0': 33184512},31052251,9351168,3538944,0,1acd8e64b3eba2173611c94b57450892ab8b46cd571b84a93ebe557a557fa7a2,2258944,"[31048836, 696661.3333333334, 0, 32448512]",20.513366458000746,C,41799680,"[33184512, 9351168, 2258944, 0, 0]",incumbent,/Users/futaoran/Desktop/华为杯2026/2026参赛工作区/2026华为杯idea冻结工作区/实验数据/v7_fast_equiv_20260927_0030,32448512,AI_VERIFIED
33239040,root1:v7_fast_equiv_20260927_0030,0.0,0,0,0.0,0,0,0,0,,0,0,0,A2_base,case_079,16244736,2,0,0,16244736,270746,14.600113832999341,mps,12705792,16592256,"{'0': 16592256, '1': 16592256}",15474529,9351168,3538944,6893568,3a533e805f11896346ac792b6baa7ee2b0b4a05eee6de5b399a8fb93a8c7facc,4517888,"[15733046, 42590208, 26345472]",6.936220542000228,A,42590208,"[16592256, 16244736, 4517888, 0, 0]",seed,/Users/futaoran/Desktop/华为杯2026/2026参赛工作区/2026华为杯idea冻结工作区/实验数据/v7_fast_equiv_20260927_0030,26345472,AI_VERIFIED
413108224,root1:v7_fast_equiv_20260927_0030,0.0,0,0,0.0,0,0,0,0,,0,0,0,L3_base,case_079,234696704,2,111648768,111648768,234696704,3911612,30.02457887499986,mps,7860224,16785792,"{'0': 16785792, '1': 16398720}",21241902,9351168,3538944,225345536,89108c8d2a287a080c22eda70ea3bc35396db57ddb2562c09b5fab3da325b2d1,84496384,"[18487533, 422459392, 187762688]",23.678736084000775,B,422459392,"[16785792, 234696704, 84496384, 0, 0]",legacy_seed,/Users/futaoran/Desktop/华为杯2026/2026参赛工作区/2026华为杯idea冻结工作区/实验数据/v7_fast_equiv_20260927_0030,187762688,AI_VERIFIED
32448512,root1:v7_fast_equiv_20260927_0030,0.0,0,0,0.0,38260736,1122,5812224,1122,,0,0,0,C0_base,case_079,9351168,2,0,0,9351168,155853,15.987304249998488,mps,5812224,33184512,{'0': 33184512},31052251,9351168,3538944,0,5f5ec882a083bd750ab6284c29722871c2e976498a30b387aa087694bfcf3d13,2258944,"[31048836, 696661.3333333334, 0, 32448512]",15.90460854199955,C,41799680,"[33184512, 9351168, 2258944, 0, 0]",seed,/Users/futaoran/Desktop/华为杯2026/2026参赛工作区/2026华为杯idea冻结工作区/实验数据/v7_fast_equiv_20260927_0030,32448512,AI_VERIFIED
32980992,root1:v7_fast_equiv_20260927_0030,0.0,0,0,0.0,0,0,0,0,,0,0,0,A2_base,case_079,20164608,3,0,0,20164608,336077,4.957022042000972,mps,16625664,11061504,"{'0': 11061504, '1': 11061504, '2': 11061504}",10213492,9351168,3538944,10813440,476b9db8b5864d44c15ba067646b1a9638dbe3be95f37160f4a97c4888d72d43,6776832,"[10426994, 42332160, 22167552]",5.308483625000008,A,42332160,"[11061504, 20164608, 6776832, 0, 0]",seed,/Users/futaoran/Desktop/华为杯2026/2026参赛工作区/2026华为杯idea冻结工作区/实验数据/v7_fast_equiv_20260927_0030,22167552,AI_VERIFIED
359690240,root1:v7_fast_equiv_20260927_0030,0.0,0,0,0.0,0,0,0,0,,0,0,0,L2_base,case_079,234090496,3,111476736,111476736,234090496,3901509,5.8097676249999495,mps,7598080,11319552,"{'0': 11319552, '1': 10932480, '2': 10932480}",15953052,9351168,3538944,224739328,828927ecc8b67a569205c838c396d72f56248983d8450316a96edc6d9ea512bc,61607936,"[13386981, 369041408, 134950912]",5.648027332999845,B,369041408,"[11319552, 234090496, 61607936, 0, 0]",legacy_seed,/Users/futaoran/Desktop/华为杯2026/2026参赛工作区/2026华为杯idea冻结工作区/实验数据/v7_fast_equiv_20260927_0030,134950912,AI_VERIFIED
32448512,root1:v7_fast_equiv_20260927_0030,0.0,0,0,0.0,38260736,1122,5812224,1122,,0,0,0,C0_base,case_079,9351168,3,0,0,9351168,155853,5.74543604199971,mps,5812224,33184512,{'0': 33184512},31052251,9351168,3538944,0,f7f2efd9911f58e40a3f6f6a99b440de9ac268fd7852c6b63bce77b9ef3911e9,2258944,"[31048836, 696661.3333333334, 0, 32448512]",5.609309249999569,C,41799680,"[33184512, 9351168, 2258944, 0, 0]",seed,/Users/futaoran/Desktop/华为杯2026/2026参赛工作区/2026华为杯idea冻结工作区/实验数据/v7_fast_equiv_20260927_0030,32448512,AI_VERIFIED
33665024,root1:v7_fast_equiv_20260927_0030,0.0,0,0,0.0,0,0,0,0,,0,0,0,A2_aggregate,case_079,23543808,4,0,0,23543808,392397,3.025423791999856,mps,20004864,8296128,"{'0': 8296128, '1': 8296128, '2': 8296128, '3': 8296128}",7744600,9351168,3538944,14192640,4cf1be67f18e0e73546fa039b36ac3dcb2baa6e479caf70cc5454dcf3daecba1,9035776,"[7864430, 43016192, 19472384]",2.792423916000189,A,43016192,"[8296128, 23543808, 9035776, 0, 0]",aggregate,/Users/futaoran/Desktop/华为杯2026/2026参赛工作区/2026华为杯idea冻结工作区/实验数据/v7_fast_equiv_20260927_0030,19472384,AI_VERIFIED
414031872,root1:v7_fast_equiv_20260927_0030,0.0,0,0,0.0,0,0,0,0,,0,0,0,L2_base,case_079,338751488,4,163676160,163676160,338751488,5645859,6.103321999999025,mps,7860224,8586432,"{'0': 8586432, '1': 8199360, '2': 8199360, '3': 8199360}",13854924,9351168,3538944,329400320,2a6313d7be9af86be56a413cd0ad9fffefcb21d61b5bfc2e958a712e401ea5d6,34824192,"[9899780, 423383040, 84631552]",5.605459667000105,B,423383040,"[8586432, 338751488, 34824192, 0, 0]",legacy_seed,/Users/futaoran/Desktop/华为杯2026/2026参赛工作区/2026华为杯idea冻结工作区/实验数据/v7_fast_equiv_20260927_0030,84631552,AI_VERIFIED
32448512,root1:v7_fast_equiv_20260927_0030,0.0,0,0,0.0,38260736,1122,5812224,1122,,0,0,0,C0_base,case_079,9351168,4,0,0,9351168,155853,5.647644750000836,mps,5812224,33184512,{'0': 33184512},31052251,9351168,3538944,0,9ea4b156aec8451af37bd290ab4d8df8f52d33fb2a14c5356ef87ac20e6d2893,2258944,"[31048836, 696661.3333333334, 0, 32448512]",5.5241636669998115,C,41799680,"[33184512, 9351168, 2258944, 0, 0]",seed,/Users/futaoran/Desktop/华为杯2026/2026参赛工作区/2026华为杯idea冻结工作区/实验数据/v7_fast_equiv_20260927_0030,32448512,AI_VERIFIED
39862272,root1:v7_fast_equiv_20260927_0030,0.0,0,0,0.0,0,0,0,0,,0,0,0,L2_base,case_079,34369536,5,1966080,1966080,34369536,572826,3.331484166001246,mps,26898432,6637440,"{'0': 6637440, '1': 6637440, '2': 6634752, '3': 6637440, '4': 6637440}",27315136,9351168,3538944,25018368,9a81e168a2187a8c82141bc51009c59a43ba2e5acd1cd8b9d0b6d8508e37622c,11294720,"[28128531, 49213440, 14843904]",2.497857083000781,A,49213440,"[6637440, 34369536, 11294720, 0, 0]",legacy_seed,/Users/futaoran/Desktop/华为杯2026/2026参赛工作区/2026华为杯idea冻结工作区/实验数据/v7_fast_equiv_20260927_0030,14843904,AI_VERIFIED
427458560,root1:v7_fast_equiv_20260927_0030,0.0,0,0,0.0,0,0,0,0,,0,0,0,L2_base,case_079,370290688,5,178716672,178716672,370290688,6171512,10.612768290999156,mps,9318400,6946560,"{'0': 6946560, '1': 6559488, '2': 6559488, '3': 6559488, '4': 6559488}",12112864,9351168,3538944,360939520,ce7ce626e08cab983edf3da2c16bc5e46c62daaab15edae8d5c1f4e134e368b6,28069888,"[7529537, 436809728, 66519040]",9.009357082999486,B,436809728,"[6946560, 370290688, 28069888, 0, 0]",legacy_seed,/Users/futaoran/Desktop/华为杯2026/2026参赛工作区/2026华为杯idea冻结工作区/实验数据/v7_fast_equiv_20260927_0030,66519040,AI_VERIFIED
48365568,root1:v7_fast_equiv_20260927_0030,10817.536,12711936,139,0.23463370378770695,41465856,5471,29061120,5610,,16625664,854016,3417,incumbent_split_topo_g0_p4,case_079,32600064,5,0,0,31746048,529101,3.1912937910001347,mps,29061120,6682992,"{'0': 6682992, '1': 6682992, '2': 6682992, '3': 6567768, '4': 6567768}",6075498,9351168,3538944,23248896,ab489b7de7a88af3d58c7ffc0bce4dd01eb8c9388712069da4d66511fa790943,11294720,"[6072384, 802918.4, -9541632, 25116672]",3.549638332999166,C,57716736,"[6682992, 32600064, 11294720, -854016, -16625664]",timing,/Users/futaoran/Desktop/华为杯2026/2026参赛工作区/2026华为杯idea冻结工作区/实验数据/v7_fast_equiv_20260927_0030,25116672,AI_VERIFIED
110592,root1:v7_fast_equiv_20260927_0030,0.0,0,0,0.0,0,0,0,0,,0,0,0,A2_base,case_004,903168,1,0,0,903168,15053,0.07697341699895333,mps,562176,433566,{'0': 433566},393206,792576,340992,110592,eb1a4be3e30a0a5ca8865f212c75ddd92c19be7e76358083595e6630199020c2,0,"[436258, 903168, 0]",0.06292441699952178,A,903168,"[433566, 903168, 0, 0, 0]",seed,/Users/futaoran/Desktop/华为杯2026/2026参赛工作区/2026华为杯idea冻结工作区/实验数据/v7_fast_equiv_20260927_0030,0,AI_VERIFIED
2049024,root1:v7_fast_equiv_20260927_0030,0.0,0,0,0.0,0,0,0,0,,0,0,0,B2_base,case_004,792576,1,0,0,792576,13210,0.17437633299959998,mps,451584,433566,{'0': 433566},392195,792576,340992,0,58746e35687445a98fb1e20c6f8b6eca7be238cdcf8c0d40fe0f980eb0c21be3,1203200,"[390338, 2841600, 2049024]",0.13017041700004484,B,2841600,"[433566, 792576, 1203200, 0, 0]",seed,/Users/futaoran/Desktop/华为杯2026/2026参赛工作区/2026华为杯idea冻结工作区/实验数据/v7_fast_equiv_20260927_0030,2049024,AI_VERIFIED
2049024,root1:v7_fast_equiv_20260927_0030,0.0,377856,0,0.22693726937269373,1287168,114,451584,114,,2727936,0,0,incumbent_split_release_g1_p2,case_004,792576,1,0,0,792576,13210,0.17604216699874087,mps,451584,433566,{'0': 433566},387184,792576,340992,0,d2e7028728515736096b7591a0650673a21d87dec3c0cb7a41937b2e0b5af0a9,1193984,"[387170, 41062.4, -377856, 2049024]",0.13653374999921652,C,2841600,"[433566, 792576, 1193984, 0, -2727936]",timing,/Users/futaoran/Desktop/华为杯2026/2026参赛工作区/2026华为杯idea冻结工作区/实验数据/v7_fast_equiv_20260927_0030,2049024,AI_VERIFIED
331776,root1:v7_fast_equiv_20260927_0030,0.0,0,0,0.0,0,0,0,0,,0,0,0,A2_base,case_004,1124352,2,0,0,1124352,18740,0.06984391699916159,mps,783360,218736,"{'0': 214830, '1': 218736}",200732,792576,340992,331776,054ffc8ad0cecb4db2f898a18888b8e98fa45ff66f9bb21ed29888dc867b9007,0,"[221978, 1124352, 0]",0.07225387499966018,A,1124352,"[218736, 1124352, 0, 0, 0]",seed,/Users/futaoran/Desktop/华为杯2026/2026参赛工作区/2026华为杯idea冻结工作区/实验数据/v7_fast_equiv_20260927_0030,0,AI_VERIFIED
3115008,root1:v7_fast_equiv_20260927_0030,0.0,0,0,0.0,0,0,0,0,,0,0,0,B2_base,case_004,3870720,2,1333248,1333248,3870720,64512,0.17463620800117496,mps,863232,240720,"{'0': 240720, '1': 192846}",241510,792576,340992,3078144,e72f5c05a05b74c5614e141e617e9c574228350e3643980db2b6606a955f2bd2,34816,"[240115, 3907584, 36864]",0.15957637499923294,B,3907584,"[240720, 3870720, 34816, 0, 0]",seed,/Users/futaoran/Desktop/华为杯2026/2026参赛工作区/2026华为杯idea冻结工作区/实验数据/v7_fast_equiv_20260927_0030,36864,AI_VERIFIED
2049024,root1:v7_fast_equiv_20260927_0030,0.0,377856,0,0.22693726937269373,1287168,114,451584,114,,2727936,0,0,lower_core_base,case_004,792576,2,0,0,792576,13210,0.14317570799903478,mps,451584,433566,{'0': 433566},387184,792576,340992,0,54026933b368030d0731dd1e99411a609cdd308a78dc020da95110f7e366c25e,1193984,"[387170, 41062.4, -377856, 2049024]",0.15068670799882966,C,2841600,"[433566, 792576, 1193984, 0, -2727936]",lower_core,/Users/futaoran/Desktop/华为杯2026/2026参赛工作区/2026华为杯idea冻结工作区/实验数据/v7_fast_equiv_20260927_0030,2049024,AI_VERIFIED
552960,root1:v7_fast_equiv_20260927_0030,0.0,0,0,0.0,0,0,0,0,,0,0,0,A2_base,case_004,1345536,3,0,0,1345536,22426,0.080211333999614,mps,1004544,144522,"{'0': 144522, '1': 144522, '2': 144522}",136643,792576,340992,552960,b0166a47ccff7b11d237bacca5d7aff6906ae22730e76f0bbed0a616d7350294,0,"[147954, 1345536, 0]",0.0881407910001144,A,1345536,"[144522, 1345536, 0, 0, 0]",seed,/Users/futaoran/Desktop/华为杯2026/2026参赛工作区/2026华为杯idea冻结工作区/实验数据/v7_fast_equiv_20260927_0030,0,AI_VERIFIED
5867520,root1:v7_fast_equiv_20260927_0030,0.0,0,0,0.0,0,0,0,0,,0,0,0,B3_base,case_004,6660096,3,2614272,2614272,6660096,111002,0.24931904100048996,mps,1090560,147948,"{'0': 147948, '1': 142926, '2': 142692}",192016,792576,340992,5867520,b90da5f5851709ed060abef9924b5da3dd992b41c443c2b4910f1e76cba1d0c6,0,"[180071, 6660096, 0]",0.21455408399924636,B,6660096,"[147948, 6660096, 0, 0, 0]",seed,/Users/futaoran/Desktop/华为杯2026/2026参赛工作区/2026华为杯idea冻结工作区/实验数据/v7_fast_equiv_20260927_0030,0,AI_VERIFIED
110592,root1:v7_fast_equiv_20260927_0030,0.0,0,0,0.0,562176,117,562176,117,,0,0,0,lower_core_base,case_004,903168,3,0,0,903168,15053,0.11185637500057055,mps,562176,218736,"{'0': 218736, '1': 214830}",199074,792576,340992,110592,a09c4035ea6bbdf8233c6beca691111fd96a49da4ace404225840589f56f783b,0,"[198317, 15052.8, 0, 0]",0.08536837499923422,C,903168,"[218736, 903168, 0, 0, 0]",lower_core,/Users/futaoran/Desktop/华为杯2026/2026参赛工作区/2026华为杯idea冻结工作区/实验数据/v7_fast_equiv_20260927_0030,0,AI_VERIFIED
774144,root1:v7_fast_equiv_20260927_0030,0.0,0,0,0.0,0,0,0,0,,0,0,0,A2_base,case_004,1566720,4,0,0,1566720,26112,0.07586804200036568,mps,1225728,109368,"{'0': 109368, '1': 109368, '2': 105462, '3': 109368}",109744,792576,340992,774144,582291ed86abb3326f12384b427f1101600fedd9813a4fa4979eefb7d5f2d283,0,"[112890, 1566720, 0]",0.08177395799975784,A,1566720,"[109368, 1566720, 0, 0, 0]",seed,/Users/futaoran/Desktop/华为杯2026/2026参赛工作区/2026华为杯idea冻结工作区/实验数据/v7_fast_equiv_20260927_0030,0,AI_VERIFIED
6137856,root1:v7_fast_equiv_20260927_0030,0.0,0,0,0.0,0,0,0,0,,0,0,0,B3_base,case_004,6930432,4,2669568,2669568,6930432,115508,0.2290414580002107,mps,1250304,122124,"{'0': 104220, '1': 103962, '2': 103260, '3': 122124}",163933,792576,340992,6137856,bc28b50b9bc90e9f16e958560cc2e20d8c5cb849aba22a8b75f6045a31ff692b,0,"[151110, 6930432, 0]",0.21719041600044875,B,6930432,"[122124, 6930432, 0, 0, 0]",seed,/Users/futaoran/Desktop/华为杯2026/2026参赛工作区/2026华为杯idea冻结工作区/实验数据/v7_fast_equiv_20260927_0030,0,AI_VERIFIED
221184,root1:v7_fast_equiv_20260927_0030,0.0,0,0,0.0,672768,120,672768,120,,0,0,0,lower_core_base,case_004,1013760,4,0,0,1013760,16896,0.10739979200116068,mps,672768,144522,"{'0': 144522, '1': 144522, '2': 144522}",134043,792576,340992,221184,f4441ffc9b7a16cb97c88b661a4992529207b94ad63e47b9d4dc21136c210146,0,"[131285, 16896.0, 0, 0]",0.10808695800005808,C,1013760,"[144522, 1013760, 0, 0, 0]",lower_core,/Users/futaoran/Desktop/华为杯2026/2026参赛工作区/2026华为杯idea冻结工作区/实验数据/v7_fast_equiv_20260927_0030,0,AI_VERIFIED
995328,root1:v7_fast_equiv_20260927_0030,0.0,0,0,0.0,0,0,0,0,,0,0,0,A2_base,case_004,1787904,5,0,0,1787904,29799,0.0839906669989432,mps,1446912,89838,"{'0': 85932, '1': 85932, '2': 85932, '3': 85932, '4': 89838}",95846,792576,340992,995328,be02bb39ee144016d4c06c62602a3aa46dc6b3f0b457a494e8edeeb924bed164,0,"[93410, 1787904, 0]",0.08470033300000068,A,1787904,"[89838, 1787904, 0, 0, 0]",seed,/Users/futaoran/Desktop/华为杯2026/2026参赛工作区/2026华为杯idea冻结工作区/实验数据/v7_fast_equiv_20260927_0030,0,AI_VERIFIED
6552576,root1:v7_fast_equiv_20260927_0030,0.0,0,0,0.0,0,0,0,0,,0,0,0,B3_base,case_004,7185408,5,2789376,2789376,7185408,119757,0.2782500829998753,mps,1265664,119757,"{'0': 92538, '1': 94956, '2': 112680, '3': 74256, '4': 59136}",153547,792576,340992,6392832,c79141f6df7f372665c4d829ada0126ddc1c6777e970c942faa0badd01b8c7a8,83968,"[124581, 7345152, 159744]",0.20572337500016147,B,7345152,"[119757, 7185408, 83968, 0, 0]",seed,/Users/futaoran/Desktop/华为杯2026/2026参赛工作区/2026华为杯idea冻结工作区/实验数据/v7_fast_equiv_20260927_0030,159744,AI_VERIFIED
473088,root1:v7_fast_equiv_20260927_0030,3346.432,190464,9,0.20875420875420875,721920,121,912384,130,,73728,264192,1057,r2_boundary_n6_c2_p0,case_004,1265664,5,12288,12288,1001472,16692,0.10666300000048068,mps,900096,87522,"{'1': 87090, '2': 87090, '0': 87522, '3': 85932, '4': 85932}",86005,792576,340992,473088,8c903142d72445f0180d46e74a7f8a2b5df34f639f6ce369ad7df75665be82de,0,"[81789, 17920.0, -190464, 0]",0.10829374999957508,C,1265664,"[87522, 1265664, 0, -264192, -73728]",ordinary_chain,/Users/futaoran/Desktop/华为杯2026/2026参赛工作区/2026华为杯idea冻结工作区/实验数据/v7_fast_equiv_20260927_0030,0,AI_VERIFIED
1778432,root1:v7_fast_equiv_20260927_0030,0.0,0,0,0.0,0,0,0,0,,0,0,0,L3_base,case_015,2548358,1,602812,602812,2548358,42473,0.15288041699932364,mps,1342602,196477,{'0': 196477},172300,884614,132,1663744,b2a0214495bd263a4411316cb0bbddeeda604b70d35e5bb37bb8efcf4d68c312,335184,"[201254, 2663046, 114688]",0.12497245799931989,A,2663046,"[196477, 2548358, 335184, 0, 0]",legacy_seed,/Users/futaoran/Desktop/华为杯2026/2026参赛工作区/2026华为杯idea冻结工作区/实验数据/v7_fast_equiv_20260927_0030,114688,AI_VERIFIED
507940,root1:v7_fast_equiv_20260927_0030,0.0,0,0,0.0,0,0,0,0,,0,0,0,B3_base,case_015,884614,1,0,0,884614,14744,0.19353891600076167,mps,884482,196477,{'0': 196477},167767,884614,132,0,4b9744a906dc12cafb1e506132277438cd486224b5675e0edffa5e1853697835,146570,"[167621, 1392554, 507940]",0.15164704200105916,B,1392554,"[196477, 884614, 146570, 0, 0]",seed,/Users/futaoran/Desktop/华为杯2026/2026参赛工作区/2026华为杯idea冻结工作区/实验数据/v7_fast_equiv_20260927_0030,507940,AI_VERIFIED
507940,root1:v7_fast_equiv_20260927_0030,0.0,204800,0,0.16504788645221186,1036052,211,884482,211,,784386,0,0,incumbent_aggregate,case_015,884614,1,0,0,884614,14744,0.15241112500007148,mps,884482,196477,{'0': 196477},167630,884614,132,0,05eac0a4639d44eb516156ab3bf2217d39ce311aa1569c378bf6865c9e29d771,146570,"[167621, 19795.9, -204800, 507940]",0.16106799999943178,C,1392554,"[196477, 884614, 146570, 0, -784386]",aggregate,/Users/futaoran/Desktop/华为杯2026/2026参赛工作区/2026华为杯idea冻结工作区/实验数据/v7_fast_equiv_20260927_0030,507940,AI_VERIFIED
199948,root1:v7_fast_equiv_20260927_0030,0.0,0,0,0.0,0,0,0,0,,0,0,0,L1_base,case_015,994438,2,0,0,994438,16574,0.12093483299940999,mps,994306,98306,"{'0': 98306, '1': 98171}",90509,884614,132,109824,757ed6ad36ed986db4a0637f126dbd0c44b405b2b1a57723982c5040f65573de,65570,"[102317, 1084562, 90124]",0.09510604100069031,A,1084562,"[98306, 994438, 65570, 0, 0]",legacy_seed,/Users/futaoran/Desktop/华为杯2026/2026参赛工作区/2026华为杯idea冻结工作区/实验数据/v7_fast_equiv_20260927_0030,90124,AI_VERIFIED
199948,root1:v7_fast_equiv_20260927_0030,0.0,0,0,0.0,0,0,0,0,,0,0,0,L1_base,case_015,994438,2,0,0,994438,16574,0.14847941600055492,mps,994306,98306,"{'0': 98306, '1': 98171}",90509,884614,132,109824,757ed6ad36ed986db4a0637f126dbd0c44b405b2b1a57723982c5040f65573de,65570,"[90235, 1084562, 90124]",0.1218762919997971,B,1084562,"[98306, 994438, 65570, 0, 0]",legacy_seed,/Users/futaoran/Desktop/华为杯2026/2026参赛工作区/2026华为杯idea冻结工作区/实验数据/v7_fast_equiv_20260927_0030,90124,AI_VERIFIED
199948,root1:v7_fast_equiv_20260927_0030,145.92,199936,7,0.18437068895561146,884488,214,994306,221,,226950,11520,47,incumbent_split_release_g0_p4,case_015,994438,2,0,0,982918,16382,0.12744374999965657,mps,994306,98306,"{'0': 98306, '1': 98171}",87390,884614,132,109824,91bd97a4b14e2c9c6fabf323ac5438a7e40b0960479d0894e607b9d7a831bfad,65570,"[87253, 14743.766666666666, -199936, 90124]",0.13573345799886738,C,1084562,"[98306, 994438, 65570, -11520, -226950]",timing,/Users/futaoran/Desktop/华为杯2026/2026参赛工作区/2026华为杯idea冻结工作区/实验数据/v7_fast_equiv_20260927_0030,90124,AI_VERIFIED
252416,root1:v7_fast_equiv_20260927_0030,0.0,0,0,0.0,0,0,0,0,,0,0,0,L1_base,case_015,1104262,3,0,0,1104262,18405,0.16383950000090408,mps,1104130,65606,"{'0': 65606, '1': 65311, '2': 65560}",62280,884614,132,219648,1a5ce993c5a2962aec83393435a75419962bd1d6c75684553a442aa7d68463f2,16410,"[69802, 1137030, 32768]",0.09515629199995601,A,1137030,"[65606, 1104262, 16410, 0, 0]",legacy_seed,/Users/futaoran/Desktop/华为杯2026/2026参赛工作区/2026华为杯idea冻结工作区/实验数据/v7_fast_equiv_20260927_0030,32768,AI_VERIFIED
252416,root1:v7_fast_equiv_20260927_0030,0.0,0,0,0.0,0,0,0,0,,0,0,0,L1_base,case_015,1104262,3,0,0,1104262,18405,0.16264370799945027,mps,1104130,65606,"{'0': 65606, '1': 65311, '2': 65560}",62280,884614,132,219648,1a5ce993c5a2962aec83393435a75419962bd1d6c75684553a442aa7d68463f2,16410,"[61690, 1137030, 32768]",0.12555041699852154,B,1137030,"[65606, 1104262, 16410, 0, 0]",legacy_seed,/Users/futaoran/Desktop/华为杯2026/2026参赛工作区/2026华为杯idea冻结工作区/实验数据/v7_fast_equiv_20260927_0030,32768,AI_VERIFIED
199948,root1:v7_fast_equiv_20260927_0030,145.92,199936,7,0.18437068895561146,884488,214,994306,221,,226950,11520,47,lower_core_base,case_015,994438,3,0,0,982918,16382,0.13231187500059605,mps,994306,98306,"{'0': 98306, '1': 98171}",87390,884614,132,109824,78c48fe70352902f001e42b6d971d0fbbc17f814e9cc9b7b22e9b8cd4e2f38cf,65570,"[87253, 14743.766666666666, -199936, 90124]",0.13910979100000986,C,1084562,"[98306, 994438, 65570, -11520, -226950]",lower_core,/Users/futaoran/Desktop/华为杯2026/2026参赛工作区/2026华为杯idea冻结工作区/实验数据/v7_fast_equiv_20260927_0030,90124,AI_VERIFIED
362248,root1:v7_fast_equiv_20260927_0030,0.0,0,0,0.0,0,0,0,0,,0,0,0,L1_base,case_015,1214086,4,0,0,1214086,20235,0.16015716599940788,mps,1213954,49253,"{'0': 48984, '1': 49003, '2': 49253, '3': 49237}",48727,884614,132,329472,6f73e447dab3b7d8a3b0dac2572130a4e5f7e3c923c12f36db3c868178feb70a,16400,"[53084, 1246862, 32776]",0.1290271660000144,A,1246862,"[49253, 1214086, 16400, 0, 0]",legacy_seed,/Users/futaoran/Desktop/华为杯2026/2026参赛工作区/2026华为杯idea冻结工作区/实验数据/v7_fast_equiv_20260927_0030,32776,AI_VERIFIED
362248,root1:v7_fast_equiv_20260927_0030,0.0,0,0,0.0,0,0,0,0,,0,0,0,L1_base,case_015,1214086,4,0,0,1214086,20235,0.17079337500035763,mps,1213954,49253,"{'0': 48984, '1': 49003, '2': 49253, '3': 49237}",48727,884614,132,329472,6f73e447dab3b7d8a3b0dac2572130a4e5f7e3c923c12f36db3c868178feb70a,16400,"[46711, 1246862, 32776]",0.1983263749989419,B,1246862,"[49253, 1214086, 16400, 0, 0]",legacy_seed,/Users/futaoran/Desktop/华为杯2026/2026参赛工作区/2026华为杯idea冻结工作区/实验数据/v7_fast_equiv_20260927_0030,32776,AI_VERIFIED
362248,root1:v7_fast_equiv_20260927_0030,350.20799999999997,260480,18,0.20893123268464764,986246,223,1213954,241,,0,27648,111,event_timing_tid_3_miss_2_bytes_65536_front,case_015,1214086,4,0,0,1186438,19774,0.1368264579996321,mps,1213954,49253,"{'0': 48984, '1': 49003, '2': 49253, '3': 49237}",48669,884614,132,329472,644250a292464fa504a7dc478fcb84899ae7555f70256d2a0cc2ff442a54bb0a,16400,"[46711, 16382.1, -263936, 32776]",0.13133312500031025,C,1246862,"[49253, 1214086, 16400, -27648, 0]",event_timing,/Users/futaoran/Desktop/华为杯2026/2026参赛工作区/2026华为杯idea冻结工作区/实验数据/v7_fast_equiv_20260927_0030,32776,AI_VERIFIED
336384,root1:v7_fast_equiv_20260927_0030,0.0,0,0,0.0,0,0,0,0,,0,0,0,L1_base,case_015,1220998,5,0,0,1220998,20350,0.14270145899899944,mps,1220866,39447,"{'0': 39286, '1': 39129, '2': 39447, '3': 39439, '4': 39176}",43665,884614,132,336384,6a7a5c87a1caf3d4ab3e5bb1e5851d131f3e751093760d0a0b9f8b22f5dcdc61,0,"[42169, 1220998, 0]",0.14103754100142396,A,1220998,"[39447, 1220998, 0, 0, 0]",legacy_seed,/Users/futaoran/Desktop/华为杯2026/2026参赛工作区/2026华为杯idea冻结工作区/实验数据/v7_fast_equiv_20260927_0030,0,AI_VERIFIED
336384,root1:v7_fast_equiv_20260927_0030,0.0,0,0,0.0,0,0,0,0,,0,0,0,L1_base,case_015,1220998,5,0,0,1220998,20350,0.14826349999930244,mps,1220866,39447,"{'0': 39286, '1': 39129, '2': 39447, '3': 39439, '4': 39176}",43665,884614,132,336384,6a7a5c87a1caf3d4ab3e5bb1e5851d131f3e751093760d0a0b9f8b22f5dcdc61,0,"[38376, 1220998, 0]",0.10819712500051537,B,1220998,"[39447, 1220998, 0, 0, 0]",legacy_seed,/Users/futaoran/Desktop/华为杯2026/2026参赛工作区/2026华为杯idea冻结工作区/实验数据/v7_fast_equiv_20260927_0030,0,AI_VERIFIED
336384,root1:v7_fast_equiv_20260927_0030,496.128,303616,22,0.2486890453170127,917250,222,1220866,244,,0,39168,157,event_timing_tid_9_miss_2_bytes_65536_front,case_015,1220998,5,0,0,1181830,19698,0.15813554200030921,mps,1220866,39447,"{'0': 39286, '1': 39129, '2': 39447, '3': 39439, '4': 39176}",42872,884614,132,336384,18dfef999a8b14a89675764c96223cf1311a37824999ad96e461d28279bde639,0,"[38376, 14743.566666666668, -336384, 0]",0.16261104200020782,C,1220998,"[39447, 1220998, 0, -39168, 0]",event_timing,/Users/futaoran/Desktop/华为杯2026/2026参赛工作区/2026华为杯idea冻结工作区/实验数据/v7_fast_equiv_20260927_0030,0,AI_VERIFIED
393220,root1:v7_fast_equiv_20260927_0030,0.0,0,0,0.0,0,0,0,0,,0,0,0,A2_base,case_024,786438,1,2,2,786438,13108,1.1664900420000777,mps,786432,2554795,{'0': 2554795},2555992,393218,2,393220,2ed0bc557671e2a37f51a376bf93d183eae7d514c9021a8c4151ec95c002e49b,0,"[2561608, 786438, 0]",1.120741624999937,A,786438,"[2554795, 786438, 0, 0, 0]",seed,/Users/futaoran/Desktop/华为杯2026/2026参赛工作区/2026华为杯idea冻结工作区/实验数据/v7_fast_equiv_20260927_0030,0,AI_VERIFIED
0,root1:v7_fast_equiv_20260927_0030,0.0,0,0,0.0,0,0,0,0,,0,0,0,B2_base,case_024,393218,1,0,0,393218,6554,1.7256554590003361,mps,393216,2554795,{'0': 2554795},2555343,393218,2,0,b07de91fe680260739b16d27aba77f2f06e3940376c9b0b7344515ae3235d1f3,0,"[2555343, 393218, 0]",1.8425459999998566,B,393218,"[2554795, 393218, 0, 0, 0]",seed,/Users/futaoran/Desktop/华为杯2026/2026参赛工作区/2026华为杯idea冻结工作区/实验数据/v7_fast_equiv_20260927_0030,0,AI_VERIFIED
0,root1:v7_fast_equiv_20260927_0030,0.0,0,0,0.0,393216,12,393216,12,,0,0,0,incumbent_base,case_024,393218,1,0,0,393218,6554,1.861664791000294,mps,393216,2554795,{'0': 2554795},2555343,393218,2,0,60bdfaac27bdd7cbde4e5b65714b5f6b492e1f8b829661c21657b3a1a8c4b1a9,0,"[2555343, 6553.633333333333, 0, 0]",1.890830583000934,C,393218,"[2554795, 393218, 0, 0, 0]",incumbent,/Users/futaoran/Desktop/华为杯2026/2026参赛工作区/2026华为杯idea冻结工作区/实验数据/v7_fast_equiv_20260927_0030,0,AI_VERIFIED
1179660,root1:v7_fast_equiv_20260927_0030,0.0,0,0,0.0,0,0,0,0,,0,0,0,A2_base,case_024,1572878,2,6,6,1572878,26215,0.9752592080003524,mps,1572864,1290045,"{'0': 1264750, '1': 1290045}",2559990,393218,2,1179660,73fdc27d6baf6927ac775de2a5eee195a16f2ed6da1b95dc32de6d6e08db7a5c,0,"[2571222, 1572878, 0]",0.9509577910012013,A,1572878,"[1290045, 1572878, 0, 0, 0]",seed,/Users/futaoran/Desktop/华为杯2026/2026参赛工作区/2026华为杯idea冻结工作区/实验数据/v7_fast_equiv_20260927_0030,0,AI_VERIFIED
2162724,root1:v7_fast_equiv_20260927_0030,0.0,0,0,0.0,0,0,0,0,,0,0,0,L2_base,case_024,2555942,2,884754,884754,2555942,42600,1.2277889590004634,mps,786432,1280470,"{'0': 1280470, '1': 1274325}",2552735,393218,2,2162724,a660c1aef672eed70ef1574952787c12b5a8e6fe8a26b4f7242d8f265d6418f7,0,"[2549678, 2555942, 0]",1.1376754170014465,B,2555942,"[1280470, 2555942, 0, 0, 0]",legacy_seed,/Users/futaoran/Desktop/华为杯2026/2026参赛工作区/2026华为杯idea冻结工作区/实验数据/v7_fast_equiv_20260927_0030,0,AI_VERIFIED
2228260,root1:v7_fast_equiv_20260927_0030,4980.736,196608,12,0.11538339650014026,1507346,49,1703954,61,,884736,393216,1573,incumbent_disperse_tid_1000000001_node_13_core_1_pos_0,case_024,2621478,2,917522,917522,2228262,37138,1.479389957999956,mps,786432,1279946,"{'1': 1274849, '0': 1279946}",2553327,393218,2,2228260,8564eb8f13e2090d936a476919154422125edab02065d4a354641d6efa5b78ce,0,"[2549176, 37137.7, -393216, 0]",1.4000219159988774,C,2621478,"[1279946, 2621478, 0, -393216, -884736]",disperse,/Users/futaoran/Desktop/华为杯2026/2026参赛工作区/2026华为杯idea冻结工作区/实验数据/v7_fast_equiv_20260927_0030,0,AI_VERIFIED
1966100,root1:v7_fast_equiv_20260927_0030,0.0,0,0,0.0,0,0,0,0,,0,0,0,A2_base,case_024,2359318,3,10,10,2359318,39322,0.9027133340005093,mps,2359296,860030,"{'0': 860030, '1': 834735, '2': 860030}",2563088,393218,2,1966100,b2d14548e620225f78aa57104d42196aa064b86ca13030d870f47b4c7aee3fee,0,"[2579936, 2359318, 0]",0.8830373750006402,A,2359318,"[860030, 2359318, 0, 0, 0]",seed,/Users/futaoran/Desktop/华为杯2026/2026参赛工作区/2026华为杯idea冻结工作区/实验数据/v7_fast_equiv_20260927_0030,0,AI_VERIFIED
3407932,root1:v7_fast_equiv_20260927_0030,0.0,0,0,0.0,0,0,0,0,,0,0,0,L2_base,case_024,3145790,3,983070,983070,3145790,52430,1.219682291000936,mps,1179648,854673,"{'0': 854673, '1': 850572, '2': 849550}",2558083,393218,2,2752572,83029d0290d3382b497a971cfea2e42246109bdc953cac0c58df54b305f1bffe,294912,"[2557004, 3801150, 655360]",1.133595499999501,B,3801150,"[854673, 3145790, 294912, 0, 0]",legacy_seed,/Users/futaoran/Desktop/华为杯2026/2026参赛工作区/2026华为杯idea冻结工作区/实验数据/v7_fast_equiv_20260927_0030,655360,AI_VERIFIED
2228260,root1:v7_fast_equiv_20260927_0030,4980.736,196608,12,0.11538339650014026,1507346,49,1703954,61,,884736,393216,1573,incumbent_disperse_tid_1000000001_node_13_core_1_pos_0,case_024,2621478,3,917522,917522,2228262,37138,1.1397304160000203,mps,786432,1279946,"{'1': 1274849, '0': 1279946}",2553327,393218,2,2228260,88385b7a6d6c90f7ecaa9a2eed1c6c5ad359f6d0748fd115d95ff2b7d28abdf6,0,"[2549176, 37137.7, -393216, 0]",1.0036481669994828,C,2621478,"[1279946, 2621478, 0, -393216, -884736]",disperse,/Users/futaoran/Desktop/华为杯2026/2026参赛工作区/2026华为杯idea冻结工作区/实验数据/v7_fast_equiv_20260927_0030,0,AI_VERIFIED
2752540,root1:v7_fast_equiv_20260927_0030,0.0,0,0,0.0,0,0,0,0,,0,0,0,A2_base,case_024,3145758,4,14,14,3145758,52430,0.7732242080001015,mps,3145728,657670,"{'0': 657670, '1': 632375, '2': 607080, '3': 657670}",2566186,393218,2,2752540,efce53c70616d43f326465064a855f45bda8717c95216ea7bbfeb788862ecead,0,"[2588650, 3145758, 0]",0.5728583749987592,A,3145758,"[657670, 3145758, 0, 0, 0]",seed,/Users/futaoran/Desktop/华为杯2026/2026参赛工作区/2026华为杯idea冻结工作区/实验数据/v7_fast_equiv_20260927_0030,0,AI_VERIFIED
4980812,root1:v7_fast_equiv_20260927_0030,0.0,0,0,0.0,0,0,0,0,,0,0,0,L2_base,case_024,5374030,4,1900582,1900582,5374030,89568,0.9908946670002479,mps,1572864,642279,"{'0': 639711, '1': 634614, '2': 638191, '3': 642279}",2552995,393218,2,4980812,013d33294729b95aad9d0df94a22aac105065c35461c469db2d69f41e2df514f,0,"[2549717, 5374030, 0]",0.8504470829993807,B,5374030,"[642279, 5374030, 0, 0, 0]",legacy_seed,/Users/futaoran/Desktop/华为杯2026/2026参赛工作区/2026华为杯idea冻结工作区/实验数据/v7_fast_equiv_20260927_0030,0,AI_VERIFIED
2228260,root1:v7_fast_equiv_20260927_0030,4980.736,196608,12,0.11538339650014026,1507346,49,1703954,61,,884736,393216,1573,incumbent_disperse_tid_1000000001_node_13_core_1_pos_0,case_024,2621478,4,917522,917522,2228262,37138,1.8327464169997256,mps,786432,1279946,"{'1': 1274849, '0': 1279946}",2553327,393218,2,2228260,9078c27f4c74cdd159818b28c8f521f13880fc94821fdc285d03c29b623834bb,0,"[2549176, 37137.7, -393216, 0]",1.3253736250007933,C,2621478,"[1279946, 2621478, 0, -393216, -884736]",disperse,/Users/futaoran/Desktop/华为杯2026/2026参赛工作区/2026华为杯idea冻结工作区/实验数据/v7_fast_equiv_20260927_0030,0,AI_VERIFIED
3538980,root1:v7_fast_equiv_20260927_0030,0.0,0,0,0.0,0,0,0,0,,0,0,0,A2_base,case_024,3932198,5,18,18,3932198,65537,0.9421982500007289,mps,3932160,531195,"{'0': 505900, '1': 505900, '2': 505900, '3': 505900, '4': 531195}",2569284,393218,2,3538980,c72dcfd379df695a2077612c7ec4715b2e8befd836efae30f515a78770b95e87,0,"[2597364, 3932198, 0]",0.7267510420006147,A,3932198,"[531195, 3932198, 0, 0, 0]",seed,/Users/futaoran/Desktop/华为杯2026/2026参赛工作区/2026华为杯idea冻结工作区/实验数据/v7_fast_equiv_20260927_0030,0,AI_VERIFIED
6291556,root1:v7_fast_equiv_20260927_0030,0.0,0,0,0.0,0,0,0,0,,0,0,0,L2_base,case_024,6684774,5,2359346,2359346,6684774,111413,1.1006404999989172,mps,1966080,512188,"{'0': 512188, '1': 512188, '2': 512188, '3': 509122, '4': 509109}",2538844,393218,2,6291556,0cfb3b231ce84fd97c0b5cbd09c8c66d3a36ea3a5072f0756e179b69018ccbdf,0,"[2533234, 6684774, 0]",1.0454071670010308,B,6684774,"[512188, 6684774, 0, 0, 0]",legacy_seed,/Users/futaoran/Desktop/华为杯2026/2026参赛工作区/2026华为杯idea冻结工作区/实验数据/v7_fast_equiv_20260927_0030,0,AI_VERIFIED
6291560,root1:v7_fast_equiv_20260927_0030,14942.233333333334,884738,37,0.2045434578959585,3440690,121,4325428,158,,2064384,1179650,4719,incumbent_disperse_tid_1000000613_node_607_core_3_pos_0,case_024,6684778,5,2359348,2359348,5505128,91753,0.9572298339990084,mps,1966080,512188,"{'0': 511664, '3': 509646, '1': 512188, '2': 512188, '4': 509109}",2538844,393218,2,6291560,93337b550f191e5edf4a90d4d6577782e93a1053ad7bd84c21b56348ccdfd58d,0,"[2532687, 96667.33333333333, -884738, 0]",0.810473292000097,C,6684778,"[512188, 6684778, 0, -1179650, -2064384]",disperse,/Users/futaoran/Desktop/华为杯2026/2026参赛工作区/2026华为杯idea冻结工作区/实验数据/v7_fast_equiv_20260927_0030,0,AI_VERIFIED
44894208,root1:v7_fast_equiv_20260927_0030,0.0,0,0,0.0,0,0,0,0,,0,0,0,A3_base,case_025,53111808,1,18338304,18338304,53111808,885197,10.35920908299886,mps,12340224,5918520,{'0': 5918520},4828832,8217600,4094976,44894208,85dba8755e53595c0c58d2af00707cf38758607080ad88d0521648b8e0d70a48,20704256,"[5655870, 53111808, 0]",9.630478790999405,A,53111808,"[5918520, 53111808, 20704256, 0, 0]",seed,/Users/futaoran/Desktop/华为杯2026/2026参赛工作区/2026华为杯idea冻结工作区/实验数据/v7_fast_equiv_20260927_0030,0,AI_VERIFIED
42091008,root1:v7_fast_equiv_20260927_0030,0.0,0,0,0.0,0,0,0,0,,0,0,0,B2_base,case_025,8217600,1,0,0,8217600,136960,20.207604499999434,mps,4122624,5918520,{'0': 5918520},5987624,8217600,4094976,0,85dba8755e53595c0c58d2af00707cf38758607080ad88d0521648b8e0d70a48,20704256,"[5782716, 50308608, 42091008]",18.42173929099954,B,50308608,"[5918520, 8217600, 20704256, 0, 0]",seed,/Users/futaoran/Desktop/华为杯2026/2026参赛工作区/2026华为杯idea冻结工作区/实验数据/v7_fast_equiv_20260927_0030,42091008,AI_VERIFIED
0,root1:v7_fast_equiv_20260927_0030,0.0,0,0,0.0,4122624,2669,4122624,2669,,0,0,0,incumbent_base,case_025,8217600,1,0,0,8217600,136960,14.591691707999416,mps,4122624,5918520,{'0': 5918520},4863026,8217600,4094976,0,3dfdd9e81db84bf4367303e264285f4d7d544e5e7ffae66758d305d0c9896c10,0,"[4863026, 136960.0, 0, 0]",14.305536249999932,C,8217600,"[5918520, 8217600, 0, 0, 0]",incumbent,/Users/futaoran/Desktop/华为杯2026/2026参赛工作区/2026华为杯idea冻结工作区/实验数据/v7_fast_equiv_20260927_0030,0,AI_VERIFIED
82944,root1:v7_fast_equiv_20260927_0030,0.0,0,0,0.0,0,0,0,0,,0,0,0,A2_base,case_025,8300544,2,0,0,8300544,138343,6.015103125000678,mps,4205568,2961480,"{'0': 2957040, '1': 2961480}",2434126,8217600,4094976,82944,06754b2e140e64fa025d6ac4da9909a2d22f89d92e628987c1dece34c0033c57,0,"[2869128, 8300544, 0]",5.274615292000817,A,8300544,"[2961480, 8300544, 0, 0, 0]",seed,/Users/futaoran/Desktop/华为杯2026/2026参赛工作区/2026华为杯idea冻结工作区/实验数据/v7_fast_equiv_20260927_0030,0,AI_VERIFIED
79461888,root1:v7_fast_equiv_20260927_0030,0.0,0,0,0.0,0,0,0,0,,0,0,0,B2_base,case_025,58122240,2,22984704,22984704,58122240,968704,14.858726959000705,mps,8057856,3037752,"{'0': 3037752, '1': 2880768}",4009502,8217600,4094976,49904640,b4f40746866bf0f2f0564875dd01281672158b9d33ce1fa5de3fb24094bbde99,13044224,"[3732010, 87679488, 29557248]",15.847067582999443,B,87679488,"[3037752, 58122240, 13044224, 0, 0]",seed,/Users/futaoran/Desktop/华为杯2026/2026参赛工作区/2026华为杯idea冻结工作区/实验数据/v7_fast_equiv_20260927_0030,29557248,AI_VERIFIED
35328,root1:v7_fast_equiv_20260927_0030,252.928,19968,3,0.004805914972273568,4134912,2671,4154880,2674,,9216,19968,80,incumbent_disperse_tid_1000000003_node_30_core_0_pos_0,case_025,8252928,2,3072,3072,8232960,137216,7.215165667001202,mps,4151808,2959848,"{'0': 2959848, '1': 2958672}",2432402,8217600,4094976,35328,aec3d0f4974b807a07cef93e9125018acc881573409aa519d0b73649713cebc2,0,"[2432222, 137216.0, -19968, 0]",7.279063165999105,C,8252928,"[2959848, 8252928, 0, -19968, -9216]",disperse,/Users/futaoran/Desktop/华为杯2026/2026参赛工作区/2026华为杯idea冻结工作区/实验数据/v7_fast_equiv_20260927_0030,0,AI_VERIFIED
138240,root1:v7_fast_equiv_20260927_0030,0.0,0,0,0.0,0,0,0,0,,0,0,0,A2_base,case_025,8355840,3,0,0,8355840,139264,3.9801150000002963,mps,4260864,1973580,"{'0': 1973580, '1': 1971360, '2': 1973580}",1622918,8217600,4094976,138240,cfe449e0a4e241f4aa49b6fe0453514247a2e59015f3120d126e08c0802c3298,0,"[1912378, 8355840, 0]",3.866480083999704,A,8355840,"[1973580, 8355840, 0, 0, 0]",seed,/Users/futaoran/Desktop/华为杯2026/2026参赛工作区/2026华为杯idea冻结工作区/实验数据/v7_fast_equiv_20260927_0030,0,AI_VERIFIED
115040256,root1:v7_fast_equiv_20260927_0030,0.0,0,0,0.0,0,0,0,0,,0,0,0,L3_base,case_025,83105280,3,34715136,34715136,83105280,1385088,21.5801696669987,mps,9580032,2295768,"{'0': 2295768, '1': 1764780, '2': 1857972}",3075357,8217600,4094976,74887680,89986b8bd4689fc7f718e194932f3779a4a037fb5d8ef4e4f039bc98ebabcfbf,16096768,"[2575722, 123257856, 40152576]",17.140063582999574,B,123257856,"[2295768, 83105280, 16096768, 0, 0]",legacy_seed,/Users/futaoran/Desktop/华为杯2026/2026参赛工作区/2026华为杯idea冻结工作区/实验数据/v7_fast_equiv_20260927_0030,40152576,AI_VERIFIED
62976,root1:v7_fast_equiv_20260927_0030,369.664,29184,4,0.00697759823723834,4153344,2673,4182528,2677,,9216,29184,117,incumbent_disperse_tid_1000000003_node_30_core_2_pos_0,case_025,8280576,3,3072,3072,8251392,137524,7.365977458999623,mps,4179456,1973580,"{'0': 1972992, '2': 1971948, '1': 1973580}",1622138,8217600,4094976,62976,a1693549220edb5fc333f9c9db5da1f52487edb2ae80696693c849d4ffe52819,0,"[1621778, 137523.2, -29184, 0]",6.499431249998452,C,8280576,"[1973580, 8280576, 0, -29184, -9216]",disperse,/Users/futaoran/Desktop/华为杯2026/2026参赛工作区/2026华为杯idea冻结工作区/实验数据/v7_fast_equiv_20260927_0030,0,AI_VERIFIED
193536,root1:v7_fast_equiv_20260927_0030,0.0,0,0,0.0,0,0,0,0,,0,0,0,A2_base,case_025,8411136,4,0,0,8411136,140186,5.396037125001385,mps,4316160,1480740,"{'0': 1478520, '1': 1480740, '2': 1478520, '3': 1480740}",1218432,8217600,4094976,193536,dada22a6a2c45913285f60f0d5e21ebe1e3f8e2c845abcb7ad1fb430169e7897,0,"[1435078, 8411136, 0]",3.836681624999983,A,8411136,"[1480740, 8411136, 0, 0, 0]",seed,/Users/futaoran/Desktop/华为杯2026/2026参赛工作区/2026华为杯idea冻结工作区/实验数据/v7_fast_equiv_20260927_0030,0,AI_VERIFIED
98654208,root1:v7_fast_equiv_20260927_0030,0.0,0,0,0.0,0,0,0,0,,0,0,0,B3_base,case_025,91617792,4,39065088,39065088,91617792,1526964,14.753573666999728,mps,9392640,1695336,"{'0': 1695336, '1': 1361136, '2': 1414680, '3': 1447368}",2467458,8217600,4094976,83400192,c8529234b997572fd3c0e850fc4bec814fa6475e98c3d9a529318f95c60fccc8,8021504,"[2056246, 106871808, 15254016]",14.460143749998679,B,106871808,"[1695336, 91617792, 8021504, 0, 0]",seed,/Users/futaoran/Desktop/华为杯2026/2026参赛工作区/2026华为杯idea冻结工作区/实验数据/v7_fast_equiv_20260927_0030,15254016,AI_VERIFIED
62976,root1:v7_fast_equiv_20260927_0030,369.664,29184,4,0.00697759823723834,4153344,2673,4182528,2677,,9216,29184,117,lower_core_base,case_025,8280576,4,3072,3072,8251392,137524,8.243243250000887,mps,4179456,1973580,"{'0': 1972992, '2': 1971948, '1': 1973580}",1622138,8217600,4094976,62976,f465c9b19755bbc32e2ed01fe9cda4536df62ceb8fc53968adacbf2b83ec437b,0,"[1621778, 137523.2, -29184, 0]",8.488936083998851,C,8280576,"[1973580, 8280576, 0, -29184, -9216]",lower_core,/Users/futaoran/Desktop/华为杯2026/2026参赛工作区/2026华为杯idea冻结工作区/实验数据/v7_fast_equiv_20260927_0030,0,AI_VERIFIED
248832,root1:v7_fast_equiv_20260927_0030,0.0,0,0,0.0,0,0,0,0,,0,0,0,A2_base,case_025,8466432,5,0,0,8466432,141108,4.591924332999042,mps,4371456,1185480,"{'0': 1183260, '1': 1183260, '2': 1183260, '3': 1185480, '4': 1183260}",976856,8217600,4094976,248832,60f6ec5e2bd6b63d6f140236d025444153cd79ccd5eca015d074c1e9d34dcc25,0,"[1149128, 8466432, 0]",4.353204917000767,A,8466432,"[1185480, 8466432, 0, 0, 0]",seed,/Users/futaoran/Desktop/华为杯2026/2026参赛工作区/2026华为杯idea冻结工作区/实验数据/v7_fast_equiv_20260927_0030,0,AI_VERIFIED
118272,root1:v7_fast_equiv_20260927_0030,0.0,0,0,0.0,0,0,0,0,,0,0,0,r1_boundary_n5_c1_p0,case_025,8335872,5,3072,3072,8335872,138932,6.231439916000454,mps,4234752,1184892,"{'1': 1183848, '0': 1184892, '2': 1183260, '3': 1183260, '4': 1183260}",974747,8217600,4094976,118272,90480b5e9db2d3040f527e30b61aa8e766b3abefae132f5bdc58f113012cd0b5,0,"[973670, 8335872, 0]",6.338870833000328,B,8335872,"[1184892, 8335872, 0, 0, 0]",ordinary_chain,/Users/futaoran/Desktop/华为杯2026/2026参赛工作区/2026华为杯idea冻结工作区/实验数据/v7_fast_equiv_20260927_0030,0,AI_VERIFIED
82944,root1:v7_fast_equiv_20260927_0030,0.0,0,0,0.0,4205568,2678,4205568,2678,,0,0,0,lower_core_base,case_025,8300544,5,0,0,8300544,138343,5.327674583999396,mps,4205568,1480740,"{'0': 1480740, '1': 1480740, '2': 1478520, '3': 1478520}",1217444,8217600,4094976,82944,051cb7aab425c80aae1097605735c01bf8b5dc3051f93d87590ae0746eb78639,0,"[1216850, 138342.4, 0, 0]",5.638437375000649,C,8300544,"[1480740, 8300544, 0, 0, 0]",lower_core,/Users/futaoran/Desktop/华为杯2026/2026参赛工作区/2026华为杯idea冻结工作区/实验数据/v7_fast_equiv_20260927_0030,0,AI_VERIFIED
399666,root1:v7_fast_equiv_20260927_0030,0.0,0,0,0.0,0,0,0,0,,0,0,0,L3_base,case_056,621266,1,199776,199776,621266,10355,1.1286786669988942,mps,221640,376969,{'0': 376969},281491,221600,74,399666,9c79fad53353d9ea8dcfbc830ca6b2ed95386721eadb80e89771fcdba82a940e,0,"[355543, 621266, 0]",1.0510219170009805,A,621266,"[376969, 621266, 0, 0, 0]",legacy_seed,/Users/futaoran/Desktop/华为杯2026/2026参赛工作区/2026华为杯idea冻结工作区/实验数据/v7_fast_equiv_20260927_0030,0,AI_VERIFIED
0,root1:v7_fast_equiv_20260927_0030,0.0,0,0,0.0,0,0,0,0,,0,0,0,L2_base,case_056,221600,1,0,0,221600,3694,2.1327101250008127,mps,221526,376969,{'0': 376969},277989,221600,74,0,919482277e32c4a49192905e0f2551fc61d7cdef9fea2449293ea6b608388ea9,0,"[277989, 221600, 0]",2.9757339999996475,B,221600,"[376969, 221600, 0, 0, 0]",legacy_seed,/Users/futaoran/Desktop/华为杯2026/2026参赛工作区/2026华为杯idea冻结工作区/实验数据/v7_fast_equiv_20260927_0030,0,AI_VERIFIED
0,root1:v7_fast_equiv_20260927_0030,0.0,0,0,0.0,221526,221,221526,221,,0,0,0,incumbent_base,case_056,221600,1,0,0,221600,3694,2.14839879200008,mps,221526,376969,{'0': 376969},277285,221600,74,0,743175f0c2281513c5ba96ab480f89a6b160427a20f1643bab65d04602081c3c,0,"[277285, 3693.3333333333335, 0, 0]",2.0443928750009945,C,221600,"[376969, 221600, 0, 0, 0]",incumbent,/Users/futaoran/Desktop/华为杯2026/2026参赛工作区/2026华为杯idea冻结工作区/实验数据/v7_fast_equiv_20260927_0030,0,AI_VERIFIED
964166,root1:v7_fast_equiv_20260927_0030,0.0,0,0,0.0,0,0,0,0,,0,0,0,L3_base,case_056,1185766,2,481184,481184,1185766,19763,1.001113415999498,mps,223324,194267,"{'0': 182702, '1': 194267}",292929,221600,74,964166,b01bee567d28068909765e14c79ce59efae0e8cf8e226b1262c8b055cb2619f0,0,"[361304, 1185766, 0]",0.8343367920006131,A,1185766,"[194267, 1185766, 0, 0, 0]",legacy_seed,/Users/futaoran/Desktop/华为杯2026/2026参赛工作区/2026华为杯idea冻结工作区/实验数据/v7_fast_equiv_20260927_0030,0,AI_VERIFIED
1732132,root1:v7_fast_equiv_20260927_0030,0.0,0,0,0.0,0,0,0,0,,0,0,0,B3_base,case_056,1953732,2,852238,852238,1953732,32563,1.8155318330009322,mps,249182,189489,"{'0': 187480, '1': 189489}",276763,221600,74,1732132,9d7a235641e9cf8def3a49026d09522a004ba9f1942e81be6fd312b696f9710e,0,"[276749, 1953732, 0]",1.8305488749992946,B,1953732,"[189489, 1953732, 0, 0, 0]",seed,/Users/futaoran/Desktop/华为杯2026/2026参赛工作区/2026华为杯idea冻结工作区/实验数据/v7_fast_equiv_20260927_0030,0,AI_VERIFIED
0,root1:v7_fast_equiv_20260927_0030,0.0,0,0,0.0,221526,221,221526,221,,0,0,0,C0_base,case_056,221600,2,0,0,221600,3694,1.727378999999928,mps,221526,376969,{'0': 376969},277285,221600,74,0,6edfcfdf0f0ebed15eae820a88921981c92a89a5668d31b916d05f2c4556d7d6,0,"[277285, 3693.3333333333335, 0, 0]",1.729911667000124,C,221600,"[376969, 221600, 0, 0, 0]",seed,/Users/futaoran/Desktop/华为杯2026/2026参赛工作区/2026华为杯idea冻结工作区/实验数据/v7_fast_equiv_20260927_0030,0,AI_VERIFIED
376860,root1:v7_fast_equiv_20260927_0030,0.0,0,0,0.0,0,0,0,0,,0,0,0,L2_base,case_056,598460,3,188352,188352,598460,9975,0.7421132500003296,mps,221682,128669,"{'0': 123507, '1': 128669, '2': 124793}",284514,221600,74,376860,c2aea117237f204ec887b7145af956fa01bbff3010bb43d981f88d3c353a4e20,0,"[366586, 598460, 0]",0.5791591249999328,A,598460,"[128669, 598460, 0, 0, 0]",legacy_seed,/Users/futaoran/Desktop/华为杯2026/2026参赛工作区/2026华为杯idea冻结工作区/实验数据/v7_fast_equiv_20260927_0030,0,AI_VERIFIED
1497388,root1:v7_fast_equiv_20260927_0030,0.0,0,0,0.0,0,0,0,0,,0,0,0,B2_base,case_056,1718988,3,719728,719728,1718988,28650,1.2624307080004655,mps,279458,128669,"{'0': 128669, '1': 125014, '2': 123286}",283147,221600,74,1497388,c97aba23d8c95c1b47884e928e8e5bb3de20cdd7c361755467f3c34c64c34079,0,"[283079, 1718988, 0]",1.038682083999447,B,1718988,"[128669, 1718988, 0, 0, 0]",seed,/Users/futaoran/Desktop/华为杯2026/2026参赛工作区/2026华为杯idea冻结工作区/实验数据/v7_fast_equiv_20260927_0030,0,AI_VERIFIED
0,root1:v7_fast_equiv_20260927_0030,0.0,0,0,0.0,221526,221,221526,221,,0,0,0,C0_base,case_056,221600,3,0,0,221600,3694,1.813696916000481,mps,221526,376969,{'0': 376969},277285,221600,74,0,68bc113ae1472977602d2c6e2bddb276b476e15067e735b3e3253f315dc97bba,0,"[277285, 3693.3333333333335, 0, 0]",1.6501304169996729,C,221600,"[376969, 221600, 0, 0, 0]",seed,/Users/futaoran/Desktop/华为杯2026/2026参赛工作区/2026华为杯idea冻结工作区/实验数据/v7_fast_equiv_20260927_0030,0,AI_VERIFIED
2018414,root1:v7_fast_equiv_20260927_0030,0.0,0,0,0.0,0,0,0,0,,0,0,0,A3_base,case_056,2240014,4,1014116,995172,2240014,37334,0.8087970420001511,mps,230652,96805,"{'0': 96805, '1': 94122, '2': 90984, '3': 95058}",304752,221600,74,2018414,d3e77dc4be9a8ac2ae220e41d24c7502c8bf96161ed9dbc78479ecc2ccb36c4a,0,"[360677, 2240014, 0]",0.6390810410011909,A,2240014,"[96805, 2240014, 0, 0, 0]",seed,/Users/futaoran/Desktop/华为杯2026/2026参赛工作区/2026华为杯idea冻结工作区/实验数据/v7_fast_equiv_20260927_0030,0,AI_VERIFIED
2035002,root1:v7_fast_equiv_20260927_0030,0.0,0,0,0.0,0,0,0,0,,0,0,0,B2_base,case_056,2256602,4,1013092,1013092,2256602,37611,1.1535407909996138,mps,230344,96805,"{'0': 96805, '1': 91641, '2': 93465, '3': 95058}",287348,221600,74,2035002,702b4d107f66077040afa068d942c8f28a46da14b4dc5a091cf9a6025f912964,0,"[287263, 2256602, 0]",1.2147807920009654,B,2256602,"[96805, 2256602, 0, 0, 0]",seed,/Users/futaoran/Desktop/华为杯2026/2026参赛工作区/2026华为杯idea冻结工作区/实验数据/v7_fast_equiv_20260927_0030,0,AI_VERIFIED
0,root1:v7_fast_equiv_20260927_0030,0.0,0,0,0.0,221526,221,221526,221,,0,0,0,C0_base,case_056,221600,4,0,0,221600,3694,1.7662727080005425,mps,221526,376969,{'0': 376969},277285,221600,74,0,810430b46892bd2469276080ba015af2f479bee9f6aa14fc6604d478c2b9d1a6,0,"[277285, 3693.3333333333335, 0, 0]",1.6237682920000225,C,221600,"[376969, 221600, 0, 0, 0]",seed,/Users/futaoran/Desktop/华为杯2026/2026参赛工作区/2026华为杯idea冻结工作区/实验数据/v7_fast_equiv_20260927_0030,0,AI_VERIFIED
2145848,root1:v7_fast_equiv_20260927_0030,0.0,0,0,0.0,0,0,0,0,,0,0,0,A3_base,case_056,2367448,5,1061184,1022272,2367448,39458,0.8442062080011965,mps,283918,76844,"{'0': 75694, '1': 73709, '2': 75719, '3': 76844, '4': 75003}",314169,221600,74,2145848,5751ad15c21c98d891ed6bd716a37afabcd0387828ca0f6fdd987221a1b93af4,0,"[390498, 2367448, 0]",0.5852860830000282,A,2367448,"[76844, 2367448, 0, 0, 0]",seed,/Users/futaoran/Desktop/华为杯2026/2026参赛工作区/2026华为杯idea冻结工作区/实验数据/v7_fast_equiv_20260927_0030,0,AI_VERIFIED
2147608,root1:v7_fast_equiv_20260927_0030,0.0,0,0,0.0,0,0,0,0,,0,0,0,B2_base,case_056,2369208,5,1042752,1042752,2369208,39487,1.102614082999935,mps,283630,76844,"{'0': 73333, '1': 76604, '2': 75719, '3': 76844, '4': 74469}",284195,221600,74,2147608,5d51b1b1a2ccdfb38eab0b96d7cd4a71c2c13345ec87eb1d9a58330b9ec19eef,0,"[282887, 2369208, 0]",0.9953495829995518,B,2369208,"[76844, 2369208, 0, 0, 0]",seed,/Users/futaoran/Desktop/华为杯2026/2026参赛工作区/2026华为杯idea冻结工作区/实验数据/v7_fast_equiv_20260927_0030,0,AI_VERIFIED
0,root1:v7_fast_equiv_20260927_0030,0.0,0,0,0.0,221526,221,221526,221,,0,0,0,C0_base,case_056,221600,5,0,0,221600,3694,1.7820885840010305,mps,221526,376969,{'0': 376969},277285,221600,74,0,dd7a92d447ff5ef5861d21885db068871c641c9a8ecef82be150b5d5116e3056,0,"[277285, 3693.3333333333335, 0, 0]",1.676326082999367,C,221600,"[376969, 221600, 0, 0, 0]",seed,/Users/futaoran/Desktop/华为杯2026/2026参赛工作区/2026华为杯idea冻结工作区/实验数据/v7_fast_equiv_20260927_0030,0,AI_VERIFIED
14241216,root1:v7_fast_equiv_20260927_0030,0.0,0,0,0.0,0,0,0,0,,0,0,0,A2_base,case_083,2368704,1,0,0,2368704,39479,0.4254245840002113,mps,2114752,882136,{'0': 882136},1064252,1438304,253952,930400,75a45f438bf2a3721afe27b3dd14da2df49c828f397609cc80fb96652c4421a3,430688,"[1122574, 15679520, 13310816]",0.3728488340002514,A,15679520,"[882136, 2368704, 430688, 0, 0]",seed,/Users/futaoran/Desktop/华为杯2026/2026参赛工作区/2026华为杯idea冻结工作区/实验数据/v7_fast_equiv_20260927_0030,13310816,AI_VERIFIED
916480,root1:v7_fast_equiv_20260927_0030,0.0,0,0,0.0,0,0,0,0,,0,0,0,B2_aggregate,case_083,1438304,1,0,0,1438304,23972,0.4977777910007717,mps,1184352,882136,{'0': 882136},876669,1438304,253952,0,abb01f81ede9251d0ed66de741cb46bc948b957e119c11409563a61e6be63ba7,442368,"[876651, 2354784, 916480]",0.5106836249997286,B,2354784,"[882136, 1438304, 442368, 0, 0]",aggregate,/Users/futaoran/Desktop/华为杯2026/2026参赛工作区/2026华为杯idea冻结工作区/实验数据/v7_fast_equiv_20260927_0030,916480,AI_VERIFIED
839680,root1:v7_fast_equiv_20260927_0030,0.0,0,0,0.0,1604192,81,1184352,81,,2276864,0,0,incumbent_split_height_g1_p4,case_083,1438304,1,0,0,1438304,23972,0.5600467499989463,mps,1184352,882136,{'0': 882136},875735,1438304,253952,0,6c0436691322d0298b3f283242d0801b29fbf564f4e254672dd8e7cbe321d0ea,417952,"[875735, 37966.4, 0, 839680]",0.6002990829983901,C,2277984,"[882136, 1438304, 417952, 0, -2276864]",timing,/Users/futaoran/Desktop/华为杯2026/2026参赛工作区/2026华为杯idea冻结工作区/实验数据/v7_fast_equiv_20260927_0030,839680,AI_VERIFIED
14802752,root1:v7_fast_equiv_20260927_0030,0.0,0,0,0.0,0,0,0,0,,0,0,0,L2_base,case_083,4319616,2,45056,45056,4319616,71994,0.39284829200005333,mps,3975552,441092,"{'0': 441044, '1': 441092}",1074558,1438304,253952,2881312,c35044e423dccac10dccf92574a6f93a0b5aa595b3d9727049ce00c0440ee38b,861376,"[1141618, 16241056, 11921440]",0.32335170899932564,A,16241056,"[441092, 4319616, 861376, 0, 0]",legacy_seed,/Users/futaoran/Desktop/华为杯2026/2026参赛工作区/2026华为杯idea冻结工作区/实验数据/v7_fast_equiv_20260927_0030,11921440,AI_VERIFIED
5429408,root1:v7_fast_equiv_20260927_0030,0.0,0,0,0.0,0,0,0,0,,0,0,0,L3_base,case_083,3484896,2,559104,559104,3484896,58082,0.47295529099937994,mps,2112736,454288,"{'0': 454288, '1': 427848}",775372,1438304,253952,2046592,8e15e30c2e4d9a27a2dd3e9de2fecc3367e7ea5b6cb8579ec38c2ea7d0184dbd,1055104,"[770738, 6867712, 3382816]",0.46945004200097173,B,6867712,"[454288, 3484896, 1055104, 0, 0]",legacy_seed,/Users/futaoran/Desktop/华为杯2026/2026参赛工作区/2026华为杯idea冻结工作区/实验数据/v7_fast_equiv_20260927_0030,3382816,AI_VERIFIED
7847648,root1:v7_fast_equiv_20260927_0030,2052.2026666666666,5979328,18,0.6877470646692923,2714752,113,2114752,131,,647168,162016,649,incumbent_split_height_g0_p4,case_083,2368704,2,0,0,2206688,36779,0.5264461249989836,mps,2114752,455296,"{'0': 455296, '1': 426840}",465958,1438304,253952,930400,4d13c86af06d5f1559cb233ba51d54a2e584dc85a4dfc3235040d1ab56b2b23f,666208,"[463937, 59641.6, -5707456, 6917248]",0.452540999998746,C,9285952,"[455296, 2368704, 666208, -162016, -647168]",timing,/Users/futaoran/Desktop/华为杯2026/2026参赛工作区/2026华为杯idea冻结工作区/实验数据/v7_fast_equiv_20260927_0030,6917248,AI_VERIFIED
15543840,root1:v7_fast_equiv_20260927_0030,0.0,0,0,0.0,0,0,0,0,,0,0,0,L2_base,case_083,6254144,3,81920,81920,6254144,104236,0.3364659169983497,mps,5836352,294566,"{'0': 294566, '1': 293860, '2': 293710}",1076214,1438304,253952,4815840,2cf41e6fc788c4ad67269603717d2c4e1abf319755a6f705de5e486d3ea602a5,1292064,"[1157747, 16982144, 10728000]",0.2513610419991892,A,16982144,"[294566, 6254144, 1292064, 0, 0]",legacy_seed,/Users/futaoran/Desktop/华为杯2026/2026参赛工作区/2026华为杯idea冻结工作区/实验数据/v7_fast_equiv_20260927_0030,10728000,AI_VERIFIED
8654368,root1:v7_fast_equiv_20260927_0030,0.0,0,0,0.0,0,0,0,0,,0,0,0,B3_base,case_083,8115328,3,2409984,2409984,8115328,135256,0.6293543749998207,mps,3041408,297316,"{'0': 288522, '1': 296298, '2': 297316}",637953,1438304,253952,6677024,cd16c5c77a5df9ce1fb59a435460c21db08d2d8017b17179c76e096adec81fd4,1046528,"[631057, 10092672, 1977344]",0.5042977909997717,B,10092672,"[297316, 8115328, 1046528, 0, 0]",seed,/Users/futaoran/Desktop/华为杯2026/2026参赛工作区/2026华为杯idea冻结工作区/实验数据/v7_fast_equiv_20260927_0030,1977344,AI_VERIFIED
13934688,root1:v7_fast_equiv_20260927_0030,0.0,11829024,0,0.7958684091545202,3034016,81,1184352,81,,0,0,0,C0_base,case_083,1438304,3,0,0,1438304,23972,0.7617245420005929,mps,1184352,882136,{'0': 882136},946145,1438304,253952,0,bb5c82898c0f9c6131e694f37bc24c7fc138f9871f1580a8923cb937f5539aef,430688,"[942448, 59066.13333333333, -11829024, 13934688]",0.7693522909994499,C,15372992,"[882136, 1438304, 430688, 0, 0]",seed,/Users/futaoran/Desktop/华为杯2026/2026参赛工作区/2026华为杯idea冻结工作区/实验数据/v7_fast_equiv_20260927_0030,13934688,AI_VERIFIED
16471648,root1:v7_fast_equiv_20260927_0030,0.0,0,0,0.0,0,0,0,0,,0,0,0,L2_base,case_083,8178432,4,113664,113664,8178432,136308,0.3691514999991341,mps,7697152,221070,"{'0': 220198, '1': 220434, '2': 221070, '3': 220434}",1065671,1438304,253952,6740128,7867873593610d2ba74121d0444213c05202ead9e4ce69c51aa1e8d6ed3a944c,1722752,"[1173194, 17909952, 9731520]",0.27922045800005435,A,17909952,"[221070, 8178432, 1722752, 0, 0]",legacy_seed,/Users/futaoran/Desktop/华为杯2026/2026参赛工作区/2026华为杯idea冻结工作区/实验数据/v7_fast_equiv_20260927_0030,9731520,AI_VERIFIED
11334848,root1:v7_fast_equiv_20260927_0030,0.0,0,0,0.0,0,0,0,0,,0,0,0,B3_base,case_083,11578528,4,3676672,3676672,11578528,192976,0.696182540999871,mps,3971232,234534,"{'0': 214954, '1': 234534, '2': 215702, '3': 216946}",622753,1438304,253952,10140224,f0789961f56617a0918b8ef2448d4155e2e433620558ef8d87354a49578fb6d7,825216,"[597014, 12773152, 1194624]",0.600913500000388,B,12773152,"[234534, 11578528, 825216, 0, 0]",seed,/Users/futaoran/Desktop/华为杯2026/2026参赛工作区/2026华为杯idea冻结工作区/实验数据/v7_fast_equiv_20260927_0030,1194624,AI_VERIFIED
13934688,root1:v7_fast_equiv_20260927_0030,0.0,11829024,0,0.7958684091545202,3034016,81,1184352,81,,0,0,0,C0_base,case_083,1438304,4,0,0,1438304,23972,0.8021262920010486,mps,1184352,882136,{'0': 882136},946145,1438304,253952,0,b1a4144272a53d7a8d8329e7408a66db9315cd08a231d09615b51c75279e883a,430688,"[942448, 59066.13333333333, -11829024, 13934688]",0.7717117920001328,C,15372992,"[882136, 1438304, 430688, 0, 0]",seed,/Users/futaoran/Desktop/华为杯2026/2026参赛工作区/2026华为杯idea冻结工作区/实验数据/v7_fast_equiv_20260927_0030,13934688,AI_VERIFIED
17437280,root1:v7_fast_equiv_20260927_0030,0.0,0,0,0.0,0,0,0,0,,0,0,0,L2_base,case_083,10082240,5,135168,135168,10082240,168038,0.4639374159996805,mps,9557952,177318,"{'0': 177318, '1': 175654, '2': 176814, '3': 176002, '4': 176348}",1050418,1438304,253952,8643936,2eec6ae1805a41592d8f8f30522e2070d73bb05ce1a8672ca30fedccd086a1a4,2153440,"[1189308, 18875584, 8793344]",0.29062366699872655,A,18875584,"[177318, 10082240, 2153440, 0, 0]",legacy_seed,/Users/futaoran/Desktop/华为杯2026/2026参赛工作区/2026华为杯idea冻结工作区/实验数据/v7_fast_equiv_20260927_0030,8793344,AI_VERIFIED
7819104,root1:v7_fast_equiv_20260927_0030,0.0,0,0,0.0,0,0,0,0,,0,0,0,B2_base,case_083,9257408,5,3761664,3761664,9257408,154291,0.6784244160007802,mps,1480128,184010,"{'0': 173674, '1': 179918, '2': 184010, '3': 170922, '4': 173612}",865035,1438304,253952,7819104,dfbf4ea6b01ac5827b759bd0c2dd6a1b14e2a04f18e564d2ef1992f4b618d123,0,"[863592, 9257408, 0]",0.6155629999993835,B,9257408,"[184010, 9257408, 0, 0, 0]",seed,/Users/futaoran/Desktop/华为杯2026/2026参赛工作区/2026华为杯idea冻结工作区/实验数据/v7_fast_equiv_20260927_0030,0,AI_VERIFIED
13934688,root1:v7_fast_equiv_20260927_0030,0.0,11829024,0,0.7958684091545202,3034016,81,1184352,81,,0,0,0,C0_base,case_083,1438304,5,0,0,1438304,23972,0.8260716660006437,mps,1184352,882136,{'0': 882136},946145,1438304,253952,0,db144ccdf5de8d241f875fb10cda02467e73c7c67ee0811485bd5ee43ea0ccac,430688,"[942448, 59066.13333333333, -11829024, 13934688]",0.7193373329992028,C,15372992,"[882136, 1438304, 430688, 0, 0]",seed,/Users/futaoran/Desktop/华为杯2026/2026参赛工作区/2026华为杯idea冻结工作区/实验数据/v7_fast_equiv_20260927_0030,13934688,AI_VERIFIED
15390192,root1:v7_fast_equiv_20260927_0030,0.0,0,0,0.0,0,0,0,0,,0,0,0,A3_aggregate,case_090,2403072,1,87360,87360,2403072,40052,0.15062483300062013,mps,2188416,899808,{'0': 899808},1092711,2228352,39936,174720,a1da719888a5e9c0920e07935f677054d73baa24ae7ed0f28e97ed4543d8c6ba,881512,"[1173022, 17618544, 15215472]",0.13731849999931,A,17618544,"[899808, 2403072, 881512, 0, 0]",aggregate,/Users/futaoran/Desktop/华为杯2026/2026参赛工作区/2026华为杯idea冻结工作区/实验数据/v7_fast_equiv_20260927_0030,15215472,AI_VERIFIED
14905728,root1:v7_fast_equiv_20260927_0030,0.0,0,0,0.0,0,0,0,0,,0,0,0,B2_base,case_090,2228352,1,0,0,2228352,37140,0.15904295800100954,mps,2188416,899808,{'0': 899808},1087442,2228352,39936,0,bad629997b1703fbcdf8cd035f78ffa2114b04bbb21eb8082eeda1b54a863b8e,839104,"[1075407, 17134080, 14905728]",0.17989312499958032,B,17134080,"[899808, 2228352, 839104, 0, 0]",seed,/Users/futaoran/Desktop/华为杯2026/2026参赛工作区/2026华为杯idea冻结工作区/实验数据/v7_fast_equiv_20260927_0030,14905728,AI_VERIFIED
6461952,root1:v7_fast_equiv_20260927_0030,0.0,6276096,0,0.7332271595522757,2283456,67,2188416,67,,416832,0,0,incumbent_split_height_g1_p4,case_090,2228352,1,0,0,2228352,37140,0.19620712500000081,mps,2188416,899808,{'0': 899808},919256,2228352,39936,0,271580fcc137686e8ce24ad7a1153b846947065d689e7eb26f1a5efa1743b1a0,336448,"[919245, 40236.8, -6276096, 6461952]",0.18938970899944252,C,8690304,"[899808, 2228352, 336448, 0, -416832]",timing,/Users/futaoran/Desktop/华为杯2026/2026参赛工作区/2026华为杯idea冻结工作区/实验数据/v7_fast_equiv_20260927_0030,6461952,AI_VERIFIED
21409848,root1:v7_fast_equiv_20260927_0030,0.0,0,0,0.0,0,0,0,0,,0,0,0,L2_base,case_090,8710656,2,18432,18432,8710656,145178,0.1621736659999442,mps,8633856,450840,"{'0': 450840, '1': 448968}",1194520,2228352,39936,6482304,c15c8bce90e6844d1a04b18872a7af0e38b08a1381395ff8d4bf6ade03662915,3272960,"[1270644, 23638200, 14927544]",0.09540320800078916,A,23638200,"[450840, 8710656, 3272960, 0, 0]",legacy_seed,/Users/futaoran/Desktop/华为杯2026/2026参赛工作区/2026华为杯idea冻结工作区/实验数据/v7_fast_equiv_20260927_0030,14927544,AI_VERIFIED
11583648,root1:v7_fast_equiv_20260927_0030,0.0,0,0,0.0,0,0,0,0,,0,0,0,B2_base,case_090,2538528,2,153792,153792,2538528,42309,0.21387133300049754,mps,2191008,451848,"{'0': 451848, '1': 447960}",677936,2228352,39936,310176,6dd2c1c602cbbd47c02a1a75cfffb654896126a969a225615ade56199fd2bf2b,694976,"[636656, 13812000, 11273472]",0.14000929199937673,B,13812000,"[451848, 2538528, 694976, 0, 0]",seed,/Users/futaoran/Desktop/华为杯2026/2026参赛工作区/2026华为杯idea冻结工作区/实验数据/v7_fast_equiv_20260927_0030,11273472,AI_VERIFIED
5289120,root1:v7_fast_equiv_20260927_0030,32.832,4753824,1,0.6500177209540436,2559552,211,2344800,212,,2496,2592,11,incumbent_split_height_g3_p2,case_090,2538528,2,153792,153792,2535936,42266,0.22816933399917616,mps,2191008,451848,"{'0': 451848, '1': 447960}",549431,2228352,39936,310176,6ae847b53b4805be47962cb6ee65399172f4025f86121d3ca20fa3df656b385f,201920,"[549385, 46060.8, -4753824, 4978944]",0.23066929199922015,C,7517472,"[451848, 2538528, 201920, -2592, -2496]",timing,/Users/futaoran/Desktop/华为杯2026/2026参赛工作区/2026华为杯idea冻结工作区/实验数据/v7_fast_equiv_20260927_0030,4978944,AI_VERIFIED
21959616,root1:v7_fast_equiv_20260927_0030,0.0,0,0,0.0,0,0,0,0,,0,0,0,L2_base,case_090,13031040,3,30144,30144,13031040,217184,0.11907462499948451,mps,12930816,301488,"{'0': 301488, '1': 299856, '2': 298464}",1156420,2228352,39936,10802688,88a15cd563d3232c12c72ad47187ec4782081890decf4630a1b7789d44561cb8,4909440,"[1282582, 24187968, 11156928]",0.11627437499919324,A,24187968,"[301488, 13031040, 4909440, 0, 0]",legacy_seed,/Users/futaoran/Desktop/华为杯2026/2026参赛工作区/2026华为杯idea冻结工作区/实验数据/v7_fast_equiv_20260927_0030,11156928,AI_VERIFIED
20499936,root1:v7_fast_equiv_20260927_0030,0.0,0,0,0.0,0,0,0,0,,0,0,0,L3_base,case_090,6947736,3,215424,215424,6947736,115796,0.2054434580004454,mps,6476952,304464,"{'0': 303672, '1': 291672, '2': 304464}",761694,2228352,39936,4719384,c8dc294d40f0b943bb5d6eabde819e712146ec2c46d3e88c23e5c28f0afefc07,4877472,"[712500, 22728288, 15780552]",0.18057412499911152,B,22728288,"[304464, 6947736, 4877472, 0, 0]",legacy_seed,/Users/futaoran/Desktop/华为杯2026/2026参赛工作区/2026华为杯idea冻结工作区/实验数据/v7_fast_equiv_20260927_0030,15780552,AI_VERIFIED
19968624,root1:v7_fast_equiv_20260927_0030,153.216,4273776,3,0.19331788880372927,17833728,172,6485376,175,,66816,12096,49,incumbent_split_height_g1_p4,case_090,6525312,3,0,0,6513216,108554,0.2179750420000346,mps,6485376,346080,"{'0': 346080, '1': 276864, '2': 276864}",549742,2228352,39936,4296960,90b96a0bf338f7b4df9d8641e03d77c08283f4ce8dbd5072e4f24a919aa5e9c0,4049280,"[434834, 297198.4, -4365072, 15671664]",0.19216991599932953,C,22196976,"[346080, 6525312, 4049280, -12096, -66816]",timing,/Users/futaoran/Desktop/华为杯2026/2026参赛工作区/2026华为杯idea冻结工作区/实验数据/v7_fast_equiv_20260927_0030,15671664,AI_VERIFIED
898224,root1:v7_fast_equiv_20260927_0030,0.0,0,0,0.0,0,0,0,0,,0,0,0,A3_base,case_090,3126576,4,400512,400512,3126576,52110,0.1638372920006077,mps,2285616,245448,"{'0': 245448, '1': 210192, '2': 219408, '3': 224760}",926248,2228352,39936,898224,242d27403a2a4a3d7863e113480d3c74a9d95acc0916620ae009a8e8622e80e9,0,"[946786, 3126576, 0]",0.1201517090012203,A,3126576,"[245448, 3126576, 0, 0, 0]",seed,/Users/futaoran/Desktop/华为杯2026/2026参赛工作区/2026华为杯idea冻结工作区/实验数据/v7_fast_equiv_20260927_0030,0,AI_VERIFIED
12946320,root1:v7_fast_equiv_20260927_0030,0.0,0,0,0.0,0,0,0,0,,0,0,0,B3_base,case_090,7010160,4,373248,373248,7010160,116836,0.1986994170001708,mps,6223728,232140,"{'0': 220062, '1': 232140, '2': 224238, '3': 223368}",806185,2228352,39936,4781808,d92b4a856a3ab1eff19b390b37ba64391cf1dbc5cca4ef617e6869629a7264ed,2747320,"[787239, 15174672, 8164512]",0.20405516700157023,B,15174672,"[232140, 7010160, 2747320, 0, 0]",seed,/Users/futaoran/Desktop/华为杯2026/2026参赛工作区/2026华为杯idea冻结工作区/实验数据/v7_fast_equiv_20260927_0030,8164512,AI_VERIFIED
20329752,root1:v7_fast_equiv_20260927_0030,102.14399999999999,1531656,7,0.06809996830772876,20959632,222,8633856,229,,50112,8064,33,incumbent_split_height_g1_p4,case_090,8673792,4,0,0,8665728,144429,0.19971441599955142,mps,8633856,276864,"{'0': 276864, '1': 207648, '2': 207648, '3': 207648}",534087,2228352,39936,6445440,7224a59c3f74671e1a19a032db0419817d93eeeb9e3de9efc5b095ff467d8d1d,5679616,"[351140, 286402.8, -5373936, 13884312]",0.14467583400073636,C,22558104,"[276864, 8673792, 5679616, -8064, -50112]",timing,/Users/futaoran/Desktop/华为杯2026/2026参赛工作区/2026华为杯idea冻结工作区/实验数据/v7_fast_equiv_20260927_0030,13884312,AI_VERIFIED
1345392,root1:v7_fast_equiv_20260927_0030,0.0,0,0,0.0,0,0,0,0,,0,0,0,A3_base,case_090,3573744,5,460416,398976,3573744,59563,0.1784255420006957,mps,2674416,196218,"{'0': 178212, '1': 196218, '2': 179340, '3': 175854, '4': 170184}",930672,2228352,39936,1345392,db139c7234d37961187dc71f4eae4e10c44355e890da75de4c5f6a2c7c0ef528,13888,"[956516, 3573744, 0]",0.1244421669998701,A,3573744,"[196218, 3573744, 13888, 0, 0]",seed,/Users/futaoran/Desktop/华为杯2026/2026参赛工作区/2026华为杯idea冻结工作区/实验数据/v7_fast_equiv_20260927_0030,0,AI_VERIFIED
14800296,root1:v7_fast_equiv_20260927_0030,0.0,0,0,0.0,0,0,0,0,,0,0,0,B3_base,case_090,8311560,5,453888,453888,8311560,138526,0.2565613750011835,mps,7363848,182034,"{'0': 177210, '1': 180516, '2': 182034, '3': 178956, '4': 181092}",679102,2228352,39936,6083208,a6427ccc48cd3c9a0546f4940f4a09dc3ccb299c5556f3c14988ad5d5b0ee70a,3306976,"[659383, 17028648, 8717088]",0.24689433300045494,B,17028648,"[182034, 8311560, 3306976, 0, 0]",seed,/Users/futaoran/Desktop/华为杯2026/2026参赛工作区/2026华为杯idea冻结工作区/实验数据/v7_fast_equiv_20260927_0030,8717088,AI_VERIFIED
21213240,root1:v7_fast_equiv_20260927_0030,44.688,7467480,3,0.3192602769805691,15922464,280,10782336,283,,33408,3528,15,incumbent_split_height_g3_p4,case_090,10822272,5,0,0,10818744,180313,0.20046087499940768,mps,10782336,207648,"{'0': 207648, '1': 207648, '2': 207648, '3': 138432, '4': 138432}",416535,2228352,39936,8593920,37db57fa56ee5c438abffe22f29561799da6c68c8bbb85bc8cb105593740b754,7308008,"[279589, 287171.6, -6211296, 12619320]",0.19446983400121098,C,23441592,"[207648, 10822272, 7308008, -3528, -33408]",timing,/Users/futaoran/Desktop/华为杯2026/2026参赛工作区/2026华为杯idea冻结工作区/实验数据/v7_fast_equiv_20260927_0030,12619320,AI_VERIFIED
9369600,root1:v7_fast_equiv_20260927_0030,0.0,0,0,0.0,0,0,0,0,,0,0,0,A3_base,case_007,11102208,1,3818496,3818496,11102208,185037,1.011920207998628,mps,2612736,1232100,{'0': 1232100},985964,1732608,852480,9369600,60d435d6d79340688120315cb36817d3607b7fa7626738b67a2ce73ebbc654ea,3809792,"[1178574, 11102208, 0]",0.8477421250008774,A,11102208,"[1232100, 11102208, 3809792, 0, 0]",seed,/Users/futaoran/Desktop/华为杯2026/2026参赛工作区/2026华为杯idea冻结工作区/实验数据/v7_fast_equiv_20260927_0030,0,AI_VERIFIED
7031808,root1:v7_fast_equiv_20260927_0030,0.0,0,0,0.0,0,0,0,0,,0,0,0,B2_base,case_007,1732608,1,0,0,1732608,28877,1.304614374999801,mps,880128,1232100,{'0': 1232100},1088258,1732608,852480,0,60d435d6d79340688120315cb36817d3607b7fa7626738b67a2ce73ebbc654ea,3809792,"[1076546, 8764416, 7031808]",1.2334584580003138,B,8764416,"[1232100, 1732608, 3809792, 0, 0]",seed,/Users/futaoran/Desktop/华为杯2026/2026参赛工作区/2026华为杯idea冻结工作区/实验数据/v7_fast_equiv_20260927_0030,7031808,AI_VERIFIED
0,root1:v7_fast_equiv_20260927_0030,0.0,0,0,0.0,880128,558,880128,558,,0,0,0,incumbent_base,case_007,1732608,1,0,0,1732608,28877,0.9082259170008911,mps,880128,1232100,{'0': 1232100},1012562,1732608,852480,0,2f9f56272856e422f5cfd8c39b111f190a2382aa245cfc036013f67978bbb724,0,"[1012562, 28876.8, 0, 0]",0.8692152499988879,C,1732608,"[1232100, 1732608, 0, 0, 0]",incumbent,/Users/futaoran/Desktop/华为杯2026/2026参赛工作区/2026华为杯idea冻结工作区/实验数据/v7_fast_equiv_20260927_0030,0,AI_VERIFIED
82944,root1:v7_fast_equiv_20260927_0030,0.0,0,0,0.0,0,0,0,0,,0,0,0,A2_base,case_007,1815552,2,0,0,1815552,30260,0.6507238340000185,mps,963072,617160,"{'0': 614940, '1': 617160}",508042,1732608,852480,82944,3f69d0660247ae690aa5757641e1a8b2651b82d2b46d9d6b39070b5f66b68d12,0,"[598728, 1815552, 0]",0.5608709579992137,A,1815552,"[617160, 1815552, 0, 0, 0]",seed,/Users/futaoran/Desktop/华为杯2026/2026参赛工作区/2026华为杯idea冻结工作区/实验数据/v7_fast_equiv_20260927_0030,0,AI_VERIFIED
14008320,root1:v7_fast_equiv_20260927_0030,0.0,0,0,0.0,0,0,0,0,,0,0,0,B3_base,case_007,10864128,2,4274688,4274688,10864128,181069,1.475425833999907,mps,1462272,650316,"{'0': 650316, '1': 581784}",767445,1732608,852480,9131520,4f3c7685dcc3fae1b02c41c20acf49a73f5cb69ece6a4a1a7728d895a7bd21c7,2459136,"[751130, 15740928, 4876800]",1.3889403339999262,B,15740928,"[650316, 10864128, 2459136, 0, 0]",seed,/Users/futaoran/Desktop/华为杯2026/2026参赛工作区/2026华为杯idea冻结工作区/实验数据/v7_fast_equiv_20260927_0030,4876800,AI_VERIFIED
0,root1:v7_fast_equiv_20260927_0030,0.0,0,0,0.0,880128,558,880128,558,,0,0,0,C0_base,case_007,1732608,2,0,0,1732608,28877,0.9213199160003569,mps,880128,1232100,{'0': 1232100},1012562,1732608,852480,0,436119fcd4c9c9e6bb1e581263555dc46172d45f77f58c06cb6957667bb72efa,0,"[1012562, 28876.8, 0, 0]",1.0251849579999543,C,1732608,"[1232100, 1732608, 0, 0, 0]",seed,/Users/futaoran/Desktop/华为杯2026/2026参赛工作区/2026华为杯idea冻结工作区/实验数据/v7_fast_equiv_20260927_0030,0,AI_VERIFIED
138240,root1:v7_fast_equiv_20260927_0030,0.0,0,0,0.0,0,0,0,0,,0,0,0,A2_base,case_007,1870848,3,0,0,1870848,31181,0.5683112919996347,mps,1018368,410700,"{'0': 410700, '1': 410700, '2': 410700}",338848,1732608,852480,138240,06848bf74ffd1501104a7bf9ac5ccc33cff09a4b61da1816c22b57739d1cc73d,0,"[398778, 1870848, 0]",0.48373487499884504,A,1870848,"[410700, 1870848, 0, 0, 0]",seed,/Users/futaoran/Desktop/华为杯2026/2026参赛工作区/2026华为杯idea冻结工作区/实验数据/v7_fast_equiv_20260927_0030,0,AI_VERIFIED
20284416,root1:v7_fast_equiv_20260927_0030,0.0,0,0,0.0,0,0,0,0,,0,0,0,L3_base,case_007,15708672,3,6432768,6432768,15708672,261812,2.0272919580002053,mps,1990656,477636,"{'0': 373860, '1': 477636, '2': 380604}",601547,1732608,852480,13976064,62e9c80dde41c80a20d6e75290a90f4816b3d8af18bcd003c6bc7e9208b3c3e1,2908672,"[524362, 22017024, 6308352]",1.7214568749986938,B,22017024,"[477636, 15708672, 2908672, 0, 0]",legacy_seed,/Users/futaoran/Desktop/华为杯2026/2026参赛工作区/2026华为杯idea冻结工作区/实验数据/v7_fast_equiv_20260927_0030,6308352,AI_VERIFIED
27648,root1:v7_fast_equiv_20260927_0030,0.0,0,0,0.0,907776,561,907776,561,,0,0,0,lower_core_base,case_007,1760256,3,0,0,1760256,29338,0.7173079170006531,mps,907776,617160,"{'0': 617160, '1': 614940}",507494,1732608,852480,27648,eb22b176cfe820df8f1c109a3ac6d8e4c5af289ce2c56223b6099a248e330873,0,"[507314, 29337.6, 0, 0]",0.7215444169996772,C,1760256,"[617160, 1760256, 0, 0, 0]",lower_core,/Users/futaoran/Desktop/华为杯2026/2026参赛工作区/2026华为杯idea冻结工作区/实验数据/v7_fast_equiv_20260927_0030,0,AI_VERIFIED
193536,root1:v7_fast_equiv_20260927_0030,0.0,0,0,0.0,0,0,0,0,,0,0,0,A2_base,case_007,1926144,4,0,0,1926144,32103,0.5693990409999969,mps,1073664,310800,"{'0': 306360, '1': 308580, '2': 306360, '3': 310800}",257232,1732608,852480,193536,1622bf15cac6bbc65735511ce73321974894e535a2e7dd9338da7828491683b6,0,"[302028, 1926144, 0]",0.5119942080000328,A,1926144,"[310800, 1926144, 0, 0, 0]",seed,/Users/futaoran/Desktop/华为杯2026/2026参赛工作区/2026华为杯idea冻结工作区/实验数据/v7_fast_equiv_20260927_0030,0,AI_VERIFIED
17963520,root1:v7_fast_equiv_20260927_0030,0.0,0,0,0.0,0,0,0,0,,0,0,0,B3_base,case_007,19100160,4,8070144,8070144,19100160,318336,1.8053206249987852,mps,2107392,353820,"{'0': 286608, '1': 353820, '2': 290412, '3': 301260}",496192,1732608,852480,17367552,76808ff03dad40967bf7ba78c7811977e28d74a9d5a412bb7c667b48c913300b,300032,"[442260, 19696128, 595968]",1.7758619579999504,B,19696128,"[353820, 19100160, 300032, 0, 0]",seed,/Users/futaoran/Desktop/华为杯2026/2026参赛工作区/2026华为杯idea冻结工作区/实验数据/v7_fast_equiv_20260927_0030,595968,AI_VERIFIED
55296,root1:v7_fast_equiv_20260927_0030,0.0,0,0,0.0,935424,564,935424,564,,0,0,0,lower_core_base,case_007,1787904,4,0,0,1787904,29799,0.8477309999998397,mps,935424,410700,"{'0': 410700, '1': 410700, '2': 410700}",338094,1732608,852480,55296,ad5364bc1adafb545767e9ac5926f1e575204eea9afc72416d1c9f43b91bc6c2,0,"[337682, 29798.4, 0, 0]",0.7432165000009263,C,1787904,"[410700, 1787904, 0, 0, 0]",lower_core,/Users/futaoran/Desktop/华为杯2026/2026参赛工作区/2026华为杯idea冻结工作区/实验数据/v7_fast_equiv_20260927_0030,0,AI_VERIFIED
248832,root1:v7_fast_equiv_20260927_0030,0.0,0,0,0.0,0,0,0,0,,0,0,0,A2_base,case_007,1981440,5,0,0,1981440,33024,0.9092139579988725,mps,1128960,246420,"{'0': 246420, '1': 246420, '2': 246420, '3': 246420, '4': 246420}",205372,1732608,852480,248832,07e94f80b504f751245e3db9cae19d1c8d67d00292c52ba86a0ca888e009dabb,0,"[239678, 1981440, 0]",0.6432989160002762,A,1981440,"[246420, 1981440, 0, 0, 0]",seed,/Users/futaoran/Desktop/华为杯2026/2026参赛工作区/2026华为杯idea冻结工作区/实验数据/v7_fast_equiv_20260927_0030,0,AI_VERIFIED
19226112,root1:v7_fast_equiv_20260927_0030,0.0,0,0,0.0,0,0,0,0,,0,0,0,B3_base,case_007,20568576,5,8908800,8908800,20568576,342810,2.385062707999168,mps,1898496,342810,"{'0': 322308, '1': 286620, '2': 287388, '3': 192948, '4': 142836}",448773,1732608,852480,18835968,3edbbafca36452383267f91f271b3ab32dba635da1b283f1c4a735d2a59e96f8,304640,"[384674, 20958720, 390144]",2.2514218329997675,B,20958720,"[342810, 20568576, 304640, 0, 0]",seed,/Users/futaoran/Desktop/华为杯2026/2026参赛工作区/2026华为杯idea冻结工作区/实验数据/v7_fast_equiv_20260927_0030,390144,AI_VERIFIED
82944,root1:v7_fast_equiv_20260927_0030,0.0,0,0,0.0,963072,567,963072,567,,0,0,0,lower_core_base,case_007,1815552,5,0,0,1815552,30260,0.7335408750004717,mps,963072,308580,"{'0': 308580, '1': 308580, '2': 308580, '3': 306360}",254398,1732608,852480,82944,d9efbc680b3693b26c2d1d0378724196c56f9a7006ee9f68230c60b243a1825a,0,"[253778, 30259.2, 0, 0]",0.7807074580014159,C,1815552,"[308580, 1815552, 0, 0, 0]",lower_core,/Users/futaoran/Desktop/华为杯2026/2026参赛工作区/2026华为杯idea冻结工作区/实验数据/v7_fast_equiv_20260927_0030,0,AI_VERIFIED
388050,root1:v7_fast_equiv_20260927_0030,0.0,0,0,0.0,0,0,0,0,,0,0,0,L3_base,case_009,883382,1,181168,181168,883382,14724,0.8769269170006737,mps,520908,185152,{'0': 185152},157304,495332,138,388050,f5b78ff530e215c3e287b253eb28c99722cd63618bfd56b0d70350ed254fc93a,32812,"[179797, 883382, 0]",0.7622690829994099,A,883382,"[185152, 883382, 32812, 0, 0]",legacy_seed,/Users/futaoran/Desktop/华为杯2026/2026参赛工作区/2026华为杯idea冻结工作区/实验数据/v7_fast_equiv_20260927_0030,0,AI_VERIFIED
0,root1:v7_fast_equiv_20260927_0030,0.0,0,0,0.0,0,0,0,0,,0,0,0,L2_base,case_009,495332,1,0,0,495332,8256,1.3808875830000034,mps,495194,185152,{'0': 185152},153201,495332,138,0,09444eae196f7ff9acd566006191e2ec02d6cc2040ee61e7484a205478dfbd55,0,"[153201, 495332, 0]",2.0842400419987825,B,495332,"[185152, 495332, 0, 0, 0]",legacy_seed,/Users/futaoran/Desktop/华为杯2026/2026参赛工作区/2026华为杯idea冻结工作区/实验数据/v7_fast_equiv_20260927_0030,0,AI_VERIFIED
0,root1:v7_fast_equiv_20260927_0030,0.0,0,0,0.0,495194,318,495194,318,,0,0,0,incumbent_aggregate,case_009,495332,1,0,0,495332,8256,1.4995756659991457,mps,495194,185152,{'0': 185152},153261,495332,138,0,7aa3e2e81c9dd57a463e7c451df5a095135c5308617d1f03a02a0f2b6bb60036,0,"[153261, 8255.533333333333, 0, 0]",1.4509443330007343,C,495332,"[185152, 495332, 0, 0, 0]",aggregate,/Users/futaoran/Desktop/华为杯2026/2026参赛工作区/2026华为杯idea冻结工作区/实验数据/v7_fast_equiv_20260927_0030,0,AI_VERIFIED
729188,root1:v7_fast_equiv_20260927_0030,0.0,0,0,0.0,0,0,0,0,,0,0,0,A3_base,case_009,1224520,2,332976,332976,1224520,20409,0.7326645000011922,mps,558430,93088,"{'0': 93088, '1': 92064}",162368,495332,138,729188,eee0752cc20e3f0db8a9d9da0e245052d92c2741fa30c7fd09361fb27c168f9b,0,"[181318, 1224520, 0]",0.6073143329995219,A,1224520,"[93088, 1224520, 0, 0, 0]",seed,/Users/futaoran/Desktop/华为杯2026/2026参赛工作区/2026华为杯idea冻结工作区/实验数据/v7_fast_equiv_20260927_0030,0,AI_VERIFIED
614150,root1:v7_fast_equiv_20260927_0030,0.0,0,0,0.0,0,0,0,0,,0,0,0,B2_base,case_009,1109482,2,287344,287344,1109482,18492,1.1116502080003556,mps,534656,93088,"{'0': 93088, '1': 92064}",127362,495332,138,614150,eee0752cc20e3f0db8a9d9da0e245052d92c2741fa30c7fd09361fb27c168f9b,0,"[127362, 1109482, 0]",1.1900070410010812,B,1109482,"[93088, 1109482, 0, 0, 0]",seed,/Users/futaoran/Desktop/华为杯2026/2026参赛工作区/2026华为杯idea冻结工作区/实验数据/v7_fast_equiv_20260927_0030,0,AI_VERIFIED
0,root1:v7_fast_equiv_20260927_0030,0.0,0,0,0.0,495194,318,495194,318,,9142,0,0,lower_core_base,case_009,495332,2,0,0,495332,8256,1.8044760000011593,mps,495194,185152,{'0': 185152},153201,495332,138,0,c1a6aa1bbdb9f4f6449908c9637ad7a4763d2702789f774c73d3fda00a427eaf,0,"[153201, 8255.533333333333, 0, 0]",1.7993815419995371,C,495332,"[185152, 495332, 0, 0, -9142]",lower_core,/Users/futaoran/Desktop/华为杯2026/2026参赛工作区/2026华为杯idea冻结工作区/实验数据/v7_fast_equiv_20260927_0030,0,AI_VERIFIED
24576,root1:v7_fast_equiv_20260927_0030,0.0,0,0,0.0,0,0,0,0,,0,0,0,L1_base,case_009,519908,3,0,0,519908,8666,1.3499062079990836,mps,519770,113888,"{'0': 113888, '1': 35307, '2': 35957}",92207,495332,138,24576,b942c968c8a2817db5f5db9c7bda870f08e0b63476554f26d0f52d3360e9ab69,0,"[107091, 519908, 0]",1.2933467919992836,A,519908,"[113888, 519908, 0, 0, 0]",legacy_seed,/Users/futaoran/Desktop/华为杯2026/2026参赛工作区/2026华为杯idea冻结工作区/实验数据/v7_fast_equiv_20260927_0030,0,AI_VERIFIED
9254,root1:v7_fast_equiv_20260927_0030,0.0,0,0,0.0,0,0,0,0,,0,0,0,r1_split_g0_h0_c2_p0,case_009,504586,3,4608,4608,504586,8410,1.2991462499994668,mps,495232,71264,"{'2': 57388, '0': 56500, '1': 71264}",91278,495332,138,9254,80d563b5f6f71ae74fa08d3dfd6802f5cee5f784b379f07f1d77ff82885ae2bc,0,"[91269, 504586, 0]",0.9860173750003014,B,504586,"[71264, 504586, 0, 0, 0]",ordinary_chain,/Users/futaoran/Desktop/华为杯2026/2026参赛工作区/2026华为杯idea冻结工作区/实验数据/v7_fast_equiv_20260927_0030,0,AI_VERIFIED
0,root1:v7_fast_equiv_20260927_0030,0.0,0,0,0.0,495194,318,495194,318,,0,0,0,C1_base,case_009,495332,3,0,0,495332,8256,1.6089054160001979,mps,495194,113888,"{'0': 113888, '1': 71264}",92198,495332,138,0,1218cb2ff3dbb3677ee1d7e85c9c115435167169cf2760e79a33e164cd44d2fb,0,"[92189, 8255.533333333333, 0, 0]",1.490469000000303,C,495332,"[113888, 495332, 0, 0, 0]",seed,/Users/futaoran/Desktop/华为杯2026/2026参赛工作区/2026华为杯idea冻结工作区/实验数据/v7_fast_equiv_20260927_0030,0,AI_VERIFIED
49152,root1:v7_fast_equiv_20260927_0030,0.0,0,0,0.0,0,0,0,0,,0,0,0,L1_base,case_009,544484,4,0,0,544484,9075,1.443065542000113,mps,544346,113888,"{'0': 113888, '1': 23242, '2': 24036, '3': 23986}",92216,495332,138,49152,8352ae3817379efb5a524494faf224776db8c8d64518a838a8abdf4831240641,0,"[107091, 544484, 0]",1.4331551659997785,A,544484,"[113888, 544484, 0, 0, 0]",legacy_seed,/Users/futaoran/Desktop/华为杯2026/2026参赛工作区/2026华为杯idea冻结工作区/实验数据/v7_fast_equiv_20260927_0030,0,AI_VERIFIED
96806,root1:v7_fast_equiv_20260927_0030,0.0,0,0,0.0,0,0,0,0,,0,0,0,r2_split_g2_h1_c3_p0,case_009,592138,4,32768,32768,592138,9869,1.0502912499996455,mps,526464,57388,"{'2': 57388, '0': 56500, '3': 42704, '1': 28560}",91287,495332,138,96806,426488fe5e1d16706f17ce84ad9a8d2f11a24cc31e186ca0966129d539a5118e,0,"[91269, 592138, 0]",1.0108560409989877,B,592138,"[57388, 592138, 0, 0, 0]",ordinary_chain,/Users/futaoran/Desktop/华为杯2026/2026参赛工作区/2026华为杯idea冻结工作区/实验数据/v7_fast_equiv_20260927_0030,0,AI_VERIFIED
106060,root1:v7_fast_equiv_20260927_0030,396.16266666666667,31308,20,0.055522648516168394,532570,355,563878,375,,0,31276,126,r2_split_g0_h1_c1_p1,case_009,601392,4,37376,37376,570116,9502,0.9971982499992009,mps,526502,56952,"{'2': 28996, '1': 56952, '0': 56500, '3': 42704}",90556,495332,138,106060,d0328678808e5fe5e24cdb44e65d8e9f87d84653421074a21b74f939d580c3ff,0,"[90538, 9501.4, -31308, 0]",0.8757785840007273,C,601392,"[56952, 601392, 0, -31276, 0]",ordinary_chain,/Users/futaoran/Desktop/华为杯2026/2026参赛工作区/2026华为杯idea冻结工作区/实验数据/v7_fast_equiv_20260927_0030,0,AI_VERIFIED
73728,root1:v7_fast_equiv_20260927_0030,0.0,0,0,0.0,0,0,0,0,,0,0,0,L1_base,case_009,569060,5,0,0,569060,9485,1.342896500000279,mps,568922,113888,"{'0': 113888, '1': 18430, '2': 17542, '3': 17536, '4': 17756}",92225,495332,138,73728,c7443b9d455f377b350cdf04d2989306cb79878302f1bed7e358b8805745c032,0,"[107091, 569060, 0]",1.2071099999993748,A,569060,"[113888, 569060, 0, 0, 0]",legacy_seed,/Users/futaoran/Desktop/华为杯2026/2026参赛工作区/2026华为杯idea冻结工作区/实验数据/v7_fast_equiv_20260927_0030,0,AI_VERIFIED
96806,root1:v7_fast_equiv_20260927_0030,0.0,0,0,0.0,0,0,0,0,,0,0,0,r2_split_g2_h1_c4_p0,case_009,592138,5,32768,32768,592138,9869,1.0738219169998047,mps,526464,57388,"{'0': 57388, '3': 56500, '4': 42704, '1': 28560}",91287,495332,138,96806,0fb42b4ce7d13beed5bbdaf69fd78a5ee20d820bf1bc2bb7e5a198c3988da6c6,0,"[91269, 592138, 0]",0.9462164159995154,B,592138,"[57388, 592138, 0, 0, 0]",ordinary_chain,/Users/futaoran/Desktop/华为杯2026/2026参赛工作区/2026华为杯idea冻结工作区/实验数据/v7_fast_equiv_20260927_0030,0,AI_VERIFIED
106060,root1:v7_fast_equiv_20260927_0030,395.73199999999997,31308,18,0.055522648516168394,532570,357,563878,375,,0,31242,125,r2_split_g0_h1_c3_p0,case_009,601392,5,37376,37376,570150,9503,1.0506780420000723,mps,526502,56500,"{'2': 28996, '3': 28392, '0': 56500, '4': 42704, '1': 28560}",90556,495332,138,106060,53ac4326c602cb1b530d761d1502d52378282d6043dc7a90a40ab1aa78e07e02,0,"[90538, 9501.4, -31308, 0]",1.0470739159991354,C,601392,"[56500, 601392, 0, -31242, 0]",ordinary_chain,/Users/futaoran/Desktop/华为杯2026/2026参赛工作区/2026华为杯idea冻结工作区/实验数据/v7_fast_equiv_20260927_0030,0,AI_VERIFIED
393220,root1:v7_fast_equiv_20260927_0030,0.0,0,0,0.0,0,0,0,0,,0,0,0,A2_base,case_016,786438,1,2,2,786438,13108,6.844514333000916,mps,786432,7714975,{'0': 7714975},7716172,393218,2,393220,b5d93ab290703e751e8a2973e4bc9d7ff858329b0cce8251e2de37c32ef41d17,0,"[7721788, 786438, 0]",6.453113208999639,A,786438,"[7714975, 786438, 0, 0, 0]",seed,/Users/futaoran/Desktop/华为杯2026/2026参赛工作区/2026华为杯idea冻结工作区/实验数据/v7_fast_equiv_20260927_0030,0,AI_VERIFIED
0,root1:v7_fast_equiv_20260927_0030,0.0,0,0,0.0,0,0,0,0,,0,0,0,B2_base,case_016,393218,1,0,0,393218,6554,11.868259000000762,mps,393216,7714975,{'0': 7714975},7715523,393218,2,0,3184375f97f401a72c6989ed5ebb96a0657e504e7bfc3b599a584a17973a9990,0,"[7715523, 393218, 0]",13.107363999999507,B,393218,"[7714975, 393218, 0, 0, 0]",seed,/Users/futaoran/Desktop/华为杯2026/2026参赛工作区/2026华为杯idea冻结工作区/实验数据/v7_fast_equiv_20260927_0030,0,AI_VERIFIED
0,root1:v7_fast_equiv_20260927_0030,0.0,0,0,0.0,393216,12,393216,12,,0,0,0,incumbent_base,case_016,393218,1,0,0,393218,6554,12.2703040840006,mps,393216,7714975,{'0': 7714975},7715523,393218,2,0,ceb691fa3f6538b83035d95def0b97b3c816ea719b0a9eb61639b5899d297c41,0,"[7715523, 6553.633333333333, 0, 0]",12.449560416998793,C,393218,"[7714975, 393218, 0, 0, 0]",incumbent,/Users/futaoran/Desktop/华为杯2026/2026参赛工作区/2026华为杯idea冻结工作区/实验数据/v7_fast_equiv_20260927_0030,0,AI_VERIFIED
1179660,root1:v7_fast_equiv_20260927_0030,0.0,0,0,0.0,0,0,0,0,,0,0,0,A2_base,case_016,1572878,2,6,6,1572878,26215,4.463054957999702,mps,1572864,3870135,"{'0': 3844840, '1': 3870135}",7720170,393218,2,1179660,7be6c994c01421c74f7b8413aa531fb2343c597998ce2bafc331acf28f75a3e0,0,"[7731402, 1572878, 0]",4.100274582999191,A,1572878,"[3870135, 1572878, 0, 0, 0]",seed,/Users/futaoran/Desktop/华为杯2026/2026参赛工作区/2026华为杯idea冻结工作区/实验数据/v7_fast_equiv_20260927_0030,0,AI_VERIFIED
2162724,root1:v7_fast_equiv_20260927_0030,0.0,0,0,0.0,0,0,0,0,,0,0,0,L2_base,case_016,2555942,2,884754,884754,2555942,42600,6.583363333998932,mps,786432,3860560,"{'0': 3860560, '1': 3854415}",7712915,393218,2,2162724,e2438d3e4d442d491994663f96bb030d5709dded898d99b202205b6a635ab902,0,"[7709858, 2555942, 0]",7.235378082999887,B,2555942,"[3860560, 2555942, 0, 0, 0]",legacy_seed,/Users/futaoran/Desktop/华为杯2026/2026参赛工作区/2026华为杯idea冻结工作区/实验数据/v7_fast_equiv_20260927_0030,0,AI_VERIFIED
2097192,root1:v7_fast_equiv_20260927_0030,4980.736,393216,12,0.23999707034826234,1245204,48,1638420,60,,884736,393216,1573,r1_boundary_n4525_c1_p0,case_016,2490410,2,851988,851988,2097194,34954,5.342212666000705,mps,786432,3860036,"{'0': 3860036, '1': 3854939}",7716031,393218,2,2097192,2517b46cdff809dab77acf5139b517c551178d8d49095cb98479832ad2610899,0,"[7713666, 34953.23333333333, -393216, 0]",5.58346312499998,C,2490410,"[3860036, 2490410, 0, -393216, -884736]",ordinary_chain,/Users/futaoran/Desktop/华为杯2026/2026参赛工作区/2026华为杯idea冻结工作区/实验数据/v7_fast_equiv_20260927_0030,0,AI_VERIFIED
1966100,root1:v7_fast_equiv_20260927_0030,0.0,0,0,0.0,0,0,0,0,,0,0,0,A2_base,case_016,2359318,3,10,10,2359318,39322,2.893527707999965,mps,2359296,2580090,"{'0': 2580090, '1': 2554795, '2': 2580090}",7723268,393218,2,1966100,4b49af43317b4ecd0724725609ef90f838f2255f08ce2626c42423bbdedd7712,0,"[7740116, 2359318, 0]",2.806844041999284,A,2359318,"[2580090, 2359318, 0, 0, 0]",seed,/Users/futaoran/Desktop/华为杯2026/2026参赛工作区/2026华为杯idea冻结工作区/实验数据/v7_fast_equiv_20260927_0030,0,AI_VERIFIED
3407932,root1:v7_fast_equiv_20260927_0030,0.0,0,0,0.0,0,0,0,0,,0,0,0,L2_base,case_016,3145790,3,983070,983070,3145790,52430,4.344548999999461,mps,1179648,2574733,"{'0': 2574733, '1': 2570632, '2': 2569610}",7718263,393218,2,2752572,3bb1c74db56d932ac39b875e753013a04c2810b3cea6479f01a33782b1cca90c,294912,"[7717184, 3801150, 655360]",4.0239297919997625,B,3801150,"[2574733, 3145790, 294912, 0, 0]",legacy_seed,/Users/futaoran/Desktop/华为杯2026/2026参赛工作区/2026华为杯idea冻结工作区/实验数据/v7_fast_equiv_20260927_0030,655360,AI_VERIFIED
2228260,root1:v7_fast_equiv_20260927_0030,4980.736,196608,12,0.11538339650014026,1507346,49,1703954,61,,884736,393216,1573,incumbent_disperse_tid_1000000001_node_13_core_1_pos_0,case_016,2621478,3,917522,917522,2228262,37138,8.786713207999128,mps,786432,3860036,"{'1': 3854939, '0': 3860036}",7713507,393218,2,2228260,1c96b8328a7ea6a8aedad0a3f2009ff66395de114d8af53d3a422e46f23b589f,0,"[7709356, 37137.7, -393216, 0]",9.159308667000005,C,2621478,"[3860036, 2621478, 0, -393216, -884736]",disperse,/Users/futaoran/Desktop/华为杯2026/2026参赛工作区/2026华为杯idea冻结工作区/实验数据/v7_fast_equiv_20260927_0030,0,AI_VERIFIED
2752540,root1:v7_fast_equiv_20260927_0030,0.0,0,0,0.0,0,0,0,0,,0,0,0,A2_base,case_016,3145758,4,14,14,3145758,52430,5.765924790999634,mps,3145728,1947715,"{'0': 1922420, '1': 1922420, '2': 1922420, '3': 1947715}",7726366,393218,2,2752540,b794cb9a478b977a3a754b57e63907f61e1e8972ef3754c81c46dde08497a3b9,0,"[7748830, 3145758, 0]",2.673794958000144,A,3145758,"[1947715, 3145758, 0, 0, 0]",seed,/Users/futaoran/Desktop/华为杯2026/2026参赛工作区/2026华为杯idea冻结工作区/实验数据/v7_fast_equiv_20260927_0030,0,AI_VERIFIED
4784208,root1:v7_fast_equiv_20260927_0030,0.0,0,0,0.0,0,0,0,0,,0,0,0,L2_base,case_016,4522066,4,1474600,1474600,4522066,75368,4.60377920800056,mps,1572864,1930280,"{'0': 1930280, '1': 1928236, '2': 1926703, '3': 1929756}",7706495,393218,2,4128848,9f8ef528a0148a6b845ef6254c467e77bf8c32e933026142c176a3ef7b717a3f,294912,"[7703056, 5177426, 655360]",5.233292832999723,B,5177426,"[1930280, 4522066, 294912, 0, 0]",legacy_seed,/Users/futaoran/Desktop/华为杯2026/2026参赛工作区/2026华为杯idea冻结工作区/实验数据/v7_fast_equiv_20260927_0030,655360,AI_VERIFIED
4718672,root1:v7_fast_equiv_20260927_0030,9961.472,425984,24,0.12744945511815547,2916392,88,3014696,112,,1671170,786432,3146,incumbent_disperse_tid_1000002265_node_2259_core_1_pos_0,case_016,4456530,4,1441832,1441832,3670098,61169,4.280804875001195,mps,1572864,1929756,"{'0': 1929756, '1': 1928760, '2': 1926703, '3': 1929756}",7706472,393218,2,4063312,5c698fb3551dce4955b3b1cf8e369c9b7ec9a7d6bd4f8ddbe28a7f9e8c318541,294912,"[7703033, 78098.43333333333, -425984, 655360]",4.094870583001466,C,5111890,"[1929756, 4456530, 294912, -786432, -1671170]",disperse,/Users/futaoran/Desktop/华为杯2026/2026参赛工作区/2026华为杯idea冻结工作区/实验数据/v7_fast_equiv_20260927_0030,655360,AI_VERIFIED
3538980,root1:v7_fast_equiv_20260927_0030,0.0,0,0,0.0,0,0,0,0,,0,0,0,A2_base,case_016,3932198,5,18,18,3932198,65537,3.3662658749999537,mps,3932160,1542995,"{'0': 1542995, '1': 1542995, '2': 1542995, '3': 1542995, '4': 1542995}",7729464,393218,2,3538980,0e7e697ad63bf4b9ee21a27ed6f77da03d16ed79dc207a33a7dff58d4ebe9801,0,"[7757544, 3932198, 0]",2.7637692500011326,A,3932198,"[1542995, 3932198, 0, 0, 0]",seed,/Users/futaoran/Desktop/华为杯2026/2026参赛工作区/2026华为杯idea冻结工作区/实验数据/v7_fast_equiv_20260927_0030,0,AI_VERIFIED
5898256,root1:v7_fast_equiv_20260927_0030,0.0,0,0,0.0,0,0,0,0,,0,0,0,L2_base,case_016,6291474,5,2162696,2162696,6291474,104858,4.723238624999794,mps,1966080,1548616,"{'0': 1542995, '1': 1537374, '2': 1548616, '3': 1542995, '4': 1542995}",7714598,393218,2,5898256,c48b6a296af511157ca25c98728aad67ea33318dba51576402eaacb3ae208f36,0,"[7705727, 6291474, 0]",5.710364542001116,B,6291474,"[1548616, 6291474, 0, 0, 0]",legacy_seed,/Users/futaoran/Desktop/华为杯2026/2026参赛工作区/2026华为杯idea冻结工作区/实验数据/v7_fast_equiv_20260927_0030,0,AI_VERIFIED
4718672,root1:v7_fast_equiv_20260927_0030,9961.472,425984,24,0.12744945511815547,2916392,88,3014696,112,,1671170,786432,3146,incumbent_disperse_tid_1000002265_node_2259_core_1_pos_0,case_016,4456530,5,1441832,1441832,3670098,61169,7.188795707999816,mps,1572864,1929756,"{'0': 1929756, '1': 1928760, '2': 1926703, '3': 1929756}",7706472,393218,2,4063312,6d6434de9c3ef3ce26d1ae7f99555457339f55d779d89363ccbbf36dce152590,294912,"[7703033, 78098.43333333333, -425984, 655360]",6.7210403330009285,C,5111890,"[1929756, 4456530, 294912, -786432, -1671170]",disperse,/Users/futaoran/Desktop/华为杯2026/2026参赛工作区/2026华为杯idea冻结工作区/实验数据/v7_fast_equiv_20260927_0030,655360,AI_VERIFIED
6912,root1:v7_fast_equiv_20260927_0030,0.0,0,0,0.0,0,0,0,0,,0,0,0,A2_base,case_022,220598,1,0,0,220598,3677,0.23463987499962968,mps,220452,58571,{'0': 58571},56916,213686,146,6912,b371ad15b5cb238d0d1a6e35ef9a1739a3491fb0110c43ece77abd68d2624cca,0,"[59990, 220598, 0]",0.23591708300045866,A,220598,"[58571, 220598, 0, 0, 0]",seed,/Users/futaoran/Desktop/华为杯2026/2026参赛工作区/2026华为杯idea冻结工作区/实验数据/v7_fast_equiv_20260927_0030,0,AI_VERIFIED
88064,root1:v7_fast_equiv_20260927_0030,0.0,0,0,0.0,0,0,0,0,,0,0,0,B3_base,case_022,213686,1,0,0,213686,3562,0.37921179099976143,mps,213540,58571,{'0': 58571},54723,213686,146,0,eed4b94412cfa1979413e0f9a753995870f86b6f612862dbefe0a9f1c8a863ed,59022,"[54723, 301750, 88064]",0.3644418339990807,B,301750,"[58571, 213686, 59022, 0, 0]",seed,/Users/futaoran/Desktop/华为杯2026/2026参赛工作区/2026华为杯idea冻结工作区/实验数据/v7_fast_equiv_20260927_0030,88064,AI_VERIFIED
78848,root1:v7_fast_equiv_20260927_0030,0.0,29696,0,0.11088375427538721,238116,138,213540,138,,1335576,0,0,incumbent_split_release_g1_p4,case_022,213686,1,0,0,213686,3562,0.26652020800065657,mps,213540,58571,{'0': 58571},54591,213686,146,0,0528be4ee363717ffdf6551871312a440a89dc6ae9e8178406207d530f8a2c20,52832,"[54591, 4380.633333333333, -29696, 78848]",0.2664682079994236,C,292534,"[58571, 213686, 52832, 0, -1335576]",timing,/Users/futaoran/Desktop/华为杯2026/2026参赛工作区/2026华为杯idea冻结工作区/实验数据/v7_fast_equiv_20260927_0030,78848,AI_VERIFIED
6912,root1:v7_fast_equiv_20260927_0030,0.0,0,0,0.0,0,0,0,0,,0,0,0,L1_base,case_022,220598,2,0,0,220598,3677,0.2817156660003093,mps,220452,29290,"{'0': 29290, '1': 29281}",28324,213686,146,6912,291b85d0238773eb35d1211d0ff98fdce191502f9709da272443c423a67e44c8,0,"[30038, 220598, 0]",0.1768780410002364,A,220598,"[29290, 220598, 0, 0, 0]",legacy_seed,/Users/futaoran/Desktop/华为杯2026/2026参赛工作区/2026华为杯idea冻结工作区/实验数据/v7_fast_equiv_20260927_0030,0,AI_VERIFIED
6912,root1:v7_fast_equiv_20260927_0030,0.0,0,0,0.0,0,0,0,0,,0,0,0,L1_base,case_022,220598,2,0,0,220598,3677,0.241333083000427,mps,220452,29290,"{'0': 29290, '1': 29281}",28324,213686,146,6912,291b85d0238773eb35d1211d0ff98fdce191502f9709da272443c423a67e44c8,0,"[28289, 220598, 0]",0.2642073330007406,B,220598,"[29290, 220598, 0, 0, 0]",legacy_seed,/Users/futaoran/Desktop/华为杯2026/2026参赛工作区/2026华为杯idea冻结工作区/实验数据/v7_fast_equiv_20260927_0030,0,AI_VERIFIED
78848,root1:v7_fast_equiv_20260927_0030,0.0,29696,0,0.11088375427538721,238116,138,213540,138,,1335576,0,0,lower_core_base,case_022,213686,2,0,0,213686,3562,0.32108229199911875,mps,213540,58571,{'0': 58571},54591,213686,146,0,1c0c52612a6c54ba8d83e9e6a475363d9bb3bcc6145ce71011af8c37137a455f,52832,"[54591, 4380.633333333333, -29696, 78848]",0.2942207090000011,C,292534,"[58571, 213686, 52832, 0, -1335576]",lower_core,/Users/futaoran/Desktop/华为杯2026/2026参赛工作区/2026华为杯idea冻结工作区/实验数据/v7_fast_equiv_20260927_0030,78848,AI_VERIFIED
13824,root1:v7_fast_equiv_20260927_0030,0.0,0,0,0.0,0,0,0,0,,0,0,0,L1_base,case_022,227510,3,0,0,227510,3792,0.3137999579994357,mps,227364,19596,"{'0': 19401, '1': 19596, '2': 19574}",19026,213686,146,13824,6af8f7bb6165434405668fb2d7b69ba2f425ebf3001b664b478ed09e2a261f9f,0,"[20061, 227510, 0]",0.1776741249996121,A,227510,"[19596, 227510, 0, 0, 0]",legacy_seed,/Users/futaoran/Desktop/华为杯2026/2026参赛工作区/2026华为杯idea冻结工作区/实验数据/v7_fast_equiv_20260927_0030,0,AI_VERIFIED
13824,root1:v7_fast_equiv_20260927_0030,0.0,0,0,0.0,0,0,0,0,,0,0,0,L1_base,case_022,227510,3,0,0,227510,3792,0.3487347080008476,mps,227364,19596,"{'0': 19401, '1': 19596, '2': 19574}",19026,213686,146,13824,6af8f7bb6165434405668fb2d7b69ba2f425ebf3001b664b478ed09e2a261f9f,0,"[18956, 227510, 0]",0.26246558300044853,B,227510,"[19596, 227510, 0, 0, 0]",legacy_seed,/Users/futaoran/Desktop/华为杯2026/2026参赛工作区/2026华为杯idea冻结工作区/实验数据/v7_fast_equiv_20260927_0030,0,AI_VERIFIED
13824,root1:v7_fast_equiv_20260927_0030,175.10399999999998,13824,6,0.060801182245210326,213540,138,227364,144,,154112,13824,56,incumbent_split_height_g0_p4,case_022,227510,3,0,0,213686,3562,0.20183683299910626,mps,227364,19596,"{'0': 19401, '1': 19596, '2': 19574}",18965,213686,146,13824,ac67a5505dc337fb382094d56222130ff6956349615512f74b0de200dd7c9520,0,"[18895, 3561.4333333333334, -13824, 0]",0.1856091669997113,C,227510,"[19596, 227510, 0, -13824, -154112]",timing,/Users/futaoran/Desktop/华为杯2026/2026参赛工作区/2026华为杯idea冻结工作区/实验数据/v7_fast_equiv_20260927_0030,0,AI_VERIFIED
13824,root1:v7_fast_equiv_20260927_0030,0.0,0,0,0.0,0,0,0,0,,0,0,0,L1_base,case_022,227510,4,0,0,227510,3792,0.2332048330008547,mps,227364,14871,"{'0': 14653, '1': 14871, '2': 14527, '3': 14520}",14526,213686,146,13824,3a4c1f102e12f64ebeaa11c467dfce0635a4bb93393d793486caa2dae6f3e6ac,0,"[15279, 227510, 0]",0.16956008299894165,A,227510,"[14871, 227510, 0, 0, 0]",legacy_seed,/Users/futaoran/Desktop/华为杯2026/2026参赛工作区/2026华为杯idea冻结工作区/实验数据/v7_fast_equiv_20260927_0030,0,AI_VERIFIED
13824,root1:v7_fast_equiv_20260927_0030,0.0,0,0,0.0,0,0,0,0,,0,0,0,L1_base,case_022,227510,4,0,0,227510,3792,0.196344042000419,mps,227364,14871,"{'0': 14653, '1': 14871, '2': 14527, '3': 14520}",14526,213686,146,13824,3a4c1f102e12f64ebeaa11c467dfce0635a4bb93393d793486caa2dae6f3e6ac,0,"[14421, 227510, 0]",0.1838488330013206,B,227510,"[14871, 227510, 0, 0, 0]",legacy_seed,/Users/futaoran/Desktop/华为杯2026/2026参赛工作区/2026华为杯idea冻结工作区/实验数据/v7_fast_equiv_20260927_0030,0,AI_VERIFIED
13824,root1:v7_fast_equiv_20260927_0030,175.10399999999998,13824,6,0.060801182245210326,213540,138,227364,144,,131076,13824,56,incumbent_split_height_g0_p4,case_022,227510,4,0,0,213686,3562,0.40972108300047694,mps,227364,14871,"{'0': 14653, '1': 14871, '2': 14527, '3': 14520}",14275,213686,146,13824,a7c684634a65f5f2e70fe09c714f4fd84aca3a3fcb36b351fedb3fa4a700b605,0,"[14170, 3561.4333333333334, -13824, 0]",0.272073708998505,C,227510,"[14871, 227510, 0, -13824, -131076]",timing,/Users/futaoran/Desktop/华为杯2026/2026参赛工作区/2026华为杯idea冻结工作区/实验数据/v7_fast_equiv_20260927_0030,0,AI_VERIFIED
20736,root1:v7_fast_equiv_20260927_0030,0.0,0,0,0.0,0,0,0,0,,0,0,0,L1_base,case_022,234422,5,0,0,234422,3908,0.17134900000019115,mps,234276,11830,"{'0': 11731, '1': 11830, '2': 11563, '3': 11799, '4': 11648}",11824,213686,146,20736,53d2ab95f71ff924aac825e5bbb3bdfd12c180d1a71095206cf357ac87be4770,0,"[12157, 234422, 0]",0.15931712499877904,A,234422,"[11830, 234422, 0, 0, 0]",legacy_seed,/Users/futaoran/Desktop/华为杯2026/2026参赛工作区/2026华为杯idea冻结工作区/实验数据/v7_fast_equiv_20260927_0030,0,AI_VERIFIED
20736,root1:v7_fast_equiv_20260927_0030,0.0,0,0,0.0,0,0,0,0,,0,0,0,L1_base,case_022,234422,5,0,0,234422,3908,0.26251883300028567,mps,234276,11830,"{'0': 11731, '1': 11830, '2': 11563, '3': 11799, '4': 11648}",11824,213686,146,20736,53d2ab95f71ff924aac825e5bbb3bdfd12c180d1a71095206cf357ac87be4770,0,"[11684, 234422, 0]",0.19743370799915283,B,234422,"[11830, 234422, 0, 0, 0]",legacy_seed,/Users/futaoran/Desktop/华为杯2026/2026参赛工作区/2026华为杯idea冻结工作区/实验数据/v7_fast_equiv_20260927_0030,0,AI_VERIFIED
13824,root1:v7_fast_equiv_20260927_0030,175.10399999999998,13824,6,0.060801182245210326,213540,138,227364,144,,131076,13824,56,lower_core_base,case_022,227510,5,0,0,213686,3562,0.23483858300096472,mps,227364,14871,"{'0': 14653, '1': 14871, '2': 14527, '3': 14520}",14275,213686,146,13824,25fc43657f98d5adab5efc234d5d8db1a8780499e31098b6d79bef36f31fe033,0,"[14170, 3561.4333333333334, -13824, 0]",0.18973266699867963,C,227510,"[14871, 227510, 0, -13824, -131076]",lower_core,/Users/futaoran/Desktop/华为杯2026/2026参赛工作区/2026华为杯idea冻结工作区/实验数据/v7_fast_equiv_20260927_0030,0,AI_VERIFIED
1425408,root1:v7_fast_equiv_20260927_0030,0.0,0,0,0.0,0,0,0,0,,0,0,0,A2_base,case_027,2777088,1,0,0,2777088,46285,0.32898937500067404,mps,2580480,2516352,{'0': 2516352},2325280,2039808,196608,737280,5e7174f10d66635936dfcb5a1b49dc4732c97091709049fdeeb28213f785fe97,526336,"[2364668, 3465216, 688128]",0.3178568750008708,A,3465216,"[2516352, 2777088, 526336, 0, 0]",seed,/Users/futaoran/Desktop/华为杯2026/2026参赛工作区/2026华为杯idea冻结工作区/实验数据/v7_fast_equiv_20260927_0030,688128,AI_VERIFIED
3452928,root1:v7_fast_equiv_20260927_0030,0.0,0,0,0.0,0,0,0,0,,0,0,0,L2_base,case_027,2039808,1,0,0,2039808,33997,0.3844865420014685,mps,1843200,2516352,{'0': 2516352},2304836,2039808,196608,0,14e872d2b223d2fa5fa6d55b00ff3c0aaae8325acc6484b6b8915a7088c03735,1376256,"[2303207, 5492736, 3452928]",0.29683250000016415,B,5492736,"[2516352, 2039808, 1376256, 0, 0]",legacy_seed,/Users/futaoran/Desktop/华为杯2026/2026参赛工作区/2026华为杯idea冻结工作区/实验数据/v7_fast_equiv_20260927_0030,3452928,AI_VERIFIED
1400832,root1:v7_fast_equiv_20260927_0030,0.0,872448,0,0.2689393939393939,2371584,360,1843200,360,,0,0,0,incumbent_aggregate,case_027,2039808,1,0,0,2039808,33997,0.28895529200053716,mps,1843200,2516352,{'0': 2516352},2359515,2039808,196608,0,fc190b9e4e6e8f7041e044c2e0bfd673942a4b17c3605109af3b083514832ee1,526336,"[2358888, 42803.2, -872448, 1400832]",0.2710349170010886,C,3440640,"[2516352, 2039808, 526336, 0, 0]",aggregate,/Users/futaoran/Desktop/华为杯2026/2026参赛工作区/2026华为杯idea冻结工作区/实验数据/v7_fast_equiv_20260927_0030,1400832,AI_VERIFIED
2211840,root1:v7_fast_equiv_20260927_0030,0.0,0,0,0.0,0,0,0,0,,0,0,0,A2_base,case_027,4251648,2,0,0,4251648,70861,0.3229485409992776,mps,4055040,1258176,"{'0': 1258176, '1': 1258176}",1116984,2039808,196608,2211840,afff395c2d81b34597a49e3980111deb1a22821c5bd35e0629861666dd15445b,684032,"[1149238, 4251648, 0]",0.3165918340000644,A,4251648,"[1258176, 4251648, 684032, 0, 0]",seed,/Users/futaoran/Desktop/华为杯2026/2026参赛工作区/2026华为杯idea冻结工作区/实验数据/v7_fast_equiv_20260927_0030,0,AI_VERIFIED
12222464,root1:v7_fast_equiv_20260927_0030,0.0,0,0,0.0,0,0,0,0,,0,0,0,B3_base,case_027,11558912,2,4620288,4620288,11558912,192649,0.4949946249998902,mps,2121728,1308720,"{'0': 1207632, '1': 1308720}",1229419,2039808,196608,9519104,54d85d933b7bf763ce47f56ed5b330b040e3ffd07f3b1a7c8d3bc6b30eb51195,368640,"[1224302, 14262272, 2703360]",0.3910229579996667,B,14262272,"[1308720, 11558912, 368640, 0, 0]",seed,/Users/futaoran/Desktop/华为杯2026/2026参赛工作区/2026华为杯idea冻结工作区/实验数据/v7_fast_equiv_20260927_0030,2703360,AI_VERIFIED
3452928,root1:v7_fast_equiv_20260927_0030,0.0,217088,0,0.058888888888888886,3469312,360,1843200,360,,16384,0,0,lower_core_base,case_027,2039808,2,0,0,2039808,33997,0.3256735420000041,mps,1843200,2516352,{'0': 2516352},2304836,2039808,196608,0,6cc386afe01dd1483ea6cebf87fbfd901891ec8358e7e2f19b8328f53b8cffb2,1376256,"[2303207, 87927.46666666666, -217088, 3452928]",0.3070097079998959,C,5492736,"[2516352, 2039808, 1376256, 0, -16384]",lower_core,/Users/futaoran/Desktop/华为杯2026/2026参赛工作区/2026华为杯idea冻结工作区/实验数据/v7_fast_equiv_20260927_0030,3452928,AI_VERIFIED
3520512,root1:v7_fast_equiv_20260927_0030,0.0,0,0,0.0,0,0,0,0,,0,0,0,L2_base,case_027,5560320,3,98304,98304,5560320,92672,0.3157013749987527,mps,5167104,838920,"{'0': 838920, '1': 838920, '2': 838512}",2236298,2039808,196608,3520512,9bd93497b43c83d9c999e151e5b3e6c2e2e7340504f3649e215e0ab0eabfb79c,71680,"[2321816, 5560320, 0]",0.2861341249990801,A,5560320,"[838920, 5560320, 71680, 0, 0]",legacy_seed,/Users/futaoran/Desktop/华为杯2026/2026参赛工作区/2026华为杯idea冻结工作区/实验数据/v7_fast_equiv_20260927_0030,0,AI_VERIFIED
4139008,root1:v7_fast_equiv_20260927_0030,0.0,0,0,0.0,0,0,0,0,,0,0,0,r4_boundary_n363_c1_p3,case_027,5769216,3,24576,24576,5769216,96154,0.3270478329995967,mps,5523456,933936,"{'1': 792960, '0': 933936, '2': 789456}",831811,2039808,196608,3729408,3b58de1572b27dacb106f856cae00a9f7d7f8e2467870826ad3f40a15deb3814,0,"[830234, 6178816, 409600]",0.3781879170001048,B,6178816,"[933936, 5769216, 0, 0, 0]",ordinary_chain,/Users/futaoran/Desktop/华为杯2026/2026参赛工作区/2026华为杯idea冻结工作区/实验数据/v7_fast_equiv_20260927_0030,409600,AI_VERIFIED
4139008,root1:v7_fast_equiv_20260927_0030,29417.471999999998,3043328,436,0.510828463389481,2914304,645,5548032,1081,,98304,2322432,9290,r2_boundary_n629_c1_p0,case_027,5769216,3,24576,24576,3446784,57447,0.37627387499924225,mps,5523456,933936,"{'1': 796056, '0': 933936, '2': 786360}",831365,2039808,196608,3729408,f1181c86968c400b9e1270f682e4fe23511364ca35761040273bc67322ad6d13,0,"[830156, 51234.13333333333, -3104768, 409600]",0.38039891600055853,C,6178816,"[933936, 5769216, 0, -2322432, -98304]",ordinary_chain,/Users/futaoran/Desktop/华为杯2026/2026参赛工作区/2026华为杯idea冻结工作区/实验数据/v7_fast_equiv_20260927_0030,409600,AI_VERIFIED
3317760,root1:v7_fast_equiv_20260927_0030,0.0,0,0,0.0,0,0,0,0,,0,0,0,L2_base,case_027,5357568,4,0,0,5357568,89293,0.2971006249990751,mps,5160960,629088,"{'0': 629088, '1': 629088, '2': 629088, '3': 629088}",561212,2039808,196608,3317760,3231ea779664a7068f1d3fa8a19c5414df19bd6fe72dd2b4cb7dc7f492d64f5e,0,"[579814, 5357568, 0]",0.30182929200054787,A,5357568,"[629088, 5357568, 0, 0, 0]",legacy_seed,/Users/futaoran/Desktop/华为杯2026/2026参赛工作区/2026华为杯idea冻结工作区/实验数据/v7_fast_equiv_20260927_0030,0,AI_VERIFIED
24029184,root1:v7_fast_equiv_20260927_0030,0.0,0,0,0.0,0,0,0,0,,0,0,0,B3_base,case_027,26068992,4,11735040,11735040,26068992,434484,0.5761862090002978,mps,2402304,671352,"{'0': 616032, '1': 671352, '2': 628752, '3': 600216}",813012,2039808,196608,24029184,54715fc6c2020a1fb85fdaa74c31a7a5553eca1ceeb66123f83e2aaa95833331,0,"[795506, 26068992, 0]",0.4797995830012951,B,26068992,"[671352, 26068992, 0, 0, 0]",seed,/Users/futaoran/Desktop/华为杯2026/2026参赛工作区/2026华为杯idea冻结工作区/实验数据/v7_fast_equiv_20260927_0030,0,AI_VERIFIED
3317760,root1:v7_fast_equiv_20260927_0030,24203.264,1966080,311,0.38095238095238093,3194880,589,5160960,900,,12288,1910784,7644,incumbent_split_height_g1_p4,case_027,5357568,4,0,0,3446784,57447,0.2869476249998115,mps,5160960,629088,"{'0': 629088, '1': 629088, '2': 629088, '3': 629088}",559196,2039808,196608,3317760,b7cb3a9af324b8ea060587eb84f4a5b559e277e596f4d0ddc4d8a64317a07ea0,0,"[558065, 56524.8, -1966080, 0]",0.25972345899936045,C,5357568,"[629088, 5357568, 0, -1910784, -12288]",timing,/Users/futaoran/Desktop/华为杯2026/2026参赛工作区/2026华为杯idea冻结工作区/实验数据/v7_fast_equiv_20260927_0030,0,AI_VERIFIED
4300800,root1:v7_fast_equiv_20260927_0030,0.0,0,0,0.0,0,0,0,0,,0,0,0,A2_base,case_027,6340608,5,98304,98304,6340608,105677,0.3173031660007837,mps,5947392,534480,"{'0': 478416, '1': 499848, '2': 503352, '3': 534480, '4': 500256}",1552575,2039808,196608,4300800,a7bec25a9a4ee53bad7705828749d728cac2664c493d69ada9ff79cdab57ea02,0,"[1620440, 6340608, 0]",0.23342104100083816,A,6340608,"[534480, 6340608, 0, 0, 0]",seed,/Users/futaoran/Desktop/华为杯2026/2026参赛工作区/2026华为杯idea冻结工作区/实验数据/v7_fast_equiv_20260927_0030,0,AI_VERIFIED
5533696,root1:v7_fast_equiv_20260927_0030,0.0,0,0,0.0,0,0,0,0,,0,0,0,r4_boundary_n361_c2_p0,case_027,7573504,5,12288,12288,7573504,126226,0.3092709169995942,mps,7352320,622488,"{'2': 478416, '0': 622488, '1': 471816, '3': 471816, '4': 471816}",557147,2039808,196608,5533696,de3be2f36a3a77c05fc21e61a8ea272cddcdf94c9d56de24a400e49b4c907c81,0,"[556459, 7573504, 0]",0.31630916700123635,B,7573504,"[622488, 7573504, 0, 0, 0]",ordinary_chain,/Users/futaoran/Desktop/华为杯2026/2026参赛工作区/2026华为杯idea冻结工作区/实验数据/v7_fast_equiv_20260927_0030,0,AI_VERIFIED
5533696,root1:v7_fast_equiv_20260927_0030,7860.224,899072,120,0.12208008898776418,6465536,1317,7364608,1437,,51200,620544,2483,r2_capacity_g1_front,case_027,7573504,5,12288,12288,6952960,115883,0.4054416660001152,mps,7352320,622488,"{'2': 478416, '0': 622488, '1': 471816, '3': 471816, '4': 471816}",552561,2039808,196608,5533696,da00d6b96b3c5f9d840de919e0b06f6b567304f849621cfef9a02e37074fe3f4,0,"[551873, 109772.8, -987136, 0]",0.3088578749993758,C,7573504,"[622488, 7573504, 0, -620544, -51200]",ordinary_chain,/Users/futaoran/Desktop/华为杯2026/2026参赛工作区/2026华为杯idea冻结工作区/实验数据/v7_fast_equiv_20260927_0030,0,AI_VERIFIED
29566656,root1:v7_fast_equiv_20260927_0030,0.0,0,0,0.0,0,0,0,0,,0,0,0,A3_base,case_084,37669674,1,12216672,12216672,37669674,627828,3.304069874999186,mps,9927786,2507256,{'0': 2507256},1979969,13236330,3308544,24433344,d7d5396491210df85c8c4cc008bf0f2be205873681e1e694e4f1ffd8bd723f89,6609248,"[2118920, 42802986, 5133312]",2.810109582998848,A,42802986,"[2507256, 37669674, 6609248, 0, 0]",seed,/Users/futaoran/Desktop/华为杯2026/2026参赛工作区/2026华为杯idea冻结工作区/实验数据/v7_fast_equiv_20260927_0030,5133312,AI_VERIFIED
9676800,root1:v7_fast_equiv_20260927_0030,0.0,0,0,0.0,0,0,0,0,,0,0,0,L2_base,case_084,13236330,1,0,0,13236330,220606,3.8843811669994466,mps,9927786,2507256,{'0': 2507256},1371156,13236330,3308544,0,d2cc4ac3dab89e3544e6c283b9ab3cc68eca55db606ce533cd94520820d5afbb,4836448,"[1371156, 22913130, 9676800]",3.299462124999991,B,22913130,"[2507256, 13236330, 4836448, 0, 0]",legacy_seed,/Users/futaoran/Desktop/华为杯2026/2026参赛工作区/2026华为杯idea冻结工作区/实验数据/v7_fast_equiv_20260927_0030,9676800,AI_VERIFIED
0,root1:v7_fast_equiv_20260927_0030,0.0,0,0,0.0,9927786,4308,9927786,4308,,0,0,0,incumbent_aggregate,case_084,13236330,1,0,0,13236330,220606,2.072788124998624,mps,9927786,2507256,{'0': 2507256},2507412,13236330,3308544,0,6d7e072fb61762200589548fae1c4ebf894c95d1e0a0a690fe440d121260af6f,0,"[2507412, 220605.5, 0, 0]",1.8034430839998095,C,13236330,"[2507256, 13236330, 0, 0, 0]",aggregate,/Users/futaoran/Desktop/华为杯2026/2026参赛工作区/2026华为杯idea冻结工作区/实验数据/v7_fast_equiv_20260927_0030,0,AI_VERIFIED
0,root1:v7_fast_equiv_20260927_0030,0.0,0,0,0.0,0,0,0,0,,0,0,0,A2_base,case_084,13236330,2,0,0,13236330,220606,2.170987833998879,mps,9927786,1254792,"{'0': 1252464, '1': 1254792}",1255464,13236330,3308544,0,913101b5ab77a18e42ce1bd88b4d9c49153f70b29f69e1e9c149e5117c38bcdb,0,"[1255204, 13236330, 0]",1.775462833000347,A,13236330,"[1254792, 13236330, 0, 0, 0]",seed,/Users/futaoran/Desktop/华为杯2026/2026参赛工作区/2026华为杯idea冻结工作区/实验数据/v7_fast_equiv_20260927_0030,0,AI_VERIFIED
66158400,root1:v7_fast_equiv_20260927_0030,0.0,0,0,0.0,0,0,0,0,,0,0,0,B3_aggregate,case_084,49691562,2,18227616,18227616,49691562,828193,4.552361165999173,mps,9927786,1285848,"{'0': 1285848, '1': 1221408}",2270775,13236330,3308544,36455232,4f75b6afd39f2a896b360e5428ef5f9c919823981211ada7ac2323b5689c0cdd,5636800,"[1947220, 79394730, 29703168]",4.409392166999169,B,79394730,"[1285848, 49691562, 5636800, 0, 0]",aggregate,/Users/futaoran/Desktop/华为杯2026/2026参赛工作区/2026华为杯idea冻结工作区/实验数据/v7_fast_equiv_20260927_0030,29703168,AI_VERIFIED
0,root1:v7_fast_equiv_20260927_0030,0.0,0,0,0.0,9927786,4308,9927786,4308,,0,0,0,C0_base,case_084,13236330,2,0,0,13236330,220606,3.5743219579999277,mps,9927786,2507256,{'0': 2507256},2507412,13236330,3308544,0,5f2837418b36655ab10920567d96c41fba0f686e49c1980f71869f88852ddd1d,0,"[2507412, 220605.5, 0, 0]",3.119731541000874,C,13236330,"[2507256, 13236330, 0, 0, 0]",seed,/Users/futaoran/Desktop/华为杯2026/2026参赛工作区/2026华为杯idea冻结工作区/实验数据/v7_fast_equiv_20260927_0030,0,AI_VERIFIED
0,root1:v7_fast_equiv_20260927_0030,0.0,0,0,0.0,0,0,0,0,,0,0,0,A2_aggregate,case_084,13236330,3,0,0,13236330,220606,1.7800740000002406,mps,9927786,835752,"{'0': 835752, '1': 835752, '2': 835752}",836533,13236330,3308544,0,368f2f7efc588a785d8b519427b6c516b2f89a8e4cbb45637230c17bdc31a971,0,"[836164, 13236330, 0]",1.6250967500000115,A,13236330,"[835752, 13236330, 0, 0, 0]",aggregate,/Users/futaoran/Desktop/华为杯2026/2026参赛工作区/2026华为杯idea冻结工作区/实验数据/v7_fast_equiv_20260927_0030,0,AI_VERIFIED
69537024,root1:v7_fast_equiv_20260927_0030,0.0,0,0,0.0,0,0,0,0,,0,0,0,B3_aggregate,case_084,57618282,3,22190976,22190976,57618282,960305,4.72709204199964,mps,9927786,960588,"{'0': 960588, '1': 664656, '2': 882012}",1711643,13236330,3308544,44381952,6761b3616df1e80382d05da3380f3838736eece13272cd1b4b56d3d91c3ea633,4261056,"[1361277, 82773354, 25155072]",3.997515625000233,B,82773354,"[960588, 57618282, 4261056, 0, 0]",aggregate,/Users/futaoran/Desktop/华为杯2026/2026参赛工作区/2026华为杯idea冻结工作区/实验数据/v7_fast_equiv_20260927_0030,25155072,AI_VERIFIED
0,root1:v7_fast_equiv_20260927_0030,0.0,0,0,0.0,9927786,4308,9927786,4308,,0,0,0,C0_base,case_084,13236330,3,0,0,13236330,220606,3.2681889579998824,mps,9927786,2507256,{'0': 2507256},2507412,13236330,3308544,0,719af4ca46e63ce3f4e9eb547a8d575cf910b203878221de5f628dad428b23cc,0,"[2507412, 220605.5, 0, 0]",3.2018615409997437,C,13236330,"[2507256, 13236330, 0, 0, 0]",seed,/Users/futaoran/Desktop/华为杯2026/2026参赛工作区/2026华为杯idea冻结工作区/实验数据/v7_fast_equiv_20260927_0030,0,AI_VERIFIED
64896,root1:v7_fast_equiv_20260927_0030,0.0,0,0,0.0,0,0,0,0,,0,0,0,L2_base,case_084,13301226,4,32448,32448,13301226,221688,1.271200916999078,mps,9927786,627408,"{'0': 626112, '1': 627120, '2': 626616, '3': 627408}",2513067,13236330,3308544,64896,ca61680109c29f44229b01684ae30650da726047695c324a4fa475385821cb15,0,"[2513859, 13301226, 0]",1.1018104160011717,A,13301226,"[627408, 13301226, 0, 0, 0]",legacy_seed,/Users/futaoran/Desktop/华为杯2026/2026参赛工作区/2026华为杯idea冻结工作区/实验数据/v7_fast_equiv_20260927_0030,0,AI_VERIFIED
67720704,root1:v7_fast_equiv_20260927_0030,0.0,0,0,0.0,0,0,0,0,,0,0,0,B3_aggregate,case_084,50572458,4,18668064,18668064,50572458,842875,3.854740832999596,mps,9927786,842875,"{'0': 748548, '1': 511296, '2': 476712, '3': 770700}",1840689,13236330,3308544,37336128,93a4f3fcfe380f5a6e2aff06f861b886ee54470689c48dab898a463625cae1b0,8518624,"[1381082, 80957034, 30384576]",3.587494749999678,B,80957034,"[842875, 50572458, 8518624, 0, 0]",aggregate,/Users/futaoran/Desktop/华为杯2026/2026参赛工作区/2026华为杯idea冻结工作区/实验数据/v7_fast_equiv_20260927_0030,30384576,AI_VERIFIED
0,root1:v7_fast_equiv_20260927_0030,0.0,0,0,0.0,9927786,4308,9927786,4308,,0,0,0,C0_base,case_084,13236330,4,0,0,13236330,220606,3.5480367910004134,mps,9927786,2507256,{'0': 2507256},2507412,13236330,3308544,0,be9616e65700b2bb450a77fc60a1047871d77b13ca66117be879b6eff1159448,0,"[2507412, 220605.5, 0, 0]",3.2864407079996454,C,13236330,"[2507256, 13236330, 0, 0, 0]",seed,/Users/futaoran/Desktop/华为杯2026/2026参赛工作区/2026华为杯idea冻结工作区/实验数据/v7_fast_equiv_20260927_0030,0,AI_VERIFIED
74496,root1:v7_fast_equiv_20260927_0030,0.0,0,0,0.0,0,0,0,0,,0,0,0,L2_base,case_084,13310826,5,37248,37248,13310826,221848,1.2116567919983936,mps,9927786,501996,"{'0': 501576, '1': 501996, '2': 501708, '3': 501492, '4': 500484}",2010608,13236330,3308544,74496,6965bead4bb20fe1a2693be8ab2d84555ea426b9dd58d4c1b4118dafc7260cdc,0,"[2010657, 13310826, 0]",1.0198801670012472,A,13310826,"[501996, 13310826, 0, 0, 0]",legacy_seed,/Users/futaoran/Desktop/华为杯2026/2026参赛工作区/2026华为杯idea冻结工作区/实验数据/v7_fast_equiv_20260927_0030,0,AI_VERIFIED
64909056,root1:v7_fast_equiv_20260927_0030,0.0,0,0,0.0,0,0,0,0,,0,0,0,B3_aggregate,case_084,49785834,5,18274752,18274752,49785834,829764,4.219666249999136,mps,9927786,829764,"{'0': 661968, '1': 810780, '2': 707772, '3': 161604, '4': 165132}",1869661,13236330,3308544,36549504,d4494a99577649f492aaed31d9b8438d93bee72af092418f1529cb9f167ad3ed,9150624,"[1405722, 78145386, 28359552]",3.7370603750005102,B,78145386,"[829764, 49785834, 9150624, 0, 0]",aggregate,/Users/futaoran/Desktop/华为杯2026/2026参赛工作区/2026华为杯idea冻结工作区/实验数据/v7_fast_equiv_20260927_0030,28359552,AI_VERIFIED
0,root1:v7_fast_equiv_20260927_0030,0.0,0,0,0.0,9927786,4308,9927786,4308,,0,0,0,C0_base,case_084,13236330,5,0,0,13236330,220606,3.9001470000002882,mps,9927786,2507256,{'0': 2507256},2507412,13236330,3308544,0,e98a167d10cdb6b7db7aea64455c7078e5653a9067f47ed19005a90a43dfccbc,0,"[2507412, 220605.5, 0, 0]",3.7392458340000303,C,13236330,"[2507256, 13236330, 0, 0, 0]",seed,/Users/futaoran/Desktop/华为杯2026/2026参赛工作区/2026华为杯idea冻结工作区/实验数据/v7_fast_equiv_20260927_0030,0,AI_VERIFIED
32256,root1:v7_fast_equiv_20260927_0030,0.0,0,0,0.0,0,0,0,0,,0,0,0,A2_base,case_094,558948,1,0,0,558948,9316,0.06199608399947465,mps,503584,107560,{'0': 107560},95164,526692,55364,32256,0aae628418edb24fb19b9bdd235b01d61ff79e450f2973672dd4f7cdf5661c44,0,"[109506, 558948, 0]",0.05351012500068464,A,558948,"[107560, 558948, 0, 0, 0]",seed,/Users/futaoran/Desktop/华为杯2026/2026参赛工作区/2026华为杯idea冻结工作区/实验数据/v7_fast_equiv_20260927_0030,0,AI_VERIFIED
122880,root1:v7_fast_equiv_20260927_0030,0.0,0,0,0.0,0,0,0,0,,0,0,0,B2_aggregate,case_094,526692,1,0,0,526692,8779,0.08040766599879134,mps,471328,107560,{'0': 107560},91195,526692,55364,0,1e12005c856de3cdc0f051629223eda4b22f5eb46ad0dbb423dc96009b97908d,69636,"[91057, 649572, 122880]",0.048778917000163347,B,649572,"[107560, 526692, 69636, 0, 0]",aggregate,/Users/futaoran/Desktop/华为杯2026/2026参赛工作区/2026华为杯idea冻结工作区/实验数据/v7_fast_equiv_20260927_0030,122880,AI_VERIFIED
122880,root1:v7_fast_equiv_20260927_0030,0.0,16384,0,0.030286897367642708,524576,104,471328,104,,1053184,0,0,incumbent_split_height_g0_p4,case_094,526692,1,0,0,526692,8779,0.07958958299968799,mps,471328,107560,{'0': 107560},87488,526692,55364,0,13b0e4606d706df78bcaa7b0352179fe1d9a67b85dda8c04e79d31b68185c8ed,69636,"[87212, 10553.133333333333, -16384, 122880]",0.06663758300055633,C,649572,"[107560, 526692, 69636, 0, -1053184]",timing,/Users/futaoran/Desktop/华为杯2026/2026参赛工作区/2026华为杯idea冻结工作区/实验数据/v7_fast_equiv_20260927_0030,122880,AI_VERIFIED
2621220,root1:v7_fast_equiv_20260927_0030,0.0,0,0,0.0,0,0,0,0,,0,0,0,L3_base,case_094,3147912,2,1231250,1165202,3147912,52466,0.08270475000063016,mps,696096,53959,"{'0': 53959, '1': 53601}",115015,526692,55364,2621220,8529817dc6acdfabf1ea808d31c1a503718471e11f2443575f6f5a6facf174ef,169472,"[127004, 3147912, 0]",0.07325608300016029,A,3147912,"[53959, 3147912, 169472, 0, 0]",legacy_seed,/Users/futaoran/Desktop/华为杯2026/2026参赛工作区/2026华为杯idea冻结工作区/实验数据/v7_fast_equiv_20260927_0030,0,AI_VERIFIED
106272,root1:v7_fast_equiv_20260927_0030,0.0,0,0,0.0,0,0,0,0,,0,0,0,L1_base,case_094,632964,2,0,0,632964,10550,0.06323570899985498,mps,577600,54056,"{'0': 54056, '1': 53504}",48073,526692,55364,106272,ead28a9088f37e49cbacefafb359d4767c2cd0fa793c328a1a9c2664f97b5be8,0,"[48004, 632964, 0]",0.07022329100072966,B,632964,"[54056, 632964, 0, 0, 0]",legacy_seed,/Users/futaoran/Desktop/华为杯2026/2026参赛工作区/2026华为杯idea冻结工作区/实验数据/v7_fast_equiv_20260927_0030,0,AI_VERIFIED
106272,root1:v7_fast_equiv_20260927_0030,233.47199999999998,106272,3,0.18398891966759004,471328,115,577600,118,,63488,18432,74,incumbent_split_topo_g0_p4,case_094,632964,2,0,0,614532,10243,0.07283483299943327,mps,577600,54056,"{'0': 54056, '1': 53504}",46927,526692,55364,106272,4f9a08c082e5e2a6044591e0dd29d245ee3bf14fe2c41f132f7d18f081772748,0,"[46858, 8778.2, -106272, 0]",0.06913862500005052,C,632964,"[54056, 632964, 0, -18432, -63488]",timing,/Users/futaoran/Desktop/华为杯2026/2026参赛工作区/2026华为杯idea冻结工作区/实验数据/v7_fast_equiv_20260927_0030,0,AI_VERIFIED
212544,root1:v7_fast_equiv_20260927_0030,0.0,0,0,0.0,0,0,0,0,,0,0,0,L1_base,case_094,739236,3,0,0,739236,12321,0.05944154099961452,mps,683872,36007,"{'0': 35609, '1': 35944, '2': 36007}",32222,526692,55364,212544,659d4c84dddea4ca7173fd808c6c6d7a708b190a0593735aa6469082394711c8,0,"[37704, 739236, 0]",0.05324958399978641,A,739236,"[36007, 739236, 0, 0, 0]",legacy_seed,/Users/futaoran/Desktop/华为杯2026/2026参赛工作区/2026华为杯idea冻结工作区/实验数据/v7_fast_equiv_20260927_0030,0,AI_VERIFIED
1772048,root1:v7_fast_equiv_20260927_0030,0.0,0,0,0.0,0,0,0,0,,0,0,0,B3_aggregate,case_094,2200436,3,738184,738184,2200436,36674,0.11390187500001048,mps,668704,38764,"{'0': 31388, '1': 37408, '2': 38764}",57964,526692,55364,1673744,36905098e3b940b22ef8d2f33f7ffd4f395426a8163dd56967514dd6ac510d02,49152,"[51284, 2298740, 98304]",0.10609662500064587,B,2298740,"[38764, 2200436, 49152, 0, 0]",aggregate,/Users/futaoran/Desktop/华为杯2026/2026参赛工作区/2026华为杯idea冻结工作区/实验数据/v7_fast_equiv_20260927_0030,98304,AI_VERIFIED
212544,root1:v7_fast_equiv_20260927_0030,1291.392,194112,20,0.28384259042627863,489760,112,683872,132,,193536,101952,408,incumbent_split_height_g1_p4,case_094,739236,3,0,0,637284,10622,0.055586291000508936,mps,683872,36007,"{'0': 35609, '1': 35944, '2': 36007}",31679,526692,55364,212544,ef357e155254e9a1ed73469150e37780667458425c6f00f08210278600083490,0,"[31459, 8880.6, -206400, 0]",0.0390464170013729,C,739236,"[36007, 739236, 0, -101952, -193536]",timing,/Users/futaoran/Desktop/华为杯2026/2026参赛工作区/2026华为杯idea冻结工作区/实验数据/v7_fast_equiv_20260927_0030,0,AI_VERIFIED
318528,root1:v7_fast_equiv_20260927_0030,0.0,0,0,0.0,0,0,0,0,,0,0,0,L1_base,case_094,845220,4,0,0,845220,14087,0.059859625000171945,mps,789856,27297,"{'0': 26746, '1': 26697, '2': 26820, '3': 27297}",24640,526692,55364,318528,fb634172904d23e64d402b47735038b698e28c6b3b1bf7271c3cf11fc6b178b3,0,"[28711, 845220, 0]",0.04786733299988555,A,845220,"[27297, 845220, 0, 0, 0]",legacy_seed,/Users/futaoran/Desktop/华为杯2026/2026参赛工作区/2026华为杯idea冻结工作区/实验数据/v7_fast_equiv_20260927_0030,0,AI_VERIFIED
1998848,root1:v7_fast_equiv_20260927_0030,0.0,0,0,0.0,0,0,0,0,,0,0,0,B3_aggregate,case_094,2421092,4,810496,810496,2421092,40352,0.1365002499987895,mps,744736,40352,"{'0': 35352, '1': 21736, '2': 32824, '3': 17648}",52388,526692,55364,1894400,57f9aa38b28fcacf55cad277f842405ccb10c418163f1915a5e2c82b69921d3a,51200,"[46978, 2525540, 104448]",0.09506037500068487,B,2525540,"[40352, 2421092, 51200, 0, 0]",aggregate,/Users/futaoran/Desktop/华为杯2026/2026参赛工作区/2026华为杯idea冻结工作区/实验数据/v7_fast_equiv_20260927_0030,104448,AI_VERIFIED
318816,root1:v7_fast_equiv_20260927_0030,905.92,300384,16,0.3801636157459906,489760,130,790144,146,,0,71520,287,C1_base,case_094,845508,4,0,0,773988,12900,0.06943049999972573,mps,790144,33938,"{'0': 33938, '1': 31156, '2': 20990, '3': 21476}",31381,526692,55364,318816,752a560904aba337530a55153450b7b0d597f20b083cbc2fed6ec9f09bdc81d6,0,"[31174, 9085.4, -300384, 0]",0.08723437499975262,C,845508,"[33938, 845508, 0, -71520, 0]",seed,/Users/futaoran/Desktop/华为杯2026/2026参赛工作区/2026华为杯idea冻结工作区/实验数据/v7_fast_equiv_20260927_0030,0,AI_VERIFIED
424800,root1:v7_fast_equiv_20260927_0030,0.0,0,0,0.0,0,0,0,0,,0,0,0,L1_base,case_094,951492,5,0,0,951492,15859,0.06644737500027986,mps,896128,21871,"{'0': 21871, '1': 21148, '2': 21181, '3': 21489, '4': 21871}",21573,526692,55364,424800,4bc980487e250a259ae13580490c5f83968813adad6797aa6fbd47407b491b58,0,"[23705, 951492, 0]",0.04531695799960289,A,951492,"[21871, 951492, 0, 0, 0]",legacy_seed,/Users/futaoran/Desktop/华为杯2026/2026参赛工作区/2026华为杯idea冻结工作区/实验数据/v7_fast_equiv_20260927_0030,0,AI_VERIFIED
1853696,root1:v7_fast_equiv_20260927_0030,0.0,0,0,0.0,0,0,0,0,,0,0,0,B3_aggregate,case_094,2301540,5,749056,749056,2301540,38359,0.1224711250015389,mps,748064,38359,"{'0': 11856, '1': 16400, '2': 28860, '3': 34980, '4': 15464}",52128,526692,55364,1774848,9f52107f2f902eeb9b4223681a716862e75e553a37b08101115df15f24097700,55296,"[44060, 2380388, 78848]",0.09665766700163658,B,2380388,"[38359, 2301540, 55296, 0, 0]",aggregate,/Users/futaoran/Desktop/华为杯2026/2026参赛工作区/2026华为杯idea冻结工作区/实验数据/v7_fast_equiv_20260927_0030,78848,AI_VERIFIED
259200,root1:v7_fast_equiv_20260927_0030,1824.0,208512,31,0.2854264312935302,522016,120,730528,151,,0,144000,576,C1_base,case_094,785892,5,0,0,641892,10699,0.04836458399950061,mps,730528,27153,"{'0': 27153, '1': 26074, '2': 16433, '3': 19683, '4': 18217}",25656,526692,55364,259200,863efa8e21e51494407e2089dcc6796b45ff40bc00c60f5108aa8dfe396b7ff3,0,"[25380, 9623.0, -208512, 0]",0.062091417001283844,C,785892,"[27153, 785892, 0, -144000, 0]",seed,/Users/futaoran/Desktop/华为杯2026/2026参赛工作区/2026华为杯idea冻结工作区/实验数据/v7_fast_equiv_20260927_0030,0,AI_VERIFIED
8192,root1:v7_fast_equiv_20260927_0030,0.0,0,0,0.0,0,0,0,0,,0,0,0,A2_base,case_013,2535424,1,0,0,2535424,42258,0.37923995799974364,mps,2031616,307008,{'0': 307008},264286,2527232,503808,8192,5d9cc6fe7d76fd6d76b9c6f346161df136ade2fb64d7049ec4090f17ccc32b8d,0,"[302978, 2535424, 0]",0.2856582080003136,A,2535424,"[307008, 2535424, 0, 0, 0]",seed,/Users/futaoran/Desktop/华为杯2026/2026参赛工作区/2026华为杯idea冻结工作区/实验数据/v7_fast_equiv_20260927_0030,0,AI_VERIFIED
1796096,root1:v7_fast_equiv_20260927_0030,0.0,0,0,0.0,0,0,0,0,,0,0,0,B2_base,case_013,2527232,1,0,0,2527232,42121,0.5144428340008744,mps,2023424,307008,{'0': 307008},319530,2527232,503808,0,825c7749dec26d6dadbe3d9213dba77a6ce385c1dc062d4d1f45baa7ae0cc396,901120,"[304200, 4323328, 1796096]",0.46508758300115005,B,4323328,"[307008, 2527232, 901120, 0, 0]",seed,/Users/futaoran/Desktop/华为杯2026/2026参赛工作区/2026华为杯idea冻结工作区/实验数据/v7_fast_equiv_20260927_0030,1796096,AI_VERIFIED
0,root1:v7_fast_equiv_20260927_0030,0.0,0,0,0.0,2023424,988,2023424,988,,0,0,0,incumbent_base,case_013,2527232,1,0,0,2527232,42121,0.45592204199965636,mps,2023424,307008,{'0': 307008},263949,2527232,503808,0,b43a2d879758c1855d0c5d1f91e4d37cbfb200f27ed7c8d01111594cf43b0ffe,0,"[263949, 42120.53333333333, 0, 0]",0.45570224999937636,C,2527232,"[307008, 2527232, 0, 0, 0]",incumbent,/Users/futaoran/Desktop/华为杯2026/2026参赛工作区/2026华为杯idea冻结工作区/实验数据/v7_fast_equiv_20260927_0030,0,AI_VERIFIED
24576,root1:v7_fast_equiv_20260927_0030,0.0,0,0,0.0,0,0,0,0,,0,0,0,A2_base,case_013,2551808,2,0,0,2551808,42531,0.3022145830000227,mps,2048000,154752,"{'0': 152256, '1': 154752}",133677,2527232,503808,24576,952b9d192c0fa98d7cbee59a57f09d8a49ae265b8e5fb8a4e219312910a7b6d7,0,"[152918, 2551808, 0]",0.2643820000012056,A,2551808,"[154752, 2551808, 0, 0, 0]",seed,/Users/futaoran/Desktop/华为杯2026/2026参赛工作区/2026华为杯idea冻结工作区/实验数据/v7_fast_equiv_20260927_0030,0,AI_VERIFIED
4055040,root1:v7_fast_equiv_20260927_0030,0.0,0,0,0.0,0,0,0,0,,0,0,0,L3_base,case_013,6582272,2,2023424,2023424,6582272,109705,0.5802787909997278,mps,2031616,153504,"{'0': 153504, '1': 153504}",193156,2527232,503808,4055040,092a4ab5ae9df397aeeefe55d4aad9af7be341f796f0c3d88c2350bbd1d94d8c,204800,"[163500, 6582272, 0]",0.5398761669985106,B,6582272,"[153504, 6582272, 204800, 0, 0]",legacy_seed,/Users/futaoran/Desktop/华为杯2026/2026参赛工作区/2026华为杯idea冻结工作区/实验数据/v7_fast_equiv_20260927_0030,0,AI_VERIFIED
0,root1:v7_fast_equiv_20260927_0030,0.0,0,0,0.0,2023424,988,2023424,988,,0,0,0,C0_base,case_013,2527232,2,0,0,2527232,42121,0.49696104200120317,mps,2023424,307008,{'0': 307008},263949,2527232,503808,0,41619938b9b8c67bf5745dd732a4ac2ff2ddc57829f9c0d8a8fe9c4f8dc751e6,0,"[263949, 42120.53333333333, 0, 0]",0.43656158299927483,C,2527232,"[307008, 2527232, 0, 0, 0]",seed,/Users/futaoran/Desktop/华为杯2026/2026参赛工作区/2026华为杯idea冻结工作区/实验数据/v7_fast_equiv_20260927_0030,0,AI_VERIFIED
40960,root1:v7_fast_equiv_20260927_0030,0.0,0,0,0.0,0,0,0,0,,0,0,0,A2_base,case_013,2568192,3,0,0,2568192,42804,0.3474123329997383,mps,2064384,102336,"{'0': 102336, '1': 102336, '2': 102336}",88898,2527232,503808,40960,2eaa444c17e104d989df65c0cfa281ed73ebe501078351897db0d5aca0aca101,0,"[101258, 2568192, 0]",0.26005412499944214,A,2568192,"[102336, 2568192, 0, 0, 0]",seed,/Users/futaoran/Desktop/华为杯2026/2026参赛工作区/2026华为杯idea冻结工作区/实验数据/v7_fast_equiv_20260927_0030,0,AI_VERIFIED
2633728,root1:v7_fast_equiv_20260927_0030,0.0,0,0,0.0,0,0,0,0,,0,0,0,B2_base,case_013,5160960,3,1308672,1308672,5160960,86016,0.5195747910001955,mps,2039808,135756,"{'0': 84688, '1': 86564, '2': 135756}",125120,2527232,503808,2633728,15cb137a4dec9418300c9ac78b222feba8cbaa9089dde0deb4bf4a5945b06149,0,"[124980, 5160960, 0]",0.45976537500064296,B,5160960,"[135756, 5160960, 0, 0, 0]",seed,/Users/futaoran/Desktop/华为杯2026/2026参赛工作区/2026华为杯idea冻结工作区/实验数据/v7_fast_equiv_20260927_0030,0,AI_VERIFIED
8192,root1:v7_fast_equiv_20260927_0030,0.0,0,0,0.0,2031616,992,2031616,992,,0,0,0,lower_core_base,case_013,2535424,3,0,0,2535424,42258,0.37942691700118303,mps,2031616,153504,"{'0': 153504, '1': 153504}",132198,2527232,503808,8192,a16533e4352547f7954953802e88a4d30066dfc6688109ba8eacb7b631221424,0,"[132093, 42257.066666666666, 0, 0]",0.4123509999990347,C,2535424,"[153504, 2535424, 0, 0, 0]",lower_core,/Users/futaoran/Desktop/华为杯2026/2026参赛工作区/2026华为杯idea冻结工作区/实验数据/v7_fast_equiv_20260927_0030,0,AI_VERIFIED
57344,root1:v7_fast_equiv_20260927_0030,0.0,0,0,0.0,0,0,0,0,,0,0,0,A2_base,case_013,2584576,4,0,0,2584576,43077,0.35074079200057895,mps,2080768,77376,"{'0': 76128, '1': 77376, '2': 76128, '3': 77376}",67670,2527232,503808,57344,999817f2004fd84dfb2d358d02ccb6dfb3b39f49acfe8e4000083c96c2d9b623,0,"[76658, 2584576, 0]",0.2622267919996375,A,2584576,"[77376, 2584576, 0, 0, 0]",seed,/Users/futaoran/Desktop/华为杯2026/2026参赛工作区/2026华为杯idea冻结工作区/实验数据/v7_fast_equiv_20260927_0030,0,AI_VERIFIED
2998272,root1:v7_fast_equiv_20260927_0030,0.0,0,0,0.0,0,0,0,0,,0,0,0,B2_base,case_013,5525504,4,1486848,1486848,5525504,92092,0.5567203749997134,mps,2048000,112440,"{'0': 63516, '1': 64320, '2': 66732, '3': 112440}",120289,2527232,503808,2998272,0304a6c246440d7aff4bf78edcdc6955fca14c628725249e726c85f11a614640,0,"[119806, 5525504, 0]",0.43729275000077905,B,5525504,"[112440, 5525504, 0, 0, 0]",seed,/Users/futaoran/Desktop/华为杯2026/2026参赛工作区/2026华为杯idea冻结工作区/实验数据/v7_fast_equiv_20260927_0030,0,AI_VERIFIED
16384,root1:v7_fast_equiv_20260927_0030,0.0,0,0,0.0,2039808,996,2039808,996,,0,0,0,lower_core_base,case_013,2543616,4,0,0,2543616,42394,0.4428356669995992,mps,2039808,102336,"{'0': 102336, '1': 102336, '2': 102336}",88351,2527232,503808,16384,ba95df86d24e6b1e57655b89158dea949b285ce0f9637df8eb6d520ce8531e6b,0,"[88141, 42393.6, 0, 0]",0.37359183300031873,C,2543616,"[102336, 2543616, 0, 0, 0]",lower_core,/Users/futaoran/Desktop/华为杯2026/2026参赛工作区/2026华为杯idea冻结工作区/实验数据/v7_fast_equiv_20260927_0030,0,AI_VERIFIED
73728,root1:v7_fast_equiv_20260927_0030,0.0,0,0,0.0,0,0,0,0,,0,0,0,A2_base,case_013,2600960,5,0,0,2600960,43350,0.3295078339997417,mps,2097152,62400,"{'0': 61152, '1': 61152, '2': 61152, '3': 62400, '4': 61152}",55486,2527232,503808,73728,dbf142f4f5d038ef973a7ed6e49f8e0793e07ee4638fa3251e14056ff5ec06d9,0,"[61898, 2600960, 0]",0.27189720800015493,A,2600960,"[62400, 2600960, 0, 0, 0]",seed,/Users/futaoran/Desktop/华为杯2026/2026参赛工作区/2026华为杯idea冻结工作区/实验数据/v7_fast_equiv_20260927_0030,0,AI_VERIFIED
49152,root1:v7_fast_equiv_20260927_0030,0.0,0,0,0.0,0,0,0,0,,0,0,0,r4_boundary_n12_c4_p0,case_013,2576384,5,8192,8192,2576384,42940,0.44306137499916076,mps,2056192,61420,"{'3': 61420, '2': 61420, '1': 61420, '4': 61420, '0': 61328}",54349,2527232,503808,49152,7f7d201997daa1ea9a5ca76cca4e2990d9b4456a26c4b58ba45edddeb98af8a5,0,"[53708, 2576384, 0]",0.3212063750015659,B,2576384,"[61420, 2576384, 0, 0, 0]",ordinary_chain,/Users/futaoran/Desktop/华为杯2026/2026参赛工作区/2026华为杯idea冻结工作区/实验数据/v7_fast_equiv_20260927_0030,0,AI_VERIFIED
49152,root1:v7_fast_equiv_20260927_0030,415.0613333333333,30720,16,0.01488095238095238,2033664,992,2064384,1008,,8192,32768,132,r2_order_release_core_3,case_013,2576384,5,8192,8192,2543616,42394,0.5693109579988231,mps,2056192,61420,"{'3': 61420, '2': 61420, '1': 61420, '4': 61420, '0': 61328}",53418,2527232,503808,49152,47a706babf8e2694bdc76785cd4060efb472bdcb4f6cc07e08808b1ea2655797,0,"[53033, 42427.73333333333, -30720, 0]",0.4086543330013228,C,2576384,"[61420, 2576384, 0, -32768, -8192]",ordinary_chain,/Users/futaoran/Desktop/华为杯2026/2026参赛工作区/2026华为杯idea冻结工作区/实验数据/v7_fast_equiv_20260927_0030,0,AI_VERIFIED
49184,root1:v7_fast_equiv_20260927_0030,0.0,0,0,0.0,0,0,0,0,,0,0,0,A2_base,case_026,578038,1,16,16,578038,9634,0.10223262500039709,mps,538038,111760,{'0': 111760},97011,528854,39968,49184,67e55adb1342b0b85e59e0a514e5305d94928a025a8cc59a19f701e5e924be21,0,"[115490, 578038, 0]",0.1016314999997121,A,578038,"[111760, 578038, 0, 0, 0]",seed,/Users/futaoran/Desktop/华为杯2026/2026参赛工作区/2026华为杯idea冻结工作区/实验数据/v7_fast_equiv_20260927_0030,0,AI_VERIFIED
942080,root1:v7_fast_equiv_20260927_0030,0.0,0,0,0.0,0,0,0,0,,0,0,0,B2_base,case_026,528854,1,0,0,528854,8815,0.13194037500034028,mps,488886,111760,{'0': 111760},95759,528854,39968,0,9036c67ddfe5608bd5e784895cff92fa22312c38a04796154b684dee0d4f820c,368654,"[94513, 1470934, 942080]",0.12684479100062163,B,1470934,"[111760, 528854, 368654, 0, 0]",seed,/Users/futaoran/Desktop/华为杯2026/2026参赛工作区/2026华为杯idea冻结工作区/实验数据/v7_fast_equiv_20260927_0030,942080,AI_VERIFIED
1064960,root1:v7_fast_equiv_20260927_0030,0.0,114688,0,0.10631958543074599,964022,102,488886,102,,3406848,0,0,incumbent_split_release_g3_p4,case_026,528854,1,0,0,528854,8815,0.11563141599981464,mps,488886,111760,{'0': 111760},88492,528854,39968,0,ca4dc9fc1928000314291074e0b335acaa6c4b3c3529df84273c01f9a7f65557,368654,"[87601, 24652.1, -114688, 1064960]",0.1296243750002759,C,1593814,"[111760, 528854, 368654, 0, -3406848]",timing,/Users/futaoran/Desktop/华为杯2026/2026参赛工作区/2026华为杯idea冻结工作区/实验数据/v7_fast_equiv_20260927_0030,1064960,AI_VERIFIED
21936,root1:v7_fast_equiv_20260927_0030,0.0,0,0,0.0,0,0,0,0,,0,0,0,L1_base,case_026,550790,2,0,0,550790,9180,0.11701620799976808,mps,510822,56044,"{'0': 55716, '1': 56044}",55057,528854,39968,21936,fed5b876622a3fe2cf32eb3e890a3404536636230ab65a12d93e341ead3d76d1,0,"[57805, 550790, 0]",0.08200933300031465,A,550790,"[56044, 550790, 0, 0, 0]",legacy_seed,/Users/futaoran/Desktop/华为杯2026/2026参赛工作区/2026华为杯idea冻结工作区/实验数据/v7_fast_equiv_20260927_0030,0,AI_VERIFIED
21936,root1:v7_fast_equiv_20260927_0030,0.0,0,0,0.0,0,0,0,0,,0,0,0,L1_base,case_026,550790,2,0,0,550790,9180,0.08810270899994066,mps,510822,56044,"{'0': 55716, '1': 56044}",55057,528854,39968,21936,fed5b876622a3fe2cf32eb3e890a3404536636230ab65a12d93e341ead3d76d1,0,"[54783, 550790, 0]",0.09433395900123287,B,550790,"[56044, 550790, 0, 0, 0]",legacy_seed,/Users/futaoran/Desktop/华为杯2026/2026参赛工作区/2026华为杯idea冻结工作区/实验数据/v7_fast_equiv_20260927_0030,0,AI_VERIFIED
21936,root1:v7_fast_equiv_20260927_0030,257.792,21936,7,0.04294255141712769,488886,104,510822,111,,655362,20352,82,incumbent_split_topo_g0_p4,case_026,550790,2,0,0,530438,8841,0.11338375000013912,mps,510822,56044,"{'0': 55716, '1': 56044}",51429,528854,39968,21936,80c23f1f7f09fb20fc474f9e3b159f5623781aa260dbc67780ed38428244ee32,0,"[51155, 8814.233333333334, -21936, 0]",0.0928293750002922,C,550790,"[56044, 550790, 0, -20352, -655362]",timing,/Users/futaoran/Desktop/华为杯2026/2026参赛工作区/2026华为杯idea冻结工作区/实验数据/v7_fast_equiv_20260927_0030,0,AI_VERIFIED
95664,root1:v7_fast_equiv_20260927_0030,0.0,0,0,0.0,0,0,0,0,,0,0,0,L1_base,case_026,624518,3,0,0,624518,10409,0.07157945800099696,mps,584550,40824,"{'0': 40824, '1': 35530, '2': 35406}",41665,528854,39968,95664,4c283aea1cdc7ebc18f24f5842f26f5db65b7408b6c73e123d28f3f5605b954f,0,"[42173, 624518, 0]",0.0676435829991533,A,624518,"[40824, 624518, 0, 0, 0]",legacy_seed,/Users/futaoran/Desktop/华为杯2026/2026参赛工作区/2026华为杯idea冻结工作区/实验数据/v7_fast_equiv_20260927_0030,0,AI_VERIFIED
95664,root1:v7_fast_equiv_20260927_0030,0.0,0,0,0.0,0,0,0,0,,0,0,0,L1_base,case_026,624518,3,0,0,624518,10409,0.09040870900025766,mps,584550,40824,"{'0': 40824, '1': 35530, '2': 35406}",41665,528854,39968,95664,4c283aea1cdc7ebc18f24f5842f26f5db65b7408b6c73e123d28f3f5605b954f,0,"[41099, 624518, 0]",0.08492566699896997,B,624518,"[40824, 624518, 0, 0, 0]",legacy_seed,/Users/futaoran/Desktop/华为杯2026/2026参赛工作区/2026华为杯idea冻结工作区/实验数据/v7_fast_equiv_20260927_0030,0,AI_VERIFIED
21936,root1:v7_fast_equiv_20260927_0030,257.792,21936,7,0.04294255141712769,488886,104,510822,111,,655362,20352,82,lower_core_base,case_026,550790,3,0,0,530438,8841,0.11195566599963058,mps,510822,56044,"{'0': 55716, '1': 56044}",51429,528854,39968,21936,337c7d8a540b0cf382f332ba1505a74d3fa5b42cf142d375ac0fc37def4231ef,0,"[51155, 8814.233333333334, -21936, 0]",0.08509341699937067,C,550790,"[56044, 550790, 0, -20352, -655362]",lower_core,/Users/futaoran/Desktop/华为杯2026/2026参赛工作区/2026华为杯idea冻结工作区/实验数据/v7_fast_equiv_20260927_0030,0,AI_VERIFIED
191328,root1:v7_fast_equiv_20260927_0030,0.0,0,0,0.0,0,0,0,0,,0,0,0,L1_base,case_026,720182,4,0,0,720182,12004,0.11363762499968288,mps,680214,40824,"{'0': 40824, '1': 23716, '2': 23582, '3': 23638}",42208,528854,39968,191328,90f1f60d37629dc835b7e9dce3f1e3091dc4cbe631ebbf19ec26eb6664aff85d,0,"[42173, 720182, 0]",0.10571395900115022,A,720182,"[40824, 720182, 0, 0, 0]",legacy_seed,/Users/futaoran/Desktop/华为杯2026/2026参赛工作区/2026华为杯idea冻结工作区/实验数据/v7_fast_equiv_20260927_0030,0,AI_VERIFIED
191328,root1:v7_fast_equiv_20260927_0030,0.0,0,0,0.0,0,0,0,0,,0,0,0,L1_base,case_026,720182,4,0,0,720182,12004,0.10707958300008613,mps,680214,40824,"{'0': 40824, '1': 23716, '2': 23582, '3': 23638}",42208,528854,39968,191328,90f1f60d37629dc835b7e9dce3f1e3091dc4cbe631ebbf19ec26eb6664aff85d,0,"[41099, 720182, 0]",0.05427433399927395,B,720182,"[40824, 720182, 0, 0, 0]",legacy_seed,/Users/futaoran/Desktop/华为杯2026/2026参赛工作区/2026华为杯idea冻结工作区/实验数据/v7_fast_equiv_20260927_0030,0,AI_VERIFIED
288,root1:v7_fast_equiv_20260927_0030,3.6479999999999997,288,1,0.0005887475622171252,488886,102,489174,103,,0,288,2,C1_base,case_026,529142,4,0,0,528854,8815,0.14408287500009465,mps,489174,70548,"{'0': 40824, '1': 70548, '2': 388}",58145,528854,39968,288,3c6455b43b8009671df67974bc6b04f7cc74186d1292ccab18e62483018266be,0,"[58079, 8814.233333333334, -288, 0]",0.11936833399886382,C,529142,"[70548, 529142, 0, -288, 0]",seed,/Users/futaoran/Desktop/华为杯2026/2026参赛工作区/2026华为杯idea冻结工作区/实验数据/v7_fast_equiv_20260927_0030,0,AI_VERIFIED
211680,root1:v7_fast_equiv_20260927_0030,0.0,0,0,0.0,0,0,0,0,,0,0,0,L1_base,case_026,740534,5,0,0,740534,12343,0.13457712499985064,mps,700566,40824,"{'0': 40824, '1': 17483, '2': 17859, '3': 17736, '4': 17858}",45246,528854,39968,211680,321a3f9d479c5637cc231c553e013395d6bbd3e2e345ed737317f520212d7cea,0,"[42173, 740534, 0]",0.10810045800099033,A,740534,"[40824, 740534, 0, 0, 0]",legacy_seed,/Users/futaoran/Desktop/华为杯2026/2026参赛工作区/2026华为杯idea冻结工作区/实验数据/v7_fast_equiv_20260927_0030,0,AI_VERIFIED
211680,root1:v7_fast_equiv_20260927_0030,0.0,0,0,0.0,0,0,0,0,,0,0,0,L1_base,case_026,740534,5,0,0,740534,12343,0.15438845800053969,mps,700566,40824,"{'0': 40824, '1': 17483, '2': 17859, '3': 17736, '4': 17858}",45246,528854,39968,211680,321a3f9d479c5637cc231c553e013395d6bbd3e2e345ed737317f520212d7cea,0,"[41099, 740534, 0]",0.11479979199975787,B,740534,"[40824, 740534, 0, 0, 0]",legacy_seed,/Users/futaoran/Desktop/华为杯2026/2026参赛工作区/2026华为杯idea冻结工作区/实验数据/v7_fast_equiv_20260927_0030,0,AI_VERIFIED
288,root1:v7_fast_equiv_20260927_0030,3.6479999999999997,288,1,0.0005887475622171252,488886,102,489174,103,,0,288,2,C1_base,case_026,529142,5,0,0,528854,8815,0.12695287499991537,mps,489174,70548,"{'0': 40824, '1': 70548, '2': 388}",58145,528854,39968,288,8183cc29b396205cbfe4063d051d8ede0d7145e8cc0d34189a8fbd76193b0ee9,0,"[58079, 8814.233333333334, -288, 0]",0.13408625000010943,C,529142,"[70548, 529142, 0, -288, 0]",seed,/Users/futaoran/Desktop/华为杯2026/2026参赛工作区/2026华为杯idea冻结工作区/实验数据/v7_fast_equiv_20260927_0030,0,AI_VERIFIED
390672,root1:v7_fast_equiv_20260927_0030,0.0,0,0,0.0,0,0,0,0,,0,0,0,A2_base,case_034,2280386,1,0,0,2280386,38007,0.8388375829999859,mps,2279984,944116,{'0': 944116},839876,2280386,402,0,45290c484c749956a69596edbe13c8fd6c8ec3c1495c77beaa0d996e9fc4bdc0,336902,"[914253, 2671058, 390672]",0.6696339579993946,A,2671058,"[944116, 2280386, 336902, 0, 0]",seed,/Users/futaoran/Desktop/华为杯2026/2026参赛工作区/2026华为杯idea冻结工作区/实验数据/v7_fast_equiv_20260927_0030,390672,AI_VERIFIED
10060800,root1:v7_fast_equiv_20260927_0030,0.0,0,0,0.0,0,0,0,0,,0,0,0,B3_base,case_034,2280386,1,0,0,2280386,38007,1.49857320800038,mps,2279984,944116,{'0': 944116},857655,2280386,402,0,4165dd4fe3a733485ffe58a8c5d3441a93ebb66aabd8b66b4072ed2063a8096b,4539474,"[850612, 12341186, 10060800]",1.4479852499989647,B,12341186,"[944116, 2280386, 4539474, 0, 0]",seed,/Users/futaoran/Desktop/华为杯2026/2026参赛工作区/2026华为杯idea冻结工作区/实验数据/v7_fast_equiv_20260927_0030,10060800,AI_VERIFIED
746624,root1:v7_fast_equiv_20260927_0030,0.0,599040,0,0.2028707511744721,2353776,599,2279984,599,,498688,0,0,incumbent_split_topo_g0_p4,case_034,2280386,1,0,0,2280386,38007,0.7417157090003457,mps,2279984,944116,{'0': 944116},841851,2280386,402,0,b141d5bf57426d88e435b34e92b2e10a97db720af33974a1668bca600813f950,336992,"[841851, 40466.166666666664, -599040, 746624]",0.7058854580009211,C,3027010,"[944116, 2280386, 336992, 0, -498688]",timing,/Users/futaoran/Desktop/华为杯2026/2026参赛工作区/2026华为杯idea冻结工作区/实验数据/v7_fast_equiv_20260927_0030,746624,AI_VERIFIED
1984000,root1:v7_fast_equiv_20260927_0030,0.0,0,0,0.0,0,0,0,0,,0,0,0,L1_base,case_034,3518914,2,0,0,3518914,58649,0.8047039579996635,mps,3518512,472065,"{'0': 472065, '1': 472051}",421427,2280386,402,1238528,9ee367fca1b87d398094d250fabf9c3971a6ef7ebfb868d097bc514f48f9e4d0,254054,"[467053, 4264386, 745472]",0.7121269580002263,A,4264386,"[472065, 3518914, 254054, 0, 0]",legacy_seed,/Users/futaoran/Desktop/华为杯2026/2026参赛工作区/2026华为杯idea冻结工作区/实验数据/v7_fast_equiv_20260927_0030,745472,AI_VERIFIED
1984000,root1:v7_fast_equiv_20260927_0030,0.0,0,0,0.0,0,0,0,0,,0,0,0,L1_base,case_034,3518914,2,0,0,3518914,58649,0.7148390410002321,mps,3518512,472065,"{'0': 472065, '1': 472051}",421427,2280386,402,1238528,9ee367fca1b87d398094d250fabf9c3971a6ef7ebfb868d097bc514f48f9e4d0,254054,"[421399, 4264386, 745472]",0.7211075000013807,B,4264386,"[472065, 3518914, 254054, 0, 0]",legacy_seed,/Users/futaoran/Desktop/华为杯2026/2026参赛工作区/2026华为杯idea冻结工作区/实验数据/v7_fast_equiv_20260927_0030,745472,AI_VERIFIED
746624,root1:v7_fast_equiv_20260927_0030,0.0,599040,0,0.2028707511744721,2353776,599,2279984,599,,498688,0,0,lower_core_base,case_034,2280386,2,0,0,2280386,38007,0.6132182920009654,mps,2279984,944116,{'0': 944116},841851,2280386,402,0,350ca9097350b9280d64c1f76705045f2e428ad927dbdb4c478ebc72e4df4b84,336992,"[841851, 40466.166666666664, -599040, 746624]",0.6512298329998885,C,3027010,"[944116, 2280386, 336992, 0, -498688]",lower_core,/Users/futaoran/Desktop/华为杯2026/2026参赛工作区/2026华为杯idea冻结工作区/实验数据/v7_fast_equiv_20260927_0030,746624,AI_VERIFIED
2830336,root1:v7_fast_equiv_20260927_0030,0.0,0,0,0.0,0,0,0,0,,0,0,0,L1_base,case_034,4702146,3,0,0,4702146,78370,0.6390932499998598,mps,4701744,314803,"{'0': 314662, '1': 314651, '2': 314803}",276994,2280386,402,2421760,f5fe35ec87268a07c2e8961d87fc1f96d9eb0e4c24b0bc2ee969028a40e3d455,196682,"[315033, 5110722, 408576]",0.499194833000729,A,5110722,"[314803, 4702146, 196682, 0, 0]",legacy_seed,/Users/futaoran/Desktop/华为杯2026/2026参赛工作区/2026华为杯idea冻结工作区/实验数据/v7_fast_equiv_20260927_0030,408576,AI_VERIFIED
2830336,root1:v7_fast_equiv_20260927_0030,0.0,0,0,0.0,0,0,0,0,,0,0,0,L1_base,case_034,4702146,3,0,0,4702146,78370,0.6183739170010085,mps,4701744,314803,"{'0': 314662, '1': 314651, '2': 314803}",276994,2280386,402,2421760,f5fe35ec87268a07c2e8961d87fc1f96d9eb0e4c24b0bc2ee969028a40e3d455,196682,"[276153, 5110722, 408576]",0.6144659159999719,B,5110722,"[314803, 4702146, 196682, 0, 0]",legacy_seed,/Users/futaoran/Desktop/华为杯2026/2026参赛工作区/2026华为杯idea冻结工作区/实验数据/v7_fast_equiv_20260927_0030,408576,AI_VERIFIED
2830336,root1:v7_fast_equiv_20260927_0030,21648.042666666664,2798080,516,0.5475351837066955,2312240,821,4701744,1337,,0,1709056,6837,event_timing_tid_7797_miss_2_bytes_9216_front,case_034,4702146,3,0,0,2993090,49885,0.7603544170015084,mps,4701744,314803,"{'0': 314662, '1': 314651, '2': 314803}",276560,2280386,402,2421760,19f3d954ffb43cca42e1ec5b872aeafa33af80a9ffa07c4e527b3bf7132ba107,196682,"[275967, 38544.03333333333, -2798080, 408576]",0.7136963749999268,C,5110722,"[314803, 4702146, 196682, -1709056, 0]",event_timing,/Users/futaoran/Desktop/华为杯2026/2026参赛工作区/2026华为杯idea冻结工作区/实验数据/v7_fast_equiv_20260927_0030,408576,AI_VERIFIED
2978304,root1:v7_fast_equiv_20260927_0030,0.0,0,0,0.0,0,0,0,0,,0,0,0,L1_base,case_034,5168578,4,0,0,5168578,86143,0.7065236250000453,mps,5168176,236046,"{'0': 236002, '1': 236022, '2': 236046, '3': 236046}",212170,2280386,402,2888192,f130f168f5eef84aa5cce67850fe5e2a314524a563fb3e6ec963faea58dba143,139328,"[237370, 5258690, 90112]",0.5754317079990869,A,5258690,"[236046, 5168578, 139328, 0, 0]",legacy_seed,/Users/futaoran/Desktop/华为杯2026/2026参赛工作区/2026华为杯idea冻结工作区/实验数据/v7_fast_equiv_20260927_0030,90112,AI_VERIFIED
2978304,root1:v7_fast_equiv_20260927_0030,0.0,0,0,0.0,0,0,0,0,,0,0,0,L1_base,case_034,5168578,4,0,0,5168578,86143,0.8831619169995975,mps,5168176,236046,"{'0': 236002, '1': 236022, '2': 236046, '3': 236046}",212170,2280386,402,2888192,f130f168f5eef84aa5cce67850fe5e2a314524a563fb3e6ec963faea58dba143,139328,"[211684, 5258690, 90112]",0.7868655829988711,B,5258690,"[236046, 5168578, 139328, 0, 0]",legacy_seed,/Users/futaoran/Desktop/华为杯2026/2026参赛工作区/2026华为杯idea冻结工作区/实验数据/v7_fast_equiv_20260927_0030,90112,AI_VERIFIED
2978304,root1:v7_fast_equiv_20260927_0030,27595.093333333334,2751488,665,0.5232668883864863,2506800,816,5168176,1481,,0,2178560,8715,event_timing_tid_7797_miss_2_bytes_9216_front,case_034,5168578,4,0,0,2990018,49834,0.9398472499997297,mps,5168176,236046,"{'0': 236002, '1': 236022, '2': 236046, '3': 236046}",212170,2280386,402,2888192,fcf19b251f011f8d149753db447bea1ff04d6151d253f9231bb9a3d66ead6f04,139328,"[211684, 43476.3, -2650112, 90112]",0.8367516250000335,C,5258690,"[236046, 5168578, 139328, -2178560, 0]",event_timing,/Users/futaoran/Desktop/华为杯2026/2026参赛工作区/2026华为杯idea冻结工作区/实验数据/v7_fast_equiv_20260927_0030,90112,AI_VERIFIED
3621888,root1:v7_fast_equiv_20260927_0030,0.0,0,0,0.0,0,0,0,0,,0,0,0,L1_base,case_034,5853122,5,0,0,5853122,97553,0.7817011250008363,mps,5852720,188994,"{'0': 188791, '1': 188857, '2': 188994, '3': 188994, '4': 188480}",170371,2280386,402,3572736,95bd6879599a959d1893ff25e0456c3fba593d93725b5812abbc84869cab62b6,122952,"[191725, 5902274, 49152]",0.7276775420014019,A,5902274,"[188994, 5853122, 122952, 0, 0]",legacy_seed,/Users/futaoran/Desktop/华为杯2026/2026参赛工作区/2026华为杯idea冻结工作区/实验数据/v7_fast_equiv_20260927_0030,49152,AI_VERIFIED
3621888,root1:v7_fast_equiv_20260927_0030,0.0,0,0,0.0,0,0,0,0,,0,0,0,L1_base,case_034,5853122,5,0,0,5853122,97553,0.8231048750003538,mps,5852720,188994,"{'0': 188791, '1': 188857, '2': 188994, '3': 188994, '4': 188480}",170371,2280386,402,3572736,95bd6879599a959d1893ff25e0456c3fba593d93725b5812abbc84869cab62b6,122952,"[166816, 5902274, 49152]",0.6728745840009651,B,5902274,"[188994, 5853122, 122952, 0, 0]",legacy_seed,/Users/futaoran/Desktop/华为杯2026/2026参赛工作区/2026华为杯idea冻结工作区/实验数据/v7_fast_equiv_20260927_0030,49152,AI_VERIFIED
3631104,root1:v7_fast_equiv_20260927_0030,36882.09066666666,3462656,875,0.5862469694301852,2443824,809,5857328,1684,,4608,2911744,11647,incumbent_disperse_tid_7812_node_7942_core_4_pos_0,case_034,5862338,5,4608,4608,2950594,49177,0.8511293339997792,mps,5852720,189356,"{'0': 188791, '1': 188857, '2': 188994, '3': 188118, '4': 189356}",168887,2280386,402,3581952,81d2f2e3717e548e81e480baa9969fe8d66a5404370160598f2d0239fdd1fd61,122952,"[166682, 40318.96666666667, -3492352, 49152]",0.7686152499991294,C,5911490,"[189356, 5862338, 122952, -2911744, -4608]",disperse,/Users/futaoran/Desktop/华为杯2026/2026参赛工作区/2026华为杯idea冻结工作区/实验数据/v7_fast_equiv_20260927_0030,49152,AI_VERIFIED
4233216,root1:v7_fast_equiv_20260927_0030,0.0,0,0,0.0,0,0,0,0,,0,0,0,L2_base,case_038,3116294,1,43008,43008,3116294,51939,1.0676148750007997,mps,3021834,1492776,{'0': 1492776},1363201,2802950,8444,313344,25e76d2bb2b09ba8eecdf7d49c31e7a206aa05356a813705624cade6ea2646bb,735232,"[1489178, 7036166, 3919872]",0.9461229169992293,A,7036166,"[1492776, 3116294, 735232, 0, 0]",legacy_seed,/Users/futaoran/Desktop/华为杯2026/2026参赛工作区/2026华为杯idea冻结工作区/实验数据/v7_fast_equiv_20260927_0030,3919872,AI_VERIFIED
11619840,root1:v7_fast_equiv_20260927_0030,0.0,0,0,0.0,0,0,0,0,,0,0,0,B2_base,case_038,2802950,1,0,0,2802950,46716,2.192639416998645,mps,2794506,1492776,{'0': 1492776},1438673,2802950,8444,0,7907a636fab94d693b885e7693ddd908979cfd97d3698d01100a56f995e8f87a,5164032,"[1436678, 14422790, 11619840]",2.1736407919997873,B,14422790,"[1492776, 2802950, 5164032, 0, 0]",seed,/Users/futaoran/Desktop/华为杯2026/2026参赛工作区/2026华为杯idea冻结工作区/实验数据/v7_fast_equiv_20260927_0030,11619840,AI_VERIFIED
4697600,root1:v7_fast_equiv_20260927_0030,0.0,2082816,0,0.28968128905236223,5107210,806,2794506,806,,2678784,0,0,incumbent_split_topo_g0_p4,case_038,2802950,1,0,0,2802950,46716,1.2347323750000214,mps,2794506,1492776,{'0': 1492776},1359544,2802950,8444,0,e6a54d5ed8e3982012874a7383decf3c1ec32238e0932b2de17c4548a202023a,464896,"[1359341, 90295.56666666667, -2082816, 4697600]",1.2090991670011135,C,7500550,"[1492776, 2802950, 464896, 0, -2678784]",timing,/Users/futaoran/Desktop/华为杯2026/2026参赛工作区/2026华为杯idea冻结工作区/实验数据/v7_fast_equiv_20260927_0030,4697600,AI_VERIFIED
6790656,root1:v7_fast_equiv_20260927_0030,0.0,0,0,0.0,0,0,0,0,,0,0,0,L1_base,case_038,5320454,2,0,0,5320454,88675,1.183696082998722,mps,5312010,746449,"{'0': 746327, '1': 746449}",674500,2802950,8444,2517504,d711108285b63211d10d7961d3f48c7509ca02a4856458ee9b65527fb7d0110f,599552,"[758320, 9593606, 4273152]",0.9851702910000313,A,9593606,"[746449, 5320454, 599552, 0, 0]",legacy_seed,/Users/futaoran/Desktop/华为杯2026/2026参赛工作区/2026华为杯idea冻结工作区/实验数据/v7_fast_equiv_20260927_0030,4273152,AI_VERIFIED
6790656,root1:v7_fast_equiv_20260927_0030,0.0,0,0,0.0,0,0,0,0,,0,0,0,L1_base,case_038,5320454,2,0,0,5320454,88675,1.5818646249990707,mps,5312010,746449,"{'0': 746327, '1': 746449}",674500,2802950,8444,2517504,d711108285b63211d10d7961d3f48c7509ca02a4856458ee9b65527fb7d0110f,599552,"[674430, 9593606, 4273152]",1.5417767920007464,B,9593606,"[746449, 5320454, 599552, 0, 0]",legacy_seed,/Users/futaoran/Desktop/华为杯2026/2026参赛工作区/2026华为杯idea冻结工作区/实验数据/v7_fast_equiv_20260927_0030,4273152,AI_VERIFIED
6173696,root1:v7_fast_equiv_20260927_0030,21051.392,2436096,466,0.2745841780371522,6435850,1055,5312010,1521,,1804800,1661952,6648,incumbent_split_topo_g1_p4,case_038,5320454,2,0,0,3658502,60976,1.5341622500000085,mps,5312010,746449,"{'0': 746327, '1': 746449}",674381,2802950,8444,2517504,73bf2b3a33130a74590dd8957b3b440f00a18cee97e79f734b748720fe8415c4,599552,"[674312, 109137.16666666667, -2428416, 3656192]",1.3470038329996896,C,8976646,"[746449, 5320454, 599552, -1661952, -1804800]",timing,/Users/futaoran/Desktop/华为杯2026/2026参赛工作区/2026华为杯idea冻结工作区/实验数据/v7_fast_equiv_20260927_0030,3656192,AI_VERIFIED
8097792,root1:v7_fast_equiv_20260927_0030,0.0,0,0,0.0,0,0,0,0,,0,0,0,L1_base,case_038,7739654,3,0,0,7739654,128995,1.2404613329999847,mps,7731210,497887,"{'0': 497025, '1': 497887, '2': 497864}",452248,2802950,8444,4936704,805cfbe70657b364c4c843423379f16cbb1a08b232ec2de4f0a43163a7294130,522240,"[513776, 10900742, 3161088]",1.1114757920004195,A,10900742,"[497887, 7739654, 522240, 0, 0]",legacy_seed,/Users/futaoran/Desktop/华为杯2026/2026参赛工作区/2026华为杯idea冻结工作区/实验数据/v7_fast_equiv_20260927_0030,3161088,AI_VERIFIED
8097792,root1:v7_fast_equiv_20260927_0030,0.0,0,0,0.0,0,0,0,0,,0,0,0,L1_base,case_038,7739654,3,0,0,7739654,128995,1.6246091249995516,mps,7731210,497887,"{'0': 497025, '1': 497887, '2': 497864}",452248,2802950,8444,4936704,805cfbe70657b364c4c843423379f16cbb1a08b232ec2de4f0a43163a7294130,522240,"[451496, 10900742, 3161088]",1.5110258750009962,B,10900742,"[497887, 7739654, 522240, 0, 0]",legacy_seed,/Users/futaoran/Desktop/华为杯2026/2026参赛工作区/2026华为杯idea冻结工作区/实验数据/v7_fast_equiv_20260927_0030,3161088,AI_VERIFIED
8097792,root1:v7_fast_equiv_20260927_0030,43931.648,3892224,1006,0.3573372671221445,7000074,1227,7731210,2233,,0,3468288,13874,event_timing_tid_1000003446_miss_2_bytes_65536_front,case_038,7739654,3,0,0,4271366,71190,1.6555282089993852,mps,7731210,497887,"{'0': 497025, '1': 497887, '2': 497864}",452022,2802950,8444,4936704,e8ad926cbc2f8537d0e4ebc7a98680115b173fc5826d6df7efdb4b74613a52b8,522240,"[451457, 116706.23333333334, -3898368, 3161088]",1.4206732500006183,C,10900742,"[497887, 7739654, 522240, -3468288, 0]",event_timing,/Users/futaoran/Desktop/华为杯2026/2026参赛工作区/2026华为杯idea冻结工作区/实验数据/v7_fast_equiv_20260927_0030,3161088,AI_VERIFIED
9295872,root1:v7_fast_equiv_20260927_0030,0.0,0,0,0.0,0,0,0,0,,0,0,0,L1_base,case_038,9317126,4,0,0,9317126,155286,1.3846099590009544,mps,9308682,373589,"{'0': 372852, '1': 373534, '2': 373589, '3': 372801}",339624,2802950,8444,6514176,0450fe42e475a7daba250bbbe51e8bcf2cbe059160e8550bd2c211502d1b8756,269312,"[387694, 12098822, 2781696]",1.103111959000671,A,12098822,"[373589, 9317126, 269312, 0, 0]",legacy_seed,/Users/futaoran/Desktop/华为杯2026/2026参赛工作区/2026华为杯idea冻结工作区/实验数据/v7_fast_equiv_20260927_0030,2781696,AI_VERIFIED
9295872,root1:v7_fast_equiv_20260927_0030,0.0,0,0,0.0,0,0,0,0,,0,0,0,L1_base,case_038,9317126,4,0,0,9317126,155286,1.5711261249998643,mps,9308682,373589,"{'0': 372852, '1': 373534, '2': 373589, '3': 372801}",339624,2802950,8444,6514176,0450fe42e475a7daba250bbbe51e8bcf2cbe059160e8550bd2c211502d1b8756,269312,"[338153, 12098822, 2781696]",1.4189640830009012,B,12098822,"[373589, 9317126, 269312, 0, 0]",legacy_seed,/Users/futaoran/Desktop/华为杯2026/2026参赛工作区/2026华为杯idea冻结工作区/实验数据/v7_fast_equiv_20260927_0030,2781696,AI_VERIFIED
9295872,root1:v7_fast_equiv_20260927_0030,61597.695999999996,4257280,1407,0.3521213315249532,7833098,1248,9308682,2655,,0,4862976,19452,event_timing_tid_1000003448_miss_4_bytes_131072_front,case_038,9317126,4,0,0,4454150,74236,1.717701167000996,mps,9308682,373589,"{'0': 372852, '1': 373534, '2': 373589, '3': 372801}",337813,2802950,8444,6514176,e690d6a87ed5492fa6ac96a8953bbf7b819e78553b8b63adeb6e8f3b5c9f0054,269312,"[337340, 132450.23333333334, -4151808, 2781696]",1.5412210000013147,C,12098822,"[373589, 9317126, 269312, -4862976, 0]",event_timing,/Users/futaoran/Desktop/华为杯2026/2026参赛工作区/2026华为杯idea冻结工作区/实验数据/v7_fast_equiv_20260927_0030,2781696,AI_VERIFIED
9676800,root1:v7_fast_equiv_20260927_0030,0.0,0,0,0.0,0,0,0,0,,0,0,0,L1_base,case_038,11370758,5,0,0,11370758,189513,1.450536500000453,mps,11362314,298946,"{'0': 298075, '1': 298946, '2': 298912, '3': 298629, '4': 298214}",275133,2802950,8444,8567808,81b3d30c51788259856dd76463c3d85b4f7e7fcf9e82d8d250b8074df8158f61,92160,"[311371, 12479750, 1108992]",1.2505352909993235,A,12479750,"[298946, 11370758, 92160, 0, 0]",legacy_seed,/Users/futaoran/Desktop/华为杯2026/2026参赛工作区/2026华为杯idea冻结工作区/实验数据/v7_fast_equiv_20260927_0030,1108992,AI_VERIFIED
9676800,root1:v7_fast_equiv_20260927_0030,0.0,0,0,0.0,0,0,0,0,,0,0,0,L1_base,case_038,11370758,5,0,0,11370758,189513,1.4627335839995794,mps,11362314,298946,"{'0': 298075, '1': 298946, '2': 298912, '3': 298629, '4': 298214}",275133,2802950,8444,8567808,81b3d30c51788259856dd76463c3d85b4f7e7fcf9e82d8d250b8074df8158f61,92160,"[272138, 12479750, 1108992]",1.300775457999407,B,12479750,"[298946, 11370758, 92160, 0, 0]",legacy_seed,/Users/futaoran/Desktop/华为杯2026/2026参赛工作区/2026华为杯idea冻结工作区/实验数据/v7_fast_equiv_20260927_0030,1108992,AI_VERIFIED
9676800,root1:v7_fast_equiv_20260927_0030,81831.936,5265408,1897,0.4222018127051008,7205898,1372,11362314,3269,,0,6460416,25842,event_timing_tid_1000003446_miss_2_bytes_65536_front,case_038,11370758,5,0,0,4910342,81840,1.2393661659989448,mps,11362314,298946,"{'0': 298075, '1': 298946, '2': 298912, '3': 298629, '4': 298214}",272533,2802950,8444,8567808,854de984ab8689e2dec9c81f18621839f276f4f54c38406e122b21e046c180a0,92160,"[272026, 121083.83333333333, -5214720, 1108992]",1.2191325000003417,C,12479750,"[298946, 11370758, 92160, -6460416, 0]",event_timing,/Users/futaoran/Desktop/华为杯2026/2026参赛工作区/2026华为杯idea冻结工作区/实验数据/v7_fast_equiv_20260927_0030,1108992,AI_VERIFIED
319488,root1:v7_fast_equiv_20260927_0030,0.0,0,0,0.0,0,0,0,0,,0,0,0,A3_base,case_046,1380960,1,159744,159744,1380960,23016,0.11095162499987055,mps,995936,227648,{'0': 227648},233586,1061472,65536,319488,5af3bdb2002fb1f22eee7b2acebb4f519e815408f9f9784e6f17c20caea9d0e4,77312,"[246303, 1380960, 0]",0.10730841600161511,A,1380960,"[227648, 1380960, 77312, 0, 0]",seed,/Users/futaoran/Desktop/华为杯2026/2026参赛工作区/2026华为杯idea冻结工作区/实验数据/v7_fast_equiv_20260927_0030,0,AI_VERIFIED
163840,root1:v7_fast_equiv_20260927_0030,0.0,0,0,0.0,0,0,0,0,,0,0,0,B2_base,case_046,1061472,1,0,0,1061472,17692,0.16621499999928346,mps,995936,227648,{'0': 227648},226233,1061472,65536,0,5af3bdb2002fb1f22eee7b2acebb4f519e815408f9f9784e6f17c20caea9d0e4,77312,"[226233, 1225312, 163840]",0.11717495800075994,B,1225312,"[227648, 1061472, 77312, 0, 0]",seed,/Users/futaoran/Desktop/华为杯2026/2026参赛工作区/2026华为杯idea冻结工作区/实验数据/v7_fast_equiv_20260927_0030,163840,AI_VERIFIED
65536,root1:v7_fast_equiv_20260927_0030,0.0,0,0,0.0,1028704,58,995936,58,,686080,0,0,incumbent_split_height_g2_p4,case_046,1061472,1,0,0,1061472,17692,0.13998758399975486,mps,995936,227648,{'0': 227648},226413,1061472,65536,0,cc3927a5fec333282ca318ea1aa7687494635c1b07929e403a13bc9e674002f4,27648,"[226413, 18783.466666666667, 0, 65536]",0.13596208300077706,C,1127008,"[227648, 1061472, 27648, 0, -686080]",timing,/Users/futaoran/Desktop/华为杯2026/2026参赛工作区/2026华为杯idea冻结工作区/实验数据/v7_fast_equiv_20260927_0030,65536,AI_VERIFIED
4513952,root1:v7_fast_equiv_20260927_0030,0.0,0,0,0.0,0,0,0,0,,0,0,0,A2_base,case_046,3852672,2,0,0,3852672,64212,0.1282334589996026,mps,3787136,113824,"{'0': 113824, '1': 113824}",160984,1061472,65536,2791200,94b6dc68fd8c1929a7316f70fb16f5af6f4ed7ad26fcd2d4ef879e6d8480bb07,861376,"[158468, 5575424, 1722752]",0.10867004200008523,A,5575424,"[113824, 3852672, 861376, 0, 0]",seed,/Users/futaoran/Desktop/华为杯2026/2026参赛工作区/2026华为杯idea冻结工作区/实验数据/v7_fast_equiv_20260927_0030,1722752,AI_VERIFIED
77824,root1:v7_fast_equiv_20260927_0030,0.0,0,0,0.0,0,0,0,0,,0,0,0,L2_base,case_046,1127008,2,32768,32768,1127008,18784,0.12469599999894854,mps,995936,118816,"{'0': 118816, '1': 108832}",173830,1061472,65536,65536,e4635d5c5e2c2878052c5d3e06ce0d042727f50e6e968f6257c0d90e0b20d07b,6144,"[173578, 1139296, 12288]",0.13608145899888768,B,1139296,"[118816, 1127008, 6144, 0, 0]",legacy_seed,/Users/futaoran/Desktop/华为杯2026/2026参赛工作区/2026华为杯idea冻结工作区/实验数据/v7_fast_equiv_20260927_0030,12288,AI_VERIFIED
2316128,root1:v7_fast_equiv_20260927_0030,407.36,2207872,11,0.6758085685740592,1059136,97,1926336,108,,161792,32160,129,incumbent_split_height_g0_p4,case_046,1991872,2,0,0,1959712,32662,0.12930229199992027,mps,1926336,113824,"{'0': 113824, '1': 113824}",125148,1061472,65536,930400,9ab16e3ef41e642edb0797fc0f06f0524d360bc0a18d369442d39fc7204fd5f2,469600,"[124385, 19495.466666666667, -2207872, 1385728]",0.12695950000124867,C,3377600,"[113824, 1991872, 469600, -32160, -161792]",timing,/Users/futaoran/Desktop/华为杯2026/2026参赛工作区/2026华为杯idea冻结工作区/实验数据/v7_fast_equiv_20260927_0030,1385728,AI_VERIFIED
945568,root1:v7_fast_equiv_20260927_0030,0.0,0,0,0.0,0,0,0,0,,0,0,0,A3_base,case_046,2007040,3,466944,458752,2007040,33451,0.1369427909994556,mps,1015808,79590,"{'0': 76302, '1': 79590, '2': 71756}",248812,1061472,65536,945568,6c2a8fe699781bbaae5a2adf5727587c8d1f3e3832613c2e7021c8d70484b2cd,0,"[259886, 2007040, 0]",0.09870491700166895,A,2007040,"[79590, 2007040, 0, 0, 0]",seed,/Users/futaoran/Desktop/华为杯2026/2026参赛工作区/2026华为杯idea冻结工作区/实验数据/v7_fast_equiv_20260927_0030,0,AI_VERIFIED
4240896,root1:v7_fast_equiv_20260927_0030,0.0,0,0,0.0,0,0,0,0,,0,0,0,B3_base,case_046,3540960,3,310784,310784,3540960,59016,0.13480524999977206,mps,2853856,78016,"{'0': 76092, '1': 78016, '2': 73540}",166834,1061472,65536,2479488,5aab581db957a3e9e0d0865bdc820f30a34efee845ab9382c5c3376db9d65766,558336,"[161299, 5302368, 1761408]",0.12531962499997462,B,5302368,"[78016, 3540960, 558336, 0, 0]",seed,/Users/futaoran/Desktop/华为杯2026/2026参赛工作区/2026华为杯idea冻结工作区/实验数据/v7_fast_equiv_20260927_0030,1761408,AI_VERIFIED
3205536,root1:v7_fast_equiv_20260927_0030,271.5733333333333,2134112,8,0.5109325202255455,2042784,150,2856736,158,,121344,21440,86,incumbent_split_height_g0_p4,case_046,2922272,3,0,0,2900832,48348,0.13890779199937242,mps,2856736,85368,"{'0': 85368, '1': 85368, '2': 56912}",106079,1061472,65536,1860800,511eab2d4ee3d8401dd5794a37c96e6a96e3ae8cd61e011349a5360f58e64101,883904,"[94291, 34319.46666666667, -2207840, 1344736]",0.14235004199872492,C,4267008,"[85368, 2922272, 883904, -21440, -121344]",timing,/Users/futaoran/Desktop/华为杯2026/2026参赛工作区/2026华为杯idea冻结工作区/实验数据/v7_fast_equiv_20260927_0030,1344736,AI_VERIFIED
6512800,root1:v7_fast_equiv_20260927_0030,0.0,0,0,0.0,0,0,0,0,,0,0,0,L2_base,case_046,7574272,4,0,0,7574272,126238,0.11379479199968046,mps,7508736,126238,"{'0': 56912, '1': 56912, '2': 56912, '3': 56912}",140604,1061472,65536,6512800,85817f09e42db76539d890dd3cbcdd10cd32377e55cbd21dc7462f5fd42695a7,1722752,"[126238, 7574272, 0]",0.1330448750013602,A,7574272,"[126238, 7574272, 1722752, 0, 0]",legacy_seed,/Users/futaoran/Desktop/华为杯2026/2026参赛工作区/2026华为杯idea冻结工作区/实验数据/v7_fast_equiv_20260927_0030,0,AI_VERIFIED
1099424,root1:v7_fast_equiv_20260927_0030,0.0,0,0,0.0,0,0,0,0,,0,0,0,B2_base,case_046,2160896,4,492544,492544,2160896,36015,0.15209666599912453,mps,1110272,61144,"{'0': 61144, '1': 55876, '2': 55952, '3': 54676}",159746,1061472,65536,1099424,284003aecf9250d73fb4ea238f5aaddfcd90bc334b0468416d9d56c796dfd8d1,0,"[159160, 2160896, 0]",0.13355670799865038,B,2160896,"[61144, 2160896, 0, 0, 0]",seed,/Users/futaoran/Desktop/华为杯2026/2026参赛工作区/2026华为杯idea冻结工作区/实验数据/v7_fast_equiv_20260927_0030,0,AI_VERIFIED
4189760,root1:v7_fast_equiv_20260927_0030,137.408,1673632,7,0.32376300753369114,3495680,201,3787136,208,,31744,10848,44,incumbent_split_height_g0_p2,case_046,3852672,4,0,0,3841824,64031,0.14201937500001804,mps,3787136,64031,"{'0': 56912, '1': 56912, '2': 56912, '3': 56912}",98844,1061472,65536,2791200,52ff6ef9f3cd2d2abafcdda3a9e2a956e0b1b86f545d04155d202d346868488b,1323968,"[63253, 54161.066666666666, -2001568, 1398560]",0.11071683299996948,C,5251232,"[64031, 3852672, 1323968, -10848, -31744]",timing,/Users/futaoran/Desktop/华为杯2026/2026参赛工作区/2026华为杯idea冻结工作区/实验数据/v7_fast_equiv_20260927_0030,1398560,AI_VERIFIED
4646464,root1:v7_fast_equiv_20260927_0030,0.0,0,0,0.0,0,0,0,0,,0,0,0,r1_split_g0_h0_c3_p0,case_046,4846560,5,31744,31744,4846560,80776,0.11813354199875903,mps,4717536,80776,"{'3': 57408, '0': 27960, '1': 56912, '2': 56912, '4': 28456}",108698,1061472,65536,3785088,0af0721cf222063a243d9018c7977f77d005073c151e128a7085f0bb6438c50a,861376,"[95133, 5707936, 861376]",0.1210764579991519,A,5707936,"[80776, 4846560, 861376, 0, 0]",capacity_representative,/Users/futaoran/Desktop/华为杯2026/2026参赛工作区/2026华为杯idea冻结工作区/实验数据/v7_fast_equiv_20260927_0030,861376,AI_VERIFIED
4158144,root1:v7_fast_equiv_20260927_0030,0.0,0,0,0.0,0,0,0,0,,0,0,0,r1_split_g0_h1_c4_p1,case_046,4358240,5,31744,31744,4358240,72638,0.1272754999990866,mps,4229216,72638,"{'0': 28952, '4': 56416, '1': 56912, '2': 56912, '3': 28456}",117204,1061472,65536,3296768,25dae1c74b325b42132d20a383108da76dc06d79832ca6e109b9b483cb93c188,861376,"[86219, 5219616, 861376]",0.12456112499967276,B,5219616,"[72638, 4358240, 861376, 0, 0]",capacity_representative,/Users/futaoran/Desktop/华为杯2026/2026参赛工作区/2026华为杯idea冻结工作区/实验数据/v7_fast_equiv_20260927_0030,861376,AI_VERIFIED
4158144,root1:v7_fast_equiv_20260927_0030,13652.842666666666,1180480,52,0.230457353832314,3941856,191,4260960,243,,0,1077856,4312,incumbent_aggregate,case_046,4358240,5,31744,31744,3280384,54674,0.16133183399870177,mps,4229216,56912,"{'0': 28952, '4': 56416, '1': 56912, '2': 56912, '3': 28456}",103554,1061472,65536,3296768,98106cce9b26961fada3c161e1eedaa0dc748d85b381a116e43600450ec3c14a,916032,"[58829, 56165.86666666667, -1849664, 861376]",0.1309399999991001,C,5219616,"[56912, 4358240, 916032, -1077856, 0]",aggregate,/Users/futaoran/Desktop/华为杯2026/2026参赛工作区/2026华为杯idea冻结工作区/实验数据/v7_fast_equiv_20260927_0030,861376,AI_VERIFIED
264028672,root1:v7_fast_equiv_20260927_0030,0.0,0,0,0.0,0,0,0,0,,0,0,0,L2_base,case_067,9835264,1,32768,32768,9835264,163922,1.7638189579993195,mps,8606464,61275840,{'0': 61275840},63842617,6048128,1163264,3787136,9626b5258cef879129885e9d770226dbd94d654d3117c3c638576785f45dec51,3246464,"[65153843, 270076800, 260241536]",1.600419000000329,A,270076800,"[61275840, 9835264, 3246464, 0, 0]",legacy_seed,/Users/futaoran/Desktop/华为杯2026/2026参赛工作区/2026华为杯idea冻结工作区/实验数据/v7_fast_equiv_20260927_0030,260241536,AI_VERIFIED
256305152,root1:v7_fast_equiv_20260927_0030,0.0,0,0,0.0,0,0,0,0,,0,0,0,B2_base,case_067,6048128,1,0,0,6048128,100803,3.1136410419985623,mps,4884864,61275840,{'0': 61275840},63397576,6048128,1163264,0,5828817c6262274ae7d1413d505f68b32e6e93d56a308897073d3ed3c06f64d0,3622912,"[63246636, 262353280, 256305152]",2.876745417001075,B,262353280,"[61275840, 6048128, 3622912, 0, 0]",seed,/Users/futaoran/Desktop/华为杯2026/2026参赛工作区/2026华为杯idea冻结工作区/实验数据/v7_fast_equiv_20260927_0030,256305152,AI_VERIFIED
206817280,root1:v7_fast_equiv_20260927_0030,0.0,0,0,0.0,208821632,121,4884864,121,,12176384,0,0,incumbent_split_height_g2_p4,case_067,6048128,1,0,0,6048128,100803,2.9942222079989733,mps,4884864,61275840,{'0': 61275840},63407792,6048128,1163264,0,981f82b56b6795d5f27c46579b974498a0283f3d1e92d2c5c2550ec8ac2ba726,3427328,"[63254332, 3547756.8, 0, 206817280]",2.8756897499988554,C,212865408,"[61275840, 6048128, 3427328, 0, -12176384]",timing,/Users/futaoran/Desktop/华为杯2026/2026参赛工作区/2026华为杯idea冻结工作区/实验数据/v7_fast_equiv_20260927_0030,206817280,AI_VERIFIED
263174912,root1:v7_fast_equiv_20260927_0030,0.0,0,0,0.0,0,0,0,0,,0,0,0,A2_base,case_067,17212928,2,0,0,17212928,286883,1.9286368339999171,mps,16049664,31069440,"{'0': 30206400, '1': 31069440}",33795532,6048128,1163264,11164800,e92f35051049f24e5904807c9891f793ce86274795945abc955daa42cbd2ab53,6492928,"[33033788, 269223040, 252010112]",1.8425619160007045,A,269223040,"[31069440, 17212928, 6492928, 0, 0]",seed,/Users/futaoran/Desktop/华为杯2026/2026参赛工作区/2026华为杯idea冻结工作区/实验数据/v7_fast_equiv_20260927_0030,252010112,AI_VERIFIED
211326080,root1:v7_fast_equiv_20260927_0030,0.0,0,0,0.0,0,0,0,0,,0,0,0,B3_base,case_067,25661440,2,7949312,7949312,25661440,427691,2.9425699999992503,mps,8599552,32330544,"{'0': 32330544, '1': 28945296}",44536068,6048128,1163264,19613312,ea7de6d04879983979f856249c81564921e9f004b195d2a47ff94f185a56b69e,7574528,"[44123066, 217374208, 191712768]",2.750106040999526,B,217374208,"[32330544, 25661440, 7574528, 0, 0]",seed,/Users/futaoran/Desktop/华为杯2026/2026参赛工作区/2026华为杯idea冻结工作区/实验数据/v7_fast_equiv_20260927_0030,191712768,AI_VERIFIED
260124928,root1:v7_fast_equiv_20260927_0030,9580.458666666666,18886656,16,0.07194777116091555,243618432,155,8606464,171,,2912256,756352,3026,incumbent_split_height_g0_p4,case_067,9769728,2,0,0,9013376,150223,2.5546899999990273,mps,8606464,31069440,"{'0': 31069440, '1': 30206400}",32164982,6048128,1163264,3721600,7cd3ecc55a849fdebd25ad700ba7b9c8b1a5e9bfcd3e1ff5b1f8cfdcf47b5508,5892480,"[32021068, 4110790.4, -19525632, 256403328]",2.1686132079994422,C,266173056,"[31069440, 9769728, 5892480, -756352, -2912256]",timing,/Users/futaoran/Desktop/华为杯2026/2026参赛工作区/2026华为杯idea冻结工作区/实验数据/v7_fast_equiv_20260927_0030,256403328,AI_VERIFIED
262325248,root1:v7_fast_equiv_20260927_0030,0.0,0,0,0.0,0,0,0,0,,0,0,0,A2_base,case_067,24656128,3,0,0,24656128,410936,1.8956662499986123,mps,23492864,20712960,"{'0': 20712960, '1': 19849920, '2': 20712960}",23598507,6048128,1163264,18608000,04bb0f88edc73e6b9916657ff97ad050be4e715ac334525d930bc098f42680da,9739392,"[22021028, 268373376, 243717248]",3.2207295410007646,A,268373376,"[20712960, 24656128, 9739392, 0, 0]",seed,/Users/futaoran/Desktop/华为杯2026/2026参赛工作区/2026华为杯idea冻结工作区/实验数据/v7_fast_equiv_20260927_0030,243717248,AI_VERIFIED
201867392,root1:v7_fast_equiv_20260927_0030,0.0,0,0,0.0,0,0,0,0,,0,0,0,B3_base,case_067,39158144,3,13664256,13664256,39158144,652636,3.9548524579986406,mps,10666368,20900336,"{'0': 20732976, '1': 19642528, '2': 20900336}",45618080,6048128,1163264,33110016,fb1a72c34226ba9237c96b0fdb6106f3610b0bcbc33d0c86c018ff81be208231,7233536,"[45397452, 207915520, 168757376]",2.7715324999990116,B,207915520,"[20900336, 39158144, 7233536, 0, 0]",seed,/Users/futaoran/Desktop/华为杯2026/2026参赛工作区/2026华为杯idea冻结工作区/实验数据/v7_fast_equiv_20260927_0030,168757376,AI_VERIFIED
261105536,root1:v7_fast_equiv_20260927_0030,6282.666666666666,15804416,16,0.059946652373309095,247836928,205,12328064,221,,1941504,496000,1984,incumbent_split_height_g0_p4,case_067,13491328,3,0,0,12995328,216589,2.237048416998732,mps,12328064,20712960,"{'0': 20712960, '1': 20712960, '2': 19849920}",22573181,6048128,1163264,7443200,ca9b7ab2eea0f80cff67ed0a39ac83a2a079e82711578df650186be8480fbe37,8745728,"[21475646, 4071837.8666666667, -22843392, 253662336]",2.266620124999463,C,267153664,"[20712960, 13491328, 8745728, -496000, -1941504]",timing,/Users/futaoran/Desktop/华为杯2026/2026参赛工作区/2026华为杯idea冻结工作区/实验数据/v7_fast_equiv_20260927_0030,253662336,AI_VERIFIED
261475584,root1:v7_fast_equiv_20260927_0030,0.0,0,0,0.0,0,0,0,0,,0,0,0,A2_base,case_067,32099328,4,0,0,32099328,534989,1.7288921250001295,mps,30936064,15534720,"{'0': 15534720, '1': 15534720, '2': 14671680, '3': 15534720}",18506043,6048128,1163264,26051200,79bc3ec4750f8fe42a9d9800fcfe8babf813b0d9bd93b12cb351dc798a69fd17,12985856,"[16514648, 267523712, 235424384]",1.5183899579988065,A,267523712,"[15534720, 32099328, 12985856, 0, 0]",seed,/Users/futaoran/Desktop/华为杯2026/2026参赛工作区/2026华为杯idea冻结工作区/实验数据/v7_fast_equiv_20260927_0030,235424384,AI_VERIFIED
208178304,root1:v7_fast_equiv_20260927_0030,0.0,0,0,0.0,0,0,0,0,,0,0,0,B2_base,case_067,25664512,4,9579520,9579520,25664512,427742,2.7886012089984433,mps,5342208,16498256,"{'0': 16498256, '1': 14902352, '2': 15172640, '3': 14702592}",38939378,6048128,1163264,19616384,46584584f75d792cbad7a245508308201c8181f529bb3bead64c4dccc1ca52f6,1440768,"[38203943, 214226432, 188561920]",2.2402497500006575,B,214226432,"[16498256, 25664512, 1440768, 0, 0]",seed,/Users/futaoran/Desktop/华为杯2026/2026参赛工作区/2026华为杯idea冻结工作区/实验数据/v7_fast_equiv_20260927_0030,188561920,AI_VERIFIED
261383424,root1:v7_fast_equiv_20260927_0030,4649.9839999999995,19190016,14,0.0726857541797872,244823424,257,16049664,271,,1456128,367104,1469,incumbent_split_height_g0_p4,case_067,17212928,4,0,0,16845824,280764,2.111962417000541,mps,16049664,15534720,"{'0': 15534720, '1': 15534720, '2': 15534720, '3': 14671680}",17693167,6048128,1163264,11164800,fb6b0ec1173032fa6ea3fb40b611403404a5fd84016225d6e919675de364eca8,11795584,"[16110862, 4034003.2, -25391360, 250218624]",2.1739735419996578,C,267431552,"[15534720, 17212928, 11795584, -367104, -1456128]",timing,/Users/futaoran/Desktop/华为杯2026/2026参赛工作区/2026华为杯idea冻结工作区/实验数据/v7_fast_equiv_20260927_0030,250218624,AI_VERIFIED
260625920,root1:v7_fast_equiv_20260927_0030,0.0,0,0,0.0,0,0,0,0,,0,0,0,A2_base,case_067,39542528,5,0,0,39542528,659043,1.66740983300042,mps,38379264,12945600,"{'0': 12082560, '1': 12082560, '2': 12082560, '3': 12082560, '4': 12945600}",15968624,6048128,1163264,33494400,dd7273dfb843574ffe7504c39833e19c25ba62f3031addcd788d8ce376808938,16232320,"[13761458, 266674048, 227131520]",1.7580355829995824,A,266674048,"[12945600, 39542528, 16232320, 0, 0]",seed,/Users/futaoran/Desktop/华为杯2026/2026参赛工作区/2026华为杯idea冻结工作区/实验数据/v7_fast_equiv_20260927_0030,227131520,AI_VERIFIED
139462016,root1:v7_fast_equiv_20260927_0030,0.0,0,0,0.0,0,0,0,0,,0,0,0,B3_base,case_067,66991744,5,24280064,24280064,66991744,1116530,3.67202429200006,mps,17268352,13040704,"{'0': 11934128, '1': 13040704, '2': 11607104, '3': 12391632, '4': 12302272}",38219886,6048128,1163264,60943616,cb6c70019f3851c3beaa3a5ca55bdeddefcfe18a2fb410417c5729ca66b1f2af,10873984,"[38134761, 145510144, 78518400]",3.1971212919997924,B,145510144,"[13040704, 66991744, 10873984, 0, 0]",seed,/Users/futaoran/Desktop/华为杯2026/2026参赛工作区/2026华为杯idea冻结工作区/实验数据/v7_fast_equiv_20260927_0030,78518400,AI_VERIFIED
261427072,root1:v7_fast_equiv_20260927_0030,3540.9919999999997,25423872,10,0.09625484971810332,238706944,311,19771264,321,,1132544,279552,1119,incumbent_split_height_g1_p4,case_067,20934528,5,0,0,20654976,344250,2.648265915999218,mps,19771264,12945600,"{'0': 12945600, '1': 12082560, '2': 12082560, '3': 12082560, '4': 12082560}",15229262,6048128,1163264,14886400,cce18458b3a5d656f81cad82e3d6fb9859d5becc9a8a06d68bc5f8780d352b85,14910976,"[13445610, 4233766.4, -13449216, 246540672]",2.5111530419999326,C,267475200,"[12945600, 20934528, 14910976, -279552, -1132544]",timing,/Users/futaoran/Desktop/华为杯2026/2026参赛工作区/2026华为杯idea冻结工作区/实验数据/v7_fast_equiv_20260927_0030,246540672,AI_VERIFIED
8853504,root1:v7_fast_equiv_20260927_0030,0.0,0,0,0.0,0,0,0,0,,0,0,0,A3_base,case_092,8927840,1,2835456,2835456,8927840,148798,6.530534625000655,mps,2093664,4040752,{'0': 4040752},4070807,3256928,1163264,5670912,d3287addfc56422ec348dbd0483b3336ddee1b8f6703493fd7c51ccec417e757,2204160,"[4139514, 12110432, 3182592]",5.0652905000006285,A,12110432,"[4040752, 8927840, 2204160, 0, 0]",seed,/Users/futaoran/Desktop/华为杯2026/2026参赛工作区/2026华为杯idea冻结工作区/实验数据/v7_fast_equiv_20260927_0030,3182592,AI_VERIFIED
5283840,root1:v7_fast_equiv_20260927_0030,0.0,0,0,0.0,0,0,0,0,,0,0,0,B2_base,case_092,3256928,1,0,0,3256928,54283,11.296305707999636,mps,2093664,4040752,{'0': 4040752},4010291,3256928,1163264,0,d3287addfc56422ec348dbd0483b3336ddee1b8f6703493fd7c51ccec417e757,2204160,"[4010165, 8540768, 5283840]",10.783651292000286,B,8540768,"[4040752, 3256928, 2204160, 0, 0]",seed,/Users/futaoran/Desktop/华为杯2026/2026参赛工作区/2026华为杯idea冻结工作区/实验数据/v7_fast_equiv_20260927_0030,5283840,AI_VERIFIED
4695040,root1:v7_fast_equiv_20260927_0030,0.0,0,0,0.0,4441184,192,2093664,192,,12177408,0,0,incumbent_split_height_g2_p4,case_092,3256928,1,0,0,3256928,54283,20.480096249999406,mps,2093664,4040752,{'0': 4040752},4004200,3256928,1163264,0,dc552184da1322b7d526ce674e08bb7f73c6fc835e9ae0f10e0598805779c8be,2154496,"[4004199, 132532.8, 0, 4695040]",11.460184417001074,C,7951968,"[4040752, 3256928, 2154496, 0, -12177408]",timing,/Users/futaoran/Desktop/华为杯2026/2026参赛工作区/2026华为杯idea冻结工作区/实验数据/v7_fast_equiv_20260927_0030,4695040,AI_VERIFIED
67180384,root1:v7_fast_equiv_20260927_0030,0.0,0,0,0.0,0,0,0,0,,0,0,0,A2_base,case_092,6048128,2,0,0,6048128,100803,7.566973250000956,mps,4884864,2048832,"{'0': 1991920, '1': 2048832}",2757789,3256928,1163264,2791200,a1a7fe346b9f52d6e4d91651224cc61fa4f2a27a76976eaf375d3fa2b570c94f,861376,"[2583202, 70437312, 64389184]",8.755004333001125,A,70437312,"[2048832, 6048128, 861376, 0, 0]",seed,/Users/futaoran/Desktop/华为杯2026/2026参赛工作区/2026华为杯idea冻结工作区/实验数据/v7_fast_equiv_20260927_0030,64389184,AI_VERIFIED
4874240,root1:v7_fast_equiv_20260927_0030,0.0,0,0,0.0,0,0,0,0,,0,0,0,L2_base,case_092,4420192,2,581632,581632,4420192,73670,5.406265583998902,mps,2093664,2108984,"{'0': 2108984, '1': 1931768}",2900595,3256928,1163264,1163264,c2454bb3eda6a3ff226e145fcdaa81e2267b24398c66cb1021295c9cc2dbdcf7,1805472,"[2899024, 8131168, 3710976]",8.205656666999857,B,8131168,"[2108984, 4420192, 1805472, 0, 0]",legacy_seed,/Users/futaoran/Desktop/华为杯2026/2026参赛工作区/2026华为杯idea冻结工作区/实验数据/v7_fast_equiv_20260927_0030,3710976,AI_VERIFIED
4695040,root1:v7_fast_equiv_20260927_0030,0.0,0,0,0.0,4441184,192,2093664,192,,12177408,0,0,lower_core_base,case_092,3256928,2,0,0,3256928,54283,9.411354042000312,mps,2093664,4040752,{'0': 4040752},4004200,3256928,1163264,0,c27f2bc9616791ddb8377da3d7547e48cf6a81fec956c7811026233a691ee268,2154496,"[4004199, 132532.8, 0, 4695040]",9.484998500000074,C,7951968,"[4040752, 3256928, 2154496, 0, -12177408]",lower_core,/Users/futaoran/Desktop/华为杯2026/2026参赛工作区/2026华为杯idea冻结工作区/实验数据/v7_fast_equiv_20260927_0030,4695040,AI_VERIFIED
67971680,root1:v7_fast_equiv_20260927_0030,0.0,0,0,0.0,0,0,0,0,,0,0,0,A2_base,case_092,7908928,3,0,0,7908928,131816,3.986182374999771,mps,6745664,1365888,"{'0': 1337432, '1': 1365888, '2': 1337432}",2129015,3256928,1163264,4652000,1f48f69d3419014ae43b38b6af2ef730845f33ec2aacf21e862a2eb8d157b9bb,1292064,"[1727964, 71228608, 63319680]",4.391200041000047,A,71228608,"[1365888, 7908928, 1292064, 0, 0]",seed,/Users/futaoran/Desktop/华为杯2026/2026参赛工作区/2026华为杯idea冻结工作区/实验数据/v7_fast_equiv_20260927_0030,63319680,AI_VERIFIED
37483456,root1:v7_fast_equiv_20260927_0030,0.0,0,0,0.0,0,0,0,0,,0,0,0,B3_base,case_092,33852704,3,14822400,14822400,33852704,564212,5.892537957999593,mps,3044640,1377348,"{'0': 1311270, '1': 1352134, '2': 1377348}",3012648,3256928,1163264,30595776,b4bec3457dac4e31d2bd55cb00bae40710663b280ca543529665dd84e77efa18,1233024,"[2970527, 40740384, 6887680]",5.628454249999777,B,40740384,"[1377348, 33852704, 1233024, 0, 0]",seed,/Users/futaoran/Desktop/华为杯2026/2026参赛工作区/2026华为杯idea冻结工作区/实验数据/v7_fast_equiv_20260927_0030,6887680,AI_VERIFIED
66000096,root1:v7_fast_equiv_20260927_0030,0.0,52970464,0,0.7935495964003455,13780832,192,2093664,192,,0,0,0,C0_base,case_092,3256928,3,0,0,3256928,54283,12.893581041998914,mps,2093664,4040752,{'0': 4040752},4333631,3256928,1163264,0,233b21b6e395099b382e5041a1747dd4418b0c29b7b63e96ecb160ecfc275a50,430688,"[4315290, 271442.6666666667, -52970464, 66000096]",12.697359083000265,C,69257024,"[4040752, 3256928, 430688, 0, 0]",seed,/Users/futaoran/Desktop/华为杯2026/2026参赛工作区/2026华为杯idea冻结工作区/实验数据/v7_fast_equiv_20260927_0030,66000096,AI_VERIFIED
67969760,root1:v7_fast_equiv_20260927_0030,0.0,0,0,0.0,0,0,0,0,,0,0,0,L2_base,case_092,9949952,4,90112,90112,9949952,165833,2.3438045420007256,mps,8606464,1010812,"{'0': 1010164, '1': 1010212, '2': 1010812, '3': 1009564}",4880160,3256928,1163264,6693024,9bbc0d16e01d0c3b499f75394812a8bc6d0b75c5acd0c5023803d031535ac017,1722752,"[5133674, 71226688, 61276736]",1.7891899580008612,A,71226688,"[1010812, 9949952, 1722752, 0, 0]",legacy_seed,/Users/futaoran/Desktop/华为杯2026/2026参赛工作区/2026华为杯idea冻结工作区/实验数据/v7_fast_equiv_20260927_0030,61276736,AI_VERIFIED
49062784,root1:v7_fast_equiv_20260927_0030,0.0,0,0,0.0,0,0,0,0,,0,0,0,B3_base,case_092,47392544,4,21279744,21279744,47392544,789876,6.265800125000169,mps,3669792,1079838,"{'0': 995760, '1': 999582, '2': 1079838, '3': 965572}",2978500,3256928,1163264,44135616,c503668d54f906ac1986ee1b20faf4b980534a012cd21ab84ad9676e03300484,857344,"[2885112, 52319712, 4927168]",6.072567332999824,B,52319712,"[1079838, 47392544, 857344, 0, 0]",seed,/Users/futaoran/Desktop/华为杯2026/2026参赛工作区/2026华为杯idea冻结工作区/实验数据/v7_fast_equiv_20260927_0030,4927168,AI_VERIFIED
66000096,root1:v7_fast_equiv_20260927_0030,0.0,52970464,0,0.7935495964003455,13780832,192,2093664,192,,0,0,0,C0_base,case_092,3256928,4,0,0,3256928,54283,8.68759825000052,mps,2093664,4040752,{'0': 4040752},4333631,3256928,1163264,0,8eaae05761795a3f115ab780b2c7d594c93c568131fbff9fe2660d0684ed7811,430688,"[4315290, 271442.6666666667, -52970464, 66000096]",8.895945874999597,C,69257024,"[4040752, 3256928, 430688, 0, 0]",seed,/Users/futaoran/Desktop/华为杯2026/2026参赛工作区/2026华为杯idea冻结工作区/实验数据/v7_fast_equiv_20260927_0030,66000096,AI_VERIFIED
69150304,root1:v7_fast_equiv_20260927_0030,0.0,0,0,0.0,0,0,0,0,,0,0,0,L2_base,case_092,11881408,5,125440,125440,11881408,198024,2.123570292000295,mps,10467264,808966,"{'0': 808966, '1': 808340, '2': 807828, '3': 808012, '4': 807606}",4860404,3256928,1163264,8624480,4be3cb5a2a571fc665bc295716c4baa8dd53e55d9fd192857335785282f2e949,2153440,"[5159884, 72407232, 60525824]",1.6127866669994546,A,72407232,"[808966, 11881408, 2153440, 0, 0]",legacy_seed,/Users/futaoran/Desktop/华为杯2026/2026参赛工作区/2026华为杯idea冻结工作区/实验数据/v7_fast_equiv_20260927_0030,60525824,AI_VERIFIED
54891328,root1:v7_fast_equiv_20260927_0030,0.0,0,0,0.0,0,0,0,0,,0,0,0,B3_base,case_092,51232704,5,23096320,23096320,51232704,853879,6.4317113750003045,mps,3876800,862242,"{'0': 802150, '1': 796452, '2': 790854, '3': 862242, '4': 789054}",2674445,3256928,1163264,47975776,068cd895dd22bbaa3cc6a61f690003408ee66c81201cc4ca3ca02fb1050fa3f6,2448064,"[2581761, 58148256, 6915552]",6.057033749999391,B,58148256,"[862242, 51232704, 2448064, 0, 0]",seed,/Users/futaoran/Desktop/华为杯2026/2026参赛工作区/2026华为杯idea冻结工作区/实验数据/v7_fast_equiv_20260927_0030,6915552,AI_VERIFIED
66000096,root1:v7_fast_equiv_20260927_0030,0.0,52970464,0,0.7935495964003455,13780832,192,2093664,192,,0,0,0,C0_base,case_092,3256928,5,0,0,3256928,54283,7.336949042000924,mps,2093664,4040752,{'0': 4040752},4333631,3256928,1163264,0,8bdb9cdc945383056f3666ae781f5797be3026aea349c3e9682f5c3e9e3eb791,430688,"[4315290, 271442.6666666667, -52970464, 66000096]",7.138614457999211,C,69257024,"[4040752, 3256928, 430688, 0, 0]",seed,/Users/futaoran/Desktop/华为杯2026/2026参赛工作区/2026华为杯idea冻结工作区/实验数据/v7_fast_equiv_20260927_0030,66000096,AI_VERIFIED
97254,root1:v7_fast_equiv_20260927_0030,0.0,0,0,0.0,0,0,0,0,,0,0,0,L2_base,case_005,430668,1,48576,48576,430668,7178,0.46281795899994904,mps,318924,124812,{'0': 124812},95783,333414,14592,97254,6dd9db40511980ce3e0555b770bb58ed8f5ece5200dda1390f86b4f34637fa1d,0,"[123199, 430668, 0]",0.4543845410007634,A,430668,"[124812, 430668, 0, 0, 0]",legacy_seed,/Users/futaoran/Desktop/华为杯2026/2026参赛工作区/2026华为杯idea冻结工作区/实验数据/v7_fast_equiv_20260927_0030,0,AI_VERIFIED
0,root1:v7_fast_equiv_20260927_0030,0.0,0,0,0.0,0,0,0,0,,0,0,0,B3_base,case_005,333414,1,0,0,333414,5557,0.8010150419995625,mps,318822,124812,{'0': 124812},93310,333414,14592,0,da482fa1ba38fb842dda063c752751b8693d0b0f714595779788777b15d3cf9a,0,"[93310, 333414, 0]",0.8008325840000907,B,333414,"[124812, 333414, 0, 0, 0]",seed,/Users/futaoran/Desktop/华为杯2026/2026参赛工作区/2026华为杯idea冻结工作区/实验数据/v7_fast_equiv_20260927_0030,0,AI_VERIFIED
0,root1:v7_fast_equiv_20260927_0030,0.0,0,0,0.0,318822,89,318822,89,,349124,0,0,incumbent_aggregate,case_005,333414,1,0,0,333414,5557,0.7594623330005561,mps,318822,124812,{'0': 124812},93171,333414,14592,0,b485f9b5e9e46b3ca14a36c52d6e3e2253f4b00074aec454991287aebd5dac65,0,"[93171, 5556.9, 0, 0]",0.8050288340000407,C,333414,"[124812, 333414, 0, 0, -349124]",aggregate,/Users/futaoran/Desktop/华为杯2026/2026参赛工作区/2026华为杯idea冻结工作区/实验数据/v7_fast_equiv_20260927_0030,0,AI_VERIFIED
231760,root1:v7_fast_equiv_20260927_0030,0.0,0,0,0.0,0,0,0,0,,0,0,0,A2_base,case_005,565174,2,108480,108480,565174,9420,0.407052874999863,mps,333622,62869,"{'0': 62869, '1': 61943}",96715,333414,14592,231760,400016de0e8830dfb7fcc90f3d7405b6213f451b9b8e0f01921a6c355b060d31,0,"[126200, 565174, 0]",0.3690602910010057,A,565174,"[62869, 565174, 0, 0, 0]",seed,/Users/futaoran/Desktop/华为杯2026/2026参赛工作区/2026华为杯idea冻结工作区/实验数据/v7_fast_equiv_20260927_0030,0,AI_VERIFIED
1097572,root1:v7_fast_equiv_20260927_0030,0.0,0,0,0.0,0,0,0,0,,0,0,0,L3_base,case_005,1430986,2,513840,513840,1430986,23850,0.8667788749989995,mps,388714,69239,"{'0': 69239, '1': 55573}",95539,333414,14592,1097572,d71fc324586ef072be8fba0d7b71d321fe1eb0dd31dde71cac9f9c90dcb49a8f,0,"[95450, 1430986, 0]",0.7600636669994856,B,1430986,"[69239, 1430986, 0, 0, 0]",legacy_seed,/Users/futaoran/Desktop/华为杯2026/2026参赛工作区/2026华为杯idea冻结工作区/实验数据/v7_fast_equiv_20260927_0030,0,AI_VERIFIED
170916,root1:v7_fast_equiv_20260927_0030,291.8906666666667,23044,9,0.05542060884748029,392758,185,415802,194,,366388,23044,93,r2_move_g6_c1_p0,case_005,504330,2,73936,73936,481286,8022,0.6577766249993147,mps,341866,86215,"{'0': 86215, '1': 38597}",93060,333414,14592,170916,edf2832ff9f4389fe97d03076b2aa06f297e37e239a9b66cd7dc48c0532c27bd,0,"[93060, 8021.433333333333, -23044, 0]",0.6545596249998198,C,504330,"[86215, 504330, 0, -23044, -366388]",ordinary_chain,/Users/futaoran/Desktop/华为杯2026/2026参赛工作区/2026华为杯idea冻结工作区/实验数据/v7_fast_equiv_20260927_0030,0,AI_VERIFIED
309144,root1:v7_fast_equiv_20260927_0030,0.0,0,0,0.0,0,0,0,0,,0,0,0,L2_base,case_005,642558,3,161664,132480,642558,10710,0.42562016600095376,mps,333822,45541,"{'0': 41559, '1': 45541, '2': 37712}",100313,333414,14592,309144,141bfc4ba82264031ace3b18120c3c04cc5a5418ac41c0cd4374b7b0985efaa3,0,"[128358, 642558, 0]",0.4178082500002347,A,642558,"[45541, 642558, 0, 0, 0]",legacy_seed,/Users/futaoran/Desktop/华为杯2026/2026参赛工作区/2026华为杯idea冻结工作区/实验数据/v7_fast_equiv_20260927_0030,0,AI_VERIFIED
1492040,root1:v7_fast_equiv_20260927_0030,0.0,0,0,0.0,0,0,0,0,,0,0,0,L3_base,case_005,1825454,3,696096,696096,1825454,30425,0.8291272079986811,mps,418670,48111,"{'0': 38282, '1': 38419, '2': 48111}",88696,333414,14592,1492040,2f33eeb9d2291a8a660c072ea6b9a02b2fbd6f175417499af1fe644f903bb1c0,0,"[88631, 1825454, 0]",0.6451500000002852,B,1825454,"[48111, 1825454, 0, 0, 0]",legacy_seed,/Users/futaoran/Desktop/华为杯2026/2026参赛工作区/2026华为杯idea冻结工作区/实验数据/v7_fast_equiv_20260927_0030,0,AI_VERIFIED
1492040,root1:v7_fast_equiv_20260927_0030,1672.1013333333333,132008,75,0.1184176768936261,982758,906,1114766,981,,283244,132008,529,incumbent_split_release_g9_p4,case_005,1825454,3,696096,696096,1693446,28225,0.8436700420006673,mps,418670,48111,"{'0': 38282, '1': 38419, '2': 48111}",86911,333414,14592,1492040,5df81b41124e66b2663a94e8fd8532521a1295dd43a5f0101a62f2c91e556223,0,"[86847, 28224.1, -132008, 0]",0.756076875000872,C,1825454,"[48111, 1825454, 0, -132008, -283244]",timing,/Users/futaoran/Desktop/华为杯2026/2026参赛工作区/2026华为杯idea冻结工作区/实验数据/v7_fast_equiv_20260927_0030,0,AI_VERIFIED
396244,root1:v7_fast_equiv_20260927_0030,0.0,0,0,0.0,0,0,0,0,,0,0,0,A2_base,case_005,729658,4,186544,183376,729658,12161,0.5772175410002092,mps,345146,35308,"{'0': 29080, '1': 34432, '2': 25992, '3': 35308}",100436,333414,14592,396244,4cfd132b7f3319250b156dbdc64cf98b2996da8c39a8fcf9d6d0b735ff71d81e,0,"[131847, 729658, 0]",0.43181675000050745,A,729658,"[35308, 729658, 0, 0, 0]",seed,/Users/futaoran/Desktop/华为杯2026/2026参赛工作区/2026华为杯idea冻结工作区/实验数据/v7_fast_equiv_20260927_0030,0,AI_VERIFIED
1988876,root1:v7_fast_equiv_20260927_0030,0.0,0,0,0.0,0,0,0,0,,0,0,0,L3_base,case_005,2322290,4,927232,927232,2322290,38705,1.1036142499997368,mps,453234,39272,"{'0': 39272, '1': 28417, '2': 27440, '3': 29683}",89742,333414,14592,1988876,ec19fd5543d92e0d7a85f405544f6a294a8212bc631a4bb5202cebae142f4152,0,"[89379, 2322290, 0]",0.9348667499998555,B,2322290,"[39272, 2322290, 0, 0, 0]",legacy_seed,/Users/futaoran/Desktop/华为杯2026/2026参赛工作区/2026华为杯idea冻结工作区/实验数据/v7_fast_equiv_20260927_0030,0,AI_VERIFIED
1492040,root1:v7_fast_equiv_20260927_0030,1672.1013333333333,132008,75,0.1184176768936261,982758,906,1114766,981,,283244,132008,529,incumbent_split_release_g4_p4,case_005,1825454,4,696096,696096,1693446,28225,1.3406744160001836,mps,418670,48111,"{'0': 38282, '1': 38419, '2': 48111}",86911,333414,14592,1492040,9984c2671d7a21b6236701465e83243701e7fa9ece32adb85399fe37af7b4e2d,0,"[86847, 28224.1, -132008, 0]",1.0948742079999647,C,1825454,"[48111, 1825454, 0, -132008, -283244]",timing,/Users/futaoran/Desktop/华为杯2026/2026参赛工作区/2026华为杯idea冻结工作区/实验数据/v7_fast_equiv_20260927_0030,0,AI_VERIFIED
509886,root1:v7_fast_equiv_20260927_0030,0.0,0,0,0.0,0,0,0,0,,0,0,0,A2_base,case_005,843300,5,249120,225216,843300,14055,0.8976152499999444,mps,354372,27253,"{'0': 21970, '1': 26053, '2': 27198, '3': 22338, '4': 27253}",103872,333414,14592,509886,f40057aa247b14111a0fdc483f46456bd00f5d5df5a66c1b67e4793d7d5473ea,0,"[135221, 843300, 0]",0.5617544579999958,A,843300,"[27253, 843300, 0, 0, 0]",seed,/Users/futaoran/Desktop/华为杯2026/2026参赛工作区/2026华为杯idea冻结工作区/实验数据/v7_fast_equiv_20260927_0030,0,AI_VERIFIED
2220398,root1:v7_fast_equiv_20260927_0030,0.0,0,0,0.0,0,0,0,0,,0,0,0,L3_base,case_005,2553812,5,1045296,1045296,2553812,42564,1.1638013749998208,mps,448628,42564,"{'0': 23146, '1': 21670, '2': 25388, '3': 31231, '4': 23377}",92814,333414,14592,2220398,7070f60ab29865a7ed205896425152f338a56f45c993948d6d5d9848dd6d8a99,0,"[92208, 2553812, 0]",1.08881004199975,B,2553812,"[42564, 2553812, 0, 0, 0]",legacy_seed,/Users/futaoran/Desktop/华为杯2026/2026参赛工作区/2026华为杯idea冻结工作区/实验数据/v7_fast_equiv_20260927_0030,0,AI_VERIFIED
1492040,root1:v7_fast_equiv_20260927_0030,1672.1013333333333,132008,75,0.1184176768936261,982758,906,1114766,981,,283244,132008,529,incumbent_split_release_g4_p4,case_005,1825454,5,696096,696096,1693446,28225,0.8733865829999559,mps,418670,48111,"{'0': 38282, '1': 38419, '2': 48111}",86911,333414,14592,1492040,d5a82aaffc551d98eab324b16d9349ffea4eaecda619b2074ca4e95cdc7a6681,0,"[86847, 28224.1, -132008, 0]",0.819860499999777,C,1825454,"[48111, 1825454, 0, -132008, -283244]",timing,/Users/futaoran/Desktop/华为杯2026/2026参赛工作区/2026华为杯idea冻结工作区/实验数据/v7_fast_equiv_20260927_0030,0,AI_VERIFIED
1385412,root1:v7_fast_equiv_20260927_0030,0.0,0,0,0.0,0,0,0,0,,0,0,0,L3_base,case_010,1769562,1,559746,559746,1769562,29493,0.11488179199841397,mps,649998,100106,{'0': 100106},78330,384150,72,1385412,ef0ed7c196137189dffbdf6a3f812bd0c8bc1100e483e9d45e01e0026bd15b25,185280,"[94603, 1769562, 0]",0.09970541700022295,A,1769562,"[100106, 1769562, 185280, 0, 0]",legacy_seed,/Users/futaoran/Desktop/华为杯2026/2026参赛工作区/2026华为杯idea冻结工作区/实验数据/v7_fast_equiv_20260927_0030,0,AI_VERIFIED
224256,root1:v7_fast_equiv_20260927_0030,0.0,0,0,0.0,0,0,0,0,,0,0,0,B3_base,case_010,384150,1,0,0,384150,6403,0.07025120800062723,mps,384078,100106,{'0': 100106},81326,384150,72,0,354bd5fd8fd1ec0ffda309b3efb2af346b81367ec646be3a27fe82951529a8a9,98304,"[81203, 608406, 224256]",0.10473875000025146,B,608406,"[100106, 384150, 98304, 0, 0]",seed,/Users/futaoran/Desktop/华为杯2026/2026参赛工作区/2026华为杯idea冻结工作区/实验数据/v7_fast_equiv_20260927_0030,224256,AI_VERIFIED
224256,root1:v7_fast_equiv_20260927_0030,0.0,0,0,0.0,496206,93,384078,93,,1568832,0,0,incumbent_split_release_g0_p4,case_010,384150,1,0,0,384150,6403,0.10120520900090924,mps,384078,100106,{'0': 100106},79774,384150,72,0,cbf9e4f1f96bb0df89e372957699ef29639cd2a0dbcc9b4536b50eadd864d8a9,98304,"[79651, 10140.1, 0, 224256]",0.07585799999833398,C,608406,"[100106, 384150, 98304, 0, -1568832]",timing,/Users/futaoran/Desktop/华为杯2026/2026参赛工作区/2026华为杯idea冻结工作区/实验数据/v7_fast_equiv_20260927_0030,224256,AI_VERIFIED
48384,root1:v7_fast_equiv_20260927_0030,0.0,0,0,0.0,0,0,0,0,,0,0,0,L1_base,case_010,432534,2,0,0,432534,7209,0.1065201250003156,mps,432462,50105,"{'0': 50105, '1': 50001}",46568,384150,72,48384,32926423a05f2456744eff684f49b21f821bf58b065b58f95cc8b5ab7aa24e05,0,"[52633, 432534, 0]",0.07088612499865121,A,432534,"[50105, 432534, 0, 0, 0]",legacy_seed,/Users/futaoran/Desktop/华为杯2026/2026参赛工作区/2026华为杯idea冻结工作区/实验数据/v7_fast_equiv_20260927_0030,0,AI_VERIFIED
48384,root1:v7_fast_equiv_20260927_0030,0.0,0,0,0.0,0,0,0,0,,0,0,0,L1_base,case_010,432534,2,0,0,432534,7209,0.08536154099965643,mps,432462,50105,"{'0': 50105, '1': 50001}",46568,384150,72,48384,32926423a05f2456744eff684f49b21f821bf58b065b58f95cc8b5ab7aa24e05,0,"[46294, 432534, 0]",0.07501754199984134,B,432534,"[50105, 432534, 0, 0, 0]",legacy_seed,/Users/futaoran/Desktop/华为杯2026/2026参赛工作区/2026华为杯idea冻结工作区/实验数据/v7_fast_equiv_20260927_0030,0,AI_VERIFIED
48384,root1:v7_fast_equiv_20260927_0030,612.864,48384,9,0.11188035018105637,384078,93,432462,102,,96832,48384,194,incumbent_split_release_g0_p4,case_010,432534,2,0,0,384150,6403,0.07731054199939535,mps,432462,55567,"{'0': 44539, '1': 55567}",41774,384150,72,48384,668218595e1822b1007f688c72644fa28f7860380b1550f02d694b7d0724b8dd,0,"[41741, 6402.5, -48384, 0]",0.08101958299994294,C,432534,"[55567, 432534, 0, -48384, -96832]",timing,/Users/futaoran/Desktop/华为杯2026/2026参赛工作区/2026华为杯idea冻结工作区/实验数据/v7_fast_equiv_20260927_0030,0,AI_VERIFIED
69120,root1:v7_fast_equiv_20260927_0030,0.0,0,0,0.0,0,0,0,0,,0,0,0,L1_base,case_010,453270,3,0,0,453270,7555,0.0839817080013745,mps,453198,33495,"{'0': 33332, '1': 33279, '2': 33495}",32889,384150,72,69120,805c08eba7a898212f73d2fe0c31775df3cc8e41935b73c2edcc6e7cfee0c533,0,"[35545, 453270, 0]",0.07836712500102294,A,453270,"[33495, 453270, 0, 0, 0]",legacy_seed,/Users/futaoran/Desktop/华为杯2026/2026参赛工作区/2026华为杯idea冻结工作区/实验数据/v7_fast_equiv_20260927_0030,0,AI_VERIFIED
69120,root1:v7_fast_equiv_20260927_0030,0.0,0,0,0.0,0,0,0,0,,0,0,0,L1_base,case_010,453270,3,0,0,453270,7555,0.09197433300141711,mps,453198,33495,"{'0': 33332, '1': 33279, '2': 33495}",32889,384150,72,69120,805c08eba7a898212f73d2fe0c31775df3cc8e41935b73c2edcc6e7cfee0c533,0,"[32341, 453270, 0]",0.07143983300011314,B,453270,"[33495, 453270, 0, 0, 0]",legacy_seed,/Users/futaoran/Desktop/华为杯2026/2026参赛工作区/2026华为杯idea冻结工作区/实验数据/v7_fast_equiv_20260927_0030,0,AI_VERIFIED
91008,root1:v7_fast_equiv_20260927_0030,569.088,44928,9,0.0993881153687899,407118,98,452046,107,,221184,44928,180,r9_capacity_g1_back,case_010,475158,3,23040,23040,430230,7171,0.09356045899949095,mps,429006,37041,"{'0': 28759, '1': 37041, '2': 34306}",30412,384150,72,91008,4660e11ad060d723f4abe998f2a8cc1247578acca176cb54a50183554b4bdec4,0,"[30346, 7170.5, -44928, 0]",0.05984037500093109,C,475158,"[37041, 475158, 0, -44928, -221184]",ordinary_chain,/Users/futaoran/Desktop/华为杯2026/2026参赛工作区/2026华为杯idea冻结工作区/实验数据/v7_fast_equiv_20260927_0030,0,AI_VERIFIED
96768,root1:v7_fast_equiv_20260927_0030,0.0,0,0,0.0,0,0,0,0,,0,0,0,L1_base,case_010,480918,4,0,0,480918,8016,0.0866962500003865,mps,480846,28759,"{'0': 28759, '1': 23927, '2': 23568, '3': 23852}",29918,384150,72,96768,ffd662fa62a2bf7d38ec9335a80f5df85019bef00cc790dc95d2d15538728e30,0,"[30897, 480918, 0]",0.06940920799934247,A,480918,"[28759, 480918, 0, 0, 0]",legacy_seed,/Users/futaoran/Desktop/华为杯2026/2026参赛工作区/2026华为杯idea冻结工作区/实验数据/v7_fast_equiv_20260927_0030,0,AI_VERIFIED
96768,root1:v7_fast_equiv_20260927_0030,0.0,0,0,0.0,0,0,0,0,,0,0,0,L1_base,case_010,480918,4,0,0,480918,8016,0.07842058400092355,mps,480846,28759,"{'0': 28759, '1': 23927, '2': 23568, '3': 23852}",29918,384150,72,96768,ffd662fa62a2bf7d38ec9335a80f5df85019bef00cc790dc95d2d15538728e30,0,"[29034, 480918, 0]",0.06983854099962628,B,480918,"[28759, 480918, 0, 0, 0]",legacy_seed,/Users/futaoran/Desktop/华为杯2026/2026参赛工作区/2026华为杯idea冻结工作区/实验数据/v7_fast_equiv_20260927_0030,0,AI_VERIFIED
96768,root1:v7_fast_equiv_20260927_0030,890.112,65664,12,0.13655931420870715,415182,99,480846,111,,58176,70272,282,incumbent_split_release_g3_p4,case_010,480918,4,0,0,410646,6845,0.0955193749996397,mps,480846,28759,"{'0': 28759, '1': 23927, '2': 23568, '3': 23852}",29845,384150,72,96768,9bfeddfb84ca2faf4f8067a0d70540ae5217b7d5a3543e57c330528737f82892,0,"[29034, 6402.5, -96768, 0]",0.09243462499944144,C,480918,"[28759, 480918, 0, -70272, -58176]",timing,/Users/futaoran/Desktop/华为杯2026/2026参赛工作区/2026华为杯idea冻结工作区/实验数据/v7_fast_equiv_20260927_0030,0,AI_VERIFIED
145152,root1:v7_fast_equiv_20260927_0030,0.0,0,0,0.0,0,0,0,0,,0,0,0,L1_base,case_010,529302,5,0,0,529302,8822,0.10380500000064785,mps,529230,28759,"{'0': 28759, '1': 17829, '2': 17909, '3': 17768, '4': 17841}",31019,384150,72,145152,85cc2fef29e5ebf4df84923330a346ececa1cebf7fc2fce9bdea45e208435764,0,"[30897, 529302, 0]",0.062057874998572515,A,529302,"[28759, 529302, 0, 0, 0]",legacy_seed,/Users/futaoran/Desktop/华为杯2026/2026参赛工作区/2026华为杯idea冻结工作区/实验数据/v7_fast_equiv_20260927_0030,0,AI_VERIFIED
145152,root1:v7_fast_equiv_20260927_0030,0.0,0,0,0.0,0,0,0,0,,0,0,0,L1_base,case_010,529302,5,0,0,529302,8822,0.12734062500021537,mps,529230,28759,"{'0': 28759, '1': 17829, '2': 17909, '3': 17768, '4': 17841}",31019,384150,72,145152,85cc2fef29e5ebf4df84923330a346ececa1cebf7fc2fce9bdea45e208435764,0,"[29034, 529302, 0]",0.09060083400072472,B,529302,"[28759, 529302, 0, 0, 0]",legacy_seed,/Users/futaoran/Desktop/华为杯2026/2026参赛工作区/2026华为杯idea冻结工作区/实验数据/v7_fast_equiv_20260927_0030,0,AI_VERIFIED
145920,root1:v7_fast_equiv_20260927_0030,557.7386666666666,67072,9,0.13058834066049602,446542,104,513614,113,,0,44032,177,incumbent_disperse_tid_147_node_234_core_3_pos_0,case_010,530070,5,16384,16384,486038,8101,0.13932437500079686,mps,497230,28491,"{'0': 28491, '3': 24120, '1': 23927, '2': 23568}",29880,384150,72,145920,bb5f59e5f5992631f9b735cd1fda6385e9df43158e0c9f6719be40fccf62dfa7,0,"[28766, 7409.433333333333, -85504, 0]",0.11123183400013659,C,530070,"[28491, 530070, 0, -44032, 0]",disperse,/Users/futaoran/Desktop/华为杯2026/2026参赛工作区/2026华为杯idea冻结工作区/实验数据/v7_fast_equiv_20260927_0030,0,AI_VERIFIED
1107456,root1:v7_fast_equiv_20260927_0030,0.0,0,0,0.0,0,0,0,0,,0,0,0,A3_base,case_017,1728790,1,475136,429056,1728790,28814,0.24629054199976963,mps,715854,177802,{'0': 177802},165689,643862,108744,1084928,dcacb380b97c27d2be9ff5a79145ba80f2971fe35b77da6a62f21bf0c82a0028,0,"[176916, 1751318, 22528]",0.20967550000023039,A,1751318,"[177802, 1728790, 0, 0, 0]",seed,/Users/futaoran/Desktop/华为杯2026/2026参赛工作区/2026华为杯idea冻结工作区/实验数据/v7_fast_equiv_20260927_0030,22528,AI_VERIFIED
180224,root1:v7_fast_equiv_20260927_0030,0.0,0,0,0.0,0,0,0,0,,0,0,0,B2_base,case_017,643862,1,0,0,643862,10732,0.20455441599915503,mps,535118,177802,{'0': 177802},149759,643862,108744,0,dcacb380b97c27d2be9ff5a79145ba80f2971fe35b77da6a62f21bf0c82a0028,0,"[149759, 824086, 180224]",0.16423704199951317,B,824086,"[177802, 643862, 0, 0, 0]",seed,/Users/futaoran/Desktop/华为杯2026/2026参赛工作区/2026华为杯idea冻结工作区/实验数据/v7_fast_equiv_20260927_0030,180224,AI_VERIFIED
180224,root1:v7_fast_equiv_20260927_0030,0.0,22528,0,0.03539389216551923,613966,257,535118,257,,234496,0,0,incumbent_aggregate,case_017,643862,1,0,0,643862,10732,0.26103758300087065,mps,535118,177802,{'0': 177802},149367,643862,108744,0,34703b265954a7ad17f84c4effa661ab3235a529c5d321e39b05cc59a7890981,0,"[149367, 13359.3, -22528, 180224]",0.20239883300018846,C,824086,"[177802, 643862, 0, 0, -234496]",aggregate,/Users/futaoran/Desktop/华为杯2026/2026参赛工作区/2026华为杯idea冻结工作区/实验数据/v7_fast_equiv_20260927_0030,180224,AI_VERIFIED
87552,root1:v7_fast_equiv_20260927_0030,0.0,0,0,0.0,0,0,0,0,,0,0,0,L1_base,case_017,731414,2,0,0,731414,12191,0.25354595799944946,mps,622670,89062,"{'0': 88740, '1': 89062}",81772,643862,108744,87552,c4c948863aa79a57348d7719de80e03d77263c02951d8e9646e9f85d9a55c1c9,0,"[90711, 731414, 0]",0.1769557919997169,A,731414,"[89062, 731414, 0, 0, 0]",legacy_seed,/Users/futaoran/Desktop/华为杯2026/2026参赛工作区/2026华为杯idea冻结工作区/实验数据/v7_fast_equiv_20260927_0030,0,AI_VERIFIED
87552,root1:v7_fast_equiv_20260927_0030,0.0,0,0,0.0,0,0,0,0,,0,0,0,L1_base,case_017,731414,2,0,0,731414,12191,0.253615458999775,mps,622670,89062,"{'0': 88740, '1': 89062}",81772,643862,108744,87552,c4c948863aa79a57348d7719de80e03d77263c02951d8e9646e9f85d9a55c1c9,0,"[81737, 731414, 0]",0.23471195900128805,B,731414,"[89062, 731414, 0, 0, 0]",legacy_seed,/Users/futaoran/Desktop/华为杯2026/2026参赛工作区/2026华为杯idea冻结工作区/实验数据/v7_fast_equiv_20260927_0030,0,AI_VERIFIED
180224,root1:v7_fast_equiv_20260927_0030,0.0,22528,0,0.03539389216551923,613966,257,535118,257,,234496,0,0,lower_core_base,case_017,643862,2,0,0,643862,10732,0.22085595800126612,mps,535118,177802,{'0': 177802},149367,643862,108744,0,a31dd441ad743142be9e629a17779a1ac74a554bbc92334cc8c4d70be366c695,0,"[149367, 13359.3, -22528, 180224]",0.23344333299974096,C,824086,"[177802, 643862, 0, 0, -234496]",lower_core,/Users/futaoran/Desktop/华为杯2026/2026参赛工作区/2026华为杯idea冻结工作区/实验数据/v7_fast_equiv_20260927_0030,180224,AI_VERIFIED
175104,root1:v7_fast_equiv_20260927_0030,0.0,0,0,0.0,0,0,0,0,,0,0,0,L1_base,case_017,818966,3,0,0,818966,13650,0.2217028750001191,mps,710222,59359,"{'0': 59359, '1': 59355, '2': 59088}",55389,643862,108744,175104,8746382f7c2a1f5d53f8718aa15afe643ea48fce568d433525f7be0562ecdaa8,0,"[61192, 818966, 0]",0.18081062500095868,A,818966,"[59359, 818966, 0, 0, 0]",legacy_seed,/Users/futaoran/Desktop/华为杯2026/2026参赛工作区/2026华为杯idea冻结工作区/实验数据/v7_fast_equiv_20260927_0030,0,AI_VERIFIED
175104,root1:v7_fast_equiv_20260927_0030,0.0,0,0,0.0,0,0,0,0,,0,0,0,L1_base,case_017,818966,3,0,0,818966,13650,0.22749533299975155,mps,710222,59359,"{'0': 59359, '1': 59355, '2': 59088}",55389,643862,108744,175104,8746382f7c2a1f5d53f8718aa15afe643ea48fce568d433525f7be0562ecdaa8,0,"[55281, 818966, 0]",0.23533800000041083,B,818966,"[59359, 818966, 0, 0, 0]",legacy_seed,/Users/futaoran/Desktop/华为杯2026/2026参赛工作区/2026华为杯idea冻结工作区/实验数据/v7_fast_equiv_20260927_0030,0,AI_VERIFIED
178176,root1:v7_fast_equiv_20260927_0030,363.1786666666667,97792,11,0.13729625001754953,614478,264,712270,275,,1152,28672,115,incumbent_disperse_tid_2964_node_2968_core_2_pos_0,case_017,822038,3,1024,1024,793366,13223,0.26843558300060977,mps,711246,59388,"{'0': 59359, '1': 59055, '2': 59388}",55154,643862,108744,178176,3007ad2d807dd20e4c9c749a84e2445f828084dece49d7cfbec1eb4a8dd65442,0,"[55037, 12070.766666666666, -97792, 0]",0.2698928329991759,C,822038,"[59388, 822038, 0, -28672, -1152]",disperse,/Users/futaoran/Desktop/华为杯2026/2026参赛工作区/2026华为杯idea冻结工作区/实验数据/v7_fast_equiv_20260927_0030,0,AI_VERIFIED
253440,root1:v7_fast_equiv_20260927_0030,0.0,0,0,0.0,0,0,0,0,,0,0,0,L1_base,case_017,897302,4,0,0,897302,14956,0.3349675000008574,mps,788558,44683,"{'0': 44385, '1': 44683, '2': 44389, '3': 44345}",41209,643862,108744,253440,97824cfc534af0b6150a068854e5424126b728fe9c92912d573eb1e90e8e392c,0,"[46132, 897302, 0]",0.21680641700004344,A,897302,"[44683, 897302, 0, 0, 0]",legacy_seed,/Users/futaoran/Desktop/华为杯2026/2026参赛工作区/2026华为杯idea冻结工作区/实验数据/v7_fast_equiv_20260927_0030,0,AI_VERIFIED
253440,root1:v7_fast_equiv_20260927_0030,0.0,0,0,0.0,0,0,0,0,,0,0,0,L1_base,case_017,897302,4,0,0,897302,14956,0.2574165410005662,mps,788558,44683,"{'0': 44385, '1': 44683, '2': 44389, '3': 44345}",41209,643862,108744,253440,97824cfc534af0b6150a068854e5424126b728fe9c92912d573eb1e90e8e392c,0,"[40844, 897302, 0]",0.25247720800143725,B,897302,"[44683, 897302, 0, 0, 0]",legacy_seed,/Users/futaoran/Desktop/华为杯2026/2026参赛工作区/2026华为杯idea冻结工作区/实验数据/v7_fast_equiv_20260927_0030,0,AI_VERIFIED
253440,root1:v7_fast_equiv_20260927_0030,306.432,251136,9,0.31847498852335526,537422,270,788558,279,,0,24192,97,event_timing_tid_2877_miss_2_bytes_4608_front,case_017,897302,4,0,0,873110,14552,0.27505883400044695,mps,788558,44683,"{'0': 44385, '1': 44683, '2': 44389, '3': 44345}",41209,643862,108744,253440,3b84215c77639b86b3d5a32a24180ec430a016fd5fb75c4b5dde3fdca3073edb,0,"[40844, 10731.033333333333, -253440, 0]",0.19791537500168488,C,897302,"[44683, 897302, 0, -24192, 0]",event_timing,/Users/futaoran/Desktop/华为杯2026/2026参赛工作区/2026华为杯idea冻结工作区/实验数据/v7_fast_equiv_20260927_0030,0,AI_VERIFIED
338688,root1:v7_fast_equiv_20260927_0030,0.0,0,0,0.0,0,0,0,0,,0,0,0,L1_base,case_017,982550,5,0,0,982550,16376,0.26846404199932294,mps,873806,35754,"{'0': 35715, '1': 35488, '2': 35421, '3': 35754, '4': 35424}",34231,643862,108744,338688,5d9f1d59fbdbdc80584f9a227c4f45d0528f6e024659e0241ef63425f53558b7,0,"[37426, 982550, 0]",0.19790758400085906,A,982550,"[35754, 982550, 0, 0, 0]",legacy_seed,/Users/futaoran/Desktop/华为杯2026/2026参赛工作区/2026华为杯idea冻结工作区/实验数据/v7_fast_equiv_20260927_0030,0,AI_VERIFIED
338688,root1:v7_fast_equiv_20260927_0030,0.0,0,0,0.0,0,0,0,0,,0,0,0,L1_base,case_017,982550,5,0,0,982550,16376,0.2621203329999844,mps,873806,35754,"{'0': 35715, '1': 35488, '2': 35421, '3': 35754, '4': 35424}",34231,643862,108744,338688,5d9f1d59fbdbdc80584f9a227c4f45d0528f6e024659e0241ef63425f53558b7,0,"[33591, 982550, 0]",0.22886741700131097,B,982550,"[35754, 982550, 0, 0, 0]",legacy_seed,/Users/futaoran/Desktop/华为杯2026/2026参赛工作区/2026华为杯idea冻结工作区/实验数据/v7_fast_equiv_20260927_0030,0,AI_VERIFIED
338688,root1:v7_fast_equiv_20260927_0030,437.76,188928,14,0.21621275202962673,684878,271,873806,285,,0,34560,139,event_timing_tid_3_miss_3_bytes_73728_front,case_017,982550,5,0,0,947990,15800,0.27129979099845514,mps,873806,35754,"{'0': 35715, '1': 35488, '2': 35421, '3': 35754, '4': 35424}",34231,643862,108744,338688,464b673022fb5b088d293e35da8986d44ad044b1ad23dea3c30fab73760a5644,0,"[33591, 10731.033333333333, -338688, 0]",0.23249945800125715,C,982550,"[35754, 982550, 0, -34560, 0]",event_timing,/Users/futaoran/Desktop/华为杯2026/2026参赛工作区/2026华为杯idea冻结工作区/实验数据/v7_fast_equiv_20260927_0030,0,AI_VERIFIED
26804224,root1:v7_fast_equiv_20260927_0030,0.0,0,0,0.0,0,0,0,0,,0,0,0,A2_base,case_041,5378012,1,20480,20480,5378012,89634,4.754315833999499,mps,5336064,6502990,{'0': 6502990},6019578,4949980,988,428032,4677cedf9d8db8eed3cfc3580d5d894fa5bfd527ec77483d21cf0e3000370ccd,2561024,"[6525460, 31754204, 26376192]",4.409132333999878,A,31754204,"[6502990, 5378012, 2561024, 0, 0]",seed,/Users/futaoran/Desktop/华为杯2026/2026参赛工作区/2026华为杯idea冻结工作区/实验数据/v7_fast_equiv_20260927_0030,26376192,AI_VERIFIED
66846720,root1:v7_fast_equiv_20260927_0030,0.0,0,0,0.0,0,0,0,0,,0,0,0,B2_base,case_041,4949980,1,0,0,4949980,82500,11.220449374999589,mps,4948992,6502990,{'0': 6502990},6299206,4949980,988,0,3f8aeb665433360317fdad7e476aa887c37fb2e22a41065e314f59fa4bd192a2,23313408,"[6225276, 71796700, 66846720]",11.569670582999606,B,71796700,"[6502990, 4949980, 23313408, 0, 0]",seed,/Users/futaoran/Desktop/华为杯2026/2026参赛工作区/2026华为杯idea冻结工作区/实验数据/v7_fast_equiv_20260927_0030,66846720,AI_VERIFIED
30898176,root1:v7_fast_equiv_20260927_0030,0.0,3643392,0,0.10163681549404405,32203776,1061,4948992,1061,,0,0,0,incumbent_base,case_041,4949980,1,0,0,4949980,82500,9.904747833001238,mps,4948992,6502990,{'0': 6502990},6001575,4949980,988,0,727befc5bd821bdc12309e8d820075590819035055e33c4da63b4c0fd5bcc5f2,2561024,"[5998529, 536746.0666666667, -3643392, 30898176]",9.426941290999821,C,35848156,"[6502990, 4949980, 2561024, 0, 0]",incumbent,/Users/futaoran/Desktop/华为杯2026/2026参赛工作区/2026华为杯idea冻结工作区/实验数据/v7_fast_equiv_20260927_0030,30898176,AI_VERIFIED
33669120,root1:v7_fast_equiv_20260927_0030,0.0,0,0,0.0,0,0,0,0,,0,0,0,L1_base,case_041,9843676,2,0,0,9843676,164062,5.49597462499878,mps,9842688,3252171,"{'0': 3250819, '1': 3252171}",2990398,4949980,988,4893696,5dde44557140d9c418700bc245b4ef5330132cc3cd408adde7f6016a33bbaf85,4409344,"[3292340, 38619100, 28775424]",5.103699041999789,A,38619100,"[3252171, 9843676, 4409344, 0, 0]",legacy_seed,/Users/futaoran/Desktop/华为杯2026/2026参赛工作区/2026华为杯idea冻结工作区/实验数据/v7_fast_equiv_20260927_0030,28775424,AI_VERIFIED
33669120,root1:v7_fast_equiv_20260927_0030,0.0,0,0,0.0,0,0,0,0,,0,0,0,L1_base,case_041,9843676,2,0,0,9843676,164062,7.018793208999341,mps,9842688,3252171,"{'0': 3250819, '1': 3252171}",2990398,4949980,988,4893696,5dde44557140d9c418700bc245b4ef5330132cc3cd408adde7f6016a33bbaf85,4409344,"[2986794, 38619100, 28775424]",7.785933291999754,B,38619100,"[3252171, 9843676, 4409344, 0, 0]",legacy_seed,/Users/futaoran/Desktop/华为杯2026/2026参赛工作区/2026华为杯idea冻结工作区/实验数据/v7_fast_equiv_20260927_0030,28775424,AI_VERIFIED
30898176,root1:v7_fast_equiv_20260927_0030,0.0,3643392,0,0.10163681549404405,32203776,1061,4948992,1061,,0,0,0,C0_base,case_041,4949980,2,0,0,4949980,82500,9.984901791000084,mps,4948992,6502990,{'0': 6502990},6001575,4949980,988,0,663da8a9173044041ad33f84a118e2088a2db3b888f84e8c8dc11e1087543d7b,2561024,"[5998529, 536746.0666666667, -3643392, 30898176]",10.242789542000537,C,35848156,"[6502990, 4949980, 2561024, 0, 0]",seed,/Users/futaoran/Desktop/华为杯2026/2026参赛工作区/2026华为杯idea冻结工作区/实验数据/v7_fast_equiv_20260927_0030,30898176,AI_VERIFIED
34851840,root1:v7_fast_equiv_20260927_0030,0.0,0,0,0.0,0,0,0,0,,0,0,0,L1_base,case_041,14737372,3,0,0,14737372,245623,4.70820300000014,mps,14736384,2169468,"{'0': 2168090, '1': 2169468, '2': 2165432}",1991911,4949980,988,9787392,b636e9f12671469a2cf1599c85f4926126261f9e73d68a3a638765d86e45629d,5024768,"[2198570, 39801820, 25064448]",4.625665499999741,A,39801820,"[2169468, 14737372, 5024768, 0, 0]",legacy_seed,/Users/futaoran/Desktop/华为杯2026/2026参赛工作区/2026华为杯idea冻结工作区/实验数据/v7_fast_equiv_20260927_0030,25064448,AI_VERIFIED
34851840,root1:v7_fast_equiv_20260927_0030,0.0,0,0,0.0,0,0,0,0,,0,0,0,L1_base,case_041,14737372,3,0,0,14737372,245623,5.3352897919994575,mps,14736384,2169468,"{'0': 2168090, '1': 2169468, '2': 2165432}",1991911,4949980,988,9787392,b636e9f12671469a2cf1599c85f4926126261f9e73d68a3a638765d86e45629d,5024768,"[1987606, 39801820, 25064448]",4.980036249999102,B,39801820,"[2169468, 14737372, 5024768, 0, 0]",legacy_seed,/Users/futaoran/Desktop/华为杯2026/2026参赛工作区/2026华为杯idea冻结工作区/实验数据/v7_fast_equiv_20260927_0030,25064448,AI_VERIFIED
34851840,root1:v7_fast_equiv_20260927_0030,39884.799999999996,10368000,897,0.2604970669959864,29432832,2254,14736384,3151,,0,3148800,12596,event_timing_tid_1000000409_miss_9_bytes_55296_front,case_041,14737372,3,0,0,11588572,193143,5.7448080419999314,mps,14736384,2169468,"{'0': 2168090, '1': 2169468, '2': 2165432}",1989953,4949980,988,9787392,5464eeb188bc66da2e069ad99b80eb594318394820cba6d8287d49a8958bd343,5024768,"[1987007, 489181.26666666666, -10450944, 25064448]",5.339893207999921,C,39801820,"[2169468, 14737372, 5024768, -3148800, 0]",event_timing,/Users/futaoran/Desktop/华为杯2026/2026参赛工作区/2026华为杯idea冻结工作区/实验数据/v7_fast_equiv_20260927_0030,25064448,AI_VERIFIED
39094272,root1:v7_fast_equiv_20260927_0030,0.0,0,0,0.0,0,0,0,0,,0,0,0,L1_base,case_041,19299292,4,0,0,19299292,321655,8.36383937499886,mps,19298304,1628084,"{'0': 1626719, '1': 1628084, '2': 1624100, '3': 1624087}",1499144,4949980,988,14349312,26407e2710286fcf9b43cf2f1b2a3add728fc03a162b3d20e4caa3fc46d30826,5320704,"[1658914, 44044252, 24744960]",3.7801204580009653,A,44044252,"[1628084, 19299292, 5320704, 0, 0]",legacy_seed,/Users/futaoran/Desktop/华为杯2026/2026参赛工作区/2026华为杯idea冻结工作区/实验数据/v7_fast_equiv_20260927_0030,24744960,AI_VERIFIED
39094272,root1:v7_fast_equiv_20260927_0030,0.0,0,0,0.0,0,0,0,0,,0,0,0,L1_base,case_041,19299292,4,0,0,19299292,321655,5.560801375000665,mps,19298304,1628084,"{'0': 1626719, '1': 1628084, '2': 1624100, '3': 1624087}",1499144,4949980,988,14349312,26407e2710286fcf9b43cf2f1b2a3add728fc03a162b3d20e4caa3fc46d30826,5320704,"[1492795, 44044252, 24744960]",9.365541834000396,B,44044252,"[1628084, 19299292, 5320704, 0, 0]",legacy_seed,/Users/futaoran/Desktop/华为杯2026/2026参赛工作区/2026华为杯idea冻结工作区/实验数据/v7_fast_equiv_20260927_0030,24744960,AI_VERIFIED
34851840,root1:v7_fast_equiv_20260927_0030,39884.799999999996,10368000,897,0.2604970669959864,29432832,2254,14736384,3151,,0,3148800,12596,lower_core_base,case_041,14737372,4,0,0,11588572,193143,6.522137167001347,mps,14736384,2169468,"{'0': 2168090, '1': 2169468, '2': 2165432}",1989953,4949980,988,9787392,842a495001fc30a5db04c96c8645ffd89c643aeb64f11185b12558f57b24aa67,5024768,"[1987007, 489181.26666666666, -10450944, 25064448]",5.978077874999144,C,39801820,"[2169468, 14737372, 5024768, -3148800, 0]",lower_core,/Users/futaoran/Desktop/华为杯2026/2026参赛工作区/2026华为杯idea冻结工作区/实验数据/v7_fast_equiv_20260927_0030,25064448,AI_VERIFIED
40673280,root1:v7_fast_equiv_20260927_0030,0.0,0,0,0.0,0,0,0,0,,0,0,0,L1_base,case_041,23001052,5,0,0,23001052,383351,4.951730333001251,mps,23000064,1301508,"{'0': 1298671, '1': 1301443, '2': 1299860, '3': 1301508, '4': 1301508}",1201884,4949980,988,18051072,8968bc64c8f1051b84ca4a5f94d7cb6ced8addfc9626e8134efddfad20a8b8e9,5048320,"[1328202, 45623260, 22622208]",4.264901833999829,A,45623260,"[1301508, 23001052, 5048320, 0, 0]",legacy_seed,/Users/futaoran/Desktop/华为杯2026/2026参赛工作区/2026华为杯idea冻结工作区/实验数据/v7_fast_equiv_20260927_0030,22622208,AI_VERIFIED
40673280,root1:v7_fast_equiv_20260927_0030,0.0,0,0,0.0,0,0,0,0,,0,0,0,L1_base,case_041,23001052,5,0,0,23001052,383351,7.73666754199985,mps,23000064,1301508,"{'0': 1298671, '1': 1301443, '2': 1299860, '3': 1301508, '4': 1301508}",1201884,4949980,988,18051072,8968bc64c8f1051b84ca4a5f94d7cb6ced8addfc9626e8134efddfad20a8b8e9,5048320,"[1191718, 45623260, 22622208]",6.618918207999741,B,45623260,"[1301508, 23001052, 5048320, 0, 0]",legacy_seed,/Users/futaoran/Desktop/华为杯2026/2026参赛工作区/2026华为杯idea冻结工作区/实验数据/v7_fast_equiv_20260927_0030,22622208,AI_VERIFIED
40673280,root1:v7_fast_equiv_20260927_0030,87162.88,14902272,1827,0.32664467039256617,30720000,3161,23000064,4988,,0,6881280,27526,event_timing_tid_1000010481_miss_10_bytes_61440_front,case_041,23001052,5,0,0,16119772,268663,11.031305375001466,mps,23000064,1301508,"{'0': 1298671, '1': 1301443, '2': 1299860, '3': 1301508, '4': 1301508}",1194643,4949980,988,18051072,c551fe23bd2f7a498dff51a64de19f1838070d875187c754b6ec75885a96cb57,5048320,"[1191329, 513706.06666666665, -14800896, 22622208]",5.56730966699979,C,45623260,"[1301508, 23001052, 5048320, -6881280, 0]",event_timing,/Users/futaoran/Desktop/华为杯2026/2026参赛工作区/2026华为杯idea冻结工作区/实验数据/v7_fast_equiv_20260927_0030,22622208,AI_VERIFIED
1523410,root1:v7_fast_equiv_20260927_0030,0.0,0,0,0.0,0,0,0,0,,0,0,0,L3_base,case_043,2905372,1,731152,731152,2905372,48423,3.5294745829996828,mps,1442942,861593,{'0': 861593},679437,1431122,126,1474250,27fc664cc8603a902c68b045a375ca96d1bc818dfd71f83fbb2172d6324f1e11,98378,"[833900, 2954532, 49160]",1.5577160000011645,A,2954532,"[861593, 2905372, 98378, 0, 0]",legacy_seed,/Users/futaoran/Desktop/华为杯2026/2026参赛工作区/2026华为杯idea冻结工作区/实验数据/v7_fast_equiv_20260927_0030,49160,AI_VERIFIED
530098,root1:v7_fast_equiv_20260927_0030,0.0,0,0,0.0,0,0,0,0,,0,0,0,B3_base,case_043,1431122,1,0,0,1431122,23853,5.41805445799946,mps,1430996,861593,{'0': 861593},657411,1431122,126,0,bdafda2e36e3ca1ee5379742c500c8041ccd4a4bbce58f38135953572a15e229,243890,"[657296, 1961220, 530098]",7.2311295839990635,B,1961220,"[861593, 1431122, 243890, 0, 0]",seed,/Users/futaoran/Desktop/华为杯2026/2026参赛工作区/2026华为杯idea冻结工作区/实验数据/v7_fast_equiv_20260927_0030,530098,AI_VERIFIED
530098,root1:v7_fast_equiv_20260927_0030,0.0,86788,0,0.04989421882904843,1652652,384,1430996,384,,1066400,0,0,incumbent_split_release_g3_p4,case_043,1431122,1,0,0,1431122,23853,4.888175041000068,mps,1430996,861593,{'0': 861593},656100,1431122,126,0,c2845e91a12d0242f2ce4ff01ee4b463e50ca9d5f862244831d3b2521fa04627,243890,"[655989, 31240.533333333333, -86788, 530098]",4.401745499999379,C,1961220,"[861593, 1431122, 243890, 0, -1066400]",timing,/Users/futaoran/Desktop/华为杯2026/2026参赛工作区/2026华为杯idea冻结工作区/实验数据/v7_fast_equiv_20260927_0030,530098,AI_VERIFIED
506880,root1:v7_fast_equiv_20260927_0030,0.0,0,0,0.0,0,0,0,0,,0,0,0,L1_base,case_043,1938002,2,0,0,1938002,32301,1.9837080409997725,mps,1937876,431108,"{'0': 430485, '1': 431108}",353851,1431122,126,506880,5a25e37b191db28cbcf1503eabfd94538388da7fd73d735f8c33fe615676b48b,0,"[428132, 1938002, 0]",1.7432787500001723,A,1938002,"[431108, 1938002, 0, 0, 0]",legacy_seed,/Users/futaoran/Desktop/华为杯2026/2026参赛工作区/2026华为杯idea冻结工作区/实验数据/v7_fast_equiv_20260927_0030,0,AI_VERIFIED
506880,root1:v7_fast_equiv_20260927_0030,0.0,0,0,0.0,0,0,0,0,,0,0,0,L1_base,case_043,1938002,2,0,0,1938002,32301,2.88417304199902,mps,1937876,431108,"{'0': 430485, '1': 431108}",353851,1431122,126,506880,5a25e37b191db28cbcf1503eabfd94538388da7fd73d735f8c33fe615676b48b,0,"[353782, 1938002, 0]",4.655798916999629,B,1938002,"[431108, 1938002, 0, 0, 0]",legacy_seed,/Users/futaoran/Desktop/华为杯2026/2026参赛工作区/2026华为杯idea冻结工作区/实验数据/v7_fast_equiv_20260927_0030,0,AI_VERIFIED
530098,root1:v7_fast_equiv_20260927_0030,0.0,86788,0,0.04989421882904843,1652652,384,1430996,384,,1066400,0,0,lower_core_base,case_043,1431122,2,0,0,1431122,23853,3.87121183400086,mps,1430996,861593,{'0': 861593},656100,1431122,126,0,3a32a399af014ea5f6b02b380d906fc725ebdf74090cc6c2b6d488cd92ea4a07,243890,"[655989, 31240.533333333333, -86788, 530098]",3.7565238749994023,C,1961220,"[861593, 1431122, 243890, 0, -1066400]",lower_core,/Users/futaoran/Desktop/华为杯2026/2026参赛工作区/2026华为杯idea冻结工作区/实验数据/v7_fast_equiv_20260927_0030,530098,AI_VERIFIED
141320,root1:v7_fast_equiv_20260927_0030,0.0,0,0,0.0,0,0,0,0,,0,0,0,L1_base,case_043,1523282,3,0,0,1523282,25389,2.0313949169994885,mps,1523156,336089,"{'0': 336089, '1': 301883, '2': 223621}",268777,1431122,126,92160,7e64642aacf76115e1456a3d1a6d62e043658dd796cb1e478481c8c94afc7b09,40996,"[332003, 1572442, 49160]",1.7940153750005265,A,1572442,"[336089, 1523282, 40996, 0, 0]",legacy_seed,/Users/futaoran/Desktop/华为杯2026/2026参赛工作区/2026华为杯idea冻结工作区/实验数据/v7_fast_equiv_20260927_0030,49160,AI_VERIFIED
141320,root1:v7_fast_equiv_20260927_0030,0.0,0,0,0.0,0,0,0,0,,0,0,0,L1_base,case_043,1523282,3,0,0,1523282,25389,1.938412542000151,mps,1523156,336089,"{'0': 336089, '1': 301883, '2': 223621}",268777,1431122,126,92160,7e64642aacf76115e1456a3d1a6d62e043658dd796cb1e478481c8c94afc7b09,40996,"[268361, 1572442, 49160]",1.9715799579989834,B,1572442,"[336089, 1523282, 40996, 0, 0]",legacy_seed,/Users/futaoran/Desktop/华为杯2026/2026参赛工作区/2026华为杯idea冻结工作区/实验数据/v7_fast_equiv_20260927_0030,49160,AI_VERIFIED
141320,root1:v7_fast_equiv_20260927_0030,1089.536,141312,28,0.08987529192679315,1431000,386,1523156,414,,283364,86016,345,incumbent_split_release_g0_p4,case_043,1523282,3,0,0,1437266,23955,1.7194301249983255,mps,1523156,336089,"{'0': 336089, '1': 301883, '2': 223621}",265478,1431122,126,92160,41dd7d59999d4f7c3d591abebf41b0616286a0b22cdad0a1aba906b9e7259b46,40996,"[265062, 23852.166666666668, -141312, 49160]",1.830005624999103,C,1572442,"[336089, 1523282, 40996, -86016, -283364]",timing,/Users/futaoran/Desktop/华为杯2026/2026参赛工作区/2026华为杯idea冻结工作区/实验数据/v7_fast_equiv_20260927_0030,49160,AI_VERIFIED
599040,root1:v7_fast_equiv_20260927_0030,0.0,0,0,0.0,0,0,0,0,,0,0,0,L1_base,case_043,2030162,4,0,0,2030162,33837,1.7705994579991966,mps,2030036,336089,"{'0': 336089, '1': 301883, '2': 112003, '3': 111618}",269194,1431122,126,599040,993a989957f52f9eb0d7c1f5f77fcc2fd2d885d69db21a5677119cb5c78cf8d5,0,"[332003, 2030162, 0]",1.5775694999992993,A,2030162,"[336089, 2030162, 0, 0, 0]",legacy_seed,/Users/futaoran/Desktop/华为杯2026/2026参赛工作区/2026华为杯idea冻结工作区/实验数据/v7_fast_equiv_20260927_0030,0,AI_VERIFIED
4944032,root1:v7_fast_equiv_20260927_0030,0.0,0,0,0.0,0,0,0,0,,0,0,0,B2_base,case_043,6327632,4,2302688,2302688,6327632,105461,1.570820166998601,mps,1722130,240239,"{'0': 206352, '1': 240239, '2': 206238, '3': 208764}",613767,1431122,126,4896510,a5f403e41b559a7f6c26bf86965fa6a95e0d11a88e8c5102113f85de5b8d98d7,41012,"[610851, 6375154, 47522]",1.389638124999692,B,6375154,"[240239, 6327632, 41012, 0, 0]",seed,/Users/futaoran/Desktop/华为杯2026/2026参赛工作区/2026华为杯idea冻结工作区/实验数据/v7_fast_equiv_20260927_0030,47522,AI_VERIFIED
431104,root1:v7_fast_equiv_20260927_0030,4902.912,381952,126,0.20511895172117503,1480148,393,1845716,519,,55296,387072,1549,incumbent_split_height_g2_p4,case_043,1845842,4,0,0,1458770,24313,1.7028305830008321,mps,1845716,374782,"{'0': 362810, '1': 374782, '2': 124001}",295497,1431122,126,414720,0afc81cf21a51db39c21d3d2747e895b757d8257c75a42e35e3c50a44384d136,16400,"[295082, 24671.233333333334, -381952, 16384]",1.5248682500005089,C,1862226,"[374782, 1845842, 16400, -387072, -55296]",timing,/Users/futaoran/Desktop/华为杯2026/2026参赛工作区/2026华为杯idea冻结工作区/实验数据/v7_fast_equiv_20260927_0030,16384,AI_VERIFIED
1339924,root1:v7_fast_equiv_20260927_0030,0.0,0,0,0.0,0,0,0,0,,0,0,0,A2_base,case_043,2754662,5,226380,218188,2754662,45912,1.0669074170000385,mps,2309968,190341,"{'0': 162891, '1': 190341, '2': 153877, '3': 167189, '4': 187295}",473010,1431122,126,1323540,b9ca5b4956b577d9b1041651306525de415d0256d7a02220f7b17ade1a8f2c72,16392,"[601964, 2771046, 16384]",0.7549156660006702,A,2771046,"[190341, 2754662, 16392, 0, 0]",seed,/Users/futaoran/Desktop/华为杯2026/2026参赛工作区/2026华为杯idea冻结工作区/实验数据/v7_fast_equiv_20260927_0030,16384,AI_VERIFIED
7295726,root1:v7_fast_equiv_20260927_0030,0.0,0,0,0.0,0,0,0,0,,0,0,0,B3_base,case_043,8726848,5,3153022,3153022,8726848,145448,1.8138995000008435,mps,2420678,200649,"{'0': 166758, '1': 158583, '2': 164971, '3': 170632, '4': 200649}",551641,1431122,126,7295726,e593fcba54087f3c599d7c9c69119a9aa65740c0b0e10a7151a56873aaa9ac3c,41016,"[548499, 8726848, 0]",1.6065384999983507,B,8726848,"[200649, 8726848, 41016, 0, 0]",seed,/Users/futaoran/Desktop/华为杯2026/2026参赛工作区/2026华为杯idea冻结工作区/实验数据/v7_fast_equiv_20260927_0030,0,AI_VERIFIED
431104,root1:v7_fast_equiv_20260927_0030,4902.912,381952,126,0.20511895172117503,1480148,393,1845716,519,,55296,387072,1549,incumbent_split_height_g2_p4,case_043,1845842,5,0,0,1458770,24313,2.148734541999147,mps,1845716,374782,"{'0': 362810, '1': 374782, '2': 124001}",295497,1431122,126,414720,fef8995e4252eae8e285ac8a8ff48a2c355555e3277b0f23d88f6d760d13ca9c,16400,"[295082, 24671.233333333334, -381952, 16384]",1.8499295419987902,C,1862226,"[374782, 1845842, 16400, -387072, -55296]",timing,/Users/futaoran/Desktop/华为杯2026/2026参赛工作区/2026华为杯idea冻结工作区/实验数据/v7_fast_equiv_20260927_0030,16384,AI_VERIFIED
0,root1:v7_fast_equiv_20260927_0030,0.0,0,0,0.0,0,0,0,0,,0,0,0,A2_base,case_096,219558,1,0,0,219558,3660,0.07020983300026273,mps,210260,93274,{'0': 93274},84364,219558,9298,0,60bafa4a380b153ddcbe941164cc5dafe33a4fc589afafb6930e5f6101ad1259,0,"[94017, 219558, 0]",0.061928416000228026,A,219558,"[93274, 219558, 0, 0, 0]",seed,/Users/futaoran/Desktop/华为杯2026/2026参赛工作区/2026华为杯idea冻结工作区/实验数据/v7_fast_equiv_20260927_0030,0,AI_VERIFIED
0,root1:v7_fast_equiv_20260927_0030,0.0,0,0,0.0,0,0,0,0,,0,0,0,B3_aggregate,case_096,219558,1,0,0,219558,3660,0.12259391599945957,mps,210260,93274,{'0': 93274},77108,219558,9298,0,2a9a97eb34152caa2070f4dfd01c8f80aa8d3d166653ec696faafb56402b23eb,0,"[77108, 219558, 0]",0.11009125000055064,B,219558,"[93274, 219558, 0, 0, 0]",aggregate,/Users/futaoran/Desktop/华为杯2026/2026参赛工作区/2026华为杯idea冻结工作区/实验数据/v7_fast_equiv_20260927_0030,0,AI_VERIFIED
0,root1:v7_fast_equiv_20260927_0030,0.0,0,0,0.0,210260,114,210260,114,,1522306,0,0,incumbent_split_release_g2_p4,case_096,219558,1,0,0,219558,3660,0.09902741699988837,mps,210260,93274,{'0': 93274},75108,219558,9298,0,244a8a2a1d7769110677d2cab10196d4101eefeca37864918c0052f67cfd9be2,0,"[75108, 3659.3, 0, 0]",0.1369566670000495,C,219558,"[93274, 219558, 0, 0, -1522306]",timing,/Users/futaoran/Desktop/华为杯2026/2026参赛工作区/2026华为杯idea冻结工作区/实验数据/v7_fast_equiv_20260927_0030,0,AI_VERIFIED
67392,root1:v7_fast_equiv_20260927_0030,0.0,0,0,0.0,0,0,0,0,,0,0,0,L1_base,case_096,286950,2,0,0,286950,4783,0.07670229099858261,mps,277652,46708,"{'0': 46708, '1': 46566}",44010,219558,9298,67392,37a7c80d6d613550668a90767e2d79aa29b050bf9e96cde69ca06f1b87659ba3,0,"[47976, 286950, 0]",0.08389504200022202,A,286950,"[46708, 286950, 0, 0, 0]",legacy_seed,/Users/futaoran/Desktop/华为杯2026/2026参赛工作区/2026华为杯idea冻结工作区/实验数据/v7_fast_equiv_20260927_0030,0,AI_VERIFIED
1055060,root1:v7_fast_equiv_20260927_0030,0.0,0,0,0.0,0,0,0,0,,0,0,0,B3_base,case_096,1274618,2,449258,449258,1274618,21244,0.139575416000298,mps,366804,47055,"{'0': 46219, '1': 47055}",71461,219558,9298,1055060,cd34bac33467666a72e4ed82302357f039544f52064ada79f8adad52af048379,0,"[70976, 1274618, 0]",0.15780466700016405,B,1274618,"[47055, 1274618, 0, 0, 0]",seed,/Users/futaoran/Desktop/华为杯2026/2026参赛工作区/2026华为杯idea冻结工作区/实验数据/v7_fast_equiv_20260927_0030,0,AI_VERIFIED
67392,root1:v7_fast_equiv_20260927_0030,153.216,67392,5,0.2427211041159437,210260,117,277652,122,,268034,12096,49,incumbent_split_release_g0_p4,case_096,286950,2,0,0,274854,4581,0.10551129099985701,mps,277652,46708,"{'0': 46708, '1': 46566}",41802,219558,9298,67392,9a074ddf8ea62044c215e6622d5bb6366725705f2bb0f6676c6fca40d3c06cbe,0,"[41733, 3659.3, -67392, 0]",0.095993916000225,C,286950,"[46708, 286950, 0, -12096, -268034]",timing,/Users/futaoran/Desktop/华为杯2026/2026参赛工作区/2026华为杯idea冻结工作区/实验数据/v7_fast_equiv_20260927_0030,0,AI_VERIFIED
79488,root1:v7_fast_equiv_20260927_0030,0.0,0,0,0.0,0,0,0,0,,0,0,0,L1_base,case_096,299046,3,0,0,299046,4985,0.07293933400069363,mps,289748,31158,"{'0': 31007, '1': 31109, '2': 31158}",30318,219558,9298,79488,8fb7b3c2094e0218c41f6f4beb2ca75015452d2a0a36ab412168b637d9864dde,0,"[31946, 299046, 0]",0.10624879100032558,A,299046,"[31158, 299046, 0, 0, 0]",legacy_seed,/Users/futaoran/Desktop/华为杯2026/2026参赛工作区/2026华为杯idea冻结工作区/实验数据/v7_fast_equiv_20260927_0030,0,AI_VERIFIED
1480456,root1:v7_fast_equiv_20260927_0030,0.0,0,0,0.0,0,0,0,0,,0,0,0,B3_aggregate,case_096,1700014,3,615172,615172,1700014,28334,0.20005604199832305,mps,460372,31886,"{'0': 31284, '1': 30104, '2': 31886}",61852,219558,9298,1480456,476da3102654e5a836987b86c2566ddbb0ba6fa4b854f4c13ab654501ecee9e5,0,"[60991, 1700014, 0]",0.19369983300020976,B,1700014,"[31886, 1700014, 0, 0, 0]",aggregate,/Users/futaoran/Desktop/华为杯2026/2026参赛工作区/2026华为杯idea冻结工作区/实验数据/v7_fast_equiv_20260927_0030,0,AI_VERIFIED
55296,root1:v7_fast_equiv_20260927_0030,233.47199999999998,55296,1,0.20822726656524423,210260,116,265556,117,,0,18432,74,C1_base,case_096,274854,3,0,0,256422,4274,0.10861083300005703,mps,265556,45330,"{'0': 26707, '1': 45330, '2': 21237}",41196,219558,9298,55296,6f5387cb09b62559681e586e6330397ee5d1c5c82c6908daf5618f8c7e91512e,0,"[41090, 3659.3, -55296, 0]",0.12565566699959163,C,274854,"[45330, 274854, 0, -18432, 0]",seed,/Users/futaoran/Desktop/华为杯2026/2026参赛工作区/2026华为杯idea冻结工作区/实验数据/v7_fast_equiv_20260927_0030,0,AI_VERIFIED
79488,root1:v7_fast_equiv_20260927_0030,0.0,0,0,0.0,0,0,0,0,,0,0,0,L1_base,case_096,299046,4,0,0,299046,4985,0.08084170800066204,mps,289748,26707,"{'0': 26707, '1': 22119, '2': 22244, '3': 22204}",26984,219558,9298,79488,6452215da0d5fee206f48496a1b0a050f1124921d162f9d8db2204adaa5b076a,0,"[27281, 299046, 0]",0.08106974999827798,A,299046,"[26707, 299046, 0, 0, 0]",legacy_seed,/Users/futaoran/Desktop/华为杯2026/2026参赛工作区/2026华为杯idea冻结工作区/实验数据/v7_fast_equiv_20260927_0030,0,AI_VERIFIED
1388748,root1:v7_fast_equiv_20260927_0030,0.0,0,0,0.0,0,0,0,0,,0,0,0,L3_base,case_096,1608306,4,585766,585766,1608306,26806,0.18213758299862093,mps,427476,26806,"{'0': 22094, '1': 22828, '2': 25262, '3': 23090}",71439,219558,9298,1388748,05fa3a0db90b9157745d075445f4ad0e662e2d946cb344d3800780cfa286b312,0,"[70610, 1608306, 0]",0.17999295899971912,B,1608306,"[26806, 1608306, 0, 0, 0]",legacy_seed,/Users/futaoran/Desktop/华为杯2026/2026参赛工作区/2026华为杯idea冻结工作区/实验数据/v7_fast_equiv_20260927_0030,0,AI_VERIFIED
55296,root1:v7_fast_equiv_20260927_0030,233.47199999999998,55296,1,0.20822726656524423,210260,116,265556,117,,0,18432,74,C1_base,case_096,274854,4,0,0,256422,4274,0.11695445799887239,mps,265556,45330,"{'0': 26707, '1': 45330, '2': 21237}",41196,219558,9298,55296,df4ad7ecd2962255f7d160be900a9cb93a673abfb2d6fb779c571ee6877612b1,0,"[41090, 3659.3, -55296, 0]",0.10352887499902863,C,274854,"[45330, 274854, 0, -18432, 0]",seed,/Users/futaoran/Desktop/华为杯2026/2026参赛工作区/2026华为杯idea冻结工作区/实验数据/v7_fast_equiv_20260927_0030,0,AI_VERIFIED
258008,root1:v7_fast_equiv_20260927_0030,0.0,0,0,0.0,0,0,0,0,,0,0,0,L2_base,case_096,477566,5,27180,27180,477566,7960,0.13644070900045335,mps,413908,26632,"{'0': 26632, '1': 18249, '2': 14492, '3': 19647, '4': 14254}",78638,219558,9298,258008,2bf00887d5d209c78f6ad36960d51b09b21d41fc875ad39d68e790003d9118c4,0,"[87992, 477566, 0]",0.07253716699960933,A,477566,"[26632, 477566, 0, 0, 0]",legacy_seed,/Users/futaoran/Desktop/华为杯2026/2026参赛工作区/2026华为杯idea冻结工作区/实验数据/v7_fast_equiv_20260927_0030,0,AI_VERIFIED
1182000,root1:v7_fast_equiv_20260927_0030,0.0,0,0,0.0,0,0,0,0,,0,0,0,B3_base,case_096,1401558,5,498648,498648,1401558,23360,0.17016495900134032,mps,394964,23360,"{'0': 18469, '1': 22927, '2': 11080, '3': 22034, '4': 18764}",57021,219558,9298,1182000,f38fd9991235c4115594b4d53a5528e1a05a3b3b54e5bfeb085370306d20f7d4,0,"[55994, 1401558, 0]",0.13407220800036157,B,1401558,"[23360, 1401558, 0, 0, 0]",seed,/Users/futaoran/Desktop/华为杯2026/2026参赛工作区/2026华为杯idea冻结工作区/实验数据/v7_fast_equiv_20260927_0030,0,AI_VERIFIED
55296,root1:v7_fast_equiv_20260927_0030,466.94399999999996,18432,2,0.06940908885508142,247124,115,265556,117,,248064,36864,148,incumbent_split_release_g0_p4,case_096,274854,5,0,0,237990,3967,0.11780529099996784,mps,265556,45330,"{'0': 26707, '1': 45330, '2': 21237}",38946,219558,9298,55296,c7830539c7081b3310cca57fc8920bb958bef50116fab3e9a47cb4b43b5145d4,0,"[38840, 4273.7, -18432, 0]",0.09007149999888497,C,274854,"[45330, 274854, 0, -36864, -248064]",timing,/Users/futaoran/Desktop/华为杯2026/2026参赛工作区/2026华为杯idea冻结工作区/实验数据/v7_fast_equiv_20260927_0030,0,AI_VERIFIED
5885952,root1:v7_fast_equiv_20260927_0030,0.0,0,0,0.0,0,0,0,0,,0,0,0,A2_base,case_099,4389524,1,0,0,4389524,73159,0.7264125000001513,mps,4389120,1740204,{'0': 1740204},1619135,2534036,404,1855488,c26653b24ca5fce30343dec743b623ea4deda50148764bb4ba5d75a47a975d62,1529856,"[1761626, 8419988, 4030464]",0.5937064580011793,A,8419988,"[1740204, 4389524, 1529856, 0, 0]",seed,/Users/futaoran/Desktop/华为杯2026/2026参赛工作区/2026华为杯idea冻结工作区/实验数据/v7_fast_equiv_20260927_0030,4030464,AI_VERIFIED
6840320,root1:v7_fast_equiv_20260927_0030,0.0,0,0,0.0,0,0,0,0,,0,0,0,q1_warm_capacity_g0_front,case_099,2534036,1,0,0,2534036,42234,0.6796126249992085,mps,2533632,1740204,{'0': 1740204},1643668,2534036,404,0,c4b575da65da38d6aab3aa5a2fbb1ea54dd9de0cd4b6be2898b9699f77cffc8e,1562624,"[1642652, 9374356, 6840320]",0.6692256669994094,B,9374356,"[1740204, 2534036, 1562624, 0, 0]",capacity,/Users/futaoran/Desktop/华为杯2026/2026参赛工作区/2026华为杯idea冻结工作区/实验数据/v7_fast_equiv_20260927_0030,6840320,AI_VERIFIED
5484544,root1:v7_fast_equiv_20260927_0030,0.0,2023424,0,0.25235465023466686,5994752,556,2533632,556,,0,0,0,incumbent_base,case_099,2534036,1,0,0,2534036,42234,0.7182990000001155,mps,2533632,1740204,{'0': 1740204},1618902,2534036,404,0,239e9c5e5625b65e0ba031d314c722c5df34cba7a120378df84f8ff91ebe1a53,468992,"[1618377, 99919.26666666666, -2023424, 5484544]",0.6997420839998085,C,8018580,"[1740204, 2534036, 468992, 0, 0]",incumbent,/Users/futaoran/Desktop/华为杯2026/2026参赛工作区/2026华为杯idea冻结工作区/实验数据/v7_fast_equiv_20260927_0030,5484544,AI_VERIFIED
7254016,root1:v7_fast_equiv_20260927_0030,0.0,0,0,0.0,0,0,0,0,,0,0,0,L1_base,case_099,4438676,2,0,0,4438676,73978,0.7839069579986244,mps,4438272,870207,"{'0': 870207, '1': 869997}",808916,2534036,404,1904640,13a933dbebe66dcb35f37602733bc413dbfe809629821ff8cda9629302b6d8f1,497664,"[889802, 9788052, 5349376]",0.5796707499994227,A,9788052,"[870207, 4438676, 497664, 0, 0]",legacy_seed,/Users/futaoran/Desktop/华为杯2026/2026参赛工作区/2026华为杯idea冻结工作区/实验数据/v7_fast_equiv_20260927_0030,5349376,AI_VERIFIED
16681984,root1:v7_fast_equiv_20260927_0030,0.0,0,0,0.0,0,0,0,0,,0,0,0,L3_base,case_099,11539988,2,4137024,4137024,11539988,192334,1.8821116670005722,mps,3265536,876440,"{'0': 863764, '1': 876440}",1268653,2534036,404,9005952,da703454336ca4329eef169d6441730d3078b3e720117682feaf98756d13a99b,2907520,"[1206106, 19216020, 7676032]",1.8705741249996208,B,19216020,"[876440, 11539988, 2907520, 0, 0]",legacy_seed,/Users/futaoran/Desktop/华为杯2026/2026参赛工作区/2026华为杯idea冻结工作区/实验数据/v7_fast_equiv_20260927_0030,7676032,AI_VERIFIED
7303168,root1:v7_fast_equiv_20260927_0030,8145.578666666666,4001792,152,0.406818477553676,5835008,848,4438272,1000,,0,643072,2573,C1_base,case_099,4438676,2,0,0,3795604,63261,0.963667207999606,mps,4438272,870428,"{'0': 869776, '1': 870428}",807943,2534036,404,1904640,5649296ba69c544d9dec6c01ec1543ec6543a2569b213288c4006b760d21dc8a,569344,"[807422, 97598.2, -3981312, 5398528]",0.7516262090011878,C,9837204,"[870428, 4438676, 569344, -643072, 0]",seed,/Users/futaoran/Desktop/华为杯2026/2026参赛工作区/2026华为杯idea冻结工作区/实验数据/v7_fast_equiv_20260927_0030,5398528,AI_VERIFIED
8798208,root1:v7_fast_equiv_20260927_0030,0.0,0,0,0.0,0,0,0,0,,0,0,0,L1_base,case_099,6343316,3,0,0,6343316,105722,0.7598260409995419,mps,6342912,580937,"{'0': 580937, '1': 579015, '2': 580252}",544403,2534036,404,3809280,41034ff580ad85ca7e28887addaec1e04db32a6d36282f26a9134047425b4a9d,555008,"[601666, 11332244, 4988928]",0.6050920420002512,A,11332244,"[580937, 6343316, 555008, 0, 0]",legacy_seed,/Users/futaoran/Desktop/华为杯2026/2026参赛工作区/2026华为杯idea冻结工作区/实验数据/v7_fast_equiv_20260927_0030,4988928,AI_VERIFIED
8798208,root1:v7_fast_equiv_20260927_0030,0.0,0,0,0.0,0,0,0,0,,0,0,0,L1_base,case_099,6343316,3,0,0,6343316,105722,0.7622610419984994,mps,6342912,580937,"{'0': 580937, '1': 579015, '2': 580252}",544403,2534036,404,3809280,41034ff580ad85ca7e28887addaec1e04db32a6d36282f26a9134047425b4a9d,555008,"[542414, 11332244, 4988928]",0.7517506659987703,B,11332244,"[580937, 6343316, 555008, 0, 0]",legacy_seed,/Users/futaoran/Desktop/华为杯2026/2026参赛工作区/2026华为杯idea冻结工作区/实验数据/v7_fast_equiv_20260927_0030,4988928,AI_VERIFIED
8011776,root1:v7_fast_equiv_20260927_0030,18210.816,4575232,346,0.43394439723200195,5968128,1099,6344960,1445,,8192,1437696,5751,incumbent_disperse_tid_1000000580_node_800_core_1_pos_0,case_099,6347412,3,2048,2048,4909716,81829,0.89812745800009,mps,6342912,580742,"{'0': 580742, '1': 579565, '2': 579897}",537694,2534036,404,3813376,b447310f9bbf2baf695a2c9ce36e243fa7faf0be0d14c6dac6300c2d047d709b,393216,"[537165, 98690.46666666666, -4624384, 4198400]",0.7966977500000212,C,10545812,"[580742, 6347412, 393216, -1437696, -8192]",disperse,/Users/futaoran/Desktop/华为杯2026/2026参赛工作区/2026华为杯idea冻结工作区/实验数据/v7_fast_equiv_20260927_0030,4198400,AI_VERIFIED
9838592,root1:v7_fast_equiv_20260927_0030,0.0,0,0,0.0,0,0,0,0,,0,0,0,L1_base,case_099,8186516,4,0,0,8186516,136442,0.822641916000066,mps,8186112,435722,"{'0': 434459, '1': 434472, '2': 435551, '3': 435722}",405336,2534036,404,5652480,72952b3e8433e3179f81b6b31328112f555776080f240deef8b68f456ac166f2,497664,"[454622, 12372628, 4186112]",0.6596260829992389,A,12372628,"[435722, 8186516, 497664, 0, 0]",legacy_seed,/Users/futaoran/Desktop/华为杯2026/2026参赛工作区/2026华为杯idea冻结工作区/实验数据/v7_fast_equiv_20260927_0030,4186112,AI_VERIFIED
20317180,root1:v7_fast_equiv_20260927_0030,0.0,0,0,0.0,0,0,0,0,,0,0,0,L3_base,case_099,20725648,4,8026814,8026814,20725648,345428,1.9338605829998414,mps,4671616,441346,"{'0': 433452, '1': 429352, '2': 441346, '3': 436054}",743021,2534036,404,18191612,70c67eba7f297e4d38974136f2a877e8d110071eae63c8299dbff81d717e14ee,635136,"[647230, 22851216, 2125568]",1.7573809170007735,B,22851216,"[441346, 20725648, 635136, 0, 0]",legacy_seed,/Users/futaoran/Desktop/华为杯2026/2026参赛工作区/2026华为杯idea冻结工作区/实验数据/v7_fast_equiv_20260927_0030,2125568,AI_VERIFIED
9256960,root1:v7_fast_equiv_20260927_0030,27134.634666666665,6320128,518,0.5360314393034717,5470464,1370,8247552,1888,,0,2142208,8569,C1_base,case_099,8247956,4,0,0,6105748,101763,0.97780099999909,mps,8247552,435800,"{'0': 434446, '1': 434277, '2': 435800, '3': 435681}",403147,2534036,404,5713920,afe4a70b20dd4062265ee65e7f1b20d83e9a3e4cbbb4023aaf2e1fd8a8384399,770048,"[402241, 90498.46666666666, -6361088, 3543040]",0.851142166999125,C,11790996,"[435800, 8247956, 770048, -2142208, 0]",seed,/Users/futaoran/Desktop/华为杯2026/2026参赛工作区/2026华为杯idea冻结工作区/实验数据/v7_fast_equiv_20260927_0030,3543040,AI_VERIFIED
10698752,root1:v7_fast_equiv_20260927_0030,0.0,0,0,0.0,0,0,0,0,,0,0,0,L1_base,case_099,9599636,5,0,0,9599636,159994,0.8509592499995051,mps,9599232,348843,"{'0': 348843, '1': 347127, '2': 348026, '3': 348117, '4': 348091}",339475,2534036,404,7065600,fad56d43e4cb288428bad63f8078fc23dc4d14095afcdc831a89b3db6a195ea8,512000,"[367565, 13232788, 3633152]",0.6332087080008932,A,13232788,"[348843, 9599636, 512000, 0, 0]",legacy_seed,/Users/futaoran/Desktop/华为杯2026/2026参赛工作区/2026华为杯idea冻结工作区/实验数据/v7_fast_equiv_20260927_0030,3633152,AI_VERIFIED
10698752,root1:v7_fast_equiv_20260927_0030,0.0,0,0,0.0,0,0,0,0,,0,0,0,L1_base,case_099,9599636,5,0,0,9599636,159994,0.8263032499999099,mps,9599232,348843,"{'0': 348843, '1': 347127, '2': 348026, '3': 348117, '4': 348091}",339475,2534036,404,7065600,fad56d43e4cb288428bad63f8078fc23dc4d14095afcdc831a89b3db6a195ea8,512000,"[324128, 13232788, 3633152]",0.7844280000008439,B,13232788,"[348843, 9599636, 512000, 0, 0]",legacy_seed,/Users/futaoran/Desktop/华为杯2026/2026参赛工作区/2026华为杯idea冻结工作区/实验数据/v7_fast_equiv_20260927_0030,3633152,AI_VERIFIED
10343424,root1:v7_fast_equiv_20260927_0030,37991.08266666667,6717440,698,0.5219086262107923,6153472,1637,10159360,2335,,74752,2999296,11998,r2_boundary_n199_c0_p0,case_099,10165908,5,6144,6144,7166612,119444,1.205746415998874,mps,10153216,348345,"{'0': 347664, '1': 348345, '2': 348065, '3': 348104, '4': 348026}",327139,2534036,404,7631872,519d216b3455efddc8c94a6802222ace90ec58bf194442d5b9ba22071e3453f5,868352,"[323721, 101847.8, -6766592, 2711552]",0.9445946670002741,C,12877460,"[348345, 10165908, 868352, -2999296, -74752]",ordinary_chain,/Users/futaoran/Desktop/华为杯2026/2026参赛工作区/2026华为杯idea冻结工作区/实验数据/v7_fast_equiv_20260927_0030,2711552,AI_VERIFIED
3670016,root1:v7_fast_equiv_20260927_0030,0.0,0,0,0.0,0,0,0,0,,0,0,0,A2_base,case_030,2443212,1,0,0,2443212,40721,1.5293130419995578,mps,2442240,3183302,{'0': 3183302},2817346,2394060,972,49152,98d7243f5431833595dddb406895f4d4d92b53427644ee5fe4686252dfaf358f,1417216,"[3048716, 6064076, 3620864]",1.421770708000622,A,6064076,"[3183302, 2443212, 1417216, 0, 0]",seed,/Users/futaoran/Desktop/华为杯2026/2026参赛工作区/2026华为杯idea冻结工作区/实验数据/v7_fast_equiv_20260927_0030,3620864,AI_VERIFIED
37603328,root1:v7_fast_equiv_20260927_0030,0.0,0,0,0.0,0,0,0,0,,0,0,0,B3_base,case_030,2394060,1,0,0,2394060,39901,4.405802874998699,mps,2393088,3183302,{'0': 3183302},3151732,2394060,972,0,f1d7d5f4d95f30fdb12d02d70c9072d5a1ee9d8a81b1470fd0591a526f3c3a36,18314752,"[3147255, 39997388, 37603328]",4.484428666000895,B,39997388,"[3183302, 2394060, 18314752, 0, 0]",seed,/Users/futaoran/Desktop/华为杯2026/2026参赛工作区/2026华为杯idea冻结工作区/实验数据/v7_fast_equiv_20260927_0030,37603328,AI_VERIFIED
5395456,root1:v7_fast_equiv_20260927_0030,0.0,2100224,0,0.28605299860529987,5241856,692,2393088,692,,540672,0,0,incumbent_split_topo_g0_p2,case_030,2394060,1,0,0,2394060,39901,2.7878290000007837,mps,2393088,3183302,{'0': 3183302},2806776,2394060,972,0,ff8cd5688a0c7d7511897864c65d0ed8d4cbee6db6daee47129b6cd58ae64002,1421312,"[2806667, 94821.53333333334, -2100224, 5395456]",2.875091291998615,C,7789516,"[3183302, 2394060, 1421312, 0, -540672]",timing,/Users/futaoran/Desktop/华为杯2026/2026参赛工作区/2026华为杯idea冻结工作区/实验数据/v7_fast_equiv_20260927_0030,5395456,AI_VERIFIED
4747264,root1:v7_fast_equiv_20260927_0030,0.0,0,0,0.0,0,0,0,0,,0,0,0,A2_base,case_030,4571084,2,0,0,4571084,76185,1.6825352919986472,mps,4570112,1603438,"{'0': 1603438, '1': 1579864}",1426054,2394060,972,2177024,f4a5a3f1f25bbdc19719147b1f4942b41b391ff20fe31df24a12f931d0ee7548,1232896,"[1536056, 7141324, 2570240]",1.283932875001483,A,7141324,"[1603438, 4571084, 1232896, 0, 0]",seed,/Users/futaoran/Desktop/华为杯2026/2026参赛工作区/2026华为杯idea冻结工作区/实验数据/v7_fast_equiv_20260927_0030,2570240,AI_VERIFIED
7644160,root1:v7_fast_equiv_20260927_0030,0.0,0,0,0.0,0,0,0,0,,0,0,0,L1_base,case_030,4344780,2,0,0,4344780,72413,3.3022904160006874,mps,4343808,1591729,"{'0': 1591573, '1': 1591729}",1403594,2394060,972,1950720,6e58d6a38d736d87b2a9a506cd3d7738802ee7ce55adb378726213d052a55ff3,1236992,"[1403366, 10038220, 5693440]",2.5231953330003307,B,10038220,"[1591729, 4344780, 1236992, 0, 0]",legacy_seed,/Users/futaoran/Desktop/华为杯2026/2026参赛工作区/2026华为杯idea冻结工作区/实验数据/v7_fast_equiv_20260927_0030,5693440,AI_VERIFIED
5395456,root1:v7_fast_equiv_20260927_0030,0.0,2100224,0,0.28605299860529987,5241856,692,2393088,692,,540672,0,0,lower_core_base,case_030,2394060,2,0,0,2394060,39901,4.698415041999397,mps,2393088,3183302,{'0': 3183302},2806776,2394060,972,0,b6d84c8ba4a6132a89ee566fbbac2664157ca02943b14fbbad2505c8d9f9e3fa,1421312,"[2806667, 94821.53333333334, -2100224, 5395456]",4.486151917000825,C,7789516,"[3183302, 2394060, 1421312, 0, -540672]",lower_core,/Users/futaoran/Desktop/华为杯2026/2026参赛工作区/2026华为杯idea冻结工作区/实验数据/v7_fast_equiv_20260927_0030,5395456,AI_VERIFIED
9242624,root1:v7_fast_equiv_20260927_0030,0.0,0,0,0.0,0,0,0,0,,0,0,0,L1_base,case_030,6295500,3,0,0,6295500,104925,2.654003208001086,mps,6294528,1062431,"{'0': 1062288, '1': 1058583, '2': 1062431}",933857,2394060,972,3901440,df48c3338314294a755eedc0a8729ee3c2f1799d990766f092d515f447349d56,970752,"[1036371, 11636684, 5341184]",2.2885564590014837,A,11636684,"[1062431, 6295500, 970752, 0, 0]",legacy_seed,/Users/futaoran/Desktop/华为杯2026/2026参赛工作区/2026华为杯idea冻结工作区/实验数据/v7_fast_equiv_20260927_0030,5341184,AI_VERIFIED
9242624,root1:v7_fast_equiv_20260927_0030,0.0,0,0,0.0,0,0,0,0,,0,0,0,L1_base,case_030,6295500,3,0,0,6295500,104925,2.7797749590008607,mps,6294528,1062431,"{'0': 1062288, '1': 1058583, '2': 1062431}",933857,2394060,972,3901440,df48c3338314294a755eedc0a8729ee3c2f1799d990766f092d515f447349d56,970752,"[933052, 11636684, 5341184]",2.8148848330001783,B,11636684,"[1062431, 6295500, 970752, 0, 0]",legacy_seed,/Users/futaoran/Desktop/华为杯2026/2026参赛工作区/2026华为杯idea冻结工作区/实验数据/v7_fast_equiv_20260927_0030,5341184,AI_VERIFIED
9250816,root1:v7_fast_equiv_20260927_0030,28982.954666666665,6359040,656,0.5463182897862233,5280768,1229,6298624,1885,,6144,2288128,9153,incumbent_disperse_tid_1000004491_node_4271_core_1_pos_0,case_030,6303692,3,4096,4096,4015564,66927,3.559707000000344,mps,6294528,1062288,"{'0': 1062288, '1': 1059107, '2': 1061907}",932731,2394060,972,3909632,ca3b8bbd77ea28432fc8df24ed3226ece8ffed5b6cffa378131c9d6ad3728fa7,970752,"[932344, 88097.26666666666, -6359040, 5341184]",2.7671520419989974,C,11644876,"[1062288, 6303692, 970752, -2288128, -6144]",disperse,/Users/futaoran/Desktop/华为杯2026/2026参赛工作区/2026华为杯idea冻结工作区/实验数据/v7_fast_equiv_20260927_0030,5341184,AI_VERIFIED
10404864,root1:v7_fast_equiv_20260927_0030,0.0,0,0,0.0,0,0,0,0,,0,0,0,L1_base,case_030,8213452,4,0,0,8213452,136891,2.4328873329995986,mps,8212480,795858,"{'0': 795741, '1': 795858, '2': 795858, '3': 795845}",700342,2394060,972,5819392,8fac68388bffec778300ed2a86106d98d09e57170dc00f6827c817ac78604187,921600,"[780675, 12798924, 4585472]",2.0941502500008937,A,12798924,"[795858, 8213452, 921600, 0, 0]",legacy_seed,/Users/futaoran/Desktop/华为杯2026/2026参赛工作区/2026华为杯idea冻结工作区/实验数据/v7_fast_equiv_20260927_0030,4585472,AI_VERIFIED
10404864,root1:v7_fast_equiv_20260927_0030,0.0,0,0,0.0,0,0,0,0,,0,0,0,L1_base,case_030,8213452,4,0,0,8213452,136891,2.679987790999803,mps,8212480,795858,"{'0': 795741, '1': 795858, '2': 795858, '3': 795845}",700342,2394060,972,5819392,8fac68388bffec778300ed2a86106d98d09e57170dc00f6827c817ac78604187,921600,"[699916, 12798924, 4585472]",2.4655672079989017,B,12798924,"[795858, 8213452, 921600, 0, 0]",legacy_seed,/Users/futaoran/Desktop/华为杯2026/2026参赛工作区/2026华为杯idea冻结工作区/实验数据/v7_fast_equiv_20260927_0030,4585472,AI_VERIFIED
7768064,root1:v7_fast_equiv_20260927_0030,26537.984,5381120,613,0.5298180168372234,4775424,1612,7201280,2225,,4608,2095104,8381,incumbent_disperse_tid_1000000001_node_26_core_0_pos_0,case_030,7206860,4,4608,4608,5111756,85196,2.360236791999341,mps,7196672,796500,"{'0': 796500, '1': 796001, '2': 795086, '3': 795715}",699724,2394060,972,4812800,98ce46fc6c4c3ed5b08b57e96837b1c51113f29a40907f22015b4d0e41d3cb2c,10240,"[699242, 79478.6, -5393408, 2955264]",2.168955291999737,C,10162124,"[796500, 7206860, 10240, -2095104, -4608]",disperse,/Users/futaoran/Desktop/华为杯2026/2026参赛工作区/2026华为杯idea冻结工作区/实验数据/v7_fast_equiv_20260927_0030,2955264,AI_VERIFIED
11479040,root1:v7_fast_equiv_20260927_0030,0.0,0,0,0.0,0,0,0,0,,0,0,0,L1_base,case_030,9857996,5,0,0,9857996,164300,2.433244083000318,mps,9857024,638424,"{'0': 638294, '1': 638424, '2': 638424, '3': 633610, '4': 634550}",561102,2394060,972,7463936,8d7afca1bf1f71790274f65a909dd820b11e3c13cdd9edbae7d814a3ecc1462e,761856,"[628415, 13873100, 4015104]",1.931955874999403,A,13873100,"[638424, 9857996, 761856, 0, 0]",legacy_seed,/Users/futaoran/Desktop/华为杯2026/2026参赛工作区/2026华为杯idea冻结工作区/实验数据/v7_fast_equiv_20260927_0030,4015104,AI_VERIFIED
11479040,root1:v7_fast_equiv_20260927_0030,0.0,0,0,0.0,0,0,0,0,,0,0,0,L1_base,case_030,9857996,5,0,0,9857996,164300,2.853726125000321,mps,9857024,638424,"{'0': 638294, '1': 638424, '2': 638424, '3': 633610, '4': 634550}",561102,2394060,972,7463936,8d7afca1bf1f71790274f65a909dd820b11e3c13cdd9edbae7d814a3ecc1462e,761856,"[560431, 13873100, 4015104]",2.4087514169987116,B,13873100,"[638424, 9857996, 761856, 0, 0]",legacy_seed,/Users/futaoran/Desktop/华为杯2026/2026参赛工作区/2026华为杯idea冻结工作区/实验数据/v7_fast_equiv_20260927_0030,4015104,AI_VERIFIED
10760192,root1:v7_fast_equiv_20260927_0030,44813.653333333335,7201280,993,0.5476811650636657,5947392,1811,9361920,2804,,4608,3537920,14152,incumbent_disperse_tid_1000000001_node_44_core_4_pos_0,case_030,9367500,5,4608,4608,5829580,97160,2.4419204159985384,mps,9357312,638281,"{'0': 638229, '1': 634693, '2': 638281, '3': 637561, '4': 634538}",559025,2394060,972,6973440,5e7d2290c2c56256d22346e4b1994aa9f4ff7a0d846b479701c2790c6412b6b7,1339392,"[558518, 96912.2, -7339520, 3786752]",2.2423798340005305,C,13154252,"[638281, 9367500, 1339392, -3537920, -4608]",disperse,/Users/futaoran/Desktop/华为杯2026/2026参赛工作区/2026华为杯idea冻结工作区/实验数据/v7_fast_equiv_20260927_0030,3786752,AI_VERIFIED
0,root1:v7_fast_equiv_20260927_0030,0.0,0,0,0.0,0,0,0,0,,0,0,0,A2_base,case_032,293088,1,0,0,293088,4885,0.14337587500085647,mps,279156,44145,{'0': 44145},41579,293088,13932,0,adcecac054e80d146da77e4da19c485d9856945fa65040b28c5807981e4027bd,0,"[45820, 293088, 0]",0.10626629199941817,A,293088,"[44145, 293088, 0, 0, 0]",seed,/Users/futaoran/Desktop/华为杯2026/2026参赛工作区/2026华为杯idea冻结工作区/实验数据/v7_fast_equiv_20260927_0030,0,AI_VERIFIED
10256,root1:v7_fast_equiv_20260927_0030,0.0,0,0,0.0,0,0,0,0,,0,0,0,B3_base,case_032,293088,1,0,0,293088,4885,0.17698666700016474,mps,279156,44145,{'0': 44145},34141,293088,13932,0,e7d56b0157452876695bf225c434a2f4eb383e42c3d60d7bcf631859b45fce97,12382,"[34141, 303344, 10256]",0.13306183299937402,B,303344,"[44145, 293088, 12382, 0, 0]",seed,/Users/futaoran/Desktop/华为杯2026/2026参赛工作区/2026华为杯idea冻结工作区/实验数据/v7_fast_equiv_20260927_0030,10256,AI_VERIFIED
0,root1:v7_fast_equiv_20260927_0030,0.0,0,0,0.0,279156,151,279156,151,,328204,0,0,incumbent_aggregate,case_032,293088,1,0,0,293088,4885,0.16684533400075452,mps,279156,44145,{'0': 44145},34141,293088,13932,0,833aad01ee524ede255b9f86774ba714742f26b72aca3d1d86b083db4cee1c9e,0,"[34141, 4884.8, 0, 0]",0.1393813329996192,C,293088,"[44145, 293088, 0, 0, -328204]",aggregate,/Users/futaoran/Desktop/华为杯2026/2026参赛工作区/2026华为杯idea冻结工作区/实验数据/v7_fast_equiv_20260927_0030,0,AI_VERIFIED
6216,root1:v7_fast_equiv_20260927_0030,0.0,0,0,0.0,0,0,0,0,,0,0,0,L1_base,case_032,299304,2,0,0,299304,4989,0.13139541700002155,mps,285372,22127,"{'0': 22127, '1': 22018}",21040,293088,13932,6216,0851d23951bc5eef1e922ffc75c91c86dc77ff6890c2fbfbc31bda2018b096a2,0,"[23209, 299304, 0]",0.10775820900016697,A,299304,"[22127, 299304, 0, 0, 0]",legacy_seed,/Users/futaoran/Desktop/华为杯2026/2026参赛工作区/2026华为杯idea冻结工作区/实验数据/v7_fast_equiv_20260927_0030,0,AI_VERIFIED
6216,root1:v7_fast_equiv_20260927_0030,0.0,0,0,0.0,0,0,0,0,,0,0,0,L1_base,case_032,299304,2,0,0,299304,4989,0.12599725000109174,mps,285372,22127,"{'0': 22127, '1': 22018}",21040,293088,13932,6216,0851d23951bc5eef1e922ffc75c91c86dc77ff6890c2fbfbc31bda2018b096a2,0,"[20971, 299304, 0]",0.1112352500003908,B,299304,"[22127, 299304, 0, 0, 0]",legacy_seed,/Users/futaoran/Desktop/华为杯2026/2026参赛工作区/2026华为杯idea冻结工作区/实验数据/v7_fast_equiv_20260927_0030,0,AI_VERIFIED
6216,root1:v7_fast_equiv_20260927_0030,78.736,6216,4,0.0217820949497498,279156,151,285372,155,,96774,6216,25,incumbent_split_height_g0_p4,case_032,299304,2,0,0,293088,4885,0.21252112499860232,mps,285372,22127,"{'0': 22127, '1': 22018}",20711,293088,13932,6216,2d058fcd07a2f9ed1c93f4dfda72d1b076fe158963bd20f4c2f1ddbf2d0c762a,0,"[20676, 4884.8, -6216, 0]",0.14831666700047208,C,299304,"[22127, 299304, 0, -6216, -96774]",timing,/Users/futaoran/Desktop/华为杯2026/2026参赛工作区/2026华为杯idea冻结工作区/实验数据/v7_fast_equiv_20260927_0030,0,AI_VERIFIED
12432,root1:v7_fast_equiv_20260927_0030,0.0,0,0,0.0,0,0,0,0,,0,0,0,L1_base,case_032,305520,3,0,0,305520,5092,0.1150492500000837,mps,291588,14822,"{'0': 14685, '1': 14822, '2': 14638}",14175,293088,13932,12432,7902aec996d3abaddee1c52232d94ef00baedd7ba2c7d1e151e75a20e234db5a,0,"[15631, 305520, 0]",0.0926328330006072,A,305520,"[14822, 305520, 0, 0, 0]",legacy_seed,/Users/futaoran/Desktop/华为杯2026/2026参赛工作区/2026华为杯idea冻结工作区/实验数据/v7_fast_equiv_20260927_0030,0,AI_VERIFIED
12432,root1:v7_fast_equiv_20260927_0030,0.0,0,0,0.0,0,0,0,0,,0,0,0,L1_base,case_032,305520,3,0,0,305520,5092,0.11099479100084864,mps,291588,14822,"{'0': 14685, '1': 14822, '2': 14638}",14175,293088,13932,12432,7902aec996d3abaddee1c52232d94ef00baedd7ba2c7d1e151e75a20e234db5a,0,"[13997, 305520, 0]",0.1120915840001544,B,305520,"[14822, 305520, 0, 0, 0]",legacy_seed,/Users/futaoran/Desktop/华为杯2026/2026参赛工作区/2026华为杯idea冻结工作区/实验数据/v7_fast_equiv_20260927_0030,0,AI_VERIFIED
26184,root1:v7_fast_equiv_20260927_0030,214.928,16968,8,0.05642232951598101,283764,152,300732,160,,72,16968,68,incumbent_disperse_tid_1227_node_1231_core_2_pos_0,case_032,319272,3,4608,4608,302304,5039,0.14765675000126066,mps,296124,14812,"{'0': 14685, '1': 14648, '2': 14812}",14316,293088,13932,26184,792bee37fe51433a02112d2a34a4c4fdebad031ed8a7021d96dd842aeba41956,0,"[13973, 5038.4, -16968, 0]",0.12695112499932293,C,319272,"[14812, 319272, 0, -16968, -72]",disperse,/Users/futaoran/Desktop/华为杯2026/2026参赛工作区/2026华为杯idea冻结工作区/实验数据/v7_fast_equiv_20260927_0030,0,AI_VERIFIED
18576,root1:v7_fast_equiv_20260927_0030,0.0,0,0,0.0,0,0,0,0,,0,0,0,L1_base,case_032,311664,4,0,0,311664,5195,0.12194995900063077,mps,297732,11197,"{'0': 10888, '1': 10990, '2': 11070, '3': 11197}",11004,293088,13932,18576,850603baf36d4139d95b7fadb54dde4864ae4f64b07b6d905d70bec7b114c210,0,"[11674, 311664, 0]",0.12539450000076613,A,311664,"[11197, 311664, 0, 0, 0]",legacy_seed,/Users/futaoran/Desktop/华为杯2026/2026参赛工作区/2026华为杯idea冻结工作区/实验数据/v7_fast_equiv_20260927_0030,0,AI_VERIFIED
18576,root1:v7_fast_equiv_20260927_0030,0.0,0,0,0.0,0,0,0,0,,0,0,0,L1_base,case_032,311664,4,0,0,311664,5195,0.1264721669995197,mps,297732,11197,"{'0': 10888, '1': 10990, '2': 11070, '3': 11197}",11004,293088,13932,18576,850603baf36d4139d95b7fadb54dde4864ae4f64b07b6d905d70bec7b114c210,0,"[10797, 311664, 0]",0.11711020800066763,B,311664,"[11197, 311664, 0, 0, 0]",legacy_seed,/Users/futaoran/Desktop/华为杯2026/2026参赛工作区/2026华为杯idea冻结工作区/实验数据/v7_fast_equiv_20260927_0030,0,AI_VERIFIED
18576,root1:v7_fast_equiv_20260927_0030,235.296,18576,11,0.06239168110918544,279156,151,297732,162,,172036,18576,75,incumbent_split_release_g0_p4,case_032,311664,4,0,0,293088,4885,0.17561625000053027,mps,297732,11197,"{'0': 10888, '1': 10990, '2': 11070, '3': 11197}",11168,293088,13932,18576,fbd52cb82f65dfc9e53c1a51011901702582a769435a8e386db4b5b788bd627f,0,"[10659, 4884.8, -18576, 0]",0.1275084999997489,C,311664,"[11197, 311664, 0, -18576, -172036]",timing,/Users/futaoran/Desktop/华为杯2026/2026参赛工作区/2026华为杯idea冻结工作区/实验数据/v7_fast_equiv_20260927_0030,0,AI_VERIFIED
12432,root1:v7_fast_equiv_20260927_0030,0.0,0,0,0.0,0,0,0,0,,0,0,0,L1_base,case_032,305520,5,0,0,305520,5092,0.13656979199913621,mps,291588,9510,"{'0': 9510, '1': 8768, '2': 8609, '3': 8481, '4': 8777}",10496,293088,13932,12432,0814eb3053d0360ec851d9c392185760de02b3607602e3d8802617204206ac06,0,"[10140, 305520, 0]",0.09407845799978531,A,305520,"[9510, 305520, 0, 0, 0]",legacy_seed,/Users/futaoran/Desktop/华为杯2026/2026参赛工作区/2026华为杯idea冻结工作区/实验数据/v7_fast_equiv_20260927_0030,0,AI_VERIFIED
12432,root1:v7_fast_equiv_20260927_0030,0.0,0,0,0.0,0,0,0,0,,0,0,0,L1_base,case_032,305520,5,0,0,305520,5092,0.1241737500004092,mps,291588,9510,"{'0': 9510, '1': 8768, '2': 8609, '3': 8481, '4': 8777}",10496,293088,13932,12432,0814eb3053d0360ec851d9c392185760de02b3607602e3d8802617204206ac06,0,"[9580, 305520, 0]",0.09684720800032665,B,305520,"[9510, 305520, 0, 0, 0]",legacy_seed,/Users/futaoran/Desktop/华为杯2026/2026参赛工作区/2026华为杯idea冻结工作区/实验数据/v7_fast_equiv_20260927_0030,0,AI_VERIFIED
18576,root1:v7_fast_equiv_20260927_0030,235.296,18576,11,0.06239168110918544,279156,151,297732,162,,0,18576,75,lower_core_base,case_032,311664,5,0,0,293088,4885,0.15941016699980537,mps,297732,11197,"{'0': 10888, '1': 10990, '2': 11070, '3': 11197}",11004,293088,13932,18576,34a8722125bd876dcd69358db163cb6c36ab2962bc640abd326fcdeaba6f1981,0,"[10797, 4884.8, -18576, 0]",0.1348589160006668,C,311664,"[11197, 311664, 0, -18576, 0]",lower_core,/Users/futaoran/Desktop/华为杯2026/2026参赛工作区/2026华为杯idea冻结工作区/实验数据/v7_fast_equiv_20260927_0030,0,AI_VERIFIED
109824,root1:v7_fast_equiv_20260927_0030,0.0,0,0,0.0,0,0,0,0,,0,0,0,A3_base,case_044,1085280,1,54912,54912,1085280,18088,0.22240870899986476,mps,952928,84392,{'0': 84392},96408,975456,22528,109824,ed8907d6b63d548f0bee7f5780ce814c1a02247a53b949b6712598ab111e6dc4,0,"[100847, 1085280, 0]",0.18088429199997336,A,1085280,"[84392, 1085280, 0, 0, 0]",seed,/Users/futaoran/Desktop/华为杯2026/2026参赛工作区/2026华为杯idea冻结工作区/实验数据/v7_fast_equiv_20260927_0030,0,AI_VERIFIED
0,root1:v7_fast_equiv_20260927_0030,0.0,0,0,0.0,0,0,0,0,,0,0,0,B2_base,case_044,975456,1,0,0,975456,16258,0.29018220900070446,mps,952928,84392,{'0': 84392},88538,975456,22528,0,ed8907d6b63d548f0bee7f5780ce814c1a02247a53b949b6712598ab111e6dc4,0,"[88538, 975456, 0]",0.28495345800001814,B,975456,"[84392, 975456, 0, 0, 0]",seed,/Users/futaoran/Desktop/华为杯2026/2026参赛工作区/2026华为杯idea冻结工作区/实验数据/v7_fast_equiv_20260927_0030,0,AI_VERIFIED
4438112,root1:v7_fast_equiv_20260927_0030,0.0,4408416,0,0.8199885718367201,967776,61,952928,61,,0,0,0,C0_base,case_044,975456,1,0,0,975456,16258,0.2878710420009156,mps,952928,84392,{'0': 84392},107814,975456,22528,0,b23a4835c93b4a4159ec4b33854f7a05c46a07b1cd8f3ea36657be61f0d580bc,412256,"[107672, 16752.533333333333, -4408416, 4438112]",0.34288937500059546,C,5413568,"[84392, 975456, 412256, 0, 0]",seed,/Users/futaoran/Desktop/华为杯2026/2026参赛工作区/2026华为杯idea冻结工作区/实验数据/v7_fast_equiv_20260927_0030,4438112,AI_VERIFIED
192064,root1:v7_fast_equiv_20260927_0030,0.0,0,0,0.0,0,0,0,0,,0,0,0,A3_base,case_044,1167520,2,104960,86528,1167520,19459,0.21998825000082434,mps,953504,44112,"{'0': 44112, '1': 40280}",102382,975456,22528,192064,6b2efbfb4828b4d7100d3b7446a7fda39d48c644e152faa245e6aef32b7c7f8e,0,"[106524, 1167520, 0]",0.17643700000007811,A,1167520,"[44112, 1167520, 0, 0, 0]",seed,/Users/futaoran/Desktop/华为杯2026/2026参赛工作区/2026华为杯idea冻结工作区/实验数据/v7_fast_equiv_20260927_0030,0,AI_VERIFIED
120384,root1:v7_fast_equiv_20260927_0030,0.0,0,0,0.0,0,0,0,0,,0,0,0,B2_base,case_044,1095840,2,59904,59904,1095840,18264,0.3179453749999084,mps,953504,44112,"{'0': 44112, '1': 40280}",68899,975456,22528,120384,6b2efbfb4828b4d7100d3b7446a7fda39d48c644e152faa245e6aef32b7c7f8e,0,"[68869, 1095840, 0]",0.2578854589992261,B,1095840,"[44112, 1095840, 0, 0, 0]",seed,/Users/futaoran/Desktop/华为杯2026/2026参赛工作区/2026华为杯idea冻结工作区/实验数据/v7_fast_equiv_20260927_0030,0,AI_VERIFIED
128576,root1:v7_fast_equiv_20260927_0030,7.295999999999999,576,2,0.0005660911406736484,1016928,172,1017504,174,,56576,576,3,r9_capacity_g1_front,case_044,1104032,2,64000,64000,1103456,18391,0.26829754100072023,mps,953504,43590,"{'0': 43590, '1': 40802}",67862,975456,22528,128576,4a30e5fe3d680d6fa9b0d9288d17e3b67dcf2b421be68f35a29b380f363ed59d,0,"[67531, 18390.933333333334, -576, 0]",0.28171545900113415,C,1104032,"[43590, 1104032, 0, -576, -56576]",ordinary_chain,/Users/futaoran/Desktop/华为杯2026/2026参赛工作区/2026华为杯idea冻结工作区/实验数据/v7_fast_equiv_20260927_0030,0,AI_VERIFIED
4360000,root1:v7_fast_equiv_20260927_0030,0.0,0,0,0.0,0,0,0,0,,0,0,0,r1_split_g2_h0_c0_p0,case_044,2860064,3,11904,11904,2860064,47668,0.21226491699962935,mps,2813728,47668,"{'0': 42355, '1': 30688, '2': 11349}",102858,975456,22528,1884608,079b1e6bc781a60fe88e5375ffddd9b63b7d4259f5fc3cdebc0099dc884193f5,824512,"[88925, 5335456, 2475392]",0.15849208299914608,A,5335456,"[47668, 2860064, 824512, 0, 0]",capacity_representative,/Users/futaoran/Desktop/华为杯2026/2026参赛工作区/2026华为杯idea冻结工作区/实验数据/v7_fast_equiv_20260927_0030,2475392,AI_VERIFIED
294304,root1:v7_fast_equiv_20260927_0030,0.0,0,0,0.0,0,0,0,0,,0,0,0,B2_base,case_044,1269760,3,137216,137216,1269760,21163,0.24465858400071738,mps,972800,29238,"{'0': 28458, '1': 29238, '2': 26696}",75842,975456,22528,294304,927beb39b99b4eac64d6b041937bd86a4702e95923ee7e511845cdca4631a589,0,"[75608, 1269760, 0]",0.2296703330011951,B,1269760,"[29238, 1269760, 0, 0, 0]",seed,/Users/futaoran/Desktop/华为杯2026/2026参赛工作区/2026华为杯idea冻结工作区/实验数据/v7_fast_equiv_20260927_0030,0,AI_VERIFIED
128576,root1:v7_fast_equiv_20260927_0030,7.295999999999999,576,2,0.0005660911406736484,1016928,172,1017504,174,,56576,576,3,lower_core_base,case_044,1104032,3,64000,64000,1103456,18391,0.25031741699967824,mps,953504,43590,"{'0': 43590, '1': 40802}",67862,975456,22528,128576,5d776b4d94fc7639b94a15b196bfb502b5b65065b4fe2fa8d0300a69b8f86a42,0,"[67531, 18390.933333333334, -576, 0]",0.25121212500016554,C,1104032,"[43590, 1104032, 0, -576, -56576]",lower_core,/Users/futaoran/Desktop/华为杯2026/2026参赛工作区/2026华为杯idea冻结工作区/实验数据/v7_fast_equiv_20260927_0030,0,AI_VERIFIED
1017696,root1:v7_fast_equiv_20260927_0030,0.0,0,0,0.0,0,0,0,0,,0,0,0,r6_split_g2_h0_c2_p0,case_044,1993152,4,43648,43648,1993152,33220,0.16521204200034845,mps,1883328,33220,"{'1': 23334, '0': 22698, '2': 19445, '3': 18915}",69401,975456,22528,1017696,31d6d4aa21f755150e96ef3203b70b0e59d3194839ecac7260e0af384ff343bc,0,"[62676, 1993152, 0]",0.11123749999933352,A,1993152,"[33220, 1993152, 0, 0, 0]",ordinary_chain,/Users/futaoran/Desktop/华为杯2026/2026参赛工作区/2026华为杯idea冻结工作区/实验数据/v7_fast_equiv_20260927_0030,0,AI_VERIFIED
425888,root1:v7_fast_equiv_20260927_0030,0.0,0,0,0.0,0,0,0,0,,0,0,0,B2_base,case_044,1401344,4,164992,164992,1401344,23356,0.16967854100039403,mps,1048832,23356,"{'0': 22682, '1': 20674, '2': 20970, '3': 20066}",75641,975456,22528,425888,5d6cf06e953cd693e26431b4af7949d9ba3c0e6e32d44f65884cd59323a47d52,0,"[75532, 1401344, 0]",0.21327545900021505,B,1401344,"[23356, 1401344, 0, 0, 0]",seed,/Users/futaoran/Desktop/华为杯2026/2026参赛工作区/2026华为杯idea冻结工作区/实验数据/v7_fast_equiv_20260927_0030,0,AI_VERIFIED
128576,root1:v7_fast_equiv_20260927_0030,7.295999999999999,576,2,0.0005660911406736484,1016928,172,1017504,174,,56576,576,3,lower_core_base,case_044,1104032,4,64000,64000,1103456,18391,0.23003725000125996,mps,953504,43590,"{'0': 43590, '1': 40802}",67862,975456,22528,128576,8c065935d9d0abcae4e5059bca8e3baf1f82e1f7b2dff9b62b25674c6878ab8a,0,"[67531, 18390.933333333334, -576, 0]",0.20739487500031828,C,1104032,"[43590, 1104032, 0, -576, -56576]",lower_core,/Users/futaoran/Desktop/华为杯2026/2026参赛工作区/2026华为杯idea冻结工作区/实验数据/v7_fast_equiv_20260927_0030,0,AI_VERIFIED
4360000,root1:v7_fast_equiv_20260927_0030,0.0,0,0,0.0,0,0,0,0,,0,0,0,r5_split_g0_h1_c4_p0,case_044,2860064,5,11904,11904,2860064,47668,0.16755279199969664,mps,2813728,47668,"{'0': 11667, '4': 11349, '1': 30688, '2': 30688}",107274,975456,22528,1884608,22f0e8fce7249c714703de1bf6db599c08d0bbb76a55520f60d70aa5f4fd439b,824512,"[88925, 5335456, 2475392]",0.1419179170006828,A,5335456,"[47668, 2860064, 824512, 0, 0]",capacity_representative,/Users/futaoran/Desktop/华为杯2026/2026参赛工作区/2026华为杯idea冻结工作区/实验数据/v7_fast_equiv_20260927_0030,2475392,AI_VERIFIED
231744,root1:v7_fast_equiv_20260927_0030,0.0,0,0,0.0,0,0,0,0,,0,0,0,L2_base,case_044,1207200,5,77440,77440,1207200,20120,0.18770237500029907,mps,1029792,20120,"{'0': 19022, '1': 16766, '2': 16024, '3': 15421, '4': 17159}",76858,975456,22528,231744,44f5231f6caf1dd388d7a747233421f23a201523749daeea84f682951bfd7f24,0,"[76674, 1207200, 0]",0.1584134160002577,B,1207200,"[20120, 1207200, 0, 0, 0]",legacy_seed,/Users/futaoran/Desktop/华为杯2026/2026参赛工作区/2026华为杯idea冻结工作区/实验数据/v7_fast_equiv_20260927_0030,0,AI_VERIFIED
143616,root1:v7_fast_equiv_20260927_0030,0.0,0,0,0.0,1024736,171,1024736,171,,31168,0,0,r10_boundary_n71_c2_p0,case_044,1119072,5,71808,71808,1119072,18652,0.19328679200043553,mps,952928,19602,"{'4': 14718, '2': 16500, '3': 15444, '0': 18128, '1': 19602}",63439,975456,22528,143616,58e7d664b9cfc6cccb954706df6e414c9ae53744c5be119bd5237f1d96dff3eb,0,"[63306, 18651.2, 0, 0]",0.1703750000015134,C,1119072,"[19602, 1119072, 0, 0, -31168]",ordinary_chain,/Users/futaoran/Desktop/华为杯2026/2026参赛工作区/2026华为杯idea冻结工作区/实验数据/v7_fast_equiv_20260927_0030,0,AI_VERIFIED
28782592,root1:v7_fast_equiv_20260927_0030,0.0,0,0,0.0,0,0,0,0,,0,0,0,A2_base,case_058,9695232,1,0,0,9695232,161588,6.4355094590009685,mps,8650752,4669050,{'0': 4669050},4527949,7667712,1044480,2027520,09414af5f63c9aa8539261c976eb52c78d78f5af33eddf33825dad81f88ac55a,1912832,"[4818202, 36450304, 26755072]",6.637997125000766,A,36450304,"[4669050, 9695232, 1912832, 0, 0]",seed,/Users/futaoran/Desktop/华为杯2026/2026参赛工作区/2026华为杯idea冻结工作区/实验数据/v7_fast_equiv_20260927_0030,26755072,AI_VERIFIED
75657216,root1:v7_fast_equiv_20260927_0030,0.0,0,0,0.0,0,0,0,0,,0,0,0,B2_base,case_058,7667712,1,0,0,7667712,127796,10.349675624998781,mps,6623232,4669050,{'0': 4669050},5501409,7667712,1044480,0,7303edf06f0c6ae24e72d752843537c8202461dfd659ccaaee1275089330f5db,25952256,"[5112346, 83324928, 75657216]",10.351999541999248,B,83324928,"[4669050, 7667712, 25952256, 0, 0]",seed,/Users/futaoran/Desktop/华为杯2026/2026参赛工作区/2026华为杯idea冻结工作区/实验数据/v7_fast_equiv_20260927_0030,75657216,AI_VERIFIED
28721152,root1:v7_fast_equiv_20260927_0030,0.0,0,0,0.0,35344384,1056,6623232,1056,,19058688,0,0,incumbent_split_topo_g0_p4,case_058,7667712,1,0,0,7667712,127796,12.654153915998904,mps,6623232,4669050,{'0': 4669050},4533133,7667712,1044480,0,ca83bd4c4bd2a07c796a4847822fe765495b8a43367228ea5222a136e8c3b989,1912832,"[4525868, 606481.0666666667, 0, 28721152]",12.706738625000071,C,36388864,"[4669050, 7667712, 1912832, 0, -19058688]",timing,/Users/futaoran/Desktop/华为杯2026/2026参赛工作区/2026华为杯idea冻结工作区/实验数据/v7_fast_equiv_20260927_0030,28721152,AI_VERIFIED
147107840,root1:v7_fast_equiv_20260927_0030,0.0,0,0,0.0,0,0,0,0,,0,0,0,L3_base,case_058,133165056,2,59404288,59404288,133165056,2219418,14.098814041999503,mps,13312000,2364986,"{'0': 2364986, '1': 2304064}",4305635,7667712,1044480,125497344,0a08fe1cf202915e7308e1a593705f3daed27ece9d70af1207281fa22a8d3e28,22405120,"[3684179, 154775552, 21610496]",7.367657916000098,A,154775552,"[2364986, 133165056, 22405120, 0, 0]",legacy_seed,/Users/futaoran/Desktop/华为杯2026/2026参赛工作区/2026华为杯idea冻结工作区/实验数据/v7_fast_equiv_20260927_0030,21610496,AI_VERIFIED
33435648,root1:v7_fast_equiv_20260927_0030,0.0,0,0,0.0,0,0,0,0,,0,0,0,r1_boundary_n1062_c1_p0,case_058,14299136,2,4096,4096,14299136,238319,8.56211204200008,mps,13246464,2343162,"{'0': 2343162, '1': 2325888}",2268376,7667712,1044480,6631424,164a5e0bc54907cf832f5bf4ec31cc2435b7aa6ad19c10fa91d14778628a8d85,3825664,"[2263179, 41103360, 26804224]",11.0304114999999,B,41103360,"[2343162, 14299136, 3825664, 0, 0]",ordinary_chain,/Users/futaoran/Desktop/华为杯2026/2026参赛工作区/2026华为杯idea冻结工作区/实验数据/v7_fast_equiv_20260927_0030,26804224,AI_VERIFIED
33439744,root1:v7_fast_equiv_20260927_0030,4980.736,4390912,48,0.10962266080376316,35663872,2066,13254656,2114,,36864,393216,1573,r1_boundary_n1060_c1_p0,case_058,14307328,2,8192,8192,13914112,231902,9.172920042001351,mps,13246464,2342644,"{'0': 2342644, '1': 2326406}",2269598,7667712,1044480,6639616,0fe05a4a02984cc25bde65874261501807f2be9db38b7bf7baabdb905e73339a,3825664,"[2261838, 608529.0666666667, -4595712, 26800128]",7.956251292000161,C,41107456,"[2342644, 14307328, 3825664, -393216, -36864]",ordinary_chain,/Users/futaoran/Desktop/华为杯2026/2026参赛工作区/2026华为杯idea冻结工作区/实验数据/v7_fast_equiv_20260927_0030,26800128,AI_VERIFIED
29859840,root1:v7_fast_equiv_20260927_0030,0.0,0,0,0.0,0,0,0,0,,0,0,0,A2_base,case_058,18345984,3,0,0,18345984,305767,4.91752329100018,mps,17301504,1556350,"{'0': 1556350, '1': 1556350, '2': 1556350}",1541578,7667712,1044480,10678272,a04d829de26a0411578bd362196d3996896152a411bc04b5db1e4214dc51ef01,5738496,"[1611176, 37527552, 19181568]",4.376013250001051,A,37527552,"[1556350, 18345984, 5738496, 0, 0]",seed,/Users/futaoran/Desktop/华为杯2026/2026参赛工作区/2026华为杯idea冻结工作区/实验数据/v7_fast_equiv_20260927_0030,19181568,AI_VERIFIED
94584832,root1:v7_fast_equiv_20260927_0030,0.0,0,0,0.0,0,0,0,0,,0,0,0,B3_base,case_058,62201856,3,22769664,22769664,62201856,1036698,13.002203167001426,mps,15618048,1789488,"{'0': 1417766, '1': 1461796, '2': 1789488}",2462414,7667712,1044480,54534144,ae0fb406d6b0f26a7dd565108c6c2b753576a9b5aaa11ecbc8f53c18df79c899,13668352,"[2022744, 102252544, 40050688]",8.364655125000354,B,102252544,"[1789488, 62201856, 13668352, 0, 0]",seed,/Users/futaoran/Desktop/华为杯2026/2026参赛工作区/2026华为杯idea冻结工作区/实验数据/v7_fast_equiv_20260927_0030,40050688,AI_VERIFIED
30445568,root1:v7_fast_equiv_20260927_0030,0.0,6488064,0,0.17502762430939225,30580736,2178,15814656,2178,,6893568,0,0,incumbent_split_topo_g0_p4,case_058,16859136,3,0,0,16859136,280986,7.765001959000074,mps,15814656,1556350,"{'0': 1556350, '1': 1556350, '2': 1556350}",1533246,7667712,1044480,9191424,9a2f6e72fcc8b50cca0a7f64f699f682e0cd3a4696021938e14c5088b51a02f2,1683456,"[1494018, 532002.1333333333, -6193152, 21254144]",8.230513374999646,C,38113280,"[1556350, 16859136, 1683456, 0, -6893568]",timing,/Users/futaoran/Desktop/华为杯2026/2026参赛工作区/2026华为杯idea冻结工作区/实验数据/v7_fast_equiv_20260927_0030,21254144,AI_VERIFIED
30019584,root1:v7_fast_equiv_20260927_0030,0.0,0,0,0.0,0,0,0,0,,0,0,0,A2_base,case_058,22614016,4,53248,53248,22614016,376901,9.654467166001268,mps,21463040,1190150,"{'0': 1105334, '1': 1183416, '2': 1190150, '3': 1190150}",1711963,7667712,1044480,14946304,fdb04f9675cfb8dddd429ab97451c2af2dbac860d86434ef45dc8cf872960013,7651328,"[1800516, 37687296, 15073280]",4.343128374999651,A,37687296,"[1190150, 22614016, 7651328, 0, 0]",seed,/Users/futaoran/Desktop/华为杯2026/2026参赛工作区/2026华为杯idea冻结工作区/实验数据/v7_fast_equiv_20260927_0030,15073280,AI_VERIFIED
95109120,root1:v7_fast_equiv_20260927_0030,0.0,0,0,0.0,0,0,0,0,,0,0,0,B3_base,case_058,71671808,4,25673728,25673728,71671808,1194531,16.206115416998728,mps,19279872,1422226,"{'0': 1059310, '1': 1088318, '2': 1422226, '3': 1099196}",2005903,7667712,1044480,64004096,de0792015a367f6f0fcacf81cb639ed0cc0da84c80b2769c8080a3e826fe94c0,11661312,"[1691992, 102776832, 31105024]",9.65650395800003,B,102776832,"[1422226, 71671808, 11661312, 0, 0]",seed,/Users/futaoran/Desktop/华为杯2026/2026参赛工作区/2026华为杯idea冻结工作区/实验数据/v7_fast_equiv_20260927_0030,31105024,AI_VERIFIED
30445568,root1:v7_fast_equiv_20260927_0030,0.0,6488064,0,0.17502762430939225,30580736,2178,15814656,2178,,6893568,0,0,lower_core_base,case_058,16859136,4,0,0,16859136,280986,6.165975083000376,mps,15814656,1556350,"{'0': 1556350, '1': 1556350, '2': 1556350}",1533246,7667712,1044480,9191424,fc63e8f14b3e0dfd4b8e3c13d7c1470f3d19d1d12e40a9c975e5cb21220e7afc,1683456,"[1494018, 532002.1333333333, -6193152, 21254144]",6.211937750000288,C,38113280,"[1556350, 16859136, 1683456, 0, -6893568]",lower_core,/Users/futaoran/Desktop/华为杯2026/2026参赛工作区/2026华为杯idea冻结工作区/实验数据/v7_fast_equiv_20260927_0030,21254144,AI_VERIFIED
32112640,root1:v7_fast_equiv_20260927_0030,0.0,0,0,0.0,0,0,0,0,,0,0,0,A2_base,case_058,27840512,5,8192,8192,27840512,464009,3.654055167000479,mps,26779648,970430,"{'0': 932774, '1': 952120, '2': 861606, '3': 952120, '4': 970430}",1317037,7667712,1044480,20172800,420019108bde97a264d053d2a092bba692ca028e1e77aa973ed70cf7daf03318,9564160,"[1387173, 39780352, 11939840]",3.343743416000507,A,39780352,"[970430, 27840512, 9564160, 0, 0]",seed,/Users/futaoran/Desktop/华为杯2026/2026参赛工作区/2026华为杯idea冻结工作区/实验数据/v7_fast_equiv_20260927_0030,11939840,AI_VERIFIED
94662656,root1:v7_fast_equiv_20260927_0030,0.0,0,0,0.0,0,0,0,0,,0,0,0,B2_capacity_g14_back,case_058,74498048,5,27254784,27254784,74498048,1241635,7.301257249999253,mps,18944000,1241635,"{'0': 846930, '1': 839160, '2': 857808, '3': 902874, '4': 1222278}",1944077,7667712,1044480,66830336,b7ae01db03c65e3d0aaae22946a7312e0e175059cec27f05f74bc09734d690c6,12103680,"[1688747, 102330368, 27832320]",6.116427541999656,B,102330368,"[1241635, 74498048, 12103680, 0, 0]",capacity,/Users/futaoran/Desktop/华为杯2026/2026参赛工作区/2026华为杯idea冻结工作区/实验数据/v7_fast_equiv_20260927_0030,27832320,AI_VERIFIED
28696576,root1:v7_fast_equiv_20260927_0030,0.0,0,0,0.0,35319808,1056,6623232,1056,,0,0,0,C0_base,case_058,7667712,5,0,0,7667712,127796,6.031680000000051,mps,6623232,4669050,{'0': 4669050},4539717,7667712,1044480,0,6e1efc6d9b5d50ef699cc0b5cee365d5c524ef0166e4ed77f4cafdc1427948c2,1912832,"[4532052, 606071.4666666667, 0, 28696576]",6.066573665999385,C,36364288,"[4669050, 7667712, 1912832, 0, 0]",seed,/Users/futaoran/Desktop/华为杯2026/2026参赛工作区/2026华为杯idea冻结工作区/实验数据/v7_fast_equiv_20260927_0030,28696576,AI_VERIFIED
2398344,root1:v7_fast_equiv_20260927_0030,0.0,0,0,0.0,0,0,0,0,,0,0,0,L2_base,case_060,3282878,1,49152,49152,3282878,54715,0.677649040999313,mps,3184296,993771,{'0': 993771},886258,2099006,278,1183872,285e83754357e0c4357484b90336b4749acc5fa00ab259cbfdcce7e90b41ba74,1078428,"[977938, 4497350, 1214472]",0.5754495000001043,A,4497350,"[993771, 3282878, 1078428, 0, 0]",legacy_seed,/Users/futaoran/Desktop/华为杯2026/2026参赛工作区/2026华为杯idea冻结工作区/实验数据/v7_fast_equiv_20260927_0030,1214472,AI_VERIFIED
1869960,root1:v7_fast_equiv_20260927_0030,0.0,0,0,0.0,0,0,0,0,,0,0,0,q1_warm_capacity_g0_front,case_060,2099006,1,0,0,2099006,34984,0.9585916249998263,mps,2098728,993771,{'0': 993771},885660,2099006,278,0,2a63e04190476a7bfe4ccd2e0ac0b1337a9b4bad3287a0df87169cfb7432e533,1078428,"[885586, 3968966, 1869960]",0.928235625000525,B,3968966,"[993771, 2099006, 1078428, 0, 0]",capacity,/Users/futaoran/Desktop/华为杯2026/2026参赛工作区/2026华为杯idea冻结工作区/实验数据/v7_fast_equiv_20260927_0030,1869960,AI_VERIFIED
1977582,root1:v7_fast_equiv_20260927_0030,0.0,970754,0,0.2415464682978876,3048158,666,2098728,666,,5968002,0,0,incumbent_split_topo_g1_p4,case_060,2099006,1,0,0,2099006,34984,1.0009118329999183,mps,2098728,993771,{'0': 993771},883441,2099006,278,0,ff53ec0d434e36d9c883082145ee994b3fad27d505000e7fb91a082b3ddab1bc,1078428,"[883441, 51763.9, -970754, 1977582]",1.005434000000605,C,4076588,"[993771, 2099006, 1078428, 0, -5968002]",timing,/Users/futaoran/Desktop/华为杯2026/2026参赛工作区/2026华为杯idea冻结工作区/实验数据/v7_fast_equiv_20260927_0030,1977582,AI_VERIFIED
2603148,root1:v7_fast_equiv_20260927_0030,0.0,0,0,0.0,0,0,0,0,,0,0,0,L1_base,case_060,3307454,2,0,0,3307454,55125,0.7312746669995249,mps,3307176,497012,"{'0': 497012, '1': 496759}",443955,2099006,278,1208448,6d78f1543fc9247be5c6b8bcd3d3b0f33f599b93765ee6b9b61bb4be4737b7d0,646182,"[490791, 4702154, 1394700]",0.67573504199936,A,4702154,"[497012, 3307454, 646182, 0, 0]",legacy_seed,/Users/futaoran/Desktop/华为杯2026/2026参赛工作区/2026华为杯idea冻结工作区/实验数据/v7_fast_equiv_20260927_0030,1394700,AI_VERIFIED
23622630,root1:v7_fast_equiv_20260927_0030,0.0,0,0,0.0,0,0,0,0,,0,0,0,L3_base,case_060,12718072,2,4730968,4730968,12718072,211968,1.7723307500000374,mps,3255858,511528,"{'0': 511528, '1': 482243}",802818,2099006,278,10619066,342ffedffdf6f8b9d1b84fbebc7846481748fff0510f9cf6ce6e7153a86fec48,2983574,"[762497, 25721636, 13003564]",1.680652959001236,B,25721636,"[511528, 12718072, 2983574, 0, 0]",legacy_seed,/Users/futaoran/Desktop/华为杯2026/2026参赛工作区/2026华为杯idea冻结工作区/实验数据/v7_fast_equiv_20260927_0030,13003564,AI_VERIFIED
2715852,root1:v7_fast_equiv_20260927_0030,8007.765333333333,2093056,233,0.4471961572498749,2587342,946,3307176,1179,,1904640,632192,2529,incumbent_split_topo_g0_p4,case_060,3307454,2,0,0,2675262,44588,0.8190568330010137,mps,3307176,497012,"{'0': 497012, '1': 496759}",437319,2099006,278,1208448,cd6e6542d71df93595c2a9327b99f8cb0aedf1ceeff1f8f20116c927c3846d55,646182,"[437250, 45414.566666666666, -2089984, 1507404]",0.7181706669998675,C,4814858,"[497012, 3307454, 646182, -632192, -1904640]",timing,/Users/futaoran/Desktop/华为杯2026/2026参赛工作区/2026华为杯idea冻结工作区/实验数据/v7_fast_equiv_20260927_0030,1507404,AI_VERIFIED
3221760,root1:v7_fast_equiv_20260927_0030,0.0,0,0,0.0,0,0,0,0,,0,0,0,L1_base,case_060,4454462,3,0,0,4454462,74242,0.7479523750007502,mps,4454184,331464,"{'0': 330944, '1': 331464, '2': 331363}",298210,2099006,278,2355456,efc0c16d8b787d758a679a8f642830ee6097fbf93936f03466558b044335249f,506924,"[330454, 5320766, 866304]",0.6014595839988033,A,5320766,"[331464, 4454462, 506924, 0, 0]",legacy_seed,/Users/futaoran/Desktop/华为杯2026/2026参赛工作区/2026华为杯idea冻结工作区/实验数据/v7_fast_equiv_20260927_0030,866304,AI_VERIFIED
21708264,root1:v7_fast_equiv_20260927_0030,0.0,0,0,0.0,0,0,0,0,,0,0,0,L2_base,case_060,14711658,3,5623830,5623830,14711658,245195,1.5410275409994938,mps,3463720,347040,"{'0': 306571, '1': 347040, '2': 340160}",718183,2099006,278,12612652,f3f75f06ba37cac92e658c77318d89fec5f8ffcb8cb68949be29dd1ec4c66c19,2387334,"[672231, 23807270, 9095612]",1.3472919170017121,B,23807270,"[347040, 14711658, 2387334, 0, 0]",legacy_seed,/Users/futaoran/Desktop/华为杯2026/2026参赛工作区/2026华为杯idea冻结工作区/实验数据/v7_fast_equiv_20260927_0030,9095612,AI_VERIFIED
3225856,root1:v7_fast_equiv_20260927_0030,20232.618666666665,2546816,627,0.47858879205759564,2774696,1035,4455208,1662,,5120,1597312,6390,incumbent_disperse_tid_1000002029_node_2884_core_0_pos_0,case_060,4458558,3,3072,3072,2861246,47688,0.9817926249997981,mps,4452136,331363,"{'0': 331340, '1': 331068, '2': 331363}",297002,2099006,278,2359552,5d237c599cb10bab46a694d3b7fdea97a116f1ebbc7cc39f67b65bbe7bc52b14,506924,"[296864, 46300.76666666667, -2546816, 866304]",0.8806905830006144,C,5324862,"[331363, 4458558, 506924, -1597312, -5120]",disperse,/Users/futaoran/Desktop/华为杯2026/2026参赛工作区/2026华为杯idea冻结工作区/实验数据/v7_fast_equiv_20260927_0030,866304,AI_VERIFIED
3930376,root1:v7_fast_equiv_20260927_0030,0.0,0,0,0.0,0,0,0,0,,0,0,0,L1_base,case_060,5283902,4,0,0,5283902,88066,0.7724569170004543,mps,5283624,248745,"{'0': 248162, '1': 248745, '2': 248197, '3': 248667}",221720,2099006,278,3184896,6358837aae73be7557d0bc36f85d67a841242a511a878814e8bead7f3c67bc3b,281636,"[248676, 6029382, 745480]",0.5990685420001682,A,6029382,"[248745, 5283902, 281636, 0, 0]",legacy_seed,/Users/futaoran/Desktop/华为杯2026/2026参赛工作区/2026华为杯idea冻结工作区/实验数据/v7_fast_equiv_20260927_0030,745480,AI_VERIFIED
25958986,root1:v7_fast_equiv_20260927_0030,0.0,0,0,0.0,0,0,0,0,,0,0,0,L2_base,case_060,20870020,4,8306522,8306522,20870020,347834,1.6078849579989765,mps,4256698,347834,"{'0': 226316, '1': 252863, '2': 260912, '3': 253680}",617465,2099006,278,18771014,d02b4fe113dbbd0a2e61dfa1cf6578042f2fa8f8afa5b2e7ff1dd2bc49a6d020,2550016,"[541691, 28057992, 7187972]",1.365777667000657,B,28057992,"[347834, 20870020, 2550016, 0, 0]",legacy_seed,/Users/futaoran/Desktop/华为杯2026/2026参赛工作区/2026华为杯idea冻结工作区/实验数据/v7_fast_equiv_20260927_0030,7187972,AI_VERIFIED
3656968,root1:v7_fast_equiv_20260927_0030,30020.608,2753664,956,0.4784244883152191,3002028,1036,5283624,1992,,1474560,2370048,9481,incumbent_split_topo_g0_p4,case_060,5283902,4,0,0,2913854,48565,0.9224965419998625,mps,5283624,248745,"{'0': 248162, '1': 248745, '2': 248197, '3': 248667}",221694,2099006,278,3184896,a9ef9275b8deb6b3e0da382ae53691fbf69c1acd816b1826b1d4bcd0bcc2aec2,281636,"[221487, 49970.23333333333, -2757760, 472072]",0.8730569580002339,C,5755974,"[248745, 5283902, 281636, -2370048, -1474560]",timing,/Users/futaoran/Desktop/华为杯2026/2026参赛工作区/2026华为杯idea冻结工作区/实验数据/v7_fast_equiv_20260927_0030,472072,AI_VERIFIED
3948928,root1:v7_fast_equiv_20260927_0030,0.0,0,0,0.0,0,0,0,0,,0,0,0,L1_base,case_060,5877950,5,0,0,5877950,97966,0.8519057500016061,mps,5877672,198943,"{'0': 198513, '1': 198723, '2': 198943, '3': 198857, '4': 198735}",175702,2099006,278,3778944,54ad13b1ffeb9242c5d1c322762d372219fc9eb40b25e9f40049079c5165c63a,217126,"[200019, 6047934, 169984]",0.649996292000651,A,6047934,"[198943, 5877950, 217126, 0, 0]",legacy_seed,/Users/futaoran/Desktop/华为杯2026/2026参赛工作区/2026华为杯idea冻结工作区/实验数据/v7_fast_equiv_20260927_0030,169984,AI_VERIFIED
18778244,root1:v7_fast_equiv_20260927_0030,0.0,0,0,0.0,0,0,0,0,,0,0,0,B2_move,case_060,18814898,5,6598714,6598714,18814898,313582,1.3479036250009813,mps,5617192,313582,"{'0': 196441, '2': 160137, '3': 168528, '4': 196228, '1': 272437}",561422,2099006,278,16715892,69265a7037ea9edcbf955a4c22c765c40eadd8e58f3a0334af2466fe2fd22458,1021978,"[537881, 20877250, 2062352]",1.0494979999984935,B,20877250,"[313582, 18814898, 1021978, 0, 0]",ordinary,/Users/futaoran/Desktop/华为杯2026/2026参赛工作区/2026华为杯idea冻结工作区/实验数据/v7_fast_equiv_20260927_0030,2062352,AI_VERIFIED
4522140,root1:v7_fast_equiv_20260927_0030,24516.181333333334,2607108,800,0.39377204397739507,4013748,1609,6194856,2409,,0,1935488,7742,C1_base,case_060,6195134,5,0,0,4259646,70995,1.0831589160006843,mps,6194856,291690,"{'0': 291690, '1': 195677, '2': 164562, '3': 165099, '4': 176743}",266732,2099006,278,4096128,1f8ac6d7cd4ce4284e1c4891c78c44e113e53b5dcb0f48a916a4b69fb2e8919b,360458,"[266249, 64511.3, -2750468, 426012]",1.0024507920006727,C,6621146,"[291690, 6195134, 360458, -1935488, 0]",seed,/Users/futaoran/Desktop/华为杯2026/2026参赛工作区/2026华为杯idea冻结工作区/实验数据/v7_fast_equiv_20260927_0030,426012,AI_VERIFIED
61828,root1:v7_fast_equiv_20260927_0030,0.0,0,0,0.0,0,0,0,0,,0,0,0,A2_base,case_069,187882,1,24768,24768,187882,3132,0.09005674999934854,mps,126058,31962,{'0': 31962},24642,126054,12288,61828,737c31a19797baadf2b7c0538a34b11b57b6c9d679c4aa666654ec87bb60207b,0,"[32190, 187882, 0]",0.06278770799872291,A,187882,"[31962, 187882, 0, 0, 0]",seed,/Users/futaoran/Desktop/华为杯2026/2026参赛工作区/2026华为杯idea冻结工作区/实验数据/v7_fast_equiv_20260927_0030,0,AI_VERIFIED
0,root1:v7_fast_equiv_20260927_0030,0.0,0,0,0.0,0,0,0,0,,0,0,0,B2_aggregate,case_069,126054,1,0,0,126054,2101,0.11224120800034143,mps,113766,31962,{'0': 31962},22905,126054,12288,0,5a4d79ac75d9f62200ad90098398d9a6ad242b8d5e79a52e8ad268b9e284b235,0,"[22905, 126054, 0]",0.0813580419999198,B,126054,"[31962, 126054, 0, 0, 0]",aggregate,/Users/futaoran/Desktop/华为杯2026/2026参赛工作区/2026华为杯idea冻结工作区/实验数据/v7_fast_equiv_20260927_0030,0,AI_VERIFIED
0,root1:v7_fast_equiv_20260927_0030,0.0,0,0,0.0,113766,36,113766,36,,291546,0,0,incumbent_split_height_g0_p4,case_069,126054,1,0,0,126054,2101,0.13596845800020674,mps,113766,31962,{'0': 31962},22655,126054,12288,0,bafad13f2058e1bdb3c5642a1f67d0b6fcb66b802e733760bf38c89b1cddb0af,0,"[22655, 2100.9, 0, 0]",0.10725808300048811,C,126054,"[31962, 126054, 0, 0, -291546]",timing,/Users/futaoran/Desktop/华为杯2026/2026参赛工作区/2026华为杯idea冻结工作区/实验数据/v7_fast_equiv_20260927_0030,0,AI_VERIFIED
530310,root1:v7_fast_equiv_20260927_0030,0.0,0,0,0.0,0,0,0,0,,0,0,0,A3_base,case_069,656364,2,286752,231072,656364,10940,0.1098205419984879,mps,126252,16655,"{'0': 16655, '1': 15307}",32055,126054,12288,530310,c080f75e5702d42e6195c03d70149d355d812b694485feac825c6c98dd3f1d29,0,"[40728, 656364, 0]",0.11076954099917202,A,656364,"[16655, 656364, 0, 0, 0]",seed,/Users/futaoran/Desktop/华为杯2026/2026参赛工作区/2026华为杯idea冻结工作区/实验数据/v7_fast_equiv_20260927_0030,0,AI_VERIFIED
462468,root1:v7_fast_equiv_20260927_0030,0.0,0,0,0.0,0,0,0,0,,0,0,0,B3_base,case_069,588522,2,215872,215872,588522,9809,0.13163404199985962,mps,144490,16383,"{'0': 15579, '1': 16383}",25274,126054,12288,462468,8ed56856e7781e2ceea788d681d7a1c303d604d8a6236c321eda887f21868e22,0,"[25067, 588522, 0]",0.13130316699971445,B,588522,"[16383, 588522, 0, 0, 0]",seed,/Users/futaoran/Desktop/华为杯2026/2026参赛工作区/2026华为杯idea冻结工作区/实验数据/v7_fast_equiv_20260927_0030,0,AI_VERIFIED
0,root1:v7_fast_equiv_20260927_0030,0.0,0,0,0.0,113766,36,113766,36,,164212,0,0,incumbent_split_release_g0_p4,case_069,126054,2,0,0,126054,2101,0.08287812500020664,mps,113766,31962,{'0': 31962},24048,126054,12288,0,9aea6d09b03198bc6b282b08811b0419ccad2ded66d949342c829d9fb868a82f,0,"[24048, 2100.9, 0, 0]",0.09892241600027774,C,126054,"[31962, 126054, 0, 0, -164212]",timing,/Users/futaoran/Desktop/华为杯2026/2026参赛工作区/2026华为杯idea冻结工作区/实验数据/v7_fast_equiv_20260927_0030,0,AI_VERIFIED
185772,root1:v7_fast_equiv_20260927_0030,0.0,0,0,0.0,0,0,0,0,,0,0,0,A2_base,case_069,311826,3,87552,62880,311826,5198,0.10081104199889523,mps,149106,12575,"{'0': 10276, '1': 12575, '2': 9111}",25540,126054,12288,185772,0b8139564ae0ec72e96129af7c41ac37cac7f950f79b233524e4adc0a03c8a26,0,"[31653, 311826, 0]",0.07332258300084504,A,311826,"[12575, 311826, 0, 0, 0]",seed,/Users/futaoran/Desktop/华为杯2026/2026参赛工作区/2026华为杯idea冻结工作区/实验数据/v7_fast_equiv_20260927_0030,0,AI_VERIFIED
582632,root1:v7_fast_equiv_20260927_0030,0.0,0,0,0.0,0,0,0,0,,0,0,0,B2_base,case_069,708686,3,282816,282816,708686,11812,0.11293033400033892,mps,130766,12162,"{'0': 12162, '1': 8908, '2': 10892}",24263,126054,12288,582632,7aaf55efc16e9ab38de7f278867d33dd7e202e46d3696c89095c24fcd723d224,0,"[23794, 708686, 0]",0.09979279199978919,B,708686,"[12162, 708686, 0, 0, 0]",seed,/Users/futaoran/Desktop/华为杯2026/2026参赛工作区/2026华为杯idea冻结工作区/实验数据/v7_fast_equiv_20260927_0030,0,AI_VERIFIED
631784,root1:v7_fast_equiv_20260927_0030,462.1813333333333,36200,27,0.0826185987703066,401958,277,438158,304,,21512,36488,146,r3_boundary_n1028_c0_p6,case_069,757838,3,307392,307392,721350,12023,0.12780012500115845,mps,130766,12023,"{'0': 11250, '1': 9820, '2': 10892}",22922,126054,12288,631784,1204965ed43855c6ab3d103200a6f02a2410153972090670d60ff16226051f03,0,"[22433, 12001.7, -37736, 0]",0.1459545830002753,C,757838,"[12023, 757838, 0, -36488, -21512]",ordinary_chain,/Users/futaoran/Desktop/华为杯2026/2026参赛工作区/2026华为杯idea冻结工作区/实验数据/v7_fast_equiv_20260927_0030,0,AI_VERIFIED
241580,root1:v7_fast_equiv_20260927_0030,0.0,0,0,0.0,0,0,0,0,,0,0,0,A2_base,case_069,367634,4,125056,81184,367634,6128,0.07164529200053948,mps,149106,8824,"{'0': 7552, '1': 7004, '2': 8582, '3': 8824}",28537,126054,12288,241580,7bd0bb74128adb791570ef2c4760198135e0d0304458de8da30791fd24a3ebad,0,"[35677, 367634, 0]",0.10778579100042407,A,367634,"[8824, 367634, 0, 0, 0]",seed,/Users/futaoran/Desktop/华为杯2026/2026参赛工作区/2026华为杯idea冻结工作区/实验数据/v7_fast_equiv_20260927_0030,0,AI_VERIFIED
583366,root1:v7_fast_equiv_20260927_0030,0.0,0,0,0.0,0,0,0,0,,0,0,0,B2_base,case_069,709420,4,284288,284288,709420,11824,0.15224808399943868,mps,128556,11824,"{'0': 8573, '1': 9957, '2': 11344, '3': 2088}",24304,126054,12288,583366,b5859812f54c11d71d45c17d25b11285ebf3142176047d908c7a3aea0da60bfd,0,"[23814, 709420, 0]",0.1182777089998126,B,709420,"[11824, 709420, 0, 0, 0]",seed,/Users/futaoran/Desktop/华为杯2026/2026参赛工作区/2026华为杯idea冻结工作区/实验数据/v7_fast_equiv_20260927_0030,0,AI_VERIFIED
0,root1:v7_fast_equiv_20260927_0030,0.0,0,0,0.0,113766,36,113766,36,,0,0,0,C0_base,case_069,126054,4,0,0,126054,2101,0.07364720800069335,mps,113766,31962,{'0': 31962},25144,126054,12288,0,1451d0fda429b94eb7aba57e0dcf06215ae7cdc46303042ec79e5c9eb2e95e85,0,"[25144, 2100.9, 0, 0]",0.09201291699901049,C,126054,"[31962, 126054, 0, 0, 0]",seed,/Users/futaoran/Desktop/华为杯2026/2026参赛工作区/2026华为杯idea冻结工作区/实验数据/v7_fast_equiv_20260927_0030,0,AI_VERIFIED
259792,root1:v7_fast_equiv_20260927_0030,0.0,0,0,0.0,0,0,0,0,,0,0,0,A2_base,case_069,385846,5,126480,77232,385846,6431,0.09732479200101807,mps,169846,7313,"{'0': 7313, '1': 6905, '2': 5949, '3': 6733, '4': 5062}",22097,126054,12288,259792,84cf9780e02d98793119225c7315553495f48253a9d303d838f3790678915749,0,"[27245, 385846, 0]",0.09633304199996928,A,385846,"[7313, 385846, 0, 0, 0]",seed,/Users/futaoran/Desktop/华为杯2026/2026参赛工作区/2026华为杯idea冻结工作区/实验数据/v7_fast_equiv_20260927_0030,0,AI_VERIFIED
271980,root1:v7_fast_equiv_20260927_0030,0.0,0,0,0.0,0,0,0,0,,0,0,0,q1_warm_capacity_g2_back,case_069,398034,5,110256,110256,398034,6634,0.09957191700050316,mps,165234,7313,"{'0': 7313, '1': 6905, '2': 5949, '3': 6733, '4': 5062}",13565,126054,12288,271980,2f754c7135bf6c5dcde732dd11bf6cf951bab42fb485e028294b048f3497f8e1,0,"[13383, 398034, 0]",0.09073933300169301,B,398034,"[7313, 398034, 0, 0, 0]",capacity,/Users/futaoran/Desktop/华为杯2026/2026参赛工作区/2026华为杯idea冻结工作区/实验数据/v7_fast_equiv_20260927_0030,0,AI_VERIFIED
271980,root1:v7_fast_equiv_20260927_0030,968.088,78348,40,0.2843950778612654,197142,114,275490,154,,4612,76428,306,event_timing_tid_1000000148_miss_2_bytes_2304_core_4,case_069,398034,5,110256,110256,321606,5361,0.1121318749992497,mps,165234,7785,"{'0': 7313, '1': 6905, '4': 7785, '3': 6733, '2': 3226}",13239,126054,12288,271980,6ab4b7c4c2e3395d8071fb920faa8da5b61666223b6540b42c93eb9ad86f2fc4,0,"[13113, 5276.9, -81420, 0]",0.10694720900028187,C,398034,"[7785, 398034, 0, -76428, -4612]",event_timing,/Users/futaoran/Desktop/华为杯2026/2026参赛工作区/2026华为杯idea冻结工作区/实验数据/v7_fast_equiv_20260927_0030,0,AI_VERIFIED
33974,root1:v7_fast_equiv_20260927_0030,0.0,0,0,0.0,0,0,0,0,,0,0,0,L2_base,case_077,2175334,1,14848,14848,2175334,36256,0.49842974999955914,mps,2145538,552078,{'0': 552078},495404,2141360,100,33974,13ecd9857e6c134071b133c8c0fd1ed7f62858098bbfac5bdc0a53da53679725,0,"[555586, 2175334, 0]",0.44192691699936404,A,2175334,"[552078, 2175334, 0, 0, 0]",legacy_seed,/Users/futaoran/Desktop/华为杯2026/2026参赛工作区/2026华为杯idea冻结工作区/实验数据/v7_fast_equiv_20260927_0030,0,AI_VERIFIED
0,root1:v7_fast_equiv_20260927_0030,0.0,0,0,0.0,0,0,0,0,,0,0,0,L2_base,case_077,2141360,1,0,0,2141360,35690,0.7823585839996667,mps,2141260,552078,{'0': 552078},495593,2141360,100,0,cb9913e5d03502bdcc18a48c1cc9f8d35f80c0dc51f9e03d952134ede5ae86e0,0,"[495593, 2141360, 0]",0.7687753750014963,B,2141360,"[552078, 2141360, 0, 0, 0]",legacy_seed,/Users/futaoran/Desktop/华为杯2026/2026参赛工作区/2026华为杯idea冻结工作区/实验数据/v7_fast_equiv_20260927_0030,0,AI_VERIFIED
0,root1:v7_fast_equiv_20260927_0030,0.0,0,0,0.0,2141260,336,2141260,336,,37786,0,0,incumbent_split_topo_g0_p4,case_077,2141360,1,0,0,2141360,35690,0.8381327080005576,mps,2141260,552078,{'0': 552078},494044,2141360,100,0,5d139777bdb0ae25afe68c4ac7e4b2bfbc84d93229a0db4187d87fe58f32ae98,0,"[494043, 35689.333333333336, 0, 0]",0.8005201249998208,C,2141360,"[552078, 2141360, 0, 0, -37786]",timing,/Users/futaoran/Desktop/华为杯2026/2026参赛工作区/2026华为杯idea冻结工作区/实验数据/v7_fast_equiv_20260927_0030,0,AI_VERIFIED
57344,root1:v7_fast_equiv_20260927_0030,0.0,0,0,0.0,0,0,0,0,,0,0,0,L1_base,case_077,2198704,2,0,0,2198704,36646,0.5844004999999015,mps,2198604,276459,"{'0': 275619, '1': 276459}",248734,2141360,100,57344,eee64396102d099f9092aa3a37620b30b949fadcd981ca5bd57915888e525caf,0,"[279438, 2198704, 0]",0.4978990409999824,A,2198704,"[276459, 2198704, 0, 0, 0]",legacy_seed,/Users/futaoran/Desktop/华为杯2026/2026参赛工作区/2026华为杯idea冻结工作区/实验数据/v7_fast_equiv_20260927_0030,0,AI_VERIFIED
2939930,root1:v7_fast_equiv_20260927_0030,0.0,0,0,0.0,0,0,0,0,,0,0,0,L3_base,case_077,4360678,2,1102912,1102912,4360678,72678,0.9403746250009135,mps,2154754,284200,"{'0': 284200, '1': 267878}",400319,2141360,100,2219318,071645bf8e1ee0f4500beef6f670dc393bf9a83e68c9e5c40ad029b92c710392,311412,"[400306, 5081290, 720612]",0.7920915419999801,B,5081290,"[284200, 4360678, 311412, 0, 0]",legacy_seed,/Users/futaoran/Desktop/华为杯2026/2026参赛工作区/2026华为杯idea冻结工作区/实验数据/v7_fast_equiv_20260927_0030,720612,AI_VERIFIED
57344,root1:v7_fast_equiv_20260927_0030,0.0,0,0,0.0,2198604,343,2198604,343,,0,0,0,C1_base,case_077,2198704,2,0,0,2198704,36646,0.6319430000003194,mps,2198604,306568,"{'0': 306568, '1': 245510}",274352,2141360,100,57344,d8452db2e8884f0add9098c983157f5cda69b973fb3edbaead8efb390314d183,0,"[273759, 36645.066666666666, 0, 0]",0.6127301250016899,C,2198704,"[306568, 2198704, 0, 0, 0]",seed,/Users/futaoran/Desktop/华为杯2026/2026参赛工作区/2026华为杯idea冻结工作区/实验数据/v7_fast_equiv_20260927_0030,0,AI_VERIFIED
114688,root1:v7_fast_equiv_20260927_0030,0.0,0,0,0.0,0,0,0,0,,0,0,0,L1_base,case_077,2256048,3,0,0,2256048,37601,0.5809945420005533,mps,2255948,184234,"{'0': 183961, '1': 184234, '2': 183883}",168976,2141360,100,114688,2fda1b6791a69ecbffee547487064959412159754a8ab1fcdadd0a9cabb34a37,0,"[186974, 2256048, 0]",0.43688537500020175,A,2256048,"[184234, 2256048, 0, 0, 0]",legacy_seed,/Users/futaoran/Desktop/华为杯2026/2026参赛工作区/2026华为杯idea冻结工作区/实验数据/v7_fast_equiv_20260927_0030,0,AI_VERIFIED
3462070,root1:v7_fast_equiv_20260927_0030,0.0,0,0,0.0,0,0,0,0,,0,0,0,L3_base,case_077,4978974,3,1386880,1386880,4978974,82983,0.8190582919996814,mps,2205114,200691,"{'0': 178478, '1': 200691, '2': 172909}",318577,2141360,100,2837614,ea347cb7fb7d7e4b7e26d1998859a8813c75326d51fd492d0cabd94e9f17004d,300278,"[316856, 5603430, 624456]",0.746541917000286,B,5603430,"[200691, 4978974, 300278, 0, 0]",legacy_seed,/Users/futaoran/Desktop/华为杯2026/2026参赛工作区/2026华为杯idea冻结工作区/实验数据/v7_fast_equiv_20260927_0030,624456,AI_VERIFIED
114688,root1:v7_fast_equiv_20260927_0030,726.3573333333334,57344,7,0.025419025615838663,2198604,343,2255948,350,,245760,57344,230,incumbent_split_topo_g2_p4,case_077,2256048,3,0,0,2198704,36646,0.7097242090003419,mps,2255948,184234,"{'0': 183961, '1': 184234, '2': 183883}",168126,2141360,100,114688,2af462f8214f7f956029cade5b5429b8b0ef99b32f21b7350b7aaf36e52be4bf,0,"[167815, 36645.066666666666, -57344, 0]",0.6889600409995182,C,2256048,"[184234, 2256048, 0, -57344, -245760]",timing,/Users/futaoran/Desktop/华为杯2026/2026参赛工作区/2026华为杯idea冻结工作区/实验数据/v7_fast_equiv_20260927_0030,0,AI_VERIFIED
114688,root1:v7_fast_equiv_20260927_0030,0.0,0,0,0.0,0,0,0,0,,0,0,0,L1_base,case_077,2256048,4,0,0,2256048,37601,0.5085397910006577,mps,2255948,138743,"{'0': 137716, '1': 137716, '2': 137903, '3': 138743}",127832,2141360,100,114688,aded19b4ad0f16c54f3538712093a24cb515c74a316f041b664b287952f36f45,0,"[140571, 2256048, 0]",0.46493441600068763,A,2256048,"[138743, 2256048, 0, 0, 0]",legacy_seed,/Users/futaoran/Desktop/华为杯2026/2026参赛工作区/2026华为杯idea冻结工作区/实验数据/v7_fast_equiv_20260927_0030,0,AI_VERIFIED
5077410,root1:v7_fast_equiv_20260927_0030,0.0,0,0,0.0,0,0,0,0,,0,0,0,B3_aggregate,case_077,7190098,4,2366336,2366336,7190098,119835,0.8658083329992223,mps,2457326,150987,"{'0': 150638, '1': 150987, '2': 116027, '3': 134426}",263478,2141360,100,5048738,c6b06e89035b2572d9307a2cc27e3c56f5b8e3c16559c98deaa91416011d2200,11456,"[240412, 7218770, 28672]",0.6893239169985463,B,7218770,"[150987, 7190098, 11456, 0, 0]",aggregate,/Users/futaoran/Desktop/华为杯2026/2026参赛工作区/2026华为杯idea冻结工作区/实验数据/v7_fast_equiv_20260927_0030,28672,AI_VERIFIED
131072,root1:v7_fast_equiv_20260927_0030,830.1226666666666,114688,8,0.05065411149487223,2149452,343,2264140,351,,8192,65536,263,incumbent_disperse_tid_1000004420_node_4253_core_1_pos_0,case_077,2272432,4,8192,8192,2206896,36782,0.7187418330013315,mps,2255948,139776,"{'0': 137716, '1': 139776, '2': 137903, '3': 136683}",126652,2141360,100,131072,037f3450f59a1c8d7417418ebc48d449a989b5844e88f0c25fdb928e1327fb6e,0,"[126444, 35962.4, -114688, 0]",0.7254530829995929,C,2272432,"[139776, 2272432, 0, -65536, -8192]",disperse,/Users/futaoran/Desktop/华为杯2026/2026参赛工作区/2026华为杯idea冻结工作区/实验数据/v7_fast_equiv_20260927_0030,0,AI_VERIFIED
172032,root1:v7_fast_equiv_20260927_0030,0.0,0,0,0.0,0,0,0,0,,0,0,0,L1_base,case_077,2313392,5,0,0,2313392,38557,0.6699129170010565,mps,2313292,134904,"{'0': 134904, '1': 105277, '2': 103970, '3': 103957, '4': 103970}",115617,2141360,100,172032,747fbd0964330f8b62f51dfe86a6d40b61084822e2a946194b64e5f7bba105f3,0,"[136974, 2313392, 0]",0.5085655000002589,A,2313392,"[134904, 2313392, 0, 0, 0]",legacy_seed,/Users/futaoran/Desktop/华为杯2026/2026参赛工作区/2026华为杯idea冻结工作区/实验数据/v7_fast_equiv_20260927_0030,0,AI_VERIFIED
4325094,root1:v7_fast_equiv_20260927_0030,0.0,0,0,0.0,0,0,0,0,,0,0,0,B3_base,case_077,6364054,5,1925600,1925600,6364054,106068,0.7559661249997589,mps,2512754,120084,"{'0': 99619, '1': 118619, '2': 98433, '3': 115323, '4': 120084}",191608,2141360,100,4222694,49ae9d1c9253e6c857dd60cb1a38755aaf36d2a5691fc6fd35eca77b350aa7ea,38896,"[187067, 6466454, 102400]",0.6641436660011095,B,6466454,"[120084, 6364054, 38896, 0, 0]",seed,/Users/futaoran/Desktop/华为杯2026/2026参赛工作区/2026华为杯idea冻结工作区/实验数据/v7_fast_equiv_20260927_0030,102400,AI_VERIFIED
172032,root1:v7_fast_equiv_20260927_0030,726.3573333333334,57344,7,0.02478891553681939,2255948,350,2313292,357,,0,57344,230,C1_base,case_077,2313392,5,0,0,2256048,37601,0.6903155830004835,mps,2313292,166504,"{'0': 166504, '1': 105355, '2': 93324, '3': 93428, '4': 93467}",148260,2141360,100,172032,db4b7262198b5482bf379b576a0d9389dd4cb77e7f253c3cfc0fbc2c656919bf,0,"[146432, 37600.8, -57344, 0]",0.6643216250013211,C,2313392,"[166504, 2313392, 0, -57344, 0]",seed,/Users/futaoran/Desktop/华为杯2026/2026参赛工作区/2026华为杯idea冻结工作区/实验数据/v7_fast_equiv_20260927_0030,0,AI_VERIFIED
5008896,root1:v7_fast_equiv_20260927_0030,0.0,0,0,0.0,0,0,0,0,,0,0,0,A2_base,case_033,4905198,1,0,0,4905198,81754,0.4872173749990907,mps,4822064,1920150,{'0': 1920150},1774317,2972910,83134,1932288,c61063b5d7eb2c97c11c7b4a883f3a6634ec27d17670d163d87cd088eb7a8c6b,1758208,"[1917136, 7981806, 3076608]",0.4361015829999815,A,7981806,"[1920150, 4905198, 1758208, 0, 0]",seed,/Users/futaoran/Desktop/华为杯2026/2026参赛工作区/2026华为杯idea冻结工作区/实验数据/v7_fast_equiv_20260927_0030,3076608,AI_VERIFIED
15879168,root1:v7_fast_equiv_20260927_0030,0.0,0,0,0.0,0,0,0,0,,0,0,0,B2_base,case_033,2972910,1,0,0,2972910,49549,0.8710228330000973,mps,2889776,1920150,{'0': 1920150},1866295,2972910,83134,0,ffc37f2cdede1a9c5feb27cb4c05049e0b2c07b31ece96291aa83d0570399492,7157248,"[1856313, 18852078, 15879168]",0.8470044170007895,B,18852078,"[1920150, 2972910, 7157248, 0, 0]",seed,/Users/futaoran/Desktop/华为杯2026/2026参赛工作区/2026华为杯idea冻结工作区/实验数据/v7_fast_equiv_20260927_0030,15879168,AI_VERIFIED
4592640,root1:v7_fast_equiv_20260927_0030,0.0,720384,0,0.09627692445862406,6762032,503,2889776,503,,0,0,0,incumbent_base,case_033,2972910,1,0,0,2972910,49549,0.7609052500010876,mps,2889776,1920150,{'0': 1920150},1774080,2972910,83134,0,4e9616d8b5284e12ac96679481d9c1df20d38f83e1e52aaae2f3765b09f69dfd,1179136,"[1773953, 114086.1, -720384, 4592640]",0.6914414580005541,C,7565550,"[1920150, 2972910, 1179136, 0, 0]",incumbent,/Users/futaoran/Desktop/华为杯2026/2026参赛工作区/2026华为杯idea冻结工作区/实验数据/v7_fast_equiv_20260927_0030,4592640,AI_VERIFIED
6664224,root1:v7_fast_equiv_20260927_0030,0.0,0,0,0.0,0,0,0,0,,0,0,0,L1_base,case_033,5050638,2,0,0,5050638,84178,0.5138691659994947,mps,4967504,960293,"{'0': 959857, '1': 960293}",889697,2972910,83134,2077728,dbf2428c6f8406e3794af57cd3fd74f0ca46c73475cfcb8ac10a359f1f4b4b97,1872896,"[969000, 9637134, 4586496]",0.4330276250002498,A,9637134,"[960293, 5050638, 1872896, 0, 0]",legacy_seed,/Users/futaoran/Desktop/华为杯2026/2026参赛工作区/2026华为杯idea冻结工作区/实验数据/v7_fast_equiv_20260927_0030,4586496,AI_VERIFIED
6664224,root1:v7_fast_equiv_20260927_0030,0.0,0,0,0.0,0,0,0,0,,0,0,0,L1_base,case_033,5050638,2,0,0,5050638,84178,0.7408878750011354,mps,4967504,960293,"{'0': 959857, '1': 960293}",889697,2972910,83134,2077728,dbf2428c6f8406e3794af57cd3fd74f0ca46c73475cfcb8ac10a359f1f4b4b97,1872896,"[888857, 9637134, 4586496]",0.6805482910003775,B,9637134,"[960293, 5050638, 1872896, 0, 0]",legacy_seed,/Users/futaoran/Desktop/华为杯2026/2026参赛工作区/2026华为杯idea冻结工作区/实验数据/v7_fast_equiv_20260927_0030,4586496,AI_VERIFIED
6664224,root1:v7_fast_equiv_20260927_0030,9241.6,3358752,147,0.351554532133138,6195248,741,4967504,888,,0,729600,2919,event_timing_tid_1108_miss_4_bytes_24576_front,case_033,5050638,2,0,0,4321038,72018,0.7480037080003967,mps,4967504,960293,"{'0': 959857, '1': 960293}",887951,2972910,83134,2077728,d0e8ab8f1b5df0dca892ecb2f727c652fd1101ca97117d572e397897c47e5582,1872896,"[887548, 104537.3, -3364896, 4586496]",0.6976852919997327,C,9637134,"[960293, 5050638, 1872896, -729600, 0]",event_timing,/Users/futaoran/Desktop/华为杯2026/2026参赛工作区/2026华为杯idea冻结工作区/实验数据/v7_fast_equiv_20260927_0030,4586496,AI_VERIFIED
6990912,root1:v7_fast_equiv_20260927_0030,0.0,0,0,0.0,0,0,0,0,,0,0,0,L1_base,case_033,6962478,3,0,0,6962478,116042,0.5290760410007351,mps,6879344,640180,"{'0': 640180, '1': 640061, '2': 639909}",592065,2972910,83134,3989568,48f72c0057f44dadc9085549c8f669103684a1143df3e64b4cb07642d2af12ed,1939968,"[647251, 9963822, 3001344]",0.5012127079990023,A,9963822,"[640180, 6962478, 1939968, 0, 0]",legacy_seed,/Users/futaoran/Desktop/华为杯2026/2026参赛工作区/2026华为杯idea冻结工作区/实验数据/v7_fast_equiv_20260927_0030,3001344,AI_VERIFIED
6990912,root1:v7_fast_equiv_20260927_0030,0.0,0,0,0.0,0,0,0,0,,0,0,0,L1_base,case_033,6962478,3,0,0,6962478,116042,0.754299499998524,mps,6879344,640180,"{'0': 640180, '1': 640061, '2': 639909}",592065,2972910,83134,3989568,48f72c0057f44dadc9085549c8f669103684a1143df3e64b4cb07642d2af12ed,1939968,"[590374, 9963822, 3001344]",0.6358507499990083,B,9963822,"[640180, 6962478, 1939968, 0, 0]",legacy_seed,/Users/futaoran/Desktop/华为杯2026/2026参赛工作区/2026华为杯idea冻结工作区/实验数据/v7_fast_equiv_20260927_0030,3001344,AI_VERIFIED
6990912,root1:v7_fast_equiv_20260927_0030,31129.6,3780672,470,0.38263246445996474,6100016,776,6879344,1246,,0,2457600,9831,event_timing_tid_1201_miss_4_bytes_24576_front,case_033,6962478,3,0,0,4504878,75082,0.6783599579994188,mps,6879344,640180,"{'0': 640180, '1': 640061, '2': 639909}",590152,2972910,83134,3989568,69b2183a37fa480ebffc3e4acbbfdc551e27b5604a7f008cd3d486a954ac78ef,1939968,"[589388, 107148.5, -3534912, 3001344]",0.6067667919996893,C,9963822,"[640180, 6962478, 1939968, -2457600, 0]",event_timing,/Users/futaoran/Desktop/华为杯2026/2026参赛工作区/2026华为杯idea冻结工作区/实验数据/v7_fast_equiv_20260927_0030,3001344,AI_VERIFIED
7214688,root1:v7_fast_equiv_20260927_0030,0.0,0,0,0.0,0,0,0,0,,0,0,0,L1_base,case_033,8252238,4,0,0,8252238,137538,0.6910284590012452,mps,8169104,480191,"{'0': 480166, '1': 480104, '2': 479689, '3': 480191}",443447,2972910,83134,5279328,b6cad94c86539ff2cef90e735ac82ae92c373ebbe52fe8c7581d560292ccd679,1444864,"[485268, 10187598, 1935360]",0.502661459000592,A,10187598,"[480191, 8252238, 1444864, 0, 0]",legacy_seed,/Users/futaoran/Desktop/华为杯2026/2026参赛工作区/2026华为杯idea冻结工作区/实验数据/v7_fast_equiv_20260927_0030,1935360,AI_VERIFIED
7214688,root1:v7_fast_equiv_20260927_0030,0.0,0,0,0.0,0,0,0,0,,0,0,0,L1_base,case_033,8252238,4,0,0,8252238,137538,0.832757958000002,mps,8169104,480191,"{'0': 480166, '1': 480104, '2': 479689, '3': 480191}",443447,2972910,83134,5279328,b6cad94c86539ff2cef90e735ac82ae92c373ebbe52fe8c7581d560292ccd679,1444864,"[441966, 10187598, 1935360]",0.665781457999401,B,10187598,"[480191, 8252238, 1444864, 0, 0]",legacy_seed,/Users/futaoran/Desktop/华为杯2026/2026参赛工作区/2026华为杯idea冻结工作区/实验数据/v7_fast_equiv_20260927_0030,1935360,AI_VERIFIED
7219296,root1:v7_fast_equiv_20260927_0030,39781.44,4216416,613,0.4173459416913592,5886512,883,8169104,1496,,10752,3140640,12563,incumbent_disperse_tid_1603_node_5085_core_2_pos_0,case_033,8258382,4,6144,6144,5117742,85296,0.8399162909990991,mps,8162960,480853,"{'0': 479002, '2': 480853, '1': 480104, '3': 480191}",441850,2972910,83134,5285472,c1f8b1f8a719f36f52fe2c1afcb94742bce0d205236fb53623430e3ecdbf739c,1440256,"[440570, 93734.1, -4568160, 1933824]",0.8066362909994496,C,10192206,"[480853, 8258382, 1440256, -3140640, -10752]",disperse,/Users/futaoran/Desktop/华为杯2026/2026参赛工作区/2026华为杯idea冻结工作区/实验数据/v7_fast_equiv_20260927_0030,1933824,AI_VERIFIED
7816320,root1:v7_fast_equiv_20260927_0030,0.0,0,0,0.0,0,0,0,0,,0,0,0,L1_base,case_033,9482094,5,0,0,9482094,158035,0.9674833749995742,mps,9398960,384238,"{'0': 384108, '1': 384238, '2': 384025, '3': 383975, '4': 383804}",355102,2972910,83134,6509184,9d12400e6c4f925705c7c25af2b8470933a3b597b42733e73d25f805bc8a495b,953344,"[390061, 10789230, 1307136]",0.846213999999236,A,10789230,"[384238, 9482094, 953344, 0, 0]",legacy_seed,/Users/futaoran/Desktop/华为杯2026/2026参赛工作区/2026华为杯idea冻结工作区/实验数据/v7_fast_equiv_20260927_0030,1307136,AI_VERIFIED
7816320,root1:v7_fast_equiv_20260927_0030,0.0,0,0,0.0,0,0,0,0,,0,0,0,L1_base,case_033,9482094,5,0,0,9482094,158035,0.9991057080005703,mps,9398960,384238,"{'0': 384108, '1': 384238, '2': 384025, '3': 383975, '4': 383804}",355102,2972910,83134,6509184,9d12400e6c4f925705c7c25af2b8470933a3b597b42733e73d25f805bc8a495b,953344,"[353320, 10789230, 1307136]",0.9659816669991415,B,10789230,"[384238, 9482094, 953344, 0, 0]",legacy_seed,/Users/futaoran/Desktop/华为杯2026/2026参赛工作区/2026华为杯idea冻结工作区/实验数据/v7_fast_equiv_20260927_0030,1307136,AI_VERIFIED
7816320,root1:v7_fast_equiv_20260927_0030,45176.832,3348096,689,0.31272800094450864,7358000,1027,9398960,1716,,0,3566592,14267,event_timing_tid_1057_miss_4_bytes_24576_front,case_033,9482094,5,0,0,5915502,98592,0.9126284169997234,mps,9398960,384238,"{'0': 384108, '1': 384238, '2': 384025, '3': 383975, '4': 383804}",354514,2972910,83134,6509184,4b0feb594101a83e3934c76bd36ff7c3b8cacb3d25c2a6b8211e0b439dd6eec8,953344,"[353184, 117030.1, -3767424, 1307136]",0.689259624999977,C,10789230,"[384238, 9482094, 953344, -3566592, 0]",event_timing,/Users/futaoran/Desktop/华为杯2026/2026参赛工作区/2026华为杯idea冻结工作区/实验数据/v7_fast_equiv_20260927_0030,1307136,AI_VERIFIED
1759362,root1:v7_fast_equiv_20260927_0030,0.0,0,0,0.0,0,0,0,0,,0,0,0,L3_base,case_053,4656346,1,830304,830304,4656346,77606,1.4226624579987401,mps,2897368,1556802,{'0': 1556802},1415374,2995288,98370,1661058,bb7b861d3538b3baebc8d808f2ae1e2a64c0214d32c29cdc5e149ee1f11dc1fd,244112,"[1554330, 4754650, 98304]",1.8257719579996774,A,4754650,"[1556802, 4656346, 244112, 0, 0]",legacy_seed,/Users/futaoran/Desktop/华为杯2026/2026参赛工作区/2026华为杯idea冻结工作区/实验数据/v7_fast_equiv_20260927_0030,98304,AI_VERIFIED
4047952,root1:v7_fast_equiv_20260927_0030,0.0,0,0,0.0,0,0,0,0,,0,0,0,L3_base,case_053,2995288,1,0,0,2995288,49922,4.490275000000111,mps,2896918,1556802,{'0': 1556802},1448004,2995288,98370,0,259b5592a0cb1c2190a968f63b582c4bacfb2cd07f027a98bb539aef37aa8369,875664,"[1445296, 7043240, 4047952]",4.411278458001107,B,7043240,"[1556802, 2995288, 875664, 0, 0]",legacy_seed,/Users/futaoran/Desktop/华为杯2026/2026参赛工作区/2026华为杯idea冻结工作区/实验数据/v7_fast_equiv_20260927_0030,4047952,AI_VERIFIED
4042192,root1:v7_fast_equiv_20260927_0030,0.0,2613792,0,0.3900358939173136,4087622,331,2896918,331,,1641176,0,0,r1_merge_g2_3,case_053,2995288,1,0,0,2995288,49922,4.866018124999755,mps,2896918,1556802,{'0': 1556802},1421619,2995288,98370,0,68701cef8af93422aad6b96617de345444a9c542be432372c941905b98d6b653,830608,"[1420870, 73728.13333333333, -2613792, 4042192]",4.029217541999969,C,7037480,"[1556802, 2995288, 830608, 0, -1641176]",ordinary_chain,/Users/futaoran/Desktop/华为杯2026/2026参赛工作区/2026华为杯idea冻结工作区/实验数据/v7_fast_equiv_20260927_0030,4042192,AI_VERIFIED
5974464,root1:v7_fast_equiv_20260927_0030,0.0,0,0,0.0,0,0,0,0,,0,0,0,L1_base,case_053,4030040,2,0,0,4030040,67168,1.7729725419994793,mps,3931670,778495,"{'0': 778495, '1': 778307}",828335,2995288,98370,1034752,dea624364bb9b9470cfc15d7ce6fe27603883979a662e785446b5fc3c44c9134,463360,"[865705, 8969752, 4939712]",1.5283793750004406,A,8969752,"[778495, 4030040, 463360, 0, 0]",legacy_seed,/Users/futaoran/Desktop/华为杯2026/2026参赛工作区/2026华为杯idea冻结工作区/实验数据/v7_fast_equiv_20260927_0030,4939712,AI_VERIFIED
5974464,root1:v7_fast_equiv_20260927_0030,0.0,0,0,0.0,0,0,0,0,,0,0,0,L1_base,case_053,4030040,2,0,0,4030040,67168,4.876990082999328,mps,3931670,778495,"{'0': 778495, '1': 778307}",828335,2995288,98370,1034752,dea624364bb9b9470cfc15d7ce6fe27603883979a662e785446b5fc3c44c9134,463360,"[822120, 8969752, 4939712]",4.366161875001126,B,8969752,"[778495, 4030040, 463360, 0, 0]",legacy_seed,/Users/futaoran/Desktop/华为杯2026/2026参赛工作区/2026华为杯idea冻结工作区/实验数据/v7_fast_equiv_20260927_0030,4939712,AI_VERIFIED
5308480,root1:v7_fast_equiv_20260927_0030,10927.786666666667,3190336,55,0.398239741039114,4820758,336,3931670,391,,445638,862720,3451,incumbent_split_height_g1_p4,case_053,4030040,2,0,0,3167320,52789,4.094879083000706,mps,3931670,895165,"{'0': 895165, '1': 661637}",759346,2995288,98370,1034752,74c424ce19c08087a10dcbcdad5a4422935504d2935030e06d16cef38fb1ed1b,528454,"[758882, 86672.4, -3103424, 4273728]",4.102313249999497,C,8303768,"[895165, 4030040, 528454, -862720, -445638]",timing,/Users/futaoran/Desktop/华为杯2026/2026参赛工作区/2026华为杯idea冻结工作区/实验数据/v7_fast_equiv_20260927_0030,4273728,AI_VERIFIED
5803072,root1:v7_fast_equiv_20260927_0030,0.0,0,0,0.0,0,0,0,0,,0,0,0,L1_base,case_053,4030040,3,0,0,4030040,67168,3.6840316249999887,mps,3931670,616327,"{'0': 616327, '1': 470244, '2': 470231}",542159,2995288,98370,1034752,0cb31b7d67b33b4b1d689edaca7f9a0076866357b6d529d47e117cb4d4d2a845,926720,"[602426, 8798360, 4768320]",3.411079333000089,A,8798360,"[616327, 4030040, 926720, 0, 0]",legacy_seed,/Users/futaoran/Desktop/华为杯2026/2026参赛工作区/2026华为杯idea冻结工作区/实验数据/v7_fast_equiv_20260927_0030,4768320,AI_VERIFIED
5803072,root1:v7_fast_equiv_20260927_0030,0.0,0,0,0.0,0,0,0,0,,0,0,0,L1_base,case_053,4030040,3,0,0,4030040,67168,3.8527562500003114,mps,3931670,616327,"{'0': 616327, '1': 470244, '2': 470231}",542159,2995288,98370,1034752,0cb31b7d67b33b4b1d689edaca7f9a0076866357b6d529d47e117cb4d4d2a845,926720,"[495570, 8798360, 4768320]",3.7358445420013595,B,8798360,"[616327, 4030040, 926720, 0, 0]",legacy_seed,/Users/futaoran/Desktop/华为杯2026/2026参赛工作区/2026华为杯idea冻结工作区/实验数据/v7_fast_equiv_20260927_0030,4768320,AI_VERIFIED
5354272,root1:v7_fast_equiv_20260927_0030,5368.234666666666,3570304,40,0.43813915931076886,4578486,351,3931670,391,,276480,423808,1696,incumbent_split_height_g2_p4,case_053,4030040,3,0,0,3606232,60104,3.98972700000013,mps,3931670,616327,"{'0': 616327, '1': 470244, '2': 470231}",491765,2995288,98370,1034752,52811f20eb5c68de920c162cd8a5d8ded72e836c5186c0430278f0f5f52023ad,869888,"[491089, 78425.46666666666, -3644032, 4319520]",3.677947000000131,C,8349560,"[616327, 4030040, 869888, -423808, -276480]",timing,/Users/futaoran/Desktop/华为杯2026/2026参赛工作区/2026华为杯idea冻结工作区/实验数据/v7_fast_equiv_20260927_0030,4319520,AI_VERIFIED
6360992,root1:v7_fast_equiv_20260927_0030,0.0,0,0,0.0,0,0,0,0,,0,0,0,L1_base,case_053,5064792,4,0,0,5064792,84414,3.7588071250011126,mps,4966422,616327,"{'0': 616327, '1': 313522, '2': 313535, '3': 313418}",492232,2995288,98370,2069504,006e840951dab4de89b7bbf85edee9c200bdae95809d59d74a6ce26583082d97,1390080,"[602426, 9356280, 4291488]",3.4366552920000686,A,9356280,"[616327, 5064792, 1390080, 0, 0]",legacy_seed,/Users/futaoran/Desktop/华为杯2026/2026参赛工作区/2026华为杯idea冻结工作区/实验数据/v7_fast_equiv_20260927_0030,4291488,AI_VERIFIED
6360992,root1:v7_fast_equiv_20260927_0030,0.0,0,0,0.0,0,0,0,0,,0,0,0,L1_base,case_053,5064792,4,0,0,5064792,84414,3.906086000000869,mps,4966422,616327,"{'0': 616327, '1': 313522, '2': 313535, '3': 313418}",492232,2995288,98370,2069504,006e840951dab4de89b7bbf85edee9c200bdae95809d59d74a6ce26583082d97,1390080,"[491089, 9356280, 4291488]",3.5771294580008544,B,9356280,"[616327, 5064792, 1390080, 0, 0]",legacy_seed,/Users/futaoran/Desktop/华为杯2026/2026参赛工作区/2026华为杯idea冻结工作区/实验数据/v7_fast_equiv_20260927_0030,4291488,AI_VERIFIED
3971872,root1:v7_fast_equiv_20260927_0030,564.2239999999999,2079360,29,0.3075398556780013,4681910,362,3900950,391,,265216,44544,179,incumbent_split_height_g0_p4,case_053,3999320,4,0,0,3954776,65913,2.973470124999949,mps,3900950,616327,"{'0': 616327, '1': 376162, '2': 376162, '3': 188151}",492232,2995288,98370,1004032,b9a9132e2768ee7f4f0531ae3360aa8d4dd228daeb7c7f7f84977deabce25dda,605696,"[491089, 82692.13333333333, -2005632, 2967840]",4.081989749998684,C,6967160,"[616327, 3999320, 605696, -44544, -265216]",timing,/Users/futaoran/Desktop/华为杯2026/2026参赛工作区/2026华为杯idea冻结工作区/实验数据/v7_fast_equiv_20260927_0030,2967840,AI_VERIFIED
4469536,root1:v7_fast_equiv_20260927_0030,0.0,0,0,0.0,0,0,0,0,,0,0,0,r1_split_g0_h0_c3_p0,case_053,4189784,5,95232,95232,4189784,69830,3.275108416999501,mps,3900950,616327,"{'0': 616327, '3': 376191, '1': 188122, '2': 376162}",491765,2995288,98370,1194496,07f592c41a09876ca07999f818b79106d101075818dfb825e04b8ed00a9ffbbc,553184,"[602426, 7464824, 3275040]",2.8719490410003345,A,7464824,"[616327, 4189784, 553184, 0, 0]",capacity_representative,/Users/futaoran/Desktop/华为杯2026/2026参赛工作区/2026华为杯idea冻结工作区/实验数据/v7_fast_equiv_20260927_0030,3275040,AI_VERIFIED
6918912,root1:v7_fast_equiv_20260927_0030,0.0,0,0,0.0,0,0,0,0,,0,0,0,L1_base,case_053,6099544,5,0,0,6099544,101660,3.116813999999067,mps,6001174,616327,"{'0': 616327, '1': 238381, '2': 231863, '3': 231876, '4': 238355}",492699,2995288,98370,3104256,a69a2ec21ac5fd5717a3855aef06f11901a09aee627ea24b5585141b535fcbc7,1853440,"[491089, 9914200, 3814656]",2.958631958999831,B,9914200,"[616327, 6099544, 1853440, 0, 0]",legacy_seed,/Users/futaoran/Desktop/华为杯2026/2026参赛工作区/2026华为杯idea冻结工作区/实验数据/v7_fast_equiv_20260927_0030,3814656,AI_VERIFIED
3971872,root1:v7_fast_equiv_20260927_0030,564.2239999999999,2079360,29,0.3075398556780013,4681910,362,3900950,391,,265216,44544,179,incumbent_split_height_g0_p4,case_053,3999320,5,0,0,3954776,65913,3.6100032920003287,mps,3900950,616327,"{'0': 616327, '1': 376162, '2': 376162, '3': 188151}",492232,2995288,98370,1004032,d8802220761fc0265cb4a831bb983a2433772e9b9e1d8ab8ce70b9ef3b776d68,605696,"[491089, 82692.13333333333, -2005632, 2967840]",3.2452140410005086,C,6967160,"[616327, 3999320, 605696, -44544, -265216]",timing,/Users/futaoran/Desktop/华为杯2026/2026参赛工作区/2026华为杯idea冻结工作区/实验数据/v7_fast_equiv_20260927_0030,2967840,AI_VERIFIED
1808368,root1:v7_fast_equiv_20260927_0030,0.0,0,0,0.0,0,0,0,0,,0,0,0,A3_base,case_054,3374612,1,867680,867680,3374612,56244,4.691018375000567,mps,1639190,1014888,{'0': 1014888},821533,1606276,62,1768336,32b6e7fb0594a4646e77c3d911b018e1a2349628e99130fe086aabbc1b9e8f64,134838,"[980267, 3414644, 40032]",2.986399875000643,A,3414644,"[1014888, 3374612, 134838, 0, 0]",seed,/Users/futaoran/Desktop/华为杯2026/2026参赛工作区/2026华为杯idea冻结工作区/实验数据/v7_fast_equiv_20260927_0030,40032,AI_VERIFIED
165700,root1:v7_fast_equiv_20260927_0030,0.0,0,0,0.0,0,0,0,0,,0,0,0,L3_base,case_054,1606276,1,0,0,1606276,26772,7.701269125000181,mps,1606214,1014888,{'0': 1014888},796718,1606276,62,0,d6551cbb63b7d34d9d7be2e6dbd56353413e93d5b565f7d30556dd7f12596a4c,46950,"[796717, 1771976, 165700]",11.47508391699921,B,1771976,"[1014888, 1606276, 46950, 0, 0]",legacy_seed,/Users/futaoran/Desktop/华为杯2026/2026参赛工作区/2026华为杯idea冻结工作区/实验数据/v7_fast_equiv_20260927_0030,165700,AI_VERIFIED
213576,root1:v7_fast_equiv_20260927_0030,0.0,2,0,1.167539597105436e-06,1713002,351,1606214,351,,627384,0,0,incumbent_split_height_g2_p4,case_054,1606276,1,0,0,1606276,26772,7.730551959000877,mps,1606214,1014888,{'0': 1014888},792519,1606276,62,0,b6caa6bddcfb9ce6c5c024c65a19c61a93a063d946844c65df38e3dc01a9c68f,46950,"[792518, 30330.833333333332, -2, 213576]",14.329284833000202,C,1819852,"[1014888, 1606276, 46950, 0, -627384]",timing,/Users/futaoran/Desktop/华为杯2026/2026参赛工作区/2026华为杯idea冻结工作区/实验数据/v7_fast_equiv_20260927_0030,213576,AI_VERIFIED
139148,root1:v7_fast_equiv_20260927_0030,0.0,0,0,0.0,0,0,0,0,,0,0,0,A2_base,case_054,1745424,2,44928,44928,1745424,29091,3.475233584000307,mps,1655506,552044,"{'0': 552044, '1': 462844}",619081,1606276,62,139148,26ba12f1028a2406f2155bd51057481ed39902dc74715b55d0790177467ae54a,0,"[771198, 1745424, 0]",2.8906239589996403,A,1745424,"[552044, 1745424, 0, 0, 0]",seed,/Users/futaoran/Desktop/华为杯2026/2026参赛工作区/2026华为杯idea冻结工作区/实验数据/v7_fast_equiv_20260927_0030,0,AI_VERIFIED
2932202,root1:v7_fast_equiv_20260927_0030,0.0,0,0,0.0,0,0,0,0,,0,0,0,B3_base,case_054,4374574,2,1340850,1340850,4374574,72910,4.902640167001664,mps,1692812,520612,"{'0': 520612, '1': 494276}",647171,1606276,62,2768298,161e332076a4c8cbed1e238088b1429274383a57ae15beddc373060e225bcb6c,81920,"[646507, 4538478, 163904]",5.247211875001085,B,4538478,"[520612, 4374574, 81920, 0, 0]",seed,/Users/futaoran/Desktop/华为杯2026/2026参赛工作区/2026华为杯idea冻结工作区/实验数据/v7_fast_equiv_20260927_0030,163904,AI_VERIFIED
49152,root1:v7_fast_equiv_20260927_0030,622.592,0,6,0.0,1655366,351,1655366,357,,112678,49152,197,incumbent_split_topo_g0_p4,case_054,1655428,2,0,0,1606276,26772,8.131882375000714,mps,1655366,694067,"{'0': 694067, '1': 320821}",513641,1606276,62,49152,3ed48da7495a0f1e88da8e88eb797f7c57d0e97b165bd3e7bbf4b038b113cd6b,0,"[513615, 27590.466666666667, 0, 0]",8.160787957998764,C,1655428,"[694067, 1655428, 0, -49152, -112678]",timing,/Users/futaoran/Desktop/华为杯2026/2026参赛工作区/2026华为杯idea冻结工作区/实验数据/v7_fast_equiv_20260927_0030,0,AI_VERIFIED
98304,root1:v7_fast_equiv_20260927_0030,0.0,0,0,0.0,0,0,0,0,,0,0,0,L1_base,case_054,1704580,3,0,0,1704580,28410,7.602060791999975,mps,1704518,694067,"{'0': 694067, '1': 160378, '2': 160443}",517986,1606276,62,98304,8fcef567b5da227a293d59ae92c3259994196d04bfa5a9aa1978a4310ae92329,0,"[660996, 1704580, 0]",7.510312041998986,A,1704580,"[694067, 1704580, 0, 0, 0]",legacy_seed,/Users/futaoran/Desktop/华为杯2026/2026参赛工作区/2026华为杯idea冻结工作区/实验数据/v7_fast_equiv_20260927_0030,0,AI_VERIFIED
151622,root1:v7_fast_equiv_20260927_0030,0.0,0,0,0.0,0,0,0,0,,0,0,0,r1_split_g0_h0_c2_p0,case_054,1757898,3,51200,51200,1757898,29299,5.418474750000314,mps,1655436,359696,"{'2': 359696, '0': 334371, '1': 320821}",516442,1606276,62,151622,285b976e27eabbf8790115f0e85f15459fd7ca3c78dec419faabe8bc99c8af40,0,"[516398, 1757898, 0]",5.976229167001293,B,1757898,"[359696, 1757898, 0, 0, 0]",ordinary_chain,/Users/futaoran/Desktop/华为杯2026/2026参赛工作区/2026华为杯idea冻结工作区/实验数据/v7_fast_equiv_20260927_0030,0,AI_VERIFIED
151622,root1:v7_fast_equiv_20260927_0030,0.0,0,0,0.0,1706636,422,1706636,422,,122468,0,0,incumbent_split_release_g0_p4,case_054,1757898,3,51200,51200,1757898,29299,6.326226291999774,mps,1655436,359696,"{'2': 359696, '0': 334371, '1': 320821}",513130,1606276,62,151622,2186ac569d48b5b87529c5c27a9a9b2d8129165d87d6e2da14c170de9a670a8b,0,"[513086, 29298.3, 0, 0]",5.27860229199905,C,1757898,"[359696, 1757898, 0, 0, -122468]",timing,/Users/futaoran/Desktop/华为杯2026/2026参赛工作区/2026华为杯idea冻结工作区/实验数据/v7_fast_equiv_20260927_0030,0,AI_VERIFIED
147456,root1:v7_fast_equiv_20260927_0030,0.0,0,0,0.0,0,0,0,0,,0,0,0,L1_base,case_054,1753732,4,0,0,1753732,29229,9.548643207999703,mps,1753670,694067,"{'0': 694067, '1': 106910, '2': 106962, '3': 106949}",518015,1606276,62,147456,2f7b45b39aecc00b7aad2b1661358262b6643b38dfefda1cf33e6aec276c86ca,0,"[660996, 1753732, 0]",8.67553070899885,A,1753732,"[694067, 1753732, 0, 0, 0]",legacy_seed,/Users/futaoran/Desktop/华为杯2026/2026参赛工作区/2026华为杯idea冻结工作区/实验数据/v7_fast_equiv_20260927_0030,0,AI_VERIFIED
147456,root1:v7_fast_equiv_20260927_0030,0.0,0,0,0.0,0,0,0,0,,0,0,0,L1_base,case_054,1753732,4,0,0,1753732,29229,12.213500249999925,mps,1753670,694067,"{'0': 694067, '1': 106910, '2': 106962, '3': 106949}",518015,1606276,62,147456,2f7b45b39aecc00b7aad2b1661358262b6643b38dfefda1cf33e6aec276c86ca,0,"[517934, 1753732, 0]",15.182152666000547,B,1753732,"[694067, 1753732, 0, 0, 0]",legacy_seed,/Users/futaoran/Desktop/华为杯2026/2026参赛工作区/2026华为杯idea冻结工作区/实验数据/v7_fast_equiv_20260927_0030,0,AI_VERIFIED
151622,root1:v7_fast_equiv_20260927_0030,0.0,0,0,0.0,1706636,422,1706636,422,,122468,0,0,incumbent_split_release_g0_p4,case_054,1757898,4,51200,51200,1757898,29299,5.083900042000096,mps,1655436,359696,"{'2': 359696, '0': 334371, '1': 320821}",513130,1606276,62,151622,43b4ecd81369a7a3098694b445626482e3ea91eef7ffa2bc7dd787c19feaad0f,0,"[513086, 29298.3, 0, 0]",4.796001000000615,C,1757898,"[359696, 1757898, 0, 0, -122468]",timing,/Users/futaoran/Desktop/华为杯2026/2026参赛工作区/2026华为杯idea冻结工作区/实验数据/v7_fast_equiv_20260927_0030,0,AI_VERIFIED
196608,root1:v7_fast_equiv_20260927_0030,0.0,0,0,0.0,0,0,0,0,,0,0,0,L1_base,case_054,1802884,5,0,0,1802884,30049,6.842601541999102,mps,1802822,694067,"{'0': 694067, '1': 80176, '2': 80215, '3': 80215, '4': 80215}",518133,1606276,62,196608,3a380b77761ce50153df7fd3c9dc24354ff3a3d515057ea79e2bc8cc41890e01,0,"[660996, 1802884, 0]",7.1266645830000925,A,1802884,"[694067, 1802884, 0, 0, 0]",legacy_seed,/Users/futaoran/Desktop/华为杯2026/2026参赛工作区/2026华为杯idea冻结工作区/实验数据/v7_fast_equiv_20260927_0030,0,AI_VERIFIED
151622,root1:v7_fast_equiv_20260927_0030,0.0,0,0,0.0,0,0,0,0,,0,0,0,r1_split_g0_h0_c3_p0,case_054,1757898,5,51200,51200,1757898,29299,3.962350334000803,mps,1655436,359696,"{'3': 359696, '0': 334371, '1': 320821}",516442,1606276,62,151622,4594ebda9942c09ece3ff90e4640882b7a569cda0fca1f5432976c2d8ef908a1,0,"[516398, 1757898, 0]",3.9867429160003667,B,1757898,"[359696, 1757898, 0, 0, 0]",ordinary_chain,/Users/futaoran/Desktop/华为杯2026/2026参赛工作区/2026华为杯idea冻结工作区/实验数据/v7_fast_equiv_20260927_0030,0,AI_VERIFIED
49152,root1:v7_fast_equiv_20260927_0030,622.592,0,6,0.0,1655366,351,1655366,357,,112678,49152,197,incumbent_split_topo_g0_p4,case_054,1655428,5,0,0,1606276,26772,2.789716375000353,mps,1655366,694067,"{'0': 694067, '1': 320821}",513641,1606276,62,49152,b334b8bc7f7ea4acbb3d99dc059d4d2e67cac3df796c065370b0af28164874c4,0,"[513615, 27590.466666666667, 0, 0]",3.4483314589997462,C,1655428,"[694067, 1655428, 0, -49152, -112678]",timing,/Users/futaoran/Desktop/华为杯2026/2026参赛工作区/2026华为杯idea冻结工作区/实验数据/v7_fast_equiv_20260927_0030,0,AI_VERIFIED
0,root1:v7_fast_equiv_20260927_0030,0.0,0,0,0.0,0,0,0,0,,0,0,0,A2_base,case_057,342460,1,0,0,342460,5708,0.08067154200034565,mps,336588,61627,{'0': 61627},59896,342460,5872,0,b1406a621135e8f53ec19fe34c7b482918c3304f5ff90458c022410f7c15a799,0,"[63554, 342460, 0]",0.05665433400099573,A,342460,"[61627, 342460, 0, 0, 0]",seed,/Users/futaoran/Desktop/华为杯2026/2026参赛工作区/2026华为杯idea冻结工作区/实验数据/v7_fast_equiv_20260927_0030,0,AI_VERIFIED
200740,root1:v7_fast_equiv_20260927_0030,0.0,0,0,0.0,0,0,0,0,,0,0,0,L2_base,case_057,342460,1,0,0,342460,5708,0.1037880829990172,mps,336588,61627,{'0': 61627},59247,342460,5872,0,86f0f0a5a581911a330cf30c7f24ea9c102e672231a6d9fbb4db71b24074ec2c,94244,"[59247, 543200, 200740]",0.12494033300026786,B,543200,"[61627, 342460, 94244, 0, 0]",legacy_seed,/Users/futaoran/Desktop/华为杯2026/2026参赛工作区/2026华为杯idea冻结工作区/实验数据/v7_fast_equiv_20260927_0030,200740,AI_VERIFIED
274492,root1:v7_fast_equiv_20260927_0030,0.0,45056,0,0.0907724604220307,451306,127,336588,127,,149784,0,0,incumbent_split_topo_g1_p4,case_057,342460,1,0,0,342460,5708,0.11540162500023143,mps,336588,61627,{'0': 61627},59096,342460,5872,0,d05b6380bf9e40ee46a168354600a8559dac158de74e6d1125984a02e4c6824c,94244,"[58874, 9531.6, -45056, 274492]",0.10623766599928786,C,616952,"[61627, 342460, 94244, 0, -149784]",timing,/Users/futaoran/Desktop/华为杯2026/2026参赛工作区/2026华为杯idea冻结工作区/实验数据/v7_fast_equiv_20260927_0030,274492,AI_VERIFIED
22304,root1:v7_fast_equiv_20260927_0030,0.0,0,0,0.0,0,0,0,0,,0,0,0,L1_base,case_057,356572,2,0,0,356572,5943,0.08684141699995962,mps,350700,30818,"{'0': 30809, '1': 30818}",30183,342460,5872,14112,c7f56b740bc95c8f645476f5f17828af27b7cf1b528dae9642c647d56e538342,12294,"[31828, 364764, 8192]",0.08644654199997603,A,364764,"[30818, 356572, 12294, 0, 0]",legacy_seed,/Users/futaoran/Desktop/华为杯2026/2026参赛工作区/2026华为杯idea冻结工作区/实验数据/v7_fast_equiv_20260927_0030,8192,AI_VERIFIED
1567310,root1:v7_fast_equiv_20260927_0030,0.0,0,0,0.0,0,0,0,0,,0,0,0,B2_base,case_057,1790986,2,640036,640036,1790986,29850,0.16315662499982864,mps,505042,31128,"{'0': 30499, '1': 31128}",55413,342460,5872,1448526,c3343d4d4a5181b972af76291b9dc1011d66551ef479cd40a67a4cf61ef4d9ba,53252,"[52996, 1909770, 118784]",0.15871283299929928,B,1909770,"[31128, 1790986, 53252, 0, 0]",seed,/Users/futaoran/Desktop/华为杯2026/2026参赛工作区/2026华为杯idea冻结工作区/实验数据/v7_fast_equiv_20260927_0030,118784,AI_VERIFIED
22304,root1:v7_fast_equiv_20260927_0030,178.752,22304,4,0.062146829686925316,336588,127,350700,131,,223624,14112,57,incumbent_split_height_g1_p4,case_057,356572,2,0,0,342460,5708,0.11796966600013548,mps,350700,30818,"{'0': 30809, '1': 30818}",29658,342460,5872,14112,86abfaab7a8b41ecfad17821034d13daafeecce564ebecb4ffeaea43c73d80c3,12294,"[29589, 5707.666666666667, -22304, 8192]",0.09819662500012782,C,364764,"[30818, 356572, 12294, -14112, -223624]",timing,/Users/futaoran/Desktop/华为杯2026/2026参赛工作区/2026华为杯idea冻结工作区/实验数据/v7_fast_equiv_20260927_0030,8192,AI_VERIFIED
14112,root1:v7_fast_equiv_20260927_0030,0.0,0,0,0.0,0,0,0,0,,0,0,0,L1_base,case_057,356572,3,0,0,356572,5943,0.08507854100025725,mps,350700,20825,"{'0': 20310, '1': 20825, '2': 20492}",20705,342460,5872,14112,e6132f79ead543c0720b38adde3dc72611b121ae9143816305955871ebc54a87,0,"[21367, 356572, 0]",0.06148700000085228,A,356572,"[20825, 356572, 0, 0, 0]",legacy_seed,/Users/futaoran/Desktop/华为杯2026/2026参赛工作区/2026华为杯idea冻结工作区/实验数据/v7_fast_equiv_20260927_0030,0,AI_VERIFIED
1241290,root1:v7_fast_equiv_20260927_0030,0.0,0,0,0.0,0,0,0,0,,0,0,0,B3_capacity_g2_front,case_057,1514118,3,475152,475152,1514118,25236,0.2062625839989778,mps,557942,25236,"{'0': 18764, '1': 19029, '2': 23834}",39736,342460,5872,1171658,83b6ea3d591a11e5658f5f2d37142da0e1ae2e21fcf3defe5d28363eadb66899,52224,"[37529, 1583750, 69632]",0.15813508400060527,B,1583750,"[25236, 1514118, 52224, 0, 0]",capacity,/Users/futaoran/Desktop/华为杯2026/2026参赛工作区/2026华为杯idea冻结工作区/实验数据/v7_fast_equiv_20260927_0030,69632,AI_VERIFIED
14112,root1:v7_fast_equiv_20260927_0030,120.384,14112,3,0.040239520958083835,336588,128,350700,131,,95880,9504,39,incumbent_split_release_g0_p4,case_057,356572,3,0,0,347068,5785,0.13876879199960968,mps,350700,20825,"{'0': 20310, '1': 20825, '2': 20492}",20705,342460,5872,14112,bda263662f57313151371c8722e649350f2abc39ef02df505da650dd9d8e8244,0,"[20599, 5707.666666666667, -14112, 0]",0.10759850000067672,C,356572,"[20825, 356572, 0, -9504, -95880]",timing,/Users/futaoran/Desktop/华为杯2026/2026参赛工作区/2026华为杯idea冻结工作区/实验数据/v7_fast_equiv_20260927_0030,0,AI_VERIFIED
284698,root1:v7_fast_equiv_20260927_0030,0.0,0,0,0.0,0,0,0,0,,0,0,0,L2_base,case_057,627158,4,105484,105484,627158,10453,0.13440329200057022,mps,410318,16425,"{'0': 15730, '1': 14190, '2': 16425, '3': 15282}",66749,342460,5872,284698,da44616db82a0658ec00542f75ef1cc2c2860ebfdb7571e64052057561397d57,0,"[71932, 627158, 0]",0.08750004200010153,A,627158,"[16425, 627158, 0, 0, 0]",legacy_seed,/Users/futaoran/Desktop/华为杯2026/2026参赛工作区/2026华为杯idea冻结工作区/实验数据/v7_fast_equiv_20260927_0030,0,AI_VERIFIED
28224,root1:v7_fast_equiv_20260927_0030,0.0,0,0,0.0,0,0,0,0,,0,0,0,L1_base,case_057,370684,4,0,0,370684,6179,0.1306862919991545,mps,364812,16552,"{'0': 15141, '1': 16552, '2': 14967, '3': 14967}",16485,342460,5872,28224,6fda72854bbad6557546e74b3ac73babb5ce6fbdf5be8c4f7122e0daf99c7cbe,0,"[16326, 370684, 0]",0.09551091600042128,B,370684,"[16552, 370684, 0, 0, 0]",legacy_seed,/Users/futaoran/Desktop/华为杯2026/2026参赛工作区/2026华为杯idea冻结工作区/实验数据/v7_fast_equiv_20260927_0030,0,AI_VERIFIED
288,root1:v7_fast_equiv_20260927_0030,0.0,288,0,0.0008549139742813379,336588,128,336876,128,,0,0,0,C1_base,case_057,342748,4,0,0,342748,5713,0.13640562500040687,mps,336876,25399,"{'0': 12949, '1': 25399, '2': 13274, '3': 10005}",23930,342460,5872,288,3ed4c097fdf5c66e755d7a9c4af45fc69b0d6b4774805afb1ff5f8f90e185993,0,"[23771, 5707.666666666667, -288, 0]",0.0921859170011885,C,342748,"[25399, 342748, 0, 0, 0]",seed,/Users/futaoran/Desktop/华为杯2026/2026参赛工作区/2026华为杯idea冻结工作区/实验数据/v7_fast_equiv_20260927_0030,0,AI_VERIFIED
14112,root1:v7_fast_equiv_20260927_0030,0.0,0,0,0.0,0,0,0,0,,0,0,0,L1_base,case_057,356572,5,0,0,356572,5943,0.10086516700175707,mps,350700,12949,"{'0': 12949, '1': 12305, '2': 11686, '3': 12780, '4': 11907}",14028,342460,5872,14112,2dd3c1076d4b30d1c5fdce678979fc8b2990a5bf69db5be6cfc84139a1ab15e0,0,"[13469, 356572, 0]",0.07987812499959546,A,356572,"[12949, 356572, 0, 0, 0]",legacy_seed,/Users/futaoran/Desktop/华为杯2026/2026参赛工作区/2026华为杯idea冻结工作区/实验数据/v7_fast_equiv_20260927_0030,0,AI_VERIFIED
1223428,root1:v7_fast_equiv_20260927_0030,0.0,0,0,0.0,0,0,0,0,,0,0,0,B3_capacity_g19_front,case_057,1361088,5,398962,398962,1361088,22685,0.20013704099983443,mps,557292,22685,"{'0': 22182, '1': 13956, '2': 20801, '3': 4688}",49552,342460,5872,1018628,69528d9424b1f299284818ce96ca01624816855c7dedd5dfc3d7e432aa44b425,82434,"[45005, 1565888, 204800]",0.1638271669999085,B,1565888,"[22685, 1361088, 82434, 0, 0]",capacity,/Users/futaoran/Desktop/华为杯2026/2026参赛工作区/2026华为杯idea冻结工作区/实验数据/v7_fast_equiv_20260927_0030,204800,AI_VERIFIED
288,root1:v7_fast_equiv_20260927_0030,0.0,288,0,0.0008549139742813379,336588,128,336876,128,,0,0,0,C1_base,case_057,342748,5,0,0,342748,5713,0.10672429199985345,mps,336876,25399,"{'0': 12949, '1': 25399, '2': 13274, '3': 10005}",23930,342460,5872,288,691895b3d0623b902786c363d87272eeefa29f35a2d17283ba6d1af1e3c16396,0,"[23771, 5707.666666666667, -288, 0]",0.10094529100024374,C,342748,"[25399, 342748, 0, 0, 0]",seed,/Users/futaoran/Desktop/华为杯2026/2026参赛工作区/2026华为杯idea冻结工作区/实验数据/v7_fast_equiv_20260927_0030,0,AI_VERIFIED
2072576,root1:v7_fast_equiv_20260927_0030,0.0,0,0,0.0,0,0,0,0,,0,0,0,A2_base,case_059,2064384,1,0,0,2064384,34407,0.5015962920006132,mps,1802240,839936,{'0': 839936},818974,1343488,262144,720896,204136670c6c9669ba68c3a417d810a1d9b2663eeb27626501cd328d33d947e7,253952,"[844226, 3416064, 1351680]",0.4333993330001249,A,3416064,"[839936, 2064384, 253952, 0, 0]",seed,/Users/futaoran/Desktop/华为杯2026/2026参赛工作区/2026华为杯idea冻结工作区/实验数据/v7_fast_equiv_20260927_0030,1351680,AI_VERIFIED
1945600,root1:v7_fast_equiv_20260927_0030,0.0,0,0,0.0,0,0,0,0,,0,0,0,q1_warm_capacity_g0_back,case_059,1343488,1,0,0,1343488,22392,0.3948390829991695,mps,1081344,839936,{'0': 839936},841541,1343488,262144,0,280c1020013b7dbf5d4d97ac79d56dc220c703ab1e0c7d994e50770f58ea5909,253952,"[839790, 3289088, 1945600]",0.41517458300040744,B,3289088,"[839936, 1343488, 253952, 0, 0]",capacity,/Users/futaoran/Desktop/华为杯2026/2026参赛工作区/2026华为杯idea冻结工作区/实验数据/v7_fast_equiv_20260927_0030,1945600,AI_VERIFIED
1691648,root1:v7_fast_equiv_20260927_0030,0.0,1691648,0,0.6100443131462334,1081344,352,1081344,352,,0,0,0,incumbent_base,case_059,1343488,1,0,0,1343488,22392,0.5409697919985774,mps,1081344,839936,{'0': 839936},815938,1343488,262144,0,2e6a67d7d77f4b2e1ea02410090335b393c7c9d2780064849fbac16238d5ce03,253952,"[815765, 22391.466666666667, -1691648, 1691648]",0.5016552919987589,C,3035136,"[839936, 1343488, 253952, 0, 0]",incumbent,/Users/futaoran/Desktop/华为杯2026/2026参赛工作区/2026华为杯idea冻结工作区/实验数据/v7_fast_equiv_20260927_0030,1691648,AI_VERIFIED
2535424,root1:v7_fast_equiv_20260927_0030,0.0,0,0,0.0,0,0,0,0,,0,0,0,A2_aggregate,case_059,2785280,2,0,0,2785280,46422,0.4116660830004548,mps,2523136,419968,"{'0': 419968, '1': 419968}",414452,1343488,262144,1441792,cbc0ec8b3baf8a9fbcadfa2bb52da7abd7d4ab11fa243cefa7d34a345f9ed385,507904,"[422063, 3878912, 1093632]",0.3703707500008022,A,3878912,"[419968, 2785280, 507904, 0, 0]",aggregate,/Users/futaoran/Desktop/华为杯2026/2026参赛工作区/2026华为杯idea冻结工作区/实验数据/v7_fast_equiv_20260927_0030,1093632,AI_VERIFIED
9715712,root1:v7_fast_equiv_20260927_0030,0.0,0,0,0.0,0,0,0,0,,0,0,0,L2_base,case_059,9207808,2,3932160,3932160,9207808,153464,0.6328691250000702,mps,1081344,419968,"{'0': 419968, '1': 419968}",667785,1343488,262144,7864320,f0dd870b3ba06507e416b3b69fbc30cf101903461cb7fc82e5f8e9081f1f2708,907264,"[662246, 11059200, 1851392]",0.6256016660008754,B,11059200,"[419968, 9207808, 907264, 0, 0]",legacy_seed,/Users/futaoran/Desktop/华为杯2026/2026参赛工作区/2026华为杯idea冻结工作区/实验数据/v7_fast_equiv_20260927_0030,1851392,AI_VERIFIED
1691648,root1:v7_fast_equiv_20260927_0030,0.0,1691648,0,0.6100443131462334,1081344,352,1081344,352,,0,0,0,C0_base,case_059,1343488,2,0,0,1343488,22392,0.5954107090001344,mps,1081344,839936,{'0': 839936},815938,1343488,262144,0,160588863e796d8cb0892372648c8ce99b3060fdf3baf1dd1e71d3743d804927,253952,"[815765, 22391.466666666667, -1691648, 1691648]",0.621055833000355,C,3035136,"[839936, 1343488, 253952, 0, 0]",seed,/Users/futaoran/Desktop/华为杯2026/2026参赛工作区/2026华为杯idea冻结工作区/实验数据/v7_fast_equiv_20260927_0030,1691648,AI_VERIFIED
3835904,root1:v7_fast_equiv_20260927_0030,0.0,0,0,0.0,0,0,0,0,,0,0,0,L2_base,case_059,5179392,3,24576,24576,5179392,86324,0.3735044580007525,mps,4868096,280328,"{'0': 280328, '1': 279804, '2': 279804}",744134,1343488,262144,3835904,730554ac8768fdf30ab9cc83b659877fe3d6c9c252ac24624e7b2265483657e3,761856,"[822389, 5179392, 0]",0.3176674170008482,A,5179392,"[280328, 5179392, 761856, 0, 0]",legacy_seed,/Users/futaoran/Desktop/华为杯2026/2026参赛工作区/2026华为杯idea冻结工作区/实验数据/v7_fast_equiv_20260927_0030,0,AI_VERIFIED
12857344,root1:v7_fast_equiv_20260927_0030,0.0,0,0,0.0,0,0,0,0,,0,0,0,L2_base,case_059,14077952,3,6332416,6332416,14077952,234633,0.7163057920006395,mps,1150976,289660,"{'0': 279804, '1': 289660, '2': 270472}",750280,1343488,262144,12734464,93d181476d0347f6a8fc931a11898916d280b593aa4893b082d46745bb116c2a,32768,"[742062, 14200832, 122880]",0.611158499999874,B,14200832,"[289660, 14077952, 32768, 0, 0]",legacy_seed,/Users/futaoran/Desktop/华为杯2026/2026参赛工作区/2026华为杯idea冻结工作区/实验数据/v7_fast_equiv_20260927_0030,122880,AI_VERIFIED
3047424,root1:v7_fast_equiv_20260927_0030,21194.069333333333,2961408,468,0.7186878727634195,1159168,590,3252224,1058,,12288,1673216,6693,r2_boundary_n353_c2_p0,case_059,3522560,3,8192,8192,1849344,30823,0.5450932080002531,mps,3244032,287680,"{'2': 276128, '1': 276128, '0': 287680}",257883,1343488,262144,2179072,a3713d3eca1c3d34c8fa2b551042aaaa3b60d41a074d56f2c4bba6342aab1fae,761856,"[257745, 22664.533333333333, -3031040, 868352]",0.4919536670004163,C,4390912,"[287680, 3522560, 761856, -1673216, -12288]",ordinary_chain,/Users/futaoran/Desktop/华为杯2026/2026参赛工作区/2026华为杯idea冻结工作区/实验数据/v7_fast_equiv_20260927_0030,868352,AI_VERIFIED
5046272,root1:v7_fast_equiv_20260927_0030,0.0,0,0,0.0,0,0,0,0,,0,0,0,L2_base,case_059,6389760,4,0,0,6389760,106496,0.4083058329997584,mps,6127616,209984,"{'0': 209984, '1': 209984, '2': 209984, '3': 209984}",186084,1343488,262144,5046272,e04d7d5a452334fbe41bfae069c59ddd20e7da40456e20e84e9cd58011e76309,835584,"[209492, 6389760, 0]",0.4065794159996585,A,6389760,"[209984, 6389760, 835584, 0, 0]",legacy_seed,/Users/futaoran/Desktop/华为杯2026/2026参赛工作区/2026华为杯idea冻结工作区/实验数据/v7_fast_equiv_20260927_0030,0,AI_VERIFIED
13598720,root1:v7_fast_equiv_20260927_0030,0.0,0,0,0.0,0,0,0,0,,0,0,0,L2_base,case_059,14942208,4,6782976,6782976,14942208,249037,0.8074065000000701,mps,1114112,249037,"{'0': 206400, '1': 213568, '2': 224320, '3': 195648}",562621,1343488,262144,13598720,f7b3324e112b9b003ba122425ec1a1a04f4d25800ff10cb0692b0a826e089252,0,"[539528, 14942208, 0]",0.745104874999015,B,14942208,"[249037, 14942208, 0, 0, 0]",legacy_seed,/Users/futaoran/Desktop/华为杯2026/2026参赛工作区/2026华为杯idea冻结工作区/实验数据/v7_fast_equiv_20260927_0030,0,AI_VERIFIED
1691648,root1:v7_fast_equiv_20260927_0030,0.0,1691648,0,0.6100443131462334,1081344,352,1081344,352,,0,0,0,C0_base,case_059,1343488,4,0,0,1343488,22392,0.8171897499996703,mps,1081344,839936,{'0': 839936},815938,1343488,262144,0,92e191033d5f24dc8cf7bcdb3f882a7cead664bcc832fea71e34cb57790c81db,253952,"[815765, 22391.466666666667, -1691648, 1691648]",0.5772601249991567,C,3035136,"[839936, 1343488, 253952, 0, 0]",seed,/Users/futaoran/Desktop/华为杯2026/2026参赛工作区/2026华为杯idea冻结工作区/实验数据/v7_fast_equiv_20260927_0030,1691648,AI_VERIFIED
5523456,root1:v7_fast_equiv_20260927_0030,0.0,0,0,0.0,0,0,0,0,,0,0,0,L2_base,case_059,6866944,5,57344,57344,6866944,114450,0.5139069159995415,mps,6490112,168212,"{'0': 168212, '1': 168212, '2': 167688, '3': 167688, '4': 168136}",748826,1343488,262144,5523456,a47597dcec5c63694b157844999a19f5d1135e1d5e380043aabfd1f4878ef122,0,"[853680, 6866944, 0]",0.35784904200045276,A,6866944,"[168212, 6866944, 0, 0, 0]",legacy_seed,/Users/futaoran/Desktop/华为杯2026/2026参赛工作区/2026华为杯idea冻结工作区/实验数据/v7_fast_equiv_20260927_0030,0,AI_VERIFIED
12738560,root1:v7_fast_equiv_20260927_0030,0.0,0,0,0.0,0,0,0,0,,0,0,0,L2_base,case_059,13713408,5,6115328,6115328,13713408,228557,0.8585689169995021,mps,1220608,228557,"{'0': 165524, '1': 176276, '2': 165000, '3': 168136, '4': 165000}",349551,1343488,262144,12369920,f84d9fc16afc3ed9eb5e933786bb124bdb4b328e8170363a0dfd7bf07f04dc07,126976,"[309796, 14082048, 368640]",0.7828792909986078,B,14082048,"[228557, 13713408, 126976, 0, 0]",legacy_seed,/Users/futaoran/Desktop/华为杯2026/2026参赛工作区/2026华为杯idea冻结工作区/实验数据/v7_fast_equiv_20260927_0030,368640,AI_VERIFIED
1691648,root1:v7_fast_equiv_20260927_0030,0.0,1691648,0,0.6100443131462334,1081344,352,1081344,352,,0,0,0,C0_base,case_059,1343488,5,0,0,1343488,22392,0.6548026249984105,mps,1081344,839936,{'0': 839936},815938,1343488,262144,0,77309f3f12562baf1ce4b238b70ea888a17dc0fbeb370c671b3e0856a91820c5,253952,"[815765, 22391.466666666667, -1691648, 1691648]",0.6012997500001802,C,3035136,"[839936, 1343488, 253952, 0, 0]",seed,/Users/futaoran/Desktop/华为杯2026/2026参赛工作区/2026华为杯idea冻结工作区/实验数据/v7_fast_equiv_20260927_0030,1691648,AI_VERIFIED
238720,root1:v7_fast_equiv_20260927_0030,0.0,0,0,0.0,0,0,0,0,,0,0,0,A2_base,case_089,805120,1,0,0,805120,13419,0.857002000000648,mps,641280,698880,{'0': 698880},693484,566400,163840,238720,08e598871cb6afcd32fe32437b8174862bfdc6873153e4cba7916839000102fa,0,"[705558, 805120, 0]",0.7659300830000575,A,805120,"[698880, 805120, 0, 0, 0]",seed,/Users/futaoran/Desktop/华为杯2026/2026参赛工作区/2026华为杯idea冻结工作区/实验数据/v7_fast_equiv_20260927_0030,0,AI_VERIFIED
0,root1:v7_fast_equiv_20260927_0030,0.0,0,0,0.0,0,0,0,0,,0,0,0,B2_aggregate,case_089,566400,1,0,0,566400,9440,1.0435658329988655,mps,402560,698880,{'0': 698880},689572,566400,163840,0,1a7d20272dff3a5b88275ea35795074b652c440140445e4664edea031f0922e5,0,"[689572, 566400, 0]",1.0321355420001055,B,566400,"[698880, 566400, 0, 0, 0]",aggregate,/Users/futaoran/Desktop/华为杯2026/2026参赛工作区/2026华为杯idea冻结工作区/实验数据/v7_fast_equiv_20260927_0030,0,AI_VERIFIED
0,root1:v7_fast_equiv_20260927_0030,0.0,0,0,0.0,402560,94,402560,94,,0,0,0,C0_base,case_089,566400,1,0,0,566400,9440,1.2086621250000462,mps,402560,698880,{'0': 698880},693092,566400,163840,0,18454e681cf07a9862e583f7bae3c56e001968a53e885384408412508053a2cd,0,"[693092, 9440.0, 0, 0]",1.1620795839990024,C,566400,"[698880, 566400, 0, 0, 0]",seed,/Users/futaoran/Desktop/华为杯2026/2026参赛工作区/2026华为杯idea冻结工作区/实验数据/v7_fast_equiv_20260927_0030,0,AI_VERIFIED
477440,root1:v7_fast_equiv_20260927_0030,0.0,0,0,0.0,0,0,0,0,,0,0,0,A2_aggregate,case_089,1043840,2,0,0,1043840,17398,0.8062249159993371,mps,880000,349440,"{'0': 349440, '1': 349440}",347224,566400,163840,477440,edbd04e421e769f1706f0b7ad7b17c17cf93b929970aa85fcb21b5b2809037f4,0,"[356258, 1043840, 0]",0.7085169579986541,A,1043840,"[349440, 1043840, 0, 0, 0]",aggregate,/Users/futaoran/Desktop/华为杯2026/2026参赛工作区/2026华为杯idea冻结工作区/实验数据/v7_fast_equiv_20260927_0030,0,AI_VERIFIED
2361040,root1:v7_fast_equiv_20260927_0030,0.0,0,0,0.0,0,0,0,0,,0,0,0,B3_base,case_089,2927440,2,1061376,1061376,2927440,48791,1.1612522499999614,mps,640848,353432,"{'0': 353432, '1': 345448}",477687,566400,163840,2361040,741d47f135ef6cec7763cda2b63a28dd9d06c057b5a5ad662c2f0549ef5ffd91,0,"[477602, 2927440, 0]",1.141157166000994,B,2927440,"[353432, 2927440, 0, 0, 0]",seed,/Users/futaoran/Desktop/华为杯2026/2026参赛工作区/2026华为杯idea冻结工作区/实验数据/v7_fast_equiv_20260927_0030,0,AI_VERIFIED
238720,root1:v7_fast_equiv_20260927_0030,1311.0506666666665,224968,18,0.350810878243513,416312,130,641280,148,,854688,103504,415,incumbent_split_release_g1_p4,case_089,805120,2,0,0,701616,11694,0.8463850000007369,mps,641280,349440,"{'0': 349440, '1': 349440}",346763,566400,163840,238720,7600ed55ae3d7e6fdf8aa0d2d54c6deddf03b7e19dc0f6637f312346abd8542e,0,"[346692, 9669.2, -224968, 0]",0.8113881670014962,C,805120,"[349440, 805120, 0, -103504, -854688]",timing,/Users/futaoran/Desktop/华为杯2026/2026参赛工作区/2026华为杯idea冻结工作区/实验数据/v7_fast_equiv_20260927_0030,0,AI_VERIFIED
1264256,root1:v7_fast_equiv_20260927_0030,0.0,0,0,0.0,0,0,0,0,,0,0,0,L2_base,case_089,1830656,3,35328,35328,1830656,30511,0.5971272080005292,mps,1596160,233348,"{'0': 233220, '1': 233348, '2': 232312}",698828,566400,163840,1264256,2204cb1dbd0a50569c7a806322123aef8b6e0dda9c9787ddb7ff50d38b6051cb,0,"[723564, 1830656, 0]",0.48559149999891815,A,1830656,"[233348, 1830656, 0, 0, 0]",legacy_seed,/Users/futaoran/Desktop/华为杯2026/2026参赛工作区/2026华为杯idea冻结工作区/实验数据/v7_fast_equiv_20260927_0030,0,AI_VERIFIED
4175336,root1:v7_fast_equiv_20260927_0030,0.0,0,0,0.0,0,0,0,0,,0,0,0,B3_base,case_089,4741736,3,1849344,1849344,4741736,79029,1.2433696249991044,mps,879208,238788,"{'0': 238788, '1': 237120, '2': 222972}",464525,566400,163840,4175336,cfe2003a90bd7b22e6d289c5b7fc307ba35534ea607e58e064875fbbc3cd9330,0,"[464279, 4741736, 0]",1.3013065840004856,B,4741736,"[238788, 4741736, 0, 0, 0]",seed,/Users/futaoran/Desktop/华为杯2026/2026参赛工作区/2026华为杯idea冻结工作区/实验数据/v7_fast_equiv_20260927_0030,0,AI_VERIFIED
477440,root1:v7_fast_equiv_20260927_0030,897.9146666666667,224968,15,0.25564545454545456,655032,187,880000,202,,836000,70888,284,incumbent_split_release_g0_p4,case_089,1043840,3,0,0,972952,16216,0.8300925419989653,mps,880000,244608,"{'0': 244608, '1': 227136, '2': 227136}",242586,566400,163840,477440,ef9545210f8c133099b29a3f12eb7991ee8bf7b0b251a4ac8ee2b6931017fcaf,0,"[242444, 13647.866666666667, -224968, 0]",0.7910401249991992,C,1043840,"[244608, 1043840, 0, -70888, -836000]",timing,/Users/futaoran/Desktop/华为杯2026/2026参赛工作区/2026华为杯idea冻结工作区/实验数据/v7_fast_equiv_20260927_0030,0,AI_VERIFIED
1432320,root1:v7_fast_equiv_20260927_0030,0.0,0,0,0.0,0,0,0,0,,0,0,0,A2_aggregate,case_089,1998720,4,0,0,1998720,33312,0.6154742499984422,mps,1834880,174720,"{'0': 174720, '1': 174720, '2': 174720, '3': 174720}",179532,566400,163840,1432320,21e8f6674a5f09f36259390c2220dae7012925be81717ed7d4a10e84bd5df293,0,"[181608, 1998720, 0]",0.6732603330001439,A,1998720,"[174720, 1998720, 0, 0, 0]",aggregate,/Users/futaoran/Desktop/华为杯2026/2026参赛工作区/2026华为杯idea冻结工作区/实验数据/v7_fast_equiv_20260927_0030,0,AI_VERIFIED
5710520,root1:v7_fast_equiv_20260927_0030,0.0,0,0,0.0,0,0,0,0,,0,0,0,B3_base,case_089,6276920,4,2497792,2497792,6276920,104616,1.2670057920004183,mps,1117496,184496,"{'0': 169596, '1': 179996, '2': 184496, '3': 164792}",462480,566400,163840,5710520,49d46d7d0cefccf899db7c5b375f6e7550defab7ec822efe3bd909b23db3464b,0,"[461676, 6276920, 0]",1.1720242080009484,B,6276920,"[184496, 6276920, 0, 0, 0]",seed,/Users/futaoran/Desktop/华为杯2026/2026参赛工作区/2026华为杯idea冻结工作区/实验数据/v7_fast_equiv_20260927_0030,0,AI_VERIFIED
716160,root1:v7_fast_equiv_20260927_0030,623.4026666666666,231880,19,0.20727259725400457,886840,237,1118720,256,,672096,49216,197,incumbent_split_release_g0_p4,case_089,1282560,4,0,0,1233344,20556,0.8548538750001171,mps,1118720,174720,"{'0': 174720, '1': 174720, '2': 174720, '3': 174720}",175147,566400,163840,716160,325f54032f04ad205fe0c36743fd8a6c4bb9785ddd8d364e2b597dbeb698307a,0,"[173492, 17511.333333333332, -231880, 0]",0.6168080839997856,C,1282560,"[174720, 1282560, 0, -49216, -672096]",timing,/Users/futaoran/Desktop/华为杯2026/2026参赛工作区/2026华为杯idea冻结工作区/实验数据/v7_fast_equiv_20260927_0030,0,AI_VERIFIED
1909760,root1:v7_fast_equiv_20260927_0030,0.0,0,0,0.0,0,0,0,0,,0,0,0,A2_aggregate,case_089,2476160,5,0,0,2476160,41270,0.6431019580013526,mps,2312320,139776,"{'0': 139776, '1': 139776, '2': 139776, '3': 139776, '4': 139776}",152530,566400,163840,1909760,489921022bc6ee3d9c1c894fe5751cb4be7ed06c4aa68c91cf32f96eece9d1c6,0,"[146678, 2476160, 0]",0.5479352499987726,A,2476160,"[139776, 2476160, 0, 0, 0]",aggregate,/Users/futaoran/Desktop/华为杯2026/2026参赛工作区/2026华为杯idea冻结工作区/实验数据/v7_fast_equiv_20260927_0030,0,AI_VERIFIED
7183384,root1:v7_fast_equiv_20260927_0030,0.0,0,0,0.0,0,0,0,0,,0,0,0,B3_base,case_089,7749784,5,3115008,3115008,7749784,129164,1.3623622079994675,mps,1355928,150524,"{'0': 132712, '1': 138540, '2': 141588, '3': 150524, '4': 135516}",451432,566400,163840,7183384,5e12dda1ce531cd7341dfe46bd77c285c677a148d6ab33383a745258bada3702,0,"[450987, 7749784, 0]",1.1549315840002237,B,7749784,"[150524, 7749784, 0, 0, 0]",seed,/Users/futaoran/Desktop/华为杯2026/2026参赛工作区/2026华为杯idea冻结工作区/实验数据/v7_fast_equiv_20260927_0030,0,AI_VERIFIED
954880,root1:v7_fast_equiv_20260927_0030,484.77866666666665,220360,12,0.16233498349834982,1137080,298,1357440,310,,901024,38272,154,incumbent_split_release_g3_p4,case_089,1521280,5,0,0,1483008,24717,0.5664539170011267,mps,1357440,139776,"{'0': 139776, '1': 139776, '2': 139776, '3': 139776, '4': 139776}",144388,566400,163840,954880,5956bb4df4a7b6f5528cd2520903e3cf700b63ce8ed9cc421c1f152ff8669efa,0,"[138852, 21682.0, -220360, 0]",0.5318632500002423,C,1521280,"[139776, 1521280, 0, -38272, -901024]",timing,/Users/futaoran/Desktop/华为杯2026/2026参赛工作区/2026华为杯idea冻结工作区/实验数据/v7_fast_equiv_20260927_0030,0,AI_VERIFIED
1152,root1:v7_fast_equiv_20260927_0030,0.0,0,0,0.0,0,0,0,0,,0,0,0,A2_base,case_001,1640704,1,0,0,1640704,27346,0.10013108399834891,mps,821504,263200,{'0': 263200},233520,1639552,819200,1152,a62258d981bd86bbe1225a1885acdd2d8909c563e8b8ebd1715f49c7c82f802a,0,"[262230, 1640704, 0]",0.05409283299923118,A,1640704,"[263200, 1640704, 0, 0, 0]",seed,/Users/futaoran/Desktop/华为杯2026/2026参赛工作区/2026华为杯idea冻结工作区/实验数据/v7_fast_equiv_20260927_0030,0,AI_VERIFIED
950272,root1:v7_fast_equiv_20260927_0030,0.0,0,0,0.0,0,0,0,0,,0,0,0,B2_base,case_001,1639552,1,0,0,1639552,27326,0.14054983300047752,mps,820352,263200,{'0': 263200},262927,1639552,819200,0,5d7dfb4ac19ff72424a8eb562b4d2c0ecd89708c616b0e019fe30c9819ec6b00,631936,"[247248, 2589824, 950272]",0.10956070800057205,B,2589824,"[263200, 1639552, 631936, 0, 0]",seed,/Users/futaoran/Desktop/华为杯2026/2026参赛工作区/2026华为杯idea冻结工作区/实验数据/v7_fast_equiv_20260927_0030,950272,AI_VERIFIED
0,root1:v7_fast_equiv_20260927_0030,0.0,0,0,0.0,820352,201,820352,201,,0,0,0,incumbent_base,case_001,1639552,1,0,0,1639552,27326,0.11626212500050315,mps,820352,263200,{'0': 263200},233110,1639552,819200,0,64d6f2b297b709b570b8b55d1d194fec38860aedf63c11aaf60cc64933d51970,0,"[233110, 27325.866666666665, 0, 0]",0.11581491700053448,C,1639552,"[263200, 1639552, 0, 0, 0]",incumbent,/Users/futaoran/Desktop/华为杯2026/2026参赛工作区/2026华为杯idea冻结工作区/实验数据/v7_fast_equiv_20260927_0030,0,AI_VERIFIED
3456,root1:v7_fast_equiv_20260927_0030,0.0,0,0,0.0,0,0,0,0,,0,0,0,A2_base,case_001,1643008,2,0,0,1643008,27384,0.0859895419998793,mps,823808,131600,"{'0': 131600, '1': 131600}",117436,1639552,819200,3456,c6ffdce08839dc1bbce9d85209c60f69993837221c11b5df2be259465428b363,0,"[131330, 1643008, 0]",0.09937504099980288,A,1643008,"[131600, 1643008, 0, 0, 0]",seed,/Users/futaoran/Desktop/华为杯2026/2026参赛工作区/2026华为杯idea冻结工作区/实验数据/v7_fast_equiv_20260927_0030,0,AI_VERIFIED
1295488,root1:v7_fast_equiv_20260927_0030,0.0,0,0,0.0,0,0,0,0,,0,0,0,B2_base,case_001,2832640,2,397312,397312,2832640,47211,0.1291220000002795,mps,1218816,150292,"{'0': 112908, '1': 150292}",137735,1639552,819200,1193088,bcd5aee438709e965b6141b66c5d6fda606a0ad079ca0c4b084c6ec64b7f8a53,70784,"[135498, 2935040, 102400]",0.12078900000051362,B,2935040,"[150292, 2832640, 70784, 0, 0]",seed,/Users/futaoran/Desktop/华为杯2026/2026参赛工作区/2026华为杯idea冻结工作区/实验数据/v7_fast_equiv_20260927_0030,102400,AI_VERIFIED
0,root1:v7_fast_equiv_20260927_0030,0.0,0,0,0.0,820352,201,820352,201,,0,0,0,C0_base,case_001,1639552,2,0,0,1639552,27326,0.11917604100017343,mps,820352,263200,{'0': 263200},233110,1639552,819200,0,2a09b768aae206d6feff7bbb61ea7e20eb60d4557e8511c2498cbfddb474a8c2,0,"[233110, 27325.866666666665, 0, 0]",0.09077379200061841,C,1639552,"[263200, 1639552, 0, 0, 0]",seed,/Users/futaoran/Desktop/华为杯2026/2026参赛工作区/2026华为杯idea冻结工作区/实验数据/v7_fast_equiv_20260927_0030,0,AI_VERIFIED
5760,root1:v7_fast_equiv_20260927_0030,0.0,0,0,0.0,0,0,0,0,,0,0,0,A2_base,case_001,1645312,3,0,0,1645312,27422,0.08184224999968137,mps,826112,88172,"{'0': 88172, '1': 86856, '2': 88172}",79271,1639552,819200,5760,fb26febb89af3978d10282e59f7a366f142dc6cde509dc7a797a32d443b03810,0,"[88133, 1645312, 0]",0.08434337499966205,A,1645312,"[88172, 1645312, 0, 0, 0]",seed,/Users/futaoran/Desktop/华为杯2026/2026参赛工作区/2026华为杯idea冻结工作区/实验数据/v7_fast_equiv_20260927_0030,0,AI_VERIFIED
1612032,root1:v7_fast_equiv_20260927_0030,0.0,0,0,0.0,0,0,0,0,,0,0,0,B2_base,case_001,3251584,3,536576,536576,3251584,54194,0.13302383300106158,mps,1359232,110716,"{'0': 74496, '1': 77988, '2': 110716}",100716,1639552,819200,1612032,51e5d7e530970c0515befb1105633eb1af33a4c1fc23d32acb51a5e5197307f7,0,"[100538, 3251584, 0]",0.1365305420004006,B,3251584,"[110716, 3251584, 0, 0, 0]",seed,/Users/futaoran/Desktop/华为杯2026/2026参赛工作区/2026华为杯idea冻结工作区/实验数据/v7_fast_equiv_20260927_0030,0,AI_VERIFIED
1152,root1:v7_fast_equiv_20260927_0030,0.0,0,0,0.0,821504,202,821504,202,,0,0,0,lower_core_base,case_001,1640704,3,0,0,1640704,27346,0.08346775000063644,mps,821504,131600,"{'0': 131600, '1': 131600}",116868,1639552,819200,1152,a340a881a65924cbce7440c6b9a664c8410e9acbd0846b422e591df378350973,0,"[116710, 27345.066666666666, 0, 0]",0.10134108300007938,C,1640704,"[131600, 1640704, 0, 0, 0]",lower_core,/Users/futaoran/Desktop/华为杯2026/2026参赛工作区/2026华为杯idea冻结工作区/实验数据/v7_fast_equiv_20260927_0030,0,AI_VERIFIED
8064,root1:v7_fast_equiv_20260927_0030,0.0,0,0,0.0,0,0,0,0,,0,0,0,A2_base,case_001,1647616,4,0,0,1647616,27461,0.10979562499960593,mps,828416,65800,"{'0': 65800, '1': 65800, '2': 65800, '3': 65800}",59868,1639552,819200,8064,fae349a0bd2f507bf118a79a2b6a1828a44e56013e577eca3839e48fdb92a8ab,0,"[65880, 1647616, 0]",0.07562574999974458,A,1647616,"[65800, 1647616, 0, 0, 0]",seed,/Users/futaoran/Desktop/华为杯2026/2026参赛工作区/2026华为杯idea冻结工作区/实验数据/v7_fast_equiv_20260927_0030,0,AI_VERIFIED
3161472,root1:v7_fast_equiv_20260927_0030,0.0,0,0,0.0,0,0,0,0,,0,0,0,B3_base,case_001,4801024,4,1273856,1273856,4801024,80018,0.19714154200119083,mps,1434112,80018,"{'0': 58200, '1': 59364, '2': 73044, '3': 72592}",98931,1639552,819200,3161472,3d303a6c6f91b9ef749ef236d34c52e33dfe9ebac714925e1cc20887fe71acd5,0,"[80879, 4801024, 0]",0.16074579199994332,B,4801024,"[80018, 4801024, 0, 0, 0]",seed,/Users/futaoran/Desktop/华为杯2026/2026参赛工作区/2026华为杯idea冻结工作区/实验数据/v7_fast_equiv_20260927_0030,0,AI_VERIFIED
2304,root1:v7_fast_equiv_20260927_0030,0.0,0,0,0.0,822656,203,822656,203,,0,0,0,lower_core_base,case_001,1641856,4,0,0,1641856,27365,0.08813712499977555,mps,822656,88172,"{'0': 88172, '1': 88172, '2': 86856}",78545,1639552,819200,2304,c6d2611124490ec27ea77a228712a3fd167e77a252aeb494f4e532e8dbad3655,0,"[78298, 27364.266666666666, 0, 0]",0.08864954099954048,C,1641856,"[88172, 1641856, 0, 0, 0]",lower_core,/Users/futaoran/Desktop/华为杯2026/2026参赛工作区/2026华为杯idea冻结工作区/实验数据/v7_fast_equiv_20260927_0030,0,AI_VERIFIED
10368,root1:v7_fast_equiv_20260927_0030,0.0,0,0,0.0,0,0,0,0,,0,0,0,A2_base,case_001,1649920,5,0,0,1649920,27499,0.09167258300112735,mps,830720,52640,"{'0': 52640, '1': 52640, '2': 52640, '3': 52640, '4': 52640}",48544,1639552,819200,10368,1bb6de9b6946427a402d556b9823f014374f3d766cb3888f672d096bad5449e2,0,"[52790, 1649920, 0]",0.07772654200016405,A,1649920,"[52640, 1649920, 0, 0, 0]",seed,/Users/futaoran/Desktop/华为杯2026/2026参赛工作区/2026华为杯idea冻结工作区/实验数据/v7_fast_equiv_20260927_0030,0,AI_VERIFIED
1982976,root1:v7_fast_equiv_20260927_0030,0.0,0,0,0.0,0,0,0,0,,0,0,0,B2_base,case_001,3622528,5,659456,659456,3622528,60376,0.2040560409986938,mps,1484416,75796,"{'0': 45396, '1': 46560, '2': 46560, '3': 48888, '4': 75796}",71304,1639552,819200,1982976,18ebdbb87a124e9bd1ea735ba8085dfb46e5e9c9c36784415e115ea15b3ee623,0,"[70178, 3622528, 0]",0.10166233299969463,B,3622528,"[75796, 3622528, 0, 0, 0]",seed,/Users/futaoran/Desktop/华为杯2026/2026参赛工作区/2026华为杯idea冻结工作区/实验数据/v7_fast_equiv_20260927_0030,0,AI_VERIFIED
3456,root1:v7_fast_equiv_20260927_0030,0.0,0,0,0.0,823808,204,823808,204,,0,0,0,lower_core_base,case_001,1643008,5,0,0,1643008,27384,0.06772608299979765,mps,823808,65800,"{'0': 65800, '1': 65800, '2': 65800, '3': 65800}",58984,1639552,819200,3456,4085e9656ae76c553fd350d075a92b65586912a2f3e5fb5a26ac0568ecb91ec9,0,"[58510, 27383.466666666667, 0, 0]",0.09343537499989907,C,1643008,"[65800, 1643008, 0, 0, 0]",lower_core,/Users/futaoran/Desktop/华为杯2026/2026参赛工作区/2026华为杯idea冻结工作区/实验数据/v7_fast_equiv_20260927_0030,0,AI_VERIFIED
649106,root1:v7_fast_equiv_20260927_0030,0.0,0,0,0.0,0,0,0,0,,0,0,0,L3_base,case_003,1933370,1,324352,324352,1933370,32223,2.0922287499997765,mps,1284632,763981,{'0': 763981},587919,1284264,34,649106,6274afe82300c59ee30e929e51267d0e1a1ee5ad658575ccd50baf85c6bc72a0,0,"[742805, 1933370, 0]",1.875155541998538,A,1933370,"[763981, 1933370, 0, 0, 0]",legacy_seed,/Users/futaoran/Desktop/华为杯2026/2026参赛工作区/2026华为杯idea冻结工作区/实验数据/v7_fast_equiv_20260927_0030,0,AI_VERIFIED
0,root1:v7_fast_equiv_20260927_0030,0.0,0,0,0.0,0,0,0,0,,0,0,0,L3_base,case_003,1284264,1,0,0,1284264,21405,5.685427832999267,mps,1284230,763981,{'0': 763981},592981,1284264,34,0,81b979a8a4e1464522101fb8b81a11dfb725065e598ed46684f9e1832c330c1b,0,"[592981, 1284264, 0]",5.8800449580012355,B,1284264,"[763981, 1284264, 0, 0, 0]",legacy_seed,/Users/futaoran/Desktop/华为杯2026/2026参赛工作区/2026华为杯idea冻结工作区/实验数据/v7_fast_equiv_20260927_0030,0,AI_VERIFIED
0,root1:v7_fast_equiv_20260927_0030,0.0,0,0,0.0,1284230,198,1284230,198,,436464,0,0,incumbent_split_release_g2_p4,case_003,1284264,1,0,0,1284264,21405,6.333979125000042,mps,1284230,763981,{'0': 763981},591743,1284264,34,0,427fc06a71f4eef0b3f8a9c995f2a3e04c13f396ace6e2e509b4628a23ce6b1a,0,"[591743, 21404.4, 0, 0]",5.529945583000881,C,1284264,"[763981, 1284264, 0, 0, -436464]",timing,/Users/futaoran/Desktop/华为杯2026/2026参赛工作区/2026华为杯idea冻结工作区/实验数据/v7_fast_equiv_20260927_0030,0,AI_VERIFIED
98304,root1:v7_fast_equiv_20260927_0030,0.0,0,0,0.0,0,0,0,0,,0,0,0,L1_base,case_003,1382568,2,0,0,1382568,23043,7.025226499999917,mps,1382534,687373,"{'0': 687373, '1': 76608}",538381,1284264,34,98304,e2150f7e5b18faca8fabbc9d7a3e26b909ab743ccd0fc2be2be48846368840f5,0,"[670201, 1382568, 0]",5.883119415999317,A,1382568,"[687373, 1382568, 0, 0, 0]",legacy_seed,/Users/futaoran/Desktop/华为杯2026/2026参赛工作区/2026华为杯idea冻结工作区/实验数据/v7_fast_equiv_20260927_0030,0,AI_VERIFIED
98304,root1:v7_fast_equiv_20260927_0030,0.0,0,0,0.0,0,0,0,0,,0,0,0,L1_base,case_003,1382568,2,0,0,1382568,23043,6.515702874999988,mps,1382534,687373,"{'0': 687373, '1': 76608}",538381,1284264,34,98304,e2150f7e5b18faca8fabbc9d7a3e26b909ab743ccd0fc2be2be48846368840f5,0,"[538095, 1382568, 0]",7.676529374999518,B,1382568,"[687373, 1382568, 0, 0, 0]",legacy_seed,/Users/futaoran/Desktop/华为杯2026/2026参赛工作区/2026华为杯idea冻结工作区/实验数据/v7_fast_equiv_20260927_0030,0,AI_VERIFIED
135302,root1:v7_fast_equiv_20260927_0030,1245.26,98438,6,0.07025765469987867,1302662,208,1401100,214,,0,98310,394,r1_split_g0_h0_c1_p0,case_003,1419566,2,18432,18432,1321256,22021,3.9828887920011766,mps,1382668,416304,"{'1': 416304, '0': 347677}",531381,1284264,34,135302,e39013b9123e492d2968a4e2a369ccc3b6587ddd782dc5a95de05a842cdd4c8f,0,"[531381, 22018.8, -98438, 0]",3.228211374998864,C,1419566,"[416304, 1419566, 0, -98310, 0]",ordinary_chain,/Users/futaoran/Desktop/华为杯2026/2026参赛工作区/2026华为杯idea冻结工作区/实验数据/v7_fast_equiv_20260927_0030,0,AI_VERIFIED
196608,root1:v7_fast_equiv_20260927_0030,0.0,0,0,0.0,0,0,0,0,,0,0,0,L1_base,case_003,1480872,3,0,0,1480872,24682,6.364727416999813,mps,1480838,687373,"{'0': 687373, '1': 36788, '2': 39820}",538764,1284264,34,196608,dc39b98c8c72fcf82d2b07da4353b1a8a2bc4624214164663634946d27c54864,0,"[670201, 1480872, 0]",5.426751249999143,A,1480872,"[687373, 1480872, 0, 0, 0]",legacy_seed,/Users/futaoran/Desktop/华为杯2026/2026参赛工作区/2026华为杯idea冻结工作区/实验数据/v7_fast_equiv_20260927_0030,0,AI_VERIFIED
3647050,root1:v7_fast_equiv_20260927_0030,0.0,0,0,0.0,0,0,0,0,,0,0,0,B3_base,case_003,4931314,3,1650400,1650400,4931314,82189,4.268349083999055,mps,1630480,273653,"{'0': 248721, '1': 273653, '2': 241607}",524210,1284264,34,3647050,b7f56a3bf8bf8340d89e71b1fb25a49f14ba80658ec3ebfa1e193626439d3aed,0,"[524132, 4931314, 0]",5.052888583999447,B,4931314,"[273653, 4931314, 0, 0, 0]",seed,/Users/futaoran/Desktop/华为杯2026/2026参赛工作区/2026华为杯idea冻结工作区/实验数据/v7_fast_equiv_20260927_0030,0,AI_VERIFIED
3579466,root1:v7_fast_equiv_20260927_0030,4395.536,347016,102,0.10754823641421579,2879592,2471,3226608,2573,,164634,347016,1389,incumbent_disperse_group_tid_1000004544_group_11_core_2_pos_4,case_003,4863730,3,1637088,1637088,4516714,75279,4.497015582999666,mps,1589520,265461,"{'0': 248721, '1': 249799, '2': 265461}",522594,1284264,34,3579466,ef7b5f4544d1307714633cf53abbf3fc7c5db7db652f94751a3af4b4a15903ec,0,"[522518, 75278.56666666667, -347016, 0]",4.1015703749999375,C,4863730,"[265461, 4863730, 0, -347016, -164634]",disperse,/Users/futaoran/Desktop/华为杯2026/2026参赛工作区/2026华为杯idea冻结工作区/实验数据/v7_fast_equiv_20260927_0030,0,AI_VERIFIED
294912,root1:v7_fast_equiv_20260927_0030,0.0,0,0,0.0,0,0,0,0,,0,0,0,L1_base,case_003,1579176,4,0,0,1579176,26320,6.4730622909992235,mps,1579142,687373,"{'0': 687373, '1': 29407, '2': 25058, '3': 22143}",539155,1284264,34,294912,a23ec3b2ce3dcf09b9f00bac6e69ca80df3cab5934f4c0691d0230802baa8dd6,0,"[670201, 1579176, 0]",5.257612082999913,A,1579176,"[687373, 1579176, 0, 0, 0]",legacy_seed,/Users/futaoran/Desktop/华为杯2026/2026参赛工作区/2026华为杯idea冻结工作区/实验数据/v7_fast_equiv_20260927_0030,0,AI_VERIFIED
4394016,root1:v7_fast_equiv_20260927_0030,0.0,0,0,0.0,0,0,0,0,,0,0,0,B3_base,case_003,5678280,4,1949130,1949130,5678280,94638,4.105736625000645,mps,1779986,213199,"{'0': 178130, '1': 189926, '2': 213199, '3': 182726}",536171,1284264,34,4394016,7051282e58769c9830b9804961fecfc487f5fd9572813ccf879593f2b89982a2,0,"[535268, 5678280, 0]",3.839657124999576,B,5678280,"[213199, 5678280, 0, 0, 0]",seed,/Users/futaoran/Desktop/华为杯2026/2026参赛工作区/2026华为杯idea冻结工作区/实验数据/v7_fast_equiv_20260927_0030,0,AI_VERIFIED
3657038,root1:v7_fast_equiv_20260927_0030,4963.053333333333,391816,141,0.11924247902233681,2894060,2486,3285876,2627,,123508,391820,1568,event_timing_tid_1000000019_miss_2_bytes_256_core_3,case_003,4941302,4,1655392,1655392,4549482,75825,4.7684197910002695,mps,1630484,273653,"{'3': 28091, '1': 273653, '2': 241607, '0': 220630}",523276,1284264,34,3657038,c7f4a86016f0864fce6ba5ec6992a95edc39b8415040b1228dd5dffc14af674c,0,"[523196, 75824.76666666666, -391816, 0]",4.067703750000874,C,4941302,"[273653, 4941302, 0, -391820, -123508]",event_timing,/Users/futaoran/Desktop/华为杯2026/2026参赛工作区/2026华为杯idea冻结工作区/实验数据/v7_fast_equiv_20260927_0030,0,AI_VERIFIED
393216,root1:v7_fast_equiv_20260927_0030,0.0,0,0,0.0,0,0,0,0,,0,0,0,L1_base,case_003,1677480,5,0,0,1677480,27958,4.819436999998288,mps,1677446,687373,"{'0': 687373, '1': 22039, '2': 17703, '3': 22104, '4': 14762}",539607,1284264,34,393216,4792819e7391d1ba26e7393a7d87408f99d9cc1602a7c4b92e32e1a7e3c63eea,0,"[670201, 1677480, 0]",4.546254041999418,A,1677480,"[687373, 1677480, 0, 0, 0]",legacy_seed,/Users/futaoran/Desktop/华为杯2026/2026参赛工作区/2026华为杯idea冻结工作区/实验数据/v7_fast_equiv_20260927_0030,0,AI_VERIFIED
5272020,root1:v7_fast_equiv_20260927_0030,0.0,0,0,0.0,0,0,0,0,,0,0,0,B3_base,case_003,6556284,5,2326690,2326690,6556284,109272,3.3542152919999353,mps,1902870,165209,"{'0': 149066, '1': 165209, '2': 143329, '3': 145851, '4': 160526}",469702,1284264,34,5272020,dee9854711f9fac7e8eb9542663e9c8aa4652832d522465c9d118c3571599cc1,0,"[469220, 6556284, 0]",3.1749264589998347,B,6556284,"[165209, 6556284, 0, 0, 0]",seed,/Users/futaoran/Desktop/华为杯2026/2026参赛工作区/2026华为杯idea冻结工作区/实验数据/v7_fast_equiv_20260927_0030,0,AI_VERIFIED
3579466,root1:v7_fast_equiv_20260927_0030,4395.536,347016,102,0.10754823641421579,2879592,2471,3226608,2573,,164634,347016,1389,lower_core_base,case_003,4863730,5,1637088,1637088,4516714,75279,4.436735500001305,mps,1589520,265461,"{'0': 248721, '1': 249799, '2': 265461}",522594,1284264,34,3579466,c05cc0fa382f1f6453ffa2ea0a590a291d2ec0809ba6a822106deeef4b9b8c07,0,"[522518, 75278.56666666667, -347016, 0]",3.9103080839995528,C,4863730,"[265461, 4863730, 0, -347016, -164634]",lower_core,/Users/futaoran/Desktop/华为杯2026/2026参赛工作区/2026华为杯idea冻结工作区/实验数据/v7_fast_equiv_20260927_0030,0,AI_VERIFIED
3456,root1:v7_fast_equiv_20260927_0030,0.0,0,0,0.0,0,0,0,0,,0,0,0,A2_base,case_012,558354,1,0,0,558354,9306,0.12821291699947324,mps,487552,67809,{'0': 67809},58890,554898,70802,3456,728a932b1f5982ae39655bffc2f598b77e98ba472d26793a816908468e23834f,0,"[70688, 558354, 0]",0.1200652089992218,A,558354,"[67809, 558354, 0, 0, 0]",seed,/Users/futaoran/Desktop/华为杯2026/2026参赛工作区/2026华为杯idea冻结工作区/实验数据/v7_fast_equiv_20260927_0030,0,AI_VERIFIED
8192,root1:v7_fast_equiv_20260927_0030,0.0,0,0,0.0,0,0,0,0,,0,0,0,B3_base,case_012,554898,1,0,0,554898,9249,0.16422741699898324,mps,484096,67809,{'0': 67809},42251,554898,70802,0,801a7b9340f91825e67d8fd1f003a35e4a1f70d074569c799de31f44ce6a5d3d,0,"[42248, 563090, 8192]",0.1717705829996703,B,563090,"[67809, 554898, 0, 0, 0]",seed,/Users/futaoran/Desktop/华为杯2026/2026参赛工作区/2026华为杯idea冻结工作区/实验数据/v7_fast_equiv_20260927_0030,8192,AI_VERIFIED
8192,root1:v7_fast_equiv_20260927_0030,0.0,0,0,0.0,488192,251,484096,251,,237326,0,0,incumbent_aggregate,case_012,554898,1,0,0,554898,9249,0.19014079100088566,mps,484096,67809,{'0': 67809},42239,554898,70802,0,535d347f602b10d60859804a81e1bef9ec7616388b48f047af05e021a3ceeedc,0,"[42236, 9384.833333333334, 0, 8192]",0.1549315829997795,C,563090,"[67809, 554898, 0, 0, -237326]",aggregate,/Users/futaoran/Desktop/华为杯2026/2026参赛工作区/2026华为杯idea冻结工作区/实验数据/v7_fast_equiv_20260927_0030,8192,AI_VERIFIED
29376,root1:v7_fast_equiv_20260927_0030,0.0,0,0,0.0,0,0,0,0,,0,0,0,L1_base,case_012,584274,2,0,0,584274,9738,0.1483158330011065,mps,513472,34006,"{'0': 34006, '1': 33803}",30058,554898,70802,29376,db30914618b4c8f56b037619f2bd7f5e53a72647f2c498d2d97d684db3177abf,0,"[35924, 584274, 0]",0.09180733399989549,A,584274,"[34006, 584274, 0, 0, 0]",legacy_seed,/Users/futaoran/Desktop/华为杯2026/2026参赛工作区/2026华为杯idea冻结工作区/实验数据/v7_fast_equiv_20260927_0030,0,AI_VERIFIED
29376,root1:v7_fast_equiv_20260927_0030,0.0,0,0,0.0,0,0,0,0,,0,0,0,L1_base,case_012,584274,2,0,0,584274,9738,0.28590312499909487,mps,513472,34006,"{'0': 34006, '1': 33803}",30058,554898,70802,29376,db30914618b4c8f56b037619f2bd7f5e53a72647f2c498d2d97d684db3177abf,0,"[30023, 584274, 0]",0.253529958999934,B,584274,"[34006, 584274, 0, 0, 0]",legacy_seed,/Users/futaoran/Desktop/华为杯2026/2026参赛工作区/2026华为杯idea冻结工作区/实验数据/v7_fast_equiv_20260927_0030,0,AI_VERIFIED
29376,root1:v7_fast_equiv_20260927_0030,364.8,29376,12,0.057210519755702356,484096,252,513472,264,,151698,28800,116,incumbent_split_height_g1_p4,case_012,584274,2,0,0,555474,9258,0.23512758300057612,mps,513472,34006,"{'0': 34006, '1': 33803}",29156,554898,70802,29376,796ac57ae9a4f80872cc2d41381df99589d9dc242705c2f30581ec8ba92ba6ba,0,"[29121, 9248.3, -29376, 0]",0.22559383399857325,C,584274,"[34006, 584274, 0, -28800, -151698]",timing,/Users/futaoran/Desktop/华为杯2026/2026参赛工作区/2026华为杯idea冻结工作区/实验数据/v7_fast_equiv_20260927_0030,0,AI_VERIFIED
39168,root1:v7_fast_equiv_20260927_0030,0.0,0,0,0.0,0,0,0,0,,0,0,0,L1_base,case_012,594066,3,0,0,594066,9902,0.18506983299994317,mps,523264,22718,"{'0': 22718, '1': 22383, '2': 22708}",20661,554898,70802,39168,fb3e4c1687241e5f52f329b4690b5a2082be02ec7e73537e5ee44ebb6b41dcdb,0,"[24330, 594066, 0]",0.22159341599945037,A,594066,"[22718, 594066, 0, 0, 0]",legacy_seed,/Users/futaoran/Desktop/华为杯2026/2026参赛工作区/2026华为杯idea冻结工作区/实验数据/v7_fast_equiv_20260927_0030,0,AI_VERIFIED
39168,root1:v7_fast_equiv_20260927_0030,0.0,0,0,0.0,0,0,0,0,,0,0,0,L1_base,case_012,594066,3,0,0,594066,9902,0.1977805830010766,mps,523264,22718,"{'0': 22718, '1': 22383, '2': 22708}",20661,554898,70802,39168,fb3e4c1687241e5f52f329b4690b5a2082be02ec7e73537e5ee44ebb6b41dcdb,0,"[20317, 594066, 0]",0.20252925000022515,B,594066,"[22718, 594066, 0, 0, 0]",legacy_seed,/Users/futaoran/Desktop/华为杯2026/2026参赛工作区/2026华为杯idea冻结工作区/实验数据/v7_fast_equiv_20260927_0030,0,AI_VERIFIED
41472,root1:v7_fast_equiv_20260927_0030,488.832,39168,21,0.07468879668049792,485248,253,524416,274,,1152,38592,155,incumbent_disperse_tid_1868_node_1920_core_1_pos_0,case_012,596370,3,1152,1152,557778,9297,0.1645187079993775,mps,523264,22708,"{'0': 22598, '1': 22503, '2': 22708}",20561,554898,70802,41472,c33ac33226018a3e675934839fccf05cb46996f664d67d1dc559b7d08041d7aa,0,"[20197, 9286.7, -39168, 0]",0.1514898750010616,C,596370,"[22708, 596370, 0, -38592, -1152]",disperse,/Users/futaoran/Desktop/华为杯2026/2026参赛工作区/2026华为杯idea冻结工作区/实验数据/v7_fast_equiv_20260927_0030,0,AI_VERIFIED
49536,root1:v7_fast_equiv_20260927_0030,0.0,0,0,0.0,0,0,0,0,,0,0,0,L1_base,case_012,604434,4,0,0,604434,10074,0.151722124999651,mps,533632,17138,"{'0': 16774, '1': 17138, '2': 17097, '3': 16800}",15863,554898,70802,49536,94df594345b7cdb72dad9fa353916ed3c391b91d54c302c29df851cb06d13417,0,"[18112, 604434, 0]",0.1328546250006184,A,604434,"[17138, 604434, 0, 0, 0]",legacy_seed,/Users/futaoran/Desktop/华为杯2026/2026参赛工作区/2026华为杯idea冻结工作区/实验数据/v7_fast_equiv_20260927_0030,0,AI_VERIFIED
49536,root1:v7_fast_equiv_20260927_0030,0.0,0,0,0.0,0,0,0,0,,0,0,0,L1_base,case_012,604434,4,0,0,604434,10074,0.18120120899948233,mps,533632,17138,"{'0': 16774, '1': 17138, '2': 17097, '3': 16800}",15863,554898,70802,49536,94df594345b7cdb72dad9fa353916ed3c391b91d54c302c29df851cb06d13417,0,"[15537, 604434, 0]",0.11944316699919,B,604434,"[17138, 604434, 0, 0, 0]",legacy_seed,/Users/futaoran/Desktop/华为杯2026/2026参赛工作区/2026华为杯idea冻结工作区/实验数据/v7_fast_equiv_20260927_0030,0,AI_VERIFIED
49536,root1:v7_fast_equiv_20260927_0030,620.16,49536,30,0.09282801631086592,484096,252,533632,282,,3460,48960,196,incumbent_split_release_g1_p2,case_012,604434,4,0,0,555474,9258,0.16487995800162025,mps,533632,17138,"{'0': 16774, '1': 17138, '2': 17097, '3': 16800}",15705,554898,70802,49536,f6eba84502c68d02c9f9077116582982a6a064e9648a8b2a04db38c0c396acf2,0,"[14992, 9248.3, -49536, 0]",0.15090258300006099,C,604434,"[17138, 604434, 0, -48960, -3460]",timing,/Users/futaoran/Desktop/华为杯2026/2026参赛工作区/2026华为杯idea冻结工作区/实验数据/v7_fast_equiv_20260927_0030,0,AI_VERIFIED
53568,root1:v7_fast_equiv_20260927_0030,0.0,0,0,0.0,0,0,0,0,,0,0,0,L1_base,case_012,608466,5,0,0,608466,10142,0.16761362500074029,mps,537664,13753,"{'0': 13578, '1': 13753, '2': 13470, '3': 13510, '4': 13498}",13406,554898,70802,53568,74e2f48a02bc0da889d9ecfa1e9a1620e41c58aa5959111496f36eec5e3f8b21,0,"[14858, 608466, 0]",0.12584274999971967,A,608466,"[13753, 608466, 0, 0, 0]",legacy_seed,/Users/futaoran/Desktop/华为杯2026/2026参赛工作区/2026华为杯idea冻结工作区/实验数据/v7_fast_equiv_20260927_0030,0,AI_VERIFIED
53568,root1:v7_fast_equiv_20260927_0030,0.0,0,0,0.0,0,0,0,0,,0,0,0,L1_base,case_012,608466,5,0,0,608466,10142,0.19337875000019267,mps,537664,13753,"{'0': 13578, '1': 13753, '2': 13470, '3': 13510, '4': 13498}",13406,554898,70802,53568,74e2f48a02bc0da889d9ecfa1e9a1620e41c58aa5959111496f36eec5e3f8b21,0,"[12718, 608466, 0]",0.1391161670017027,B,608466,"[13753, 608466, 0, 0, 0]",legacy_seed,/Users/futaoran/Desktop/华为杯2026/2026参赛工作区/2026华为杯idea冻结工作区/实验数据/v7_fast_equiv_20260927_0030,0,AI_VERIFIED
53568,root1:v7_fast_equiv_20260927_0030,583.68,41280,27,0.07677657421735508,496384,259,537664,286,,0,46080,185,event_timing_tid_1766_miss_2_bytes_12288_front,case_012,608466,5,0,0,562386,9374,0.1884421660015505,mps,537664,13753,"{'0': 13578, '1': 13753, '2': 13470, '3': 13510, '4': 13498}",13406,554898,70802,53568,4b293d7da5a1ffae9b39529d488931796e59c19b6739a2bda984e891e0acf9a2,0,"[12718, 9248.3, -53568, 0]",0.16204587500033085,C,608466,"[13753, 608466, 0, -46080, 0]",event_timing,/Users/futaoran/Desktop/华为杯2026/2026参赛工作区/2026华为杯idea冻结工作区/实验数据/v7_fast_equiv_20260927_0030,0,AI_VERIFIED
1152,root1:v7_fast_equiv_20260927_0030,0.0,0,0,0.0,0,0,0,0,,0,0,0,A2_base,case_036,6555904,1,0,0,6555904,109266,0.5686528749993158,mps,3279104,1052800,{'0': 1052800},931920,6554752,3276800,1152,cba9f9d6c3277246eda7ead4ad51cec79e5f90ca3019e3be38aa04f58776718d,0,"[1047630, 6555904, 0]",0.527651792001052,A,6555904,"[1052800, 6555904, 0, 0, 0]",seed,/Users/futaoran/Desktop/华为杯2026/2026参赛工作区/2026华为杯idea冻结工作区/实验数据/v7_fast_equiv_20260927_0030,0,AI_VERIFIED
6123520,root1:v7_fast_equiv_20260927_0030,0.0,0,0,0.0,0,0,0,0,,0,0,0,B2_base,case_036,6554752,1,0,0,6554752,109246,0.757645624998986,mps,3277952,1052800,{'0': 1052800},1106572,6554752,3276800,0,c7fa58ed7bf71c0da4121cacd01af56dc97e2dc32e65e8d28c5836b422ef2674,4080768,"[1038188, 12678272, 6123520]",0.7596717090000311,B,12678272,"[1052800, 6554752, 4080768, 0, 0]",seed,/Users/futaoran/Desktop/华为杯2026/2026参赛工作区/2026华为杯idea冻结工作区/实验数据/v7_fast_equiv_20260927_0030,6123520,AI_VERIFIED
0,root1:v7_fast_equiv_20260927_0030,0.0,0,0,0.0,3277952,801,3277952,801,,0,0,0,incumbent_base,case_036,6554752,1,0,0,6554752,109246,0.7443520830001944,mps,3277952,1052800,{'0': 1052800},931510,6554752,3276800,0,d64d21298efb9524f15b22d64f5e48b8064b683e7973cbfeaaf5a044e77b4072,0,"[931510, 109245.86666666667, 0, 0]",0.7081037500011007,C,6554752,"[1052800, 6554752, 0, 0, 0]",incumbent,/Users/futaoran/Desktop/华为杯2026/2026参赛工作区/2026华为杯idea冻结工作区/实验数据/v7_fast_equiv_20260927_0030,0,AI_VERIFIED
3456,root1:v7_fast_equiv_20260927_0030,0.0,0,0,0.0,0,0,0,0,,0,0,0,A2_base,case_036,6558208,2,0,0,6558208,109304,0.463136416999987,mps,3281408,526400,"{'0': 526400, '1': 526400}",466636,6554752,3276800,3456,b85f04a783e9ea129733f955cf963505bae4b88858e4cf3c0f68a1286bc7b44c,0,"[524030, 6558208, 0]",0.4138201249988924,A,6558208,"[526400, 6558208, 0, 0, 0]",seed,/Users/futaoran/Desktop/华为杯2026/2026参赛工作区/2026华为杯idea冻结工作区/实验数据/v7_fast_equiv_20260927_0030,0,AI_VERIFIED
7476352,root1:v7_fast_equiv_20260927_0030,0.0,0,0,0.0,0,0,0,0,,0,0,0,B2_base,case_036,11286784,2,1576960,1576960,11286784,188114,0.9018808750006428,mps,4856064,604660,"{'0': 448140, '1': 604660}",640203,6554752,3276800,4732032,566f9379b692982b2f64b19e6c9e5108fe2e7b6728086dcbfa19125aad8a7485,1832064,"[587793, 14031104, 2744320]",0.7938943749995815,B,14031104,"[604660, 11286784, 1832064, 0, 0]",seed,/Users/futaoran/Desktop/华为杯2026/2026参赛工作区/2026华为杯idea冻结工作区/实验数据/v7_fast_equiv_20260927_0030,2744320,AI_VERIFIED
0,root1:v7_fast_equiv_20260927_0030,0.0,0,0,0.0,3277952,801,3277952,801,,0,0,0,C0_base,case_036,6554752,2,0,0,6554752,109246,0.67914862500038,mps,3277952,1052800,{'0': 1052800},931510,6554752,3276800,0,1b94b9d7d615f7c58c053378c6cb91e94d2d8c9080a216d7b5408dd022f6e881,0,"[931510, 109245.86666666667, 0, 0]",0.7390059169993037,C,6554752,"[1052800, 6554752, 0, 0, 0]",seed,/Users/futaoran/Desktop/华为杯2026/2026参赛工作区/2026华为杯idea冻结工作区/实验数据/v7_fast_equiv_20260927_0030,0,AI_VERIFIED
5760,root1:v7_fast_equiv_20260927_0030,0.0,0,0,0.0,0,0,0,0,,0,0,0,A2_base,case_036,6560512,3,0,0,6560512,109342,0.5269307910002681,mps,3283712,351372,"{'0': 351372, '1': 350056, '2': 351372}",312071,6554752,3276800,5760,e695e553d8d5369edec5c85a86d22ecd72b6cf36a8db44603dfce0c5d3adbc86,0,"[349933, 6560512, 0]",0.4575827090011444,A,6560512,"[351372, 6560512, 0, 0, 0]",seed,/Users/futaoran/Desktop/华为杯2026/2026参赛工作区/2026华为杯idea冻结工作区/实验数据/v7_fast_equiv_20260927_0030,0,AI_VERIFIED
8608000,root1:v7_fast_equiv_20260927_0030,0.0,0,0,0.0,0,0,0,0,,0,0,0,B3_base,case_036,13131136,3,2191360,2191360,13131136,218853,0.8030214999998861,mps,5471616,430060,"{'0': 302640, '1': 320100, '2': 430060}",477554,6554752,3276800,6576384,1cc834ec6d8b92b3d5b740c8a7d20b422a3e928e78637c24a3c30f875e553d36,1356928,"[423175, 15162752, 2031616]",0.7484579579995625,B,15162752,"[430060, 13131136, 1356928, 0, 0]",seed,/Users/futaoran/Desktop/华为杯2026/2026参赛工作区/2026华为杯idea冻结工作区/实验数据/v7_fast_equiv_20260927_0030,2031616,AI_VERIFIED
1152,root1:v7_fast_equiv_20260927_0030,0.0,0,0,0.0,3279104,802,3279104,802,,0,0,0,lower_core_base,case_036,6555904,3,0,0,6555904,109266,0.5367247499998484,mps,3279104,526400,"{'0': 526400, '1': 526400}",466068,6554752,3276800,1152,38967317f4c78243b2d1b35d2b61358c8b9e01a0310cac5d96bb8bd3dac50467,0,"[465910, 109265.06666666667, 0, 0]",0.5093675830012216,C,6555904,"[526400, 6555904, 0, 0, 0]",lower_core,/Users/futaoran/Desktop/华为杯2026/2026参赛工作区/2026华为杯idea冻结工作区/实验数据/v7_fast_equiv_20260927_0030,0,AI_VERIFIED
8064,root1:v7_fast_equiv_20260927_0030,0.0,0,0,0.0,0,0,0,0,,0,0,0,A2_base,case_036,6562816,4,0,0,6562816,109381,0.43839320900042367,mps,3286016,263200,"{'0': 263200, '1': 263200, '2': 263200, '3': 263200}",234468,6554752,3276800,8064,3e952262541cd555b063beeaf46700dd2c478805ef357b2d31065e24a825b585,0,"[262230, 6562816, 0]",0.3724710419992334,A,6562816,"[263200, 6562816, 0, 0, 0]",seed,/Users/futaoran/Desktop/华为杯2026/2026参赛工作区/2026华为杯idea冻结工作区/实验数据/v7_fast_equiv_20260927_0030,0,AI_VERIFIED
8228224,root1:v7_fast_equiv_20260927_0030,0.0,0,0,0.0,0,0,0,0,,0,0,0,B2_base,case_036,13783552,4,2408448,2408448,13783552,229726,0.9467265000002953,mps,5689856,368368,"{'0': 224652, '1': 226980, '2': 232800, '3': 368368}",399671,6554752,3276800,7228800,d415a03a8d882b934da2f3ddeefa8127431834b4a53b2e6af9c1224c4a60f908,668800,"[351380, 14782976, 999424]",0.6806264580009156,B,14782976,"[368368, 13783552, 668800, 0, 0]",seed,/Users/futaoran/Desktop/华为杯2026/2026参赛工作区/2026华为杯idea冻结工作区/实验数据/v7_fast_equiv_20260927_0030,999424,AI_VERIFIED
2304,root1:v7_fast_equiv_20260927_0030,0.0,0,0,0.0,3280256,803,3280256,803,,0,0,0,lower_core_base,case_036,6557056,4,0,0,6557056,109285,0.6672726659999171,mps,3280256,351372,"{'0': 351372, '1': 351372, '2': 350056}",311345,6554752,3276800,2304,fd57db51c7e8d8361cfffb04b53106fe3aa229160b65aa391b7f8af9898ec7e2,0,"[311098, 109284.26666666666, 0, 0]",0.6772339170001942,C,6557056,"[351372, 6557056, 0, 0, 0]",lower_core,/Users/futaoran/Desktop/华为杯2026/2026参赛工作区/2026华为杯idea冻结工作区/实验数据/v7_fast_equiv_20260927_0030,0,AI_VERIFIED
10368,root1:v7_fast_equiv_20260927_0030,0.0,0,0,0.0,0,0,0,0,,0,0,0,A2_base,case_036,6565120,5,0,0,6565120,109419,0.5238334580008086,mps,3288320,210560,"{'0': 210560, '1': 210560, '2': 210560, '3': 210560, '4': 210560}",188224,6554752,3276800,10368,208b0a247d176feaa13a58d07f83cc0fc3b65b505e5532cb27540cd851d3a974,0,"[209870, 6565120, 0]",0.40952070799903595,A,6565120,"[210560, 6565120, 0, 0, 0]",seed,/Users/futaoran/Desktop/华为杯2026/2026参赛工作区/2026华为杯idea冻结工作区/实验数据/v7_fast_equiv_20260927_0030,0,AI_VERIFIED
8413696,root1:v7_fast_equiv_20260927_0030,0.0,0,0,0.0,0,0,0,0,,0,0,0,B2_base,case_036,14313088,5,2584576,2584576,14313088,238552,0.9197198329984531,mps,5867136,318316,"{'0': 178092, '1': 181584, '2': 185076, '3': 189732, '4': 318316}",347880,6554752,3276800,7758336,58075ae8f60adc11055a9fb491665fbdd3df8f649158331cf5a5d3a4bd680767,439424,"[302348, 14968448, 655360]",0.8654814999990776,B,14968448,"[318316, 14313088, 439424, 0, 0]",seed,/Users/futaoran/Desktop/华为杯2026/2026参赛工作区/2026华为杯idea冻结工作区/实验数据/v7_fast_equiv_20260927_0030,655360,AI_VERIFIED
3456,root1:v7_fast_equiv_20260927_0030,0.0,0,0,0.0,3281408,804,3281408,804,,0,0,0,lower_core_base,case_036,6558208,5,0,0,6558208,109304,0.5727977500009729,mps,3281408,263200,"{'0': 263200, '1': 263200, '2': 263200, '3': 263200}",233584,6554752,3276800,3456,18d5b4173cd64a7ebdda09cc5bee0c88343ed52fe1f99e3860324a64179c06b3,0,"[233110, 109303.46666666666, 0, 0]",0.5297372089989949,C,6558208,"[263200, 6558208, 0, 0, 0]",lower_core,/Users/futaoran/Desktop/华为杯2026/2026参赛工作区/2026华为杯idea冻结工作区/实验数据/v7_fast_equiv_20260927_0030,0,AI_VERIFIED
7954432,root1:v7_fast_equiv_20260927_0030,0.0,0,0,0.0,0,0,0,0,,0,0,0,A2_base,case_039,5578752,1,0,0,5578752,92980,1.4217776669993327,mps,5292032,1476300,{'0': 1476300},1430004,4489216,286720,1089536,17af91a2eadd8078b536030a95f27c010a225f14e0ec77bd4d1ff88617f26a01,1036288,"[1557782, 12443648, 6864896]",1.384645874999478,A,12443648,"[1476300, 5578752, 1036288, 0, 0]",seed,/Users/futaoran/Desktop/华为杯2026/2026参赛工作区/2026华为杯idea冻结工作区/实验数据/v7_fast_equiv_20260927_0030,6864896,AI_VERIFIED
16453632,root1:v7_fast_equiv_20260927_0030,0.0,0,0,0.0,0,0,0,0,,0,0,0,B2_base,case_039,4489216,1,0,0,4489216,74821,2.092003207999369,mps,4202496,1476300,{'0': 1476300},1493151,4489216,286720,0,831dae117d4bfbc005c04f9b3b02186f5b4b72aceb714cd7ef3348b3bb4cdd3a,7573504,"[1476015, 20942848, 16453632]",1.9669872499998746,B,20942848,"[1476300, 4489216, 7573504, 0, 0]",seed,/Users/futaoran/Desktop/华为杯2026/2026参赛工作区/2026华为杯idea冻结工作区/实验数据/v7_fast_equiv_20260927_0030,16453632,AI_VERIFIED
8175616,root1:v7_fast_equiv_20260927_0030,0.0,40960,0,0.0033090668431502318,12337152,646,4202496,646,,10428416,0,0,incumbent_split_topo_g0_p4,case_039,4489216,1,0,0,4489216,74821,2.090674917000797,mps,4202496,1476300,{'0': 1476300},1426335,4489216,286720,0,32f9ac635d6a233bfae21320e26e71d5d13d43cde64a155f600052740f8655f7,1036288,"[1424234, 210397.86666666667, -40960, 8175616]",1.9893495830001484,C,12664832,"[1476300, 4489216, 1036288, 0, -10428416]",timing,/Users/futaoran/Desktop/华为杯2026/2026参赛工作区/2026华为杯idea冻结工作区/实验数据/v7_fast_equiv_20260927_0030,8175616,AI_VERIFIED
8921088,root1:v7_fast_equiv_20260927_0030,0.0,0,0,0.0,0,0,0,0,,0,0,0,A2_base,case_039,8380416,2,0,0,8380416,139674,1.5531535000009171,mps,8093696,759240,"{'0': 717060, '1': 759240}",735234,4489216,286720,3891200,053f5520079265e1165c6754ce18b6220abcb930a1cb112aa62a354aa2138c42,2072576,"[807154, 13410304, 5029888]",1.1775258329998906,A,13410304,"[759240, 8380416, 2072576, 0, 0]",seed,/Users/futaoran/Desktop/华为杯2026/2026参赛工作区/2026华为杯idea冻结工作区/实验数据/v7_fast_equiv_20260927_0030,5029888,AI_VERIFIED
20799488,root1:v7_fast_equiv_20260927_0030,0.0,0,0,0.0,0,0,0,0,,0,0,0,B2_base,case_039,16465920,2,5279744,5279744,16465920,274432,1.9236095830001432,mps,5619712,808598,"{'0': 667702, '1': 808598}",795577,4489216,286720,11976704,54f3b889483abc8be159a50cfb0b291299691f50e2a268a71559442884639ebb,3805184,"[785735, 25288704, 8822784]",1.8195625839998684,B,25288704,"[808598, 16465920, 3805184, 0, 0]",seed,/Users/futaoran/Desktop/华为杯2026/2026参赛工作区/2026华为杯idea冻结工作区/实验数据/v7_fast_equiv_20260927_0030,8822784,AI_VERIFIED
11186176,root1:v7_fast_equiv_20260927_0030,4876.970666666666,6033408,47,0.39206813947298375,9355264,1245,8404992,1292,,10739712,385024,1541,incumbent_split_topo_g1_p4,case_039,8691712,2,0,0,8306688,138445,1.7143360419995588,mps,8404992,738150,"{'0': 738150, '1': 738150}",703954,4489216,286720,4202496,f85b887cc661359d66ae1d55aa317aee92855e9e38f838f310efd30c608000c8,2072576,"[702184, 161587.2, -5980160, 6983680]",1.6086075000002893,C,15675392,"[738150, 8691712, 2072576, -385024, -10739712]",timing,/Users/futaoran/Desktop/华为杯2026/2026参赛工作区/2026华为杯idea冻结工作区/实验数据/v7_fast_equiv_20260927_0030,6983680,AI_VERIFIED
9920512,root1:v7_fast_equiv_20260927_0030,0.0,0,0,0.0,0,0,0,0,,0,0,0,A2_base,case_039,11182080,3,0,0,11182080,186368,1.3630300419990817,mps,10895360,506160,"{'0': 485070, '1': 506160, '2': 485070}",490460,4489216,286720,6692864,9b6c649c24bdb209afe9fd459b1c34a23bffbbcf213fc807c937821ed9df1ab8,3108864,"[543074, 14409728, 3227648]",0.9933217910001986,A,14409728,"[506160, 11182080, 3108864, 0, 0]",seed,/Users/futaoran/Desktop/华为杯2026/2026参赛工作区/2026华为杯idea冻结工作区/实验数据/v7_fast_equiv_20260927_0030,3227648,AI_VERIFIED
14331904,root1:v7_fast_equiv_20260927_0030,0.0,0,0,0.0,0,0,0,0,,0,0,0,r2_boundary_n651_c2_p0,case_039,12910592,3,8192,8192,12910592,215177,1.9680429159998312,mps,12607488,505124,"{'1': 485588, '0': 505124, '2': 485588}",486204,4489216,286720,8421376,4140836bf1894204c3435188eb360100f40af1172a523559efa31c12bab8a5e7,3108864,"[477520, 18821120, 5910528]",1.743622542000594,B,18821120,"[505124, 12910592, 3108864, 0, 0]",ordinary_chain,/Users/futaoran/Desktop/华为杯2026/2026参赛工作区/2026华为杯idea冻结工作区/实验数据/v7_fast_equiv_20260927_0030,5910528,AI_VERIFIED
14331904,root1:v7_fast_equiv_20260927_0030,8716.288,7286784,84,0.39332301569754585,11239424,1856,12615680,1940,,24576,688128,2753,r2_boundary_n651_c2_p0,case_039,12910592,3,8192,8192,12222464,203708,2.0183854999995674,mps,12607488,505124,"{'1': 485588, '0': 505124, '2': 485588}",482066,4489216,286720,8421376,4140836bf1894204c3435188eb360100f40af1172a523559efa31c12bab8a5e7,3108864,"[476666, 198860.8, -6889472, 5910528]",1.9334612080001534,C,18821120,"[505124, 12910592, 3108864, -688128, -24576]",ordinary_chain,/Users/futaoran/Desktop/华为杯2026/2026参赛工作区/2026华为杯idea冻结工作区/实验数据/v7_fast_equiv_20260927_0030,5910528,AI_VERIFIED
10452992,root1:v7_fast_equiv_20260927_0030,0.0,0,0,0.0,0,0,0,0,,0,0,0,A2_base,case_039,14098432,4,163840,163840,14098432,234974,1.416884290998496,mps,13484032,386354,"{'0': 379620, '1': 386354, '2': 362156, '3': 348170}",538296,4489216,286720,9609216,b337c25fb93581761d5725570d7ea607c6fd8ba7557c6efd7d554b1befcd5211,4145152,"[589870, 14942208, 843776]",1.1825586250015476,A,14942208,"[386354, 14098432, 4145152, 0, 0]",seed,/Users/futaoran/Desktop/华为杯2026/2026参赛工作区/2026华为杯idea冻结工作区/实验数据/v7_fast_equiv_20260927_0030,843776,AI_VERIFIED
25239552,root1:v7_fast_equiv_20260927_0030,0.0,0,0,0.0,0,0,0,0,,0,0,0,B3_base,case_039,25882624,4,8130560,8130560,25882624,431378,2.3630864169990673,mps,9334784,448070,"{'0': 342916, '1': 448070, '2': 342398, '3': 342916}",532665,4489216,286720,21393408,6c2677ed684bad5636d5781ad1065ad92279d69c5073c21bbd4252982db2be94,1949696,"[503532, 29728768, 3846144]",2.249206458998742,B,29728768,"[448070, 25882624, 1949696, 0, 0]",seed,/Users/futaoran/Desktop/华为杯2026/2026参赛工作区/2026华为杯idea冻结工作区/实验数据/v7_fast_equiv_20260927_0030,3846144,AI_VERIFIED
17666048,root1:v7_fast_equiv_20260927_0030,32063.487999999998,10493952,315,0.4798651432852594,11374592,2269,16809984,2584,,4591616,2531328,10126,incumbent_split_topo_g3_p4,case_039,17096704,4,0,0,14565376,242757,1.8043917920003878,mps,16809984,379620,"{'0': 379620, '1': 379620, '2': 358530, '3': 358530}",368134,4489216,286720,12607488,7f55deb3da81e9c008b74dbac127a98ee4951e63a3d579719e896e932c0cc4cb,4145152,"[355321, 199406.93333333332, -10190848, 5058560]",1.498327874998722,C,22155264,"[379620, 17096704, 4145152, -2531328, -4591616]",timing,/Users/futaoran/Desktop/华为杯2026/2026参赛工作区/2026华为杯idea冻结工作区/实验数据/v7_fast_equiv_20260927_0030,5058560,AI_VERIFIED
9805824,root1:v7_fast_equiv_20260927_0030,0.0,0,0,0.0,0,0,0,0,,0,0,0,A2_base,case_039,14295040,5,0,0,14295040,238251,1.275356832999023,mps,14008320,295260,"{'0': 295260, '1': 295260, '2': 295260, '3': 295260, '4': 295260}",316542,4489216,286720,9805824,e0c6b16d8929dad25ed74eac4413e65a5d34685b80463ab8b2a6ce5528936f7d,4403200,"[315770, 14295040, 0]",1.1730817919997207,A,14295040,"[295260, 14295040, 4403200, 0, 0]",seed,/Users/futaoran/Desktop/华为杯2026/2026参赛工作区/2026华为杯idea冻结工作区/实验数据/v7_fast_equiv_20260927_0030,0,AI_VERIFIED
24375296,root1:v7_fast_equiv_20260927_0030,0.0,0,0,0.0,0,0,0,0,,0,0,0,B2_base,case_039,25948160,5,8572928,8572928,25948160,432470,2.2248942500009434,mps,8515584,432470,"{'0': 272468, '1': 272468, '2': 392126, '3': 272468, '4': 266770}",487799,4489216,286720,21458944,f7910992f9b26fb85bb88f04dbff600375989e3b283e565cab941b594955b682,1429504,"[482172, 28864512, 2916352]",1.925368875001368,B,28864512,"[432470, 25948160, 1429504, 0, 0]",seed,/Users/futaoran/Desktop/华为杯2026/2026参赛工作区/2026华为杯idea冻结工作区/实验数据/v7_fast_equiv_20260927_0030,2916352,AI_VERIFIED
17600512,root1:v7_fast_equiv_20260927_0030,32271.018666666667,10424320,317,0.4782036828260053,11374592,2267,16805888,2584,,12288,2547712,10191,incumbent_disperse_tid_1000001279_node_5628_core_3_pos_1,case_039,17096704,5,4096,4096,14548992,242484,2.8885183750007855,mps,16801792,379620,"{'0': 379620, '1': 379620, '2': 358012, '3': 359048}",368055,4489216,286720,12607488,81c0b0803ed830f00b7e1393fc73c07c0e51d3673173019ad9410919e9f3819a,4145152,"[355321, 209169.06666666668, -9539584, 4993024]",2.325850499999433,C,22089728,"[379620, 17096704, 4145152, -2547712, -12288]",disperse,/Users/futaoran/Desktop/华为杯2026/2026参赛工作区/2026华为杯idea冻结工作区/实验数据/v7_fast_equiv_20260927_0030,4993024,AI_VERIFIED
257106,root1:v7_fast_equiv_20260927_0030,0.0,0,0,0.0,0,0,0,0,,0,0,0,L3_base,case_047,721048,1,128448,128448,721048,12018,3.231422875000135,mps,457496,413130,{'0': 413130},324416,463942,6656,257106,e551da41f8674689b4be21aa51835e1f2cc6e07f746139b58c18be5c073c2ac4,0,"[391405, 721048, 0]",3.2161432079992665,A,721048,"[413130, 721048, 0, 0, 0]",legacy_seed,/Users/futaoran/Desktop/华为杯2026/2026参赛工作区/2026华为杯idea冻结工作区/实验数据/v7_fast_equiv_20260927_0030,0,AI_VERIFIED
0,root1:v7_fast_equiv_20260927_0030,0.0,0,0,0.0,0,0,0,0,,0,0,0,B2_base,case_047,463942,1,0,0,463942,7733,6.9263252500004455,mps,457286,413130,{'0': 413130},323597,463942,6656,0,cc071209560ebe7344ad93081f971d1a0b7ab10318cfc5f0dcffebb664d0eda1,0,"[323597, 463942, 0]",9.245065250001062,B,463942,"[413130, 463942, 0, 0, 0]",seed,/Users/futaoran/Desktop/华为杯2026/2026参赛工作区/2026华为杯idea冻结工作区/实验数据/v7_fast_equiv_20260927_0030,0,AI_VERIFIED
0,root1:v7_fast_equiv_20260927_0030,0.0,0,0,0.0,457286,271,457286,271,,207860,0,0,incumbent_split_release_g2_p4,case_047,463942,1,0,0,463942,7733,7.171558542000639,mps,457286,413130,{'0': 413130},322738,463942,6656,0,21922ba2bf4bbd93117bbbb53749231c9009fc80b3d3f1de7fd1191701f3de31,0,"[322738, 7732.366666666667, 0, 0]",7.436940333000166,C,463942,"[413130, 463942, 0, 0, -207860]",timing,/Users/futaoran/Desktop/华为杯2026/2026参赛工作区/2026华为杯idea冻结工作区/实验数据/v7_fast_equiv_20260927_0030,0,AI_VERIFIED
579562,root1:v7_fast_equiv_20260927_0030,0.0,0,0,0.0,0,0,0,0,,0,0,0,A3_base,case_047,1043504,2,289536,289536,1043504,17392,2.4157715830006055,mps,457776,206693,"{'0': 206693, '1': 206437}",330324,463942,6656,579562,6a2c2a43a1de33ccc4a8196b2728ecce453fb9296f21f4165af8ca049c8146e4,0,"[393854, 1043504, 0]",1.9947826249990612,A,1043504,"[206693, 1043504, 0, 0, 0]",seed,/Users/futaoran/Desktop/华为杯2026/2026参赛工作区/2026华为杯idea冻结工作区/实验数据/v7_fast_equiv_20260927_0030,0,AI_VERIFIED
1146116,root1:v7_fast_equiv_20260927_0030,0.0,0,0,0.0,0,0,0,0,,0,0,0,B3_base,case_047,1610058,2,547200,547200,1610058,26835,4.566759666999133,mps,509002,208722,"{'0': 208722, '1': 204408}",321355,463942,6656,1146116,61d6f428e67cb6260a03b2a8ea7ebc40c42c30e057381171015a81189cf2d427,0,"[321353, 1610058, 0]",5.061305791999985,B,1610058,"[208722, 1610058, 0, 0, 0]",seed,/Users/futaoran/Desktop/华为杯2026/2026参赛工作区/2026华为杯idea冻结工作区/实验数据/v7_fast_equiv_20260927_0030,0,AI_VERIFIED
0,root1:v7_fast_equiv_20260927_0030,0.0,0,0,0.0,457286,271,457286,271,,207860,0,0,lower_core_base,case_047,463942,2,0,0,463942,7733,6.025239165999665,mps,457286,413130,{'0': 413130},322738,463942,6656,0,c246061ea78ecfcacf7f7da64428edbdc4822122bfb2d6c20700d94244208d63,0,"[322738, 7732.366666666667, 0, 0]",6.230271082999025,C,463942,"[413130, 463942, 0, 0, -207860]",lower_core,/Users/futaoran/Desktop/华为杯2026/2026参赛工作区/2026华为杯idea冻结工作区/实验数据/v7_fast_equiv_20260927_0030,0,AI_VERIFIED
153438,root1:v7_fast_equiv_20260927_0030,0.0,0,0,0.0,0,0,0,0,,0,0,0,A2_base,case_047,617380,3,76544,76544,617380,10290,1.895896709000226,mps,457636,138107,"{'0': 138107, '1': 136916, '2': 138107}",327558,463942,6656,153438,ccdeda79763e10f49587e622acd2e54ada458ee7d360bc517cb2366de6ee9453,0,"[395194, 617380, 0]",1.5468695830004435,A,617380,"[138107, 617380, 0, 0, 0]",seed,/Users/futaoran/Desktop/华为杯2026/2026参赛工作区/2026华为杯idea冻结工作区/实验数据/v7_fast_equiv_20260927_0030,0,AI_VERIFIED
1123784,root1:v7_fast_equiv_20260927_0030,0.0,0,0,0.0,0,0,0,0,,0,0,0,L3_base,case_047,1587726,3,538592,538592,1587726,26463,3.097856166999918,mps,503886,138580,"{'0': 136765, '1': 137785, '2': 138580}",328135,463942,6656,1123784,7ca0808112eaeef2ec3b1c2d007abe60a9b7a6fdfeab8c71c9fa62ad6649a221,0,"[328129, 1587726, 0]",3.553162667001743,B,1587726,"[138580, 1587726, 0, 0, 0]",legacy_seed,/Users/futaoran/Desktop/华为杯2026/2026参赛工作区/2026华为杯idea冻结工作区/实验数据/v7_fast_equiv_20260927_0030,0,AI_VERIFIED
0,root1:v7_fast_equiv_20260927_0030,0.0,0,0,0.0,457286,271,457286,271,,38838,0,0,incumbent_split_height_g0_p4,case_047,463942,3,0,0,463942,7733,4.080450875000679,mps,457286,413130,{'0': 413130},324264,463942,6656,0,83ec578644f837f9ecc44589a3ea5ea8df63740ea3489daba6724970b46ffbd8,0,"[324264, 7732.366666666667, 0, 0]",4.181555459001174,C,463942,"[413130, 463942, 0, 0, -38838]",timing,/Users/futaoran/Desktop/华为杯2026/2026参赛工作区/2026华为杯idea冻结工作区/实验数据/v7_fast_equiv_20260927_0030,0,AI_VERIFIED
228362,root1:v7_fast_equiv_20260927_0030,0.0,0,0,0.0,0,0,0,0,,0,0,0,A2_base,case_047,692304,4,113936,113936,692304,11539,1.8880587500007096,mps,457776,106610,"{'0': 99983, '1': 99983, '2': 106554, '3': 106610}",330440,463942,6656,228362,41ff8fa987c71d9012f6e6bc910f8e9432c55e2c5761ad8049e04ad378e2f935,0,"[398855, 692304, 0]",1.605510792000132,A,692304,"[106610, 692304, 0, 0, 0]",seed,/Users/futaoran/Desktop/华为杯2026/2026参赛工作区/2026华为杯idea冻结工作区/实验数据/v7_fast_equiv_20260927_0030,0,AI_VERIFIED
2205644,root1:v7_fast_equiv_20260927_0030,0.0,0,0,0.0,0,0,0,0,,0,0,0,B3_base,case_047,2669586,4,1049312,1049312,2669586,44494,2.976418416999877,mps,564306,105487,"{'0': 102988, '1': 104759, '2': 105487, '3': 99896}",314757,463942,6656,2205644,f16859348370437fcf1d471e619ec0ae6d051515be6c7d8e7d356357266aa589,0,"[314750, 2669586, 0]",3.2779817080008797,B,2669586,"[105487, 2669586, 0, 0, 0]",seed,/Users/futaoran/Desktop/华为杯2026/2026参赛工作区/2026华为杯idea冻结工作区/实验数据/v7_fast_equiv_20260927_0030,0,AI_VERIFIED
0,root1:v7_fast_equiv_20260927_0030,0.0,0,0,0.0,457286,271,457286,271,,0,0,0,C0_base,case_047,463942,4,0,0,463942,7733,2.1498775419986487,mps,457286,413130,{'0': 413130},326508,463942,6656,0,32d06ae51bb4418a3eb64c505c535d418b7192d3bf8b26b24847d61608daf725,0,"[326508, 7732.366666666667, 0, 0]",2.1150365419998707,C,463942,"[413130, 463942, 0, 0, 0]",seed,/Users/futaoran/Desktop/华为杯2026/2026参赛工作区/2026华为杯idea冻结工作区/实验数据/v7_fast_equiv_20260927_0030,0,AI_VERIFIED
120438,root1:v7_fast_equiv_20260927_0030,0.0,0,0,0.0,0,0,0,0,,0,0,0,A2_base,case_047,584380,5,59904,59904,584380,9740,1.6367937920003897,mps,457916,82626,"{'0': 82626, '1': 82626, '2': 82626, '3': 82626, '4': 82626}",337110,463942,6656,120438,6003c3e63c73677c2611bc6a52c39cb40e799d48f6aa093163d233a928bb20cd,0,"[400350, 584380, 0]",1.2072590829993715,A,584380,"[82626, 584380, 0, 0, 0]",seed,/Users/futaoran/Desktop/华为杯2026/2026参赛工作区/2026华为杯idea冻结工作区/实验数据/v7_fast_equiv_20260927_0030,0,AI_VERIFIED
141400,root1:v7_fast_equiv_20260927_0030,0.0,0,0,0.0,0,0,0,0,,0,0,0,L2_base,case_047,605342,5,70560,70560,605342,10090,1.6696172920001118,mps,457566,82722,"{'0': 82530, '1': 82626, '2': 82626, '3': 82626, '4': 82722}",316261,463942,6656,141400,6216f50724613ff36e88e179e42df590ac3eea256f0216e703ca04a1f77878c7,0,"[316256, 605342, 0]",1.7119395419995271,B,605342,"[82722, 605342, 0, 0, 0]",legacy_seed,/Users/futaoran/Desktop/华为杯2026/2026参赛工作区/2026华为杯idea冻结工作区/实验数据/v7_fast_equiv_20260927_0030,0,AI_VERIFIED
141400,root1:v7_fast_equiv_20260927_0030,3.5466666666666664,280,16,0.0005301765109083817,527846,379,528126,395,,97050,280,2,incumbent_split_height_g1_p4,case_047,605342,5,70560,70560,605062,10085,0.8411358749999636,mps,457566,82722,"{'0': 82530, '1': 82626, '2': 82626, '3': 82626, '4': 82722}",315056,463942,6656,141400,d1ad0db302009086a6b8308948a889a01dad68804fd3806245f5bd3536c1472a,0,"[315051, 10084.366666666667, -280, 0]",0.8787894580000284,C,605342,"[82722, 605342, 0, -280, -97050]",timing,/Users/futaoran/Desktop/华为杯2026/2026参赛工作区/2026华为杯idea冻结工作区/实验数据/v7_fast_equiv_20260927_0030,0,AI_VERIFIED
6176768,root1:v7_fast_equiv_20260927_0030,0.0,0,0,0.0,0,0,0,0,,0,0,0,A2_capacity_g0_front,case_074,5693656,1,0,0,5693656,94895,0.5328588749998744,mps,5693464,1777844,{'0': 1777844},1686594,3776728,192,1916928,81a309ef414ec8345e8b52e4ef4d66fa9c05cad8e5a116f28352f539861ea4ea,1663006,"[1848835, 9953496, 4259840]",0.5416971249997005,A,9953496,"[1777844, 5693656, 1663006, 0, 0]",capacity,/Users/futaoran/Desktop/华为杯2026/2026参赛工作区/2026华为杯idea冻结工作区/实验数据/v7_fast_equiv_20260927_0030,4259840,AI_VERIFIED
10620936,root1:v7_fast_equiv_20260927_0030,0.0,0,0,0.0,0,0,0,0,,0,0,0,B3_aggregate,case_074,3776728,1,0,0,3776728,62946,1.0832046249997802,mps,3776536,1777844,{'0': 1777844},1701100,3776728,192,0,45817a44a3bb9223afc32f8e0f898a187f4f5aa2ca351bec511de0a4c9022888,3825694,"[1699380, 14397664, 10620936]",1.073471542000334,B,14397664,"[1777844, 3776728, 3825694, 0, 0]",aggregate,/Users/futaoran/Desktop/华为杯2026/2026参赛工作区/2026华为杯idea冻结工作区/实验数据/v7_fast_equiv_20260927_0030,10620936,AI_VERIFIED
6070280,root1:v7_fast_equiv_20260927_0030,0.0,1642496,0,0.16680485013829857,8204316,564,3776536,564,,0,0,0,incumbent_base,case_074,3776728,1,0,0,3776728,62946,0.7437122920000547,mps,3776536,1777844,{'0': 1777844},1678120,3776728,192,0,b02f51279acc25929809f62ef45cdf9fd885f724ef2eaef7f79e4e06947e6913,1404958,"[1676493, 136741.86666666667, -1642496, 6070280]",0.6764524579994031,C,9847008,"[1777844, 3776728, 1404958, 0, 0]",incumbent,/Users/futaoran/Desktop/华为杯2026/2026参赛工作区/2026华为杯idea冻结工作区/实验数据/v7_fast_equiv_20260927_0030,6070280,AI_VERIFIED
6590472,root1:v7_fast_equiv_20260927_0030,0.0,0,0,0.0,0,0,0,0,,0,0,0,L1_base,case_074,6062296,2,0,0,6062296,101039,0.611162625000361,mps,6062104,889254,"{'0': 889254, '1': 888590}",839999,3776728,192,2285568,dc07c7e898dc671eb0ced08b1497d1446a9e787aef64b0b53573a77756e9d02d,1941522,"[920819, 10367200, 4304904]",0.4792458749998332,A,10367200,"[889254, 6062296, 1941522, 0, 0]",legacy_seed,/Users/futaoran/Desktop/华为杯2026/2026参赛工作区/2026华为杯idea冻结工作区/实验数据/v7_fast_equiv_20260927_0030,4304904,AI_VERIFIED
6590472,root1:v7_fast_equiv_20260927_0030,0.0,0,0,0.0,0,0,0,0,,0,0,0,L1_base,case_074,6062296,2,0,0,6062296,101039,0.7425215830007801,mps,6062104,889254,"{'0': 889254, '1': 888590}",839999,3776728,192,2285568,dc07c7e898dc671eb0ced08b1497d1446a9e787aef64b0b53573a77756e9d02d,1941522,"[838389, 10367200, 4304904]",0.7423515000009502,B,10367200,"[889254, 6062296, 1941522, 0, 0]",legacy_seed,/Users/futaoran/Desktop/华为杯2026/2026参赛工作区/2026华为杯idea冻结工作区/实验数据/v7_fast_equiv_20260927_0030,4304904,AI_VERIFIED
7086080,root1:v7_fast_equiv_20260927_0030,4046.848,2605056,75,0.23999946934079597,8249368,861,6070296,936,,36864,319488,1278,r2_boundary_n4295_c1_p0,case_074,6078680,2,8192,8192,5759192,95987,0.6905457499997283,mps,6062104,905168,"{'0': 905168, '1': 872676}",818681,3776728,192,2301952,1c871c662b494912375f6be25797151f8801c1fd7dafdef5c5e1cbce045bfc18,2314256,"[818430, 137560.93333333332, -2609152, 4784128]",0.7409419579998939,C,10862808,"[905168, 6078680, 2314256, -319488, -36864]",ordinary_chain,/Users/futaoran/Desktop/华为杯2026/2026参赛工作区/2026华为杯idea冻结工作区/实验数据/v7_fast_equiv_20260927_0030,4784128,AI_VERIFIED
7639040,root1:v7_fast_equiv_20260927_0030,0.0,0,0,0.0,0,0,0,0,,0,0,0,L1_base,case_074,8347864,3,0,0,8347864,139132,0.5840427500006626,mps,8347672,595726,"{'0': 593351, '1': 595726, '2': 588767}",563098,3776728,192,4571136,56c7abbdef9e9ce7db689c2a025fd8137231b287b9bd7e09d52163b2fa86b8f8,1458188,"[624998, 11415768, 3067904]",0.527183165999304,A,11415768,"[595726, 8347864, 1458188, 0, 0]",legacy_seed,/Users/futaoran/Desktop/华为杯2026/2026参赛工作区/2026华为杯idea冻结工作区/实验数据/v7_fast_equiv_20260927_0030,3067904,AI_VERIFIED
7639040,root1:v7_fast_equiv_20260927_0030,0.0,0,0,0.0,0,0,0,0,,0,0,0,L1_base,case_074,8347864,3,0,0,8347864,139132,0.7575140000008105,mps,8347672,595726,"{'0': 593351, '1': 595726, '2': 588767}",563098,3776728,192,4571136,56c7abbdef9e9ce7db689c2a025fd8137231b287b9bd7e09d52163b2fa86b8f8,1458188,"[561143, 11415768, 3067904]",0.5699486249995971,B,11415768,"[595726, 8347864, 1458188, 0, 0]",legacy_seed,/Users/futaoran/Desktop/华为杯2026/2026参赛工作区/2026华为杯idea冻结工作区/实验数据/v7_fast_equiv_20260927_0030,3067904,AI_VERIFIED
7618560,root1:v7_fast_equiv_20260927_0030,27134.634666666665,3670016,418,0.3221855851110526,7720984,887,8351768,1305,,12288,2142208,8569,incumbent_disperse_tid_2926_node_4699_core_2_pos_0,case_074,8356056,3,4096,4096,6213848,103565,0.6925977499995497,mps,8347672,613392,"{'0': 613392, '2': 578685, '1': 585767}",554482,3776728,192,4579328,2b449e0ad8030d103b2d9a5d09e4e1cddcbaa665f6dd13a293710ed85a6886ef,1871880,"[553830, 127798.8, -3727360, 3039232]",0.6102829999999813,C,11395288,"[613392, 8356056, 1871880, -2142208, -12288]",disperse,/Users/futaoran/Desktop/华为杯2026/2026参赛工作区/2026华为杯idea冻结工作区/实验数据/v7_fast_equiv_20260927_0030,3039232,AI_VERIFIED
7852032,root1:v7_fast_equiv_20260927_0030,0.0,0,0,0.0,0,0,0,0,,0,0,0,L1_base,case_074,9568472,4,0,0,9568472,159475,0.6604401670010702,mps,9568280,448612,"{'0': 443003, '1': 443030, '2': 443199, '3': 448612}",418987,3776728,192,5791744,33f06998f8f34530449d64738cc587acd0e916a183cd6ffc88adb37ff151bf44,802816,"[467011, 11628760, 2060288]",0.43836787500003993,A,11628760,"[448612, 9568472, 802816, 0, 0]",legacy_seed,/Users/futaoran/Desktop/华为杯2026/2026参赛工作区/2026华为杯idea冻结工作区/实验数据/v7_fast_equiv_20260927_0030,2060288,AI_VERIFIED
19578306,root1:v7_fast_equiv_20260927_0030,0.0,0,0,0.0,0,0,0,0,,0,0,0,L3_base,case_074,23232154,4,9256670,9256670,23232154,387203,1.116031000001385,mps,4718622,454295,"{'0': 437516, '1': 441980, '2': 454295, '3': 444053}",836018,3776728,192,19455426,399f75e097d72dba4989ba8f24abfe0c6fab730579d8f7f1218515a10ac234ea,57344,"[769019, 23355034, 122880]",1.126866541999334,B,23355034,"[454295, 23232154, 57344, 0, 0]",legacy_seed,/Users/futaoran/Desktop/华为杯2026/2026参赛工作区/2026华为杯idea冻结工作区/实验数据/v7_fast_equiv_20260927_0030,122880,AI_VERIFIED
8613888,root1:v7_fast_equiv_20260927_0030,29728.768,4055040,484,0.3272720933520919,8335384,1138,10207256,1622,,0,2347008,9389,C1_base,case_074,10207448,4,0,0,7860440,131008,0.5778738749995682,mps,10207256,472172,"{'0': 472172, '1': 443160, '2': 435081, '3': 427431}",417177,3776728,192,6430720,656d18ea36bc9c966a815f35933de41a44265a36bfc78ea4e01a36ce201b74c6,2232330,"[414973, 138038.8, -4108288, 2183168]",0.5258694580006704,C,12390616,"[472172, 10207448, 2232330, -2347008, 0]",seed,/Users/futaoran/Desktop/华为杯2026/2026参赛工作区/2026华为杯idea冻结工作区/实验数据/v7_fast_equiv_20260927_0030,2183168,AI_VERIFIED
7983104,root1:v7_fast_equiv_20260927_0030,0.0,0,0,0.0,0,0,0,0,,0,0,0,L1_base,case_074,10576088,5,0,0,10576088,176269,0.6197037919991999,mps,10575896,358496,"{'0': 358340, '1': 358496, '2': 350690, '3': 354041, '4': 356277}",337275,3776728,192,6799360,cc013f3e5b1108272d5ef0f6c8c9183b5cb8c8149dc796528451ee1ba1bd7e31,733184,"[376189, 11759832, 1183744]",0.4793815419998282,A,11759832,"[358496, 10576088, 733184, 0, 0]",legacy_seed,/Users/futaoran/Desktop/华为杯2026/2026参赛工作区/2026华为杯idea冻结工作区/实验数据/v7_fast_equiv_20260927_0030,1183744,AI_VERIFIED
21100142,root1:v7_fast_equiv_20260927_0030,0.0,0,0,0.0,0,0,0,0,,0,0,0,L3_base,case_074,24311602,5,9683756,9683756,24311602,405194,1.0118494580001425,mps,4943898,405194,"{'0': 351769, '1': 352815, '2': 355811, '3': 357729, '4': 359720}",766561,3776728,192,20534874,3ccf39b9d90a97752a55721cffd00e785cd018b20d470f8dd4c1c03865819f70,208934,"[655855, 24876870, 565268]",0.8858659170000465,B,24876870,"[405194, 24311602, 208934, 0, 0]",legacy_seed,/Users/futaoran/Desktop/华为杯2026/2026参赛工作区/2026华为杯idea冻结工作区/实验数据/v7_fast_equiv_20260927_0030,565268,AI_VERIFIED
8667136,root1:v7_fast_equiv_20260927_0030,49807.36,3497984,756,0.28110544861677483,8945688,1054,11108376,1810,,0,3932160,15729,C1_base,case_074,11108568,5,0,0,7176408,119607,0.5330476670005737,mps,11108376,406294,"{'0': 406294, '1': 358496, '2': 342910, '3': 329543, '4': 340601}",368460,3776728,192,7331840,e0e75d468edc907ab05f052642a6518fe917872248700daea19c3fe807b1b26b,1355788,"[360684, 147800.93333333332, -3575808, 1335296]",0.4587745829994674,C,12443864,"[406294, 11108568, 1355788, -3932160, 0]",seed,/Users/futaoran/Desktop/华为杯2026/2026参赛工作区/2026华为杯idea冻结工作区/实验数据/v7_fast_equiv_20260927_0030,1335296,AI_VERIFIED
