baseline_makespan,batch,cache_hit_bytes,cache_hit_rate,cache_miss_bytes,case,cores,evaluated_hit_candidate_count,fastest_hit_bytes,fastest_hit_candidate,fastest_hit_makespan,final_added_copy_bytes,final_candidate,final_evaluation_seconds,final_makespan,final_original_graph_copy_bytes,final_partition_added_copy_bytes,final_plan_sha256,final_profile_seconds,final_scheduled_copy_bytes,final_source,final_spill_added_copy_bytes,initial_added_copy_bytes,initial_cache_hit_bytes,initial_cache_hit_rate,initial_cache_miss_bytes,initial_candidate,initial_makespan,initial_plan_sha256,initial_profile_seconds,initial_source,initial_speedup_vs_baseline,initial_to_final_delta_cycles,initial_to_final_relative_gain,longest_path_cycles,lower_bound_cycles,lower_bound_ratio,max_hit_bytes,max_hit_candidate,pipe_m_cycles,pipe_v_cycles,scene,speedup_vs_baseline,status,zero_hit_final_with_hit_alternative
233110.0,root1:batch_16,0,0,0,case_001,1,0.0,0.0,,nan,0.0,A0_base,nan,233110.0,1639552.0,0.0,64d6f2b297b709b570b8b55d1d194fec38860aedf63c11aaf60cc64933d51970,nan,1639552.0,,0.0,0.0,0,0,0,A0_base,233110.0,64d6f2b297b709b570b8b55d1d194fec38860aedf63c11aaf60cc64933d51970,nan,,1.0,0.0,0.0,1316.0,27325.866666666665,8.530744983995628,0.0,,0.0,0.0,A,1.0,AI_VERIFIED,False
233110.0,root1:batch_16,0,0,0,case_001,1,0.0,0.0,,nan,0.0,B0_base,nan,233110.0,1639552.0,0.0,64d6f2b297b709b570b8b55d1d194fec38860aedf63c11aaf60cc64933d51970,nan,1639552.0,,0.0,0.0,0,0,0,B0_base,233110.0,64d6f2b297b709b570b8b55d1d194fec38860aedf63c11aaf60cc64933d51970,nan,,1.0,0.0,0.0,1316.0,27325.866666666665,8.530744983995628,0.0,,0.0,0.0,B,1.0,AI_VERIFIED,False
233110.0,root1:batch_16,0.0,0.0,820352.0,case_001,1,0.0,0.0,,nan,0.0,incumbent_base,0.11626212500050315,233110.0,1639552.0,0.0,64d6f2b297b709b570b8b55d1d194fec38860aedf63c11aaf60cc64933d51970,0.11581491700053448,1639552.0,incumbent,0.0,0.0,0.0,0.0,820352.0,incumbent_base,233110.0,64d6f2b297b709b570b8b55d1d194fec38860aedf63c11aaf60cc64933d51970,0.11581491700053448,incumbent,1.0,0.0,0.0,1316.0,27325.866666666665,8.530744983995628,0.0,,0.0,0.0,C,1.0,AI_VERIFIED,False
233110.0,root1:batch_16,0,0,0,case_001,2,0.0,0.0,,nan,1152.0,A1_base,nan,116868.0,1639552.0,1152.0,fc7d4c6b099f9a509b58372974ca9b35bfd7db996285481d33b9f846e2c8cf38,nan,1640704.0,,0.0,0.0,0,0,0,A0_base,233110.0,2a09b768aae206d6feff7bbb61ea7e20eb60d4557e8511c2498cbfddb474a8c2,nan,,1.0,116242.0,0.49865728625970573,1316.0,27325.866666666665,4.276826840502772,0.0,,0.0,0.0,A,1.9946435294520313,AI_VERIFIED,False
233110.0,root1:batch_16,0,0,0,case_001,2,0.0,0.0,,nan,1152.0,B1_base,nan,116868.0,1639552.0,1152.0,fc7d4c6b099f9a509b58372974ca9b35bfd7db996285481d33b9f846e2c8cf38,nan,1640704.0,,0.0,0.0,0,0,0,B0_base,233110.0,2a09b768aae206d6feff7bbb61ea7e20eb60d4557e8511c2498cbfddb474a8c2,nan,,1.0,116242.0,0.49865728625970573,1316.0,27325.866666666665,4.276826840502772,0.0,,0.0,0.0,B,1.9946435294520313,AI_VERIFIED,False
233110.0,root1:batch_16,0.0,0.0,821504.0,case_001,2,0.0,0.0,,nan,1152.0,incumbent_base,nan,116868.0,1639552.0,1152.0,fc7d4c6b099f9a509b58372974ca9b35bfd7db996285481d33b9f846e2c8cf38,nan,1640704.0,,0.0,1152.0,0.0,0.0,821504.0,incumbent_base,116868.0,fc7d4c6b099f9a509b58372974ca9b35bfd7db996285481d33b9f846e2c8cf38,nan,,1.9946435294520313,0.0,0.0,1316.0,27325.866666666665,4.276826840502772,0.0,,0.0,0.0,C,1.9946435294520313,AI_VERIFIED,False
233110.0,root1:batch_16,0,0,0,case_001,3,0.0,0.0,,nan,2304.0,A1_base,nan,78545.0,1639552.0,2304.0,037717ddda462b41200b189c3cc49d60b005dcd00cfc8a0b57c9e3a76ed30182,nan,1641856.0,,0.0,0.0,0,0,0,A0_base,233110.0,55a778f8bd5c29a0972cea53dceb233667785a89937cd2589d5ea62bec395038,nan,,1.0,154565.0,0.6630560679507529,1316.0,27325.866666666665,2.874382758216879,0.0,,0.0,0.0,A,2.9678528232223567,AI_VERIFIED,False
233110.0,root1:batch_16,0,0,0,case_001,3,0.0,0.0,,nan,2304.0,B1_base,nan,78545.0,1639552.0,2304.0,037717ddda462b41200b189c3cc49d60b005dcd00cfc8a0b57c9e3a76ed30182,nan,1641856.0,,0.0,0.0,0,0,0,B0_base,233110.0,55a778f8bd5c29a0972cea53dceb233667785a89937cd2589d5ea62bec395038,nan,,1.0,154565.0,0.6630560679507529,1316.0,27325.866666666665,2.874382758216879,0.0,,0.0,0.0,B,2.9678528232223567,AI_VERIFIED,False
233110.0,root1:batch_16,0.0,0.0,822656.0,case_001,3,0.0,0.0,,nan,2304.0,incumbent_base,nan,78545.0,1639552.0,2304.0,037717ddda462b41200b189c3cc49d60b005dcd00cfc8a0b57c9e3a76ed30182,nan,1641856.0,,0.0,2304.0,0.0,0.0,822656.0,incumbent_base,78545.0,037717ddda462b41200b189c3cc49d60b005dcd00cfc8a0b57c9e3a76ed30182,nan,,2.9678528232223567,0.0,0.0,1316.0,27325.866666666665,2.874382758216879,0.0,,0.0,0.0,C,2.9678528232223567,AI_VERIFIED,False
233110.0,root1:batch_16,0,0,0,case_001,4,0.0,0.0,,nan,3456.0,A1_base,nan,58984.0,1639552.0,3456.0,3ddd1070a59b500fd6ce5eec28f04a65ce82edb170caa33b50a06137ea49146d,nan,1643008.0,,0.0,0.0,0,0,0,A0_base,233110.0,b5e610e6ca6d0a4d4d54716f27c388182aa5e86b7b82dd6ac82a5af3c3a5f139,nan,,1.0,174126.0,0.7469692419887607,1316.0,27325.866666666665,2.1585408697009916,0.0,,0.0,0.0,A,3.952088702020887,AI_VERIFIED,False
233110.0,root1:batch_16,0,0,0,case_001,4,0.0,0.0,,nan,3456.0,B1_base,nan,58984.0,1639552.0,3456.0,3ddd1070a59b500fd6ce5eec28f04a65ce82edb170caa33b50a06137ea49146d,nan,1643008.0,,0.0,0.0,0,0,0,B0_base,233110.0,b5e610e6ca6d0a4d4d54716f27c388182aa5e86b7b82dd6ac82a5af3c3a5f139,nan,,1.0,174126.0,0.7469692419887607,1316.0,27325.866666666665,2.1585408697009916,0.0,,0.0,0.0,B,3.952088702020887,AI_VERIFIED,False
233110.0,root1:batch_16,0.0,0.0,823808.0,case_001,4,0.0,0.0,,nan,3456.0,incumbent_base,nan,58984.0,1639552.0,3456.0,3ddd1070a59b500fd6ce5eec28f04a65ce82edb170caa33b50a06137ea49146d,nan,1643008.0,,0.0,3456.0,0.0,0.0,823808.0,incumbent_base,58984.0,3ddd1070a59b500fd6ce5eec28f04a65ce82edb170caa33b50a06137ea49146d,nan,,3.952088702020887,0.0,0.0,1316.0,27325.866666666665,2.1585408697009916,0.0,,0.0,0.0,C,3.952088702020887,AI_VERIFIED,False
233110.0,root1:batch_16,0,0,0,case_001,5,0.0,0.0,,nan,4608.0,A1_base,nan,47502.0,1639552.0,4608.0,8bbb5cdc53db45251b1d0840f587de58fd1d232ff41cadc1bab3b9d244fbe497,nan,1644160.0,,0.0,0.0,0,0,0,A0_base,233110.0,3cb96911ec6cbc5122786637040ecf2c1c0796c44466a1b1408d3e452bf1556d,nan,,1.0,185608.0,0.7962249581742525,1316.0,27325.866666666665,1.738352915918495,0.0,,0.0,0.0,A,4.9073723211654245,AI_VERIFIED,False
233110.0,root1:batch_16,0,0,0,case_001,5,0.0,0.0,,nan,4608.0,B1_base,nan,47502.0,1639552.0,4608.0,8bbb5cdc53db45251b1d0840f587de58fd1d232ff41cadc1bab3b9d244fbe497,nan,1644160.0,,0.0,0.0,0,0,0,B0_base,233110.0,3cb96911ec6cbc5122786637040ecf2c1c0796c44466a1b1408d3e452bf1556d,nan,,1.0,185608.0,0.7962249581742525,1316.0,27325.866666666665,1.738352915918495,0.0,,0.0,0.0,B,4.9073723211654245,AI_VERIFIED,False
233110.0,root1:batch_16,0.0,0.0,824960.0,case_001,5,0.0,0.0,,nan,4608.0,incumbent_base,nan,47502.0,1639552.0,4608.0,8bbb5cdc53db45251b1d0840f587de58fd1d232ff41cadc1bab3b9d244fbe497,nan,1644160.0,,0.0,4608.0,0.0,0.0,824960.0,incumbent_base,47502.0,8bbb5cdc53db45251b1d0840f587de58fd1d232ff41cadc1bab3b9d244fbe497,nan,,4.9073723211654245,0.0,0.0,1316.0,27325.866666666665,1.738352915918495,0.0,,0.0,0.0,C,4.9073723211654245,AI_VERIFIED,False
261945.0,root1:batch_05,0,0,0,case_002,1,0.0,0.0,,nan,0.0,A0_base,nan,261945.0,1224192.0,0.0,9ea2961cb0761ffab25876943b4d07b7bce76d5ae992463dcafc6a35067694e6,nan,1224192.0,,0.0,0.0,0,0,0,A0_base,261945.0,9ea2961cb0761ffab25876943b4d07b7bce76d5ae992463dcafc6a35067694e6,nan,,1.0,0.0,0.0,2976.0,20403.2,12.838427305520701,0.0,,0.0,0.0,A,1.0,AI_VERIFIED,False
261945.0,root1:batch_05,0,0,0,case_002,1,0.0,0.0,,nan,2311680.0,B3_base,0.39511166699958267,260509.0,1224192.0,0.0,b65bba2214ff2963322aa79df3184dbcd519eba334242af97507baa02291c1b2,0.39059337500111724,3535872.0,seed,2311680.0,0.0,0,0,0,B0_base,261945.0,9ea2961cb0761ffab25876943b4d07b7bce76d5ae992463dcafc6a35067694e6,nan,,1.0,1436.0,0.0054820668460936455,2976.0,20403.2,12.768046188833123,0.0,,0.0,0.0,B,1.0055122855640304,AI_VERIFIED,False
261945.0,root1:batch_05,1179648.0,0.37888505180069065,1933824.0,case_002,1,1.0,1179648.0,incumbent_base,254213.0,2311680.0,incumbent_base,nan,254213.0,1224192.0,0.0,b65bba2214ff2963322aa79df3184dbcd519eba334242af97507baa02291c1b2,nan,3535872.0,,2311680.0,2311680.0,1179648.0,0.37888505180069065,1933824.0,incumbent_base,254213.0,b65bba2214ff2963322aa79df3184dbcd519eba334242af97507baa02291c1b2,nan,,1.0304154390216078,0.0,0.0,2976.0,20403.2,12.459467142409034,1179648.0,incumbent_base,0.0,0.0,C,1.0304154390216078,AI_VERIFIED,False
261945.0,root1:batch_05,0,0,0,case_002,2,0.0,0.0,,nan,5776896.0,A3_base,0.46856858400133206,230910.0,1224192.0,5776896.0,eae51e0cb63a8a00da13cf636e13c61c0959b77b6220ac84e91da89e472e24e2,0.346589667000444,7001088.0,seed,0.0,0.0,0,0,0,A0_base,261945.0,89630d9e3aebe8f0b8371459deefb9de34d1888ed5a2c1c623c5aa1c6a13a7ed,nan,,1.0,31035.0,0.11847907003378572,2976.0,20403.2,11.317342377666249,0.0,,0.0,0.0,A,1.1344030141613615,AI_VERIFIED,False
261945.0,root1:batch_05,0,0,0,case_002,2,0.0,0.0,,nan,3614208.0,B3_base,0.42009012500056997,165091.0,1224192.0,3110400.0,91099e6689fcb130f0ff27ee088b471bc806dc7574b252cb453696d641f6d958,0.39488395799889986,4838400.0,seed,503808.0,0.0,0,0,0,B0_base,261945.0,89630d9e3aebe8f0b8371459deefb9de34d1888ed5a2c1c623c5aa1c6a13a7ed,nan,,1.0,96854.0,0.3697493748687702,2976.0,20403.2,8.091426835006272,0.0,,0.0,0.0,B,1.5866703817894374,AI_VERIFIED,False
261945.0,root1:batch_05,677376.0,0.18306351183063513,3022848.0,case_002,2,3.0,677376.0,incumbent_aggregate,164754.0,3614208.0,incumbent_aggregate,0.508586333000494,164754.0,1224192.0,3110400.0,3f41182e271f72c18619f59e4139dd6cc23ddaeb8ea5a205c510c035ff4f57a2,0.4257211249987449,4838400.0,aggregate,503808.0,3614208.0,677376.0,0.18306351183063513,3022848.0,incumbent_base,164754.0,91099e6689fcb130f0ff27ee088b471bc806dc7574b252cb453696d641f6d958,nan,,1.5899158745766415,0.0,0.0,2976.0,20403.2,8.074909818067754,1179648.0,lower_core_base,0.0,0.0,C,1.5899158745766415,AI_VERIFIED,False
261945.0,root1:batch_05,0,0,0,case_002,3,0.0,0.0,,nan,594432.0,L2_base,0.26319183300074656,173068.0,1224192.0,594432.0,b29193508e94a222199522840faf94bc367c38f009f2fb999f66d5bac7021a2a,0.17538512499959324,1818624.0,legacy_seed,0.0,0.0,0,0,0,A0_base,261945.0,d9c2ef8be7d9c89b7c69670ff3c3bbc4813c7a932151548830988c20115f9a95,nan,,1.0,88877.0,0.339296417186814,2976.0,20403.2,8.482394918444164,0.0,,0.0,0.0,A,1.5135380312940578,AI_VERIFIED,False
261945.0,root1:batch_05,0,0,0,case_002,3,0.0,0.0,,nan,4211712.0,B3_base,0.5408411669995985,131349.0,1224192.0,4211712.0,b3d36dff0a8274bc1ade7f977079e908a2d2e7d86c645145f8a621bf5ffe399a,0.5259270000005927,5435904.0,seed,0.0,0.0,0,0,0,B0_base,261945.0,d9c2ef8be7d9c89b7c69670ff3c3bbc4813c7a932151548830988c20115f9a95,nan,,1.0,130596.0,0.49856267537078397,2976.0,20403.2,6.437666640526976,0.0,,0.0,0.0,B,1.9942671813260855,AI_VERIFIED,False
261945.0,root1:batch_05,640512.0,0.15664913598797897,3448320.0,case_002,3,3.0,640512.0,r3_merge_g12_7,127539.0,4294656.0,r3_merge_g12_7,0.6372618749992398,127539.0,1224192.0,4294656.0,5c5efeca25b7710302a9800634801f1aa00d6f1b81e5027db114c59dbbdb8b46,0.4683827079988987,5518848.0,ordinary_chain,0.0,4211712.0,640512.0,0.15916030534351144,3383808.0,incumbent_base,131327.0,b3d36dff0a8274bc1ade7f977079e908a2d2e7d86c645145f8a621bf5ffe399a,nan,,1.99460126249743,3788.0,0.02884403054969656,2976.0,20403.2,6.250931226474278,677376.0,lower_core_base,0.0,0.0,C,2.0538423541034505,AI_VERIFIED,False
261945.0,root1:batch_05,0,0,0,case_002,4,0.0,0.0,,nan,594432.0,incumbent_base,nan,173068.0,1224192.0,594432.0,042422c8f8f754b159832f459853d12340561b3a463a7a68791cffc63c648565,nan,1818624.0,,0.0,0.0,0,0,0,A0_base,261945.0,196f60138fb714f16445cb9be881c6151fe722276c560913947943555f6af2fb,nan,,1.0,88877.0,0.339296417186814,2976.0,20403.2,8.482394918444164,0.0,,0.0,0.0,A,1.5135380312940578,AI_VERIFIED,False
261945.0,root1:batch_05,0,0,0,case_002,4,0.0,0.0,,nan,3930624.0,B3_base,0.6939356250004494,122326.0,1224192.0,3930624.0,741aa085fa609c60315181c62a1079b5e9a1bb1932405c2207b475cbf01e2294,0.5199724579997564,5154816.0,seed,0.0,0.0,0,0,0,B0_base,261945.0,196f60138fb714f16445cb9be881c6151fe722276c560913947943555f6af2fb,nan,,1.0,139619.0,0.5330088377331119,2976.0,20403.2,5.995432089084065,0.0,,0.0,0.0,B,2.1413681474093815,AI_VERIFIED,False
261945.0,root1:batch_05,387072.0,0.10709732256693583,3227136.0,case_002,4,3.0,387072.0,incumbent_aggregate,119922.0,3930624.0,incumbent_aggregate,0.6745814160003647,119922.0,1224192.0,3930624.0,bc4f5884b63f47a1c0565ee4f48256c7ae2e3ae9897757ff1d70eaa8b8faa42d,0.5376797919998353,5154816.0,aggregate,0.0,3930624.0,396288.0,0.10964725881852953,3217920.0,incumbent_base,120380.0,741aa085fa609c60315181c62a1079b5e9a1bb1932405c2207b475cbf01e2294,nan,,2.1759843827878385,458.0,0.003804618707426483,2976.0,20403.2,5.87760743412798,640512.0,lower_core_base,0.0,0.0,C,2.1842947916145494,AI_VERIFIED,False
261945.0,root1:batch_05,0,0,0,case_002,5,0.0,0.0,,nan,700416.0,L2_base,0.37757137500011595,128412.0,1224192.0,700416.0,0bcf374181b51e6dc40cb0d4f326d50e81a4ca07eac4ad6bcd64559c69f0c1df,0.29424729099991964,1924608.0,legacy_seed,0.0,0.0,0,0,0,A0_base,261945.0,d2461fc04aee470915e433ef02ffe477fb2123a652e74c57fc35458cccf1f0eb,nan,,1.0,133533.0,0.5097749527572581,2976.0,20403.2,6.293718632371393,0.0,,0.0,0.0,A,2.0398794505186433,AI_VERIFIED,False
261945.0,root1:batch_05,0,0,0,case_002,5,0.0,0.0,,nan,4024320.0,B3_base,0.8416736250001122,111678.0,1224192.0,4024320.0,6227e01a51e759646ebe55217f3db8a1c93da5ef9475516846c6ea1fa515377e,0.7010231660005957,5248512.0,seed,0.0,0.0,0,0,0,B0_base,261945.0,d2461fc04aee470915e433ef02ffe477fb2123a652e74c57fc35458cccf1f0eb,nan,,1.0,150267.0,0.5736585924526141,2976.0,20403.2,5.473553168130489,0.0,,0.0,0.0,B,2.345538064793424,AI_VERIFIED,False
261945.0,root1:batch_05,396288.0,0.10844892812105927,3257856.0,case_002,5,3.0,396288.0,event_timing_tid_1000000399_miss_2_bytes_9216_core_1,105055.0,4010496.0,event_timing_tid_1000000399_miss_2_bytes_9216_core_1,0.7771924999997282,105055.0,1224192.0,4010496.0,ef74c0f7b26d475a7985b16a9a4b1aa0c199d5db31969d24d1f4d8ab58a584df,0.5401160000001255,5234688.0,event_timing,0.0,4024320.0,373248.0,0.10175879396984924,3294720.0,incumbent_base,108499.0,6227e01a51e759646ebe55217f3db8a1c93da5ef9475516846c6ea1fa515377e,nan,,2.4142618825979962,3444.0,0.031742228038968104,2976.0,20403.2,5.148947223964868,396288.0,event_timing_tid_1000000399_miss_2_bytes_9216_core_1,0.0,0.0,C,2.4934082147446577,AI_VERIFIED,False
602212.0,root1:batch_16,0,0,0,case_003,1,0.0,0.0,,nan,649106.0,L3_base,2.0922287499997765,587919.0,1284264.0,649106.0,6274afe82300c59ee30e929e51267d0e1a1ee5ad658575ccd50baf85c6bc72a0,1.875155541998538,1933370.0,legacy_seed,0.0,0.0,0,0,0,A0_base,602212.0,9884e679c683a418ad5bce02eb776685aa89eae405a0ea2ac9d39fa0029c5abe,nan,,1.0,14293.0,0.023734166705412712,28285.0,28285.0,20.78554003888987,0.0,,0.0,0.0,A,1.0243111721172475,AI_VERIFIED,False
602212.0,root1:batch_16,0,0,0,case_003,1,0.0,0.0,,nan,0.0,L3_base,5.685427832999267,592981.0,1284264.0,0.0,81b979a8a4e1464522101fb8b81a11dfb725065e598ed46684f9e1832c330c1b,5.8800449580012355,1284264.0,legacy_seed,0.0,0.0,0,0,0,B0_base,602212.0,9884e679c683a418ad5bce02eb776685aa89eae405a0ea2ac9d39fa0029c5abe,nan,,1.0,9231.0,0.015328488970661495,28285.0,28285.0,20.964504154145306,0.0,,0.0,0.0,B,1.0155671092328422,AI_VERIFIED,False
602212.0,root1:batch_16,0.0,0.0,1284230.0,case_003,1,0.0,0.0,,nan,0.0,incumbent_split_release_g2_p4,6.333979125000042,591743.0,1284264.0,0.0,427fc06a71f4eef0b3f8a9c995f2a3e04c13f396ace6e2e509b4628a23ce6b1a,5.529945583000881,1284264.0,timing,0.0,0.0,0.0,0.0,1284230.0,incumbent_base,592981.0,81b979a8a4e1464522101fb8b81a11dfb725065e598ed46684f9e1832c330c1b,nan,,1.0155671092328422,1238.0,0.0020877566060295357,28285.0,28285.0,20.920735372105355,0.0,,0.0,0.0,C,1.017691802015402,AI_VERIFIED,False
602212.0,root1:batch_16,0,0,0,case_003,2,0.0,0.0,,nan,98304.0,L1_base,7.025226499999917,538381.0,1284264.0,98304.0,e2150f7e5b18faca8fabbc9d7a3e26b909ab743ccd0fc2be2be48846368840f5,5.883119415999317,1382568.0,legacy_seed,0.0,0.0,0,0,0,A0_base,602212.0,f3758783f8cbddde4946028829c2db67754f67aa1dcaa53784f6cdcca88c6286,nan,,1.0,63831.0,0.1059942345884838,28285.0,28285.0,19.034152377585293,0.0,,0.0,0.0,A,1.1185610190552786,AI_VERIFIED,False
602212.0,root1:batch_16,0,0,0,case_003,2,0.0,0.0,,nan,98304.0,L1_base,6.515702874999988,538381.0,1284264.0,98304.0,e2150f7e5b18faca8fabbc9d7a3e26b909ab743ccd0fc2be2be48846368840f5,7.676529374999518,1382568.0,legacy_seed,0.0,0.0,0,0,0,B0_base,602212.0,f3758783f8cbddde4946028829c2db67754f67aa1dcaa53784f6cdcca88c6286,nan,,1.0,63831.0,0.1059942345884838,28285.0,28285.0,19.034152377585293,0.0,,0.0,0.0,B,1.1185610190552786,AI_VERIFIED,False
602212.0,root1:batch_16,98438.0,0.07025765469987867,1302662.0,case_003,2,2.0,98438.0,r1_split_g0_h0_c1_p0,531381.0,135302.0,r1_split_g0_h0_c1_p0,3.9828887920011766,531381.0,1284264.0,135302.0,e39013b9123e492d2968a4e2a369ccc3b6587ddd782dc5a95de05a842cdd4c8f,3.228211374998864,1419566.0,ordinary_chain,0.0,98304.0,65536.0,0.04740281251672653,1316998.0,incumbent_base,538381.0,e2150f7e5b18faca8fabbc9d7a3e26b909ab743ccd0fc2be2be48846368840f5,nan,,1.1185610190552786,7000.0,0.013001944719445895,28285.0,28285.0,18.78667138059042,98438.0,r1_split_g0_h0_c1_p0,0.0,0.0,C,1.133296071933321,AI_VERIFIED,False
602212.0,root1:batch_16,0,0,0,case_003,3,0.0,0.0,,nan,98304.0,incumbent_base,nan,538381.0,1284264.0,98304.0,ee77ed7329e8963c320675b42103a011a6ac61628835b2d1259862433f48db3d,nan,1382568.0,,0.0,0.0,0,0,0,A0_base,602212.0,9c2e1a668a21dd4e59cdbaefe5b1bf6bfab5655785d19f1528e3cc78c08ec9a6,nan,,1.0,63831.0,0.1059942345884838,28285.0,28285.0,19.034152377585293,0.0,,0.0,0.0,A,1.1185610190552786,AI_VERIFIED,False
602212.0,root1:batch_16,0,0,0,case_003,3,0.0,0.0,,nan,3647050.0,B3_base,4.268349083999055,524210.0,1284264.0,3647050.0,b7f56a3bf8bf8340d89e71b1fb25a49f14ba80658ec3ebfa1e193626439d3aed,5.052888583999447,4931314.0,seed,0.0,0.0,0,0,0,B0_base,602212.0,9c2e1a668a21dd4e59cdbaefe5b1bf6bfab5655785d19f1528e3cc78c08ec9a6,nan,,1.0,78002.0,0.1295258148293292,28285.0,28285.0,18.533144776383242,0.0,,0.0,0.0,B,1.148799145380668,AI_VERIFIED,False
602212.0,root1:batch_16,347016.0,0.10754823641421579,2879592.0,case_003,3,3.0,347016.0,incumbent_disperse_group_tid_1000004544_group_11_core_2_pos_4,522594.0,3579466.0,incumbent_disperse_group_tid_1000004544_group_11_core_2_pos_4,4.497015582999666,522594.0,1284264.0,3579466.0,ef7b5f4544d1307714633cf53abbf3fc7c5db7db652f94751a3af4b4a15903ec,4.1015703749999375,4863730.0,disperse,0.0,3647050.0,388104.0,0.1182926531906074,2892776.0,incumbent_base,524167.0,b7f56a3bf8bf8340d89e71b1fb25a49f14ba80658ec3ebfa1e193626439d3aed,nan,,1.1488933870312323,1573.0,0.003000951986676002,28285.0,28285.0,18.476012020505568,388104.0,incumbent_base,0.0,0.0,C,1.152351538670555,AI_VERIFIED,False
602212.0,root1:batch_16,0,0,0,case_003,4,0.0,0.0,,nan,98304.0,incumbent_base,nan,538381.0,1284264.0,98304.0,9df8a924ebdeed912a3033bfb37400ae65e956cc2035535db149d18045bd7e46,nan,1382568.0,,0.0,0.0,0,0,0,A0_base,602212.0,ef477696cd406e0492d8c56e29f98191697eb5a4dbbe7f73f4ca1b1bdae085f3,nan,,1.0,63831.0,0.1059942345884838,28285.0,28285.0,19.034152377585293,0.0,,0.0,0.0,A,1.1185610190552786,AI_VERIFIED,False
602212.0,root1:batch_16,0,0,0,case_003,4,0.0,0.0,,nan,3647050.0,incumbent_base,nan,524210.0,1284264.0,3647050.0,7e8189ea2e6c01211fe2668789433997590eadbcb19facac419a152cb65ec220,nan,4931314.0,,0.0,0.0,0,0,0,B0_base,602212.0,ef477696cd406e0492d8c56e29f98191697eb5a4dbbe7f73f4ca1b1bdae085f3,nan,,1.0,78002.0,0.1295258148293292,28285.0,28285.0,18.533144776383242,0.0,,0.0,0.0,B,1.148799145380668,AI_VERIFIED,False
602212.0,root1:batch_16,347016.0,0.10754823641421579,2879592.0,case_003,4,3.0,347016.0,incumbent_disperse_group_tid_1000004544_group_11_core_2_pos_4,522594.0,3579466.0,incumbent_disperse_group_tid_1000004544_group_11_core_2_pos_4,nan,522594.0,1284264.0,3579466.0,d4b902279bcb42a7ed04d7ad9ba849aa6857fffee669e5d91dafe0d83b969e09,nan,4863730.0,,0.0,3647050.0,388104.0,0.1182926531906074,2892776.0,incumbent_base,524167.0,7e8189ea2e6c01211fe2668789433997590eadbcb19facac419a152cb65ec220,nan,,1.1488933870312323,1573.0,0.003000951986676002,28285.0,28285.0,18.476012020505568,391816.0,event_timing_tid_1000000019_miss_2_bytes_256_core_3,0.0,0.0,C,1.152351538670555,AI_VERIFIED,False
602212.0,root1:batch_16,0,0,0,case_003,5,0.0,0.0,,nan,98304.0,incumbent_base,nan,538381.0,1284264.0,98304.0,eb4c3af4755ec774bce398c15a50a717575f2140bf9ce2ec52c95a1f2a5c74ea,nan,1382568.0,,0.0,0.0,0,0,0,A0_base,602212.0,3bd9bd8ec00207f156b5b349af6623ab8c3e115daef3501b96f4f16e7f26825c,nan,,1.0,63831.0,0.1059942345884838,28285.0,28285.0,19.034152377585293,0.0,,0.0,0.0,A,1.1185610190552786,AI_VERIFIED,False
602212.0,root1:batch_16,0,0,0,case_003,5,0.0,0.0,,nan,5272020.0,B3_base,3.3542152919999353,469702.0,1284264.0,5272020.0,dee9854711f9fac7e8eb9542663e9c8aa4652832d522465c9d118c3571599cc1,3.1749264589998347,6556284.0,seed,0.0,0.0,0,0,0,B0_base,602212.0,3bd9bd8ec00207f156b5b349af6623ab8c3e115daef3501b96f4f16e7f26825c,nan,,1.0,132510.0,0.22003879032633025,28285.0,28285.0,16.6060456072123,0.0,,0.0,0.0,B,1.2821150431550217,AI_VERIFIED,False
602212.0,root1:batch_16,773512.0,0.18288238020030453,3456048.0,case_003,5,2.0,773512.0,incumbent_base,469516.0,5272020.0,incumbent_base,nan,469516.0,1284264.0,5272020.0,dee9854711f9fac7e8eb9542663e9c8aa4652832d522465c9d118c3571599cc1,nan,6556284.0,,0.0,5272020.0,773512.0,0.18288238020030453,3456048.0,incumbent_base,469516.0,dee9854711f9fac7e8eb9542663e9c8aa4652832d522465c9d118c3571599cc1,nan,,1.2826229564061715,0.0,0.0,28285.0,28285.0,16.59946968357787,773512.0,incumbent_base,0.0,0.0,C,1.2826229564061715,AI_VERIFIED,False
392357.0,root1:batch_10,0,0,0,case_004,1,0.0,0.0,,nan,0.0,A0_base,nan,392357.0,792576.0,0.0,2c384cb279beb8e7c1d475033d20417f9be21aae85ba7cd3f27346a871c476f2,nan,792576.0,,0.0,0.0,0,0,0,A0_base,392357.0,2c384cb279beb8e7c1d475033d20417f9be21aae85ba7cd3f27346a871c476f2,nan,,1.0,0.0,0.0,2748.0,13209.6,29.70241339631783,0.0,,0.0,0.0,A,1.0,AI_VERIFIED,False
392357.0,root1:batch_10,0,0,0,case_004,1,0.0,0.0,,nan,2049024.0,B2_base,0.17437633299959998,392195.0,792576.0,0.0,58746e35687445a98fb1e20c6f8b6eca7be238cdcf8c0d40fe0f980eb0c21be3,0.13017041700004484,2841600.0,seed,2049024.0,0.0,0,0,0,B0_base,392357.0,2c384cb279beb8e7c1d475033d20417f9be21aae85ba7cd3f27346a871c476f2,nan,,1.0,162.0,0.0004128892819549543,2748.0,13209.6,29.690149588178294,0.0,,0.0,0.0,B,1.0004130598299315,AI_VERIFIED,False
392357.0,root1:batch_10,377856.0,0.22693726937269373,1287168.0,case_004,1,2.0,377856.0,incumbent_split_release_g1_p2,387184.0,2049024.0,incumbent_split_release_g1_p2,0.17604216699874087,387184.0,792576.0,0.0,d2e7028728515736096b7591a0650673a21d87dec3c0cb7a41937b2e0b5af0a9,0.13653374999921652,2841600.0,timing,2049024.0,2049024.0,365568.0,0.22037037037037038,1293312.0,incumbent_base,392195.0,58746e35687445a98fb1e20c6f8b6eca7be238cdcf8c0d40fe0f980eb0c21be3,nan,,1.0004130598299315,5011.0,0.012776807455474956,2748.0,13209.6,29.310804263565892,377856.0,incumbent_split_release_g1_p2,0.0,0.0,C,1.01336057275094,AI_VERIFIED,False
392357.0,root1:batch_10,0,0,0,case_004,2,0.0,0.0,,nan,110592.0,A1_base,nan,199074.0,792576.0,110592.0,42e350599121a4269d0d2c5552f040e041660f8eabf6294ef20614c34c5a18e0,nan,903168.0,,0.0,0.0,0,0,0,A0_base,392357.0,f5563483bdbf21b55bd6bc8d6b38fc216e17c1a6b80a1a4acdac49a353250dd1,nan,,1.0,193283.0,0.492620241259873,2748.0,13209.6,15.070403343023255,0.0,,0.0,0.0,A,1.9709103147573264,AI_VERIFIED,False
392357.0,root1:batch_10,0,0,0,case_004,2,0.0,0.0,,nan,110592.0,B1_base,nan,199074.0,792576.0,110592.0,42e350599121a4269d0d2c5552f040e041660f8eabf6294ef20614c34c5a18e0,nan,903168.0,,0.0,0.0,0,0,0,B0_base,392357.0,f5563483bdbf21b55bd6bc8d6b38fc216e17c1a6b80a1a4acdac49a353250dd1,nan,,1.0,193283.0,0.492620241259873,2748.0,13209.6,15.070403343023255,0.0,,0.0,0.0,B,1.9709103147573264,AI_VERIFIED,False
392357.0,root1:batch_10,0.0,0.0,562176.0,case_004,2,1.0,377856.0,lower_core_base,387184.0,110592.0,incumbent_base,nan,199074.0,792576.0,110592.0,42e350599121a4269d0d2c5552f040e041660f8eabf6294ef20614c34c5a18e0,nan,903168.0,,0.0,110592.0,0.0,0.0,562176.0,incumbent_base,199074.0,42e350599121a4269d0d2c5552f040e041660f8eabf6294ef20614c34c5a18e0,nan,,1.9709103147573264,0.0,0.0,2748.0,13209.6,15.070403343023255,377856.0,lower_core_base,0.0,0.0,C,1.9709103147573264,AI_VERIFIED,True
392357.0,root1:batch_10,0,0,0,case_004,3,0.0,0.0,,nan,221184.0,A1_base,nan,134043.0,792576.0,221184.0,36d272947bc88a2de6a1dfd945787406df8ec62943a5da88b9b14cac98ed576f,nan,1013760.0,,0.0,0.0,0,0,0,A0_base,392357.0,09cc83d6f70793ad20c67ce15869c71f2393c44d23c0499f528c124411610203,nan,,1.0,258314.0,0.6583647035735313,2748.0,13209.6,10.147392805232558,0.0,,0.0,0.0,A,2.927098020784375,AI_VERIFIED,False
392357.0,root1:batch_10,0,0,0,case_004,3,0.0,0.0,,nan,221184.0,B1_base,nan,134043.0,792576.0,221184.0,36d272947bc88a2de6a1dfd945787406df8ec62943a5da88b9b14cac98ed576f,nan,1013760.0,,0.0,0.0,0,0,0,B0_base,392357.0,09cc83d6f70793ad20c67ce15869c71f2393c44d23c0499f528c124411610203,nan,,1.0,258314.0,0.6583647035735313,2748.0,13209.6,10.147392805232558,0.0,,0.0,0.0,B,2.927098020784375,AI_VERIFIED,False
392357.0,root1:batch_10,0.0,0.0,672768.0,case_004,3,0.0,0.0,,nan,221184.0,incumbent_base,nan,134043.0,792576.0,221184.0,36d272947bc88a2de6a1dfd945787406df8ec62943a5da88b9b14cac98ed576f,nan,1013760.0,,0.0,221184.0,0.0,0.0,672768.0,incumbent_base,134043.0,36d272947bc88a2de6a1dfd945787406df8ec62943a5da88b9b14cac98ed576f,nan,,2.927098020784375,0.0,0.0,2748.0,13209.6,10.147392805232558,0.0,,0.0,0.0,C,2.927098020784375,AI_VERIFIED,False
392357.0,root1:batch_10,0,0,0,case_004,4,0.0,0.0,,nan,331776.0,A1_base,nan,104188.0,792576.0,331776.0,b726b2c812a2b323ad4fcead47fc34ce890e6d9eb43b2a79131b69c8c645d059,nan,1124352.0,,0.0,0.0,0,0,0,A0_base,392357.0,3bdd3dd2cc171766dfa83d509c1f09afd04a0029b77207e50ff88506324215bb,nan,,1.0,288169.0,0.7344561203189952,2748.0,13209.6,7.887294089147287,0.0,,0.0,0.0,A,3.765855952700887,AI_VERIFIED,False
392357.0,root1:batch_10,0,0,0,case_004,4,0.0,0.0,,nan,331776.0,B1_base,nan,104188.0,792576.0,331776.0,b726b2c812a2b323ad4fcead47fc34ce890e6d9eb43b2a79131b69c8c645d059,nan,1124352.0,,0.0,0.0,0,0,0,B0_base,392357.0,3bdd3dd2cc171766dfa83d509c1f09afd04a0029b77207e50ff88506324215bb,nan,,1.0,288169.0,0.7344561203189952,2748.0,13209.6,7.887294089147287,0.0,,0.0,0.0,B,3.765855952700887,AI_VERIFIED,False
392357.0,root1:batch_10,0.0,0.0,783360.0,case_004,4,0.0,0.0,,nan,331776.0,incumbent_base,nan,104188.0,792576.0,331776.0,b726b2c812a2b323ad4fcead47fc34ce890e6d9eb43b2a79131b69c8c645d059,nan,1124352.0,,0.0,331776.0,0.0,0.0,783360.0,incumbent_base,104188.0,b726b2c812a2b323ad4fcead47fc34ce890e6d9eb43b2a79131b69c8c645d059,nan,,3.765855952700887,0.0,0.0,2748.0,13209.6,7.887294089147287,0.0,,0.0,0.0,C,3.765855952700887,AI_VERIFIED,False
392357.0,root1:batch_10,0,0,0,case_004,5,0.0,0.0,,nan,442368.0,A1_base,nan,88341.0,792576.0,442368.0,c29c478ab175fdbeee8fa1af08fbae48f7d861be9221d298c468b246093763c8,nan,1234944.0,,0.0,0.0,0,0,0,A0_base,392357.0,5199c720dffcc77f628f83c61c341ac0266b0ba5b4b4838587a4a7aac23ca5a9,nan,,1.0,304016.0,0.7748453576717123,2748.0,13209.6,6.687636264534883,0.0,,0.0,0.0,A,4.441391879195391,AI_VERIFIED,False
392357.0,root1:batch_10,0,0,0,case_004,5,0.0,0.0,,nan,442368.0,B1_base,nan,88341.0,792576.0,442368.0,c29c478ab175fdbeee8fa1af08fbae48f7d861be9221d298c468b246093763c8,nan,1234944.0,,0.0,0.0,0,0,0,B0_base,392357.0,5199c720dffcc77f628f83c61c341ac0266b0ba5b4b4838587a4a7aac23ca5a9,nan,,1.0,304016.0,0.7748453576717123,2748.0,13209.6,6.687636264534883,0.0,,0.0,0.0,B,4.441391879195391,AI_VERIFIED,False
392357.0,root1:batch_10,190464.0,0.20875420875420875,721920.0,case_004,5,1.0,190464.0,r2_boundary_n6_c2_p0,86005.0,473088.0,r2_boundary_n6_c2_p0,0.10666300000048068,86005.0,792576.0,473088.0,8c903142d72445f0180d46e74a7f8a2b5df34f639f6ce369ad7df75665be82de,0.10829374999957508,1265664.0,ordinary_chain,0.0,442368.0,0.0,0.0,893952.0,incumbent_base,88341.0,c29c478ab175fdbeee8fa1af08fbae48f7d861be9221d298c468b246093763c8,nan,,4.441391879195391,2336.0,0.026442987967082103,2748.0,13209.6,6.510795179263566,190464.0,r2_boundary_n6_c2_p0,0.0,0.0,C,4.562025463635835,AI_VERIFIED,False
95618.0,root1:batch_13,0,0,0,case_005,1,0.0,0.0,,nan,0.0,A0_base,nan,95618.0,333414.0,0.0,f5ef7fed6dfc1dcefef4ff6e9f93c69f9c8700ae9023887c297987bd655cab19,nan,333414.0,,0.0,0.0,0,0,0,A0_base,95618.0,f5ef7fed6dfc1dcefef4ff6e9f93c69f9c8700ae9023887c297987bd655cab19,nan,,1.0,0.0,0.0,6894.0,6894.0,13.869741804467653,0.0,,0.0,0.0,A,1.0,AI_VERIFIED,False
95618.0,root1:batch_13,0,0,0,case_005,1,0.0,0.0,,nan,0.0,B3_base,0.8010150419995625,93310.0,333414.0,0.0,da482fa1ba38fb842dda063c752751b8693d0b0f714595779788777b15d3cf9a,0.8008325840000907,333414.0,seed,0.0,0.0,0,0,0,B0_base,95618.0,f5ef7fed6dfc1dcefef4ff6e9f93c69f9c8700ae9023887c297987bd655cab19,nan,,1.0,2308.0,0.024137714656236275,6894.0,6894.0,13.534957934435742,0.0,,0.0,0.0,B,1.0247347551173507,AI_VERIFIED,False
95618.0,root1:batch_13,0.0,0.0,318822.0,case_005,1,0.0,0.0,,nan,0.0,incumbent_aggregate,0.7594623330005561,93171.0,333414.0,0.0,b485f9b5e9e46b3ca14a36c52d6e3e2253f4b00074aec454991287aebd5dac65,0.8050288340000407,333414.0,aggregate,0.0,0.0,0.0,0.0,318822.0,incumbent_base,93310.0,da482fa1ba38fb842dda063c752751b8693d0b0f714595779788777b15d3cf9a,nan,,1.0247347551173507,139.0,0.0014896581288179188,6894.0,6894.0,13.514795474325501,0.0,,0.0,0.0,C,1.026263536937459,AI_VERIFIED,False
95618.0,root1:batch_13,0,0,0,case_005,2,0.0,0.0,,nan,0.0,A0_base,nan,95618.0,333414.0,0.0,5418b918dfe588bdf36fbee04df5a7961639b246a7cb980d39f0d3d7776d483a,nan,333414.0,,0.0,0.0,0,0,0,A0_base,95618.0,5418b918dfe588bdf36fbee04df5a7961639b246a7cb980d39f0d3d7776d483a,nan,,1.0,0.0,0.0,6894.0,6894.0,13.869741804467653,0.0,,0.0,0.0,A,1.0,AI_VERIFIED,False
95618.0,root1:batch_13,0,0,0,case_005,2,0.0,0.0,,nan,0.0,incumbent_base,nan,93310.0,333414.0,0.0,7d835ad5b29fda7c9b2a1df1966b7ef19ebe1607b7118769e75185028a04fd2e,nan,333414.0,,0.0,0.0,0,0,0,B0_base,95618.0,5418b918dfe588bdf36fbee04df5a7961639b246a7cb980d39f0d3d7776d483a,nan,,1.0,2308.0,0.024137714656236275,6894.0,6894.0,13.534957934435742,0.0,,0.0,0.0,B,1.0247347551173507,AI_VERIFIED,False
95618.0,root1:batch_13,23044.0,0.05542060884748029,392758.0,case_005,2,1.0,23044.0,r2_move_g6_c1_p0,93060.0,170916.0,r2_move_g6_c1_p0,0.6577766249993147,93060.0,333414.0,170916.0,edf2832ff9f4389fe97d03076b2aa06f297e37e239a9b66cd7dc48c0532c27bd,0.6545596249998198,504330.0,ordinary_chain,0.0,0.0,0.0,0.0,318822.0,incumbent_base,93310.0,7d835ad5b29fda7c9b2a1df1966b7ef19ebe1607b7118769e75185028a04fd2e,nan,,1.0247347551173507,250.0,0.002679241238881149,6894.0,6894.0,13.498694516971279,23044.0,r2_move_g6_c1_p0,0.0,0.0,C,1.0274876423812593,AI_VERIFIED,False
95618.0,root1:batch_13,0,0,0,case_005,3,0.0,0.0,,nan,0.0,A0_base,nan,95618.0,333414.0,0.0,ad8e59e164945756d977f190f728eb597522906b4f5c7db186ca41ca73850eb1,nan,333414.0,,0.0,0.0,0,0,0,A0_base,95618.0,ad8e59e164945756d977f190f728eb597522906b4f5c7db186ca41ca73850eb1,nan,,1.0,0.0,0.0,6894.0,6894.0,13.869741804467653,0.0,,0.0,0.0,A,1.0,AI_VERIFIED,False
95618.0,root1:batch_13,0,0,0,case_005,3,0.0,0.0,,nan,1492040.0,L3_base,0.8291272079986811,88696.0,333414.0,1492040.0,2f33eeb9d2291a8a660c072ea6b9a02b2fbd6f175417499af1fe644f903bb1c0,0.6451500000002852,1825454.0,legacy_seed,0.0,0.0,0,0,0,B0_base,95618.0,ad8e59e164945756d977f190f728eb597522906b4f5c7db186ca41ca73850eb1,nan,,1.0,6922.0,0.07239222740488192,6894.0,6894.0,12.865680301711633,0.0,,0.0,0.0,B,1.0780418508162712,AI_VERIFIED,False
95618.0,root1:batch_13,132008.0,0.1184176768936261,982758.0,case_005,3,3.0,132008.0,incumbent_split_release_g9_p4,86911.0,1492040.0,incumbent_split_release_g9_p4,0.8436700420006673,86911.0,333414.0,1492040.0,5df81b41124e66b2663a94e8fd8532521a1295dd43a5f0101a62f2c91e556223,0.756076875000872,1825454.0,timing,0.0,1492040.0,132008.0,0.1184176768936261,982758.0,incumbent_base,88666.0,2f33eeb9d2291a8a660c072ea6b9a02b2fbd6f175417499af1fe644f903bb1c0,nan,,1.0784066045609366,1755.0,0.019793381905127107,6894.0,6894.0,12.606759501015375,132008.0,incumbent_split_release_g9_p4,0.0,0.0,C,1.1001829457721117,AI_VERIFIED,False
95618.0,root1:batch_13,0,0,0,case_005,4,0.0,0.0,,nan,0.0,A0_base,nan,95618.0,333414.0,0.0,a17a5cf0a3b753c0b8ed61a302cd0b31b2abddf5de4ef710ce7790271031a1b1,nan,333414.0,,0.0,0.0,0,0,0,A0_base,95618.0,a17a5cf0a3b753c0b8ed61a302cd0b31b2abddf5de4ef710ce7790271031a1b1,nan,,1.0,0.0,0.0,6894.0,6894.0,13.869741804467653,0.0,,0.0,0.0,A,1.0,AI_VERIFIED,False
95618.0,root1:batch_13,0,0,0,case_005,4,0.0,0.0,,nan,1492040.0,incumbent_base,nan,88696.0,333414.0,1492040.0,c6c205bcb2a3f122ec8b0b604bce187490f2e9d323fdd036c136de7cbddcb9d4,nan,1825454.0,,0.0,0.0,0,0,0,B0_base,95618.0,a17a5cf0a3b753c0b8ed61a302cd0b31b2abddf5de4ef710ce7790271031a1b1,nan,,1.0,6922.0,0.07239222740488192,6894.0,6894.0,12.865680301711633,0.0,,0.0,0.0,B,1.0780418508162712,AI_VERIFIED,False
95618.0,root1:batch_13,132008.0,0.1184176768936261,982758.0,case_005,4,2.0,132008.0,incumbent_split_release_g4_p4,86911.0,1492040.0,incumbent_split_release_g4_p4,1.3406744160001836,86911.0,333414.0,1492040.0,9984c2671d7a21b6236701465e83243701e7fa9ece32adb85399fe37af7b4e2d,1.0948742079999647,1825454.0,timing,0.0,1492040.0,132008.0,0.1184176768936261,982758.0,incumbent_base,88666.0,c6c205bcb2a3f122ec8b0b604bce187490f2e9d323fdd036c136de7cbddcb9d4,nan,,1.0784066045609366,1755.0,0.019793381905127107,6894.0,6894.0,12.606759501015375,132008.0,incumbent_split_release_g4_p4,0.0,0.0,C,1.1001829457721117,AI_VERIFIED,False
95618.0,root1:batch_13,0,0,0,case_005,5,0.0,0.0,,nan,0.0,A0_base,nan,95618.0,333414.0,0.0,fc4cabc3445636d965dcd8aaf94bd5fcb0eb9c9fd0e623b860874cb3504f5d00,nan,333414.0,,0.0,0.0,0,0,0,A0_base,95618.0,fc4cabc3445636d965dcd8aaf94bd5fcb0eb9c9fd0e623b860874cb3504f5d00,nan,,1.0,0.0,0.0,6894.0,6894.0,13.869741804467653,0.0,,0.0,0.0,A,1.0,AI_VERIFIED,False
95618.0,root1:batch_13,0,0,0,case_005,5,0.0,0.0,,nan,1492040.0,incumbent_base,nan,88696.0,333414.0,1492040.0,71dfdbd0b0253182fdd644305a04dcc965950c9c7f363392506d954b0d383452,nan,1825454.0,,0.0,0.0,0,0,0,B0_base,95618.0,fc4cabc3445636d965dcd8aaf94bd5fcb0eb9c9fd0e623b860874cb3504f5d00,nan,,1.0,6922.0,0.07239222740488192,6894.0,6894.0,12.865680301711633,0.0,,0.0,0.0,B,1.0780418508162712,AI_VERIFIED,False
95618.0,root1:batch_13,132008.0,0.1184176768936261,982758.0,case_005,5,2.0,132008.0,incumbent_split_release_g4_p4,86911.0,1492040.0,incumbent_split_release_g4_p4,0.8733865829999559,86911.0,333414.0,1492040.0,d5a82aaffc551d98eab324b16d9349ffea4eaecda619b2074ca4e95cdc7a6681,0.819860499999777,1825454.0,timing,0.0,1492040.0,132008.0,0.1184176768936261,982758.0,incumbent_base,88666.0,71dfdbd0b0253182fdd644305a04dcc965950c9c7f363392506d954b0d383452,nan,,1.0784066045609366,1755.0,0.019793381905127107,6894.0,6894.0,12.606759501015375,132008.0,incumbent_split_release_g4_p4,0.0,0.0,C,1.1001829457721117,AI_VERIFIED,False
82837.0,root1:batch_07,0,0,0,case_006,1,0.0,0.0,,nan,1229146.0,L3_base,0.1084828330003802,80821.0,543348.0,1229146.0,aeafe53d9abc22cf9a89b11600b239e5bc0e68b105d0d83dae9a9dbbbfab129d,0.06851229200037778,1772494.0,legacy_seed,0.0,16400.0,0,0,0,A0_base,82837.0,d40408d706a30c9406558f5770a0c11a0fe555b6ef3a1bbaaefa0c8d55f32914,nan,,1.0,2016.0,0.024336950879437932,2836.0,9055.8,8.924777490668964,0.0,,0.0,0.0,A,1.0249440120760693,AI_VERIFIED,False
82837.0,root1:batch_07,0,0,0,case_006,1,0.0,0.0,,nan,278560.0,B3_base,0.08191062500009139,73949.0,543348.0,0.0,a3c6cdc7fe8ea279c067752375b79441357ec74830056a2a5a04b58e09ea2b63,0.08322329199836531,821908.0,seed,278560.0,16400.0,0,0,0,B0_base,82837.0,d40408d706a30c9406558f5770a0c11a0fe555b6ef3a1bbaaefa0c8d55f32914,nan,,1.0,8888.0,0.10729504931371248,2836.0,9055.8,8.165926809337662,0.0,,0.0,0.0,B,1.120190942406253,AI_VERIFIED,False
82837.0,root1:batch_07,8192.0,0.011930560410113015,678448.0,case_006,1,3.0,8192.0,incumbent_aggregate,73949.0,278560.0,incumbent_aggregate,0.0704867500007822,73949.0,543348.0,0.0,aa4d2aa2706a60cf550a5048acc0fe3700b8e228796dd1d0ec071393711a50dc,0.08460295800068707,821908.0,aggregate,278560.0,278560.0,8192.0,0.011930560410113015,678448.0,incumbent_base,73949.0,a3c6cdc7fe8ea279c067752375b79441357ec74830056a2a5a04b58e09ea2b63,nan,,1.120190942406253,0.0,0.0,2836.0,9055.8,8.165926809337662,16384.0,C0_base,0.0,0.0,C,1.120190942406253,AI_VERIFIED,False
82837.0,root1:batch_07,0,0,0,case_006,2,0.0,0.0,,nan,56200.0,L1_base,0.06455029100106913,42696.0,543348.0,43904.0,c9d738c97dbd8e72cbed1f1261d5c556fb9868adf80a081f527efa3bcb126b43,0.07043979199988826,599548.0,legacy_seed,12296.0,16400.0,0,0,0,A0_base,82837.0,2db86db97a9bdf445309a27c9ed4c8e9a424689b1ac4816a891d30ddef1d4211,nan,,1.0,40141.0,0.4845781474461895,2836.0,9055.8,4.7147684356986685,0.0,,0.0,0.0,A,1.9401583286490538,AI_VERIFIED,False
82837.0,root1:batch_07,0,0,0,case_006,2,0.0,0.0,,nan,56200.0,L1_base,0.09526775000085763,42696.0,543348.0,43904.0,c9d738c97dbd8e72cbed1f1261d5c556fb9868adf80a081f527efa3bcb126b43,0.08878808400004345,599548.0,legacy_seed,12296.0,16400.0,0,0,0,B0_base,82837.0,2db86db97a9bdf445309a27c9ed4c8e9a424689b1ac4816a891d30ddef1d4211,nan,,1.0,40141.0,0.4845781474461895,2836.0,9055.8,4.7147684356986685,0.0,,0.0,0.0,B,1.9401583286490538,AI_VERIFIED,False
82837.0,root1:batch_07,56192.0,0.09373769726086811,543268.0,case_006,2,5.0,56192.0,incumbent_split_release_g0_p4,41180.0,56200.0,incumbent_split_release_g0_p4,0.0737539999990986,41180.0,543348.0,43904.0,995200c64ffaeab78f3519c4d8c746c20b970bbce75045968e5995e11f5b7225,0.07330374999946798,599548.0,timing,12296.0,56200.0,56192.0,0.09373769726086811,543268.0,incumbent_base,42696.0,c9d738c97dbd8e72cbed1f1261d5c556fb9868adf80a081f527efa3bcb126b43,nan,,1.9401583286490538,1516.0,0.035506839048154396,2836.0,9055.8,4.547361911702997,56192.0,incumbent_split_release_g0_p4,0.0,0.0,C,2.011583292860612,AI_VERIFIED,False
82837.0,root1:batch_07,0,0,0,case_006,3,0.0,0.0,,nan,30080.0,L1_base,0.08182775000022957,31152.0,543348.0,30080.0,4b7cde5ab9e4d7e83597b19de672caaf871fdfbc275c678c3a25927f0a995b14,0.07786024999950314,573428.0,legacy_seed,0.0,16400.0,0,0,0,A0_base,82837.0,b79fb31d2a3248099f2293e25c8d13635ad26d844347d50ee327ae9ec3efba77,nan,,1.0,51685.0,0.6239361637915424,2836.0,9055.8,3.440005300470417,0.0,,0.0,0.0,A,2.659123009758603,AI_VERIFIED,False
82837.0,root1:batch_07,0,0,0,case_006,3,0.0,0.0,,nan,30080.0,L1_base,0.10365133300001617,31152.0,543348.0,30080.0,4b7cde5ab9e4d7e83597b19de672caaf871fdfbc275c678c3a25927f0a995b14,0.05956658300056006,573428.0,legacy_seed,0.0,16400.0,0,0,0,B0_base,82837.0,b79fb31d2a3248099f2293e25c8d13635ad26d844347d50ee327ae9ec3efba77,nan,,1.0,51685.0,0.6239361637915424,2836.0,9055.8,3.440005300470417,0.0,,0.0,0.0,B,2.659123009758603,AI_VERIFIED,False
82837.0,root1:batch_07,30080.0,0.05246414020204275,543264.0,case_006,3,4.0,30080.0,incumbent_base,31152.0,30080.0,incumbent_base,nan,31152.0,543348.0,30080.0,4b7cde5ab9e4d7e83597b19de672caaf871fdfbc275c678c3a25927f0a995b14,nan,573428.0,,0.0,30080.0,30080.0,0.05246414020204275,543264.0,incumbent_base,31152.0,4b7cde5ab9e4d7e83597b19de672caaf871fdfbc275c678c3a25927f0a995b14,nan,,2.659123009758603,0.0,0.0,2836.0,9055.8,3.440005300470417,56192.0,lower_core_base,0.0,0.0,C,2.659123009758603,AI_VERIFIED,False
82837.0,root1:batch_07,0,0,0,case_006,4,0.0,0.0,,nan,30080.0,incumbent_base,nan,31152.0,543348.0,30080.0,57e616007f131a811ea9b3ce4d26dba68cfa39ea174528de592df8f4861841d1,nan,573428.0,,0.0,16400.0,0,0,0,A0_base,82837.0,4f4ba79f286d9559f5b30f8ce964513b8bf5226c8a487ab6d77de82256354c44,nan,,1.0,51685.0,0.6239361637915424,2836.0,9055.8,3.440005300470417,0.0,,0.0,0.0,A,2.659123009758603,AI_VERIFIED,False
82837.0,root1:batch_07,0,0,0,case_006,4,0.0,0.0,,nan,30080.0,incumbent_base,nan,31152.0,543348.0,30080.0,57e616007f131a811ea9b3ce4d26dba68cfa39ea174528de592df8f4861841d1,nan,573428.0,,0.0,16400.0,0,0,0,B0_base,82837.0,4f4ba79f286d9559f5b30f8ce964513b8bf5226c8a487ab6d77de82256354c44,nan,,1.0,51685.0,0.6239361637915424,2836.0,9055.8,3.440005300470417,0.0,,0.0,0.0,B,2.659123009758603,AI_VERIFIED,False
82837.0,root1:batch_07,30080.0,0.05246414020204275,543264.0,case_006,4,3.0,30080.0,incumbent_base,31152.0,30080.0,incumbent_base,nan,31152.0,543348.0,30080.0,57e616007f131a811ea9b3ce4d26dba68cfa39ea174528de592df8f4861841d1,nan,573428.0,,0.0,30080.0,30080.0,0.05246414020204275,543264.0,incumbent_base,31152.0,57e616007f131a811ea9b3ce4d26dba68cfa39ea174528de592df8f4861841d1,nan,,2.659123009758603,0.0,0.0,2836.0,9055.8,3.440005300470417,30080.0,incumbent_base,0.0,0.0,C,2.659123009758603,AI_VERIFIED,False
82837.0,root1:batch_07,0,0,0,case_006,5,0.0,0.0,,nan,30080.0,incumbent_base,nan,31152.0,543348.0,30080.0,275d140a89b43751e8f21a42f52044bc77e1e69b72755249126f3d12654e7fe4,nan,573428.0,,0.0,16400.0,0,0,0,A0_base,82837.0,6d237cbfd3acd87faf1603a97c0f3a46ff08e83151b3adc9b59e65338137433c,nan,,1.0,51685.0,0.6239361637915424,2836.0,9055.8,3.440005300470417,0.0,,0.0,0.0,A,2.659123009758603,AI_VERIFIED,False
82837.0,root1:batch_07,0,0,0,case_006,5,0.0,0.0,,nan,30080.0,incumbent_base,nan,31152.0,543348.0,30080.0,275d140a89b43751e8f21a42f52044bc77e1e69b72755249126f3d12654e7fe4,nan,573428.0,,0.0,16400.0,0,0,0,B0_base,82837.0,6d237cbfd3acd87faf1603a97c0f3a46ff08e83151b3adc9b59e65338137433c,nan,,1.0,51685.0,0.6239361637915424,2836.0,9055.8,3.440005300470417,0.0,,0.0,0.0,B,2.659123009758603,AI_VERIFIED,False
82837.0,root1:batch_07,30080.0,0.05246414020204275,543264.0,case_006,5,3.0,30080.0,incumbent_base,31152.0,30080.0,incumbent_base,nan,31152.0,543348.0,30080.0,275d140a89b43751e8f21a42f52044bc77e1e69b72755249126f3d12654e7fe4,nan,573428.0,,0.0,30080.0,30080.0,0.05246414020204275,543264.0,incumbent_base,31152.0,275d140a89b43751e8f21a42f52044bc77e1e69b72755249126f3d12654e7fe4,nan,,2.659123009758603,0.0,0.0,2836.0,9055.8,3.440005300470417,30080.0,incumbent_base,0.0,0.0,C,2.659123009758603,AI_VERIFIED,False
1012562.0,root1:batch_11,0,0,0,case_007,1,0.0,0.0,,nan,9369600.0,A3_base,1.011920207998628,985964.0,1732608.0,9369600.0,60d435d6d79340688120315cb36817d3607b7fa7626738b67a2ce73ebbc654ea,0.8477421250008774,11102208.0,seed,0.0,0.0,0,0,0,A0_base,1012562.0,2f9f56272856e422f5cfd8c39b111f190a2382aa245cfc036013f67978bbb724,nan,,1.0,26598.0,0.026268021118706804,1632.0,28876.8,34.14381094858156,0.0,,0.0,0.0,A,1.026976644177678,AI_VERIFIED,False
1012562.0,root1:batch_11,0,0,0,case_007,1,0.0,0.0,,nan,0.0,B0_base,nan,1012562.0,1732608.0,0.0,2f9f56272856e422f5cfd8c39b111f190a2382aa245cfc036013f67978bbb724,nan,1732608.0,,0.0,0.0,0,0,0,B0_base,1012562.0,2f9f56272856e422f5cfd8c39b111f190a2382aa245cfc036013f67978bbb724,nan,,1.0,0.0,0.0,1632.0,28876.8,35.06489638741135,0.0,,0.0,0.0,B,1.0,AI_VERIFIED,False
1012562.0,root1:batch_11,0.0,0.0,880128.0,case_007,1,0.0,0.0,,nan,0.0,incumbent_base,0.9082259170008911,1012562.0,1732608.0,0.0,2f9f56272856e422f5cfd8c39b111f190a2382aa245cfc036013f67978bbb724,0.8692152499988879,1732608.0,incumbent,0.0,0.0,0.0,0.0,880128.0,incumbent_base,1012562.0,2f9f56272856e422f5cfd8c39b111f190a2382aa245cfc036013f67978bbb724,0.8692152499988879,incumbent,1.0,0.0,0.0,1632.0,28876.8,35.06489638741135,0.0,,0.0,0.0,C,1.0,AI_VERIFIED,False
1012562.0,root1:batch_11,0,0,0,case_007,2,0.0,0.0,,nan,27648.0,A1_base,nan,507494.0,1732608.0,27648.0,e42b201150120ab0d3dc2328b40fdec6f1c5c3e63a485833c34d1f9b232ea3a3,nan,1760256.0,,0.0,0.0,0,0,0,A0_base,1012562.0,436119fcd4c9c9e6bb1e581263555dc46172d45f77f58c06cb6957667bb72efa,nan,,1.0,505068.0,0.49880204866467437,1632.0,28876.8,17.57445423315603,0.0,,0.0,0.0,A,1.9952196479170197,AI_VERIFIED,False
1012562.0,root1:batch_11,0,0,0,case_007,2,0.0,0.0,,nan,27648.0,B1_base,nan,507494.0,1732608.0,27648.0,e42b201150120ab0d3dc2328b40fdec6f1c5c3e63a485833c34d1f9b232ea3a3,nan,1760256.0,,0.0,0.0,0,0,0,B0_base,1012562.0,436119fcd4c9c9e6bb1e581263555dc46172d45f77f58c06cb6957667bb72efa,nan,,1.0,505068.0,0.49880204866467437,1632.0,28876.8,17.57445423315603,0.0,,0.0,0.0,B,1.9952196479170197,AI_VERIFIED,False
1012562.0,root1:batch_11,0.0,0.0,907776.0,case_007,2,0.0,0.0,,nan,27648.0,incumbent_base,nan,507494.0,1732608.0,27648.0,e42b201150120ab0d3dc2328b40fdec6f1c5c3e63a485833c34d1f9b232ea3a3,nan,1760256.0,,0.0,27648.0,0.0,0.0,907776.0,incumbent_base,507494.0,e42b201150120ab0d3dc2328b40fdec6f1c5c3e63a485833c34d1f9b232ea3a3,nan,,1.9952196479170197,0.0,0.0,1632.0,28876.8,17.57445423315603,0.0,,0.0,0.0,C,1.9952196479170197,AI_VERIFIED,False
1012562.0,root1:batch_11,0,0,0,case_007,3,0.0,0.0,,nan,55296.0,A1_base,nan,338094.0,1732608.0,55296.0,f47dc20ccc65a25412a6204f0088724a8f7bcd7d7dfa99c57a3a0eb824370c6d,nan,1787904.0,,0.0,0.0,0,0,0,A0_base,1012562.0,2f37a7faf02c5c63a133a5e6861f0acdb19000111538093f8c803798597fdcbe,nan,,1.0,674468.0,0.6661004461948997,1632.0,28876.8,11.708153257978724,0.0,,0.0,0.0,A,2.994912657426633,AI_VERIFIED,False
1012562.0,root1:batch_11,0,0,0,case_007,3,0.0,0.0,,nan,55296.0,B1_base,nan,338094.0,1732608.0,55296.0,f47dc20ccc65a25412a6204f0088724a8f7bcd7d7dfa99c57a3a0eb824370c6d,nan,1787904.0,,0.0,0.0,0,0,0,B0_base,1012562.0,2f37a7faf02c5c63a133a5e6861f0acdb19000111538093f8c803798597fdcbe,nan,,1.0,674468.0,0.6661004461948997,1632.0,28876.8,11.708153257978724,0.0,,0.0,0.0,B,2.994912657426633,AI_VERIFIED,False
1012562.0,root1:batch_11,0.0,0.0,935424.0,case_007,3,0.0,0.0,,nan,55296.0,incumbent_base,nan,338094.0,1732608.0,55296.0,f47dc20ccc65a25412a6204f0088724a8f7bcd7d7dfa99c57a3a0eb824370c6d,nan,1787904.0,,0.0,55296.0,0.0,0.0,935424.0,incumbent_base,338094.0,f47dc20ccc65a25412a6204f0088724a8f7bcd7d7dfa99c57a3a0eb824370c6d,nan,,2.994912657426633,0.0,0.0,1632.0,28876.8,11.708153257978724,0.0,,0.0,0.0,C,2.994912657426633,AI_VERIFIED,False
1012562.0,root1:batch_11,0,0,0,case_007,4,0.0,0.0,,nan,82944.0,A1_base,nan,254398.0,1732608.0,82944.0,7dad11c302e5b5a38633b061ab641bf2ef1a365384d7007ef53473cfad54c8bf,nan,1815552.0,,0.0,0.0,0,0,0,A0_base,1012562.0,5a73c605ef26b4ec532b9aa1334ded01f27c085d094da6a0a7cf962594dc48b0,nan,,1.0,758164.0,0.7487581007385227,1632.0,28876.8,8.809771165780141,0.0,,0.0,0.0,A,3.980227831979811,AI_VERIFIED,False
1012562.0,root1:batch_11,0,0,0,case_007,4,0.0,0.0,,nan,82944.0,B1_base,nan,254398.0,1732608.0,82944.0,7dad11c302e5b5a38633b061ab641bf2ef1a365384d7007ef53473cfad54c8bf,nan,1815552.0,,0.0,0.0,0,0,0,B0_base,1012562.0,5a73c605ef26b4ec532b9aa1334ded01f27c085d094da6a0a7cf962594dc48b0,nan,,1.0,758164.0,0.7487581007385227,1632.0,28876.8,8.809771165780141,0.0,,0.0,0.0,B,3.980227831979811,AI_VERIFIED,False
1012562.0,root1:batch_11,0.0,0.0,963072.0,case_007,4,0.0,0.0,,nan,82944.0,incumbent_base,nan,254398.0,1732608.0,82944.0,7dad11c302e5b5a38633b061ab641bf2ef1a365384d7007ef53473cfad54c8bf,nan,1815552.0,,0.0,82944.0,0.0,0.0,963072.0,incumbent_base,254398.0,7dad11c302e5b5a38633b061ab641bf2ef1a365384d7007ef53473cfad54c8bf,nan,,3.980227831979811,0.0,0.0,1632.0,28876.8,8.809771165780141,0.0,,0.0,0.0,C,3.980227831979811,AI_VERIFIED,False
1012562.0,root1:batch_11,0,0,0,case_007,5,0.0,0.0,,nan,110592.0,A1_base,nan,203834.0,1732608.0,110592.0,1d4599d04f4cdc746f63b7183515e658569dc61e8f43a9d20142db862e54add2,nan,1843200.0,,0.0,0.0,0,0,0,A0_base,1012562.0,b1194eca8405293187cecb045f710913fa5fab97537774cfe762acf458b72799,nan,,1.0,808728.0,0.7986947959729873,1632.0,28876.8,7.0587461214539005,0.0,,0.0,0.0,A,4.967581463347626,AI_VERIFIED,False
1012562.0,root1:batch_11,0,0,0,case_007,5,0.0,0.0,,nan,110592.0,B1_base,nan,203834.0,1732608.0,110592.0,1d4599d04f4cdc746f63b7183515e658569dc61e8f43a9d20142db862e54add2,nan,1843200.0,,0.0,0.0,0,0,0,B0_base,1012562.0,b1194eca8405293187cecb045f710913fa5fab97537774cfe762acf458b72799,nan,,1.0,808728.0,0.7986947959729873,1632.0,28876.8,7.0587461214539005,0.0,,0.0,0.0,B,4.967581463347626,AI_VERIFIED,False
1012562.0,root1:batch_11,0.0,0.0,990720.0,case_007,5,0.0,0.0,,nan,110592.0,incumbent_base,nan,203834.0,1732608.0,110592.0,1d4599d04f4cdc746f63b7183515e658569dc61e8f43a9d20142db862e54add2,nan,1843200.0,,0.0,110592.0,0.0,0.0,990720.0,incumbent_base,203834.0,1d4599d04f4cdc746f63b7183515e658569dc61e8f43a9d20142db862e54add2,nan,,4.967581463347626,0.0,0.0,1632.0,28876.8,7.0587461214539005,0.0,,0.0,0.0,C,4.967581463347626,AI_VERIFIED,False
487605.0,root1:batch_01,0,0,0,case_008,1,0.0,0.0,,nan,11596800.0,A3_base,0.17906262500036974,413595.0,2654424.0,9790464.0,59cfeb08a6ccec2f1c921bf9127312179b37deee68cc976b1c518a357f05e40d,0.1454846249998809,14251224.0,seed,1806336.0,0.0,0,0,0,A0_base,487605.0,9e49010cefed73ae3d54de40191e0be23e81a73ec4cb204a97d438f8d1b73e3b,nan,,1.0,74010.0,0.1517826929584397,4512.0,44240.4,9.348807876963138,0.0,,0.0,0.0,A,1.178943169042179,AI_VERIFIED,False
487605.0,root1:batch_01,0,0,0,case_008,1,0.0,0.0,,nan,3760128.0,L2_base,0.21039862500037998,269325.0,2654424.0,0.0,6bd0070a2eb79cd8696141029e835bc93f718bcb6c83681e2e222d8d89f2aab5,0.15893166699970607,6414552.0,legacy_seed,3760128.0,0.0,0,0,0,B0_base,487605.0,9e49010cefed73ae3d54de40191e0be23e81a73ec4cb204a97d438f8d1b73e3b,nan,,1.0,218280.0,0.44765742763097177,4512.0,44240.4,6.087761412645455,0.0,,0.0,0.0,B,1.8104706209969368,AI_VERIFIED,False
487605.0,root1:batch_01,0.0,0.0,3870936.0,case_008,1,0.0,0.0,,nan,3760128.0,incumbent_base,nan,269325.0,2654424.0,0.0,6bd0070a2eb79cd8696141029e835bc93f718bcb6c83681e2e222d8d89f2aab5,nan,6414552.0,,3760128.0,3760128.0,0.0,0.0,3870936.0,incumbent_base,269325.0,6bd0070a2eb79cd8696141029e835bc93f718bcb6c83681e2e222d8d89f2aab5,nan,,1.8104706209969368,0.0,0.0,4512.0,44240.4,6.087761412645455,0.0,,0.0,0.0,C,1.8104706209969368,AI_VERIFIED,False
487605.0,root1:batch_01,0,0,0,case_008,2,0.0,0.0,,nan,0.0,A1_base,nan,244266.0,2654424.0,0.0,3a61c2b7e0166e2e9cae97ba2e483865bbc640246b6c50420ed270203c6d4894,nan,2654424.0,,0.0,0.0,0,0,0,A0_base,487605.0,781f20202cd3706eb945f4adf4dce4d60fd1e30319c539595ce336b1b8a509fc,nan,,1.0,243339.0,0.4990494355061987,4512.0,44240.4,5.521333441831448,0.0,,0.0,0.0,A,1.9962049568912579,AI_VERIFIED,False
487605.0,root1:batch_01,0,0,0,case_008,2,0.0,0.0,,nan,0.0,B1_base,nan,244266.0,2654424.0,0.0,3a61c2b7e0166e2e9cae97ba2e483865bbc640246b6c50420ed270203c6d4894,nan,2654424.0,,0.0,0.0,0,0,0,B0_base,487605.0,781f20202cd3706eb945f4adf4dce4d60fd1e30319c539595ce336b1b8a509fc,nan,,1.0,243339.0,0.4990494355061987,4512.0,44240.4,5.521333441831448,0.0,,0.0,0.0,B,1.9962049568912579,AI_VERIFIED,False
487605.0,root1:batch_01,0.0,0.0,1990872.0,case_008,2,0.0,0.0,,nan,0.0,incumbent_base,nan,244266.0,2654424.0,0.0,3a61c2b7e0166e2e9cae97ba2e483865bbc640246b6c50420ed270203c6d4894,nan,2654424.0,,0.0,0.0,0.0,0.0,1990872.0,incumbent_base,244266.0,3a61c2b7e0166e2e9cae97ba2e483865bbc640246b6c50420ed270203c6d4894,nan,,1.9962049568912579,0.0,0.0,4512.0,44240.4,5.521333441831448,0.0,,0.0,0.0,C,1.9962049568912579,AI_VERIFIED,False
487605.0,root1:batch_01,0,0,0,case_008,3,0.0,0.0,,nan,0.0,A1_base,nan,163359.0,2654424.0,0.0,0634039160f6a88d100f92587a4ef29454efe38c5f15dc2f79dd013ae7ea5e0d,nan,2654424.0,,0.0,0.0,0,0,0,A0_base,487605.0,cc404ed679a0059a0c9ed63c90f8b8105835883fb7bf015a2574869e24f24b31,nan,,1.0,324246.0,0.6649767742332421,4512.0,44240.4,3.692529904792904,0.0,,0.0,0.0,A,2.984867684057811,AI_VERIFIED,False
487605.0,root1:batch_01,0,0,0,case_008,3,0.0,0.0,,nan,0.0,B1_base,nan,163359.0,2654424.0,0.0,0634039160f6a88d100f92587a4ef29454efe38c5f15dc2f79dd013ae7ea5e0d,nan,2654424.0,,0.0,0.0,0,0,0,B0_base,487605.0,cc404ed679a0059a0c9ed63c90f8b8105835883fb7bf015a2574869e24f24b31,nan,,1.0,324246.0,0.6649767742332421,4512.0,44240.4,3.692529904792904,0.0,,0.0,0.0,B,2.984867684057811,AI_VERIFIED,False
487605.0,root1:batch_01,0.0,0.0,1990872.0,case_008,3,0.0,0.0,,nan,0.0,incumbent_base,nan,163359.0,2654424.0,0.0,0634039160f6a88d100f92587a4ef29454efe38c5f15dc2f79dd013ae7ea5e0d,nan,2654424.0,,0.0,0.0,0.0,0.0,1990872.0,incumbent_base,163359.0,0634039160f6a88d100f92587a4ef29454efe38c5f15dc2f79dd013ae7ea5e0d,nan,,2.984867684057811,0.0,0.0,4512.0,44240.4,3.692529904792904,0.0,,0.0,0.0,C,2.984867684057811,AI_VERIFIED,False
487605.0,root1:batch_01,0,0,0,case_008,4,0.0,0.0,,nan,0.0,A1_base,nan,123060.0,2654424.0,0.0,0b85bbab496cbd95faa39acb2a28cc9bb36ff2e1c349f72e3b352e3b76d6863c,nan,2654424.0,,0.0,0.0,0,0,0,A0_base,487605.0,a78ab0244a27baa07da1267181e675258b22055f3a4a9de276fc393f2d65811d,nan,,1.0,364545.0,0.7476235887654966,4512.0,44240.4,2.781620419345214,0.0,,0.0,0.0,A,3.962335446123842,AI_VERIFIED,False
487605.0,root1:batch_01,0,0,0,case_008,4,0.0,0.0,,nan,0.0,B1_base,nan,123060.0,2654424.0,0.0,0b85bbab496cbd95faa39acb2a28cc9bb36ff2e1c349f72e3b352e3b76d6863c,nan,2654424.0,,0.0,0.0,0,0,0,B0_base,487605.0,a78ab0244a27baa07da1267181e675258b22055f3a4a9de276fc393f2d65811d,nan,,1.0,364545.0,0.7476235887654966,4512.0,44240.4,2.781620419345214,0.0,,0.0,0.0,B,3.962335446123842,AI_VERIFIED,False
487605.0,root1:batch_01,0.0,0.0,1990872.0,case_008,4,0.0,0.0,,nan,0.0,incumbent_base,nan,123060.0,2654424.0,0.0,0b85bbab496cbd95faa39acb2a28cc9bb36ff2e1c349f72e3b352e3b76d6863c,nan,2654424.0,,0.0,0.0,0.0,0.0,1990872.0,incumbent_base,123060.0,0b85bbab496cbd95faa39acb2a28cc9bb36ff2e1c349f72e3b352e3b76d6863c,nan,,3.962335446123842,0.0,0.0,4512.0,44240.4,2.781620419345214,0.0,,0.0,0.0,C,3.962335446123842,AI_VERIFIED,False
487605.0,root1:batch_01,0,0,0,case_008,5,0.0,0.0,,nan,0.0,A1_base,nan,100603.0,2654424.0,0.0,6ccb32ada1804f19d8aa1432108f7a23799639446adbc086e2b5c3ac2e6162d0,nan,2654424.0,,0.0,0.0,0,0,0,A0_base,487605.0,00ab2684e3578da3f5cce8f507d4fa085cf76fb6eb4c5be82c85468a16650551,nan,,1.0,387002.0,0.7936793100973124,4512.0,44240.4,2.274007468286905,0.0,,0.0,0.0,A,4.846823653370178,AI_VERIFIED,False
487605.0,root1:batch_01,0,0,0,case_008,5,0.0,0.0,,nan,0.0,B1_base,nan,100603.0,2654424.0,0.0,6ccb32ada1804f19d8aa1432108f7a23799639446adbc086e2b5c3ac2e6162d0,nan,2654424.0,,0.0,0.0,0,0,0,B0_base,487605.0,00ab2684e3578da3f5cce8f507d4fa085cf76fb6eb4c5be82c85468a16650551,nan,,1.0,387002.0,0.7936793100973124,4512.0,44240.4,2.274007468286905,0.0,,0.0,0.0,B,4.846823653370178,AI_VERIFIED,False
487605.0,root1:batch_01,0.0,0.0,1990872.0,case_008,5,0.0,0.0,,nan,0.0,incumbent_base,nan,100603.0,2654424.0,0.0,6ccb32ada1804f19d8aa1432108f7a23799639446adbc086e2b5c3ac2e6162d0,nan,2654424.0,,0.0,0.0,0.0,0.0,1990872.0,incumbent_base,100603.0,6ccb32ada1804f19d8aa1432108f7a23799639446adbc086e2b5c3ac2e6162d0,nan,,4.846823653370178,0.0,0.0,4512.0,44240.4,2.274007468286905,0.0,,0.0,0.0,C,4.846823653370178,AI_VERIFIED,False
153261.0,root1:batch_11,0,0,0,case_009,1,0.0,0.0,,nan,0.0,A0_base,nan,153261.0,495332.0,0.0,7aa3e2e81c9dd57a463e7c451df5a095135c5308617d1f03a02a0f2b6bb60036,nan,495332.0,,0.0,0.0,0,0,0,A0_base,153261.0,7aa3e2e81c9dd57a463e7c451df5a095135c5308617d1f03a02a0f2b6bb60036,nan,,1.0,0.0,0.0,9965.0,9965.0,15.379929754139487,0.0,,0.0,0.0,A,1.0,AI_VERIFIED,False
153261.0,root1:batch_11,0,0,0,case_009,1,0.0,0.0,,nan,0.0,L2_base,1.3808875830000034,153201.0,495332.0,0.0,09444eae196f7ff9acd566006191e2ec02d6cc2040ee61e7484a205478dfbd55,2.0842400419987825,495332.0,legacy_seed,0.0,0.0,0,0,0,B0_base,153261.0,7aa3e2e81c9dd57a463e7c451df5a095135c5308617d1f03a02a0f2b6bb60036,nan,,1.0,60.0,0.00039148902851997573,9965.0,9965.0,15.373908680381335,0.0,,0.0,0.0,B,1.000391642352204,AI_VERIFIED,False
153261.0,root1:batch_11,0.0,0.0,495194.0,case_009,1,0.0,0.0,,nan,0.0,incumbent_base,nan,153201.0,495332.0,0.0,09444eae196f7ff9acd566006191e2ec02d6cc2040ee61e7484a205478dfbd55,nan,495332.0,,0.0,0.0,0.0,0.0,495194.0,incumbent_base,153201.0,09444eae196f7ff9acd566006191e2ec02d6cc2040ee61e7484a205478dfbd55,nan,,1.000391642352204,0.0,0.0,9965.0,9965.0,15.373908680381335,0.0,,0.0,0.0,C,1.000391642352204,AI_VERIFIED,False
153261.0,root1:batch_11,0,0,0,case_009,2,0.0,0.0,,nan,0.0,A1_base,nan,92198.0,495332.0,0.0,04723cd5a1aa8091f70deb4f1191b8c0639fbe69adc5f707a7c8c5b366a5c65c,nan,495332.0,,0.0,0.0,0,0,0,A0_base,153261.0,80e1a121d670e37485cf2698beea7a7f54b801173402872a02ed9be4f3c8f02f,nan,,1.0,61063.0,0.3984249091419213,9965.0,9965.0,9.252182639237331,0.0,,0.0,0.0,A,1.66230286991041,AI_VERIFIED,False
153261.0,root1:batch_11,0,0,0,case_009,2,0.0,0.0,,nan,0.0,B1_base,nan,92198.0,495332.0,0.0,04723cd5a1aa8091f70deb4f1191b8c0639fbe69adc5f707a7c8c5b366a5c65c,nan,495332.0,,0.0,0.0,0,0,0,B0_base,153261.0,80e1a121d670e37485cf2698beea7a7f54b801173402872a02ed9be4f3c8f02f,nan,,1.0,61063.0,0.3984249091419213,9965.0,9965.0,9.252182639237331,0.0,,0.0,0.0,B,1.66230286991041,AI_VERIFIED,False
153261.0,root1:batch_11,0.0,0.0,495194.0,case_009,2,0.0,0.0,,nan,0.0,incumbent_base,nan,92198.0,495332.0,0.0,04723cd5a1aa8091f70deb4f1191b8c0639fbe69adc5f707a7c8c5b366a5c65c,nan,495332.0,,0.0,0.0,0.0,0.0,495194.0,incumbent_base,92198.0,04723cd5a1aa8091f70deb4f1191b8c0639fbe69adc5f707a7c8c5b366a5c65c,nan,,1.66230286991041,0.0,0.0,9965.0,9965.0,9.252182639237331,0.0,,0.0,0.0,C,1.66230286991041,AI_VERIFIED,False
153261.0,root1:batch_11,0,0,0,case_009,3,0.0,0.0,,nan,0.0,A1_base,nan,92198.0,495332.0,0.0,1218cb2ff3dbb3677ee1d7e85c9c115435167169cf2760e79a33e164cd44d2fb,nan,495332.0,,0.0,0.0,0,0,0,A0_base,153261.0,9540254977d14eb2a28a3c69c0f45a43f125a06ca4ba8925de54b7978d2c7402,nan,,1.0,61063.0,0.3984249091419213,9965.0,9965.0,9.252182639237331,0.0,,0.0,0.0,A,1.66230286991041,AI_VERIFIED,False
153261.0,root1:batch_11,0,0,0,case_009,3,0.0,0.0,,nan,9254.0,r1_split_g0_h0_c2_p0,1.2991462499994668,91278.0,495332.0,9254.0,80d563b5f6f71ae74fa08d3dfd6802f5cee5f784b379f07f1d77ff82885ae2bc,0.9860173750003014,504586.0,ordinary_chain,0.0,0.0,0,0,0,B0_base,153261.0,9540254977d14eb2a28a3c69c0f45a43f125a06ca4ba8925de54b7978d2c7402,nan,,1.0,61983.0,0.40442774091256095,9965.0,9965.0,9.159859508278977,0.0,,0.0,0.0,B,1.679057385131138,AI_VERIFIED,False
153261.0,root1:batch_11,38.0,7.602432778489116e-05,499802.0,case_009,3,1.0,38.0,incumbent_base,91278.0,9254.0,incumbent_base,nan,91278.0,495332.0,9254.0,80d563b5f6f71ae74fa08d3dfd6802f5cee5f784b379f07f1d77ff82885ae2bc,nan,504586.0,,0.0,9254.0,38.0,7.602432778489116e-05,499802.0,incumbent_base,91278.0,80d563b5f6f71ae74fa08d3dfd6802f5cee5f784b379f07f1d77ff82885ae2bc,nan,,1.679057385131138,0.0,0.0,9965.0,9965.0,9.159859508278977,38.0,incumbent_base,0.0,0.0,C,1.679057385131138,AI_VERIFIED,False
153261.0,root1:batch_11,0,0,0,case_009,4,0.0,0.0,,nan,0.0,A1_base,nan,92198.0,495332.0,0.0,f2fcd9b7f042e9603ae4822037a7cd3c9104aed3d3251876b447246b465060e8,nan,495332.0,,0.0,0.0,0,0,0,A0_base,153261.0,55f1329ca25e1fe3f8431b14b9a4b189c5ad7e37ee23346e88f11e3d2bd7358c,nan,,1.0,61063.0,0.3984249091419213,9965.0,9965.0,9.252182639237331,0.0,,0.0,0.0,A,1.66230286991041,AI_VERIFIED,False
153261.0,root1:batch_11,0,0,0,case_009,4,0.0,0.0,,nan,9254.0,incumbent_base,nan,91278.0,495332.0,9254.0,1a629d7da15431d7d932ba2591c7a1235f0a9eb603c99e66471eaa1202a0baf9,nan,504586.0,,0.0,0.0,0,0,0,B0_base,153261.0,55f1329ca25e1fe3f8431b14b9a4b189c5ad7e37ee23346e88f11e3d2bd7358c,nan,,1.0,61983.0,0.40442774091256095,9965.0,9965.0,9.159859508278977,0.0,,0.0,0.0,B,1.679057385131138,AI_VERIFIED,False
153261.0,root1:batch_11,31308.0,0.055522648516168394,532570.0,case_009,4,2.0,31308.0,r2_split_g0_h1_c1_p1,90556.0,106060.0,r2_split_g0_h1_c1_p1,0.9971982499992009,90556.0,495332.0,106060.0,d0328678808e5fe5e24cdb44e65d8e9f87d84653421074a21b74f939d580c3ff,0.8757785840007273,601392.0,ordinary_chain,0.0,9254.0,38.0,7.602432778489116e-05,499802.0,incumbent_base,91278.0,1a629d7da15431d7d932ba2591c7a1235f0a9eb603c99e66471eaa1202a0baf9,nan,,1.679057385131138,722.0,0.007909901619229168,9965.0,9965.0,9.08740592072253,31308.0,r2_split_g0_h1_c1_p1,0.0,0.0,C,1.6924444542603472,AI_VERIFIED,False
153261.0,root1:batch_11,0,0,0,case_009,5,0.0,0.0,,nan,0.0,A1_base,nan,92198.0,495332.0,0.0,eb5ace1b4a7386117f989d6899a7dbf7e83784ec10a2c5e9c78a96545ba34cd7,nan,495332.0,,0.0,0.0,0,0,0,A0_base,153261.0,ccdde200a7f71e169f2313b133482c73c6618d257a16e296aa749defce75fcd4,nan,,1.0,61063.0,0.3984249091419213,9965.0,9965.0,9.252182639237331,0.0,,0.0,0.0,A,1.66230286991041,AI_VERIFIED,False
153261.0,root1:batch_11,0,0,0,case_009,5,0.0,0.0,,nan,9254.0,incumbent_base,nan,91278.0,495332.0,9254.0,eb5d2db1a46dea477740c15e801223192a4a63849913b8f83e4c125eddcb502c,nan,504586.0,,0.0,0.0,0,0,0,B0_base,153261.0,ccdde200a7f71e169f2313b133482c73c6618d257a16e296aa749defce75fcd4,nan,,1.0,61983.0,0.40442774091256095,9965.0,9965.0,9.159859508278977,0.0,,0.0,0.0,B,1.679057385131138,AI_VERIFIED,False
153261.0,root1:batch_11,31308.0,0.055522648516168394,532570.0,case_009,5,3.0,31308.0,lower_core_base,90556.0,106060.0,lower_core_base,nan,90556.0,495332.0,106060.0,828780faa8a24f594e2367f4deedf37deb0149b7171ca6ef5c8c4e704dccdfe4,nan,601392.0,,0.0,9254.0,38.0,7.602432778489116e-05,499802.0,incumbent_base,91278.0,eb5d2db1a46dea477740c15e801223192a4a63849913b8f83e4c125eddcb502c,nan,,1.679057385131138,722.0,0.007909901619229168,9965.0,9965.0,9.08740592072253,31308.0,r2_split_g0_h1_c3_p0,0.0,0.0,C,1.6924444542603472,AI_VERIFIED,False
86969.0,root1:batch_13,0,0,0,case_010,1,0.0,0.0,,nan,1385412.0,L3_base,0.11488179199841397,78330.0,384150.0,1385412.0,ef0ed7c196137189dffbdf6a3f812bd0c8bc1100e483e9d45e01e0026bd15b25,0.09970541700022295,1769562.0,legacy_seed,0.0,0.0,0,0,0,A0_base,86969.0,038a6e2f7f97545195df20bd7dc3b802521223c0e618f34bd9697d1f9c73ebdb,nan,,1.0,8639.0,0.09933424553576561,3146.0,6402.5,12.234283483014448,0.0,,0.0,0.0,A,1.1102897995659389,AI_VERIFIED,False
86969.0,root1:batch_13,0,0,0,case_010,1,0.0,0.0,,nan,224256.0,B3_base,0.07025120800062723,81326.0,384150.0,0.0,354bd5fd8fd1ec0ffda309b3efb2af346b81367ec646be3a27fe82951529a8a9,0.10473875000025146,608406.0,seed,224256.0,0.0,0,0,0,B0_base,86969.0,038a6e2f7f97545195df20bd7dc3b802521223c0e618f34bd9697d1f9c73ebdb,nan,,1.0,5643.0,0.06488518897538204,3146.0,6402.5,12.702225693088637,0.0,,0.0,0.0,B,1.0693874037823083,AI_VERIFIED,False
86969.0,root1:batch_13,0.0,0.0,496206.0,case_010,1,0.0,0.0,,nan,224256.0,incumbent_split_release_g0_p4,0.10120520900090924,79774.0,384150.0,0.0,cbf9e4f1f96bb0df89e372957699ef29639cd2a0dbcc9b4536b50eadd864d8a9,0.07585799999833398,608406.0,timing,224256.0,224256.0,0.0,0.0,496206.0,incumbent_base,81326.0,354bd5fd8fd1ec0ffda309b3efb2af346b81367ec646be3a27fe82951529a8a9,nan,,1.0693874037823083,1552.0,0.01908368787349679,3146.0,6402.5,12.459820382663022,0.0,,0.0,0.0,C,1.09019229322837,AI_VERIFIED,False
86969.0,root1:batch_13,0,0,0,case_010,2,0.0,0.0,,nan,48384.0,A1_base,nan,45272.0,384150.0,48384.0,a045ab24aa4c2acc235e38e1e0039ea3b83da64b70de24f2c15dfe330afd602e,nan,432534.0,,0.0,0.0,0,0,0,A0_base,86969.0,4a5436387d845f0579efb4c7e54b28312ae9cd2bbbfb1829f788aea28f652f18,nan,,1.0,41697.0,0.4794466993986363,3146.0,6402.5,7.070987895353378,0.0,,0.0,0.0,A,1.9210328679978794,AI_VERIFIED,False
86969.0,root1:batch_13,0,0,0,case_010,2,0.0,0.0,,nan,48384.0,B1_base,nan,45272.0,384150.0,48384.0,a045ab24aa4c2acc235e38e1e0039ea3b83da64b70de24f2c15dfe330afd602e,nan,432534.0,,0.0,0.0,0,0,0,B0_base,86969.0,4a5436387d845f0579efb4c7e54b28312ae9cd2bbbfb1829f788aea28f652f18,nan,,1.0,41697.0,0.4794466993986363,3146.0,6402.5,7.070987895353378,0.0,,0.0,0.0,B,1.9210328679978794,AI_VERIFIED,False
86969.0,root1:batch_13,48384.0,0.11188035018105637,384078.0,case_010,2,2.0,48384.0,incumbent_split_release_g0_p4,41774.0,48384.0,incumbent_split_release_g0_p4,0.07731054199939535,41774.0,384150.0,48384.0,668218595e1822b1007f688c72644fa28f7860380b1550f02d694b7d0724b8dd,0.08101958299994294,432534.0,timing,0.0,48384.0,48384.0,0.11188035018105637,384078.0,incumbent_base,45272.0,a045ab24aa4c2acc235e38e1e0039ea3b83da64b70de24f2c15dfe330afd602e,nan,,1.9210328679978794,3498.0,0.07726630146669022,3146.0,6402.5,6.524638812963686,48384.0,incumbent_split_release_g0_p4,0.0,0.0,C,2.0818930435198926,AI_VERIFIED,False
86969.0,root1:batch_13,0,0,0,case_010,3,0.0,0.0,,nan,38016.0,A1_base,nan,32786.0,384150.0,38016.0,cc06133f55b6627abea804e2dcd344084ae9d3023df5cfe770525d1f49839098,nan,422166.0,,0.0,0.0,0,0,0,A0_base,86969.0,ba53e9082605ac0995f1384f9681ac26d232fd9dc88ee1a403dd693a8c13af63,nan,,1.0,54183.0,0.6230150973335327,3146.0,6402.5,5.120812182741116,0.0,,0.0,0.0,A,2.6526261209052646,AI_VERIFIED,False
86969.0,root1:batch_13,0,0,0,case_010,3,0.0,0.0,,nan,38016.0,B1_base,nan,32786.0,384150.0,38016.0,cc06133f55b6627abea804e2dcd344084ae9d3023df5cfe770525d1f49839098,nan,422166.0,,0.0,0.0,0,0,0,B0_base,86969.0,ba53e9082605ac0995f1384f9681ac26d232fd9dc88ee1a403dd693a8c13af63,nan,,1.0,54183.0,0.6230150973335327,3146.0,6402.5,5.120812182741116,0.0,,0.0,0.0,B,2.6526261209052646,AI_VERIFIED,False
86969.0,root1:batch_13,44928.0,0.0993881153687899,407118.0,case_010,3,3.0,44928.0,r9_capacity_g1_back,30412.0,91008.0,r9_capacity_g1_back,0.09356045899949095,30412.0,384150.0,91008.0,4660e11ad060d723f4abe998f2a8cc1247578acca176cb54a50183554b4bdec4,0.05984037500093109,475158.0,ordinary_chain,0.0,38016.0,19584.0,0.04639724800636825,402510.0,incumbent_base,32786.0,cc06133f55b6627abea804e2dcd344084ae9d3023df5cfe770525d1f49839098,nan,,2.6526261209052646,2374.0,0.07240895504178613,3146.0,6402.5,4.7500195236235845,48384.0,lower_core_base,0.0,0.0,C,2.8596935420228857,AI_VERIFIED,False
86969.0,root1:batch_13,0,0,0,case_010,4,0.0,0.0,,nan,96768.0,L1_base,0.0866962500003865,29918.0,384150.0,96768.0,ffd662fa62a2bf7d38ec9335a80f5df85019bef00cc790dc95d2d15538728e30,0.06940920799934247,480918.0,legacy_seed,0.0,0.0,0,0,0,A0_base,86969.0,e8fb211d6df9b3a6fb99bd2e310955fc5470a6309e4e7f20ee296d73af62dad5,nan,,1.0,57051.0,0.6559923650956088,3146.0,6402.5,4.672862163217493,0.0,,0.0,0.0,A,2.9069122267531253,AI_VERIFIED,False
86969.0,root1:batch_13,0,0,0,case_010,4,0.0,0.0,,nan,96768.0,L1_base,0.07842058400092355,29918.0,384150.0,96768.0,ffd662fa62a2bf7d38ec9335a80f5df85019bef00cc790dc95d2d15538728e30,0.06983854099962628,480918.0,legacy_seed,0.0,0.0,0,0,0,B0_base,86969.0,e8fb211d6df9b3a6fb99bd2e310955fc5470a6309e4e7f20ee296d73af62dad5,nan,,1.0,57051.0,0.6559923650956088,3146.0,6402.5,4.672862163217493,0.0,,0.0,0.0,B,2.9069122267531253,AI_VERIFIED,False
86969.0,root1:batch_13,65664.0,0.13655931420870715,415182.0,case_010,4,4.0,65664.0,incumbent_split_release_g3_p4,29845.0,96768.0,incumbent_split_release_g3_p4,0.0955193749996397,29845.0,384150.0,96768.0,9bfeddfb84ca2faf4f8067a0d70540ae5217b7d5a3543e57c330528737f82892,0.09243462499944144,480918.0,timing,0.0,96768.0,49536.0,0.10301843001709488,431310.0,incumbent_base,29858.0,ffd662fa62a2bf7d38ec9335a80f5df85019bef00cc790dc95d2d15538728e30,nan,,2.9127537008506934,13.0,0.00043539419920959205,3146.0,6402.5,4.661460367044123,65664.0,incumbent_split_release_g3_p4,0.0,0.0,C,2.9140224493214943,AI_VERIFIED,False
86969.0,root1:batch_13,0,0,0,case_010,5,0.0,0.0,,nan,96768.0,incumbent_base,nan,29918.0,384150.0,96768.0,493250ac6eaea1a8dcc477c0fac3c42a0e98cd94a2cbf7c84f8d29d5303d219a,nan,480918.0,,0.0,0.0,0,0,0,A0_base,86969.0,27017e20b878a71ee7915b08e748e33a0f15ff55e74f35099d97e469ca7a6ce6,nan,,1.0,57051.0,0.6559923650956088,3146.0,6402.5,4.672862163217493,0.0,,0.0,0.0,A,2.9069122267531253,AI_VERIFIED,False
86969.0,root1:batch_13,0,0,0,case_010,5,0.0,0.0,,nan,96768.0,incumbent_base,nan,29918.0,384150.0,96768.0,493250ac6eaea1a8dcc477c0fac3c42a0e98cd94a2cbf7c84f8d29d5303d219a,nan,480918.0,,0.0,0.0,0,0,0,B0_base,86969.0,27017e20b878a71ee7915b08e748e33a0f15ff55e74f35099d97e469ca7a6ce6,nan,,1.0,57051.0,0.6559923650956088,3146.0,6402.5,4.672862163217493,0.0,,0.0,0.0,B,2.9069122267531253,AI_VERIFIED,False
86969.0,root1:batch_13,65664.0,0.13655931420870715,415182.0,case_010,5,4.0,65664.0,incumbent_split_release_g2_p4,29845.0,96768.0,incumbent_split_release_g2_p4,nan,29845.0,384150.0,96768.0,66f8192ae56cbf679b8594f892ec67fa222049db22ff0d14526e5487ff40434f,nan,480918.0,,0.0,96768.0,49536.0,0.10301843001709488,431310.0,incumbent_base,29858.0,493250ac6eaea1a8dcc477c0fac3c42a0e98cd94a2cbf7c84f8d29d5303d219a,nan,,2.9127537008506934,13.0,0.00043539419920959205,3146.0,6402.5,4.661460367044123,67072.0,incumbent_disperse_tid_147_node_234_core_3_pos_0,0.0,0.0,C,2.9140224493214943,AI_VERIFIED,False
184697.0,root1:batch_03,0,0,0,case_011,1,0.0,0.0,,nan,0.0,A0_base,nan,184697.0,606208.0,0.0,dd532f33d8dba0014f7021fab8cde4ed9ea0c35357558500c69bfc1e1ceca465,nan,606208.0,,0.0,0.0,0,0,0,A0_base,184697.0,dd532f33d8dba0014f7021fab8cde4ed9ea0c35357558500c69bfc1e1ceca465,nan,,1.0,0.0,0.0,2120.0,10103.466666666667,18.28055716849662,0.0,,0.0,0.0,A,1.0,AI_VERIFIED,False
184697.0,root1:batch_03,0,0,0,case_011,1,0.0,0.0,,nan,0.0,B0_base,nan,184697.0,606208.0,0.0,dd532f33d8dba0014f7021fab8cde4ed9ea0c35357558500c69bfc1e1ceca465,nan,606208.0,,0.0,0.0,0,0,0,B0_base,184697.0,dd532f33d8dba0014f7021fab8cde4ed9ea0c35357558500c69bfc1e1ceca465,nan,,1.0,0.0,0.0,2120.0,10103.466666666667,18.28055716849662,0.0,,0.0,0.0,B,1.0,AI_VERIFIED,False
184697.0,root1:batch_03,0.0,0.0,540672.0,case_011,1,0.0,0.0,,nan,0.0,incumbent_base,0.10811229200044181,184697.0,606208.0,0.0,dd532f33d8dba0014f7021fab8cde4ed9ea0c35357558500c69bfc1e1ceca465,0.09175516700088338,606208.0,incumbent,0.0,0.0,0.0,0.0,540672.0,incumbent_base,184697.0,dd532f33d8dba0014f7021fab8cde4ed9ea0c35357558500c69bfc1e1ceca465,0.09175516700088338,incumbent,1.0,0.0,0.0,2120.0,10103.466666666667,18.28055716849662,0.0,,0.0,0.0,C,1.0,AI_VERIFIED,False
184697.0,root1:batch_03,0,0,0,case_011,2,0.0,0.0,,nan,180224.0,A1_base,nan,92646.0,606208.0,180224.0,d6bbfafe92ef2f32c3876ef7991ccca8030e32d9dbe9809cd73771841c6c9cca,nan,786432.0,,0.0,0.0,0,0,0,A0_base,184697.0,7a21e5ed8f217b7fa648f170bf7194082944b467d5f330c43910ede54a21faef,nan,,1.0,92051.0,0.49838925375073767,2120.0,10103.466666666667,9.169723923141891,0.0,,0.0,0.0,A,1.9935777043801135,AI_VERIFIED,False
184697.0,root1:batch_03,0,0,0,case_011,2,0.0,0.0,,nan,180224.0,B1_base,nan,92646.0,606208.0,180224.0,d6bbfafe92ef2f32c3876ef7991ccca8030e32d9dbe9809cd73771841c6c9cca,nan,786432.0,,0.0,0.0,0,0,0,B0_base,184697.0,7a21e5ed8f217b7fa648f170bf7194082944b467d5f330c43910ede54a21faef,nan,,1.0,92051.0,0.49838925375073767,2120.0,10103.466666666667,9.169723923141891,0.0,,0.0,0.0,B,1.9935777043801135,AI_VERIFIED,False
184697.0,root1:batch_03,0.0,0.0,720896.0,case_011,2,1.0,161792.0,incumbent_split_release_g0_p4,92646.0,180224.0,incumbent_base,nan,92646.0,606208.0,180224.0,d6bbfafe92ef2f32c3876ef7991ccca8030e32d9dbe9809cd73771841c6c9cca,nan,786432.0,,0.0,180224.0,0.0,0.0,720896.0,incumbent_base,92646.0,d6bbfafe92ef2f32c3876ef7991ccca8030e32d9dbe9809cd73771841c6c9cca,nan,,1.9935777043801135,0.0,0.0,2120.0,10103.466666666667,9.169723923141891,161792.0,incumbent_split_release_g0_p4,0.0,0.0,C,1.9935777043801135,AI_VERIFIED,True
184697.0,root1:batch_03,0,0,0,case_011,3,0.0,0.0,,nan,1081344.0,A1_base,nan,69625.0,606208.0,1081344.0,f87d5be7e2d332721db82bf0aa53640a3356ff7167d47442b008dbf85e3dce25,nan,1687552.0,,0.0,0.0,0,0,0,A0_base,184697.0,525a0eb31e01f54115252887e808758a62084f8a4e72ebd7cef5b8d44d74fe7a,nan,,1.0,115072.0,0.6230312349415529,2120.0,10103.466666666667,6.891199060388513,0.0,,0.0,0.0,A,2.6527396768402154,AI_VERIFIED,False
184697.0,root1:batch_03,0,0,0,case_011,3,0.0,0.0,,nan,1095680.0,r5_boundary_n177_c2_p0,0.10678508400087594,69279.0,606208.0,1095680.0,4c11fdf5fc2742980f542fdff536ab0d845c1ab67ef55558a53d0901fac81fd1,0.10293158400054381,1701888.0,ordinary_chain,0.0,0.0,0,0,0,B0_base,184697.0,525a0eb31e01f54115252887e808758a62084f8a4e72ebd7cef5b8d44d74fe7a,nan,,1.0,115418.0,0.6249045734364933,2120.0,10103.466666666667,6.8569533889358105,0.0,,0.0,0.0,B,2.6659882504077714,AI_VERIFIED,False
184697.0,root1:batch_03,987136.0,0.6070528967254408,638976.0,case_011,3,3.0,987136.0,incumbent_disperse_tid_1000000163_node_603_core_2_pos_2,68637.0,1097728.0,incumbent_disperse_tid_1000000163_node_603_core_2_pos_2,0.12959200000113924,68637.0,606208.0,1097728.0,4c18635baf73e51f7727fd2c4a04bf76f6521824ebb4229362337a640faea806,0.1371179170000687,1703936.0,disperse,0.0,1095680.0,983040.0,0.6037735849056604,645120.0,incumbent_base,69144.0,4c11fdf5fc2742980f542fdff536ab0d845c1ab67ef55558a53d0901fac81fd1,nan,,2.6711934513479116,507.0,0.007332523429364804,2120.0,10103.466666666667,6.793410842483108,987136.0,incumbent_disperse_tid_1000000163_node_603_core_2_pos_2,0.0,0.0,C,2.690924719903259,AI_VERIFIED,False
184697.0,root1:batch_03,0,0,0,case_011,4,0.0,0.0,,nan,540672.0,A1_base,nan,46880.0,606208.0,540672.0,4b44b69c0f02d4aac53aa4bfc86e317c46a7664b2899b7e554ba3dd492a6ea96,nan,1146880.0,,0.0,0.0,0,0,0,A0_base,184697.0,8dbd7ed69cc30d215c347afcd3f6736c28f2fe471c766a31d27896aff5f73334,nan,,1.0,137817.0,0.7461788767549012,2120.0,10103.466666666667,4.6399915540540535,0.0,,0.0,0.0,A,3.9397824232081913,AI_VERIFIED,False
184697.0,root1:batch_03,0,0,0,case_011,4,0.0,0.0,,nan,540672.0,B1_base,nan,46880.0,606208.0,540672.0,4b44b69c0f02d4aac53aa4bfc86e317c46a7664b2899b7e554ba3dd492a6ea96,nan,1146880.0,,0.0,0.0,0,0,0,B0_base,184697.0,8dbd7ed69cc30d215c347afcd3f6736c28f2fe471c766a31d27896aff5f73334,nan,,1.0,137817.0,0.7461788767549012,2120.0,10103.466666666667,4.6399915540540535,0.0,,0.0,0.0,B,3.9397824232081913,AI_VERIFIED,False
184697.0,root1:batch_03,0.0,0.0,1081344.0,case_011,4,2.0,325632.0,incumbent_split_release_g0_p2,46880.0,540672.0,incumbent_base,nan,46880.0,606208.0,540672.0,4b44b69c0f02d4aac53aa4bfc86e317c46a7664b2899b7e554ba3dd492a6ea96,nan,1146880.0,,0.0,540672.0,0.0,0.0,1081344.0,incumbent_base,46880.0,4b44b69c0f02d4aac53aa4bfc86e317c46a7664b2899b7e554ba3dd492a6ea96,nan,,3.9397824232081913,0.0,0.0,2120.0,10103.466666666667,4.6399915540540535,987136.0,lower_core_base,0.0,0.0,C,3.9397824232081913,AI_VERIFIED,True
184697.0,root1:batch_03,0,0,0,case_011,5,0.0,0.0,,nan,540672.0,incumbent_base,nan,46880.0,606208.0,540672.0,1cd938a9b05f3906fe9e5cae2405317c8fa4825d514a1fed24ee7ce787382299,nan,1146880.0,,0.0,0.0,0,0,0,A0_base,184697.0,4654533429c510200d28b34fde3c87eea200b3d307924f2518e622b4f769659b,nan,,1.0,137817.0,0.7461788767549012,2120.0,10103.466666666667,4.6399915540540535,0.0,,0.0,0.0,A,3.9397824232081913,AI_VERIFIED,False
184697.0,root1:batch_03,0,0,0,case_011,5,0.0,0.0,,nan,540672.0,incumbent_base,nan,46880.0,606208.0,540672.0,1cd938a9b05f3906fe9e5cae2405317c8fa4825d514a1fed24ee7ce787382299,nan,1146880.0,,0.0,0.0,0,0,0,B0_base,184697.0,4654533429c510200d28b34fde3c87eea200b3d307924f2518e622b4f769659b,nan,,1.0,137817.0,0.7461788767549012,2120.0,10103.466666666667,4.6399915540540535,0.0,,0.0,0.0,B,3.9397824232081913,AI_VERIFIED,False
184697.0,root1:batch_03,1347584.0,0.6231060606060606,815104.0,case_011,5,2.0,1347584.0,C1_base,46777.0,1622016.0,C1_base,nan,46777.0,606208.0,1622016.0,fad3efa6189e5616cdba353b27889880b6b1f8ff16a8ae7b526f4b716fc56771,nan,2228224.0,,0.0,540672.0,0.0,0.0,1081344.0,incumbent_base,46880.0,1cd938a9b05f3906fe9e5cae2405317c8fa4825d514a1fed24ee7ce787382299,nan,,3.9397824232081913,103.0,0.002197098976109215,2120.0,10103.466666666667,4.629797033361486,1347584.0,C1_base,0.0,0.0,C,3.9484575753041025,AI_VERIFIED,False
59088.0,root1:batch_16,0,0,0,case_012,1,0.0,0.0,,nan,3456.0,A2_base,0.12821291699947324,58890.0,554898.0,3456.0,728a932b1f5982ae39655bffc2f598b77e98ba472d26793a816908468e23834f,0.1200652089992218,558354.0,seed,0.0,0.0,0,0,0,A0_base,59088.0,2299a9bcb1fef463811628875730214b4b39170c5c34df561ec2ce3b886d9dca,nan,,1.0,198.0,0.0033509341998375305,2506.0,9248.3,6.3676567585394075,0.0,,0.0,0.0,A,1.0033622007131942,AI_VERIFIED,False
59088.0,root1:batch_16,0,0,0,case_012,1,0.0,0.0,,nan,8192.0,B3_base,0.16422741699898324,42251.0,554898.0,0.0,801a7b9340f91825e67d8fd1f003a35e4a1f70d074569c799de31f44ce6a5d3d,0.1717705829996703,563090.0,seed,8192.0,0.0,0,0,0,B0_base,59088.0,2299a9bcb1fef463811628875730214b4b39170c5c34df561ec2ce3b886d9dca,nan,,1.0,16837.0,0.2849478743568914,2506.0,9248.3,4.56851529470281,0.0,,0.0,0.0,B,1.3984994438001468,AI_VERIFIED,False
59088.0,root1:batch_16,0.0,0.0,488192.0,case_012,1,0.0,0.0,,nan,8192.0,incumbent_aggregate,0.19014079100088566,42239.0,554898.0,0.0,535d347f602b10d60859804a81e1bef9ec7616388b48f047af05e021a3ceeedc,0.1549315829997795,563090.0,aggregate,8192.0,8192.0,0.0,0.0,488192.0,incumbent_base,42251.0,801a7b9340f91825e67d8fd1f003a35e4a1f70d074569c799de31f44ce6a5d3d,nan,,1.3984994438001468,12.0,0.0002840169463444652,2506.0,9248.3,4.567217758939481,0.0,,0.0,0.0,C,1.3988967541845214,AI_VERIFIED,False
59088.0,root1:batch_16,0,0,0,case_012,2,0.0,0.0,,nan,29376.0,L1_base,0.1483158330011065,30058.0,554898.0,29376.0,db30914618b4c8f56b037619f2bd7f5e53a72647f2c498d2d97d684db3177abf,0.09180733399989549,584274.0,legacy_seed,0.0,0.0,0,0,0,A0_base,59088.0,c8b3b1be21eb7c8bd4ea486c40bd7d6cc78a6b1a94a78bd6a2dd6dae65a023a0,nan,,1.0,29030.0,0.4913011102085026,2506.0,9248.3,3.250110831179785,0.0,,0.0,0.0,A,1.965799454388183,AI_VERIFIED,False
59088.0,root1:batch_16,0,0,0,case_012,2,0.0,0.0,,nan,29376.0,L1_base,0.28590312499909487,30058.0,554898.0,29376.0,db30914618b4c8f56b037619f2bd7f5e53a72647f2c498d2d97d684db3177abf,0.253529958999934,584274.0,legacy_seed,0.0,0.0,0,0,0,B0_base,59088.0,c8b3b1be21eb7c8bd4ea486c40bd7d6cc78a6b1a94a78bd6a2dd6dae65a023a0,nan,,1.0,29030.0,0.4913011102085026,2506.0,9248.3,3.250110831179785,0.0,,0.0,0.0,B,1.965799454388183,AI_VERIFIED,False
59088.0,root1:batch_16,29376.0,0.057210519755702356,484096.0,case_012,2,3.0,29376.0,incumbent_split_height_g1_p4,29156.0,29376.0,incumbent_split_height_g1_p4,0.23512758300057612,29156.0,554898.0,29376.0,796ac57ae9a4f80872cc2d41381df99589d9dc242705c2f30581ec8ba92ba6ba,0.22559383399857325,584274.0,timing,0.0,29376.0,29376.0,0.057210519755702356,484096.0,incumbent_base,30058.0,db30914618b4c8f56b037619f2bd7f5e53a72647f2c498d2d97d684db3177abf,nan,,1.965799454388183,902.0,0.030008649943442676,2506.0,9248.3,3.152579392969519,29376.0,incumbent_split_height_g1_p4,0.0,0.0,C,2.026615447935245,AI_VERIFIED,False
59088.0,root1:batch_16,0,0,0,case_012,3,0.0,0.0,,nan,39168.0,L1_base,0.18506983299994317,20661.0,554898.0,39168.0,fb3e4c1687241e5f52f329b4690b5a2082be02ec7e73537e5ee44ebb6b41dcdb,0.22159341599945037,594066.0,legacy_seed,0.0,0.0,0,0,0,A0_base,59088.0,9c7195f1cfee902bdb2f858f19d52e468a9eb24c243a19bef6c9bff3b5e50f0c,nan,,1.0,38427.0,0.6503350934199837,2506.0,9248.3,2.2340322005125266,0.0,,0.0,0.0,A,2.8598809350951067,AI_VERIFIED,False
59088.0,root1:batch_16,0,0,0,case_012,3,0.0,0.0,,nan,39168.0,L1_base,0.1977805830010766,20661.0,554898.0,39168.0,fb3e4c1687241e5f52f329b4690b5a2082be02ec7e73537e5ee44ebb6b41dcdb,0.20252925000022515,594066.0,legacy_seed,0.0,0.0,0,0,0,B0_base,59088.0,9c7195f1cfee902bdb2f858f19d52e468a9eb24c243a19bef6c9bff3b5e50f0c,nan,,1.0,38427.0,0.6503350934199837,2506.0,9248.3,2.2340322005125266,0.0,,0.0,0.0,B,2.8598809350951067,AI_VERIFIED,False
59088.0,root1:batch_16,39168.0,0.07468879668049792,485248.0,case_012,3,4.0,39168.0,incumbent_disperse_tid_1868_node_1920_core_1_pos_0,20561.0,41472.0,incumbent_disperse_tid_1868_node_1920_core_1_pos_0,0.1645187079993775,20561.0,554898.0,41472.0,c33ac33226018a3e675934839fccf05cb46996f664d67d1dc559b7d08041d7aa,0.1514898750010616,596370.0,disperse,0.0,39168.0,39168.0,0.074853228962818,484096.0,incumbent_base,20661.0,fb3e4c1687241e5f52f329b4690b5a2082be02ec7e73537e5ee44ebb6b41dcdb,nan,,2.8598809350951067,100.0,0.00484003678427956,2506.0,9248.3,2.2232194024847813,39168.0,incumbent_disperse_tid_1868_node_1920_core_1_pos_0,0.0,0.0,C,2.8737901853022714,AI_VERIFIED,False
59088.0,root1:batch_16,0,0,0,case_012,4,0.0,0.0,,nan,49536.0,L1_base,0.151722124999651,15863.0,554898.0,49536.0,94df594345b7cdb72dad9fa353916ed3c391b91d54c302c29df851cb06d13417,0.1328546250006184,604434.0,legacy_seed,0.0,0.0,0,0,0,A0_base,59088.0,a4bcdb9d96740d2d18dcda2df2886c33417f8874ca19afdac804b6a535a0108a,nan,,1.0,43225.0,0.7315360140806932,2506.0,9248.3,1.715234151141291,0.0,,0.0,0.0,A,3.7248944083716826,AI_VERIFIED,False
59088.0,root1:batch_16,0,0,0,case_012,4,0.0,0.0,,nan,49536.0,L1_base,0.18120120899948233,15863.0,554898.0,49536.0,94df594345b7cdb72dad9fa353916ed3c391b91d54c302c29df851cb06d13417,0.11944316699919,604434.0,legacy_seed,0.0,0.0,0,0,0,B0_base,59088.0,a4bcdb9d96740d2d18dcda2df2886c33417f8874ca19afdac804b6a535a0108a,nan,,1.0,43225.0,0.7315360140806932,2506.0,9248.3,1.715234151141291,0.0,,0.0,0.0,B,3.7248944083716826,AI_VERIFIED,False
59088.0,root1:batch_16,49536.0,0.09282801631086592,484096.0,case_012,4,4.0,49536.0,incumbent_split_release_g1_p2,15705.0,49536.0,incumbent_split_release_g1_p2,0.16487995800162025,15705.0,554898.0,49536.0,f6eba84502c68d02c9f9077116582982a6a064e9648a8b2a04db38c0c396acf2,0.15090258300006099,604434.0,timing,0.0,49536.0,49536.0,0.09282801631086592,484096.0,incumbent_base,15863.0,94df594345b7cdb72dad9fa353916ed3c391b91d54c302c29df851cb06d13417,nan,,3.7248944083716826,158.0,0.009960284939797013,2506.0,9248.3,1.6981499302574528,49536.0,incumbent_split_release_g1_p2,0.0,0.0,C,3.7623686723973258,AI_VERIFIED,False
59088.0,root1:batch_16,0,0,0,case_012,5,0.0,0.0,,nan,53568.0,L1_base,0.16761362500074029,13406.0,554898.0,53568.0,74e2f48a02bc0da889d9ecfa1e9a1620e41c58aa5959111496f36eec5e3f8b21,0.12584274999971967,608466.0,legacy_seed,0.0,0.0,0,0,0,A0_base,59088.0,6c574feee57460f6675bd0940dae8346c9aebb9d5c27ead898c45e34645658da,nan,,1.0,45682.0,0.7731180611968589,2506.0,9248.3,1.4495637035995805,0.0,,0.0,0.0,A,4.407578696106221,AI_VERIFIED,False
59088.0,root1:batch_16,0,0,0,case_012,5,0.0,0.0,,nan,53568.0,L1_base,0.19337875000019267,13406.0,554898.0,53568.0,74e2f48a02bc0da889d9ecfa1e9a1620e41c58aa5959111496f36eec5e3f8b21,0.1391161670017027,608466.0,legacy_seed,0.0,0.0,0,0,0,B0_base,59088.0,6c574feee57460f6675bd0940dae8346c9aebb9d5c27ead898c45e34645658da,nan,,1.0,45682.0,0.7731180611968589,2506.0,9248.3,1.4495637035995805,0.0,,0.0,0.0,B,4.407578696106221,AI_VERIFIED,False
59088.0,root1:batch_16,41280.0,0.07677657421735508,496384.0,case_012,5,4.0,41280.0,event_timing_tid_1766_miss_2_bytes_12288_front,13406.0,53568.0,event_timing_tid_1766_miss_2_bytes_12288_front,0.1884421660015505,13406.0,554898.0,53568.0,4b293d7da5a1ffae9b39529d488931796e59c19b6739a2bda984e891e0acf9a2,0.16204587500033085,608466.0,event_timing,0.0,53568.0,41280.0,0.07677657421735508,496384.0,incumbent_base,13406.0,74e2f48a02bc0da889d9ecfa1e9a1620e41c58aa5959111496f36eec5e3f8b21,nan,,4.407578696106221,0.0,0.0,2506.0,9248.3,1.4495637035995805,49536.0,lower_core_base,0.0,0.0,C,4.407578696106221,AI_VERIFIED,False
263949.0,root1:batch_12,0,0,0,case_013,1,0.0,0.0,,nan,0.0,A0_base,nan,263949.0,2527232.0,0.0,b43a2d879758c1855d0c5d1f91e4d37cbfb200f27ed7c8d01111594cf43b0ffe,nan,2527232.0,,0.0,0.0,0,0,0,A0_base,263949.0,b43a2d879758c1855d0c5d1f91e4d37cbfb200f27ed7c8d01111594cf43b0ffe,nan,,1.0,0.0,0.0,400.0,42120.53333333333,6.266516093496759,0.0,,0.0,0.0,A,1.0,AI_VERIFIED,False
263949.0,root1:batch_12,0,0,0,case_013,1,0.0,0.0,,nan,0.0,B0_base,nan,263949.0,2527232.0,0.0,b43a2d879758c1855d0c5d1f91e4d37cbfb200f27ed7c8d01111594cf43b0ffe,nan,2527232.0,,0.0,0.0,0,0,0,B0_base,263949.0,b43a2d879758c1855d0c5d1f91e4d37cbfb200f27ed7c8d01111594cf43b0ffe,nan,,1.0,0.0,0.0,400.0,42120.53333333333,6.266516093496759,0.0,,0.0,0.0,B,1.0,AI_VERIFIED,False
263949.0,root1:batch_12,0.0,0.0,2023424.0,case_013,1,0.0,0.0,,nan,0.0,incumbent_base,0.45592204199965636,263949.0,2527232.0,0.0,b43a2d879758c1855d0c5d1f91e4d37cbfb200f27ed7c8d01111594cf43b0ffe,0.45570224999937636,2527232.0,incumbent,0.0,0.0,0.0,0.0,2023424.0,incumbent_base,263949.0,b43a2d879758c1855d0c5d1f91e4d37cbfb200f27ed7c8d01111594cf43b0ffe,0.45570224999937636,incumbent,1.0,0.0,0.0,400.0,42120.53333333333,6.266516093496759,0.0,,0.0,0.0,C,1.0,AI_VERIFIED,False
263949.0,root1:batch_12,0,0,0,case_013,2,0.0,0.0,,nan,8192.0,A1_base,nan,132198.0,2527232.0,8192.0,de16cbf26002ef32c4b79dff55cc247f253cc5d0400d9631b283be2bdac0258e,nan,2535424.0,,0.0,0.0,0,0,0,A0_base,263949.0,41619938b9b8c67bf5745dd732a4ac2ff2ddc57829f9c0d8a8fe9c4f8dc751e6,nan,,1.0,131751.0,0.4991532455133378,400.0,42120.53333333333,3.1385642473662885,0.0,,0.0,0.0,A,1.9966187083011846,AI_VERIFIED,False
263949.0,root1:batch_12,0,0,0,case_013,2,0.0,0.0,,nan,8192.0,B1_base,nan,132198.0,2527232.0,8192.0,de16cbf26002ef32c4b79dff55cc247f253cc5d0400d9631b283be2bdac0258e,nan,2535424.0,,0.0,0.0,0,0,0,B0_base,263949.0,41619938b9b8c67bf5745dd732a4ac2ff2ddc57829f9c0d8a8fe9c4f8dc751e6,nan,,1.0,131751.0,0.4991532455133378,400.0,42120.53333333333,3.1385642473662885,0.0,,0.0,0.0,B,1.9966187083011846,AI_VERIFIED,False
263949.0,root1:batch_12,0.0,0.0,2031616.0,case_013,2,0.0,0.0,,nan,8192.0,incumbent_base,nan,132198.0,2527232.0,8192.0,de16cbf26002ef32c4b79dff55cc247f253cc5d0400d9631b283be2bdac0258e,nan,2535424.0,,0.0,8192.0,0.0,0.0,2031616.0,incumbent_base,132198.0,de16cbf26002ef32c4b79dff55cc247f253cc5d0400d9631b283be2bdac0258e,nan,,1.9966187083011846,0.0,0.0,400.0,42120.53333333333,3.1385642473662885,0.0,,0.0,0.0,C,1.9966187083011846,AI_VERIFIED,False
263949.0,root1:batch_12,0,0,0,case_013,3,0.0,0.0,,nan,16384.0,A1_base,nan,88351.0,2527232.0,16384.0,8ecaf3cd433a36e7089f934de3d1a88bc54a3597d2732a9db6e29ee9b24e9ff8,nan,2543616.0,,0.0,0.0,0,0,0,A0_base,263949.0,3e3bae5aa4b8072c17aa8b0e38f608f042596082826b4ecee28bd8308f538890,nan,,1.0,175598.0,0.6652724579369499,400.0,42120.53333333333,2.0975755292747165,0.0,,0.0,0.0,A,2.98750438591527,AI_VERIFIED,False
263949.0,root1:batch_12,0,0,0,case_013,3,0.0,0.0,,nan,16384.0,B1_base,nan,88351.0,2527232.0,16384.0,8ecaf3cd433a36e7089f934de3d1a88bc54a3597d2732a9db6e29ee9b24e9ff8,nan,2543616.0,,0.0,0.0,0,0,0,B0_base,263949.0,3e3bae5aa4b8072c17aa8b0e38f608f042596082826b4ecee28bd8308f538890,nan,,1.0,175598.0,0.6652724579369499,400.0,42120.53333333333,2.0975755292747165,0.0,,0.0,0.0,B,2.98750438591527,AI_VERIFIED,False
263949.0,root1:batch_12,0.0,0.0,2039808.0,case_013,3,0.0,0.0,,nan,16384.0,incumbent_base,nan,88351.0,2527232.0,16384.0,8ecaf3cd433a36e7089f934de3d1a88bc54a3597d2732a9db6e29ee9b24e9ff8,nan,2543616.0,,0.0,16384.0,0.0,0.0,2039808.0,incumbent_base,88351.0,8ecaf3cd433a36e7089f934de3d1a88bc54a3597d2732a9db6e29ee9b24e9ff8,nan,,2.98750438591527,0.0,0.0,400.0,42120.53333333333,2.0975755292747165,0.0,,0.0,0.0,C,2.98750438591527,AI_VERIFIED,False
263949.0,root1:batch_12,0,0,0,case_013,4,0.0,0.0,,nan,24576.0,A1_base,nan,66982.0,2527232.0,24576.0,e898621a62e15ac5efc688737808bc9d99acd1fc2b8d9f4765cc72645f7fd207,nan,2551808.0,,0.0,0.0,0,0,0,A0_base,263949.0,f17fc3cce1ebd21ada9290ad3c209ed289d02b25f82f6fe0961ab39cd77de098,nan,,1.0,196967.0,0.7462312795274845,400.0,42120.53333333333,1.590245770867099,0.0,,0.0,0.0,A,3.9405959810098237,AI_VERIFIED,False
263949.0,root1:batch_12,0,0,0,case_013,4,0.0,0.0,,nan,24576.0,B1_base,nan,66982.0,2527232.0,24576.0,e898621a62e15ac5efc688737808bc9d99acd1fc2b8d9f4765cc72645f7fd207,nan,2551808.0,,0.0,0.0,0,0,0,B0_base,263949.0,f17fc3cce1ebd21ada9290ad3c209ed289d02b25f82f6fe0961ab39cd77de098,nan,,1.0,196967.0,0.7462312795274845,400.0,42120.53333333333,1.590245770867099,0.0,,0.0,0.0,B,3.9405959810098237,AI_VERIFIED,False
263949.0,root1:batch_12,0.0,0.0,2048000.0,case_013,4,0.0,0.0,,nan,24576.0,incumbent_base,nan,66982.0,2527232.0,24576.0,e898621a62e15ac5efc688737808bc9d99acd1fc2b8d9f4765cc72645f7fd207,nan,2551808.0,,0.0,24576.0,0.0,0.0,2048000.0,incumbent_base,66982.0,e898621a62e15ac5efc688737808bc9d99acd1fc2b8d9f4765cc72645f7fd207,nan,,3.9405959810098237,0.0,0.0,400.0,42120.53333333333,1.590245770867099,0.0,,0.0,0.0,C,3.9405959810098237,AI_VERIFIED,False
263949.0,root1:batch_12,0,0,0,case_013,5,0.0,0.0,,nan,32768.0,A1_base,nan,54363.0,2527232.0,32768.0,95cba29670919951d8751c3c4460a7c16f4c6021c845ff2bbc0736d395dc5266,nan,2560000.0,,0.0,0.0,0,0,0,A0_base,263949.0,e0751c5683a02d5525c756b196b760d40d3802634b460bb96d979d61e38c2179,nan,,1.0,209586.0,0.794039757680461,400.0,42120.53333333333,1.2906531731158832,0.0,,0.0,0.0,A,4.855305998565201,AI_VERIFIED,False
263949.0,root1:batch_12,0,0,0,case_013,5,0.0,0.0,,nan,49152.0,r4_boundary_n12_c4_p0,0.44306137499916076,54349.0,2527232.0,49152.0,7f7d201997daa1ea9a5ca76cca4e2990d9b4456a26c4b58ba45edddeb98af8a5,0.3212063750015659,2576384.0,ordinary_chain,0.0,0.0,0,0,0,B0_base,263949.0,e0751c5683a02d5525c756b196b760d40d3802634b460bb96d979d61e38c2179,nan,,1.0,209600.0,0.794092798229961,400.0,42120.53333333333,1.290320793658833,0.0,,0.0,0.0,B,4.856556698375315,AI_VERIFIED,False
263949.0,root1:batch_12,30720.0,0.01488095238095238,2033664.0,case_013,5,2.0,30720.0,r2_order_release_core_3,53418.0,49152.0,r2_order_release_core_3,0.5693109579988231,53418.0,2527232.0,49152.0,47a706babf8e2694bdc76785cd4060efb472bdcb4f6cc07e08808b1ea2655797,0.4086543330013228,2576384.0,ordinary_chain,0.0,49152.0,24576.0,0.011904761904761904,2039808.0,incumbent_base,54125.0,7f7d201997daa1ea9a5ca76cca4e2990d9b4456a26c4b58ba45edddeb98af8a5,nan,,4.876655889145496,707.0,0.013062355658198615,400.0,42120.53333333333,1.2682175597649918,30720.0,r2_order_release_core_3,0.0,0.0,C,4.941199595641918,AI_VERIFIED,False
17698626.0,root1:batch_01,0,0,0,case_014,1,0.0,0.0,,nan,71385504.0,A2_base,14.696102416999565,17698038.0,9932740.0,2087424.0,735c1ccb3b640a0c875a42943ca79a4d44eac446a92bf0dd5330ae9c7ea01103,11.685631291999016,81318244.0,seed,69298080.0,71010720.0,0,0,0,A0_base,17698626.0,e4470d63e799b39297ce8ca9f032c36890a56cad0044a10c7428fac25edf97c2,nan,,1.0,588.0,3.322291798244677e-05,31968.0,165545.66666666666,106.90728640838279,0.0,,0.0,0.0,A,1.0000332240217813,AI_VERIFIED,False
17698626.0,root1:batch_01,0,0,0,case_014,1,0.0,0.0,,nan,71010720.0,B0_base,nan,17698626.0,9932740.0,0.0,e4470d63e799b39297ce8ca9f032c36890a56cad0044a10c7428fac25edf97c2,nan,80943460.0,,71010720.0,71010720.0,0,0,0,B0_base,17698626.0,e4470d63e799b39297ce8ca9f032c36890a56cad0044a10c7428fac25edf97c2,nan,,1.0,0.0,0.0,31968.0,165545.66666666666,106.910838298395,0.0,,0.0,0.0,B,1.0,AI_VERIFIED,False
17698626.0,root1:batch_01,9944064.0,0.12291025483195864,70961016.0,case_014,1,1.0,9944064.0,incumbent_base,17689602.0,71010720.0,incumbent_base,17.45514333399842,17689602.0,9932740.0,0.0,e4470d63e799b39297ce8ca9f032c36890a56cad0044a10c7428fac25edf97c2,17.558232874998794,80943460.0,incumbent,71010720.0,71010720.0,9944064.0,0.12291025483195864,70961016.0,incumbent_base,17689602.0,e4470d63e799b39297ce8ca9f032c36890a56cad0044a10c7428fac25edf97c2,17.558232874998794,incumbent,1.0005101301883446,0.0,0.0,31968.0,165545.66666666666,106.85632765984009,9944064.0,incumbent_base,0.0,0.0,C,1.0005101301883446,AI_VERIFIED,False
17698626.0,root1:batch_01,0,0,0,case_014,2,0.0,0.0,,nan,71757240.0,A1_base,nan,8897730.0,9932740.0,9893208.0,4b9922fe7fb2a9eff94180beb253dce463e8da71ea74e32b03e7d3d5f88c9282,nan,81689980.0,,61864032.0,71010720.0,0,0,0,A0_base,17698626.0,c35d050c636df921b368de678f74b5c69f05b990fb2a5fcde61f8e80d1bb99c2,nan,,1.0,8800896.0,0.49726436391163925,31968.0,165545.66666666666,53.7478882966835,0.0,,0.0,0.0,A,1.989116999504368,AI_VERIFIED,False
17698626.0,root1:batch_01,0,0,0,case_014,2,0.0,0.0,,nan,71757240.0,B1_base,nan,8897730.0,9932740.0,9893208.0,4b9922fe7fb2a9eff94180beb253dce463e8da71ea74e32b03e7d3d5f88c9282,nan,81689980.0,,61864032.0,71010720.0,0,0,0,B0_base,17698626.0,c35d050c636df921b368de678f74b5c69f05b990fb2a5fcde61f8e80d1bb99c2,nan,,1.0,8800896.0,0.49726436391163925,31968.0,165545.66666666666,53.7478882966835,0.0,,0.0,0.0,B,1.989116999504368,AI_VERIFIED,False
17698626.0,root1:batch_01,18627072.0,0.22808041447366487,63041808.0,case_014,2,2.0,18627072.0,incumbent_base,8888616.0,71757240.0,incumbent_base,nan,8888616.0,9932740.0,9893208.0,4b9922fe7fb2a9eff94180beb253dce463e8da71ea74e32b03e7d3d5f88c9282,nan,81689980.0,,61864032.0,71757240.0,18627072.0,0.22808041447366487,63041808.0,incumbent_base,8888616.0,4b9922fe7fb2a9eff94180beb253dce463e8da71ea74e32b03e7d3d5f88c9282,nan,,1.9911565535061926,0.0,0.0,31968.0,165545.66666666666,53.69283400149405,18627072.0,incumbent_base,0.0,0.0,C,1.9911565535061926,AI_VERIFIED,False
17698626.0,root1:batch_01,0,0,0,case_014,3,0.0,0.0,,nan,77770920.0,A1_base,nan,5980663.0,9932740.0,18058416.0,5819f68b648751ce0da9f22f932797eef4d361f1df3e93283ae3b56aa4fecaa6,nan,87703660.0,,59712504.0,71010720.0,0,0,0,A0_base,17698626.0,275a00ef1023cddc3c1574abf306acf9f844a420b51fc37447c8c9f931150ec1,nan,,1.0,11717963.0,0.6620832035209965,31968.0,165545.66666666666,36.1269679866784,0.0,,0.0,0.0,A,2.959308357618545,AI_VERIFIED,False
17698626.0,root1:batch_01,0,0,0,case_014,3,0.0,0.0,,nan,77770920.0,B1_base,nan,5980663.0,9932740.0,18058416.0,5819f68b648751ce0da9f22f932797eef4d361f1df3e93283ae3b56aa4fecaa6,nan,87703660.0,,59712504.0,71010720.0,0,0,0,B0_base,17698626.0,275a00ef1023cddc3c1574abf306acf9f844a420b51fc37447c8c9f931150ec1,nan,,1.0,11717963.0,0.6620832035209965,31968.0,165545.66666666666,36.1269679866784,0.0,,0.0,0.0,B,2.959308357618545,AI_VERIFIED,False
17698626.0,root1:batch_01,25331592.0,0.2889011452220373,62350968.0,case_014,3,3.0,25331592.0,incumbent_base,5942569.0,77770920.0,incumbent_base,nan,5942569.0,9932740.0,18058416.0,5819f68b648751ce0da9f22f932797eef4d361f1df3e93283ae3b56aa4fecaa6,nan,87703660.0,,59712504.0,77770920.0,25331592.0,0.2889011452220373,62350968.0,incumbent_base,5942569.0,5819f68b648751ce0da9f22f932797eef4d361f1df3e93283ae3b56aa4fecaa6,nan,,2.9782785862477996,0.0,0.0,31968.0,165545.66666666666,35.89685625517229,25331592.0,incumbent_base,0.0,0.0,C,2.9782785862477996,AI_VERIFIED,False
17698626.0,root1:batch_01,0,0,0,case_014,4,0.0,0.0,,nan,81886104.0,A1_base,nan,4521815.0,9932740.0,29679624.0,2b4c50ecdc7217545ac6dd5fe849bac596f0a7ad2bd2136a46c7f6fa9f1c5f4e,nan,91818844.0,,52206480.0,71010720.0,0,0,0,A0_base,17698626.0,e1c36c3192aaf444f96a2090a9933345f40275927ce5afc71f65f29b1ea83a34,nan,,1.0,13176811.0,0.7445103930666708,31968.0,165545.66666666666,27.314608053769657,0.0,,0.0,0.0,A,3.9140535382363058,AI_VERIFIED,False
17698626.0,root1:batch_01,0,0,0,case_014,4,0.0,0.0,,nan,81886104.0,B1_base,nan,4521815.0,9932740.0,29679624.0,2b4c50ecdc7217545ac6dd5fe849bac596f0a7ad2bd2136a46c7f6fa9f1c5f4e,nan,91818844.0,,52206480.0,71010720.0,0,0,0,B0_base,17698626.0,e1c36c3192aaf444f96a2090a9933345f40275927ce5afc71f65f29b1ea83a34,nan,,1.0,13176811.0,0.7445103930666708,31968.0,165545.66666666666,27.314608053769657,0.0,,0.0,0.0,B,3.9140535382363058,AI_VERIFIED,False
17698626.0,root1:batch_01,25165248.0,0.2741379788156885,66632496.0,case_014,4,3.0,25165248.0,incumbent_base,4500714.0,81886104.0,incumbent_base,nan,4500714.0,9932740.0,29679624.0,2b4c50ecdc7217545ac6dd5fe849bac596f0a7ad2bd2136a46c7f6fa9f1c5f4e,nan,91818844.0,,52206480.0,81886104.0,25165248.0,0.2741379788156885,66632496.0,incumbent_base,4500714.0,2b4c50ecdc7217545ac6dd5fe849bac596f0a7ad2bd2136a46c7f6fa9f1c5f4e,nan,,3.9324040585560422,0.0,0.0,31968.0,165545.66666666666,27.187144735490914,25331592.0,lower_core_base,0.0,0.0,C,3.9324040585560422,AI_VERIFIED,False
17698626.0,root1:batch_01,0,0,0,case_014,5,0.0,0.0,,nan,87153672.0,A1_base,nan,3681597.0,9932740.0,32238768.0,5e95a7d06707c3eef9809f51255ce41088cb047bb41a88254e3984c21b770968,nan,97086412.0,,54914904.0,71010720.0,0,0,0,A0_base,17698626.0,43598346f048bb5ea77dc412b4635660f318996f3a003815a5838d89b09e1521,nan,,1.0,14017029.0,0.7919840218105066,31968.0,165545.66666666666,22.239162607699388,0.0,,0.0,0.0,A,4.807323017701286,AI_VERIFIED,False
17698626.0,root1:batch_01,0,0,0,case_014,5,0.0,0.0,,nan,87153672.0,B1_base,nan,3681597.0,9932740.0,32238768.0,5e95a7d06707c3eef9809f51255ce41088cb047bb41a88254e3984c21b770968,nan,97086412.0,,54914904.0,71010720.0,0,0,0,B0_base,17698626.0,43598346f048bb5ea77dc412b4635660f318996f3a003815a5838d89b09e1521,nan,,1.0,14017029.0,0.7919840218105066,31968.0,165545.66666666666,22.239162607699388,0.0,,0.0,0.0,B,4.807323017701286,AI_VERIFIED,False
17698626.0,root1:batch_01,26205696.0,0.26998003158945183,70859616.0,case_014,5,3.0,26205696.0,incumbent_base,3672221.0,87153672.0,incumbent_base,nan,3672221.0,9932740.0,32238768.0,5e95a7d06707c3eef9809f51255ce41088cb047bb41a88254e3984c21b770968,nan,97086412.0,,54914904.0,87153672.0,26205696.0,0.26998003158945183,70859616.0,incumbent_base,3672221.0,5e95a7d06707c3eef9809f51255ce41088cb047bb41a88254e3984c21b770968,nan,,4.8195971865527705,0.0,0.0,31968.0,165545.66666666666,22.18252566764055,26295288.0,incumbent_disperse_tid_1000001333_node_3123_core_4_pos_0,0.0,0.0,C,4.8195971865527705,AI_VERIFIED,False
177362.0,root1:batch_10,0,0,0,case_015,1,0.0,0.0,,nan,1778432.0,L3_base,0.15288041699932364,172300.0,884614.0,1663744.0,b2a0214495bd263a4411316cb0bbddeeda604b70d35e5bb37bb8efcf4d68c312,0.12497245799931989,2663046.0,legacy_seed,114688.0,180256.0,0,0,0,A0_base,177362.0,be67ba9c63e4822c80a1c606810e911c4fbd51ed2473b04c77d510b1ef97f1a2,nan,,1.0,5062.0,0.028540499092252005,7913.0,14743.566666666668,11.68645307444829,0.0,,0.0,0.0,A,1.029378990133488,AI_VERIFIED,False
177362.0,root1:batch_10,0,0,0,case_015,1,0.0,0.0,,nan,507940.0,B3_base,0.19353891600076167,167767.0,884614.0,0.0,4b9744a906dc12cafb1e506132277438cd486224b5675e0edffa5e1853697835,0.15164704200105916,1392554.0,seed,507940.0,180256.0,0,0,0,B0_base,177362.0,be67ba9c63e4822c80a1c606810e911c4fbd51ed2473b04c77d510b1ef97f1a2,nan,,1.0,9595.0,0.0540983976274512,7913.0,14743.566666666668,11.37899694103869,0.0,,0.0,0.0,B,1.0571924156717352,AI_VERIFIED,False
177362.0,root1:batch_10,204800.0,0.16504788645221186,1036052.0,case_015,1,3.0,204800.0,incumbent_aggregate,167630.0,507940.0,incumbent_aggregate,0.15241112500007148,167630.0,884614.0,0.0,05eac0a4639d44eb516156ab3bf2217d39ce311aa1569c378bf6865c9e29d771,0.16106799999943178,1392554.0,aggregate,507940.0,507940.0,204800.0,0.16504788645221186,1036052.0,incumbent_base,167630.0,4b9744a906dc12cafb1e506132277438cd486224b5675e0edffa5e1853697835,nan,,1.0580564338125633,0.0,0.0,7913.0,14743.566666666668,11.36970475258135,204800.0,incumbent_base,0.0,0.0,C,1.0580564338125633,AI_VERIFIED,False
177362.0,root1:batch_10,0,0,0,case_015,2,0.0,0.0,,nan,199948.0,L1_base,0.12093483299940999,90509.0,884614.0,109824.0,757ed6ad36ed986db4a0637f126dbd0c44b405b2b1a57723982c5040f65573de,0.09510604100069031,1084562.0,legacy_seed,90124.0,180256.0,0,0,0,A0_base,177362.0,14a159d541093e01fde6f3b2caeb6e70c58d0c817c5f224e88924e4c386b6886,nan,,1.0,86853.0,0.48969339542855855,7913.0,14743.566666666668,6.138880913030994,0.0,,0.0,0.0,A,1.9596062270050492,AI_VERIFIED,False
177362.0,root1:batch_10,0,0,0,case_015,2,0.0,0.0,,nan,199948.0,L1_base,0.14847941600055492,90509.0,884614.0,109824.0,757ed6ad36ed986db4a0637f126dbd0c44b405b2b1a57723982c5040f65573de,0.1218762919997971,1084562.0,legacy_seed,90124.0,180256.0,0,0,0,B0_base,177362.0,14a159d541093e01fde6f3b2caeb6e70c58d0c817c5f224e88924e4c386b6886,nan,,1.0,86853.0,0.48969339542855855,7913.0,14743.566666666668,6.138880913030994,0.0,,0.0,0.0,B,1.9596062270050492,AI_VERIFIED,False
177362.0,root1:batch_10,199936.0,0.18437068895561146,884488.0,case_015,2,5.0,199936.0,incumbent_split_release_g0_p4,87390.0,199948.0,incumbent_split_release_g0_p4,0.12744374999965657,87390.0,884614.0,109824.0,91bd97a4b14e2c9c6fabf323ac5438a7e40b0960479d0894e607b9d7a831bfad,0.13573345799886738,1084562.0,timing,90124.0,199948.0,199936.0,0.18437068895561146,884488.0,incumbent_base,90509.0,757ed6ad36ed986db4a0637f126dbd0c44b405b2b1a57723982c5040f65573de,nan,,1.9596062270050492,3119.0,0.03446066137069242,7913.0,14743.566666666668,5.927331016692026,224512.0,C1_base,0.0,0.0,C,2.029545714612656,AI_VERIFIED,False
177362.0,root1:batch_10,0,0,0,case_015,3,0.0,0.0,,nan,290060.0,A1_base,nan,60578.0,884614.0,208128.0,ff4c6e3efbdc107420cea015b63d57f0613a374bcec493725c7127fd85a78dcc,nan,1174674.0,,81932.0,180256.0,0,0,0,A0_base,177362.0,914ad8b75602f5221edcd565ba294dcd8ca057d50f7ae6a837139cf8bed1ba04,nan,,1.0,116784.0,0.6584499498201418,7913.0,14743.566666666668,4.108775126778459,0.0,,0.0,0.0,A,2.927828584634686,AI_VERIFIED,False
177362.0,root1:batch_10,0,0,0,case_015,3,0.0,0.0,,nan,290060.0,B1_base,nan,60578.0,884614.0,208128.0,ff4c6e3efbdc107420cea015b63d57f0613a374bcec493725c7127fd85a78dcc,nan,1174674.0,,81932.0,180256.0,0,0,0,B0_base,177362.0,914ad8b75602f5221edcd565ba294dcd8ca057d50f7ae6a837139cf8bed1ba04,nan,,1.0,116784.0,0.6584499498201418,7913.0,14743.566666666668,4.108775126778459,0.0,,0.0,0.0,B,2.927828584634686,AI_VERIFIED,False
177362.0,root1:batch_10,290048.0,0.24694687944856522,884488.0,case_015,3,3.0,290048.0,incumbent_base,60578.0,290060.0,incumbent_base,nan,60578.0,884614.0,208128.0,ff4c6e3efbdc107420cea015b63d57f0613a374bcec493725c7127fd85a78dcc,nan,1174674.0,,81932.0,290060.0,290048.0,0.24694687944856522,884488.0,incumbent_base,60578.0,ff4c6e3efbdc107420cea015b63d57f0613a374bcec493725c7127fd85a78dcc,nan,,2.927828584634686,0.0,0.0,7913.0,14743.566666666668,4.108775126778459,290048.0,incumbent_base,0.0,0.0,C,2.927828584634686,AI_VERIFIED,False
177362.0,root1:batch_10,0,0,0,case_015,4,0.0,0.0,,nan,362248.0,L1_base,0.16015716599940788,48727.0,884614.0,329472.0,6f73e447dab3b7d8a3b0dac2572130a4e5f7e3c923c12f36db3c868178feb70a,0.1290271660000144,1246862.0,legacy_seed,32776.0,180256.0,0,0,0,A0_base,177362.0,ba32b6cd118da52a14af39de15c19bb60f210d68d9a1834ff675749e2012f0b3,nan,,1.0,128635.0,0.7252680957589562,7913.0,14743.566666666668,3.304966912122123,0.0,,0.0,0.0,A,3.6399121636874834,AI_VERIFIED,False
177362.0,root1:batch_10,0,0,0,case_015,4,0.0,0.0,,nan,362248.0,L1_base,0.17079337500035763,48727.0,884614.0,329472.0,6f73e447dab3b7d8a3b0dac2572130a4e5f7e3c923c12f36db3c868178feb70a,0.1983263749989419,1246862.0,legacy_seed,32776.0,180256.0,0,0,0,B0_base,177362.0,ba32b6cd118da52a14af39de15c19bb60f210d68d9a1834ff675749e2012f0b3,nan,,1.0,128635.0,0.7252680957589562,7913.0,14743.566666666668,3.304966912122123,0.0,,0.0,0.0,B,3.6399121636874834,AI_VERIFIED,False
177362.0,root1:batch_10,260480.0,0.20893123268464764,986246.0,case_015,4,5.0,260480.0,event_timing_tid_3_miss_2_bytes_65536_front,48669.0,362248.0,event_timing_tid_3_miss_2_bytes_65536_front,0.1368264579996321,48669.0,884614.0,329472.0,644250a292464fa504a7dc478fcb84899ae7555f70256d2a0cc2ff442a54bb0a,0.13133312500031025,1246862.0,event_timing,32776.0,362248.0,260480.0,0.20893123268464764,986246.0,incumbent_base,48669.0,6f73e447dab3b7d8a3b0dac2572130a4e5f7e3c923c12f36db3c868178feb70a,nan,,3.6442499332223797,0.0,0.0,7913.0,14743.566666666668,3.3010329929212063,290048.0,lower_core_base,0.0,0.0,C,3.6442499332223797,AI_VERIFIED,False
177362.0,root1:batch_10,0,0,0,case_015,5,0.0,0.0,,nan,336384.0,L1_base,0.14270145899899944,43665.0,884614.0,336384.0,6a7a5c87a1caf3d4ab3e5bb1e5851d131f3e751093760d0a0b9f8b22f5dcdc61,0.14103754100142396,1220998.0,legacy_seed,0.0,180256.0,0,0,0,A0_base,177362.0,5229f26f90c82151708c2cb78c0b2e95b118e990ba8619ee27f9957671b409bc,nan,,1.0,133697.0,0.7538085948512082,7913.0,14743.566666666668,2.961630722552435,0.0,,0.0,0.0,A,4.061880224436047,AI_VERIFIED,False
177362.0,root1:batch_10,0,0,0,case_015,5,0.0,0.0,,nan,336384.0,L1_base,0.14826349999930244,43665.0,884614.0,336384.0,6a7a5c87a1caf3d4ab3e5bb1e5851d131f3e751093760d0a0b9f8b22f5dcdc61,0.10819712500051537,1220998.0,legacy_seed,0.0,180256.0,0,0,0,B0_base,177362.0,5229f26f90c82151708c2cb78c0b2e95b118e990ba8619ee27f9957671b409bc,nan,,1.0,133697.0,0.7538085948512082,7913.0,14743.566666666668,2.961630722552435,0.0,,0.0,0.0,B,4.061880224436047,AI_VERIFIED,False
177362.0,root1:batch_10,303616.0,0.2486890453170127,917250.0,case_015,5,5.0,303616.0,event_timing_tid_9_miss_2_bytes_65536_front,42872.0,336384.0,event_timing_tid_9_miss_2_bytes_65536_front,0.15813554200030921,42872.0,884614.0,336384.0,18dfef999a8b14a89675764c96223cf1311a37824999ad96e461d28279bde639,0.16261104200020782,1220998.0,event_timing,0.0,336384.0,303616.0,0.2486890453170127,917250.0,incumbent_base,42872.0,6a7a5c87a1caf3d4ab3e5bb1e5851d131f3e751093760d0a0b9f8b22f5dcdc61,nan,,4.137012502332524,0.0,0.0,7913.0,14743.566666666668,2.907844551408863,303616.0,incumbent_base,0.0,0.0,C,4.137012502332524,AI_VERIFIED,False
7715523.0,root1:batch_11,0,0,0,case_016,1,0.0,0.0,,nan,0.0,A0_base,nan,7715523.0,393218.0,0.0,ceb691fa3f6538b83035d95def0b97b3c816ea719b0a9eb61639b5899d297c41,nan,393218.0,,0.0,0.0,0,0,0,A0_base,7715523.0,ceb691fa3f6538b83035d95def0b97b3c816ea719b0a9eb61639b5899d297c41,nan,,1.0,0.0,0.0,655140.0,655140.0,11.77690722593644,0.0,,0.0,0.0,A,1.0,AI_VERIFIED,False
7715523.0,root1:batch_11,0,0,0,case_016,1,0.0,0.0,,nan,0.0,B0_base,nan,7715523.0,393218.0,0.0,ceb691fa3f6538b83035d95def0b97b3c816ea719b0a9eb61639b5899d297c41,nan,393218.0,,0.0,0.0,0,0,0,B0_base,7715523.0,ceb691fa3f6538b83035d95def0b97b3c816ea719b0a9eb61639b5899d297c41,nan,,1.0,0.0,0.0,655140.0,655140.0,11.77690722593644,0.0,,0.0,0.0,B,1.0,AI_VERIFIED,False
7715523.0,root1:batch_11,0.0,0.0,393216.0,case_016,1,0.0,0.0,,nan,0.0,incumbent_base,12.2703040840006,7715523.0,393218.0,0.0,ceb691fa3f6538b83035d95def0b97b3c816ea719b0a9eb61639b5899d297c41,12.449560416998793,393218.0,incumbent,0.0,0.0,0.0,0.0,393216.0,incumbent_base,7715523.0,ceb691fa3f6538b83035d95def0b97b3c816ea719b0a9eb61639b5899d297c41,12.449560416998793,incumbent,1.0,0.0,0.0,655140.0,655140.0,11.77690722593644,0.0,,0.0,0.0,C,1.0,AI_VERIFIED,False
7715523.0,root1:batch_11,0,0,0,case_016,2,0.0,0.0,,nan,0.0,A0_base,nan,7715523.0,393218.0,0.0,085d99a8e31183460b528babd5e25515a3470d4bee6c75765189c6b934a35737,nan,393218.0,,0.0,0.0,0,0,0,A0_base,7715523.0,085d99a8e31183460b528babd5e25515a3470d4bee6c75765189c6b934a35737,nan,,1.0,0.0,0.0,655140.0,655140.0,11.77690722593644,0.0,,0.0,0.0,A,1.0,AI_VERIFIED,False
7715523.0,root1:batch_11,0,0,0,case_016,2,0.0,0.0,,nan,2162724.0,L2_base,6.583363333998932,7712915.0,393218.0,2162724.0,e2438d3e4d442d491994663f96bb030d5709dded898d99b202205b6a635ab902,7.235378082999887,2555942.0,legacy_seed,0.0,0.0,0,0,0,B0_base,7715523.0,085d99a8e31183460b528babd5e25515a3470d4bee6c75765189c6b934a35737,nan,,1.0,2608.0,0.00033801985944439543,655140.0,655140.0,11.77292639741124,0.0,,0.0,0.0,B,1.0003381341555042,AI_VERIFIED,False
7715523.0,root1:batch_11,0.0,0.0,1671186.0,case_016,2,1.0,393216.0,r1_boundary_n4525_c1_p0,7716031.0,2162724.0,incumbent_base,nan,7712915.0,393218.0,2162724.0,e2438d3e4d442d491994663f96bb030d5709dded898d99b202205b6a635ab902,nan,2555942.0,,0.0,2162724.0,0.0,0.0,1671186.0,incumbent_base,7712915.0,e2438d3e4d442d491994663f96bb030d5709dded898d99b202205b6a635ab902,nan,,1.0003381341555042,0.0,0.0,655140.0,655140.0,11.77292639741124,393216.0,r1_boundary_n4525_c1_p0,0.0,0.0,C,1.0003381341555042,AI_VERIFIED,True
7715523.0,root1:batch_11,0,0,0,case_016,3,0.0,0.0,,nan,0.0,A0_base,nan,7715523.0,393218.0,0.0,ba050bbc6b89c33eb27749867f23eb4f55420e18960c0b82218d726e1213023f,nan,393218.0,,0.0,0.0,0,0,0,A0_base,7715523.0,ba050bbc6b89c33eb27749867f23eb4f55420e18960c0b82218d726e1213023f,nan,,1.0,0.0,0.0,655140.0,655140.0,11.77690722593644,0.0,,0.0,0.0,A,1.0,AI_VERIFIED,False
7715523.0,root1:batch_11,0,0,0,case_016,3,0.0,0.0,,nan,2162724.0,incumbent_base,nan,7712915.0,393218.0,2162724.0,9b208e19b9153bcd714c2364b66966bae3f24f6dc30e608d036c228063b016f1,nan,2555942.0,,0.0,0.0,0,0,0,B0_base,7715523.0,ba050bbc6b89c33eb27749867f23eb4f55420e18960c0b82218d726e1213023f,nan,,1.0,2608.0,0.00033801985944439543,655140.0,655140.0,11.77292639741124,0.0,,0.0,0.0,B,1.0003381341555042,AI_VERIFIED,False
7715523.0,root1:batch_11,0.0,0.0,1671186.0,case_016,3,1.0,196608.0,incumbent_disperse_tid_1000000001_node_13_core_1_pos_0,7713507.0,2162724.0,incumbent_base,nan,7712915.0,393218.0,2162724.0,9b208e19b9153bcd714c2364b66966bae3f24f6dc30e608d036c228063b016f1,nan,2555942.0,,0.0,2162724.0,0.0,0.0,1671186.0,incumbent_base,7712915.0,9b208e19b9153bcd714c2364b66966bae3f24f6dc30e608d036c228063b016f1,nan,,1.0003381341555042,0.0,0.0,655140.0,655140.0,11.77292639741124,196608.0,incumbent_disperse_tid_1000000001_node_13_core_1_pos_0,0.0,0.0,C,1.0003381341555042,AI_VERIFIED,True
7715523.0,root1:batch_11,0,0,0,case_016,4,0.0,0.0,,nan,0.0,A0_base,nan,7715523.0,393218.0,0.0,13c9be7c40836646b1658dea0c22db987c0e174d376ebc4573561c02d607b5df,nan,393218.0,,0.0,0.0,0,0,0,A0_base,7715523.0,13c9be7c40836646b1658dea0c22db987c0e174d376ebc4573561c02d607b5df,nan,,1.0,0.0,0.0,655140.0,655140.0,11.77690722593644,0.0,,0.0,0.0,A,1.0,AI_VERIFIED,False
7715523.0,root1:batch_11,0,0,0,case_016,4,0.0,0.0,,nan,4784208.0,L2_base,4.60377920800056,7706495.0,393218.0,4128848.0,9f8ef528a0148a6b845ef6254c467e77bf8c32e933026142c176a3ef7b717a3f,5.233292832999723,5177426.0,legacy_seed,655360.0,0.0,0,0,0,B0_base,7715523.0,13c9be7c40836646b1658dea0c22db987c0e174d376ebc4573561c02d607b5df,nan,,1.0,9028.0,0.0011701086238742337,655140.0,655140.0,11.763126965228807,0.0,,0.0,0.0,B,1.001171479382002,AI_VERIFIED,False
7715523.0,root1:batch_11,425984.0,0.12744945511815547,2916392.0,case_016,4,2.0,425984.0,incumbent_disperse_tid_1000002265_node_2259_core_1_pos_0,7706472.0,4718672.0,incumbent_disperse_tid_1000002265_node_2259_core_1_pos_0,4.280804875001195,7706472.0,393218.0,4063312.0,5c698fb3551dce4955b3b1cf8e369c9b7ec9a7d6bd4f8ddbe28a7f9e8c318541,4.094870583001466,5111890.0,disperse,655360.0,4784208.0,425984.0,0.1262120964320337,2949160.0,incumbent_base,7706495.0,9f8ef528a0148a6b845ef6254c467e77bf8c32e933026142c176a3ef7b717a3f,nan,,1.001171479382002,23.0,2.984495545640398e-06,655140.0,655140.0,11.763091858228776,425984.0,incumbent_disperse_tid_1000002265_node_2259_core_1_pos_0,0.0,0.0,C,1.00117446738274,AI_VERIFIED,False
7715523.0,root1:batch_11,0,0,0,case_016,5,0.0,0.0,,nan,0.0,A0_base,nan,7715523.0,393218.0,0.0,21d209bb67af2852a38e87dca51cb294aced7191073d35bbd8c3f6d0d0d9f9c8,nan,393218.0,,0.0,0.0,0,0,0,A0_base,7715523.0,21d209bb67af2852a38e87dca51cb294aced7191073d35bbd8c3f6d0d0d9f9c8,nan,,1.0,0.0,0.0,655140.0,655140.0,11.77690722593644,0.0,,0.0,0.0,A,1.0,AI_VERIFIED,False
7715523.0,root1:batch_11,0,0,0,case_016,5,0.0,0.0,,nan,4784208.0,incumbent_base,nan,7706495.0,393218.0,4128848.0,03da0b47a1a75f2ff482f833cdb9eb23554517ec97c8a07e9c4669d1f35f24e3,nan,5177426.0,,655360.0,0.0,0,0,0,B0_base,7715523.0,21d209bb67af2852a38e87dca51cb294aced7191073d35bbd8c3f6d0d0d9f9c8,nan,,1.0,9028.0,0.0011701086238742337,655140.0,655140.0,11.763126965228807,0.0,,0.0,0.0,B,1.001171479382002,AI_VERIFIED,False
7715523.0,root1:batch_11,425984.0,0.12744945511815547,2916392.0,case_016,5,2.0,425984.0,incumbent_disperse_tid_1000002265_node_2259_core_1_pos_0,7706472.0,4718672.0,incumbent_disperse_tid_1000002265_node_2259_core_1_pos_0,7.188795707999816,7706472.0,393218.0,4063312.0,6d6434de9c3ef3ce26d1ae7f99555457339f55d779d89363ccbbf36dce152590,6.7210403330009285,5111890.0,disperse,655360.0,4784208.0,425984.0,0.1262120964320337,2949160.0,incumbent_base,7706495.0,03da0b47a1a75f2ff482f833cdb9eb23554517ec97c8a07e9c4669d1f35f24e3,nan,,1.001171479382002,23.0,2.984495545640398e-06,655140.0,655140.0,11.763091858228776,425984.0,incumbent_disperse_tid_1000002265_node_2259_core_1_pos_0,0.0,0.0,C,1.00117446738274,AI_VERIFIED,False
162810.0,root1:batch_13,0,0,0,case_017,1,0.0,0.0,,nan,22528.0,A0_base,nan,162810.0,643862.0,0.0,f7d0f847e65f31b26b41fa1e2c12d767e7cb21739e4546eb9b26197b1d4f76fc,nan,666390.0,,22528.0,22528.0,0,0,0,A0_base,162810.0,f7d0f847e65f31b26b41fa1e2c12d767e7cb21739e4546eb9b26197b1d4f76fc,nan,,1.0,0.0,0.0,5980.0,10731.033333333333,15.17188465851378,0.0,,0.0,0.0,A,1.0,AI_VERIFIED,False
162810.0,root1:batch_13,0,0,0,case_017,1,0.0,0.0,,nan,180224.0,B2_base,0.20455441599915503,149759.0,643862.0,0.0,dcacb380b97c27d2be9ff5a79145ba80f2971fe35b77da6a62f21bf0c82a0028,0.16423704199951317,824086.0,seed,180224.0,22528.0,0,0,0,B0_base,162810.0,f7d0f847e65f31b26b41fa1e2c12d767e7cb21739e4546eb9b26197b1d4f76fc,nan,,1.0,13051.0,0.08016092377618082,5980.0,10731.033333333333,13.955692368861651,0.0,,0.0,0.0,B,1.087146682336287,AI_VERIFIED,False
162810.0,root1:batch_13,22528.0,0.03539389216551923,613966.0,case_017,1,3.0,22528.0,incumbent_aggregate,149367.0,180224.0,incumbent_aggregate,0.26103758300087065,149367.0,643862.0,0.0,34703b265954a7ad17f84c4effa661ab3235a529c5d321e39b05cc59a7890981,0.20239883300018846,824086.0,aggregate,180224.0,180224.0,22528.0,0.03539389216551923,613966.0,incumbent_base,149759.0,dcacb380b97c27d2be9ff5a79145ba80f2971fe35b77da6a62f21bf0c82a0028,nan,,1.087146682336287,392.0,0.002617538845745498,5980.0,10731.033333333333,13.919162801966882,22528.0,incumbent_aggregate,0.0,0.0,C,1.0899997991524233,AI_VERIFIED,False
162810.0,root1:batch_13,0,0,0,case_017,2,0.0,0.0,,nan,87552.0,L1_base,0.25354595799944946,81772.0,643862.0,87552.0,c4c948863aa79a57348d7719de80e03d77263c02951d8e9646e9f85d9a55c1c9,0.1769557919997169,731414.0,legacy_seed,0.0,22528.0,0,0,0,A0_base,162810.0,f4b40855da8e436ee1e20df0db87ca86b82e4ecdbc3aa15eac4bf132bb336e9f,nan,,1.0,81038.0,0.49774583870769606,5980.0,10731.033333333333,7.620142204385412,0.0,,0.0,0.0,A,1.9910238223352736,AI_VERIFIED,False
162810.0,root1:batch_13,0,0,0,case_017,2,0.0,0.0,,nan,87552.0,L1_base,0.253615458999775,81772.0,643862.0,87552.0,c4c948863aa79a57348d7719de80e03d77263c02951d8e9646e9f85d9a55c1c9,0.23471195900128805,731414.0,legacy_seed,0.0,22528.0,0,0,0,B0_base,162810.0,f4b40855da8e436ee1e20df0db87ca86b82e4ecdbc3aa15eac4bf132bb336e9f,nan,,1.0,81038.0,0.49774583870769606,5980.0,10731.033333333333,7.620142204385412,0.0,,0.0,0.0,B,1.9910238223352736,AI_VERIFIED,False
162810.0,root1:batch_13,8064.0,0.012950680135545314,614606.0,case_017,2,4.0,8064.0,incumbent_base,81772.0,87552.0,incumbent_base,nan,81772.0,643862.0,87552.0,c4c948863aa79a57348d7719de80e03d77263c02951d8e9646e9f85d9a55c1c9,nan,731414.0,,0.0,87552.0,8064.0,0.012950680135545314,614606.0,incumbent_base,81772.0,c4c948863aa79a57348d7719de80e03d77263c02951d8e9646e9f85d9a55c1c9,nan,,1.9910238223352736,0.0,0.0,5980.0,10731.033333333333,7.620142204385412,95744.0,C1_base,0.0,0.0,C,1.9910238223352736,AI_VERIFIED,False
162810.0,root1:batch_13,0,0,0,case_017,3,0.0,0.0,,nan,175104.0,L1_base,0.2217028750001191,55389.0,643862.0,175104.0,8746382f7c2a1f5d53f8718aa15afe643ea48fce568d433525f7be0562ecdaa8,0.18081062500095868,818966.0,legacy_seed,0.0,22528.0,0,0,0,A0_base,162810.0,4a25cf60c50563b68619d404de35c3a8cf86fec2afa1af98d098188d1679b3f9,nan,,1.0,107421.0,0.6597936244702414,5980.0,10731.033333333333,5.161571889628523,0.0,,0.0,0.0,A,2.939392298109733,AI_VERIFIED,False
162810.0,root1:batch_13,0,0,0,case_017,3,0.0,0.0,,nan,175104.0,L1_base,0.22749533299975155,55389.0,643862.0,175104.0,8746382f7c2a1f5d53f8718aa15afe643ea48fce568d433525f7be0562ecdaa8,0.23533800000041083,818966.0,legacy_seed,0.0,22528.0,0,0,0,B0_base,162810.0,4a25cf60c50563b68619d404de35c3a8cf86fec2afa1af98d098188d1679b3f9,nan,,1.0,107421.0,0.6597936244702414,5980.0,10731.033333333333,5.161571889628523,0.0,,0.0,0.0,B,2.939392298109733,AI_VERIFIED,False
162810.0,root1:batch_13,97792.0,0.13729625001754953,614478.0,case_017,3,5.0,97792.0,incumbent_disperse_tid_2964_node_2968_core_2_pos_0,55154.0,178176.0,incumbent_disperse_tid_2964_node_2968_core_2_pos_0,0.26843558300060977,55154.0,643862.0,178176.0,3007ad2d807dd20e4c9c749a84e2445f828084dece49d7cfbec1eb4a8dd65442,0.2698928329991759,822038.0,disperse,0.0,175104.0,92160.0,0.12976224335489467,618062.0,incumbent_base,55389.0,8746382f7c2a1f5d53f8718aa15afe643ea48fce568d433525f7be0562ecdaa8,nan,,2.939392298109733,235.0,0.004242719673581397,5980.0,10731.033333333333,5.139672787025791,175104.0,C1_base,0.0,0.0,C,2.951916452115894,AI_VERIFIED,False
162810.0,root1:batch_13,0,0,0,case_017,4,0.0,0.0,,nan,253440.0,L1_base,0.3349675000008574,41209.0,643862.0,253440.0,97824cfc534af0b6150a068854e5424126b728fe9c92912d573eb1e90e8e392c,0.21680641700004344,897302.0,legacy_seed,0.0,22528.0,0,0,0,A0_base,162810.0,c7663f39a32204c0cfc2320aa3d366d121571d5858da0cd7b118ddae66adc527,nan,,1.0,121601.0,0.7468890117314662,5980.0,10731.033333333333,3.840170719812631,0.0,,0.0,0.0,A,3.9508359824310224,AI_VERIFIED,False
162810.0,root1:batch_13,0,0,0,case_017,4,0.0,0.0,,nan,253440.0,L1_base,0.2574165410005662,41209.0,643862.0,253440.0,97824cfc534af0b6150a068854e5424126b728fe9c92912d573eb1e90e8e392c,0.25247720800143725,897302.0,legacy_seed,0.0,22528.0,0,0,0,B0_base,162810.0,c7663f39a32204c0cfc2320aa3d366d121571d5858da0cd7b118ddae66adc527,nan,,1.0,121601.0,0.7468890117314662,5980.0,10731.033333333333,3.840170719812631,0.0,,0.0,0.0,B,3.9508359824310224,AI_VERIFIED,False
162810.0,root1:batch_13,251136.0,0.31847498852335526,537422.0,case_017,4,5.0,251136.0,event_timing_tid_2877_miss_2_bytes_4608_front,41209.0,253440.0,event_timing_tid_2877_miss_2_bytes_4608_front,0.27505883400044695,41209.0,643862.0,253440.0,3b84215c77639b86b3d5a32a24180ec430a016fd5fb75c4b5dde3fdca3073edb,0.19791537500168488,897302.0,event_timing,0.0,253440.0,251136.0,0.31847498852335526,537422.0,incumbent_base,41209.0,97824cfc534af0b6150a068854e5424126b728fe9c92912d573eb1e90e8e392c,nan,,3.9508359824310224,0.0,0.0,5980.0,10731.033333333333,3.840170719812631,251136.0,incumbent_base,0.0,0.0,C,3.9508359824310224,AI_VERIFIED,False
162810.0,root1:batch_13,0,0,0,case_017,5,0.0,0.0,,nan,338688.0,L1_base,0.26846404199932294,34231.0,643862.0,338688.0,5d9f1d59fbdbdc80584f9a227c4f45d0528f6e024659e0241ef63425f53558b7,0.19790758400085906,982550.0,legacy_seed,0.0,22528.0,0,0,0,A0_base,162810.0,e0848c8756a199242dabfd9128ec19cdcb9c43a67626808af075fb685093320c,nan,,1.0,128579.0,0.7897487869295498,5980.0,10731.033333333333,3.189907154017476,0.0,,0.0,0.0,A,4.756215126639596,AI_VERIFIED,False
162810.0,root1:batch_13,0,0,0,case_017,5,0.0,0.0,,nan,338688.0,L1_base,0.2621203329999844,34231.0,643862.0,338688.0,5d9f1d59fbdbdc80584f9a227c4f45d0528f6e024659e0241ef63425f53558b7,0.22886741700131097,982550.0,legacy_seed,0.0,22528.0,0,0,0,B0_base,162810.0,e0848c8756a199242dabfd9128ec19cdcb9c43a67626808af075fb685093320c,nan,,1.0,128579.0,0.7897487869295498,5980.0,10731.033333333333,3.189907154017476,0.0,,0.0,0.0,B,4.756215126639596,AI_VERIFIED,False
162810.0,root1:batch_13,188928.0,0.21621275202962673,684878.0,case_017,5,5.0,188928.0,event_timing_tid_3_miss_3_bytes_73728_front,34231.0,338688.0,event_timing_tid_3_miss_3_bytes_73728_front,0.27129979099845514,34231.0,643862.0,338688.0,464b673022fb5b088d293e35da8986d44ad044b1ad23dea3c30fab73760a5644,0.23249945800125715,982550.0,event_timing,0.0,338688.0,188928.0,0.21621275202962673,684878.0,incumbent_base,34231.0,5d9f1d59fbdbdc80584f9a227c4f45d0528f6e024659e0241ef63425f53558b7,nan,,4.756215126639596,0.0,0.0,5980.0,10731.033333333333,3.189907154017476,322560.0,C1_base,0.0,0.0,C,4.756215126639596,AI_VERIFIED,False
1004367.0,root1:batch_02,0,0,0,case_018,1,0.0,0.0,,nan,1970176.0,A0_base,nan,1004367.0,1592848.0,0.0,e12c9c1403811614a67afee8d8c39c2e23f96eb99aa1f87302f2ece2d60f77af,nan,3563024.0,,1970176.0,1970176.0,0,0,0,A0_base,1004367.0,e12c9c1403811614a67afee8d8c39c2e23f96eb99aa1f87302f2ece2d60f77af,nan,,1.0,0.0,0.0,3539.0,26547.466666666667,37.832875453276145,0.0,,0.0,0.0,A,1.0,AI_VERIFIED,False
1004367.0,root1:batch_02,0,0,0,case_018,1,0.0,0.0,,nan,5537792.0,B3_base,0.6261685830013448,990647.0,1592848.0,0.0,2dbb9b5b9cfe5e1fce5afe37b6d862ea8c2e88629fd1b5ccaffd68561f742cbe,0.64789083299911,7130640.0,seed,5537792.0,1970176.0,0,0,0,B0_base,1004367.0,e12c9c1403811614a67afee8d8c39c2e23f96eb99aa1f87302f2ece2d60f77af,nan,,1.0,13720.0,0.013660345272196318,3539.0,26547.466666666667,37.31606531194439,0.0,,0.0,0.0,B,1.0138495346980307,AI_VERIFIED,False
1004367.0,root1:batch_02,73728.0,0.016747030972739736,4328724.0,case_018,1,3.0,73728.0,incumbent_aggregate,990647.0,5537792.0,incumbent_aggregate,0.5895503329993517,990647.0,1592848.0,0.0,284b081b308ebd90a6805abd6cd37e7aad0741d8b1888db9bfc4485b9e34bf55,0.6021501670002181,7130640.0,aggregate,5537792.0,5537792.0,73728.0,0.016747030972739736,4328724.0,incumbent_base,990647.0,2dbb9b5b9cfe5e1fce5afe37b6d862ea8c2e88629fd1b5ccaffd68561f742cbe,nan,,1.0138495346980307,0.0,0.0,3539.0,26547.466666666667,37.31606531194439,1224704.0,C0_base,0.0,0.0,C,1.0138495346980307,AI_VERIFIED,False
1004367.0,root1:batch_02,0,0,0,case_018,2,0.0,0.0,,nan,3253248.0,L1_base,0.4014927500011254,504468.0,1592848.0,1299456.0,906f44db860eff34355e11ff9c39dc0eb86d1da83cd66074bb5cde65c494d644,0.31596345900106826,4846096.0,legacy_seed,1953792.0,1970176.0,0,0,0,A0_base,1004367.0,7b21515c67e743a6c7844a550ac5dd4144f2c4865d75a2091e62a38da0bfef4c,nan,,1.0,499899.0,0.4977254330339408,3539.0,26547.466666666667,19.002491135375127,0.0,,0.0,0.0,A,1.9909429339422917,AI_VERIFIED,False
1004367.0,root1:batch_02,0,0,0,case_018,2,0.0,0.0,,nan,3253248.0,L1_base,0.4899627499999042,504468.0,1592848.0,1299456.0,906f44db860eff34355e11ff9c39dc0eb86d1da83cd66074bb5cde65c494d644,0.5076139169996168,4846096.0,legacy_seed,1953792.0,1970176.0,0,0,0,B0_base,1004367.0,7b21515c67e743a6c7844a550ac5dd4144f2c4865d75a2091e62a38da0bfef4c,nan,,1.0,499899.0,0.4977254330339408,3539.0,26547.466666666667,19.002491135375127,0.0,,0.0,0.0,B,1.9909429339422917,AI_VERIFIED,False
1004367.0,root1:batch_02,2450432.0,0.505677029636117,2395412.0,case_018,2,5.0,2450432.0,incumbent_base,502571.0,3253248.0,incumbent_base,nan,502571.0,1592848.0,1299456.0,906f44db860eff34355e11ff9c39dc0eb86d1da83cd66074bb5cde65c494d644,nan,4846096.0,,1953792.0,3253248.0,2450432.0,0.505677029636117,2395412.0,incumbent_base,502571.0,906f44db860eff34355e11ff9c39dc0eb86d1da83cd66074bb5cde65c494d644,nan,,1.9984579293273985,0.0,0.0,3539.0,26547.466666666667,18.931034222976706,2450432.0,incumbent_base,0.0,0.0,C,1.9984579293273985,AI_VERIFIED,False
1004367.0,root1:batch_02,0,0,0,case_018,3,0.0,0.0,,nan,4093952.0,L1_base,0.4254812500003027,341047.0,1592848.0,2492416.0,25065b8dad80c7cf99cce510e1f2b9d6b62d94bbe2c0bf2cbc133ba81d9b6c81,0.34437070800049696,5686800.0,legacy_seed,1601536.0,1970176.0,0,0,0,A0_base,1004367.0,4dbc335e73a0c532648db38cacd3ee360b58000116087624b378d8b12a500384,nan,,1.0,663320.0,0.6604358765272057,3539.0,26547.466666666667,12.84668719174711,0.0,,0.0,0.0,A,2.9449518688040066,AI_VERIFIED,False
1004367.0,root1:batch_02,0,0,0,case_018,3,0.0,0.0,,nan,4093952.0,L1_base,0.4829444170009083,341047.0,1592848.0,2492416.0,25065b8dad80c7cf99cce510e1f2b9d6b62d94bbe2c0bf2cbc133ba81d9b6c81,0.4481492499999149,5686800.0,legacy_seed,1601536.0,1970176.0,0,0,0,B0_base,1004367.0,4dbc335e73a0c532648db38cacd3ee360b58000116087624b378d8b12a500384,nan,,1.0,663320.0,0.6604358765272057,3539.0,26547.466666666667,12.84668719174711,0.0,,0.0,0.0,B,2.9449518688040066,AI_VERIFIED,False
1004367.0,root1:batch_02,3557376.0,0.6255774153317619,2129172.0,case_018,3,5.0,3557376.0,event_timing_tid_2017_miss_2_bytes_16384_front,338488.0,4093952.0,event_timing_tid_2017_miss_2_bytes_16384_front,0.5352914169998257,338488.0,1592848.0,2492416.0,721f6b70585f2c95693ae587c1715a5a1070f3df21715f939cc12f1e0d03981c,0.5300291250005102,5686800.0,event_timing,1601536.0,4093952.0,3557376.0,0.6255774153317619,2129172.0,incumbent_base,338488.0,25065b8dad80c7cf99cce510e1f2b9d6b62d94bbe2c0bf2cbc133ba81d9b6c81,nan,,2.9672159722058096,0.0,0.0,3539.0,26547.466666666667,12.750293813345655,3557376.0,incumbent_base,0.0,0.0,C,2.9672159722058096,AI_VERIFIED,False
1004367.0,root1:batch_02,0,0,0,case_018,4,0.0,0.0,,nan,4938752.0,L1_base,0.4414480420000473,253676.0,1592848.0,3779584.0,16be042c1dd7225ee00fbcd2d8d6dd205bf6e08d92b163bed0304f032b233285,0.3525282499995228,6531600.0,legacy_seed,1159168.0,1970176.0,0,0,0,A0_base,1004367.0,c39d8634c5befb0f23795418659dbcf648c1907bae0ce8f8958ea3e38eeaefce,nan,,1.0,750691.0,0.7474269863506069,3539.0,26547.466666666667,9.555563368256104,0.0,,0.0,0.0,A,3.9592511707847806,AI_VERIFIED,False
1004367.0,root1:batch_02,0,0,0,case_018,4,0.0,0.0,,nan,4938752.0,L1_base,0.4933541249993141,253676.0,1592848.0,3779584.0,16be042c1dd7225ee00fbcd2d8d6dd205bf6e08d92b163bed0304f032b233285,0.45767479200003436,6531600.0,legacy_seed,1159168.0,1970176.0,0,0,0,B0_base,1004367.0,c39d8634c5befb0f23795418659dbcf648c1907bae0ce8f8958ea3e38eeaefce,nan,,1.0,750691.0,0.7474269863506069,3539.0,26547.466666666667,9.555563368256104,0.0,,0.0,0.0,B,3.9592511707847806,AI_VERIFIED,False
1004367.0,root1:batch_02,3673088.0,0.5623782410614164,2858260.0,case_018,4,5.0,3673088.0,event_timing_tid_1990_miss_3_bytes_24576_front,253384.0,4938752.0,event_timing_tid_1990_miss_3_bytes_24576_front,0.5958437919998687,253384.0,1592848.0,3779584.0,e49032b233857aa53a033d53b30724cb5bdcbd6ce54c06d26648895c39fd4271,0.5467550000012125,6531600.0,event_timing,1159168.0,4938752.0,3673088.0,0.5623782410614164,2858260.0,incumbent_base,253384.0,16be042c1dd7225ee00fbcd2d8d6dd205bf6e08d92b163bed0304f032b233285,nan,,3.9638138161841314,0.0,0.0,3539.0,26547.466666666667,9.544564201982864,3677952.0,C1_base,0.0,0.0,C,3.9638138161841314,AI_VERIFIED,False
1004367.0,root1:batch_02,0,0,0,case_018,5,0.0,0.0,,nan,5345280.0,L1_base,0.6276872920007008,205219.0,1592848.0,4706304.0,7336b07996ebfa20a418d69901a20c80dbb2dcc113330ead995b1798813c3741,0.4285602910003945,6938128.0,legacy_seed,638976.0,1970176.0,0,0,0,A0_base,1004367.0,8c702598bcb3b08c3a5b2c13d8d2a839bc9f46a04fbf8a4d57855c4c54bbf7b2,nan,,1.0,799148.0,0.7956732947219493,3539.0,26547.466666666667,7.730266792562755,0.0,,0.0,0.0,A,4.894122863867381,AI_VERIFIED,False
1004367.0,root1:batch_02,0,0,0,case_018,5,0.0,0.0,,nan,5345280.0,L1_base,0.626357041999654,205219.0,1592848.0,4706304.0,7336b07996ebfa20a418d69901a20c80dbb2dcc113330ead995b1798813c3741,0.49979458400048316,6938128.0,legacy_seed,638976.0,1970176.0,0,0,0,B0_base,1004367.0,8c702598bcb3b08c3a5b2c13d8d2a839bc9f46a04fbf8a4d57855c4c54bbf7b2,nan,,1.0,799148.0,0.7956732947219493,3539.0,26547.466666666667,7.730266792562755,0.0,,0.0,0.0,B,4.894122863867381,AI_VERIFIED,False
1004367.0,root1:batch_02,3969664.0,0.5721728090845094,2968212.0,case_018,5,5.0,3969664.0,event_timing_tid_1951_miss_4_bytes_32768_front,201659.0,5345280.0,event_timing_tid_1951_miss_4_bytes_32768_front,0.7735045419995004,201659.0,1592848.0,4706304.0,cb7643953ccb56c25a98178bee8cd39677ea7fc0a94b4b717ee9b7efe52e8caf,0.7155938329997298,6938128.0,event_timing,638976.0,5345280.0,3969664.0,0.5721728090845094,2968212.0,incumbent_base,201659.0,7336b07996ebfa20a418d69901a20c80dbb2dcc113330ead995b1798813c3741,nan,,4.980521573547424,0.0,0.0,3539.0,26547.466666666667,7.596167368135566,4059136.0,C1_base,0.0,0.0,C,4.980521573547424,AI_VERIFIED,False
81144.0,root1:batch_05,0,0,0,case_019,1,0.0,0.0,,nan,1050880.0,L3_base,0.15398683300008997,75090.0,186984.0,1050880.0,fce0e78d9866c49d73bfd80355c75c6ec431456cf9ef8122945f3987a03a7357,0.10533599999871512,1237864.0,legacy_seed,0.0,0.0,0,0,0,A0_base,81144.0,ba3b5e162323e37db2b485471deb0ce1c53eb82b9640834648cf30469481679b,nan,,1.0,6054.0,0.0746081041112097,12234.0,12234.0,6.137812653261403,0.0,,0.0,0.0,A,1.080623252097483,AI_VERIFIED,False
81144.0,root1:batch_05,0,0,0,case_019,1,0.0,0.0,,nan,6144.0,L3_base,0.11987979199875554,70264.0,186984.0,0.0,ee1882e7ffaa8b34d8a6acf35ba262f2f8586d7b6137991b8fbe0ec572e01cdd,0.09303366600033769,193128.0,legacy_seed,6144.0,0.0,0,0,0,B0_base,81144.0,ba3b5e162323e37db2b485471deb0ce1c53eb82b9640834648cf30469481679b,nan,,1.0,10880.0,0.13408261855466824,12234.0,12234.0,5.743338237698218,0.0,,0.0,0.0,B,1.1548445861323011,AI_VERIFIED,False
81144.0,root1:batch_05,0.0,0.0,182324.0,case_019,1,0.0,0.0,,nan,6144.0,incumbent_base,nan,70264.0,186984.0,0.0,ee1882e7ffaa8b34d8a6acf35ba262f2f8586d7b6137991b8fbe0ec572e01cdd,nan,193128.0,,6144.0,6144.0,0.0,0.0,182324.0,incumbent_base,70264.0,ee1882e7ffaa8b34d8a6acf35ba262f2f8586d7b6137991b8fbe0ec572e01cdd,nan,,1.1548445861323011,0.0,0.0,12234.0,12234.0,5.743338237698218,0.0,,0.0,0.0,C,1.1548445861323011,AI_VERIFIED,False
81144.0,root1:batch_05,0,0,0,case_019,2,0.0,0.0,,nan,27168.0,L1_base,0.10213295900030062,41382.0,186984.0,27168.0,6dbcc2c80c54ba706ce50d741fa229157914b21eddb68bbf3bfa8fde51abb699,0.0931421670011332,214152.0,legacy_seed,0.0,0.0,0,0,0,A0_base,81144.0,f3ba07e12767ecdf370f12e81c0853216306a9d680107a1010c0fc619da4f420,nan,,1.0,39762.0,0.49001774622892635,12234.0,12234.0,3.3825404610102994,0.0,,0.0,0.0,A,1.960852544584602,AI_VERIFIED,False
81144.0,root1:batch_05,0,0,0,case_019,2,0.0,0.0,,nan,27168.0,L1_base,0.1068577500009269,41382.0,186984.0,27168.0,6dbcc2c80c54ba706ce50d741fa229157914b21eddb68bbf3bfa8fde51abb699,0.10906770800102095,214152.0,legacy_seed,0.0,0.0,0,0,0,B0_base,81144.0,f3ba07e12767ecdf370f12e81c0853216306a9d680107a1010c0fc619da4f420,nan,,1.0,39762.0,0.49001774622892635,12234.0,12234.0,3.3825404610102994,0.0,,0.0,0.0,B,1.960852544584602,AI_VERIFIED,False
81144.0,root1:batch_05,27168.0,0.13161515357039047,179252.0,case_019,2,3.0,27168.0,incumbent_split_height_g0_p4,39509.0,27168.0,incumbent_split_height_g0_p4,0.10122729199974856,39509.0,186984.0,27168.0,b573af0c46010b4daa1e1f772f27c6534e0f2ef685dc7a1247e1f60e888395f9,0.08425158300087787,214152.0,timing,0.0,27168.0,27168.0,0.13161515357039047,179252.0,incumbent_base,41382.0,6dbcc2c80c54ba706ce50d741fa229157914b21eddb68bbf3bfa8fde51abb699,nan,,1.960852544584602,1873.0,0.04526122468706201,12234.0,12234.0,3.2294425371914337,27168.0,incumbent_split_height_g0_p4,0.0,0.0,C,2.053810524184363,AI_VERIFIED,False
81144.0,root1:batch_05,0,0,0,case_019,3,0.0,0.0,,nan,54336.0,L1_base,0.0950436669991177,28657.0,186984.0,54336.0,959aa60d2b4f81ab394b5162eea41cea8d9ff73fad3c5ab4a4dc7e5c55de5f0f,0.09992287500062957,241320.0,legacy_seed,0.0,0.0,0,0,0,A0_base,81144.0,edebcea9200d24a2d75a69eff2f4d741034f8ec510a1d6adb5d84c109ea61016,nan,,1.0,52487.0,0.6468377205954846,12234.0,12234.0,2.342406408370116,0.0,,0.0,0.0,A,2.831559479359319,AI_VERIFIED,False
81144.0,root1:batch_05,0,0,0,case_019,3,0.0,0.0,,nan,54336.0,L1_base,0.13054004200057534,28657.0,186984.0,54336.0,959aa60d2b4f81ab394b5162eea41cea8d9ff73fad3c5ab4a4dc7e5c55de5f0f,0.06768783299958159,241320.0,legacy_seed,0.0,0.0,0,0,0,B0_base,81144.0,edebcea9200d24a2d75a69eff2f4d741034f8ec510a1d6adb5d84c109ea61016,nan,,1.0,52487.0,0.6468377205954846,12234.0,12234.0,2.342406408370116,0.0,,0.0,0.0,B,2.831559479359319,AI_VERIFIED,False
81144.0,root1:batch_05,54336.0,0.23261468911074198,179252.0,case_019,3,4.0,54336.0,incumbent_split_release_g0_p4,26572.0,54336.0,incumbent_split_release_g0_p4,0.13151337500130467,26572.0,186984.0,54336.0,369b38d5262237b09c01e4663822fcfdfc0e40bd7166c240a825cbde6258640e,0.09270029199979035,241320.0,timing,0.0,54336.0,54336.0,0.23261468911074198,179252.0,incumbent_base,28657.0,959aa60d2b4f81ab394b5162eea41cea8d9ff73fad3c5ab4a4dc7e5c55de5f0f,nan,,2.831559479359319,2085.0,0.07275709250793873,12234.0,12234.0,2.171979728625143,54336.0,incumbent_split_release_g0_p4,0.0,0.0,C,3.053740779768177,AI_VERIFIED,False
81144.0,root1:batch_05,0,0,0,case_019,4,0.0,0.0,,nan,54336.0,L1_base,0.10121945799983223,24099.0,186984.0,54336.0,0880c30f32be7bb5aabff79daf723453f55972fc15df65aaeed3006d092f0048,0.07666329099993163,241320.0,legacy_seed,0.0,0.0,0,0,0,A0_base,81144.0,dbfd308bef24ce6063eefafb7b176ca6aee4e0b54bf2c7c5af9a881678c61e4f,nan,,1.0,57045.0,0.7030094646554274,12234.0,12234.0,1.9698381559588034,0.0,,0.0,0.0,A,3.3671106684924688,AI_VERIFIED,False
81144.0,root1:batch_05,0,0,0,case_019,4,0.0,0.0,,nan,54336.0,L1_base,0.10725445900061459,24099.0,186984.0,54336.0,0880c30f32be7bb5aabff79daf723453f55972fc15df65aaeed3006d092f0048,0.07025941600113583,241320.0,legacy_seed,0.0,0.0,0,0,0,B0_base,81144.0,dbfd308bef24ce6063eefafb7b176ca6aee4e0b54bf2c7c5af9a881678c61e4f,nan,,1.0,57045.0,0.7030094646554274,12234.0,12234.0,1.9698381559588034,0.0,,0.0,0.0,B,3.3671106684924688,AI_VERIFIED,False
81144.0,root1:batch_05,48160.0,0.20089099494435453,191572.0,case_019,4,4.0,48160.0,incumbent_disperse_tid_697_node_698_core_3_pos_0,23835.0,62016.0,incumbent_disperse_tid_697_node_698_core_3_pos_0,0.08404583400078991,23835.0,186984.0,62016.0,bad70507678106d6c8a5c422dccc76dd559e90e424548d8bbe918d722c30c6ed,0.08191650000117079,249000.0,disperse,0.0,54336.0,46144.0,0.19754439440382213,187444.0,incumbent_base,24099.0,0880c30f32be7bb5aabff79daf723453f55972fc15df65aaeed3006d092f0048,nan,,3.3671106684924688,264.0,0.010954811402962778,12234.0,12234.0,1.9482589504659147,54336.0,lower_core_base,0.0,0.0,C,3.4044052863436125,AI_VERIFIED,False
81144.0,root1:batch_05,0,0,0,case_019,5,0.0,0.0,,nan,54336.0,incumbent_base,nan,24099.0,186984.0,54336.0,e52b63b48d999d2a0e2dd08cffce7eaa25bcd24f0d30c0c5a90520648e448c3f,nan,241320.0,,0.0,0.0,0,0,0,A0_base,81144.0,b63fb610467230e8a67e390cf704fd86da6e9251c407b5ba55ef9a4bc563c7a9,nan,,1.0,57045.0,0.7030094646554274,12234.0,12234.0,1.9698381559588034,0.0,,0.0,0.0,A,3.3671106684924688,AI_VERIFIED,False
81144.0,root1:batch_05,0,0,0,case_019,5,0.0,0.0,,nan,54336.0,incumbent_base,nan,24099.0,186984.0,54336.0,e52b63b48d999d2a0e2dd08cffce7eaa25bcd24f0d30c0c5a90520648e448c3f,nan,241320.0,,0.0,0.0,0,0,0,B0_base,81144.0,b63fb610467230e8a67e390cf704fd86da6e9251c407b5ba55ef9a4bc563c7a9,nan,,1.0,57045.0,0.7030094646554274,12234.0,12234.0,1.9698381559588034,0.0,,0.0,0.0,B,3.3671106684924688,AI_VERIFIED,False
81144.0,root1:batch_05,48160.0,0.20089099494435453,191572.0,case_019,5,3.0,48160.0,incumbent_disperse_tid_697_node_698_core_3_pos_0,23835.0,62016.0,incumbent_disperse_tid_697_node_698_core_3_pos_0,0.08340241699988837,23835.0,186984.0,62016.0,7861688fa80ca439c0c3ab00403723b3c759d05a64bc27d7f230f801b7ebc3b7,0.08142220800073119,249000.0,disperse,0.0,54336.0,46144.0,0.19754439440382213,187444.0,incumbent_base,24099.0,e52b63b48d999d2a0e2dd08cffce7eaa25bcd24f0d30c0c5a90520648e448c3f,nan,,3.3671106684924688,264.0,0.010954811402962778,12234.0,12234.0,1.9482589504659147,48160.0,incumbent_disperse_tid_697_node_698_core_3_pos_0,0.0,0.0,C,3.4044052863436125,AI_VERIFIED,False
532746.0,root1:batch_07,0,0,0,case_020,1,0.0,0.0,,nan,0.0,A0_base,nan,532746.0,2359296.0,0.0,7ddee8492be9d4e50fbf482badb38b6b5fc65bf73aa53b9d8c47733aca95ef7d,nan,2359296.0,,0.0,0.0,0,0,0,A0_base,532746.0,7ddee8492be9d4e50fbf482badb38b6b5fc65bf73aa53b9d8c47733aca95ef7d,nan,,1.0,0.0,0.0,1824.0,39321.6,13.548431396484375,0.0,,0.0,0.0,A,1.0,AI_VERIFIED,False
532746.0,root1:batch_07,0,0,0,case_020,1,0.0,0.0,,nan,0.0,B0_base,nan,532746.0,2359296.0,0.0,7ddee8492be9d4e50fbf482badb38b6b5fc65bf73aa53b9d8c47733aca95ef7d,nan,2359296.0,,0.0,0.0,0,0,0,B0_base,532746.0,7ddee8492be9d4e50fbf482badb38b6b5fc65bf73aa53b9d8c47733aca95ef7d,nan,,1.0,0.0,0.0,1824.0,39321.6,13.548431396484375,0.0,,0.0,0.0,B,1.0,AI_VERIFIED,False
532746.0,root1:batch_07,0.0,0.0,1179648.0,case_020,1,0.0,0.0,,nan,0.0,incumbent_base,2.230534500000431,532746.0,2359296.0,0.0,7ddee8492be9d4e50fbf482badb38b6b5fc65bf73aa53b9d8c47733aca95ef7d,2.1525998750003055,2359296.0,incumbent,0.0,0.0,0.0,0.0,1179648.0,incumbent_base,532746.0,7ddee8492be9d4e50fbf482badb38b6b5fc65bf73aa53b9d8c47733aca95ef7d,2.1525998750003055,incumbent,1.0,0.0,0.0,1824.0,39321.6,13.548431396484375,0.0,,0.0,0.0,C,1.0,AI_VERIFIED,False
532746.0,root1:batch_07,0,0,0,case_020,2,0.0,0.0,,nan,0.0,A1_base,nan,266580.0,2359296.0,0.0,b5aa4bc571e7d6b6cb2edd77dc638955745ac3971fed1947f40d1b1cad2dbc7c,nan,2359296.0,,0.0,0.0,0,0,0,A0_base,532746.0,0a4706046914e69ce2c9a4e2cf0cb64b51a8d0f5a7a1bda83b8072f8ebd2d114,nan,,1.0,266166.0,0.4996114471061256,1824.0,39321.6,6.77947998046875,0.0,,0.0,0.0,A,1.9984469952734638,AI_VERIFIED,False
532746.0,root1:batch_07,0,0,0,case_020,2,0.0,0.0,,nan,0.0,B1_base,nan,266580.0,2359296.0,0.0,b5aa4bc571e7d6b6cb2edd77dc638955745ac3971fed1947f40d1b1cad2dbc7c,nan,2359296.0,,0.0,0.0,0,0,0,B0_base,532746.0,0a4706046914e69ce2c9a4e2cf0cb64b51a8d0f5a7a1bda83b8072f8ebd2d114,nan,,1.0,266166.0,0.4996114471061256,1824.0,39321.6,6.77947998046875,0.0,,0.0,0.0,B,1.9984469952734638,AI_VERIFIED,False
532746.0,root1:batch_07,0.0,0.0,1179648.0,case_020,2,0.0,0.0,,nan,0.0,incumbent_base,nan,266580.0,2359296.0,0.0,b5aa4bc571e7d6b6cb2edd77dc638955745ac3971fed1947f40d1b1cad2dbc7c,nan,2359296.0,,0.0,0.0,0.0,0.0,1179648.0,incumbent_base,266580.0,b5aa4bc571e7d6b6cb2edd77dc638955745ac3971fed1947f40d1b1cad2dbc7c,nan,,1.9984469952734638,0.0,0.0,1824.0,39321.6,6.77947998046875,0.0,,0.0,0.0,C,1.9984469952734638,AI_VERIFIED,False
532746.0,root1:batch_07,0,0,0,case_020,3,0.0,0.0,,nan,0.0,A1_base,nan,177950.0,2359296.0,0.0,c796469805e5d0eddd0592222b7bc532b69c597b57d6ae81be785628712e6671,nan,2359296.0,,0.0,0.0,0,0,0,A0_base,532746.0,b42a5be4d79e8012b57ca32fb38189e61940661f2c31d065fc6b1c1f3af09ac5,nan,,1.0,354796.0,0.6659759059664455,1824.0,39321.6,4.525502522786459,0.0,,0.0,0.0,A,2.993796010115201,AI_VERIFIED,False
532746.0,root1:batch_07,0,0,0,case_020,3,0.0,0.0,,nan,0.0,B1_base,nan,177950.0,2359296.0,0.0,c796469805e5d0eddd0592222b7bc532b69c597b57d6ae81be785628712e6671,nan,2359296.0,,0.0,0.0,0,0,0,B0_base,532746.0,b42a5be4d79e8012b57ca32fb38189e61940661f2c31d065fc6b1c1f3af09ac5,nan,,1.0,354796.0,0.6659759059664455,1824.0,39321.6,4.525502522786459,0.0,,0.0,0.0,B,2.993796010115201,AI_VERIFIED,False
532746.0,root1:batch_07,0.0,0.0,1179648.0,case_020,3,0.0,0.0,,nan,0.0,incumbent_base,nan,177950.0,2359296.0,0.0,c796469805e5d0eddd0592222b7bc532b69c597b57d6ae81be785628712e6671,nan,2359296.0,,0.0,0.0,0.0,0.0,1179648.0,incumbent_base,177950.0,c796469805e5d0eddd0592222b7bc532b69c597b57d6ae81be785628712e6671,nan,,2.993796010115201,0.0,0.0,1824.0,39321.6,4.525502522786459,0.0,,0.0,0.0,C,2.993796010115201,AI_VERIFIED,False
532746.0,root1:batch_07,0,0,0,case_020,4,0.0,0.0,,nan,0.0,A1_base,nan,133704.0,2359296.0,0.0,258dbb524a7c13e9b8ce597d8b1a8b39b96cd29b8e44f5d56333128394d1a295,nan,2359296.0,,0.0,0.0,0,0,0,A0_base,532746.0,2dbfc80465ccfe8d5c7dc7fb70068d3198c494cc4f84ac107195200c2088ed5f,nan,,1.0,399042.0,0.749028617765314,1824.0,39321.6,3.4002685546875,0.0,,0.0,0.0,A,3.984518039849219,AI_VERIFIED,False
532746.0,root1:batch_07,0,0,0,case_020,4,0.0,0.0,,nan,0.0,B1_base,nan,133704.0,2359296.0,0.0,258dbb524a7c13e9b8ce597d8b1a8b39b96cd29b8e44f5d56333128394d1a295,nan,2359296.0,,0.0,0.0,0,0,0,B0_base,532746.0,2dbfc80465ccfe8d5c7dc7fb70068d3198c494cc4f84ac107195200c2088ed5f,nan,,1.0,399042.0,0.749028617765314,1824.0,39321.6,3.4002685546875,0.0,,0.0,0.0,B,3.984518039849219,AI_VERIFIED,False
532746.0,root1:batch_07,0.0,0.0,1179648.0,case_020,4,0.0,0.0,,nan,0.0,incumbent_base,nan,133704.0,2359296.0,0.0,258dbb524a7c13e9b8ce597d8b1a8b39b96cd29b8e44f5d56333128394d1a295,nan,2359296.0,,0.0,0.0,0.0,0.0,1179648.0,incumbent_base,133704.0,258dbb524a7c13e9b8ce597d8b1a8b39b96cd29b8e44f5d56333128394d1a295,nan,,3.984518039849219,0.0,0.0,1824.0,39321.6,3.4002685546875,0.0,,0.0,0.0,C,3.984518039849219,AI_VERIFIED,False
532746.0,root1:batch_07,0,0,0,case_020,5,0.0,0.0,,nan,0.0,A1_base,nan,107650.0,2359296.0,0.0,469f91d67b38b31d152ca1aafe856912000dd91bc605c0b682087c9437491672,nan,2359296.0,,0.0,0.0,0,0,0,A0_base,532746.0,976bd958b3851bd05a2fa52701bbd0226ca5d3f7991d54fe78d3e532bbc643ae,nan,,1.0,425096.0,0.7979337245141211,1824.0,39321.6,2.737681070963542,0.0,,0.0,0.0,A,4.948871342313051,AI_VERIFIED,False
532746.0,root1:batch_07,0,0,0,case_020,5,0.0,0.0,,nan,0.0,B1_base,nan,107650.0,2359296.0,0.0,469f91d67b38b31d152ca1aafe856912000dd91bc605c0b682087c9437491672,nan,2359296.0,,0.0,0.0,0,0,0,B0_base,532746.0,976bd958b3851bd05a2fa52701bbd0226ca5d3f7991d54fe78d3e532bbc643ae,nan,,1.0,425096.0,0.7979337245141211,1824.0,39321.6,2.737681070963542,0.0,,0.0,0.0,B,4.948871342313051,AI_VERIFIED,False
532746.0,root1:batch_07,0.0,0.0,1179648.0,case_020,5,0.0,0.0,,nan,0.0,incumbent_base,nan,107650.0,2359296.0,0.0,469f91d67b38b31d152ca1aafe856912000dd91bc605c0b682087c9437491672,nan,2359296.0,,0.0,0.0,0.0,0.0,1179648.0,incumbent_base,107650.0,469f91d67b38b31d152ca1aafe856912000dd91bc605c0b682087c9437491672,nan,,4.948871342313051,0.0,0.0,1824.0,39321.6,2.737681070963542,0.0,,0.0,0.0,C,4.948871342313051,AI_VERIFIED,False
6567937.0,root1:batch_09,0,0,0,case_021,1,0.0,0.0,,nan,4702208.0,A2_base,0.8381971250000788,6520170.0,3338240.0,819200.0,f41da1735dd0ebd2c04290f40f61bd33814840239d9c2a31f6001a41399d4946,0.7211394170008134,8040448.0,seed,3883008.0,4501504.0,0,0,0,A0_base,6567937.0,75c76d7ca84bf5240860631260ea9acadc6a6a12f28c2b338762b8ba1f477e40,nan,,1.0,47767.0,0.007272755509073854,5544.0,55637.333333333336,117.19055550230061,0.0,,0.0,0.0,A,1.0073260359775895,AI_VERIFIED,False
6567937.0,root1:batch_09,0,0,0,case_021,1,0.0,0.0,,nan,4501504.0,B0_base,nan,6567937.0,3338240.0,0.0,75c76d7ca84bf5240860631260ea9acadc6a6a12f28c2b338762b8ba1f477e40,nan,7839744.0,,4501504.0,4501504.0,0,0,0,B0_base,6567937.0,75c76d7ca84bf5240860631260ea9acadc6a6a12f28c2b338762b8ba1f477e40,nan,,1.0,0.0,0.0,5544.0,55637.333333333336,118.04909772814416,0.0,,0.0,0.0,B,1.0,AI_VERIFIED,False
6567937.0,root1:batch_09,3432448.0,0.5005973715651135,3424256.0,case_021,1,1.0,3432448.0,incumbent_base,6558837.0,4501504.0,incumbent_base,0.9484909579987288,6558837.0,3338240.0,0.0,75c76d7ca84bf5240860631260ea9acadc6a6a12f28c2b338762b8ba1f477e40,0.9618959159997758,7839744.0,incumbent,4501504.0,4501504.0,3432448.0,0.5005973715651135,3424256.0,incumbent_base,6558837.0,75c76d7ca84bf5240860631260ea9acadc6a6a12f28c2b338762b8ba1f477e40,0.9618959159997758,incumbent,1.0013874410966457,0.0,0.0,5544.0,55637.333333333336,117.88553848734662,3432448.0,incumbent_base,0.0,0.0,C,1.0013874410966457,AI_VERIFIED,False
6567937.0,root1:batch_09,0,0,0,case_021,2,0.0,0.0,,nan,3174400.0,A1_base,nan,3194570.0,3338240.0,1536000.0,70bd2b78c6d49d79ea068856701774a7f1d352836d0dfac2f8aa3c8156f3209a,nan,6512640.0,,1638400.0,4501504.0,0,0,0,A0_base,6567937.0,84b256dbe0b4d9b033959a2cc62ef7defce053555d3d8dc934eeadca0b1c5d94,nan,,1.0,3373367.0,0.5136113516314179,5544.0,55637.333333333336,57.4177410851227,0.0,,0.0,0.0,A,2.0559690349561914,AI_VERIFIED,False
6567937.0,root1:batch_09,0,0,0,case_021,2,0.0,0.0,,nan,3174400.0,B1_base,nan,3194570.0,3338240.0,1536000.0,70bd2b78c6d49d79ea068856701774a7f1d352836d0dfac2f8aa3c8156f3209a,nan,6512640.0,,1638400.0,4501504.0,0,0,0,B0_base,6567937.0,84b256dbe0b4d9b033959a2cc62ef7defce053555d3d8dc934eeadca0b1c5d94,nan,,1.0,3373367.0,0.5136113516314179,5544.0,55637.333333333336,57.4177410851227,0.0,,0.0,0.0,B,2.0559690349561914,AI_VERIFIED,False
6567937.0,root1:batch_09,1204224.0,0.21777777777777776,4325376.0,case_021,2,2.0,1204224.0,incumbent_base,3193634.0,3174400.0,incumbent_base,nan,3193634.0,3338240.0,1536000.0,70bd2b78c6d49d79ea068856701774a7f1d352836d0dfac2f8aa3c8156f3209a,nan,6512640.0,,1638400.0,3174400.0,1204224.0,0.21777777777777776,4325376.0,incumbent_base,3193634.0,70bd2b78c6d49d79ea068856701774a7f1d352836d0dfac2f8aa3c8156f3209a,nan,,2.0565716046359728,0.0,0.0,5544.0,55637.333333333336,57.400917848926376,3432448.0,C0_base,0.0,0.0,C,2.0565716046359728,AI_VERIFIED,False
6567937.0,root1:batch_09,0,0,0,case_021,3,0.0,0.0,,nan,7766016.0,A1_base,nan,2144024.0,3338240.0,4710400.0,d731c45b1768ca2a06ff254859312d71bf19e18103abf52b461f882c62a5e9dd,nan,11104256.0,,3055616.0,4501504.0,0,0,0,A0_base,6567937.0,ea3fc777333398a2a373d66429f02cdfd2dd45f50071b6ccd2a8eba9f76d8ac3,nan,,1.0,4423913.0,0.6735620332533641,5544.0,55637.333333333336,38.535707438650306,0.0,,0.0,0.0,A,3.063369160046716,AI_VERIFIED,False
6567937.0,root1:batch_09,0,0,0,case_021,3,0.0,0.0,,nan,7766016.0,B1_base,nan,2144024.0,3338240.0,4710400.0,d731c45b1768ca2a06ff254859312d71bf19e18103abf52b461f882c62a5e9dd,nan,11104256.0,,3055616.0,4501504.0,0,0,0,B0_base,6567937.0,ea3fc777333398a2a373d66429f02cdfd2dd45f50071b6ccd2a8eba9f76d8ac3,nan,,1.0,4423913.0,0.6735620332533641,5544.0,55637.333333333336,38.535707438650306,0.0,,0.0,0.0,B,3.063369160046716,AI_VERIFIED,False
6567937.0,root1:batch_09,5926912.0,0.5634735202492211,4591616.0,case_021,3,4.0,5926912.0,incumbent_split_topo_g1_p4,2142612.0,8163328.0,incumbent_split_topo_g1_p4,1.0537313749991881,2142612.0,3338240.0,4710400.0,f2b50f8724152300e3c71667a1266c5280316fc21dc4abeb5447ed96ceac1063,0.8677271250016929,11501568.0,timing,3452928.0,7766016.0,5525504.0,0.5459328207203561,4595712.0,incumbent_base,2142851.0,d731c45b1768ca2a06ff254859312d71bf19e18103abf52b461f882c62a5e9dd,nan,,3.065046053132019,239.0,0.00011153365306313878,5544.0,55637.333333333336,38.51032879601227,5926912.0,incumbent_split_topo_g1_p4,0.0,0.0,C,3.065387947047809,AI_VERIFIED,False
6567937.0,root1:batch_09,0,0,0,case_021,4,0.0,0.0,,nan,4608000.0,A1_base,nan,1550324.0,3338240.0,4608000.0,aa5e3ecbb88cf3dc5293373b4001222a2303b9cea0c565b3c82d7bf86d08161f,nan,7946240.0,,0.0,4501504.0,0,0,0,A0_base,6567937.0,6ad7a2e63e934f5dbe8032200f4ba59682644f7cb87d25bd7ab63b1974b7a8fe,nan,,1.0,5017613.0,0.7639557139479262,5544.0,55637.333333333336,27.864814992331286,0.0,,0.0,0.0,A,4.236493145948847,AI_VERIFIED,False
6567937.0,root1:batch_09,0,0,0,case_021,4,0.0,0.0,,nan,4608000.0,B1_base,nan,1550324.0,3338240.0,4608000.0,aa5e3ecbb88cf3dc5293373b4001222a2303b9cea0c565b3c82d7bf86d08161f,nan,7946240.0,,0.0,4501504.0,0,0,0,B0_base,6567937.0,6ad7a2e63e934f5dbe8032200f4ba59682644f7cb87d25bd7ab63b1974b7a8fe,nan,,1.0,5017613.0,0.7639557139479262,5544.0,55637.333333333336,27.864814992331286,0.0,,0.0,0.0,B,4.236493145948847,AI_VERIFIED,False
6567937.0,root1:batch_09,0.0,0.0,6963200.0,case_021,4,2.0,5926912.0,lower_core_base,2142612.0,4608000.0,incumbent_base,nan,1550324.0,3338240.0,4608000.0,aa5e3ecbb88cf3dc5293373b4001222a2303b9cea0c565b3c82d7bf86d08161f,nan,7946240.0,,0.0,4608000.0,0.0,0.0,6963200.0,incumbent_base,1550324.0,aa5e3ecbb88cf3dc5293373b4001222a2303b9cea0c565b3c82d7bf86d08161f,nan,,4.236493145948847,0.0,0.0,5544.0,55637.333333333336,27.864814992331286,5926912.0,lower_core_base,0.0,0.0,C,4.236493145948847,AI_VERIFIED,True
6567937.0,root1:batch_09,0,0,0,case_021,5,0.0,0.0,,nan,7372800.0,A2_base,0.9646521670001675,1243902.0,3338240.0,7372800.0,5dc2134b089a323de927fc6612f81be84ed5d5b1378552cdf9efe67aa6ca51d7,0.8854302500003541,10711040.0,seed,0.0,4501504.0,0,0,0,A0_base,6567937.0,aa467f5aef8b02128f21175e31cd1c674db245ee4f044f14425613f6bf33de94,nan,,1.0,5324035.0,0.8106099373364879,5544.0,55637.333333333336,22.357326016104295,0.0,,0.0,0.0,A,5.280108079253832,AI_VERIFIED,False
6567937.0,root1:batch_09,0,0,0,case_021,5,0.0,0.0,,nan,11431936.0,B1_base,nan,1250168.0,3338240.0,9420800.0,b383f8b0b056746cb43ab0faa7c173d264d92115fae511cd3c16b45148b43f27,nan,14770176.0,,2011136.0,4501504.0,0,0,0,B0_base,6567937.0,aa467f5aef8b02128f21175e31cd1c674db245ee4f044f14425613f6bf33de94,nan,,1.0,5317769.0,0.8096559086970536,5544.0,55637.333333333336,22.469948236196316,0.0,,0.0,0.0,B,5.253643510312214,AI_VERIFIED,False
6567937.0,root1:batch_09,7858176.0,0.5699643493761141,5928960.0,case_021,5,2.0,7858176.0,incumbent_base,1249380.0,11431936.0,incumbent_base,nan,1249380.0,3338240.0,9420800.0,b383f8b0b056746cb43ab0faa7c173d264d92115fae511cd3c16b45148b43f27,nan,14770176.0,,2011136.0,11431936.0,7858176.0,0.5699643493761141,5928960.0,incumbent_base,1249380.0,b383f8b0b056746cb43ab0faa7c173d264d92115fae511cd3c16b45148b43f27,nan,,5.256957050697146,0.0,0.0,5544.0,55637.333333333336,22.455785084355828,7858176.0,incumbent_base,0.0,0.0,C,5.256957050697146,AI_VERIFIED,False
56780.0,root1:batch_11,0,0,0,case_022,1,0.0,0.0,,nan,0.0,A0_base,nan,56780.0,213686.0,0.0,eaf1cfb44676adb9e2de432e7d8b63d9a13928fb5cad53d4fd5288cfe6c4dcaf,nan,213686.0,,0.0,0.0,0,0,0,A0_base,56780.0,eaf1cfb44676adb9e2de432e7d8b63d9a13928fb5cad53d4fd5288cfe6c4dcaf,nan,,1.0,0.0,0.0,1986.0,3561.4333333333334,15.943019196390965,0.0,,0.0,0.0,A,1.0,AI_VERIFIED,False
56780.0,root1:batch_11,0,0,0,case_022,1,0.0,0.0,,nan,88064.0,B3_base,0.37921179099976143,54723.0,213686.0,0.0,eed4b94412cfa1979413e0f9a753995870f86b6f612862dbefe0a9f1c8a863ed,0.3644418339990807,301750.0,seed,88064.0,0.0,0,0,0,B0_base,56780.0,eaf1cfb44676adb9e2de432e7d8b63d9a13928fb5cad53d4fd5288cfe6c4dcaf,nan,,1.0,2057.0,0.03622754491017964,1986.0,3561.4333333333334,15.365442752449857,0.0,,0.0,0.0,B,1.0375893134513825,AI_VERIFIED,False
56780.0,root1:batch_11,29696.0,0.11088375427538721,238116.0,case_022,1,2.0,29696.0,incumbent_split_release_g1_p4,54591.0,78848.0,incumbent_split_release_g1_p4,0.26652020800065657,54591.0,213686.0,0.0,0528be4ee363717ffdf6551871312a440a89dc6ae9e8178406207d530f8a2c20,0.2664682079994236,292534.0,timing,78848.0,88064.0,17408.0,0.0653757755111238,248868.0,incumbent_base,54723.0,eed4b94412cfa1979413e0f9a753995870f86b6f612862dbefe0a9f1c8a863ed,nan,,1.0375893134513825,132.0,0.0024121484567732033,1986.0,3561.4333333333334,15.328379023426898,29696.0,incumbent_split_release_g1_p4,0.0,0.0,C,1.0400981846824568,AI_VERIFIED,False
56780.0,root1:batch_11,0,0,0,case_022,2,0.0,0.0,,nan,6912.0,L1_base,0.2817156660003093,28324.0,213686.0,6912.0,291b85d0238773eb35d1211d0ff98fdce191502f9709da272443c423a67e44c8,0.1768780410002364,220598.0,legacy_seed,0.0,0.0,0,0,0,A0_base,56780.0,3842ed3f7ea5792580b723fde49c0fc488bf1d1828cfc357ae7708ae81ec75c5,nan,,1.0,28456.0,0.5011623811201127,1986.0,3561.4333333333334,7.952977733684003,0.0,,0.0,0.0,A,2.0046603587063974,AI_VERIFIED,False
56780.0,root1:batch_11,0,0,0,case_022,2,0.0,0.0,,nan,6912.0,L1_base,0.241333083000427,28324.0,213686.0,6912.0,291b85d0238773eb35d1211d0ff98fdce191502f9709da272443c423a67e44c8,0.2642073330007406,220598.0,legacy_seed,0.0,0.0,0,0,0,B0_base,56780.0,3842ed3f7ea5792580b723fde49c0fc488bf1d1828cfc357ae7708ae81ec75c5,nan,,1.0,28456.0,0.5011623811201127,1986.0,3561.4333333333334,7.952977733684003,0.0,,0.0,0.0,B,2.0046603587063974,AI_VERIFIED,False
56780.0,root1:batch_11,6912.0,0.03135376408469871,213540.0,case_022,2,3.0,6912.0,incumbent_base,28324.0,6912.0,incumbent_base,nan,28324.0,213686.0,6912.0,291b85d0238773eb35d1211d0ff98fdce191502f9709da272443c423a67e44c8,nan,220598.0,,0.0,6912.0,6912.0,0.03135376408469871,213540.0,incumbent_base,28324.0,291b85d0238773eb35d1211d0ff98fdce191502f9709da272443c423a67e44c8,nan,,2.0046603587063974,0.0,0.0,1986.0,3561.4333333333334,7.952977733684003,29696.0,lower_core_base,0.0,0.0,C,2.0046603587063974,AI_VERIFIED,False
56780.0,root1:batch_11,0,0,0,case_022,3,0.0,0.0,,nan,13824.0,L1_base,0.3137999579994357,19026.0,213686.0,13824.0,6af8f7bb6165434405668fb2d7b69ba2f425ebf3001b664b478ed09e2a261f9f,0.1776741249996121,227510.0,legacy_seed,0.0,0.0,0,0,0,A0_base,56780.0,3dba9cf91740432b7e083ab098aec951978c0d4332d0d35fb63beff26d4e3696,nan,,1.0,37754.0,0.6649172243747798,1986.0,3561.4333333333334,5.3422311241728515,0.0,,0.0,0.0,A,2.984337222747819,AI_VERIFIED,False
56780.0,root1:batch_11,0,0,0,case_022,3,0.0,0.0,,nan,13824.0,L1_base,0.3487347080008476,19026.0,213686.0,13824.0,6af8f7bb6165434405668fb2d7b69ba2f425ebf3001b664b478ed09e2a261f9f,0.26246558300044853,227510.0,legacy_seed,0.0,0.0,0,0,0,B0_base,56780.0,3dba9cf91740432b7e083ab098aec951978c0d4332d0d35fb63beff26d4e3696,nan,,1.0,37754.0,0.6649172243747798,1986.0,3561.4333333333334,5.3422311241728515,0.0,,0.0,0.0,B,2.984337222747819,AI_VERIFIED,False
56780.0,root1:batch_11,13824.0,0.060801182245210326,213540.0,case_022,3,4.0,13824.0,incumbent_split_height_g0_p4,18965.0,13824.0,incumbent_split_height_g0_p4,0.20183683299910626,18965.0,213686.0,13824.0,ac67a5505dc337fb382094d56222130ff6956349615512f74b0de200dd7c9520,0.1856091669997113,227510.0,timing,0.0,13824.0,13824.0,0.060801182245210326,213540.0,incumbent_base,19026.0,6af8f7bb6165434405668fb2d7b69ba2f425ebf3001b664b478ed09e2a261f9f,nan,,2.984337222747819,61.0,0.0032061389677283717,1986.0,3561.4333333333334,5.325103188791029,13824.0,incumbent_split_height_g0_p4,0.0,0.0,C,2.9939361982599526,AI_VERIFIED,False
56780.0,root1:batch_11,0,0,0,case_022,4,0.0,0.0,,nan,13824.0,L1_base,0.2332048330008547,14526.0,213686.0,13824.0,3a4c1f102e12f64ebeaa11c467dfce0635a4bb93393d793486caa2dae6f3e6ac,0.16956008299894165,227510.0,legacy_seed,0.0,0.0,0,0,0,A0_base,56780.0,b8c8a61c8ff2c00900ebfdec11fbb73baf180a062ae071e21432184fcd257ef5,nan,,1.0,42254.0,0.7441704825642832,1986.0,3561.4333333333334,4.07869490748107,0.0,,0.0,0.0,A,3.9088530910092247,AI_VERIFIED,False
56780.0,root1:batch_11,0,0,0,case_022,4,0.0,0.0,,nan,13824.0,L1_base,0.196344042000419,14526.0,213686.0,13824.0,3a4c1f102e12f64ebeaa11c467dfce0635a4bb93393d793486caa2dae6f3e6ac,0.1838488330013206,227510.0,legacy_seed,0.0,0.0,0,0,0,B0_base,56780.0,b8c8a61c8ff2c00900ebfdec11fbb73baf180a062ae071e21432184fcd257ef5,nan,,1.0,42254.0,0.7441704825642832,1986.0,3561.4333333333334,4.07869490748107,0.0,,0.0,0.0,B,3.9088530910092247,AI_VERIFIED,False
56780.0,root1:batch_11,13824.0,0.060801182245210326,213540.0,case_022,4,4.0,13824.0,incumbent_split_height_g0_p4,14275.0,13824.0,incumbent_split_height_g0_p4,0.40972108300047694,14275.0,213686.0,13824.0,a7c684634a65f5f2e70fe09c714f4fd84aca3a3fcb36b351fedb3fa4a700b605,0.272073708998505,227510.0,timing,0.0,13824.0,13824.0,0.060801182245210326,213540.0,incumbent_base,14526.0,3a4c1f102e12f64ebeaa11c467dfce0635a4bb93393d793486caa2dae6f3e6ac,nan,,3.9088530910092247,251.0,0.01727936114553215,1986.0,3561.4333333333334,4.008217665172262,13824.0,incumbent_split_height_g0_p4,0.0,0.0,C,3.9775831873905427,AI_VERIFIED,False
56780.0,root1:batch_11,0,0,0,case_022,5,0.0,0.0,,nan,20736.0,L1_base,0.17134900000019115,11824.0,213686.0,20736.0,53d2ab95f71ff924aac825e5bbb3bdfd12c180d1a71095206cf357ac87be4770,0.15931712499877904,234422.0,legacy_seed,0.0,0.0,0,0,0,A0_base,56780.0,956b7404270bd55b2d7eab2f6f52d297cf72546950e586236b43786ee9059327,nan,,1.0,44956.0,0.7917576611482916,1986.0,3561.4333333333334,3.3200116058141385,0.0,,0.0,0.0,A,4.802097428958051,AI_VERIFIED,False
56780.0,root1:batch_11,0,0,0,case_022,5,0.0,0.0,,nan,20736.0,L1_base,0.26251883300028567,11824.0,213686.0,20736.0,53d2ab95f71ff924aac825e5bbb3bdfd12c180d1a71095206cf357ac87be4770,0.19743370799915283,234422.0,legacy_seed,0.0,0.0,0,0,0,B0_base,56780.0,956b7404270bd55b2d7eab2f6f52d297cf72546950e586236b43786ee9059327,nan,,1.0,44956.0,0.7917576611482916,1986.0,3561.4333333333334,3.3200116058141385,0.0,,0.0,0.0,B,4.802097428958051,AI_VERIFIED,False
56780.0,root1:batch_11,20736.0,0.08851098704092608,213540.0,case_022,5,3.0,20736.0,incumbent_base,11824.0,20736.0,incumbent_base,nan,11824.0,213686.0,20736.0,53d2ab95f71ff924aac825e5bbb3bdfd12c180d1a71095206cf357ac87be4770,nan,234422.0,,0.0,20736.0,20736.0,0.08851098704092608,213540.0,incumbent_base,11824.0,53d2ab95f71ff924aac825e5bbb3bdfd12c180d1a71095206cf357ac87be4770,nan,,4.802097428958051,0.0,0.0,1986.0,3561.4333333333334,3.3200116058141385,27648.0,C1_base,0.0,0.0,C,4.802097428958051,AI_VERIFIED,False
122614.0,root1:batch_03,0,0,0,case_023,1,0.0,0.0,,nan,897024.0,A3_base,0.1596981249986129,110425.0,443444.0,897024.0,4fee0b9b54fd69347ebff2bea9aaff8830c9557da19145ffaf5dbaa07a146c56,0.10314379200099211,1340468.0,seed,0.0,0.0,0,0,0,A0_base,122614.0,4824d37f7e18bdf281fc18e240eac9c7adfc06bde5a86778aa6e2baab0d61d5e,nan,,1.0,12189.0,0.09940952909129463,4218.0,7390.733333333334,14.941007207223459,0.0,,0.0,0.0,A,1.1103826126330087,AI_VERIFIED,False
122614.0,root1:batch_03,0,0,0,case_023,1,0.0,0.0,,nan,75776.0,B2_base,0.1476427910001803,99763.0,443444.0,0.0,4fee0b9b54fd69347ebff2bea9aaff8830c9557da19145ffaf5dbaa07a146c56,0.14531758300108777,519220.0,seed,75776.0,0.0,0,0,0,B0_base,122614.0,4824d37f7e18bdf281fc18e240eac9c7adfc06bde5a86778aa6e2baab0d61d5e,nan,,1.0,22851.0,0.18636534164124816,4218.0,7390.733333333334,13.498389875609998,0.0,,0.0,0.0,B,1.2290528552669828,AI_VERIFIED,False
122614.0,root1:batch_03,6144.0,0.012932504283471064,468938.0,case_023,1,2.0,6144.0,incumbent_aggregate,93197.0,75776.0,incumbent_aggregate,0.1378761249998206,93197.0,443444.0,0.0,fa75f9f33305da183383a1c9d43074c36871e51c6b843367e68942058dd1002f,0.14540637499885634,519220.0,aggregate,75776.0,75776.0,6144.0,0.012932504283471064,468938.0,incumbent_base,99763.0,4fee0b9b54fd69347ebff2bea9aaff8830c9557da19145ffaf5dbaa07a146c56,nan,,1.2290528552669828,6566.0,0.06581598388179986,4218.0,7390.733333333334,12.6099800651266,6144.0,incumbent_aggregate,0.0,0.0,C,1.3156432073993798,AI_VERIFIED,False
122614.0,root1:batch_03,0,0,0,case_023,2,0.0,0.0,,nan,84096.0,A1_base,nan,61177.0,443444.0,84096.0,dc8721feed0d8af88931056f7c3bfc08daae85497d2ef484764f9cf371af0a68,nan,527540.0,,0.0,0.0,0,0,0,A0_base,122614.0,790feeac788882e8ec14f362d34bc1cf88e84618a81b0ba16103bbea861c6816,nan,,1.0,61437.0,0.5010602378194986,4218.0,7390.733333333334,8.277527714886208,0.0,,0.0,0.0,A,2.004249963221472,AI_VERIFIED,False
122614.0,root1:batch_03,0,0,0,case_023,2,0.0,0.0,,nan,84096.0,B1_base,nan,61177.0,443444.0,84096.0,dc8721feed0d8af88931056f7c3bfc08daae85497d2ef484764f9cf371af0a68,nan,527540.0,,0.0,0.0,0,0,0,B0_base,122614.0,790feeac788882e8ec14f362d34bc1cf88e84618a81b0ba16103bbea861c6816,nan,,1.0,61437.0,0.5010602378194986,4218.0,7390.733333333334,8.277527714886208,0.0,,0.0,0.0,B,2.004249963221472,AI_VERIFIED,False
122614.0,root1:batch_03,84096.0,0.16227919524215678,434122.0,case_023,2,3.0,84096.0,incumbent_split_topo_g1_p2,60171.0,84096.0,incumbent_split_topo_g1_p2,0.1416554579991498,60171.0,443444.0,84096.0,d845518ca97c4946be9c51a59090957c5483cfe0f9e1472c2d772e613ae7bc15,0.09335354100039694,527540.0,timing,0.0,84096.0,84096.0,0.16227919524215678,434122.0,incumbent_base,61177.0,dc8721feed0d8af88931056f7c3bfc08daae85497d2ef484764f9cf371af0a68,nan,,2.004249963221472,1006.0,0.016444088464619058,4218.0,7390.733333333334,8.141411316874283,84096.0,incumbent_split_topo_g1_p2,0.0,0.0,C,2.0377590533645775,AI_VERIFIED,False
122614.0,root1:batch_03,0,0,0,case_023,3,0.0,0.0,,nan,207552.0,A1_base,nan,40897.0,443444.0,207552.0,f1f9757c769a1d49e3e0aeb693af527d62ea14bbdb36d85ef9e84e448129772c,nan,650996.0,,0.0,0.0,0,0,0,A0_base,122614.0,b7edc633c6bb3f00e98d2247a8a61095e7dbaf48a8867b1b486c851e55d0def2,nan,,1.0,81717.0,0.6664573376612785,4218.0,7390.733333333334,5.533551023353569,0.0,,0.0,0.0,A,2.998117221312077,AI_VERIFIED,False
122614.0,root1:batch_03,0,0,0,case_023,3,0.0,0.0,,nan,207552.0,B1_base,nan,40897.0,443444.0,207552.0,f1f9757c769a1d49e3e0aeb693af527d62ea14bbdb36d85ef9e84e448129772c,nan,650996.0,,0.0,0.0,0,0,0,B0_base,122614.0,b7edc633c6bb3f00e98d2247a8a61095e7dbaf48a8867b1b486c851e55d0def2,nan,,1.0,81717.0,0.6664573376612785,4218.0,7390.733333333334,5.533551023353569,0.0,,0.0,0.0,B,2.998117221312077,AI_VERIFIED,False
122614.0,root1:batch_03,207552.0,0.32345396572091123,434122.0,case_023,3,2.0,207552.0,incumbent_base,40897.0,207552.0,incumbent_base,nan,40897.0,443444.0,207552.0,f1f9757c769a1d49e3e0aeb693af527d62ea14bbdb36d85ef9e84e448129772c,nan,650996.0,,0.0,207552.0,207552.0,0.32345396572091123,434122.0,incumbent_base,40897.0,f1f9757c769a1d49e3e0aeb693af527d62ea14bbdb36d85ef9e84e448129772c,nan,,2.998117221312077,0.0,0.0,4218.0,7390.733333333334,5.533551023353569,207552.0,incumbent_base,0.0,0.0,C,2.998117221312077,AI_VERIFIED,False
122614.0,root1:batch_03,0,0,0,case_023,4,0.0,0.0,,nan,281280.0,L1_base,0.15712287499991362,30142.0,443444.0,281280.0,519108f2f9bdedf3fd873b22aee6ba047c13ae9cddb707133db9e90e4afa019f,0.11969604200021422,724724.0,legacy_seed,0.0,0.0,0,0,0,A0_base,122614.0,d1c6b5642b3245b86900168d21221539c4285b01ac6a62cbf3b1c5b19020b2e9,nan,,1.0,92472.0,0.7541716280359502,4218.0,7390.733333333334,4.078350366675386,0.0,,0.0,0.0,A,4.0678787074513965,AI_VERIFIED,False
122614.0,root1:batch_03,0,0,0,case_023,4,0.0,0.0,,nan,281280.0,L1_base,0.15613779200066347,30142.0,443444.0,281280.0,519108f2f9bdedf3fd873b22aee6ba047c13ae9cddb707133db9e90e4afa019f,0.12875116699979117,724724.0,legacy_seed,0.0,0.0,0,0,0,B0_base,122614.0,d1c6b5642b3245b86900168d21221539c4285b01ac6a62cbf3b1c5b19020b2e9,nan,,1.0,92472.0,0.7541716280359502,4218.0,7390.733333333334,4.078350366675386,0.0,,0.0,0.0,B,4.0678787074513965,AI_VERIFIED,False
122614.0,root1:batch_03,281280.0,0.39317754213714806,434122.0,case_023,4,3.0,281280.0,incumbent_base,30142.0,281280.0,incumbent_base,nan,30142.0,443444.0,281280.0,519108f2f9bdedf3fd873b22aee6ba047c13ae9cddb707133db9e90e4afa019f,nan,724724.0,,0.0,281280.0,281280.0,0.39317754213714806,434122.0,incumbent_base,30142.0,519108f2f9bdedf3fd873b22aee6ba047c13ae9cddb707133db9e90e4afa019f,nan,,4.0678787074513965,0.0,0.0,4218.0,7390.733333333334,4.078350366675386,281280.0,incumbent_base,0.0,0.0,C,4.0678787074513965,AI_VERIFIED,False
122614.0,root1:batch_03,0,0,0,case_023,5,0.0,0.0,,nan,270912.0,L1_base,0.13995954200072447,24517.0,443444.0,270912.0,7ad343a959942d141983c28316e9b924da8829cbdb013170a66f4f0c74a56d0e,0.10654062499997963,714356.0,legacy_seed,0.0,0.0,0,0,0,A0_base,122614.0,be907419eea16f563845a0f6a3ce2b916085d41ad9061080fd154746f5016ead,nan,,1.0,98097.0,0.8000473029181007,4218.0,7390.733333333334,3.317262157115667,0.0,,0.0,0.0,A,5.001182852714443,AI_VERIFIED,False
122614.0,root1:batch_03,0,0,0,case_023,5,0.0,0.0,,nan,270912.0,L1_base,0.12630308299958415,24517.0,443444.0,270912.0,7ad343a959942d141983c28316e9b924da8829cbdb013170a66f4f0c74a56d0e,0.12446970800010604,714356.0,legacy_seed,0.0,0.0,0,0,0,B0_base,122614.0,be907419eea16f563845a0f6a3ce2b916085d41ad9061080fd154746f5016ead,nan,,1.0,98097.0,0.8000473029181007,4218.0,7390.733333333334,3.317262157115667,0.0,,0.0,0.0,B,5.001182852714443,AI_VERIFIED,False
122614.0,root1:batch_03,148032.0,0.20996434214520152,557002.0,case_023,5,4.0,148032.0,event_timing_tid_1038_miss_3_bytes_73728_front,24517.0,270912.0,event_timing_tid_1038_miss_3_bytes_73728_front,0.13654095899983076,24517.0,443444.0,270912.0,a3411b73f4fff6774ad449a16654abaa4010e3160de5302182ceb90291f3a06e,0.07857775000047695,714356.0,event_timing,0.0,270912.0,148032.0,0.20996434214520152,557002.0,incumbent_base,24517.0,7ad343a959942d141983c28316e9b924da8829cbdb013170a66f4f0c74a56d0e,nan,,5.001182852714443,0.0,0.0,4218.0,7390.733333333334,3.317262157115667,281280.0,lower_core_base,0.0,0.0,C,5.001182852714443,AI_VERIFIED,False
2555343.0,root1:batch_10,0,0,0,case_024,1,0.0,0.0,,nan,0.0,A0_base,nan,2555343.0,393218.0,0.0,60bdfaac27bdd7cbde4e5b65714b5f6b492e1f8b829661c21657b3a1a8c4b1a9,nan,393218.0,,0.0,0.0,0,0,0,A0_base,2555343.0,60bdfaac27bdd7cbde4e5b65714b5f6b492e1f8b829661c21657b3a1a8c4b1a9,nan,,1.0,0.0,0.0,216948.0,216948.0,11.778596714420045,0.0,,0.0,0.0,A,1.0,AI_VERIFIED,False
2555343.0,root1:batch_10,0,0,0,case_024,1,0.0,0.0,,nan,0.0,B0_base,nan,2555343.0,393218.0,0.0,60bdfaac27bdd7cbde4e5b65714b5f6b492e1f8b829661c21657b3a1a8c4b1a9,nan,393218.0,,0.0,0.0,0,0,0,B0_base,2555343.0,60bdfaac27bdd7cbde4e5b65714b5f6b492e1f8b829661c21657b3a1a8c4b1a9,nan,,1.0,0.0,0.0,216948.0,216948.0,11.778596714420045,0.0,,0.0,0.0,B,1.0,AI_VERIFIED,False
2555343.0,root1:batch_10,0.0,0.0,393216.0,case_024,1,0.0,0.0,,nan,0.0,incumbent_base,1.861664791000294,2555343.0,393218.0,0.0,60bdfaac27bdd7cbde4e5b65714b5f6b492e1f8b829661c21657b3a1a8c4b1a9,1.890830583000934,393218.0,incumbent,0.0,0.0,0.0,0.0,393216.0,incumbent_base,2555343.0,60bdfaac27bdd7cbde4e5b65714b5f6b492e1f8b829661c21657b3a1a8c4b1a9,1.890830583000934,incumbent,1.0,0.0,0.0,216948.0,216948.0,11.778596714420045,0.0,,0.0,0.0,C,1.0,AI_VERIFIED,False
2555343.0,root1:batch_10,0,0,0,case_024,2,0.0,0.0,,nan,0.0,A0_base,nan,2555343.0,393218.0,0.0,85384c686ce72fc5181881ad991191171d220d63473bd026548cb72191122a83,nan,393218.0,,0.0,0.0,0,0,0,A0_base,2555343.0,85384c686ce72fc5181881ad991191171d220d63473bd026548cb72191122a83,nan,,1.0,0.0,0.0,216948.0,216948.0,11.778596714420045,0.0,,0.0,0.0,A,1.0,AI_VERIFIED,False
2555343.0,root1:batch_10,0,0,0,case_024,2,0.0,0.0,,nan,2162724.0,L2_base,1.2277889590004634,2552735.0,393218.0,2162724.0,a660c1aef672eed70ef1574952787c12b5a8e6fe8a26b4f7242d8f265d6418f7,1.1376754170014465,2555942.0,legacy_seed,0.0,0.0,0,0,0,B0_base,2555343.0,85384c686ce72fc5181881ad991191171d220d63473bd026548cb72191122a83,nan,,1.0,2608.0,0.0010206066269772785,216948.0,216948.0,11.766575400556816,0.0,,0.0,0.0,B,1.001021649329053,AI_VERIFIED,False
2555343.0,root1:batch_10,0.0,0.0,1671186.0,case_024,2,1.0,196608.0,incumbent_disperse_tid_1000000001_node_13_core_1_pos_0,2553327.0,2162724.0,incumbent_base,nan,2552735.0,393218.0,2162724.0,a660c1aef672eed70ef1574952787c12b5a8e6fe8a26b4f7242d8f265d6418f7,nan,2555942.0,,0.0,2162724.0,0.0,0.0,1671186.0,incumbent_base,2552735.0,a660c1aef672eed70ef1574952787c12b5a8e6fe8a26b4f7242d8f265d6418f7,nan,,1.001021649329053,0.0,0.0,216948.0,216948.0,11.766575400556816,196608.0,incumbent_disperse_tid_1000000001_node_13_core_1_pos_0,0.0,0.0,C,1.001021649329053,AI_VERIFIED,True
2555343.0,root1:batch_10,0,0,0,case_024,3,0.0,0.0,,nan,0.0,A0_base,nan,2555343.0,393218.0,0.0,9d03be6cef82cc98b751ddccb88d24817088412f95cb8988704b3522f729a2a5,nan,393218.0,,0.0,0.0,0,0,0,A0_base,2555343.0,9d03be6cef82cc98b751ddccb88d24817088412f95cb8988704b3522f729a2a5,nan,,1.0,0.0,0.0,216948.0,216948.0,11.778596714420045,0.0,,0.0,0.0,A,1.0,AI_VERIFIED,False
2555343.0,root1:batch_10,0,0,0,case_024,3,0.0,0.0,,nan,2162724.0,incumbent_base,nan,2552735.0,393218.0,2162724.0,24b5063cddc4c626bbc9569fb4375a1394ba3d0aecd87174439378f10e5ed3fc,nan,2555942.0,,0.0,0.0,0,0,0,B0_base,2555343.0,9d03be6cef82cc98b751ddccb88d24817088412f95cb8988704b3522f729a2a5,nan,,1.0,2608.0,0.0010206066269772785,216948.0,216948.0,11.766575400556816,0.0,,0.0,0.0,B,1.001021649329053,AI_VERIFIED,False
2555343.0,root1:batch_10,0.0,0.0,1671186.0,case_024,3,1.0,196608.0,incumbent_disperse_tid_1000000001_node_13_core_1_pos_0,2553327.0,2162724.0,incumbent_base,nan,2552735.0,393218.0,2162724.0,24b5063cddc4c626bbc9569fb4375a1394ba3d0aecd87174439378f10e5ed3fc,nan,2555942.0,,0.0,2162724.0,0.0,0.0,1671186.0,incumbent_base,2552735.0,24b5063cddc4c626bbc9569fb4375a1394ba3d0aecd87174439378f10e5ed3fc,nan,,1.001021649329053,0.0,0.0,216948.0,216948.0,11.766575400556816,196608.0,incumbent_disperse_tid_1000000001_node_13_core_1_pos_0,0.0,0.0,C,1.001021649329053,AI_VERIFIED,True
2555343.0,root1:batch_10,0,0,0,case_024,4,0.0,0.0,,nan,0.0,A0_base,nan,2555343.0,393218.0,0.0,c434fa32a3539f70d7a707dd6673f8eba537a17e3bc87c109abdd1e9c8a0ae17,nan,393218.0,,0.0,0.0,0,0,0,A0_base,2555343.0,c434fa32a3539f70d7a707dd6673f8eba537a17e3bc87c109abdd1e9c8a0ae17,nan,,1.0,0.0,0.0,216948.0,216948.0,11.778596714420045,0.0,,0.0,0.0,A,1.0,AI_VERIFIED,False
2555343.0,root1:batch_10,0,0,0,case_024,4,0.0,0.0,,nan,2162724.0,incumbent_base,nan,2552735.0,393218.0,2162724.0,64f401d1d02da461bbb87f10c648f5703ea4a434901c8bdd244d4f43256c0f80,nan,2555942.0,,0.0,0.0,0,0,0,B0_base,2555343.0,c434fa32a3539f70d7a707dd6673f8eba537a17e3bc87c109abdd1e9c8a0ae17,nan,,1.0,2608.0,0.0010206066269772785,216948.0,216948.0,11.766575400556816,0.0,,0.0,0.0,B,1.001021649329053,AI_VERIFIED,False
2555343.0,root1:batch_10,0.0,0.0,1671186.0,case_024,4,1.0,196608.0,incumbent_disperse_tid_1000000001_node_13_core_1_pos_0,2553327.0,2162724.0,incumbent_base,nan,2552735.0,393218.0,2162724.0,64f401d1d02da461bbb87f10c648f5703ea4a434901c8bdd244d4f43256c0f80,nan,2555942.0,,0.0,2162724.0,0.0,0.0,1671186.0,incumbent_base,2552735.0,64f401d1d02da461bbb87f10c648f5703ea4a434901c8bdd244d4f43256c0f80,nan,,1.001021649329053,0.0,0.0,216948.0,216948.0,11.766575400556816,196608.0,incumbent_disperse_tid_1000000001_node_13_core_1_pos_0,0.0,0.0,C,1.001021649329053,AI_VERIFIED,True
2555343.0,root1:batch_10,0,0,0,case_024,5,0.0,0.0,,nan,0.0,A0_base,nan,2555343.0,393218.0,0.0,171217d0b936deb9de80f075288559f390b6c8e6529287052ca740fd95dbc952,nan,393218.0,,0.0,0.0,0,0,0,A0_base,2555343.0,171217d0b936deb9de80f075288559f390b6c8e6529287052ca740fd95dbc952,nan,,1.0,0.0,0.0,216948.0,216948.0,11.778596714420045,0.0,,0.0,0.0,A,1.0,AI_VERIFIED,False
2555343.0,root1:batch_10,0,0,0,case_024,5,0.0,0.0,,nan,6291556.0,L2_base,1.1006404999989172,2538844.0,393218.0,6291556.0,0cfb3b231ce84fd97c0b5cbd09c8c66d3a36ea3a5072f0756e179b69018ccbdf,1.0454071670010308,6684774.0,legacy_seed,0.0,0.0,0,0,0,B0_base,2555343.0,171217d0b936deb9de80f075288559f390b6c8e6529287052ca740fd95dbc952,nan,,1.0,16499.0,0.006456667461080567,216948.0,216948.0,11.702546232276859,0.0,,0.0,0.0,B,1.006498626934148,AI_VERIFIED,False
2555343.0,root1:batch_10,819200.0,0.18939175008426914,3506226.0,case_024,5,2.0,819200.0,incumbent_base,2538844.0,6291556.0,incumbent_base,nan,2538844.0,393218.0,6291556.0,0cfb3b231ce84fd97c0b5cbd09c8c66d3a36ea3a5072f0756e179b69018ccbdf,nan,6684774.0,,0.0,6291556.0,819200.0,0.18939175008426914,3506226.0,incumbent_base,2538844.0,0cfb3b231ce84fd97c0b5cbd09c8c66d3a36ea3a5072f0756e179b69018ccbdf,nan,,1.006498626934148,0.0,0.0,216948.0,216948.0,11.702546232276859,884738.0,incumbent_disperse_tid_1000000613_node_607_core_3_pos_0,0.0,0.0,C,1.006498626934148,AI_VERIFIED,False
4863026.0,root1:batch_10,0,0,0,case_025,1,0.0,0.0,,nan,44894208.0,A3_base,10.35920908299886,4828832.0,8217600.0,44894208.0,85dba8755e53595c0c58d2af00707cf38758607080ad88d0521648b8e0d70a48,9.630478790999405,53111808.0,seed,0.0,0.0,0,0,0,A0_base,4863026.0,3dfdd9e81db84bf4367303e264285f4d7d544e5e7ffae66758d305d0c9896c10,nan,,1.0,34194.0,0.00703142446698825,1632.0,136960.0,35.257242990654206,0.0,,0.0,0.0,A,1.0070812154989033,AI_VERIFIED,False
4863026.0,root1:batch_10,0,0,0,case_025,1,0.0,0.0,,nan,0.0,B0_base,nan,4863026.0,8217600.0,0.0,3dfdd9e81db84bf4367303e264285f4d7d544e5e7ffae66758d305d0c9896c10,nan,8217600.0,,0.0,0.0,0,0,0,B0_base,4863026.0,3dfdd9e81db84bf4367303e264285f4d7d544e5e7ffae66758d305d0c9896c10,nan,,1.0,0.0,0.0,1632.0,136960.0,35.50690712616822,0.0,,0.0,0.0,B,1.0,AI_VERIFIED,False
4863026.0,root1:batch_10,0.0,0.0,4122624.0,case_025,1,0.0,0.0,,nan,0.0,incumbent_base,14.591691707999416,4863026.0,8217600.0,0.0,3dfdd9e81db84bf4367303e264285f4d7d544e5e7ffae66758d305d0c9896c10,14.305536249999932,8217600.0,incumbent,0.0,0.0,0.0,0.0,4122624.0,incumbent_base,4863026.0,3dfdd9e81db84bf4367303e264285f4d7d544e5e7ffae66758d305d0c9896c10,14.305536249999932,incumbent,1.0,0.0,0.0,1632.0,136960.0,35.50690712616822,0.0,,0.0,0.0,C,1.0,AI_VERIFIED,False
4863026.0,root1:batch_10,0,0,0,case_025,2,0.0,0.0,,nan,27648.0,A1_base,nan,2431840.0,8217600.0,27648.0,5973df0615e7fd1734e467cbc885a5733dbe6fe9d3d8c409fb46f52e96c8f1c6,nan,8245248.0,,0.0,0.0,0,0,0,A0_base,4863026.0,1c778a0dcafb8244e6dc3983084d5f39b7755a00bb2ff4cec4579c18290642a4,nan,,1.0,2431186.0,0.49993275791657293,1632.0,136960.0,17.755841121495326,0.0,,0.0,0.0,A,1.9997310678334101,AI_VERIFIED,False
4863026.0,root1:batch_10,0,0,0,case_025,2,0.0,0.0,,nan,27648.0,B1_base,nan,2431840.0,8217600.0,27648.0,5973df0615e7fd1734e467cbc885a5733dbe6fe9d3d8c409fb46f52e96c8f1c6,nan,8245248.0,,0.0,0.0,0,0,0,B0_base,4863026.0,1c778a0dcafb8244e6dc3983084d5f39b7755a00bb2ff4cec4579c18290642a4,nan,,1.0,2431186.0,0.49993275791657293,1632.0,136960.0,17.755841121495326,0.0,,0.0,0.0,B,1.9997310678334101,AI_VERIFIED,False
4863026.0,root1:batch_10,0.0,0.0,4150272.0,case_025,2,1.0,19968.0,incumbent_disperse_tid_1000000003_node_30_core_0_pos_0,2432402.0,27648.0,incumbent_base,nan,2431840.0,8217600.0,27648.0,5973df0615e7fd1734e467cbc885a5733dbe6fe9d3d8c409fb46f52e96c8f1c6,nan,8245248.0,,0.0,27648.0,0.0,0.0,4150272.0,incumbent_base,2431840.0,5973df0615e7fd1734e467cbc885a5733dbe6fe9d3d8c409fb46f52e96c8f1c6,nan,,1.9997310678334101,0.0,0.0,1632.0,136960.0,17.755841121495326,19968.0,incumbent_disperse_tid_1000000003_node_30_core_0_pos_0,0.0,0.0,C,1.9997310678334101,AI_VERIFIED,True
4863026.0,root1:batch_10,0,0,0,case_025,3,0.0,0.0,,nan,55296.0,A1_base,nan,1622164.0,8217600.0,55296.0,4012a012fd46d09c70027c3ddd7b6147c85c9c5d51c4945e8fb967fd5f2592c4,nan,8272896.0,,0.0,0.0,0,0,0,A0_base,4863026.0,a3c9c612612f8e1ef81d6eb111bc3d9b5f1a4ad4d0af771cc63c5431852e0265,nan,,1.0,3240862.0,0.6664290916807766,1632.0,136960.0,11.844071261682243,0.0,,0.0,0.0,A,2.9978633479722148,AI_VERIFIED,False
4863026.0,root1:batch_10,0,0,0,case_025,3,0.0,0.0,,nan,55296.0,B1_base,nan,1622164.0,8217600.0,55296.0,4012a012fd46d09c70027c3ddd7b6147c85c9c5d51c4945e8fb967fd5f2592c4,nan,8272896.0,,0.0,0.0,0,0,0,B0_base,4863026.0,a3c9c612612f8e1ef81d6eb111bc3d9b5f1a4ad4d0af771cc63c5431852e0265,nan,,1.0,3240862.0,0.6664290916807766,1632.0,136960.0,11.844071261682243,0.0,,0.0,0.0,B,2.9978633479722148,AI_VERIFIED,False
4863026.0,root1:batch_10,29184.0,0.00697759823723834,4153344.0,case_025,3,1.0,29184.0,incumbent_disperse_tid_1000000003_node_30_core_2_pos_0,1622138.0,62976.0,incumbent_disperse_tid_1000000003_node_30_core_2_pos_0,7.365977458999623,1622138.0,8217600.0,62976.0,a1693549220edb5fc333f9c9db5da1f52487edb2ae80696693c849d4ffe52819,6.499431249998452,8280576.0,disperse,0.0,55296.0,0.0,0.0,4177920.0,incumbent_base,1622164.0,4012a012fd46d09c70027c3ddd7b6147c85c9c5d51c4945e8fb967fd5f2592c4,nan,,2.9978633479722148,26.0,1.6027972510794223e-05,1632.0,136960.0,11.843881425233645,29184.0,incumbent_disperse_tid_1000000003_node_30_core_2_pos_0,0.0,0.0,C,2.9979113984136982,AI_VERIFIED,False
4863026.0,root1:batch_10,0,0,0,case_025,4,0.0,0.0,,nan,82944.0,A1_base,nan,1217444.0,8217600.0,82944.0,54ba65f9f14e2019661f081a1a6ccef1d988b74ec3e84543c688c08ed2144753,nan,8300544.0,,0.0,0.0,0,0,0,A0_base,4863026.0,260eb907b8d508014043b358bdb57404a177856707a46675135febb51c5be1a9,nan,,1.0,3645582.0,0.7496529938355254,1632.0,136960.0,8.889047897196262,0.0,,0.0,0.0,A,3.9944555971362954,AI_VERIFIED,False
4863026.0,root1:batch_10,0,0,0,case_025,4,0.0,0.0,,nan,82944.0,B1_base,nan,1217444.0,8217600.0,82944.0,54ba65f9f14e2019661f081a1a6ccef1d988b74ec3e84543c688c08ed2144753,nan,8300544.0,,0.0,0.0,0,0,0,B0_base,4863026.0,260eb907b8d508014043b358bdb57404a177856707a46675135febb51c5be1a9,nan,,1.0,3645582.0,0.7496529938355254,1632.0,136960.0,8.889047897196262,0.0,,0.0,0.0,B,3.9944555971362954,AI_VERIFIED,False
4863026.0,root1:batch_10,0.0,0.0,4205568.0,case_025,4,1.0,29184.0,lower_core_base,1622138.0,82944.0,incumbent_base,nan,1217444.0,8217600.0,82944.0,54ba65f9f14e2019661f081a1a6ccef1d988b74ec3e84543c688c08ed2144753,nan,8300544.0,,0.0,82944.0,0.0,0.0,4205568.0,incumbent_base,1217444.0,54ba65f9f14e2019661f081a1a6ccef1d988b74ec3e84543c688c08ed2144753,nan,,3.9944555971362954,0.0,0.0,1632.0,136960.0,8.889047897196262,29184.0,lower_core_base,0.0,0.0,C,3.9944555971362954,AI_VERIFIED,True
4863026.0,root1:batch_10,0,0,0,case_025,5,0.0,0.0,,nan,110592.0,A1_base,nan,975282.0,8217600.0,110592.0,57a2d9942fef78d0c789c0d599cc957d80fff7da665dead938bedcb509739975,nan,8328192.0,,0.0,0.0,0,0,0,A0_base,4863026.0,a1e6fbfa271d0bcd12047ecf3b6a49a7e9557e5dbddc7be311175aef3e7eeecb,nan,,1.0,3887744.0,0.7994495608289982,1632.0,136960.0,7.120925817757009,0.0,,0.0,0.0,A,4.986276789687495,AI_VERIFIED,False
4863026.0,root1:batch_10,0,0,0,case_025,5,0.0,0.0,,nan,118272.0,r1_boundary_n5_c1_p0,6.231439916000454,974747.0,8217600.0,118272.0,90480b5e9db2d3040f527e30b61aa8e766b3abefae132f5bdc58f113012cd0b5,6.338870833000328,8335872.0,ordinary_chain,0.0,0.0,0,0,0,B0_base,4863026.0,a1e6fbfa271d0bcd12047ecf3b6a49a7e9557e5dbddc7be311175aef3e7eeecb,nan,,1.0,3888279.0,0.7995595746352169,1632.0,136960.0,7.117019567757009,0.0,,0.0,0.0,B,4.98901355941593,AI_VERIFIED,False
4863026.0,root1:batch_10,0.0,0.0,4237824.0,case_025,5,0.0,0.0,,nan,118272.0,incumbent_base,nan,974747.0,8217600.0,118272.0,90480b5e9db2d3040f527e30b61aa8e766b3abefae132f5bdc58f113012cd0b5,nan,8335872.0,,0.0,118272.0,0.0,0.0,4237824.0,incumbent_base,974747.0,90480b5e9db2d3040f527e30b61aa8e766b3abefae132f5bdc58f113012cd0b5,nan,,4.98901355941593,0.0,0.0,1632.0,136960.0,7.117019567757009,0.0,,0.0,0.0,C,4.98901355941593,AI_VERIFIED,False
99203.0,root1:batch_12,0,0,0,case_026,1,0.0,0.0,,nan,49184.0,A2_base,0.10223262500039709,97011.0,528854.0,49184.0,67e55adb1342b0b85e59e0a514e5305d94928a025a8cc59a19f701e5e924be21,0.1016314999997121,578038.0,seed,0.0,0.0,0,0,0,A0_base,99203.0,9c7cea08ea3f9abac362c6287b7f95c552c907084ae00d7cfcc993146cda444b,nan,,1.0,2192.0,0.022096105964537364,4319.0,8814.233333333334,11.006175617467202,0.0,,0.0,0.0,A,1.0225953757821278,AI_VERIFIED,False
99203.0,root1:batch_12,0,0,0,case_026,1,0.0,0.0,,nan,942080.0,B2_base,0.13194037500034028,95759.0,528854.0,0.0,9036c67ddfe5608bd5e784895cff92fa22312c38a04796154b684dee0d4f820c,0.12684479100062163,1470934.0,seed,942080.0,0.0,0,0,0,B0_base,99203.0,9c7cea08ea3f9abac362c6287b7f95c552c907084ae00d7cfcc993146cda444b,nan,,1.0,3444.0,0.03471669203552312,4319.0,8814.233333333334,10.864132633959466,0.0,,0.0,0.0,B,1.0359652878580603,AI_VERIFIED,False
99203.0,root1:batch_12,114688.0,0.10631958543074599,964022.0,case_026,1,2.0,114688.0,incumbent_split_release_g3_p4,88492.0,1064960.0,incumbent_split_release_g3_p4,0.11563141599981464,88492.0,528854.0,0.0,ca4dc9fc1928000314291074e0b335acaa6c4b3c3529df84273c01f9a7f65557,0.1296243750002759,1593814.0,timing,1064960.0,942080.0,139264.0,0.13526581309649383,890294.0,incumbent_base,95048.0,9036c67ddfe5608bd5e784895cff92fa22312c38a04796154b684dee0d4f820c,nan,,1.043714754650282,6556.0,0.06897567544819459,4319.0,8814.233333333334,10.039670684158576,139264.0,incumbent_base,0.0,0.0,C,1.1210391899832752,AI_VERIFIED,False
99203.0,root1:batch_12,0,0,0,case_026,2,0.0,0.0,,nan,21936.0,L1_base,0.11701620799976808,55057.0,528854.0,21936.0,fed5b876622a3fe2cf32eb3e890a3404536636230ab65a12d93e341ead3d76d1,0.08200933300031465,550790.0,legacy_seed,0.0,0.0,0,0,0,A0_base,99203.0,28869fa09ceafeaaa0fe57b0cba87f786dfd1bb20f5b4753b734fc2467fec2bb,nan,,1.0,44146.0,0.44500670342630766,4319.0,8814.233333333334,6.2463742356113405,0.0,,0.0,0.0,A,1.8018235646693428,AI_VERIFIED,False
99203.0,root1:batch_12,0,0,0,case_026,2,0.0,0.0,,nan,21936.0,L1_base,0.08810270899994066,55057.0,528854.0,21936.0,fed5b876622a3fe2cf32eb3e890a3404536636230ab65a12d93e341ead3d76d1,0.09433395900123287,550790.0,legacy_seed,0.0,0.0,0,0,0,B0_base,99203.0,28869fa09ceafeaaa0fe57b0cba87f786dfd1bb20f5b4753b734fc2467fec2bb,nan,,1.0,44146.0,0.44500670342630766,4319.0,8814.233333333334,6.2463742356113405,0.0,,0.0,0.0,B,1.8018235646693428,AI_VERIFIED,False
99203.0,root1:batch_12,21936.0,0.04294255141712769,488886.0,case_026,2,4.0,21936.0,incumbent_split_topo_g0_p4,51429.0,21936.0,incumbent_split_topo_g0_p4,0.11338375000013912,51429.0,528854.0,21936.0,80c23f1f7f09fb20fc474f9e3b159f5623781aa260dbc67780ed38428244ee32,0.0928293750002922,550790.0,timing,0.0,21936.0,21936.0,0.04294255141712769,488886.0,incumbent_base,55057.0,fed5b876622a3fe2cf32eb3e890a3404536636230ab65a12d93e341ead3d76d1,nan,,1.8018235646693428,3628.0,0.06589534482445465,4319.0,8814.233333333334,5.834767251453142,114688.0,lower_core_base,0.0,0.0,C,1.9289311477959905,AI_VERIFIED,False
99203.0,root1:batch_12,0,0,0,case_026,3,0.0,0.0,,nan,95664.0,L1_base,0.07157945800099696,41665.0,528854.0,95664.0,4c283aea1cdc7ebc18f24f5842f26f5db65b7408b6c73e123d28f3f5605b954f,0.0676435829991533,624518.0,legacy_seed,0.0,0.0,0,0,0,A0_base,99203.0,3b8a1f3ac3b086126813945666ecb6e3fc3b61f6595c5e5082f32c66a3e45f51,nan,,1.0,57538.0,0.5800026208884812,4319.0,8814.233333333334,4.7270135046723665,0.0,,0.0,0.0,A,2.3809672386895477,AI_VERIFIED,False
99203.0,root1:batch_12,0,0,0,case_026,3,0.0,0.0,,nan,95664.0,L1_base,0.09040870900025766,41665.0,528854.0,95664.0,4c283aea1cdc7ebc18f24f5842f26f5db65b7408b6c73e123d28f3f5605b954f,0.08492566699896997,624518.0,legacy_seed,0.0,0.0,0,0,0,B0_base,99203.0,3b8a1f3ac3b086126813945666ecb6e3fc3b61f6595c5e5082f32c66a3e45f51,nan,,1.0,57538.0,0.5800026208884812,4319.0,8814.233333333334,4.7270135046723665,0.0,,0.0,0.0,B,2.3809672386895477,AI_VERIFIED,False
99203.0,root1:batch_12,95664.0,0.16365409289196817,488886.0,case_026,3,3.0,95664.0,incumbent_base,41665.0,95664.0,incumbent_base,nan,41665.0,528854.0,95664.0,4c283aea1cdc7ebc18f24f5842f26f5db65b7408b6c73e123d28f3f5605b954f,nan,624518.0,,0.0,95664.0,95664.0,0.16365409289196817,488886.0,incumbent_base,41665.0,4c283aea1cdc7ebc18f24f5842f26f5db65b7408b6c73e123d28f3f5605b954f,nan,,2.3809672386895477,0.0,0.0,4319.0,8814.233333333334,4.7270135046723665,95664.0,incumbent_base,0.0,0.0,C,2.3809672386895477,AI_VERIFIED,False
99203.0,root1:batch_12,0,0,0,case_026,4,0.0,0.0,,nan,95664.0,incumbent_base,nan,41665.0,528854.0,95664.0,abf545f9ae76d345951a1965af18b0453e76126d4a68f9c1efa6a35187dfddd9,nan,624518.0,,0.0,0.0,0,0,0,A0_base,99203.0,4886dfa2fb319af8db720ec3b7408e61b1187964471711c7ac432419920691ca,nan,,1.0,57538.0,0.5800026208884812,4319.0,8814.233333333334,4.7270135046723665,0.0,,0.0,0.0,A,2.3809672386895477,AI_VERIFIED,False
99203.0,root1:batch_12,0,0,0,case_026,4,0.0,0.0,,nan,95664.0,incumbent_base,nan,41665.0,528854.0,95664.0,abf545f9ae76d345951a1965af18b0453e76126d4a68f9c1efa6a35187dfddd9,nan,624518.0,,0.0,0.0,0,0,0,B0_base,99203.0,4886dfa2fb319af8db720ec3b7408e61b1187964471711c7ac432419920691ca,nan,,1.0,57538.0,0.5800026208884812,4319.0,8814.233333333334,4.7270135046723665,0.0,,0.0,0.0,B,2.3809672386895477,AI_VERIFIED,False
99203.0,root1:batch_12,95664.0,0.16365409289196817,488886.0,case_026,4,2.0,95664.0,incumbent_base,41665.0,95664.0,incumbent_base,nan,41665.0,528854.0,95664.0,abf545f9ae76d345951a1965af18b0453e76126d4a68f9c1efa6a35187dfddd9,nan,624518.0,,0.0,95664.0,95664.0,0.16365409289196817,488886.0,incumbent_base,41665.0,abf545f9ae76d345951a1965af18b0453e76126d4a68f9c1efa6a35187dfddd9,nan,,2.3809672386895477,0.0,0.0,4319.0,8814.233333333334,4.7270135046723665,95664.0,incumbent_base,0.0,0.0,C,2.3809672386895477,AI_VERIFIED,False
99203.0,root1:batch_12,0,0,0,case_026,5,0.0,0.0,,nan,95664.0,incumbent_base,nan,41665.0,528854.0,95664.0,284f79baadd1c314d14d3dc7184db0644f6b461c64760edcb7c7cbc281ca76f8,nan,624518.0,,0.0,0.0,0,0,0,A0_base,99203.0,863e367ede5523a11d8d72fe7fc16079f1a9142e9058961dbd1e5407cbb6a6d8,nan,,1.0,57538.0,0.5800026208884812,4319.0,8814.233333333334,4.7270135046723665,0.0,,0.0,0.0,A,2.3809672386895477,AI_VERIFIED,False
99203.0,root1:batch_12,0,0,0,case_026,5,0.0,0.0,,nan,95664.0,incumbent_base,nan,41665.0,528854.0,95664.0,284f79baadd1c314d14d3dc7184db0644f6b461c64760edcb7c7cbc281ca76f8,nan,624518.0,,0.0,0.0,0,0,0,B0_base,99203.0,863e367ede5523a11d8d72fe7fc16079f1a9142e9058961dbd1e5407cbb6a6d8,nan,,1.0,57538.0,0.5800026208884812,4319.0,8814.233333333334,4.7270135046723665,0.0,,0.0,0.0,B,2.3809672386895477,AI_VERIFIED,False
99203.0,root1:batch_12,95664.0,0.16365409289196817,488886.0,case_026,5,2.0,95664.0,incumbent_base,41665.0,95664.0,incumbent_base,nan,41665.0,528854.0,95664.0,284f79baadd1c314d14d3dc7184db0644f6b461c64760edcb7c7cbc281ca76f8,nan,624518.0,,0.0,95664.0,95664.0,0.16365409289196817,488886.0,incumbent_base,41665.0,284f79baadd1c314d14d3dc7184db0644f6b461c64760edcb7c7cbc281ca76f8,nan,,2.3809672386895477,0.0,0.0,4319.0,8814.233333333334,4.7270135046723665,95664.0,incumbent_base,0.0,0.0,C,2.3809672386895477,AI_VERIFIED,False
2363952.0,root1:batch_11,0,0,0,case_027,1,0.0,0.0,,nan,1425408.0,A2_base,0.32898937500067404,2325280.0,2039808.0,737280.0,5e7174f10d66635936dfcb5a1b49dc4732c97091709049fdeeb28213f785fe97,0.3178568750008708,3465216.0,seed,688128.0,1400832.0,0,0,0,A0_base,2363952.0,fc190b9e4e6e8f7041e044c2e0bfd673942a4b17c3605109af3b083514832ee1,nan,,1.0,38672.0,0.016359046207368,21048.0,33996.8,68.39702560240963,0.0,,0.0,0.0,A,1.016631115392555,AI_VERIFIED,False
2363952.0,root1:batch_11,0,0,0,case_027,1,0.0,0.0,,nan,3452928.0,L2_base,0.3844865420014685,2304836.0,2039808.0,0.0,14e872d2b223d2fa5fa6d55b00ff3c0aaae8325acc6484b6b8915a7088c03735,0.29683250000016415,5492736.0,legacy_seed,3452928.0,1400832.0,0,0,0,B0_base,2363952.0,fc190b9e4e6e8f7041e044c2e0bfd673942a4b17c3605109af3b083514832ee1,nan,,1.0,59116.0,0.025007275951457558,21048.0,33996.8,67.7956748870482,0.0,,0.0,0.0,B,1.0256486795589794,AI_VERIFIED,False
2363952.0,root1:batch_11,217088.0,0.058888888888888886,3469312.0,case_027,1,2.0,217088.0,incumbent_base,2304836.0,3452928.0,incumbent_base,nan,2304836.0,2039808.0,0.0,14e872d2b223d2fa5fa6d55b00ff3c0aaae8325acc6484b6b8915a7088c03735,nan,5492736.0,,3452928.0,3452928.0,217088.0,0.058888888888888886,3469312.0,incumbent_base,2304836.0,14e872d2b223d2fa5fa6d55b00ff3c0aaae8325acc6484b6b8915a7088c03735,nan,,1.0256486795589794,0.0,0.0,21048.0,33996.8,67.7956748870482,872448.0,incumbent_aggregate,0.0,0.0,C,1.0256486795589794,AI_VERIFIED,False
2363952.0,root1:batch_11,0,0,0,case_027,2,0.0,0.0,,nan,2211840.0,A2_base,0.3229485409992776,1116984.0,2039808.0,2211840.0,afff395c2d81b34597a49e3980111deb1a22821c5bd35e0629861666dd15445b,0.3165918340000644,4251648.0,seed,0.0,1400832.0,0,0,0,A0_base,2363952.0,53ca684096aa606388c5469f9623e6aada4140ad7dbbb23eefd97dd562c31c09,nan,,1.0,1246968.0,0.5274929440191679,21048.0,33996.8,32.85556287650602,0.0,,0.0,0.0,A,2.1163705120216583,AI_VERIFIED,False
2363952.0,root1:batch_11,0,0,0,case_027,2,0.0,0.0,,nan,1744896.0,B1_base,nan,1120962.0,2039808.0,1105920.0,3ff854282991133e062f46814a1c900edaa6542147f39f7fba50191f47108e9a,nan,3784704.0,,638976.0,1400832.0,0,0,0,B0_base,2363952.0,53ca684096aa606388c5469f9623e6aada4140ad7dbbb23eefd97dd562c31c09,nan,,1.0,1242990.0,0.5258101687343906,21048.0,33996.8,32.97257388930723,0.0,,0.0,0.0,B,2.10886006840553,AI_VERIFIED,False
2363952.0,root1:batch_11,319488.0,0.08904109589041095,3268608.0,case_027,2,3.0,319488.0,incumbent_base,1120962.0,1744896.0,incumbent_base,nan,1120962.0,2039808.0,1105920.0,3ff854282991133e062f46814a1c900edaa6542147f39f7fba50191f47108e9a,nan,3784704.0,,638976.0,1744896.0,319488.0,0.08904109589041095,3268608.0,incumbent_base,1120962.0,3ff854282991133e062f46814a1c900edaa6542147f39f7fba50191f47108e9a,nan,,2.10886006840553,0.0,0.0,21048.0,33996.8,32.97257388930723,872448.0,C0_base,0.0,0.0,C,2.10886006840553,AI_VERIFIED,False
2363952.0,root1:batch_11,0,0,0,case_027,3,0.0,0.0,,nan,3686400.0,A1_base,nan,837049.0,2039808.0,3686400.0,46dcf332a9eee63101f15998e9af6a271d39e119a82901ab17ce6611e1304f0f,nan,5726208.0,,0.0,1400832.0,0,0,0,A0_base,2363952.0,8569c44f700c17edb0493a4befd62c1dd112f50b97de2932daaa41f6ec99f0ce,nan,,1.0,1526903.0,0.6459111690931119,21048.0,33996.8,24.621405544051203,0.0,,0.0,0.0,A,2.8241500796249683,AI_VERIFIED,False
2363952.0,root1:batch_11,0,0,0,case_027,3,0.0,0.0,,nan,4139008.0,r4_boundary_n363_c1_p3,0.3270478329995967,831811.0,2039808.0,3729408.0,3b58de1572b27dacb106f856cae00a9f7d7f8e2467870826ad3f40a15deb3814,0.3781879170001048,6178816.0,ordinary_chain,409600.0,1400832.0,0,0,0,B0_base,2363952.0,8569c44f700c17edb0493a4befd62c1dd112f50b97de2932daaa41f6ec99f0ce,nan,,1.0,1532141.0,0.6481269501241989,21048.0,33996.8,24.46733221950301,0.0,,0.0,0.0,B,2.8419340451136135,AI_VERIFIED,False
2363952.0,root1:batch_11,3043328.0,0.510828463389481,2914304.0,case_027,3,5.0,3043328.0,r2_boundary_n629_c1_p0,831365.0,4139008.0,r2_boundary_n629_c1_p0,0.37627387499924225,831365.0,2039808.0,3729408.0,f1181c86968c400b9e1270f682e4fe23511364ca35761040273bc67322ad6d13,0.38039891600055853,6178816.0,ordinary_chain,409600.0,4139008.0,3016704.0,0.5063595737366793,2940928.0,incumbent_base,831458.0,3b58de1572b27dacb106f856cae00a9f7d7f8e2467870826ad3f40a15deb3814,nan,,2.8431406036143736,93.0,0.00011185171109063837,21048.0,33996.8,24.4542133377259,3043328.0,r2_boundary_n629_c1_p0,0.0,0.0,C,2.8434586493297167,AI_VERIFIED,False
2363952.0,root1:batch_11,0,0,0,case_027,4,0.0,0.0,,nan,3317760.0,A1_base,nan,559196.0,2039808.0,3317760.0,2a51555cd1f20a82fb7b0b41b611271fb3d19c0b4a9c8945bfa2d0885ca2c651,nan,5357568.0,,0.0,1400832.0,0,0,0,A0_base,2363952.0,a40841b6b09b73c2d91a77f8012e6702a86847addfcf10ffde8c663e79fb9aa7,nan,,1.0,1804756.0,0.7634486656243443,21048.0,33996.8,16.44848926957831,0.0,,0.0,0.0,A,4.227412213249022,AI_VERIFIED,False
2363952.0,root1:batch_11,0,0,0,case_027,4,0.0,0.0,,nan,3317760.0,B1_base,nan,559196.0,2039808.0,3317760.0,2a51555cd1f20a82fb7b0b41b611271fb3d19c0b4a9c8945bfa2d0885ca2c651,nan,5357568.0,,0.0,1400832.0,0,0,0,B0_base,2363952.0,a40841b6b09b73c2d91a77f8012e6702a86847addfcf10ffde8c663e79fb9aa7,nan,,1.0,1804756.0,0.7634486656243443,21048.0,33996.8,16.44848926957831,0.0,,0.0,0.0,B,4.227412213249022,AI_VERIFIED,False
2363952.0,root1:batch_11,0.0,0.0,5160960.0,case_027,4,3.0,1966080.0,incumbent_split_height_g1_p4,559196.0,3317760.0,incumbent_base,nan,559196.0,2039808.0,3317760.0,2a51555cd1f20a82fb7b0b41b611271fb3d19c0b4a9c8945bfa2d0885ca2c651,nan,5357568.0,,0.0,3317760.0,0.0,0.0,5160960.0,incumbent_base,559196.0,2a51555cd1f20a82fb7b0b41b611271fb3d19c0b4a9c8945bfa2d0885ca2c651,nan,,4.227412213249022,0.0,0.0,21048.0,33996.8,16.44848926957831,3043328.0,lower_core_base,0.0,0.0,C,4.227412213249022,AI_VERIFIED,True
2363952.0,root1:batch_11,0,0,0,case_027,5,0.0,0.0,,nan,5529600.0,A1_base,nan,558753.0,2039808.0,5529600.0,854250e9de14ced37e1787a1890d04b5c8baf25429fb6861831c706746968bfc,nan,7569408.0,,0.0,1400832.0,0,0,0,A0_base,2363952.0,0a0a463c9713dd93df566abafb98867c194abf84ed5c695a111de50ec851b605,nan,,1.0,1805199.0,0.7636360636764198,21048.0,33996.8,16.4354586314006,0.0,,0.0,0.0,A,4.230763861670542,AI_VERIFIED,False
2363952.0,root1:batch_11,0,0,0,case_027,5,0.0,0.0,,nan,5533696.0,r4_boundary_n361_c2_p0,0.3092709169995942,557147.0,2039808.0,5533696.0,de3be2f36a3a77c05fc21e61a8ea272cddcdf94c9d56de24a400e49b4c907c81,0.31630916700123635,7573504.0,ordinary_chain,0.0,1400832.0,0,0,0,B0_base,2363952.0,0a0a463c9713dd93df566abafb98867c194abf84ed5c695a111de50ec851b605,nan,,1.0,1806805.0,0.7643154344927477,21048.0,33996.8,16.38821889118976,0.0,,0.0,0.0,B,4.242959219021192,AI_VERIFIED,False
2363952.0,root1:batch_11,899072.0,0.12208008898776418,6465536.0,case_027,5,4.0,899072.0,r2_capacity_g1_front,552561.0,5533696.0,r2_capacity_g1_front,0.4054416660001152,552561.0,2039808.0,5533696.0,da00d6b96b3c5f9d840de919e0b06f6b567304f849621cfef9a02e37074fe3f4,0.3088578749993758,7573504.0,ordinary_chain,0.0,5533696.0,868352.0,0.11790878754171301,6496256.0,incumbent_base,556819.0,de3be2f36a3a77c05fc21e61a8ea272cddcdf94c9d56de24a400e49b4c907c81,nan,,4.245458578101681,4258.0,0.007647009171741625,21048.0,33996.8,16.253323842243976,899072.0,r2_capacity_g1_front,0.0,0.0,C,4.278173812484051,AI_VERIFIED,False
43836040.0,root1:batch_08,0,0,0,case_028,1,0.0,0.0,,nan,206054016.0,L3_base,5.8494965829995635,43242729.0,5908608.0,11280384.0,791b990414d0d973461024e222d35b5bc7546066fe0deadf6a61fa534cdf80a0,5.581732041000578,211962624.0,legacy_seed,194773632.0,277412256.0,0,0,0,A0_base,43836040.0,88dfcc461a385e9ea71af08347493b0ea09e49fab789200bd9bed0e0e9a0ff10,nan,,1.0,593311.0,0.01353477640772296,246816.0,246816.0,175.20229239595488,0.0,,0.0,0.0,A,1.0137204800372335,AI_VERIFIED,False
43836040.0,root1:batch_08,0,0,0,case_028,1,0.0,0.0,,nan,161588040.0,B3_base,14.200805291000506,42901220.0,5908608.0,0.0,924d6406d4b592f1666fb501148f79ab523779fa8f637f42faa9937e82b63f8c,12.957532166999954,167496648.0,seed,161588040.0,277412256.0,0,0,0,B0_base,43836040.0,88dfcc461a385e9ea71af08347493b0ea09e49fab789200bd9bed0e0e9a0ff10,nan,,1.0,934820.0,0.02132537519356219,246816.0,246816.0,173.8186341242059,0.0,,0.0,0.0,B,1.0217900563200766,AI_VERIFIED,False
43836040.0,root1:batch_08,101469696.0,0.6366447997000413,57912264.0,case_028,1,2.0,101469696.0,incumbent_base,41700132.0,161588040.0,incumbent_base,nan,41700132.0,5908608.0,0.0,924d6406d4b592f1666fb501148f79ab523779fa8f637f42faa9937e82b63f8c,nan,167496648.0,,161588040.0,161588040.0,101469696.0,0.6366447997000413,57912264.0,incumbent_base,41700132.0,924d6406d4b592f1666fb501148f79ab523779fa8f637f42faa9937e82b63f8c,nan,,1.0512206532104023,0.0,0.0,246816.0,246816.0,168.95230455075847,101469696.0,incumbent_base,0.0,0.0,C,1.0512206532104023,AI_VERIFIED,False
43836040.0,root1:batch_08,0,0,0,case_028,2,0.0,0.0,,nan,277473600.0,A1_base,nan,23638628.0,5908608.0,2148480.0,ba29b020954769cd71328827ca31f5f487bec1460dce5b862cd2d65a1af0a6b4,nan,283382208.0,,275325120.0,277412256.0,0,0,0,A0_base,43836040.0,9b86485972c5d697f9c8c02d208012abe65f40d280f3043798b29ac5a3f6b17c,nan,,1.0,20197412.0,0.460749009262698,246816.0,246816.0,95.77429340075197,0.0,,0.0,0.0,A,1.8544240384848054,AI_VERIFIED,False
43836040.0,root1:batch_08,0,0,0,case_028,2,0.0,0.0,,nan,277473600.0,B1_base,nan,23638628.0,5908608.0,2148480.0,ba29b020954769cd71328827ca31f5f487bec1460dce5b862cd2d65a1af0a6b4,nan,283382208.0,,275325120.0,277412256.0,0,0,0,B0_base,43836040.0,9b86485972c5d697f9c8c02d208012abe65f40d280f3043798b29ac5a3f6b17c,nan,,1.0,20197412.0,0.460749009262698,246816.0,246816.0,95.77429340075197,0.0,,0.0,0.0,B,1.8544240384848054,AI_VERIFIED,False
43836040.0,root1:batch_08,1319688.0,0.0047431470336763695,276910776.0,case_028,2,2.0,1319688.0,incumbent_base,23615145.0,277473600.0,incumbent_base,nan,23615145.0,5908608.0,2148480.0,ba29b020954769cd71328827ca31f5f487bec1460dce5b862cd2d65a1af0a6b4,nan,283382208.0,,275325120.0,277473600.0,1319688.0,0.0047431470336763695,276910776.0,incumbent_base,23615145.0,ba29b020954769cd71328827ca31f5f487bec1460dce5b862cd2d65a1af0a6b4,nan,,1.8562680855866014,0.0,0.0,246816.0,246816.0,95.67914964994166,101469696.0,lower_core_base,0.0,0.0,C,1.8562680855866014,AI_VERIFIED,False
43836040.0,root1:batch_08,0,0,0,case_028,3,0.0,0.0,,nan,277797312.0,A2_base,6.222021499999755,16525969.0,5908608.0,10742400.0,c1a84a2efbbd8d8655b39e0dc31092b5a7543c3af7567cb4058c366cdfcafe86,5.156472541999392,283705920.0,seed,267054912.0,277412256.0,0,0,0,A0_base,43836040.0,5d7ae24b1ba7f11634c6168d4e0bec55da3edbd97a79960c553697749ca786b7,nan,,1.0,27310071.0,0.62300497490193,246816.0,246816.0,66.95663571243355,0.0,,0.0,0.0,A,2.652554897083493,AI_VERIFIED,False
43836040.0,root1:batch_08,0,0,0,case_028,3,0.0,0.0,,nan,277369056.0,B1_base,nan,16770711.0,5908608.0,4296960.0,32774d65b2412e37c5d97c2fce342a1454c5d64de3802951d130a5cc532748e9,nan,283277664.0,,273072096.0,277412256.0,0,0,0,B0_base,43836040.0,5d7ae24b1ba7f11634c6168d4e0bec55da3edbd97a79960c553697749ca786b7,nan,,1.0,27065329.0,0.6174218519738554,246816.0,246816.0,67.94823269155971,0.0,,0.0,0.0,B,2.613845054034978,AI_VERIFIED,False
43836040.0,root1:batch_08,0.0,0.0,278227296.0,case_028,3,1.0,1319688.0,lower_core_base,23615145.0,277369056.0,incumbent_base,nan,16770711.0,5908608.0,4296960.0,32774d65b2412e37c5d97c2fce342a1454c5d64de3802951d130a5cc532748e9,nan,283277664.0,,273072096.0,277369056.0,0.0,0.0,278227296.0,incumbent_base,16770711.0,32774d65b2412e37c5d97c2fce342a1454c5d64de3802951d130a5cc532748e9,nan,,2.613845054034978,0.0,0.0,246816.0,246816.0,67.94823269155971,1319688.0,lower_core_base,0.0,0.0,C,2.613845054034978,AI_VERIFIED,True
43836040.0,root1:batch_08,0,0,0,case_028,4,0.0,0.0,,nan,277760640.0,A1_base,nan,13608312.0,5908608.0,6445440.0,4befcd38473c4a2761e7b4558a6d97a6a745c967e1257a4d29b92e75e0e81d38,nan,283669248.0,,271315200.0,277412256.0,0,0,0,A0_base,43836040.0,47013e3e65c6bddf3572e1c92ffcc7a69ee3b9a02c2e9783fa74a1d4110f5ade,nan,,1.0,30227728.0,0.6895633820938205,246816.0,246816.0,55.135453131077405,0.0,,0.0,0.0,A,3.2212694711879033,AI_VERIFIED,False
43836040.0,root1:batch_08,0,0,0,case_028,4,0.0,0.0,,nan,277760640.0,B1_base,nan,13608312.0,5908608.0,6445440.0,4befcd38473c4a2761e7b4558a6d97a6a745c967e1257a4d29b92e75e0e81d38,nan,283669248.0,,271315200.0,277412256.0,0,0,0,B0_base,43836040.0,47013e3e65c6bddf3572e1c92ffcc7a69ee3b9a02c2e9783fa74a1d4110f5ade,nan,,1.0,30227728.0,0.6895633820938205,246816.0,246816.0,55.135453131077405,0.0,,0.0,0.0,B,3.2212694711879033,AI_VERIFIED,False
43836040.0,root1:batch_08,743688.0,0.0026682384304864775,277975032.0,case_028,4,1.0,743688.0,incumbent_base,13585418.0,277760640.0,incumbent_base,nan,13585418.0,5908608.0,6445440.0,4befcd38473c4a2761e7b4558a6d97a6a745c967e1257a4d29b92e75e0e81d38,nan,283669248.0,,271315200.0,277760640.0,743688.0,0.0026682384304864775,277975032.0,incumbent_base,13585418.0,4befcd38473c4a2761e7b4558a6d97a6a745c967e1257a4d29b92e75e0e81d38,nan,,3.226697919784286,0.0,0.0,246816.0,246816.0,55.04269577336964,743688.0,incumbent_base,0.0,0.0,C,3.226697919784286,AI_VERIFIED,False
43836040.0,root1:batch_08,0,0,0,case_028,5,0.0,0.0,,nan,277818912.0,A1_base,nan,11491035.0,5908608.0,8593920.0,82d8ec2f78d9be51282f54af5e5680873c4b209a3ac00c2ea63f587dfc33e4c9,nan,283727520.0,,269224992.0,277412256.0,0,0,0,A0_base,43836040.0,4843731c2000cc31ae7626229f3a7e2c1847bbf5ea6c9432c9765820449c2546,nan,,1.0,32345005.0,0.7378632969583931,246816.0,246816.0,46.557091112407626,0.0,,0.0,0.0,A,3.814803453300769,AI_VERIFIED,False
43836040.0,root1:batch_08,0,0,0,case_028,5,0.0,0.0,,nan,277818912.0,B1_base,nan,11491035.0,5908608.0,8593920.0,82d8ec2f78d9be51282f54af5e5680873c4b209a3ac00c2ea63f587dfc33e4c9,nan,283727520.0,,269224992.0,277412256.0,0,0,0,B0_base,43836040.0,4843731c2000cc31ae7626229f3a7e2c1847bbf5ea6c9432c9765820449c2546,nan,,1.0,32345005.0,0.7378632969583931,246816.0,246816.0,46.557091112407626,0.0,,0.0,0.0,B,3.814803453300769,AI_VERIFIED,False
43836040.0,root1:batch_08,39478176.0,0.14992518888712272,223840992.0,case_028,5,3.0,39478176.0,incumbent_split_height_g3_p4,10636977.0,262763520.0,incumbent_split_height_g3_p4,8.735529833000328,10636977.0,5908608.0,8593920.0,489c0d27cc8a61d997483d23495bac70b4894790caf6fbe69f30364e5b1c63fb,6.628648457999589,268672128.0,timing,254169600.0,277818912.0,2963736.0,0.010627459809132753,275911560.0,incumbent_base,11450794.0,82d8ec2f78d9be51282f54af5e5680873c4b209a3ac00c2ea63f587dfc33e4c9,nan,,3.8282096420562626,813817.0,0.07107079212148956,246816.0,246816.0,43.09678870089459,39478176.0,incumbent_split_height_g3_p4,0.0,0.0,C,4.121099443949159,AI_VERIFIED,False
37555.0,root1:batch_04,0,0,0,case_029,1,0.0,0.0,,nan,0.0,A0_base,nan,37555.0,430164.0,0.0,8c0602d829297e24f835c5e6089f7b199c7661b1d5530315bb9a8df1a8869091,nan,430164.0,,0.0,0.0,0,0,0,A0_base,37555.0,8c0602d829297e24f835c5e6089f7b199c7661b1d5530315bb9a8df1a8869091,nan,,1.0,0.0,0.0,407.0,7169.4,5.238234719781293,0.0,,0.0,0.0,A,1.0,AI_VERIFIED,False
37555.0,root1:batch_04,0,0,0,case_029,1,0.0,0.0,,nan,0.0,B0_base,nan,37555.0,430164.0,0.0,8c0602d829297e24f835c5e6089f7b199c7661b1d5530315bb9a8df1a8869091,nan,430164.0,,0.0,0.0,0,0,0,B0_base,37555.0,8c0602d829297e24f835c5e6089f7b199c7661b1d5530315bb9a8df1a8869091,nan,,1.0,0.0,0.0,407.0,7169.4,5.238234719781293,0.0,,0.0,0.0,B,1.0,AI_VERIFIED,False
37555.0,root1:batch_04,0.0,0.0,258132.0,case_029,1,0.0,0.0,,nan,0.0,incumbent_base,0.12119041699952504,37555.0,430164.0,0.0,8c0602d829297e24f835c5e6089f7b199c7661b1d5530315bb9a8df1a8869091,0.116838458001439,430164.0,incumbent,0.0,0.0,0.0,0.0,258132.0,incumbent_base,37555.0,8c0602d829297e24f835c5e6089f7b199c7661b1d5530315bb9a8df1a8869091,0.116838458001439,incumbent,1.0,0.0,0.0,407.0,7169.4,5.238234719781293,0.0,,0.0,0.0,C,1.0,AI_VERIFIED,False
37555.0,root1:batch_04,0,0,0,case_029,2,0.0,0.0,,nan,0.0,A1_base,nan,19740.0,430164.0,0.0,356753f3b5cd5f818de165c25ca40df3fe1130690056b71d39932d1af91ff1fa,nan,430164.0,,0.0,0.0,0,0,0,A0_base,37555.0,0085c1d873160bf7b7fcbe8d954c687cfbd762e697da568074457c15fe8350e3,nan,,1.0,17815.0,0.4743709226467847,407.0,7169.4,2.753368482718219,0.0,,0.0,0.0,A,1.9024822695035462,AI_VERIFIED,False
37555.0,root1:batch_04,0,0,0,case_029,2,0.0,0.0,,nan,0.0,B1_base,nan,19740.0,430164.0,0.0,356753f3b5cd5f818de165c25ca40df3fe1130690056b71d39932d1af91ff1fa,nan,430164.0,,0.0,0.0,0,0,0,B0_base,37555.0,0085c1d873160bf7b7fcbe8d954c687cfbd762e697da568074457c15fe8350e3,nan,,1.0,17815.0,0.4743709226467847,407.0,7169.4,2.753368482718219,0.0,,0.0,0.0,B,1.9024822695035462,AI_VERIFIED,False
37555.0,root1:batch_04,0.0,0.0,258132.0,case_029,2,0.0,0.0,,nan,0.0,incumbent_base,nan,19740.0,430164.0,0.0,356753f3b5cd5f818de165c25ca40df3fe1130690056b71d39932d1af91ff1fa,nan,430164.0,,0.0,0.0,0.0,0.0,258132.0,incumbent_base,19740.0,356753f3b5cd5f818de165c25ca40df3fe1130690056b71d39932d1af91ff1fa,nan,,1.9024822695035462,0.0,0.0,407.0,7169.4,2.753368482718219,0.0,,0.0,0.0,C,1.9024822695035462,AI_VERIFIED,False
37555.0,root1:batch_04,0,0,0,case_029,3,0.0,0.0,,nan,0.0,A1_base,nan,12743.0,430164.0,0.0,7d66f428209a8cb076881a3394ece74fab1eb18fa88e84d6e6ec9cffea673a22,nan,430164.0,,0.0,0.0,0,0,0,A0_base,37555.0,eef593a579cce9d5b6cdd2791dc3832b3987f3a23f76ede7a9a5ab7ce3b57e78,nan,,1.0,24812.0,0.6606843296498469,407.0,7169.4,1.7774151253940358,0.0,,0.0,0.0,A,2.9471082162756024,AI_VERIFIED,False
37555.0,root1:batch_04,0,0,0,case_029,3,0.0,0.0,,nan,0.0,B1_base,nan,12743.0,430164.0,0.0,7d66f428209a8cb076881a3394ece74fab1eb18fa88e84d6e6ec9cffea673a22,nan,430164.0,,0.0,0.0,0,0,0,B0_base,37555.0,eef593a579cce9d5b6cdd2791dc3832b3987f3a23f76ede7a9a5ab7ce3b57e78,nan,,1.0,24812.0,0.6606843296498469,407.0,7169.4,1.7774151253940358,0.0,,0.0,0.0,B,2.9471082162756024,AI_VERIFIED,False
37555.0,root1:batch_04,0.0,0.0,258132.0,case_029,3,0.0,0.0,,nan,0.0,incumbent_base,nan,12743.0,430164.0,0.0,7d66f428209a8cb076881a3394ece74fab1eb18fa88e84d6e6ec9cffea673a22,nan,430164.0,,0.0,0.0,0.0,0.0,258132.0,incumbent_base,12743.0,7d66f428209a8cb076881a3394ece74fab1eb18fa88e84d6e6ec9cffea673a22,nan,,2.9471082162756024,0.0,0.0,407.0,7169.4,1.7774151253940358,0.0,,0.0,0.0,C,2.9471082162756024,AI_VERIFIED,False
37555.0,root1:batch_04,0,0,0,case_029,4,0.0,0.0,,nan,0.0,A1_base,nan,11028.0,430164.0,0.0,836d5d075ab0a4b2380c66ee2e325fbc77d3bc320e1cf504f32421e411fb934d,nan,430164.0,,0.0,0.0,0,0,0,A0_base,37555.0,2422efa18b8246207df91cff535d271b33e02c4279b28b1ee91bf3c73c0fafff,nan,,1.0,26527.0,0.7063506856610305,407.0,7169.4,1.5382040338103609,0.0,,0.0,0.0,A,3.405422560754443,AI_VERIFIED,False
37555.0,root1:batch_04,0,0,0,case_029,4,0.0,0.0,,nan,0.0,B1_base,nan,11028.0,430164.0,0.0,836d5d075ab0a4b2380c66ee2e325fbc77d3bc320e1cf504f32421e411fb934d,nan,430164.0,,0.0,0.0,0,0,0,B0_base,37555.0,2422efa18b8246207df91cff535d271b33e02c4279b28b1ee91bf3c73c0fafff,nan,,1.0,26527.0,0.7063506856610305,407.0,7169.4,1.5382040338103609,0.0,,0.0,0.0,B,3.405422560754443,AI_VERIFIED,False
37555.0,root1:batch_04,0.0,0.0,258132.0,case_029,4,0.0,0.0,,nan,0.0,incumbent_base,nan,11028.0,430164.0,0.0,836d5d075ab0a4b2380c66ee2e325fbc77d3bc320e1cf504f32421e411fb934d,nan,430164.0,,0.0,0.0,0.0,0.0,258132.0,incumbent_base,11028.0,836d5d075ab0a4b2380c66ee2e325fbc77d3bc320e1cf504f32421e411fb934d,nan,,3.405422560754443,0.0,0.0,407.0,7169.4,1.5382040338103609,0.0,,0.0,0.0,C,3.405422560754443,AI_VERIFIED,False
37555.0,root1:batch_04,0,0,0,case_029,5,0.0,0.0,,nan,0.0,A1_base,nan,9383.0,430164.0,0.0,712451fa176d4437358c9ab9656c0adb42913a8a78979a0b634803dce20106d9,nan,430164.0,,0.0,0.0,0,0,0,A0_base,37555.0,a2d7975edc50e5d346ed03f2443b7ade822d0823d0229b50a371d70a3c05b499,nan,,1.0,28172.0,0.7501531087737985,407.0,7169.4,1.3087566602505092,0.0,,0.0,0.0,A,4.002451241607162,AI_VERIFIED,False
37555.0,root1:batch_04,0,0,0,case_029,5,0.0,0.0,,nan,0.0,B1_base,nan,9383.0,430164.0,0.0,712451fa176d4437358c9ab9656c0adb42913a8a78979a0b634803dce20106d9,nan,430164.0,,0.0,0.0,0,0,0,B0_base,37555.0,a2d7975edc50e5d346ed03f2443b7ade822d0823d0229b50a371d70a3c05b499,nan,,1.0,28172.0,0.7501531087737985,407.0,7169.4,1.3087566602505092,0.0,,0.0,0.0,B,4.002451241607162,AI_VERIFIED,False
37555.0,root1:batch_04,0.0,0.0,258132.0,case_029,5,0.0,0.0,,nan,0.0,incumbent_base,nan,9383.0,430164.0,0.0,712451fa176d4437358c9ab9656c0adb42913a8a78979a0b634803dce20106d9,nan,430164.0,,0.0,0.0,0.0,0.0,258132.0,incumbent_base,9383.0,712451fa176d4437358c9ab9656c0adb42913a8a78979a0b634803dce20106d9,nan,,4.002451241607162,0.0,0.0,407.0,7169.4,1.3087566602505092,0.0,,0.0,0.0,C,4.002451241607162,AI_VERIFIED,False
2808034.0,root1:batch_14,0,0,0,case_030,1,0.0,0.0,,nan,5519360.0,A0_base,nan,2808034.0,2394060.0,0.0,d6b29aaaa3d69c5f8afc7287bcecbff433206abf031953532a4b863effec05c8,nan,7913420.0,,5519360.0,5519360.0,0,0,0,A0_base,2808034.0,d6b29aaaa3d69c5f8afc7287bcecbff433206abf031953532a4b863effec05c8,nan,,1.0,0.0,0.0,1494.0,39901.0,70.37502819478209,0.0,,0.0,0.0,A,1.0,AI_VERIFIED,False
2808034.0,root1:batch_14,0,0,0,case_030,1,0.0,0.0,,nan,5519360.0,B0_base,nan,2808034.0,2394060.0,0.0,d6b29aaaa3d69c5f8afc7287bcecbff433206abf031953532a4b863effec05c8,nan,7913420.0,,5519360.0,5519360.0,0,0,0,B0_base,2808034.0,d6b29aaaa3d69c5f8afc7287bcecbff433206abf031953532a4b863effec05c8,nan,,1.0,0.0,0.0,1494.0,39901.0,70.37502819478209,0.0,,0.0,0.0,B,1.0,AI_VERIFIED,False
2808034.0,root1:batch_14,2100224.0,0.28605299860529987,5241856.0,case_030,1,2.0,2100224.0,incumbent_split_topo_g0_p2,2806776.0,5395456.0,incumbent_split_topo_g0_p2,2.7878290000007837,2806776.0,2394060.0,0.0,ff8cd5688a0c7d7511897864c65d0ed8d4cbee6db6daee47129b6cd58ae64002,2.875091291998615,7789516.0,timing,5395456.0,5519360.0,2056192.0,0.259867995341012,5856256.0,incumbent_base,2807891.0,d6b29aaaa3d69c5f8afc7287bcecbff433206abf031953532a4b863effec05c8,nan,,1.0000509279028282,1115.0,0.00039709518638722085,1494.0,39901.0,70.34350016290318,2100224.0,incumbent_split_topo_g0_p2,0.0,0.0,C,1.0004482010677018,AI_VERIFIED,False
2808034.0,root1:batch_14,0,0,0,case_030,2,0.0,0.0,,nan,6877184.0,A1_base,nan,1399149.0,2394060.0,1950720.0,cdd453380fb02873c626209ef27a2f984f4efb8b187a3f452418d722ef4c8088,nan,9271244.0,,4926464.0,5519360.0,0,0,0,A0_base,2808034.0,c1467be39d33f999e03b7438b59a37f9714344796aacbad18d3cd8d3ba90f5f2,nan,,1.0,1408885.0,0.5017335972427684,1494.0,39901.0,35.06551214255282,0.0,,0.0,0.0,A,2.006958515497635,AI_VERIFIED,False
2808034.0,root1:batch_14,0,0,0,case_030,2,0.0,0.0,,nan,6877184.0,B1_base,nan,1399149.0,2394060.0,1950720.0,cdd453380fb02873c626209ef27a2f984f4efb8b187a3f452418d722ef4c8088,nan,9271244.0,,4926464.0,5519360.0,0,0,0,B0_base,2808034.0,c1467be39d33f999e03b7438b59a37f9714344796aacbad18d3cd8d3ba90f5f2,nan,,1.0,1408885.0,0.5017335972427684,1494.0,39901.0,35.06551214255282,0.0,,0.0,0.0,B,2.006958515497635,AI_VERIFIED,False
2808034.0,root1:batch_14,3849216.0,0.4152214735446813,5421056.0,case_030,2,3.0,3849216.0,incumbent_base,1398912.0,6877184.0,incumbent_base,nan,1398912.0,2394060.0,1950720.0,cdd453380fb02873c626209ef27a2f984f4efb8b187a3f452418d722ef4c8088,nan,9271244.0,,4926464.0,6877184.0,3849216.0,0.4152214735446813,5421056.0,incumbent_base,1398912.0,cdd453380fb02873c626209ef27a2f984f4efb8b187a3f452418d722ef4c8088,nan,,2.007298529142648,0.0,0.0,1494.0,39901.0,35.05957244179344,3849216.0,incumbent_base,0.0,0.0,C,2.007298529142648,AI_VERIFIED,False
2808034.0,root1:batch_14,0,0,0,case_030,3,0.0,0.0,,nan,9242624.0,L1_base,2.654003208001086,933857.0,2394060.0,3901440.0,df48c3338314294a755eedc0a8729ee3c2f1799d990766f092d515f447349d56,2.2885564590014837,11636684.0,legacy_seed,5341184.0,5519360.0,0,0,0,A0_base,2808034.0,3b874f9e8dfbe0356d668f5c1c66a853c99036d1ae2a48d53461e5a5ee747e27,nan,,1.0,1874177.0,0.6674338701027124,1494.0,39901.0,23.404350768151176,0.0,,0.0,0.0,A,3.0069207598165457,AI_VERIFIED,False
2808034.0,root1:batch_14,0,0,0,case_030,3,0.0,0.0,,nan,9242624.0,L1_base,2.7797749590008607,933857.0,2394060.0,3901440.0,df48c3338314294a755eedc0a8729ee3c2f1799d990766f092d515f447349d56,2.8148848330001783,11636684.0,legacy_seed,5341184.0,5519360.0,0,0,0,B0_base,2808034.0,3b874f9e8dfbe0356d668f5c1c66a853c99036d1ae2a48d53461e5a5ee747e27,nan,,1.0,1874177.0,0.6674338701027124,1494.0,39901.0,23.404350768151176,0.0,,0.0,0.0,B,3.0069207598165457,AI_VERIFIED,False
2808034.0,root1:batch_14,6359040.0,0.5463182897862233,5280768.0,case_030,3,5.0,6359040.0,incumbent_disperse_tid_1000004491_node_4271_core_1_pos_0,932731.0,9250816.0,incumbent_disperse_tid_1000004491_node_4271_core_1_pos_0,3.559707000000344,932731.0,2394060.0,3909632.0,ca3b8bbd77ea28432fc8df24ed3226ece8ffed5b6cffa378131c9d6ad3728fa7,2.7671520419989974,11644876.0,disperse,5341184.0,9242624.0,6359040.0,0.5465106045938573,5276672.0,incumbent_base,933236.0,df48c3338314294a755eedc0a8729ee3c2f1799d990766f092d515f447349d56,nan,,3.008921644685803,505.0,0.0005411278604768783,1494.0,39901.0,23.376130924036993,6359040.0,incumbent_disperse_tid_1000004491_node_4271_core_1_pos_0,0.0,0.0,C,3.010550737565279,AI_VERIFIED,False
2808034.0,root1:batch_14,0,0,0,case_030,4,0.0,0.0,,nan,7758848.0,A1_base,nan,700242.0,2394060.0,4803584.0,80e84d3b4f9431ab6e6dd981a7baf3262907913f07cf45b0ba298d24e1efb2e2,nan,10152908.0,,2955264.0,5519360.0,0,0,0,A0_base,2808034.0,249b160b4cfaefc5618a312747a784004afe04484052cbb6a94dc02dbdcbc9ee,nan,,1.0,2107792.0,0.7506290878244352,1494.0,39901.0,17.549484975313902,0.0,,0.0,0.0,A,4.010090797181546,AI_VERIFIED,False
2808034.0,root1:batch_14,0,0,0,case_030,4,0.0,0.0,,nan,7758848.0,B1_base,nan,700242.0,2394060.0,4803584.0,80e84d3b4f9431ab6e6dd981a7baf3262907913f07cf45b0ba298d24e1efb2e2,nan,10152908.0,,2955264.0,5519360.0,0,0,0,B0_base,2808034.0,249b160b4cfaefc5618a312747a784004afe04484052cbb6a94dc02dbdcbc9ee,nan,,1.0,2107792.0,0.7506290878244352,1494.0,39901.0,17.549484975313902,0.0,,0.0,0.0,B,4.010090797181546,AI_VERIFIED,False
2808034.0,root1:batch_14,5324800.0,0.5245107928182369,4827136.0,case_030,4,4.0,5324800.0,incumbent_base,699694.0,7758848.0,incumbent_base,nan,699694.0,2394060.0,4803584.0,80e84d3b4f9431ab6e6dd981a7baf3262907913f07cf45b0ba298d24e1efb2e2,nan,10152908.0,,2955264.0,7758848.0,5324800.0,0.5245107928182369,4827136.0,incumbent_base,699694.0,80e84d3b4f9431ab6e6dd981a7baf3262907913f07cf45b0ba298d24e1efb2e2,nan,,4.013231498340703,0.0,0.0,1494.0,39901.0,17.53575098368462,6359040.0,lower_core_base,0.0,0.0,C,4.013231498340703,AI_VERIFIED,False
2808034.0,root1:batch_14,0,0,0,case_030,5,0.0,0.0,,nan,10750976.0,A1_base,nan,559889.0,2394060.0,6964224.0,0f2f9b550b948bd9a7436c24c67426e9bd4a7a15be0906a4c0487d1ed31af671,nan,13145036.0,,3786752.0,5519360.0,0,0,0,A0_base,2808034.0,c59b280023786cce50422b14308525e88448ea931fde457989518ffa40345213,nan,,1.0,2248145.0,0.8006117447295866,1494.0,39901.0,14.03195408636375,0.0,,0.0,0.0,A,5.015340540714321,AI_VERIFIED,False
2808034.0,root1:batch_14,0,0,0,case_030,5,0.0,0.0,,nan,10750976.0,B1_base,nan,559889.0,2394060.0,6964224.0,0f2f9b550b948bd9a7436c24c67426e9bd4a7a15be0906a4c0487d1ed31af671,nan,13145036.0,,3786752.0,5519360.0,0,0,0,B0_base,2808034.0,c59b280023786cce50422b14308525e88448ea931fde457989518ffa40345213,nan,,1.0,2248145.0,0.8006117447295866,1494.0,39901.0,14.03195408636375,0.0,,0.0,0.0,B,5.015340540714321,AI_VERIFIED,False
2808034.0,root1:batch_14,7201280.0,0.5476811650636657,5947392.0,case_030,5,4.0,7201280.0,incumbent_disperse_tid_1000000001_node_44_core_4_pos_0,559025.0,10760192.0,incumbent_disperse_tid_1000000001_node_44_core_4_pos_0,2.4419204159985384,559025.0,2394060.0,6973440.0,5e7d2290c2c56256d22346e4b1994aa9f4ff7a0d846b479701c2790c6412b6b7,2.2423798340005305,13154252.0,disperse,3786752.0,10750976.0,7198720.0,0.5476784044873793,5945344.0,incumbent_base,559872.0,0f2f9b550b948bd9a7436c24c67426e9bd4a7a15be0906a4c0487d1ed31af671,nan,,5.01549282693187,847.0,0.0015128457933241883,1494.0,39901.0,14.010300493721962,7201280.0,incumbent_disperse_tid_1000000001_node_44_core_4_pos_0,0.0,0.0,C,5.023091990519208,AI_VERIFIED,False
1414369.0,root1:batch_09,0,0,0,case_031,1,0.0,0.0,,nan,3829248.0,A2_base,0.8482792909999262,1410105.0,2185040.0,1689600.0,c3826635ecfb32dc1b8ed22df9f3bc72e1683880168140bc905246eced27490c,0.8090028749993508,6014288.0,seed,2139648.0,3491328.0,0,0,0,A0_base,1414369.0,5b7474d17dc239aba45544511942ed7e90340f54970174c6f99f52983511c0b7,nan,,1.0,4264.0,0.0030147719583786124,13057.0,36417.333333333336,38.7207099183539,0.0,,0.0,0.0,A,1.0030238882920066,AI_VERIFIED,False
1414369.0,root1:batch_09,0,0,0,case_031,1,0.0,0.0,,nan,3491328.0,B0_base,nan,1414369.0,2185040.0,0.0,5b7474d17dc239aba45544511942ed7e90340f54970174c6f99f52983511c0b7,nan,5676368.0,,3491328.0,3491328.0,0,0,0,B0_base,1414369.0,5b7474d17dc239aba45544511942ed7e90340f54970174c6f99f52983511c0b7,nan,,1.0,0.0,0.0,13057.0,36417.333333333336,38.83779701973419,0.0,,0.0,0.0,B,1.0,AI_VERIFIED,False
1414369.0,root1:batch_09,1479168.0,0.26059362793218216,4196980.0,case_031,1,1.0,1479168.0,incumbent_base,1414159.0,3491328.0,incumbent_base,1.859055000000808,1414159.0,2185040.0,0.0,5b7474d17dc239aba45544511942ed7e90340f54970174c6f99f52983511c0b7,1.768699625001318,5676368.0,incumbent,3491328.0,3491328.0,1479168.0,0.26059362793218216,4196980.0,incumbent_base,1414159.0,5b7474d17dc239aba45544511942ed7e90340f54970174c6f99f52983511c0b7,1.768699625001318,incumbent,1.0001484981533193,0.0,0.0,13057.0,36417.333333333336,38.83203053491011,1479168.0,incumbent_base,0.0,0.0,C,1.0001484981533193,AI_VERIFIED,False
1414369.0,root1:batch_09,0,0,0,case_031,2,0.0,0.0,,nan,5250048.0,L1_base,1.1917122909999307,712596.0,2185040.0,1731072.0,c3e38a57dfe6e0d62f6a639cbac10abcc02c9d30b228edb74ac24189133496cf,0.818371917001059,7435088.0,legacy_seed,3518976.0,3491328.0,0,0,0,A0_base,1414369.0,33f33e68be942b9945274e9401495fad12b940f2fd91691573a529dcaf4dfd21,nan,,1.0,701773.0,0.4961739121827472,13057.0,36417.333333333336,19.567495331893237,0.0,,0.0,0.0,A,1.9848118709619476,AI_VERIFIED,False
1414369.0,root1:batch_09,0,0,0,case_031,2,0.0,0.0,,nan,5250048.0,L1_base,1.7015260420012055,712596.0,2185040.0,1731072.0,c3e38a57dfe6e0d62f6a639cbac10abcc02c9d30b228edb74ac24189133496cf,1.724116834000597,7435088.0,legacy_seed,3518976.0,3491328.0,0,0,0,B0_base,1414369.0,33f33e68be942b9945274e9401495fad12b940f2fd91691573a529dcaf4dfd21,nan,,1.0,701773.0,0.4961739121827472,13057.0,36417.333333333336,19.567495331893237,0.0,,0.0,0.0,B,1.9848118709619476,AI_VERIFIED,False
1414369.0,root1:batch_09,1718784.0,0.25780981414361287,4948084.0,case_031,2,4.0,1718784.0,incumbent_split_topo_g1_p4,706497.0,4666368.0,incumbent_split_topo_g1_p4,1.6989950000006502,706497.0,2185040.0,1731072.0,139fb22991bcbad50fc4e1f4609fba53ed322fbc1b616f76a471a2ae22a35aee,1.7950943750001898,6851408.0,timing,2935296.0,5250048.0,3201024.0,0.43054214277913205,4233844.0,incumbent_base,711944.0,c3e38a57dfe6e0d62f6a639cbac10abcc02c9d30b228edb74ac24189133496cf,nan,,1.9866295663703888,5447.0,0.007650882653691863,13057.0,36417.333333333336,19.40002013693113,3201024.0,incumbent_base,0.0,0.0,C,2.0019462219938653,AI_VERIFIED,False
1414369.0,root1:batch_09,0,0,0,case_031,3,0.0,0.0,,nan,7544832.0,L1_base,1.3675518750005722,473822.0,2185040.0,3462144.0,feef3a139d4d9b5167db5a1aad79f3daa826da1bd0ba1269f6c41c294d724181,1.0982013749999169,9729872.0,legacy_seed,4082688.0,3491328.0,0,0,0,A0_base,1414369.0,c3a74f1dc97bc26a93fbebdf95353e63e26064e519238a8dd51ba222b04cffde,nan,,1.0,940547.0,0.6649940715612404,13057.0,36417.333333333336,13.010892249112144,0.0,,0.0,0.0,A,2.985021801435982,AI_VERIFIED,False
1414369.0,root1:batch_09,0,0,0,case_031,3,0.0,0.0,,nan,7544832.0,L1_base,1.6081333330002963,473822.0,2185040.0,3462144.0,feef3a139d4d9b5167db5a1aad79f3daa826da1bd0ba1269f6c41c294d724181,1.4075152919995162,9729872.0,legacy_seed,4082688.0,3491328.0,0,0,0,B0_base,1414369.0,c3a74f1dc97bc26a93fbebdf95353e63e26064e519238a8dd51ba222b04cffde,nan,,1.0,940547.0,0.6649940715612404,13057.0,36417.333333333336,13.010892249112144,0.0,,0.0,0.0,B,2.985021801435982,AI_VERIFIED,False
1414369.0,root1:batch_09,4838400.0,0.4972839727464045,4891252.0,case_031,3,4.0,4838400.0,incumbent_base,473000.0,7544832.0,incumbent_base,nan,473000.0,2185040.0,3462144.0,feef3a139d4d9b5167db5a1aad79f3daa826da1bd0ba1269f6c41c294d724181,nan,9729872.0,,4082688.0,7544832.0,4838400.0,0.4972839727464045,4891252.0,incumbent_base,473000.0,feef3a139d4d9b5167db5a1aad79f3daa826da1bd0ba1269f6c41c294d724181,nan,,2.9902093023255816,0.0,0.0,13057.0,36417.333333333336,12.988320579943617,4838400.0,incumbent_base,0.0,0.0,C,2.9902093023255816,AI_VERIFIED,False
1414369.0,root1:batch_09,0,0,0,case_031,4,0.0,0.0,,nan,7953408.0,L1_base,1.1662562920009805,357987.0,2185040.0,5125632.0,d8617ca08480211e43ffbad438ac16fcd5a43847cb8830f436ca44befe527607,0.9031287079997128,10138448.0,legacy_seed,2827776.0,3491328.0,0,0,0,A0_base,1414369.0,637ed66ab0a5ec8991062cb82d358b97a1c024b012fcb4540ca662d8ceb7134e,nan,,1.0,1056382.0,0.7468927839905993,13057.0,36417.333333333336,9.830126679603119,0.0,,0.0,0.0,A,3.9508948648973288,AI_VERIFIED,False
1414369.0,root1:batch_09,0,0,0,case_031,4,0.0,0.0,,nan,7953408.0,L1_base,1.4409110420001525,357987.0,2185040.0,5125632.0,d8617ca08480211e43ffbad438ac16fcd5a43847cb8830f436ca44befe527607,1.2934726670009695,10138448.0,legacy_seed,2827776.0,3491328.0,0,0,0,B0_base,1414369.0,637ed66ab0a5ec8991062cb82d358b97a1c024b012fcb4540ca662d8ceb7134e,nan,,1.0,1056382.0,0.7468927839905993,13057.0,36417.333333333336,9.830126679603119,0.0,,0.0,0.0,B,3.9508948648973288,AI_VERIFIED,False
1414369.0,root1:batch_09,4947456.0,0.4880000725965129,5190772.0,case_031,4,5.0,4947456.0,event_timing_tid_1000000689_miss_5_bytes_30720_front,355839.0,7953408.0,event_timing_tid_1000000689_miss_5_bytes_30720_front,1.5447653330011235,355839.0,2185040.0,5125632.0,03b967be0d61faf182efbac3e2f4a91d6328aafe578803adb4be58c4400c94b7,1.330342457998995,10138448.0,event_timing,2827776.0,7953408.0,4947456.0,0.4880000725965129,5190772.0,incumbent_base,355839.0,d8617ca08480211e43ffbad438ac16fcd5a43847cb8830f436ca44befe527607,nan,,3.9747441961111627,0.0,0.0,13057.0,36417.333333333336,9.77114377768828,4947456.0,incumbent_base,0.0,0.0,C,3.9747441961111627,AI_VERIFIED,False
1414369.0,root1:batch_09,0,0,0,case_031,5,0.0,0.0,,nan,7931904.0,L1_base,1.129239707999659,285693.0,2185040.0,6274560.0,917e2d8ac5ef58433cf5d59c52b42b4d8df5fcfb660a38cd4b7b3becb89f46f7,0.9161366250009451,10116944.0,legacy_seed,1657344.0,3491328.0,0,0,0,A0_base,1414369.0,9f7e924ec2bc048dd8672a62c31b2378bf38b5d4c2590938e18cf05a9d9c3818,nan,,1.0,1128676.0,0.7980067436432784,13057.0,36417.333333333336,7.844973089737487,0.0,,0.0,0.0,A,4.9506603241941525,AI_VERIFIED,False
1414369.0,root1:batch_09,0,0,0,case_031,5,0.0,0.0,,nan,7931904.0,L1_base,1.4530329999997775,285693.0,2185040.0,6274560.0,917e2d8ac5ef58433cf5d59c52b42b4d8df5fcfb660a38cd4b7b3becb89f46f7,1.4332979999999225,10116944.0,legacy_seed,1657344.0,3491328.0,0,0,0,B0_base,1414369.0,9f7e924ec2bc048dd8672a62c31b2378bf38b5d4c2590938e18cf05a9d9c3818,nan,,1.0,1128676.0,0.7980067436432784,13057.0,36417.333333333336,7.844973089737487,0.0,,0.0,0.0,B,4.9506603241941525,AI_VERIFIED,False
1414369.0,root1:batch_09,5377536.0,0.5315491457511344,4739188.0,case_031,5,5.0,5377536.0,event_timing_tid_1000000735_miss_5_bytes_30720_front,284489.0,7931904.0,event_timing_tid_1000000735_miss_5_bytes_30720_front,1.416277166999862,284489.0,2185040.0,6274560.0,6a9cef9e01bb716af3c342c6197869571dd25bed36ea377036f32b029079660f,1.3194499999990512,10116944.0,event_timing,1657344.0,7931904.0,5377536.0,0.5315491457511344,4739188.0,incumbent_base,284489.0,917e2d8ac5ef58433cf5d59c52b42b4d8df5fcfb660a38cd4b7b3becb89f46f7,nan,,4.971612259173465,0.0,0.0,13057.0,36417.333333333336,7.8119119100794485,5377536.0,incumbent_base,0.0,0.0,C,4.971612259173465,AI_VERIFIED,False
41443.0,root1:batch_14,0,0,0,case_032,1,0.0,0.0,,nan,0.0,A0_base,nan,41443.0,293088.0,0.0,ae8c0b3c6fbff007ff2f81a0672424e0fc9b4f162bfb791127c8989fb291132a,nan,293088.0,,0.0,0.0,0,0,0,A0_base,41443.0,ae8c0b3c6fbff007ff2f81a0672424e0fc9b4f162bfb791127c8989fb291132a,nan,,1.0,0.0,0.0,1146.0,4884.8,8.484073042908614,0.0,,0.0,0.0,A,1.0,AI_VERIFIED,False
41443.0,root1:batch_14,0,0,0,case_032,1,0.0,0.0,,nan,10256.0,B3_base,0.17698666700016474,34141.0,293088.0,0.0,e7d56b0157452876695bf225c434a2f4eb383e42c3d60d7bcf631859b45fce97,0.13306183299937402,303344.0,seed,10256.0,0.0,0,0,0,B0_base,41443.0,ae8c0b3c6fbff007ff2f81a0672424e0fc9b4f162bfb791127c8989fb291132a,nan,,1.0,7302.0,0.17619380836329415,1146.0,4884.8,6.989231903046184,0.0,,0.0,0.0,B,1.2138777423039746,AI_VERIFIED,False
41443.0,root1:batch_14,0.0,0.0,279156.0,case_032,1,1.0,10240.0,incumbent_base,34141.0,0.0,incumbent_aggregate,0.16684533400075452,34141.0,293088.0,0.0,833aad01ee524ede255b9f86774ba714742f26b72aca3d1d86b083db4cee1c9e,0.1393813329996192,293088.0,aggregate,0.0,10256.0,10240.0,0.03538306312283175,279164.0,incumbent_base,34141.0,e7d56b0157452876695bf225c434a2f4eb383e42c3d60d7bcf631859b45fce97,nan,,1.2138777423039746,0.0,0.0,1146.0,4884.8,6.989231903046184,10240.0,incumbent_base,0.0,0.0,C,1.2138777423039746,AI_VERIFIED,True
41443.0,root1:batch_14,0,0,0,case_032,2,0.0,0.0,,nan,6216.0,L1_base,0.13139541700002155,21040.0,293088.0,6216.0,0851d23951bc5eef1e922ffc75c91c86dc77ff6890c2fbfbc31bda2018b096a2,0.10775820900016697,299304.0,legacy_seed,0.0,0.0,0,0,0,A0_base,41443.0,6b7366c8a16cac823e24d50f83058823afc163759b141b01e005cf04cf6de62d,nan,,1.0,20403.0,0.49231474555413457,1146.0,4884.8,4.307238781526367,0.0,,0.0,0.0,A,1.9697243346007605,AI_VERIFIED,False
41443.0,root1:batch_14,0,0,0,case_032,2,0.0,0.0,,nan,6216.0,L1_base,0.12599725000109174,21040.0,293088.0,6216.0,0851d23951bc5eef1e922ffc75c91c86dc77ff6890c2fbfbc31bda2018b096a2,0.1112352500003908,299304.0,legacy_seed,0.0,0.0,0,0,0,B0_base,41443.0,6b7366c8a16cac823e24d50f83058823afc163759b141b01e005cf04cf6de62d,nan,,1.0,20403.0,0.49231474555413457,1146.0,4884.8,4.307238781526367,0.0,,0.0,0.0,B,1.9697243346007605,AI_VERIFIED,False
41443.0,root1:batch_14,6216.0,0.0217820949497498,279156.0,case_032,2,3.0,6216.0,incumbent_split_height_g0_p4,20711.0,6216.0,incumbent_split_height_g0_p4,0.21252112499860232,20711.0,293088.0,6216.0,2d058fcd07a2f9ed1c93f4dfda72d1b076fe158963bd20f4c2f1ddbf2d0c762a,0.14831666700047208,299304.0,timing,0.0,6216.0,6216.0,0.0217820949497498,279156.0,incumbent_base,21040.0,0851d23951bc5eef1e922ffc75c91c86dc77ff6890c2fbfbc31bda2018b096a2,nan,,1.9697243346007605,329.0,0.015636882129277566,1146.0,4884.8,4.2398869963969865,6216.0,incumbent_split_height_g0_p4,0.0,0.0,C,2.001013953937521,AI_VERIFIED,False
41443.0,root1:batch_14,0,0,0,case_032,3,0.0,0.0,,nan,12432.0,L1_base,0.1150492500000837,14175.0,293088.0,12432.0,7902aec996d3abaddee1c52232d94ef00baedd7ba2c7d1e151e75a20e234db5a,0.0926328330006072,305520.0,legacy_seed,0.0,0.0,0,0,0,A0_base,41443.0,d2d00e8f35172052547fab369018987907d2a89c4d06f6a26c997dedd078e1fb,nan,,1.0,27268.0,0.6579639504862099,1146.0,4884.8,2.901858827382902,0.0,,0.0,0.0,A,2.923668430335097,AI_VERIFIED,False
41443.0,root1:batch_14,0,0,0,case_032,3,0.0,0.0,,nan,12432.0,L1_base,0.11099479100084864,14175.0,293088.0,12432.0,7902aec996d3abaddee1c52232d94ef00baedd7ba2c7d1e151e75a20e234db5a,0.1120915840001544,305520.0,legacy_seed,0.0,0.0,0,0,0,B0_base,41443.0,d2d00e8f35172052547fab369018987907d2a89c4d06f6a26c997dedd078e1fb,nan,,1.0,27268.0,0.6579639504862099,1146.0,4884.8,2.901858827382902,0.0,,0.0,0.0,B,2.923668430335097,AI_VERIFIED,False
41443.0,root1:batch_14,12432.0,0.04263549940326762,279156.0,case_032,3,4.0,12432.0,incumbent_base,14175.0,12432.0,incumbent_base,nan,14175.0,293088.0,12432.0,7902aec996d3abaddee1c52232d94ef00baedd7ba2c7d1e151e75a20e234db5a,nan,305520.0,,0.0,12432.0,12432.0,0.04263549940326762,279156.0,incumbent_base,14175.0,7902aec996d3abaddee1c52232d94ef00baedd7ba2c7d1e151e75a20e234db5a,nan,,2.923668430335097,0.0,0.0,1146.0,4884.8,2.901858827382902,16968.0,incumbent_disperse_tid_1227_node_1231_core_2_pos_0,0.0,0.0,C,2.923668430335097,AI_VERIFIED,False
41443.0,root1:batch_14,0,0,0,case_032,4,0.0,0.0,,nan,18576.0,L1_base,0.12194995900063077,11004.0,293088.0,18576.0,850603baf36d4139d95b7fadb54dde4864ae4f64b07b6d905d70bec7b114c210,0.12539450000076613,311664.0,legacy_seed,0.0,0.0,0,0,0,A0_base,41443.0,bec0d826b0631d7a0c9c940c7ac7181736861061a2947c55835c0245da05259b,nan,,1.0,30439.0,0.7344786815626282,1146.0,4884.8,2.25270226007206,0.0,,0.0,0.0,A,3.7661759360232643,AI_VERIFIED,False
41443.0,root1:batch_14,0,0,0,case_032,4,0.0,0.0,,nan,18576.0,L1_base,0.1264721669995197,11004.0,293088.0,18576.0,850603baf36d4139d95b7fadb54dde4864ae4f64b07b6d905d70bec7b114c210,0.11711020800066763,311664.0,legacy_seed,0.0,0.0,0,0,0,B0_base,41443.0,bec0d826b0631d7a0c9c940c7ac7181736861061a2947c55835c0245da05259b,nan,,1.0,30439.0,0.7344786815626282,1146.0,4884.8,2.25270226007206,0.0,,0.0,0.0,B,3.7661759360232643,AI_VERIFIED,False
41443.0,root1:batch_14,18576.0,0.06239168110918544,279156.0,case_032,4,4.0,18576.0,incumbent_base,11004.0,18576.0,incumbent_base,nan,11004.0,293088.0,18576.0,850603baf36d4139d95b7fadb54dde4864ae4f64b07b6d905d70bec7b114c210,nan,311664.0,,0.0,18576.0,18576.0,0.06239168110918544,279156.0,incumbent_base,11004.0,850603baf36d4139d95b7fadb54dde4864ae4f64b07b6d905d70bec7b114c210,nan,,3.7661759360232643,0.0,0.0,1146.0,4884.8,2.25270226007206,18576.0,incumbent_base,0.0,0.0,C,3.7661759360232643,AI_VERIFIED,False
41443.0,root1:batch_14,0,0,0,case_032,5,0.0,0.0,,nan,12432.0,L1_base,0.13656979199913621,10496.0,293088.0,12432.0,0814eb3053d0360ec851d9c392185760de02b3607602e3d8802617204206ac06,0.09407845799978531,305520.0,legacy_seed,0.0,0.0,0,0,0,A0_base,41443.0,017e5d8fd4290162584af0691b1a0465b7c1e59e2d5817d4c31badce57d26473,nan,,1.0,30947.0,0.7467364814323287,1146.0,4884.8,2.148706190632165,0.0,,0.0,0.0,A,3.9484565548780486,AI_VERIFIED,False
41443.0,root1:batch_14,0,0,0,case_032,5,0.0,0.0,,nan,12432.0,L1_base,0.1241737500004092,10496.0,293088.0,12432.0,0814eb3053d0360ec851d9c392185760de02b3607602e3d8802617204206ac06,0.09684720800032665,305520.0,legacy_seed,0.0,0.0,0,0,0,B0_base,41443.0,017e5d8fd4290162584af0691b1a0465b7c1e59e2d5817d4c31badce57d26473,nan,,1.0,30947.0,0.7467364814323287,1146.0,4884.8,2.148706190632165,0.0,,0.0,0.0,B,3.9484565548780486,AI_VERIFIED,False
41443.0,root1:batch_14,12432.0,0.04263549940326762,279156.0,case_032,5,3.0,12432.0,incumbent_base,10479.0,12432.0,incumbent_base,nan,10479.0,293088.0,12432.0,0814eb3053d0360ec851d9c392185760de02b3607602e3d8802617204206ac06,nan,305520.0,,0.0,12432.0,12432.0,0.04263549940326762,279156.0,incumbent_base,10479.0,0814eb3053d0360ec851d9c392185760de02b3607602e3d8802617204206ac06,nan,,3.9548621051627064,0.0,0.0,1146.0,4884.8,2.145226007206027,18576.0,lower_core_base,0.0,0.0,C,3.9548621051627064,AI_VERIFIED,False
1774196.0,root1:batch_15,0,0,0,case_033,1,0.0,0.0,,nan,4592640.0,A0_base,nan,1774196.0,2972910.0,0.0,4e9616d8b5284e12ac96679481d9c1df20d38f83e1e52aaae2f3765b09f69dfd,nan,7565550.0,,4592640.0,4592640.0,0,0,0,A0_base,1774196.0,4e9616d8b5284e12ac96679481d9c1df20d38f83e1e52aaae2f3765b09f69dfd,nan,,1.0,0.0,0.0,6300.0,49548.5,35.80725955377055,0.0,,0.0,0.0,A,1.0,AI_VERIFIED,False
1774196.0,root1:batch_15,0,0,0,case_033,1,0.0,0.0,,nan,4592640.0,B0_base,nan,1774196.0,2972910.0,0.0,4e9616d8b5284e12ac96679481d9c1df20d38f83e1e52aaae2f3765b09f69dfd,nan,7565550.0,,4592640.0,4592640.0,0,0,0,B0_base,1774196.0,4e9616d8b5284e12ac96679481d9c1df20d38f83e1e52aaae2f3765b09f69dfd,nan,,1.0,0.0,0.0,6300.0,49548.5,35.80725955377055,0.0,,0.0,0.0,B,1.0,AI_VERIFIED,False
1774196.0,root1:batch_15,720384.0,0.09627692445862406,6762032.0,case_033,1,1.0,720384.0,incumbent_base,1774080.0,4592640.0,incumbent_base,0.7609052500010876,1774080.0,2972910.0,0.0,4e9616d8b5284e12ac96679481d9c1df20d38f83e1e52aaae2f3765b09f69dfd,0.6914414580005541,7565550.0,incumbent,4592640.0,4592640.0,720384.0,0.09627692445862406,6762032.0,incumbent_base,1774080.0,4e9616d8b5284e12ac96679481d9c1df20d38f83e1e52aaae2f3765b09f69dfd,0.6914414580005541,incumbent,1.000065386002886,0.0,0.0,6300.0,49548.5,35.80491841327184,720384.0,incumbent_base,0.0,0.0,C,1.000065386002886,AI_VERIFIED,False
1774196.0,root1:batch_15,0,0,0,case_033,2,0.0,0.0,,nan,6664224.0,L1_base,0.5138691659994947,889697.0,2972910.0,2077728.0,dbf2428c6f8406e3794af57cd3fd74f0ca46c73475cfcb8ac10a359f1f4b4b97,0.4330276250002498,9637134.0,legacy_seed,4586496.0,4592640.0,0,0,0,A0_base,1774196.0,83bfb4fc976b38d273f953ceeb92c9ad10a44510de6bde402009e1c69b899c07,nan,,1.0,884499.0,0.49853511111511917,6300.0,49548.5,17.956083433403634,0.0,,0.0,0.0,A,1.994157561506895,AI_VERIFIED,False
1774196.0,root1:batch_15,0,0,0,case_033,2,0.0,0.0,,nan,6664224.0,L1_base,0.7408878750011354,889697.0,2972910.0,2077728.0,dbf2428c6f8406e3794af57cd3fd74f0ca46c73475cfcb8ac10a359f1f4b4b97,0.6805482910003775,9637134.0,legacy_seed,4586496.0,4592640.0,0,0,0,B0_base,1774196.0,83bfb4fc976b38d273f953ceeb92c9ad10a44510de6bde402009e1c69b899c07,nan,,1.0,884499.0,0.49853511111511917,6300.0,49548.5,17.956083433403634,0.0,,0.0,0.0,B,1.994157561506895,AI_VERIFIED,False
1774196.0,root1:batch_15,3358752.0,0.351554532133138,6195248.0,case_033,2,4.0,3358752.0,event_timing_tid_1108_miss_4_bytes_24576_front,887951.0,6664224.0,event_timing_tid_1108_miss_4_bytes_24576_front,0.7480037080003967,887951.0,2972910.0,2077728.0,d0e8ab8f1b5df0dca892ecb2f727c652fd1101ca97117d572e397897c47e5582,0.6976852919997327,9637134.0,event_timing,4586496.0,6664224.0,3358752.0,0.351554532133138,6195248.0,incumbent_base,887951.0,dbf2428c6f8406e3794af57cd3fd74f0ca46c73475cfcb8ac10a359f1f4b4b97,nan,,1.9980787228124075,0.0,0.0,6300.0,49548.5,17.920845232449015,3358752.0,incumbent_base,0.0,0.0,C,1.9980787228124075,AI_VERIFIED,False
1774196.0,root1:batch_15,0,0,0,case_033,3,0.0,0.0,,nan,6990912.0,L1_base,0.5290760410007351,592065.0,2972910.0,3989568.0,48f72c0057f44dadc9085549c8f669103684a1143df3e64b4cb07642d2af12ed,0.5012127079990023,9963822.0,legacy_seed,3001344.0,4592640.0,0,0,0,A0_base,1774196.0,b04e7a72d420414667d1e876a4dc58bff0be4ee0cf803bdc950ef2ace6eeaf94,nan,,1.0,1182131.0,0.6662910974886653,6300.0,49548.5,11.949201287627274,0.0,,0.0,0.0,A,2.9966236815214544,AI_VERIFIED,False
1774196.0,root1:batch_15,0,0,0,case_033,3,0.0,0.0,,nan,6990912.0,L1_base,0.754299499998524,592065.0,2972910.0,3989568.0,48f72c0057f44dadc9085549c8f669103684a1143df3e64b4cb07642d2af12ed,0.6358507499990083,9963822.0,legacy_seed,3001344.0,4592640.0,0,0,0,B0_base,1774196.0,b04e7a72d420414667d1e876a4dc58bff0be4ee0cf803bdc950ef2ace6eeaf94,nan,,1.0,1182131.0,0.6662910974886653,6300.0,49548.5,11.949201287627274,0.0,,0.0,0.0,B,2.9966236815214544,AI_VERIFIED,False
1774196.0,root1:batch_15,3780672.0,0.38263246445996474,6100016.0,case_033,3,5.0,3780672.0,event_timing_tid_1201_miss_4_bytes_24576_front,590152.0,6990912.0,event_timing_tid_1201_miss_4_bytes_24576_front,0.6783599579994188,590152.0,2972910.0,3989568.0,69b2183a37fa480ebffc3e4acbbfdc551e27b5604a7f008cd3d486a954ac78ef,0.6067667919996893,9963822.0,event_timing,3001344.0,6990912.0,3780672.0,0.38263246445996474,6100016.0,incumbent_base,590152.0,48f72c0057f44dadc9085549c8f669103684a1143df3e64b4cb07642d2af12ed,nan,,3.00633735037753,0.0,0.0,6300.0,49548.5,11.910592651644349,4017216.0,C1_base,0.0,0.0,C,3.00633735037753,AI_VERIFIED,False
1774196.0,root1:batch_15,0,0,0,case_033,4,0.0,0.0,,nan,7214688.0,L1_base,0.6910284590012452,443447.0,2972910.0,5279328.0,b6cad94c86539ff2cef90e735ac82ae92c373ebbe52fe8c7581d560292ccd679,0.502661459000592,10187598.0,legacy_seed,1935360.0,4592640.0,0,0,0,A0_base,1774196.0,b998f7ca3201bb2f7b24e31ec772e0631fc0a31736768a4f5c233ac10ef36aa7,nan,,1.0,1330749.0,0.750057490829649,6300.0,49548.5,8.949756299383433,0.0,,0.0,0.0,A,4.000920064855552,AI_VERIFIED,False
1774196.0,root1:batch_15,0,0,0,case_033,4,0.0,0.0,,nan,7214688.0,L1_base,0.832757958000002,443447.0,2972910.0,5279328.0,b6cad94c86539ff2cef90e735ac82ae92c373ebbe52fe8c7581d560292ccd679,0.665781457999401,10187598.0,legacy_seed,1935360.0,4592640.0,0,0,0,B0_base,1774196.0,b998f7ca3201bb2f7b24e31ec772e0631fc0a31736768a4f5c233ac10ef36aa7,nan,,1.0,1330749.0,0.750057490829649,6300.0,49548.5,8.949756299383433,0.0,,0.0,0.0,B,4.000920064855552,AI_VERIFIED,False
1774196.0,root1:batch_15,4216416.0,0.4173459416913592,5886512.0,case_033,4,5.0,4216416.0,incumbent_disperse_tid_1603_node_5085_core_2_pos_0,441850.0,7219296.0,incumbent_disperse_tid_1603_node_5085_core_2_pos_0,0.8399162909990991,441850.0,2972910.0,5285472.0,c1f8b1f8a719f36f52fe2c1afcb94742bce0d205236fb53623430e3ecdbf739c,0.8066362909994496,10192206.0,disperse,1933824.0,7214688.0,4311648.0,0.4267072454313262,5792816.0,incumbent_base,442667.0,b6cad94c86539ff2cef90e735ac82ae92c373ebbe52fe8c7581d560292ccd679,nan,,4.007969873516662,817.0,0.0018456311403379968,6300.0,49548.5,8.917525253034905,4311648.0,incumbent_base,0.0,0.0,C,4.01538078533439,AI_VERIFIED,False
1774196.0,root1:batch_15,0,0,0,case_033,5,0.0,0.0,,nan,7816320.0,L1_base,0.9674833749995742,355102.0,2972910.0,6509184.0,9d12400e6c4f925705c7c25af2b8470933a3b597b42733e73d25f805bc8a495b,0.846213999999236,10789230.0,legacy_seed,1307136.0,4592640.0,0,0,0,A0_base,1774196.0,6318b96fe2b981830534333407193e9b9814e918f408f30fd79b4f0a17d08798,nan,,1.0,1419094.0,0.799851876568316,6300.0,49548.5,7.166755804918413,0.0,,0.0,0.0,A,4.996299654747086,AI_VERIFIED,False
1774196.0,root1:batch_15,0,0,0,case_033,5,0.0,0.0,,nan,7816320.0,L1_base,0.9991057080005703,355102.0,2972910.0,6509184.0,9d12400e6c4f925705c7c25af2b8470933a3b597b42733e73d25f805bc8a495b,0.9659816669991415,10789230.0,legacy_seed,1307136.0,4592640.0,0,0,0,B0_base,1774196.0,6318b96fe2b981830534333407193e9b9814e918f408f30fd79b4f0a17d08798,nan,,1.0,1419094.0,0.799851876568316,6300.0,49548.5,7.166755804918413,0.0,,0.0,0.0,B,4.996299654747086,AI_VERIFIED,False
1774196.0,root1:batch_15,3348096.0,0.31272800094450864,7358000.0,case_033,5,5.0,3348096.0,event_timing_tid_1057_miss_4_bytes_24576_front,354514.0,7816320.0,event_timing_tid_1057_miss_4_bytes_24576_front,0.9126284169997234,354514.0,2972910.0,6509184.0,4b0feb594101a83e3934c76bd36ff7c3b8cacb3d25c2a6b8211e0b439dd6eec8,0.689259624999977,10789230.0,event_timing,1307136.0,7816320.0,3348096.0,0.31272800094450864,7358000.0,incumbent_base,354514.0,9d12400e6c4f925705c7c25af2b8470933a3b597b42733e73d25f805bc8a495b,nan,,5.004586560756416,0.0,0.0,6300.0,49548.5,7.154888644459469,4216416.0,lower_core_base,0.0,0.0,C,5.004586560756416,AI_VERIFIED,False
842996.0,root1:batch_12,0,0,0,case_034,1,0.0,0.0,,nan,390672.0,A2_base,0.8388375829999859,839876.0,2280386.0,0.0,45290c484c749956a69596edbe13c8fd6c8ec3c1495c77beaa0d996e9fc4bdc0,0.6696339579993946,2671058.0,seed,390672.0,1079832.0,0,0,0,A0_base,842996.0,73a6322df4957ae15a9af6cf2a0a89c072427f076e3920c4fe59930b883f40e4,nan,,1.0,3120.0,0.0037010851771538656,3677.0,38006.433333333334,22.09825880355343,0.0,,0.0,0.0,A,1.0037148340945568,AI_VERIFIED,False
842996.0,root1:batch_12,0,0,0,case_034,1,0.0,0.0,,nan,1079832.0,B0_base,nan,842996.0,2280386.0,0.0,73a6322df4957ae15a9af6cf2a0a89c072427f076e3920c4fe59930b883f40e4,nan,3360218.0,,1079832.0,1079832.0,0,0,0,B0_base,842996.0,73a6322df4957ae15a9af6cf2a0a89c072427f076e3920c4fe59930b883f40e4,nan,,1.0,0.0,0.0,3677.0,38006.433333333334,22.180350168787214,0.0,,0.0,0.0,B,1.0,AI_VERIFIED,False
842996.0,root1:batch_12,599040.0,0.2028707511744721,2353776.0,case_034,1,2.0,599040.0,incumbent_split_topo_g0_p4,841851.0,746624.0,incumbent_split_topo_g0_p4,0.7417157090003457,841851.0,2280386.0,0.0,b141d5bf57426d88e435b34e92b2e10a97db720af33974a1668bca600813f950,0.7058854580009211,3027010.0,timing,746624.0,1079832.0,1038336.0,0.309046599146855,2321468.0,incumbent_base,842733.0,73a6322df4957ae15a9af6cf2a0a89c072427f076e3920c4fe59930b883f40e4,nan,,1.0003120798639664,882.0,0.0010465948289671819,3677.0,38006.433333333334,22.150223690199816,1038336.0,incumbent_base,0.0,0.0,C,1.0013600981646396,AI_VERIFIED,False
842996.0,root1:batch_12,0,0,0,case_034,2,0.0,0.0,,nan,1648128.0,A1_base,nan,418129.0,2280386.0,1066496.0,1921a9bd3ef2eacbdfad890a13c795d63c0dc995df9278694d6ad294f0630e6c,nan,3928514.0,,581632.0,1079832.0,0,0,0,A0_base,842996.0,396ecec05c72d5a14857b25a515fff08f315269ad41b02c9f2c22ea5101e28e4,nan,,1.0,424867.0,0.5039964602441768,3677.0,38006.433333333334,11.00153219674213,0.0,,0.0,0.0,A,2.016114644045259,AI_VERIFIED,False
842996.0,root1:batch_12,0,0,0,case_034,2,0.0,0.0,,nan,1648128.0,B1_base,nan,418129.0,2280386.0,1066496.0,1921a9bd3ef2eacbdfad890a13c795d63c0dc995df9278694d6ad294f0630e6c,nan,3928514.0,,581632.0,1079832.0,0,0,0,B0_base,842996.0,396ecec05c72d5a14857b25a515fff08f315269ad41b02c9f2c22ea5101e28e4,nan,,1.0,424867.0,0.5039964602441768,3677.0,38006.433333333334,11.00153219674213,0.0,,0.0,0.0,B,2.016114644045259,AI_VERIFIED,False
842996.0,root1:batch_12,1615872.0,0.4113609795240054,2312240.0,case_034,2,3.0,1615872.0,incumbent_base,417777.0,1648128.0,incumbent_base,nan,417777.0,2280386.0,1066496.0,1921a9bd3ef2eacbdfad890a13c795d63c0dc995df9278694d6ad294f0630e6c,nan,3928514.0,,581632.0,1648128.0,1615872.0,0.4113609795240054,2312240.0,incumbent_base,417777.0,1921a9bd3ef2eacbdfad890a13c795d63c0dc995df9278694d6ad294f0630e6c,nan,,2.0178133310354567,0.0,0.0,3677.0,38006.433333333334,10.99227060681832,1615872.0,incumbent_base,0.0,0.0,C,2.0178133310354567,AI_VERIFIED,False
842996.0,root1:batch_12,0,0,0,case_034,3,0.0,0.0,,nan,2830336.0,L1_base,0.6390932499998598,276994.0,2280386.0,2421760.0,f5fe35ec87268a07c2e8961d87fc1f96d9eb0e4c24b0bc2ee969028a40e3d455,0.499194833000729,5110722.0,legacy_seed,408576.0,1079832.0,0,0,0,A0_base,842996.0,ba0bb4254a8fed48299b56fc40f1368154f5ddcc1c381a438cd1cdcec260ad99,nan,,1.0,566002.0,0.6714171834741802,3677.0,38006.433333333334,7.288081929989046,0.0,,0.0,0.0,A,3.043372780637848,AI_VERIFIED,False
842996.0,root1:batch_12,0,0,0,case_034,3,0.0,0.0,,nan,2830336.0,L1_base,0.6183739170010085,276994.0,2280386.0,2421760.0,f5fe35ec87268a07c2e8961d87fc1f96d9eb0e4c24b0bc2ee969028a40e3d455,0.6144659159999719,5110722.0,legacy_seed,408576.0,1079832.0,0,0,0,B0_base,842996.0,ba0bb4254a8fed48299b56fc40f1368154f5ddcc1c381a438cd1cdcec260ad99,nan,,1.0,566002.0,0.6714171834741802,3677.0,38006.433333333334,7.288081929989046,0.0,,0.0,0.0,B,3.043372780637848,AI_VERIFIED,False
842996.0,root1:batch_12,2798080.0,0.5475351837066955,2312240.0,case_034,3,5.0,2798080.0,event_timing_tid_7797_miss_2_bytes_9216_front,276560.0,2830336.0,event_timing_tid_7797_miss_2_bytes_9216_front,0.7603544170015084,276560.0,2280386.0,2421760.0,19f3d954ffb43cca42e1ec5b872aeafa33af80a9ffa07c4e527b3bf7132ba107,0.7136963749999268,5110722.0,event_timing,408576.0,2830336.0,2798080.0,0.5475351837066955,2312240.0,incumbent_base,276560.0,f5fe35ec87268a07c2e8961d87fc1f96d9eb0e4c24b0bc2ee969028a40e3d455,nan,,3.0481486838299103,0.0,0.0,3677.0,38006.433333333334,7.276662810594346,2798080.0,incumbent_base,0.0,0.0,C,3.0481486838299103,AI_VERIFIED,False
842996.0,root1:batch_12,0,0,0,case_034,4,0.0,0.0,,nan,2978304.0,L1_base,0.7065236250000453,212170.0,2280386.0,2888192.0,f130f168f5eef84aa5cce67850fe5e2a314524a563fb3e6ec963faea58dba143,0.5754317079990869,5258690.0,legacy_seed,90112.0,1079832.0,0,0,0,A0_base,842996.0,a6a250a8b3580fcf30c2198e506f3214d007fc4d5926d007bc82287d640a901c,nan,,1.0,630826.0,0.7483143455010463,3677.0,38006.433333333334,5.582475949247189,0.0,,0.0,0.0,A,3.9732101616628177,AI_VERIFIED,False
842996.0,root1:batch_12,0,0,0,case_034,4,0.0,0.0,,nan,2978304.0,L1_base,0.8831619169995975,212170.0,2280386.0,2888192.0,f130f168f5eef84aa5cce67850fe5e2a314524a563fb3e6ec963faea58dba143,0.7868655829988711,5258690.0,legacy_seed,90112.0,1079832.0,0,0,0,B0_base,842996.0,a6a250a8b3580fcf30c2198e506f3214d007fc4d5926d007bc82287d640a901c,nan,,1.0,630826.0,0.7483143455010463,3677.0,38006.433333333334,5.582475949247189,0.0,,0.0,0.0,B,3.9732101616628177,AI_VERIFIED,False
842996.0,root1:batch_12,2751488.0,0.5232668883864863,2506800.0,case_034,4,5.0,2751488.0,event_timing_tid_7797_miss_2_bytes_9216_front,212170.0,2978304.0,event_timing_tid_7797_miss_2_bytes_9216_front,0.9398472499997297,212170.0,2280386.0,2888192.0,fcf19b251f011f8d149753db447bea1ff04d6151d253f9231bb9a3d66ead6f04,0.8367516250000335,5258690.0,event_timing,90112.0,2978304.0,2751488.0,0.5232668883864863,2506800.0,incumbent_base,212170.0,f130f168f5eef84aa5cce67850fe5e2a314524a563fb3e6ec963faea58dba143,nan,,3.9732101616628177,0.0,0.0,3677.0,38006.433333333334,5.582475949247189,3169280.0,C1_base,0.0,0.0,C,3.9732101616628177,AI_VERIFIED,False
842996.0,root1:batch_12,0,0,0,case_034,5,0.0,0.0,,nan,3621888.0,L1_base,0.7817011250008363,170371.0,2280386.0,3572736.0,95bd6879599a959d1893ff25e0456c3fba593d93725b5812abbc84869cab62b6,0.7276775420014019,5902274.0,legacy_seed,49152.0,1079832.0,0,0,0,A0_base,842996.0,f11662c2f11045e32e3a57a563e5764f51957a7b9da2ce849800feb334242056,nan,,1.0,672625.0,0.7978982106676663,3677.0,38006.433333333334,4.482688457129626,0.0,,0.0,0.0,A,4.948001713906709,AI_VERIFIED,False
842996.0,root1:batch_12,0,0,0,case_034,5,0.0,0.0,,nan,3621888.0,L1_base,0.8231048750003538,170371.0,2280386.0,3572736.0,95bd6879599a959d1893ff25e0456c3fba593d93725b5812abbc84869cab62b6,0.6728745840009651,5902274.0,legacy_seed,49152.0,1079832.0,0,0,0,B0_base,842996.0,f11662c2f11045e32e3a57a563e5764f51957a7b9da2ce849800feb334242056,nan,,1.0,672625.0,0.7978982106676663,3677.0,38006.433333333334,4.482688457129626,0.0,,0.0,0.0,B,4.948001713906709,AI_VERIFIED,False
842996.0,root1:batch_12,3462656.0,0.5862469694301852,2443824.0,case_034,5,5.0,3462656.0,incumbent_disperse_tid_7812_node_7942_core_4_pos_0,168887.0,3631104.0,incumbent_disperse_tid_7812_node_7942_core_4_pos_0,0.8511293339997792,168887.0,2280386.0,3581952.0,81d2f2e3717e548e81e480baa9969fe8d66a5404370160598f2d0239fdd1fd61,0.7686152499991294,5911490.0,disperse,49152.0,3621888.0,3438080.0,0.582540590510943,2463792.0,incumbent_base,168925.0,95bd6879599a959d1893ff25e0456c3fba593d93725b5812abbc84869cab62b6,nan,,4.990356667159983,38.0,0.00022495190173153767,3677.0,38006.433333333334,4.443642435973559,3462656.0,incumbent_disperse_tid_7812_node_7942_core_4_pos_0,0.0,0.0,C,4.991479509968204,AI_VERIFIED,False
169571.0,root1:batch_06,0,0,0,case_035,1,0.0,0.0,,nan,0.0,A0_base,nan,169571.0,410854.0,0.0,6a3b6a8e9352203283d45469c90f6c0d75a56f6e841627e3ffdc298590eccd50,nan,410854.0,,0.0,0.0,0,0,0,A0_base,169571.0,6a3b6a8e9352203283d45469c90f6c0d75a56f6e841627e3ffdc298590eccd50,nan,,1.0,0.0,0.0,17200.0,17200.0,9.858779069767442,0.0,,0.0,0.0,A,1.0,AI_VERIFIED,False
169571.0,root1:batch_06,0,0,0,case_035,1,0.0,0.0,,nan,0.0,L2_base,0.7408400419990357,169168.0,410854.0,0.0,e1e5be2b347206660ee2d4a5b39b16080e2a44e1dfbe5ec2aed465944baeb7a9,0.7414730420005071,410854.0,legacy_seed,0.0,0.0,0,0,0,B0_base,169571.0,6a3b6a8e9352203283d45469c90f6c0d75a56f6e841627e3ffdc298590eccd50,nan,,1.0,403.0,0.0023765856190032493,17200.0,17200.0,9.835348837209303,0.0,,0.0,0.0,B,1.0023822472335193,AI_VERIFIED,False
169571.0,root1:batch_06,0.0,0.0,396878.0,case_035,1,0.0,0.0,,nan,0.0,incumbent_split_topo_g1_p4,0.7400911669992638,168511.0,410854.0,0.0,42b6554ad1bee47c92c430144bcd142381da97415afaab9e3f2b8e3ed31a7338,0.7951680829992256,410854.0,timing,0.0,0.0,0.0,0.0,396878.0,incumbent_base,169168.0,e1e5be2b347206660ee2d4a5b39b16080e2a44e1dfbe5ec2aed465944baeb7a9,nan,,1.0023822472335193,657.0,0.003883713231816892,17200.0,17200.0,9.797151162790698,0.0,,0.0,0.0,C,1.0062903905383032,AI_VERIFIED,False
169571.0,root1:batch_06,0,0,0,case_035,2,0.0,0.0,,nan,0.0,A1_base,nan,95406.0,410854.0,0.0,36a1f9a3c6a300c04d9ca9d2930e3c347bd3aac5bd72f2abca3a8fa32bd75be5,nan,410854.0,,0.0,0.0,0,0,0,A0_base,169571.0,c317e035dd222500d94dd80cda1ffb33b4e9879e180069ca38fd78c74644dde9,nan,,1.0,74165.0,0.4373684179488238,17200.0,17200.0,5.546860465116279,0.0,,0.0,0.0,A,1.7773620107750037,AI_VERIFIED,False
169571.0,root1:batch_06,0,0,0,case_035,2,0.0,0.0,,nan,0.0,B1_base,nan,95406.0,410854.0,0.0,36a1f9a3c6a300c04d9ca9d2930e3c347bd3aac5bd72f2abca3a8fa32bd75be5,nan,410854.0,,0.0,0.0,0,0,0,B0_base,169571.0,c317e035dd222500d94dd80cda1ffb33b4e9879e180069ca38fd78c74644dde9,nan,,1.0,74165.0,0.4373684179488238,17200.0,17200.0,5.546860465116279,0.0,,0.0,0.0,B,1.7773620107750037,AI_VERIFIED,False
169571.0,root1:batch_06,0.0,0.0,396878.0,case_035,2,0.0,0.0,,nan,0.0,incumbent_base,nan,95406.0,410854.0,0.0,36a1f9a3c6a300c04d9ca9d2930e3c347bd3aac5bd72f2abca3a8fa32bd75be5,nan,410854.0,,0.0,0.0,0.0,0.0,396878.0,incumbent_base,95406.0,36a1f9a3c6a300c04d9ca9d2930e3c347bd3aac5bd72f2abca3a8fa32bd75be5,nan,,1.7773620107750037,0.0,0.0,17200.0,17200.0,5.546860465116279,0.0,,0.0,0.0,C,1.7773620107750037,AI_VERIFIED,False
169571.0,root1:batch_06,0,0,0,case_035,3,0.0,0.0,,nan,0.0,A1_base,nan,95406.0,410854.0,0.0,7734947a2a7adc2d6aa69578f77d7668c2864a2c518162d531f3f8589221f9ac,nan,410854.0,,0.0,0.0,0,0,0,A0_base,169571.0,cfa1157c41823ed4367dbc233b3c0f68599f015c1ad84d68dc7b373bb29b4f95,nan,,1.0,74165.0,0.4373684179488238,17200.0,17200.0,5.546860465116279,0.0,,0.0,0.0,A,1.7773620107750037,AI_VERIFIED,False
169571.0,root1:batch_06,0,0,0,case_035,3,0.0,0.0,,nan,0.0,B1_base,nan,95406.0,410854.0,0.0,7734947a2a7adc2d6aa69578f77d7668c2864a2c518162d531f3f8589221f9ac,nan,410854.0,,0.0,0.0,0,0,0,B0_base,169571.0,cfa1157c41823ed4367dbc233b3c0f68599f015c1ad84d68dc7b373bb29b4f95,nan,,1.0,74165.0,0.4373684179488238,17200.0,17200.0,5.546860465116279,0.0,,0.0,0.0,B,1.7773620107750037,AI_VERIFIED,False
169571.0,root1:batch_06,0.0,0.0,396878.0,case_035,3,0.0,0.0,,nan,0.0,incumbent_base,nan,95406.0,410854.0,0.0,7734947a2a7adc2d6aa69578f77d7668c2864a2c518162d531f3f8589221f9ac,nan,410854.0,,0.0,0.0,0.0,0.0,396878.0,incumbent_base,95406.0,7734947a2a7adc2d6aa69578f77d7668c2864a2c518162d531f3f8589221f9ac,nan,,1.7773620107750037,0.0,0.0,17200.0,17200.0,5.546860465116279,0.0,,0.0,0.0,C,1.7773620107750037,AI_VERIFIED,False
169571.0,root1:batch_06,0,0,0,case_035,4,0.0,0.0,,nan,0.0,A1_base,nan,95406.0,410854.0,0.0,bbaee68a44bd154ad43d93398f5487e8408233aa3a047766af3a85a9406c55d6,nan,410854.0,,0.0,0.0,0,0,0,A0_base,169571.0,832e3284dba01ae9a13c5e578d58c22b45264636c34d4d400bb4d16f7b86be49,nan,,1.0,74165.0,0.4373684179488238,17200.0,17200.0,5.546860465116279,0.0,,0.0,0.0,A,1.7773620107750037,AI_VERIFIED,False
169571.0,root1:batch_06,0,0,0,case_035,4,0.0,0.0,,nan,0.0,B1_base,nan,95406.0,410854.0,0.0,bbaee68a44bd154ad43d93398f5487e8408233aa3a047766af3a85a9406c55d6,nan,410854.0,,0.0,0.0,0,0,0,B0_base,169571.0,832e3284dba01ae9a13c5e578d58c22b45264636c34d4d400bb4d16f7b86be49,nan,,1.0,74165.0,0.4373684179488238,17200.0,17200.0,5.546860465116279,0.0,,0.0,0.0,B,1.7773620107750037,AI_VERIFIED,False
169571.0,root1:batch_06,0.0,0.0,396878.0,case_035,4,0.0,0.0,,nan,0.0,incumbent_base,nan,95406.0,410854.0,0.0,bbaee68a44bd154ad43d93398f5487e8408233aa3a047766af3a85a9406c55d6,nan,410854.0,,0.0,0.0,0.0,0.0,396878.0,incumbent_base,95406.0,bbaee68a44bd154ad43d93398f5487e8408233aa3a047766af3a85a9406c55d6,nan,,1.7773620107750037,0.0,0.0,17200.0,17200.0,5.546860465116279,0.0,,0.0,0.0,C,1.7773620107750037,AI_VERIFIED,False
169571.0,root1:batch_06,0,0,0,case_035,5,0.0,0.0,,nan,0.0,A1_base,nan,95406.0,410854.0,0.0,76813429bb84032e043206505219adc5c9af22fbbcd236c2239078f136b35e94,nan,410854.0,,0.0,0.0,0,0,0,A0_base,169571.0,b8bd226513d4641e88d739078d206e48360bceb720b15ebf874dac1bac94c2d8,nan,,1.0,74165.0,0.4373684179488238,17200.0,17200.0,5.546860465116279,0.0,,0.0,0.0,A,1.7773620107750037,AI_VERIFIED,False
169571.0,root1:batch_06,0,0,0,case_035,5,0.0,0.0,,nan,0.0,B1_base,nan,95406.0,410854.0,0.0,76813429bb84032e043206505219adc5c9af22fbbcd236c2239078f136b35e94,nan,410854.0,,0.0,0.0,0,0,0,B0_base,169571.0,b8bd226513d4641e88d739078d206e48360bceb720b15ebf874dac1bac94c2d8,nan,,1.0,74165.0,0.4373684179488238,17200.0,17200.0,5.546860465116279,0.0,,0.0,0.0,B,1.7773620107750037,AI_VERIFIED,False
169571.0,root1:batch_06,0.0,0.0,396878.0,case_035,5,0.0,0.0,,nan,0.0,incumbent_base,nan,95406.0,410854.0,0.0,76813429bb84032e043206505219adc5c9af22fbbcd236c2239078f136b35e94,nan,410854.0,,0.0,0.0,0.0,0.0,396878.0,incumbent_base,95406.0,76813429bb84032e043206505219adc5c9af22fbbcd236c2239078f136b35e94,nan,,1.7773620107750037,0.0,0.0,17200.0,17200.0,5.546860465116279,0.0,,0.0,0.0,C,1.7773620107750037,AI_VERIFIED,False
931510.0,root1:batch_16,0,0,0,case_036,1,0.0,0.0,,nan,0.0,A0_base,nan,931510.0,6554752.0,0.0,d64d21298efb9524f15b22d64f5e48b8064b683e7973cbfeaaf5a044e77b4072,nan,6554752.0,,0.0,0.0,0,0,0,A0_base,931510.0,d64d21298efb9524f15b22d64f5e48b8064b683e7973cbfeaaf5a044e77b4072,nan,,1.0,0.0,0.0,1316.0,109245.86666666667,8.526729920521783,0.0,,0.0,0.0,A,1.0,AI_VERIFIED,False
931510.0,root1:batch_16,0,0,0,case_036,1,0.0,0.0,,nan,0.0,B0_base,nan,931510.0,6554752.0,0.0,d64d21298efb9524f15b22d64f5e48b8064b683e7973cbfeaaf5a044e77b4072,nan,6554752.0,,0.0,0.0,0,0,0,B0_base,931510.0,d64d21298efb9524f15b22d64f5e48b8064b683e7973cbfeaaf5a044e77b4072,nan,,1.0,0.0,0.0,1316.0,109245.86666666667,8.526729920521783,0.0,,0.0,0.0,B,1.0,AI_VERIFIED,False
931510.0,root1:batch_16,0.0,0.0,3277952.0,case_036,1,0.0,0.0,,nan,0.0,incumbent_base,0.7443520830001944,931510.0,6554752.0,0.0,d64d21298efb9524f15b22d64f5e48b8064b683e7973cbfeaaf5a044e77b4072,0.7081037500011007,6554752.0,incumbent,0.0,0.0,0.0,0.0,3277952.0,incumbent_base,931510.0,d64d21298efb9524f15b22d64f5e48b8064b683e7973cbfeaaf5a044e77b4072,0.7081037500011007,incumbent,1.0,0.0,0.0,1316.0,109245.86666666667,8.526729920521783,0.0,,0.0,0.0,C,1.0,AI_VERIFIED,False
931510.0,root1:batch_16,0,0,0,case_036,2,0.0,0.0,,nan,1152.0,A1_base,nan,466068.0,6554752.0,1152.0,de54b31e73c4875104b671c039497deae22323bdae9b75c0504103ee7331162f,nan,6555904.0,,0.0,0.0,0,0,0,A0_base,931510.0,1b94b9d7d615f7c58c053378c6cb91e94d2d8c9080a216d7b5408dd022f6e881,nan,,1.0,465442.0,0.49966398643063414,1316.0,109245.86666666667,4.266230057216505,0.0,,0.0,0.0,A,1.998656848356892,AI_VERIFIED,False
931510.0,root1:batch_16,0,0,0,case_036,2,0.0,0.0,,nan,1152.0,B1_base,nan,466068.0,6554752.0,1152.0,de54b31e73c4875104b671c039497deae22323bdae9b75c0504103ee7331162f,nan,6555904.0,,0.0,0.0,0,0,0,B0_base,931510.0,1b94b9d7d615f7c58c053378c6cb91e94d2d8c9080a216d7b5408dd022f6e881,nan,,1.0,465442.0,0.49966398643063414,1316.0,109245.86666666667,4.266230057216505,0.0,,0.0,0.0,B,1.998656848356892,AI_VERIFIED,False
931510.0,root1:batch_16,0.0,0.0,3279104.0,case_036,2,0.0,0.0,,nan,1152.0,incumbent_base,nan,466068.0,6554752.0,1152.0,de54b31e73c4875104b671c039497deae22323bdae9b75c0504103ee7331162f,nan,6555904.0,,0.0,1152.0,0.0,0.0,3279104.0,incumbent_base,466068.0,de54b31e73c4875104b671c039497deae22323bdae9b75c0504103ee7331162f,nan,,1.998656848356892,0.0,0.0,1316.0,109245.86666666667,4.266230057216505,0.0,,0.0,0.0,C,1.998656848356892,AI_VERIFIED,False
931510.0,root1:batch_16,0,0,0,case_036,3,0.0,0.0,,nan,2304.0,A1_base,nan,311345.0,6554752.0,2304.0,154db6b8e62d054f80905e5437b6e466ba01c17dcabfe8765c2a6aa187b0b7ba,nan,6557056.0,,0.0,0.0,0,0,0,A0_base,931510.0,53f4a5ec213b3efa2b28327fda1ce483cde1980e1f257ccc652afe90df536431,nan,,1.0,620165.0,0.6657631158012259,1316.0,109245.86666666667,2.849947641039661,0.0,,0.0,0.0,A,2.991890025534375,AI_VERIFIED,False
931510.0,root1:batch_16,0,0,0,case_036,3,0.0,0.0,,nan,2304.0,B1_base,nan,311345.0,6554752.0,2304.0,154db6b8e62d054f80905e5437b6e466ba01c17dcabfe8765c2a6aa187b0b7ba,nan,6557056.0,,0.0,0.0,0,0,0,B0_base,931510.0,53f4a5ec213b3efa2b28327fda1ce483cde1980e1f257ccc652afe90df536431,nan,,1.0,620165.0,0.6657631158012259,1316.0,109245.86666666667,2.849947641039661,0.0,,0.0,0.0,B,2.991890025534375,AI_VERIFIED,False
931510.0,root1:batch_16,0.0,0.0,3280256.0,case_036,3,0.0,0.0,,nan,2304.0,incumbent_base,nan,311345.0,6554752.0,2304.0,154db6b8e62d054f80905e5437b6e466ba01c17dcabfe8765c2a6aa187b0b7ba,nan,6557056.0,,0.0,2304.0,0.0,0.0,3280256.0,incumbent_base,311345.0,154db6b8e62d054f80905e5437b6e466ba01c17dcabfe8765c2a6aa187b0b7ba,nan,,2.991890025534375,0.0,0.0,1316.0,109245.86666666667,2.849947641039661,0.0,,0.0,0.0,C,2.991890025534375,AI_VERIFIED,False
931510.0,root1:batch_16,0,0,0,case_036,4,0.0,0.0,,nan,3456.0,A1_base,nan,233584.0,6554752.0,3456.0,3d3af4a6d8f2e0ba99c9aaa02fe08b61a1a1cf3506b1fb2c91fc009e477731f9,nan,6558208.0,,0.0,0.0,0,0,0,A0_base,931510.0,8a0e8c7abe76d975c7bff69fa5e4e634098d7d96cb3ff1bc3a7d8a20d5aa78de,nan,,1.0,697926.0,0.7492415540359202,1316.0,109245.86666666667,2.138149544025464,0.0,,0.0,0.0,A,3.987901568600589,AI_VERIFIED,False
931510.0,root1:batch_16,0,0,0,case_036,4,0.0,0.0,,nan,3456.0,B1_base,nan,233584.0,6554752.0,3456.0,3d3af4a6d8f2e0ba99c9aaa02fe08b61a1a1cf3506b1fb2c91fc009e477731f9,nan,6558208.0,,0.0,0.0,0,0,0,B0_base,931510.0,8a0e8c7abe76d975c7bff69fa5e4e634098d7d96cb3ff1bc3a7d8a20d5aa78de,nan,,1.0,697926.0,0.7492415540359202,1316.0,109245.86666666667,2.138149544025464,0.0,,0.0,0.0,B,3.987901568600589,AI_VERIFIED,False
931510.0,root1:batch_16,0.0,0.0,3281408.0,case_036,4,0.0,0.0,,nan,3456.0,incumbent_base,nan,233584.0,6554752.0,3456.0,3d3af4a6d8f2e0ba99c9aaa02fe08b61a1a1cf3506b1fb2c91fc009e477731f9,nan,6558208.0,,0.0,3456.0,0.0,0.0,3281408.0,incumbent_base,233584.0,3d3af4a6d8f2e0ba99c9aaa02fe08b61a1a1cf3506b1fb2c91fc009e477731f9,nan,,3.987901568600589,0.0,0.0,1316.0,109245.86666666667,2.138149544025464,0.0,,0.0,0.0,C,3.987901568600589,AI_VERIFIED,False
931510.0,root1:batch_16,0,0,0,case_036,5,0.0,0.0,,nan,4608.0,A1_base,nan,187182.0,6554752.0,4608.0,18d5ca2a8ee47d8fb48240132ae77abca22643d26a005505bcb7c0c6a95dee06,nan,6559360.0,,0.0,0.0,0,0,0,A0_base,931510.0,1a50ef8846506b5fdac9af4a8baa3ec85d93877d6f970071c7a0bcca41c7c7d4,nan,,1.0,744328.0,0.799055297312965,1316.0,109245.86666666667,1.7134012087718955,0.0,,0.0,0.0,A,4.976493466252097,AI_VERIFIED,False
931510.0,root1:batch_16,0,0,0,case_036,5,0.0,0.0,,nan,4608.0,B1_base,nan,187182.0,6554752.0,4608.0,18d5ca2a8ee47d8fb48240132ae77abca22643d26a005505bcb7c0c6a95dee06,nan,6559360.0,,0.0,0.0,0,0,0,B0_base,931510.0,1a50ef8846506b5fdac9af4a8baa3ec85d93877d6f970071c7a0bcca41c7c7d4,nan,,1.0,744328.0,0.799055297312965,1316.0,109245.86666666667,1.7134012087718955,0.0,,0.0,0.0,B,4.976493466252097,AI_VERIFIED,False
931510.0,root1:batch_16,0.0,0.0,3282560.0,case_036,5,0.0,0.0,,nan,4608.0,incumbent_base,nan,187182.0,6554752.0,4608.0,18d5ca2a8ee47d8fb48240132ae77abca22643d26a005505bcb7c0c6a95dee06,nan,6559360.0,,0.0,4608.0,0.0,0.0,3282560.0,incumbent_base,187182.0,18d5ca2a8ee47d8fb48240132ae77abca22643d26a005505bcb7c0c6a95dee06,nan,,4.976493466252097,0.0,0.0,1316.0,109245.86666666667,1.7134012087718955,0.0,,0.0,0.0,C,4.976493466252097,AI_VERIFIED,False
210001.0,root1:batch_08,0,0,0,case_037,1,0.0,0.0,,nan,0.0,A0_base,nan,210001.0,614400.0,0.0,0a835b6f10c83a84d338adc6b6089fe29ee25797607448b8261d9b4b31947ff2,nan,614400.0,,0.0,0.0,0,0,0,A0_base,210001.0,0a835b6f10c83a84d338adc6b6089fe29ee25797607448b8261d9b4b31947ff2,nan,,1.0,0.0,0.0,904.0,10240.0,20.50791015625,0.0,,0.0,0.0,A,1.0,AI_VERIFIED,False
210001.0,root1:batch_08,0,0,0,case_037,1,0.0,0.0,,nan,0.0,B0_base,nan,210001.0,614400.0,0.0,0a835b6f10c83a84d338adc6b6089fe29ee25797607448b8261d9b4b31947ff2,nan,614400.0,,0.0,0.0,0,0,0,B0_base,210001.0,0a835b6f10c83a84d338adc6b6089fe29ee25797607448b8261d9b4b31947ff2,nan,,1.0,0.0,0.0,904.0,10240.0,20.50791015625,0.0,,0.0,0.0,B,1.0,AI_VERIFIED,False
210001.0,root1:batch_08,0.0,0.0,532480.0,case_037,1,0.0,0.0,,nan,0.0,incumbent_base,0.2488143750015297,210001.0,614400.0,0.0,0a835b6f10c83a84d338adc6b6089fe29ee25797607448b8261d9b4b31947ff2,0.20680312500007858,614400.0,incumbent,0.0,0.0,0.0,0.0,532480.0,incumbent_base,210001.0,0a835b6f10c83a84d338adc6b6089fe29ee25797607448b8261d9b4b31947ff2,0.20680312500007858,incumbent,1.0,0.0,0.0,904.0,10240.0,20.50791015625,0.0,,0.0,0.0,C,1.0,AI_VERIFIED,False
210001.0,root1:batch_08,0,0,0,case_037,2,0.0,0.0,,nan,204800.0,A1_base,nan,105374.0,614400.0,204800.0,a7077fbc8b0587ebb2259ddc594c228244f5289ac61eafcea3bc7ae6aabee587,nan,819200.0,,0.0,0.0,0,0,0,A0_base,210001.0,f508233b31d9dbb61a3c69bc4367ff153e7b5fe4b7b48bf1924a771f6d985855,nan,,1.0,104627.0,0.498221437040776,904.0,10240.0,10.2904296875,0.0,,0.0,0.0,A,1.992910964754114,AI_VERIFIED,False
210001.0,root1:batch_08,0,0,0,case_037,2,0.0,0.0,,nan,204800.0,B1_base,nan,105374.0,614400.0,204800.0,a7077fbc8b0587ebb2259ddc594c228244f5289ac61eafcea3bc7ae6aabee587,nan,819200.0,,0.0,0.0,0,0,0,B0_base,210001.0,f508233b31d9dbb61a3c69bc4367ff153e7b5fe4b7b48bf1924a771f6d985855,nan,,1.0,104627.0,0.498221437040776,904.0,10240.0,10.2904296875,0.0,,0.0,0.0,B,1.992910964754114,AI_VERIFIED,False
210001.0,root1:batch_08,0.0,0.0,737280.0,case_037,2,1.0,28672.0,incumbent_split_topo_g0_p4,105374.0,204800.0,incumbent_base,nan,105374.0,614400.0,204800.0,a7077fbc8b0587ebb2259ddc594c228244f5289ac61eafcea3bc7ae6aabee587,nan,819200.0,,0.0,204800.0,0.0,0.0,737280.0,incumbent_base,105374.0,a7077fbc8b0587ebb2259ddc594c228244f5289ac61eafcea3bc7ae6aabee587,nan,,1.992910964754114,0.0,0.0,904.0,10240.0,10.2904296875,28672.0,incumbent_split_topo_g0_p4,0.0,0.0,C,1.992910964754114,AI_VERIFIED,True
210001.0,root1:batch_08,0,0,0,case_037,3,0.0,0.0,,nan,1064960.0,A1_base,nan,74038.0,614400.0,1064960.0,7ea0d5688b503e6afbfb7b0b70a2894457573339cd32e8e9ec5191cc1dd64952,nan,1679360.0,,0.0,0.0,0,0,0,A0_base,210001.0,9c1d3af2e6702e2332e4c32f600a9db357f4f561ec54b372a58d76301faa720d,nan,,1.0,135963.0,0.6474397740963138,904.0,10240.0,7.2302734375,0.0,,0.0,0.0,A,2.836394824279424,AI_VERIFIED,False
210001.0,root1:batch_08,0,0,0,case_037,3,0.0,0.0,,nan,1064960.0,B1_base,nan,74038.0,614400.0,1064960.0,7ea0d5688b503e6afbfb7b0b70a2894457573339cd32e8e9ec5191cc1dd64952,nan,1679360.0,,0.0,0.0,0,0,0,B0_base,210001.0,9c1d3af2e6702e2332e4c32f600a9db357f4f561ec54b372a58d76301faa720d,nan,,1.0,135963.0,0.6474397740963138,904.0,10240.0,7.2302734375,0.0,,0.0,0.0,B,2.836394824279424,AI_VERIFIED,False
210001.0,root1:batch_08,942080.0,0.5897435897435898,655360.0,case_037,3,2.0,942080.0,incumbent_base,74038.0,1064960.0,incumbent_base,nan,74038.0,614400.0,1064960.0,7ea0d5688b503e6afbfb7b0b70a2894457573339cd32e8e9ec5191cc1dd64952,nan,1679360.0,,0.0,1064960.0,942080.0,0.5897435897435898,655360.0,incumbent_base,74038.0,7ea0d5688b503e6afbfb7b0b70a2894457573339cd32e8e9ec5191cc1dd64952,nan,,2.836394824279424,0.0,0.0,904.0,10240.0,7.2302734375,944128.0,incumbent_split_height_g2_p4,0.0,0.0,C,2.836394824279424,AI_VERIFIED,False
210001.0,root1:batch_08,0,0,0,case_037,4,0.0,0.0,,nan,614400.0,A1_base,nan,53320.0,614400.0,614400.0,b3b9fb5221a864c1e0bc8b00805860f25929f1f4a949461cba92211711c6b83c,nan,1228800.0,,0.0,0.0,0,0,0,A0_base,210001.0,b645fafdb50b6f7e70c5af15c870da8b0fa08b8ac8d993e432836d4bf8c7cc91,nan,,1.0,156681.0,0.7460964471597754,904.0,10240.0,5.20703125,0.0,,0.0,0.0,A,3.938503375843961,AI_VERIFIED,False
210001.0,root1:batch_08,0,0,0,case_037,4,0.0,0.0,,nan,614400.0,B1_base,nan,53320.0,614400.0,614400.0,b3b9fb5221a864c1e0bc8b00805860f25929f1f4a949461cba92211711c6b83c,nan,1228800.0,,0.0,0.0,0,0,0,B0_base,210001.0,b645fafdb50b6f7e70c5af15c870da8b0fa08b8ac8d993e432836d4bf8c7cc91,nan,,1.0,156681.0,0.7460964471597754,904.0,10240.0,5.20703125,0.0,,0.0,0.0,B,3.938503375843961,AI_VERIFIED,False
210001.0,root1:batch_08,0.0,0.0,1146880.0,case_037,4,1.0,942080.0,lower_core_base,74038.0,614400.0,incumbent_base,nan,53320.0,614400.0,614400.0,b3b9fb5221a864c1e0bc8b00805860f25929f1f4a949461cba92211711c6b83c,nan,1228800.0,,0.0,614400.0,0.0,0.0,1146880.0,incumbent_base,53320.0,b3b9fb5221a864c1e0bc8b00805860f25929f1f4a949461cba92211711c6b83c,nan,,3.938503375843961,0.0,0.0,904.0,10240.0,5.20703125,942080.0,lower_core_base,0.0,0.0,C,3.938503375843961,AI_VERIFIED,True
210001.0,root1:batch_08,0,0,0,case_037,5,0.0,0.0,,nan,1925120.0,A1_base,nan,43800.0,614400.0,1925120.0,dbdc2a38d97c07496c9a6a7e8ef46821d79b4c8a5a6534397eb9c5b6499c561f,nan,2539520.0,,0.0,0.0,0,0,0,A0_base,210001.0,a6b6ba2c8406d987664ddf48390a485c8db32855dd091a116f087e46c3fd4d07,nan,,1.0,166201.0,0.7914295646211209,904.0,10240.0,4.27734375,0.0,,0.0,0.0,A,4.794543378995434,AI_VERIFIED,False
210001.0,root1:batch_08,0,0,0,case_037,5,0.0,0.0,,nan,1925120.0,B1_base,nan,43800.0,614400.0,1925120.0,dbdc2a38d97c07496c9a6a7e8ef46821d79b4c8a5a6534397eb9c5b6499c561f,nan,2539520.0,,0.0,0.0,0,0,0,B0_base,210001.0,a6b6ba2c8406d987664ddf48390a485c8db32855dd091a116f087e46c3fd4d07,nan,,1.0,166201.0,0.7914295646211209,904.0,10240.0,4.27734375,0.0,,0.0,0.0,B,4.794543378995434,AI_VERIFIED,False
210001.0,root1:batch_08,1579008.0,0.6425,878592.0,case_037,5,1.0,1579008.0,incumbent_base,43013.0,1925120.0,incumbent_base,nan,43013.0,614400.0,1925120.0,dbdc2a38d97c07496c9a6a7e8ef46821d79b4c8a5a6534397eb9c5b6499c561f,nan,2539520.0,,0.0,1925120.0,1579008.0,0.6425,878592.0,incumbent_base,43013.0,dbdc2a38d97c07496c9a6a7e8ef46821d79b4c8a5a6534397eb9c5b6499c561f,nan,,4.882268151489085,0.0,0.0,904.0,10240.0,4.20048828125,1579008.0,incumbent_base,0.0,0.0,C,4.882268151489085,AI_VERIFIED,False
1364555.0,root1:batch_12,0,0,0,case_038,1,0.0,0.0,,nan,4233216.0,L2_base,1.0676148750007997,1363201.0,2802950.0,313344.0,25e76d2bb2b09ba8eecdf7d49c31e7a206aa05356a813705624cade6ea2646bb,0.9461229169992293,7036166.0,legacy_seed,3919872.0,5627904.0,0,0,0,A0_base,1364555.0,364dc9457dbff2fbf7a05fe33764073b773734095f0d85bbb9e6b31910a223b7,nan,,1.0,1354.0,0.0009922648775608166,8754.0,46715.833333333336,29.180706041848765,0.0,,0.0,0.0,A,1.000993250445092,AI_VERIFIED,False
1364555.0,root1:batch_12,0,0,0,case_038,1,0.0,0.0,,nan,5627904.0,B0_base,nan,1364555.0,2802950.0,0.0,364dc9457dbff2fbf7a05fe33764073b773734095f0d85bbb9e6b31910a223b7,nan,8430854.0,,5627904.0,5627904.0,0,0,0,B0_base,1364555.0,364dc9457dbff2fbf7a05fe33764073b773734095f0d85bbb9e6b31910a223b7,nan,,1.0,0.0,0.0,8754.0,46715.833333333336,29.209689791112933,0.0,,0.0,0.0,B,1.0,AI_VERIFIED,False
1364555.0,root1:batch_12,2082816.0,0.28968128905236223,5107210.0,case_038,1,2.0,2082816.0,incumbent_split_topo_g0_p4,1359544.0,4697600.0,incumbent_split_topo_g0_p4,1.2347323750000214,1359544.0,2802950.0,0.0,e6a54d5ed8e3982012874a7383decf3c1ec32238e0932b2de17c4548a202023a,1.2090991670011135,7500550.0,timing,4697600.0,5627904.0,1462272.0,0.1736168151396097,6960138.0,incumbent_base,1363312.0,364dc9457dbff2fbf7a05fe33764073b773734095f0d85bbb9e6b31910a223b7,nan,,1.0009117502083162,3768.0,0.00276385742955391,8754.0,46715.833333333336,29.10242423161312,2082816.0,incumbent_split_topo_g0_p4,0.0,0.0,C,1.003685794648794,AI_VERIFIED,False
1364555.0,root1:batch_12,0,0,0,case_038,2,0.0,0.0,,nan,6790656.0,L1_base,1.183696082998722,674500.0,2802950.0,2517504.0,d711108285b63211d10d7961d3f48c7509ca02a4856458ee9b65527fb7d0110f,0.9851702910000313,9593606.0,legacy_seed,4273152.0,5627904.0,0,0,0,A0_base,1364555.0,544fbdb5985897b1b7d4579b3a62e2b17a455773b91ffe5a6e68d960f8182978,nan,,1.0,690055.0,0.5056996603288252,8754.0,46715.833333333336,14.438359585436771,0.0,,0.0,0.0,A,2.0230615270570795,AI_VERIFIED,False
1364555.0,root1:batch_12,0,0,0,case_038,2,0.0,0.0,,nan,6790656.0,L1_base,1.5818646249990707,674500.0,2802950.0,2517504.0,d711108285b63211d10d7961d3f48c7509ca02a4856458ee9b65527fb7d0110f,1.5417767920007464,9593606.0,legacy_seed,4273152.0,5627904.0,0,0,0,B0_base,1364555.0,544fbdb5985897b1b7d4579b3a62e2b17a455773b91ffe5a6e68d960f8182978,nan,,1.0,690055.0,0.5056996603288252,8754.0,46715.833333333336,14.438359585436771,0.0,,0.0,0.0,B,2.0230615270570795,AI_VERIFIED,False
1364555.0,root1:batch_12,2436096.0,0.2745841780371522,6435850.0,case_038,2,5.0,2436096.0,incumbent_split_topo_g1_p4,674381.0,6173696.0,incumbent_split_topo_g1_p4,1.5341622500000085,674381.0,2802950.0,2517504.0,73bf2b3a33130a74590dd8957b3b440f00a18cee97e79f734b748720fe8415c4,1.3470038329996896,8976646.0,timing,3656192.0,6790656.0,2672640.0,0.2788309681150929,6912522.0,incumbent_base,674382.0,d711108285b63211d10d7961d3f48c7509ca02a4856458ee9b65527fb7d0110f,nan,,2.023415512276425,1.0,1.4828391030602834e-06,8754.0,46715.833333333336,14.43581226921636,2672640.0,incumbent_base,0.0,0.0,C,2.0234185126805175,AI_VERIFIED,False
1364555.0,root1:batch_12,0,0,0,case_038,3,0.0,0.0,,nan,8097792.0,L1_base,1.2404613329999847,452248.0,2802950.0,4936704.0,805cfbe70657b364c4c843423379f16cbb1a08b232ec2de4f0a43163a7294130,1.1114757920004195,10900742.0,legacy_seed,3161088.0,5627904.0,0,0,0,A0_base,1364555.0,d781a1e694a46ae22ebe06b881a747958ee9894f9bab533354b08f7e722f8ab0,nan,,1.0,912307.0,0.668574736818963,8754.0,46715.833333333336,9.680829126456056,0.0,,0.0,0.0,A,3.0172714970547134,AI_VERIFIED,False
1364555.0,root1:batch_12,0,0,0,case_038,3,0.0,0.0,,nan,8097792.0,L1_base,1.6246091249995516,452248.0,2802950.0,4936704.0,805cfbe70657b364c4c843423379f16cbb1a08b232ec2de4f0a43163a7294130,1.5110258750009962,10900742.0,legacy_seed,3161088.0,5627904.0,0,0,0,B0_base,1364555.0,d781a1e694a46ae22ebe06b881a747958ee9894f9bab533354b08f7e722f8ab0,nan,,1.0,912307.0,0.668574736818963,8754.0,46715.833333333336,9.680829126456056,0.0,,0.0,0.0,B,3.0172714970547134,AI_VERIFIED,False
1364555.0,root1:batch_12,3892224.0,0.3573372671221445,7000074.0,case_038,3,5.0,3892224.0,event_timing_tid_1000003446_miss_2_bytes_65536_front,452022.0,8097792.0,event_timing_tid_1000003446_miss_2_bytes_65536_front,1.6555282089993852,452022.0,2802950.0,4936704.0,e8ad926cbc2f8537d0e4ebc7a98680115b173fc5826d6df7efdb4b74613a52b8,1.4206732500006183,10900742.0,event_timing,3161088.0,8097792.0,3892224.0,0.3573372671221445,7000074.0,incumbent_base,452022.0,805cfbe70657b364c4c843423379f16cbb1a08b232ec2de4f0a43163a7294130,nan,,3.018780059377641,0.0,0.0,8754.0,46715.833333333336,9.67599136623914,3892224.0,incumbent_base,0.0,0.0,C,3.018780059377641,AI_VERIFIED,False
1364555.0,root1:batch_12,0,0,0,case_038,4,0.0,0.0,,nan,9295872.0,L1_base,1.3846099590009544,339624.0,2802950.0,6514176.0,0450fe42e475a7daba250bbbe51e8bcf2cbe059160e8550bd2c211502d1b8756,1.103111959000671,12098822.0,legacy_seed,2781696.0,5627904.0,0,0,0,A0_base,1364555.0,6a8c2a80afa1b0a7b99221ce4c5087c27f8d520c62f4a301f74b6647106c4563,nan,,1.0,1024931.0,0.7511100688502845,8754.0,46715.833333333336,7.269997681014645,0.0,,0.0,0.0,A,4.017840317527619,AI_VERIFIED,False
1364555.0,root1:batch_12,0,0,0,case_038,4,0.0,0.0,,nan,9295872.0,L1_base,1.5711261249998643,339624.0,2802950.0,6514176.0,0450fe42e475a7daba250bbbe51e8bcf2cbe059160e8550bd2c211502d1b8756,1.4189640830009012,12098822.0,legacy_seed,2781696.0,5627904.0,0,0,0,B0_base,1364555.0,6a8c2a80afa1b0a7b99221ce4c5087c27f8d520c62f4a301f74b6647106c4563,nan,,1.0,1024931.0,0.7511100688502845,8754.0,46715.833333333336,7.269997681014645,0.0,,0.0,0.0,B,4.017840317527619,AI_VERIFIED,False
1364555.0,root1:batch_12,4257280.0,0.3521213315249532,7833098.0,case_038,4,5.0,4257280.0,event_timing_tid_1000003448_miss_4_bytes_131072_front,337813.0,9295872.0,event_timing_tid_1000003448_miss_4_bytes_131072_front,1.717701167000996,337813.0,2802950.0,6514176.0,e690d6a87ed5492fa6ac96a8953bbf7b819e78553b8b63adeb6e8f3b5c9f0054,1.5412210000013147,12098822.0,event_timing,2781696.0,9295872.0,4257280.0,0.3521213315249532,7833098.0,incumbent_base,337813.0,0450fe42e475a7daba250bbbe51e8bcf2cbe059160e8550bd2c211502d1b8756,nan,,4.0393797752010725,0.0,0.0,8754.0,46715.833333333336,7.2312313812233535,4257280.0,incumbent_base,0.0,0.0,C,4.0393797752010725,AI_VERIFIED,False
1364555.0,root1:batch_12,0,0,0,case_038,5,0.0,0.0,,nan,9676800.0,L1_base,1.450536500000453,275133.0,2802950.0,8567808.0,81b3d30c51788259856dd76463c3d85b4f7e7fcf9e82d8d250b8074df8158f61,1.2505352909993235,12479750.0,legacy_seed,1108992.0,5627904.0,0,0,0,A0_base,1364555.0,0e7bf2d3ef0b79f9fdec4847f87df4066ff2f5568332e4c5b5052dd42f71e909,nan,,1.0,1089422.0,0.7983716303117133,8754.0,46715.833333333336,5.889502131682691,0.0,,0.0,0.0,A,4.959619529463932,AI_VERIFIED,False
1364555.0,root1:batch_12,0,0,0,case_038,5,0.0,0.0,,nan,9676800.0,L1_base,1.4627335839995794,275133.0,2802950.0,8567808.0,81b3d30c51788259856dd76463c3d85b4f7e7fcf9e82d8d250b8074df8158f61,1.300775457999407,12479750.0,legacy_seed,1108992.0,5627904.0,0,0,0,B0_base,1364555.0,0e7bf2d3ef0b79f9fdec4847f87df4066ff2f5568332e4c5b5052dd42f71e909,nan,,1.0,1089422.0,0.7983716303117133,8754.0,46715.833333333336,5.889502131682691,0.0,,0.0,0.0,B,4.959619529463932,AI_VERIFIED,False
1364555.0,root1:batch_12,5265408.0,0.4222018127051008,7205898.0,case_038,5,5.0,5265408.0,event_timing_tid_1000003446_miss_2_bytes_65536_front,272533.0,9676800.0,event_timing_tid_1000003446_miss_2_bytes_65536_front,1.2393661659989448,272533.0,2802950.0,8567808.0,854de984ab8689e2dec9c81f18621839f276f4f54c38406e122b21e046c180a0,1.2191325000003417,12479750.0,event_timing,1108992.0,9676800.0,5265408.0,0.4222018127051008,7205898.0,incumbent_base,272533.0,81b3d30c51788259856dd76463c3d85b4f7e7fcf9e82d8d250b8074df8158f61,nan,,5.006934939988919,0.0,0.0,8754.0,46715.833333333336,5.833846483169517,5265408.0,incumbent_base,0.0,0.0,C,5.006934939988919,AI_VERIFIED,False
1435262.0,root1:batch_16,0,0,0,case_039,1,0.0,0.0,,nan,7954432.0,A2_base,1.4217776669993327,1430004.0,4489216.0,1089536.0,17af91a2eadd8078b536030a95f27c010a225f14e0ec77bd4d1ff88617f26a01,1.384645874999478,12443648.0,seed,6864896.0,7929856.0,0,0,0,A0_base,1435262.0,d2eb755c04a4f7046f4430f1789c2e9d1423f94eb1adda29cbf4bfd3b9a620d4,nan,,1.0,5258.0,0.003663442632773668,784.0,74820.26666666666,19.112522097399637,0.0,,0.0,0.0,A,1.0036769127918523,AI_VERIFIED,False
1435262.0,root1:batch_16,0,0,0,case_039,1,0.0,0.0,,nan,7929856.0,B0_base,nan,1435262.0,4489216.0,0.0,d2eb755c04a4f7046f4430f1789c2e9d1423f94eb1adda29cbf4bfd3b9a620d4,nan,12419072.0,,7929856.0,7929856.0,0,0,0,B0_base,1435262.0,d2eb755c04a4f7046f4430f1789c2e9d1423f94eb1adda29cbf4bfd3b9a620d4,nan,,1.0,0.0,0.0,784.0,74820.26666666666,19.182797174384124,0.0,,0.0,0.0,B,1.0,AI_VERIFIED,False
1435262.0,root1:batch_16,40960.0,0.0033090668431502318,12337152.0,case_039,1,1.0,40960.0,incumbent_split_topo_g0_p4,1426335.0,8175616.0,incumbent_split_topo_g0_p4,2.090674917000797,1426335.0,4489216.0,0.0,32f9ac635d6a233bfae21320e26e71d5d13d43cde64a155f600052740f8655f7,1.9893495830001484,12664832.0,timing,8175616.0,7929856.0,0.0,0.0,12132352.0,incumbent_base,1435262.0,d2eb755c04a4f7046f4430f1789c2e9d1423f94eb1adda29cbf4bfd3b9a620d4,nan,,1.0,8927.0,0.006219770327647495,784.0,74820.26666666666,19.06348458171761,40960.0,incumbent_split_topo_g0_p4,0.0,0.0,C,1.006258697991706,AI_VERIFIED,False
1435262.0,root1:batch_16,0,0,0,case_039,2,0.0,0.0,,nan,11067392.0,A1_base,nan,708561.0,4489216.0,4202496.0,ef1dd515eabeea24150a0a9683aa73a5777cb5db7439fc55ee6338c9e7295728,nan,15556608.0,,6864896.0,7929856.0,0,0,0,A0_base,1435262.0,d871335e8cc7fe106d859e777f5de7831e7f039a3f085b201fc1a8a3880fa4c8,nan,,1.0,726701.0,0.5063194037046894,784.0,74820.26666666666,9.470174747661954,0.0,,0.0,0.0,A,2.025601183243221,AI_VERIFIED,False
1435262.0,root1:batch_16,0,0,0,case_039,2,0.0,0.0,,nan,11067392.0,B1_base,nan,708561.0,4489216.0,4202496.0,ef1dd515eabeea24150a0a9683aa73a5777cb5db7439fc55ee6338c9e7295728,nan,15556608.0,,6864896.0,7929856.0,0,0,0,B0_base,1435262.0,d871335e8cc7fe106d859e777f5de7831e7f039a3f085b201fc1a8a3880fa4c8,nan,,1.0,726701.0,0.5063194037046894,784.0,74820.26666666666,9.470174747661954,0.0,,0.0,0.0,B,2.025601183243221,AI_VERIFIED,False
1435262.0,root1:batch_16,6033408.0,0.39206813947298375,9355264.0,case_039,2,3.0,6033408.0,incumbent_split_topo_g1_p4,703954.0,11186176.0,incumbent_split_topo_g1_p4,1.7143360419995588,703954.0,4489216.0,4202496.0,f85b887cc661359d66ae1d55aa317aee92855e9e38f838f310efd30c608000c8,1.6086075000002893,15675392.0,timing,6983680.0,11067392.0,5652480.0,0.3701716738197425,9617408.0,incumbent_base,705615.0,ef1dd515eabeea24150a0a9683aa73a5777cb5db7439fc55ee6338c9e7295728,nan,,2.03405823288904,1661.0,0.002353974901327211,784.0,74820.26666666666,9.40860052178376,6033408.0,incumbent_split_topo_g1_p4,0.0,0.0,C,2.038857652630712,AI_VERIFIED,False
1435262.0,root1:batch_16,0,0,0,case_039,3,0.0,0.0,,nan,14323712.0,A1_base,nan,485565.0,4489216.0,8404992.0,d7ad131769560b052f6e9e53f810617c249760930bd85ed18475f111365e6812,nan,18812928.0,,5918720.0,7929856.0,0,0,0,A0_base,1435262.0,d2de4311d951cd63086faf7ce19b86bbf54cf9a8d364e0c65d1a45099e1c90ff,nan,,1.0,949697.0,0.6616889459903488,784.0,74820.26666666666,6.489752330919252,0.0,,0.0,0.0,A,2.9558596686334475,AI_VERIFIED,False
1435262.0,root1:batch_16,0,0,0,case_039,3,0.0,0.0,,nan,14323712.0,B1_base,nan,485565.0,4489216.0,8404992.0,d7ad131769560b052f6e9e53f810617c249760930bd85ed18475f111365e6812,nan,18812928.0,,5918720.0,7929856.0,0,0,0,B0_base,1435262.0,d2de4311d951cd63086faf7ce19b86bbf54cf9a8d364e0c65d1a45099e1c90ff,nan,,1.0,949697.0,0.6616889459903488,784.0,74820.26666666666,6.489752330919252,0.0,,0.0,0.0,B,2.9558596686334475,AI_VERIFIED,False
1435262.0,root1:batch_16,7286784.0,0.39332301569754585,11239424.0,case_039,3,3.0,7286784.0,r2_boundary_n651_c2_p0,482066.0,14331904.0,r2_boundary_n651_c2_p0,2.0183854999995674,482066.0,4489216.0,8421376.0,4140836bf1894204c3435188eb360100f40af1172a523559efa31c12bab8a5e7,1.9334612080001534,18821120.0,ordinary_chain,5910528.0,14323712.0,7151616.0,0.38602697324784435,11374592.0,incumbent_base,483226.0,d7ad131769560b052f6e9e53f810617c249760930bd85ed18475f111365e6812,nan,,2.9701671681573427,1160.0,0.0024005330838986314,784.0,74820.26666666666,6.442986926893249,7286784.0,r2_boundary_n651_c2_p0,0.0,0.0,C,2.9773143096588432,AI_VERIFIED,False
1435262.0,root1:batch_16,0,0,0,case_039,4,0.0,0.0,,nan,17604608.0,A1_base,nan,395323.0,4489216.0,12607488.0,7d5b61b243892ff5ac04683c7b2c2c7326881345346af368ea648486f911c362,nan,22093824.0,,4997120.0,7929856.0,0,0,0,A0_base,1435262.0,7e422b27773795a6aab7c06c9572f6c5fc7dacb18d78185f1f00ede5d825034a,nan,,1.0,1039939.0,0.7245638775359481,784.0,74820.26666666666,5.283635271726734,0.0,,0.0,0.0,A,3.6306058590064327,AI_VERIFIED,False
1435262.0,root1:batch_16,0,0,0,case_039,4,0.0,0.0,,nan,17604608.0,B1_base,nan,395323.0,4489216.0,12607488.0,7d5b61b243892ff5ac04683c7b2c2c7326881345346af368ea648486f911c362,nan,22093824.0,,4997120.0,7929856.0,0,0,0,B0_base,1435262.0,7e422b27773795a6aab7c06c9572f6c5fc7dacb18d78185f1f00ede5d825034a,nan,,1.0,1039939.0,0.7245638775359481,784.0,74820.26666666666,5.283635271726734,0.0,,0.0,0.0,B,3.6306058590064327,AI_VERIFIED,False
1435262.0,root1:batch_16,10428416.0,0.47821187077385424,11378688.0,case_039,4,3.0,10428416.0,incumbent_base,368055.0,17604608.0,incumbent_base,nan,368055.0,4489216.0,12607488.0,7d5b61b243892ff5ac04683c7b2c2c7326881345346af368ea648486f911c362,nan,22093824.0,,4997120.0,17604608.0,10428416.0,0.47821187077385424,11378688.0,incumbent_base,368055.0,7d5b61b243892ff5ac04683c7b2c2c7326881345346af368ea648486f911c362,nan,,3.8995856597519394,0.0,0.0,784.0,74820.26666666666,4.919188562100821,10493952.0,incumbent_split_topo_g3_p4,0.0,0.0,C,3.8995856597519394,AI_VERIFIED,False
1435262.0,root1:batch_16,0,0,0,case_039,5,0.0,0.0,,nan,9805824.0,A2_base,1.275356832999023,316542.0,4489216.0,9805824.0,e0c6b16d8929dad25ed74eac4413e65a5d34685b80463ab8b2a6ce5528936f7d,1.1730817919997207,14295040.0,seed,0.0,7929856.0,0,0,0,A0_base,1435262.0,7c8001684abf0f8abdecfa9ece1ca22fe6136a305e2c229e3d41b60a8ae4fa73,nan,,1.0,1118720.0,0.7794535074432404,784.0,74820.26666666666,4.230698634238139,0.0,,0.0,0.0,A,4.534191355333573,AI_VERIFIED,False
1435262.0,root1:batch_16,0,0,0,case_039,5,0.0,0.0,,nan,17604608.0,incumbent_base,nan,395323.0,4489216.0,12607488.0,fd54373505ebee05bce0cf763b5f12b48d913b5391c98eca05fd2bd8bd91a88c,nan,22093824.0,,4997120.0,7929856.0,0,0,0,B0_base,1435262.0,7c8001684abf0f8abdecfa9ece1ca22fe6136a305e2c229e3d41b60a8ae4fa73,nan,,1.0,1039939.0,0.7245638775359481,784.0,74820.26666666666,5.283635271726734,0.0,,0.0,0.0,B,3.6306058590064327,AI_VERIFIED,False
1435262.0,root1:batch_16,9154560.0,0.3708927978758712,15527936.0,case_039,5,3.0,9154560.0,C1_base,340476.0,20480000.0,C1_base,nan,340476.0,4489216.0,16809984.0,930c52ea74680a40d019f2bfed3a6894a2fb77ddd49f9a3327a4fd273311f708,nan,24969216.0,,3670016.0,17604608.0,10428416.0,0.47821187077385424,11378688.0,incumbent_base,368055.0,fd54373505ebee05bce0cf763b5f12b48d913b5391c98eca05fd2bd8bd91a88c,nan,,3.8995856597519394,27579.0,0.07493173574601622,784.0,74820.26666666666,4.550585224680657,10428416.0,incumbent_base,0.0,0.0,C,4.21545718347255,AI_VERIFIED,False
253454.0,root1:batch_01,0,0,0,case_040,1,0.0,0.0,,nan,0.0,A0_base,nan,253454.0,911238.0,0.0,ed6e5d67d0a1c8b79279de11cbd267e099fc61becf7a7e4eeaff7e25017cd64a,nan,911238.0,,0.0,0.0,0,0,0,A0_base,253454.0,ed6e5d67d0a1c8b79279de11cbd267e099fc61becf7a7e4eeaff7e25017cd64a,nan,,1.0,0.0,0.0,,,,0.0,,,,A,1.0,AI_VERIFIED,False
253454.0,root1:batch_01,0,0,0,case_040,1,0.0,0.0,,nan,137892.0,B3_aggregate,0.5835274170003686,252193.0,911238.0,0.0,c86a95d8cb84742e3e7ca6ca0f7b046720be958ac8231eeb86d64c25eb9031c1,0.5221826670003793,1049130.0,aggregate,137892.0,0.0,0,0,0,B0_base,253454.0,ed6e5d67d0a1c8b79279de11cbd267e099fc61becf7a7e4eeaff7e25017cd64a,nan,,1.0,1261.0,0.0049752617832032634,,,,0.0,,,,B,1.005000138782599,AI_VERIFIED,False
253454.0,root1:batch_01,8192.0,0.008323376169458737,976024.0,case_040,1,2.0,8192.0,incumbent_split_height_g1_p4,249653.0,137892.0,incumbent_split_height_g1_p4,0.5875094999992143,249653.0,911238.0,0.0,4444229918d25eaafb592f1059efc15abc0187d398ed03805805adb417fcfce6,0.5388912919988798,1049130.0,timing,137892.0,137892.0,8192.0,0.008323376169458737,976024.0,incumbent_base,252089.0,c86a95d8cb84742e3e7ca6ca0f7b046720be958ac8231eeb86d64c25eb9031c1,nan,,1.0054147543129608,2436.0,0.009663253850822527,,,,8192.0,incumbent_split_height_g1_p4,,,C,1.0152251324838877,AI_VERIFIED,False
253454.0,root1:batch_01,0,0,0,case_040,2,0.0,0.0,,nan,53760.0,L1_base,0.3117545000004611,137746.0,911238.0,53760.0,0fc1ec6750a6296974487825c760e8e8c30e3c0b3eb5f11b5e0cb9182e2ace23,0.19809154199901968,964998.0,legacy_seed,0.0,0.0,0,0,0,A0_base,253454.0,265fd7369dc696312fa2dc4a0df9f7e78b8bcc576ca1a890788054e3a6d9b01d,nan,,1.0,115708.0,0.45652465536152514,,,,0.0,,,,A,1.8400098732449581,AI_VERIFIED,False
253454.0,root1:batch_01,0,0,0,case_040,2,0.0,0.0,,nan,53760.0,L1_base,nan,137746.0,911238.0,53760.0,0fc1ec6750a6296974487825c760e8e8c30e3c0b3eb5f11b5e0cb9182e2ace23,nan,964998.0,,0.0,0.0,0,0,0,B0_base,253454.0,265fd7369dc696312fa2dc4a0df9f7e78b8bcc576ca1a890788054e3a6d9b01d,nan,,1.0,115708.0,0.45652465536152514,,,,0.0,,,,B,1.8400098732449581,AI_VERIFIED,False
253454.0,root1:batch_01,53760.0,0.05559565741658066,913222.0,case_040,2,3.0,53760.0,incumbent_disperse_tid_12_node_163_core_0_pos_0,137487.0,57856.0,incumbent_disperse_tid_12_node_163_core_0_pos_0,0.41752570899916464,137487.0,911238.0,57856.0,87ad5d3bbe71a1a5dd8916026a29d421847c5543c5034905650d442232fb0c59,0.42816708399914205,969094.0,disperse,0.0,53760.0,53760.0,0.05571365502718321,911174.0,incumbent_base,137720.0,0fc1ec6750a6296974487825c760e8e8c30e3c0b3eb5f11b5e0cb9182e2ace23,nan,,1.8403572465872786,233.0,0.001691838512924775,,,,53760.0,incumbent_disperse_tid_12_node_163_core_0_pos_0,,,C,1.8434761104686261,AI_VERIFIED,False
253454.0,root1:batch_01,0,0,0,case_040,3,0.0,0.0,,nan,12288.0,A1_base,nan,140837.0,911238.0,12288.0,6d9ea896697a020830a488c423a3694dc6370a962be430ad6f58c7849ff654e0,nan,923526.0,,0.0,0.0,0,0,0,A0_base,253454.0,6f928d3c9bebdc39ceb7e99c4fbe73bcc48dd6b63bff92c069130d49b2c84821,nan,,1.0,112617.0,0.44432914848453764,,,,0.0,,,,A,1.7996265185995157,AI_VERIFIED,False
253454.0,root1:batch_01,0,0,0,case_040,3,0.0,0.0,,nan,12288.0,B1_base,nan,140837.0,911238.0,12288.0,6d9ea896697a020830a488c423a3694dc6370a962be430ad6f58c7849ff654e0,nan,923526.0,,0.0,0.0,0,0,0,B0_base,253454.0,6f928d3c9bebdc39ceb7e99c4fbe73bcc48dd6b63bff92c069130d49b2c84821,nan,,1.0,112617.0,0.44432914848453764,,,,0.0,,,,B,1.7996265185995157,AI_VERIFIED,False
253454.0,root1:batch_01,12288.0,0.013277004030210371,913222.0,case_040,3,2.0,12288.0,incumbent_disperse_tid_3_node_22_core_2_pos_0,140543.0,16384.0,incumbent_disperse_tid_3_node_22_core_2_pos_0,0.44301350000023376,140543.0,911238.0,16384.0,da42b04d2b405ed20d38ab9343c0ec98e1c9127f7a58410f726658b9c5d17b75,0.4275228749993403,927622.0,disperse,0.0,12288.0,12288.0,0.013306448993028408,911174.0,incumbent_base,140811.0,6d9ea896697a020830a488c423a3694dc6370a962be430ad6f58c7849ff654e0,nan,,1.7999588100361477,268.0,0.0019032603986904432,,,,12288.0,incumbent_disperse_tid_3_node_22_core_2_pos_0,,,C,1.8033911329628654,AI_VERIFIED,False
253454.0,root1:batch_01,0,0,0,case_040,4,0.0,0.0,,nan,12288.0,A1_base,nan,140837.0,911238.0,12288.0,4c8932d7cdd9ae2329ac924f8d9f6e4db2a951130b5e1c61632f530490ffe8a9,nan,923526.0,,0.0,0.0,0,0,0,A0_base,253454.0,f9c818c75bdee872caebcbecc6cfbd7285b036346318e7aa42536bfb17536e6d,nan,,1.0,112617.0,0.44432914848453764,,,,0.0,,,,A,1.7996265185995157,AI_VERIFIED,False
253454.0,root1:batch_01,0,0,0,case_040,4,0.0,0.0,,nan,12288.0,B1_base,nan,140837.0,911238.0,12288.0,4c8932d7cdd9ae2329ac924f8d9f6e4db2a951130b5e1c61632f530490ffe8a9,nan,923526.0,,0.0,0.0,0,0,0,B0_base,253454.0,f9c818c75bdee872caebcbecc6cfbd7285b036346318e7aa42536bfb17536e6d,nan,,1.0,112617.0,0.44432914848453764,,,,0.0,,,,B,1.7996265185995157,AI_VERIFIED,False
253454.0,root1:batch_01,24714.0,0.022760259338392395,1061126.0,case_040,4,2.0,24714.0,r2_split_g0_h1_c2_p1,136073.0,324618.0,r2_split_g0_h1_c2_p1,0.38950137499887205,136073.0,911238.0,324618.0,a875fe010ea943f8c349576040c5b42fe0f70f0f19f15b6ccb7d4b5f39c31051,0.3146987089985487,1235856.0,ordinary_chain,0.0,12288.0,12288.0,0.013306448993028408,911174.0,incumbent_base,140811.0,4c8932d7cdd9ae2329ac924f8d9f6e4db2a951130b5e1c61632f530490ffe8a9,nan,,1.7999588100361477,4738.0,0.0336479394365497,,,,24714.0,r2_split_g0_h1_c2_p1,,,C,1.8626325575242701,AI_VERIFIED,False
253454.0,root1:batch_01,0,0,0,case_040,5,0.0,0.0,,nan,12288.0,A1_base,nan,140837.0,911238.0,12288.0,3f1053c8cc023352d4732e43a3ed0ec7c4e9cdac49a28fadd667d684b95a4824,nan,923526.0,,0.0,0.0,0,0,0,A0_base,253454.0,c419c6afed544096510944df9e3fbf34ab25bf422684cccf073e8deb5c626bc4,nan,,1.0,112617.0,0.44432914848453764,,,,0.0,,,,A,1.7996265185995157,AI_VERIFIED,False
253454.0,root1:batch_01,0,0,0,case_040,5,0.0,0.0,,nan,12288.0,B1_base,nan,140837.0,911238.0,12288.0,3f1053c8cc023352d4732e43a3ed0ec7c4e9cdac49a28fadd667d684b95a4824,nan,923526.0,,0.0,0.0,0,0,0,B0_base,253454.0,c419c6afed544096510944df9e3fbf34ab25bf422684cccf073e8deb5c626bc4,nan,,1.0,112617.0,0.44432914848453764,,,,0.0,,,,B,1.7996265185995157,AI_VERIFIED,False
253454.0,root1:batch_01,12288.0,0.013277004030210371,913222.0,case_040,5,2.0,12288.0,incumbent_disperse_tid_12_node_37_core_2_pos_0,140543.0,16384.0,incumbent_disperse_tid_12_node_37_core_2_pos_0,0.9076068329995906,140543.0,911238.0,16384.0,710a53db3c05054b09c4267cc145f70404515c60a9e769e8c46d26ad8a79ff60,0.4536707909992401,927622.0,disperse,0.0,12288.0,12288.0,0.013306448993028408,911174.0,incumbent_base,140811.0,3f1053c8cc023352d4732e43a3ed0ec7c4e9cdac49a28fadd667d684b95a4824,nan,,1.7999588100361477,268.0,0.0019032603986904432,,,,12288.0,incumbent_disperse_tid_12_node_37_core_2_pos_0,,,C,1.8033911329628654,AI_VERIFIED,False
6003957.0,root1:batch_13,0,0,0,case_041,1,0.0,0.0,,nan,30898176.0,A0_base,nan,6003957.0,4949980.0,0.0,727befc5bd821bdc12309e8d820075590819035055e33c4da63b4c0fd5bcc5f2,nan,35848156.0,,30898176.0,30898176.0,0,0,0,A0_base,6003957.0,727befc5bd821bdc12309e8d820075590819035055e33c4da63b4c0fd5bcc5f2,nan,,1.0,0.0,0.0,1767.0,82499.66666666667,72.77553040618345,0.0,,0.0,0.0,A,1.0,AI_VERIFIED,False
6003957.0,root1:batch_13,0,0,0,case_041,1,0.0,0.0,,nan,30898176.0,B0_base,nan,6003957.0,4949980.0,0.0,727befc5bd821bdc12309e8d820075590819035055e33c4da63b4c0fd5bcc5f2,nan,35848156.0,,30898176.0,30898176.0,0,0,0,B0_base,6003957.0,727befc5bd821bdc12309e8d820075590819035055e33c4da63b4c0fd5bcc5f2,nan,,1.0,0.0,0.0,1767.0,82499.66666666667,72.77553040618345,0.0,,0.0,0.0,B,1.0,AI_VERIFIED,False
6003957.0,root1:batch_13,3643392.0,0.10163681549404405,32203776.0,case_041,1,1.0,3643392.0,incumbent_base,6001575.0,30898176.0,incumbent_base,9.904747833001238,6001575.0,4949980.0,0.0,727befc5bd821bdc12309e8d820075590819035055e33c4da63b4c0fd5bcc5f2,9.426941290999821,35848156.0,incumbent,30898176.0,30898176.0,3643392.0,0.10163681549404405,32203776.0,incumbent_base,6001575.0,727befc5bd821bdc12309e8d820075590819035055e33c4da63b4c0fd5bcc5f2,9.426941290999821,incumbent,1.0003968958148486,0.0,0.0,1767.0,82499.66666666667,72.74665756225278,3643392.0,incumbent_base,0.0,0.0,C,1.0003968958148486,AI_VERIFIED,False
6003957.0,root1:batch_13,0,0,0,case_041,2,0.0,0.0,,nan,30750720.0,A1_base,nan,2983392.0,4949980.0,4709376.0,3ec880d57089629aa2f897f87a896eeb2e6c01f116f7fe57fd0272a282152997,nan,35700700.0,,26041344.0,30898176.0,0,0,0,A0_base,6003957.0,663da8a9173044041ad33f84a118e2088a2db3b888f84e8c8dc11e1087543d7b,nan,,1.0,3020565.0,0.5030957083803231,1767.0,82499.66666666667,36.16247338373084,0.0,,0.0,0.0,A,2.0124599784406474,AI_VERIFIED,False
6003957.0,root1:batch_13,0,0,0,case_041,2,0.0,0.0,,nan,30750720.0,B1_base,nan,2983392.0,4949980.0,4709376.0,3ec880d57089629aa2f897f87a896eeb2e6c01f116f7fe57fd0272a282152997,nan,35700700.0,,26041344.0,30898176.0,0,0,0,B0_base,6003957.0,663da8a9173044041ad33f84a118e2088a2db3b888f84e8c8dc11e1087543d7b,nan,,1.0,3020565.0,0.5030957083803231,1767.0,82499.66666666667,36.16247338373084,0.0,,0.0,0.0,B,2.0124599784406474,AI_VERIFIED,False
6003957.0,root1:batch_13,6100992.0,0.17089751312279494,29598720.0,case_041,2,2.0,6100992.0,incumbent_base,2981318.0,30750720.0,incumbent_base,nan,2981318.0,4949980.0,4709376.0,3ec880d57089629aa2f897f87a896eeb2e6c01f116f7fe57fd0272a282152997,nan,35700700.0,,26041344.0,30750720.0,6100992.0,0.17089751312279494,29598720.0,incumbent_base,2981318.0,3ec880d57089629aa2f897f87a896eeb2e6c01f116f7fe57fd0272a282152997,nan,,2.0138599773657155,0.0,0.0,1767.0,82499.66666666667,36.137333888217725,6100992.0,incumbent_base,0.0,0.0,C,2.0138599773657155,AI_VERIFIED,False
6003957.0,root1:batch_13,0,0,0,case_041,3,0.0,0.0,,nan,34851840.0,L1_base,4.70820300000014,1991911.0,4949980.0,9787392.0,b636e9f12671469a2cf1599c85f4926126261f9e73d68a3a638765d86e45629d,4.625665499999741,39801820.0,legacy_seed,25064448.0,30898176.0,0,0,0,A0_base,6003957.0,c7da48511510778946d481f83168773b6e9f21d07b939a8926776f1753d43629,nan,,1.0,4012046.0,0.6682336332522035,1767.0,82499.66666666667,24.144473311003274,0.0,,0.0,0.0,A,3.0141693077652567,AI_VERIFIED,False
6003957.0,root1:batch_13,0,0,0,case_041,3,0.0,0.0,,nan,34851840.0,L1_base,5.3352897919994575,1991911.0,4949980.0,9787392.0,b636e9f12671469a2cf1599c85f4926126261f9e73d68a3a638765d86e45629d,4.980036249999102,39801820.0,legacy_seed,25064448.0,30898176.0,0,0,0,B0_base,6003957.0,c7da48511510778946d481f83168773b6e9f21d07b939a8926776f1753d43629,nan,,1.0,4012046.0,0.6682336332522035,1767.0,82499.66666666667,24.144473311003274,0.0,,0.0,0.0,B,3.0141693077652567,AI_VERIFIED,False
6003957.0,root1:batch_13,10368000.0,0.2604970669959864,29432832.0,case_041,3,5.0,10368000.0,event_timing_tid_1000000409_miss_9_bytes_55296_front,1989953.0,34851840.0,event_timing_tid_1000000409_miss_9_bytes_55296_front,5.7448080419999314,1989953.0,4949980.0,9787392.0,5464eeb188bc66da2e069ad99b80eb594318394820cba6d8287d49a8958bd343,5.339893207999921,39801820.0,event_timing,25064448.0,34851840.0,10368000.0,0.2604970669959864,29432832.0,incumbent_base,1989953.0,b636e9f12671469a2cf1599c85f4926126261f9e73d68a3a638765d86e45629d,nan,,3.017135078064658,0.0,0.0,1767.0,82499.66666666667,24.1207398817773,10564608.0,C1_base,0.0,0.0,C,3.017135078064658,AI_VERIFIED,False
6003957.0,root1:batch_13,0,0,0,case_041,4,0.0,0.0,,nan,34397184.0,A1_base,nan,1497746.0,4949980.0,13882368.0,b8ba6cf88582ef3f51cf0eff11248b6153f8a17b028639d8b96853777e0f7fe0,nan,39347164.0,,20514816.0,30898176.0,0,0,0,A0_base,6003957.0,e444c20ffeea15fdc5d0a614d14e96a561187eb5357110c953b137430394cbbc,nan,,1.0,4506211.0,0.7505401854143858,1767.0,82499.66666666667,18.154570321496248,0.0,,0.0,0.0,A,4.008661682287918,AI_VERIFIED,False
6003957.0,root1:batch_13,0,0,0,case_041,4,0.0,0.0,,nan,34397184.0,B1_base,nan,1497746.0,4949980.0,13882368.0,b8ba6cf88582ef3f51cf0eff11248b6153f8a17b028639d8b96853777e0f7fe0,nan,39347164.0,,20514816.0,30898176.0,0,0,0,B0_base,6003957.0,e444c20ffeea15fdc5d0a614d14e96a561187eb5357110c953b137430394cbbc,nan,,1.0,4506211.0,0.7505401854143858,1767.0,82499.66666666667,18.154570321496248,0.0,,0.0,0.0,B,4.008661682287918,AI_VERIFIED,False
6003957.0,root1:batch_13,9492480.0,0.24125546533416614,29853696.0,case_041,4,3.0,9492480.0,incumbent_base,1494017.0,34397184.0,incumbent_base,nan,1494017.0,4949980.0,13882368.0,b8ba6cf88582ef3f51cf0eff11248b6153f8a17b028639d8b96853777e0f7fe0,nan,39347164.0,,20514816.0,34397184.0,9492480.0,0.24125546533416614,29853696.0,incumbent_base,1494017.0,b8ba6cf88582ef3f51cf0eff11248b6153f8a17b028639d8b96853777e0f7fe0,nan,,4.018667123600334,0.0,0.0,1767.0,82499.66666666667,18.109370138869245,10368000.0,lower_core_base,0.0,0.0,C,4.018667123600334,AI_VERIFIED,False
6003957.0,root1:batch_13,0,0,0,case_041,5,0.0,0.0,,nan,40673280.0,L1_base,4.951730333001251,1201884.0,4949980.0,18051072.0,8968bc64c8f1051b84ca4a5f94d7cb6ced8addfc9626e8134efddfad20a8b8e9,4.264901833999829,45623260.0,legacy_seed,22622208.0,30898176.0,0,0,0,A0_base,6003957.0,e0625d388faa93d39d0f45571ae4cdc505b7772dc90640eba54a3dcf64a2123d,nan,,1.0,4802073.0,0.7998180200157996,1767.0,82499.66666666667,14.568349771110185,0.0,,0.0,0.0,A,4.995454636221133,AI_VERIFIED,False
6003957.0,root1:batch_13,0,0,0,case_041,5,0.0,0.0,,nan,40673280.0,L1_base,7.73666754199985,1201884.0,4949980.0,18051072.0,8968bc64c8f1051b84ca4a5f94d7cb6ced8addfc9626e8134efddfad20a8b8e9,6.618918207999741,45623260.0,legacy_seed,22622208.0,30898176.0,0,0,0,B0_base,6003957.0,e0625d388faa93d39d0f45571ae4cdc505b7772dc90640eba54a3dcf64a2123d,nan,,1.0,4802073.0,0.7998180200157996,1767.0,82499.66666666667,14.568349771110185,0.0,,0.0,0.0,B,4.995454636221133,AI_VERIFIED,False
6003957.0,root1:batch_13,14902272.0,0.32664467039256617,30720000.0,case_041,5,5.0,14902272.0,event_timing_tid_1000010481_miss_10_bytes_61440_front,1194643.0,40673280.0,event_timing_tid_1000010481_miss_10_bytes_61440_front,11.031305375001466,1194643.0,4949980.0,18051072.0,c551fe23bd2f7a498dff51a64de19f1838070d875187c754b6ec75885a96cb57,5.56730966699979,45623260.0,event_timing,22622208.0,40673280.0,14902272.0,0.32664467039256617,30720000.0,incumbent_base,1194643.0,8968bc64c8f1051b84ca4a5f94d7cb6ced8addfc9626e8134efddfad20a8b8e9,nan,,5.0257332106746535,0.0,0.0,1767.0,82499.66666666667,14.480579719514017,14902272.0,incumbent_base,0.0,0.0,C,5.0257332106746535,AI_VERIFIED,False
1686740.0,root1:batch_04,0,0,0,case_042,1,0.0,0.0,,nan,6629376.0,A0_base,nan,1686740.0,2388964.0,0.0,adcdc424d75206250562abdf2f450b7463cbe57bf684fa8cce47171b1eed198e,nan,9018340.0,,6629376.0,6629376.0,0,0,0,A0_base,1686740.0,adcdc424d75206250562abdf2f450b7463cbe57bf684fa8cce47171b1eed198e,nan,,1.0,0.0,0.0,5685.0,39816.066666666666,42.36330057715395,0.0,,0.0,0.0,A,1.0,AI_VERIFIED,False
1686740.0,root1:batch_04,0,0,0,case_042,1,0.0,0.0,,nan,6629376.0,B0_base,nan,1686740.0,2388964.0,0.0,adcdc424d75206250562abdf2f450b7463cbe57bf684fa8cce47171b1eed198e,nan,9018340.0,,6629376.0,6629376.0,0,0,0,B0_base,1686740.0,adcdc424d75206250562abdf2f450b7463cbe57bf684fa8cce47171b1eed198e,nan,,1.0,0.0,0.0,5685.0,39816.066666666666,42.36330057715395,0.0,,0.0,0.0,B,1.0,AI_VERIFIED,False
1686740.0,root1:batch_04,2866176.0,0.3186917583766532,6127392.0,case_042,1,1.0,2866176.0,incumbent_base,1675633.0,6629376.0,incumbent_base,1.302441165998971,1675633.0,2388964.0,0.0,adcdc424d75206250562abdf2f450b7463cbe57bf684fa8cce47171b1eed198e,1.244412750000265,9018340.0,incumbent,6629376.0,6629376.0,2866176.0,0.3186917583766532,6127392.0,incumbent_base,1675633.0,adcdc424d75206250562abdf2f450b7463cbe57bf684fa8cce47171b1eed198e,1.244412750000265,incumbent,1.0066285397816825,0.0,0.0,5685.0,39816.066666666666,42.084342836476395,2866176.0,incumbent_base,0.0,0.0,C,1.0066285397816825,AI_VERIFIED,False
1686740.0,root1:batch_04,0,0,0,case_042,2,0.0,0.0,,nan,6540576.0,A1_base,nan,845274.0,2388964.0,2052384.0,9c3756aa0c945a6b49364caf29623ba5408b536102f7ee27f188af56304caeca,nan,8929540.0,,4488192.0,6629376.0,0,0,0,A0_base,1686740.0,ffbaa8a6035bcb680c4c0c5d2098bdbf1a5a5e6c8a4235e40e5451df2ccd9f97,nan,,1.0,841466.0,0.4988711953235235,5685.0,39816.066666666666,21.229470180379444,0.0,,0.0,0.0,A,1.995494951932746,AI_VERIFIED,False
1686740.0,root1:batch_04,0,0,0,case_042,2,0.0,0.0,,nan,6560160.0,r2_boundary_n5069_c1_p2,0.8944027500001539,844150.0,2388964.0,2071968.0,df7d8019e901465eed7dda223a40482ef0f7280f57fa3eda7ea9f5b29238549d,0.9177018339996721,8949124.0,ordinary_chain,4488192.0,6629376.0,0,0,0,B0_base,1686740.0,ffbaa8a6035bcb680c4c0c5d2098bdbf1a5a5e6c8a4235e40e5451df2ccd9f97,nan,,1.0,842590.0,0.499537569512788,5685.0,39816.066666666666,21.201240370302777,0.0,,0.0,0.0,B,1.9981519872060653,AI_VERIFIED,False
1686740.0,root1:batch_04,3308064.0,0.3708219443428104,5612832.0,case_042,2,4.0,3308064.0,incumbent_disperse_tid_1000005495_node_5021_core_1_pos_1,843098.0,6570528.0,incumbent_disperse_tid_1000005495_node_5021_core_1_pos_1,1.2099122079998779,843098.0,2388964.0,2082336.0,6f4158b9b410d829e77c58fd9197e2a9e8b7cb50111854105c5356d6bf05219d,1.0496275839996088,8959492.0,disperse,4488192.0,6560160.0,3306912.0,0.37093231107186697,5608224.0,incumbent_base,843446.0,df7d8019e901465eed7dda223a40482ef0f7280f57fa3eda7ea9f5b29238549d,nan,,1.9998197869217471,348.0,0.0004125931002103276,5685.0,39816.066666666666,21.174818875462336,3308064.0,incumbent_disperse_tid_1000005495_node_5021_core_1_pos_1,0.0,0.0,C,2.000645239343469,AI_VERIFIED,False
1686740.0,root1:batch_04,0,0,0,case_042,3,0.0,0.0,,nan,8334912.0,L1_base,1.2313601250007196,562868.0,2388964.0,3951168.0,9e1cdec68d8918876cd3c1b9e364a46b8b664c9d5c8b1c9f6fcef869e7f55fe3,0.9604653339993092,10723876.0,legacy_seed,4383744.0,6629376.0,0,0,0,A0_base,1686740.0,2a082e590a92b75c8a3c0520653bacb12ab3be0a4666e0cc2a102317baf51ff2,nan,,1.0,1123872.0,0.6662983032358277,5685.0,39816.066666666666,14.136705283126913,0.0,,0.0,0.0,A,2.9966883887518923,AI_VERIFIED,False
1686740.0,root1:batch_04,0,0,0,case_042,3,0.0,0.0,,nan,8334912.0,L1_base,1.1367821249987173,562868.0,2388964.0,3951168.0,9e1cdec68d8918876cd3c1b9e364a46b8b664c9d5c8b1c9f6fcef869e7f55fe3,1.177683124999021,10723876.0,legacy_seed,4383744.0,6629376.0,0,0,0,B0_base,1686740.0,2a082e590a92b75c8a3c0520653bacb12ab3be0a4666e0cc2a102317baf51ff2,nan,,1.0,1123872.0,0.6662983032358277,5685.0,39816.066666666666,14.136705283126913,0.0,,0.0,0.0,B,2.9966883887518923,AI_VERIFIED,False
1686740.0,root1:batch_04,4636224.0,0.43332824879541315,6062880.0,case_042,3,5.0,4636224.0,event_timing_tid_1000000109_miss_4_bytes_24576_front,561628.0,8334912.0,event_timing_tid_1000000109_miss_4_bytes_24576_front,1.554093541999464,561628.0,2388964.0,3951168.0,3a84246ad1572ff281f121d1747ecf441ba25de45cd0ab48fca66d37e7c4e8eb,1.4413017079987185,10723876.0,event_timing,4383744.0,8334912.0,4636224.0,0.43332824879541315,6062880.0,incumbent_base,561628.0,9e1cdec68d8918876cd3c1b9e364a46b8b664c9d5c8b1c9f6fcef869e7f55fe3,nan,,3.003304678541668,0.0,0.0,5685.0,39816.066666666666,14.105562076280764,4900128.0,C1_base,0.0,0.0,C,3.003304678541668,AI_VERIFIED,False
1686740.0,root1:batch_04,0,0,0,case_042,4,0.0,0.0,,nan,8553312.0,L1_base,1.1629541249985778,426511.0,2388964.0,5619552.0,f8125b962ed136d6eb01fb22e3a791f181853c7e1cf0a3f038af20924254de0f,0.9885633329995471,10942276.0,legacy_seed,2933760.0,6629376.0,0,0,0,A0_base,1686740.0,b91c1de1c76dc8007f974377f346d1ef94639b02844125027df084c816531d00,nan,,1.0,1260229.0,0.7471388595752754,5685.0,39816.066666666666,10.712032496094542,0.0,,0.0,0.0,A,3.9547397370759487,AI_VERIFIED,False
1686740.0,root1:batch_04,0,0,0,case_042,4,0.0,0.0,,nan,8553312.0,L1_base,1.3125589589999436,426511.0,2388964.0,5619552.0,f8125b962ed136d6eb01fb22e3a791f181853c7e1cf0a3f038af20924254de0f,1.1329319160013256,10942276.0,legacy_seed,2933760.0,6629376.0,0,0,0,B0_base,1686740.0,b91c1de1c76dc8007f974377f346d1ef94639b02844125027df084c816531d00,nan,,1.0,1260229.0,0.7471388595752754,5685.0,39816.066666666666,10.712032496094542,0.0,,0.0,0.0,B,3.9547397370759487,AI_VERIFIED,False
1686740.0,root1:batch_04,4710240.0,0.4314392740318666,6207264.0,case_042,4,5.0,4710240.0,event_timing_tid_1000000249_miss_5_bytes_30720_front,423652.0,8553312.0,event_timing_tid_1000000249_miss_5_bytes_30720_front,1.0980979580017447,423652.0,2388964.0,5619552.0,6cdaf9e38414dd014f5da2dfa7f40b4274fed2d8eabfac2b27fc1ee1602a6829,0.8840596249992814,10942276.0,event_timing,2933760.0,8553312.0,4710240.0,0.4314392740318666,6207264.0,incumbent_base,423652.0,f8125b962ed136d6eb01fb22e3a791f181853c7e1cf0a3f038af20924254de0f,nan,,3.9814281532956293,0.0,0.0,5685.0,39816.066666666666,10.640227311922658,4710240.0,incumbent_base,0.0,0.0,C,3.9814281532956293,AI_VERIFIED,False
1686740.0,root1:batch_04,0,0,0,case_042,5,0.0,0.0,,nan,10187328.0,L1_base,1.1095387080004002,342520.0,2388964.0,7253568.0,aff923414108c2f13aa55367cba767010ff5c40d96ca0b8960320faf08f01907,1.0170002079994447,12576292.0,legacy_seed,2933760.0,6629376.0,0,0,0,A0_base,1686740.0,f35f4966ac43981337636f18e67e18fee96be9f4b487309d250c4a43d3057926,nan,,1.0,1344220.0,0.7969337301540249,5685.0,39816.066666666666,8.602557426566495,0.0,,0.0,0.0,A,4.924500759079762,AI_VERIFIED,False
1686740.0,root1:batch_04,0,0,0,case_042,5,0.0,0.0,,nan,10187328.0,L1_base,1.3453467910003383,342520.0,2388964.0,7253568.0,aff923414108c2f13aa55367cba767010ff5c40d96ca0b8960320faf08f01907,1.0460038750006788,12576292.0,legacy_seed,2933760.0,6629376.0,0,0,0,B0_base,1686740.0,f35f4966ac43981337636f18e67e18fee96be9f4b487309d250c4a43d3057926,nan,,1.0,1344220.0,0.7969337301540249,5685.0,39816.066666666666,8.602557426566495,0.0,,0.0,0.0,B,4.924500759079762,AI_VERIFIED,False
1686740.0,root1:batch_04,6196800.0,0.4937091284561551,6354720.0,case_042,5,5.0,6196800.0,event_timing_tid_1000000139_miss_5_bytes_30720_front,339457.0,10187328.0,event_timing_tid_1000000139_miss_5_bytes_30720_front,1.2631919579998794,339457.0,2388964.0,7253568.0,0bf405704a32b9b52a6c4902b5a5e458f6c1ce9d4dd6a88c44a2a11f40f8270e,1.2303336660006607,12576292.0,event_timing,2933760.0,10187328.0,6196800.0,0.4937091284561551,6354720.0,incumbent_base,339457.0,aff923414108c2f13aa55367cba767010ff5c40d96ca0b8960320faf08f01907,nan,,4.968935682575407,0.0,0.0,5685.0,39816.066666666666,8.525628682558633,6196800.0,incumbent_base,0.0,0.0,C,4.968935682575407,AI_VERIFIED,False
677656.0,root1:batch_13,0,0,0,case_043,1,0.0,0.0,,nan,49160.0,A0_base,nan,677656.0,1431122.0,0.0,eb75eae9a56d7695a0e7b26bfde3831bc157ae66177ca9f0293179f942412068,nan,1480282.0,,49160.0,49160.0,0,0,0,A0_base,677656.0,eb75eae9a56d7695a0e7b26bfde3831bc157ae66177ca9f0293179f942412068,nan,,1.0,0.0,0.0,27474.0,27474.0,24.66535633690034,0.0,,0.0,0.0,A,1.0,AI_VERIFIED,False
677656.0,root1:batch_13,0,0,0,case_043,1,0.0,0.0,,nan,530098.0,B3_base,5.41805445799946,657411.0,1431122.0,0.0,bdafda2e36e3ca1ee5379742c500c8041ccd4a4bbce58f38135953572a15e229,7.2311295839990635,1961220.0,seed,530098.0,49160.0,0,0,0,B0_base,677656.0,eb75eae9a56d7695a0e7b26bfde3831bc157ae66177ca9f0293179f942412068,nan,,1.0,20245.0,0.02987503984322429,27474.0,27474.0,23.92847783358812,0.0,,0.0,0.0,B,1.0307950429792017,AI_VERIFIED,False
677656.0,root1:batch_13,86788.0,0.04989421882904843,1652652.0,case_043,1,3.0,86788.0,incumbent_split_release_g3_p4,656100.0,530098.0,incumbent_split_release_g3_p4,4.888175041000068,656100.0,1431122.0,0.0,c2845e91a12d0242f2ce4ff01ee4b463e50ca9d5f862244831d3b2521fa04627,4.401745499999379,1961220.0,timing,530098.0,530098.0,86788.0,0.04989421882904843,1652652.0,incumbent_base,657372.0,bdafda2e36e3ca1ee5379742c500c8041ccd4a4bbce58f38135953572a15e229,nan,,1.0308561970999677,1272.0,0.0019349774556871907,27474.0,27474.0,23.88075999126447,86788.0,incumbent_split_release_g3_p4,0.0,0.0,C,1.032854747751867,AI_VERIFIED,False
677656.0,root1:batch_13,0,0,0,case_043,2,0.0,0.0,,nan,417800.0,A1_base,nan,347613.0,1431122.0,368640.0,ec327aaa1cbb170e5571f9500d9c029a2dfb2adc67f775bf2c0256d7fb3574b3,nan,1848922.0,,49160.0,49160.0,0,0,0,A0_base,677656.0,f6bdfe37a129816a64ceb7296c5141ae5d396332f3bac74bff8d66495d47386c,nan,,1.0,330043.0,0.4870361953557557,27474.0,27474.0,12.65243502948242,0.0,,0.0,0.0,A,1.9494552850440001,AI_VERIFIED,False
677656.0,root1:batch_13,0,0,0,case_043,2,0.0,0.0,,nan,417800.0,B1_base,nan,347613.0,1431122.0,368640.0,ec327aaa1cbb170e5571f9500d9c029a2dfb2adc67f775bf2c0256d7fb3574b3,nan,1848922.0,,49160.0,49160.0,0,0,0,B0_base,677656.0,f6bdfe37a129816a64ceb7296c5141ae5d396332f3bac74bff8d66495d47386c,nan,,1.0,330043.0,0.4870361953557557,27474.0,27474.0,12.65243502948242,0.0,,0.0,0.0,B,1.9494552850440001,AI_VERIFIED,False
677656.0,root1:batch_13,417792.0,0.22598107304661638,1431000.0,case_043,2,3.0,417792.0,incumbent_base,347613.0,417800.0,incumbent_base,nan,347613.0,1431122.0,368640.0,ec327aaa1cbb170e5571f9500d9c029a2dfb2adc67f775bf2c0256d7fb3574b3,nan,1848922.0,,49160.0,417800.0,417792.0,0.22598107304661638,1431000.0,incumbent_base,347613.0,ec327aaa1cbb170e5571f9500d9c029a2dfb2adc67f775bf2c0256d7fb3574b3,nan,,1.9494552850440001,0.0,0.0,27474.0,27474.0,12.65243502948242,417792.0,incumbent_base,0.0,0.0,C,1.9494552850440001,AI_VERIFIED,False
677656.0,root1:batch_13,0,0,0,case_043,3,0.0,0.0,,nan,141320.0,L1_base,2.0313949169994885,268777.0,1431122.0,92160.0,7e64642aacf76115e1456a3d1a6d62e043658dd796cb1e478481c8c94afc7b09,1.7940153750005265,1572442.0,legacy_seed,49160.0,49160.0,0,0,0,A0_base,677656.0,5c4870076b1a72285e72bbc285214a6811ae9a2c0add6b4b7627a7af6957723b,nan,,1.0,408879.0,0.6033725075849694,27474.0,27474.0,9.782958433427968,0.0,,0.0,0.0,A,2.521257399256633,AI_VERIFIED,False
677656.0,root1:batch_13,0,0,0,case_043,3,0.0,0.0,,nan,141320.0,L1_base,1.938412542000151,268777.0,1431122.0,92160.0,7e64642aacf76115e1456a3d1a6d62e043658dd796cb1e478481c8c94afc7b09,1.9715799579989834,1572442.0,legacy_seed,49160.0,49160.0,0,0,0,B0_base,677656.0,5c4870076b1a72285e72bbc285214a6811ae9a2c0add6b4b7627a7af6957723b,nan,,1.0,408879.0,0.6033725075849694,27474.0,27474.0,9.782958433427968,0.0,,0.0,0.0,B,2.521257399256633,AI_VERIFIED,False
677656.0,root1:batch_13,141312.0,0.08987529192679315,1431000.0,case_043,3,5.0,141312.0,incumbent_split_release_g0_p4,265478.0,141320.0,incumbent_split_release_g0_p4,1.7194301249983255,265478.0,1431122.0,92160.0,41dd7d59999d4f7c3d591abebf41b0616286a0b22cdad0a1aba906b9e7259b46,1.830005624999103,1572442.0,timing,49160.0,141320.0,141312.0,0.08987529192679315,1431000.0,incumbent_base,268777.0,7e64642aacf76115e1456a3d1a6d62e043658dd796cb1e478481c8c94afc7b09,nan,,2.521257399256633,3299.0,0.012274115716746596,27474.0,27474.0,9.662881269563952,417792.0,lower_core_base,0.0,0.0,C,2.5525881617309154,AI_VERIFIED,False
677656.0,root1:batch_13,0,0,0,case_043,4,0.0,0.0,,nan,141320.0,incumbent_base,nan,268777.0,1431122.0,92160.0,5feb2c64c20bfb7880feb07da6f3af1a2f4bf32e6c80e6e6f1c56b56e54dea5f,nan,1572442.0,,49160.0,49160.0,0,0,0,A0_base,677656.0,d4657fd4e8147a6baa5c3d870a3cb7bfe5f537a54138d6b6ffa1eb07155b93d2,nan,,1.0,408879.0,0.6033725075849694,27474.0,27474.0,9.782958433427968,0.0,,0.0,0.0,A,2.521257399256633,AI_VERIFIED,False
677656.0,root1:batch_13,0,0,0,case_043,4,0.0,0.0,,nan,431104.0,B1_base,nan,295497.0,1431122.0,414720.0,0c267ede39faf8e8d557e05ca8c16d724ec5ce55638c23c5346db7dd62ba14b5,nan,1862226.0,,16384.0,49160.0,0,0,0,B0_base,677656.0,d4657fd4e8147a6baa5c3d870a3cb7bfe5f537a54138d6b6ffa1eb07155b93d2,nan,,1.0,382159.0,0.563942472286824,27474.0,27474.0,10.755514304433282,0.0,,0.0,0.0,B,2.293275397042948,AI_VERIFIED,False
677656.0,root1:batch_13,348160.0,0.1869716986198378,1513940.0,case_043,4,3.0,348160.0,incumbent_base,295497.0,431104.0,incumbent_base,nan,295497.0,1431122.0,414720.0,0c267ede39faf8e8d557e05ca8c16d724ec5ce55638c23c5346db7dd62ba14b5,nan,1862226.0,,16384.0,431104.0,348160.0,0.1869716986198378,1513940.0,incumbent_base,295497.0,0c267ede39faf8e8d557e05ca8c16d724ec5ce55638c23c5346db7dd62ba14b5,nan,,2.293275397042948,0.0,0.0,27474.0,27474.0,10.755514304433282,381952.0,incumbent_split_height_g2_p4,0.0,0.0,C,2.293275397042948,AI_VERIFIED,False
677656.0,root1:batch_13,0,0,0,case_043,5,0.0,0.0,,nan,431104.0,A1_base,nan,295497.0,1431122.0,414720.0,90918f5c1d80b92116aeb176d0cfeec193255eb5c75e9562f75bc72d81dbde0f,nan,1862226.0,,16384.0,49160.0,0,0,0,A0_base,677656.0,13e6612a6ef8e3983befa1db689d1b565e8f779a0ad62df3b28bfad55cdd9b67,nan,,1.0,382159.0,0.563942472286824,27474.0,27474.0,10.755514304433282,0.0,,0.0,0.0,A,2.293275397042948,AI_VERIFIED,False
677656.0,root1:batch_13,0,0,0,case_043,5,0.0,0.0,,nan,431104.0,B1_base,nan,295497.0,1431122.0,414720.0,90918f5c1d80b92116aeb176d0cfeec193255eb5c75e9562f75bc72d81dbde0f,nan,1862226.0,,16384.0,49160.0,0,0,0,B0_base,677656.0,13e6612a6ef8e3983befa1db689d1b565e8f779a0ad62df3b28bfad55cdd9b67,nan,,1.0,382159.0,0.563942472286824,27474.0,27474.0,10.755514304433282,0.0,,0.0,0.0,B,2.293275397042948,AI_VERIFIED,False
677656.0,root1:batch_13,348160.0,0.1869716986198378,1513940.0,case_043,5,3.0,348160.0,incumbent_base,295497.0,431104.0,incumbent_base,nan,295497.0,1431122.0,414720.0,90918f5c1d80b92116aeb176d0cfeec193255eb5c75e9562f75bc72d81dbde0f,nan,1862226.0,,16384.0,431104.0,348160.0,0.1869716986198378,1513940.0,incumbent_base,295497.0,90918f5c1d80b92116aeb176d0cfeec193255eb5c75e9562f75bc72d81dbde0f,nan,,2.293275397042948,0.0,0.0,27474.0,27474.0,10.755514304433282,381952.0,incumbent_split_height_g2_p4,0.0,0.0,C,2.293275397042948,AI_VERIFIED,False
154407.0,root1:batch_14,0,0,0,case_044,1,0.0,0.0,,nan,109824.0,A3_base,0.22240870899986476,96408.0,975456.0,109824.0,ed8907d6b63d548f0bee7f5780ce814c1a02247a53b949b6712598ab111e6dc4,0.18088429199997336,1085280.0,seed,0.0,4438112.0,0,0,0,A0_base,154407.0,b23a4835c93b4a4159ec4b33854f7a05c46a07b1cd8f3ea36657be61f0d580bc,nan,,1.0,57999.0,0.37562416211700245,7672.0,16257.6,5.930026572187777,0.0,,0.0,0.0,A,1.6015994523276076,AI_VERIFIED,False
154407.0,root1:batch_14,0,0,0,case_044,1,0.0,0.0,,nan,0.0,B2_base,0.29018220900070446,88538.0,975456.0,0.0,ed8907d6b63d548f0bee7f5780ce814c1a02247a53b949b6712598ab111e6dc4,0.28495345800001814,975456.0,seed,0.0,4438112.0,0,0,0,B0_base,154407.0,b23a4835c93b4a4159ec4b33854f7a05c46a07b1cd8f3ea36657be61f0d580bc,nan,,1.0,65869.0,0.42659335392825454,7672.0,16257.6,5.445945280976281,0.0,,0.0,0.0,B,1.7439630441166505,AI_VERIFIED,False
154407.0,root1:batch_14,0.0,0.0,952928.0,case_044,1,1.0,4408416.0,C0_base,107814.0,0.0,incumbent_base,nan,88538.0,975456.0,0.0,ed8907d6b63d548f0bee7f5780ce814c1a02247a53b949b6712598ab111e6dc4,nan,975456.0,,0.0,0.0,0.0,0.0,952928.0,incumbent_base,88538.0,ed8907d6b63d548f0bee7f5780ce814c1a02247a53b949b6712598ab111e6dc4,nan,,1.7439630441166505,0.0,0.0,7672.0,16257.6,5.445945280976281,4408416.0,C0_base,0.0,0.0,C,1.7439630441166505,AI_VERIFIED,True
154407.0,root1:batch_14,0,0,0,case_044,2,0.0,0.0,,nan,109824.0,incumbent_base,nan,96408.0,975456.0,109824.0,b958b0037d674074e0670343bd7e374a71abe65542e3ce50095bf6aad2ae90d7,nan,1085280.0,,0.0,4438112.0,0,0,0,A0_base,154407.0,90fbf97c919247b09ce27ad815a1631a16ebe971045b5f5d1cb8594024950340,nan,,1.0,57999.0,0.37562416211700245,7672.0,16257.6,5.930026572187777,0.0,,0.0,0.0,A,1.6015994523276076,AI_VERIFIED,False
154407.0,root1:batch_14,0,0,0,case_044,2,0.0,0.0,,nan,120384.0,B2_base,0.3179453749999084,68899.0,975456.0,120384.0,6b2efbfb4828b4d7100d3b7446a7fda39d48c644e152faa245e6aef32b7c7f8e,0.2578854589992261,1095840.0,seed,0.0,4438112.0,0,0,0,B0_base,154407.0,90fbf97c919247b09ce27ad815a1631a16ebe971045b5f5d1cb8594024950340,nan,,1.0,85508.0,0.5537831834048974,7672.0,16257.6,4.237956401928944,0.0,,0.0,0.0,B,2.2410630052685816,AI_VERIFIED,False
154407.0,root1:batch_14,576.0,0.0005660911406736484,1016928.0,case_044,2,4.0,576.0,r9_capacity_g1_front,67862.0,128576.0,r9_capacity_g1_front,0.26829754100072023,67862.0,975456.0,128576.0,4a30e5fe3d680d6fa9b0d9288d17e3b67dcf2b421be68f35a29b380f363ed59d,0.28171545900113415,1104032.0,ordinary_chain,0.0,120384.0,576.0,0.000568379172061006,1012832.0,incumbent_base,68899.0,6b2efbfb4828b4d7100d3b7446a7fda39d48c644e152faa245e6aef32b7c7f8e,nan,,2.2410630052685816,1037.0,0.015051016705612564,7672.0,16257.6,4.174170849325853,4408416.0,C0_base,0.0,0.0,C,2.2753087147446287,AI_VERIFIED,False
154407.0,root1:batch_14,0,0,0,case_044,3,0.0,0.0,,nan,109824.0,incumbent_base,nan,96408.0,975456.0,109824.0,a4dfb2a6301745f8ca8273fc99a58b2f9d5ca09369729ac9c66ea6a61c659d50,nan,1085280.0,,0.0,4438112.0,0,0,0,A0_base,154407.0,8388624ecaa697fc500f95021d6e7013d393463f53ba7dead853ceef6d7a2ecf,nan,,1.0,57999.0,0.37562416211700245,7672.0,16257.6,5.930026572187777,0.0,,0.0,0.0,A,1.6015994523276076,AI_VERIFIED,False
154407.0,root1:batch_14,0,0,0,case_044,3,0.0,0.0,,nan,120384.0,incumbent_base,nan,68899.0,975456.0,120384.0,8f98584e9c255c7eb9323cf093daef66d1317e3113f7baf872ca25ce61c35798,nan,1095840.0,,0.0,4438112.0,0,0,0,B0_base,154407.0,8388624ecaa697fc500f95021d6e7013d393463f53ba7dead853ceef6d7a2ecf,nan,,1.0,85508.0,0.5537831834048974,7672.0,16257.6,4.237956401928944,0.0,,0.0,0.0,B,2.2410630052685816,AI_VERIFIED,False
154407.0,root1:batch_14,576.0,0.0005660911406736484,1016928.0,case_044,3,4.0,576.0,lower_core_base,67862.0,128576.0,lower_core_base,0.25031741699967824,67862.0,975456.0,128576.0,5d776b4d94fc7639b94a15b196bfb502b5b65065b4fe2fa8d0300a69b8f86a42,0.25121212500016554,1104032.0,lower_core,0.0,120384.0,576.0,0.000568379172061006,1012832.0,incumbent_base,68899.0,8f98584e9c255c7eb9323cf093daef66d1317e3113f7baf872ca25ce61c35798,nan,,2.2410630052685816,1037.0,0.015051016705612564,7672.0,16257.6,4.174170849325853,4408416.0,C0_base,0.0,0.0,C,2.2753087147446287,AI_VERIFIED,False
154407.0,root1:batch_14,0,0,0,case_044,4,0.0,0.0,,nan,1017696.0,r6_split_g2_h0_c2_p0,0.16521204200034845,69401.0,975456.0,1017696.0,31d6d4aa21f755150e96ef3203b70b0e59d3194839ecac7260e0af384ff343bc,0.11123749999933352,1993152.0,ordinary_chain,0.0,4438112.0,0,0,0,A0_base,154407.0,238ac369e0d2fb588de3fdc4d00902bff3ac4a766ac51b9f1100fe123fc6f3c3,nan,,1.0,85006.0,0.5505320354647134,7672.0,16257.6,4.268834268280681,0.0,,0.0,0.0,A,2.2248526678289937,AI_VERIFIED,False
154407.0,root1:batch_14,0,0,0,case_044,4,0.0,0.0,,nan,120384.0,incumbent_base,nan,68899.0,975456.0,120384.0,86bfe359ff0ffc4c9c4594a325a1d71875fbe86b80f86152539bfe311df27d05,nan,1095840.0,,0.0,4438112.0,0,0,0,B0_base,154407.0,238ac369e0d2fb588de3fdc4d00902bff3ac4a766ac51b9f1100fe123fc6f3c3,nan,,1.0,85508.0,0.5537831834048974,7672.0,16257.6,4.237956401928944,0.0,,0.0,0.0,B,2.2410630052685816,AI_VERIFIED,False
154407.0,root1:batch_14,576.0,0.0005660911406736484,1016928.0,case_044,4,4.0,576.0,lower_core_base,67862.0,128576.0,lower_core_base,0.23003725000125996,67862.0,975456.0,128576.0,8c065935d9d0abcae4e5059bca8e3baf1f82e1f7b2dff9b62b25674c6878ab8a,0.20739487500031828,1104032.0,lower_core,0.0,120384.0,576.0,0.000568379172061006,1012832.0,incumbent_base,68899.0,86bfe359ff0ffc4c9c4594a325a1d71875fbe86b80f86152539bfe311df27d05,nan,,2.2410630052685816,1037.0,0.015051016705612564,7672.0,16257.6,4.174170849325853,4408416.0,C0_base,0.0,0.0,C,2.2753087147446287,AI_VERIFIED,False
154407.0,root1:batch_14,0,0,0,case_044,5,0.0,0.0,,nan,1017696.0,incumbent_base,nan,69401.0,975456.0,1017696.0,3adf532f7ec6a66edd40b41b535b5e9424cda429725a04c2e23ef88ae8f10aff,nan,1993152.0,,0.0,4438112.0,0,0,0,A0_base,154407.0,319bb8d783f776ffa6fa3964f76c1a2ff5e6ccc6d9403c48fed370662de80fbe,nan,,1.0,85006.0,0.5505320354647134,7672.0,16257.6,4.268834268280681,0.0,,0.0,0.0,A,2.2248526678289937,AI_VERIFIED,False
154407.0,root1:batch_14,0,0,0,case_044,5,0.0,0.0,,nan,120384.0,incumbent_base,nan,68899.0,975456.0,120384.0,025b35b496873c94ceec1c3c803764356631b39fd972b92ef35fb9d33cd440a8,nan,1095840.0,,0.0,4438112.0,0,0,0,B0_base,154407.0,319bb8d783f776ffa6fa3964f76c1a2ff5e6ccc6d9403c48fed370662de80fbe,nan,,1.0,85508.0,0.5537831834048974,7672.0,16257.6,4.237956401928944,0.0,,0.0,0.0,B,2.2410630052685816,AI_VERIFIED,False
154407.0,root1:batch_14,0.0,0.0,1024736.0,case_044,5,4.0,576.0,lower_core_base,67862.0,143616.0,r10_boundary_n71_c2_p0,0.19328679200043553,63439.0,975456.0,143616.0,58e7d664b9cfc6cccb954706df6e414c9ae53744c5be119bd5237f1d96dff3eb,0.1703750000015134,1119072.0,ordinary_chain,0.0,120384.0,576.0,0.000568379172061006,1012832.0,incumbent_base,68899.0,025b35b496873c94ceec1c3c803764356631b39fd972b92ef35fb9d33cd440a8,nan,,2.2410630052685816,5460.0,0.07924643318480674,7672.0,16257.6,3.9021134730833578,4408416.0,C0_base,0.0,0.0,C,2.4339444190482196,AI_VERIFIED,True
125614.0,root1:batch_06,0,0,0,case_045,1,0.0,0.0,,nan,0.0,A0_base,nan,125614.0,557056.0,0.0,816f90d0779e0c3ebac9f25935ebab5434272b6902bef41fda2bb061e27a7432,nan,557056.0,,0.0,0.0,0,0,0,A0_base,125614.0,816f90d0779e0c3ebac9f25935ebab5434272b6902bef41fda2bb061e27a7432,nan,,1.0,0.0,0.0,1824.0,9284.266666666666,13.529770795036764,0.0,,0.0,0.0,A,1.0,AI_VERIFIED,False
125614.0,root1:batch_06,0,0,0,case_045,1,0.0,0.0,,nan,0.0,B0_base,nan,125614.0,557056.0,0.0,816f90d0779e0c3ebac9f25935ebab5434272b6902bef41fda2bb061e27a7432,nan,557056.0,,0.0,0.0,0,0,0,B0_base,125614.0,816f90d0779e0c3ebac9f25935ebab5434272b6902bef41fda2bb061e27a7432,nan,,1.0,0.0,0.0,1824.0,9284.266666666666,13.529770795036764,0.0,,0.0,0.0,B,1.0,AI_VERIFIED,False
125614.0,root1:batch_06,0.0,0.0,278528.0,case_045,1,0.0,0.0,,nan,0.0,incumbent_base,0.3585090830001718,125614.0,557056.0,0.0,816f90d0779e0c3ebac9f25935ebab5434272b6902bef41fda2bb061e27a7432,0.3153065839996998,557056.0,incumbent,0.0,0.0,0.0,0.0,278528.0,incumbent_base,125614.0,816f90d0779e0c3ebac9f25935ebab5434272b6902bef41fda2bb061e27a7432,0.3153065839996998,incumbent,1.0,0.0,0.0,1824.0,9284.266666666666,13.529770795036764,0.0,,0.0,0.0,C,1.0,AI_VERIFIED,False
125614.0,root1:batch_06,0,0,0,case_045,2,0.0,0.0,,nan,0.0,A1_base,nan,63059.0,557056.0,0.0,acc6319873b2b5a0521e7d29f5d26127ed7fd4492f86c0a324ceecb0e2b89191,nan,557056.0,,0.0,0.0,0,0,0,A0_base,125614.0,e79a743f33fbc3897fe61799c832c20eff01a35dca0453f07a18dda90e7a43f0,nan,,1.0,62555.0,0.49799385418822745,1824.0,9284.266666666666,6.792028090533089,0.0,,0.0,0.0,A,1.99200748505368,AI_VERIFIED,False
125614.0,root1:batch_06,0,0,0,case_045,2,0.0,0.0,,nan,0.0,B1_base,nan,63059.0,557056.0,0.0,acc6319873b2b5a0521e7d29f5d26127ed7fd4492f86c0a324ceecb0e2b89191,nan,557056.0,,0.0,0.0,0,0,0,B0_base,125614.0,e79a743f33fbc3897fe61799c832c20eff01a35dca0453f07a18dda90e7a43f0,nan,,1.0,62555.0,0.49799385418822745,1824.0,9284.266666666666,6.792028090533089,0.0,,0.0,0.0,B,1.99200748505368,AI_VERIFIED,False
125614.0,root1:batch_06,4096.0,0.014285714285714285,282624.0,case_045,2,1.0,4096.0,incumbent_disperse_tid_1000000050_node_49_core_1_pos_0,63052.0,12288.0,incumbent_disperse_tid_1000000050_node_49_core_1_pos_0,0.2965662919996248,63052.0,557056.0,12288.0,1919d5c47ec8ea1caaef27c7cddc25afe580b44c95c69e4215bab978056fa1bf,0.2668158329997823,569344.0,disperse,0.0,0.0,0.0,0.0,278528.0,incumbent_base,63059.0,acc6319873b2b5a0521e7d29f5d26127ed7fd4492f86c0a324ceecb0e2b89191,nan,,1.99200748505368,7.0,0.0001110071520322238,1824.0,9284.266666666666,6.7912741268382355,4096.0,incumbent_disperse_tid_1000000050_node_49_core_1_pos_0,0.0,0.0,C,1.9922286366808348,AI_VERIFIED,False
125614.0,root1:batch_06,0,0,0,case_045,3,0.0,0.0,,nan,0.0,A1_base,nan,42601.0,557056.0,0.0,6248d0ba6ee39b3a271e1a130cf71a7d8973585df8f98913d661f4a0f6b644c4,nan,557056.0,,0.0,0.0,0,0,0,A0_base,125614.0,957500d1e2105da17a03b7e44fbc88c0dfeec7aa3b8bf4683813a513353bb4cc,nan,,1.0,83013.0,0.6608578661614152,1824.0,9284.266666666666,4.5885153377757355,0.0,,0.0,0.0,A,2.94861622966597,AI_VERIFIED,False
125614.0,root1:batch_06,0,0,0,case_045,3,0.0,0.0,,nan,0.0,B1_base,nan,42601.0,557056.0,0.0,6248d0ba6ee39b3a271e1a130cf71a7d8973585df8f98913d661f4a0f6b644c4,nan,557056.0,,0.0,0.0,0,0,0,B0_base,125614.0,957500d1e2105da17a03b7e44fbc88c0dfeec7aa3b8bf4683813a513353bb4cc,nan,,1.0,83013.0,0.6608578661614152,1824.0,9284.266666666666,4.5885153377757355,0.0,,0.0,0.0,B,2.94861622966597,AI_VERIFIED,False
125614.0,root1:batch_06,0.0,0.0,278528.0,case_045,3,1.0,4096.0,lower_core_base,63052.0,0.0,incumbent_base,nan,42601.0,557056.0,0.0,6248d0ba6ee39b3a271e1a130cf71a7d8973585df8f98913d661f4a0f6b644c4,nan,557056.0,,0.0,0.0,0.0,0.0,278528.0,incumbent_base,42601.0,6248d0ba6ee39b3a271e1a130cf71a7d8973585df8f98913d661f4a0f6b644c4,nan,,2.94861622966597,0.0,0.0,1824.0,9284.266666666666,4.5885153377757355,4096.0,lower_core_base,0.0,0.0,C,2.94861622966597,AI_VERIFIED,True
125614.0,root1:batch_06,0,0,0,case_045,4,0.0,0.0,,nan,0.0,A1_base,nan,31878.0,557056.0,0.0,d71488bbd422a890d178641c2717980679f929b0e048a61f1ed20d16a2c3300c,nan,557056.0,,0.0,0.0,0,0,0,A0_base,125614.0,dd776653000e5571693829db4f165c5ed396c04848b6dd497e82c19be99158ff,nan,,1.0,93736.0,0.7462225548107695,1824.0,9284.266666666666,3.4335506663602944,0.0,,0.0,0.0,A,3.940460505677897,AI_VERIFIED,False
125614.0,root1:batch_06,0,0,0,case_045,4,0.0,0.0,,nan,0.0,B1_base,nan,31878.0,557056.0,0.0,d71488bbd422a890d178641c2717980679f929b0e048a61f1ed20d16a2c3300c,nan,557056.0,,0.0,0.0,0,0,0,B0_base,125614.0,dd776653000e5571693829db4f165c5ed396c04848b6dd497e82c19be99158ff,nan,,1.0,93736.0,0.7462225548107695,1824.0,9284.266666666666,3.4335506663602944,0.0,,0.0,0.0,B,3.940460505677897,AI_VERIFIED,False
125614.0,root1:batch_06,0.0,0.0,278528.0,case_045,4,0.0,0.0,,nan,0.0,incumbent_base,nan,31878.0,557056.0,0.0,d71488bbd422a890d178641c2717980679f929b0e048a61f1ed20d16a2c3300c,nan,557056.0,,0.0,0.0,0.0,0.0,278528.0,incumbent_base,31878.0,d71488bbd422a890d178641c2717980679f929b0e048a61f1ed20d16a2c3300c,nan,,3.940460505677897,0.0,0.0,1824.0,9284.266666666666,3.4335506663602944,0.0,,0.0,0.0,C,3.940460505677897,AI_VERIFIED,False
125614.0,root1:batch_06,0,0,0,case_045,5,0.0,0.0,,nan,0.0,A1_base,nan,26164.0,557056.0,0.0,8892054d205d54186ccd74db2aa52d2fa58141db30c4bc3e2246e9443c1349f0,nan,557056.0,,0.0,0.0,0,0,0,A0_base,125614.0,c3bc7b08bb5a6c60aadbec6508150ede658f03b0828fccc8b1dc2d0aec568b65,nan,,1.0,99450.0,0.7917111150031048,1824.0,9284.266666666666,2.818100873161765,0.0,,0.0,0.0,A,4.801024308209754,AI_VERIFIED,False
125614.0,root1:batch_06,0,0,0,case_045,5,0.0,0.0,,nan,0.0,B1_base,nan,26164.0,557056.0,0.0,8892054d205d54186ccd74db2aa52d2fa58141db30c4bc3e2246e9443c1349f0,nan,557056.0,,0.0,0.0,0,0,0,B0_base,125614.0,c3bc7b08bb5a6c60aadbec6508150ede658f03b0828fccc8b1dc2d0aec568b65,nan,,1.0,99450.0,0.7917111150031048,1824.0,9284.266666666666,2.818100873161765,0.0,,0.0,0.0,B,4.801024308209754,AI_VERIFIED,False
125614.0,root1:batch_06,0.0,0.0,278528.0,case_045,5,0.0,0.0,,nan,0.0,incumbent_base,nan,26164.0,557056.0,0.0,8892054d205d54186ccd74db2aa52d2fa58141db30c4bc3e2246e9443c1349f0,nan,557056.0,,0.0,0.0,0.0,0.0,278528.0,incumbent_base,26164.0,8892054d205d54186ccd74db2aa52d2fa58141db30c4bc3e2246e9443c1349f0,nan,,4.801024308209754,0.0,0.0,1824.0,9284.266666666666,2.818100873161765,0.0,,0.0,0.0,C,4.801024308209754,AI_VERIFIED,False
276455.0,root1:batch_12,0,0,0,case_046,1,0.0,0.0,,nan,319488.0,A3_base,0.11095162499987055,233586.0,1061472.0,319488.0,5af3bdb2002fb1f22eee7b2acebb4f519e815408f9f9784e6f17c20caea9d0e4,0.10730841600161511,1380960.0,seed,0.0,3176288.0,0,0,0,A0_base,276455.0,857503d10ef18ef2bd83df97b4d5f4601322b93ebd1bc48a48f5ab10454fa15f,nan,,1.0,42869.0,0.1550668282360601,28456.0,28456.0,8.208673039077874,0.0,,0.0,0.0,A,1.1835255537575027,AI_VERIFIED,False
276455.0,root1:batch_12,0,0,0,case_046,1,0.0,0.0,,nan,163840.0,B2_base,0.16621499999928346,226233.0,1061472.0,0.0,5af3bdb2002fb1f22eee7b2acebb4f519e815408f9f9784e6f17c20caea9d0e4,0.11717495800075994,1225312.0,seed,163840.0,3176288.0,0,0,0,B0_base,276455.0,857503d10ef18ef2bd83df97b4d5f4601322b93ebd1bc48a48f5ab10454fa15f,nan,,1.0,50222.0,0.18166428532672588,28456.0,28456.0,7.950274107393871,0.0,,0.0,0.0,B,1.2219923706974667,AI_VERIFIED,False
276455.0,root1:batch_12,0.0,0.0,1077856.0,case_046,1,1.0,3120992.0,C0_base,244994.0,163840.0,incumbent_base,nan,226233.0,1061472.0,0.0,5af3bdb2002fb1f22eee7b2acebb4f519e815408f9f9784e6f17c20caea9d0e4,nan,1225312.0,,163840.0,163840.0,0.0,0.0,1077856.0,incumbent_base,226233.0,5af3bdb2002fb1f22eee7b2acebb4f519e815408f9f9784e6f17c20caea9d0e4,nan,,1.2219923706974667,0.0,0.0,28456.0,28456.0,7.950274107393871,3120992.0,C0_base,0.0,0.0,C,1.2219923706974667,AI_VERIFIED,True
276455.0,root1:batch_12,0,0,0,case_046,2,0.0,0.0,,nan,4513952.0,A2_base,0.1282334589996026,160984.0,1061472.0,2791200.0,94b6dc68fd8c1929a7316f70fb16f5af6f4ed7ad26fcd2d4ef879e6d8480bb07,0.10867004200008523,5575424.0,seed,1722752.0,3176288.0,0,0,0,A0_base,276455.0,7b7efae5aaf2766d85ac0df7e80532faea66a2aba0b6df0ecf5d4de36e7f34b0,nan,,1.0,115471.0,0.41768461413249897,28456.0,28456.0,5.657295473713804,0.0,,0.0,0.0,A,1.7172824628534513,AI_VERIFIED,False
276455.0,root1:batch_12,0,0,0,case_046,2,0.0,0.0,,nan,3521632.0,B1_base,nan,166578.0,1061472.0,930400.0,f10584105d60625c3118ab606b1a529b1aeafc2683c2c0a3b77b05c6453bf917,nan,4583104.0,,2591232.0,3176288.0,0,0,0,B0_base,276455.0,7b7efae5aaf2766d85ac0df7e80532faea66a2aba0b6df0ecf5d4de36e7f34b0,nan,,1.0,109877.0,0.39744985621529727,28456.0,28456.0,5.853879673882485,0.0,,0.0,0.0,B,1.6596129140702853,AI_VERIFIED,False
276455.0,root1:batch_12,2207872.0,0.6758085685740592,1059136.0,case_046,2,3.0,2207872.0,incumbent_split_height_g0_p4,125148.0,2316128.0,incumbent_split_height_g0_p4,0.12930229199992027,125148.0,1061472.0,930400.0,9ab16e3ef41e642edb0797fc0f06f0524d360bc0a18d369442d39fc7204fd5f2,0.12695950000124867,3377600.0,timing,1385728.0,3521632.0,2591232.0,0.573590037825662,1926336.0,incumbent_base,137552.0,f10584105d60625c3118ab606b1a529b1aeafc2683c2c0a3b77b05c6453bf917,nan,,2.00982174014191,12404.0,0.09017680586251017,28456.0,28456.0,4.397947708743323,3120992.0,C0_base,0.0,0.0,C,2.2090245149742707,AI_VERIFIED,False
276455.0,root1:batch_12,0,0,0,case_046,3,0.0,0.0,,nan,4021280.0,A1_base,nan,142176.0,1061472.0,1860800.0,8393e601f39375af85dc8e1cb63260b7a19911f2b8e4d25df29efeeb6555f49e,nan,5082752.0,,2160480.0,3176288.0,0,0,0,A0_base,276455.0,47700943ce8eab334f34da83bcf7a91854437662a3ad61ecc0ee3dadcd34cb7c,nan,,1.0,134279.0,0.4857173861930513,28456.0,28456.0,4.996345234748383,0.0,,0.0,0.0,A,1.9444561670042764,AI_VERIFIED,False
276455.0,root1:batch_12,0,0,0,case_046,3,0.0,0.0,,nan,4021280.0,B1_base,nan,142176.0,1061472.0,1860800.0,8393e601f39375af85dc8e1cb63260b7a19911f2b8e4d25df29efeeb6555f49e,nan,5082752.0,,2160480.0,3176288.0,0,0,0,B0_base,276455.0,47700943ce8eab334f34da83bcf7a91854437662a3ad61ecc0ee3dadcd34cb7c,nan,,1.0,134279.0,0.4857173861930513,28456.0,28456.0,4.996345234748383,0.0,,0.0,0.0,B,1.9444561670042764,AI_VERIFIED,False
276455.0,root1:batch_12,2134112.0,0.5109325202255455,2042784.0,case_046,3,4.0,2134112.0,incumbent_split_height_g0_p4,106079.0,3205536.0,incumbent_split_height_g0_p4,0.13890779199937242,106079.0,1061472.0,1860800.0,511eab2d4ee3d8401dd5794a37c96e6a96e3ae8cd61e011349a5360f58e64101,0.14235004199872492,4267008.0,timing,1344736.0,4021280.0,2160480.0,0.4306133122432839,2856736.0,incumbent_base,121494.0,8393e601f39375af85dc8e1cb63260b7a19911f2b8e4d25df29efeeb6555f49e,nan,,2.275462162740547,15415.0,0.12687869359803777,28456.0,28456.0,3.727825414675288,3120992.0,C0_base,0.0,0.0,C,2.6061237379688724,AI_VERIFIED,False
276455.0,root1:batch_12,0,0,0,case_046,4,0.0,0.0,,nan,4513952.0,A1_base,nan,124612.0,1061472.0,2791200.0,00ee7cfb9e9e92f3e908568e23fb8e1663d0da6098ce060086fe6d1433905694,nan,5575424.0,,1722752.0,3176288.0,0,0,0,A0_base,276455.0,e16b319aa377503b3ec579be063aa95337a1ea1595dc96fd7e92f82c9413f007,nan,,1.0,151843.0,0.5492503300718019,28456.0,28456.0,4.379111610908069,0.0,,0.0,0.0,A,2.218526305652746,AI_VERIFIED,False
276455.0,root1:batch_12,0,0,0,case_046,4,0.0,0.0,,nan,4513952.0,B1_base,nan,124612.0,1061472.0,2791200.0,00ee7cfb9e9e92f3e908568e23fb8e1663d0da6098ce060086fe6d1433905694,nan,5575424.0,,1722752.0,3176288.0,0,0,0,B0_base,276455.0,e16b319aa377503b3ec579be063aa95337a1ea1595dc96fd7e92f82c9413f007,nan,,1.0,151843.0,0.5492503300718019,28456.0,28456.0,4.379111610908069,0.0,,0.0,0.0,B,2.218526305652746,AI_VERIFIED,False
276455.0,root1:batch_12,1673632.0,0.32376300753369114,3495680.0,case_046,4,4.0,1673632.0,incumbent_split_height_g0_p2,98844.0,4189760.0,incumbent_split_height_g0_p2,0.14201937500001804,98844.0,1061472.0,2791200.0,52ff6ef9f3cd2d2abafcdda3a9e2a956e0b1b86f545d04155d202d346868488b,0.11071683299996948,5251232.0,timing,1398560.0,4513952.0,1722752.0,0.3126655206058635,3787136.0,incumbent_base,105932.0,00ee7cfb9e9e92f3e908568e23fb8e1663d0da6098ce060086fe6d1433905694,nan,,2.6097402107012044,7088.0,0.06691084846882905,28456.0,28456.0,3.4735732358729265,3120992.0,C0_base,0.0,0.0,C,2.796881955404476,AI_VERIFIED,False
276455.0,root1:batch_12,0,0,0,case_046,5,0.0,0.0,,nan,4646464.0,r1_split_g0_h0_c3_p0,0.11813354199875903,108698.0,1061472.0,3785088.0,0af0721cf222063a243d9018c7977f77d005073c151e128a7085f0bb6438c50a,0.1210764579991519,5707936.0,capacity_representative,861376.0,3176288.0,0,0,0,A0_base,276455.0,18b73c0ef4b6986171e2adacce2b519e512ea90db74f739605d321d2d3a5b094,nan,,1.0,167757.0,0.6068148523267801,28456.0,28456.0,3.819862243463593,0.0,,0.0,0.0,A,2.5433310640490165,AI_VERIFIED,False
276455.0,root1:batch_12,0,0,0,case_046,5,0.0,0.0,,nan,4158144.0,r1_split_g0_h1_c4_p1,0.1272754999990866,117204.0,1061472.0,3296768.0,25dae1c74b325b42132d20a383108da76dc06d79832ca6e109b9b483cb93c188,0.12456112499967276,5219616.0,capacity_representative,861376.0,3176288.0,0,0,0,B0_base,276455.0,18b73c0ef4b6986171e2adacce2b519e512ea90db74f739605d321d2d3a5b094,nan,,1.0,159251.0,0.5760467345499267,28456.0,28456.0,4.118779870677537,0.0,,0.0,0.0,B,2.3587505545885805,AI_VERIFIED,False
276455.0,root1:batch_12,1673632.0,0.32376300753369114,3495680.0,case_046,5,5.0,1673632.0,lower_core_base,98844.0,4189760.0,lower_core_base,nan,98844.0,1061472.0,2791200.0,2f796df7379b934c10e5383f147ccaff0fefb9072dabf823d94ed1f93192591c,nan,5251232.0,,1398560.0,4158144.0,1180480.0,0.230457353832314,3941856.0,incumbent_base,103554.0,25dae1c74b325b42132d20a383108da76dc06d79832ca6e109b9b483cb93c188,nan,,2.6696699306641944,4710.0,0.045483515846804566,28456.0,28456.0,3.4735732358729265,3120992.0,C0_base,0.0,0.0,C,2.796881955404476,AI_VERIFIED,False
326508.0,root1:batch_16,0,0,0,case_047,1,0.0,0.0,,nan,257106.0,L3_base,3.231422875000135,324416.0,463942.0,257106.0,e551da41f8674689b4be21aa51835e1f2cc6e07f746139b58c18be5c073c2ac4,3.2161432079992665,721048.0,legacy_seed,0.0,0.0,0,0,0,A0_base,326508.0,9f686d6fe9cb4664629d51ef1bdb2181b4df150b7646feadcdebe974cbc607eb,nan,,1.0,2092.0,0.0064071936981635975,19990.0,19990.0,16.228914457228615,0.0,,0.0,0.0,A,1.00644851055435,AI_VERIFIED,False
326508.0,root1:batch_16,0,0,0,case_047,1,0.0,0.0,,nan,0.0,B2_base,6.9263252500004455,323597.0,463942.0,0.0,cc071209560ebe7344ad93081f971d1a0b7ab10318cfc5f0dcffebb664d0eda1,9.245065250001062,463942.0,seed,0.0,0.0,0,0,0,B0_base,326508.0,9f686d6fe9cb4664629d51ef1bdb2181b4df150b7646feadcdebe974cbc607eb,nan,,1.0,2911.0,0.008915554902176976,19990.0,19990.0,16.187943971985995,0.0,,0.0,0.0,B,1.008995757068205,AI_VERIFIED,False
326508.0,root1:batch_16,0.0,0.0,457286.0,case_047,1,0.0,0.0,,nan,0.0,incumbent_split_release_g2_p4,7.171558542000639,322738.0,463942.0,0.0,21922ba2bf4bbd93117bbbb53749231c9009fc80b3d3f1de7fd1191701f3de31,7.436940333000166,463942.0,timing,0.0,0.0,0.0,0.0,457286.0,incumbent_base,323597.0,cc071209560ebe7344ad93081f971d1a0b7ab10318cfc5f0dcffebb664d0eda1,nan,,1.008995757068205,859.0,0.002654536352314762,19990.0,19990.0,16.144972486243123,0.0,,0.0,0.0,C,1.0116813018609523,AI_VERIFIED,False
326508.0,root1:batch_16,0,0,0,case_047,2,0.0,0.0,,nan,257106.0,incumbent_base,nan,324416.0,463942.0,257106.0,b2e536a3811011bd499b23064e3cf632d87f32bb0589e5e2be584c83a02546a8,nan,721048.0,,0.0,0.0,0,0,0,A0_base,326508.0,02f6cc771eb87def7a02771f1c875725f14e73adb0dc4cd53e0ea05dff7c5927,nan,,1.0,2092.0,0.0064071936981635975,19990.0,19990.0,16.228914457228615,0.0,,0.0,0.0,A,1.00644851055435,AI_VERIFIED,False
326508.0,root1:batch_16,0,0,0,case_047,2,0.0,0.0,,nan,1146116.0,B3_base,4.566759666999133,321355.0,463942.0,1146116.0,61d6f428e67cb6260a03b2a8ea7ebc40c42c30e057381171015a81189cf2d427,5.061305791999985,1610058.0,seed,0.0,0.0,0,0,0,B0_base,326508.0,02f6cc771eb87def7a02771f1c875725f14e73adb0dc4cd53e0ea05dff7c5927,nan,,1.0,5153.0,0.015782155414262436,19990.0,19990.0,16.075787893946973,0.0,,0.0,0.0,B,1.0160352258405814,AI_VERIFIED,False
326508.0,root1:batch_16,51714.0,0.04896222502892439,1004488.0,case_047,2,1.0,51714.0,incumbent_base,321355.0,1146116.0,incumbent_base,nan,321355.0,463942.0,1146116.0,61d6f428e67cb6260a03b2a8ea7ebc40c42c30e057381171015a81189cf2d427,nan,1610058.0,,0.0,1146116.0,51714.0,0.04896222502892439,1004488.0,incumbent_base,321355.0,61d6f428e67cb6260a03b2a8ea7ebc40c42c30e057381171015a81189cf2d427,nan,,1.0160352258405814,0.0,0.0,19990.0,19990.0,16.075787893946973,51714.0,incumbent_base,0.0,0.0,C,1.0160352258405814,AI_VERIFIED,False
326508.0,root1:batch_16,0,0,0,case_047,3,0.0,0.0,,nan,257106.0,incumbent_base,nan,324416.0,463942.0,257106.0,2bf7b12bb7d2ed283094b4cf775895aae5cff8f4a54abbbb5148f35596cd00f0,nan,721048.0,,0.0,0.0,0,0,0,A0_base,326508.0,81b8494a366afb7af9d3b2cb56953b7f34bba55f31540c90d2d86ece35cc1f3e,nan,,1.0,2092.0,0.0064071936981635975,19990.0,19990.0,16.228914457228615,0.0,,0.0,0.0,A,1.00644851055435,AI_VERIFIED,False
326508.0,root1:batch_16,0,0,0,case_047,3,0.0,0.0,,nan,0.0,B0_base,nan,326508.0,463942.0,0.0,81b8494a366afb7af9d3b2cb56953b7f34bba55f31540c90d2d86ece35cc1f3e,nan,463942.0,,0.0,0.0,0,0,0,B0_base,326508.0,81b8494a366afb7af9d3b2cb56953b7f34bba55f31540c90d2d86ece35cc1f3e,nan,,1.0,0.0,0.0,19990.0,19990.0,16.333566783391696,0.0,,0.0,0.0,B,1.0,AI_VERIFIED,False
326508.0,root1:batch_16,0.0,0.0,457286.0,case_047,3,0.0,0.0,,nan,0.0,incumbent_split_height_g0_p4,4.080450875000679,324264.0,463942.0,0.0,83ec578644f837f9ecc44589a3ea5ea8df63740ea3489daba6724970b46ffbd8,4.181555459001174,463942.0,timing,0.0,0.0,0.0,0.0,457286.0,incumbent_base,326508.0,81b8494a366afb7af9d3b2cb56953b7f34bba55f31540c90d2d86ece35cc1f3e,nan,,1.0,2244.0,0.006872725936271086,19990.0,19990.0,16.221310655327663,0.0,,0.0,0.0,C,1.0069202871734142,AI_VERIFIED,False
326508.0,root1:batch_16,0,0,0,case_047,4,0.0,0.0,,nan,0.0,A0_base,nan,326508.0,463942.0,0.0,32d06ae51bb4418a3eb64c505c535d418b7192d3bf8b26b24847d61608daf725,nan,463942.0,,0.0,0.0,0,0,0,A0_base,326508.0,32d06ae51bb4418a3eb64c505c535d418b7192d3bf8b26b24847d61608daf725,nan,,1.0,0.0,0.0,19990.0,19990.0,16.333566783391696,0.0,,0.0,0.0,A,1.0,AI_VERIFIED,False
326508.0,root1:batch_16,0,0,0,case_047,4,0.0,0.0,,nan,2205644.0,B3_base,2.976418416999877,314757.0,463942.0,2205644.0,f16859348370437fcf1d471e619ec0ae6d051515be6c7d8e7d356357266aa589,3.2779817080008797,2669586.0,seed,0.0,0.0,0,0,0,B0_base,326508.0,32d06ae51bb4418a3eb64c505c535d418b7192d3bf8b26b24847d61608daf725,nan,,1.0,11751.0,0.035989929802638834,19990.0,19990.0,15.745722861430716,0.0,,0.0,0.0,B,1.0373335620812245,AI_VERIFIED,False
326508.0,root1:batch_16,165444.0,0.10252984287483159,1448174.0,case_047,4,1.0,165444.0,incumbent_base,314754.0,2205644.0,incumbent_base,nan,314754.0,463942.0,2205644.0,f16859348370437fcf1d471e619ec0ae6d051515be6c7d8e7d356357266aa589,nan,2669586.0,,0.0,2205644.0,165444.0,0.10252984287483159,1448174.0,incumbent_base,314754.0,f16859348370437fcf1d471e619ec0ae6d051515be6c7d8e7d356357266aa589,nan,,1.037343449169828,0.0,0.0,19990.0,19990.0,15.745572786393197,165444.0,incumbent_base,0.0,0.0,C,1.037343449169828,AI_VERIFIED,False
326508.0,root1:batch_16,0,0,0,case_047,5,0.0,0.0,,nan,0.0,A0_base,nan,326508.0,463942.0,0.0,c5ecac257d3bd6e1243bd8260cc6ede08d947b3ea59041a781239e2e00078cab,nan,463942.0,,0.0,0.0,0,0,0,A0_base,326508.0,c5ecac257d3bd6e1243bd8260cc6ede08d947b3ea59041a781239e2e00078cab,nan,,1.0,0.0,0.0,19990.0,19990.0,16.333566783391696,0.0,,0.0,0.0,A,1.0,AI_VERIFIED,False
326508.0,root1:batch_16,0,0,0,case_047,5,0.0,0.0,,nan,141400.0,L2_base,1.6696172920001118,316261.0,463942.0,141400.0,6216f50724613ff36e88e179e42df590ac3eea256f0216e703ca04a1f77878c7,1.7119395419995271,605342.0,legacy_seed,0.0,0.0,0,0,0,B0_base,326508.0,c5ecac257d3bd6e1243bd8260cc6ede08d947b3ea59041a781239e2e00078cab,nan,,1.0,10247.0,0.031383610815048944,19990.0,19990.0,15.820960480240121,0.0,,0.0,0.0,B,1.032400454055353,AI_VERIFIED,False
326508.0,root1:batch_16,280.0,0.0005301765109083817,527846.0,case_047,5,2.0,280.0,incumbent_split_height_g1_p4,315056.0,141400.0,incumbent_split_height_g1_p4,0.8411358749999636,315056.0,463942.0,141400.0,d1ad0db302009086a6b8308948a889a01dad68804fd3806245f5bd3536c1472a,0.8787894580000284,605342.0,timing,0.0,141400.0,280.0,0.0005301765109083817,527846.0,incumbent_base,316261.0,6216f50724613ff36e88e179e42df590ac3eea256f0216e703ca04a1f77878c7,nan,,1.032400454055353,1205.0,0.0038101441530887462,19990.0,19990.0,15.760680340170085,280.0,incumbent_split_height_g1_p4,0.0,0.0,C,1.03634909349449,AI_VERIFIED,False
222220.0,root1:batch_03,0,0,0,case_048,1,0.0,0.0,,nan,0.0,A0_base,nan,222220.0,414790.0,0.0,fccfe92b14b3a2062ed290f18d83dd83b311adf67f9ac345c8d09e8bf80e7ca0,nan,414790.0,,0.0,0.0,0,0,0,A0_base,222220.0,fccfe92b14b3a2062ed290f18d83dd83b311adf67f9ac345c8d09e8bf80e7ca0,nan,,1.0,0.0,0.0,75960.0,75960.0,2.9254870984728805,0.0,,0.0,0.0,A,1.0,AI_VERIFIED,False
222220.0,root1:batch_03,0,0,0,case_048,1,0.0,0.0,,nan,0.0,B0_base,nan,222220.0,414790.0,0.0,fccfe92b14b3a2062ed290f18d83dd83b311adf67f9ac345c8d09e8bf80e7ca0,nan,414790.0,,0.0,0.0,0,0,0,B0_base,222220.0,fccfe92b14b3a2062ed290f18d83dd83b311adf67f9ac345c8d09e8bf80e7ca0,nan,,1.0,0.0,0.0,75960.0,75960.0,2.9254870984728805,0.0,,0.0,0.0,B,1.0,AI_VERIFIED,False
222220.0,root1:batch_03,0.0,0.0,410182.0,case_048,1,0.0,0.0,,nan,0.0,incumbent_base,0.324027250000654,222220.0,414790.0,0.0,fccfe92b14b3a2062ed290f18d83dd83b311adf67f9ac345c8d09e8bf80e7ca0,0.37746262499968,414790.0,incumbent,0.0,0.0,0.0,0.0,410182.0,incumbent_base,222220.0,fccfe92b14b3a2062ed290f18d83dd83b311adf67f9ac345c8d09e8bf80e7ca0,0.37746262499968,incumbent,1.0,0.0,0.0,75960.0,75960.0,2.9254870984728805,0.0,,0.0,0.0,C,1.0,AI_VERIFIED,False
222220.0,root1:batch_03,0,0,0,case_048,2,0.0,0.0,,nan,0.0,A0_base,nan,222220.0,414790.0,0.0,5cd3892e19bf1ce2681c15de834ef4aa75e7e20caed0f4020c61914121824ccc,nan,414790.0,,0.0,0.0,0,0,0,A0_base,222220.0,5cd3892e19bf1ce2681c15de834ef4aa75e7e20caed0f4020c61914121824ccc,nan,,1.0,0.0,0.0,75960.0,75960.0,2.9254870984728805,0.0,,0.0,0.0,A,1.0,AI_VERIFIED,False
222220.0,root1:batch_03,0,0,0,case_048,2,0.0,0.0,,nan,330436.0,B3_base,0.3287657910004782,219890.0,414790.0,330436.0,b5cb0a19b858fc00d5890a4adf87fa746ffcbf6eba2003844c97850fdb68cdc5,0.3233031249983469,745226.0,seed,0.0,0.0,0,0,0,B0_base,222220.0,5cd3892e19bf1ce2681c15de834ef4aa75e7e20caed0f4020c61914121824ccc,nan,,1.0,2330.0,0.01048510485104851,75960.0,75960.0,2.894813059505003,0.0,,0.0,0.0,B,1.0105962071945063,AI_VERIFIED,False
222220.0,root1:batch_03,24580.0,0.043135369247886225,545254.0,case_048,2,2.0,24580.0,incumbent_aggregate_tid_1000001920,219037.0,294724.0,incumbent_aggregate_tid_1000001920,0.3720728330008569,219037.0,414790.0,294724.0,030ffc218c5a45b7449ee147599d52e8a7455279c42b7421cdd110004b68a11b,0.34663849999924423,709514.0,aggregate,0.0,330436.0,24580.0,0.041824771563239126,563110.0,incumbent_base,219890.0,b5cb0a19b858fc00d5890a4adf87fa746ffcbf6eba2003844c97850fdb68cdc5,nan,,1.0105962071945063,853.0,0.003879212333439447,75960.0,75960.0,2.883583464981569,24580.0,incumbent_aggregate_tid_1000001920,0.0,0.0,C,1.0145317914324976,AI_VERIFIED,False
222220.0,root1:batch_03,0,0,0,case_048,3,0.0,0.0,,nan,0.0,A0_base,nan,222220.0,414790.0,0.0,2d3b4dc89ec4b354604e5e43b731be6c5256465d5411402ad996dd6a2461e29a,nan,414790.0,,0.0,0.0,0,0,0,A0_base,222220.0,2d3b4dc89ec4b354604e5e43b731be6c5256465d5411402ad996dd6a2461e29a,nan,,1.0,0.0,0.0,75960.0,75960.0,2.9254870984728805,0.0,,0.0,0.0,A,1.0,AI_VERIFIED,False
222220.0,root1:batch_03,0,0,0,case_048,3,0.0,0.0,,nan,592232.0,B3_base,0.3408231670000532,218425.0,414790.0,592232.0,30039bda4a7ec89a5c7e38dab985d0d9b32138551102778b041a7f2a52c72234,0.35485924999920826,1007022.0,seed,0.0,0.0,0,0,0,B0_base,222220.0,2d3b4dc89ec4b354604e5e43b731be6c5256465d5411402ad996dd6a2461e29a,nan,,1.0,3795.0,0.017077670776707767,75960.0,75960.0,2.8755265929436544,0.0,,0.0,0.0,B,1.0173743848002748,AI_VERIFIED,False
222220.0,root1:batch_03,65286.0,0.08904473923255071,667896.0,case_048,3,2.0,65286.0,incumbent_base,218419.0,592232.0,incumbent_base,nan,218419.0,414790.0,592232.0,30039bda4a7ec89a5c7e38dab985d0d9b32138551102778b041a7f2a52c72234,nan,1007022.0,,0.0,592232.0,65286.0,0.08904473923255071,667896.0,incumbent_base,218419.0,30039bda4a7ec89a5c7e38dab985d0d9b32138551102778b041a7f2a52c72234,nan,,1.0174023322146883,0.0,0.0,75960.0,75960.0,2.8754476040021064,65286.0,incumbent_base,0.0,0.0,C,1.0174023322146883,AI_VERIFIED,False
222220.0,root1:batch_03,0,0,0,case_048,4,0.0,0.0,,nan,0.0,A0_base,nan,222220.0,414790.0,0.0,6d58e467eefb5ed669ad522b8ec78da9334a33bfc13e12dbf08cd599c75437e9,nan,414790.0,,0.0,0.0,0,0,0,A0_base,222220.0,6d58e467eefb5ed669ad522b8ec78da9334a33bfc13e12dbf08cd599c75437e9,nan,,1.0,0.0,0.0,75960.0,75960.0,2.9254870984728805,0.0,,0.0,0.0,A,1.0,AI_VERIFIED,False
222220.0,root1:batch_03,0,0,0,case_048,4,0.0,0.0,,nan,592232.0,incumbent_base,nan,218425.0,414790.0,592232.0,e8abd51fe48af4bc87d271a409ac0c77164e5ece354765631bbeaefa3f8637cc,nan,1007022.0,,0.0,0.0,0,0,0,B0_base,222220.0,6d58e467eefb5ed669ad522b8ec78da9334a33bfc13e12dbf08cd599c75437e9,nan,,1.0,3795.0,0.017077670776707767,75960.0,75960.0,2.8755265929436544,0.0,,0.0,0.0,B,1.0173743848002748,AI_VERIFIED,False
222220.0,root1:batch_03,65286.0,0.08904473923255071,667896.0,case_048,4,2.0,65286.0,incumbent_base,218419.0,592232.0,incumbent_base,nan,218419.0,414790.0,592232.0,e8abd51fe48af4bc87d271a409ac0c77164e5ece354765631bbeaefa3f8637cc,nan,1007022.0,,0.0,592232.0,65286.0,0.08904473923255071,667896.0,incumbent_base,218419.0,e8abd51fe48af4bc87d271a409ac0c77164e5ece354765631bbeaefa3f8637cc,nan,,1.0174023322146883,0.0,0.0,75960.0,75960.0,2.8754476040021064,65290.0,event_timing_tid_1000000009_miss_2_bytes_4_core_3,0.0,0.0,C,1.0174023322146883,AI_VERIFIED,False
222220.0,root1:batch_03,0,0,0,case_048,5,0.0,0.0,,nan,0.0,A0_base,nan,222220.0,414790.0,0.0,844ee531edb69eeaf58e4f5cd814fc5e483258803e482e0df34f871faa3aca9d,nan,414790.0,,0.0,0.0,0,0,0,A0_base,222220.0,844ee531edb69eeaf58e4f5cd814fc5e483258803e482e0df34f871faa3aca9d,nan,,1.0,0.0,0.0,75960.0,75960.0,2.9254870984728805,0.0,,0.0,0.0,A,1.0,AI_VERIFIED,False
222220.0,root1:batch_03,0,0,0,case_048,5,0.0,0.0,,nan,717070.0,B3_base,0.4672202499987179,217218.0,414790.0,717070.0,d5300b1c63e0770e65ba64208824984a74c141cfd04b18cfedf2db9317513672,0.34193749999940337,1131860.0,seed,0.0,0.0,0,0,0,B0_base,222220.0,844ee531edb69eeaf58e4f5cd814fc5e483258803e482e0df34f871faa3aca9d,nan,,1.0,5002.0,0.022509225092250923,75960.0,75960.0,2.8596366508688784,0.0,,0.0,0.0,B,1.0230275575688939,AI_VERIFIED,False
222220.0,root1:batch_03,90766.0,0.11321013585316084,710982.0,case_048,5,3.0,90766.0,incumbent_split_topo_g30_p4,215393.0,717070.0,incumbent_split_topo_g30_p4,0.39708170800076914,215393.0,414790.0,717070.0,58fb51d2a6caf6de718bc24533238f89abe6fa90797b560a685242220464e79b,0.2877972919995955,1131860.0,timing,0.0,717070.0,90766.0,0.11321013585316084,710982.0,incumbent_base,217140.0,d5300b1c63e0770e65ba64208824984a74c141cfd04b18cfedf2db9317513672,nan,,1.0233950446716404,1747.0,0.008045500598692088,75960.0,75960.0,2.8356108478146393,90766.0,incumbent_split_topo_g30_p4,0.0,0.0,C,1.0316955518517315,AI_VERIFIED,False
196276.0,root1:batch_07,0,0,0,case_049,1,0.0,0.0,,nan,0.0,A0_base,nan,196276.0,152540.0,0.0,d767968e9f5a8e43d324117a3b03928e23ae34a2dd070416c9bc7e85324192c8,nan,152540.0,,0.0,0.0,0,0,0,A0_base,196276.0,d767968e9f5a8e43d324117a3b03928e23ae34a2dd070416c9bc7e85324192c8,nan,,1.0,0.0,0.0,8921.0,8921.0,22.001569330792513,0.0,,0.0,0.0,A,1.0,AI_VERIFIED,False
196276.0,root1:batch_07,0,0,0,case_049,1,0.0,0.0,,nan,41984.0,B2_base,1.0210874589993182,195430.0,152540.0,0.0,763a72f800e1a81d0b54d4b8ced37b6ef832d45e801a12f77cd51b4b4a09d2f5,0.9862865830000374,194524.0,seed,41984.0,0.0,0,0,0,B0_base,196276.0,d767968e9f5a8e43d324117a3b03928e23ae34a2dd070416c9bc7e85324192c8,nan,,1.0,846.0,0.004310256985061852,8921.0,8921.0,21.90673691290214,0.0,,0.0,0.0,B,1.0043289157243003,AI_VERIFIED,False
196276.0,root1:batch_07,0.0,0.0,173496.0,case_049,1,0.0,0.0,,nan,41984.0,incumbent_split_height_g1_p4,0.9696050420006941,194548.0,152540.0,0.0,bc77074ffe2e8e359cc1ee4178f7903a17a88e7c874b937748ad25c6d3d1d421,1.073109957998895,194524.0,timing,41984.0,41984.0,0.0,0.0,173496.0,incumbent_base,195430.0,763a72f800e1a81d0b54d4b8ced37b6ef832d45e801a12f77cd51b4b4a09d2f5,nan,,1.0043289157243003,882.0,0.004513124904057719,8921.0,8921.0,21.807869072973883,0.0,,0.0,0.0,C,1.0088821267759114,AI_VERIFIED,False
196276.0,root1:batch_07,0,0,0,case_049,2,0.0,0.0,,nan,0.0,A1_base,nan,160206.0,152540.0,0.0,501aeb4d901152420dc0a27d8621d3800fd0de4567e258a9eba9a21f265f7aea,nan,152540.0,,0.0,0.0,0,0,0,A0_base,196276.0,cb1bf9404d80e282e7b636eac296514b406fcfa6948a05afd194d17caf3fa554,nan,,1.0,36070.0,0.183771831502578,8921.0,8921.0,17.95830063894182,0.0,,0.0,0.0,A,1.2251476224361135,AI_VERIFIED,False
196276.0,root1:batch_07,0,0,0,case_049,2,0.0,0.0,,nan,0.0,B1_base,nan,160206.0,152540.0,0.0,501aeb4d901152420dc0a27d8621d3800fd0de4567e258a9eba9a21f265f7aea,nan,152540.0,,0.0,0.0,0,0,0,B0_base,196276.0,cb1bf9404d80e282e7b636eac296514b406fcfa6948a05afd194d17caf3fa554,nan,,1.0,36070.0,0.183771831502578,8921.0,8921.0,17.95830063894182,0.0,,0.0,0.0,B,1.2251476224361135,AI_VERIFIED,False
196276.0,root1:batch_07,0.0,0.0,152504.0,case_049,2,0.0,0.0,,nan,0.0,incumbent_base,nan,160206.0,152540.0,0.0,501aeb4d901152420dc0a27d8621d3800fd0de4567e258a9eba9a21f265f7aea,nan,152540.0,,0.0,0.0,0.0,0.0,152504.0,incumbent_base,160206.0,501aeb4d901152420dc0a27d8621d3800fd0de4567e258a9eba9a21f265f7aea,nan,,1.2251476224361135,0.0,0.0,8921.0,8921.0,17.95830063894182,0.0,,0.0,0.0,C,1.2251476224361135,AI_VERIFIED,False
196276.0,root1:batch_07,0,0,0,case_049,3,0.0,0.0,,nan,0.0,A1_base,nan,160206.0,152540.0,0.0,c09d19ba3971785bc435ea8cbfbb37c548675d883b11aab2e589eb14e17d6666,nan,152540.0,,0.0,0.0,0,0,0,A0_base,196276.0,1c13d51a27a6040fd61650e7ebd7db544b1f07a37b8ad9a70f475750435d7692,nan,,1.0,36070.0,0.183771831502578,8921.0,8921.0,17.95830063894182,0.0,,0.0,0.0,A,1.2251476224361135,AI_VERIFIED,False
196276.0,root1:batch_07,0,0,0,case_049,3,0.0,0.0,,nan,0.0,B1_base,nan,160206.0,152540.0,0.0,c09d19ba3971785bc435ea8cbfbb37c548675d883b11aab2e589eb14e17d6666,nan,152540.0,,0.0,0.0,0,0,0,B0_base,196276.0,1c13d51a27a6040fd61650e7ebd7db544b1f07a37b8ad9a70f475750435d7692,nan,,1.0,36070.0,0.183771831502578,8921.0,8921.0,17.95830063894182,0.0,,0.0,0.0,B,1.2251476224361135,AI_VERIFIED,False
196276.0,root1:batch_07,0.0,0.0,152504.0,case_049,3,0.0,0.0,,nan,0.0,incumbent_base,nan,160206.0,152540.0,0.0,c09d19ba3971785bc435ea8cbfbb37c548675d883b11aab2e589eb14e17d6666,nan,152540.0,,0.0,0.0,0.0,0.0,152504.0,incumbent_base,160206.0,c09d19ba3971785bc435ea8cbfbb37c548675d883b11aab2e589eb14e17d6666,nan,,1.2251476224361135,0.0,0.0,8921.0,8921.0,17.95830063894182,0.0,,0.0,0.0,C,1.2251476224361135,AI_VERIFIED,False
196276.0,root1:batch_07,0,0,0,case_049,4,0.0,0.0,,nan,0.0,A1_base,nan,160206.0,152540.0,0.0,28f75dc773b045891245c6197388438d10fbd6bdd3f8bd11ebfa4e2c10c46140,nan,152540.0,,0.0,0.0,0,0,0,A0_base,196276.0,00bf865dad7e633d1f8e968e06b351f8fa4255f09bfac2a80e6b070381972773,nan,,1.0,36070.0,0.183771831502578,8921.0,8921.0,17.95830063894182,0.0,,0.0,0.0,A,1.2251476224361135,AI_VERIFIED,False
196276.0,root1:batch_07,0,0,0,case_049,4,0.0,0.0,,nan,0.0,B1_base,nan,160206.0,152540.0,0.0,28f75dc773b045891245c6197388438d10fbd6bdd3f8bd11ebfa4e2c10c46140,nan,152540.0,,0.0,0.0,0,0,0,B0_base,196276.0,00bf865dad7e633d1f8e968e06b351f8fa4255f09bfac2a80e6b070381972773,nan,,1.0,36070.0,0.183771831502578,8921.0,8921.0,17.95830063894182,0.0,,0.0,0.0,B,1.2251476224361135,AI_VERIFIED,False
196276.0,root1:batch_07,0.0,0.0,152504.0,case_049,4,0.0,0.0,,nan,0.0,incumbent_base,nan,160206.0,152540.0,0.0,28f75dc773b045891245c6197388438d10fbd6bdd3f8bd11ebfa4e2c10c46140,nan,152540.0,,0.0,0.0,0.0,0.0,152504.0,incumbent_base,160206.0,28f75dc773b045891245c6197388438d10fbd6bdd3f8bd11ebfa4e2c10c46140,nan,,1.2251476224361135,0.0,0.0,8921.0,8921.0,17.95830063894182,0.0,,0.0,0.0,C,1.2251476224361135,AI_VERIFIED,False
196276.0,root1:batch_07,0,0,0,case_049,5,0.0,0.0,,nan,0.0,A1_base,nan,160206.0,152540.0,0.0,831a2b3752d6f277a23e58fb68143a20f6fad5fc8091dcb75e9e48464ddbb2fb,nan,152540.0,,0.0,0.0,0,0,0,A0_base,196276.0,6924c582b499da6b8b519bdd28c3e79ef61e90ea209a299c803b8df8321e7784,nan,,1.0,36070.0,0.183771831502578,8921.0,8921.0,17.95830063894182,0.0,,0.0,0.0,A,1.2251476224361135,AI_VERIFIED,False
196276.0,root1:batch_07,0,0,0,case_049,5,0.0,0.0,,nan,0.0,B1_base,nan,160206.0,152540.0,0.0,831a2b3752d6f277a23e58fb68143a20f6fad5fc8091dcb75e9e48464ddbb2fb,nan,152540.0,,0.0,0.0,0,0,0,B0_base,196276.0,6924c582b499da6b8b519bdd28c3e79ef61e90ea209a299c803b8df8321e7784,nan,,1.0,36070.0,0.183771831502578,8921.0,8921.0,17.95830063894182,0.0,,0.0,0.0,B,1.2251476224361135,AI_VERIFIED,False
196276.0,root1:batch_07,0.0,0.0,152504.0,case_049,5,0.0,0.0,,nan,0.0,incumbent_base,nan,160206.0,152540.0,0.0,831a2b3752d6f277a23e58fb68143a20f6fad5fc8091dcb75e9e48464ddbb2fb,nan,152540.0,,0.0,0.0,0.0,0.0,152504.0,incumbent_base,160206.0,831a2b3752d6f277a23e58fb68143a20f6fad5fc8091dcb75e9e48464ddbb2fb,nan,,1.2251476224361135,0.0,0.0,8921.0,8921.0,17.95830063894182,0.0,,0.0,0.0,C,1.2251476224361135,AI_VERIFIED,False
149690.0,root1:batch_03,0,0,0,case_050,1,0.0,0.0,,nan,0.0,A0_base,nan,149690.0,319376.0,0.0,bcb05239a30c953db5499352668fc934e20c5d9e7b9179eb9e491a699ebbcb4a,nan,319376.0,,0.0,0.0,0,0,0,A0_base,149690.0,bcb05239a30c953db5499352668fc934e20c5d9e7b9179eb9e491a699ebbcb4a,nan,,1.0,0.0,0.0,6829.0,6829.0,21.919753990335334,0.0,,0.0,0.0,A,1.0,AI_VERIFIED,False
149690.0,root1:batch_03,0,0,0,case_050,1,0.0,0.0,,nan,409608.0,B2_base,0.970772583001235,149242.0,319376.0,0.0,9de85fb180ca507a7d0052ef5035a45ddb591ba64dc1c01e58913c6eb3ea72cb,0.9798522910004976,728984.0,seed,409608.0,0.0,0,0,0,B0_base,149690.0,bcb05239a30c953db5499352668fc934e20c5d9e7b9179eb9e491a699ebbcb4a,nan,,1.0,448.0,0.002992851893914089,6829.0,6829.0,21.854151413091227,0.0,,0.0,0.0,B,1.0030018359443051,AI_VERIFIED,False
149690.0,root1:batch_03,24580.0,0.03277350812537667,725416.0,case_050,1,2.0,24580.0,incumbent_split_height_g3_p4,148876.0,836812.0,incumbent_split_height_g3_p4,1.104771125001207,148876.0,319376.0,0.0,d5716d81aca3669af54ae9a16a07d2c871a181af181fe5de6b5eb43074831c2a,1.1508471659999486,1156188.0,timing,836812.0,409608.0,24576.0,0.04581723813927128,511816.0,incumbent_base,149242.0,9de85fb180ca507a7d0052ef5035a45ddb591ba64dc1c01e58913c6eb3ea72cb,nan,,1.0030018359443051,366.0,0.0024523927580707844,6829.0,6829.0,21.80055645043198,24580.0,incumbent_split_height_g3_p4,0.0,0.0,C,1.0054676374969773,AI_VERIFIED,False
149690.0,root1:batch_03,0,0,0,case_050,2,0.0,0.0,,nan,3456.0,A1_base,nan,108121.0,319376.0,3456.0,f6c59b87ce320de28f0408900058a48285b7e6c59db7ef65cdf9878d06fff86e,nan,322832.0,,0.0,0.0,0,0,0,A0_base,149690.0,c8ea442b8bfb503904167041bdcec20a7ab4c7be5645d97a7aa0186787ebcd8f,nan,,1.0,41569.0,0.27770058120114904,6829.0,6829.0,15.832625567433006,0.0,,0.0,0.0,A,1.3844674022622803,AI_VERIFIED,False
149690.0,root1:batch_03,0,0,0,case_050,2,0.0,0.0,,nan,3456.0,B1_base,nan,108121.0,319376.0,3456.0,f6c59b87ce320de28f0408900058a48285b7e6c59db7ef65cdf9878d06fff86e,nan,322832.0,,0.0,0.0,0,0,0,B0_base,149690.0,c8ea442b8bfb503904167041bdcec20a7ab4c7be5645d97a7aa0186787ebcd8f,nan,,1.0,41569.0,0.27770058120114904,6829.0,6829.0,15.832625567433006,0.0,,0.0,0.0,B,1.3844674022622803,AI_VERIFIED,False
149690.0,root1:batch_03,11648.0,0.03519564888956036,319302.0,case_050,2,3.0,11648.0,incumbent_disperse_tid_9224_node_9231_core_1_pos_0,107981.0,11652.0,incumbent_disperse_tid_9224_node_9231_core_1_pos_0,0.9962892919993465,107981.0,319376.0,11652.0,c20430e43cb13688da62152c3891d5abb990710290fed6dd5b4e2cd9067dc4aa,0.9798865419998037,331028.0,disperse,0.0,3456.0,3456.0,0.010707779251199048,319300.0,incumbent_base,108121.0,f6c59b87ce320de28f0408900058a48285b7e6c59db7ef65cdf9878d06fff86e,nan,,1.3844674022622803,140.0,0.0012948455896634326,6829.0,6829.0,15.812124762044224,24580.0,lower_core_base,0.0,0.0,C,1.3862623980144655,AI_VERIFIED,False
149690.0,root1:batch_03,0,0,0,case_050,3,0.0,0.0,,nan,3456.0,A1_base,nan,108121.0,319376.0,3456.0,14e895e012d624b4139db85d6c952fb9308641ac7975d3fb6c197356c373e611,nan,322832.0,,0.0,0.0,0,0,0,A0_base,149690.0,c2d878afbc19ad12d174f3464a495857b38f495d46ad1a0ce1085f872315da6e,nan,,1.0,41569.0,0.27770058120114904,6829.0,6829.0,15.832625567433006,0.0,,0.0,0.0,A,1.3844674022622803,AI_VERIFIED,False
149690.0,root1:batch_03,0,0,0,case_050,3,0.0,0.0,,nan,3456.0,B1_base,nan,108121.0,319376.0,3456.0,14e895e012d624b4139db85d6c952fb9308641ac7975d3fb6c197356c373e611,nan,322832.0,,0.0,0.0,0,0,0,B0_base,149690.0,c2d878afbc19ad12d174f3464a495857b38f495d46ad1a0ce1085f872315da6e,nan,,1.0,41569.0,0.27770058120114904,6829.0,6829.0,15.832625567433006,0.0,,0.0,0.0,B,1.3844674022622803,AI_VERIFIED,False
149690.0,root1:batch_03,11648.0,0.03519564888956036,319302.0,case_050,3,2.0,11648.0,incumbent_disperse_tid_9224_node_9231_core_1_pos_0,107981.0,11652.0,incumbent_disperse_tid_9224_node_9231_core_1_pos_0,1.2475400410003203,107981.0,319376.0,11652.0,45f721848fa5823b86a8ba933ae728fe8b152504643738363001e044209020d3,1.1472762920002424,331028.0,disperse,0.0,3456.0,3456.0,0.010707779251199048,319300.0,incumbent_base,108121.0,14e895e012d624b4139db85d6c952fb9308641ac7975d3fb6c197356c373e611,nan,,1.3844674022622803,140.0,0.0012948455896634326,6829.0,6829.0,15.812124762044224,11648.0,incumbent_disperse_tid_9224_node_9231_core_1_pos_0,0.0,0.0,C,1.3862623980144655,AI_VERIFIED,False
149690.0,root1:batch_03,0,0,0,case_050,4,0.0,0.0,,nan,3456.0,A1_base,nan,108121.0,319376.0,3456.0,563fdc3b409f7e4fcba49488249841fa4dcaa8553c3646a362dc9867c224f306,nan,322832.0,,0.0,0.0,0,0,0,A0_base,149690.0,601210b1438d223a3b3784c003bc9e54ebd860a9c0ba872e155fc4875b7a0f22,nan,,1.0,41569.0,0.27770058120114904,6829.0,6829.0,15.832625567433006,0.0,,0.0,0.0,A,1.3844674022622803,AI_VERIFIED,False
149690.0,root1:batch_03,0,0,0,case_050,4,0.0,0.0,,nan,34380.0,r2_split_g1_h0_c2_p0,0.6385459580014867,107794.0,319376.0,34380.0,8553866fb4e1bf51a22795fe05c993cf4409ac2c9525003bd98230296621eae8,0.6202666669996688,353756.0,ordinary_chain,0.0,0.0,0,0,0,B0_base,149690.0,601210b1438d223a3b3784c003bc9e54ebd860a9c0ba872e155fc4875b7a0f22,nan,,1.0,41896.0,0.2798850958647872,6829.0,6829.0,15.784741543417777,0.0,,0.0,0.0,B,1.3886672727610072,AI_VERIFIED,False
149690.0,root1:batch_03,3532.0,0.010441795563123787,334724.0,case_050,4,4.0,3532.0,incumbent_split_height_g2_p4,107658.0,34380.0,incumbent_split_height_g2_p4,0.7235319999999774,107658.0,319376.0,34380.0,7055fdceb73da564fb0ecc1626dcd3bc731a9d22511f9496c0276ddce5b0b57e,0.6230214169991086,353756.0,timing,0.0,34380.0,3532.0,0.010441795563123787,334724.0,incumbent_base,107794.0,8553866fb4e1bf51a22795fe05c993cf4409ac2c9525003bd98230296621eae8,nan,,1.3886672727610072,136.0,0.0012616657698944283,6829.0,6829.0,15.764826475325817,11648.0,lower_core_base,0.0,0.0,C,1.3904215199985137,AI_VERIFIED,False
149690.0,root1:batch_03,0,0,0,case_050,5,0.0,0.0,,nan,3456.0,A1_base,nan,108121.0,319376.0,3456.0,259924d6e31608448cc875a6c99a623f01dea91cfd0ed7308550d3150ab0c603,nan,322832.0,,0.0,0.0,0,0,0,A0_base,149690.0,39c3a6c03e1e58d6280eeb531eae63c35f78faf1ee5933f66809198da3687b2f,nan,,1.0,41569.0,0.27770058120114904,6829.0,6829.0,15.832625567433006,0.0,,0.0,0.0,A,1.3844674022622803,AI_VERIFIED,False
149690.0,root1:batch_03,0,0,0,case_050,5,0.0,0.0,,nan,34380.0,incumbent_base,nan,107794.0,319376.0,34380.0,f53f8a98b5778ef577fc7450cc0f611028fd13d0d4bb99f0ed893c9d5443102e,nan,353756.0,,0.0,0.0,0,0,0,B0_base,149690.0,39c3a6c03e1e58d6280eeb531eae63c35f78faf1ee5933f66809198da3687b2f,nan,,1.0,41896.0,0.2798850958647872,6829.0,6829.0,15.784741543417777,0.0,,0.0,0.0,B,1.3886672727610072,AI_VERIFIED,False
149690.0,root1:batch_03,3532.0,0.010441795563123787,334724.0,case_050,5,3.0,3532.0,incumbent_split_height_g2_p4,107658.0,34380.0,incumbent_split_height_g2_p4,0.7385241669999232,107658.0,319376.0,34380.0,09a852e58fa5a817cbb5cf687298e3ea739fa6305073e9138a888697f7d14527,0.694390625001688,353756.0,timing,0.0,34380.0,3532.0,0.010441795563123787,334724.0,incumbent_base,107794.0,f53f8a98b5778ef577fc7450cc0f611028fd13d0d4bb99f0ed893c9d5443102e,nan,,1.3886672727610072,136.0,0.0012616657698944283,6829.0,6829.0,15.764826475325817,3532.0,incumbent_split_height_g2_p4,0.0,0.0,C,1.3904215199985137,AI_VERIFIED,False
607628.0,root1:batch_09,0,0,0,case_051,1,0.0,0.0,,nan,0.0,A0_base,nan,607628.0,393218.0,0.0,a99839fc0c6ff3f3581958c9c69c3737e2f83f16ad3efe64d200b0afcd604df0,nan,393218.0,,0.0,0.0,0,0,0,A0_base,607628.0,a99839fc0c6ff3f3581958c9c69c3737e2f83f16ad3efe64d200b0afcd604df0,nan,,1.0,0.0,0.0,51552.0,51552.0,11.786700806952204,0.0,,0.0,0.0,A,1.0,AI_VERIFIED,False
607628.0,root1:batch_09,0,0,0,case_051,1,0.0,0.0,,nan,0.0,B0_base,nan,607628.0,393218.0,0.0,a99839fc0c6ff3f3581958c9c69c3737e2f83f16ad3efe64d200b0afcd604df0,nan,393218.0,,0.0,0.0,0,0,0,B0_base,607628.0,a99839fc0c6ff3f3581958c9c69c3737e2f83f16ad3efe64d200b0afcd604df0,nan,,1.0,0.0,0.0,51552.0,51552.0,11.786700806952204,0.0,,0.0,0.0,B,1.0,AI_VERIFIED,False
607628.0,root1:batch_09,0.0,0.0,393216.0,case_051,1,0.0,0.0,,nan,0.0,incumbent_base,0.22509637499933888,607628.0,393218.0,0.0,a99839fc0c6ff3f3581958c9c69c3737e2f83f16ad3efe64d200b0afcd604df0,0.1791455410002527,393218.0,incumbent,0.0,0.0,0.0,0.0,393216.0,incumbent_base,607628.0,a99839fc0c6ff3f3581958c9c69c3737e2f83f16ad3efe64d200b0afcd604df0,0.1791455410002527,incumbent,1.0,0.0,0.0,51552.0,51552.0,11.786700806952204,0.0,,0.0,0.0,C,1.0,AI_VERIFIED,False
607628.0,root1:batch_09,0,0,0,case_051,2,0.0,0.0,,nan,0.0,A0_base,nan,607628.0,393218.0,0.0,2a2865adc5eff22153cf709fe4d0e43cbfa7456ab5e749636d0c433923fc996f,nan,393218.0,,0.0,0.0,0,0,0,A0_base,607628.0,2a2865adc5eff22153cf709fe4d0e43cbfa7456ab5e749636d0c433923fc996f,nan,,1.0,0.0,0.0,51552.0,51552.0,11.786700806952204,0.0,,0.0,0.0,A,1.0,AI_VERIFIED,False
607628.0,root1:batch_09,0,0,0,case_051,2,0.0,0.0,,nan,0.0,B0_base,nan,607628.0,393218.0,0.0,2a2865adc5eff22153cf709fe4d0e43cbfa7456ab5e749636d0c433923fc996f,nan,393218.0,,0.0,0.0,0,0,0,B0_base,607628.0,2a2865adc5eff22153cf709fe4d0e43cbfa7456ab5e749636d0c433923fc996f,nan,,1.0,0.0,0.0,51552.0,51552.0,11.786700806952204,0.0,,0.0,0.0,B,1.0,AI_VERIFIED,False
607628.0,root1:batch_09,0.0,0.0,393216.0,case_051,2,0.0,0.0,,nan,0.0,incumbent_base,0.2240275419990212,607628.0,393218.0,0.0,2a2865adc5eff22153cf709fe4d0e43cbfa7456ab5e749636d0c433923fc996f,0.17396541599919146,393218.0,incumbent,0.0,0.0,0.0,0.0,393216.0,incumbent_base,607628.0,2a2865adc5eff22153cf709fe4d0e43cbfa7456ab5e749636d0c433923fc996f,0.17396541599919146,incumbent,1.0,0.0,0.0,51552.0,51552.0,11.786700806952204,0.0,,0.0,0.0,C,1.0,AI_VERIFIED,False
607628.0,root1:batch_09,0,0,0,case_051,3,0.0,0.0,,nan,0.0,A0_base,nan,607628.0,393218.0,0.0,360a0b07d1a2da745dce6b8f7cee1cfa84bb6988379c407e9d772de1e21ea066,nan,393218.0,,0.0,0.0,0,0,0,A0_base,607628.0,360a0b07d1a2da745dce6b8f7cee1cfa84bb6988379c407e9d772de1e21ea066,nan,,1.0,0.0,0.0,51552.0,51552.0,11.786700806952204,0.0,,0.0,0.0,A,1.0,AI_VERIFIED,False
607628.0,root1:batch_09,0,0,0,case_051,3,0.0,0.0,,nan,0.0,B0_base,nan,607628.0,393218.0,0.0,360a0b07d1a2da745dce6b8f7cee1cfa84bb6988379c407e9d772de1e21ea066,nan,393218.0,,0.0,0.0,0,0,0,B0_base,607628.0,360a0b07d1a2da745dce6b8f7cee1cfa84bb6988379c407e9d772de1e21ea066,nan,,1.0,0.0,0.0,51552.0,51552.0,11.786700806952204,0.0,,0.0,0.0,B,1.0,AI_VERIFIED,False
607628.0,root1:batch_09,0.0,0.0,393216.0,case_051,3,0.0,0.0,,nan,0.0,incumbent_base,0.2327884170008474,607628.0,393218.0,0.0,360a0b07d1a2da745dce6b8f7cee1cfa84bb6988379c407e9d772de1e21ea066,0.18586083300033351,393218.0,incumbent,0.0,0.0,0.0,0.0,393216.0,incumbent_base,607628.0,360a0b07d1a2da745dce6b8f7cee1cfa84bb6988379c407e9d772de1e21ea066,0.18586083300033351,incumbent,1.0,0.0,0.0,51552.0,51552.0,11.786700806952204,0.0,,0.0,0.0,C,1.0,AI_VERIFIED,False
607628.0,root1:batch_09,0,0,0,case_051,4,0.0,0.0,,nan,0.0,A0_base,nan,607628.0,393218.0,0.0,4c5c033caea8d7ea64de79c1603cfe2a0e427ec1ce9c207be7038f5d50250e1b,nan,393218.0,,0.0,0.0,0,0,0,A0_base,607628.0,4c5c033caea8d7ea64de79c1603cfe2a0e427ec1ce9c207be7038f5d50250e1b,nan,,1.0,0.0,0.0,51552.0,51552.0,11.786700806952204,0.0,,0.0,0.0,A,1.0,AI_VERIFIED,False
607628.0,root1:batch_09,0,0,0,case_051,4,0.0,0.0,,nan,7471132.0,B2_base,0.2510773750000226,541017.0,393218.0,7471132.0,743ddfdc90bda57cd72172e4ecf2dc6c3ba30306fd107a2eeca8f0bc49dab3c9,0.1841963749993738,7864350.0,seed,0.0,0.0,0,0,0,B0_base,607628.0,4c5c033caea8d7ea64de79c1603cfe2a0e427ec1ce9c207be7038f5d50250e1b,nan,,1.0,66611.0,0.10962463875924085,51552.0,51552.0,10.494587988826815,0.0,,0.0,0.0,B,1.123121824267999,AI_VERIFIED,False
607628.0,root1:batch_09,393216.0,0.08333308608517007,4325390.0,case_051,4,1.0,393216.0,incumbent_base,541017.0,7471132.0,incumbent_base,nan,541017.0,393218.0,7471132.0,743ddfdc90bda57cd72172e4ecf2dc6c3ba30306fd107a2eeca8f0bc49dab3c9,nan,7864350.0,,0.0,7471132.0,393216.0,0.08333308608517007,4325390.0,incumbent_base,541017.0,743ddfdc90bda57cd72172e4ecf2dc6c3ba30306fd107a2eeca8f0bc49dab3c9,nan,,1.123121824267999,0.0,0.0,51552.0,51552.0,10.494587988826815,393216.0,incumbent_base,0.0,0.0,C,1.123121824267999,AI_VERIFIED,False
607628.0,root1:batch_09,0,0,0,case_051,5,0.0,0.0,,nan,0.0,A0_base,nan,607628.0,393218.0,0.0,456eecf04e269a172a7af1acb42c946578f7cff24aea1494b816e99b7d7ce0f4,nan,393218.0,,0.0,0.0,0,0,0,A0_base,607628.0,456eecf04e269a172a7af1acb42c946578f7cff24aea1494b816e99b7d7ce0f4,nan,,1.0,0.0,0.0,51552.0,51552.0,11.786700806952204,0.0,,0.0,0.0,A,1.0,AI_VERIFIED,False
607628.0,root1:batch_09,0,0,0,case_051,5,0.0,0.0,,nan,7471132.0,incumbent_base,nan,541017.0,393218.0,7471132.0,23f9b112319e3936a068ccb03a1cd5b513fedf05827230057b5884ab0315e322,nan,7864350.0,,0.0,0.0,0,0,0,B0_base,607628.0,456eecf04e269a172a7af1acb42c946578f7cff24aea1494b816e99b7d7ce0f4,nan,,1.0,66611.0,0.10962463875924085,51552.0,51552.0,10.494587988826815,0.0,,0.0,0.0,B,1.123121824267999,AI_VERIFIED,False
607628.0,root1:batch_09,393216.0,0.08333308608517007,4325390.0,case_051,5,1.0,393216.0,incumbent_base,541017.0,7471132.0,incumbent_base,nan,541017.0,393218.0,7471132.0,23f9b112319e3936a068ccb03a1cd5b513fedf05827230057b5884ab0315e322,nan,7864350.0,,0.0,7471132.0,393216.0,0.08333308608517007,4325390.0,incumbent_base,541017.0,23f9b112319e3936a068ccb03a1cd5b513fedf05827230057b5884ab0315e322,nan,,1.123121824267999,0.0,0.0,51552.0,51552.0,10.494587988826815,393216.0,incumbent_base,0.0,0.0,C,1.123121824267999,AI_VERIFIED,False
180301.0,root1:batch_05,0,0,0,case_052,1,0.0,0.0,,nan,1152896.0,A3_base,0.21278391700070642,179776.0,810204.0,1152896.0,c69b1b471bb85a7e4276ef319716e642129106ebe4853f604cd1b6e7d672b94a,0.18481249999967986,1963100.0,seed,0.0,0.0,0,0,0,A0_base,180301.0,e33de3b01a6bd97632d9315cad027d044f1cdd4cadd130a140b0fd547f7ba4c8,nan,,1.0,525.0,0.0029117974941902706,3665.0,13503.4,13.313387739384156,0.0,,0.0,0.0,A,1.0029203008187968,AI_VERIFIED,False
180301.0,root1:batch_05,0,0,0,case_052,1,0.0,0.0,,nan,70848.0,B2_base,0.1692007920009928,159895.0,810204.0,0.0,c69b1b471bb85a7e4276ef319716e642129106ebe4853f604cd1b6e7d672b94a,0.17734349999955157,881052.0,seed,70848.0,0.0,0,0,0,B0_base,180301.0,e33de3b01a6bd97632d9315cad027d044f1cdd4cadd130a140b0fd547f7ba4c8,nan,,1.0,20406.0,0.11317740888846983,3665.0,13503.4,11.841091873157872,0.0,,0.0,0.0,B,1.1276212514462616,AI_VERIFIED,False
180301.0,root1:batch_05,0.0,0.0,845468.0,case_052,1,0.0,0.0,,nan,70848.0,incumbent_aggregate,0.16315512499932083,158577.0,810204.0,0.0,87b0cf4af08cb786e22087abd57bb859fc8e52aee898dd2b37c4b5f556b68e84,0.16694141700099863,881052.0,aggregate,70848.0,70848.0,0.0,0.0,845468.0,incumbent_base,159895.0,c69b1b471bb85a7e4276ef319716e642129106ebe4853f604cd1b6e7d672b94a,nan,,1.1276212514462616,1318.0,0.008242909409299852,3665.0,13503.4,11.743486825540234,0.0,,0.0,0.0,C,1.1369933849171066,AI_VERIFIED,False
180301.0,root1:batch_05,0,0,0,case_052,2,0.0,0.0,,nan,102912.0,L1_base,0.15587562499968044,90903.0,810204.0,102912.0,1b145e1f1317231aab9f0a4ca40baf5ddff1be885e43541930bba5160cb23abe,0.1327586669995071,913116.0,legacy_seed,0.0,0.0,0,0,0,A0_base,180301.0,a39b1013a745adc56880920c06f5d7c9028b12ed898e51e05ac3d5b3991c62b0,nan,,1.0,89398.0,0.4958264235916606,3665.0,13503.4,6.731860124116889,0.0,,0.0,0.0,A,1.9834438907406797,AI_VERIFIED,False
180301.0,root1:batch_05,0,0,0,case_052,2,0.0,0.0,,nan,102912.0,L1_base,0.1456093750002765,90903.0,810204.0,102912.0,1b145e1f1317231aab9f0a4ca40baf5ddff1be885e43541930bba5160cb23abe,0.15438808299950324,913116.0,legacy_seed,0.0,0.0,0,0,0,B0_base,180301.0,a39b1013a745adc56880920c06f5d7c9028b12ed898e51e05ac3d5b3991c62b0,nan,,1.0,89398.0,0.4958264235916606,3665.0,13503.4,6.731860124116889,0.0,,0.0,0.0,B,1.9834438907406797,AI_VERIFIED,False
180301.0,root1:batch_05,102912.0,0.11272394288443255,810044.0,case_052,2,2.0,102912.0,incumbent_base,90903.0,102912.0,incumbent_base,nan,90903.0,810204.0,102912.0,1b145e1f1317231aab9f0a4ca40baf5ddff1be885e43541930bba5160cb23abe,nan,913116.0,,0.0,102912.0,102912.0,0.11272394288443255,810044.0,incumbent_base,90903.0,1b145e1f1317231aab9f0a4ca40baf5ddff1be885e43541930bba5160cb23abe,nan,,1.9834438907406797,0.0,0.0,3665.0,13503.4,6.731860124116889,102912.0,incumbent_base,0.0,0.0,C,1.9834438907406797,AI_VERIFIED,False
180301.0,root1:batch_05,0,0,0,case_052,3,0.0,0.0,,nan,181248.0,L1_base,0.17905525000060152,61071.0,810204.0,181248.0,8ed9d9759a7951e99c61fa02f551b4585c91f53ab77c8fa07584d664b91edba8,0.11904833300104656,991452.0,legacy_seed,0.0,0.0,0,0,0,A0_base,180301.0,d251c3a774aafa23446fd9fab089089cab77fc194cbb4d7a9b0aed1ce8214d62,nan,,1.0,119230.0,0.6612830766329638,3665.0,13503.4,4.522638742835138,0.0,,0.0,0.0,A,2.952317794042999,AI_VERIFIED,False
180301.0,root1:batch_05,0,0,0,case_052,3,0.0,0.0,,nan,181248.0,L1_base,0.18216629199923773,61071.0,810204.0,181248.0,8ed9d9759a7951e99c61fa02f551b4585c91f53ab77c8fa07584d664b91edba8,0.14351254199937102,991452.0,legacy_seed,0.0,0.0,0,0,0,B0_base,180301.0,d251c3a774aafa23446fd9fab089089cab77fc194cbb4d7a9b0aed1ce8214d62,nan,,1.0,119230.0,0.6612830766329638,3665.0,13503.4,4.522638742835138,0.0,,0.0,0.0,B,2.952317794042999,AI_VERIFIED,False
180301.0,root1:batch_05,181248.0,0.18284017221968904,810044.0,case_052,3,3.0,181248.0,incumbent_base,61071.0,181248.0,incumbent_base,nan,61071.0,810204.0,181248.0,8ed9d9759a7951e99c61fa02f551b4585c91f53ab77c8fa07584d664b91edba8,nan,991452.0,,0.0,181248.0,181248.0,0.18284017221968904,810044.0,incumbent_base,61071.0,8ed9d9759a7951e99c61fa02f551b4585c91f53ab77c8fa07584d664b91edba8,nan,,2.952317794042999,0.0,0.0,3665.0,13503.4,4.522638742835138,181248.0,incumbent_base,0.0,0.0,C,2.952317794042999,AI_VERIFIED,False
180301.0,root1:batch_05,0,0,0,case_052,4,0.0,0.0,,nan,254976.0,L1_base,0.16930329200113192,45610.0,810204.0,254976.0,ef5bc8b548340ccc8b0239979daee2ae56067b2cd8f79bbaae84d9c308103b78,0.10685429099976318,1065180.0,legacy_seed,0.0,0.0,0,0,0,A0_base,180301.0,236ae6d723eb442233108818867bf1cd71f068e4f4a68e43f18e04ac6e7b85fd,nan,,1.0,134691.0,0.7470341262666319,3665.0,13503.4,3.377667846616408,0.0,,0.0,0.0,A,3.9531023898267925,AI_VERIFIED,False
180301.0,root1:batch_05,0,0,0,case_052,4,0.0,0.0,,nan,254976.0,L1_base,0.17693283400149085,45610.0,810204.0,254976.0,ef5bc8b548340ccc8b0239979daee2ae56067b2cd8f79bbaae84d9c308103b78,0.14864083300017228,1065180.0,legacy_seed,0.0,0.0,0,0,0,B0_base,180301.0,236ae6d723eb442233108818867bf1cd71f068e4f4a68e43f18e04ac6e7b85fd,nan,,1.0,134691.0,0.7470341262666319,3665.0,13503.4,3.377667846616408,0.0,,0.0,0.0,B,3.9531023898267925,AI_VERIFIED,False
180301.0,root1:batch_05,176640.0,0.1658560402621547,888380.0,case_052,4,4.0,176640.0,event_timing_tid_2287_miss_3_bytes_41472_front,45610.0,254976.0,event_timing_tid_2287_miss_3_bytes_41472_front,0.2254995000002964,45610.0,810204.0,254976.0,4875d2220682aaba553cd9d1173f16fc6ed2eb51d1ca2571465641a15d7a4930,0.1561358749986539,1065180.0,event_timing,0.0,254976.0,176640.0,0.1658560402621547,888380.0,incumbent_base,45610.0,ef5bc8b548340ccc8b0239979daee2ae56067b2cd8f79bbaae84d9c308103b78,nan,,3.9531023898267925,0.0,0.0,3665.0,13503.4,3.377667846616408,250368.0,C1_base,0.0,0.0,C,3.9531023898267925,AI_VERIFIED,False
180301.0,root1:batch_05,0,0,0,case_052,5,0.0,0.0,,nan,328704.0,L1_base,0.24672395800007507,37387.0,810204.0,328704.0,e29533353b9af4ff4e99d5c43472ab59902b97e7857fcfbb4d4b16a79c0c9570,0.15732624999873224,1138908.0,legacy_seed,0.0,0.0,0,0,0,A0_base,180301.0,426a7b90be44399201132581af62e08a56ef410df72f38d731093e15e1dd5f3a,nan,,1.0,142914.0,0.7926411944470635,3665.0,13503.4,2.7687101026408163,0.0,,0.0,0.0,A,4.822558643378715,AI_VERIFIED,False
180301.0,root1:batch_05,0,0,0,case_052,5,0.0,0.0,,nan,328704.0,L1_base,0.21369037499971455,37387.0,810204.0,328704.0,e29533353b9af4ff4e99d5c43472ab59902b97e7857fcfbb4d4b16a79c0c9570,0.1539269590011827,1138908.0,legacy_seed,0.0,0.0,0,0,0,B0_base,180301.0,426a7b90be44399201132581af62e08a56ef410df72f38d731093e15e1dd5f3a,nan,,1.0,142914.0,0.7926411944470635,3665.0,13503.4,2.7687101026408163,0.0,,0.0,0.0,B,4.822558643378715,AI_VERIFIED,False
180301.0,root1:batch_05,296448.0,0.26032800935764544,842300.0,case_052,5,4.0,296448.0,event_timing_tid_2290_miss_2_bytes_27648_front,37387.0,328704.0,event_timing_tid_2290_miss_2_bytes_27648_front,0.21151033399837615,37387.0,810204.0,328704.0,768e05022c53762f6b739e1a1fb0793197567a7d09b30a9d636484ffcfce48bc,0.25491058300031,1138908.0,event_timing,0.0,328704.0,296448.0,0.26032800935764544,842300.0,incumbent_base,37387.0,e29533353b9af4ff4e99d5c43472ab59902b97e7857fcfbb4d4b16a79c0c9570,nan,,4.822558643378715,0.0,0.0,3665.0,13503.4,2.7687101026408163,296448.0,incumbent_base,0.0,0.0,C,4.822558643378715,AI_VERIFIED,False
1472686.0,root1:batch_15,0,0,0,case_053,1,0.0,0.0,,nan,1759362.0,L3_base,1.4226624579987401,1415374.0,2995288.0,1661058.0,bb7b861d3538b3baebc8d808f2ae1e2a64c0214d32c29cdc5e149ee1f11dc1fd,1.8257719579996774,4754650.0,legacy_seed,98304.0,5405536.0,0,0,0,A0_base,1472686.0,6ffda1d14e47d9998af5896ddd800ac37cf64a1e928305b872281e6374b17a04,nan,,1.0,57312.0,0.03891664618255351,56912.0,56912.0,24.869517852122573,0.0,,0.0,0.0,A,1.0404924776066256,AI_VERIFIED,False
1472686.0,root1:batch_15,0,0,0,case_053,1,0.0,0.0,,nan,4047952.0,L3_base,4.490275000000111,1448004.0,2995288.0,0.0,259b5592a0cb1c2190a968f63b582c4bacfb2cd07f027a98bb539aef37aa8369,4.411278458001107,7043240.0,legacy_seed,4047952.0,5405536.0,0,0,0,B0_base,1472686.0,6ffda1d14e47d9998af5896ddd800ac37cf64a1e928305b872281e6374b17a04,nan,,1.0,24682.0,0.01675985240574026,56912.0,56912.0,25.44285915096992,0.0,,0.0,0.0,B,1.0170455330233894,AI_VERIFIED,False
1472686.0,root1:batch_15,2613792.0,0.3900358939173136,4087622.0,case_053,1,3.0,2613792.0,r1_merge_g2_3,1421619.0,4042192.0,r1_merge_g2_3,4.866018124999755,1421619.0,2995288.0,0.0,68701cef8af93422aad6b96617de345444a9c542be432372c941905b98d6b653,4.029217541999969,7037480.0,ordinary_chain,4042192.0,4047952.0,2668704.0,0.39643539941322836,4063046.0,incumbent_base,1426552.0,259b5592a0cb1c2190a968f63b582c4bacfb2cd07f027a98bb539aef37aa8369,nan,,1.0323395151386,4933.0,0.0034579882121366762,56912.0,56912.0,24.979248664605006,5155968.0,C0_base,0.0,0.0,C,1.035921720235872,AI_VERIFIED,False
1472686.0,root1:batch_15,0,0,0,case_053,2,0.0,0.0,,nan,5959552.0,A1_base,nan,774929.0,2995288.0,1034752.0,1e3d620da8e5dbd5d6303e08bc2b047ab7949f1e3e660cb6179b6642e41723c0,nan,8954840.0,,4924800.0,5405536.0,0,0,0,A0_base,1472686.0,3d7e57258bedbc752d4b59b1ce763aa992c1667b18fec3497d7c6702200e7cc3,nan,,1.0,697757.0,0.4737988953517586,56912.0,56912.0,13.616267219567051,0.0,,0.0,0.0,A,1.900414102453257,AI_VERIFIED,False
1472686.0,root1:batch_15,0,0,0,case_053,2,0.0,0.0,,nan,5959552.0,B1_base,nan,774929.0,2995288.0,1034752.0,1e3d620da8e5dbd5d6303e08bc2b047ab7949f1e3e660cb6179b6642e41723c0,nan,8954840.0,,4924800.0,5405536.0,0,0,0,B0_base,1472686.0,3d7e57258bedbc752d4b59b1ce763aa992c1667b18fec3497d7c6702200e7cc3,nan,,1.0,697757.0,0.4737988953517586,56912.0,56912.0,13.616267219567051,0.0,,0.0,0.0,B,1.900414102453257,AI_VERIFIED,False
1472686.0,root1:batch_15,3190336.0,0.398239741039114,4820758.0,case_053,2,4.0,3190336.0,incumbent_split_height_g1_p4,759346.0,5308480.0,incumbent_split_height_g1_p4,4.094879083000706,759346.0,2995288.0,1034752.0,74c424ce19c08087a10dcbcdad5a4422935504d2935030e06d16cef38fb1ed1b,4.102313249999497,8303768.0,timing,4273728.0,5959552.0,4073184.0,0.46215482633271693,4740278.0,incumbent_base,768202.0,1e3d620da8e5dbd5d6303e08bc2b047ab7949f1e3e660cb6179b6642e41723c0,nan,,1.917055670253397,8856.0,0.011528217838537259,56912.0,56912.0,13.342458532471184,5155968.0,C0_base,0.0,0.0,C,1.9394136533279953,AI_VERIFIED,False
1472686.0,root1:batch_15,0,0,0,case_053,3,0.0,0.0,,nan,5803072.0,L1_base,3.6840316249999887,542159.0,2995288.0,1034752.0,0cb31b7d67b33b4b1d689edaca7f9a0076866357b6d529d47e117cb4d4d2a845,3.411079333000089,8798360.0,legacy_seed,4768320.0,5405536.0,0,0,0,A0_base,1472686.0,8985e0e821aa36cb06fcb11d27bc84edbfd071ae8b479ec24824b39ccd07aae7,nan,,1.0,930527.0,0.6318570285858628,56912.0,56912.0,9.526268625245994,0.0,,0.0,0.0,A,2.7163359826176454,AI_VERIFIED,False
1472686.0,root1:batch_15,0,0,0,case_053,3,0.0,0.0,,nan,5803072.0,L1_base,3.8527562500003114,542159.0,2995288.0,1034752.0,0cb31b7d67b33b4b1d689edaca7f9a0076866357b6d529d47e117cb4d4d2a845,3.7358445420013595,8798360.0,legacy_seed,4768320.0,5405536.0,0,0,0,B0_base,1472686.0,8985e0e821aa36cb06fcb11d27bc84edbfd071ae8b479ec24824b39ccd07aae7,nan,,1.0,930527.0,0.6318570285858628,56912.0,56912.0,9.526268625245994,0.0,,0.0,0.0,B,2.7163359826176454,AI_VERIFIED,False
1472686.0,root1:batch_15,3570304.0,0.43813915931076886,4578486.0,case_053,3,5.0,3570304.0,incumbent_split_height_g2_p4,491765.0,5354272.0,incumbent_split_height_g2_p4,3.98972700000013,491765.0,2995288.0,1034752.0,52811f20eb5c68de920c162cd8a5d8ded72e836c5186c0430278f0f5f52023ad,3.677947000000131,8349560.0,timing,4319520.0,5803072.0,3224832.0,0.3706707708859435,5475158.0,incumbent_base,506885.0,0cb31b7d67b33b4b1d689edaca7f9a0076866357b6d529d47e117cb4d4d2a845,nan,,2.905365122266392,15120.0,0.029829251210826913,56912.0,56912.0,8.64079631712117,5155968.0,C0_base,0.0,0.0,C,2.9946946203979543,AI_VERIFIED,False
1472686.0,root1:batch_15,0,0,0,case_053,4,0.0,0.0,,nan,5772352.0,A1_base,nan,492232.0,2995288.0,1004032.0,c47dc0c5c0b92425191edb2a528b734163a7646eef7819beaf3a7823d5810c78,nan,8767640.0,,4768320.0,5405536.0,0,0,0,A0_base,1472686.0,72aa1982f1288bcd4175b4184b3e651e68975fd8b85ced2da07ae9c1efea806e,nan,,1.0,980454.0,0.6657590280616507,56912.0,56912.0,8.64900196795052,0.0,,0.0,0.0,A,2.991853434965626,AI_VERIFIED,False
1472686.0,root1:batch_15,0,0,0,case_053,4,0.0,0.0,,nan,5772352.0,B1_base,nan,492232.0,2995288.0,1004032.0,c47dc0c5c0b92425191edb2a528b734163a7646eef7819beaf3a7823d5810c78,nan,8767640.0,,4768320.0,5405536.0,0,0,0,B0_base,1472686.0,72aa1982f1288bcd4175b4184b3e651e68975fd8b85ced2da07ae9c1efea806e,nan,,1.0,980454.0,0.6657590280616507,56912.0,56912.0,8.64900196795052,0.0,,0.0,0.0,B,2.991853434965626,AI_VERIFIED,False
1472686.0,root1:batch_15,3570304.0,0.43813915931076886,4578486.0,case_053,4,4.0,3570304.0,lower_core_base,491765.0,5354272.0,lower_core_base,nan,491765.0,2995288.0,1034752.0,b4116e261994112ad4670a4f6b740524624511624b4b69729e30e8c55ec37a8b,nan,8349560.0,,4319520.0,5772352.0,3077376.0,0.35497521705979856,5591894.0,incumbent_base,492232.0,c47dc0c5c0b92425191edb2a528b734163a7646eef7819beaf3a7823d5810c78,nan,,2.991853434965626,467.0,0.0009487396187163776,56912.0,56912.0,8.64079631712117,5155968.0,C0_base,0.0,0.0,C,2.9946946203979543,AI_VERIFIED,False
1472686.0,root1:batch_15,0,0,0,case_053,5,0.0,0.0,,nan,4469536.0,r1_split_g0_h0_c3_p0,3.275108416999501,491765.0,2995288.0,1194496.0,07f592c41a09876ca07999f818b79106d101075818dfb825e04b8ed00a9ffbbc,2.8719490410003345,7464824.0,capacity_representative,3275040.0,5405536.0,0,0,0,A0_base,1472686.0,58d213ef7216ecf658035620bb81dc37a8fdbb05337c292e5cd60dbdba829fc5,nan,,1.0,980921.0,0.6660761357139268,56912.0,56912.0,8.64079631712117,0.0,,0.0,0.0,A,2.9946946203979543,AI_VERIFIED,False
1472686.0,root1:batch_15,0,0,0,case_053,5,0.0,0.0,,nan,5772352.0,B1_base,nan,492232.0,2995288.0,1004032.0,6bd8162e29f88b682c20b0683c396e15db8b5d3008ce4b9ffc12f1ae54b0bfa3,nan,8767640.0,,4768320.0,5405536.0,0,0,0,B0_base,1472686.0,58d213ef7216ecf658035620bb81dc37a8fdbb05337c292e5cd60dbdba829fc5,nan,,1.0,980454.0,0.6657590280616507,56912.0,56912.0,8.64900196795052,0.0,,0.0,0.0,B,2.991853434965626,AI_VERIFIED,False
1472686.0,root1:batch_15,3570304.0,0.43813915931076886,4578486.0,case_053,5,4.0,3570304.0,lower_core_base,491765.0,5354272.0,lower_core_base,nan,491765.0,2995288.0,1034752.0,fd4d2afac634f32b435622ea3b2df5cd9072fdc313aa19b0d9903b17a54c292f,nan,8349560.0,,4319520.0,5772352.0,3077376.0,0.35497521705979856,5591894.0,incumbent_base,492232.0,6bd8162e29f88b682c20b0683c396e15db8b5d3008ce4b9ffc12f1ae54b0bfa3,nan,,2.991853434965626,467.0,0.0009487396187163776,56912.0,56912.0,8.64079631712117,5155968.0,C0_base,0.0,0.0,C,2.9946946203979543,AI_VERIFIED,False
815051.0,root1:batch_15,0,0,0,case_054,1,0.0,0.0,,nan,0.0,A0_base,nan,815051.0,1606276.0,0.0,55710397b533d1b3a5bd31bba4997b09e4f6eaa019d8e44828eccedc6c5b05bb,nan,1606276.0,,0.0,0.0,0,0,0,A0_base,815051.0,55710397b533d1b3a5bd31bba4997b09e4f6eaa019d8e44828eccedc6c5b05bb,nan,,1.0,0.0,0.0,20291.0,26771.266666666666,30.444992018806232,0.0,,0.0,0.0,A,1.0,AI_VERIFIED,False
815051.0,root1:batch_15,0,0,0,case_054,1,0.0,0.0,,nan,165700.0,L3_base,7.701269125000181,796718.0,1606276.0,0.0,d6551cbb63b7d34d9d7be2e6dbd56353413e93d5b565f7d30556dd7f12596a4c,11.47508391699921,1771976.0,legacy_seed,165700.0,0.0,0,0,0,B0_base,815051.0,55710397b533d1b3a5bd31bba4997b09e4f6eaa019d8e44828eccedc6c5b05bb,nan,,1.0,18333.0,0.022493070985741995,20291.0,26771.266666666666,29.760190652166877,0.0,,0.0,0.0,B,1.0230106511965338,AI_VERIFIED,False
815051.0,root1:batch_15,2.0,1.167539597105436e-06,1713002.0,case_054,1,1.0,2.0,incumbent_split_height_g2_p4,792519.0,213576.0,incumbent_split_height_g2_p4,7.730551959000877,792519.0,1606276.0,0.0,b6caa6bddcfb9ce6c5c024c65a19c61a93a063d946844c65df38e3dc01a9c68f,14.329284833000202,1819852.0,timing,213576.0,165700.0,0.0,0.0,1689064.0,incumbent_base,796718.0,d6551cbb63b7d34d9d7be2e6dbd56353413e93d5b565f7d30556dd7f12596a4c,nan,,1.0230106511965338,4199.0,0.005270371699898835,20291.0,26771.266666666666,29.603343385570103,2.0,incumbent_split_height_g2_p4,0.0,0.0,C,1.0284308641180842,AI_VERIFIED,False
815051.0,root1:batch_15,0,0,0,case_054,2,0.0,0.0,,nan,49152.0,A1_base,nan,517960.0,1606276.0,49152.0,8e3cd02efbb40784f1584ef131c654ad2c778c73130a8aadec52b6800c47dc0a,nan,1655428.0,,0.0,0.0,0,0,0,A0_base,815051.0,79985be60d2888b4c87957647c48c830f86fdf8744626a53ef60f2f1322dac3e,nan,,1.0,297091.0,0.3645060247763637,20291.0,26771.266666666666,19.347609003683054,0.0,,0.0,0.0,A,1.5735790408525754,AI_VERIFIED,False
815051.0,root1:batch_15,0,0,0,case_054,2,0.0,0.0,,nan,49152.0,B1_base,nan,517960.0,1606276.0,49152.0,8e3cd02efbb40784f1584ef131c654ad2c778c73130a8aadec52b6800c47dc0a,nan,1655428.0,,0.0,0.0,0,0,0,B0_base,815051.0,79985be60d2888b4c87957647c48c830f86fdf8744626a53ef60f2f1322dac3e,nan,,1.0,297091.0,0.3645060247763637,20291.0,26771.266666666666,19.347609003683054,0.0,,0.0,0.0,B,1.5735790408525754,AI_VERIFIED,False
815051.0,root1:batch_15,0.0,0.0,1655366.0,case_054,2,1.0,2.0,lower_core_base,792519.0,49152.0,incumbent_split_topo_g0_p4,8.131882375000714,513641.0,1606276.0,49152.0,3ed48da7495a0f1e88da8e88eb797f7c57d0e97b165bd3e7bbf4b038b113cd6b,8.160787957998764,1655428.0,timing,0.0,49152.0,0.0,0.0,1655366.0,incumbent_base,517960.0,8e3cd02efbb40784f1584ef131c654ad2c778c73130a8aadec52b6800c47dc0a,nan,,1.5735790408525754,4319.0,0.008338481736041393,20291.0,26771.266666666666,19.18627931936977,2.0,lower_core_base,0.0,0.0,C,1.5868106323288056,AI_VERIFIED,True
815051.0,root1:batch_15,0,0,0,case_054,3,0.0,0.0,,nan,49152.0,A1_base,nan,517960.0,1606276.0,49152.0,ac58b75d024bf85f425d78e8b4b5943bc12d47d8eef797740396164aeba76823,nan,1655428.0,,0.0,0.0,0,0,0,A0_base,815051.0,005308d718b4ad04470d6e10678a80abf316896ac5624dc7be3b197fbf0fd893,nan,,1.0,297091.0,0.3645060247763637,20291.0,26771.266666666666,19.347609003683054,0.0,,0.0,0.0,A,1.5735790408525754,AI_VERIFIED,False
815051.0,root1:batch_15,0,0,0,case_054,3,0.0,0.0,,nan,151622.0,r1_split_g0_h0_c2_p0,5.418474750000314,516442.0,1606276.0,151622.0,285b976e27eabbf8790115f0e85f15459fd7ca3c78dec419faabe8bc99c8af40,5.976229167001293,1757898.0,ordinary_chain,0.0,0.0,0,0,0,B0_base,815051.0,005308d718b4ad04470d6e10678a80abf316896ac5624dc7be3b197fbf0fd893,nan,,1.0,298609.0,0.3663684849168948,20291.0,26771.266666666666,19.29090641956924,0.0,,0.0,0.0,B,1.5782043288500935,AI_VERIFIED,False
815051.0,root1:batch_15,0.0,0.0,1706636.0,case_054,3,0.0,0.0,,nan,151622.0,incumbent_split_release_g0_p4,6.326226291999774,513130.0,1606276.0,151622.0,2186ac569d48b5b87529c5c27a9a9b2d8129165d87d6e2da14c170de9a670a8b,5.27860229199905,1757898.0,timing,0.0,151622.0,0.0,0.0,1706636.0,incumbent_base,516442.0,285b976e27eabbf8790115f0e85f15459fd7ca3c78dec419faabe8bc99c8af40,nan,,1.5782043288500935,3312.0,0.006413111249665984,20291.0,26771.266666666666,19.167191690593647,0.0,,0.0,0.0,C,1.5883908561183326,AI_VERIFIED,False
815051.0,root1:batch_15,0,0,0,case_054,4,0.0,0.0,,nan,49152.0,A1_base,nan,517960.0,1606276.0,49152.0,23a58fadad1277d5e3395d3a9057978c48b203dbeda4a44aa291c7d04d0bc0a2,nan,1655428.0,,0.0,0.0,0,0,0,A0_base,815051.0,f8c863d32758b11fab66056645a5c2db2433e5f08f8623d90efad3f0564de0a2,nan,,1.0,297091.0,0.3645060247763637,20291.0,26771.266666666666,19.347609003683054,0.0,,0.0,0.0,A,1.5735790408525754,AI_VERIFIED,False
815051.0,root1:batch_15,0,0,0,case_054,4,0.0,0.0,,nan,151622.0,incumbent_base,nan,516442.0,1606276.0,151622.0,4229efe7e732255aeaa8042d7d0b1021137a63d8e6b0eedafac43d3ad4cc2bf9,nan,1757898.0,,0.0,0.0,0,0,0,B0_base,815051.0,f8c863d32758b11fab66056645a5c2db2433e5f08f8623d90efad3f0564de0a2,nan,,1.0,298609.0,0.3663684849168948,20291.0,26771.266666666666,19.29090641956924,0.0,,0.0,0.0,B,1.5782043288500935,AI_VERIFIED,False
815051.0,root1:batch_15,0.0,0.0,1706636.0,case_054,4,0.0,0.0,,nan,151622.0,incumbent_split_release_g0_p4,5.083900042000096,513130.0,1606276.0,151622.0,43b4ecd81369a7a3098694b445626482e3ea91eef7ffa2bc7dd787c19feaad0f,4.796001000000615,1757898.0,timing,0.0,151622.0,0.0,0.0,1706636.0,incumbent_base,516442.0,4229efe7e732255aeaa8042d7d0b1021137a63d8e6b0eedafac43d3ad4cc2bf9,nan,,1.5782043288500935,3312.0,0.006413111249665984,20291.0,26771.266666666666,19.167191690593647,0.0,,0.0,0.0,C,1.5883908561183326,AI_VERIFIED,False
815051.0,root1:batch_15,0,0,0,case_054,5,0.0,0.0,,nan,49152.0,A1_base,nan,517960.0,1606276.0,49152.0,a2a10a804eba4542d15377e5947b1ba97fcf15472acd2114250711e192849984,nan,1655428.0,,0.0,0.0,0,0,0,A0_base,815051.0,4562b9c950edd31f7785b99c3bea7e96364ff4bfafb5b89412e4e5e9433daeae,nan,,1.0,297091.0,0.3645060247763637,20291.0,26771.266666666666,19.347609003683054,0.0,,0.0,0.0,A,1.5735790408525754,AI_VERIFIED,False
815051.0,root1:batch_15,0,0,0,case_054,5,0.0,0.0,,nan,151622.0,incumbent_base,nan,516442.0,1606276.0,151622.0,9889563823df06c40b50400dd7e40277a2b4a99aad7f1edbbb77f7ddd0672d88,nan,1757898.0,,0.0,0.0,0,0,0,B0_base,815051.0,4562b9c950edd31f7785b99c3bea7e96364ff4bfafb5b89412e4e5e9433daeae,nan,,1.0,298609.0,0.3663684849168948,20291.0,26771.266666666666,19.29090641956924,0.0,,0.0,0.0,B,1.5782043288500935,AI_VERIFIED,False
815051.0,root1:batch_15,0.0,0.0,1655366.0,case_054,5,0.0,0.0,,nan,49152.0,incumbent_split_topo_g0_p4,2.789716375000353,513641.0,1606276.0,49152.0,b334b8bc7f7ea4acbb3d99dc059d4d2e67cac3df796c065370b0af28164874c4,3.4483314589997462,1655428.0,timing,0.0,49152.0,0.0,0.0,1655366.0,incumbent_base,517960.0,a2a10a804eba4542d15377e5947b1ba97fcf15472acd2114250711e192849984,nan,,1.5735790408525754,4319.0,0.008338481736041393,20291.0,26771.266666666666,19.18627931936977,0.0,,0.0,0.0,C,1.5868106323288056,AI_VERIFIED,False
118835.0,root1:batch_09,0,0,0,case_055,1,0.0,0.0,,nan,69632.0,A0_base,nan,118835.0,625810.0,0.0,57f1aa3ebfd308a12a8c4fdfa68250eb54e430fe7e60658982741cfe07245f91,nan,695442.0,,69632.0,69632.0,0,0,0,A0_base,118835.0,57f1aa3ebfd308a12a8c4fdfa68250eb54e430fe7e60658982741cfe07245f91,nan,,1.0,0.0,0.0,6962.0,10430.166666666666,11.393394161167128,0.0,,0.0,0.0,A,1.0,AI_VERIFIED,False
118835.0,root1:batch_09,0,0,0,case_055,1,0.0,0.0,,nan,69632.0,B0_base,nan,118835.0,625810.0,0.0,57f1aa3ebfd308a12a8c4fdfa68250eb54e430fe7e60658982741cfe07245f91,nan,695442.0,,69632.0,69632.0,0,0,0,B0_base,118835.0,57f1aa3ebfd308a12a8c4fdfa68250eb54e430fe7e60658982741cfe07245f91,nan,,1.0,0.0,0.0,6962.0,10430.166666666666,11.393394161167128,0.0,,0.0,0.0,B,1.0,AI_VERIFIED,False
118835.0,root1:batch_09,32768.0,0.0488510288114924,638006.0,case_055,1,2.0,32768.0,incumbent_split_topo_g0_p4,114628.0,57396.0,incumbent_split_topo_g0_p4,0.19617641600052593,114628.0,625810.0,0.0,af97ca75e1573f4ecd70335b68de6fcdf54ff4b81682b486cb5c8e8876ca02fa,0.1905870419996063,683206.0,timing,57396.0,69632.0,69632.0,0.10014324257468461,625692.0,incumbent_base,118835.0,57f1aa3ebfd308a12a8c4fdfa68250eb54e430fe7e60658982741cfe07245f91,nan,,1.0,4207.0,0.03540202802204738,6962.0,10430.166666666666,10.99004490180726,69632.0,incumbent_base,0.0,0.0,C,1.0367013295180934,AI_VERIFIED,False
118835.0,root1:batch_09,0,0,0,case_055,2,0.0,0.0,,nan,41472.0,A1_base,nan,59839.0,625810.0,41472.0,174cc002b6ffb4cdc45c21a8bb50ec0dc77e0c99260671f016c39cde0626dc27,nan,667282.0,,0.0,69632.0,0,0,0,A0_base,118835.0,5f3aa48d9e4c5691798624cb6d10616db85e93cb624e41c0539c197a7d6e86e9,nan,,1.0,58996.0,0.49645306517440146,6962.0,10430.166666666666,5.737108707115579,0.0,,0.0,0.0,A,1.9859121977305771,AI_VERIFIED,False
118835.0,root1:batch_09,0,0,0,case_055,2,0.0,0.0,,nan,41472.0,B1_base,nan,59839.0,625810.0,41472.0,174cc002b6ffb4cdc45c21a8bb50ec0dc77e0c99260671f016c39cde0626dc27,nan,667282.0,,0.0,69632.0,0,0,0,B0_base,118835.0,5f3aa48d9e4c5691798624cb6d10616db85e93cb624e41c0539c197a7d6e86e9,nan,,1.0,58996.0,0.49645306517440146,6962.0,10430.166666666666,5.737108707115579,0.0,,0.0,0.0,B,1.9859121977305771,AI_VERIFIED,False
118835.0,root1:batch_09,41472.0,0.062161627425940245,625692.0,case_055,2,3.0,41472.0,incumbent_base,59839.0,41472.0,incumbent_base,nan,59839.0,625810.0,41472.0,174cc002b6ffb4cdc45c21a8bb50ec0dc77e0c99260671f016c39cde0626dc27,nan,667282.0,,0.0,41472.0,41472.0,0.062161627425940245,625692.0,incumbent_base,59839.0,174cc002b6ffb4cdc45c21a8bb50ec0dc77e0c99260671f016c39cde0626dc27,nan,,1.9859121977305771,0.0,0.0,6962.0,10430.166666666666,5.737108707115579,69632.0,C0_base,0.0,0.0,C,1.9859121977305771,AI_VERIFIED,False
118835.0,root1:batch_09,0,0,0,case_055,3,0.0,0.0,,nan,115712.0,L1_base,0.16331424999953015,42047.0,625810.0,115712.0,146b2beef686f5a6176ca7e3e49795d2c83fec4883499d28665e4e1a0c2d1bcf,0.1423297500004992,741522.0,legacy_seed,0.0,69632.0,0,0,0,A0_base,118835.0,53c6d2a0dadc96258ca80c731cf8cee43afff5014cc0d74238994cc66685e244,nan,,1.0,76788.0,0.6461732654520974,6962.0,10430.166666666666,4.031287451462904,0.0,,0.0,0.0,A,2.8262420624539204,AI_VERIFIED,False
118835.0,root1:batch_09,0,0,0,case_055,3,0.0,0.0,,nan,115712.0,L1_base,0.17895933399995556,42047.0,625810.0,115712.0,146b2beef686f5a6176ca7e3e49795d2c83fec4883499d28665e4e1a0c2d1bcf,0.16510945899972285,741522.0,legacy_seed,0.0,69632.0,0,0,0,B0_base,118835.0,53c6d2a0dadc96258ca80c731cf8cee43afff5014cc0d74238994cc66685e244,nan,,1.0,76788.0,0.6461732654520974,6962.0,10430.166666666666,4.031287451462904,0.0,,0.0,0.0,B,2.8262420624539204,AI_VERIFIED,False
118835.0,root1:batch_09,107520.0,0.1450221471694245,633884.0,case_055,3,5.0,107520.0,incumbent_disperse_tid_3_node_38_core_2_pos_0,39987.0,123904.0,incumbent_disperse_tid_3_node_38_core_2_pos_0,0.17717704200003936,39987.0,625810.0,123904.0,0cb209eccd156771ae9d7f2e7fd3ac10904cad6739ca4c0a01b54df7a14ee9cc,0.13363295899944205,749714.0,disperse,0.0,115712.0,115712.0,0.15607145362042826,625692.0,incumbent_base,42047.0,146b2beef686f5a6176ca7e3e49795d2c83fec4883499d28665e4e1a0c2d1bcf,nan,,2.8262420624539204,2060.0,0.04899279377839085,6962.0,10430.166666666666,3.8337834166919675,115712.0,incumbent_base,0.0,0.0,C,2.9718408482756895,AI_VERIFIED,False
118835.0,root1:batch_09,0,0,0,case_055,4,0.0,0.0,,nan,173568.0,L1_base,0.17817699999977776,32099.0,625810.0,173568.0,c71e28f0382edd21eb2d24087e45ae0b8c394400e1006fddb502f2a457134e45,0.15187195900034567,799378.0,legacy_seed,0.0,69632.0,0,0,0,A0_base,118835.0,da1a7a24b18da3d0609a479a6bba2a0bcdc71e5e748c5becb1ddea64f043c7b1,nan,,1.0,86736.0,0.7298859763537678,6962.0,10430.166666666666,3.0775155398603413,0.0,,0.0,0.0,A,3.7021402535904544,AI_VERIFIED,False
118835.0,root1:batch_09,0,0,0,case_055,4,0.0,0.0,,nan,173568.0,L1_base,0.19789687500087894,32099.0,625810.0,173568.0,c71e28f0382edd21eb2d24087e45ae0b8c394400e1006fddb502f2a457134e45,0.14324854199912807,799378.0,legacy_seed,0.0,69632.0,0,0,0,B0_base,118835.0,da1a7a24b18da3d0609a479a6bba2a0bcdc71e5e748c5becb1ddea64f043c7b1,nan,,1.0,86736.0,0.7298859763537678,6962.0,10430.166666666666,3.0775155398603413,0.0,,0.0,0.0,B,3.7021402535904544,AI_VERIFIED,False
118835.0,root1:batch_09,173568.0,0.21716087380827265,625692.0,case_055,4,4.0,173568.0,incumbent_base,32099.0,173568.0,incumbent_base,nan,32099.0,625810.0,173568.0,c71e28f0382edd21eb2d24087e45ae0b8c394400e1006fddb502f2a457134e45,nan,799378.0,,0.0,173568.0,173568.0,0.21716087380827265,625692.0,incumbent_base,32099.0,c71e28f0382edd21eb2d24087e45ae0b8c394400e1006fddb502f2a457134e45,nan,,3.7021402535904544,0.0,0.0,6962.0,10430.166666666666,3.0775155398603413,173568.0,incumbent_base,0.0,0.0,C,3.7021402535904544,AI_VERIFIED,False
118835.0,root1:batch_09,0,0,0,case_055,5,0.0,0.0,,nan,231424.0,L1_base,0.14459975000136183,25635.0,625810.0,231424.0,70c02d0ec165957781061d19fdb5d09f20ae5a911cc7ca7aa9018afd61f0af8c,0.10254608300056134,857234.0,legacy_seed,0.0,69632.0,0,0,0,A0_base,118835.0,8c37e42713fa4ad06c7e31c67986329e364675db4457a06b4d1514d12965dc89,nan,,1.0,93200.0,0.7842807253755206,6962.0,10430.166666666666,2.4577747239577508,0.0,,0.0,0.0,A,4.635654378779013,AI_VERIFIED,False
118835.0,root1:batch_09,0,0,0,case_055,5,0.0,0.0,,nan,231424.0,L1_base,0.15299749999940104,25635.0,625810.0,231424.0,70c02d0ec165957781061d19fdb5d09f20ae5a911cc7ca7aa9018afd61f0af8c,0.11463283299963223,857234.0,legacy_seed,0.0,69632.0,0,0,0,B0_base,118835.0,8c37e42713fa4ad06c7e31c67986329e364675db4457a06b4d1514d12965dc89,nan,,1.0,93200.0,0.7842807253755206,6962.0,10430.166666666666,2.4577747239577508,0.0,,0.0,0.0,B,4.635654378779013,AI_VERIFIED,False
118835.0,root1:batch_09,189952.0,0.2216176106851348,667164.0,case_055,5,5.0,189952.0,event_timing_tid_1385_miss_2_bytes_27648_front,25635.0,231424.0,event_timing_tid_1385_miss_2_bytes_27648_front,0.19485016700127744,25635.0,625810.0,231424.0,7f5afe4a1f7e3e86e14f6ddbb74f85cb0963835d21e0ce3b307d8e8080624d34,0.1252442089989927,857234.0,event_timing,0.0,231424.0,189952.0,0.2216176106851348,667164.0,incumbent_base,25635.0,70c02d0ec165957781061d19fdb5d09f20ae5a911cc7ca7aa9018afd61f0af8c,nan,,4.635654378779013,0.0,0.0,6962.0,10430.166666666666,2.4577747239577508,189952.0,incumbent_base,0.0,0.0,C,4.635654378779013,AI_VERIFIED,False
277285.0,root1:batch_10,0,0,0,case_056,1,0.0,0.0,,nan,0.0,A0_base,nan,277285.0,221600.0,0.0,743175f0c2281513c5ba96ab480f89a6b160427a20f1643bab65d04602081c3c,nan,221600.0,,0.0,0.0,0,0,0,A0_base,277285.0,743175f0c2281513c5ba96ab480f89a6b160427a20f1643bab65d04602081c3c,nan,,1.0,0.0,0.0,13737.0,13737.0,20.185266069738663,0.0,,0.0,0.0,A,1.0,AI_VERIFIED,False
277285.0,root1:batch_10,0,0,0,case_056,1,0.0,0.0,,nan,0.0,B0_base,nan,277285.0,221600.0,0.0,743175f0c2281513c5ba96ab480f89a6b160427a20f1643bab65d04602081c3c,nan,221600.0,,0.0,0.0,0,0,0,B0_base,277285.0,743175f0c2281513c5ba96ab480f89a6b160427a20f1643bab65d04602081c3c,nan,,1.0,0.0,0.0,13737.0,13737.0,20.185266069738663,0.0,,0.0,0.0,B,1.0,AI_VERIFIED,False
277285.0,root1:batch_10,0.0,0.0,221526.0,case_056,1,0.0,0.0,,nan,0.0,incumbent_base,2.14839879200008,277285.0,221600.0,0.0,743175f0c2281513c5ba96ab480f89a6b160427a20f1643bab65d04602081c3c,2.0443928750009945,221600.0,incumbent,0.0,0.0,0.0,0.0,221526.0,incumbent_base,277285.0,743175f0c2281513c5ba96ab480f89a6b160427a20f1643bab65d04602081c3c,2.0443928750009945,incumbent,1.0,0.0,0.0,13737.0,13737.0,20.185266069738663,0.0,,0.0,0.0,C,1.0,AI_VERIFIED,False
277285.0,root1:batch_10,0,0,0,case_056,2,0.0,0.0,,nan,0.0,A1_base,nan,265710.0,221600.0,0.0,8409fef44db08e91c6de77d943eb905ed6aa804a8e46a5023cba31f42949cdee,nan,221600.0,,0.0,0.0,0,0,0,A0_base,277285.0,6edfcfdf0f0ebed15eae820a88921981c92a89a5668d31b916d05f2c4556d7d6,nan,,1.0,11575.0,0.04174405395171033,13737.0,13737.0,19.342651233893864,0.0,,0.0,0.0,A,1.0435625305784502,AI_VERIFIED,False
277285.0,root1:batch_10,0,0,0,case_056,2,0.0,0.0,,nan,0.0,B1_base,nan,265710.0,221600.0,0.0,8409fef44db08e91c6de77d943eb905ed6aa804a8e46a5023cba31f42949cdee,nan,221600.0,,0.0,0.0,0,0,0,B0_base,277285.0,6edfcfdf0f0ebed15eae820a88921981c92a89a5668d31b916d05f2c4556d7d6,nan,,1.0,11575.0,0.04174405395171033,13737.0,13737.0,19.342651233893864,0.0,,0.0,0.0,B,1.0435625305784502,AI_VERIFIED,False
277285.0,root1:batch_10,0.0,0.0,221526.0,case_056,2,0.0,0.0,,nan,0.0,incumbent_base,nan,265710.0,221600.0,0.0,8409fef44db08e91c6de77d943eb905ed6aa804a8e46a5023cba31f42949cdee,nan,221600.0,,0.0,0.0,0.0,0.0,221526.0,incumbent_base,265710.0,8409fef44db08e91c6de77d943eb905ed6aa804a8e46a5023cba31f42949cdee,nan,,1.0435625305784502,0.0,0.0,13737.0,13737.0,19.342651233893864,0.0,,0.0,0.0,C,1.0435625305784502,AI_VERIFIED,False
277285.0,root1:batch_10,0,0,0,case_056,3,0.0,0.0,,nan,0.0,A1_base,nan,265710.0,221600.0,0.0,5fa5d540baf59b21db0ee2557297b2fd127c77fb5b1e6f5758cded051c73e156,nan,221600.0,,0.0,0.0,0,0,0,A0_base,277285.0,68bc113ae1472977602d2c6e2bddb276b476e15067e735b3e3253f315dc97bba,nan,,1.0,11575.0,0.04174405395171033,13737.0,13737.0,19.342651233893864,0.0,,0.0,0.0,A,1.0435625305784502,AI_VERIFIED,False
277285.0,root1:batch_10,0,0,0,case_056,3,0.0,0.0,,nan,0.0,B1_base,nan,265710.0,221600.0,0.0,5fa5d540baf59b21db0ee2557297b2fd127c77fb5b1e6f5758cded051c73e156,nan,221600.0,,0.0,0.0,0,0,0,B0_base,277285.0,68bc113ae1472977602d2c6e2bddb276b476e15067e735b3e3253f315dc97bba,nan,,1.0,11575.0,0.04174405395171033,13737.0,13737.0,19.342651233893864,0.0,,0.0,0.0,B,1.0435625305784502,AI_VERIFIED,False
277285.0,root1:batch_10,0.0,0.0,221526.0,case_056,3,0.0,0.0,,nan,0.0,incumbent_base,nan,265710.0,221600.0,0.0,5fa5d540baf59b21db0ee2557297b2fd127c77fb5b1e6f5758cded051c73e156,nan,221600.0,,0.0,0.0,0.0,0.0,221526.0,incumbent_base,265710.0,5fa5d540baf59b21db0ee2557297b2fd127c77fb5b1e6f5758cded051c73e156,nan,,1.0435625305784502,0.0,0.0,13737.0,13737.0,19.342651233893864,0.0,,0.0,0.0,C,1.0435625305784502,AI_VERIFIED,False
277285.0,root1:batch_10,0,0,0,case_056,4,0.0,0.0,,nan,0.0,A1_base,nan,265710.0,221600.0,0.0,1636f1c92b13c8d4d71fe6c14144968055070012cb1c81a5b71b905a8c5c6b7e,nan,221600.0,,0.0,0.0,0,0,0,A0_base,277285.0,810430b46892bd2469276080ba015af2f479bee9f6aa14fc6604d478c2b9d1a6,nan,,1.0,11575.0,0.04174405395171033,13737.0,13737.0,19.342651233893864,0.0,,0.0,0.0,A,1.0435625305784502,AI_VERIFIED,False
277285.0,root1:batch_10,0,0,0,case_056,4,0.0,0.0,,nan,0.0,B1_base,nan,265710.0,221600.0,0.0,1636f1c92b13c8d4d71fe6c14144968055070012cb1c81a5b71b905a8c5c6b7e,nan,221600.0,,0.0,0.0,0,0,0,B0_base,277285.0,810430b46892bd2469276080ba015af2f479bee9f6aa14fc6604d478c2b9d1a6,nan,,1.0,11575.0,0.04174405395171033,13737.0,13737.0,19.342651233893864,0.0,,0.0,0.0,B,1.0435625305784502,AI_VERIFIED,False
277285.0,root1:batch_10,0.0,0.0,221526.0,case_056,4,0.0,0.0,,nan,0.0,incumbent_base,nan,265710.0,221600.0,0.0,1636f1c92b13c8d4d71fe6c14144968055070012cb1c81a5b71b905a8c5c6b7e,nan,221600.0,,0.0,0.0,0.0,0.0,221526.0,incumbent_base,265710.0,1636f1c92b13c8d4d71fe6c14144968055070012cb1c81a5b71b905a8c5c6b7e,nan,,1.0435625305784502,0.0,0.0,13737.0,13737.0,19.342651233893864,0.0,,0.0,0.0,C,1.0435625305784502,AI_VERIFIED,False
277285.0,root1:batch_10,0,0,0,case_056,5,0.0,0.0,,nan,0.0,A1_base,nan,265710.0,221600.0,0.0,3d61f5c1424a59f568740a9318add70615e8cec9f0686af205c8ac3f9cd25efa,nan,221600.0,,0.0,0.0,0,0,0,A0_base,277285.0,dd7a92d447ff5ef5861d21885db068871c641c9a8ecef82be150b5d5116e3056,nan,,1.0,11575.0,0.04174405395171033,13737.0,13737.0,19.342651233893864,0.0,,0.0,0.0,A,1.0435625305784502,AI_VERIFIED,False
277285.0,root1:batch_10,0,0,0,case_056,5,0.0,0.0,,nan,0.0,B1_base,nan,265710.0,221600.0,0.0,3d61f5c1424a59f568740a9318add70615e8cec9f0686af205c8ac3f9cd25efa,nan,221600.0,,0.0,0.0,0,0,0,B0_base,277285.0,dd7a92d447ff5ef5861d21885db068871c641c9a8ecef82be150b5d5116e3056,nan,,1.0,11575.0,0.04174405395171033,13737.0,13737.0,19.342651233893864,0.0,,0.0,0.0,B,1.0435625305784502,AI_VERIFIED,False
277285.0,root1:batch_10,0.0,0.0,221526.0,case_056,5,0.0,0.0,,nan,0.0,incumbent_base,nan,265710.0,221600.0,0.0,3d61f5c1424a59f568740a9318add70615e8cec9f0686af205c8ac3f9cd25efa,nan,221600.0,,0.0,0.0,0.0,0.0,221526.0,incumbent_base,265710.0,3d61f5c1424a59f568740a9318add70615e8cec9f0686af205c8ac3f9cd25efa,nan,,1.0435625305784502,0.0,0.0,13737.0,13737.0,19.342651233893864,0.0,,0.0,0.0,C,1.0435625305784502,AI_VERIFIED,False
59726.0,root1:batch_15,0,0,0,case_057,1,0.0,0.0,,nan,94216.0,A0_base,nan,59726.0,342460.0,0.0,acd89f79c14e426db3abaaef2c68de7b4ce99efc97a95aebf8438072ab410cf5,nan,436676.0,,94216.0,94216.0,0,0,0,A0_base,59726.0,acd89f79c14e426db3abaaef2c68de7b4ce99efc97a95aebf8438072ab410cf5,nan,,1.0,0.0,0.0,,,,0.0,,,,A,1.0,AI_VERIFIED,False
59726.0,root1:batch_15,0,0,0,case_057,1,0.0,0.0,,nan,200740.0,L2_base,0.1037880829990172,59247.0,342460.0,0.0,86f0f0a5a581911a330cf30c7f24ea9c102e672231a6d9fbb4db71b24074ec2c,0.12494033300026786,543200.0,legacy_seed,200740.0,94216.0,0,0,0,B0_base,59726.0,acd89f79c14e426db3abaaef2c68de7b4ce99efc97a95aebf8438072ab410cf5,nan,,1.0,479.0,0.008019957807320096,,,,0.0,,,,B,1.0080847975424916,AI_VERIFIED,False
59726.0,root1:batch_15,45056.0,0.0907724604220307,451306.0,case_057,1,3.0,45056.0,incumbent_split_topo_g1_p4,59096.0,274492.0,incumbent_split_topo_g1_p4,0.11540162500023143,59096.0,342460.0,0.0,d05b6380bf9e40ee46a168354600a8559dac158de74e6d1125984a02e4c6824c,0.10623766599928786,616952.0,timing,274492.0,200740.0,61440.0,0.1313724400121451,406238.0,incumbent_base,59247.0,86f0f0a5a581911a330cf30c7f24ea9c102e672231a6d9fbb4db71b24074ec2c,nan,,1.0080847975424916,151.0,0.0025486522524347226,,,,94208.0,incumbent_aggregate,,,C,1.0106606200081223,AI_VERIFIED,False
59726.0,root1:batch_15,0,0,0,case_057,2,0.0,0.0,,nan,22304.0,L1_base,0.08684141699995962,30183.0,342460.0,14112.0,c7f56b740bc95c8f645476f5f17828af27b7cf1b528dae9642c647d56e538342,0.08644654199997603,364764.0,legacy_seed,8192.0,94216.0,0,0,0,A0_base,59726.0,9dd4f84034afd845be01e0378761094a4b9ff84a50dac902b57c04ca4efd851c,nan,,1.0,29543.0,0.4946421993771557,,,,0.0,,,,A,1.9787960109995693,AI_VERIFIED,False
59726.0,root1:batch_15,0,0,0,case_057,2,0.0,0.0,,nan,22304.0,L1_base,nan,30183.0,342460.0,14112.0,c7f56b740bc95c8f645476f5f17828af27b7cf1b528dae9642c647d56e538342,nan,364764.0,,8192.0,94216.0,0,0,0,B0_base,59726.0,9dd4f84034afd845be01e0378761094a4b9ff84a50dac902b57c04ca4efd851c,nan,,1.0,29543.0,0.4946421993771557,,,,0.0,,,,B,1.9787960109995693,AI_VERIFIED,False
59726.0,root1:batch_15,22304.0,0.062146829686925316,336588.0,case_057,2,4.0,22304.0,incumbent_split_height_g1_p4,29658.0,22304.0,incumbent_split_height_g1_p4,0.11796966600013548,29658.0,342460.0,14112.0,86abfaab7a8b41ecfad17821034d13daafeecce564ebecb4ffeaea43c73d80c3,0.09819662500012782,364764.0,timing,8192.0,22304.0,22304.0,0.062146829686925316,336588.0,incumbent_base,30183.0,c7f56b740bc95c8f645476f5f17828af27b7cf1b528dae9642c647d56e538342,nan,,1.9787960109995693,525.0,0.017393897226915814,,,,94208.0,C0_base,,,C,2.013824263267921,AI_VERIFIED,False
59726.0,root1:batch_15,0,0,0,case_057,3,0.0,0.0,,nan,14112.0,L1_base,0.08507854100025725,20705.0,342460.0,14112.0,e6132f79ead543c0720b38adde3dc72611b121ae9143816305955871ebc54a87,0.06148700000085228,356572.0,legacy_seed,0.0,94216.0,0,0,0,A0_base,59726.0,d8737e725da531e0b620120927098e86a73cd6d8b00d1a9d617c3a7bc885c1a6,nan,,1.0,39021.0,0.6533335565750259,,,,0.0,,,,A,2.884617242212026,AI_VERIFIED,False
59726.0,root1:batch_15,0,0,0,case_057,3,0.0,0.0,,nan,14112.0,L1_base,nan,20705.0,342460.0,14112.0,e6132f79ead543c0720b38adde3dc72611b121ae9143816305955871ebc54a87,nan,356572.0,,0.0,94216.0,0,0,0,B0_base,59726.0,d8737e725da531e0b620120927098e86a73cd6d8b00d1a9d617c3a7bc885c1a6,nan,,1.0,39021.0,0.6533335565750259,,,,0.0,,,,B,2.884617242212026,AI_VERIFIED,False
59726.0,root1:batch_15,288.0,0.0008212147134302823,350412.0,case_057,3,3.0,288.0,incumbent_base,20705.0,14112.0,incumbent_base,nan,20705.0,342460.0,14112.0,e6132f79ead543c0720b38adde3dc72611b121ae9143816305955871ebc54a87,nan,356572.0,,0.0,14112.0,288.0,0.0008212147134302823,350412.0,incumbent_base,20705.0,e6132f79ead543c0720b38adde3dc72611b121ae9143816305955871ebc54a87,nan,,2.884617242212026,0.0,0.0,,,,94208.0,C0_base,,,C,2.884617242212026,AI_VERIFIED,False
59726.0,root1:batch_15,0,0,0,case_057,4,0.0,0.0,,nan,288.0,A1_base,nan,23930.0,342460.0,288.0,3ed4c097fdf5c66e755d7a9c4af45fc69b0d6b4774805afb1ff5f8f90e185993,nan,342748.0,,0.0,94216.0,0,0,0,A0_base,59726.0,e50676d4499c4c2b01930c972e991b7f1cdd1bf8e16546401e93ee60961af8b1,nan,,1.0,35796.0,0.599336972172923,,,,0.0,,,,A,2.4958629335562055,AI_VERIFIED,False
59726.0,root1:batch_15,0,0,0,case_057,4,0.0,0.0,,nan,28224.0,L1_base,0.1306862919991545,16485.0,342460.0,28224.0,6fda72854bbad6557546e74b3ac73babb5ce6fbdf5be8c4f7122e0daf99c7cbe,0.09551091600042128,370684.0,legacy_seed,0.0,94216.0,0,0,0,B0_base,59726.0,e50676d4499c4c2b01930c972e991b7f1cdd1bf8e16546401e93ee60961af8b1,nan,,1.0,43241.0,0.7239895522887855,,,,0.0,,,,B,3.6230512587200487,AI_VERIFIED,False
59726.0,root1:batch_15,28224.0,0.07736587612249597,336588.0,case_057,4,3.0,28224.0,incumbent_base,16485.0,28224.0,incumbent_base,nan,16485.0,342460.0,28224.0,6fda72854bbad6557546e74b3ac73babb5ce6fbdf5be8c4f7122e0daf99c7cbe,nan,370684.0,,0.0,28224.0,28224.0,0.07736587612249597,336588.0,incumbent_base,16485.0,6fda72854bbad6557546e74b3ac73babb5ce6fbdf5be8c4f7122e0daf99c7cbe,nan,,3.6230512587200487,0.0,0.0,,,,94208.0,C0_base,,,C,3.6230512587200487,AI_VERIFIED,False
59726.0,root1:batch_15,0,0,0,case_057,5,0.0,0.0,,nan,14112.0,L1_base,0.10086516700175707,14028.0,342460.0,14112.0,2dd3c1076d4b30d1c5fdce678979fc8b2990a5bf69db5be6cfc84139a1ab15e0,0.07987812499959546,356572.0,legacy_seed,0.0,94216.0,0,0,0,A0_base,59726.0,660a5b6a22b1ecc2b027201b560865fcf36d3026f797621cc43748d6e95f6005,nan,,1.0,45698.0,0.765127415196062,,,,0.0,,,,A,4.257627601938979,AI_VERIFIED,False
59726.0,root1:batch_15,0,0,0,case_057,5,0.0,0.0,,nan,14112.0,L1_base,nan,14028.0,342460.0,14112.0,2dd3c1076d4b30d1c5fdce678979fc8b2990a5bf69db5be6cfc84139a1ab15e0,nan,356572.0,,0.0,94216.0,0,0,0,B0_base,59726.0,660a5b6a22b1ecc2b027201b560865fcf36d3026f797621cc43748d6e95f6005,nan,,1.0,45698.0,0.765127415196062,,,,0.0,,,,B,4.257627601938979,AI_VERIFIED,False
59726.0,root1:batch_15,13824.0,0.03941830624465355,336876.0,case_057,5,3.0,13824.0,incumbent_base,14028.0,14112.0,incumbent_base,nan,14028.0,342460.0,14112.0,2dd3c1076d4b30d1c5fdce678979fc8b2990a5bf69db5be6cfc84139a1ab15e0,nan,356572.0,,0.0,14112.0,13824.0,0.03941830624465355,336876.0,incumbent_base,14028.0,2dd3c1076d4b30d1c5fdce678979fc8b2990a5bf69db5be6cfc84139a1ab15e0,nan,,4.257627601938979,0.0,0.0,,,,94208.0,C0_base,,,C,4.257627601938979,AI_VERIFIED,False
4539717.0,root1:batch_14,0,0,0,case_058,1,0.0,0.0,,nan,28782592.0,A2_base,6.4355094590009685,4527949.0,7667712.0,2027520.0,09414af5f63c9aa8539261c976eb52c78d78f5af33eddf33825dad81f88ac55a,6.637997125000766,36450304.0,seed,26755072.0,28696576.0,0,0,0,A0_base,4539717.0,ff71c780c30ca091e2677bec8c5d6320f2d7acb191c9f44dbc2e314322d098c5,nan,,1.0,11768.0,0.002592232070853756,746.0,127795.2,35.431291629106575,0.0,,0.0,0.0,A,1.0025989692021708,AI_VERIFIED,False
4539717.0,root1:batch_14,0,0,0,case_058,1,0.0,0.0,,nan,28696576.0,B0_base,nan,4539717.0,7667712.0,0.0,ff71c780c30ca091e2677bec8c5d6320f2d7acb191c9f44dbc2e314322d098c5,nan,36364288.0,,28696576.0,28696576.0,0,0,0,B0_base,4539717.0,ff71c780c30ca091e2677bec8c5d6320f2d7acb191c9f44dbc2e314322d098c5,nan,,1.0,0.0,0.0,746.0,127795.2,35.52337646484375,0.0,,0.0,0.0,B,1.0,AI_VERIFIED,False
4539717.0,root1:batch_14,0.0,0.0,35344384.0,case_058,1,0.0,0.0,,nan,28721152.0,incumbent_split_topo_g0_p4,12.654153915998904,4533133.0,7667712.0,0.0,ca83bd4c4bd2a07c796a4847822fe765495b8a43367228ea5222a136e8c3b989,12.706738625000071,36388864.0,timing,28721152.0,28696576.0,0.0,0.0,35319808.0,incumbent_base,4539717.0,ff71c780c30ca091e2677bec8c5d6320f2d7acb191c9f44dbc2e314322d098c5,nan,,1.0,6584.0,0.0014503106691452353,746.0,127795.2,35.47185653295273,0.0,,0.0,0.0,C,1.001452417125198,AI_VERIFIED,False
4539717.0,root1:batch_14,0,0,0,case_058,2,0.0,0.0,,nan,33431552.0,A1_base,nan,2271316.0,7667712.0,6623232.0,ac5f9e8dd0b7c07660db9152e11021788c3a376b27f0b35c5d12a640413cf087,nan,41099264.0,,26808320.0,28696576.0,0,0,0,A0_base,4539717.0,76f0ee3ccd603871171beab90c4d121f7326c99cbabb3a0841efb167b95c59eb,nan,,1.0,2268401.0,0.4996789447447936,746.0,127795.2,17.77309319911859,0.0,,0.0,0.0,A,1.9987166030618373,AI_VERIFIED,False
4539717.0,root1:batch_14,0,0,0,case_058,2,0.0,0.0,,nan,33435648.0,r1_boundary_n1062_c1_p0,8.56211204200008,2268376.0,7667712.0,6631424.0,164a5e0bc54907cf832f5bf4ec31cc2435b7aa6ad19c10fa91d14778628a8d85,11.0304114999999,41103360.0,ordinary_chain,26804224.0,28696576.0,0,0,0,B0_base,4539717.0,76f0ee3ccd603871171beab90c4d121f7326c99cbabb3a0841efb167b95c59eb,nan,,1.0,2271341.0,0.5003265622064107,746.0,127795.2,17.750087640224358,0.0,,0.0,0.0,B,2.0013071025262126,AI_VERIFIED,False
4539717.0,root1:batch_14,4317184.0,0.10778198179772983,35737600.0,case_058,2,3.0,4317184.0,incumbent_base,2266610.0,33435648.0,incumbent_base,nan,2266610.0,7667712.0,6631424.0,164a5e0bc54907cf832f5bf4ec31cc2435b7aa6ad19c10fa91d14778628a8d85,nan,41103360.0,,26804224.0,33435648.0,4317184.0,0.10778198179772983,35737600.0,incumbent_base,2266610.0,164a5e0bc54907cf832f5bf4ec31cc2435b7aa6ad19c10fa91d14778628a8d85,nan,,2.0028663951892915,0.0,0.0,746.0,127795.2,17.736268654847755,4390912.0,r1_boundary_n1060_c1_p0,0.0,0.0,C,2.0028663951892915,AI_VERIFIED,False
4539717.0,root1:batch_14,0,0,0,case_058,3,0.0,0.0,,nan,29859840.0,A2_base,4.91752329100018,1541578.0,7667712.0,10678272.0,a04d829de26a0411578bd362196d3996896152a411bc04b5db1e4214dc51ef01,4.376013250001051,37527552.0,seed,19181568.0,28696576.0,0,0,0,A0_base,4539717.0,5a17f85d7b0e96e01f405a84d30247079e07bd0ed7fdcd787e2a77a289611434,nan,,1.0,2998139.0,0.660424207059603,746.0,127795.2,12.062878730969551,0.0,,0.0,0.0,A,2.944850666005872,AI_VERIFIED,False
4539717.0,root1:batch_14,0,0,0,case_058,3,0.0,0.0,,nan,30400512.0,B1_base,nan,1554831.0,7667712.0,9191424.0,4371c5e6077c734b869238fa26b8076a4b821f0e436604bc8d0c5136595593aa,nan,38068224.0,,21209088.0,28696576.0,0,0,0,B0_base,4539717.0,5a17f85d7b0e96e01f405a84d30247079e07bd0ed7fdcd787e2a77a289611434,nan,,1.0,2984886.0,0.6575048620872183,746.0,127795.2,12.166583721454327,0.0,,0.0,0.0,B,2.9197494775959574,AI_VERIFIED,False
4539717.0,root1:batch_14,6488064.0,0.17502762430939225,30580736.0,case_058,3,2.0,6488064.0,incumbent_split_topo_g0_p4,1533246.0,30445568.0,incumbent_split_topo_g0_p4,7.765001959000074,1533246.0,7667712.0,9191424.0,9a2f6e72fcc8b50cca0a7f64f699f682e0cd3a4696021938e14c5088b51a02f2,8.230513374999646,38113280.0,timing,21254144.0,30400512.0,0.0,0.0,37023744.0,incumbent_base,1554831.0,4371c5e6077c734b869238fa26b8076a4b821f0e436604bc8d0c5136595593aa,nan,,2.9197494775959574,21585.0,0.013882537716317723,746.0,127795.2,11.9976806640625,6488064.0,incumbent_split_topo_g0_p4,0.0,0.0,C,2.960853639924709,AI_VERIFIED,False
4539717.0,root1:batch_14,0,0,0,case_058,4,0.0,0.0,,nan,42622976.0,A1_base,nan,1154519.0,7667712.0,19869696.0,9082aeab7bc3e1b5720265551e601a49f424891217b18052d4fa077147478a93,nan,50290688.0,,22753280.0,28696576.0,0,0,0,A0_base,4539717.0,598320b34c3d1ccb6372b604483da89ec4d5c19891a1f9b71ea62073069d5875,nan,,1.0,3385198.0,0.7456848081058798,746.0,127795.2,9.034134302383814,0.0,,0.0,0.0,A,3.9321284448328697,AI_VERIFIED,False
4539717.0,root1:batch_14,0,0,0,case_058,4,0.0,0.0,,nan,42622976.0,B1_base,nan,1154519.0,7667712.0,19869696.0,9082aeab7bc3e1b5720265551e601a49f424891217b18052d4fa077147478a93,nan,50290688.0,,22753280.0,28696576.0,0,0,0,B0_base,4539717.0,598320b34c3d1ccb6372b604483da89ec4d5c19891a1f9b71ea62073069d5875,nan,,1.0,3385198.0,0.7456848081058798,746.0,127795.2,9.034134302383814,0.0,,0.0,0.0,B,3.9321284448328697,AI_VERIFIED,False
4539717.0,root1:batch_14,13246464.0,0.2689844464775846,35999744.0,case_058,4,2.0,13246464.0,incumbent_base,1142629.0,42622976.0,incumbent_base,nan,1142629.0,7667712.0,19869696.0,9082aeab7bc3e1b5720265551e601a49f424891217b18052d4fa077147478a93,nan,50290688.0,,22753280.0,42622976.0,13246464.0,0.2689844464775846,35999744.0,incumbent_base,1142629.0,9082aeab7bc3e1b5720265551e601a49f424891217b18052d4fa077147478a93,nan,,3.973045494206781,0.0,0.0,746.0,127795.2,8.941094814202724,13246464.0,incumbent_base,0.0,0.0,C,3.973045494206781,AI_VERIFIED,False
4539717.0,root1:batch_14,0,0,0,case_058,5,0.0,0.0,,nan,32104448.0,A1_base,nan,1004819.0,7667712.0,18382848.0,eed4857ef51a37c21b19800d4c5eb107d89014223e46e7c918968d3bb56f181f,nan,39772160.0,,13721600.0,28696576.0,0,0,0,A0_base,4539717.0,6e1efc6d9b5d50ef699cc0b5cee365d5c524ef0166e4ed77f4cafdc1427948c2,nan,,1.0,3534898.0,0.7786604319167912,746.0,127795.2,7.862728803585737,0.0,,0.0,0.0,A,4.517945022934478,AI_VERIFIED,False
4539717.0,root1:batch_14,0,0,0,case_058,5,0.0,0.0,,nan,32104448.0,B1_base,nan,1004819.0,7667712.0,18382848.0,eed4857ef51a37c21b19800d4c5eb107d89014223e46e7c918968d3bb56f181f,nan,39772160.0,,13721600.0,28696576.0,0,0,0,B0_base,4539717.0,6e1efc6d9b5d50ef699cc0b5cee365d5c524ef0166e4ed77f4cafdc1427948c2,nan,,1.0,3534898.0,0.7786604319167912,746.0,127795.2,7.862728803585737,0.0,,0.0,0.0,B,4.517945022934478,AI_VERIFIED,False
4539717.0,root1:batch_14,0.0,0.0,38727680.0,case_058,5,0.0,0.0,,nan,32104448.0,incumbent_base,nan,1004819.0,7667712.0,18382848.0,eed4857ef51a37c21b19800d4c5eb107d89014223e46e7c918968d3bb56f181f,nan,39772160.0,,13721600.0,32104448.0,0.0,0.0,38727680.0,incumbent_base,1004819.0,eed4857ef51a37c21b19800d4c5eb107d89014223e46e7c918968d3bb56f181f,nan,,4.517945022934478,0.0,0.0,746.0,127795.2,7.862728803585737,0.0,,0.0,0.0,C,4.517945022934478,AI_VERIFIED,False
829473.0,root1:batch_15,0,0,0,case_059,1,0.0,0.0,,nan,2072576.0,A2_base,0.5015962920006132,818974.0,1343488.0,720896.0,204136670c6c9669ba68c3a417d810a1d9b2663eeb27626501cd328d33d947e7,0.4333993330001249,3416064.0,seed,1351680.0,1691648.0,0,0,0,A0_base,829473.0,2e6a67d7d77f4b2e1ea02410090335b393c7c9d2780064849fbac16238d5ce03,nan,,1.0,10499.0,0.012657434298645043,,,,0.0,,,,A,1.0128196987938567,AI_VERIFIED,False
829473.0,root1:batch_15,0,0,0,case_059,1,0.0,0.0,,nan,1691648.0,B0_base,nan,829473.0,1343488.0,0.0,2e6a67d7d77f4b2e1ea02410090335b393c7c9d2780064849fbac16238d5ce03,nan,3035136.0,,1691648.0,1691648.0,0,0,0,B0_base,829473.0,2e6a67d7d77f4b2e1ea02410090335b393c7c9d2780064849fbac16238d5ce03,nan,,1.0,0.0,0.0,,,,0.0,,,,B,1.0,AI_VERIFIED,False
829473.0,root1:batch_15,1691648.0,0.6100443131462334,1081344.0,case_059,1,1.0,1691648.0,incumbent_base,815938.0,1691648.0,incumbent_base,0.5409697919985774,815938.0,1343488.0,0.0,2e6a67d7d77f4b2e1ea02410090335b393c7c9d2780064849fbac16238d5ce03,0.5016552919987589,3035136.0,incumbent,1691648.0,1691648.0,1691648.0,0.6100443131462334,1081344.0,incumbent_base,815938.0,2e6a67d7d77f4b2e1ea02410090335b393c7c9d2780064849fbac16238d5ce03,0.5016552919987589,incumbent,1.0165882701871956,0.0,0.0,,,,1691648.0,incumbent_base,,,C,1.0165882701871956,AI_VERIFIED,False
829473.0,root1:batch_15,0,0,0,case_059,2,0.0,0.0,,nan,360448.0,A1_base,nan,369318.0,1343488.0,360448.0,6d26e457586baeb0f7e40ed87a5db0472b8a41178e814674fe5bd4cc7ad9e095,nan,1703936.0,,0.0,1691648.0,0,0,0,A0_base,829473.0,160588863e796d8cb0892372648c8ce99b3060fdf3baf1dd1e71d3743d804927,nan,,1.0,460155.0,0.5547558510041918,,,,0.0,,,,A,2.2459587672412393,AI_VERIFIED,False
829473.0,root1:batch_15,0,0,0,case_059,2,0.0,0.0,,nan,360448.0,B1_base,nan,369318.0,1343488.0,360448.0,6d26e457586baeb0f7e40ed87a5db0472b8a41178e814674fe5bd4cc7ad9e095,nan,1703936.0,,0.0,1691648.0,0,0,0,B0_base,829473.0,160588863e796d8cb0892372648c8ce99b3060fdf3baf1dd1e71d3743d804927,nan,,1.0,460155.0,0.5547558510041918,,,,0.0,,,,B,2.2459587672412393,AI_VERIFIED,False
829473.0,root1:batch_15,0.0,0.0,1441792.0,case_059,2,1.0,1691648.0,C0_base,815938.0,360448.0,incumbent_base,nan,369318.0,1343488.0,360448.0,6d26e457586baeb0f7e40ed87a5db0472b8a41178e814674fe5bd4cc7ad9e095,nan,1703936.0,,0.0,360448.0,0.0,0.0,1441792.0,incumbent_base,369318.0,6d26e457586baeb0f7e40ed87a5db0472b8a41178e814674fe5bd4cc7ad9e095,nan,,2.2459587672412393,0.0,0.0,,,,1691648.0,C0_base,,,C,2.2459587672412393,AI_VERIFIED,True
829473.0,root1:batch_15,0,0,0,case_059,3,0.0,0.0,,nan,2998272.0,A1_base,nan,266217.0,1343488.0,2162688.0,a33ed9026d2844a3f63b4da2a7324c129a547b2f5a787e328a945100c4e0de99,nan,4341760.0,,835584.0,1691648.0,0,0,0,A0_base,829473.0,e087a456259955e4eacaf1fb3bf484858ac79a5ac3b89cb1c59f69384979686d,nan,,1.0,563256.0,0.6790528443963818,,,,0.0,,,,A,3.1157777301975456,AI_VERIFIED,False
829473.0,root1:batch_15,0,0,0,case_059,3,0.0,0.0,,nan,2998272.0,B1_base,nan,266217.0,1343488.0,2162688.0,a33ed9026d2844a3f63b4da2a7324c129a547b2f5a787e328a945100c4e0de99,nan,4341760.0,,835584.0,1691648.0,0,0,0,B0_base,829473.0,e087a456259955e4eacaf1fb3bf484858ac79a5ac3b89cb1c59f69384979686d,nan,,1.0,563256.0,0.6790528443963818,,,,0.0,,,,B,3.1157777301975456,AI_VERIFIED,False
829473.0,root1:batch_15,2961408.0,0.7186878727634195,1159168.0,case_059,3,3.0,2961408.0,r2_boundary_n353_c2_p0,257883.0,3047424.0,r2_boundary_n353_c2_p0,0.5450932080002531,257883.0,1343488.0,2179072.0,a3713d3eca1c3d34c8fa2b551042aaaa3b60d41a074d56f2c4bba6342aab1fae,0.4919536670004163,4390912.0,ordinary_chain,868352.0,2998272.0,2787328.0,0.6832329317269076,1292288.0,incumbent_base,262333.0,a33ed9026d2844a3f63b4da2a7324c129a547b2f5a787e328a945100c4e0de99,nan,,3.1619087190707993,4450.0,0.01696317276133769,,,,2961408.0,r2_boundary_n353_c2_p0,,,C,3.216470259768965,AI_VERIFIED,False
829473.0,root1:batch_15,0,0,0,case_059,4,0.0,0.0,,nan,1081344.0,A1_base,nan,185216.0,1343488.0,1081344.0,8114d6a4cf5c94a123d8806767a6033fd902ca76b31185afd5ee083991d1e6b5,nan,2424832.0,,0.0,1691648.0,0,0,0,A0_base,829473.0,92e191033d5f24dc8cf7bcdb3f882a7cead664bcc832fea71e34cb57790c81db,nan,,1.0,644257.0,0.7767064147959005,,,,0.0,,,,A,4.478408992743607,AI_VERIFIED,False
829473.0,root1:batch_15,0,0,0,case_059,4,0.0,0.0,,nan,1081344.0,B1_base,nan,185216.0,1343488.0,1081344.0,8114d6a4cf5c94a123d8806767a6033fd902ca76b31185afd5ee083991d1e6b5,nan,2424832.0,,0.0,1691648.0,0,0,0,B0_base,829473.0,92e191033d5f24dc8cf7bcdb3f882a7cead664bcc832fea71e34cb57790c81db,nan,,1.0,644257.0,0.7767064147959005,,,,0.0,,,,B,4.478408992743607,AI_VERIFIED,False
829473.0,root1:batch_15,0.0,0.0,2162688.0,case_059,4,1.0,1691648.0,C0_base,815938.0,1081344.0,incumbent_base,nan,185216.0,1343488.0,1081344.0,8114d6a4cf5c94a123d8806767a6033fd902ca76b31185afd5ee083991d1e6b5,nan,2424832.0,,0.0,1081344.0,0.0,0.0,2162688.0,incumbent_base,185216.0,8114d6a4cf5c94a123d8806767a6033fd902ca76b31185afd5ee083991d1e6b5,nan,,4.478408992743607,0.0,0.0,,,,1691648.0,C0_base,,,C,4.478408992743607,AI_VERIFIED,True
829473.0,root1:batch_15,0,0,0,case_059,5,0.0,0.0,,nan,4325376.0,A1_base,nan,150782.0,1343488.0,4325376.0,33d21a9aecd3b52b1777744d15b578d06ef2cd7e114f9f41e1749722eb2d7be4,nan,5668864.0,,0.0,1691648.0,0,0,0,A0_base,829473.0,77309f3f12562baf1ce4b238b70ea888a17dc0fbeb370c671b3e0856a91820c5,nan,,1.0,678691.0,0.8182195201049342,,,,0.0,,,,A,5.501140719714555,AI_VERIFIED,False
829473.0,root1:batch_15,0,0,0,case_059,5,0.0,0.0,,nan,4325376.0,B1_base,nan,150782.0,1343488.0,4325376.0,33d21a9aecd3b52b1777744d15b578d06ef2cd7e114f9f41e1749722eb2d7be4,nan,5668864.0,,0.0,1691648.0,0,0,0,B0_base,829473.0,77309f3f12562baf1ce4b238b70ea888a17dc0fbeb370c671b3e0856a91820c5,nan,,1.0,678691.0,0.8182195201049342,,,,0.0,,,,B,5.501140719714555,AI_VERIFIED,False
829473.0,root1:batch_15,3989504.0,0.7378787878787879,1417216.0,case_059,5,2.0,3989504.0,incumbent_base,150736.0,4325376.0,incumbent_base,nan,150736.0,1343488.0,4325376.0,33d21a9aecd3b52b1777744d15b578d06ef2cd7e114f9f41e1749722eb2d7be4,nan,5668864.0,,0.0,4325376.0,3989504.0,0.7378787878787879,1417216.0,incumbent_base,150736.0,33d21a9aecd3b52b1777744d15b578d06ef2cd7e114f9f41e1749722eb2d7be4,nan,,5.502819498991615,0.0,0.0,,,,3989504.0,incumbent_base,,,C,5.502819498991615,AI_VERIFIED,False
888789.0,root1:batch_14,0,0,0,case_060,1,0.0,0.0,,nan,2398344.0,L2_base,0.677649040999313,886258.0,2099006.0,1183872.0,285e83754357e0c4357484b90336b4749acc5fa00ab259cbfdcce7e90b41ba74,0.5754495000001043,4497350.0,legacy_seed,1214472.0,2068520.0,0,0,0,A0_base,888789.0,1bf1e8d665a7ae8b468b8fb45b8bffc663e14d7443fb16f75feb6c65e761eac8,nan,,1.0,2531.0,0.002847695009726718,,,,0.0,,,,A,1.0028558275355484,AI_VERIFIED,False
888789.0,root1:batch_14,0,0,0,case_060,1,0.0,0.0,,nan,1869960.0,q1_warm_base,nan,885660.0,2099006.0,0.0,285e83754357e0c4357484b90336b4749acc5fa00ab259cbfdcce7e90b41ba74,nan,3968966.0,,1869960.0,2068520.0,0,0,0,B0_base,888789.0,1bf1e8d665a7ae8b468b8fb45b8bffc663e14d7443fb16f75feb6c65e761eac8,nan,,1.0,3129.0,0.0035205206185045046,,,,0.0,,,,B,1.0035329584716484,AI_VERIFIED,False
888789.0,root1:batch_14,970754.0,0.2415464682978876,3048158.0,case_060,1,3.0,970754.0,incumbent_split_topo_g1_p4,883441.0,1977582.0,incumbent_split_topo_g1_p4,1.0009118329999183,883441.0,2099006.0,0.0,ff53ec0d434e36d9c883082145ee994b3fad27d505000e7fb91a082b3ddab1bc,1.005434000000605,4076588.0,timing,1977582.0,1869960.0,1011712.0,0.25492379841781304,2956972.0,incumbent_base,884971.0,285e83754357e0c4357484b90336b4749acc5fa00ab259cbfdcce7e90b41ba74,nan,,1.0043142656652027,1530.0,0.0017288702115662547,,,,1763336.0,incumbent_aggregate,,,C,1.006053601768539,AI_VERIFIED,False
888789.0,root1:batch_14,0,0,0,case_060,2,0.0,0.0,,nan,2603148.0,L1_base,0.7312746669995249,443955.0,2099006.0,1208448.0,6d78f1543fc9247be5c6b8bcd3d3b0f33f599b93765ee6b9b61bb4be4737b7d0,0.67573504199936,4702154.0,legacy_seed,1394700.0,2068520.0,0,0,0,A0_base,888789.0,b7113e19f771f8c1944f0f17f26d0749904081074a4691cedac7a48022c98ae1,nan,,1.0,444834.0,0.5004944930686586,,,,0.0,,,,A,2.001979930398351,AI_VERIFIED,False
888789.0,root1:batch_14,0,0,0,case_060,2,0.0,0.0,,nan,2603148.0,L1_base,nan,443955.0,2099006.0,1208448.0,6d78f1543fc9247be5c6b8bcd3d3b0f33f599b93765ee6b9b61bb4be4737b7d0,nan,4702154.0,,1394700.0,2068520.0,0,0,0,B0_base,888789.0,b7113e19f771f8c1944f0f17f26d0749904081074a4691cedac7a48022c98ae1,nan,,1.0,444834.0,0.5004944930686586,,,,0.0,,,,B,2.001979930398351,AI_VERIFIED,False
888789.0,root1:batch_14,2093056.0,0.4471961572498749,2587342.0,case_060,2,4.0,2093056.0,incumbent_split_topo_g0_p4,437319.0,2715852.0,incumbent_split_topo_g0_p4,0.8190568330010137,437319.0,2099006.0,1208448.0,cd6e6542d71df93595c2a9327b99f8cb0aedf1ceeff1f8f20116c927c3846d55,0.7181706669998675,4814858.0,timing,1507404.0,2603148.0,2029696.0,0.4316784598468269,2672174.0,incumbent_base,443733.0,6d78f1543fc9247be5c6b8bcd3d3b0f33f599b93765ee6b9b61bb4be4737b7d0,nan,,2.002981522672418,6414.0,0.014454638262198213,,,,2093056.0,incumbent_split_topo_g0_p4,,,C,2.0323585300432865,AI_VERIFIED,False
888789.0,root1:batch_14,0,0,0,case_060,3,0.0,0.0,,nan,3221760.0,L1_base,0.7479523750007502,298210.0,2099006.0,2355456.0,efc0c16d8b787d758a679a8f642830ee6097fbf93936f03466558b044335249f,0.6014595839988033,5320766.0,legacy_seed,866304.0,2068520.0,0,0,0,A0_base,888789.0,ccd4ffce313ce9071165d0970eca5b71813aea43a59042c6932207145e91a2f9,nan,,1.0,590579.0,0.6644760454956126,,,,0.0,,,,A,2.980413131685725,AI_VERIFIED,False
888789.0,root1:batch_14,0,0,0,case_060,3,0.0,0.0,,nan,3221760.0,L1_base,nan,298210.0,2099006.0,2355456.0,efc0c16d8b787d758a679a8f642830ee6097fbf93936f03466558b044335249f,nan,5320766.0,,866304.0,2068520.0,0,0,0,B0_base,888789.0,ccd4ffce313ce9071165d0970eca5b71813aea43a59042c6932207145e91a2f9,nan,,1.0,590579.0,0.6644760454956126,,,,0.0,,,,B,2.980413131685725,AI_VERIFIED,False
888789.0,root1:batch_14,2546816.0,0.47858879205759564,2774696.0,case_060,3,4.0,2546816.0,incumbent_disperse_tid_1000002029_node_2884_core_0_pos_0,297002.0,3225856.0,incumbent_disperse_tid_1000002029_node_2884_core_0_pos_0,0.9817926249997981,297002.0,2099006.0,2359552.0,5d237c599cb10bab46a694d3b7fdea97a116f1ebbc7cc39f67b65bbe7bc52b14,0.8806905830006144,5324862.0,disperse,866304.0,3221760.0,2556032.0,0.48041307489087465,2764456.0,incumbent_base,297398.0,efc0c16d8b787d758a679a8f642830ee6097fbf93936f03466558b044335249f,nan,,2.9885506963732102,396.0,0.0013315489680495497,,,,2556032.0,incumbent_base,,,C,2.9925354038019947,AI_VERIFIED,False
888789.0,root1:batch_14,0,0,0,case_060,4,0.0,0.0,,nan,3930376.0,L1_base,0.7724569170004543,221720.0,2099006.0,3184896.0,6358837aae73be7557d0bc36f85d67a841242a511a878814e8bead7f3c67bc3b,0.5990685420001682,6029382.0,legacy_seed,745480.0,2068520.0,0,0,0,A0_base,888789.0,028fd1a433908b7a372b2f46f0d3a64b7356294aacf472f936e4806fe775a2f4,nan,,1.0,667069.0,0.7505369665916207,,,,0.0,,,,A,4.0086099585062245,AI_VERIFIED,False
888789.0,root1:batch_14,0,0,0,case_060,4,0.0,0.0,,nan,3930376.0,L1_base,nan,221720.0,2099006.0,3184896.0,6358837aae73be7557d0bc36f85d67a841242a511a878814e8bead7f3c67bc3b,nan,6029382.0,,745480.0,2068520.0,0,0,0,B0_base,888789.0,028fd1a433908b7a372b2f46f0d3a64b7356294aacf472f936e4806fe775a2f4,nan,,1.0,667069.0,0.7505369665916207,,,,0.0,,,,B,4.0086099585062245,AI_VERIFIED,False
888789.0,root1:batch_14,2753664.0,0.4784244883152191,3002028.0,case_060,4,4.0,2753664.0,incumbent_split_topo_g0_p4,221694.0,3656968.0,incumbent_split_topo_g0_p4,0.9224965419998625,221694.0,2099006.0,3184896.0,a9ef9275b8deb6b3e0da382ae53691fbf69c1acd816b1826b1d4bcd0bcc2aec2,0.8730569580002339,5755974.0,timing,472072.0,3930376.0,2904192.0,0.48169577548887893,3124908.0,incumbent_base,221694.0,6358837aae73be7557d0bc36f85d67a841242a511a878814e8bead7f3c67bc3b,nan,,4.009080083358143,0.0,0.0,,,,2904192.0,incumbent_base,,,C,4.009080083358143,AI_VERIFIED,False
888789.0,root1:batch_14,0,0,0,case_060,5,0.0,0.0,,nan,3948928.0,L1_base,0.8519057500016061,175702.0,2099006.0,3778944.0,54ad13b1ffeb9242c5d1c322762d372219fc9eb40b25e9f40049079c5165c63a,0.649996292000651,6047934.0,legacy_seed,169984.0,2068520.0,0,0,0,A0_base,888789.0,2875b8b01bcffe22e8c996b930f0417cf7c5aff57b6ebaa31cdb58b8b80ea884,nan,,1.0,713087.0,0.8023130349273,,,,0.0,,,,A,5.05850246439995,AI_VERIFIED,False
888789.0,root1:batch_14,0,0,0,case_060,5,0.0,0.0,,nan,3948928.0,L1_base,nan,175702.0,2099006.0,3778944.0,54ad13b1ffeb9242c5d1c322762d372219fc9eb40b25e9f40049079c5165c63a,nan,6047934.0,,169984.0,2068520.0,0,0,0,B0_base,888789.0,2875b8b01bcffe22e8c996b930f0417cf7c5aff57b6ebaa31cdb58b8b80ea884,nan,,1.0,713087.0,0.8023130349273,,,,0.0,,,,B,5.05850246439995,AI_VERIFIED,False
888789.0,root1:batch_14,3179904.0,0.5258076848286344,2867752.0,case_060,5,3.0,3179904.0,incumbent_base,175626.0,3948928.0,incumbent_base,nan,175626.0,2099006.0,3778944.0,54ad13b1ffeb9242c5d1c322762d372219fc9eb40b25e9f40049079c5165c63a,nan,6047934.0,,169984.0,3948928.0,3179904.0,0.5258076848286344,2867752.0,incumbent_base,175626.0,54ad13b1ffeb9242c5d1c322762d372219fc9eb40b25e9f40049079c5165c63a,nan,,5.060691469372417,0.0,0.0,,,,3179904.0,incumbent_base,,,C,5.060691469372417,AI_VERIFIED,False
77191.0,root1:batch_08,0,0,0,case_061,1,0.0,0.0,,nan,0.0,A0_base,nan,77191.0,544188.0,0.0,edb353981bb45230de54747db9aa340d4d2df60e2525987635147267b7b99e11,nan,544188.0,,0.0,0.0,0,0,0,A0_base,77191.0,edb353981bb45230de54747db9aa340d4d2df60e2525987635147267b7b99e11,nan,,1.0,0.0,0.0,11506.0,11506.0,6.708760646619155,0.0,,0.0,0.0,A,1.0,AI_VERIFIED,False
77191.0,root1:batch_08,0,0,0,case_061,1,0.0,0.0,,nan,0.0,B0_base,nan,77191.0,544188.0,0.0,edb353981bb45230de54747db9aa340d4d2df60e2525987635147267b7b99e11,nan,544188.0,,0.0,0.0,0,0,0,B0_base,77191.0,edb353981bb45230de54747db9aa340d4d2df60e2525987635147267b7b99e11,nan,,1.0,0.0,0.0,11506.0,11506.0,6.708760646619155,0.0,,0.0,0.0,B,1.0,AI_VERIFIED,False
77191.0,root1:batch_08,0.0,0.0,544036.0,case_061,1,0.0,0.0,,nan,0.0,incumbent_base,0.22464662499987753,77191.0,544188.0,0.0,edb353981bb45230de54747db9aa340d4d2df60e2525987635147267b7b99e11,0.20883154199873388,544188.0,incumbent,0.0,0.0,0.0,0.0,544036.0,incumbent_base,77191.0,edb353981bb45230de54747db9aa340d4d2df60e2525987635147267b7b99e11,0.20883154199873388,incumbent,1.0,0.0,0.0,11506.0,11506.0,6.708760646619155,0.0,,0.0,0.0,C,1.0,AI_VERIFIED,False
77191.0,root1:batch_08,0,0,0,case_061,2,0.0,0.0,,nan,34560.0,A1_base,nan,39298.0,544188.0,34560.0,8ad39aa8c05596ca39e5cc1ac892daa5250d15c6a44a2672a811741cb73a8482,nan,578748.0,,0.0,0.0,0,0,0,A0_base,77191.0,487d445b52fa0c6f0b3d03791ea76b64c2371c16f57c98865d71d6c314e57d01,nan,,1.0,37893.0,0.49089919809304194,11506.0,11506.0,3.4154354249956542,0.0,,0.0,0.0,A,1.9642475444042953,AI_VERIFIED,False
77191.0,root1:batch_08,0,0,0,case_061,2,0.0,0.0,,nan,34560.0,B1_base,nan,39298.0,544188.0,34560.0,8ad39aa8c05596ca39e5cc1ac892daa5250d15c6a44a2672a811741cb73a8482,nan,578748.0,,0.0,0.0,0,0,0,B0_base,77191.0,487d445b52fa0c6f0b3d03791ea76b64c2371c16f57c98865d71d6c314e57d01,nan,,1.0,37893.0,0.49089919809304194,11506.0,11506.0,3.4154354249956542,0.0,,0.0,0.0,B,1.9642475444042953,AI_VERIFIED,False
77191.0,root1:batch_08,42752.0,0.07260425653322827,546084.0,case_061,2,2.0,42752.0,incumbent_disperse_tid_2232_node_2233_core_1_pos_0,38792.0,46848.0,incumbent_disperse_tid_2232_node_2233_core_1_pos_0,0.2456297500011715,38792.0,544188.0,46848.0,3cf56475ed9b90d863f866e321f09770c13a7a90e37348e3c6458e7f9d099529,0.2536467919999268,591036.0,disperse,0.0,34560.0,34560.0,0.05973079661802017,544036.0,incumbent_base,39272.0,8ad39aa8c05596ca39e5cc1ac892daa5250d15c6a44a2672a811741cb73a8482,nan,,1.9655479731106131,480.0,0.012222448563862294,11506.0,11506.0,3.371458369546324,42752.0,incumbent_disperse_tid_2232_node_2233_core_1_pos_0,0.0,0.0,C,1.9898690451639514,AI_VERIFIED,False
77191.0,root1:batch_08,0,0,0,case_061,3,0.0,0.0,,nan,36096.0,L1_base,0.2037207089997537,30303.0,544188.0,36096.0,861455fdbcb7e51f6a45bd239dc34fda5d0e8f4eb793f992f8e2320585baa1be,0.19529404199965938,580284.0,legacy_seed,0.0,0.0,0,0,0,A0_base,77191.0,abfe9f08d45d5b5c6e623e2ea8ccda1fb344c33289266fb7a40d6a6c878be927,nan,,1.0,46888.0,0.6074283271365832,11506.0,11506.0,2.633669389883539,0.0,,0.0,0.0,A,2.5473055473055473,AI_VERIFIED,False
77191.0,root1:batch_08,0,0,0,case_061,3,0.0,0.0,,nan,36096.0,L1_base,0.22520358299880172,30303.0,544188.0,36096.0,861455fdbcb7e51f6a45bd239dc34fda5d0e8f4eb793f992f8e2320585baa1be,0.21790670799964573,580284.0,legacy_seed,0.0,0.0,0,0,0,B0_base,77191.0,abfe9f08d45d5b5c6e623e2ea8ccda1fb344c33289266fb7a40d6a6c878be927,nan,,1.0,46888.0,0.6074283271365832,11506.0,11506.0,2.633669389883539,0.0,,0.0,0.0,B,2.5473055473055473,AI_VERIFIED,False
77191.0,root1:batch_08,36096.0,0.06222032227148304,544036.0,case_061,3,3.0,36096.0,incumbent_base,30303.0,36096.0,incumbent_base,nan,30303.0,544188.0,36096.0,861455fdbcb7e51f6a45bd239dc34fda5d0e8f4eb793f992f8e2320585baa1be,nan,580284.0,,0.0,36096.0,36096.0,0.06222032227148304,544036.0,incumbent_base,30303.0,861455fdbcb7e51f6a45bd239dc34fda5d0e8f4eb793f992f8e2320585baa1be,nan,,2.5473055473055473,0.0,0.0,11506.0,11506.0,2.633669389883539,43008.0,C1_base,0.0,0.0,C,2.5473055473055473,AI_VERIFIED,False
77191.0,root1:batch_08,0,0,0,case_061,4,0.0,0.0,,nan,70656.0,L1_base,0.16196237499934796,24024.0,544188.0,70656.0,9dcf9338a474e2eb9675545d7da1c61fff8ddea19a9e3d4649de72fb8591508e,0.14247962499939604,614844.0,legacy_seed,0.0,0.0,0,0,0,A0_base,77191.0,86812693e02586367d9b3ba8774f40d3ad127658c0b4fe1597a0516c0189e3ed,nan,,1.0,53167.0,0.6887720070992732,11506.0,11506.0,2.0879541108986617,0.0,,0.0,0.0,A,3.213078588078588,AI_VERIFIED,False
77191.0,root1:batch_08,0,0,0,case_061,4,0.0,0.0,,nan,70656.0,L1_base,0.24030129100174236,24024.0,544188.0,70656.0,9dcf9338a474e2eb9675545d7da1c61fff8ddea19a9e3d4649de72fb8591508e,0.16285408300063864,614844.0,legacy_seed,0.0,0.0,0,0,0,B0_base,77191.0,86812693e02586367d9b3ba8774f40d3ad127658c0b4fe1597a0516c0189e3ed,nan,,1.0,53167.0,0.6887720070992732,11506.0,11506.0,2.0879541108986617,0.0,,0.0,0.0,B,3.213078588078588,AI_VERIFIED,False
77191.0,root1:batch_08,70656.0,0.11494537101507747,544036.0,case_061,4,3.0,70656.0,incumbent_base,24024.0,70656.0,incumbent_base,nan,24024.0,544188.0,70656.0,9dcf9338a474e2eb9675545d7da1c61fff8ddea19a9e3d4649de72fb8591508e,nan,614844.0,,0.0,70656.0,70656.0,0.11494537101507747,544036.0,incumbent_base,24024.0,9dcf9338a474e2eb9675545d7da1c61fff8ddea19a9e3d4649de72fb8591508e,nan,,3.213078588078588,0.0,0.0,11506.0,11506.0,2.0879541108986617,70656.0,incumbent_base,0.0,0.0,C,3.213078588078588,AI_VERIFIED,False
77191.0,root1:batch_08,0,0,0,case_061,5,0.0,0.0,,nan,82944.0,L1_base,0.19123704099911265,22283.0,544188.0,82944.0,b86ec3dd2ffb94be6da7450a12f26951c17dc5733d84ff3ffdafb1a2e87eb635,0.13161250000121072,627132.0,legacy_seed,0.0,0.0,0,0,0,A0_base,77191.0,74f5022dbb5fa4befca30aee40bc51c46b67df6661c1b0d24aea9f92f5d3950c,nan,,1.0,54908.0,0.711326449974738,11506.0,11506.0,1.9366417521293238,0.0,,0.0,0.0,A,3.46412063007674,AI_VERIFIED,False
77191.0,root1:batch_08,0,0,0,case_061,5,0.0,0.0,,nan,82944.0,L1_base,0.2853571670002566,22283.0,544188.0,82944.0,b86ec3dd2ffb94be6da7450a12f26951c17dc5733d84ff3ffdafb1a2e87eb635,0.19865445800132875,627132.0,legacy_seed,0.0,0.0,0,0,0,B0_base,77191.0,74f5022dbb5fa4befca30aee40bc51c46b67df6661c1b0d24aea9f92f5d3950c,nan,,1.0,54908.0,0.711326449974738,11506.0,11506.0,1.9366417521293238,0.0,,0.0,0.0,B,3.46412063007674,AI_VERIFIED,False
77191.0,root1:batch_08,76544.0,0.12208363903154805,550436.0,case_061,5,4.0,76544.0,event_timing_tid_15_miss_2_bytes_6400_front,22283.0,82944.0,event_timing_tid_15_miss_2_bytes_6400_front,0.18844949999947858,22283.0,544188.0,82944.0,4e68ce6f41e62f357d65db627afe51e04f231db65e9f379f300b2116b627eb69,0.16977116700036277,627132.0,event_timing,0.0,82944.0,76544.0,0.12208363903154805,550436.0,incumbent_base,22283.0,b86ec3dd2ffb94be6da7450a12f26951c17dc5733d84ff3ffdafb1a2e87eb635,nan,,3.46412063007674,0.0,0.0,11506.0,11506.0,1.9366417521293238,76544.0,incumbent_base,0.0,0.0,C,3.46412063007674,AI_VERIFIED,False
2854809.0,root1:batch_07,0,0,0,case_062,1,0.0,0.0,,nan,42112512.0,L3_base,8.163750082998376,2821994.0,13401600.0,42112512.0,8dd5d178c52e945747a4e9788fd62b6f044e3a6f6b522bbbd5f408d8184979fc,7.579311624998809,55514112.0,legacy_seed,0.0,0.0,0,0,0,A0_base,2854809.0,fd3cb50d6d81addc681279ae0a013b7060af8878acdbfd2ba99db86a91b024f5,nan,,1.0,32815.0,0.011494639396190779,3120.0,223360.0,12.634285458452721,0.0,,0.0,0.0,A,1.0116283025406858,AI_VERIFIED,False
2854809.0,root1:batch_07,0,0,0,case_062,1,0.0,0.0,,nan,0.0,B0_base,nan,2854809.0,13401600.0,0.0,fd3cb50d6d81addc681279ae0a013b7060af8878acdbfd2ba99db86a91b024f5,nan,13401600.0,,0.0,0.0,0,0,0,B0_base,2854809.0,fd3cb50d6d81addc681279ae0a013b7060af8878acdbfd2ba99db86a91b024f5,nan,,1.0,0.0,0.0,3120.0,223360.0,12.781200752148997,0.0,,0.0,0.0,B,1.0,AI_VERIFIED,False
2854809.0,root1:batch_07,0.0,0.0,13400064.0,case_062,1,0.0,0.0,,nan,0.0,incumbent_base,7.7873512909991405,2854809.0,13401600.0,0.0,fd3cb50d6d81addc681279ae0a013b7060af8878acdbfd2ba99db86a91b024f5,7.600650542000949,13401600.0,incumbent,0.0,0.0,0.0,0.0,13400064.0,incumbent_base,2854809.0,fd3cb50d6d81addc681279ae0a013b7060af8878acdbfd2ba99db86a91b024f5,7.600650542000949,incumbent,1.0,0.0,0.0,3120.0,223360.0,12.781200752148997,0.0,,0.0,0.0,C,1.0,AI_VERIFIED,False
2854809.0,root1:batch_07,0,0,0,case_062,2,0.0,0.0,,nan,42112512.0,incumbent_base,nan,2821994.0,13401600.0,42112512.0,2d20bfd6292fbe949254597fd039da7ee594180c54715939c81c69c4ec6b5736,nan,55514112.0,,0.0,0.0,0,0,0,A0_base,2854809.0,20fb57f23e734ea53aedacf6f2204841fd6e618a79cfdcc1c936bcfba8a57292,nan,,1.0,32815.0,0.011494639396190779,3120.0,223360.0,12.634285458452721,0.0,,0.0,0.0,A,1.0116283025406858,AI_VERIFIED,False
2854809.0,root1:batch_07,0,0,0,case_062,2,0.0,0.0,,nan,68806656.0,B3_base,13.873876666999422,2521494.0,13401600.0,34232832.0,ae01397ed297b9192279fb29e5ee2976eb844aace79399fde76153945c2a62d9,14.095381749999433,82208256.0,seed,34573824.0,0.0,0,0,0,B0_base,2854809.0,20fb57f23e734ea53aedacf6f2204841fd6e618a79cfdcc1c936bcfba8a57292,nan,,1.0,333315.0,0.11675562182969158,3120.0,223360.0,11.288923710601718,0.0,,0.0,0.0,B,1.1321894876608867,AI_VERIFIED,False
2854809.0,root1:batch_07,0.0,0.0,62899200.0,case_062,2,0.0,0.0,,nan,68368896.0,incumbent_disperse_group_tid_1000012951_group_9_core_0_pos_4,17.419148375000077,2387918.0,13401600.0,34186752.0,30d7fe878a9b7dfd0c0dd75e54fddf83b7b56befa3c9f577141c341e4a0258dc,21.072825291999834,81770496.0,disperse,34182144.0,68806656.0,0.0,0.0,63360000.0,incumbent_base,2521494.0,ae01397ed297b9192279fb29e5ee2976eb844aace79399fde76153945c2a62d9,nan,,1.1321894876608867,133576.0,0.05297494263321666,3120.0,223360.0,10.690893624641834,0.0,,0.0,0.0,C,1.1955222080490202,AI_VERIFIED,False
2854809.0,root1:batch_07,0,0,0,case_062,3,0.0,0.0,,nan,68020224.0,A3_base,8.928469083000891,2513754.0,13401600.0,68020224.0,bc19838e9b3fa6e0299573e26fcc0b0660ecb938299febcdcb9725439512b056,6.858607624999422,81421824.0,seed,0.0,0.0,0,0,0,A0_base,2854809.0,a3195469de8237d057be77208177fc95f59d7e142fa3dc52fa5b77b6377767d6,nan,,1.0,341055.0,0.11946683648538309,3120.0,223360.0,11.254271131805158,0.0,,0.0,0.0,A,1.135675567298948,AI_VERIFIED,False
2854809.0,root1:batch_07,0,0,0,case_062,3,0.0,0.0,,nan,72442368.0,B3_base,14.878020499998456,1939281.0,13401600.0,43372032.0,a4105e26c05718c6d485b724ae744234b633c8bb6e4ee9d1effe8ba5698dd157,13.532847874999788,85843968.0,seed,29070336.0,0.0,0,0,0,B0_base,2854809.0,a3195469de8237d057be77208177fc95f59d7e142fa3dc52fa5b77b6377767d6,nan,,1.0,915528.0,0.32069676114934487,3120.0,223360.0,8.682311067335243,0.0,,0.0,0.0,B,1.4720966172514454,AI_VERIFIED,False
2854809.0,root1:batch_07,0.0,0.0,65184768.0,case_062,3,0.0,0.0,,nan,71553024.0,r1_split_g4_h0_c2_p8,17.84297808300107,1818680.0,13401600.0,44419584.0,1591b75e56493e3af9255cddd5c63d158f1ae29eee07574ca892982519f628bf,20.02938612500111,84954624.0,ordinary_chain,27133440.0,72442368.0,0.0,0.0,65452032.0,incumbent_base,1939281.0,a4105e26c05718c6d485b724ae744234b633c8bb6e4ee9d1effe8ba5698dd157,nan,,1.4720966172514454,120601.0,0.062188512134136315,3120.0,223360.0,8.14237106017192,0.0,,0.0,0.0,C,1.5697148481316119,AI_VERIFIED,False
2854809.0,root1:batch_07,0,0,0,case_062,4,0.0,0.0,,nan,70643712.0,A3_base,11.132056082999043,2377293.0,13401600.0,70643712.0,1548156e2e35764d07941ede6f26f48cad9c2dcac4cd0a6e96d556e30f1236c5,8.53700679100075,84045312.0,seed,0.0,0.0,0,0,0,A0_base,2854809.0,28ae97c7bb4fa5b1697fccc4262a6761d1137103fc75ebba13120a265327ce18,nan,,1.0,477516.0,0.16726723223865414,3120.0,223360.0,10.64332467765043,0.0,,0.0,0.0,A,1.200865438126474,AI_VERIFIED,False
2854809.0,root1:batch_07,0,0,0,case_062,4,0.0,0.0,,nan,67070976.0,B3_base,14.638388792000114,1767455.0,13401600.0,43915776.0,aed84565f553b1f054e03be4d522301bb7ff4240fa1085f8755bd7044ac264c7,23.473570874999496,80472576.0,seed,23155200.0,0.0,0,0,0,B0_base,2854809.0,28ae97c7bb4fa5b1697fccc4262a6761d1137103fc75ebba13120a265327ce18,nan,,1.0,1087354.0,0.3808850259334337,3120.0,223360.0,7.913032772206304,0.0,,0.0,0.0,B,1.6152088737761356,AI_VERIFIED,False
2854809.0,root1:batch_07,4608.0,0.0002775721687638786,16596480.0,case_062,4,1.0,4608.0,incumbent_base,1270730.0,6379008.0,incumbent_base,nan,1270730.0,13401600.0,5690880.0,d548e182020e78543eb2fa9e5e44ce9778b35a7bf084cf308d176a76621a6783,nan,19780608.0,,688128.0,6379008.0,4608.0,0.0002775721687638786,16596480.0,incumbent_base,1270730.0,d548e182020e78543eb2fa9e5e44ce9778b35a7bf084cf308d176a76621a6783,nan,,2.246589755494873,0.0,0.0,3120.0,223360.0,5.689156518624642,4608.0,incumbent_base,0.0,0.0,C,2.246589755494873,AI_VERIFIED,False
2854809.0,root1:batch_07,0,0,0,case_062,5,0.0,0.0,,nan,7405056.0,L2_base,8.003494457998386,1661193.0,13401600.0,7405056.0,60a26b6a3c952b931c7b43a829a0e05b86fa3a998ca1dab6a3b77999ad16f6d3,3.6578849170000467,20806656.0,legacy_seed,0.0,0.0,0,0,0,A0_base,2854809.0,3a28b2953d520877a762052ea62f5dc5b345ba964fa010561155200e30aac6e9,nan,,1.0,1193616.0,0.418107130809802,3120.0,223360.0,7.437289577363897,0.0,,0.0,0.0,A,1.7185293942365516,AI_VERIFIED,False
2854809.0,root1:batch_07,0,0,0,case_062,5,0.0,0.0,,nan,7147008.0,q1_warm_base,nan,719016.0,13401600.0,6655488.0,60a26b6a3c952b931c7b43a829a0e05b86fa3a998ca1dab6a3b77999ad16f6d3,nan,20548608.0,,491520.0,0.0,0,0,0,B0_base,2854809.0,3a28b2953d520877a762052ea62f5dc5b345ba964fa010561155200e30aac6e9,nan,,1.0,2135793.0,0.7481386670701963,3120.0,223360.0,3.2190902578796563,0.0,,0.0,0.0,B,3.970438766313962,AI_VERIFIED,False
2854809.0,root1:batch_07,1138176.0,0.061555075593952485,17352192.0,case_062,5,2.0,1138176.0,r1_split_g0_h1_c4_p0,701554.0,9028608.0,r1_split_g0_h1_c4_p0,4.948503083000105,701554.0,13401600.0,8537088.0,57b5a541f6ceec49cae03b457f6b669defda84f3a70f69bcb2cb70e71178600e,4.394360665999557,22430208.0,ordinary_chain,491520.0,7147008.0,9216.0,0.0005425935973955507,16975872.0,incumbent_base,718939.0,60a26b6a3c952b931c7b43a829a0e05b86fa3a998ca1dab6a3b77999ad16f6d3,nan,,3.970864009324852,17385.0,0.02418146741239521,3120.0,223360.0,3.1409115329512893,1138176.0,r1_split_g0_h1_c4_p0,0.0,0.0,C,4.069264803564658,AI_VERIFIED,False
1070397.0,root1:batch_08,0,0,0,case_063,1,0.0,0.0,,nan,0.0,A0_base,nan,1070397.0,5021184.0,0.0,22ba1aa466d54b5388d6a4f595e2c379d9b03d96a9122f8f166ba87ce165e289,nan,5021184.0,,0.0,0.0,0,0,0,A0_base,1070397.0,22ba1aa466d54b5388d6a4f595e2c379d9b03d96a9122f8f166ba87ce165e289,nan,,1.0,0.0,0.0,3048.0,83686.4,12.79057290073417,0.0,,0.0,0.0,A,1.0,AI_VERIFIED,False
1070397.0,root1:batch_08,0,0,0,case_063,1,0.0,0.0,,nan,0.0,B0_base,nan,1070397.0,5021184.0,0.0,22ba1aa466d54b5388d6a4f595e2c379d9b03d96a9122f8f166ba87ce165e289,nan,5021184.0,,0.0,0.0,0,0,0,B0_base,1070397.0,22ba1aa466d54b5388d6a4f595e2c379d9b03d96a9122f8f166ba87ce165e289,nan,,1.0,0.0,0.0,3048.0,83686.4,12.79057290073417,0.0,,0.0,0.0,B,1.0,AI_VERIFIED,False
1070397.0,root1:batch_08,0.0,0.0,5019648.0,case_063,1,0.0,0.0,,nan,0.0,incumbent_base,2.524247916000604,1070397.0,5021184.0,0.0,22ba1aa466d54b5388d6a4f595e2c379d9b03d96a9122f8f166ba87ce165e289,2.4801702910008316,5021184.0,incumbent,0.0,0.0,0.0,0.0,5019648.0,incumbent_base,1070397.0,22ba1aa466d54b5388d6a4f595e2c379d9b03d96a9122f8f166ba87ce165e289,2.4801702910008316,incumbent,1.0,0.0,0.0,3048.0,83686.4,12.79057290073417,0.0,,0.0,0.0,C,1.0,AI_VERIFIED,False
1070397.0,root1:batch_08,0,0,0,case_063,2,0.0,0.0,,nan,2116608.0,L2_base,1.8599085839996405,795582.0,5021184.0,2116608.0,a35a7aded7ff6fd3548b949108a420278856fe5c1b5583131a90cc458d51c53a,1.574882584000079,7137792.0,legacy_seed,0.0,0.0,0,0,0,A0_base,1070397.0,e6ac25b3d5e2f3acd7807543cebb19e9150f9c2fdbc997a19aaff5f6dc34aaf1,nan,,1.0,274815.0,0.2567411904181346,3048.0,83686.4,9.506705988069747,0.0,,0.0,0.0,A,1.345426367112378,AI_VERIFIED,False
1070397.0,root1:batch_08,0,0,0,case_063,2,0.0,0.0,,nan,23271936.0,B3_base,3.741366582999035,909394.0,5021184.0,12615168.0,51619789eba8cc0c10203e57bad4d5cf3637cd70c8c1a9e082f778f03f0286d5,4.022123875000034,28293120.0,seed,10656768.0,0.0,0,0,0,B0_base,1070397.0,e6ac25b3d5e2f3acd7807543cebb19e9150f9c2fdbc997a19aaff5f6dc34aaf1,nan,,1.0,161003.0,0.15041428554078534,3048.0,83686.4,10.86668801621291,0.0,,0.0,0.0,B,1.1770442734392355,AI_VERIFIED,False
1070397.0,root1:batch_08,626688.0,0.02731106499765714,22319616.0,case_063,2,2.0,626688.0,incumbent_disperse_group_tid_1000002259_group_0_core_1_pos_0,874911.0,24056832.0,incumbent_disperse_group_tid_1000002259_group_0_core_1_pos_0,3.3330694590003986,874911.0,5021184.0,13168128.0,8c6ec25fd5637cd86d79b80c7a006af1fe94d30c7c42bfef609dae0775f86354,3.179361250000511,29078016.0,disperse,10888704.0,23271936.0,760320.0,0.03404167526304931,21574656.0,incumbent_base,903188.0,51619789eba8cc0c10203e57bad4d5cf3637cd70c8c1a9e082f778f03f0286d5,nan,,1.1851319990965337,28277.0,0.03130798903439815,3048.0,83686.4,10.45463779060875,760320.0,incumbent_base,0.0,0.0,C,1.2234352979903098,AI_VERIFIED,False
1070397.0,root1:batch_08,0,0,0,case_063,3,0.0,0.0,,nan,2116608.0,incumbent_base,nan,795582.0,5021184.0,2116608.0,d60fbed36079748d8c845b9365db8f42af3163a7b85e57dacf93799dc8b75540,nan,7137792.0,,0.0,0.0,0,0,0,A0_base,1070397.0,a25d62676e875b9fd2bf6329d942009d59312343cef0e00bda7ecef70aa4d2a6,nan,,1.0,274815.0,0.2567411904181346,3048.0,83686.4,9.506705988069747,0.0,,0.0,0.0,A,1.345426367112378,AI_VERIFIED,False
1070397.0,root1:batch_08,0,0,0,case_063,3,0.0,0.0,,nan,22190592.0,B3_base,3.0090352920014993,617304.0,5021184.0,17722368.0,c19120d0fcb32d450ee188979cdaaac152c0aec69d093df5cfa4a66e2bdb37ce,2.761481375000585,27211776.0,seed,4468224.0,0.0,0,0,0,B0_base,1070397.0,a25d62676e875b9fd2bf6329d942009d59312343cef0e00bda7ecef70aa4d2a6,nan,,1.0,453093.0,0.42329434779805997,3048.0,83686.4,7.37639568675436,0.0,,0.0,0.0,B,1.7339868201080828,AI_VERIFIED,False
1070397.0,root1:batch_08,55296.0,0.0026682478505781204,20668416.0,case_063,3,2.0,55296.0,event_timing_tid_1000003227_miss_4_bytes_18432_core_2,593484.0,22210560.0,event_timing_tid_1000003227_miss_4_bytes_18432_core_2,2.971050375001141,593484.0,5021184.0,17915904.0,11660554cf041b6e27c0938e4c3a48be57fb6e73c53dc5c79e9ebd4aef22637d,2.536889541999699,27231744.0,event_timing,4294656.0,22190592.0,55296.0,0.0026662716634572657,20683776.0,incumbent_base,616709.0,c19120d0fcb32d450ee188979cdaaac152c0aec69d093df5cfa4a66e2bdb37ce,nan,,1.7356597682213166,23225.0,0.037659576883100454,3048.0,83686.4,7.091761624349955,55296.0,event_timing_tid_1000003227_miss_4_bytes_18432_core_2,0.0,0.0,C,1.8035818994277857,AI_VERIFIED,False
1070397.0,root1:batch_08,0,0,0,case_063,4,0.0,0.0,,nan,2469888.0,L2_base,1.1548680829982914,348902.0,5021184.0,2469888.0,167243b61e64de75cbece74ff8ac7bd608afb6ae7493e0fec2a4806b54b7aaea,1.1518702500015934,7491072.0,legacy_seed,0.0,0.0,0,0,0,A0_base,1070397.0,9e8568059c48834cc592c58f6b6416e5d15707158628f8cdbd108e2723f23ab6,nan,,1.0,721495.0,0.6740443031884432,3048.0,83686.4,4.169160102477822,0.0,,0.0,0.0,A,3.0679015884116456,AI_VERIFIED,False
1070397.0,root1:batch_08,0,0,0,case_063,4,0.0,0.0,,nan,2211840.0,q1_warm_aggregate,1.523850499999753,324251.0,5021184.0,2116608.0,0631ab897dea3c6d65f5f3ab414810266a7fbadc620e46cb04d2f3831ce2f123,1.4551276660004078,7233024.0,aggregate,95232.0,0.0,0,0,0,B0_base,1070397.0,9e8568059c48834cc592c58f6b6416e5d15707158628f8cdbd108e2723f23ab6,nan,,1.0,746146.0,0.6970740762539507,3048.0,83686.4,3.8745961111960847,0.0,,0.0,0.0,B,3.301137082075306,AI_VERIFIED,False
1070397.0,root1:batch_08,0.0,0.0,6125568.0,case_063,4,0.0,0.0,,nan,2211840.0,incumbent_aggregate,1.4700972919999913,324251.0,5021184.0,2116608.0,ba058e24dabc74bfd18f733212bd30ebdfb15549bdbcea831b789f80e40259d5,1.3849754169987136,7233024.0,aggregate,95232.0,2211840.0,0.0,0.0,6125568.0,incumbent_base,324251.0,0631ab897dea3c6d65f5f3ab414810266a7fbadc620e46cb04d2f3831ce2f123,nan,,3.301137082075306,0.0,0.0,3048.0,83686.4,3.8745961111960847,0.0,,0.0,0.0,C,3.301137082075306,AI_VERIFIED,False
1070397.0,root1:batch_08,0,0,0,case_063,5,0.0,0.0,,nan,2755584.0,L2_base,1.2212628750003205,269453.0,5021184.0,2755584.0,e74ce0d73c35d6128b9c1a9dace1869cd2dc3d6431499a4adf545d45c0e6f800,0.9734713340003509,7776768.0,legacy_seed,0.0,0.0,0,0,0,A0_base,1070397.0,b9aed592a9fdffcf5ec893b6ef9d30ddf70a74c89f577f845cfd084af6585eae,nan,,1.0,800944.0,0.7482681659234844,3048.0,83686.4,3.2197943751911904,0.0,,0.0,0.0,A,3.972481286161223,AI_VERIFIED,False
1070397.0,root1:batch_08,0,0,0,case_063,5,0.0,0.0,,nan,2509824.0,q1_warm_aggregate,1.3784489999998186,251581.0,5021184.0,2472960.0,17351d98f4f9178d303a38116b899ae959f623fc71ce8101ffb97115108c0f2c,1.3003839579996566,7531008.0,aggregate,36864.0,0.0,0,0,0,B0_base,1070397.0,b9aed592a9fdffcf5ec893b6ef9d30ddf70a74c89f577f845cfd084af6585eae,nan,,1.0,818816.0,0.7649647747517977,3048.0,83686.4,3.006235182777608,0.0,,0.0,0.0,B,4.254681394858912,AI_VERIFIED,False
1070397.0,root1:batch_08,0.0,0.0,6274560.0,case_063,5,0.0,0.0,,nan,2509824.0,incumbent_aggregate,1.3619118749993504,251581.0,5021184.0,2472960.0,43de34f919fa7a688eadb66196417d77a9499f3a2ba425bf5fb3cd423453d0c2,1.300687792001554,7531008.0,aggregate,36864.0,2509824.0,0.0,0.0,6274560.0,incumbent_base,251581.0,17351d98f4f9178d303a38116b899ae959f623fc71ce8101ffb97115108c0f2c,nan,,4.254681394858912,0.0,0.0,3048.0,83686.4,3.006235182777608,0.0,,0.0,0.0,C,4.254681394858912,AI_VERIFIED,False
19116.0,root1:batch_02,0,0,0,case_064,1,0.0,0.0,,nan,12198.0,A2_base,0.13348679099908622,19034.0,37414.0,12198.0,691ea878c2287a67b94736e34049f33106b663be78f069b7909bed29367381ee,0.12006504199962365,49612.0,seed,0.0,0.0,0,0,0,A0_base,19116.0,8a238951c2570c526b3eb7e15370b4a18f94f353732e7bb3f7270be821613e4d,nan,,1.0,82.0,0.004289600334798075,3528.0,3528.0,5.395124716553288,0.0,,0.0,0.0,A,1.0043080802773983,AI_VERIFIED,False
19116.0,root1:batch_02,0,0,0,case_064,1,0.0,0.0,,nan,0.0,B0_base,nan,19116.0,37414.0,0.0,8a238951c2570c526b3eb7e15370b4a18f94f353732e7bb3f7270be821613e4d,nan,37414.0,,0.0,0.0,0,0,0,B0_base,19116.0,8a238951c2570c526b3eb7e15370b4a18f94f353732e7bb3f7270be821613e4d,nan,,1.0,0.0,0.0,3528.0,3528.0,5.418367346938775,0.0,,0.0,0.0,B,1.0,AI_VERIFIED,False
19116.0,root1:batch_02,0.0,0.0,35622.0,case_064,1,0.0,0.0,,nan,0.0,incumbent_base,0.15498574999946868,19116.0,37414.0,0.0,8a238951c2570c526b3eb7e15370b4a18f94f353732e7bb3f7270be821613e4d,0.1787235840001813,37414.0,incumbent,0.0,0.0,0.0,0.0,35622.0,incumbent_base,19116.0,8a238951c2570c526b3eb7e15370b4a18f94f353732e7bb3f7270be821613e4d,0.1787235840001813,incumbent,1.0,0.0,0.0,3528.0,3528.0,5.418367346938775,0.0,,0.0,0.0,C,1.0,AI_VERIFIED,False
19116.0,root1:batch_02,0,0,0,case_064,2,0.0,0.0,,nan,12198.0,incumbent_base,nan,19034.0,37414.0,12198.0,ec731efe6b6379e9665366e9eb259e191bfaeb5eee1f9187e059970ce01149c3,nan,49612.0,,0.0,0.0,0,0,0,A0_base,19116.0,132c3efb3aee7de7811c38d245c2acdb2a4aadc6888d9975646ab7f7f3956d2e,nan,,1.0,82.0,0.004289600334798075,3528.0,3528.0,5.395124716553288,0.0,,0.0,0.0,A,1.0043080802773983,AI_VERIFIED,False
19116.0,root1:batch_02,0,0,0,case_064,2,0.0,0.0,,nan,0.0,B0_base,nan,19116.0,37414.0,0.0,132c3efb3aee7de7811c38d245c2acdb2a4aadc6888d9975646ab7f7f3956d2e,nan,37414.0,,0.0,0.0,0,0,0,B0_base,19116.0,132c3efb3aee7de7811c38d245c2acdb2a4aadc6888d9975646ab7f7f3956d2e,nan,,1.0,0.0,0.0,3528.0,3528.0,5.418367346938775,0.0,,0.0,0.0,B,1.0,AI_VERIFIED,False
19116.0,root1:batch_02,0.0,0.0,35622.0,case_064,2,0.0,0.0,,nan,0.0,incumbent_base,0.16982483399988269,19116.0,37414.0,0.0,132c3efb3aee7de7811c38d245c2acdb2a4aadc6888d9975646ab7f7f3956d2e,0.13772891699954926,37414.0,incumbent,0.0,0.0,0.0,0.0,35622.0,incumbent_base,19116.0,132c3efb3aee7de7811c38d245c2acdb2a4aadc6888d9975646ab7f7f3956d2e,0.13772891699954926,incumbent,1.0,0.0,0.0,3528.0,3528.0,5.418367346938775,0.0,,0.0,0.0,C,1.0,AI_VERIFIED,False
19116.0,root1:batch_02,0,0,0,case_064,3,0.0,0.0,,nan,12198.0,incumbent_base,nan,19034.0,37414.0,12198.0,abd4d7ddc9923ac2829331026cf328c7c2d3580b968130c09ef9a960321a9ea3,nan,49612.0,,0.0,0.0,0,0,0,A0_base,19116.0,d2f6461ff086873bfd780c0a3a3d7c3eb45042dc53b8d4631001fbde6cacee0c,nan,,1.0,82.0,0.004289600334798075,3528.0,3528.0,5.395124716553288,0.0,,0.0,0.0,A,1.0043080802773983,AI_VERIFIED,False
19116.0,root1:batch_02,0,0,0,case_064,3,0.0,0.0,,nan,0.0,B0_base,nan,19116.0,37414.0,0.0,d2f6461ff086873bfd780c0a3a3d7c3eb45042dc53b8d4631001fbde6cacee0c,nan,37414.0,,0.0,0.0,0,0,0,B0_base,19116.0,d2f6461ff086873bfd780c0a3a3d7c3eb45042dc53b8d4631001fbde6cacee0c,nan,,1.0,0.0,0.0,3528.0,3528.0,5.418367346938775,0.0,,0.0,0.0,B,1.0,AI_VERIFIED,False
19116.0,root1:batch_02,0.0,0.0,35622.0,case_064,3,0.0,0.0,,nan,0.0,incumbent_base,0.14578037499995844,19116.0,37414.0,0.0,d2f6461ff086873bfd780c0a3a3d7c3eb45042dc53b8d4631001fbde6cacee0c,0.18088479099969845,37414.0,incumbent,0.0,0.0,0.0,0.0,35622.0,incumbent_base,19116.0,d2f6461ff086873bfd780c0a3a3d7c3eb45042dc53b8d4631001fbde6cacee0c,0.18088479099969845,incumbent,1.0,0.0,0.0,3528.0,3528.0,5.418367346938775,0.0,,0.0,0.0,C,1.0,AI_VERIFIED,False
19116.0,root1:batch_02,0,0,0,case_064,4,0.0,0.0,,nan,12198.0,incumbent_base,nan,19034.0,37414.0,12198.0,cf69cf05010959d5ec5674a42e7d661009752c0439e4f100c73f0cad9d9b04c5,nan,49612.0,,0.0,0.0,0,0,0,A0_base,19116.0,2a871ace8c9a3cf400212965eaf5541deefd388cfcdf5dd93f865ca7cb901011,nan,,1.0,82.0,0.004289600334798075,3528.0,3528.0,5.395124716553288,0.0,,0.0,0.0,A,1.0043080802773983,AI_VERIFIED,False
19116.0,root1:batch_02,0,0,0,case_064,4,0.0,0.0,,nan,0.0,B0_base,nan,19116.0,37414.0,0.0,2a871ace8c9a3cf400212965eaf5541deefd388cfcdf5dd93f865ca7cb901011,nan,37414.0,,0.0,0.0,0,0,0,B0_base,19116.0,2a871ace8c9a3cf400212965eaf5541deefd388cfcdf5dd93f865ca7cb901011,nan,,1.0,0.0,0.0,3528.0,3528.0,5.418367346938775,0.0,,0.0,0.0,B,1.0,AI_VERIFIED,False
19116.0,root1:batch_02,0.0,0.0,35622.0,case_064,4,0.0,0.0,,nan,0.0,incumbent_base,0.13398324999980105,19116.0,37414.0,0.0,2a871ace8c9a3cf400212965eaf5541deefd388cfcdf5dd93f865ca7cb901011,0.1042126249994908,37414.0,incumbent,0.0,0.0,0.0,0.0,35622.0,incumbent_base,19116.0,2a871ace8c9a3cf400212965eaf5541deefd388cfcdf5dd93f865ca7cb901011,0.1042126249994908,incumbent,1.0,0.0,0.0,3528.0,3528.0,5.418367346938775,0.0,,0.0,0.0,C,1.0,AI_VERIFIED,False
19116.0,root1:batch_02,0,0,0,case_064,5,0.0,0.0,,nan,12198.0,incumbent_base,nan,19034.0,37414.0,12198.0,48cb141d24eba6348dd7df502c8516ccddd1ea496c0278a22bdb19054587fc67,nan,49612.0,,0.0,0.0,0,0,0,A0_base,19116.0,0e3b42e1dbc1a5630fc2210cd2f0b6ab2434cffb077bf784caf4b64f3fcbad62,nan,,1.0,82.0,0.004289600334798075,3528.0,3528.0,5.395124716553288,0.0,,0.0,0.0,A,1.0043080802773983,AI_VERIFIED,False
19116.0,root1:batch_02,0,0,0,case_064,5,0.0,0.0,,nan,0.0,B0_base,nan,19116.0,37414.0,0.0,0e3b42e1dbc1a5630fc2210cd2f0b6ab2434cffb077bf784caf4b64f3fcbad62,nan,37414.0,,0.0,0.0,0,0,0,B0_base,19116.0,0e3b42e1dbc1a5630fc2210cd2f0b6ab2434cffb077bf784caf4b64f3fcbad62,nan,,1.0,0.0,0.0,3528.0,3528.0,5.418367346938775,0.0,,0.0,0.0,B,1.0,AI_VERIFIED,False
19116.0,root1:batch_02,0.0,0.0,35622.0,case_064,5,0.0,0.0,,nan,0.0,incumbent_base,0.12689450000107172,19116.0,37414.0,0.0,0e3b42e1dbc1a5630fc2210cd2f0b6ab2434cffb077bf784caf4b64f3fcbad62,0.17669033300080628,37414.0,incumbent,0.0,0.0,0.0,0.0,35622.0,incumbent_base,19116.0,0e3b42e1dbc1a5630fc2210cd2f0b6ab2434cffb077bf784caf4b64f3fcbad62,0.17669033300080628,incumbent,1.0,0.0,0.0,3528.0,3528.0,5.418367346938775,0.0,,0.0,0.0,C,1.0,AI_VERIFIED,False
53068.0,root1:batch_09,0,0,0,case_065,1,0.0,0.0,,nan,8200.0,L2_base,0.06136595799944189,51959.0,316202.0,8200.0,fc9ff3a131a27bc0f41081a4e154a23728262bfeff9cab772222eabb984f0d64,0.05645616699985112,324402.0,legacy_seed,0.0,0.0,0,0,0,A0_base,53068.0,b88501b4bd402023171a82f1035f1d67955d3255d5a209d4c17c18d49a8265aa,nan,,1.0,1109.0,0.02089771613778548,1265.0,5270.033333333334,9.859330428017532,0.0,,0.0,0.0,A,1.0213437518043071,AI_VERIFIED,False
53068.0,root1:batch_09,0,0,0,case_065,1,0.0,0.0,,nan,0.0,B2_base,0.09814008300054411,39901.0,316202.0,0.0,022fbec0b84beb7e330d63d603d29e74d9c98449dd43a4cfc3345a60f27f2853,0.08275924999907147,316202.0,seed,0.0,0.0,0,0,0,B0_base,53068.0,b88501b4bd402023171a82f1035f1d67955d3255d5a209d4c17c18d49a8265aa,nan,,1.0,13167.0,0.24811562523554684,1265.0,5270.033333333334,7.5712993592703395,0.0,,0.0,0.0,B,1.3299917295305883,AI_VERIFIED,False
53068.0,root1:batch_09,0.0,0.0,299720.0,case_065,1,0.0,0.0,,nan,0.0,incumbent_aggregate,0.10024162499939848,39824.0,316202.0,0.0,582d26f68ce28714490262cfe503a98a4604e315dada83f9750a70fb3f17fed0,0.08425495899973612,316202.0,aggregate,0.0,0.0,0.0,0.0,299720.0,incumbent_base,39901.0,022fbec0b84beb7e330d63d603d29e74d9c98449dd43a4cfc3345a60f27f2853,nan,,1.3299917295305883,77.0,0.0019297761960853112,1265.0,5270.033333333334,7.556688445993383,0.0,,0.0,0.0,C,1.3325632784250703,AI_VERIFIED,False
53068.0,root1:batch_09,0,0,0,case_065,2,0.0,0.0,,nan,13968.0,L1_base,0.08187154100050975,26610.0,316202.0,13968.0,1a1a4f6917e81c13229e3187dfdda1acbf4fa39252326f2ec743255a3f92a74f,0.06005166700015252,330170.0,legacy_seed,0.0,0.0,0,0,0,A0_base,53068.0,bf92ffea9cc20068b3e562061aa4160e497d5694783fcb478e17556076533fd7,nan,,1.0,26458.0,0.49856787517901563,1265.0,5270.033333333334,5.049303925971373,0.0,,0.0,0.0,A,1.9942878617061255,AI_VERIFIED,False
53068.0,root1:batch_09,0,0,0,case_065,2,0.0,0.0,,nan,13968.0,L1_base,0.08676004199878662,26610.0,316202.0,13968.0,1a1a4f6917e81c13229e3187dfdda1acbf4fa39252326f2ec743255a3f92a74f,0.06493987499925424,330170.0,legacy_seed,0.0,0.0,0,0,0,B0_base,53068.0,bf92ffea9cc20068b3e562061aa4160e497d5694783fcb478e17556076533fd7,nan,,1.0,26458.0,0.49856787517901563,1265.0,5270.033333333334,5.049303925971373,0.0,,0.0,0.0,B,1.9942878617061255,AI_VERIFIED,False
53068.0,root1:batch_09,13968.0,0.044528321134375555,299720.0,case_065,2,3.0,13968.0,incumbent_split_release_g1_p4,26551.0,13968.0,incumbent_split_release_g1_p4,0.10342750000017986,26551.0,316202.0,13968.0,fe02870a71b2fb426ab5fb8f78207fe65019819cd6c6cef7335c0d2e8e368495,0.19539895799971418,330170.0,timing,0.0,13968.0,13968.0,0.044528321134375555,299720.0,incumbent_base,26610.0,1a1a4f6917e81c13229e3187dfdda1acbf4fa39252326f2ec743255a3f92a74f,nan,,1.9942878617061255,59.0,0.0022172115745960163,1265.0,5270.033333333334,5.038108550863056,13968.0,incumbent_split_release_g1_p4,0.0,0.0,C,1.9987194455952695,AI_VERIFIED,False
53068.0,root1:batch_09,0,0,0,case_065,3,0.0,0.0,,nan,27936.0,A1_base,nan,17972.0,316202.0,27936.0,d7c945e9b8be55e4abab7f247e2a98926084668964231e1eb1ac347d34d0e8bb,nan,344138.0,,0.0,0.0,0,0,0,A0_base,53068.0,7217749f87abeffd75e9461837726a0f06da512d8492fd4ed81f0c2b33bd0159,nan,,1.0,35096.0,0.6613401673324791,1265.0,5270.033333333334,3.4102251092655957,0.0,,0.0,0.0,A,2.9528154907634097,AI_VERIFIED,False
53068.0,root1:batch_09,0,0,0,case_065,3,0.0,0.0,,nan,27936.0,B1_base,nan,17972.0,316202.0,27936.0,d7c945e9b8be55e4abab7f247e2a98926084668964231e1eb1ac347d34d0e8bb,nan,344138.0,,0.0,0.0,0,0,0,B0_base,53068.0,7217749f87abeffd75e9461837726a0f06da512d8492fd4ed81f0c2b33bd0159,nan,,1.0,35096.0,0.6613401673324791,1265.0,5270.033333333334,3.4102251092655957,0.0,,0.0,0.0,B,2.9528154907634097,AI_VERIFIED,False
53068.0,root1:batch_09,27936.0,0.08526015088995777,299720.0,case_065,3,2.0,27936.0,incumbent_base,17972.0,27936.0,incumbent_base,nan,17972.0,316202.0,27936.0,d7c945e9b8be55e4abab7f247e2a98926084668964231e1eb1ac347d34d0e8bb,nan,344138.0,,0.0,27936.0,27936.0,0.08526015088995777,299720.0,incumbent_base,17972.0,d7c945e9b8be55e4abab7f247e2a98926084668964231e1eb1ac347d34d0e8bb,nan,,2.9528154907634097,0.0,0.0,1265.0,5270.033333333334,3.4102251092655957,27936.0,incumbent_base,0.0,0.0,C,2.9528154907634097,AI_VERIFIED,False
53068.0,root1:batch_09,0,0,0,case_065,4,0.0,0.0,,nan,41760.0,A1_base,nan,13244.0,316202.0,41760.0,67817beebaff6cf3a5166493fe564f65be50112b6a4ce3ba99f589724a6eda83,nan,357962.0,,0.0,0.0,0,0,0,A0_base,53068.0,b229dfee68af89ac15069e952c37a9e52b9e8c20533d5a17bad9dc9c79ad01bd,nan,,1.0,39824.0,0.7504334061958242,1265.0,5270.033333333334,2.5130770836364094,0.0,,0.0,0.0,A,4.0069465418302626,AI_VERIFIED,False
53068.0,root1:batch_09,0,0,0,case_065,4,0.0,0.0,,nan,41760.0,B1_base,nan,13244.0,316202.0,41760.0,67817beebaff6cf3a5166493fe564f65be50112b6a4ce3ba99f589724a6eda83,nan,357962.0,,0.0,0.0,0,0,0,B0_base,53068.0,b229dfee68af89ac15069e952c37a9e52b9e8c20533d5a17bad9dc9c79ad01bd,nan,,1.0,39824.0,0.7504334061958242,1265.0,5270.033333333334,2.5130770836364094,0.0,,0.0,0.0,B,4.0069465418302626,AI_VERIFIED,False
53068.0,root1:batch_09,32544.0,0.0953027995783062,308936.0,case_065,4,3.0,32544.0,incumbent_split_height_g1_p4,13062.0,41760.0,incumbent_split_height_g1_p4,0.09965104100047029,13062.0,316202.0,41760.0,33b569c1f3193db5125e0328a14aeea0966cd0c454ef397ba6ea54dede5158d2,0.08371674999943934,357962.0,timing,0.0,41760.0,27936.0,0.08180859786810354,313544.0,incumbent_base,13244.0,67817beebaff6cf3a5166493fe564f65be50112b6a4ce3ba99f589724a6eda83,nan,,4.0069465418302626,182.0,0.013742071881606765,1265.0,5270.033333333334,2.4785421977090594,32544.0,incumbent_split_height_g1_p4,0.0,0.0,C,4.062777522584597,AI_VERIFIED,False
53068.0,root1:batch_09,0,0,0,case_065,5,0.0,0.0,,nan,55872.0,L1_base,0.09215216600023268,11396.0,316202.0,55872.0,0334fbc752b66a048c073a6bbdce4bd9eeb3829fb20f931a340a42bb60659167,0.06103299999995215,372074.0,legacy_seed,0.0,0.0,0,0,0,A0_base,53068.0,adf1fd4a35a155b3d4d28b9998c4889fddc7dec2b6bddcaaf2f3f819133d0c98,nan,,1.0,41672.0,0.7852566518429185,1265.0,5270.033333333334,2.1624151649894685,0.0,,0.0,0.0,A,4.656721656721657,AI_VERIFIED,False
53068.0,root1:batch_09,0,0,0,case_065,5,0.0,0.0,,nan,55872.0,L1_base,0.08440512500055775,11396.0,316202.0,55872.0,0334fbc752b66a048c073a6bbdce4bd9eeb3829fb20f931a340a42bb60659167,0.09444554199944832,372074.0,legacy_seed,0.0,0.0,0,0,0,B0_base,53068.0,adf1fd4a35a155b3d4d28b9998c4889fddc7dec2b6bddcaaf2f3f819133d0c98,nan,,1.0,41672.0,0.7852566518429185,1265.0,5270.033333333334,2.1624151649894685,0.0,,0.0,0.0,B,4.656721656721657,AI_VERIFIED,False
53068.0,root1:batch_09,23616.0,0.06641319264775361,331976.0,case_065,5,4.0,23616.0,event_timing_tid_9_miss_5_bytes_23040_front,11396.0,55872.0,event_timing_tid_9_miss_5_bytes_23040_front,0.08742379099930986,11396.0,316202.0,55872.0,1ad01ff88364137ef2593901e5e7297eb587cf36e1da0f0d9d92d5b7958bffce,0.07423937500061584,372074.0,event_timing,0.0,55872.0,23616.0,0.06641319264775361,331976.0,incumbent_base,11396.0,0334fbc752b66a048c073a6bbdce4bd9eeb3829fb20f931a340a42bb60659167,nan,,4.656721656721657,0.0,0.0,1265.0,5270.033333333334,2.1624151649894685,55584.0,C1_base,0.0,0.0,C,4.656721656721657,AI_VERIFIED,False
359070.0,root1:batch_06,0,0,0,case_066,1,0.0,0.0,,nan,0.0,A0_base,nan,359070.0,1107034.0,0.0,dd7381108e3f2ee3eb10c38889c5263501593f2933c63e397d51be5ad16c52cf,nan,1107034.0,,0.0,0.0,0,0,0,A0_base,359070.0,dd7381108e3f2ee3eb10c38889c5263501593f2933c63e397d51be5ad16c52cf,nan,,1.0,0.0,0.0,32240.0,32240.0,11.137406947890819,0.0,,0.0,0.0,A,1.0,AI_VERIFIED,False
359070.0,root1:batch_06,0,0,0,case_066,1,0.0,0.0,,nan,0.0,B2_base,1.359466459000032,357763.0,1107034.0,0.0,bbabb1f9d21ade307f25f5274452f9561ea8b62aa470e3a1b22378df5286da1d,1.5037137079998502,1107034.0,seed,0.0,0.0,0,0,0,B0_base,359070.0,dd7381108e3f2ee3eb10c38889c5263501593f2933c63e397d51be5ad16c52cf,nan,,1.0,1307.0,0.003639958782410115,32240.0,32240.0,11.096867245657569,0.0,,0.0,0.0,B,1.0036532564854388,AI_VERIFIED,False
359070.0,root1:batch_06,0.0,0.0,1027116.0,case_066,1,0.0,0.0,,nan,0.0,incumbent_split_topo_g2_p4,1.6606651250003779,356326.0,1107034.0,0.0,f14b1801e8062a46ff28e9af17cd8b271887782254b932d384672454eb363d27,1.6797399170009157,1107034.0,timing,0.0,0.0,0.0,0.0,1027116.0,incumbent_base,357763.0,bbabb1f9d21ade307f25f5274452f9561ea8b62aa470e3a1b22378df5286da1d,nan,,1.0036532564854388,1437.0,0.00401662553142723,32240.0,32240.0,11.0522952853598,0.0,,0.0,0.0,C,1.0077008133001801,AI_VERIFIED,False
359070.0,root1:batch_06,0,0,0,case_066,2,0.0,0.0,,nan,0.0,A1_base,nan,248146.0,1107034.0,0.0,c3c4f47328320fcac89f9a629edb25a18ae2fa65e9c06e1d9979c0110d9eed1e,nan,1107034.0,,0.0,0.0,0,0,0,A0_base,359070.0,eede8f0d255294468ba88c3ca13a40543dce406b7c4d057f8edef7399a57f835,nan,,1.0,110924.0,0.3089202662433509,32240.0,32240.0,7.696836228287841,0.0,,0.0,0.0,A,1.44701103382686,AI_VERIFIED,False
359070.0,root1:batch_06,0,0,0,case_066,2,0.0,0.0,,nan,0.0,B1_base,nan,248146.0,1107034.0,0.0,c3c4f47328320fcac89f9a629edb25a18ae2fa65e9c06e1d9979c0110d9eed1e,nan,1107034.0,,0.0,0.0,0,0,0,B0_base,359070.0,eede8f0d255294468ba88c3ca13a40543dce406b7c4d057f8edef7399a57f835,nan,,1.0,110924.0,0.3089202662433509,32240.0,32240.0,7.696836228287841,0.0,,0.0,0.0,B,1.44701103382686,AI_VERIFIED,False
359070.0,root1:batch_06,0.0,0.0,1027116.0,case_066,2,0.0,0.0,,nan,0.0,incumbent_split_height_g1_p4,1.2358557500010647,247485.0,1107034.0,0.0,45f76d866ba73d62684abcfa969d447eff451f6e4b192e6dc3e6918c5355d4e0,1.6000473329986562,1107034.0,timing,0.0,0.0,0.0,0.0,1027116.0,incumbent_base,248146.0,c3c4f47328320fcac89f9a629edb25a18ae2fa65e9c06e1d9979c0110d9eed1e,nan,,1.44701103382686,661.0,0.002663754402650053,32240.0,32240.0,7.676333746898263,0.0,,0.0,0.0,C,1.4508758106551913,AI_VERIFIED,False
359070.0,root1:batch_06,0,0,0,case_066,3,0.0,0.0,,nan,0.0,A1_base,nan,248146.0,1107034.0,0.0,f3efbfa83e6eab96fbd124f37f62cf1916e59aafc67ec9dc87052c0b6cba58dc,nan,1107034.0,,0.0,0.0,0,0,0,A0_base,359070.0,ed2c3e77305020de95cc2bf41e27883b6a9ac5a0ddc7ff3d39b0a884f98357ae,nan,,1.0,110924.0,0.3089202662433509,32240.0,32240.0,7.696836228287841,0.0,,0.0,0.0,A,1.44701103382686,AI_VERIFIED,False
359070.0,root1:batch_06,0,0,0,case_066,3,0.0,0.0,,nan,0.0,B1_base,nan,248146.0,1107034.0,0.0,f3efbfa83e6eab96fbd124f37f62cf1916e59aafc67ec9dc87052c0b6cba58dc,nan,1107034.0,,0.0,0.0,0,0,0,B0_base,359070.0,ed2c3e77305020de95cc2bf41e27883b6a9ac5a0ddc7ff3d39b0a884f98357ae,nan,,1.0,110924.0,0.3089202662433509,32240.0,32240.0,7.696836228287841,0.0,,0.0,0.0,B,1.44701103382686,AI_VERIFIED,False
359070.0,root1:batch_06,0.0,0.0,1027116.0,case_066,3,0.0,0.0,,nan,0.0,incumbent_split_height_g1_p4,1.1767908749989147,247485.0,1107034.0,0.0,76707acb492fca233f0087f685006c70fe01cb8197b8d2c3d39cb042abda704a,1.3529179580000346,1107034.0,timing,0.0,0.0,0.0,0.0,1027116.0,incumbent_base,248146.0,f3efbfa83e6eab96fbd124f37f62cf1916e59aafc67ec9dc87052c0b6cba58dc,nan,,1.44701103382686,661.0,0.002663754402650053,32240.0,32240.0,7.676333746898263,0.0,,0.0,0.0,C,1.4508758106551913,AI_VERIFIED,False
359070.0,root1:batch_06,0,0,0,case_066,4,0.0,0.0,,nan,0.0,A1_base,nan,248146.0,1107034.0,0.0,2aa69da5a142d00bf227001385fa4dde8f6ccf2303ef9823261faabcf25ed46e,nan,1107034.0,,0.0,0.0,0,0,0,A0_base,359070.0,8ae6a4825cd3d342ab7a9b36834578fd4747f8e16f7230f38a0d46e472a1f086,nan,,1.0,110924.0,0.3089202662433509,32240.0,32240.0,7.696836228287841,0.0,,0.0,0.0,A,1.44701103382686,AI_VERIFIED,False
359070.0,root1:batch_06,0,0,0,case_066,4,0.0,0.0,,nan,0.0,B1_base,nan,248146.0,1107034.0,0.0,2aa69da5a142d00bf227001385fa4dde8f6ccf2303ef9823261faabcf25ed46e,nan,1107034.0,,0.0,0.0,0,0,0,B0_base,359070.0,8ae6a4825cd3d342ab7a9b36834578fd4747f8e16f7230f38a0d46e472a1f086,nan,,1.0,110924.0,0.3089202662433509,32240.0,32240.0,7.696836228287841,0.0,,0.0,0.0,B,1.44701103382686,AI_VERIFIED,False
359070.0,root1:batch_06,0.0,0.0,1027116.0,case_066,4,0.0,0.0,,nan,0.0,incumbent_split_height_g1_p4,1.2050327920005657,247485.0,1107034.0,0.0,0229558c929e557b00efee4ce56f573720ee8f1fb7efcf1251fadc0c430700db,1.0896996249994118,1107034.0,timing,0.0,0.0,0.0,0.0,1027116.0,incumbent_base,248146.0,2aa69da5a142d00bf227001385fa4dde8f6ccf2303ef9823261faabcf25ed46e,nan,,1.44701103382686,661.0,0.002663754402650053,32240.0,32240.0,7.676333746898263,0.0,,0.0,0.0,C,1.4508758106551913,AI_VERIFIED,False
359070.0,root1:batch_06,0,0,0,case_066,5,0.0,0.0,,nan,0.0,A1_base,nan,248146.0,1107034.0,0.0,d1b45e69db6875c8c0c97bef99f6ea077df2392e3187b85bc82704f055fd9f78,nan,1107034.0,,0.0,0.0,0,0,0,A0_base,359070.0,f85e59af8b1a1ace046883dbfa57322547706da660c2c2734a0ba04fa329873c,nan,,1.0,110924.0,0.3089202662433509,32240.0,32240.0,7.696836228287841,0.0,,0.0,0.0,A,1.44701103382686,AI_VERIFIED,False
359070.0,root1:batch_06,0,0,0,case_066,5,0.0,0.0,,nan,3464460.0,B3_base,1.435487082999316,237259.0,1107034.0,3464460.0,2813654ea8ac0a1dad3d78780dd9806357bda8c876f43c07e0c11646f988551f,1.333254624998517,4571494.0,seed,0.0,0.0,0,0,0,B0_base,359070.0,f85e59af8b1a1ace046883dbfa57322547706da660c2c2734a0ba04fa329873c,nan,,1.0,121811.0,0.3392402595594174,32240.0,32240.0,7.359150124069479,0.0,,0.0,0.0,B,1.5134093964823252,AI_VERIFIED,False
359070.0,root1:batch_06,805514.0,0.26183043434167447,2270958.0,case_066,5,1.0,805514.0,incumbent_base,237121.0,3464460.0,incumbent_base,nan,237121.0,1107034.0,3464460.0,2813654ea8ac0a1dad3d78780dd9806357bda8c876f43c07e0c11646f988551f,nan,4571494.0,,0.0,3464460.0,805514.0,0.26183043434167447,2270958.0,incumbent_base,237121.0,2813654ea8ac0a1dad3d78780dd9806357bda8c876f43c07e0c11646f988551f,nan,,1.5142901725279498,0.0,0.0,32240.0,32240.0,7.354869727047147,805514.0,incumbent_base,0.0,0.0,C,1.5142901725279498,AI_VERIFIED,False
63834834.0,root1:batch_12,0,0,0,case_067,1,0.0,0.0,,nan,264449408.0,A0_base,nan,63834834.0,6048128.0,0.0,c4941c88134f54ccb49298297c83fd8be8bceed0dd301c300e3ed04e74f0316c,nan,270497536.0,,264449408.0,264449408.0,0,0,0,A0_base,63834834.0,c4941c88134f54ccb49298297c83fd8be8bceed0dd301c300e3ed04e74f0316c,nan,,1.0,0.0,0.0,863040.0,863040.0,73.96509315906563,0.0,,0.0,0.0,A,1.0,AI_VERIFIED,False
63834834.0,root1:batch_12,0,0,0,case_067,1,0.0,0.0,,nan,256305152.0,B2_base,3.1136410419985623,63397576.0,6048128.0,0.0,5828817c6262274ae7d1413d505f68b32e6e93d56a308897073d3ed3c06f64d0,2.876745417001075,262353280.0,seed,256305152.0,264449408.0,0,0,0,B0_base,63834834.0,c4941c88134f54ccb49298297c83fd8be8bceed0dd301c300e3ed04e74f0316c,nan,,1.0,437258.0,0.0068498337443785,863040.0,863040.0,73.45844456803856,0.0,,0.0,0.0,B,1.0068970775791175,AI_VERIFIED,False
63834834.0,root1:batch_12,0.0,0.0,258366848.0,case_067,1,0.0,0.0,,nan,256305152.0,incumbent_base,nan,63397576.0,6048128.0,0.0,5828817c6262274ae7d1413d505f68b32e6e93d56a308897073d3ed3c06f64d0,nan,262353280.0,,256305152.0,256305152.0,0.0,0.0,258366848.0,incumbent_base,63397576.0,5828817c6262274ae7d1413d505f68b32e6e93d56a308897073d3ed3c06f64d0,nan,,1.0068970775791175,0.0,0.0,863040.0,863040.0,73.45844456803856,0.0,,0.0,0.0,C,1.0068970775791175,AI_VERIFIED,False
63834834.0,root1:batch_12,0,0,0,case_067,2,0.0,0.0,,nan,264024576.0,A1_base,nan,33768704.0,6048128.0,3721600.0,de4fc70bed692708f7aafe564468d462ad2cfa41508d6423ee70e58b2805f93e,nan,270072704.0,,260302976.0,264449408.0,0,0,0,A0_base,63834834.0,8f69492664e5cfb8028a7ef75ddcb975d6f07070c1e5b9d719def7856afc4be4,nan,,1.0,30066130.0,0.4709987966758087,863040.0,863040.0,39.12762328513163,0.0,,0.0,0.0,A,1.890354868223548,AI_VERIFIED,False
63834834.0,root1:batch_12,0,0,0,case_067,2,0.0,0.0,,nan,264024576.0,B1_base,nan,33768704.0,6048128.0,3721600.0,de4fc70bed692708f7aafe564468d462ad2cfa41508d6423ee70e58b2805f93e,nan,270072704.0,,260302976.0,264449408.0,0,0,0,B0_base,63834834.0,8f69492664e5cfb8028a7ef75ddcb975d6f07070c1e5b9d719def7856afc4be4,nan,,1.0,30066130.0,0.4709987966758087,863040.0,863040.0,39.12762328513163,0.0,,0.0,0.0,B,1.890354868223548,AI_VERIFIED,False
63834834.0,root1:batch_12,18886656.0,0.07194777116091555,243618432.0,case_067,2,1.0,18886656.0,incumbent_split_height_g0_p4,32164982.0,260124928.0,incumbent_split_height_g0_p4,2.5546899999990273,32164982.0,6048128.0,3721600.0,7cd3ecc55a849fdebd25ad700ba7b9c8b1a5e9bfcd3e1ff5b1f8cfdcf47b5508,2.1686132079994422,266173056.0,timing,256403328.0,264024576.0,0.0,0.0,266793856.0,incumbent_base,33768704.0,de4fc70bed692708f7aafe564468d462ad2cfa41508d6423ee70e58b2805f93e,nan,,1.890354868223548,1603722.0,0.04749136952368679,863040.0,863040.0,37.26939886911383,18886656.0,incumbent_split_height_g0_p4,0.0,0.0,C,1.9846065513109878,AI_VERIFIED,False
63834834.0,root1:batch_12,0,0,0,case_067,3,0.0,0.0,,nan,263599744.0,A1_base,nan,23568859.0,6048128.0,7443200.0,6e2813d1615c1334cb096a62b4c169cf9b2b164b8dc1c7663b994d5e3201085f,nan,269647872.0,,256156544.0,264449408.0,0,0,0,A0_base,63834834.0,e84e514c4b49f02a47cba552d415fcb4f7cfefb2160281f9220ad76ec00ddb19,nan,,1.0,40265975.0,0.6307837347865587,863040.0,863040.0,27.30911545235447,0.0,,0.0,0.0,A,2.7084397254869232,AI_VERIFIED,False
63834834.0,root1:batch_12,0,0,0,case_067,3,0.0,0.0,,nan,263599744.0,B1_base,nan,23568859.0,6048128.0,7443200.0,6e2813d1615c1334cb096a62b4c169cf9b2b164b8dc1c7663b994d5e3201085f,nan,269647872.0,,256156544.0,264449408.0,0,0,0,B0_base,63834834.0,e84e514c4b49f02a47cba552d415fcb4f7cfefb2160281f9220ad76ec00ddb19,nan,,1.0,40265975.0,0.6307837347865587,863040.0,863040.0,27.30911545235447,0.0,,0.0,0.0,B,2.7084397254869232,AI_VERIFIED,False
63834834.0,root1:batch_12,15804416.0,0.059946652373309095,247836928.0,case_067,3,2.0,15804416.0,incumbent_split_height_g0_p4,22573181.0,261105536.0,incumbent_split_height_g0_p4,2.237048416998732,22573181.0,6048128.0,7443200.0,ca9b7ab2eea0f80cff67ed0a39ac83a2a079e82711578df650186be8480fbe37,2.266620124999463,267153664.0,timing,253662336.0,263599744.0,0.0,0.0,266401792.0,incumbent_base,23568859.0,6e2813d1615c1334cb096a62b4c169cf9b2b164b8dc1c7663b994d5e3201085f,nan,,2.7084397254869232,995678.0,0.04224549011897436,863040.0,863040.0,26.155428485354097,18886656.0,lower_core_base,0.0,0.0,C,2.827906000487924,AI_VERIFIED,False
63834834.0,root1:batch_12,0,0,0,case_067,4,0.0,0.0,,nan,263174912.0,A1_base,nan,18473155.0,6048128.0,11164800.0,b190fccb15df9700388adce2c44652710059f4d30be13478ccc690938c1f2dc5,nan,269223040.0,,252010112.0,264449408.0,0,0,0,A0_base,63834834.0,255a703bfc0a3a70432b31509f4df848e13c0f3672b9bc5fa6e2dde8c4ece1af,nan,,1.0,45361679.0,0.710610119233646,863040.0,863040.0,21.404749490174268,0.0,,0.0,0.0,A,3.4555458447677183,AI_VERIFIED,False
63834834.0,root1:batch_12,0,0,0,case_067,4,0.0,0.0,,nan,263174912.0,B1_base,nan,18473155.0,6048128.0,11164800.0,b190fccb15df9700388adce2c44652710059f4d30be13478ccc690938c1f2dc5,nan,269223040.0,,252010112.0,264449408.0,0,0,0,B0_base,63834834.0,255a703bfc0a3a70432b31509f4df848e13c0f3672b9bc5fa6e2dde8c4ece1af,nan,,1.0,45361679.0,0.710610119233646,863040.0,863040.0,21.404749490174268,0.0,,0.0,0.0,B,3.4555458447677183,AI_VERIFIED,False
63834834.0,root1:batch_12,19190016.0,0.0726857541797872,244823424.0,case_067,4,2.0,19190016.0,incumbent_split_height_g0_p4,17693167.0,261383424.0,incumbent_split_height_g0_p4,2.111962417000541,17693167.0,6048128.0,11164800.0,fb6b0ec1173032fa6ea3fb40b611403404a5fd84016225d6e919675de364eca8,2.1739735419996578,267431552.0,timing,250218624.0,263174912.0,0.0,0.0,266009728.0,incumbent_base,18473155.0,b190fccb15df9700388adce2c44652710059f4d30be13478ccc690938c1f2dc5,nan,,3.4555458447677183,779988.0,0.042222782193945756,863040.0,863040.0,20.500981414534667,19190016.0,incumbent_split_height_g0_p4,0.0,0.0,C,3.6078806015904332,AI_VERIFIED,False
63834834.0,root1:batch_12,0,0,0,case_067,5,0.0,0.0,,nan,262750080.0,A1_base,nan,15931687.0,6048128.0,14886400.0,641a4ced7312dd343437d661ed65a184d94fef87d8de6543fdf114fc7ef96d84,nan,268798208.0,,247863680.0,264449408.0,0,0,0,A0_base,63834834.0,c7412c6f2efb337c7c62c68c75836b4468d095ea7b238a95a75487599b1010a1,nan,,1.0,47903147.0,0.7504233033644295,863040.0,863040.0,18.45996361698183,0.0,,0.0,0.0,A,4.006784341168641,AI_VERIFIED,False
63834834.0,root1:batch_12,0,0,0,case_067,5,0.0,0.0,,nan,262750080.0,B1_base,nan,15931687.0,6048128.0,14886400.0,641a4ced7312dd343437d661ed65a184d94fef87d8de6543fdf114fc7ef96d84,nan,268798208.0,,247863680.0,264449408.0,0,0,0,B0_base,63834834.0,c7412c6f2efb337c7c62c68c75836b4468d095ea7b238a95a75487599b1010a1,nan,,1.0,47903147.0,0.7504233033644295,863040.0,863040.0,18.45996361698183,0.0,,0.0,0.0,B,4.006784341168641,AI_VERIFIED,False
63834834.0,root1:batch_12,25423872.0,0.09625484971810332,238706944.0,case_067,5,2.0,25423872.0,incumbent_split_height_g1_p4,15229262.0,261427072.0,incumbent_split_height_g1_p4,2.648265915999218,15229262.0,6048128.0,14886400.0,cce18458b3a5d656f81cad82e3d6fb9859d5becc9a8a06d68bc5f8780d352b85,2.5111530419999326,267475200.0,timing,246540672.0,262750080.0,0.0,0.0,265617664.0,incumbent_base,15931687.0,641a4ced7312dd343437d661ed65a184d94fef87d8de6543fdf114fc7ef96d84,nan,,4.006784341168641,702425.0,0.04408980668525562,863040.0,863040.0,17.646067389692252,25423872.0,incumbent_split_height_g1_p4,0.0,0.0,C,4.191590767825781,AI_VERIFIED,False
362095.0,root1:batch_07,0,0,0,case_068,1,0.0,0.0,,nan,0.0,A0_base,nan,362095.0,2771250.0,0.0,d639723b36690dff7eb2f7c0058fe0f6f97bcb5af40b1421d33bee41e8464da2,nan,2771250.0,,0.0,0.0,0,0,0,A0_base,362095.0,d639723b36690dff7eb2f7c0058fe0f6f97bcb5af40b1421d33bee41e8464da2,nan,,1.0,0.0,0.0,,,,0.0,,,,A,1.0,AI_VERIFIED,False
362095.0,root1:batch_07,0,0,0,case_068,1,0.0,0.0,,nan,0.0,B2_aggregate,1.3735581249984534,360298.0,2771250.0,0.0,dcf09ed5135262533d6f065d52d8fb682d8b842d67fd971d68d111872de8ecb2,1.3566813750003348,2771250.0,aggregate,0.0,0.0,0,0,0,B0_base,362095.0,d639723b36690dff7eb2f7c0058fe0f6f97bcb5af40b1421d33bee41e8464da2,nan,,1.0,1797.0,0.0049627860091964815,,,,0.0,,,,B,1.004987538093467,AI_VERIFIED,False
362095.0,root1:batch_07,0.0,0.0,2739974.0,case_068,1,0.0,0.0,,nan,0.0,incumbent_split_release_g1_p4,2.8713810419994843,359166.0,2771250.0,0.0,7b2bbcbb3766a30a7b547c8e708538acb5307f52087a6b3e3fc7b335c4b04cac,3.005340707999494,2771250.0,timing,0.0,0.0,0.0,0.0,2739974.0,incumbent_base,360298.0,dcf09ed5135262533d6f065d52d8fb682d8b842d67fd971d68d111872de8ecb2,nan,,1.004987538093467,1132.0,0.003141843696051602,,,,0.0,,,,C,1.0081550035359694,AI_VERIFIED,False
362095.0,root1:batch_07,0,0,0,case_068,2,0.0,0.0,,nan,0.0,A1_base,nan,346246.0,2771250.0,0.0,1fe5dc73f6bc60adb8cf9d7cc916866d00572fa1f42c1a0866debc2c05dd5060,nan,2771250.0,,0.0,0.0,0,0,0,A0_base,362095.0,12cdad91875b36c7aae081bf9e1563d9a039fcf4c1e8a511a186d6a598b08975,nan,,1.0,15849.0,0.04377028127977464,,,,0.0,,,,A,1.045773813993519,AI_VERIFIED,False
362095.0,root1:batch_07,0,0,0,case_068,2,0.0,0.0,,nan,1343990.0,B3_base,2.930085332998715,303697.0,2771250.0,1343990.0,90449bd87a62d249a8586a882615c3233ff8b43304bfccaf979e313ff3901c29,2.6951937499998166,4115240.0,seed,0.0,0.0,0,0,0,B0_base,362095.0,12cdad91875b36c7aae081bf9e1563d9a039fcf4c1e8a511a186d6a598b08975,nan,,1.0,58398.0,0.1612781176210663,,,,0.0,,,,B,1.1922903420185251,AI_VERIFIED,False
362095.0,root1:batch_07,278534.0,0.07843297375899545,3272702.0,case_068,2,2.0,278534.0,incumbent_split_topo_g14_p4,302692.0,1343990.0,incumbent_split_topo_g14_p4,1.214682833000552,302692.0,2771250.0,1343990.0,14a870d96ec72cfef64d28ab3170b8318593f4b60dc92eaf23b4c1be681d992a,1.099259708998943,4115240.0,timing,0.0,1343990.0,278534.0,0.07843297375899545,3272702.0,incumbent_base,303611.0,90449bd87a62d249a8586a882615c3233ff8b43304bfccaf979e313ff3901c29,nan,,1.1926280668355231,919.0,0.0030268995523877592,,,,278534.0,incumbent_split_topo_g14_p4,,,C,1.1962489923750876,AI_VERIFIED,False
362095.0,root1:batch_07,0,0,0,case_068,3,0.0,0.0,,nan,0.0,A1_base,nan,346246.0,2771250.0,0.0,df0f6cb9c754e98c230f31edffe093a470a686edd7db0d9990b2675f36ad5557,nan,2771250.0,,0.0,0.0,0,0,0,A0_base,362095.0,195617b8a99a7df30208b476cecd22b9c55bd8688032e79bda5a98f2ebcb43bf,nan,,1.0,15849.0,0.04377028127977464,,,,0.0,,,,A,1.045773813993519,AI_VERIFIED,False
362095.0,root1:batch_07,0,0,0,case_068,3,0.0,0.0,,nan,2187040.0,B3_base,2.6065711669998564,281918.0,2771250.0,2187040.0,e40de2833f5891ec55b3db6bb4d0aa3a1f64f3ab2ba21743bb55e7fa49e8a3da,2.8394929169990064,4958290.0,seed,0.0,0.0,0,0,0,B0_base,362095.0,195617b8a99a7df30208b476cecd22b9c55bd8688032e79bda5a98f2ebcb43bf,nan,,1.0,80177.0,0.22142531656057113,,,,0.0,,,,B,1.2843983002149562,AI_VERIFIED,False
362095.0,root1:batch_07,719694.0,0.17232607420355095,3456656.0,case_068,3,1.0,719694.0,incumbent_base,281418.0,2187040.0,incumbent_base,nan,281418.0,2771250.0,2187040.0,e40de2833f5891ec55b3db6bb4d0aa3a1f64f3ab2ba21743bb55e7fa49e8a3da,nan,4958290.0,,0.0,2187040.0,719694.0,0.17232607420355095,3456656.0,incumbent_base,281418.0,e40de2833f5891ec55b3db6bb4d0aa3a1f64f3ab2ba21743bb55e7fa49e8a3da,nan,,1.2866803118492776,0.0,0.0,,,,719694.0,incumbent_base,,,C,1.2866803118492776,AI_VERIFIED,False
362095.0,root1:batch_07,0,0,0,case_068,4,0.0,0.0,,nan,0.0,A1_base,nan,346246.0,2771250.0,0.0,94373a619ac44011c418b1a78ff1761c05f1431800c6f28b7de6bf6ba67f1698,nan,2771250.0,,0.0,0.0,0,0,0,A0_base,362095.0,b5b24f4d30ea44ac5f6ee10074f0d9defed0005743e776d245cbc05ea959bb55,nan,,1.0,15849.0,0.04377028127977464,,,,0.0,,,,A,1.045773813993519,AI_VERIFIED,False
362095.0,root1:batch_07,0,0,0,case_068,4,0.0,0.0,,nan,2421242.0,B3_base,1.015338791999966,267505.0,2771250.0,2421242.0,a20438f18a94867b8b17d05bb43af3e405942f0c255de2c6abde9efeca7c9149,1.1054801250011224,5192492.0,seed,0.0,0.0,0,0,0,B0_base,362095.0,b5b24f4d30ea44ac5f6ee10074f0d9defed0005743e776d245cbc05ea959bb55,nan,,1.0,94590.0,0.2612297877628799,,,,0.0,,,,B,1.353600867273509,AI_VERIFIED,False
362095.0,root1:batch_07,908496.0,0.2071172975279866,3477888.0,case_068,4,1.0,908496.0,incumbent_base,266974.0,2421242.0,incumbent_base,nan,266974.0,2771250.0,2421242.0,a20438f18a94867b8b17d05bb43af3e405942f0c255de2c6abde9efeca7c9149,nan,5192492.0,,0.0,2421242.0,908496.0,0.2071172975279866,3477888.0,incumbent_base,266974.0,a20438f18a94867b8b17d05bb43af3e405942f0c255de2c6abde9efeca7c9149,nan,,1.3562931221766914,0.0,0.0,,,,908496.0,incumbent_base,,,C,1.3562931221766914,AI_VERIFIED,False
362095.0,root1:batch_07,0,0,0,case_068,5,0.0,0.0,,nan,0.0,A1_base,nan,346246.0,2771250.0,0.0,dbcd1e4662eec03195e00c0b6a989568a7009f9e8539b723018e823c40ad5de8,nan,2771250.0,,0.0,0.0,0,0,0,A0_base,362095.0,a38ba8cfd40281902afc38fc6a39e79e3b92ffe8d45b324eb2be7bacafcce61e,nan,,1.0,15849.0,0.04377028127977464,,,,0.0,,,,A,1.045773813993519,AI_VERIFIED,False
362095.0,root1:batch_07,0,0,0,case_068,5,0.0,0.0,,nan,1938374.0,B2_base,0.9308249580008123,341479.0,2771250.0,1938374.0,95e5705968c334e2ed1ef323e0b5bc052f1e08693ff56fb35eb7e643629bb449,0.8175292500000069,4709624.0,seed,0.0,0.0,0,0,0,B0_base,362095.0,a38ba8cfd40281902afc38fc6a39e79e3b92ffe8d45b324eb2be7bacafcce61e,nan,,1.0,20616.0,0.056935334649746615,,,,0.0,,,,B,1.06037267299014,AI_VERIFIED,False
362095.0,root1:batch_07,371084.0,0.09642302195660647,3477416.0,case_068,5,1.0,371084.0,incumbent_base,339915.0,1938374.0,incumbent_base,nan,339915.0,2771250.0,1938374.0,95e5705968c334e2ed1ef323e0b5bc052f1e08693ff56fb35eb7e643629bb449,nan,4709624.0,,0.0,1938374.0,371084.0,0.09642302195660647,3477416.0,incumbent_base,339915.0,95e5705968c334e2ed1ef323e0b5bc052f1e08693ff56fb35eb7e643629bb449,nan,,1.0652516070194018,0.0,0.0,,,,371084.0,incumbent_base,,,C,1.0652516070194018,AI_VERIFIED,False
25144.0,root1:batch_14,0,0,0,case_069,1,0.0,0.0,,nan,61828.0,A2_base,0.09005674999934854,24642.0,126054.0,61828.0,737c31a19797baadf2b7c0538a34b11b57b6c9d679c4aa666654ec87bb60207b,0.06278770799872291,187882.0,seed,0.0,0.0,0,0,0,A0_base,25144.0,af30ca687893924576b2272888779253902b1079d5f535e1e765c51d2adef0f8,nan,,1.0,502.0,0.019965001590836782,,,,0.0,,,,A,1.0203717230744258,AI_VERIFIED,False
25144.0,root1:batch_14,0,0,0,case_069,1,0.0,0.0,,nan,0.0,B2_aggregate,0.11224120800034143,22905.0,126054.0,0.0,5a4d79ac75d9f62200ad90098398d9a6ad242b8d5e79a52e8ad268b9e284b235,0.0813580419999198,126054.0,aggregate,0.0,0.0,0,0,0,B0_base,25144.0,af30ca687893924576b2272888779253902b1079d5f535e1e765c51d2adef0f8,nan,,1.0,2239.0,0.08904708876869233,,,,0.0,,,,B,1.0977515826238813,AI_VERIFIED,False
25144.0,root1:batch_14,0.0,0.0,113766.0,case_069,1,0.0,0.0,,nan,0.0,incumbent_split_height_g0_p4,0.13596845800020674,22655.0,126054.0,0.0,bafad13f2058e1bdb3c5642a1f67d0b6fcb66b802e733760bf38c89b1cddb0af,0.10725808300048811,126054.0,timing,0.0,0.0,0.0,0.0,113766.0,incumbent_base,22905.0,5a4d79ac75d9f62200ad90098398d9a6ad242b8d5e79a52e8ad268b9e284b235,nan,,1.0977515826238813,250.0,0.010914647456887142,,,,0.0,,,,C,1.1098653718825866,AI_VERIFIED,False
25144.0,root1:batch_14,0,0,0,case_069,2,0.0,0.0,,nan,0.0,A0_base,nan,25144.0,126054.0,0.0,3b95c5dd9a730ccb09650090891f3dadbacce938df395334b9fad2fb003755b3,nan,126054.0,,0.0,0.0,0,0,0,A0_base,25144.0,3b95c5dd9a730ccb09650090891f3dadbacce938df395334b9fad2fb003755b3,nan,,1.0,0.0,0.0,,,,0.0,,,,A,1.0,AI_VERIFIED,False
25144.0,root1:batch_14,0,0,0,case_069,2,0.0,0.0,,nan,0.0,B0_base,nan,25144.0,126054.0,0.0,3b95c5dd9a730ccb09650090891f3dadbacce938df395334b9fad2fb003755b3,nan,126054.0,,0.0,0.0,0,0,0,B0_base,25144.0,3b95c5dd9a730ccb09650090891f3dadbacce938df395334b9fad2fb003755b3,nan,,1.0,0.0,0.0,,,,0.0,,,,B,1.0,AI_VERIFIED,False
25144.0,root1:batch_14,0.0,0.0,113766.0,case_069,2,0.0,0.0,,nan,0.0,incumbent_split_release_g0_p4,0.08287812500020664,24048.0,126054.0,0.0,9aea6d09b03198bc6b282b08811b0419ccad2ded66d949342c829d9fb868a82f,0.09892241600027774,126054.0,timing,0.0,0.0,0.0,0.0,113766.0,incumbent_base,25144.0,3b95c5dd9a730ccb09650090891f3dadbacce938df395334b9fad2fb003755b3,nan,,1.0,1096.0,0.04358892777601018,,,,0.0,,,,C,1.0455755156353959,AI_VERIFIED,False
25144.0,root1:batch_14,0,0,0,case_069,3,0.0,0.0,,nan,0.0,A0_base,nan,25144.0,126054.0,0.0,3fa653fc6f71ce957a81dbfe032552bf26b696136fe2ee12912b78e129893207,nan,126054.0,,0.0,0.0,0,0,0,A0_base,25144.0,3fa653fc6f71ce957a81dbfe032552bf26b696136fe2ee12912b78e129893207,nan,,1.0,0.0,0.0,,,,0.0,,,,A,1.0,AI_VERIFIED,False
25144.0,root1:batch_14,0,0,0,case_069,3,0.0,0.0,,nan,582632.0,B2_base,0.11293033400033892,24263.0,126054.0,582632.0,7aaf55efc16e9ab38de7f278867d33dd7e202e46d3696c89095c24fcd723d224,0.09979279199978919,708686.0,seed,0.0,0.0,0,0,0,B0_base,25144.0,3fa653fc6f71ce957a81dbfe032552bf26b696136fe2ee12912b78e129893207,nan,,1.0,881.0,0.03503818008272351,,,,0.0,,,,B,1.0363104315212464,AI_VERIFIED,False
25144.0,root1:batch_14,36200.0,0.0826185987703066,401958.0,case_069,3,2.0,36200.0,r3_boundary_n1028_c0_p6,22922.0,631784.0,r3_boundary_n1028_c0_p6,0.12780012500115845,22922.0,126054.0,631784.0,1204965ed43855c6ab3d103200a6f02a2410153972090670d60ff16226051f03,0.1459545830002753,757838.0,ordinary_chain,0.0,582632.0,33128.0,0.08010019778423626,380454.0,incumbent_base,24246.0,7aaf55efc16e9ab38de7f278867d33dd7e202e46d3696c89095c24fcd723d224,nan,,1.037037037037037,1324.0,0.05460694547554236,,,,36200.0,r3_boundary_n1028_c0_p6,,,C,1.0969374400139604,AI_VERIFIED,False
25144.0,root1:batch_14,0,0,0,case_069,4,0.0,0.0,,nan,0.0,A0_base,nan,25144.0,126054.0,0.0,1451d0fda429b94eb7aba57e0dcf06215ae7cdc46303042ec79e5c9eb2e95e85,nan,126054.0,,0.0,0.0,0,0,0,A0_base,25144.0,1451d0fda429b94eb7aba57e0dcf06215ae7cdc46303042ec79e5c9eb2e95e85,nan,,1.0,0.0,0.0,,,,0.0,,,,A,1.0,AI_VERIFIED,False
25144.0,root1:batch_14,0,0,0,case_069,4,0.0,0.0,,nan,583366.0,B2_base,0.15224808399943868,24304.0,126054.0,583366.0,b5859812f54c11d71d45c17d25b11285ebf3142176047d908c7a3aea0da60bfd,0.1182777089998126,709420.0,seed,0.0,0.0,0,0,0,B0_base,25144.0,1451d0fda429b94eb7aba57e0dcf06215ae7cdc46303042ec79e5c9eb2e95e85,nan,,1.0,840.0,0.0334075723830735,,,,0.0,,,,B,1.0345622119815667,AI_VERIFIED,False
25144.0,root1:batch_14,44742.0,0.10837507630000678,368102.0,case_069,4,1.0,44742.0,incumbent_base,24134.0,583366.0,incumbent_base,nan,24134.0,126054.0,583366.0,b5859812f54c11d71d45c17d25b11285ebf3142176047d908c7a3aea0da60bfd,nan,709420.0,,0.0,583366.0,44742.0,0.10837507630000678,368102.0,incumbent_base,24134.0,b5859812f54c11d71d45c17d25b11285ebf3142176047d908c7a3aea0da60bfd,nan,,1.0418496726609763,0.0,0.0,,,,44742.0,incumbent_base,,,C,1.0418496726609763,AI_VERIFIED,False
25144.0,root1:batch_14,0,0,0,case_069,5,0.0,0.0,,nan,259792.0,A2_base,0.09732479200101807,22097.0,126054.0,259792.0,84cf9780e02d98793119225c7315553495f48253a9d303d838f3790678915749,0.09633304199996928,385846.0,seed,0.0,0.0,0,0,0,A0_base,25144.0,4d51f414e9e059ecbc4ee159f51cda22d683e61a10bcf2c0467c9741995ba48f,nan,,1.0,3047.0,0.12118199172764875,,,,0.0,,,,A,1.1378920215413857,AI_VERIFIED,False
25144.0,root1:batch_14,0,0,0,case_069,5,0.0,0.0,,nan,271980.0,q1_warm_base,nan,13375.0,126054.0,271980.0,84cf9780e02d98793119225c7315553495f48253a9d303d838f3790678915749,nan,398034.0,,0.0,0.0,0,0,0,B0_base,25144.0,4d51f414e9e059ecbc4ee159f51cda22d683e61a10bcf2c0467c9741995ba48f,nan,,1.0,11769.0,0.4680639516385619,,,,0.0,,,,B,1.8799252336448598,AI_VERIFIED,False
25144.0,root1:batch_14,78348.0,0.2843950778612654,197142.0,case_069,5,2.0,78348.0,event_timing_tid_1000000148_miss_2_bytes_2304_core_4,13239.0,271980.0,event_timing_tid_1000000148_miss_2_bytes_2304_core_4,0.1121318749992497,13239.0,126054.0,271980.0,6ab4b7c4c2e3395d8071fb920faa8da5b61666223b6540b42c93eb9ad86f2fc4,0.10694720900028187,398034.0,event_timing,0.0,271980.0,85644.0,0.31087879777850375,189846.0,incumbent_base,13355.0,84cf9780e02d98793119225c7315553495f48253a9d303d838f3790678915749,nan,,1.882740546611756,116.0,0.00868588543616623,,,,85644.0,incumbent_base,,,C,1.8992371025001888,AI_VERIFIED,False
117300.0,root1:batch_07,0,0,0,case_070,1,0.0,0.0,,nan,73728.0,A2_base,0.14675687499948253,115306.0,419964.0,73728.0,e2281c9974f6d1abd97d709e9f56184ca1738fcd0645638c627396296f1bf001,0.10293312500107277,493692.0,seed,0.0,0.0,0,0,0,A0_base,117300.0,7c7f74954adf5d659bdacfc0445d9844032e7e2c046d0246eda7627371080aaf,nan,,1.0,1994.0,0.01699914748508099,,,,0.0,,,,A,1.0172931157095033,AI_VERIFIED,False
117300.0,root1:batch_07,0,0,0,case_070,1,0.0,0.0,,nan,0.0,q1_warm_base,nan,115088.0,419964.0,0.0,e2281c9974f6d1abd97d709e9f56184ca1738fcd0645638c627396296f1bf001,nan,419964.0,,0.0,0.0,0,0,0,B0_base,117300.0,7c7f74954adf5d659bdacfc0445d9844032e7e2c046d0246eda7627371080aaf,nan,,1.0,2212.0,0.01885763000852515,,,,0.0,,,,B,1.0192200750729876,AI_VERIFIED,False
117300.0,root1:batch_07,0.0,0.0,419858.0,case_070,1,0.0,0.0,,nan,0.0,incumbent_split_release_g0_p4,0.17748041600134457,104334.0,419964.0,0.0,0b6cab981ffb5e90ae2d0c4823248b232cd58c48de9cc0fce2940d72ec339de4,0.15070995800124365,419964.0,timing,0.0,0.0,0.0,0.0,419858.0,incumbent_base,115088.0,e2281c9974f6d1abd97d709e9f56184ca1738fcd0645638c627396296f1bf001,nan,,1.0192200750729876,10754.0,0.09344154038648686,,,,0.0,,,,C,1.1242739663005348,AI_VERIFIED,False
117300.0,root1:batch_07,0,0,0,case_070,2,0.0,0.0,,nan,129536.0,L1_base,0.13365462500041758,60121.0,419964.0,129536.0,51f54e087df90300bacb358c796255b48cd2ceee2cde88e5ce11ef39cb42650f,0.09539520900034404,549500.0,legacy_seed,0.0,0.0,0,0,0,A0_base,117300.0,08c965655c53e0d73ce6b1b11e523ef9b58c093669d1720267a518f28db68c0f,nan,,1.0,57179.0,0.487459505541347,,,,0.0,,,,A,1.9510653515410588,AI_VERIFIED,False
117300.0,root1:batch_07,0,0,0,case_070,2,0.0,0.0,,nan,129536.0,L1_base,nan,60121.0,419964.0,129536.0,51f54e087df90300bacb358c796255b48cd2ceee2cde88e5ce11ef39cb42650f,nan,549500.0,,0.0,0.0,0,0,0,B0_base,117300.0,08c965655c53e0d73ce6b1b11e523ef9b58c093669d1720267a518f28db68c0f,nan,,1.0,57179.0,0.487459505541347,,,,0.0,,,,B,1.9510653515410588,AI_VERIFIED,False
117300.0,root1:batch_07,78336.0,0.14258619497118644,471058.0,case_070,2,3.0,78336.0,incumbent_split_height_g1_p4,59140.0,129536.0,incumbent_split_height_g1_p4,0.13345179199859558,59140.0,419964.0,129536.0,5290364626f385019b42ba6bafb14bade192d5c5b86ecdb717021efcb793ca90,0.1419347499995638,549500.0,timing,0.0,129536.0,129536.0,0.235779786455622,419858.0,incumbent_base,60121.0,51f54e087df90300bacb358c796255b48cd2ceee2cde88e5ce11ef39cb42650f,nan,,1.9510653515410588,981.0,0.016317093860714227,,,,129536.0,incumbent_base,,,C,1.983429151166723,AI_VERIFIED,False
117300.0,root1:batch_07,0,0,0,case_070,3,0.0,0.0,,nan,259072.0,L1_base,0.15364045800015447,39333.0,419964.0,259072.0,b871f66c8537d47a13e5dc6bf3ddf86355f65a8d23700be37fce6099cf9b1f31,0.13100870800008124,679036.0,legacy_seed,0.0,0.0,0,0,0,A0_base,117300.0,54fafeb0742bb62df7b5213e06e2c15871721550a043070b07b0b867b7fa9e4c,nan,,1.0,77967.0,0.6646803069053708,,,,0.0,,,,A,2.9822286629547707,AI_VERIFIED,False
117300.0,root1:batch_07,0,0,0,case_070,3,0.0,0.0,,nan,259072.0,L1_base,nan,39333.0,419964.0,259072.0,b871f66c8537d47a13e5dc6bf3ddf86355f65a8d23700be37fce6099cf9b1f31,nan,679036.0,,0.0,0.0,0,0,0,B0_base,117300.0,54fafeb0742bb62df7b5213e06e2c15871721550a043070b07b0b867b7fa9e4c,nan,,1.0,77967.0,0.6646803069053708,,,,0.0,,,,B,2.9822286629547707,AI_VERIFIED,False
117300.0,root1:batch_07,185344.0,0.2729942703960644,493586.0,case_070,3,2.0,185344.0,incumbent_base,39333.0,259072.0,incumbent_base,nan,39333.0,419964.0,259072.0,b871f66c8537d47a13e5dc6bf3ddf86355f65a8d23700be37fce6099cf9b1f31,nan,679036.0,,0.0,259072.0,185344.0,0.2729942703960644,493586.0,incumbent_base,39333.0,b871f66c8537d47a13e5dc6bf3ddf86355f65a8d23700be37fce6099cf9b1f31,nan,,2.9822286629547707,0.0,0.0,,,,259072.0,C1_base,,,C,2.9822286629547707,AI_VERIFIED,False
117300.0,root1:batch_07,0,0,0,case_070,4,0.0,0.0,,nan,360960.0,L1_base,0.11618545799865387,31225.0,419964.0,360960.0,9de9a03dd20af7569eeb1c503d1607906e471b9d5a6d863df9d20adaf6ad9787,0.13220983400060504,780924.0,legacy_seed,0.0,0.0,0,0,0,A0_base,117300.0,c20e1c245f501e1921c32702765268133172aa3d772250682763d6ea5f155ee5,nan,,1.0,86075.0,0.7338022165387894,,,,0.0,,,,A,3.756605284227382,AI_VERIFIED,False
117300.0,root1:batch_07,0,0,0,case_070,4,0.0,0.0,,nan,360960.0,L1_base,nan,31225.0,419964.0,360960.0,9de9a03dd20af7569eeb1c503d1607906e471b9d5a6d863df9d20adaf6ad9787,nan,780924.0,,0.0,0.0,0,0,0,B0_base,117300.0,c20e1c245f501e1921c32702765268133172aa3d772250682763d6ea5f155ee5,nan,,1.0,86075.0,0.7338022165387894,,,,0.0,,,,B,3.756605284227382,AI_VERIFIED,False
117300.0,root1:batch_07,311808.0,0.3993350563127387,469010.0,case_070,4,2.0,311808.0,incumbent_base,31192.0,360960.0,incumbent_base,nan,31192.0,419964.0,360960.0,9de9a03dd20af7569eeb1c503d1607906e471b9d5a6d863df9d20adaf6ad9787,nan,780924.0,,0.0,360960.0,311808.0,0.3993350563127387,469010.0,incumbent_base,31192.0,9de9a03dd20af7569eeb1c503d1607906e471b9d5a6d863df9d20adaf6ad9787,nan,,3.7605796358040524,0.0,0.0,,,,317952.0,C1_base,,,C,3.7605796358040524,AI_VERIFIED,False
117300.0,root1:batch_07,0,0,0,case_070,5,0.0,0.0,,nan,449024.0,L1_base,0.15555341700019198,26275.0,419964.0,449024.0,5be92a69af59b6223e5a47338dea5f156bbabd3f166cba46056ad8de824bf9fd,0.09991199999967648,868988.0,legacy_seed,0.0,0.0,0,0,0,A0_base,117300.0,55e835db1b99a9d9f655359486f710bb494847eb6c040f4dc902547031256507,nan,,1.0,91025.0,0.776001705029838,,,,0.0,,,,A,4.464319695528069,AI_VERIFIED,False
117300.0,root1:batch_07,0,0,0,case_070,5,0.0,0.0,,nan,449024.0,L1_base,nan,26275.0,419964.0,449024.0,5be92a69af59b6223e5a47338dea5f156bbabd3f166cba46056ad8de824bf9fd,nan,868988.0,,0.0,0.0,0,0,0,B0_base,117300.0,55e835db1b99a9d9f655359486f710bb494847eb6c040f4dc902547031256507,nan,,1.0,91025.0,0.776001705029838,,,,0.0,,,,B,4.464319695528069,AI_VERIFIED,False
117300.0,root1:batch_07,259328.0,0.2971484619386242,613394.0,case_070,5,3.0,259328.0,incumbent_disperse_tid_2081_node_2108_core_2_pos_0,26030.0,455936.0,incumbent_disperse_tid_2081_node_2108_core_2_pos_0,0.2126447909995477,26030.0,419964.0,455936.0,172fe5d3e876fbf38d9ff5b4015048692629657fc93177e7617c405d0177ec05,0.17062658299983013,875900.0,disperse,0.0,449024.0,249344.0,0.2869710731721914,619538.0,incumbent_base,26216.0,5be92a69af59b6223e5a47338dea5f156bbabd3f166cba46056ad8de824bf9fd,nan,,4.474366798901435,186.0,0.00709490387549588,,,,285696.0,C1_base,,,C,4.506338839800231,AI_VERIFIED,False
18919.0,root1:batch_06,0,0,0,case_071,1,0.0,0.0,,nan,0.0,A0_base,nan,18919.0,121446.0,0.0,0bb6856ec887b768f441d834d34df78e6b9630a7775746bc926014951c23b9a7,nan,121446.0,,0.0,0.0,0,0,0,A0_base,18919.0,0bb6856ec887b768f441d834d34df78e6b9630a7775746bc926014951c23b9a7,nan,,1.0,0.0,0.0,2298.0,2298.0,8.232811140121845,0.0,,0.0,0.0,A,1.0,AI_VERIFIED,False
18919.0,root1:batch_06,0,0,0,case_071,1,0.0,0.0,,nan,0.0,B2_base,0.08672475000093982,17557.0,121446.0,0.0,60e825bfe32c4fd4375bb9ed31728e8e665db404267a7e14099af1c401298957,0.14512645799914026,121446.0,seed,0.0,0.0,0,0,0,B0_base,18919.0,0bb6856ec887b768f441d834d34df78e6b9630a7775746bc926014951c23b9a7,nan,,1.0,1362.0,0.07199112003805698,2298.0,2298.0,7.640121845082681,0.0,,0.0,0.0,B,1.077575895654155,AI_VERIFIED,False
18919.0,root1:batch_06,0.0,0.0,111462.0,case_071,1,0.0,0.0,,nan,0.0,incumbent_split_height_g3_p4,0.13485879200015916,17401.0,121446.0,0.0,b659243d8a4adc5c10852d456bdcb55d2584c1f65feff4af150a10814e50acf1,0.10521016699931351,121446.0,timing,0.0,0.0,0.0,0.0,111462.0,incumbent_base,17557.0,60e825bfe32c4fd4375bb9ed31728e8e665db404267a7e14099af1c401298957,nan,,1.077575895654155,156.0,0.008885344876687361,2298.0,2298.0,7.572236727589208,0.0,,0.0,0.0,C,1.0872363657261077,AI_VERIFIED,False
18919.0,root1:batch_06,0,0,0,case_071,2,0.0,0.0,,nan,0.0,A0_base,nan,18919.0,121446.0,0.0,0a6a11a6d366b000082a82f077026541b4788120050479c12d99bbd6db431861,nan,121446.0,,0.0,0.0,0,0,0,A0_base,18919.0,0a6a11a6d366b000082a82f077026541b4788120050479c12d99bbd6db431861,nan,,1.0,0.0,0.0,2298.0,2298.0,8.232811140121845,0.0,,0.0,0.0,A,1.0,AI_VERIFIED,False
18919.0,root1:batch_06,0,0,0,case_071,2,0.0,0.0,,nan,0.0,incumbent_base,nan,17557.0,121446.0,0.0,b0966989ef8100cb1440456e09868dd50713d35fbbaece5a5ab6500fd406818f,nan,121446.0,,0.0,0.0,0,0,0,B0_base,18919.0,0a6a11a6d366b000082a82f077026541b4788120050479c12d99bbd6db431861,nan,,1.0,1362.0,0.07199112003805698,2298.0,2298.0,7.640121845082681,0.0,,0.0,0.0,B,1.077575895654155,AI_VERIFIED,False
18919.0,root1:batch_06,0.0,0.0,111462.0,case_071,2,0.0,0.0,,nan,0.0,incumbent_split_height_g3_p4,0.08176229200034868,17401.0,121446.0,0.0,67d901359c70514fbac08cf5ecbff20519439d5f79a18c2da45b39f45f64baa1,0.11693745800039324,121446.0,timing,0.0,0.0,0.0,0.0,111462.0,incumbent_base,17557.0,b0966989ef8100cb1440456e09868dd50713d35fbbaece5a5ab6500fd406818f,nan,,1.077575895654155,156.0,0.008885344876687361,2298.0,2298.0,7.572236727589208,0.0,,0.0,0.0,C,1.0872363657261077,AI_VERIFIED,False
18919.0,root1:batch_06,0,0,0,case_071,3,0.0,0.0,,nan,0.0,A0_base,nan,18919.0,121446.0,0.0,82bfeac35737c37f651e688bd06705569f4838b7be93cd24ca068fa5a26331ad,nan,121446.0,,0.0,0.0,0,0,0,A0_base,18919.0,82bfeac35737c37f651e688bd06705569f4838b7be93cd24ca068fa5a26331ad,nan,,1.0,0.0,0.0,2298.0,2298.0,8.232811140121845,0.0,,0.0,0.0,A,1.0,AI_VERIFIED,False
18919.0,root1:batch_06,0,0,0,case_071,3,0.0,0.0,,nan,0.0,incumbent_base,nan,17557.0,121446.0,0.0,ea9d2e9994b51202ae7b3353a360b404c41b359ebdda68460409862711b1c6f4,nan,121446.0,,0.0,0.0,0,0,0,B0_base,18919.0,82bfeac35737c37f651e688bd06705569f4838b7be93cd24ca068fa5a26331ad,nan,,1.0,1362.0,0.07199112003805698,2298.0,2298.0,7.640121845082681,0.0,,0.0,0.0,B,1.077575895654155,AI_VERIFIED,False
18919.0,root1:batch_06,0.0,0.0,111462.0,case_071,3,0.0,0.0,,nan,0.0,incumbent_split_height_g3_p4,0.1087965830010944,17401.0,121446.0,0.0,3b93a7e58f6a6ab9c4178b1328c32599f9958042d37dc3f63d85c31ca065947c,0.08688812499894993,121446.0,timing,0.0,0.0,0.0,0.0,111462.0,incumbent_base,17557.0,ea9d2e9994b51202ae7b3353a360b404c41b359ebdda68460409862711b1c6f4,nan,,1.077575895654155,156.0,0.008885344876687361,2298.0,2298.0,7.572236727589208,0.0,,0.0,0.0,C,1.0872363657261077,AI_VERIFIED,False
18919.0,root1:batch_06,0,0,0,case_071,4,0.0,0.0,,nan,0.0,A0_base,nan,18919.0,121446.0,0.0,303cba3505067c314b3cd82ef6a1dbcd5781ee4d3c852a519c1512021ef59745,nan,121446.0,,0.0,0.0,0,0,0,A0_base,18919.0,303cba3505067c314b3cd82ef6a1dbcd5781ee4d3c852a519c1512021ef59745,nan,,1.0,0.0,0.0,2298.0,2298.0,8.232811140121845,0.0,,0.0,0.0,A,1.0,AI_VERIFIED,False
18919.0,root1:batch_06,0,0,0,case_071,4,0.0,0.0,,nan,0.0,incumbent_base,nan,17557.0,121446.0,0.0,fd343744a6416e5838fefc1f7e174906852256e7c50c6c5036e6bd7ee39afebd,nan,121446.0,,0.0,0.0,0,0,0,B0_base,18919.0,303cba3505067c314b3cd82ef6a1dbcd5781ee4d3c852a519c1512021ef59745,nan,,1.0,1362.0,0.07199112003805698,2298.0,2298.0,7.640121845082681,0.0,,0.0,0.0,B,1.077575895654155,AI_VERIFIED,False
18919.0,root1:batch_06,0.0,0.0,111462.0,case_071,4,0.0,0.0,,nan,0.0,incumbent_split_height_g3_p4,0.10202729200136673,17401.0,121446.0,0.0,29a4cd4b8f95d88f67ead1ca5224dd1e0aff2b1df5665d819f6de2fa5356ab61,0.09447454200017091,121446.0,timing,0.0,0.0,0.0,0.0,111462.0,incumbent_base,17557.0,fd343744a6416e5838fefc1f7e174906852256e7c50c6c5036e6bd7ee39afebd,nan,,1.077575895654155,156.0,0.008885344876687361,2298.0,2298.0,7.572236727589208,0.0,,0.0,0.0,C,1.0872363657261077,AI_VERIFIED,False
18919.0,root1:batch_06,0,0,0,case_071,5,0.0,0.0,,nan,0.0,A0_base,nan,18919.0,121446.0,0.0,2edeb827d2976154ee6bd24660b9b5e172fb39869fd044aff760cddb5fa5322d,nan,121446.0,,0.0,0.0,0,0,0,A0_base,18919.0,2edeb827d2976154ee6bd24660b9b5e172fb39869fd044aff760cddb5fa5322d,nan,,1.0,0.0,0.0,2298.0,2298.0,8.232811140121845,0.0,,0.0,0.0,A,1.0,AI_VERIFIED,False
18919.0,root1:batch_06,0,0,0,case_071,5,0.0,0.0,,nan,0.0,incumbent_base,nan,17557.0,121446.0,0.0,e77c6a9f1eee518769de564cd06c4408768a83e33c158b78089cf1d8a8809fb8,nan,121446.0,,0.0,0.0,0,0,0,B0_base,18919.0,2edeb827d2976154ee6bd24660b9b5e172fb39869fd044aff760cddb5fa5322d,nan,,1.0,1362.0,0.07199112003805698,2298.0,2298.0,7.640121845082681,0.0,,0.0,0.0,B,1.077575895654155,AI_VERIFIED,False
18919.0,root1:batch_06,0.0,0.0,111462.0,case_071,5,0.0,0.0,,nan,0.0,incumbent_split_height_g3_p4,0.11755525000080524,17401.0,121446.0,0.0,f16f9aeae6645e1f246a79f3c6192b51a2e0aaedfb290a6e192681e8367ce2d9,0.1014009159989655,121446.0,timing,0.0,0.0,0.0,0.0,111462.0,incumbent_base,17557.0,e77c6a9f1eee518769de564cd06c4408768a83e33c158b78089cf1d8a8809fb8,nan,,1.077575895654155,156.0,0.008885344876687361,2298.0,2298.0,7.572236727589208,0.0,,0.0,0.0,C,1.0872363657261077,AI_VERIFIED,False
23897828.0,root1:batch_04,0,0,0,case_072,1,0.0,0.0,,nan,108613680.0,A0_base,nan,23897828.0,11103184.0,0.0,ad063b0cdf68d42138e79be4c3ecf6eb375242ae6616a4f06fb8bdfceb76d2c1,nan,119716864.0,,108613680.0,108613680.0,0,0,0,A0_base,23897828.0,ad063b0cdf68d42138e79be4c3ecf6eb375242ae6616a4f06fb8bdfceb76d2c1,nan,,1.0,0.0,0.0,31968.0,185053.06666666668,129.1404051306364,0.0,,0.0,0.0,A,1.0,AI_VERIFIED,False
23897828.0,root1:batch_04,0,0,0,case_072,1,0.0,0.0,,nan,108613680.0,B0_base,nan,23897828.0,11103184.0,0.0,ad063b0cdf68d42138e79be4c3ecf6eb375242ae6616a4f06fb8bdfceb76d2c1,nan,119716864.0,,108613680.0,108613680.0,0,0,0,B0_base,23897828.0,ad063b0cdf68d42138e79be4c3ecf6eb375242ae6616a4f06fb8bdfceb76d2c1,nan,,1.0,0.0,0.0,31968.0,185053.06666666668,129.1404051306364,0.0,,0.0,0.0,B,1.0,AI_VERIFIED,False
23897828.0,root1:batch_04,3137536.0,0.026210198484652728,116569150.0,case_072,1,1.0,3137536.0,incumbent_base,23890756.0,108613680.0,incumbent_base,34.064129417000004,23890756.0,11103184.0,0.0,ad063b0cdf68d42138e79be4c3ecf6eb375242ae6616a4f06fb8bdfceb76d2c1,33.48753525000029,119716864.0,incumbent,108613680.0,108613680.0,3137536.0,0.026210198484652728,116569150.0,incumbent_base,23890756.0,ad063b0cdf68d42138e79be4c3ecf6eb375242ae6616a4f06fb8bdfceb76d2c1,33.48753525000029,incumbent,1.000296014073393,0.0,0.0,31968.0,185053.06666666668,129.10218906576708,3137536.0,incumbent_base,0.0,0.0,C,1.000296014073393,AI_VERIFIED,False
23897828.0,root1:batch_04,0,0,0,case_072,2,0.0,0.0,,nan,113945376.0,A1_base,nan,11833111.0,11103184.0,10948952.0,c6b2179630fbd852d7322accd5a0b5012766b67b33703688904bc8746de4ecd8,nan,125048560.0,,102996424.0,108613680.0,0,0,0,A0_base,23897828.0,6fd83f5b0787e0695d42c8e4f58f40c3e86d93ce0d6540dc612c17be83f7d1e4,nan,,1.0,12064717.0,0.5048457541831836,31968.0,185053.06666666668,63.9444199069384,0.0,,0.0,0.0,A,2.0195727057745,AI_VERIFIED,False
23897828.0,root1:batch_04,0,0,0,case_072,2,0.0,0.0,,nan,113945376.0,B1_base,nan,11833111.0,11103184.0,10948952.0,c6b2179630fbd852d7322accd5a0b5012766b67b33703688904bc8746de4ecd8,nan,125048560.0,,102996424.0,108613680.0,0,0,0,B0_base,23897828.0,6fd83f5b0787e0695d42c8e4f58f40c3e86d93ce0d6540dc612c17be83f7d1e4,nan,,1.0,12064717.0,0.5048457541831836,31968.0,185053.06666666668,63.9444199069384,0.0,,0.0,0.0,B,2.0195727057745,AI_VERIFIED,False
23897828.0,root1:batch_04,10838016.0,0.08667751314952236,114200366.0,case_072,2,2.0,10838016.0,incumbent_base,11819724.0,113945376.0,incumbent_base,nan,11819724.0,11103184.0,10948952.0,c6b2179630fbd852d7322accd5a0b5012766b67b33703688904bc8746de4ecd8,nan,125048560.0,,102996424.0,113945376.0,10838016.0,0.08667751314952236,114200366.0,incumbent_base,11819724.0,c6b2179630fbd852d7322accd5a0b5012766b67b33703688904bc8746de4ecd8,nan,,2.0218600705058765,0.0,0.0,31968.0,185053.06666666668,63.872078495681954,10838016.0,incumbent_base,0.0,0.0,C,2.0218600705058765,AI_VERIFIED,False
23897828.0,root1:batch_04,0,0,0,case_072,3,0.0,0.0,,nan,120023840.0,L1_base,8.7861592499994,7935290.0,11103184.0,19804504.0,6eab3cc31750bcfb82d3f824e4f01b1c07db49c7a2bf30c33303fb158205392c,10.303598916998453,131127024.0,legacy_seed,100219336.0,108613680.0,0,0,0,A0_base,23897828.0,be22e41be5592dfa7470448d9f368a2a0017194acf6100ce1f9faf6c71edd1e2,nan,,1.0,15962538.0,0.6679493215868822,31968.0,185053.06666666668,42.881159134172684,0.0,,0.0,0.0,A,3.011588486369118,AI_VERIFIED,False
23897828.0,root1:batch_04,0,0,0,case_072,3,0.0,0.0,,nan,120023840.0,L1_base,17.135679250000976,7935290.0,11103184.0,19804504.0,6eab3cc31750bcfb82d3f824e4f01b1c07db49c7a2bf30c33303fb158205392c,15.991993457999342,131127024.0,legacy_seed,100219336.0,108613680.0,0,0,0,B0_base,23897828.0,be22e41be5592dfa7470448d9f368a2a0017194acf6100ce1f9faf6c71edd1e2,nan,,1.0,15962538.0,0.6679493215868822,31968.0,185053.06666666668,42.881159134172684,0.0,,0.0,0.0,B,3.011588486369118,AI_VERIFIED,False
23897828.0,root1:batch_04,20250624.0,0.15441821272915585,110890798.0,case_072,3,5.0,20250624.0,incumbent_disperse_tid_1000001161_node_1656_core_1_pos_0,7921555.0,120056608.0,incumbent_disperse_tid_1000001161_node_1656_core_1_pos_0,20.845330999998623,7921555.0,11103184.0,19820888.0,cdabd85c5eb0a9cf4e6d29299ebc9a18621d769511b4e9e7d37e788ae14a180e,20.57937262499945,131159792.0,disperse,100235720.0,120023840.0,20209664.0,0.1541347631257085,110907182.0,incumbent_base,7922729.0,6eab3cc31750bcfb82d3f824e4f01b1c07db49c7a2bf30c33303fb158205392c,nan,,3.0163631748605817,1174.0,0.00014818126430930553,31968.0,185053.06666666668,42.8069371812626,20250624.0,incumbent_disperse_tid_1000001161_node_1656_core_1_pos_0,0.0,0.0,C,3.016810209611623,AI_VERIFIED,False
23897828.0,root1:batch_04,0,0,0,case_072,4,0.0,0.0,,nan,122669856.0,A1_base,nan,5993260.0,11103184.0,28660056.0,138fa101598f0311865bdb6cd2529160b69b30267218c6218d21058ff2f98e0b,nan,133773040.0,,94009800.0,108613680.0,0,0,0,A0_base,23897828.0,8f7cacd1c570f19aa941e166d660d0fb7fc55e1792cda9dc2826718876778361,nan,,1.0,17904568.0,0.7492131920942774,31968.0,185053.06666666668,32.38670997436411,0.0,,0.0,0.0,A,3.9874505694730416,AI_VERIFIED,False
23897828.0,root1:batch_04,0,0,0,case_072,4,0.0,0.0,,nan,122669856.0,B1_base,nan,5993260.0,11103184.0,28660056.0,138fa101598f0311865bdb6cd2529160b69b30267218c6218d21058ff2f98e0b,nan,133773040.0,,94009800.0,108613680.0,0,0,0,B0_base,23897828.0,8f7cacd1c570f19aa941e166d660d0fb7fc55e1792cda9dc2826718876778361,nan,,1.0,17904568.0,0.7492131920942774,31968.0,185053.06666666668,32.38670997436411,0.0,,0.0,0.0,B,3.9874505694730416,AI_VERIFIED,False
23897828.0,root1:batch_04,14303232.0,0.10692976949012949,119459630.0,case_072,4,2.0,14303232.0,incumbent_base,5988828.0,122669856.0,incumbent_base,nan,5988828.0,11103184.0,28660056.0,138fa101598f0311865bdb6cd2529160b69b30267218c6218d21058ff2f98e0b,nan,133773040.0,,94009800.0,122669856.0,14303232.0,0.10692976949012949,119459630.0,incumbent_base,5988828.0,138fa101598f0311865bdb6cd2529160b69b30267218c6218d21058ff2f98e0b,nan,,3.9904014608534424,0.0,0.0,31968.0,185053.06666666668,32.362760087556865,14303232.0,incumbent_base,0.0,0.0,C,3.9904014608534424,AI_VERIFIED,False
23897828.0,root1:batch_04,0,0,0,case_072,5,0.0,0.0,,nan,130884272.0,L1_base,7.928545374999885,4831281.0,11103184.0,39232176.0,a3eb3d4cf60e14039606ec4135ab961c75b49280115df99dc3c18d41654c19be,5.792960332999428,141987456.0,legacy_seed,91652096.0,108613680.0,0,0,0,A0_base,23897828.0,504df90148389afa47db508d4f13c2ab18c6c4402fd4c2419c1dc71bce14b215,nan,,1.0,19066547.0,0.7978359790688928,31968.0,185053.06666666668,26.10754356588164,0.0,,0.0,0.0,A,4.946478584044273,AI_VERIFIED,False
23897828.0,root1:batch_04,0,0,0,case_072,5,0.0,0.0,,nan,130884272.0,L1_base,nan,4831281.0,11103184.0,39232176.0,a3eb3d4cf60e14039606ec4135ab961c75b49280115df99dc3c18d41654c19be,nan,141987456.0,,91652096.0,108613680.0,0,0,0,B0_base,23897828.0,504df90148389afa47db508d4f13c2ab18c6c4402fd4c2419c1dc71bce14b215,nan,,1.0,19066547.0,0.7978359790688928,31968.0,185053.06666666668,26.10754356588164,0.0,,0.0,0.0,B,4.946478584044273,AI_VERIFIED,False
23897828.0,root1:batch_04,28975104.0,0.20408268427290174,113002174.0,case_072,5,3.0,28975104.0,incumbent_base,4809827.0,130884272.0,incumbent_base,nan,4809827.0,11103184.0,39232176.0,a3eb3d4cf60e14039606ec4135ab961c75b49280115df99dc3c18d41654c19be,nan,141987456.0,,91652096.0,130884272.0,28975104.0,0.20408268427290174,113002174.0,incumbent_base,4809827.0,a3eb3d4cf60e14039606ec4135ab961c75b49280115df99dc3c18d41654c19be,nan,,4.968542111805684,0.0,0.0,31968.0,185053.06666666668,25.991609253705963,28975104.0,incumbent_base,0.0,0.0,C,4.968542111805684,AI_VERIFIED,False
10081626.0,root1:batch_05,0,0,0,case_073,1,0.0,0.0,,nan,136869376.0,A3_base,0.9797415000011824,9876885.0,4041088.0,778752.0,f53d8217d2b021ec5b9ef783c6432c6a2b2b6048cdd15589af22695c5dce633d,0.8359498750014609,140910464.0,seed,136090624.0,141570432.0,0,0,0,A0_base,10081626.0,100881ab473afdd2ce8319d0b66657708836433823172e17d45689ef1ef58c2d,nan,,1.0,204741.0,0.020308331215619386,220224.0,220224.0,44.84926710985179,0.0,,0.0,0.0,A,1.0207293088863543,AI_VERIFIED,False
10081626.0,root1:batch_05,0,0,0,case_073,1,0.0,0.0,,nan,136743424.0,B2_base,1.5071641670001554,9870212.0,4041088.0,0.0,f53d8217d2b021ec5b9ef783c6432c6a2b2b6048cdd15589af22695c5dce633d,1.5256012080008077,140784512.0,seed,136743424.0,141570432.0,0,0,0,B0_base,10081626.0,100881ab473afdd2ce8319d0b66657708836433823172e17d45689ef1ef58c2d,nan,,1.0,211414.0,0.020970228413551544,220224.0,220224.0,44.81896614356292,0.0,,0.0,0.0,B,1.0214193980838506,AI_VERIFIED,False
10081626.0,root1:batch_05,0.0,0.0,140238464.0,case_073,1,0.0,0.0,,nan,136743424.0,incumbent_base,nan,9870212.0,4041088.0,0.0,f53d8217d2b021ec5b9ef783c6432c6a2b2b6048cdd15589af22695c5dce633d,nan,140784512.0,,136743424.0,136743424.0,0.0,0.0,140238464.0,incumbent_base,9870212.0,f53d8217d2b021ec5b9ef783c6432c6a2b2b6048cdd15589af22695c5dce633d,nan,,1.0214193980838506,0.0,0.0,220224.0,220224.0,44.81896614356292,0.0,,0.0,0.0,C,1.0214193980838506,AI_VERIFIED,False
10081626.0,root1:batch_05,0,0,0,case_073,2,0.0,0.0,,nan,141121024.0,A1_base,nan,5980423.0,4041088.0,3721600.0,2e984b762d81266c11ec4438f298b406e692a1aa1ff139addae495d9364145f7,nan,145162112.0,,137399424.0,141570432.0,0,0,0,A0_base,10081626.0,c57580aea520d4bbb42f97b02a5143d3746f9b81d3b3e5b051a0b456b99e6c94,nan,,1.0,4101203.0,0.40679975630915094,220224.0,220224.0,27.156091070909618,0.0,,0.0,0.0,A,1.6857713910872192,AI_VERIFIED,False
10081626.0,root1:batch_05,0,0,0,case_073,2,0.0,0.0,,nan,141121024.0,B1_base,nan,5980423.0,4041088.0,3721600.0,2e984b762d81266c11ec4438f298b406e692a1aa1ff139addae495d9364145f7,nan,145162112.0,,137399424.0,141570432.0,0,0,0,B0_base,10081626.0,c57580aea520d4bbb42f97b02a5143d3746f9b81d3b3e5b051a0b456b99e6c94,nan,,1.0,4101203.0,0.40679975630915094,220224.0,220224.0,27.156091070909618,0.0,,0.0,0.0,B,1.6857713910872192,AI_VERIFIED,False
10081626.0,root1:batch_05,12593152.0,0.08845183221267135,129779840.0,case_073,2,1.0,12593152.0,incumbent_split_height_g0_p4,5176545.0,138831104.0,incumbent_split_height_g0_p4,1.1886182080015715,5176545.0,4041088.0,3721600.0,4ca9f3ae0345da30c05070596a0e1f900329a7a9308a09acca87a65c9b256bb9,1.0811974170010217,142872192.0,timing,135109504.0,141121024.0,0.0,0.0,144719232.0,incumbent_base,5980423.0,2e984b762d81266c11ec4438f298b406e692a1aa1ff139addae495d9364145f7,nan,,1.6857713910872192,803878.0,0.1344182510166923,220224.0,220224.0,23.505816804707933,12593152.0,incumbent_split_height_g0_p4,0.0,0.0,C,1.9475588447506975,AI_VERIFIED,False
10081626.0,root1:batch_05,0,0,0,case_073,3,0.0,0.0,,nan,139323392.0,A2_base,0.9802314170010504,4414910.0,4041088.0,18608000.0,0740b716a7a46c5ffbedf69bdb836a103084f27f520b72f924bee9cba3073f87,0.8468968750003114,143364480.0,seed,120715392.0,141570432.0,0,0,0,A0_base,10081626.0,9a6d602da7c38a886ef07f3e4b051a714e8e9ab2eec3b2d58efc3c2755a21cae,nan,,1.0,5666716.0,0.5620835369215244,220224.0,220224.0,20.04736086893345,0.0,,0.0,0.0,A,2.283540547825437,AI_VERIFIED,False
10081626.0,root1:batch_05,0,0,0,case_073,3,0.0,0.0,,nan,140671616.0,B1_base,nan,4515227.0,4041088.0,7443200.0,b9417878f23241afed838e8ede1a1a75243f3d546eeb442e6cc2c3dbf639b5dd,nan,144712704.0,,133228416.0,141570432.0,0,0,0,B0_base,10081626.0,9a6d602da7c38a886ef07f3e4b051a714e8e9ab2eec3b2d58efc3c2755a21cae,nan,,1.0,5566399.0,0.5521330586950954,220224.0,220224.0,20.50288342778262,0.0,,0.0,0.0,B,2.232806013961203,AI_VERIFIED,False
10081626.0,root1:batch_05,15228928.0,0.1065876385358892,127648128.0,case_073,3,2.0,15228928.0,incumbent_split_height_g0_p4,3969025.0,139309056.0,incumbent_split_height_g0_p4,1.1241974579988891,3969025.0,4041088.0,7443200.0,339126251af3c9cb5e70d7660d7bf9b44f57a276f40c5b80eb48cf4e1837a09c,1.0190626669991616,143350144.0,timing,131865856.0,140671616.0,0.0,0.0,144278016.0,incumbent_base,4515227.0,b9417878f23241afed838e8ede1a1a75243f3d546eeb442e6cc2c3dbf639b5dd,nan,,2.232806013961203,546202.0,0.1209688903791548,220224.0,220224.0,18.022672369950595,15228928.0,incumbent_split_height_g0_p4,0.0,0.0,C,2.5400762151913883,AI_VERIFIED,False
10081626.0,root1:batch_05,0,0,0,case_073,4,0.0,0.0,,nan,140222208.0,A1_base,nan,3903787.0,4041088.0,11164800.0,8bea029f51048d1842a1cb7aa11e395513d134de8b328b7d9337b177b0c7af4c,nan,144263296.0,,129057408.0,141570432.0,0,0,0,A0_base,10081626.0,25bf2d66d78fa6fcfe27f859d8595878977d77b5f201c37cb3d0d37096192eb7,nan,,1.0,6177839.0,0.6127820056010806,220224.0,220224.0,17.726437627143273,0.0,,0.0,0.0,A,2.5825246100773427,AI_VERIFIED,False
10081626.0,root1:batch_05,0,0,0,case_073,4,0.0,0.0,,nan,140222208.0,B1_base,nan,3903787.0,4041088.0,11164800.0,8bea029f51048d1842a1cb7aa11e395513d134de8b328b7d9337b177b0c7af4c,nan,144263296.0,,129057408.0,141570432.0,0,0,0,B0_base,10081626.0,25bf2d66d78fa6fcfe27f859d8595878977d77b5f201c37cb3d0d37096192eb7,nan,,1.0,6177839.0,0.6127820056010806,220224.0,220224.0,17.726437627143273,0.0,,0.0,0.0,B,2.5825246100773427,AI_VERIFIED,False
10081626.0,root1:batch_05,15778816.0,0.11046422538745189,127062144.0,case_073,4,2.0,15778816.0,incumbent_split_height_g0_p4,3434743.0,139257088.0,incumbent_split_height_g0_p4,1.1204930420008168,3434743.0,4041088.0,11164800.0,a5a16b09843bb494764f0a624f2f7b8da66b312a62238a81d1478dda2cb9d86b,1.0218093749990658,143298176.0,timing,128092288.0,140222208.0,0.0,0.0,143836800.0,incumbent_base,3903787.0,8bea029f51048d1842a1cb7aa11e395513d134de8b328b7d9337b177b0c7af4c,nan,,2.5825246100773427,469044.0,0.12015102258396783,220224.0,220224.0,15.596588019471085,15778816.0,incumbent_split_height_g0_p4,0.0,0.0,C,2.935190784288664,AI_VERIFIED,False
10081626.0,root1:batch_05,0,0,0,case_073,5,0.0,0.0,,nan,139772800.0,A1_base,nan,3517515.0,4041088.0,14886400.0,3cf89310989a0237720b32fed38f777d4898ee6afb36cd789a86d6f77f858d64,nan,143813888.0,,124886400.0,141570432.0,0,0,0,A0_base,10081626.0,9bd31aa4b27413f0737ea95d04b8d3bdd91b729ebb36aff513bfcadf7e1fd8c3,nan,,1.0,6564111.0,0.6510964600353157,220224.0,220224.0,15.972441695727985,0.0,,0.0,0.0,A,2.8661216796516857,AI_VERIFIED,False
10081626.0,root1:batch_05,0,0,0,case_073,5,0.0,0.0,,nan,139772800.0,B1_base,nan,3517515.0,4041088.0,14886400.0,3cf89310989a0237720b32fed38f777d4898ee6afb36cd789a86d6f77f858d64,nan,143813888.0,,124886400.0,141570432.0,0,0,0,B0_base,10081626.0,9bd31aa4b27413f0737ea95d04b8d3bdd91b729ebb36aff513bfcadf7e1fd8c3,nan,,1.0,6564111.0,0.6510964600353157,220224.0,220224.0,15.972441695727985,0.0,,0.0,0.0,B,2.8661216796516857,AI_VERIFIED,False
10081626.0,root1:batch_05,15778816.0,0.11046422538745189,127062144.0,case_073,5,1.0,15778816.0,lower_core_base,3434743.0,139257088.0,lower_core_base,1.1078606659993966,3434743.0,4041088.0,11164800.0,7f743b950c6fccca1c1346e86c7a4357b9fce6940f88e167d7e640bd62298751,0.9942305830008991,143298176.0,lower_core,128092288.0,139772800.0,0.0,0.0,143395584.0,incumbent_base,3517515.0,3cf89310989a0237720b32fed38f777d4898ee6afb36cd789a86d6f77f858d64,nan,,2.8661216796516857,82772.0,0.02353138508293497,220224.0,220224.0,15.596588019471085,15778816.0,lower_core_base,0.0,0.0,C,2.935190784288664,AI_VERIFIED,False
1682239.0,root1:batch_16,0,0,0,case_074,1,0.0,0.0,,nan,6070280.0,A0_base,nan,1682239.0,3776728.0,0.0,b02f51279acc25929809f62ef45cdf9fd885f724ef2eaef7f79e4e06947e6913,nan,9847008.0,,6070280.0,6070280.0,0,0,0,A0_base,1682239.0,b02f51279acc25929809f62ef45cdf9fd885f724ef2eaef7f79e4e06947e6913,nan,,1.0,0.0,0.0,,,,0.0,,,,A,1.0,AI_VERIFIED,False
1682239.0,root1:batch_16,0,0,0,case_074,1,0.0,0.0,,nan,6070280.0,B0_base,nan,1682239.0,3776728.0,0.0,b02f51279acc25929809f62ef45cdf9fd885f724ef2eaef7f79e4e06947e6913,nan,9847008.0,,6070280.0,6070280.0,0,0,0,B0_base,1682239.0,b02f51279acc25929809f62ef45cdf9fd885f724ef2eaef7f79e4e06947e6913,nan,,1.0,0.0,0.0,,,,0.0,,,,B,1.0,AI_VERIFIED,False
1682239.0,root1:batch_16,1642496.0,0.16680485013829857,8204316.0,case_074,1,1.0,1642496.0,incumbent_base,1678120.0,6070280.0,incumbent_base,0.7437122920000547,1678120.0,3776728.0,0.0,b02f51279acc25929809f62ef45cdf9fd885f724ef2eaef7f79e4e06947e6913,0.6764524579994031,9847008.0,incumbent,6070280.0,6070280.0,1642496.0,0.16680485013829857,8204316.0,incumbent_base,1678120.0,b02f51279acc25929809f62ef45cdf9fd885f724ef2eaef7f79e4e06947e6913,0.6764524579994031,incumbent,1.002454532452983,0.0,0.0,,,,1642496.0,incumbent_base,,,C,1.002454532452983,AI_VERIFIED,False
1682239.0,root1:batch_16,0,0,0,case_074,2,0.0,0.0,,nan,7077888.0,A1_base,nan,821757.0,3776728.0,2285568.0,56b877ebdc85e1f9095c9f77382872bcec5f40df6a3ec973ef28c60dba695063,nan,10854616.0,,4792320.0,6070280.0,0,0,0,A0_base,1682239.0,5fa369af94b74a66c0a7458baf40110eb18e48d2016dc6a5194e2aeb27160429,nan,,1.0,860482.0,0.5115099578597334,,,,0.0,,,,A,2.0471246366018176,AI_VERIFIED,False
1682239.0,root1:batch_16,0,0,0,case_074,2,0.0,0.0,,nan,7077888.0,B1_base,nan,821757.0,3776728.0,2285568.0,56b877ebdc85e1f9095c9f77382872bcec5f40df6a3ec973ef28c60dba695063,nan,10854616.0,,4792320.0,6070280.0,0,0,0,B0_base,1682239.0,5fa369af94b74a66c0a7458baf40110eb18e48d2016dc6a5194e2aeb27160429,nan,,1.0,860482.0,0.5115099578597334,,,,0.0,,,,B,2.0471246366018176,AI_VERIFIED,False
1682239.0,root1:batch_16,2605056.0,0.23999946934079597,8249368.0,case_074,2,3.0,2605056.0,r2_boundary_n4295_c1_p0,818681.0,7086080.0,r2_boundary_n4295_c1_p0,0.6905457499997283,818681.0,3776728.0,2301952.0,1c871c662b494912375f6be25797151f8801c1fd7dafdef5c5e1cbce045bfc18,0.7409419579998939,10862808.0,ordinary_chain,4784128.0,7077888.0,2592768.0,0.2388673963722073,8261656.0,incumbent_base,820797.0,56b877ebdc85e1f9095c9f77382872bcec5f40df6a3ec973ef28c60dba695063,nan,,2.0495189431735255,2116.0,0.00257798213200097,,,,2605056.0,r2_boundary_n4295_c1_p0,,,C,2.0548162226801403,AI_VERIFIED,False
1682239.0,root1:batch_16,0,0,0,case_074,3,0.0,0.0,,nan,7614464.0,A1_base,nan,559584.0,3776728.0,4571136.0,7c4d667d3ff55f5ac9eba244fc01486e262db1376e17bfb5c544289efbcb316b,nan,11391192.0,,3043328.0,6070280.0,0,0,0,A0_base,1682239.0,c346bf1f22c91bf89e3ab5c3ff668d611eeb91dc903a4dc8ca586de5fb1a7d70,nan,,1.0,1122655.0,0.6673576108983326,,,,0.0,,,,A,3.0062314147652542,AI_VERIFIED,False
1682239.0,root1:batch_16,0,0,0,case_074,3,0.0,0.0,,nan,7614464.0,B1_base,nan,559584.0,3776728.0,4571136.0,7c4d667d3ff55f5ac9eba244fc01486e262db1376e17bfb5c544289efbcb316b,nan,11391192.0,,3043328.0,6070280.0,0,0,0,B0_base,1682239.0,c346bf1f22c91bf89e3ab5c3ff668d611eeb91dc903a4dc8ca586de5fb1a7d70,nan,,1.0,1122655.0,0.6673576108983326,,,,0.0,,,,B,3.0062314147652542,AI_VERIFIED,False
1682239.0,root1:batch_16,3670016.0,0.3221855851110526,7720984.0,case_074,3,3.0,3670016.0,incumbent_disperse_tid_2926_node_4699_core_2_pos_0,554482.0,7618560.0,incumbent_disperse_tid_2926_node_4699_core_2_pos_0,0.6925977499995497,554482.0,3776728.0,4579328.0,2b449e0ad8030d103b2d9a5d09e4e1cddcbaa665f6dd13a293710ed85a6886ef,0.6102829999999813,11395288.0,disperse,3039232.0,7614464.0,3690496.0,0.32398349574225266,7700504.0,incumbent_base,555925.0,7c4d667d3ff55f5ac9eba244fc01486e262db1376e17bfb5c544289efbcb316b,nan,,3.026017898097765,1443.0,0.0025956738768718804,,,,3690496.0,incumbent_base,,,C,3.0338928946295822,AI_VERIFIED,False
1682239.0,root1:batch_16,0,0,0,case_074,4,0.0,0.0,,nan,7852032.0,L1_base,0.6604401670010702,418987.0,3776728.0,5791744.0,33f06998f8f34530449d64738cc587acd0e916a183cd6ffc88adb37ff151bf44,0.43836787500003993,11628760.0,legacy_seed,2060288.0,6070280.0,0,0,0,A0_base,1682239.0,c8af4186e55e3ea8050678ac87a1861a9a51a7a5149e03bfcbd844cd24685758,nan,,1.0,1263252.0,0.7509349147178255,,,,0.0,,,,A,4.015014785661608,AI_VERIFIED,False
1682239.0,root1:batch_16,0,0,0,case_074,4,0.0,0.0,,nan,7852032.0,L1_base,nan,418987.0,3776728.0,5791744.0,33f06998f8f34530449d64738cc587acd0e916a183cd6ffc88adb37ff151bf44,nan,11628760.0,,2060288.0,6070280.0,0,0,0,B0_base,1682239.0,c8af4186e55e3ea8050678ac87a1861a9a51a7a5149e03bfcbd844cd24685758,nan,,1.0,1263252.0,0.7509349147178255,,,,0.0,,,,B,4.015014785661608,AI_VERIFIED,False
1682239.0,root1:batch_16,3747840.0,0.3222959181216466,7880728.0,case_074,4,3.0,3747840.0,incumbent_base,415633.0,7852032.0,incumbent_base,nan,415633.0,3776728.0,5791744.0,33f06998f8f34530449d64738cc587acd0e916a183cd6ffc88adb37ff151bf44,nan,11628760.0,,2060288.0,7852032.0,3747840.0,0.3222959181216466,7880728.0,incumbent_base,415633.0,33f06998f8f34530449d64738cc587acd0e916a183cd6ffc88adb37ff151bf44,nan,,4.047414425707295,0.0,0.0,,,,4055040.0,C1_base,,,C,4.047414425707295,AI_VERIFIED,False
1682239.0,root1:batch_16,0,0,0,case_074,5,0.0,0.0,,nan,7983104.0,L1_base,0.6197037919991999,337275.0,3776728.0,6799360.0,cc013f3e5b1108272d5ef0f6c8c9183b5cb8c8149dc796528451ee1ba1bd7e31,0.4793815419998282,11759832.0,legacy_seed,1183744.0,6070280.0,0,0,0,A0_base,1682239.0,3ca6818e8c875b4d8b997a35387f2693ea8bfd25e8468f131547108f1522212d,nan,,1.0,1344964.0,0.7995082743890731,,,,0.0,,,,A,4.987737009858424,AI_VERIFIED,False
1682239.0,root1:batch_16,0,0,0,case_074,5,0.0,0.0,,nan,7983104.0,L1_base,nan,337275.0,3776728.0,6799360.0,cc013f3e5b1108272d5ef0f6c8c9183b5cb8c8149dc796528451ee1ba1bd7e31,nan,11759832.0,,1183744.0,6070280.0,0,0,0,B0_base,1682239.0,3ca6818e8c875b4d8b997a35387f2693ea8bfd25e8468f131547108f1522212d,nan,,1.0,1344964.0,0.7995082743890731,,,,0.0,,,,B,4.987737009858424,AI_VERIFIED,False
1682239.0,root1:batch_16,3665920.0,0.3117374341391403,8093720.0,case_074,5,3.0,3665920.0,incumbent_base,335626.0,7983104.0,incumbent_base,nan,335626.0,3776728.0,6799360.0,cc013f3e5b1108272d5ef0f6c8c9183b5cb8c8149dc796528451ee1ba1bd7e31,nan,11759832.0,,1183744.0,7983104.0,3665920.0,0.3117374341391403,8093720.0,incumbent_base,335626.0,cc013f3e5b1108272d5ef0f6c8c9183b5cb8c8149dc796528451ee1ba1bd7e31,nan,,5.0122427940624386,0.0,0.0,,,,3665920.0,incumbent_base,,,C,5.0122427940624386,AI_VERIFIED,False
1441809.0,root1:batch_09,0,0,0,case_075,1,0.0,0.0,,nan,0.0,A0_base,nan,1441809.0,1837190.0,0.0,5c6febfc5697a5325aaeeb2418ef066756a0ddab66423c47b65687021d1cc9e7,nan,1837190.0,,0.0,0.0,0,0,0,A0_base,1441809.0,5c6febfc5697a5325aaeeb2418ef066756a0ddab66423c47b65687021d1cc9e7,nan,,1.0,0.0,0.0,182300.0,182300.0,7.908990674712014,0.0,,0.0,0.0,A,1.0,AI_VERIFIED,False
1441809.0,root1:batch_09,0,0,0,case_075,1,0.0,0.0,,nan,0.0,L3_base,1.9192617089993291,1433562.0,1837190.0,0.0,d3b5fa7013fd6f98056cdfd06f6672fec4b5bc47403dd696b1cc7e354e2e09b8,1.888343958000405,1837190.0,legacy_seed,0.0,0.0,0,0,0,B0_base,1441809.0,5c6febfc5697a5325aaeeb2418ef066756a0ddab66423c47b65687021d1cc9e7,nan,,1.0,8247.0,0.005719897711832843,182300.0,182300.0,7.863752057048821,0.0,,0.0,0.0,B,1.0057528031574499,AI_VERIFIED,False
1441809.0,root1:batch_09,0.0,0.0,1819782.0,case_075,1,0.0,0.0,,nan,0.0,incumbent_split_height_g3_p4,1.9657851669999218,1427745.0,1837190.0,0.0,38dccdc79caff4b541d953577e3b385e9b563b7fc8437d06957e790ebf31c2b4,1.8626084999996237,1837190.0,timing,0.0,0.0,0.0,0.0,1819782.0,incumbent_base,1433562.0,d3b5fa7013fd6f98056cdfd06f6672fec4b5bc47403dd696b1cc7e354e2e09b8,nan,,1.0057528031574499,5817.0,0.00405772474437799,182300.0,182300.0,7.83184311574328,0.0,,0.0,0.0,C,1.00985049851339,AI_VERIFIED,False
1441809.0,root1:batch_09,0,0,0,case_075,2,0.0,0.0,,nan,0.0,A0_base,nan,1441809.0,1837190.0,0.0,0a61fc1b2de6846752af65dd822c5545d96851edb2664c7950287573c8eba43b,nan,1837190.0,,0.0,0.0,0,0,0,A0_base,1441809.0,0a61fc1b2de6846752af65dd822c5545d96851edb2664c7950287573c8eba43b,nan,,1.0,0.0,0.0,182300.0,182300.0,7.908990674712014,0.0,,0.0,0.0,A,1.0,AI_VERIFIED,False
1441809.0,root1:batch_09,0,0,0,case_075,2,0.0,0.0,,nan,2016420.0,B3_base,1.6874792909984535,1397410.0,1837190.0,2016420.0,65cc5567ca7bf6d120c7a29cfdf6f36c3991b47eab66cb09d800d422dee8161f,1.6009084170000278,3853610.0,seed,0.0,0.0,0,0,0,B0_base,1441809.0,0a61fc1b2de6846752af65dd822c5545d96851edb2664c7950287573c8eba43b,nan,,1.0,44399.0,0.03079395398419624,182300.0,182300.0,7.6654415798134945,0.0,,0.0,0.0,B,1.0317723502765832,AI_VERIFIED,False
1441809.0,root1:batch_09,163844.0,0.05630544407841606,2746070.0,case_075,2,2.0,163844.0,incumbent_split_height_g0_p4,1389088.0,2016420.0,incumbent_split_height_g0_p4,1.7756963339998038,1389088.0,1837190.0,2016420.0,ac9167c71a79048b91d412d84df39541cd9e6bfd137c10f899163585d8a60559,1.792957583000316,3853610.0,timing,0.0,2016420.0,163844.0,0.05630544407841606,2746070.0,incumbent_base,1397410.0,65cc5567ca7bf6d120c7a29cfdf6f36c3991b47eab66cb09d800d422dee8161f,nan,,1.0317723502765832,8322.0,0.0059553030248817454,182300.0,182300.0,7.619791552386177,163844.0,incumbent_split_height_g0_p4,0.0,0.0,C,1.037953678960584,AI_VERIFIED,False
1441809.0,root1:batch_09,0,0,0,case_075,3,0.0,0.0,,nan,0.0,A0_base,nan,1441809.0,1837190.0,0.0,f9ff27c72695006b5cf215cdedea961a5d087f6de4b6e7fa61716576e407a2fb,nan,1837190.0,,0.0,0.0,0,0,0,A0_base,1441809.0,f9ff27c72695006b5cf215cdedea961a5d087f6de4b6e7fa61716576e407a2fb,nan,,1.0,0.0,0.0,182300.0,182300.0,7.908990674712014,0.0,,0.0,0.0,A,1.0,AI_VERIFIED,False
1441809.0,root1:batch_09,0,0,0,case_075,3,0.0,0.0,,nan,3022344.0,B3_base,1.8968556250001711,1363452.0,1837190.0,3022344.0,6d387c2c8a82c7e40d8263e3c7362dc0598214673d331f7ab641cf56ff7010db,1.8459023750001506,4859534.0,seed,0.0,0.0,0,0,0,B0_base,1441809.0,f9ff27c72695006b5cf215cdedea961a5d087f6de4b6e7fa61716576e407a2fb,nan,,1.0,78357.0,0.054346310780415436,182300.0,182300.0,7.479166209544706,0.0,,0.0,0.0,B,1.0574695698858485,AI_VERIFIED,False
1441809.0,root1:batch_09,351622.0,0.10089381274981564,3133448.0,case_075,3,2.0,351622.0,incumbent_base,1363444.0,3022344.0,incumbent_base,nan,1363444.0,1837190.0,3022344.0,6d387c2c8a82c7e40d8263e3c7362dc0598214673d331f7ab641cf56ff7010db,nan,4859534.0,,0.0,3022344.0,351622.0,0.10089381274981564,3133448.0,incumbent_base,1363444.0,6d387c2c8a82c7e40d8263e3c7362dc0598214673d331f7ab641cf56ff7010db,nan,,1.0574757745826011,0.0,0.0,182300.0,182300.0,7.479122325836533,351622.0,incumbent_base,0.0,0.0,C,1.0574757745826011,AI_VERIFIED,False
1441809.0,root1:batch_09,0,0,0,case_075,4,0.0,0.0,,nan,0.0,A0_base,nan,1441809.0,1837190.0,0.0,10a8d9cd709f7506ea6f1e32581c244a11e3624a5f53c116bb493a28f9179e58,nan,1837190.0,,0.0,0.0,0,0,0,A0_base,1441809.0,10a8d9cd709f7506ea6f1e32581c244a11e3624a5f53c116bb493a28f9179e58,nan,,1.0,0.0,0.0,182300.0,182300.0,7.908990674712014,0.0,,0.0,0.0,A,1.0,AI_VERIFIED,False
1441809.0,root1:batch_09,0,0,0,case_075,4,0.0,0.0,,nan,4283756.0,B3_base,2.157260709000184,1320997.0,1837190.0,4283756.0,71f1d46684e7f1e08eaeb54d8eac7aaac56c80ae8b6b27cf0383c50c843f7ff4,1.65596750000077,6120946.0,seed,0.0,0.0,0,0,0,B0_base,1441809.0,10a8d9cd709f7506ea6f1e32581c244a11e3624a5f53c116bb493a28f9179e58,nan,,1.0,120812.0,0.0837919585742633,182300.0,182300.0,7.2462808557323095,0.0,,0.0,0.0,B,1.0914551660601803,AI_VERIFIED,False
1441809.0,root1:batch_09,634502.0,0.15056707486944962,3579580.0,case_075,4,2.0,634502.0,incumbent_base,1320971.0,4283756.0,incumbent_base,nan,1320971.0,1837190.0,4283756.0,71f1d46684e7f1e08eaeb54d8eac7aaac56c80ae8b6b27cf0383c50c843f7ff4,nan,6120946.0,,0.0,4283756.0,634502.0,0.15056707486944962,3579580.0,incumbent_base,1320971.0,71f1d46684e7f1e08eaeb54d8eac7aaac56c80ae8b6b27cf0383c50c843f7ff4,nan,,1.091476648616813,0.0,0.0,182300.0,182300.0,7.246138233680746,634502.0,incumbent_base,0.0,0.0,C,1.091476648616813,AI_VERIFIED,False
1441809.0,root1:batch_09,0,0,0,case_075,5,0.0,0.0,,nan,0.0,A0_base,nan,1441809.0,1837190.0,0.0,7ba55caddc608932266d920ca13847e4f2bf45903ec18365b50da4dd41369d26,nan,1837190.0,,0.0,0.0,0,0,0,A0_base,1441809.0,7ba55caddc608932266d920ca13847e4f2bf45903ec18365b50da4dd41369d26,nan,,1.0,0.0,0.0,182300.0,182300.0,7.908990674712014,0.0,,0.0,0.0,A,1.0,AI_VERIFIED,False
1441809.0,root1:batch_09,0,0,0,case_075,5,0.0,0.0,,nan,4890512.0,B3_base,1.9428713329998573,1219033.0,1837190.0,4890512.0,3521fccaa3d40c0b49fcd507492f87a7725c8fe4716d70d9cc90daa7b90198cb,1.7352864170006796,6727702.0,seed,0.0,0.0,0,0,0,B0_base,1441809.0,7ba55caddc608932266d920ca13847e4f2bf45903ec18365b50da4dd41369d26,nan,,1.0,222776.0,0.1545114505458074,182300.0,182300.0,6.6869610532089965,0.0,,0.0,0.0,B,1.1827481290498287,AI_VERIFIED,False
1441809.0,root1:batch_09,790672.0,0.17290921583866892,3782086.0,case_075,5,2.0,790672.0,incumbent_base,1219026.0,4890512.0,incumbent_base,nan,1219026.0,1837190.0,4890512.0,3521fccaa3d40c0b49fcd507492f87a7725c8fe4716d70d9cc90daa7b90198cb,nan,6727702.0,,0.0,4890512.0,790672.0,0.17290921583866892,3782086.0,incumbent_base,1219026.0,3521fccaa3d40c0b49fcd507492f87a7725c8fe4716d70d9cc90daa7b90198cb,nan,,1.1827549207317973,0.0,0.0,182300.0,182300.0,6.686922654964344,790672.0,incumbent_base,0.0,0.0,C,1.1827549207317973,AI_VERIFIED,False
6185113.0,root1:batch_02,0,0,0,case_076,1,0.0,0.0,,nan,25608192.0,A2_base,11.234489250000479,6180531.0,4270674.0,1904640.0,7fb55f6986ccd83fc44ef342edd5527dcda32631d13532959bb82217ea9479a9,9.880976041000395,29878866.0,seed,23703552.0,28280832.0,0,0,0,A0_base,6185113.0,906537f45248d4fe0114ea7ed18e61d05ad0d55d1c5fb682fee585fb65cd667a,nan,,1.0,4582.0,0.0007408110409623883,2774.0,71177.9,86.83216279210261,0.0,,0.0,0.0,A,1.00074136024882,AI_VERIFIED,False
6185113.0,root1:batch_02,0,0,0,case_076,1,0.0,0.0,,nan,28280832.0,B0_base,nan,6185113.0,4270674.0,0.0,906537f45248d4fe0114ea7ed18e61d05ad0d55d1c5fb682fee585fb65cd667a,nan,32551506.0,,28280832.0,28280832.0,0,0,0,B0_base,6185113.0,906537f45248d4fe0114ea7ed18e61d05ad0d55d1c5fb682fee585fb65cd667a,nan,,1.0,0.0,0.0,2774.0,71177.9,86.89653670591575,0.0,,0.0,0.0,B,1.0,AI_VERIFIED,False
6185113.0,root1:batch_02,4342784.0,0.14119252921396944,26415104.0,case_076,1,2.0,4342784.0,incumbent_split_topo_g0_p2,6182761.0,26796032.0,incumbent_split_topo_g0_p2,17.967265540999506,6182761.0,4270674.0,0.0,5758d5656ae4352faaaa70f82641690da0b3e0df303269e9eaaab8af02af0842,16.98936916599996,31066706.0,timing,26796032.0,28280832.0,4347904.0,0.13357661937269952,28201984.0,incumbent_base,6183098.0,906537f45248d4fe0114ea7ed18e61d05ad0d55d1c5fb682fee585fb65cd667a,nan,,1.0003258884138664,337.0,5.450342207094243e-05,2774.0,71177.9,86.86349274142677,4347904.0,incumbent_base,0.0,0.0,C,1.0003804125697242,AI_VERIFIED,False
6185113.0,root1:batch_02,0,0,0,case_076,2,0.0,0.0,,nan,31095808.0,L1_base,7.386232541999561,3065214.0,4270674.0,4074496.0,76ac13e2aef547089883c5cf1e7be50ddb81cf7e839af8d12c6526bd59372bec,6.3156357089992525,35366482.0,legacy_seed,27021312.0,28280832.0,0,0,0,A0_base,6185113.0,d7cc8b7c4a8a1f0658142f097e2de0355159d75d1a506353c2937d9a80e7bf72,nan,,1.0,3119899.0,0.5044206953050009,2774.0,71177.9,43.0641252411212,0.0,,0.0,0.0,A,2.017840516192344,AI_VERIFIED,False
6185113.0,root1:batch_02,0,0,0,case_076,2,0.0,0.0,,nan,31095808.0,L1_base,18.25913029200092,3065214.0,4270674.0,4074496.0,76ac13e2aef547089883c5cf1e7be50ddb81cf7e839af8d12c6526bd59372bec,19.7781858749986,35366482.0,legacy_seed,27021312.0,28280832.0,0,0,0,B0_base,6185113.0,d7cc8b7c4a8a1f0658142f097e2de0355159d75d1a506353c2937d9a80e7bf72,nan,,1.0,3119899.0,0.5044206953050009,2774.0,71177.9,43.0641252411212,0.0,,0.0,0.0,B,2.017840516192344,AI_VERIFIED,False
6185113.0,root1:batch_02,9714688.0,0.27465114932545887,25656320.0,case_076,2,5.0,9714688.0,incumbent_disperse_tid_1000000279_node_1176_core_1_pos_0,3063504.0,31105024.0,incumbent_disperse_tid_1000000279_node_1176_core_1_pos_0,21.192169624999224,3063504.0,4270674.0,4080640.0,8266f56241f65e6e20969ed1cddfe0026585e2ff2ab08611f418b535af78e735,25.72180124999977,35375698.0,disperse,27024384.0,31095808.0,9859072.0,0.27878156126940007,25505792.0,incumbent_base,3063843.0,76ac13e2aef547089883c5cf1e7be50ddb81cf7e839af8d12c6526bd59372bec,nan,,2.0187434538910773,339.0,0.00011064535617523482,2774.0,71177.9,43.04010093020446,10003456.0,C1_base,0.0,0.0,C,2.018966843196549,AI_VERIFIED,False
6185113.0,root1:batch_02,0,0,0,case_076,3,0.0,0.0,,nan,34332672.0,L1_base,7.431806791999406,2050028.0,4270674.0,8148992.0,6a0e890bed3f5a548ad51487d052eeaaf8bca7a50d157570a5c77fbcdb700725,5.748855750000075,38603346.0,legacy_seed,26183680.0,28280832.0,0,0,0,A0_base,6185113.0,100a8c674a5766118df835e7e2a2f5254f1260ef37de3eb711b9769e379047dc,nan,,1.0,4135085.0,0.6685544791178432,2774.0,71177.9,28.80146787134771,0.0,,0.0,0.0,A,3.017087083688613,AI_VERIFIED,False
6185113.0,root1:batch_02,0,0,0,case_076,3,0.0,0.0,,nan,34332672.0,L1_base,21.73714583399851,2050028.0,4270674.0,8148992.0,6a0e890bed3f5a548ad51487d052eeaaf8bca7a50d157570a5c77fbcdb700725,17.555563583999174,38603346.0,legacy_seed,26183680.0,28280832.0,0,0,0,B0_base,6185113.0,100a8c674a5766118df835e7e2a2f5254f1260ef37de3eb711b9769e379047dc,nan,,1.0,4135085.0,0.6685544791178432,2774.0,71177.9,28.80146787134771,0.0,,0.0,0.0,B,3.017087083688613,AI_VERIFIED,False
6185113.0,root1:batch_02,13006848.0,0.3369498899116641,25594880.0,case_076,3,5.0,13006848.0,incumbent_base,2047868.0,34332672.0,incumbent_base,nan,2047868.0,4270674.0,8148992.0,6a0e890bed3f5a548ad51487d052eeaaf8bca7a50d157570a5c77fbcdb700725,nan,38603346.0,,26183680.0,34332672.0,13006848.0,0.3369498899116641,25594880.0,incumbent_base,2047868.0,6a0e890bed3f5a548ad51487d052eeaaf8bca7a50d157570a5c77fbcdb700725,nan,,3.0202693728306707,0.0,0.0,2774.0,71177.9,28.77112137334763,13746176.0,C1_base,0.0,0.0,C,3.0202693728306707,AI_VERIFIED,False
6185113.0,root1:batch_02,0,0,0,case_076,4,0.0,0.0,,nan,37442560.0,L1_base,nan,1540201.0,4270674.0,12223488.0,7f2438ca9b6660d451b3c1ac73793101559dd9ebd0154d5eb70e35a87059d771,nan,41713234.0,,25219072.0,28280832.0,0,0,0,A0_base,6185113.0,e37f8ed54235512a4ca96a6cba79aeb47f1026f24eeb0ab3693a6fd48b63f5e1,nan,,1.0,4644912.0,0.7509825608683302,2774.0,71177.9,21.638753039918292,0.0,,0.0,0.0,A,4.015783004945458,AI_VERIFIED,False
6185113.0,root1:batch_02,0,0,0,case_076,4,0.0,0.0,,nan,37442560.0,L1_base,nan,1540201.0,4270674.0,12223488.0,7f2438ca9b6660d451b3c1ac73793101559dd9ebd0154d5eb70e35a87059d771,nan,41713234.0,,25219072.0,28280832.0,0,0,0,B0_base,6185113.0,e37f8ed54235512a4ca96a6cba79aeb47f1026f24eeb0ab3693a6fd48b63f5e1,nan,,1.0,4644912.0,0.7509825608683302,2774.0,71177.9,21.638753039918292,0.0,,0.0,0.0,B,4.015783004945458,AI_VERIFIED,False
6185113.0,root1:batch_02,17383424.0,0.4166707574493152,24336384.0,case_076,4,4.0,17383424.0,incumbent_disperse_tid_1000000307_node_1200_core_1_pos_0,1536296.0,37453824.0,incumbent_disperse_tid_1000000307_node_1200_core_1_pos_0,7.5863640409988875,1536296.0,4270674.0,12229632.0,9ee4ccbe4b8421c4139e8d2abb0e918925e76d2584e2dd044e42057c9117ab01,7.882239665999805,41724498.0,disperse,25224192.0,37442560.0,17399808.0,0.41714538223597,24311808.0,incumbent_base,1536306.0,7f2438ca9b6660d451b3c1ac73793101559dd9ebd0154d5eb70e35a87059d771,nan,,4.025964228480524,10.0,6.509119927931024e-06,2774.0,71177.9,21.58389050533944,17399808.0,incumbent_base,0.0,0.0,C,4.025990434135089,AI_VERIFIED,False
6185113.0,root1:batch_02,0,0,0,case_076,5,0.0,0.0,,nan,38022144.0,A1_base,nan,1239374.0,4270674.0,16297984.0,5a7cf25f87185e75bcc32b901597ac3d6b90ce500a048ed41ed36a904f27de01,nan,42292818.0,,21724160.0,28280832.0,0,0,0,A0_base,6185113.0,cef35a2e4e30979138d54214e3edab045407e81bba997b305d6571ebefc075ef,nan,,1.0,4945739.0,0.7996198290960893,2774.0,71177.9,17.41234287608935,0.0,,0.0,0.0,A,4.990513759365615,AI_VERIFIED,False
6185113.0,root1:batch_02,0,0,0,case_076,5,0.0,0.0,,nan,38022144.0,B1_base,nan,1239374.0,4270674.0,16297984.0,5a7cf25f87185e75bcc32b901597ac3d6b90ce500a048ed41ed36a904f27de01,nan,42292818.0,,21724160.0,28280832.0,0,0,0,B0_base,6185113.0,cef35a2e4e30979138d54214e3edab045407e81bba997b305d6571ebefc075ef,nan,,1.0,4945739.0,0.7996198290960893,2774.0,71177.9,17.41234287608935,0.0,,0.0,0.0,B,4.990513759365615,AI_VERIFIED,False
6185113.0,root1:batch_02,16793600.0,0.39709443099273606,25497600.0,case_076,5,2.0,16793600.0,incumbent_base,1232497.0,38022144.0,incumbent_base,nan,1232497.0,4270674.0,16297984.0,5a7cf25f87185e75bcc32b901597ac3d6b90ce500a048ed41ed36a904f27de01,nan,42292818.0,,21724160.0,38022144.0,16793600.0,0.39709443099273606,25497600.0,incumbent_base,1232497.0,5a7cf25f87185e75bcc32b901597ac3d6b90ce500a048ed41ed36a904f27de01,nan,,5.018359476737063,0.0,0.0,2774.0,71177.9,17.31572580815113,16793600.0,incumbent_base,0.0,0.0,C,5.018359476737063,AI_VERIFIED,False
495320.0,root1:batch_14,0,0,0,case_077,1,0.0,0.0,,nan,0.0,A0_base,nan,495320.0,2141360.0,0.0,bf0059b3edaebc36c32fbc606e9c219af7e835f4bc1153952bdf0e581d28bd94,nan,2141360.0,,0.0,0.0,0,0,0,A0_base,495320.0,bf0059b3edaebc36c32fbc606e9c219af7e835f4bc1153952bdf0e581d28bd94,nan,,1.0,0.0,0.0,,,,0.0,,,,A,1.0,AI_VERIFIED,False
495320.0,root1:batch_14,0,0,0,case_077,1,0.0,0.0,,nan,0.0,B0_base,nan,495320.0,2141360.0,0.0,bf0059b3edaebc36c32fbc606e9c219af7e835f4bc1153952bdf0e581d28bd94,nan,2141360.0,,0.0,0.0,0,0,0,B0_base,495320.0,bf0059b3edaebc36c32fbc606e9c219af7e835f4bc1153952bdf0e581d28bd94,nan,,1.0,0.0,0.0,,,,0.0,,,,B,1.0,AI_VERIFIED,False
495320.0,root1:batch_14,0.0,0.0,2141260.0,case_077,1,0.0,0.0,,nan,0.0,incumbent_split_topo_g0_p4,0.8381327080005576,494044.0,2141360.0,0.0,5d139777bdb0ae25afe68c4ac7e4b2bfbc84d93229a0db4187d87fe58f32ae98,0.8005201249998208,2141360.0,timing,0.0,0.0,0.0,0.0,2141260.0,incumbent_base,495320.0,bf0059b3edaebc36c32fbc606e9c219af7e835f4bc1153952bdf0e581d28bd94,nan,,1.0,1276.0,0.002576112412177986,,,,0.0,,,,C,1.00258276590749,AI_VERIFIED,False
495320.0,root1:batch_14,0,0,0,case_077,2,0.0,0.0,,nan,57344.0,L1_base,0.5844004999999015,248734.0,2141360.0,57344.0,eee64396102d099f9092aa3a37620b30b949fadcd981ca5bd57915888e525caf,0.4978990409999824,2198704.0,legacy_seed,0.0,0.0,0,0,0,A0_base,495320.0,b23b5c7339c7b7126054f8c03aef929d0e198e92a0d837e09ba332a86eb7a123,nan,,1.0,246586.0,0.49783170475652105,,,,0.0,,,,A,1.9913642686564763,AI_VERIFIED,False
495320.0,root1:batch_14,0,0,0,case_077,2,0.0,0.0,,nan,57344.0,L1_base,nan,248734.0,2141360.0,57344.0,eee64396102d099f9092aa3a37620b30b949fadcd981ca5bd57915888e525caf,nan,2198704.0,,0.0,0.0,0,0,0,B0_base,495320.0,b23b5c7339c7b7126054f8c03aef929d0e198e92a0d837e09ba332a86eb7a123,nan,,1.0,246586.0,0.49783170475652105,,,,0.0,,,,B,1.9913642686564763,AI_VERIFIED,False
495320.0,root1:batch_14,57344.0,0.026082004763022353,2141260.0,case_077,2,1.0,57344.0,incumbent_base,248734.0,57344.0,incumbent_base,nan,248734.0,2141360.0,57344.0,eee64396102d099f9092aa3a37620b30b949fadcd981ca5bd57915888e525caf,nan,2198704.0,,0.0,57344.0,57344.0,0.026082004763022353,2141260.0,incumbent_base,248734.0,eee64396102d099f9092aa3a37620b30b949fadcd981ca5bd57915888e525caf,nan,,1.9913642686564763,0.0,0.0,,,,57344.0,incumbent_base,,,C,1.9913642686564763,AI_VERIFIED,False
495320.0,root1:batch_14,0,0,0,case_077,3,0.0,0.0,,nan,114688.0,L1_base,0.5809945420005533,168976.0,2141360.0,114688.0,2fda1b6791a69ecbffee547487064959412159754a8ab1fcdadd0a9cabb34a37,0.43688537500020175,2256048.0,legacy_seed,0.0,0.0,0,0,0,A0_base,495320.0,f74b193645c484b881c8749e0005cc43293f4630445a0e0a6773efaf271d57b1,nan,,1.0,326344.0,0.6588548816926432,,,,0.0,,,,A,2.9313038538017233,AI_VERIFIED,False
495320.0,root1:batch_14,0,0,0,case_077,3,0.0,0.0,,nan,114688.0,L1_base,nan,168976.0,2141360.0,114688.0,2fda1b6791a69ecbffee547487064959412159754a8ab1fcdadd0a9cabb34a37,nan,2256048.0,,0.0,0.0,0,0,0,B0_base,495320.0,f74b193645c484b881c8749e0005cc43293f4630445a0e0a6773efaf271d57b1,nan,,1.0,326344.0,0.6588548816926432,,,,0.0,,,,B,2.9313038538017233,AI_VERIFIED,False
495320.0,root1:batch_14,57344.0,0.025419025615838663,2198604.0,case_077,3,3.0,57344.0,incumbent_split_topo_g2_p4,168126.0,114688.0,incumbent_split_topo_g2_p4,0.7097242090003419,168126.0,2141360.0,114688.0,2af462f8214f7f956029cade5b5429b8b0ef99b32f21b7350b7aaf36e52be4bf,0.6889600409995182,2256048.0,timing,0.0,114688.0,57344.0,0.025419025615838663,2198604.0,incumbent_base,168976.0,2fda1b6791a69ecbffee547487064959412159754a8ab1fcdadd0a9cabb34a37,nan,,2.9313038538017233,850.0,0.005030300160969605,,,,57344.0,incumbent_split_topo_g2_p4,,,C,2.9461237405279372,AI_VERIFIED,False
495320.0,root1:batch_14,0,0,0,case_077,4,0.0,0.0,,nan,114688.0,L1_base,0.5085397910006577,127832.0,2141360.0,114688.0,aded19b4ad0f16c54f3538712093a24cb515c74a316f041b664b287952f36f45,0.46493441600068763,2256048.0,legacy_seed,0.0,0.0,0,0,0,A0_base,495320.0,38bd59330c45dcf0d2f7698aef003a3802097dc6e9c581a2322556dfaa000ace,nan,,1.0,367488.0,0.7419203747072599,,,,0.0,,,,A,3.8747731397459164,AI_VERIFIED,False
495320.0,root1:batch_14,0,0,0,case_077,4,0.0,0.0,,nan,114688.0,L1_base,nan,127832.0,2141360.0,114688.0,aded19b4ad0f16c54f3538712093a24cb515c74a316f041b664b287952f36f45,nan,2256048.0,,0.0,0.0,0,0,0,B0_base,495320.0,38bd59330c45dcf0d2f7698aef003a3802097dc6e9c581a2322556dfaa000ace,nan,,1.0,367488.0,0.7419203747072599,,,,0.0,,,,B,3.8747731397459164,AI_VERIFIED,False
495320.0,root1:batch_14,114688.0,0.05065411149487223,2149452.0,case_077,4,3.0,114688.0,incumbent_disperse_tid_1000004420_node_4253_core_1_pos_0,126652.0,131072.0,incumbent_disperse_tid_1000004420_node_4253_core_1_pos_0,0.7187418330013315,126652.0,2141360.0,131072.0,037f3450f59a1c8d7417418ebc48d449a989b5844e88f0c25fdb928e1327fb6e,0.7254530829995929,2272432.0,disperse,0.0,114688.0,114688.0,0.050838051231677325,2141260.0,incumbent_base,127591.0,aded19b4ad0f16c54f3538712093a24cb515c74a316f041b664b287952f36f45,nan,,3.8820919970844336,939.0,0.007359453252972388,,,,114688.0,incumbent_disperse_tid_1000004420_node_4253_core_1_pos_0,,,C,3.910873890661024,AI_VERIFIED,False
495320.0,root1:batch_14,0,0,0,case_077,5,0.0,0.0,,nan,172032.0,L1_base,0.6699129170010565,115617.0,2141360.0,172032.0,747fbd0964330f8b62f51dfe86a6d40b61084822e2a946194b64e5f7bba105f3,0.5085655000002589,2313392.0,legacy_seed,0.0,0.0,0,0,0,A0_base,495320.0,24e02203e8c1c04692e17e4b13ea940a75e1c2db7db435f73db667aba17bf05c,nan,,1.0,379703.0,0.7665812000323023,,,,0.0,,,,A,4.284145065172077,AI_VERIFIED,False
495320.0,root1:batch_14,0,0,0,case_077,5,0.0,0.0,,nan,172032.0,L1_base,nan,115617.0,2141360.0,172032.0,747fbd0964330f8b62f51dfe86a6d40b61084822e2a946194b64e5f7bba105f3,nan,2313392.0,,0.0,0.0,0,0,0,B0_base,495320.0,24e02203e8c1c04692e17e4b13ea940a75e1c2db7db435f73db667aba17bf05c,nan,,1.0,379703.0,0.7665812000323023,,,,0.0,,,,B,4.284145065172077,AI_VERIFIED,False
495320.0,root1:batch_14,172032.0,0.07436674661045817,2141260.0,case_077,5,2.0,172032.0,incumbent_base,115617.0,172032.0,incumbent_base,nan,115617.0,2141360.0,172032.0,747fbd0964330f8b62f51dfe86a6d40b61084822e2a946194b64e5f7bba105f3,nan,2313392.0,,0.0,172032.0,172032.0,0.07436674661045817,2141260.0,incumbent_base,115617.0,747fbd0964330f8b62f51dfe86a6d40b61084822e2a946194b64e5f7bba105f3,nan,,4.284145065172077,0.0,0.0,,,,172032.0,incumbent_base,,,C,4.284145065172077,AI_VERIFIED,False
2296143.0,root1:batch_06,0,0,0,case_078,1,0.0,0.0,,nan,9199104.0,L3_base,0.11637441599850717,2249980.0,2345088.0,589824.0,f0af122a623a9c57cf26e96c097ff80b149fc817bf8396c403a66cd339c5a515,0.11097358400002122,11544192.0,legacy_seed,8609280.0,12644568.0,0,0,0,A0_base,2296143.0,c421ea96a08fb13dbfd15bd12ea3ef49f49cbdc02856cc4c6032b9e4b9c67d0e,nan,,1.0,46163.0,0.02010458407860486,246816.0,246816.0,9.116021651756775,0.0,,0.0,0.0,A,1.0205170712628557,AI_VERIFIED,False
2296143.0,root1:batch_06,0,0,0,case_078,1,0.0,0.0,,nan,8879232.0,B2_base,0.17631770899970434,2232856.0,2345088.0,0.0,1b3f525d03df4a6a2ecc5d7bdd68e3e90f314f2941848536cf5f162e74bd257e,0.17571604099975957,11224320.0,seed,8879232.0,12644568.0,0,0,0,B0_base,2296143.0,c421ea96a08fb13dbfd15bd12ea3ef49f49cbdc02856cc4c6032b9e4b9c67d0e,nan,,1.0,63287.0,0.027562307748254355,246816.0,246816.0,9.046642032931414,0.0,,0.0,0.0,B,1.0283435205852953,AI_VERIFIED,False
2296143.0,root1:batch_06,3613824.0,0.5937539432176656,2472576.0,case_078,1,2.0,3613824.0,incumbent_split_height_g1_p4,2142955.0,4056192.0,incumbent_split_height_g1_p4,0.17132066699923598,2142955.0,2345088.0,0.0,e8d221aa49592af0962b1c557ed60d3f7813b20fdb6dea247f472bfc044303d5,0.16162341599920182,6401280.0,timing,4056192.0,8879232.0,6019200.0,0.5522866605595096,4879488.0,incumbent_base,2188693.0,1b3f525d03df4a6a2ecc5d7bdd68e3e90f314f2941848536cf5f162e74bd257e,nan,,1.0490932259572265,45738.0,0.020897403153388804,246816.0,246816.0,8.682399034098276,6019200.0,incumbent_base,0.0,0.0,C,1.0714844688759213,AI_VERIFIED,False
2296143.0,root1:batch_06,0,0,0,case_078,2,0.0,0.0,,nan,13146912.0,A2_base,0.17099466699983168,1177840.0,2345088.0,6445440.0,1331a08b8750d320c50c0118f920056467c3c77129c227fa265b2bd03bc35981,0.15089770799932012,15492000.0,seed,6701472.0,12644568.0,0,0,0,A0_base,2296143.0,1908629b68e85ec3001fc38324b054a035c361e36e7c6a721cce84528263a73e,nan,,1.0,1118303.0,0.48703543289768975,246816.0,246816.0,4.772137948917412,0.0,,0.0,0.0,A,1.9494523874210419,AI_VERIFIED,False
2296143.0,root1:batch_06,0,0,0,case_078,2,0.0,0.0,,nan,12535344.0,B1_base,nan,1260358.0,2345088.0,2148480.0,c07715b9c40eb5719c98c2554f7e1b2082c358c750abaa83d39852719b53afcc,nan,14880432.0,,10386864.0,12644568.0,0,0,0,B0_base,2296143.0,1908629b68e85ec3001fc38324b054a035c361e36e7c6a721cce84528263a73e,nan,,1.0,1035785.0,0.45109777570473614,246816.0,246816.0,5.106467976144172,0.0,,0.0,0.0,B,1.8218180866071385,AI_VERIFIED,False
2296143.0,root1:batch_06,3073896.0,0.23155357972552515,10201200.0,case_078,2,2.0,3073896.0,incumbent_split_height_g0_p4,1149984.0,11180376.0,incumbent_split_height_g0_p4,0.1755179589999898,1149984.0,2345088.0,2148480.0,50463e5ba01bd21554a7c8f6d5a9602d1dbe26e5eac067698f851cee2f79a526,0.1423710420003772,13525464.0,timing,9031896.0,12535344.0,0.0,0.0,14736048.0,incumbent_base,1260358.0,c07715b9c40eb5719c98c2554f7e1b2082c358c750abaa83d39852719b53afcc,nan,,1.8218180866071385,110374.0,0.08757353069524691,246816.0,246816.0,4.659276546091015,3613824.0,lower_core_base,0.0,0.0,C,1.996673866766842,AI_VERIFIED,False
2296143.0,root1:batch_06,0,0,0,case_078,3,0.0,0.0,,nan,12673800.0,A1_base,nan,993959.0,2345088.0,4296960.0,455e2e3b1648b6343dbd5adb4b547bf1779fe9cc25672d023d30b01ff69fe3f5,nan,15018888.0,,8376840.0,12644568.0,0,0,0,A0_base,2296143.0,b21b86fd23982adfd05ac70493fbe539250da460c9b03686a4f8f32a6148dbd2,nan,,1.0,1302184.0,0.5671179887315381,246816.0,246816.0,4.027125469985738,0.0,,0.0,0.0,A,2.3100983038535796,AI_VERIFIED,False
2296143.0,root1:batch_06,0,0,0,case_078,3,0.0,0.0,,nan,12673800.0,B1_base,nan,993959.0,2345088.0,4296960.0,455e2e3b1648b6343dbd5adb4b547bf1779fe9cc25672d023d30b01ff69fe3f5,nan,15018888.0,,8376840.0,12644568.0,0,0,0,B0_base,2296143.0,b21b86fd23982adfd05ac70493fbe539250da460c9b03686a4f8f32a6148dbd2,nan,,1.0,1302184.0,0.5671179887315381,246816.0,246816.0,4.027125469985738,0.0,,0.0,0.0,B,2.3100983038535796,AI_VERIFIED,False
2296143.0,root1:batch_06,4614480.0,0.33339633536269225,9226344.0,case_078,3,3.0,4614480.0,incumbent_split_height_g0_p4,882747.0,11678520.0,incumbent_split_height_g0_p4,0.21363958299843944,882747.0,2345088.0,4296960.0,6048927993cb50b4d3046c0f015a643d8704e050d118245d4bd06d864c5d5bfc,0.1847718339995481,14023608.0,timing,7381560.0,12673800.0,3350736.0,0.22457137066484797,11569848.0,incumbent_base,938948.0,455e2e3b1648b6343dbd5adb4b547bf1779fe9cc25672d023d30b01ff69fe3f5,nan,,2.4454421331106726,56201.0,0.05985528485070526,246816.0,246816.0,3.576538798133022,4614480.0,incumbent_split_height_g0_p4,0.0,0.0,C,2.601133733674541,AI_VERIFIED,False
2296143.0,root1:batch_06,0,0,0,case_078,4,0.0,0.0,,nan,15039360.0,A2_base,0.18025916700025846,619540.0,2345088.0,15039360.0,52676639f897e89e6ba2667241ef94de592866fc1ebe694ab125f1c50452a4d6,0.15786820799985435,17384448.0,seed,0.0,12644568.0,0,0,0,A0_base,2296143.0,338c9ec99d2f231a763d64ef10536a75228ffa880e780a6d6043160d744004e0,nan,,1.0,1676603.0,0.7301823100738934,246816.0,246816.0,2.5101290029819783,0.0,,0.0,0.0,A,3.706206217516222,AI_VERIFIED,False
2296143.0,root1:batch_06,0,0,0,case_078,4,0.0,0.0,,nan,13146912.0,B1_base,nan,690924.0,2345088.0,6445440.0,1abe5ba56d8f5836235039ea402223ef1d43f1c94ad9d7d76eba8fea90beccd9,nan,15492000.0,,6701472.0,12644568.0,0,0,0,B0_base,2296143.0,338c9ec99d2f231a763d64ef10536a75228ffa880e780a6d6043160d744004e0,nan,,1.0,1605219.0,0.6990936540102249,246816.0,246816.0,2.7993485025281992,0.0,,0.0,0.0,B,3.3232931552529656,AI_VERIFIED,False
2296143.0,root1:batch_06,1634184.0,0.10987292750816895,13239216.0,case_078,4,2.0,1634184.0,incumbent_split_height_g0_p4,642020.0,12673464.0,incumbent_split_height_g0_p4,0.18601912499980244,642020.0,2345088.0,6445440.0,6a76ba843ec874da666dad2994ee4a27f87a520bd44cd6980f68886221dbf361,0.2013898330005759,15018552.0,timing,6228024.0,13146912.0,0.0,0.0,15393696.0,incumbent_base,690924.0,1abe5ba56d8f5836235039ea402223ef1d43f1c94ad9d7d76eba8fea90beccd9,nan,,3.3232931552529656,48904.0,0.07078057789279284,246816.0,246816.0,2.6012089977959287,4614480.0,lower_core_base,0.0,0.0,C,3.576435313541634,AI_VERIFIED,False
2296143.0,root1:batch_06,0,0,0,case_078,5,0.0,0.0,,nan,15039360.0,incumbent_base,nan,619540.0,2345088.0,15039360.0,112bcbae5c45564927571a40ffa8c0c2209b6b20496117e74a4aeea02d2f418d,nan,17384448.0,,0.0,12644568.0,0,0,0,A0_base,2296143.0,8b2cf7e3884cd5ac4e78f2cac94f1698f9e73e0bd32ac374fe87b1c3ab3afe4b,nan,,1.0,1676603.0,0.7301823100738934,246816.0,246816.0,2.5101290029819783,0.0,,0.0,0.0,A,3.706206217516222,AI_VERIFIED,False
2296143.0,root1:batch_06,0,0,0,case_078,5,0.0,0.0,,nan,13620024.0,B1_base,nan,663941.0,2345088.0,8593920.0,8b7ee114e03f8817e19da4e7a5b216035aa10ffb7177a29fad4a589af125da23,nan,15965112.0,,5026104.0,12644568.0,0,0,0,B0_base,2296143.0,8b2cf7e3884cd5ac4e78f2cac94f1698f9e73e0bd32ac374fe87b1c3ab3afe4b,nan,,1.0,1632202.0,0.7108450998043241,246816.0,246816.0,2.690024147543109,0.0,,0.0,0.0,B,3.458353980248245,AI_VERIFIED,False
2296143.0,root1:batch_06,5452056.0,0.34361391402732044,10414752.0,case_078,5,2.0,5452056.0,incumbent_base,578013.0,13620024.0,incumbent_base,nan,578013.0,2345088.0,8593920.0,8b7ee114e03f8817e19da4e7a5b216035aa10ffb7177a29fad4a589af125da23,nan,15965112.0,,5026104.0,13620024.0,5452056.0,0.34361391402732044,10414752.0,incumbent_base,578013.0,8b7ee114e03f8817e19da4e7a5b216035aa10ffb7177a29fad4a589af125da23,nan,,3.9724763975896735,0.0,0.0,246816.0,246816.0,2.3418781602489305,5452056.0,incumbent_base,0.0,0.0,C,3.9724763975896735,AI_VERIFIED,False
31052251.0,root1:batch_09,0,0,0,case_079,1,0.0,0.0,,nan,32555008.0,A2_base,13.931025791000138,30952656.0,9351168.0,2162688.0,429ef6f0bdcdf5a2b59e2913b6909bcb6e3a097661a72b5b009bcca53e5650ad,11.239325542001097,41906176.0,seed,30392320.0,32448512.0,0,0,0,A0_base,31052251.0,1acd8e64b3eba2173611c94b57450892ab8b46cd571b84a93ebe557a557fa7a2,nan,,1.0,99595.0,0.003207335919061069,5952.0,155852.8,198.60186021682,0.0,,0.0,0.0,A,1.003217656022798,AI_VERIFIED,False
31052251.0,root1:batch_09,0,0,0,case_079,1,0.0,0.0,,nan,32448512.0,B0_base,nan,31052251.0,9351168.0,0.0,1acd8e64b3eba2173611c94b57450892ab8b46cd571b84a93ebe557a557fa7a2,nan,41799680.0,,32448512.0,32448512.0,0,0,0,B0_base,31052251.0,1acd8e64b3eba2173611c94b57450892ab8b46cd571b84a93ebe557a557fa7a2,nan,,1.0,0.0,0.0,5952.0,155852.8,199.24089268848556,0.0,,0.0,0.0,B,1.0,AI_VERIFIED,False
31052251.0,root1:batch_09,0.0,0.0,38260736.0,case_079,1,0.0,0.0,,nan,32448512.0,incumbent_base,20.67931820800004,31052251.0,9351168.0,0.0,1acd8e64b3eba2173611c94b57450892ab8b46cd571b84a93ebe557a557fa7a2,20.513366458000746,41799680.0,incumbent,32448512.0,32448512.0,0.0,0.0,38260736.0,incumbent_base,31052251.0,1acd8e64b3eba2173611c94b57450892ab8b46cd571b84a93ebe557a557fa7a2,20.513366458000746,incumbent,1.0,0.0,0.0,5952.0,155852.8,199.24089268848556,0.0,,0.0,0.0,C,1.0,AI_VERIFIED,False
31052251.0,root1:batch_09,0,0,0,case_079,2,0.0,0.0,,nan,31780864.0,A1_base,nan,15446486.0,9351168.0,3649536.0,b2fa6884a3661e6a795a4dcd394af026930210b62c7fa8025c9be2ac76867451,nan,41132032.0,,28131328.0,32448512.0,0,0,0,A0_base,31052251.0,5f5ec882a083bd750ab6284c29722871c2e976498a30b387aa087694bfcf3d13,nan,,1.0,15605765.0,0.502564693297114,5952.0,155852.8,99.10945456225362,0.0,,0.0,0.0,A,2.010311665708304,AI_VERIFIED,False
31052251.0,root1:batch_09,0,0,0,case_079,2,0.0,0.0,,nan,31780864.0,B1_base,nan,15446486.0,9351168.0,3649536.0,b2fa6884a3661e6a795a4dcd394af026930210b62c7fa8025c9be2ac76867451,nan,41132032.0,,28131328.0,32448512.0,0,0,0,B0_base,31052251.0,5f5ec882a083bd750ab6284c29722871c2e976498a30b387aa087694bfcf3d13,nan,,1.0,15605765.0,0.502564693297114,5952.0,155852.8,99.10945456225362,0.0,,0.0,0.0,B,2.010311665708304,AI_VERIFIED,False
31052251.0,root1:batch_09,0.0,0.0,37593088.0,case_079,2,0.0,0.0,,nan,31780864.0,incumbent_base,nan,15446486.0,9351168.0,3649536.0,b2fa6884a3661e6a795a4dcd394af026930210b62c7fa8025c9be2ac76867451,nan,41132032.0,,28131328.0,31780864.0,0.0,0.0,37593088.0,incumbent_base,15446486.0,b2fa6884a3661e6a795a4dcd394af026930210b62c7fa8025c9be2ac76867451,nan,,2.010311665708304,0.0,0.0,5952.0,155852.8,99.10945456225362,0.0,,0.0,0.0,C,2.010311665708304,AI_VERIFIED,False
31052251.0,root1:batch_09,0,0,0,case_079,3,0.0,0.0,,nan,39960576.0,A1_base,nan,10181692.0,9351168.0,11624448.0,6f951dae77f2e80f4ee2e8cd8cf794336c1e522d032064212e862bb148ce9ebb,nan,49311744.0,,28336128.0,32448512.0,0,0,0,A0_base,31052251.0,f7f2efd9911f58e40a3f6f6a99b440de9ac268fd7852c6b63bce77b9ef3911e9,nan,,1.0,20870559.0,0.67211098480429,5952.0,155852.8,65.32890009034166,0.0,,0.0,0.0,A,3.049812447675691,AI_VERIFIED,False
31052251.0,root1:batch_09,0,0,0,case_079,3,0.0,0.0,,nan,39960576.0,B1_base,nan,10181692.0,9351168.0,11624448.0,6f951dae77f2e80f4ee2e8cd8cf794336c1e522d032064212e862bb148ce9ebb,nan,49311744.0,,28336128.0,32448512.0,0,0,0,B0_base,31052251.0,f7f2efd9911f58e40a3f6f6a99b440de9ac268fd7852c6b63bce77b9ef3911e9,nan,,1.0,20870559.0,0.67211098480429,5952.0,155852.8,65.32890009034166,0.0,,0.0,0.0,B,3.049812447675691,AI_VERIFIED,False
31052251.0,root1:batch_09,6285312.0,0.13731543624161074,39487488.0,case_079,3,1.0,6285312.0,incumbent_base,10175315.0,39960576.0,incumbent_base,nan,10175315.0,9351168.0,11624448.0,6f951dae77f2e80f4ee2e8cd8cf794336c1e522d032064212e862bb148ce9ebb,nan,49311744.0,,28336128.0,39960576.0,6285312.0,0.13731543624161074,39487488.0,incumbent_base,10175315.0,6f951dae77f2e80f4ee2e8cd8cf794336c1e522d032064212e862bb148ce9ebb,nan,,3.0517238041279313,0.0,0.0,5952.0,155852.8,65.2879832765276,6285312.0,incumbent_base,0.0,0.0,C,3.0517238041279313,AI_VERIFIED,False
31052251.0,root1:batch_09,0,0,0,case_079,4,0.0,0.0,,nan,30445568.0,A1_base,nan,7635624.0,9351168.0,10948608.0,31e8841d79e9351778a60cf1826450b2efd1df7296ff613dd65c435a9435ab15,nan,39796736.0,,19496960.0,32448512.0,0,0,0,A0_base,31052251.0,9ea4b156aec8451af37bd290ab4d8df8f52d33fb2a14c5356ef87ac20e6d2893,nan,,1.0,23416627.0,0.7541040100442316,5952.0,155852.8,48.99253654730618,0.0,,0.0,0.0,A,4.066760097144647,AI_VERIFIED,False
31052251.0,root1:batch_09,0,0,0,case_079,4,0.0,0.0,,nan,30445568.0,B1_base,nan,7635624.0,9351168.0,10948608.0,31e8841d79e9351778a60cf1826450b2efd1df7296ff613dd65c435a9435ab15,nan,39796736.0,,19496960.0,32448512.0,0,0,0,B0_base,31052251.0,9ea4b156aec8451af37bd290ab4d8df8f52d33fb2a14c5356ef87ac20e6d2893,nan,,1.0,23416627.0,0.7541040100442316,5952.0,155852.8,48.99253654730618,0.0,,0.0,0.0,B,4.066760097144647,AI_VERIFIED,False
31052251.0,root1:batch_09,0.0,0.0,36257792.0,case_079,4,0.0,0.0,,nan,30445568.0,incumbent_base,nan,7635624.0,9351168.0,10948608.0,31e8841d79e9351778a60cf1826450b2efd1df7296ff613dd65c435a9435ab15,nan,39796736.0,,19496960.0,30445568.0,0.0,0.0,36257792.0,incumbent_base,7635624.0,31e8841d79e9351778a60cf1826450b2efd1df7296ff613dd65c435a9435ab15,nan,,4.066760097144647,0.0,0.0,5952.0,155852.8,48.99253654730618,0.0,,0.0,0.0,C,4.066760097144647,AI_VERIFIED,False
31052251.0,root1:batch_09,0,0,0,case_079,5,0.0,0.0,,nan,47677440.0,A1_base,nan,6075976.0,9351168.0,23248896.0,996703d5d1b6b10988a3d350dcf13a54e8852e086319ee4a6a675128387fa2b3,nan,57028608.0,,24428544.0,32448512.0,0,0,0,A0_base,31052251.0,d578dcc4643f8713f087c233c513fe315344e1644c88232795cc11b7b21358b6,nan,,1.0,24976275.0,0.8043305781600181,5952.0,155852.8,38.98535027923785,0.0,,0.0,0.0,A,5.110660575354478,AI_VERIFIED,False
31052251.0,root1:batch_09,0,0,0,case_079,5,0.0,0.0,,nan,47677440.0,B1_base,nan,6075976.0,9351168.0,23248896.0,996703d5d1b6b10988a3d350dcf13a54e8852e086319ee4a6a675128387fa2b3,nan,57028608.0,,24428544.0,32448512.0,0,0,0,B0_base,31052251.0,d578dcc4643f8713f087c233c513fe315344e1644c88232795cc11b7b21358b6,nan,,1.0,24976275.0,0.8043305781600181,5952.0,155852.8,38.98535027923785,0.0,,0.0,0.0,B,5.110660575354478,AI_VERIFIED,False
31052251.0,root1:batch_09,13060096.0,0.2441611149398882,40429568.0,case_079,5,2.0,13060096.0,incumbent_base,6075472.0,47677440.0,incumbent_base,nan,6075472.0,9351168.0,23248896.0,996703d5d1b6b10988a3d350dcf13a54e8852e086319ee4a6a675128387fa2b3,nan,57028608.0,,24428544.0,47677440.0,13060096.0,0.2441611149398882,40429568.0,incumbent_base,6075472.0,996703d5d1b6b10988a3d350dcf13a54e8852e086319ee4a6a675128387fa2b3,nan,,5.111084537958532,0.0,0.0,5952.0,155852.8,38.9821164586071,13060096.0,incumbent_base,0.0,0.0,C,5.111084537958532,AI_VERIFIED,False
292138.0,root1:batch_04,0,0,0,case_080,1,0.0,0.0,,nan,667648.0,A2_base,0.12925029199868732,292086.0,1978368.0,380928.0,e02a7c17070c188c6c16b209eddc37e0684b72cfbd54ed0687b6a2bea39f3647,0.16954716600048414,2646016.0,seed,286720.0,548864.0,0,0,0,A0_base,292138.0,a771387827ddd8112fee5b7fd5c49d10d61d67a3c6bc59e36ba1eba28d01a2be,nan,,1.0,52.0,0.0001779980694055549,,,,0.0,,,,A,1.000178029758359,AI_VERIFIED,False
292138.0,root1:batch_04,0,0,0,case_080,1,0.0,0.0,,nan,548864.0,B0_base,nan,292138.0,1978368.0,0.0,a771387827ddd8112fee5b7fd5c49d10d61d67a3c6bc59e36ba1eba28d01a2be,nan,2527232.0,,548864.0,548864.0,0,0,0,B0_base,292138.0,a771387827ddd8112fee5b7fd5c49d10d61d67a3c6bc59e36ba1eba28d01a2be,nan,,1.0,0.0,0.0,,,,0.0,,,,B,1.0,AI_VERIFIED,False
292138.0,root1:batch_04,413696.0,0.1686143572621035,2039808.0,case_080,1,1.0,413696.0,incumbent_base,291826.0,548864.0,incumbent_base,0.15867195899954822,291826.0,1978368.0,0.0,a771387827ddd8112fee5b7fd5c49d10d61d67a3c6bc59e36ba1eba28d01a2be,0.13526266699955158,2527232.0,incumbent,548864.0,548864.0,413696.0,0.1686143572621035,2039808.0,incumbent_base,291826.0,a771387827ddd8112fee5b7fd5c49d10d61d67a3c6bc59e36ba1eba28d01a2be,0.13526266699955158,incumbent,1.0010691302351402,0.0,0.0,,,,413696.0,incumbent_base,,,C,1.0010691302351402,AI_VERIFIED,False
292138.0,root1:batch_04,0,0,0,case_080,2,0.0,0.0,,nan,2191360.0,A1_base,nan,145926.0,1978368.0,1904640.0,fc2b5f2ca1ae368c15b31e343c2bc567c618cdff7ebafaae0a0a18b28bc8f338,nan,4169728.0,,286720.0,548864.0,0,0,0,A0_base,292138.0,0be92d005f7f6ca73d2ed4a2b851ece94e9a7124c672c96a99636659115de4ff,nan,,1.0,146212.0,0.5004894946908652,,,,0.0,,,,A,2.0019598974822856,AI_VERIFIED,False
292138.0,root1:batch_04,0,0,0,case_080,2,0.0,0.0,,nan,2191360.0,B1_base,nan,145926.0,1978368.0,1904640.0,fc2b5f2ca1ae368c15b31e343c2bc567c618cdff7ebafaae0a0a18b28bc8f338,nan,4169728.0,,286720.0,548864.0,0,0,0,B0_base,292138.0,0be92d005f7f6ca73d2ed4a2b851ece94e9a7124c672c96a99636659115de4ff,nan,,1.0,146212.0,0.5004894946908652,,,,0.0,,,,B,2.0019598974822856,AI_VERIFIED,False
292138.0,root1:batch_04,1785856.0,0.436,2310144.0,case_080,2,2.0,1785856.0,incumbent_base,145674.0,2191360.0,incumbent_base,nan,145674.0,1978368.0,1904640.0,fc2b5f2ca1ae368c15b31e343c2bc567c618cdff7ebafaae0a0a18b28bc8f338,nan,4169728.0,,286720.0,2191360.0,1785856.0,0.436,2310144.0,incumbent_base,145674.0,fc2b5f2ca1ae368c15b31e343c2bc567c618cdff7ebafaae0a0a18b28bc8f338,nan,,2.005423067946236,0.0,0.0,,,,1785856.0,incumbent_base,,,C,2.005423067946236,AI_VERIFIED,False
292138.0,root1:batch_04,0,0,0,case_080,3,0.0,0.0,,nan,3047424.0,A1_base,nan,100325.0,1978368.0,3047424.0,b1d2c79791a0e155dde0d958b84f908c663740bb6ef798e5659694ccd403358d,nan,5025792.0,,0.0,548864.0,0,0,0,A0_base,292138.0,f106a41d4193f8ee8b71fa179d3486d818947b4e92a06cee39e2bbb11f67260c,nan,,1.0,191813.0,0.6565835324401481,,,,0.0,,,,A,2.9119162721156244,AI_VERIFIED,False
292138.0,root1:batch_04,0,0,0,case_080,3,0.0,0.0,,nan,3047424.0,B1_base,nan,100325.0,1978368.0,3047424.0,b1d2c79791a0e155dde0d958b84f908c663740bb6ef798e5659694ccd403358d,nan,5025792.0,,0.0,548864.0,0,0,0,B0_base,292138.0,f106a41d4193f8ee8b71fa179d3486d818947b4e92a06cee39e2bbb11f67260c,nan,,1.0,191813.0,0.6565835324401481,,,,0.0,,,,B,2.9119162721156244,AI_VERIFIED,False
292138.0,root1:batch_04,0.0,0.0,4952064.0,case_080,3,2.0,344064.0,incumbent_split_topo_g0_p4,100325.0,3047424.0,incumbent_base,nan,100325.0,1978368.0,3047424.0,b1d2c79791a0e155dde0d958b84f908c663740bb6ef798e5659694ccd403358d,nan,5025792.0,,0.0,3047424.0,0.0,0.0,4952064.0,incumbent_base,100325.0,b1d2c79791a0e155dde0d958b84f908c663740bb6ef798e5659694ccd403358d,nan,,2.9119162721156244,0.0,0.0,,,,413696.0,C0_base,,,C,2.9119162721156244,AI_VERIFIED,True
292138.0,root1:batch_04,0,0,0,case_080,4,0.0,0.0,,nan,4190208.0,A1_base,nan,111314.0,1978368.0,4190208.0,02a37441d4f9c856e7a67d49e4f3e22b70b8380fd3987d4e8bbee8178960ec92,nan,6168576.0,,0.0,548864.0,0,0,0,A0_base,292138.0,63963f6ad299d3de37cca08560378de67328105b942ba20591f5b15b75fdf15d,nan,,1.0,180824.0,0.6189677481190397,,,,0.0,,,,A,2.6244497547478303,AI_VERIFIED,False
292138.0,root1:batch_04,0,0,0,case_080,4,0.0,0.0,,nan,4190208.0,B1_base,nan,111314.0,1978368.0,4190208.0,02a37441d4f9c856e7a67d49e4f3e22b70b8380fd3987d4e8bbee8178960ec92,nan,6168576.0,,0.0,548864.0,0,0,0,B0_base,292138.0,63963f6ad299d3de37cca08560378de67328105b942ba20591f5b15b75fdf15d,nan,,1.0,180824.0,0.6189677481190397,,,,0.0,,,,B,2.6244497547478303,AI_VERIFIED,False
292138.0,root1:batch_04,2985984.0,0.4902488231338265,3104768.0,case_080,4,3.0,2985984.0,incumbent_disperse_tid_1000000543_node_1340_core_3_pos_0,90559.0,4190208.0,incumbent_disperse_tid_1000000543_node_1340_core_3_pos_0,0.2998153339995042,90559.0,1978368.0,4190208.0,1eb9a182eb011cacda61c263629a518e8489c2c61fddcc36623970e628579f16,0.323325332999957,6168576.0,disperse,0.0,4190208.0,2916352.0,0.478494623655914,3178496.0,incumbent_base,90584.0,02a37441d4f9c856e7a67d49e4f3e22b70b8380fd3987d4e8bbee8178960ec92,nan,,3.225050781594984,25.0,0.0002759869292590303,,,,2985984.0,incumbent_disperse_tid_1000000543_node_1340_core_3_pos_0,,,C,3.225941099172915,AI_VERIFIED,False
292138.0,root1:batch_04,0,0,0,case_080,5,0.0,0.0,,nan,4571136.0,A1_base,nan,113455.0,1978368.0,4571136.0,263aad6b8b4b2625f8c08979acba1b4806849b7eab1f62799afbc40aeb362839,nan,6549504.0,,0.0,548864.0,0,0,0,A0_base,292138.0,1aed3d045b71193d545ee3de3ca6eb1ee121fcfc0e9fbd0b21fa79b7c52467a0,nan,,1.0,178683.0,0.6116390199152455,,,,0.0,,,,A,2.574923978669957,AI_VERIFIED,False
292138.0,root1:batch_04,0,0,0,case_080,5,0.0,0.0,,nan,4571136.0,B1_base,nan,113455.0,1978368.0,4571136.0,263aad6b8b4b2625f8c08979acba1b4806849b7eab1f62799afbc40aeb362839,nan,6549504.0,,0.0,548864.0,0,0,0,B0_base,292138.0,1aed3d045b71193d545ee3de3ca6eb1ee121fcfc0e9fbd0b21fa79b7c52467a0,nan,,1.0,178683.0,0.6116390199152455,,,,0.0,,,,B,2.574923978669957,AI_VERIFIED,False
292138.0,root1:batch_04,2363392.0,0.3640378548895899,4128768.0,case_080,5,3.0,2363392.0,r6_boundary_n288_c3_p0,88140.0,4603904.0,r6_boundary_n288_c3_p0,0.5454995420004707,88140.0,1978368.0,4603904.0,9b47c71f4a3728de7e254e54443a5f68cfedd738826c1400a6ea5572d5cd6672,0.3670977080000739,6582272.0,ordinary_chain,0.0,4571136.0,2228224.0,0.34408602150537637,4247552.0,incumbent_base,90408.0,263aad6b8b4b2625f8c08979acba1b4806849b7eab1f62799afbc40aeb362839,nan,,3.2313290859215997,2268.0,0.025086275550836208,,,,2363392.0,r6_boundary_n288_c3_p0,,,C,3.314476968459269,AI_VERIFIED,False
151795.0,root1:batch_02,0,0,0,case_081,1,0.0,0.0,,nan,0.0,A0_base,nan,151795.0,1741140.0,0.0,a99f8cb4f2f3c9330df5e3fc99547a33e5589295870de36205af4f8d3c1ee67c,nan,1741140.0,,0.0,0.0,0,0,0,A0_base,151795.0,a99f8cb4f2f3c9330df5e3fc99547a33e5589295870de36205af4f8d3c1ee67c,nan,,1.0,0.0,0.0,,,,0.0,,,,A,1.0,AI_VERIFIED,False
151795.0,root1:batch_02,0,0,0,case_081,1,0.0,0.0,,nan,0.0,B0_base,nan,151795.0,1741140.0,0.0,a99f8cb4f2f3c9330df5e3fc99547a33e5589295870de36205af4f8d3c1ee67c,nan,1741140.0,,0.0,0.0,0,0,0,B0_base,151795.0,a99f8cb4f2f3c9330df5e3fc99547a33e5589295870de36205af4f8d3c1ee67c,nan,,1.0,0.0,0.0,,,,0.0,,,,B,1.0,AI_VERIFIED,False
151795.0,root1:batch_02,0.0,0.0,1044820.0,case_081,1,0.0,0.0,,nan,0.0,incumbent_base,0.7200338330003433,151795.0,1741140.0,0.0,a99f8cb4f2f3c9330df5e3fc99547a33e5589295870de36205af4f8d3c1ee67c,0.78062029099965,1741140.0,incumbent,0.0,0.0,0.0,0.0,1044820.0,incumbent_base,151795.0,a99f8cb4f2f3c9330df5e3fc99547a33e5589295870de36205af4f8d3c1ee67c,0.78062029099965,incumbent,1.0,0.0,0.0,,,,0.0,,,,C,1.0,AI_VERIFIED,False
151795.0,root1:batch_02,0,0,0,case_081,2,0.0,0.0,,nan,0.0,A1_base,nan,76860.0,1741140.0,0.0,b7e6a3b5035f9799e42ecb4781b51865028c011698668214f8e11e4f2be19793,nan,1741140.0,,0.0,0.0,0,0,0,A0_base,151795.0,167eb4cb5d117a2d5a5c5aae4eecd6bfc51dbeb7a84acd19eb3b759a28e1bbbd,nan,,1.0,74935.0,0.49365921143647684,,,,0.0,,,,A,1.9749544626593807,AI_VERIFIED,False
151795.0,root1:batch_02,0,0,0,case_081,2,0.0,0.0,,nan,0.0,B1_base,nan,76860.0,1741140.0,0.0,b7e6a3b5035f9799e42ecb4781b51865028c011698668214f8e11e4f2be19793,nan,1741140.0,,0.0,0.0,0,0,0,B0_base,151795.0,167eb4cb5d117a2d5a5c5aae4eecd6bfc51dbeb7a84acd19eb3b759a28e1bbbd,nan,,1.0,74935.0,0.49365921143647684,,,,0.0,,,,B,1.9749544626593807,AI_VERIFIED,False
151795.0,root1:batch_02,0.0,0.0,1044820.0,case_081,2,0.0,0.0,,nan,0.0,incumbent_base,nan,76860.0,1741140.0,0.0,b7e6a3b5035f9799e42ecb4781b51865028c011698668214f8e11e4f2be19793,nan,1741140.0,,0.0,0.0,0.0,0.0,1044820.0,incumbent_base,76860.0,b7e6a3b5035f9799e42ecb4781b51865028c011698668214f8e11e4f2be19793,nan,,1.9749544626593807,0.0,0.0,,,,0.0,,,,C,1.9749544626593807,AI_VERIFIED,False
151795.0,root1:batch_02,0,0,0,case_081,3,0.0,0.0,,nan,0.0,A1_base,nan,51943.0,1741140.0,0.0,ad60bb1b5dd0edcc1c0e039f392dd4559260de303faa5973a5d89d4de5457987,nan,1741140.0,,0.0,0.0,0,0,0,A0_base,151795.0,24a5c3b75cacdcf68855d8ee51b7dcb51d6b66d3dfef2b3d36381f014e3b5fd5,nan,,1.0,99852.0,0.65780822820251,,,,0.0,,,,A,2.9223379473653814,AI_VERIFIED,False
151795.0,root1:batch_02,0,0,0,case_081,3,0.0,0.0,,nan,0.0,B1_base,nan,51943.0,1741140.0,0.0,ad60bb1b5dd0edcc1c0e039f392dd4559260de303faa5973a5d89d4de5457987,nan,1741140.0,,0.0,0.0,0,0,0,B0_base,151795.0,24a5c3b75cacdcf68855d8ee51b7dcb51d6b66d3dfef2b3d36381f014e3b5fd5,nan,,1.0,99852.0,0.65780822820251,,,,0.0,,,,B,2.9223379473653814,AI_VERIFIED,False
151795.0,root1:batch_02,0.0,0.0,1044820.0,case_081,3,0.0,0.0,,nan,0.0,incumbent_base,nan,51943.0,1741140.0,0.0,ad60bb1b5dd0edcc1c0e039f392dd4559260de303faa5973a5d89d4de5457987,nan,1741140.0,,0.0,0.0,0.0,0.0,1044820.0,incumbent_base,51943.0,ad60bb1b5dd0edcc1c0e039f392dd4559260de303faa5973a5d89d4de5457987,nan,,2.9223379473653814,0.0,0.0,,,,0.0,,,,C,2.9223379473653814,AI_VERIFIED,False
151795.0,root1:batch_02,0,0,0,case_081,4,0.0,0.0,,nan,0.0,A1_base,nan,39588.0,1741140.0,0.0,318fff4a49a7de6af635cc25feaad478f552ed34991de00c3c273f313fe4e10b,nan,1741140.0,,0.0,0.0,0,0,0,A0_base,151795.0,b0a806354e029e059fdeb99fbfa8d6a816b3bb8b4e7fbbaf6ae2d763aaf2a04e,nan,,1.0,112207.0,0.7392008959451892,,,,0.0,,,,A,3.834369000707285,AI_VERIFIED,False
151795.0,root1:batch_02,0,0,0,case_081,4,0.0,0.0,,nan,0.0,B1_base,nan,39588.0,1741140.0,0.0,318fff4a49a7de6af635cc25feaad478f552ed34991de00c3c273f313fe4e10b,nan,1741140.0,,0.0,0.0,0,0,0,B0_base,151795.0,b0a806354e029e059fdeb99fbfa8d6a816b3bb8b4e7fbbaf6ae2d763aaf2a04e,nan,,1.0,112207.0,0.7392008959451892,,,,0.0,,,,B,3.834369000707285,AI_VERIFIED,False
151795.0,root1:batch_02,0.0,0.0,1044820.0,case_081,4,0.0,0.0,,nan,0.0,incumbent_base,nan,39588.0,1741140.0,0.0,318fff4a49a7de6af635cc25feaad478f552ed34991de00c3c273f313fe4e10b,nan,1741140.0,,0.0,0.0,0.0,0.0,1044820.0,incumbent_base,39588.0,318fff4a49a7de6af635cc25feaad478f552ed34991de00c3c273f313fe4e10b,nan,,3.834369000707285,0.0,0.0,,,,0.0,,,,C,3.834369000707285,AI_VERIFIED,False
151795.0,root1:batch_02,0,0,0,case_081,5,0.0,0.0,,nan,0.0,A1_base,nan,30943.0,1741140.0,0.0,f9e651df6a8229a7879066c19329096daf7d234ff4a05bd6b9f88f0a1a712f81,nan,1741140.0,,0.0,0.0,0,0,0,A0_base,151795.0,3f637186d0cf86811d98f89e4c97f0fd16a6c2d414132ccaf74bf14fc63d9e2c,nan,,1.0,120852.0,0.7961527059521064,,,,0.0,,,,A,4.905632937982743,AI_VERIFIED,False
151795.0,root1:batch_02,0,0,0,case_081,5,0.0,0.0,,nan,0.0,B1_base,nan,30943.0,1741140.0,0.0,f9e651df6a8229a7879066c19329096daf7d234ff4a05bd6b9f88f0a1a712f81,nan,1741140.0,,0.0,0.0,0,0,0,B0_base,151795.0,3f637186d0cf86811d98f89e4c97f0fd16a6c2d414132ccaf74bf14fc63d9e2c,nan,,1.0,120852.0,0.7961527059521064,,,,0.0,,,,B,4.905632937982743,AI_VERIFIED,False
151795.0,root1:batch_02,0.0,0.0,1044820.0,case_081,5,0.0,0.0,,nan,0.0,incumbent_base,nan,30943.0,1741140.0,0.0,f9e651df6a8229a7879066c19329096daf7d234ff4a05bd6b9f88f0a1a712f81,nan,1741140.0,,0.0,0.0,0.0,0.0,1044820.0,incumbent_base,30943.0,f9e651df6a8229a7879066c19329096daf7d234ff4a05bd6b9f88f0a1a712f81,nan,,4.905632937982743,0.0,0.0,,,,0.0,,,,C,4.905632937982743,AI_VERIFIED,False
721041.0,root1:batch_08,0,0,0,case_082,1,0.0,0.0,,nan,148102.0,A2_base,0.47032224999929895,716933.0,592006.0,148102.0,11701b2961ed946ae2ce2feeeced5db9b2348bdb00540e343ca2b972886a460d,0.41288716700000805,740108.0,seed,0.0,0.0,0,0,0,A0_base,721041.0,f5ef7fed6dfc1dcefef4ff6e9f93c69f9c8700ae9023887c297987bd655cab19,nan,,1.0,4108.0,0.005697318183015945,,,,0.0,,,,A,1.0057299636088728,AI_VERIFIED,False
721041.0,root1:batch_08,0,0,0,case_082,1,0.0,0.0,,nan,0.0,q1_warm_base,nan,715588.0,592006.0,0.0,11701b2961ed946ae2ce2feeeced5db9b2348bdb00540e343ca2b972886a460d,nan,592006.0,,0.0,0.0,0,0,0,B0_base,721041.0,f5ef7fed6dfc1dcefef4ff6e9f93c69f9c8700ae9023887c297987bd655cab19,nan,,1.0,5453.0,0.007562676740989763,,,,0.0,,,,B,1.0076203066569032,AI_VERIFIED,False
721041.0,root1:batch_08,0.0,0.0,566406.0,case_082,1,0.0,0.0,,nan,0.0,incumbent_split_topo_g0_p4,0.7041419580000365,709534.0,592006.0,0.0,96e8670b5bf365fa1e9c40d11e9d87f65fd7544edf798b73653839a82ccba189,0.6682919169998058,592006.0,timing,0.0,0.0,0.0,0.0,566406.0,incumbent_base,715588.0,11701b2961ed946ae2ce2feeeced5db9b2348bdb00540e343ca2b972886a460d,nan,,1.0076203066569032,6054.0,0.008460175408195778,,,,0.0,,,,C,1.0162176865379249,AI_VERIFIED,False
721041.0,root1:batch_08,0,0,0,case_082,2,0.0,0.0,,nan,376592.0,A2_base,0.3983066670007247,713527.0,592006.0,376592.0,7b2d7e24f26bd6e9e58b4bf0fc8a4c8242485a4d3f5bd385fcb96a53f8943fb9,0.3789218330002768,968598.0,seed,0.0,0.0,0,0,0,A0_base,721041.0,5418b918dfe588bdf36fbee04df5a7961639b246a7cb980d39f0d3d7776d483a,nan,,1.0,7514.0,0.010421044018301318,,,,0.0,,,,A,1.0105307858006776,AI_VERIFIED,False
721041.0,root1:batch_08,0,0,0,case_082,2,0.0,0.0,,nan,234630.0,q1_warm_base,nan,708711.0,592006.0,234630.0,7b2d7e24f26bd6e9e58b4bf0fc8a4c8242485a4d3f5bd385fcb96a53f8943fb9,nan,826636.0,,0.0,0.0,0,0,0,B0_base,721041.0,5418b918dfe588bdf36fbee04df5a7961639b246a7cb980d39f0d3d7776d483a,nan,,1.0,12330.0,0.017100275851165192,,,,0.0,,,,B,1.0173977827351346,AI_VERIFIED,False
721041.0,root1:batch_08,54406.0,0.07652857408105508,656518.0,case_082,2,1.0,54406.0,incumbent_base,708711.0,234630.0,incumbent_base,nan,708711.0,592006.0,234630.0,7b2d7e24f26bd6e9e58b4bf0fc8a4c8242485a4d3f5bd385fcb96a53f8943fb9,nan,826636.0,,0.0,234630.0,54406.0,0.07652857408105508,656518.0,incumbent_base,708711.0,7b2d7e24f26bd6e9e58b4bf0fc8a4c8242485a4d3f5bd385fcb96a53f8943fb9,nan,,1.0173977827351346,0.0,0.0,,,,54406.0,incumbent_base,,,C,1.0173977827351346,AI_VERIFIED,False
721041.0,root1:batch_08,0,0,0,case_082,3,0.0,0.0,,nan,2507492.0,A3_base,0.536550000000716,709767.0,592006.0,2507492.0,bfe75727e4c0463594c13cb3f46aa74dfe4af0ccfbc6bf09647351e4393a3452,0.39453737499934505,3099498.0,seed,0.0,0.0,0,0,0,A0_base,721041.0,ad8e59e164945756d977f190f728eb597522906b4f5c7db186ca41ca73850eb1,nan,,1.0,11274.0,0.015635726678510653,,,,0.0,,,,A,1.0158840859042475,AI_VERIFIED,False
721041.0,root1:batch_08,0,0,0,case_082,3,0.0,0.0,,nan,2534220.0,B2_base,nan,619074.0,592006.0,2534220.0,bfe75727e4c0463594c13cb3f46aa74dfe4af0ccfbc6bf09647351e4393a3452,nan,3126226.0,,0.0,0.0,0,0,0,B0_base,721041.0,ad8e59e164945756d977f190f728eb597522906b4f5c7db186ca41ca73850eb1,nan,,1.0,101967.0,0.14141636883339506,,,,0.0,,,,B,1.164708903943632,AI_VERIFIED,False
721041.0,root1:batch_08,138380.0,0.07602954152615102,1681702.0,case_082,3,2.0,138380.0,event_timing_tid_1000003013_miss_2_bytes_4096_core_1,606773.0,2481484.0,event_timing_tid_1000003013_miss_2_bytes_4096_core_1,0.6296490420008922,606773.0,592006.0,2481484.0,b52dc6c63b7c1ebe93587a89b9fcf45ac439b6adec217a42802ece10fa6f96d0,0.5952642499996728,3073490.0,event_timing,0.0,2534220.0,137356.0,0.07438923339380975,1709094.0,incumbent_base,618927.0,bfe75727e4c0463594c13cb3f46aa74dfe4af0ccfbc6bf09647351e4393a3452,nan,,1.1649855314116204,12154.0,0.01963721085039108,,,,138380.0,event_timing_tid_1000003013_miss_2_bytes_4096_core_1,,,C,1.1883208382706547,AI_VERIFIED,False
721041.0,root1:batch_08,0,0,0,case_082,4,0.0,0.0,,nan,775706.0,A2_base,0.45194841700140387,712066.0,592006.0,775706.0,1b223f8b0be5982c5193b5f26042a2f66b1740ca84c06bfd76d8e8d25d7d8169,0.31042654200064135,1367712.0,seed,0.0,0.0,0,0,0,A0_base,721041.0,a17a5cf0a3b753c0b8ed61a302cd0b31b2abddf5de4ef710ce7790271031a1b1,nan,,1.0,8975.0,0.012447281083877338,,,,0.0,,,,A,1.0126041687146978,AI_VERIFIED,False
721041.0,root1:batch_08,0,0,0,case_082,4,0.0,0.0,,nan,5394700.0,B3_base,0.8567533749992435,581815.0,592006.0,5394700.0,857f5a1f7e95993abcd32fa92469aaf3e23c7b5658ac9a7565d9662ac400d988,0.8176440000006551,5986706.0,seed,0.0,0.0,0,0,0,B0_base,721041.0,a17a5cf0a3b753c0b8ed61a302cd0b31b2abddf5de4ef710ce7790271031a1b1,nan,,1.0,139226.0,0.1930902680984854,,,,0.0,,,,B,1.239295996149979,AI_VERIFIED,False
721041.0,root1:batch_08,871304.0,0.2522055218080213,2583434.0,case_082,4,1.0,871304.0,incumbent_base,581598.0,5394700.0,incumbent_base,nan,581598.0,592006.0,5394700.0,857f5a1f7e95993abcd32fa92469aaf3e23c7b5658ac9a7565d9662ac400d988,nan,5986706.0,,0.0,5394700.0,871304.0,0.2522055218080213,2583434.0,incumbent_base,581598.0,857f5a1f7e95993abcd32fa92469aaf3e23c7b5658ac9a7565d9662ac400d988,nan,,1.239758389815646,0.0,0.0,,,,871304.0,incumbent_base,,,C,1.239758389815646,AI_VERIFIED,False
721041.0,root1:batch_08,0,0,0,case_082,5,0.0,0.0,,nan,0.0,A0_base,nan,721041.0,592006.0,0.0,fc4cabc3445636d965dcd8aaf94bd5fcb0eb9c9fd0e623b860874cb3504f5d00,nan,592006.0,,0.0,0.0,0,0,0,A0_base,721041.0,fc4cabc3445636d965dcd8aaf94bd5fcb0eb9c9fd0e623b860874cb3504f5d00,nan,,1.0,0.0,0.0,,,,0.0,,,,A,1.0,AI_VERIFIED,False
721041.0,root1:batch_08,0,0,0,case_082,5,0.0,0.0,,nan,5224344.0,B2_base,0.7448797500001092,596513.0,592006.0,5162904.0,c50c5ad1d45bae3110b6081b21b63ca352ef030caaccac0f8e578774caba02aa,0.6631434160008212,5816350.0,seed,61440.0,0.0,0,0,0,B0_base,721041.0,fc4cabc3445636d965dcd8aaf94bd5fcb0eb9c9fd0e623b860874cb3504f5d00,nan,,1.0,124528.0,0.1727058516783373,,,,0.0,,,,B,1.2087599096750616,AI_VERIFIED,False
721041.0,root1:batch_08,491216.0,0.1521494435513596,2737294.0,case_082,5,2.0,491216.0,incumbent_disperse_tid_1000001471_node_2686_core_0_pos_2,592853.0,5216152.0,incumbent_disperse_tid_1000001471_node_2686_core_0_pos_2,0.7631209579994902,592853.0,592006.0,5154712.0,759509ef372ba663a489b03cf13e210f0d3e0a3c2117647358ac0c4907cbcc7b,1.8986604159999843,5808158.0,disperse,61440.0,5224344.0,491216.0,0.15195665664173116,2741390.0,incumbent_base,596237.0,c50c5ad1d45bae3110b6081b21b63ca352ef030caaccac0f8e578774caba02aa,nan,,1.2093194484743484,3384.0,0.005675595442751791,,,,491216.0,incumbent_disperse_tid_1000001471_node_2686_core_0_pos_2,,,C,1.216222233842116,AI_VERIFIED,False
1057993.0,root1:batch_10,0,0,0,case_083,1,0.0,0.0,,nan,13934688.0,A0_base,nan,1057993.0,1438304.0,0.0,6a0028bd6228a0618028627ffcd493f37c395b3fbcf399cea19306b4850d1254,nan,15372992.0,,13934688.0,13934688.0,0,0,0,A0_base,1057993.0,6a0028bd6228a0618028627ffcd493f37c395b3fbcf399cea19306b4850d1254,nan,,1.0,0.0,0.0,,,,0.0,,,,A,1.0,AI_VERIFIED,False
1057993.0,root1:batch_10,0,0,0,case_083,1,0.0,0.0,,nan,916480.0,B2_aggregate,0.4977777910007717,876669.0,1438304.0,0.0,abb01f81ede9251d0ed66de741cb46bc948b957e119c11409563a61e6be63ba7,0.5106836249997286,2354784.0,aggregate,916480.0,13934688.0,0,0,0,B0_base,1057993.0,6a0028bd6228a0618028627ffcd493f37c395b3fbcf399cea19306b4850d1254,nan,,1.0,181324.0,0.17138487683755943,,,,0.0,,,,B,1.2068329095702026,AI_VERIFIED,False
1057993.0,root1:batch_10,0.0,0.0,1604192.0,case_083,1,1.0,11829024.0,C0_base,946145.0,839680.0,incumbent_split_height_g1_p4,0.5600467499989463,875735.0,1438304.0,0.0,6c0436691322d0298b3f283242d0801b29fbf564f4e254672dd8e7cbe321d0ea,0.6002990829983901,2277984.0,timing,839680.0,916480.0,0.0,0.0,1642592.0,incumbent_base,876669.0,abb01f81ede9251d0ed66de741cb46bc948b957e119c11409563a61e6be63ba7,nan,,1.2068329095702026,934.0,0.0010653964038878983,,,,11829024.0,C0_base,,,C,1.2081200363123548,AI_VERIFIED,True
1057993.0,root1:batch_10,0,0,0,case_083,2,0.0,0.0,,nan,14241216.0,A1_base,nan,644672.0,1438304.0,930400.0,580d3173761901060efa6eea2f3f5f84bd8dcf9710f70eb77f529f47aa95f179,nan,15679520.0,,13310816.0,13934688.0,0,0,0,A0_base,1057993.0,9f49a65bbbd169e737d53ea597baee069bf5e335142205e8ac11549e3c27688b,nan,,1.0,413321.0,0.3906651556295741,,,,0.0,,,,A,1.6411337858631987,AI_VERIFIED,False
1057993.0,root1:batch_10,0,0,0,case_083,2,0.0,0.0,,nan,14241216.0,B1_base,nan,644672.0,1438304.0,930400.0,580d3173761901060efa6eea2f3f5f84bd8dcf9710f70eb77f529f47aa95f179,nan,15679520.0,,13310816.0,13934688.0,0,0,0,B0_base,1057993.0,9f49a65bbbd169e737d53ea597baee069bf5e335142205e8ac11549e3c27688b,nan,,1.0,413321.0,0.3906651556295741,,,,0.0,,,,B,1.6411337858631987,AI_VERIFIED,False
1057993.0,root1:batch_10,5979328.0,0.6877470646692923,2714752.0,case_083,2,3.0,5979328.0,incumbent_split_height_g0_p4,465958.0,7847648.0,incumbent_split_height_g0_p4,0.5264461249989836,465958.0,1438304.0,930400.0,4d13c86af06d5f1559cb233ba51d54a2e584dc85a4dfc3235040d1ab56b2b23f,0.452540999998746,9285952.0,timing,6917248.0,14241216.0,10776288.0,0.7076181170611782,4452672.0,incumbent_base,535329.0,580d3173761901060efa6eea2f3f5f84bd8dcf9710f70eb77f529f47aa95f179,nan,,1.9763416515824848,69371.0,0.12958573139135,,,,11829024.0,C0_base,,,C,2.270575888814013,AI_VERIFIED,False
1057993.0,root1:batch_10,0,0,0,case_083,3,0.0,0.0,,nan,14842752.0,A1_base,nan,512623.0,1438304.0,1860800.0,da13d638989f51487f354b4419fbfa3e4b51640fa4697755c80f1379d66ec4ec,nan,16281056.0,,12981952.0,13934688.0,0,0,0,A0_base,1057993.0,bb5c82898c0f9c6131e694f37bc24c7fc138f9871f1580a8923cb937f5539aef,nan,,1.0,545370.0,0.5154760003138017,,,,0.0,,,,A,2.0638812538649263,AI_VERIFIED,False
1057993.0,root1:batch_10,0,0,0,case_083,3,0.0,0.0,,nan,14842752.0,B1_base,nan,512623.0,1438304.0,1860800.0,da13d638989f51487f354b4419fbfa3e4b51640fa4697755c80f1379d66ec4ec,nan,16281056.0,,12981952.0,13934688.0,0,0,0,B0_base,1057993.0,bb5c82898c0f9c6131e694f37bc24c7fc138f9871f1580a8923cb937f5539aef,nan,,1.0,545370.0,0.5154760003138017,,,,0.0,,,,B,2.0638812538649263,AI_VERIFIED,False
1057993.0,root1:batch_10,10443552.0,0.6590289066365114,5403328.0,case_083,3,2.0,10443552.0,incumbent_base,402691.0,14842752.0,incumbent_base,nan,402691.0,1438304.0,1860800.0,da13d638989f51487f354b4419fbfa3e4b51640fa4697755c80f1379d66ec4ec,nan,16281056.0,,12981952.0,14842752.0,10443552.0,0.6590289066365114,5403328.0,incumbent_base,402691.0,da13d638989f51487f354b4419fbfa3e4b51640fa4697755c80f1379d66ec4ec,nan,,2.627307290205145,0.0,0.0,,,,11829024.0,C0_base,,,C,2.627307290205145,AI_VERIFIED,False
1057993.0,root1:batch_10,0,0,0,case_083,4,0.0,0.0,,nan,14977600.0,A1_base,nan,450029.0,1438304.0,2791200.0,e03f6d823c9e8152c2bda91fac2b1016be041ecd5a23fe6e6f0830ed677bfdec,nan,16415904.0,,12186400.0,13934688.0,0,0,0,A0_base,1057993.0,b1a4144272a53d7a8d8329e7408a66db9315cd08a231d09615b51c75279e883a,nan,,1.0,607964.0,0.5746389626396394,,,,0.0,,,,A,2.350944050272316,AI_VERIFIED,False
1057993.0,root1:batch_10,0,0,0,case_083,4,0.0,0.0,,nan,14977600.0,B1_base,nan,450029.0,1438304.0,2791200.0,e03f6d823c9e8152c2bda91fac2b1016be041ecd5a23fe6e6f0830ed677bfdec,nan,16415904.0,,12186400.0,13934688.0,0,0,0,B0_base,1057993.0,b1a4144272a53d7a8d8329e7408a66db9315cd08a231d09615b51c75279e883a,nan,,1.0,607964.0,0.5746389626396394,,,,0.0,,,,B,2.350944050272316,AI_VERIFIED,False
1057993.0,root1:batch_10,10324096.0,0.6425764561777388,5742624.0,case_083,4,2.0,10324096.0,incumbent_base,333151.0,14977600.0,incumbent_base,nan,333151.0,1438304.0,2791200.0,e03f6d823c9e8152c2bda91fac2b1016be041ecd5a23fe6e6f0830ed677bfdec,nan,16415904.0,,12186400.0,14977600.0,10324096.0,0.6425764561777388,5742624.0,incumbent_base,333151.0,e03f6d823c9e8152c2bda91fac2b1016be041ecd5a23fe6e6f0830ed677bfdec,nan,,3.1757161167158436,0.0,0.0,,,,11829024.0,C0_base,,,C,3.1757161167158436,AI_VERIFIED,False
1057993.0,root1:batch_10,0,0,0,case_083,5,0.0,0.0,,nan,15058048.0,A1_base,nan,442480.0,1438304.0,3721600.0,b080df8d672274bee13dfb5f0cde8ca0fa942666cb56937799d24527537c1ec3,nan,16496352.0,,11336448.0,13934688.0,0,0,0,A0_base,1057993.0,db144ccdf5de8d241f875fb10cda02467e73c7c67ee0811485bd5ee43ea0ccac,nan,,1.0,615513.0,0.5817741705285384,,,,0.0,,,,A,2.3910527029470257,AI_VERIFIED,False
1057993.0,root1:batch_10,0,0,0,case_083,5,0.0,0.0,,nan,15058048.0,B1_base,nan,442480.0,1438304.0,3721600.0,b080df8d672274bee13dfb5f0cde8ca0fa942666cb56937799d24527537c1ec3,nan,16496352.0,,11336448.0,13934688.0,0,0,0,B0_base,1057993.0,db144ccdf5de8d241f875fb10cda02467e73c7c67ee0811485bd5ee43ea0ccac,nan,,1.0,615513.0,0.5817741705285384,,,,0.0,,,,B,2.3910527029470257,AI_VERIFIED,False
1057993.0,root1:batch_10,10966272.0,0.6756744500592479,5263840.0,case_083,5,2.0,10966272.0,incumbent_base,310731.0,15058048.0,incumbent_base,nan,310731.0,1438304.0,3721600.0,b080df8d672274bee13dfb5f0cde8ca0fa942666cb56937799d24527537c1ec3,nan,16496352.0,,11336448.0,15058048.0,10966272.0,0.6756744500592479,5263840.0,incumbent_base,310731.0,b080df8d672274bee13dfb5f0cde8ca0fa942666cb56937799d24527537c1ec3,nan,,3.40485178498444,0.0,0.0,,,,11829024.0,C0_base,,,C,3.40485178498444,AI_VERIFIED,False
2507412.0,root1:batch_11,0,0,0,case_084,1,0.0,0.0,,nan,29566656.0,A3_base,3.304069874999186,1979969.0,13236330.0,24433344.0,d7d5396491210df85c8c4cc008bf0f2be205873681e1e694e4f1ffd8bd723f89,2.810109582998848,42802986.0,seed,5133312.0,0.0,0,0,0,A0_base,2507412.0,6d7e072fb61762200589548fae1c4ebf894c95d1e0a0a690fe440d121260af6f,nan,,1.0,527443.0,0.21035354381330232,2328.0,220605.5,8.975157011044603,0.0,,0.0,0.0,A,1.2663895242804306,AI_VERIFIED,False
2507412.0,root1:batch_11,0,0,0,case_084,1,0.0,0.0,,nan,9676800.0,L2_base,3.8843811669994466,1371156.0,13236330.0,0.0,d2cc4ac3dab89e3544e6c283b9ab3cc68eca55db606ce533cd94520820d5afbb,3.299462124999991,22913130.0,legacy_seed,9676800.0,0.0,0,0,0,B0_base,2507412.0,6d7e072fb61762200589548fae1c4ebf894c95d1e0a0a690fe440d121260af6f,nan,,1.0,1136256.0,0.45315887456867876,2328.0,220605.5,6.21542073973677,0.0,,0.0,0.0,B,1.8286847010843406,AI_VERIFIED,False
2507412.0,root1:batch_11,0.0,0.0,14766186.0,case_084,1,0.0,0.0,,nan,9676800.0,incumbent_base,nan,1371156.0,13236330.0,0.0,d2cc4ac3dab89e3544e6c283b9ab3cc68eca55db606ce533cd94520820d5afbb,nan,22913130.0,,9676800.0,9676800.0,0.0,0.0,14766186.0,incumbent_base,1371156.0,d2cc4ac3dab89e3544e6c283b9ab3cc68eca55db606ce533cd94520820d5afbb,nan,,1.8286847010843406,0.0,0.0,2328.0,220605.5,6.21542073973677,0.0,,0.0,0.0,C,1.8286847010843406,AI_VERIFIED,False
2507412.0,root1:batch_11,0,0,0,case_084,2,0.0,0.0,,nan,0.0,A1_base,nan,1255052.0,13236330.0,0.0,c8ac24f31b1be860c75b08e752075946f946079aea90730824a7a94b23e95b77,nan,13236330.0,,0.0,0.0,0,0,0,A0_base,2507412.0,5f2837418b36655ab10920567d96c41fba0f686e49c1980f71869f88852ddd1d,nan,,1.0,1252360.0,0.4994631915297526,2328.0,220605.5,5.68912379791075,0.0,,0.0,0.0,A,1.9978550689533183,AI_VERIFIED,False
2507412.0,root1:batch_11,0,0,0,case_084,2,0.0,0.0,,nan,0.0,B1_base,nan,1255052.0,13236330.0,0.0,c8ac24f31b1be860c75b08e752075946f946079aea90730824a7a94b23e95b77,nan,13236330.0,,0.0,0.0,0,0,0,B0_base,2507412.0,5f2837418b36655ab10920567d96c41fba0f686e49c1980f71869f88852ddd1d,nan,,1.0,1252360.0,0.4994631915297526,2328.0,220605.5,5.68912379791075,0.0,,0.0,0.0,B,1.9978550689533183,AI_VERIFIED,False
2507412.0,root1:batch_11,0.0,0.0,9927786.0,case_084,2,0.0,0.0,,nan,0.0,incumbent_base,nan,1255052.0,13236330.0,0.0,c8ac24f31b1be860c75b08e752075946f946079aea90730824a7a94b23e95b77,nan,13236330.0,,0.0,0.0,0.0,0.0,9927786.0,incumbent_base,1255052.0,c8ac24f31b1be860c75b08e752075946f946079aea90730824a7a94b23e95b77,nan,,1.9978550689533183,0.0,0.0,2328.0,220605.5,5.68912379791075,0.0,,0.0,0.0,C,1.9978550689533183,AI_VERIFIED,False
2507412.0,root1:batch_11,0,0,0,case_084,3,0.0,0.0,,nan,0.0,A1_base,nan,836220.0,13236330.0,0.0,034b9a1d559d5df052ad7d853e299a4a80bf89876b021cb41c9893a1ba338e14,nan,13236330.0,,0.0,0.0,0,0,0,A0_base,2507412.0,719af4ca46e63ce3f4e9eb547a8d575cf910b203878221de5f628dad428b23cc,nan,,1.0,1671192.0,0.6665007585510478,2328.0,220605.5,3.790567324930702,0.0,,0.0,0.0,A,2.998507569778288,AI_VERIFIED,False
2507412.0,root1:batch_11,0,0,0,case_084,3,0.0,0.0,,nan,0.0,B1_base,nan,836220.0,13236330.0,0.0,034b9a1d559d5df052ad7d853e299a4a80bf89876b021cb41c9893a1ba338e14,nan,13236330.0,,0.0,0.0,0,0,0,B0_base,2507412.0,719af4ca46e63ce3f4e9eb547a8d575cf910b203878221de5f628dad428b23cc,nan,,1.0,1671192.0,0.6665007585510478,2328.0,220605.5,3.790567324930702,0.0,,0.0,0.0,B,2.998507569778288,AI_VERIFIED,False
2507412.0,root1:batch_11,0.0,0.0,9927786.0,case_084,3,0.0,0.0,,nan,0.0,incumbent_base,nan,836220.0,13236330.0,0.0,034b9a1d559d5df052ad7d853e299a4a80bf89876b021cb41c9893a1ba338e14,nan,13236330.0,,0.0,0.0,0.0,0.0,9927786.0,incumbent_base,836220.0,034b9a1d559d5df052ad7d853e299a4a80bf89876b021cb41c9893a1ba338e14,nan,,2.998507569778288,0.0,0.0,2328.0,220605.5,3.790567324930702,0.0,,0.0,0.0,C,2.998507569778288,AI_VERIFIED,False
2507412.0,root1:batch_11,0,0,0,case_084,4,0.0,0.0,,nan,0.0,A1_base,nan,629028.0,13236330.0,0.0,5bc27b7f3c37463378e7cc0db5cc722d11a7af803024e75dbf696be97c787278,nan,13236330.0,,0.0,0.0,0,0,0,A0_base,2507412.0,be9616e65700b2bb450a77fc60a1047871d77b13ca66117be879b6eff1159448,nan,,1.0,1878384.0,0.7491325717512718,2328.0,220605.5,2.8513704327407976,0.0,,0.0,0.0,A,3.986169137144928,AI_VERIFIED,False
2507412.0,root1:batch_11,0,0,0,case_084,4,0.0,0.0,,nan,0.0,B1_base,nan,629028.0,13236330.0,0.0,5bc27b7f3c37463378e7cc0db5cc722d11a7af803024e75dbf696be97c787278,nan,13236330.0,,0.0,0.0,0,0,0,B0_base,2507412.0,be9616e65700b2bb450a77fc60a1047871d77b13ca66117be879b6eff1159448,nan,,1.0,1878384.0,0.7491325717512718,2328.0,220605.5,2.8513704327407976,0.0,,0.0,0.0,B,3.986169137144928,AI_VERIFIED,False
2507412.0,root1:batch_11,0.0,0.0,9927786.0,case_084,4,0.0,0.0,,nan,0.0,incumbent_base,nan,629028.0,13236330.0,0.0,5bc27b7f3c37463378e7cc0db5cc722d11a7af803024e75dbf696be97c787278,nan,13236330.0,,0.0,0.0,0.0,0.0,9927786.0,incumbent_base,629028.0,5bc27b7f3c37463378e7cc0db5cc722d11a7af803024e75dbf696be97c787278,nan,,3.986169137144928,0.0,0.0,2328.0,220605.5,2.8513704327407976,0.0,,0.0,0.0,C,3.986169137144928,AI_VERIFIED,False
2507412.0,root1:batch_11,0,0,0,case_084,5,0.0,0.0,,nan,0.0,A1_base,nan,503472.0,13236330.0,0.0,bc03fa5db3f49e882f794b5de0749eb9150efbab3f825f7ab958bc291e3446b6,nan,13236330.0,,0.0,0.0,0,0,0,A0_base,2507412.0,e98a167d10cdb6b7db7aea64455c7078e5653a9067f47ed19005a90a43dfccbc,nan,,1.0,2003940.0,0.7992065125316462,2328.0,220605.5,2.28222777763927,0.0,,0.0,0.0,A,4.98024120507198,AI_VERIFIED,False
2507412.0,root1:batch_11,0,0,0,case_084,5,0.0,0.0,,nan,0.0,B1_base,nan,503472.0,13236330.0,0.0,bc03fa5db3f49e882f794b5de0749eb9150efbab3f825f7ab958bc291e3446b6,nan,13236330.0,,0.0,0.0,0,0,0,B0_base,2507412.0,e98a167d10cdb6b7db7aea64455c7078e5653a9067f47ed19005a90a43dfccbc,nan,,1.0,2003940.0,0.7992065125316462,2328.0,220605.5,2.28222777763927,0.0,,0.0,0.0,B,4.98024120507198,AI_VERIFIED,False
2507412.0,root1:batch_11,0.0,0.0,9927786.0,case_084,5,0.0,0.0,,nan,0.0,incumbent_base,nan,503472.0,13236330.0,0.0,bc03fa5db3f49e882f794b5de0749eb9150efbab3f825f7ab958bc291e3446b6,nan,13236330.0,,0.0,0.0,0.0,0.0,9927786.0,incumbent_base,503472.0,bc03fa5db3f49e882f794b5de0749eb9150efbab3f825f7ab958bc291e3446b6,nan,,4.98024120507198,0.0,0.0,2328.0,220605.5,2.28222777763927,0.0,,0.0,0.0,C,4.98024120507198,AI_VERIFIED,False
3187899.0,root1:batch_06,0,0,0,case_085,1,0.0,0.0,,nan,0.0,A0_base,nan,3187899.0,1689734.0,0.0,8884046da863df8fbda6891818008b49910f5269413999e4ac9f47a26aa2ea03,nan,1689734.0,,0.0,0.0,0,0,0,A0_base,3187899.0,8884046da863df8fbda6891818008b49910f5269413999e4ac9f47a26aa2ea03,nan,,1.0,0.0,0.0,165564.0,165564.0,19.254783648619267,0.0,,0.0,0.0,A,1.0,AI_VERIFIED,False
3187899.0,root1:batch_06,0,0,0,case_085,1,0.0,0.0,,nan,355712.0,L2_base,11.898639624998395,3177963.0,1689734.0,0.0,12d18731fa3b53b0acb76df2799b1f79c8107f7b06c5925215a099b0139c4da1,12.187061708000329,2045446.0,legacy_seed,355712.0,0.0,0,0,0,B0_base,3187899.0,8884046da863df8fbda6891818008b49910f5269413999e4ac9f47a26aa2ea03,nan,,1.0,9936.0,0.003116786322276835,165564.0,165564.0,19.19477060230485,0.0,,0.0,0.0,B,1.0031265310514943,AI_VERIFIED,False
3187899.0,root1:batch_06,0.0,0.0,1833798.0,case_085,1,0.0,0.0,,nan,355712.0,incumbent_split_topo_g0_p4,10.462082582998846,3173461.0,1689734.0,0.0,5d1bba38df8c2e2bf1516b985eb4a24a33108f36a766d60d63bc51072d5554c5,10.462761041999329,2045446.0,timing,355712.0,355712.0,0.0,0.0,1833798.0,incumbent_base,3177963.0,12d18731fa3b53b0acb76df2799b1f79c8107f7b06c5925215a099b0139c4da1,nan,,1.0031265310514943,4502.0,0.001416630715964912,165564.0,165564.0,19.167578700683723,0.0,,0.0,0.0,C,1.0045496068803115,AI_VERIFIED,False
3187899.0,root1:batch_06,0,0,0,case_085,2,0.0,0.0,,nan,0.0,A0_base,nan,3187899.0,1689734.0,0.0,db10da6ca7e34e1234dabd80c96ae6f15168984dd429a63129b9e65fd0615922,nan,1689734.0,,0.0,0.0,0,0,0,A0_base,3187899.0,db10da6ca7e34e1234dabd80c96ae6f15168984dd429a63129b9e65fd0615922,nan,,1.0,0.0,0.0,165564.0,165564.0,19.254783648619267,0.0,,0.0,0.0,A,1.0,AI_VERIFIED,False
3187899.0,root1:batch_06,0,0,0,case_085,2,0.0,0.0,,nan,6815178.0,B3_base,7.9690277080007945,3168404.0,1689734.0,6146436.0,796ddd46244b0419ed772b3675b3dd377a034f53e65de78a7ed5b3a7fd4eea9c,7.152416708999226,8504912.0,seed,668742.0,0.0,0,0,0,B0_base,3187899.0,db10da6ca7e34e1234dabd80c96ae6f15168984dd429a63129b9e65fd0615922,nan,,1.0,19495.0,0.006115312938082418,165564.0,165564.0,19.137034621052887,0.0,,0.0,0.0,B,1.0061529400922358,AI_VERIFIED,False
3187899.0,root1:batch_06,425158.0,0.08222693782317683,4745386.0,case_085,2,2.0,425158.0,incumbent_split_topo_g13_p4,3157230.0,6815178.0,incumbent_split_topo_g13_p4,15.953112290999343,3157230.0,1689734.0,6146436.0,9d8b2abadc556d4dd56a5f467e4d1938166e4923321f4362a45271a88af9b768,9.970176916000128,8504912.0,timing,668742.0,6815178.0,425158.0,0.08222693782317683,4745386.0,incumbent_base,3168404.0,796ddd46244b0419ed772b3675b3dd377a034f53e65de78a7ed5b3a7fd4eea9c,nan,,1.0061529400922358,11174.0,0.0035266967217564425,165564.0,165564.0,19.06954410379068,425158.0,incumbent_split_topo_g13_p4,0.0,0.0,C,1.00971389477485,AI_VERIFIED,False
3187899.0,root1:batch_06,0,0,0,case_085,3,0.0,0.0,,nan,0.0,A0_base,nan,3187899.0,1689734.0,0.0,1b556dfef7626e9eedf2d054120fec712410760a72204096f16ba3de0052edb0,nan,1689734.0,,0.0,0.0,0,0,0,A0_base,3187899.0,1b556dfef7626e9eedf2d054120fec712410760a72204096f16ba3de0052edb0,nan,,1.0,0.0,0.0,165564.0,165564.0,19.254783648619267,0.0,,0.0,0.0,A,1.0,AI_VERIFIED,False
3187899.0,root1:batch_06,0,0,0,case_085,3,0.0,0.0,,nan,2382092.0,L2_base,5.193053125000006,3130505.0,1689734.0,2382092.0,789ce614e85c4938e72b1f4a940e375b5e4b6041a67d5833f20636177237fdfa,5.501706875000309,4071826.0,legacy_seed,0.0,0.0,0,0,0,B0_base,3187899.0,1b556dfef7626e9eedf2d054120fec712410760a72204096f16ba3de0052edb0,nan,,1.0,57394.0,0.018003707143795962,165564.0,165564.0,18.908126162692373,0.0,,0.0,0.0,B,1.0183337832075017,AI_VERIFIED,False
3187899.0,root1:batch_06,134.0,4.7066129316648975e-05,2846924.0,case_085,3,3.0,134.0,r1_boundary_n6703_c2_p0,3112095.0,2381964.0,r1_boundary_n6703_c2_p0,6.028666374999375,3112095.0,1689734.0,2381964.0,0a2933d6c2100b7be68b4c905d81dcabd24714c2f315dc7bb710433cfa17db58,6.449473874999967,4071698.0,ordinary_chain,0.0,2382092.0,134.0,4.7065071324656966e-05,2846988.0,incumbent_base,3130505.0,789ce614e85c4938e72b1f4a940e375b5e4b6041a67d5833f20636177237fdfa,nan,,1.0183337832075017,18410.0,0.005880840311706897,165564.0,165564.0,18.79693049213597,425158.0,lower_core_base,0.0,0.0,C,1.0243578682527366,AI_VERIFIED,False
3187899.0,root1:batch_06,0,0,0,case_085,4,0.0,0.0,,nan,0.0,A0_base,nan,3187899.0,1689734.0,0.0,b8ab162c4424146c16844624a9583b268012d881d586576e7e264f23db2e8192,nan,1689734.0,,0.0,0.0,0,0,0,A0_base,3187899.0,b8ab162c4424146c16844624a9583b268012d881d586576e7e264f23db2e8192,nan,,1.0,0.0,0.0,165564.0,165564.0,19.254783648619267,0.0,,0.0,0.0,A,1.0,AI_VERIFIED,False
3187899.0,root1:batch_06,0,0,0,case_085,4,0.0,0.0,,nan,11728024.0,B3_base,8.784804082999472,2987335.0,1689734.0,10831308.0,3634f200971f830241592a22d2e2eee6f76011ea2a9c33465da4ab7c2b44a35c,8.179213499999605,13417758.0,seed,896716.0,0.0,0,0,0,B0_base,3187899.0,b8ab162c4424146c16844624a9583b268012d881d586576e7e264f23db2e8192,nan,,1.0,200564.0,0.06291416384270644,165564.0,165564.0,18.043385035394166,0.0,,0.0,0.0,B,1.0671381013512042,AI_VERIFIED,False
3187899.0,root1:batch_06,1259406.0,0.162277899772678,6501392.0,case_085,4,2.0,1259406.0,incumbent_base,2986917.0,11728024.0,incumbent_base,nan,2986917.0,1689734.0,10831308.0,3634f200971f830241592a22d2e2eee6f76011ea2a9c33465da4ab7c2b44a35c,nan,13417758.0,,896716.0,11728024.0,1259406.0,0.162277899772678,6501392.0,incumbent_base,2986917.0,3634f200971f830241592a22d2e2eee6f76011ea2a9c33465da4ab7c2b44a35c,nan,,1.0672874405281432,0.0,0.0,165564.0,165564.0,18.04086033195622,1259406.0,incumbent_base,0.0,0.0,C,1.0672874405281432,AI_VERIFIED,False
3187899.0,root1:batch_06,0,0,0,case_085,5,0.0,0.0,,nan,0.0,A0_base,nan,3187899.0,1689734.0,0.0,2814c06affbd66a194807173326d20ca7d93ca1db73f5ac459e206508da3d05b,nan,1689734.0,,0.0,0.0,0,0,0,A0_base,3187899.0,2814c06affbd66a194807173326d20ca7d93ca1db73f5ac459e206508da3d05b,nan,,1.0,0.0,0.0,165564.0,165564.0,19.254783648619267,0.0,,0.0,0.0,A,1.0,AI_VERIFIED,False
3187899.0,root1:batch_06,0,0,0,case_085,5,0.0,0.0,,nan,13660374.0,B3_base,6.53722474999995,2791092.0,1689734.0,13487568.0,7fd86c0e14356e7dc52b86addcf3b908d4df272aabf5ee2e729770a3fef46a35,6.013230916998509,15350108.0,seed,172806.0,0.0,0,0,0,B0_base,3187899.0,2814c06affbd66a194807173326d20ca7d93ca1db73f5ac459e206508da3d05b,nan,,1.0,396807.0,0.12447288951124236,165564.0,165564.0,16.858085090961804,0.0,,0.0,0.0,B,1.1421690865080765,AI_VERIFIED,False
3187899.0,root1:batch_06,34060.0,0.012466409139788488,2698082.0,case_085,5,2.0,34060.0,incumbent_base,3157239.0,2118072.0,incumbent_base,nan,3157239.0,1689734.0,2118072.0,e97dcf41a8b30a59c74e34a43e4adbae633211f58815b5f76566a8c1c25c6177,nan,3807806.0,,0.0,2118072.0,34060.0,0.012466409139788488,2698082.0,incumbent_base,3157239.0,e97dcf41a8b30a59c74e34a43e4adbae633211f58815b5f76566a8c1c25c6177,nan,,1.0097110164925747,0.0,0.0,165564.0,165564.0,19.06959846343408,38156.0,incumbent_disperse_tid_1000018063_node_17891_core_1_pos_1,0.0,0.0,C,1.0097110164925747,AI_VERIFIED,False
118403.0,root1:batch_08,0,0,0,case_086,1,0.0,0.0,,nan,84966.0,A2_base,0.5770017089998873,118296.0,338022.0,84966.0,bd38819bb058ab4a1468c670003d155cc6aa63dcbb060d88c15bcc7ddb4657a1,0.5383962500000052,422988.0,seed,0.0,0.0,0,0,0,A0_base,118403.0,0d563e6559f9527077a694ea99a33a07d9edeba4b7a2b92223f4385789f34c4a,nan,,1.0,107.0,0.0009036933185814548,,,,0.0,,,,A,1.0009045107188748,AI_VERIFIED,False
118403.0,root1:batch_08,0,0,0,case_086,1,0.0,0.0,,nan,0.0,B2_aggregate,0.9614556659998925,115732.0,338022.0,0.0,6a801b2754e640423dfe4de0bd5787e1ea4566cb30f1c3c79fddf44110d56dd1,0.9931297080001968,338022.0,aggregate,0.0,0.0,0,0,0,B0_base,118403.0,0d563e6559f9527077a694ea99a33a07d9edeba4b7a2b92223f4385789f34c4a,nan,,1.0,2671.0,0.022558550036738935,,,,0.0,,,,B,1.0230791829398955,AI_VERIFIED,False
118403.0,root1:batch_08,0.0,0.0,321126.0,case_086,1,0.0,0.0,,nan,0.0,incumbent_split_release_g0_p4,1.0019692499990924,114476.0,338022.0,0.0,6763c277ae9b6cb1021009c52d608c14902675ee4d95dcfc20370072cbd081e1,0.9786572499997419,338022.0,timing,0.0,0.0,0.0,0.0,321126.0,incumbent_base,115732.0,6a801b2754e640423dfe4de0bd5787e1ea4566cb30f1c3c79fddf44110d56dd1,nan,,1.0230791829398955,1256.0,0.010852659592852452,,,,0.0,,,,C,1.0343041336175267,AI_VERIFIED,False
118403.0,root1:batch_08,0,0,0,case_086,2,0.0,0.0,,nan,0.0,A0_base,nan,118403.0,338022.0,0.0,2403f9d7496b9b21df3608946434626c68eea3f815a33abc1be9f33727767e0f,nan,338022.0,,0.0,0.0,0,0,0,A0_base,118403.0,2403f9d7496b9b21df3608946434626c68eea3f815a33abc1be9f33727767e0f,nan,,1.0,0.0,0.0,,,,0.0,,,,A,1.0,AI_VERIFIED,False
118403.0,root1:batch_08,0,0,0,case_086,2,0.0,0.0,,nan,0.0,B0_base,nan,118403.0,338022.0,0.0,2403f9d7496b9b21df3608946434626c68eea3f815a33abc1be9f33727767e0f,nan,338022.0,,0.0,0.0,0,0,0,B0_base,118403.0,2403f9d7496b9b21df3608946434626c68eea3f815a33abc1be9f33727767e0f,nan,,1.0,0.0,0.0,,,,0.0,,,,B,1.0,AI_VERIFIED,False
118403.0,root1:batch_08,0.0,0.0,321126.0,case_086,2,0.0,0.0,,nan,0.0,incumbent_split_topo_g0_p4,1.0085477499997069,115496.0,338022.0,0.0,98707fc64d35f98e485c2934c1301b508b960fde29a6d244806c7e562e25b024,1.034752125000523,338022.0,timing,0.0,0.0,0.0,0.0,321126.0,incumbent_base,118403.0,2403f9d7496b9b21df3608946434626c68eea3f815a33abc1be9f33727767e0f,nan,,1.0,2907.0,0.02455174277678775,,,,0.0,,,,C,1.0251697028468518,AI_VERIFIED,False
118403.0,root1:batch_08,0,0,0,case_086,3,0.0,0.0,,nan,0.0,A0_base,nan,118403.0,338022.0,0.0,2d267fa9b457d7fcbb53461c38064565cf021742f50fbf4b3bc5a15fe083b5cf,nan,338022.0,,0.0,0.0,0,0,0,A0_base,118403.0,2d267fa9b457d7fcbb53461c38064565cf021742f50fbf4b3bc5a15fe083b5cf,nan,,1.0,0.0,0.0,,,,0.0,,,,A,1.0,AI_VERIFIED,False
118403.0,root1:batch_08,0,0,0,case_086,3,0.0,0.0,,nan,0.0,B0_base,nan,118403.0,338022.0,0.0,2d267fa9b457d7fcbb53461c38064565cf021742f50fbf4b3bc5a15fe083b5cf,nan,338022.0,,0.0,0.0,0,0,0,B0_base,118403.0,2d267fa9b457d7fcbb53461c38064565cf021742f50fbf4b3bc5a15fe083b5cf,nan,,1.0,0.0,0.0,,,,0.0,,,,B,1.0,AI_VERIFIED,False
118403.0,root1:batch_08,0.0,0.0,321126.0,case_086,3,0.0,0.0,,nan,0.0,incumbent_split_topo_g0_p4,0.9654917919997388,115496.0,338022.0,0.0,422d5f729eacba5ec290a6da17eeeef33249e2a893cc0bcab0287de1ba05fd39,0.9804140420001204,338022.0,timing,0.0,0.0,0.0,0.0,321126.0,incumbent_base,118403.0,2d267fa9b457d7fcbb53461c38064565cf021742f50fbf4b3bc5a15fe083b5cf,nan,,1.0,2907.0,0.02455174277678775,,,,0.0,,,,C,1.0251697028468518,AI_VERIFIED,False
118403.0,root1:batch_08,0,0,0,case_086,4,0.0,0.0,,nan,439126.0,A2_base,0.5723964579992753,109864.0,338022.0,439126.0,bad3345940b9810ce86200b5e3fecb630258752847b9e2ecf9815d05fa8374a2,0.41746395799964375,777148.0,seed,0.0,0.0,0,0,0,A0_base,118403.0,792fe2d14a7f5707e8b4972dd819aed32923d3a6c743cf988e9a43d568d94b2a,nan,,1.0,8539.0,0.07211810511557984,,,,0.0,,,,A,1.0777233670720163,AI_VERIFIED,False
118403.0,root1:batch_08,0,0,0,case_086,4,0.0,0.0,,nan,398416.0,q1_warm_base,nan,94047.0,338022.0,398416.0,bad3345940b9810ce86200b5e3fecb630258752847b9e2ecf9815d05fa8374a2,nan,736438.0,,0.0,0.0,0,0,0,B0_base,118403.0,792fe2d14a7f5707e8b4972dd819aed32923d3a6c743cf988e9a43d568d94b2a,nan,,1.0,24356.0,0.20570424735859733,,,,0.0,,,,B,1.2589768945314577,AI_VERIFIED,False
118403.0,root1:batch_08,24016.0,0.04511385537868513,508326.0,case_086,4,2.0,24016.0,incumbent_split_release_g0_p4,88995.0,398416.0,incumbent_split_release_g0_p4,0.49841612499949406,88995.0,338022.0,398416.0,e8832fde90ce1d4849a67920eb9dc7626dd5c9cd4faf3316c88d3da61113a333,0.5177608330013754,736438.0,timing,0.0,398416.0,24016.0,0.04511385537868513,508326.0,incumbent_base,94047.0,bad3345940b9810ce86200b5e3fecb630258752847b9e2ecf9815d05fa8374a2,nan,,1.2589768945314577,5052.0,0.05371782194009378,,,,24016.0,incumbent_split_release_g0_p4,,,C,1.3304455306477891,AI_VERIFIED,False
118403.0,root1:batch_08,0,0,0,case_086,5,0.0,0.0,,nan,0.0,A0_base,nan,118403.0,338022.0,0.0,09b9020a90f395bd6c57a70fac622f20836fc1e334536ca42e5bc3502ac0111e,nan,338022.0,,0.0,0.0,0,0,0,A0_base,118403.0,09b9020a90f395bd6c57a70fac622f20836fc1e334536ca42e5bc3502ac0111e,nan,,1.0,0.0,0.0,,,,0.0,,,,A,1.0,AI_VERIFIED,False
118403.0,root1:batch_08,0,0,0,case_086,5,0.0,0.0,,nan,0.0,B0_base,nan,118403.0,338022.0,0.0,09b9020a90f395bd6c57a70fac622f20836fc1e334536ca42e5bc3502ac0111e,nan,338022.0,,0.0,0.0,0,0,0,B0_base,118403.0,09b9020a90f395bd6c57a70fac622f20836fc1e334536ca42e5bc3502ac0111e,nan,,1.0,0.0,0.0,,,,0.0,,,,B,1.0,AI_VERIFIED,False
118403.0,root1:batch_08,0.0,0.0,321126.0,case_086,5,0.0,0.0,,nan,0.0,incumbent_split_topo_g0_p4,0.8012061659992469,115496.0,338022.0,0.0,66468420d768c8cfa6a17e36c4552435b28de0b26b7ecae406e11befb2e15d17,0.7873662500005594,338022.0,timing,0.0,0.0,0.0,0.0,321126.0,incumbent_base,118403.0,09b9020a90f395bd6c57a70fac622f20836fc1e334536ca42e5bc3502ac0111e,nan,,1.0,2907.0,0.02455174277678775,,,,0.0,,,,C,1.0251697028468518,AI_VERIFIED,False
3974071.0,root1:batch_05,0,0,0,case_087,1,0.0,0.0,,nan,7902720.0,A0_base,nan,3974071.0,5919098.0,0.0,63ab0b24258b66da659e7926849e78ee6353de8548fd2d3602dd94b4f8febdce,nan,13821818.0,,7902720.0,7902720.0,0,0,0,A0_base,3974071.0,63ab0b24258b66da659e7926849e78ee6353de8548fd2d3602dd94b4f8febdce,nan,,1.0,0.0,0.0,82063.0,98651.63333333333,40.283884470235165,0.0,,0.0,0.0,A,1.0,AI_VERIFIED,False
3974071.0,root1:batch_05,0,0,0,case_087,1,0.0,0.0,,nan,7902720.0,B0_base,nan,3974071.0,5919098.0,0.0,63ab0b24258b66da659e7926849e78ee6353de8548fd2d3602dd94b4f8febdce,nan,13821818.0,,7902720.0,7902720.0,0,0,0,B0_base,3974071.0,63ab0b24258b66da659e7926849e78ee6353de8548fd2d3602dd94b4f8febdce,nan,,1.0,0.0,0.0,82063.0,98651.63333333333,40.283884470235165,0.0,,0.0,0.0,B,1.0,AI_VERIFIED,False
3974071.0,root1:batch_05,2534400.0,0.18336776784760794,11287004.0,case_087,1,1.0,2534400.0,incumbent_base,3969779.0,7902720.0,incumbent_base,21.38163029200041,3969779.0,5919098.0,0.0,63ab0b24258b66da659e7926849e78ee6353de8548fd2d3602dd94b4f8febdce,20.052342291999594,13821818.0,incumbent,7902720.0,7902720.0,2534400.0,0.18336776784760794,11287004.0,incumbent_base,3969779.0,63ab0b24258b66da659e7926849e78ee6353de8548fd2d3602dd94b4f8febdce,20.052342291999594,incumbent,1.0010811684982968,0.0,0.0,82063.0,98651.63333333333,40.24037784135353,2534400.0,incumbent_base,0.0,0.0,C,1.0010811684982968,AI_VERIFIED,False
3974071.0,root1:batch_05,0,0,0,case_087,2,0.0,0.0,,nan,9999360.0,A1_base,nan,1985234.0,5919098.0,2004480.0,b3068058ccee0ed10cf40d116074a4e8d20f7a61462e6005947da4c972ee0204,nan,15918458.0,,7994880.0,7902720.0,0,0,0,A0_base,3974071.0,13141fb1fa050265c7d49c444f621c048aa07e53ded06778eedf7cac29b0afcd,nan,,1.0,1988837.0,0.5004533134913794,82063.0,98651.63333333333,20.12368100680205,0.0,,0.0,0.0,A,2.0018148994022873,AI_VERIFIED,False
3974071.0,root1:batch_05,0,0,0,case_087,2,0.0,0.0,,nan,10008576.0,r1_boundary_n11043_c1_p0,20.40422154100088,1984436.0,5919098.0,2013696.0,2ac4d6c04bfb03b2f4d20c69d1c065328acc44aca5b9c35d723215965c2f4d51,14.227663666999433,15927674.0,ordinary_chain,7994880.0,7902720.0,0,0,0,B0_base,3974071.0,13141fb1fa050265c7d49c444f621c048aa07e53ded06778eedf7cac29b0afcd,nan,,1.0,1989635.0,0.5006541151378523,82063.0,98651.63333333333,20.115591936474104,0.0,,0.0,0.0,B,2.0026198879681685,AI_VERIFIED,False
3974071.0,root1:batch_05,4271616.0,0.2682728982584057,11651036.0,case_087,2,3.0,4271616.0,incumbent_base,1982828.0,10008576.0,incumbent_base,nan,1982828.0,5919098.0,2013696.0,2ac4d6c04bfb03b2f4d20c69d1c065328acc44aca5b9c35d723215965c2f4d51,nan,15927674.0,,7994880.0,10008576.0,4271616.0,0.2682728982584057,11651036.0,incumbent_base,1982828.0,2ac4d6c04bfb03b2f4d20c69d1c065328acc44aca5b9c35d723215965c2f4d51,nan,,2.0042439384555797,0.0,0.0,82063.0,98651.63333333333,20.09929215566291,4271616.0,incumbent_base,0.0,0.0,C,2.0042439384555797,AI_VERIFIED,False
3974071.0,root1:batch_05,0,0,0,case_087,3,0.0,0.0,,nan,11036160.0,L1_base,7.354284000000916,1374901.0,5919098.0,4008960.0,907c8a86d7beff66c7e83f305ec4648af2e1633701512004632bc2e1ec6a2e5e,6.625841249999212,16955258.0,legacy_seed,7027200.0,7902720.0,0,0,0,A0_base,3974071.0,86248dc8f4dcb7c2837c828be16fa42f2b5942ac2138c60e082cb40e7dc2534f,nan,,1.0,2599170.0,0.6540320995774862,82063.0,98651.63333333333,13.93693093103037,0.0,,0.0,0.0,A,2.890441566338231,AI_VERIFIED,False
3974071.0,root1:batch_05,0,0,0,case_087,3,0.0,0.0,,nan,11036160.0,L1_base,15.740067582999473,1374901.0,5919098.0,4008960.0,907c8a86d7beff66c7e83f305ec4648af2e1633701512004632bc2e1ec6a2e5e,17.56482649999998,16955258.0,legacy_seed,7027200.0,7902720.0,0,0,0,B0_base,3974071.0,86248dc8f4dcb7c2837c828be16fa42f2b5942ac2138c60e082cb40e7dc2534f,nan,,1.0,2599170.0,0.6540320995774862,82063.0,98651.63333333333,13.93693093103037,0.0,,0.0,0.0,B,2.890441566338231,AI_VERIFIED,False
3974071.0,root1:batch_05,4432896.0,0.26145306910520677,12521948.0,case_087,3,5.0,4432896.0,event_timing_tid_1000009058_miss_6_bytes_27648_front,1372451.0,11036160.0,event_timing_tid_1000009058_miss_6_bytes_27648_front,12.877342457999475,1372451.0,5919098.0,4008960.0,b51d4f1b1e6046681df7d5d0f5b958df600319a8b24ff17d260901cce136ddda,15.487434167000174,16955258.0,event_timing,7027200.0,11036160.0,4432896.0,0.26145306910520677,12521948.0,incumbent_base,1372451.0,907c8a86d7beff66c7e83f305ec4648af2e1633701512004632bc2e1ec6a2e5e,nan,,2.895601373018053,0.0,0.0,82063.0,98651.63333333333,13.912096065988433,4432896.0,incumbent_base,0.0,0.0,C,2.895601373018053,AI_VERIFIED,False
3974071.0,root1:batch_05,0,0,0,case_087,4,0.0,0.0,,nan,12607488.0,L1_base,6.520634167000026,1046846.0,5919098.0,5322240.0,e1961f1102eae0c969a59ff6929662f300125b6318e82334ba6245e6160dd974,5.910158124999725,18526586.0,legacy_seed,7285248.0,7902720.0,0,0,0,A0_base,3974071.0,941e484056e7ffc552f2cd473ca0d73751cd4f590acbcb71669bd0b1c665d078,nan,,1.0,2927225.0,0.7365809518752936,82063.0,98651.63333333333,10.611542501914988,0.0,,0.0,0.0,A,3.796232683699417,AI_VERIFIED,False
3974071.0,root1:batch_05,0,0,0,case_087,4,0.0,0.0,,nan,12607488.0,L1_base,nan,1046846.0,5919098.0,5322240.0,e1961f1102eae0c969a59ff6929662f300125b6318e82334ba6245e6160dd974,nan,18526586.0,,7285248.0,7902720.0,0,0,0,B0_base,3974071.0,941e484056e7ffc552f2cd473ca0d73751cd4f590acbcb71669bd0b1c665d078,nan,,1.0,2927225.0,0.7365809518752936,82063.0,98651.63333333333,10.611542501914988,0.0,,0.0,0.0,B,3.796232683699417,AI_VERIFIED,False
3974071.0,root1:batch_05,5552640.0,0.29971868986210426,12973532.0,case_087,4,4.0,5552640.0,incumbent_disperse_tid_1000009350_node_9272_core_2_pos_0,1042446.0,12612096.0,incumbent_disperse_tid_1000009350_node_9272_core_2_pos_0,7.356751749999603,1042446.0,5919098.0,5331456.0,d0e5277670c7f3a2cbc670a85d9665a8d3d1e5ec2aaa3744cdda11b44fc5c66b,8.472059541998533,18531194.0,disperse,7280640.0,12607488.0,5548032.0,0.2994699606588992,12978140.0,incumbent_base,1043492.0,e1961f1102eae0c969a59ff6929662f300125b6318e82334ba6245e6160dd974,nan,,3.808434563944908,1046.0,0.0010024034683543334,82063.0,98651.63333333333,10.566941111635591,5552640.0,incumbent_disperse_tid_1000009350_node_9272_core_2_pos_0,0.0,0.0,C,3.8122559825640847,AI_VERIFIED,False
3974071.0,root1:batch_05,0,0,0,case_087,5,0.0,0.0,,nan,12487680.0,L1_base,5.141850750000231,833349.0,5919098.0,5184000.0,125b3cdf5c9b055682368d565e2ba2b0f2e31f51c509e28531ff805243ec49e0,8.203140416999304,18406778.0,legacy_seed,7303680.0,7902720.0,0,0,0,A0_base,3974071.0,a326b0dcf446e202dae9164111c35cd35cc0c56952a6400d4e920ff7170d5e9a,nan,,1.0,3140722.0,0.7903034445031304,82063.0,98651.63333333333,8.44739181544215,0.0,,0.0,0.0,A,4.768795546643723,AI_VERIFIED,False
3974071.0,root1:batch_05,0,0,0,case_087,5,0.0,0.0,,nan,12487680.0,L1_base,nan,833349.0,5919098.0,5184000.0,125b3cdf5c9b055682368d565e2ba2b0f2e31f51c509e28531ff805243ec49e0,nan,18406778.0,,7303680.0,7902720.0,0,0,0,B0_base,3974071.0,a326b0dcf446e202dae9164111c35cd35cc0c56952a6400d4e920ff7170d5e9a,nan,,1.0,3140722.0,0.7903034445031304,82063.0,98651.63333333333,8.44739181544215,0.0,,0.0,0.0,B,4.768795546643723,AI_VERIFIED,False
3974071.0,root1:batch_05,5594112.0,0.30392270847191766,12812252.0,case_087,5,4.0,5594112.0,incumbent_split_height_g1_p2,829449.0,12487680.0,incumbent_split_height_g1_p2,6.033816667000792,829449.0,5919098.0,5184000.0,56084504bb69a9bc1171a941d7890941dba129322394b3c056a45ec17980f8b6,6.108017291999204,18406778.0,timing,7303680.0,12487680.0,5561856.0,0.3021702711084058,12844508.0,incumbent_base,829669.0,125b3cdf5c9b055682368d565e2ba2b0f2e31f51c509e28531ff805243ec49e0,nan,,4.789947557399397,220.0,0.00026516598788191433,82063.0,98651.63333333333,8.40785876496723,5594112.0,incumbent_split_height_g1_p2,0.0,0.0,C,4.791218025460275,AI_VERIFIED,False
243623.0,root1:batch_04,0,0,0,case_088,1,0.0,0.0,,nan,0.0,A0_base,nan,243623.0,1829798.0,0.0,fbc8f541d36e9683489b327888fc9fa266e6c3025176d0e02c5daaa7c4b2f76c,nan,1829798.0,,0.0,0.0,0,0,0,A0_base,243623.0,fbc8f541d36e9683489b327888fc9fa266e6c3025176d0e02c5daaa7c4b2f76c,nan,,1.0,0.0,0.0,,,,0.0,,,,A,1.0,AI_VERIFIED,False
243623.0,root1:batch_04,0,0,0,case_088,1,0.0,0.0,,nan,0.0,B2_aggregate,0.597075916999529,243542.0,1829798.0,0.0,f5e0c6b20301260a18ebc1eb3438a20f88211a725bee6fe21841f71d55baaa75,0.6405514580001181,1829798.0,aggregate,0.0,0.0,0,0,0,B0_base,243623.0,fbc8f541d36e9683489b327888fc9fa266e6c3025176d0e02c5daaa7c4b2f76c,nan,,1.0,81.0,0.0003324809233939324,,,,0.0,,,,B,1.0003325915037242,AI_VERIFIED,False
243623.0,root1:batch_04,0.0,0.0,1829730.0,case_088,1,0.0,0.0,,nan,0.0,incumbent_split_height_g2_p4,1.1922880840011203,242071.0,1829798.0,0.0,6f92ab808e509d41efdc8051c1debab36e5f02429ab87e94e572d83fbaae95fe,1.238911166001344,1829798.0,timing,0.0,0.0,0.0,0.0,1829730.0,incumbent_base,243542.0,f5e0c6b20301260a18ebc1eb3438a20f88211a725bee6fe21841f71d55baaa75,nan,,1.0003325915037242,1471.0,0.006040025950349426,,,,0.0,,,,C,1.0064113421268968,AI_VERIFIED,False
243623.0,root1:batch_04,0,0,0,case_088,2,0.0,0.0,,nan,0.0,A1_base,nan,221995.0,1829798.0,0.0,832bc10f92af8ba3637208e18b33d2dec3ad4d72b8fde18da917a744f83cb2af,nan,1829798.0,,0.0,0.0,0,0,0,A0_base,243623.0,0429cb0d98c2134dddc1c72f63a600b9a50283bd2959c762c06acce9d03d9173,nan,,1.0,21628.0,0.08877651124893791,,,,0.0,,,,A,1.0974256176940922,AI_VERIFIED,False
243623.0,root1:batch_04,0,0,0,case_088,2,0.0,0.0,,nan,1597604.0,B3_base,1.2182298329989862,203492.0,1829798.0,1597604.0,34ca807a8cfe49104245764ad1e908cabb88f40b5cf11d20d28201b44eff711d,1.0472247499983496,3427402.0,seed,0.0,0.0,0,0,0,B0_base,243623.0,0429cb0d98c2134dddc1c72f63a600b9a50283bd2959c762c06acce9d03d9173,nan,,1.0,40131.0,0.16472582637928274,,,,0.0,,,,B,1.1972116839974054,AI_VERIFIED,False
243623.0,root1:batch_04,476292.0,0.16614771522996305,2390386.0,case_088,2,1.0,476292.0,incumbent_base,203492.0,1597604.0,incumbent_base,nan,203492.0,1829798.0,1597604.0,34ca807a8cfe49104245764ad1e908cabb88f40b5cf11d20d28201b44eff711d,nan,3427402.0,,0.0,1597604.0,476292.0,0.16614771522996305,2390386.0,incumbent_base,203492.0,34ca807a8cfe49104245764ad1e908cabb88f40b5cf11d20d28201b44eff711d,nan,,1.1972116839974054,0.0,0.0,,,,476292.0,incumbent_base,,,C,1.1972116839974054,AI_VERIFIED,False
243623.0,root1:batch_04,0,0,0,case_088,3,0.0,0.0,,nan,0.0,A1_base,nan,221995.0,1829798.0,0.0,edf925e1acd4fe1758b471a6f7a05326821f47ef188049532d1cb3a0167c90d8,nan,1829798.0,,0.0,0.0,0,0,0,A0_base,243623.0,262483176f35d196951443133ed2b1a42f6a4327cb281819f3490e3bf46d5b5b,nan,,1.0,21628.0,0.08877651124893791,,,,0.0,,,,A,1.0974256176940922,AI_VERIFIED,False
243623.0,root1:batch_04,0,0,0,case_088,3,0.0,0.0,,nan,2359468.0,B3_base,1.2078196670008765,196677.0,1829798.0,2359468.0,f32a1b88635f8e1a5742eee970fe632b3159bc5039c494a04a378ac6bd6f386a,0.9986572079997131,4189266.0,seed,0.0,0.0,0,0,0,B0_base,243623.0,262483176f35d196951443133ed2b1a42f6a4327cb281819f3490e3bf46d5b5b,nan,,1.0,46946.0,0.19269937567471052,,,,0.0,,,,B,1.2386959329255582,AI_VERIFIED,False
243623.0,root1:batch_04,689992.0,0.20782115366775458,2630132.0,case_088,3,2.0,689992.0,incumbent_split_height_g20_p4,190688.0,2359468.0,incumbent_split_height_g20_p4,1.6431531250000262,190688.0,1829798.0,2359468.0,12efa14dbc3f7787562c1f192fc8b2e6de7399cce64316376b838f68790a9853,1.3757861670001148,4189266.0,timing,0.0,2359468.0,689992.0,0.20782115366775458,2630132.0,incumbent_base,195998.0,f32a1b88635f8e1a5742eee970fe632b3159bc5039c494a04a378ac6bd6f386a,nan,,1.2429871733385034,5310.0,0.027092113184828417,,,,689992.0,incumbent_split_height_g20_p4,,,C,1.277600058734687,AI_VERIFIED,False
243623.0,root1:batch_04,0,0,0,case_088,4,0.0,0.0,,nan,0.0,A1_base,nan,221995.0,1829798.0,0.0,a6ab23d1023d26400e48bc985011ec1b8956c24517175a90a66d2fcee51ce4e7,nan,1829798.0,,0.0,0.0,0,0,0,A0_base,243623.0,cbf7bade74ca56791ab551c4b814820533dd8cc2e3d5804a1a0760618a57413d,nan,,1.0,21628.0,0.08877651124893791,,,,0.0,,,,A,1.0974256176940922,AI_VERIFIED,False
243623.0,root1:batch_04,0,0,0,case_088,4,0.0,0.0,,nan,2459964.0,B3_base,1.3248803330006922,185641.0,1829798.0,2459964.0,fd35805906dafb29c61d446dc4694a1d533959cb03adf2573bf2f86ff88b7fd2,1.1680983330006711,4289762.0,seed,0.0,0.0,0,0,0,B0_base,243623.0,cbf7bade74ca56791ab551c4b814820533dd8cc2e3d5804a1a0760618a57413d,nan,,1.0,57982.0,0.2379988753114443,,,,0.0,,,,B,1.3123340210406107,AI_VERIFIED,False
243623.0,root1:batch_04,797258.0,0.23193324346040636,2640188.0,case_088,4,2.0,797258.0,incumbent_disperse_tid_171_node_1470_core_3_pos_3,184608.0,2490684.0,incumbent_disperse_tid_171_node_1470_core_3_pos_3,1.2527438329998404,184608.0,1829798.0,2490684.0,6e4010644705d6348b15ff7cee9c525f642b90025d27cb3313252e5e4527b297,1.2881310419998044,4320482.0,disperse,0.0,2459964.0,760394.0,0.22340519923588004,2643260.0,incumbent_base,184665.0,fd35805906dafb29c61d446dc4694a1d533959cb03adf2573bf2f86ff88b7fd2,nan,,1.3192700295129018,57.0,0.0003086670457314597,,,,797258.0,incumbent_disperse_tid_171_node_1470_core_3_pos_3,,,C,1.3196773704281504,AI_VERIFIED,False
243623.0,root1:batch_04,0,0,0,case_088,5,0.0,0.0,,nan,0.0,A1_base,nan,221995.0,1829798.0,0.0,035359b10f70045727cbccde2cdb25fd84af66c58250e3bdde295b589b53ee6c,nan,1829798.0,,0.0,0.0,0,0,0,A0_base,243623.0,db33bad56216f32e51c4aa0298969848bc5e486d2da6a6ddec730912fee5c441,nan,,1.0,21628.0,0.08877651124893791,,,,0.0,,,,A,1.0974256176940922,AI_VERIFIED,False
243623.0,root1:batch_04,0,0,0,case_088,5,0.0,0.0,,nan,2028728.0,B3_base,1.3183449590014789,196615.0,1829798.0,2028728.0,b20d8363344846f8be9515ad88060e0208ed584bfa09449e9e9c946cf72c756a,1.2092302919991198,3858526.0,seed,0.0,0.0,0,0,0,B0_base,243623.0,db33bad56216f32e51c4aa0298969848bc5e486d2da6a6ddec730912fee5c441,nan,,1.0,47008.0,0.1929538672457034,,,,0.0,,,,B,1.2390865396841544,AI_VERIFIED,False
243623.0,root1:batch_04,467532.0,0.1531354423853823,2585530.0,case_088,5,2.0,467532.0,incumbent_disperse_group_tid_3_group_4_core_2_pos_3,194762.0,2010296.0,incumbent_disperse_group_tid_3_group_4_core_2_pos_3,0.7122581669991632,194762.0,1829798.0,2010296.0,bd05cd414c96f75e811f66ef33713b873a51fca092ae3928e2f0df6b581b293c,0.5964762080002401,3840094.0,disperse,0.0,2028728.0,492108.0,0.1600577122104388,2582458.0,incumbent_base,196344.0,b20d8363344846f8be9515ad88060e0208ed584bfa09449e9e9c946cf72c756a,nan,,1.2407967648616713,1582.0,0.008057287210202501,,,,492108.0,incumbent_base,,,C,1.2508754274447789,AI_VERIFIED,False
693092.0,root1:batch_15,0,0,0,case_089,1,0.0,0.0,,nan,0.0,A0_base,nan,693092.0,566400.0,0.0,18454e681cf07a9862e583f7bae3c56e001968a53e885384408412508053a2cd,nan,566400.0,,0.0,0.0,0,0,0,A0_base,693092.0,18454e681cf07a9862e583f7bae3c56e001968a53e885384408412508053a2cd,nan,,1.0,0.0,0.0,,,,0.0,,,,A,1.0,AI_VERIFIED,False
693092.0,root1:batch_15,0,0,0,case_089,1,0.0,0.0,,nan,0.0,B2_aggregate,1.0435658329988655,689572.0,566400.0,0.0,1a7d20272dff3a5b88275ea35795074b652c440140445e4664edea031f0922e5,1.0321355420001055,566400.0,aggregate,0.0,0.0,0,0,0,B0_base,693092.0,18454e681cf07a9862e583f7bae3c56e001968a53e885384408412508053a2cd,nan,,1.0,3520.0,0.005078690852008103,,,,0.0,,,,B,1.0051046156166434,AI_VERIFIED,False
693092.0,root1:batch_15,0.0,0.0,402560.0,case_089,1,0.0,0.0,,nan,0.0,incumbent_base,nan,689572.0,566400.0,0.0,1a7d20272dff3a5b88275ea35795074b652c440140445e4664edea031f0922e5,nan,566400.0,,0.0,0.0,0.0,0.0,402560.0,incumbent_base,689572.0,1a7d20272dff3a5b88275ea35795074b652c440140445e4664edea031f0922e5,nan,,1.0051046156166434,0.0,0.0,,,,0.0,,,,C,1.0051046156166434,AI_VERIFIED,False
693092.0,root1:batch_15,0,0,0,case_089,2,0.0,0.0,,nan,238720.0,A1_base,nan,346832.0,566400.0,238720.0,65e6b20cfd68515c4742c127f950ea454328a7cf559472c64eaa478739d57635,nan,805120.0,,0.0,0.0,0,0,0,A0_base,693092.0,d43a8377910d0380157161ae52aab2234f89b13c38d06c02c433778656a57bc8,nan,,1.0,346260.0,0.49958735636827434,,,,0.0,,,,A,1.998350786547954,AI_VERIFIED,False
693092.0,root1:batch_15,0,0,0,case_089,2,0.0,0.0,,nan,238720.0,B1_base,nan,346832.0,566400.0,238720.0,65e6b20cfd68515c4742c127f950ea454328a7cf559472c64eaa478739d57635,nan,805120.0,,0.0,0.0,0,0,0,B0_base,693092.0,d43a8377910d0380157161ae52aab2234f89b13c38d06c02c433778656a57bc8,nan,,1.0,346260.0,0.49958735636827434,,,,0.0,,,,B,1.998350786547954,AI_VERIFIED,False
693092.0,root1:batch_15,224968.0,0.350810878243513,416312.0,case_089,2,1.0,224968.0,incumbent_split_release_g1_p4,346763.0,238720.0,incumbent_split_release_g1_p4,0.8463850000007369,346763.0,566400.0,238720.0,7600ed55ae3d7e6fdf8aa0d2d54c6deddf03b7e19dc0f6637f312346abd8542e,0.8113881670014962,805120.0,timing,0.0,238720.0,0.0,0.0,641280.0,incumbent_base,346832.0,65e6b20cfd68515c4742c127f950ea454328a7cf559472c64eaa478739d57635,nan,,1.998350786547954,69.0,0.00019894358075379435,,,,224968.0,incumbent_split_release_g1_p4,,,C,1.9987484247165932,AI_VERIFIED,False
693092.0,root1:batch_15,0,0,0,case_089,3,0.0,0.0,,nan,477440.0,A1_base,nan,243614.0,566400.0,477440.0,5976b07bc1c411fe71549bedc2eb6df7ef47982278223c19020e37627ade3044,nan,1043840.0,,0.0,0.0,0,0,0,A0_base,693092.0,35ced3f21e14d9b0928d5a2e90fa724be38d108e1581626d767ce57b8b47c529,nan,,1.0,449478.0,0.6485113087440051,,,,0.0,,,,A,2.8450417463692563,AI_VERIFIED,False
693092.0,root1:batch_15,0,0,0,case_089,3,0.0,0.0,,nan,477440.0,B1_base,nan,243614.0,566400.0,477440.0,5976b07bc1c411fe71549bedc2eb6df7ef47982278223c19020e37627ade3044,nan,1043840.0,,0.0,0.0,0,0,0,B0_base,693092.0,35ced3f21e14d9b0928d5a2e90fa724be38d108e1581626d767ce57b8b47c529,nan,,1.0,449478.0,0.6485113087440051,,,,0.0,,,,B,2.8450417463692563,AI_VERIFIED,False
693092.0,root1:batch_15,224968.0,0.25564545454545456,655032.0,case_089,3,1.0,224968.0,incumbent_split_release_g0_p4,242586.0,477440.0,incumbent_split_release_g0_p4,0.8300925419989653,242586.0,566400.0,477440.0,ef9545210f8c133099b29a3f12eb7991ee8bf7b0b251a4ac8ee2b6931017fcaf,0.7910401249991992,1043840.0,timing,0.0,477440.0,0.0,0.0,880000.0,incumbent_base,243614.0,5976b07bc1c411fe71549bedc2eb6df7ef47982278223c19020e37627ade3044,nan,,2.8450417463692563,1028.0,0.004219790324037206,,,,224968.0,incumbent_split_release_g0_p4,,,C,2.8570981012919128,AI_VERIFIED,False
693092.0,root1:batch_15,0,0,0,case_089,4,0.0,0.0,,nan,716160.0,A1_base,nan,178160.0,566400.0,716160.0,c9330b9bc59b5323041e750f1b08325801952cface8ecbafbe629b545fc7747e,nan,1282560.0,,0.0,0.0,0,0,0,A0_base,693092.0,3fc533674c11e378d77d2de93138479d95d72a22836b4de8f9671864b4df92ea,nan,,1.0,514932.0,0.7429489880131354,,,,0.0,,,,A,3.8902784014369107,AI_VERIFIED,False
693092.0,root1:batch_15,0,0,0,case_089,4,0.0,0.0,,nan,716160.0,B1_base,nan,178160.0,566400.0,716160.0,c9330b9bc59b5323041e750f1b08325801952cface8ecbafbe629b545fc7747e,nan,1282560.0,,0.0,0.0,0,0,0,B0_base,693092.0,3fc533674c11e378d77d2de93138479d95d72a22836b4de8f9671864b4df92ea,nan,,1.0,514932.0,0.7429489880131354,,,,0.0,,,,B,3.8902784014369107,AI_VERIFIED,False
693092.0,root1:batch_15,231880.0,0.20727259725400457,886840.0,case_089,4,1.0,231880.0,incumbent_split_release_g0_p4,175147.0,716160.0,incumbent_split_release_g0_p4,0.8548538750001171,175147.0,566400.0,716160.0,325f54032f04ad205fe0c36743fd8a6c4bb9785ddd8d364e2b597dbeb698307a,0.6168080839997856,1282560.0,timing,0.0,716160.0,0.0,0.0,1118720.0,incumbent_base,178160.0,c9330b9bc59b5323041e750f1b08325801952cface8ecbafbe629b545fc7747e,nan,,3.8902784014369107,3013.0,0.016911764705882352,,,,231880.0,incumbent_split_release_g0_p4,,,C,3.957201664887209,AI_VERIFIED,False
693092.0,root1:batch_15,0,0,0,case_089,5,0.0,0.0,,nan,954880.0,A1_base,nan,147432.0,566400.0,954880.0,6ec7edc0268b02acb94c749e33d68ba387381ab1473906bde2e693babd757a8e,nan,1521280.0,,0.0,0.0,0,0,0,A0_base,693092.0,7ec24e25573e2412004dc49734ac53bf0b0cb1c5e5e9f780c5a911dee4572358,nan,,1.0,545660.0,0.7872836506553242,,,,0.0,,,,A,4.701096098540344,AI_VERIFIED,False
693092.0,root1:batch_15,0,0,0,case_089,5,0.0,0.0,,nan,954880.0,B1_base,nan,147432.0,566400.0,954880.0,6ec7edc0268b02acb94c749e33d68ba387381ab1473906bde2e693babd757a8e,nan,1521280.0,,0.0,0.0,0,0,0,B0_base,693092.0,7ec24e25573e2412004dc49734ac53bf0b0cb1c5e5e9f780c5a911dee4572358,nan,,1.0,545660.0,0.7872836506553242,,,,0.0,,,,B,4.701096098540344,AI_VERIFIED,False
693092.0,root1:batch_15,220360.0,0.16233498349834982,1137080.0,case_089,5,1.0,220360.0,incumbent_split_release_g3_p4,144388.0,954880.0,incumbent_split_release_g3_p4,0.5664539170011267,144388.0,566400.0,954880.0,5956bb4df4a7b6f5528cd2520903e3cf700b63ce8ed9cc421c1f152ff8669efa,0.5318632500002423,1521280.0,timing,0.0,954880.0,0.0,0.0,1357440.0,incumbent_base,147432.0,6ec7edc0268b02acb94c749e33d68ba387381ab1473906bde2e693babd757a8e,nan,,4.701096098540344,3044.0,0.020646806663410927,,,,220360.0,incumbent_split_release_g3_p4,,,C,4.8002050031858605,AI_VERIFIED,False
1178363.0,root1:batch_10,0,0,0,case_090,1,0.0,0.0,,nan,15390192.0,A3_aggregate,0.15062483300062013,1092711.0,2228352.0,174720.0,a1da719888a5e9c0920e07935f677054d73baa24ae7ed0f28e97ed4543d8c6ba,0.13731849999931,17618544.0,aggregate,15215472.0,21233592.0,0,0,0,A0_base,1178363.0,2839b41224031af7807c6fb13d7344b4583a48845bdb5f103aee490248ab22da,nan,,1.0,85652.0,0.0726872788775615,,,,0.0,,,,A,1.078384861138947,AI_VERIFIED,False
1178363.0,root1:batch_10,0,0,0,case_090,1,0.0,0.0,,nan,14905728.0,B2_base,0.15904295800100954,1087442.0,2228352.0,0.0,bad629997b1703fbcdf8cd035f78ffa2114b04bbb21eb8082eeda1b54a863b8e,0.17989312499958032,17134080.0,seed,14905728.0,21233592.0,0,0,0,B0_base,1178363.0,2839b41224031af7807c6fb13d7344b4583a48845bdb5f103aee490248ab22da,nan,,1.0,90921.0,0.07715873631470099,,,,0.0,,,,B,1.0836099764401228,AI_VERIFIED,False
1178363.0,root1:batch_10,6276096.0,0.7332271595522757,2283456.0,case_090,1,2.0,6276096.0,incumbent_split_height_g1_p4,919256.0,6461952.0,incumbent_split_height_g1_p4,0.19620712500000081,919256.0,2228352.0,0.0,271580fcc137686e8ce24ad7a1153b846947065d689e7eb26f1a5efa1743b1a0,0.18938970899944252,8690304.0,timing,6461952.0,14905728.0,10402560.0,0.611947547353084,6596544.0,incumbent_base,989385.0,bad629997b1703fbcdf8cd035f78ffa2114b04bbb21eb8082eeda1b54a863b8e,nan,,1.1910055236333683,70129.0,0.07088140612602778,,,,10402560.0,incumbent_base,,,C,1.2818659872766671,AI_VERIFIED,False
1178363.0,root1:batch_10,0,0,0,case_090,2,0.0,0.0,,nan,21498480.0,A1_base,nan,769224.0,2228352.0,2148480.0,b50b336c9260881db2b2beaf4a8d16ffbb1fef575c34732ce4c4c3cb06ab10c4,nan,23726832.0,,19350000.0,21233592.0,0,0,0,A0_base,1178363.0,46c6ebb5cb1be2480ad35875102d5abd18bcd27aff5602dc5404ba247361f2db,nan,,1.0,409139.0,0.34720964592404885,,,,0.0,,,,A,1.5318853805913493,AI_VERIFIED,False
1178363.0,root1:batch_10,0,0,0,case_090,2,0.0,0.0,,nan,11583648.0,B2_base,0.21387133300049754,677936.0,2228352.0,310176.0,6dd2c1c602cbbd47c02a1a75cfffb654896126a969a225615ade56199fd2bf2b,0.14000929199937673,13812000.0,seed,11273472.0,21233592.0,0,0,0,B0_base,1178363.0,46c6ebb5cb1be2480ad35875102d5abd18bcd27aff5602dc5404ba247361f2db,nan,,1.0,500427.0,0.42467983125743086,,,,0.0,,,,B,1.7381625994194143,AI_VERIFIED,False
1178363.0,root1:batch_10,4753824.0,0.6500177209540436,2559552.0,case_090,2,3.0,4753824.0,incumbent_split_height_g3_p2,549431.0,5289120.0,incumbent_split_height_g3_p2,0.22816933399917616,549431.0,2228352.0,310176.0,6ae847b53b4805be47962cb6ee65399172f4025f86121d3ca20fa3df656b385f,0.23066929199922015,7517472.0,timing,4978944.0,11583648.0,5592096.0,0.4108055882705558,8020416.0,incumbent_base,599940.0,6dd2c1c602cbbd47c02a1a75cfffb654896126a969a225615ade56199fd2bf2b,nan,,1.9641347468080141,50509.0,0.08419008567523419,,,,5592096.0,incumbent_base,,,C,2.144696968318133,AI_VERIFIED,False
1178363.0,root1:batch_10,0,0,0,case_090,3,0.0,0.0,,nan,21438504.0,A1_base,nan,657430.0,2228352.0,4296960.0,4b4a38a5882e9b0e496ddcdb4e69de28f48d65e176cc29a609047df25e1ecba9,nan,23666856.0,,17141544.0,21233592.0,0,0,0,A0_base,1178363.0,378ea61bbcdba1299b82c7e8bb7f702a133ffd5ec48bd6c7cc04972a20d46fbe,nan,,1.0,520933.0,0.4420819390968657,,,,0.0,,,,A,1.7923778957455547,AI_VERIFIED,False
1178363.0,root1:batch_10,0,0,0,case_090,3,0.0,0.0,,nan,21438504.0,B1_base,nan,657430.0,2228352.0,4296960.0,4b4a38a5882e9b0e496ddcdb4e69de28f48d65e176cc29a609047df25e1ecba9,nan,23666856.0,,17141544.0,21233592.0,0,0,0,B0_base,1178363.0,378ea61bbcdba1299b82c7e8bb7f702a133ffd5ec48bd6c7cc04972a20d46fbe,nan,,1.0,520933.0,0.4420819390968657,,,,0.0,,,,B,1.7923778957455547,AI_VERIFIED,False
1178363.0,root1:batch_10,4273776.0,0.19331788880372927,17833728.0,case_090,3,2.0,4273776.0,incumbent_split_height_g1_p4,549742.0,19968624.0,incumbent_split_height_g1_p4,0.2179750420000346,549742.0,2228352.0,4296960.0,90b96a0bf338f7b4df9d8641e03d77c08283f4ce8dbd5072e4f24a919aa5e9c0,0.19216991599932953,22196976.0,timing,15671664.0,21438504.0,92448.0,0.003916644212731127,23511432.0,incumbent_base,653823.0,4b4a38a5882e9b0e496ddcdb4e69de28f48d65e176cc29a609047df25e1ecba9,nan,,1.8022660567156554,104081.0,0.15918834302249998,,,,4273776.0,incumbent_split_height_g1_p4,,,C,2.1434836705218085,AI_VERIFIED,False
1178363.0,root1:batch_10,0,0,0,case_090,4,0.0,0.0,,nan,21392136.0,A1_base,nan,608275.0,2228352.0,6445440.0,3da259eae3c9bb3776e39d7293a7bd91823397fbd4c3e6fdc18f945c39bddb8a,nan,23620488.0,,14946696.0,21233592.0,0,0,0,A0_base,1178363.0,ec4b13d1e68be744c1b0b1a9a4007b111a18ba00b7e48aeefedab82d5f009016,nan,,1.0,570088.0,0.48379658899676925,,,,0.0,,,,A,1.9372208293945994,AI_VERIFIED,False
1178363.0,root1:batch_10,0,0,0,case_090,4,0.0,0.0,,nan,21392136.0,B1_base,nan,608275.0,2228352.0,6445440.0,3da259eae3c9bb3776e39d7293a7bd91823397fbd4c3e6fdc18f945c39bddb8a,nan,23620488.0,,14946696.0,21233592.0,0,0,0,B0_base,1178363.0,ec4b13d1e68be744c1b0b1a9a4007b111a18ba00b7e48aeefedab82d5f009016,nan,,1.0,570088.0,0.48379658899676925,,,,0.0,,,,B,1.9372208293945994,AI_VERIFIED,False
1178363.0,root1:batch_10,1531656.0,0.06809996830772876,20959632.0,case_090,4,2.0,1531656.0,incumbent_split_height_g1_p4,534087.0,20329752.0,incumbent_split_height_g1_p4,0.19971441599955142,534087.0,2228352.0,6445440.0,7224a59c3f74671e1a19a032db0419817d93eeeb9e3de9efc5b095ff467d8d1d,0.14467583400073636,22558104.0,timing,13884312.0,21392136.0,107208.0,0.004547569285022748,23467584.0,incumbent_base,604430.0,3da259eae3c9bb3776e39d7293a7bd91823397fbd4c3e6fdc18f945c39bddb8a,nan,,1.9495441986665123,70343.0,0.1163790678821369,,,,1531656.0,incumbent_split_height_g1_p4,,,C,2.2063128291832603,AI_VERIFIED,False
1178363.0,root1:batch_10,0,0,0,case_090,5,0.0,0.0,,nan,21724704.0,A1_base,nan,542638.0,2228352.0,8593920.0,6718b0afa59c4afaa081ebe7ade1b4f09606df0082093e23bb8fadaf4f28f6eb,nan,23953056.0,,13130784.0,21233592.0,0,0,0,A0_base,1178363.0,81b5fd7561f6c9f84a4b77a69536b2fec8b69b7c3256d33deedbbebfc4b15fae,nan,,1.0,635725.0,0.5394984397846844,,,,0.0,,,,A,2.171545302761694,AI_VERIFIED,False
1178363.0,root1:batch_10,0,0,0,case_090,5,0.0,0.0,,nan,21724704.0,B1_base,nan,542638.0,2228352.0,8593920.0,6718b0afa59c4afaa081ebe7ade1b4f09606df0082093e23bb8fadaf4f28f6eb,nan,23953056.0,,13130784.0,21233592.0,0,0,0,B0_base,1178363.0,81b5fd7561f6c9f84a4b77a69536b2fec8b69b7c3256d33deedbbebfc4b15fae,nan,,1.0,635725.0,0.5394984397846844,,,,0.0,,,,B,2.171545302761694,AI_VERIFIED,False
1178363.0,root1:batch_10,7467480.0,0.3192602769805691,15922464.0,case_090,5,2.0,7467480.0,incumbent_split_height_g3_p4,416535.0,21213240.0,incumbent_split_height_g3_p4,0.20046087499940768,416535.0,2228352.0,8593920.0,37db57fa56ee5c438abffe22f29561799da6c68c8bbb85bc8cb105593740b754,0.19446983400121098,23441592.0,timing,12619320.0,21724704.0,1946808.0,0.08141171039161765,21966312.0,incumbent_base,509924.0,6718b0afa59c4afaa081ebe7ade1b4f09606df0082093e23bb8fadaf4f28f6eb,nan,,2.3108600497329013,93389.0,0.1831429781692958,,,,7467480.0,incumbent_split_height_g3_p4,,,C,2.8289651529883444,AI_VERIFIED,False
9186769.0,root1:batch_03,0,0,0,case_091,1,0.0,0.0,,nan,53947008.0,A0_base,nan,9186769.0,6577656.0,0.0,fd52d50c08487e3193ff37d3e2f6e7636213d1cd3cc95faec0dd934d4594fdb2,nan,60524664.0,,53947008.0,53947008.0,0,0,0,A0_base,9186769.0,fd52d50c08487e3193ff37d3e2f6e7636213d1cd3cc95faec0dd934d4594fdb2,nan,,1.0,0.0,0.0,56912.0,109627.6,83.7997821716429,0.0,,0.0,0.0,A,1.0,AI_VERIFIED,False
9186769.0,root1:batch_03,0,0,0,case_091,1,0.0,0.0,,nan,53947008.0,B0_base,nan,9186769.0,6577656.0,0.0,fd52d50c08487e3193ff37d3e2f6e7636213d1cd3cc95faec0dd934d4594fdb2,nan,60524664.0,,53947008.0,53947008.0,0,0,0,B0_base,9186769.0,fd52d50c08487e3193ff37d3e2f6e7636213d1cd3cc95faec0dd934d4594fdb2,nan,,1.0,0.0,0.0,56912.0,109627.6,83.7997821716429,0.0,,0.0,0.0,B,1.0,AI_VERIFIED,False
9186769.0,root1:batch_03,8082048.0,0.14988712353741304,45838848.0,case_091,1,2.0,8082048.0,incumbent_split_topo_g0_p4,9166672.0,48764544.0,incumbent_split_topo_g0_p4,13.067263332999573,9166672.0,6577656.0,0.0,c53986a6aeaea6b19e9fe5579dd5864de157a662571013bdf5e8efb758737d28,12.72991600000023,55342200.0,timing,48764544.0,53947008.0,6374016.0,0.10538579237748164,54108672.0,incumbent_base,9168820.0,fd52d50c08487e3193ff37d3e2f6e7636213d1cd3cc95faec0dd934d4594fdb2,nan,,1.001957612866214,2148.0,0.00023427224004833773,56912.0,109627.6,83.61646154800432,8082048.0,incumbent_split_topo_g0_p4,0.0,0.0,C,1.0021923987244226,AI_VERIFIED,False
9186769.0,root1:batch_03,0,0,0,case_091,2,0.0,0.0,,nan,57904096.0,L1_base,12.842180334000659,4571759.0,6577656.0,6478336.0,f91f1c83adaf7743040896cbf1ea8671e6bff480e98788dbdb1979c37d008d24,11.273276042000361,64481752.0,legacy_seed,51425760.0,53947008.0,0,0,0,A0_base,9186769.0,7af1f2a00d706deffeba0bcbac28246638b7fc638d75d32a4d94c6c27aae92ec,nan,,1.0,4615010.0,0.5023539832121608,56912.0,109627.6,41.702627805406664,0.0,,0.0,0.0,A,2.0094604724352267,AI_VERIFIED,False
9186769.0,root1:batch_03,0,0,0,case_091,2,0.0,0.0,,nan,57904096.0,L1_base,21.773567041000206,4571759.0,6577656.0,6478336.0,f91f1c83adaf7743040896cbf1ea8671e6bff480e98788dbdb1979c37d008d24,20.592298333000144,64481752.0,legacy_seed,51425760.0,53947008.0,0,0,0,B0_base,9186769.0,7af1f2a00d706deffeba0bcbac28246638b7fc638d75d32a4d94c6c27aae92ec,nan,,1.0,4615010.0,0.5023539832121608,56912.0,109627.6,41.702627805406664,0.0,,0.0,0.0,B,2.0094604724352267,AI_VERIFIED,False
9186769.0,root1:batch_03,11590464.0,0.17986505725904448,52849312.0,case_091,2,4.0,11590464.0,incumbent_base,4569395.0,57904096.0,incumbent_base,nan,4569395.0,6577656.0,6478336.0,f91f1c83adaf7743040896cbf1ea8671e6bff480e98788dbdb1979c37d008d24,nan,64481752.0,,51425760.0,57904096.0,11590464.0,0.17986505725904448,52849312.0,incumbent_base,4569395.0,f91f1c83adaf7743040896cbf1ea8671e6bff480e98788dbdb1979c37d008d24,nan,,2.010500077143692,0.0,0.0,56912.0,109627.6,41.681063892669364,12269376.0,C1_base,0.0,0.0,C,2.010500077143692,AI_VERIFIED,False
9186769.0,root1:batch_03,0,0,0,case_091,3,0.0,0.0,,nan,63389504.0,A1_base,nan,3078087.0,6577656.0,12956672.0,3a072a712778dc457c79f76945aaa142e60d72b477e22216facd0782d5752c75,nan,69967160.0,,50432832.0,53947008.0,0,0,0,A0_base,9186769.0,0280d6d8faa2791dd7007233ed491a46a6814df58def5f897409ba5a4b20bc9a,nan,,1.0,6108682.0,0.6649434638010382,56912.0,109627.6,28.077664748658183,0.0,,0.0,0.0,A,2.9845709364290225,AI_VERIFIED,False
9186769.0,root1:batch_03,0,0,0,case_091,3,0.0,0.0,,nan,63389504.0,B1_base,nan,3078087.0,6577656.0,12956672.0,3a072a712778dc457c79f76945aaa142e60d72b477e22216facd0782d5752c75,nan,69967160.0,,50432832.0,53947008.0,0,0,0,B0_base,9186769.0,0280d6d8faa2791dd7007233ed491a46a6814df58def5f897409ba5a4b20bc9a,nan,,1.0,6108682.0,0.6649434638010382,56912.0,109627.6,28.077664748658183,0.0,,0.0,0.0,B,2.9845709364290225,AI_VERIFIED,False
9186769.0,root1:batch_03,16382528.0,0.23428651971798886,53542656.0,case_091,3,2.0,16382528.0,incumbent_base,3057457.0,63389504.0,incumbent_base,12.347593958000289,3057457.0,6577656.0,12956672.0,3a072a712778dc457c79f76945aaa142e60d72b477e22216facd0782d5752c75,11.898629792000065,69967160.0,incumbent,50432832.0,63389504.0,16382528.0,0.23428651971798886,53542656.0,incumbent_base,3057457.0,3a072a712778dc457c79f76945aaa142e60d72b477e22216facd0782d5752c75,11.898629792000065,incumbent,3.004709142270848,0.0,0.0,56912.0,109627.6,27.889482210684168,16382528.0,incumbent_base,0.0,0.0,C,3.004709142270848,AI_VERIFIED,False
9186769.0,root1:batch_03,0,0,0,case_091,4,0.0,0.0,,nan,66813600.0,A1_base,nan,2314405.0,6577656.0,19435008.0,f43bd8d1b915bdf25afb2aac0409a93ca730f63b7e9f8538762d459895d8cadc,nan,73391256.0,,47378592.0,53947008.0,0,0,0,A0_base,9186769.0,dc3d5ccd37fc4156405359f3bb3b22c90d0f6bf50ab0eae4b23c5aa4fa6d9b22,nan,,1.0,6872364.0,0.7480719282263438,56912.0,109627.6,21.11151753755441,0.0,,0.0,0.0,A,3.969386948265321,AI_VERIFIED,False
9186769.0,root1:batch_03,0,0,0,case_091,4,0.0,0.0,,nan,66813600.0,B1_base,nan,2314405.0,6577656.0,19435008.0,f43bd8d1b915bdf25afb2aac0409a93ca730f63b7e9f8538762d459895d8cadc,nan,73391256.0,,47378592.0,53947008.0,0,0,0,B0_base,9186769.0,dc3d5ccd37fc4156405359f3bb3b22c90d0f6bf50ab0eae4b23c5aa4fa6d9b22,nan,,1.0,6872364.0,0.7480719282263438,56912.0,109627.6,21.11151753755441,0.0,,0.0,0.0,B,3.969386948265321,AI_VERIFIED,False
9186769.0,root1:batch_03,14582560.0,0.1988098588016133,58766720.0,case_091,4,2.0,14582560.0,incumbent_base,2306119.0,66813600.0,incumbent_base,nan,2306119.0,6577656.0,19435008.0,f43bd8d1b915bdf25afb2aac0409a93ca730f63b7e9f8538762d459895d8cadc,nan,73391256.0,,47378592.0,66813600.0,14582560.0,0.1988098588016133,58766720.0,incumbent_base,2306119.0,f43bd8d1b915bdf25afb2aac0409a93ca730f63b7e9f8538762d459895d8cadc,nan,,3.983649152537228,0.0,0.0,56912.0,109627.6,21.035934381487873,14582560.0,incumbent_base,0.0,0.0,C,3.983649152537228,AI_VERIFIED,False
9186769.0,root1:batch_03,0,0,0,case_091,5,0.0,0.0,,nan,73417216.0,L1_base,9.502277957999468,1882479.0,6577656.0,25913344.0,3e2d599dd3994f90ae28417ce69ab5da3e711a50bb8412244c28a2619ca7cc27,8.113244791999023,79994872.0,legacy_seed,47503872.0,53947008.0,0,0,0,A0_base,9186769.0,dc1d60db2be2ff4f6bfc97d3313cbe95abf8aba14cc8c57e280e810de76977b0,nan,,1.0,7304290.0,0.7950880227858129,56912.0,109627.6,17.17157905490953,0.0,,0.0,0.0,A,4.880144214092162,AI_VERIFIED,False
9186769.0,root1:batch_03,0,0,0,case_091,5,0.0,0.0,,nan,73417216.0,L1_base,nan,1882479.0,6577656.0,25913344.0,3e2d599dd3994f90ae28417ce69ab5da3e711a50bb8412244c28a2619ca7cc27,nan,79994872.0,,47503872.0,53947008.0,0,0,0,B0_base,9186769.0,dc1d60db2be2ff4f6bfc97d3313cbe95abf8aba14cc8c57e280e810de76977b0,nan,,1.0,7304290.0,0.7950880227858129,56912.0,109627.6,17.17157905490953,0.0,,0.0,0.0,B,4.880144214092162,AI_VERIFIED,False
9186769.0,root1:batch_03,24930816.0,0.3118187989087975,55022080.0,case_091,5,3.0,24930816.0,incumbent_base,1876653.0,73417216.0,incumbent_base,nan,1876653.0,6577656.0,25913344.0,3e2d599dd3994f90ae28417ce69ab5da3e711a50bb8412244c28a2619ca7cc27,nan,79994872.0,,47503872.0,73417216.0,24930816.0,0.3118187989087975,55022080.0,incumbent_base,1876653.0,3e2d599dd3994f90ae28417ce69ab5da3e711a50bb8412244c28a2619ca7cc27,nan,,4.895294441753483,0.0,0.0,56912.0,109627.6,17.118435503468103,24930816.0,incumbent_base,0.0,0.0,C,4.895294441753483,AI_VERIFIED,False
4815554.0,root1:batch_12,0,0,0,case_092,1,0.0,0.0,,nan,8853504.0,A3_base,6.530534625000655,4070807.0,3256928.0,5670912.0,d3287addfc56422ec348dbd0483b3336ddee1b8f6703493fd7c51ccec417e757,5.0652905000006285,12110432.0,seed,3182592.0,66000096.0,0,0,0,A0_base,4815554.0,0b957fd9c80e858061ac34b590feb368eb80eb7ebfb72e395da4446f9564a63e,nan,,1.0,744747.0,0.1546544800452866,28456.0,54282.13333333333,74.99349693944724,0.0,,0.0,0.0,A,1.182948245888346,AI_VERIFIED,False
4815554.0,root1:batch_12,0,0,0,case_092,1,0.0,0.0,,nan,5283840.0,B2_base,11.296305707999636,4010291.0,3256928.0,0.0,d3287addfc56422ec348dbd0483b3336ddee1b8f6703493fd7c51ccec417e757,10.783651292000286,8540768.0,seed,5283840.0,66000096.0,0,0,0,B0_base,4815554.0,0b957fd9c80e858061ac34b590feb368eb80eb7ebfb72e395da4446f9564a63e,nan,,1.0,805263.0,0.16722125844710703,28456.0,54282.13333333333,73.8786549779424,0.0,,0.0,0.0,B,1.200799144002268,AI_VERIFIED,False
4815554.0,root1:batch_12,0.0,0.0,4441184.0,case_092,1,1.0,52970464.0,C0_base,4333631.0,4695040.0,incumbent_split_height_g2_p4,20.480096249999406,4004200.0,3256928.0,0.0,dc552184da1322b7d526ce674e08bb7f73c6fc835e9ae0f10e0598805779c8be,11.460184417001074,7951968.0,timing,4695040.0,5283840.0,0.0,0.0,4735584.0,incumbent_base,4010291.0,d3287addfc56422ec348dbd0483b3336ddee1b8f6703493fd7c51ccec417e757,nan,,1.200799144002268,6091.0,0.0015188423982199796,28456.0,54282.13333333333,73.76644494443845,52970464.0,C0_base,0.0,0.0,C,1.2026257429698817,AI_VERIFIED,True
4815554.0,root1:batch_12,0,0,0,case_092,2,0.0,0.0,,nan,67180384.0,A2_base,7.566973250000956,2757789.0,3256928.0,2791200.0,a1a7fe346b9f52d6e4d91651224cc61fa4f2a27a76976eaf375d3fa2b570c94f,8.755004333001125,70437312.0,seed,64389184.0,66000096.0,0,0,0,A0_base,4815554.0,307281953b4d99c8520ba8132f3d87fc26205ab98503830fe5b07bd71d2085e4,nan,,1.0,2057765.0,0.4273163586162672,28456.0,54282.13333333333,50.80472764519204,0.0,,0.0,0.0,A,1.7461647718516535,AI_VERIFIED,False
4815554.0,root1:batch_12,0,0,0,case_092,2,0.0,0.0,,nan,66389088.0,B1_base,nan,2828252.0,3256928.0,930400.0,28fc9b4fde11d7bb0054218ebed2506239dedac77bdfefdbda3790125787b061,nan,69646016.0,,65458688.0,66000096.0,0,0,0,B0_base,4815554.0,307281953b4d99c8520ba8132f3d87fc26205ab98503830fe5b07bd71d2085e4,nan,,1.0,1987302.0,0.4126839819468331,28456.0,54282.13333333333,52.10281590504918,0.0,,0.0,0.0,B,1.702660866146298,AI_VERIFIED,False
4815554.0,root1:batch_12,50993920.0,0.7591771943849205,16176064.0,case_092,2,2.0,50993920.0,incumbent_base,2358868.0,66389088.0,incumbent_base,nan,2358868.0,3256928.0,930400.0,28fc9b4fde11d7bb0054218ebed2506239dedac77bdfefdbda3790125787b061,nan,69646016.0,,65458688.0,66389088.0,50993920.0,0.7591771943849205,16176064.0,incumbent_base,2358868.0,28fc9b4fde11d7bb0054218ebed2506239dedac77bdfefdbda3790125787b061,nan,,2.041468195761696,0.0,0.0,28456.0,54282.13333333333,43.45569813026263,52970464.0,C0_base,0.0,0.0,C,2.041468195761696,AI_VERIFIED,False
4815554.0,root1:batch_12,0,0,0,case_092,3,0.0,0.0,,nan,67971680.0,A2_base,3.986182374999771,2129015.0,3256928.0,4652000.0,1f48f69d3419014ae43b38b6af2ef730845f33ec2aacf21e862a2eb8d157b9bb,4.391200041000047,71228608.0,seed,63319680.0,66000096.0,0,0,0,A0_base,4815554.0,233b21b6e395099b382e5041a1747dd4418b0c29b7b63e96ecb160ecfc275a50,nan,,1.0,2686539.0,0.5578878359582303,28456.0,54282.13333333333,39.221284597019036,0.0,,0.0,0.0,A,2.2618694560630153,AI_VERIFIED,False
4815554.0,root1:batch_12,0,0,0,case_092,3,0.0,0.0,,nan,66784736.0,B1_base,nan,2231804.0,3256928.0,1860800.0,05fb29bf0e3a731685749334abe3633f4c988e3c81905c90c87d250d1d553d1d,nan,70041664.0,,64923936.0,66000096.0,0,0,0,B0_base,4815554.0,233b21b6e395099b382e5041a1747dd4418b0c29b7b63e96ecb160ecfc275a50,nan,,1.0,2583750.0,0.5365426283247992,28456.0,54282.13333333333,41.114891087552444,0.0,,0.0,0.0,B,2.157695747476033,AI_VERIFIED,False
4815554.0,root1:batch_12,44215392.0,0.6541586932458932,23375840.0,case_092,3,2.0,44215392.0,incumbent_base,1792534.0,66784736.0,incumbent_base,nan,1792534.0,3256928.0,1860800.0,05fb29bf0e3a731685749334abe3633f4c988e3c81905c90c87d250d1d553d1d,nan,70041664.0,,64923936.0,66784736.0,44215392.0,0.6541586932458932,23375840.0,incumbent_base,1792534.0,05fb29bf0e3a731685749334abe3633f4c988e3c81905c90c87d250d1d553d1d,nan,,2.6864505777854144,0.0,0.0,28456.0,54282.13333333333,33.02254148694721,52970464.0,C0_base,0.0,0.0,C,2.6864505777854144,AI_VERIFIED,False
4815554.0,root1:batch_12,0,0,0,case_092,4,0.0,0.0,,nan,67180384.0,A1_base,nan,1927728.0,3256928.0,2791200.0,9eb7863242e2ae1b80cdfb0210991bff62e6beccb7be3d60d0c906efea5d83d5,nan,70437312.0,,64389184.0,66000096.0,0,0,0,A0_base,4815554.0,8eaae05761795a3f115ab780b2c7d594c93c568131fbff9fe2660d0684ed7811,nan,,1.0,2887826.0,0.5996871803327302,28456.0,54282.13333333333,35.51312156731743,0.0,,0.0,0.0,A,2.4980464048869964,AI_VERIFIED,False
4815554.0,root1:batch_12,0,0,0,case_092,4,0.0,0.0,,nan,67180384.0,B1_base,nan,1927728.0,3256928.0,2791200.0,9eb7863242e2ae1b80cdfb0210991bff62e6beccb7be3d60d0c906efea5d83d5,nan,70437312.0,,64389184.0,66000096.0,0,0,0,B0_base,4815554.0,8eaae05761795a3f115ab780b2c7d594c93c568131fbff9fe2660d0684ed7811,nan,,1.0,2887826.0,0.5996871803327302,28456.0,54282.13333333333,35.51312156731743,0.0,,0.0,0.0,B,2.4980464048869964,AI_VERIFIED,False
4815554.0,root1:batch_12,44066112.0,0.6479121478881523,23946368.0,case_092,4,2.0,44066112.0,incumbent_base,1470508.0,67180384.0,incumbent_base,nan,1470508.0,3256928.0,2791200.0,9eb7863242e2ae1b80cdfb0210991bff62e6beccb7be3d60d0c906efea5d83d5,nan,70437312.0,,64389184.0,67180384.0,44066112.0,0.6479121478881523,23946368.0,incumbent_base,1470508.0,9eb7863242e2ae1b80cdfb0210991bff62e6beccb7be3d60d0c906efea5d83d5,nan,,3.2747553906541143,0.0,0.0,28456.0,54282.13333333333,27.09009225871742,52970464.0,C0_base,0.0,0.0,C,3.2747553906541143,AI_VERIFIED,False
4815554.0,root1:batch_12,0,0,0,case_092,5,0.0,0.0,,nan,66980256.0,A1_base,nan,1661234.0,3256928.0,3721600.0,0583d06e55a1b70e4f468eefeebe1ded4b49d52cd96dad52a8c9a9e07a43b270,nan,70237184.0,,63258656.0,66000096.0,0,0,0,A0_base,4815554.0,8bdb9cdc945383056f3666ae781f5797be3026aea349c3e9682f5c3e9e3eb791,nan,,1.0,3154320.0,0.6550274381722228,28456.0,54282.13333333333,30.60369771760383,0.0,,0.0,0.0,A,2.89878126741928,AI_VERIFIED,False
4815554.0,root1:batch_12,0,0,0,case_092,5,0.0,0.0,,nan,66980256.0,B1_base,nan,1649430.0,3256928.0,3721600.0,0583d06e55a1b70e4f468eefeebe1ded4b49d52cd96dad52a8c9a9e07a43b270,nan,70237184.0,,63258656.0,66000096.0,0,0,0,B0_base,4815554.0,8bdb9cdc945383056f3666ae781f5797be3026aea349c3e9682f5c3e9e3eb791,nan,,1.0,3166124.0,0.6574786618528211,28456.0,54282.13333333333,30.386241267845037,0.0,,0.0,0.0,B,2.919526139332982,AI_VERIFIED,False
4815554.0,root1:batch_12,39473888.0,0.580675424788359,28505376.0,case_092,5,2.0,39473888.0,incumbent_base,1351088.0,66980256.0,incumbent_base,nan,1351088.0,3256928.0,3721600.0,0583d06e55a1b70e4f468eefeebe1ded4b49d52cd96dad52a8c9a9e07a43b270,nan,70237184.0,,63258656.0,66980256.0,39473888.0,0.580675424788359,28505376.0,incumbent_base,1351088.0,0583d06e55a1b70e4f468eefeebe1ded4b49d52cd96dad52a8c9a9e07a43b270,nan,,3.5642045521831296,0.0,0.0,28456.0,54282.13333333333,24.890105031489796,52970464.0,C0_base,0.0,0.0,C,3.5642045521831296,AI_VERIFIED,False
74205.0,root1:batch_03,0,0,0,case_093,1,0.0,0.0,,nan,0.0,A0_base,nan,74205.0,714752.0,0.0,a362e021ae414498dd346e4bc8e6b78da392e950324de1b529b931302c9673d6,nan,714752.0,,0.0,0.0,0,0,0,A0_base,74205.0,a362e021ae414498dd346e4bc8e6b78da392e950324de1b529b931302c9673d6,nan,,1.0,0.0,0.0,,,,0.0,,,,A,1.0,AI_VERIFIED,False
74205.0,root1:batch_03,0,0,0,case_093,1,0.0,0.0,,nan,0.0,B0_base,nan,74205.0,714752.0,0.0,a362e021ae414498dd346e4bc8e6b78da392e950324de1b529b931302c9673d6,nan,714752.0,,0.0,0.0,0,0,0,B0_base,74205.0,a362e021ae414498dd346e4bc8e6b78da392e950324de1b529b931302c9673d6,nan,,1.0,0.0,0.0,,,,0.0,,,,B,1.0,AI_VERIFIED,False
74205.0,root1:batch_03,0.0,0.0,573440.0,case_093,1,0.0,0.0,,nan,0.0,incumbent_base,0.08205004099909274,74205.0,714752.0,0.0,a362e021ae414498dd346e4bc8e6b78da392e950324de1b529b931302c9673d6,0.09554870900137757,714752.0,incumbent,0.0,0.0,0.0,0.0,573440.0,incumbent_base,74205.0,a362e021ae414498dd346e4bc8e6b78da392e950324de1b529b931302c9673d6,0.09554870900137757,incumbent,1.0,0.0,0.0,,,,0.0,,,,C,1.0,AI_VERIFIED,False
74205.0,root1:batch_03,0,0,0,case_093,2,0.0,0.0,,nan,8192.0,A1_base,nan,37827.0,714752.0,8192.0,ea3740e6bdc0a8c835e08e75b310873b6521b79cb3c29b795e9527c70a588af3,nan,722944.0,,0.0,0.0,0,0,0,A0_base,74205.0,28c4096c8f839f30bf0634a3dcb69c94319fdd90ef8cce0eea5cb829e3327e66,nan,,1.0,36378.0,0.49023650697392357,,,,0.0,,,,A,1.9616940280751844,AI_VERIFIED,False
74205.0,root1:batch_03,0,0,0,case_093,2,0.0,0.0,,nan,8192.0,B1_base,nan,37827.0,714752.0,8192.0,ea3740e6bdc0a8c835e08e75b310873b6521b79cb3c29b795e9527c70a588af3,nan,722944.0,,0.0,0.0,0,0,0,B0_base,74205.0,28c4096c8f839f30bf0634a3dcb69c94319fdd90ef8cce0eea5cb829e3327e66,nan,,1.0,36378.0,0.49023650697392357,,,,0.0,,,,B,1.9616940280751844,AI_VERIFIED,False
74205.0,root1:batch_03,0.0,0.0,581632.0,case_093,2,0.0,0.0,,nan,8192.0,incumbent_base,nan,37827.0,714752.0,8192.0,ea3740e6bdc0a8c835e08e75b310873b6521b79cb3c29b795e9527c70a588af3,nan,722944.0,,0.0,8192.0,0.0,0.0,581632.0,incumbent_base,37827.0,ea3740e6bdc0a8c835e08e75b310873b6521b79cb3c29b795e9527c70a588af3,nan,,1.9616940280751844,0.0,0.0,,,,0.0,,,,C,1.9616940280751844,AI_VERIFIED,False
74205.0,root1:batch_03,0,0,0,case_093,3,0.0,0.0,,nan,16384.0,A1_base,nan,25103.0,714752.0,16384.0,0356ba69735ce3264c8df2a9bc3f9a82af3de9684a70755fbbb3bfa6d1ada48d,nan,731136.0,,0.0,0.0,0,0,0,A0_base,74205.0,a832886fcb56185819e8ceb764a2dc173d10b10de3d1fdf49e2bc9a6e07c3aee,nan,,1.0,49102.0,0.661707432113739,,,,0.0,,,,A,2.956021192686133,AI_VERIFIED,False
74205.0,root1:batch_03,0,0,0,case_093,3,0.0,0.0,,nan,16384.0,B1_base,nan,25103.0,714752.0,16384.0,0356ba69735ce3264c8df2a9bc3f9a82af3de9684a70755fbbb3bfa6d1ada48d,nan,731136.0,,0.0,0.0,0,0,0,B0_base,74205.0,a832886fcb56185819e8ceb764a2dc173d10b10de3d1fdf49e2bc9a6e07c3aee,nan,,1.0,49102.0,0.661707432113739,,,,0.0,,,,B,2.956021192686133,AI_VERIFIED,False
74205.0,root1:batch_03,0.0,0.0,589824.0,case_093,3,0.0,0.0,,nan,16384.0,incumbent_base,nan,25103.0,714752.0,16384.0,0356ba69735ce3264c8df2a9bc3f9a82af3de9684a70755fbbb3bfa6d1ada48d,nan,731136.0,,0.0,16384.0,0.0,0.0,589824.0,incumbent_base,25103.0,0356ba69735ce3264c8df2a9bc3f9a82af3de9684a70755fbbb3bfa6d1ada48d,nan,,2.956021192686133,0.0,0.0,,,,0.0,,,,C,2.956021192686133,AI_VERIFIED,False
74205.0,root1:batch_03,0,0,0,case_093,4,0.0,0.0,,nan,24576.0,A1_base,nan,19779.0,714752.0,24576.0,824d8f0d5fdbde46ea60ee04878ff2aa689590fcab47f214b9fe8f2d02efbeea,nan,739328.0,,0.0,0.0,0,0,0,A0_base,74205.0,b78d8604064071a5ad387a09bfa02d0ce114d2bd93ca588b585dc1a4c8878e7c,nan,,1.0,54426.0,0.7334546189609864,,,,0.0,,,,A,3.751706355225239,AI_VERIFIED,False
74205.0,root1:batch_03,0,0,0,case_093,4,0.0,0.0,,nan,24576.0,B1_base,nan,19779.0,714752.0,24576.0,824d8f0d5fdbde46ea60ee04878ff2aa689590fcab47f214b9fe8f2d02efbeea,nan,739328.0,,0.0,0.0,0,0,0,B0_base,74205.0,b78d8604064071a5ad387a09bfa02d0ce114d2bd93ca588b585dc1a4c8878e7c,nan,,1.0,54426.0,0.7334546189609864,,,,0.0,,,,B,3.751706355225239,AI_VERIFIED,False
74205.0,root1:batch_03,0.0,0.0,598016.0,case_093,4,0.0,0.0,,nan,24576.0,incumbent_base,nan,19779.0,714752.0,24576.0,824d8f0d5fdbde46ea60ee04878ff2aa689590fcab47f214b9fe8f2d02efbeea,nan,739328.0,,0.0,24576.0,0.0,0.0,598016.0,incumbent_base,19779.0,824d8f0d5fdbde46ea60ee04878ff2aa689590fcab47f214b9fe8f2d02efbeea,nan,,3.751706355225239,0.0,0.0,,,,0.0,,,,C,3.751706355225239,AI_VERIFIED,False
74205.0,root1:batch_03,0,0,0,case_093,5,0.0,0.0,,nan,32768.0,A1_base,nan,15876.0,714752.0,32768.0,bb04b671cbb27a4803367444f50eed9586fa80cae2848109ccd3c4a1ea4efe70,nan,747520.0,,0.0,0.0,0,0,0,A0_base,74205.0,d4b5c6ea790e6d3297928752e8beb20899067f6e3b570d2b49e3ce2a154058ec,nan,,1.0,58329.0,0.7860521528198908,,,,0.0,,,,A,4.674036281179139,AI_VERIFIED,False
74205.0,root1:batch_03,0,0,0,case_093,5,0.0,0.0,,nan,32768.0,B1_base,nan,15876.0,714752.0,32768.0,bb04b671cbb27a4803367444f50eed9586fa80cae2848109ccd3c4a1ea4efe70,nan,747520.0,,0.0,0.0,0,0,0,B0_base,74205.0,d4b5c6ea790e6d3297928752e8beb20899067f6e3b570d2b49e3ce2a154058ec,nan,,1.0,58329.0,0.7860521528198908,,,,0.0,,,,B,4.674036281179139,AI_VERIFIED,False
74205.0,root1:batch_03,0.0,0.0,606208.0,case_093,5,0.0,0.0,,nan,32768.0,incumbent_base,nan,15876.0,714752.0,32768.0,bb04b671cbb27a4803367444f50eed9586fa80cae2848109ccd3c4a1ea4efe70,nan,747520.0,,0.0,32768.0,0.0,0.0,606208.0,incumbent_base,15876.0,bb04b671cbb27a4803367444f50eed9586fa80cae2848109ccd3c4a1ea4efe70,nan,,4.674036281179139,0.0,0.0,,,,0.0,,,,C,4.674036281179139,AI_VERIFIED,False
94892.0,root1:batch_11,0,0,0,case_094,1,0.0,0.0,,nan,0.0,A0_base,nan,94892.0,526692.0,0.0,788706fae76b226a475e5ac58c41edb15ebab0028c04529b012cb440370c2030,nan,526692.0,,0.0,0.0,0,0,0,A0_base,94892.0,788706fae76b226a475e5ac58c41edb15ebab0028c04529b012cb440370c2030,nan,,1.0,0.0,0.0,,,,0.0,,,,A,1.0,AI_VERIFIED,False
94892.0,root1:batch_11,0,0,0,case_094,1,0.0,0.0,,nan,122880.0,B2_aggregate,0.08040766599879134,91195.0,526692.0,0.0,1e12005c856de3cdc0f051629223eda4b22f5eb46ad0dbb423dc96009b97908d,0.048778917000163347,649572.0,aggregate,122880.0,0.0,0,0,0,B0_base,94892.0,788706fae76b226a475e5ac58c41edb15ebab0028c04529b012cb440370c2030,nan,,1.0,3697.0,0.03896008093411457,,,,0.0,,,,B,1.0405395032622402,AI_VERIFIED,False
94892.0,root1:batch_11,16384.0,0.030286897367642708,524576.0,case_094,1,2.0,16384.0,incumbent_split_height_g0_p4,87488.0,122880.0,incumbent_split_height_g0_p4,0.07958958299968799,87488.0,526692.0,0.0,13b0e4606d706df78bcaa7b0352179fe1d9a67b85dda8c04e79d31b68185c8ed,0.06663758300055633,649572.0,timing,122880.0,122880.0,16384.0,0.030286897367642708,524576.0,incumbent_base,91195.0,1e12005c856de3cdc0f051629223eda4b22f5eb46ad0dbb423dc96009b97908d,nan,,1.0405395032622402,3707.0,0.04064915839684193,,,,16384.0,incumbent_split_height_g0_p4,,,C,1.0846287490855888,AI_VERIFIED,False
94892.0,root1:batch_11,0,0,0,case_094,2,0.0,0.0,,nan,106272.0,A1_base,nan,58760.0,526692.0,106272.0,0163c30e40396de619d3ed70d0b3c267e32ba04f971ca55120220b941a68b5c8,nan,632964.0,,0.0,0.0,0,0,0,A0_base,94892.0,356825df44599ede5f5bda65e87e6ad5f66e0b681d44f16981fa36315f62247b,nan,,1.0,36132.0,0.38076971715213087,,,,0.0,,,,A,1.6149081007488086,AI_VERIFIED,False
94892.0,root1:batch_11,0,0,0,case_094,2,0.0,0.0,,nan,106272.0,L1_base,0.06323570899985498,48073.0,526692.0,106272.0,ead28a9088f37e49cbacefafb359d4767c2cd0fa793c328a1a9c2664f97b5be8,0.07022329100072966,632964.0,legacy_seed,0.0,0.0,0,0,0,B0_base,94892.0,356825df44599ede5f5bda65e87e6ad5f66e0b681d44f16981fa36315f62247b,nan,,1.0,46819.0,0.49339248830249127,,,,0.0,,,,B,1.9739146714371893,AI_VERIFIED,False
94892.0,root1:batch_11,106272.0,0.18398891966759004,471328.0,case_094,2,3.0,106272.0,incumbent_split_topo_g0_p4,46927.0,106272.0,incumbent_split_topo_g0_p4,0.07283483299943327,46927.0,526692.0,106272.0,4f9a08c082e5e2a6044591e0dd29d245ee3bf14fe2c41f132f7d18f081772748,0.06913862500005052,632964.0,timing,0.0,106272.0,37152.0,0.0643213296398892,540448.0,incumbent_base,48073.0,ead28a9088f37e49cbacefafb359d4767c2cd0fa793c328a1a9c2664f97b5be8,nan,,1.9739146714371893,1146.0,0.023838745241611715,,,,106272.0,incumbent_split_topo_g0_p4,,,C,2.022119462143329,AI_VERIFIED,False
94892.0,root1:batch_11,0,0,0,case_094,3,0.0,0.0,,nan,212544.0,L1_base,0.05944154099961452,32222.0,526692.0,212544.0,659d4c84dddea4ca7173fd808c6c6d7a708b190a0593735aa6469082394711c8,0.05324958399978641,739236.0,legacy_seed,0.0,0.0,0,0,0,A0_base,94892.0,ee90c153eaef80c9571a4078a43681c3863691935b6161b72c9360381952c097,nan,,1.0,62670.0,0.6604350208658264,,,,0.0,,,,A,2.9449444478927442,AI_VERIFIED,False
94892.0,root1:batch_11,0,0,0,case_094,3,0.0,0.0,,nan,212544.0,L1_base,nan,32222.0,526692.0,212544.0,659d4c84dddea4ca7173fd808c6c6d7a708b190a0593735aa6469082394711c8,nan,739236.0,,0.0,0.0,0,0,0,B0_base,94892.0,ee90c153eaef80c9571a4078a43681c3863691935b6161b72c9360381952c097,nan,,1.0,62670.0,0.6604350208658264,,,,0.0,,,,B,2.9449444478927442,AI_VERIFIED,False
94892.0,root1:batch_11,194112.0,0.28384259042627863,489760.0,case_094,3,3.0,194112.0,incumbent_split_height_g1_p4,31679.0,212544.0,incumbent_split_height_g1_p4,0.055586291000508936,31679.0,526692.0,212544.0,ef357e155254e9a1ed73469150e37780667458425c6f00f08210278600083490,0.0390464170013729,739236.0,timing,0.0,212544.0,212544.0,0.310795002573581,471328.0,incumbent_base,32222.0,659d4c84dddea4ca7173fd808c6c6d7a708b190a0593735aa6469082394711c8,nan,,2.9449444478927442,543.0,0.016851840357519708,,,,212544.0,incumbent_base,,,C,2.9954228353167713,AI_VERIFIED,False
94892.0,root1:batch_11,0,0,0,case_094,4,0.0,0.0,,nan,318528.0,L1_base,0.059859625000171945,24640.0,526692.0,318528.0,fb634172904d23e64d402b47735038b698e28c6b3b1bf7271c3cf11fc6b178b3,0.04786733299988555,845220.0,legacy_seed,0.0,0.0,0,0,0,A0_base,94892.0,6da7f42a4059557cb8ac9c47c6d9784cfa92164f98cf6d87010adb813abb6b31,nan,,1.0,70252.0,0.7403363824136914,,,,0.0,,,,A,3.8511363636363636,AI_VERIFIED,False
94892.0,root1:batch_11,0,0,0,case_094,4,0.0,0.0,,nan,318528.0,L1_base,nan,24640.0,526692.0,318528.0,fb634172904d23e64d402b47735038b698e28c6b3b1bf7271c3cf11fc6b178b3,nan,845220.0,,0.0,0.0,0,0,0,B0_base,94892.0,6da7f42a4059557cb8ac9c47c6d9784cfa92164f98cf6d87010adb813abb6b31,nan,,1.0,70252.0,0.7403363824136914,,,,0.0,,,,B,3.8511363636363636,AI_VERIFIED,False
94892.0,root1:batch_11,304704.0,0.38577158368107606,485152.0,case_094,4,2.0,304704.0,incumbent_base,24640.0,318528.0,incumbent_base,nan,24640.0,526692.0,318528.0,fb634172904d23e64d402b47735038b698e28c6b3b1bf7271c3cf11fc6b178b3,nan,845220.0,,0.0,318528.0,304704.0,0.38577158368107606,485152.0,incumbent_base,24640.0,fb634172904d23e64d402b47735038b698e28c6b3b1bf7271c3cf11fc6b178b3,nan,,3.8511363636363636,0.0,0.0,,,,304704.0,incumbent_base,,,C,3.8511363636363636,AI_VERIFIED,False
94892.0,root1:batch_11,0,0,0,case_094,5,0.0,0.0,,nan,424800.0,L1_base,0.06644737500027986,21573.0,526692.0,424800.0,4bc980487e250a259ae13580490c5f83968813adad6797aa6fbd47407b491b58,0.04531695799960289,951492.0,legacy_seed,0.0,0.0,0,0,0,A0_base,94892.0,22de730f5c54e2b7796a0af484f5675b426d79c98e5d567d1a222b4fb40b7201,nan,,1.0,73319.0,0.7726573367617924,,,,0.0,,,,A,4.3986464562184215,AI_VERIFIED,False
94892.0,root1:batch_11,0,0,0,case_094,5,0.0,0.0,,nan,424800.0,L1_base,nan,21573.0,526692.0,424800.0,4bc980487e250a259ae13580490c5f83968813adad6797aa6fbd47407b491b58,nan,951492.0,,0.0,0.0,0,0,0,B0_base,94892.0,22de730f5c54e2b7796a0af484f5675b426d79c98e5d567d1a222b4fb40b7201,nan,,1.0,73319.0,0.7726573367617924,,,,0.0,,,,B,4.3986464562184215,AI_VERIFIED,False
94892.0,root1:batch_11,274272.0,0.30606341951149835,621856.0,case_094,5,2.0,274272.0,incumbent_base,20380.0,424800.0,incumbent_base,nan,20380.0,526692.0,424800.0,4bc980487e250a259ae13580490c5f83968813adad6797aa6fbd47407b491b58,nan,951492.0,,0.0,424800.0,274272.0,0.30606341951149835,621856.0,incumbent_base,20380.0,4bc980487e250a259ae13580490c5f83968813adad6797aa6fbd47407b491b58,nan,,4.656133464180569,0.0,0.0,,,,274272.0,incumbent_base,,,C,4.656133464180569,AI_VERIFIED,False
2084853.0,root1:batch_05,0,0,0,case_095,1,0.0,0.0,,nan,0.0,A0_base,nan,2084853.0,11355036.0,0.0,245022ea15499887e4f24537c733040b98ffcb6095987eaf889eee305833923d,nan,11355036.0,,0.0,0.0,0,0,0,A0_base,2084853.0,245022ea15499887e4f24537c733040b98ffcb6095987eaf889eee305833923d,nan,,1.0,0.0,0.0,,,,0.0,,,,A,1.0,AI_VERIFIED,False
2084853.0,root1:batch_05,0,0,0,case_095,1,0.0,0.0,,nan,49848192.0,L3_base,3.7509927500013873,2070244.0,11355036.0,0.0,ab5df2d3f3d0765a7b6dac136a7f4d0f2c7dbcf080a1550ad49445317e60a372,3.4623782910002774,61203228.0,legacy_seed,49848192.0,0.0,0,0,0,B0_base,2084853.0,245022ea15499887e4f24537c733040b98ffcb6095987eaf889eee305833923d,nan,,1.0,14609.0,0.007007208661713799,,,,0.0,,,,B,1.007056656123626,AI_VERIFIED,False
2084853.0,root1:batch_05,0.0,0.0,16792476.0,case_095,1,0.0,0.0,,nan,16551936.0,r2_merge_g0_1,1.3574274590009736,1161033.0,11355036.0,0.0,b5b931dd414ef7d36f6957e7f7f8defec3539bc9d80f737e0b3512d1de256fee,1.1840206249999028,27906972.0,ordinary_chain,16551936.0,49848192.0,0.0,0.0,33440604.0,incumbent_base,2070244.0,ab5df2d3f3d0765a7b6dac136a7f4d0f2c7dbcf080a1550ad49445317e60a372,nan,,1.007056656123626,909211.0,0.4391805990018568,,,,0.0,,,,C,1.7956879778610944,AI_VERIFIED,False
2084853.0,root1:batch_05,0,0,0,case_095,2,0.0,0.0,,nan,0.0,A1_base,nan,1042890.0,11355036.0,0.0,2fb3c4b1e62e60cd39c1c433a085dc333e00d80734fdd6a3faf77b412fe10867,nan,11355036.0,,0.0,0.0,0,0,0,A0_base,2084853.0,0ea565e2628417c1757f96e2de886fffe571392e4621467b74e4cf5dcf134318,nan,,1.0,1041963.0,0.4997776821675197,,,,0.0,,,,A,1.9991111238960964,AI_VERIFIED,False
2084853.0,root1:batch_05,0,0,0,case_095,2,0.0,0.0,,nan,0.0,B1_base,nan,1042890.0,11355036.0,0.0,2fb3c4b1e62e60cd39c1c433a085dc333e00d80734fdd6a3faf77b412fe10867,nan,11355036.0,,0.0,0.0,0,0,0,B0_base,2084853.0,0ea565e2628417c1757f96e2de886fffe571392e4621467b74e4cf5dcf134318,nan,,1.0,1041963.0,0.4997776821675197,,,,0.0,,,,B,1.9991111238960964,AI_VERIFIED,False
2084853.0,root1:batch_05,0.0,0.0,8516508.0,case_095,2,0.0,0.0,,nan,0.0,incumbent_base,nan,1042890.0,11355036.0,0.0,2fb3c4b1e62e60cd39c1c433a085dc333e00d80734fdd6a3faf77b412fe10867,nan,11355036.0,,0.0,0.0,0.0,0.0,8516508.0,incumbent_base,1042890.0,2fb3c4b1e62e60cd39c1c433a085dc333e00d80734fdd6a3faf77b412fe10867,nan,,1.9991111238960964,0.0,0.0,,,,0.0,,,,C,1.9991111238960964,AI_VERIFIED,False
2084853.0,root1:batch_05,0,0,0,case_095,3,0.0,0.0,,nan,0.0,A1_base,nan,695775.0,11355036.0,0.0,166cab99a6c73bc8ba5f8a0b243bc03f619acbf60ca079dabaae853b1499ddcd,nan,11355036.0,,0.0,0.0,0,0,0,A0_base,2084853.0,dbfe302d67081aa9191a01999ba72689140668827626df7d471468cecd18e695,nan,,1.0,1389078.0,0.6662714349644795,,,,0.0,,,,A,2.9964471273040854,AI_VERIFIED,False
2084853.0,root1:batch_05,0,0,0,case_095,3,0.0,0.0,,nan,0.0,B1_base,nan,695775.0,11355036.0,0.0,166cab99a6c73bc8ba5f8a0b243bc03f619acbf60ca079dabaae853b1499ddcd,nan,11355036.0,,0.0,0.0,0,0,0,B0_base,2084853.0,dbfe302d67081aa9191a01999ba72689140668827626df7d471468cecd18e695,nan,,1.0,1389078.0,0.6662714349644795,,,,0.0,,,,B,2.9964471273040854,AI_VERIFIED,False
2084853.0,root1:batch_05,0.0,0.0,8516508.0,case_095,3,0.0,0.0,,nan,0.0,incumbent_base,nan,695775.0,11355036.0,0.0,166cab99a6c73bc8ba5f8a0b243bc03f619acbf60ca079dabaae853b1499ddcd,nan,11355036.0,,0.0,0.0,0.0,0.0,8516508.0,incumbent_base,695775.0,166cab99a6c73bc8ba5f8a0b243bc03f619acbf60ca079dabaae853b1499ddcd,nan,,2.9964471273040854,0.0,0.0,,,,0.0,,,,C,2.9964471273040854,AI_VERIFIED,False
2084853.0,root1:batch_05,0,0,0,case_095,4,0.0,0.0,,nan,0.0,A1_base,nan,524422.0,11355036.0,0.0,2b7aed23bbce64b3ea202a1300403c7798a7a4b5530ca9fc0f3248d1716767e6,nan,11355036.0,,0.0,0.0,0,0,0,A0_base,2084853.0,920745800fa9a29bb596467dd6db876ab084e3d7deb0cdc0a84e5d3743c4c085,nan,,1.0,1560431.0,0.7484609226645715,,,,0.0,,,,A,3.9755254356224565,AI_VERIFIED,False
2084853.0,root1:batch_05,0,0,0,case_095,4,0.0,0.0,,nan,0.0,B1_base,nan,524422.0,11355036.0,0.0,2b7aed23bbce64b3ea202a1300403c7798a7a4b5530ca9fc0f3248d1716767e6,nan,11355036.0,,0.0,0.0,0,0,0,B0_base,2084853.0,920745800fa9a29bb596467dd6db876ab084e3d7deb0cdc0a84e5d3743c4c085,nan,,1.0,1560431.0,0.7484609226645715,,,,0.0,,,,B,3.9755254356224565,AI_VERIFIED,False
2084853.0,root1:batch_05,0.0,0.0,8516508.0,case_095,4,0.0,0.0,,nan,0.0,incumbent_base,nan,524422.0,11355036.0,0.0,2b7aed23bbce64b3ea202a1300403c7798a7a4b5530ca9fc0f3248d1716767e6,nan,11355036.0,,0.0,0.0,0.0,0.0,8516508.0,incumbent_base,524422.0,2b7aed23bbce64b3ea202a1300403c7798a7a4b5530ca9fc0f3248d1716767e6,nan,,3.9755254356224565,0.0,0.0,,,,0.0,,,,C,3.9755254356224565,AI_VERIFIED,False
2084853.0,root1:batch_05,0,0,0,case_095,5,0.0,0.0,,nan,0.0,A1_base,nan,420852.0,11355036.0,0.0,25179a6175ef09d05c628dfcdfc270528766fdad99158b21ddc5573bb6e677fa,nan,11355036.0,,0.0,0.0,0,0,0,A0_base,2084853.0,394a76c03122d42919d3c96a1871f1116faa0827135825f5abf0adfae864b3e7,nan,,1.0,1664001.0,0.7981382860086539,,,,0.0,,,,A,4.953886401870491,AI_VERIFIED,False
2084853.0,root1:batch_05,0,0,0,case_095,5,0.0,0.0,,nan,0.0,B1_base,nan,420852.0,11355036.0,0.0,25179a6175ef09d05c628dfcdfc270528766fdad99158b21ddc5573bb6e677fa,nan,11355036.0,,0.0,0.0,0,0,0,B0_base,2084853.0,394a76c03122d42919d3c96a1871f1116faa0827135825f5abf0adfae864b3e7,nan,,1.0,1664001.0,0.7981382860086539,,,,0.0,,,,B,4.953886401870491,AI_VERIFIED,False
2084853.0,root1:batch_05,0.0,0.0,8516508.0,case_095,5,0.0,0.0,,nan,0.0,incumbent_base,nan,420852.0,11355036.0,0.0,25179a6175ef09d05c628dfcdfc270528766fdad99158b21ddc5573bb6e677fa,nan,11355036.0,,0.0,0.0,0.0,0.0,8516508.0,incumbent_base,420852.0,25179a6175ef09d05c628dfcdfc270528766fdad99158b21ddc5573bb6e677fa,nan,,4.953886401870491,0.0,0.0,,,,0.0,,,,C,4.953886401870491,AI_VERIFIED,False
84194.0,root1:batch_13,0,0,0,case_096,1,0.0,0.0,,nan,0.0,A0_base,nan,84194.0,219558.0,0.0,5c834b1e876a203ad83e6e6cc474b09935202a722da3aca8616e702d73f97fe1,nan,219558.0,,0.0,0.0,0,0,0,A0_base,84194.0,5c834b1e876a203ad83e6e6cc474b09935202a722da3aca8616e702d73f97fe1,nan,,1.0,0.0,0.0,,,,0.0,,,,A,1.0,AI_VERIFIED,False
84194.0,root1:batch_13,0,0,0,case_096,1,0.0,0.0,,nan,0.0,B3_aggregate,0.12259391599945957,77108.0,219558.0,0.0,2a9a97eb34152caa2070f4dfd01c8f80aa8d3d166653ec696faafb56402b23eb,0.11009125000055064,219558.0,aggregate,0.0,0.0,0,0,0,B0_base,84194.0,5c834b1e876a203ad83e6e6cc474b09935202a722da3aca8616e702d73f97fe1,nan,,1.0,7086.0,0.08416276694301257,,,,0.0,,,,B,1.0918970794210718,AI_VERIFIED,False
84194.0,root1:batch_13,0.0,0.0,210260.0,case_096,1,0.0,0.0,,nan,0.0,incumbent_split_release_g2_p4,0.09902741699988837,75108.0,219558.0,0.0,244a8a2a1d7769110677d2cab10196d4101eefeca37864918c0052f67cfd9be2,0.1369566670000495,219558.0,timing,0.0,0.0,0.0,0.0,210260.0,incumbent_base,77108.0,2a9a97eb34152caa2070f4dfd01c8f80aa8d3d166653ec696faafb56402b23eb,nan,,1.0918970794210718,2000.0,0.025937645899258184,,,,0.0,,,,C,1.1209724663151728,AI_VERIFIED,False
84194.0,root1:batch_13,0,0,0,case_096,2,0.0,0.0,,nan,67392.0,L1_base,0.07670229099858261,44010.0,219558.0,67392.0,37a7c80d6d613550668a90767e2d79aa29b050bf9e96cde69ca06f1b87659ba3,0.08389504200022202,286950.0,legacy_seed,0.0,0.0,0,0,0,A0_base,84194.0,4636e24e6ed6e3f59d5af60f4b7d18443e15618c6c72e5cdeb87f2ef8dd06993,nan,,1.0,40184.0,0.47727866593819035,,,,0.0,,,,A,1.9130652124517156,AI_VERIFIED,False
84194.0,root1:batch_13,0,0,0,case_096,2,0.0,0.0,,nan,67392.0,L1_base,nan,44010.0,219558.0,67392.0,37a7c80d6d613550668a90767e2d79aa29b050bf9e96cde69ca06f1b87659ba3,nan,286950.0,,0.0,0.0,0,0,0,B0_base,84194.0,4636e24e6ed6e3f59d5af60f4b7d18443e15618c6c72e5cdeb87f2ef8dd06993,nan,,1.0,40184.0,0.47727866593819035,,,,0.0,,,,B,1.9130652124517156,AI_VERIFIED,False
84194.0,root1:batch_13,67392.0,0.2427211041159437,210260.0,case_096,2,3.0,67392.0,incumbent_split_release_g0_p4,41802.0,67392.0,incumbent_split_release_g0_p4,0.10551129099985701,41802.0,219558.0,67392.0,9a074ddf8ea62044c215e6622d5bb6366725705f2bb0f6676c6fca40d3c06cbe,0.095993916000225,286950.0,timing,0.0,67392.0,67392.0,0.2427211041159437,210260.0,incumbent_base,44010.0,37a7c80d6d613550668a90767e2d79aa29b050bf9e96cde69ca06f1b87659ba3,nan,,1.9130652124517156,2208.0,0.050170415814587595,,,,67392.0,incumbent_split_release_g0_p4,,,C,2.014114157217358,AI_VERIFIED,False
84194.0,root1:batch_13,0,0,0,case_096,3,0.0,0.0,,nan,79488.0,L1_base,0.07293933400069363,30318.0,219558.0,79488.0,8fb7b3c2094e0218c41f6f4beb2ca75015452d2a0a36ab412168b637d9864dde,0.10624879100032558,299046.0,legacy_seed,0.0,0.0,0,0,0,A0_base,84194.0,dd3c4111e280d3594cd84bc3ad06878005502bf7d79384f4b81f4db1ba15fccc,nan,,1.0,53876.0,0.6399030809796422,,,,0.0,,,,A,2.777030147107329,AI_VERIFIED,False
84194.0,root1:batch_13,0,0,0,case_096,3,0.0,0.0,,nan,79488.0,L1_base,nan,30318.0,219558.0,79488.0,8fb7b3c2094e0218c41f6f4beb2ca75015452d2a0a36ab412168b637d9864dde,nan,299046.0,,0.0,0.0,0,0,0,B0_base,84194.0,dd3c4111e280d3594cd84bc3ad06878005502bf7d79384f4b81f4db1ba15fccc,nan,,1.0,53876.0,0.6399030809796422,,,,0.0,,,,B,2.777030147107329,AI_VERIFIED,False
84194.0,root1:batch_13,79488.0,0.27433493932658726,210260.0,case_096,3,2.0,79488.0,incumbent_base,30318.0,79488.0,incumbent_base,nan,30318.0,219558.0,79488.0,8fb7b3c2094e0218c41f6f4beb2ca75015452d2a0a36ab412168b637d9864dde,nan,299046.0,,0.0,79488.0,79488.0,0.27433493932658726,210260.0,incumbent_base,30318.0,8fb7b3c2094e0218c41f6f4beb2ca75015452d2a0a36ab412168b637d9864dde,nan,,2.777030147107329,0.0,0.0,,,,79488.0,incumbent_base,,,C,2.777030147107329,AI_VERIFIED,False
84194.0,root1:batch_13,0,0,0,case_096,4,0.0,0.0,,nan,79488.0,L1_base,0.08084170800066204,26984.0,219558.0,79488.0,6452215da0d5fee206f48496a1b0a050f1124921d162f9d8db2204adaa5b076a,0.08106974999827798,299046.0,legacy_seed,0.0,0.0,0,0,0,A0_base,84194.0,daec30e94623ba1516e9805b1c47327a166f23b61e76e39980152b18c6069280,nan,,1.0,57210.0,0.6795021022875739,,,,0.0,,,,A,3.120145271271865,AI_VERIFIED,False
84194.0,root1:batch_13,0,0,0,case_096,4,0.0,0.0,,nan,79488.0,L1_base,nan,26984.0,219558.0,79488.0,6452215da0d5fee206f48496a1b0a050f1124921d162f9d8db2204adaa5b076a,nan,299046.0,,0.0,0.0,0,0,0,B0_base,84194.0,daec30e94623ba1516e9805b1c47327a166f23b61e76e39980152b18c6069280,nan,,1.0,57210.0,0.6795021022875739,,,,0.0,,,,B,3.120145271271865,AI_VERIFIED,False
84194.0,root1:batch_13,24192.0,0.08349324240374394,265556.0,case_096,4,2.0,24192.0,incumbent_base,26984.0,79488.0,incumbent_base,nan,26984.0,219558.0,79488.0,6452215da0d5fee206f48496a1b0a050f1124921d162f9d8db2204adaa5b076a,nan,299046.0,,0.0,79488.0,24192.0,0.08349324240374394,265556.0,incumbent_base,26984.0,6452215da0d5fee206f48496a1b0a050f1124921d162f9d8db2204adaa5b076a,nan,,3.120145271271865,0.0,0.0,,,,55296.0,C1_base,,,C,3.120145271271865,AI_VERIFIED,False
84194.0,root1:batch_13,0,0,0,case_096,5,0.0,0.0,,nan,55296.0,A1_base,nan,41196.0,219558.0,55296.0,eb81fcf5eff144bafd1a1f1fbdb8aee1c7ed27dfd99c5cdd1d05f681ce4ce170,nan,274854.0,,0.0,0.0,0,0,0,A0_base,84194.0,16e047183c4e9c17a216bf39485656f0a4a43f3a5b1ece00effaa33234fe58db,nan,,1.0,42998.0,0.510701475164501,,,,0.0,,,,A,2.0437421108845517,AI_VERIFIED,False
84194.0,root1:batch_13,0,0,0,case_096,5,0.0,0.0,,nan,55296.0,B1_base,nan,41196.0,219558.0,55296.0,eb81fcf5eff144bafd1a1f1fbdb8aee1c7ed27dfd99c5cdd1d05f681ce4ce170,nan,274854.0,,0.0,0.0,0,0,0,B0_base,84194.0,16e047183c4e9c17a216bf39485656f0a4a43f3a5b1ece00effaa33234fe58db,nan,,1.0,42998.0,0.510701475164501,,,,0.0,,,,B,2.0437421108845517,AI_VERIFIED,False
84194.0,root1:batch_13,18432.0,0.06940908885508142,247124.0,case_096,5,2.0,18432.0,incumbent_split_release_g0_p4,38946.0,55296.0,incumbent_split_release_g0_p4,0.11780529099996784,38946.0,219558.0,55296.0,c7830539c7081b3310cca57fc8920bb958bef50116fab3e9a47cb4b43b5145d4,0.09007149999888497,274854.0,timing,0.0,55296.0,55296.0,0.20822726656524423,210260.0,incumbent_base,41196.0,eb81fcf5eff144bafd1a1f1fbdb8aee1c7ed27dfd99c5cdd1d05f681ce4ce170,nan,,2.0437421108845517,2250.0,0.05461695310224294,,,,55296.0,incumbent_base,,,C,2.161813793457608,AI_VERIFIED,False
11491509.0,root1:batch_06,0,0,0,case_097,1,0.0,0.0,,nan,10584064.0,A0_base,nan,11491509.0,5046272.0,0.0,9e72258da64b8f13e0cd28dbf907b30806296ad1503f201dac9f31b973f98b78,nan,15630336.0,,10584064.0,10584064.0,0,0,0,A0_base,11491509.0,9e72258da64b8f13e0cd28dbf907b30806296ad1503f201dac9f31b973f98b78,nan,,1.0,0.0,0.0,,,,0.0,,,,A,1.0,AI_VERIFIED,False
11491509.0,root1:batch_06,0,0,0,case_097,1,0.0,0.0,,nan,10584064.0,B0_base,nan,11491509.0,5046272.0,0.0,9e72258da64b8f13e0cd28dbf907b30806296ad1503f201dac9f31b973f98b78,nan,15630336.0,,10584064.0,10584064.0,0,0,0,B0_base,11491509.0,9e72258da64b8f13e0cd28dbf907b30806296ad1503f201dac9f31b973f98b78,nan,,1.0,0.0,0.0,,,,0.0,,,,B,1.0,AI_VERIFIED,False
11491509.0,root1:batch_06,0.0,0.0,14843904.0,case_097,1,0.0,0.0,,nan,10584064.0,incumbent_base,2.4786469579994446,11491509.0,5046272.0,0.0,9e72258da64b8f13e0cd28dbf907b30806296ad1503f201dac9f31b973f98b78,2.323546167001041,15630336.0,incumbent,10584064.0,10584064.0,0.0,0.0,14843904.0,incumbent_base,11491509.0,9e72258da64b8f13e0cd28dbf907b30806296ad1503f201dac9f31b973f98b78,2.323546167001041,incumbent,1.0,0.0,0.0,,,,0.0,,,,C,1.0,AI_VERIFIED,False
11491509.0,root1:batch_06,0,0,0,case_097,2,0.0,0.0,,nan,11796480.0,A1_base,nan,5617602.0,5046272.0,2555904.0,9f37851ae8cf3967e58f58e1d341f3848b82b74e12e556634925ddfa8d7d4957,nan,16842752.0,,9240576.0,10584064.0,0,0,0,A0_base,11491509.0,53ff9d8201e2a5843160614d60223dfddc82e048a42b438ab08831579c5a48df,nan,,1.0,5873907.0,0.5111519296551915,,,,0.0,,,,A,2.045625339780212,AI_VERIFIED,False
11491509.0,root1:batch_06,0,0,0,case_097,2,0.0,0.0,,nan,11796480.0,B1_base,nan,5617602.0,5046272.0,2555904.0,9f37851ae8cf3967e58f58e1d341f3848b82b74e12e556634925ddfa8d7d4957,nan,16842752.0,,9240576.0,10584064.0,0,0,0,B0_base,11491509.0,53ff9d8201e2a5843160614d60223dfddc82e048a42b438ab08831579c5a48df,nan,,1.0,5873907.0,0.5111519296551915,,,,0.0,,,,B,2.045625339780212,AI_VERIFIED,False
11491509.0,root1:batch_06,0.0,0.0,16056320.0,case_097,2,0.0,0.0,,nan,11796480.0,incumbent_base,nan,5617602.0,5046272.0,2555904.0,9f37851ae8cf3967e58f58e1d341f3848b82b74e12e556634925ddfa8d7d4957,nan,16842752.0,,9240576.0,11796480.0,0.0,0.0,16056320.0,incumbent_base,5617602.0,9f37851ae8cf3967e58f58e1d341f3848b82b74e12e556634925ddfa8d7d4957,nan,,2.045625339780212,0.0,0.0,,,,0.0,,,,C,2.045625339780212,AI_VERIFIED,False
11491509.0,root1:batch_06,0,0,0,case_097,3,0.0,0.0,,nan,16031744.0,A1_base,nan,3660459.0,5046272.0,8519680.0,7abd70f96c02a5c21c2374c20cb4dbbc48f7f13eea522a598602b21a87dd3b39,nan,21078016.0,,7512064.0,10584064.0,0,0,0,A0_base,11491509.0,462a560765e98925b70519d6068a7d6654ac94dc4cfa8ea40120b0298e4f0fce,nan,,1.0,7831050.0,0.6814640270481449,,,,0.0,,,,A,3.1393628503966307,AI_VERIFIED,False
11491509.0,root1:batch_06,0,0,0,case_097,3,0.0,0.0,,nan,16031744.0,B1_base,nan,3660459.0,5046272.0,8519680.0,7abd70f96c02a5c21c2374c20cb4dbbc48f7f13eea522a598602b21a87dd3b39,nan,21078016.0,,7512064.0,10584064.0,0,0,0,B0_base,11491509.0,462a560765e98925b70519d6068a7d6654ac94dc4cfa8ea40120b0298e4f0fce,nan,,1.0,7831050.0,0.6814640270481449,,,,0.0,,,,B,3.1393628503966307,AI_VERIFIED,False
11491509.0,root1:batch_06,5357568.0,0.25988476058017085,15257600.0,case_097,3,2.0,5357568.0,r2_boundary_n833_c2_p0,3622881.0,16379904.0,r2_boundary_n833_c2_p0,1.7061809589995391,3622881.0,5046272.0,8568832.0,bf943c9940ab48a6e46809e6d88f95b6c2da40133e6531344ca2e36449d10fc2,1.582375250000041,21426176.0,ordinary_chain,7811072.0,16031744.0,4458496.0,0.2197214372224465,15833088.0,incumbent_base,3660338.0,7abd70f96c02a5c21c2374c20cb4dbbc48f7f13eea522a598602b21a87dd3b39,nan,,3.139466628491686,37457.0,0.01023320797150427,,,,5357568.0,r2_boundary_n833_c2_p0,,,C,3.1719256028558487,AI_VERIFIED,False
11491509.0,root1:batch_06,0,0,0,case_097,4,0.0,0.0,,nan,14221312.0,A1_base,nan,2626908.0,5046272.0,7667712.0,484b413db660d1ef892e1780254a851c4f25865e03b496cd1d36ab5057e50245,nan,19267584.0,,6553600.0,10584064.0,0,0,0,A0_base,11491509.0,4cc63c2f306c969d0203bb2844fbbd58e96deae1b4c8f131a5554e348eb46a51,nan,,1.0,8864601.0,0.7714044343523553,,,,0.0,,,,A,4.37453805005733,AI_VERIFIED,False
11491509.0,root1:batch_06,0,0,0,case_097,4,0.0,0.0,,nan,14221312.0,B1_base,nan,2626908.0,5046272.0,7667712.0,484b413db660d1ef892e1780254a851c4f25865e03b496cd1d36ab5057e50245,nan,19267584.0,,6553600.0,10584064.0,0,0,0,B0_base,11491509.0,4cc63c2f306c969d0203bb2844fbbd58e96deae1b4c8f131a5554e348eb46a51,nan,,1.0,8864601.0,0.7714044343523553,,,,0.0,,,,B,4.37453805005733,AI_VERIFIED,False
11491509.0,root1:batch_06,770048.0,0.041666666666666664,17711104.0,case_097,4,1.0,770048.0,incumbent_base,2626908.0,14221312.0,incumbent_base,nan,2626908.0,5046272.0,7667712.0,484b413db660d1ef892e1780254a851c4f25865e03b496cd1d36ab5057e50245,nan,19267584.0,,6553600.0,14221312.0,770048.0,0.041666666666666664,17711104.0,incumbent_base,2626908.0,484b413db660d1ef892e1780254a851c4f25865e03b496cd1d36ab5057e50245,nan,,4.37453805005733,0.0,0.0,,,,770048.0,incumbent_base,,,C,4.37453805005733,AI_VERIFIED,False
11491509.0,root1:batch_06,0,0,0,case_097,5,0.0,0.0,,nan,21311488.0,A1_base,nan,2102348.0,5046272.0,17039360.0,e8b803445d3f8f1f5c17377c4ffefca614efdfe904169779c4ce9dc6536b913e,nan,26357760.0,,4272128.0,10584064.0,0,0,0,A0_base,11491509.0,17f92b0d0cadc5d0d629f64889475a4087742039d26d0dea7006ead9ede741f7,nan,,1.0,9389161.0,0.8170520512145097,,,,0.0,,,,A,5.466035594487687,AI_VERIFIED,False
11491509.0,root1:batch_06,0,0,0,case_097,5,0.0,0.0,,nan,21311488.0,B1_base,nan,2102348.0,5046272.0,17039360.0,e8b803445d3f8f1f5c17377c4ffefca614efdfe904169779c4ce9dc6536b913e,nan,26357760.0,,4272128.0,10584064.0,0,0,0,B0_base,11491509.0,17f92b0d0cadc5d0d629f64889475a4087742039d26d0dea7006ead9ede741f7,nan,,1.0,9389161.0,0.8170520512145097,,,,0.0,,,,B,5.466035594487687,AI_VERIFIED,False
11491509.0,root1:batch_06,6270976.0,0.24523466282236103,19300352.0,case_097,5,1.0,6270976.0,incumbent_base,2102250.0,21311488.0,incumbent_base,nan,2102250.0,5046272.0,17039360.0,e8b803445d3f8f1f5c17377c4ffefca614efdfe904169779c4ce9dc6536b913e,nan,26357760.0,,4272128.0,21311488.0,6270976.0,0.24523466282236103,19300352.0,incumbent_base,2102250.0,e8b803445d3f8f1f5c17377c4ffefca614efdfe904169779c4ce9dc6536b913e,nan,,5.466290403139493,0.0,0.0,,,,6270976.0,incumbent_base,,,C,5.466290403139493,AI_VERIFIED,False
177430.0,root1:batch_08,0,0,0,case_098,1,0.0,0.0,,nan,0.0,A0_base,nan,177430.0,697994.0,0.0,433c381122151bc9df910934d44abf566fcc5394b5f6954ca2bef8fdbca59e2c,nan,697994.0,,0.0,0.0,0,0,0,A0_base,177430.0,433c381122151bc9df910934d44abf566fcc5394b5f6954ca2bef8fdbca59e2c,nan,,1.0,0.0,0.0,,,,0.0,,,,A,1.0,AI_VERIFIED,False
177430.0,root1:batch_08,0,0,0,case_098,1,0.0,0.0,,nan,364588.0,L3_base,0.1916004589984368,176752.0,697994.0,0.0,14c0c164161f5ddc567836d50ab0a1f5e57175de8748cfbe8aac5cff9bba2b23,0.15194233399961377,1062582.0,legacy_seed,364588.0,0.0,0,0,0,B0_base,177430.0,433c381122151bc9df910934d44abf566fcc5394b5f6954ca2bef8fdbca59e2c,nan,,1.0,678.0,0.003821225271938229,,,,0.0,,,,B,1.0038358830451706,AI_VERIFIED,False
177430.0,root1:batch_08,24576.0,0.02722396630679691,878158.0,case_098,1,2.0,24576.0,incumbent_aggregate,174782.0,385068.0,incumbent_aggregate,0.1605093329999363,174782.0,697994.0,0.0,a7f409a5d0d151fa7ee4e3dfe41009630b1e313894ee3ec5586616a28342b2cf,0.18023504200027674,1083062.0,aggregate,385068.0,364588.0,20480.0,0.022999710257556327,869966.0,incumbent_base,176752.0,14c0c164161f5ddc567836d50ab0a1f5e57175de8748cfbe8aac5cff9bba2b23,nan,,1.0038358830451706,1970.0,0.011145559880510546,,,,24576.0,incumbent_aggregate,,,C,1.015150301518463,AI_VERIFIED,False
177430.0,root1:batch_08,0,0,0,case_098,2,0.0,0.0,,nan,0.0,A1_base,nan,89756.0,697994.0,0.0,f769c0ab4999ca1dd44a92beea1251961adae8485b99f3ff39e03de687610a04,nan,697994.0,,0.0,0.0,0,0,0,A0_base,177430.0,0304b1737706f41ba4df5bdc00a10a5dcde72ec05ce24388d7206a640c574d9b,nan,,1.0,87674.0,0.4941328974806966,,,,0.0,,,,A,1.9768037791345425,AI_VERIFIED,False
177430.0,root1:batch_08,0,0,0,case_098,2,0.0,0.0,,nan,0.0,B1_base,nan,89756.0,697994.0,0.0,f769c0ab4999ca1dd44a92beea1251961adae8485b99f3ff39e03de687610a04,nan,697994.0,,0.0,0.0,0,0,0,B0_base,177430.0,0304b1737706f41ba4df5bdc00a10a5dcde72ec05ce24388d7206a640c574d9b,nan,,1.0,87674.0,0.4941328974806966,,,,0.0,,,,B,1.9768037791345425,AI_VERIFIED,False
177430.0,root1:batch_08,0.0,0.0,697912.0,case_098,2,0.0,0.0,,nan,0.0,incumbent_base,nan,89756.0,697994.0,0.0,f769c0ab4999ca1dd44a92beea1251961adae8485b99f3ff39e03de687610a04,nan,697994.0,,0.0,0.0,0.0,0.0,697912.0,incumbent_base,89756.0,f769c0ab4999ca1dd44a92beea1251961adae8485b99f3ff39e03de687610a04,nan,,1.9768037791345425,0.0,0.0,,,,0.0,,,,C,1.9768037791345425,AI_VERIFIED,False
177430.0,root1:batch_08,0,0,0,case_098,3,0.0,0.0,,nan,0.0,A1_base,nan,89756.0,697994.0,0.0,d244b5a60982c12ac0cca9e51912ff30d1a7046e58ec7f072f3e3c1a4221b190,nan,697994.0,,0.0,0.0,0,0,0,A0_base,177430.0,56d64cbfe69d37e4ed4ecf1ef69f55244490e14d8293718c1ce10bb3652e496e,nan,,1.0,87674.0,0.4941328974806966,,,,0.0,,,,A,1.9768037791345425,AI_VERIFIED,False
177430.0,root1:batch_08,0,0,0,case_098,3,0.0,0.0,,nan,0.0,B1_base,nan,89756.0,697994.0,0.0,d244b5a60982c12ac0cca9e51912ff30d1a7046e58ec7f072f3e3c1a4221b190,nan,697994.0,,0.0,0.0,0,0,0,B0_base,177430.0,56d64cbfe69d37e4ed4ecf1ef69f55244490e14d8293718c1ce10bb3652e496e,nan,,1.0,87674.0,0.4941328974806966,,,,0.0,,,,B,1.9768037791345425,AI_VERIFIED,False
177430.0,root1:batch_08,0.0,0.0,697912.0,case_098,3,0.0,0.0,,nan,0.0,incumbent_base,nan,89756.0,697994.0,0.0,d244b5a60982c12ac0cca9e51912ff30d1a7046e58ec7f072f3e3c1a4221b190,nan,697994.0,,0.0,0.0,0.0,0.0,697912.0,incumbent_base,89756.0,d244b5a60982c12ac0cca9e51912ff30d1a7046e58ec7f072f3e3c1a4221b190,nan,,1.9768037791345425,0.0,0.0,,,,0.0,,,,C,1.9768037791345425,AI_VERIFIED,False
177430.0,root1:batch_08,0,0,0,case_098,4,0.0,0.0,,nan,0.0,A1_base,nan,89756.0,697994.0,0.0,59a6fa43d11787aa2563992c95a702b720803228c2f0f1bd8b6d48a3760b7f9e,nan,697994.0,,0.0,0.0,0,0,0,A0_base,177430.0,3a3f4ed971f2fa5c3cdb198b72e726bef208990cd6374b066ce379d73e7c85f5,nan,,1.0,87674.0,0.4941328974806966,,,,0.0,,,,A,1.9768037791345425,AI_VERIFIED,False
177430.0,root1:batch_08,0,0,0,case_098,4,0.0,0.0,,nan,0.0,B1_base,nan,89756.0,697994.0,0.0,59a6fa43d11787aa2563992c95a702b720803228c2f0f1bd8b6d48a3760b7f9e,nan,697994.0,,0.0,0.0,0,0,0,B0_base,177430.0,3a3f4ed971f2fa5c3cdb198b72e726bef208990cd6374b066ce379d73e7c85f5,nan,,1.0,87674.0,0.4941328974806966,,,,0.0,,,,B,1.9768037791345425,AI_VERIFIED,False
177430.0,root1:batch_08,0.0,0.0,697912.0,case_098,4,0.0,0.0,,nan,0.0,incumbent_base,nan,89756.0,697994.0,0.0,59a6fa43d11787aa2563992c95a702b720803228c2f0f1bd8b6d48a3760b7f9e,nan,697994.0,,0.0,0.0,0.0,0.0,697912.0,incumbent_base,89756.0,59a6fa43d11787aa2563992c95a702b720803228c2f0f1bd8b6d48a3760b7f9e,nan,,1.9768037791345425,0.0,0.0,,,,0.0,,,,C,1.9768037791345425,AI_VERIFIED,False
177430.0,root1:batch_08,0,0,0,case_098,5,0.0,0.0,,nan,0.0,A1_base,nan,89756.0,697994.0,0.0,eba72c9199f236db01bbcc3d647d7d71634dbd20ddf5d0a35133a3b56ffdf547,nan,697994.0,,0.0,0.0,0,0,0,A0_base,177430.0,74c0b6b89f08aaf334a2ee8003e2858ddc141de7b0acdf68ea5dd6e5dca74d71,nan,,1.0,87674.0,0.4941328974806966,,,,0.0,,,,A,1.9768037791345425,AI_VERIFIED,False
177430.0,root1:batch_08,0,0,0,case_098,5,0.0,0.0,,nan,0.0,B1_base,nan,89756.0,697994.0,0.0,eba72c9199f236db01bbcc3d647d7d71634dbd20ddf5d0a35133a3b56ffdf547,nan,697994.0,,0.0,0.0,0,0,0,B0_base,177430.0,74c0b6b89f08aaf334a2ee8003e2858ddc141de7b0acdf68ea5dd6e5dca74d71,nan,,1.0,87674.0,0.4941328974806966,,,,0.0,,,,B,1.9768037791345425,AI_VERIFIED,False
177430.0,root1:batch_08,0.0,0.0,697912.0,case_098,5,0.0,0.0,,nan,0.0,incumbent_base,nan,89756.0,697994.0,0.0,eba72c9199f236db01bbcc3d647d7d71634dbd20ddf5d0a35133a3b56ffdf547,nan,697994.0,,0.0,0.0,0.0,0.0,697912.0,incumbent_base,89756.0,eba72c9199f236db01bbcc3d647d7d71634dbd20ddf5d0a35133a3b56ffdf547,nan,,1.9768037791345425,0.0,0.0,,,,0.0,,,,C,1.9768037791345425,AI_VERIFIED,False
1622999.0,root1:batch_13,0,0,0,case_099,1,0.0,0.0,,nan,5885952.0,A2_base,0.7264125000001513,1619135.0,2534036.0,1855488.0,c26653b24ca5fce30343dec743b623ea4deda50148764bb4ba5d75a47a975d62,0.5937064580011793,8419988.0,seed,4030464.0,5484544.0,0,0,0,A0_base,1622999.0,239e9c5e5625b65e0ba031d314c722c5df34cba7a120378df84f8ff91ebe1a53,nan,,1.0,3864.0,0.0023807778070103554,,,,0.0,,,,A,1.0023864594366745,AI_VERIFIED,False
1622999.0,root1:batch_13,0,0,0,case_099,1,0.0,0.0,,nan,5484544.0,B0_base,nan,1622999.0,2534036.0,0.0,239e9c5e5625b65e0ba031d314c722c5df34cba7a120378df84f8ff91ebe1a53,nan,8018580.0,,5484544.0,5484544.0,0,0,0,B0_base,1622999.0,239e9c5e5625b65e0ba031d314c722c5df34cba7a120378df84f8ff91ebe1a53,nan,,1.0,0.0,0.0,,,,0.0,,,,B,1.0,AI_VERIFIED,False
1622999.0,root1:batch_13,2023424.0,0.25235465023466686,5994752.0,case_099,1,1.0,2023424.0,incumbent_base,1618902.0,5484544.0,incumbent_base,0.7182990000001155,1618902.0,2534036.0,0.0,239e9c5e5625b65e0ba031d314c722c5df34cba7a120378df84f8ff91ebe1a53,0.6997420839998085,8018580.0,incumbent,5484544.0,5484544.0,2023424.0,0.25235465023466686,5994752.0,incumbent_base,1618902.0,239e9c5e5625b65e0ba031d314c722c5df34cba7a120378df84f8ff91ebe1a53,0.6997420839998085,incumbent,1.002530727616619,0.0,0.0,,,,2023424.0,incumbent_base,,,C,1.002530727616619,AI_VERIFIED,False
1622999.0,root1:batch_13,0,0,0,case_099,2,0.0,0.0,,nan,7254016.0,L1_base,0.7839069579986244,808916.0,2534036.0,1904640.0,13a933dbebe66dcb35f37602733bc413dbfe809629821ff8cda9629302b6d8f1,0.5796707499994227,9788052.0,legacy_seed,5349376.0,5484544.0,0,0,0,A0_base,1622999.0,c6945ed5014c044355f1d371ea49f9b8875772ac2b559be49131ce1d709ffa5f,nan,,1.0,814083.0,0.5015918062796095,,,,0.0,,,,A,2.006387560636704,AI_VERIFIED,False
1622999.0,root1:batch_13,0,0,0,case_099,2,0.0,0.0,,nan,7254016.0,L1_base,nan,808916.0,2534036.0,1904640.0,13a933dbebe66dcb35f37602733bc413dbfe809629821ff8cda9629302b6d8f1,nan,9788052.0,,5349376.0,5484544.0,0,0,0,B0_base,1622999.0,c6945ed5014c044355f1d371ea49f9b8875772ac2b559be49131ce1d709ffa5f,nan,,1.0,814083.0,0.5015918062796095,,,,0.0,,,,B,2.006387560636704,AI_VERIFIED,False
1622999.0,root1:batch_13,4284416.0,0.4377370334527764,5503232.0,case_099,2,3.0,4284416.0,incumbent_base,806053.0,7254016.0,incumbent_base,nan,806053.0,2534036.0,1904640.0,13a933dbebe66dcb35f37602733bc413dbfe809629821ff8cda9629302b6d8f1,nan,9788052.0,,5349376.0,7254016.0,4284416.0,0.4377370334527764,5503232.0,incumbent_base,806053.0,13a933dbebe66dcb35f37602733bc413dbfe809629821ff8cda9629302b6d8f1,nan,,2.0135139996997715,0.0,0.0,,,,4284416.0,incumbent_base,,,C,2.0135139996997715,AI_VERIFIED,False
1622999.0,root1:batch_13,0,0,0,case_099,3,0.0,0.0,,nan,8011776.0,A1_base,nan,539533.0,2534036.0,3809280.0,708f0474eb8ad9a7fce8e167a586470aa7a15be2f7be3e1aca7d2054326896d9,nan,10545812.0,,4202496.0,5484544.0,0,0,0,A0_base,1622999.0,6739f0ef2d181d21f036a2989b2b3a1f1c0e5e7df01abdaf6b4e703f00869dab,nan,,1.0,1083466.0,0.6675703435430336,,,,0.0,,,,A,3.008155200886693,AI_VERIFIED,False
1622999.0,root1:batch_13,0,0,0,case_099,3,0.0,0.0,,nan,8011776.0,B1_base,nan,539533.0,2534036.0,3809280.0,708f0474eb8ad9a7fce8e167a586470aa7a15be2f7be3e1aca7d2054326896d9,nan,10545812.0,,4202496.0,5484544.0,0,0,0,B0_base,1622999.0,6739f0ef2d181d21f036a2989b2b3a1f1c0e5e7df01abdaf6b4e703f00869dab,nan,,1.0,1083466.0,0.6675703435430336,,,,0.0,,,,B,3.008155200886693,AI_VERIFIED,False
1622999.0,root1:batch_13,4575232.0,0.43394439723200195,5968128.0,case_099,3,3.0,4575232.0,incumbent_disperse_tid_1000000580_node_800_core_1_pos_0,537694.0,8011776.0,incumbent_disperse_tid_1000000580_node_800_core_1_pos_0,0.89812745800009,537694.0,2534036.0,3813376.0,b447310f9bbf2baf695a2c9ce36e243fa7faf0be0d14c6dac6300c2d047d709b,0.7966977500000212,10545812.0,disperse,4198400.0,8011776.0,4567040.0,0.4330832908503872,5978368.0,incumbent_base,538112.0,708f0474eb8ad9a7fce8e167a586470aa7a15be2f7be3e1aca7d2054326896d9,nan,,3.016098879043768,418.0,0.0007767899619410086,,,,4575232.0,incumbent_disperse_tid_1000000580_node_800_core_1_pos_0,,,C,3.018443575714068,AI_VERIFIED,False
1622999.0,root1:batch_13,0,0,0,case_099,4,0.0,0.0,,nan,9838592.0,L1_base,0.822641916000066,405336.0,2534036.0,5652480.0,72952b3e8433e3179f81b6b31328112f555776080f240deef8b68f456ac166f2,0.6596260829992389,12372628.0,legacy_seed,4186112.0,5484544.0,0,0,0,A0_base,1622999.0,08de978968c4f50e79379ae5c999cdf295cbf44e0db1443d3c2345041ecdd436,nan,,1.0,1217663.0,0.7502549293006342,,,,0.0,,,,A,4.004083032348471,AI_VERIFIED,False
1622999.0,root1:batch_13,0,0,0,case_099,4,0.0,0.0,,nan,9838592.0,L1_base,nan,405336.0,2534036.0,5652480.0,72952b3e8433e3179f81b6b31328112f555776080f240deef8b68f456ac166f2,nan,12372628.0,,4186112.0,5484544.0,0,0,0,B0_base,1622999.0,08de978968c4f50e79379ae5c999cdf295cbf44e0db1443d3c2345041ecdd436,nan,,1.0,1217663.0,0.7502549293006342,,,,0.0,,,,B,4.004083032348471,AI_VERIFIED,False
1622999.0,root1:batch_13,6320128.0,0.5360314393034717,5470464.0,case_099,4,3.0,6320128.0,C1_base,403147.0,9256960.0,C1_base,0.97780099999909,403147.0,2534036.0,5713920.0,afe4a70b20dd4062265ee65e7f1b20d83e9a3e4cbbb4023aaf2e1fd8a8384399,0.851142166999125,11790996.0,seed,3543040.0,9838592.0,6889472.0,0.5568499244759875,5482752.0,incumbent_base,403555.0,72952b3e8433e3179f81b6b31328112f555776080f240deef8b68f456ac166f2,nan,,4.021754159903854,408.0,0.0010110146076742947,,,,6889472.0,incumbent_base,,,C,4.0258243271064895,AI_VERIFIED,False
1622999.0,root1:batch_13,0,0,0,case_099,5,0.0,0.0,,nan,10371072.0,A1_base,nan,336826.0,2534036.0,7618560.0,6e49d5c4c9930dd5e867b76975ac70b6b6e449e2f1deff0d97215729ef92a639,nan,12905108.0,,2752512.0,5484544.0,0,0,0,A0_base,1622999.0,a12cff60951bd51de2600c6e4b74637cb16871be877599fad3f5243f2c01466a,nan,,1.0,1286173.0,0.7924669084823835,,,,0.0,,,,A,4.818508666195602,AI_VERIFIED,False
1622999.0,root1:batch_13,0,0,0,case_099,5,0.0,0.0,,nan,10371072.0,B1_base,nan,336826.0,2534036.0,7618560.0,6e49d5c4c9930dd5e867b76975ac70b6b6e449e2f1deff0d97215729ef92a639,nan,12905108.0,,2752512.0,5484544.0,0,0,0,B0_base,1622999.0,a12cff60951bd51de2600c6e4b74637cb16871be877599fad3f5243f2c01466a,nan,,1.0,1286173.0,0.7924669084823835,,,,0.0,,,,B,4.818508666195602,AI_VERIFIED,False
1622999.0,root1:batch_13,6717440.0,0.5219086262107923,6153472.0,case_099,5,3.0,6717440.0,r2_boundary_n199_c0_p0,327139.0,10343424.0,r2_boundary_n199_c0_p0,1.205746415998874,327139.0,2534036.0,7631872.0,519d216b3455efddc8c94a6802222ace90ec58bf194442d5b9ba22071e3453f5,0.9445946670002741,12877460.0,ordinary_chain,2711552.0,10371072.0,6762496.0,0.5240334067329246,6142208.0,incumbent_base,327731.0,6e49d5c4c9930dd5e867b76975ac70b6b6e449e2f1deff0d97215729ef92a639,nan,,4.9522291147312885,592.0,0.0018063594838449825,,,,6762496.0,incumbent_base,,,C,4.9611908087999295,AI_VERIFIED,False
151223.0,root1:batch_07,0,0,0,case_100,1,0.0,0.0,,nan,5640.0,L2_base,0.1452662909996434,148339.0,454598.0,5640.0,6cb5f2246711946042491dddb2d61d1fce60585560b5a99023abed3d0d7e9780,0.12488537500030361,460238.0,legacy_seed,0.0,0.0,0,0,0,A0_base,151223.0,4b6acef75fa8c83443c8f4fc8c7057e42c213236f7b4b3fd66a43a96b59b8f25,nan,,1.0,2884.0,0.01907117303584772,,,,0.0,,,,A,1.0194419539028845,AI_VERIFIED,False
151223.0,root1:batch_07,0,0,0,case_100,1,0.0,0.0,,nan,0.0,q1_warm_base,nan,148885.0,454598.0,0.0,6cb5f2246711946042491dddb2d61d1fce60585560b5a99023abed3d0d7e9780,nan,454598.0,,0.0,0.0,0,0,0,B0_base,151223.0,4b6acef75fa8c83443c8f4fc8c7057e42c213236f7b4b3fd66a43a96b59b8f25,nan,,1.0,2338.0,0.01546061115042024,,,,0.0,,,,B,1.0157033952379353,AI_VERIFIED,False
151223.0,root1:batch_07,0.0,0.0,436006.0,case_100,1,0.0,0.0,,nan,0.0,incumbent_split_release_g1_p4,0.26303858299979765,142753.0,454598.0,0.0,a51c474cc16ff83df6334df2684435574a26d4fde0830e12a22ca073a4d32c73,0.18965683299938974,454598.0,timing,0.0,0.0,0.0,0.0,436006.0,incumbent_base,148885.0,6cb5f2246711946042491dddb2d61d1fce60585560b5a99023abed3d0d7e9780,nan,,1.0157033952379353,6132.0,0.04118615038452497,,,,0.0,,,,C,1.0593332539421239,AI_VERIFIED,False
151223.0,root1:batch_07,0,0,0,case_100,2,0.0,0.0,,nan,16896.0,L1_base,0.1841122500009078,81080.0,454598.0,16896.0,e52b51930e549834998c4cb19e745e9eecf56cfb5caf08d1d6e05e3df18b098f,0.15765375000046333,471494.0,legacy_seed,0.0,0.0,0,0,0,A0_base,151223.0,0befda7b61cdf30a58526475ae7b9a8b14ed713cf13fec966b6018ca41b97937,nan,,1.0,70143.0,0.46383817276472494,,,,0.0,,,,A,1.8651085347804637,AI_VERIFIED,False
151223.0,root1:batch_07,0,0,0,case_100,2,0.0,0.0,,nan,16896.0,L1_base,nan,81080.0,454598.0,16896.0,e52b51930e549834998c4cb19e745e9eecf56cfb5caf08d1d6e05e3df18b098f,nan,471494.0,,0.0,0.0,0,0,0,B0_base,151223.0,0befda7b61cdf30a58526475ae7b9a8b14ed713cf13fec966b6018ca41b97937,nan,,1.0,70143.0,0.46383817276472494,,,,0.0,,,,B,1.8651085347804637,AI_VERIFIED,False
151223.0,root1:batch_07,16896.0,0.037306083876865195,436006.0,case_100,2,3.0,16896.0,incumbent_split_release_g0_p4,77421.0,16896.0,incumbent_split_release_g0_p4,0.21665575000042736,77421.0,454598.0,16896.0,b9df5653c1b1411f9d9ca6fcd25435721b084bdc437dbd18cf6e880a208c9798,0.1983029160001024,471494.0,timing,0.0,16896.0,16896.0,0.037306083876865195,436006.0,incumbent_base,81080.0,e52b51930e549834998c4cb19e745e9eecf56cfb5caf08d1d6e05e3df18b098f,nan,,1.8651085347804637,3659.0,0.045128268376911695,,,,16896.0,incumbent_split_release_g0_p4,,,C,1.9532555766523294,AI_VERIFIED,False
151223.0,root1:batch_07,0,0,0,case_100,3,0.0,0.0,,nan,72192.0,L1_base,0.3126932079994731,57811.0,454598.0,72192.0,3f6345b6e1a335df946a41f70570a0010ccfdf95372a8d6ad0b6bb8e11ef064d,0.15606916700016882,526790.0,legacy_seed,0.0,0.0,0,0,0,A0_base,151223.0,db14d1f28cb07190335e560cceb5bc82a8fe3b02ebb8bcd23524e15a869cf614,nan,,1.0,93412.0,0.6177102689405712,,,,0.0,,,,A,2.6158170590372074,AI_VERIFIED,False
151223.0,root1:batch_07,0,0,0,case_100,3,0.0,0.0,,nan,72192.0,L1_base,nan,57811.0,454598.0,72192.0,3f6345b6e1a335df946a41f70570a0010ccfdf95372a8d6ad0b6bb8e11ef064d,nan,526790.0,,0.0,0.0,0,0,0,B0_base,151223.0,db14d1f28cb07190335e560cceb5bc82a8fe3b02ebb8bcd23524e15a869cf614,nan,,1.0,93412.0,0.6177102689405712,,,,0.0,,,,B,2.6158170590372074,AI_VERIFIED,False
151223.0,root1:batch_07,53760.0,0.10578554028154381,454438.0,case_100,3,2.0,53760.0,incumbent_base,57811.0,72192.0,incumbent_base,nan,57811.0,454598.0,72192.0,3f6345b6e1a335df946a41f70570a0010ccfdf95372a8d6ad0b6bb8e11ef064d,nan,526790.0,,0.0,72192.0,53760.0,0.10578554028154381,454438.0,incumbent_base,57811.0,3f6345b6e1a335df946a41f70570a0010ccfdf95372a8d6ad0b6bb8e11ef064d,nan,,2.6158170590372074,0.0,0.0,,,,53760.0,incumbent_base,,,C,2.6158170590372074,AI_VERIFIED,False
151223.0,root1:batch_07,0,0,0,case_100,4,0.0,0.0,,nan,12288.0,A1_base,nan,87316.0,454598.0,12288.0,418382e01aeb17e54d73e7b8bb5a82210e780baf5ab3c16360e0c2b1f1e7f374,nan,466886.0,,0.0,0.0,0,0,0,A0_base,151223.0,c1feb7a94476781cbb7e4ccf7c8f896fba80fd999bbd9cee8b86e37e051eb5b9,nan,,1.0,63907.0,0.42260105936266307,,,,0.0,,,,A,1.7319048055339228,AI_VERIFIED,False
151223.0,root1:batch_07,0,0,0,case_100,4,0.0,0.0,,nan,12288.0,B1_base,nan,87316.0,454598.0,12288.0,418382e01aeb17e54d73e7b8bb5a82210e780baf5ab3c16360e0c2b1f1e7f374,nan,466886.0,,0.0,0.0,0,0,0,B0_base,151223.0,c1feb7a94476781cbb7e4ccf7c8f896fba80fd999bbd9cee8b86e37e051eb5b9,nan,,1.0,63907.0,0.42260105936266307,,,,0.0,,,,B,1.7319048055339228,AI_VERIFIED,False
151223.0,root1:batch_07,308864.0,0.2582043136599231,887336.0,case_100,4,2.0,308864.0,r10_capacity_g6_front,72103.0,1219716.0,r10_capacity_g6_front,0.25491279200105055,72103.0,454598.0,1203332.0,553cd2d167a8a2a6aef8841fcdbfed7c7a69a1d63791c04ffbff8de8e6ee67f2,0.19039454199992178,1674314.0,ordinary_chain,16384.0,12288.0,12288.0,0.02741058323332456,436006.0,incumbent_base,87316.0,418382e01aeb17e54d73e7b8bb5a82210e780baf5ab3c16360e0c2b1f1e7f374,nan,,1.7319048055339228,15213.0,0.17422923633698292,,,,308864.0,r10_capacity_g6_front,,,C,2.0973191129356614,AI_VERIFIED,False
151223.0,root1:batch_07,0,0,0,case_100,5,0.0,0.0,,nan,12288.0,A1_base,nan,87316.0,454598.0,12288.0,bc60e0caf96e94c248ea707c126335fdf54202ddf7c9bfabe440b23c14d5715c,nan,466886.0,,0.0,0.0,0,0,0,A0_base,151223.0,87a807082594cd1500c03839e4106ae4721aecf35c4cbe622e824d2d759c8257,nan,,1.0,63907.0,0.42260105936266307,,,,0.0,,,,A,1.7319048055339228,AI_VERIFIED,False
151223.0,root1:batch_07,0,0,0,case_100,5,0.0,0.0,,nan,12288.0,B1_base,nan,87316.0,454598.0,12288.0,bc60e0caf96e94c248ea707c126335fdf54202ddf7c9bfabe440b23c14d5715c,nan,466886.0,,0.0,0.0,0,0,0,B0_base,151223.0,87a807082594cd1500c03839e4106ae4721aecf35c4cbe622e824d2d759c8257,nan,,1.0,63907.0,0.42260105936266307,,,,0.0,,,,B,1.7319048055339228,AI_VERIFIED,False
151223.0,root1:batch_07,351360.0,0.2750066137462607,926282.0,case_100,5,2.0,351360.0,r10_capacity_g8_front,59623.0,1340104.0,r10_capacity_g8_front,0.20834183300030418,59623.0,454598.0,1323720.0,09e070ea4359869168c1bd47fbb4ca0f9a0ca18bb07d1be0d5705daa46eb29b7,0.17259679100061476,1794702.0,ordinary_chain,16384.0,12288.0,12288.0,0.02741058323332456,436006.0,incumbent_base,87316.0,bc60e0caf96e94c248ea707c126335fdf54202ddf7c9bfabe440b23c14d5715c,nan,,1.7319048055339228,27693.0,0.31715836730954233,,,,351360.0,r10_capacity_g8_front,,,C,2.5363198765577044,AI_VERIFIED,False
