added_copy_bytes,cache_hit_bytes,cache_hit_rate,cache_miss_bytes,candidate,case,cores,error,error_type,evaluation_seconds,makespan,mandatory_rank,order,original_graph_copy_bytes,partition_added_copy_bytes,plan_sha256,scene,scheduled_copy_bytes,source,spill_added_copy_bytes,status
0,0,0.0,0,A0_base,case_064,5,,,0.26174299999911455,19116,0,1,37414,0,0e3b42e1dbc1a5630fc2210cd2f0b6ab2434cffb077bf784caf4b64f3fcbad62,A,37414,seed,0,AI_VERIFIED
70908,0,0.0,0,A2_base,case_064,5,,,0.13020866599981673,27056,,2,37414,70908,1f7d40a594953c3a523f312094cbef569c0c75caef34ce34c10f1163c895e1c2,A,108322,seed,0,AI_VERIFIED
,,,,A2_capacity_g0_back,case_064,5,task schedule: dependency cycle; 0 -[subgraph dependency]-> 1; 1 -[subgraph dependency]-> 2; 2 -[subgraph dependency]-> 3; 3 -[subgraph dependency]-> 4; 4 -[subgraph dependency]-> 5; 5 -[subgraph dependency]-> 6; 6 -[subgraph dependency]-> 7; 7 -[subgraph dependency]-> 8; 8 -[subgraph dependency]-> 9; 9 -[core 0 task order]-> 0,EvaluationValidationError,0.008199124999009655,,,3,,,08eea139507f9af5b3d4643de52d07742c69f106d6730b7fa699baa5e291a350,A,,capacity,,EVALUATION_FAILED
,,,,A2_capacity_g1_back,case_064,5,task schedule: dependency cycle; 1 -[subgraph dependency]-> 2; 2 -[subgraph dependency]-> 3; 3 -[subgraph dependency]-> 4; 4 -[subgraph dependency]-> 5; 5 -[subgraph dependency]-> 6; 6 -[subgraph dependency]-> 7; 7 -[subgraph dependency]-> 8; 8 -[core 1 task order]-> 1,EvaluationValidationError,0.006516665998788085,,,4,,,0cc7ad41682c484a1ec2af4db7bf0696db588e227fcb5e5fe3b3ce6bd06bd298,A,,capacity,,EVALUATION_FAILED
,,,,A2_capacity_g4_front,case_064,5,task schedule: dependency cycle; 0 -[subgraph dependency]-> 1; 1 -[subgraph dependency]-> 2; 2 -[subgraph dependency]-> 3; 3 -[subgraph dependency]-> 4; 4 -[core 0 task order]-> 0,EvaluationValidationError,0.008718957999008126,,,5,,,7802b21ce1a789734d8fe0c9f8b530c8d55ff91b3f87bdeb501455864e3ce4a7,A,,capacity,,EVALUATION_FAILED
,,,,A2_capacity_g6_back,case_064,5,task schedule: dependency cycle; 6 -[subgraph dependency]-> 7; 7 -[subgraph dependency]-> 8; 8 -[core 1 task order]-> 6,EvaluationValidationError,0.006025915999998688,,,6,,,5e72785a0375c7183e9b53397fd59e11fec731450bd607d76143060b6d9400e6,A,,capacity,,EVALUATION_FAILED
,,,,A2_capacity_g6_front,case_064,5,task schedule: dependency cycle; 1 -[subgraph dependency]-> 2; 2 -[subgraph dependency]-> 3; 3 -[subgraph dependency]-> 4; 4 -[subgraph dependency]-> 5; 5 -[subgraph dependency]-> 6; 6 -[core 1 task order]-> 1,EvaluationValidationError,0.018207207998784725,,,7,,,d4537b159090a20128d586f30850e94aa5f448f401999faf18376ae7eff11259,A,,capacity,,EVALUATION_FAILED
,,,,A2_capacity_g7_front,case_064,5,task schedule: dependency cycle; 0 -[subgraph dependency]-> 1; 1 -[subgraph dependency]-> 2; 2 -[subgraph dependency]-> 3; 3 -[subgraph dependency]-> 4; 4 -[subgraph dependency]-> 5; 5 -[subgraph dependency]-> 6; 6 -[subgraph dependency]-> 7; 7 -[core 0 task order]-> 0,EvaluationValidationError,0.013611750000563916,,,8,,,2ec201d0365ac2cc6c91a7e730ea7466cbdaaa815247262dd1bf2141f12a41a6,A,,capacity,,EVALUATION_FAILED
,,,,A2_capacity_g8_front,case_064,5,task schedule: dependency cycle; 1 -[subgraph dependency]-> 2; 2 -[subgraph dependency]-> 3; 3 -[subgraph dependency]-> 4; 4 -[subgraph dependency]-> 5; 5 -[subgraph dependency]-> 6; 6 -[subgraph dependency]-> 7; 7 -[subgraph dependency]-> 8; 8 -[core 1 task order]-> 1,EvaluationValidationError,0.007056750000629108,,,9,,,6b0de991248e9797a646c3e245f87bbea7e6cee127edfc1b72c5cbc23fab7d16,A,,capacity,,EVALUATION_FAILED
70908,0,0.0,0,A2_move,case_064,5,,,0.145869040999969,27056,,10,37414,70908,8671692b61a98086067ea658ecb91395595457429e9d7f65881493af4ea3d9a6,A,108322,ordinary,0,AI_VERIFIED
86048,0,0.0,0,L2_base,case_064,5,,,0.16946049999933166,28072,,11,37414,86048,6cc3160c60262099fe4b5b3800856fa0b2f7bfe7d70ff7416fc71603530c9495,A,123462,legacy_seed,0,AI_VERIFIED
200290,0,0.0,0,A3_base,case_064,5,,,0.22140508300071815,24643,,12,37414,200290,df16bffe2792bf5e2096b15c36884111161066ae570ec62c61339aff101bfcf9,A,237704,seed,0,AI_VERIFIED
,,,,A3_capacity_g6_front,case_064,5,task schedule: dependency cycle; 0 -[subgraph dependency]-> 2; 2 -[subgraph dependency]-> 6; 6 -[core 0 task order]-> 0,EvaluationValidationError,0.008429249999608146,,,13,,,fd711a8ec853fd493a01237416292361f7c28911e1f07d04fce9cb45967854c2,A,,capacity,,EVALUATION_FAILED
200290,0,0.0,0,A3_move,case_064,5,,,0.19409479099886084,24643,,14,37414,200290,1c6f043872c7ae893df2e016d042722b8e732e576a283ef01fd8e7a18e1914c7,A,237704,ordinary,0,AI_VERIFIED
218534,0,0.0,0,L3_base,case_064,5,,,0.21226795799884712,38196,,15,37414,218534,f25fdffae8037bcc743f15deb59384339476c0ebade6e2b79c442e623092d6e8,A,255948,legacy_seed,0,AI_VERIFIED
0,0,0.0,0,B0_base,case_064,5,,,0.14193312499992317,19116,0,1,37414,0,0e3b42e1dbc1a5630fc2210cd2f0b6ab2434cffb077bf784caf4b64f3fcbad62,B,37414,seed,0,AI_VERIFIED
102988,0,0.0,0,B2_base,case_064,5,,,0.13914837499942223,22813,,2,37414,102988,c8b7c4f3d07405d03a31fa1ceac1473a5bd6bfc133a1e51fdcebcd193b94c874,B,140402,seed,0,AI_VERIFIED
,,,,B2_capacity_g14_front,case_064,5,"global execution (core, op): dependency cycle; (0, 1000001111) -[PIPE_MTE3 FIFO]-> (0, 1000001114); (0, 1000001114) -[PIPE_MTE3 FIFO]-> (0, 1000001117); (0, 1000001117) -[PIPE_MTE3 FIFO]-> (0, 1000001120); (0, 1000001120) -[PIPE_MTE3 FIFO]-> (0, 1000001123); (0, 1000001123) -[PIPE_MTE3 FIFO]-> (0, 1000001126); (0, 1000001126) -[PIPE_MTE3 FIFO]-> (0, 1000001129); (0, 1000001129) -[PIPE_MTE3 FIFO]-> (0, 1000001339); (0, 1000001339) -[PIPE_MTE3 FIFO]-> (0, 1000001291); (0, 1000001291) -[PIPE_MTE3 FIFO]-> (0, 1000001330); (0, 1000001330) -[PIPE_MTE3 FIFO]-> (0, 1000001333); (0, 1000001333) -[PIPE_MTE3 FIFO]-> (0, 1000001336); (0, 1000001336) -[PIPE_MTE3 FIFO]-> (0, 1000001288); (0, 1000001288) -[PIPE_MTE3 FIFO]-> (0, 1000001432); (0, 1000001432) -[PIPE_MTE3 FIFO]-> (0, 1000001444); (0, 1000001444) -[PIPE_MTE3 FIFO]-> (0, 1000001456); (0, 1000001456) -[PIPE_MTE3 FIFO]-> (0, 1000001417); ... (76 edges total)",EvaluationValidationError,0.11622995900142996,,,3,,,ccff35cfd429af59a9d0406dea23755682e8c1a5a44d53c8898b1adee15dd65a,B,,capacity,,EVALUATION_FAILED
,,,,B2_capacity_g18_front,case_064,5,"global execution (core, op): dependency cycle; (0, 1000001336) -[PIPE_MTE3 FIFO]-> (0, 1000001288); (0, 1000001288) -[PIPE_MTE3 FIFO]-> (0, 1000001432); (0, 1000001432) -[PIPE_MTE3 FIFO]-> (0, 1000001444); (0, 1000001444) -[PIPE_MTE3 FIFO]-> (0, 1000001456); (0, 1000001456) -[PIPE_MTE3 FIFO]-> (0, 1000001417); (0, 1000001417) -[PIPE_MTE3 FIFO]-> (0, 1000001420); (0, 1000001420) -[PIPE_MTE3 FIFO]-> (0, 1000001423); (0, 1000001423) -[PIPE_MTE3 FIFO]-> (0, 1000001426); (0, 1000001426) -[PIPE_MTE3 FIFO]-> (0, 1000001405); (0, 1000001405) -[PIPE_MTE3 FIFO]-> (0, 1000001408); (0, 1000001408) -[PIPE_MTE3 FIFO]-> (0, 1000001411); (0, 1000001411) -[PIPE_MTE3 FIFO]-> (0, 1000001414); (0, 1000001414) -[PIPE_MTE3 FIFO]-> (0, 1000001429); (0, 1000001429) -[PIPE_MTE3 FIFO]-> (0, 1000001441); (0, 1000001441) -[PIPE_MTE3 FIFO]-> (0, 1000001453); (0, 1000001453) -[PIPE_MTE3 FIFO]-> (0, 1000001555); ... (102 edges total)",EvaluationValidationError,0.14365062499928172,,,4,,,fd440984495a1e57d5578da2718d75cd1b65efd8d6d692f1d1872c66ad6f04c6,B,,capacity,,EVALUATION_FAILED
,,,,B2_capacity_g3_front,case_064,5,"global execution (core, op): dependency cycle; (0, 41) -[local data/memory dependency]-> (0, 42); (0, 42) -[local data/memory dependency]-> (0, 1000001111); (0, 1000001111) -[PIPE_MTE3 FIFO]-> (0, 1000001114); (0, 1000001114) -[PIPE_MTE3 FIFO]-> (0, 1000001117); (0, 1000001117) -[PIPE_MTE3 FIFO]-> (0, 1000001120); (0, 1000001120) -[PIPE_MTE3 FIFO]-> (0, 1000001123); (0, 1000001123) -[PIPE_MTE3 FIFO]-> (0, 1000001126); (0, 1000001126) -[PIPE_MTE3 FIFO]-> (0, 1000001129); (0, 1000001129) -[cross-core COPY]-> (1, 1000001130); (1, 1000001130) -[local data/memory dependency]-> (1, 71); (1, 71) -[local data/memory dependency]-> (1, 72); (1, 72) -[local data/memory dependency]-> (1, 83); (1, 83) -[local data/memory dependency]-> (1, 91); (1, 91) -[local data/memory dependency]-> (1, 1000001177); (1, 1000001177) -[PIPE_MTE3 FIFO]-> (1, 1000001201); (1, 1000001201) -[PIPE_MTE3 FIFO]-> (1, 1000001225); ... (64 edges total)",EvaluationValidationError,0.11607704200105218,,,5,,,1a7d4b3c3f54c5c19658d313c305978fbd3c5d4a19be2dc822bc332b4bbba997,B,,capacity,,EVALUATION_FAILED
,,,,B2_capacity_g4_back,case_064,5,"global execution (core, op): dependency cycle; (0, 1000001336) -[PIPE_MTE3 FIFO]-> (0, 1000001288); (0, 1000001288) -[PIPE_MTE3 FIFO]-> (0, 1000001432); (0, 1000001432) -[PIPE_MTE3 FIFO]-> (0, 1000001444); (0, 1000001444) -[PIPE_MTE3 FIFO]-> (0, 1000001456); (0, 1000001456) -[PIPE_MTE3 FIFO]-> (0, 1000001417); (0, 1000001417) -[PIPE_MTE3 FIFO]-> (0, 1000001420); (0, 1000001420) -[PIPE_MTE3 FIFO]-> (0, 1000001423); (0, 1000001423) -[PIPE_MTE3 FIFO]-> (0, 1000001426); (0, 1000001426) -[PIPE_MTE3 FIFO]-> (0, 1000001405); (0, 1000001405) -[PIPE_MTE3 FIFO]-> (0, 1000001408); (0, 1000001408) -[PIPE_MTE3 FIFO]-> (0, 1000001411); (0, 1000001411) -[PIPE_MTE3 FIFO]-> (0, 1000001414); (0, 1000001414) -[PIPE_MTE3 FIFO]-> (0, 1000001429); (0, 1000001429) -[PIPE_MTE3 FIFO]-> (0, 1000001441); (0, 1000001441) -[PIPE_MTE3 FIFO]-> (0, 1000001453); (0, 1000001453) -[PIPE_MTE3 FIFO]-> (0, 1000001555); ... (109 edges total)",EvaluationValidationError,0.11017250000077183,,,6,,,97a8eed7551c312da778d102be079442a52c90345dc71120473471055e37a42c,B,,capacity,,EVALUATION_FAILED
,,,,B2_capacity_g9_back,case_064,5,"global execution (core, op): dependency cycle; (0, 1000001432) -[PIPE_MTE3 FIFO]-> (0, 1000001444); (0, 1000001444) -[PIPE_MTE3 FIFO]-> (0, 1000001456); (0, 1000001456) -[PIPE_MTE3 FIFO]-> (0, 1000001417); (0, 1000001417) -[PIPE_MTE3 FIFO]-> (0, 1000001420); (0, 1000001420) -[PIPE_MTE3 FIFO]-> (0, 1000001423); (0, 1000001423) -[PIPE_MTE3 FIFO]-> (0, 1000001426); (0, 1000001426) -[PIPE_MTE3 FIFO]-> (0, 1000001405); (0, 1000001405) -[PIPE_MTE3 FIFO]-> (0, 1000001408); (0, 1000001408) -[PIPE_MTE3 FIFO]-> (0, 1000001411); (0, 1000001411) -[PIPE_MTE3 FIFO]-> (0, 1000001414); (0, 1000001414) -[PIPE_MTE3 FIFO]-> (0, 1000001429); (0, 1000001429) -[PIPE_MTE3 FIFO]-> (0, 1000001441); (0, 1000001441) -[PIPE_MTE3 FIFO]-> (0, 1000001453); (0, 1000001453) -[cross-core COPY]-> (1, 1000001454); (1, 1000001454) -[local data/memory dependency]-> (1, 630); (1, 630) -[local data/memory dependency]-> (1, 631); ... (63 edges total)",EvaluationValidationError,0.11576324999987264,,,7,,,6d9f443b1bf34d28339848db65e7d23ef8547fdddbc7058a71cd93fdad6678f6,B,,capacity,,EVALUATION_FAILED
129454,0,0.0,0,L2_base,case_064,5,,,0.1558860420009296,22504,,8,37414,129454,03893bad2b50f3cf940c9c6828ab496176e8984cde76de03c7874caf8ce1a42f,B,166868,legacy_seed,0,AI_VERIFIED
114318,0,0.0,0,B2_move,case_064,5,,,0.1587866669997311,23349,,9,37414,114318,bf0a2d5c6851f5a1fa6aa4a5cab9fa89e67a25646765c2f80c07177229b122a2,B,151732,ordinary,0,AI_VERIFIED
110344,0,0.0,0,B3_base,case_064,5,,,0.18149008299951674,22850,,10,37414,110344,ef886e5c14df7498fdbac7179f505ad578dba19b59ee90a4436ab6dbf8ad7813,B,147758,seed,0,AI_VERIFIED
,,,,B3_capacity_g17_front,case_064,5,"global execution (core, op): dependency cycle; (0, 1000001497) -[PIPE_MTE3 FIFO]-> (0, 1000001305); (0, 1000001305) -[PIPE_MTE3 FIFO]-> (0, 1000001494); (0, 1000001494) -[PIPE_MTE3 FIFO]-> (0, 1000001428); (0, 1000001428) -[PIPE_MTE3 FIFO]-> (0, 1000001398); (0, 1000001398) -[PIPE_MTE3 FIFO]-> (0, 1000001401); (0, 1000001401) -[PIPE_MTE3 FIFO]-> (0, 1000001404); (0, 1000001404) -[PIPE_MTE3 FIFO]-> (0, 1000001389); (0, 1000001389) -[PIPE_MTE3 FIFO]-> (0, 1000001386); (0, 1000001386) -[cross-core COPY]-> (1, 1000001387); (1, 1000001387) -[local data/memory dependency]-> (1, 369); (1, 369) -[local data/memory dependency]-> (1, 371); (1, 371) -[local data/memory dependency]-> (1, 372); (1, 372) -[local data/memory dependency]-> (1, 396); (1, 396) -[local data/memory dependency]-> (1, 455); (1, 455) -[local data/memory dependency]-> (1, 456); (1, 456) -[local data/memory dependency]-> (1, 460); ... (73 edges total)",EvaluationValidationError,0.13088916699962283,,,11,,,159adcbae770eea3df124422d4a480152374852730706aac28615ace2a27359d,B,,capacity,,EVALUATION_FAILED
,,,,B3_capacity_g18_back,case_064,5,"global execution (core, op): dependency cycle; (0, 1000001668) -[PIPE_MTE3 FIFO]-> (0, 1000001704); (0, 1000001704) -[cross-core COPY]-> (1, 1000001705); (1, 1000001705) -[local data/memory dependency]-> (1, 964); (1, 964) -[local data/memory dependency]-> (1, 965); (1, 965) -[local data/memory dependency]-> (1, 966); (1, 966) -[local data/memory dependency]-> (1, 967); (1, 967) -[local data/memory dependency]-> (1, 968); (1, 968) -[local data/memory dependency]-> (1, 1000001707); (1, 1000001707) -[PIPE_MTE3 FIFO]-> (1, 1000001696); (1, 1000001696) -[PIPE_MTE3 FIFO]-> (1, 1000001685); (1, 1000001685) -[PIPE_MTE3 FIFO]-> (1, 1000001671); (1, 1000001671) -[PIPE_MTE3 FIFO]-> (1, 1000001500); (1, 1000001500) -[PIPE_MTE3 FIFO]-> (1, 1000001425); (1, 1000001425) -[PIPE_MTE3 FIFO]-> (1, 1000001452); (1, 1000001452) -[PIPE_MTE3 FIFO]-> (1, 1000001476); (1, 1000001476) -[PIPE_MTE3 FIFO]-> (1, 1000001479); ... (87 edges total)",EvaluationValidationError,0.14048195800023677,,,12,,,46b8d0ee8ac7e14d5eff4decfc988c413ecfc966fed71908251d99a84aaa1a65,B,,capacity,,EVALUATION_FAILED
,,,,B3_capacity_g3_front,case_064,5,"global execution (core, op): dependency cycle; (0, 1000001116) -[PIPE_MTE3 FIFO]-> (0, 1000001125); (0, 1000001125) -[PIPE_MTE3 FIFO]-> (0, 1000001134); (0, 1000001134) -[PIPE_MTE3 FIFO]-> (0, 1000001143); (0, 1000001143) -[PIPE_MTE3 FIFO]-> (0, 1000001296); (0, 1000001296) -[PIPE_MTE3 FIFO]-> (0, 1000001308); (0, 1000001308) -[PIPE_MTE3 FIFO]-> (0, 1000001320); (0, 1000001320) -[PIPE_MTE3 FIFO]-> (0, 1000001392); (0, 1000001392) -[PIPE_MTE3 FIFO]-> (0, 1000001395); (0, 1000001395) -[PIPE_MTE3 FIFO]-> (0, 1000001515); (0, 1000001515) -[PIPE_MTE3 FIFO]-> (0, 1000001521); (0, 1000001521) -[PIPE_MTE3 FIFO]-> (0, 1000001527); (0, 1000001527) -[PIPE_MTE3 FIFO]-> (0, 1000001533); (0, 1000001533) -[PIPE_MTE3 FIFO]-> (0, 1000001584); (0, 1000001584) -[PIPE_MTE3 FIFO]-> (0, 1000001587); (0, 1000001587) -[PIPE_MTE3 FIFO]-> (0, 1000001590); (0, 1000001590) -[PIPE_MTE3 FIFO]-> (0, 1000001593); ... (53 edges total)",EvaluationValidationError,0.13256441600060498,,,13,,,b5870ac31542b0a402db8089190fad23178558ee37db9d118bfd95a2d6fcfe14,B,,capacity,,EVALUATION_FAILED
111112,0,0.0,0,B3_move,case_064,5,,,0.15460275000077672,22832,,14,37414,111112,6991c16ae7aa71d2bc7fe0ca814b845c27daa10ad147f7001278f92ebd7ca9eb,B,148526,ordinary,0,AI_VERIFIED
198736,0,0.0,0,L3_base,case_064,5,,,0.17368733400144265,25138,,15,37414,198736,eb9b40052278eed597d8f3704459dc61161c8dd40b8d95799a25ac83dc7e3fb4,B,236150,legacy_seed,0,AI_VERIFIED
0,0,0.0,35622,incumbent_base,case_064,5,,,0.1787573750007141,19116,0,1,37414,0,0e3b42e1dbc1a5630fc2210cd2f0b6ab2434cffb077bf784caf4b64f3fcbad62,C,37414,incumbent,0,AI_VERIFIED
102988,6220,0.0707316518456185,81718,C2_base,case_064,5,,,0.17574995799986937,22812,,2,37414,102988,c8b7c4f3d07405d03a31fa1ceac1473a5bd6bfc133a1e51fdcebcd193b94c874,C,140402,seed,0,AI_VERIFIED
110536,5478,0.05869746908685682,87848,C3_base,case_064,5,,,0.15868154199961282,22850,,3,37414,110536,9683595c77239895177bb6c01c5ac4ce3b7e60061a90c92f3c978ea95fcb9d79,C,147950,seed,0,AI_VERIFIED
0,0,0.0,35622,incumbent_split_height_g0_p4,case_064,5,,,0.120281999999861,19348,,4,37414,0,698dbbc9c191682984881212ebe7c5aff6b5521f7c09c8bc563ca12465d6e55b,C,37414,timing,0,AI_VERIFIED
0,0,0.0,35622,incumbent_split_release_g0_p4,case_064,5,,,0.12893625000106113,19353,,5,37414,0,d4740a3cc3da0219b7232a14fb4e4ee612b31ce8450510d6fbe61187e05e8aac,C,37414,timing,0,AI_VERIFIED
0,0,0.0,35622,incumbent_split_topo_g0_p4,case_064,5,,,0.1277345830003469,18686,,6,37414,0,dac78487ef07d6f81a911162ffb3680925b972c36cc1272a56889c2b9e126ad1,C,37414,timing,0,AI_VERIFIED
0,0,0.0,35622,incumbent_split_height_g0_p2,case_064,5,,,0.14507491599943023,19344,,7,37414,0,c2d484da34e1036a150d2e2be0e175493516cf641a6ac4b85cf56dc5933a1494,C,37414,timing,0,AI_VERIFIED
0,0,0.0,35622,incumbent_split_topo_g0_p2,case_064,5,,,0.13670825000008335,19017,,8,37414,0,f5ac7da024cbcef35acb892bd0456b3f50aeef9b897d400a86972c88f99beaa8,C,37414,timing,0,AI_VERIFIED
0,0,0.0,35622,incumbent_split_release_g0_p2,case_064,5,,,0.12994912499925704,19176,,9,37414,0,64130352eeddb4b249b7cdf046290b09c2c5535d163a84665440f1c957ffdff4,C,37414,timing,0,AI_VERIFIED
0,0,0.0,35622,incumbent_cache_delay_group_tid_1000000712_group_0_core_1_pos_0,case_064,5,,,0.13242429099955189,19116,,10,37414,0,50e687525f4182a25c2a487f0be82d75763a471a570dcb8e60d619476e3c12df,C,37414,cache_delay,0,AI_VERIFIED
0,0,0.0,35622,incumbent_cache_delay_group_tid_1000000712_group_0_core_2_pos_0,case_064,5,,,0.13084258300114016,19116,,11,37414,0,a6d0e907c202881aefc9a095092d1affbfb9cc13148490c1396cc8d1aab5bc4e,C,37414,cache_delay,0,AI_VERIFIED
0,0,0.0,35622,incumbent_cache_delay_group_tid_1000000712_group_0_core_3_pos_0,case_064,5,,,0.14897629100050835,19116,,12,37414,0,df92f72211e70e6708a3d7a3bcbd62631c6abdfb87a357323c43033e349e698b,C,37414,cache_delay,0,AI_VERIFIED
0,0,0.0,35622,incumbent_cache_delay_group_tid_1000000712_group_0_core_4_pos_0,case_064,5,,,0.12188908299867762,19116,,13,37414,0,cd58ebd1df1bdcea7a6976c9f8e44aebbb91aab595b84826177b58af1fd51359,C,37414,cache_delay,0,AI_VERIFIED
0,0,0.0,0,A0_base,case_070,5,,,0.4424065420007537,117300,0,1,419964,0,55e835db1b99a9d9f655359486f710bb494847eb6c040f4dc902547031256507,A,419964,seed,0,AI_VERIFIED
462848,0,0.0,0,A1_base,case_070,5,,,0.47029920800014224,30605,1,2,419964,462848,29a375132f4356966dc82708d9f5d8ec9855c2b80ba5c2ea255a1941acfb7dc0,A,882812,seed,0,AI_VERIFIED
449024,0,0.0,0,L1_base,case_070,5,,,0.4754205000008369,26275,,3,419964,449024,5be92a69af59b6223e5a47338dea5f156bbabd3f166cba46056ad8de824bf9fd,A,868988,legacy_seed,0,AI_VERIFIED
395564,0,0.0,0,A2_aggregate,case_070,5,,,0.3184885419996135,41150,,4,419964,395564,3440ae28105ea75b67c74e5ae8d31c79f8a11fad9a6d14d3fd9639efc19d94d3,A,815528,aggregate,0,AI_VERIFIED
469292,0,0.0,0,A2_base,case_070,5,,,0.28795924999940326,41126,,5,419964,469292,8d7edafec7bef8dac5bf787ded57e3b58f0c7b2e181e0bf6bf6e04ba16f567b7,A,889256,seed,0,AI_VERIFIED
469292,0,0.0,0,A2_capacity_g0_back,case_070,5,,,0.3078929999992397,41117,,6,419964,469292,7fd9f14dd3140af6bc9e9ce53dfbb135358754d4390add3a1cabd24b2c90593f,A,889256,capacity,0,AI_VERIFIED
469292,0,0.0,0,A2_capacity_g1_front,case_070,5,,,0.24970966600085376,79106,,7,419964,469292,4fe192a7be00240112ce06011ff9546b83f40bb6ea200a5a0afbf88d6069e023,A,889256,capacity,0,AI_VERIFIED
469292,0,0.0,0,A2_capacity_g2_back,case_070,5,,,0.32239395800024795,39000,,8,419964,469292,a6a5ced2c599a8fd7836c2712c5e86d0ef27638b8b77463b14ed44d48777489b,A,889256,capacity,0,AI_VERIFIED
469292,0,0.0,0,A2_capacity_g3_back,case_070,5,,,0.28058120800051256,70115,,9,419964,469292,d4b1f9e9f912d5a69ff1c43df081ea2bc79013bfac5302d431488b32fec76aee,A,889256,capacity,0,AI_VERIFIED
469292,0,0.0,0,A2_capacity_g5_front,case_070,5,,,0.3069152909993136,41151,,10,419964,469292,8d4f77ee0a83db77604890a942d0a73d3df01e24234908d7cbbfab175b136d19,A,889256,capacity,0,AI_VERIFIED
1976300,0,0.0,0,A3_aggregate,case_070,5,,,0.4277334159996826,107075,,11,419964,1976300,20a4bea66dd633047d7b5181239de2b6af3f8d8e048e1dd06ab3e40328174d42,A,2396264,aggregate,0,AI_VERIFIED
1976300,0,0.0,0,A3_base,case_070,5,,,0.40192137499980163,103814,,12,419964,1976300,6428b47a8fe932d48ceedd6f66309dff93bbbbfc6aab84d116acd44a57665563,A,2396264,seed,0,AI_VERIFIED
,,,,A3_capacity_g0_back,case_070,5,task schedule: dependency cycle; 0 -[subgraph dependency]-> 2; 2 -[subgraph dependency]-> 3; 3 -[core 2 task order]-> 19; 19 -[core 2 task order]-> 0,EvaluationValidationError,0.012396791000355734,,,13,,,28041ff9e8c00ac2dd7bca501ea2d5a22babef2debe3cb64f80cde2da1ca489b,A,,capacity,,EVALUATION_FAILED
,,,,A3_capacity_g10_back,case_070,5,task schedule: dependency cycle; 2 -[subgraph dependency]-> 3; 3 -[subgraph dependency]-> 4; 4 -[core 0 task order]-> 10; 10 -[subgraph dependency]-> 2,EvaluationValidationError,0.02105733399912424,,,14,,,452dd2c1d8af895f589603b94e850800fa15e18bbfe2fbbcfdfa5a62eab17271,A,,capacity,,EVALUATION_FAILED
1976300,0,0.0,0,A3_capacity_g10_front,case_070,5,,,0.4020636249988456,109068,,15,419964,1976300,50f8100919d936686ef5cf6cb97cf9fe7a807e5c75988e42eb3c6227c41f81c4,A,2396264,capacity,0,AI_VERIFIED
,,,,A3_capacity_g12_back,case_070,5,task schedule: dependency cycle; 2 -[subgraph dependency]-> 3; 3 -[core 2 task order]-> 19; 19 -[subgraph dependency]-> 16; 16 -[core 3 task order]-> 12; 12 -[subgraph dependency]-> 2,EvaluationValidationError,0.01843645799999649,,,16,,,8cfbcb8c7c949ac36e67e9ac6aa12405db9c78d304759dd1b647bff84b81170c,A,,capacity,,EVALUATION_FAILED
,,,,A3_capacity_g13_back,case_070,5,task schedule: dependency cycle; 2 -[subgraph dependency]-> 3; 3 -[core 2 task order]-> 19; 19 -[core 2 task order]-> 13; 13 -[subgraph dependency]-> 2,EvaluationValidationError,0.01827916700131027,,,17,,,e9fbc682a3da7fdff984949d3d93bc433910f72f913f16a8500088af47fbc655,A,,capacity,,EVALUATION_FAILED
1976300,0,0.0,0,A3_capacity_g13_front,case_070,5,,,0.4631971250000788,109068,,18,419964,1976300,7b68b069a53dbbb9b7e26f7f061095b1213da822ab9d390b1d81ddc521834182,A,2396264,capacity,0,AI_VERIFIED
,,,,A3_capacity_g14_back,case_070,5,task schedule: dependency cycle; 14 -[subgraph dependency]-> 15; 15 -[subgraph dependency]-> 16; 16 -[core 3 task order]-> 14,EvaluationValidationError,0.02605958399908559,,,19,,,49dbff3902f62d6acc86997c1d6807e17b5cc41d5410dbd85389d95dc86a4407,A,,capacity,,EVALUATION_FAILED
,,,,A3_capacity_g15_front,case_070,5,task schedule: dependency cycle; 2 -[subgraph dependency]-> 8; 8 -[subgraph dependency]-> 14; 14 -[subgraph dependency]-> 15; 15 -[core 1 task order]-> 9; 9 -[subgraph dependency]-> 2,EvaluationValidationError,0.020158125000307336,,,20,,,ea699083e0ed18a55a08fe84b5ba3f9eecde9411dac6eee42c71ddefb9ee39c0,A,,capacity,,EVALUATION_FAILED
0,0,0.0,0,B0_base,case_070,5,,,0.21072445899881131,117300,0,1,419964,0,55e835db1b99a9d9f655359486f710bb494847eb6c040f4dc902547031256507,B,419964,seed,0,AI_VERIFIED
462848,0,0.0,0,B1_base,case_070,5,,,0.192344791999858,30605,1,2,419964,462848,29a375132f4356966dc82708d9f5d8ec9855c2b80ba5c2ea255a1941acfb7dc0,B,882812,seed,0,AI_VERIFIED
449024,0,0.0,0,L1_base,case_070,5,,,0.1950644580010703,26275,,3,419964,449024,5be92a69af59b6223e5a47338dea5f156bbabd3f166cba46056ad8de824bf9fd,B,868988,legacy_seed,0,AI_VERIFIED
,,,,B3_move,case_070,5,"global execution (core, op): dependency cycle; (0, 3130) -[PIPE_MTE3 FIFO]-> (0, 3133); (0, 3133) -[cross-core COPY]-> (4, 3134); (4, 3134) -[local data/memory dependency]-> (4, 53); (4, 53) -[local data/memory dependency]-> (4, 55); (4, 55) -[local data/memory dependency]-> (4, 57); (4, 57) -[local data/memory dependency]-> (4, 3142); (4, 3142) -[PIPE_MTE3 FIFO]-> (4, 3172); (4, 3172) -[PIPE_MTE3 FIFO]-> (4, 3205); (4, 3205) -[PIPE_MTE3 FIFO]-> (4, 3236); (4, 3236) -[PIPE_MTE3 FIFO]-> (4, 3674); (4, 3674) -[PIPE_MTE3 FIFO]-> (4, 3680); (4, 3680) -[PIPE_MTE3 FIFO]-> (4, 3721); (4, 3721) -[PIPE_MTE3 FIFO]-> (4, 3866); (4, 3866) -[PIPE_MTE3 FIFO]-> (4, 3871); (4, 3871) -[PIPE_MTE3 FIFO]-> (4, 3876); (4, 3876) -[PIPE_MTE3 FIFO]-> (4, 3968); ... (28 edges total)",EvaluationValidationError,0.25682908299859264,,,4,,,d7499e223dedd91013f9bc06265b7b913caf9c46a20131973e4cb8594f074947,B,,ordinary,,EVALUATION_FAILED
1736652,0,0.0,0,B3_aggregate,case_070,5,,,0.3332252910004172,50789,,5,419964,1736652,68a9c48f8020bedf70f8cbff5eba48db0203bc0977678309362038ac7a5e7f82,B,2156616,aggregate,0,AI_VERIFIED
1736652,0,0.0,0,B3_base,case_070,5,,,0.3245100829990406,50789,,6,419964,1736652,119686756f7d1e16020b121fdd14793db47bda023e7f3df87fd41a70671be97c,B,2156616,seed,0,AI_VERIFIED
,,,,B3_capacity_g12_back,case_070,5,"global execution (core, op): dependency cycle; (3, 23) -[local data/memory dependency]-> (3, 25); (3, 25) -[local data/memory dependency]-> (3, 214); (3, 214) -[local data/memory dependency]-> (3, 216); (3, 216) -[local data/memory dependency]-> (3, 3252); (3, 3252) -[PIPE_MTE3 FIFO]-> (3, 3149); (3, 3149) -[PIPE_MTE3 FIFO]-> (3, 3156); (3, 3156) -[cross-core COPY]-> (4, 3157); (4, 3157) -[local data/memory dependency]-> (4, 85); (4, 85) -[local data/memory dependency]-> (4, 87); (4, 87) -[local data/memory dependency]-> (4, 89); (4, 89) -[local data/memory dependency]-> (4, 91); (4, 91) -[local data/memory dependency]-> (4, 93); (4, 93) -[local data/memory dependency]-> (4, 230); (4, 230) -[local data/memory dependency]-> (4, 232); (4, 232) -[local data/memory dependency]-> (4, 2800); (4, 2800) -[local data/memory dependency]-> (4, 2802); ... (23 edges total)",EvaluationValidationError,0.2519283749988972,,,7,,,1ceeffd7fee734b983e4c80a99e811be3211186744538f6b54b18554d9185524,B,,capacity,,EVALUATION_FAILED
1736652,0,0.0,0,B3_capacity_g14_front,case_070,5,,,0.32045662500058825,50791,,8,419964,1736652,c098f85ac1cd57d7e2aed5a9023b1a82c76ccc118b1b5b3f2d585b5a5fa728d1,B,2156616,capacity,0,AI_VERIFIED
,,,,B3_capacity_g16_back,case_070,5,"global execution (core, op): dependency cycle; (2, 4109) -[PIPE_MTE3 FIFO]-> (2, 4112); (2, 4112) -[PIPE_MTE3 FIFO]-> (2, 4147); (2, 4147) -[PIPE_MTE3 FIFO]-> (2, 4150); (2, 4150) -[PIPE_MTE3 FIFO]-> (2, 4153); (2, 4153) -[PIPE_MTE3 FIFO]-> (2, 4211); (2, 4211) -[PIPE_MTE3 FIFO]-> (2, 4214); (2, 4214) -[PIPE_MTE3 FIFO]-> (2, 4217); (2, 4217) -[PIPE_MTE3 FIFO]-> (2, 4252); (2, 4252) -[PIPE_MTE3 FIFO]-> (2, 4255); (2, 4255) -[PIPE_MTE3 FIFO]-> (2, 4258); (2, 4258) -[PIPE_MTE3 FIFO]-> (2, 3166); (2, 3166) -[PIPE_MTE3 FIFO]-> (2, 3199); (2, 3199) -[cross-core COPY]-> (4, 3200); (4, 3200) -[local data/memory dependency]-> (4, 157); (4, 157) -[local data/memory dependency]-> (4, 3205); (4, 3205) -[PIPE_MTE3 FIFO]-> (4, 3236); ... (45 edges total)",EvaluationValidationError,0.26126037500034727,,,9,,,60c10f80b6027108273dc1a730986458c13c112fb68e64ec664883b5861c2073,B,,capacity,,EVALUATION_FAILED
1736652,0,0.0,0,B3_capacity_g16_front,case_070,5,,,0.3019249579992902,50756,,10,419964,1736652,76cab9c0263b540004b3a61686637bc573601a3e286abe91e14cab1a2198372a,B,2156616,capacity,0,AI_VERIFIED
1736652,0,0.0,0,B3_capacity_g18_front,case_070,5,,,0.3079231660012738,50703,,11,419964,1736652,7a4fc502589a286cf6ff49739ce34fe30017cc9915b98c9d16e5d95c80beced4,B,2156616,capacity,0,AI_VERIFIED
1736652,0,0.0,0,B3_capacity_g1_back,case_070,5,,,0.3158154580014525,50816,,12,419964,1736652,a301907cea403812ad64c4ea3d0e11269c2cff1aab5c2b893f26e61eb4e41bfb,B,2156616,capacity,0,AI_VERIFIED
1736652,0,0.0,0,B3_capacity_g1_front,case_070,5,,,0.31983204199968895,50632,,13,419964,1736652,24f58041b98deddfee7aa38a8646e59392d5ee5d53aca220c5ba4f7bb777d0df,B,2156616,capacity,0,AI_VERIFIED
,,,,B3_capacity_g23_back,case_070,5,"global execution (core, op): dependency cycle; (3, 3252) -[PIPE_MTE3 FIFO]-> (3, 3230); (3, 3230) -[PIPE_MTE3 FIFO]-> (3, 3291); (3, 3291) -[cross-core COPY]-> (1, 3292); (1, 3292) -[local data/memory dependency]-> (1, 295); (1, 295) -[local data/memory dependency]-> (1, 297); (1, 297) -[local data/memory dependency]-> (1, 299); (1, 299) -[local data/memory dependency]-> (1, 301); (1, 301) -[PIPE_M FIFO]-> (1, 2091); (1, 2091) -[local data/memory dependency]-> (1, 4309); (1, 4309) -[PIPE_MTE3 FIFO]-> (1, 4331); (1, 4331) -[PIPE_MTE3 FIFO]-> (1, 4353); (1, 4353) -[PIPE_MTE3 FIFO]-> (1, 4366); (1, 4366) -[PIPE_MTE3 FIFO]-> (1, 4388); (1, 4388) -[PIPE_MTE3 FIFO]-> (1, 4391); (1, 4391) -[PIPE_MTE3 FIFO]-> (1, 4407); (1, 4407) -[cross-core COPY]-> (3, 4408); ... (43 edges total)",EvaluationValidationError,0.23973541600025783,,,14,,,57fca3e03cc9ec6b6ba032c640080ea1ee8ac1d903b0f8dd7502be9fdcd7b870,B,,capacity,,EVALUATION_FAILED
1736652,0,0.0,0,B3_capacity_g23_front,case_070,5,,,0.33699029099989275,50789,,15,419964,1736652,d458ec5cab9c72408d6c0e6b5ef7f14b3721e4efc524cffb4370ef16c4cca940,B,2156616,capacity,0,AI_VERIFIED
,,,,B3_capacity_g4_back,case_070,5,"global execution (core, op): dependency cycle; (0, 3111) -[PIPE_MTE3 FIFO]-> (0, 3114); (0, 3114) -[cross-core COPY]-> (4, 3115); (4, 3115) -[local data/memory dependency]-> (4, 36); (4, 36) -[local data/memory dependency]-> (4, 38); (4, 38) -[local data/memory dependency]-> (4, 40); (4, 40) -[local data/memory dependency]-> (4, 3123); (4, 3123) -[PIPE_MTE3 FIFO]-> (4, 3142); (4, 3142) -[PIPE_MTE3 FIFO]-> (4, 3172); (4, 3172) -[PIPE_MTE3 FIFO]-> (4, 3205); (4, 3205) -[PIPE_MTE3 FIFO]-> (4, 3236); (4, 3236) -[PIPE_MTE3 FIFO]-> (4, 3674); (4, 3674) -[PIPE_MTE3 FIFO]-> (4, 3680); (4, 3680) -[PIPE_MTE3 FIFO]-> (4, 3721); (4, 3721) -[PIPE_MTE3 FIFO]-> (4, 3866); (4, 3866) -[PIPE_MTE3 FIFO]-> (4, 3871); (4, 3871) -[PIPE_MTE3 FIFO]-> (4, 3876); ... (29 edges total)",EvaluationValidationError,0.26533604199903493,,,16,,,a167fe79699f86d718ae2f41b89722c986b3ccb87944e394c53fa679de2efa1f,B,,capacity,,EVALUATION_FAILED
,,,,B3_capacity_g5_back,case_070,5,"global execution (core, op): dependency cycle; (2, 4109) -[PIPE_MTE3 FIFO]-> (2, 4112); (2, 4112) -[PIPE_MTE3 FIFO]-> (2, 4147); (2, 4147) -[PIPE_MTE3 FIFO]-> (2, 4150); (2, 4150) -[PIPE_MTE3 FIFO]-> (2, 4153); (2, 4153) -[PIPE_MTE3 FIFO]-> (2, 4211); (2, 4211) -[PIPE_MTE3 FIFO]-> (2, 4214); (2, 4214) -[PIPE_MTE3 FIFO]-> (2, 4217); (2, 4217) -[PIPE_MTE3 FIFO]-> (2, 4252); (2, 4252) -[PIPE_MTE3 FIFO]-> (2, 4255); (2, 4255) -[PIPE_MTE3 FIFO]-> (2, 4258); (2, 4258) -[cross-core COPY]-> (1, 4259); (1, 4259) -[local data/memory dependency]-> (1, 2029); (1, 2029) -[local data/memory dependency]-> (1, 2031); (1, 2031) -[local data/memory dependency]-> (1, 2033); (1, 2033) -[local data/memory dependency]-> (1, 2075); (1, 2075) -[local data/memory dependency]-> (1, 4292); ... (83 edges total)",EvaluationValidationError,0.21130054100103735,,,17,,,21fc67e7d357a36ac03845d67d29a6b0d0fa026630047881465b6bf9a67b8146,B,,capacity,,EVALUATION_FAILED
1736652,0,0.0,0,B3_capacity_g5_front,case_070,5,,,0.3143681250003283,50779,,18,419964,1736652,43bbac1eafcb63ff077b83cd97226eee4adbb7e4b36ded453a7a6f74eab56be4,B,2156616,capacity,0,AI_VERIFIED
1736652,0,0.0,0,B3_capacity_g6_front,case_070,5,,,0.3544962910000322,53720,,19,419964,1736652,a03eabb3ab0e67432d9f4cb080c64e51da071540f2ff52b76a22cd37a3641267,B,2156616,capacity,0,AI_VERIFIED
,,,,B3_capacity_g9_back,case_070,5,"global execution (core, op): dependency cycle; (2, 4109) -[PIPE_MTE3 FIFO]-> (2, 4112); (2, 4112) -[PIPE_MTE3 FIFO]-> (2, 4147); (2, 4147) -[PIPE_MTE3 FIFO]-> (2, 4150); (2, 4150) -[PIPE_MTE3 FIFO]-> (2, 4153); (2, 4153) -[PIPE_MTE3 FIFO]-> (2, 4211); (2, 4211) -[PIPE_MTE3 FIFO]-> (2, 4214); (2, 4214) -[PIPE_MTE3 FIFO]-> (2, 4217); (2, 4217) -[PIPE_MTE3 FIFO]-> (2, 4252); (2, 4252) -[PIPE_MTE3 FIFO]-> (2, 4255); (2, 4255) -[PIPE_MTE3 FIFO]-> (2, 4258); (2, 4258) -[cross-core COPY]-> (1, 4259); (1, 4259) -[local data/memory dependency]-> (1, 2029); (1, 2029) -[local data/memory dependency]-> (1, 2031); (1, 2031) -[local data/memory dependency]-> (1, 2033); (1, 2033) -[local data/memory dependency]-> (1, 2075); (1, 2075) -[local data/memory dependency]-> (1, 4292); ... (84 edges total)",EvaluationValidationError,0.2538414999999077,,,20,,,133814af5d4fc771ddd69466b9740ddb5d24e3c44a5e5760315a8febd766bfc3,B,,capacity,,EVALUATION_FAILED
449024,249344,0.2869710731721914,619538,incumbent_base,case_070,5,,,0.20797937499992258,26216,0,1,419964,449024,5be92a69af59b6223e5a47338dea5f156bbabd3f166cba46056ad8de824bf9fd,C,868988,incumbent,0,AI_VERIFIED
0,0,0.0,419858,C0_base,case_070,5,,,0.20029879199864808,117300,1,2,419964,0,55e835db1b99a9d9f655359486f710bb494847eb6c040f4dc902547031256507,C,419964,seed,0,AI_VERIFIED
462848,285696,0.3236592931281763,597010,C1_base,case_070,5,,,0.18686600000000908,30605,2,3,419964,462848,29a375132f4356966dc82708d9f5d8ec9855c2b80ba5c2ea255a1941acfb7dc0,C,882812,seed,0,AI_VERIFIED
455936,259328,0.2971484619386242,613394,incumbent_disperse_tid_2081_node_2108_core_2_pos_0,case_070,5,,,0.2496594170006574,26030,,4,419964,455936,172fe5d3e876fbf38d9ff5b4015048692629657fc93177e7617c405d0177ec05,C,875900,disperse,0,AI_VERIFIED
455936,259328,0.2971484619386242,613394,incumbent_disperse_tid_2084_node_2110_core_2_pos_0,case_070,5,,,0.22621754200008581,26269,,5,419964,455936,daf5b38b022343fe2b8945a1381fec800db77bcc721c41a2734b228ddb22ae77,C,875900,disperse,0,AI_VERIFIED
455936,250112,0.2865883981382388,622610,incumbent_disperse_tid_2081_node_2125_core_2_pos_0,case_070,5,,,0.1954926250000426,26109,,6,419964,455936,b67e58796a08ce3bb3f7e5ac4fe778ba474de83ab9f08c6b9fe401b0a1900cc2,C,875900,disperse,0,AI_VERIFIED
455936,259328,0.2971484619386242,613394,incumbent_disperse_tid_2084_node_2127_core_2_pos_0,case_070,5,,,0.21899083300013444,26269,,7,419964,455936,f5c24743720a86395750f268a93c43de1b13af4b6711b7c729ac72ddada66593,C,875900,disperse,0,AI_VERIFIED
455936,250112,0.2865883981382388,622610,incumbent_disperse_tid_2081_node_2108_core_0_pos_1,case_070,5,,,0.24938412499977858,25977,,8,419964,455936,0a6cd3993904ebaf5dc18c9d7441f17c441e57a521741502271c77f22ef73379,C,875900,disperse,0,AI_VERIFIED
455936,250112,0.2865883981382388,622610,incumbent_disperse_tid_2081_node_2108_core_2_pos_1,case_070,5,,,0.2068237080002291,25977,,9,419964,455936,ed763ad24f714d080603ceea0449d32d60c3ee6e03926a36bf940e78bb2b62c1,C,875900,disperse,0,AI_VERIFIED
455936,259328,0.2971484619386242,613394,incumbent_disperse_tid_2081_node_2108_core_0_pos_0,case_070,5,,,0.2230002920005063,26028,,10,419964,455936,b36b292f40175083290e47a540ca02739ecc3195074d36c3ff5b8067f94b78f8,C,875900,disperse,0,AI_VERIFIED
455936,259328,0.2971484619386242,613394,incumbent_disperse_tid_2081_node_2125_core_0_pos_0,case_070,5,,,0.24098929100000532,26107,,11,419964,455936,23ab21e489f5301f4588d173425820298ed9dda27a40dc20d70d8f4ef2261646,C,875900,disperse,0,AI_VERIFIED
455936,259328,0.2971484619386242,613394,incumbent_disperse_tid_2084_node_2110_core_0_pos_0,case_070,5,,,0.23645816699900024,26267,,12,419964,455936,47ac6026ba1ff164c1fabcde9fefe738c27a89bb49e6eebdc3aad1aebeeba4d9,C,875900,disperse,0,AI_VERIFIED
455936,250112,0.2865883981382388,622610,incumbent_disperse_tid_2084_node_2110_core_0_pos_1,case_070,5,,,0.21696395899925847,27409,,13,419964,455936,31c66356434a1070aa8acbd0ddda116e4ae99d2ff716635769a2bf0544f334cf,C,875900,disperse,0,AI_VERIFIED
455936,250112,0.2865883981382388,622610,incumbent_disperse_tid_2084_node_2110_core_2_pos_1,case_070,5,,,0.19655724999938684,26216,,14,419964,455936,c93db24781cd642491c990d013b5db40f7e516877cb22338734f7a1d77a06db0,C,875900,disperse,0,AI_VERIFIED
455936,250112,0.2865883981382388,622610,incumbent_disperse_tid_2084_node_2127_core_0_pos_0,case_070,5,,,0.2270091250011319,26267,,15,419964,455936,3330dd68d5797ca0f04f11cd007bff133d8384cf4afbb084e787eb1126c30a42,C,875900,disperse,0,AI_VERIFIED
455936,254720,0.2918684300384315,618002,incumbent_disperse_tid_2081_node_2125_core_0_pos_1,case_070,5,,,0.22465104200091446,36249,,16,419964,455936,796dd71ed9b8f3ed8023961b765fb886806dee465ba79b040bc76380ba896286,C,875900,disperse,0,AI_VERIFIED
455936,254720,0.2918684300384315,618002,incumbent_disperse_tid_2081_node_2125_core_2_pos_1,case_070,5,,,0.1997778750010184,34555,,17,419964,455936,0c62b4f3bb73d93d62d8819065ca4cf151a3ba564dcb5597aa38360b3379efd2,C,875900,disperse,0,AI_VERIFIED
455936,277760,0.31826858953939513,594962,incumbent_disperse_tid_2084_node_2127_core_0_pos_1,case_070,5,,,0.1857589579994965,43354,,18,419964,455936,d9ac49a297847bee7d77d5f76a959b60d5e21f09e8d202fa1a0441587591eb8e,C,875900,disperse,0,AI_VERIFIED
455936,277760,0.31826858953939513,594962,incumbent_disperse_tid_2084_node_2127_core_2_pos_1,case_070,5,,,0.24302779200115765,41660,,19,419964,455936,59417fc7f4e2c5280532f221b40dab1cdf230f8896d85855c37f01cf89f8e4f0,C,875900,disperse,0,AI_VERIFIED
460544,263936,0.30084004878437987,613394,incumbent_disperse_tid_2081_node_2108_core_3_pos_0,case_070,5,,,0.2216999169995688,26029,,20,419964,460544,7329ba23d4f26178df369a32de33bd06e76ecdee2b248930df4c4f7c96218881,C,880508,disperse,0,AI_VERIFIED
0,0,0.0,0,A0_base,case_093,5,,,0.23252704100013943,74205,0,1,714752,0,d4b5c6ea790e6d3297928752e8beb20899067f6e3b570d2b49e3ce2a154058ec,A,714752,seed,0,AI_VERIFIED
32768,0,0.0,0,A1_base,case_093,5,,,0.15109291699991445,15876,1,2,714752,32768,bb04b671cbb27a4803367444f50eed9586fa80cae2848109ccd3c4a1ea4efe70,A,747520,seed,0,AI_VERIFIED
139264,0,0.0,0,L2_base,case_093,5,,,0.11955883399969025,67248,,3,714752,139264,72c1179535a7e97cf5be0c6e67f6ba7be7844e2516cebf1c59beefa0c96f4f7c,A,854016,legacy_seed,0,AI_VERIFIED
65536,0,0.0,0,A2_aggregate,case_093,5,,,0.11851170800036925,16599,,4,714752,65536,69721965c9ab6992bbb28adab0703486f1c26725bb1f56c398bf3f7a062d8d53,A,780288,aggregate,0,AI_VERIFIED
73728,0,0.0,0,A2_base,case_093,5,,,0.13272595799935516,16879,,5,714752,73728,43bf7478ff625bd9916518def136d8297b49808b7fb69cbff50c06a20d4a3e67,A,788480,seed,0,AI_VERIFIED
73728,0,0.0,0,A2_capacity_g0_back,case_093,5,,,0.10825454099904164,16879,,6,714752,73728,d90f79b17c352f788c0114c72819f6a3a7340bf5ca3bff5f5bf0d31441fd9de8,A,788480,capacity,0,AI_VERIFIED
73728,0,0.0,0,A2_capacity_g1_back,case_093,5,,,0.12402966599984211,16879,,7,714752,73728,60706a5abe2ad833cc02cfe003b58054fa1a0c755213424212c2e4c902d769d4,A,788480,capacity,0,AI_VERIFIED
73728,0,0.0,0,A2_capacity_g2_back,case_093,5,,,0.0950922920001176,16879,,8,714752,73728,47689379c8984cbd7740040cc1b5687cebf13f461f214561a74743ec94b4ff62,A,788480,capacity,0,AI_VERIFIED
73728,0,0.0,0,A2_capacity_g3_back,case_093,5,,,0.13823899999988498,16840,,9,714752,73728,4d85292318e18c5090ac3dd3f47db36f6c44f87cff9d7ed7421276380f71e5a9,A,788480,capacity,0,AI_VERIFIED
73728,0,0.0,0,A2_capacity_g4_back,case_093,5,,,0.1143977920000907,16879,,10,714752,73728,e2a746d9b5ff8c84d6df74da8187f93052e1e79f180c9ebbfcdfce3668b1cd38,A,788480,capacity,0,AI_VERIFIED
73728,0,0.0,0,A2_move,case_093,5,,,0.1419137500015495,23368,,11,714752,73728,83a34d5ecee8c8d96af8025d0d3417b3a8d36bda2e9eda9ddf2bdc9b9ecf93cf,A,788480,ordinary,0,AI_VERIFIED
1232896,0,0.0,0,A3_aggregate,case_093,5,,,0.22416233399962948,38684,,12,714752,1232896,934cfab9bc34f259ff91b9b686eb7a243032ac8e0bf08097aaa97ecaf97b1530,A,1947648,aggregate,0,AI_VERIFIED
1241088,0,0.0,0,A3_base,case_093,5,,,0.24982024999917485,38787,,13,714752,1241088,d388558a61210c535c729a40e50aaf8ed3ca505c4d34c4251bdbaee5f19c54a8,A,1955840,seed,0,AI_VERIFIED
1241088,0,0.0,0,A3_capacity_g10_back,case_093,5,,,0.23416129100041871,38787,,14,714752,1241088,e54c9d354c94ff6fb8cfa0723518d3c2fa19b89ba80ea1c62b0575de145a168d,A,1955840,capacity,0,AI_VERIFIED
1241088,0,0.0,0,A3_capacity_g10_front,case_093,5,,,0.25671062500077824,38638,,15,714752,1241088,012aaeed490985d90fd777c87efa8427157ed11dc2d49d10d0ae61ae6dcedaa7,A,1955840,capacity,0,AI_VERIFIED
1241088,0,0.0,0,A3_capacity_g11_front,case_093,5,,,0.2671345830003702,38418,,16,714752,1241088,ccf7ff47a58cd687b5e5783b8d7f101ef4085cd1bcd34a0eb4730727dbf8bb89,A,1955840,capacity,0,AI_VERIFIED
1241088,0,0.0,0,A3_capacity_g2_back,case_093,5,,,0.2387624169987248,38516,,17,714752,1241088,ad6c8b2eddb097f04bee17e601ca0624e724b4c64d3a139f513e2a640c6f251e,A,1955840,capacity,0,AI_VERIFIED
1241088,0,0.0,0,A3_capacity_g3_back,case_093,5,,,0.24241237500064017,38483,,18,714752,1241088,417d6a2f96e97cee0ad98a41895b80201466188db4318cd0c0c164e83ec9c8fd,A,1955840,capacity,0,AI_VERIFIED
1241088,0,0.0,0,A3_capacity_g4_back,case_093,5,,,0.23598545799904969,39128,,19,714752,1241088,7b14765c5bf1798b98c11f9604aa7b538e3f1fdef93f35d9b4bf7730379282f8,A,1955840,capacity,0,AI_VERIFIED
1241088,0,0.0,0,A3_capacity_g5_back,case_093,5,,,0.23198670799865795,38616,,20,714752,1241088,15f8170e0098d63660d33395979fc2484429203da1b44edb64a236981368f85d,A,1955840,capacity,0,AI_VERIFIED
0,0,0.0,0,B0_base,case_093,5,,,0.16766870799983735,74205,0,1,714752,0,d4b5c6ea790e6d3297928752e8beb20899067f6e3b570d2b49e3ce2a154058ec,B,714752,seed,0,AI_VERIFIED
32768,0,0.0,0,B1_base,case_093,5,,,0.13949008399868035,15876,1,2,714752,32768,bb04b671cbb27a4803367444f50eed9586fa80cae2848109ccd3c4a1ea4efe70,B,747520,seed,0,AI_VERIFIED
937984,0,0.0,0,B3_move,case_093,5,,,0.19730612499915878,31509,,3,714752,937984,c3fa35a1f84eb22590523f61e235456bf586f83e7b47164bb00274265777ae66,B,1652736,ordinary,0,AI_VERIFIED
950272,0,0.0,0,B2_aggregate,case_093,5,,,0.18828866600051697,32733,,4,714752,950272,8c3d774766a882c7c687c2e3a32f3957624c6aaedd1fb6b6c1cf33bc14c5e501,B,1665024,aggregate,0,AI_VERIFIED
950272,0,0.0,0,B2_base,case_093,5,,,0.2877547500011133,32733,,5,714752,950272,6240631d2c225ca85501a8df16382d83d1e694a5b53b22e6a8de01506cbdaa61,B,1665024,seed,0,AI_VERIFIED
950272,0,0.0,0,B2_capacity_g0_back,case_093,5,,,0.1938494999994873,32730,,6,714752,950272,428e2ddfe4286b6bb7e91186900849adb49f5059688ffcde1b33f291565ff116,B,1665024,capacity,0,AI_VERIFIED
950272,0,0.0,0,B2_capacity_g10_front,case_093,5,,,0.17209516599905328,32733,,7,714752,950272,00d27ca696e50127af57166bf1cc2e1901345bfe3ce1984ea6a53ffc728cb67f,B,1665024,capacity,0,AI_VERIFIED
950272,0,0.0,0,B2_capacity_g11_back,case_093,5,,,0.19569162500010862,32733,,8,714752,950272,c7534cdf1f66b7f2c9b140f8d98040fb1775d40160c1c3144bda81735804fd6c,B,1665024,capacity,0,AI_VERIFIED
950272,0,0.0,0,B2_capacity_g11_front,case_093,5,,,0.20783795799979998,32730,,9,714752,950272,b2ca82ed010b7cdf35447fa103420701ec0dfde83d1cb9d7140d0e7c63a81898,B,1665024,capacity,0,AI_VERIFIED
950272,0,0.0,0,B2_capacity_g2_back,case_093,5,,,0.2151622920009686,32730,,10,714752,950272,3d05464580fb99a0d18673a44baf0dd5bf24cab898ee9bcd99bdd55b1fec9260,B,1665024,capacity,0,AI_VERIFIED
950272,0,0.0,0,B2_capacity_g3_back,case_093,5,,,0.1934279590004735,32730,,11,714752,950272,70f1d9d36b656d320da0cb0ec7e52c09fa32f337d1b796a8300b78f2baf616e1,B,1665024,capacity,0,AI_VERIFIED
950272,0,0.0,0,B2_capacity_g4_back,case_093,5,,,0.19358595800076728,30279,,12,714752,950272,13e505cbd7a0c72dc9f33658aeb1c1b3d308a9418499b598f3d72faeef67fc71,B,1665024,capacity,0,AI_VERIFIED
950272,0,0.0,0,B2_capacity_g6_back,case_093,5,,,0.1837754579992179,32433,,13,714752,950272,1acc08b77253929dc8bd3753f2159adf16162b84d7f11800c410aaabdc2f6689,B,1665024,capacity,0,AI_VERIFIED
950272,0,0.0,0,B2_capacity_g6_front,case_093,5,,,0.1664067919991794,32730,,14,714752,950272,8f0f543dc72408c890c29827b828a5c65675fbdc53a008cde0bbc2d0d0edf2fe,B,1665024,capacity,0,AI_VERIFIED
950272,0,0.0,0,B2_capacity_g7_back,case_093,5,,,0.1900019999993674,32733,,15,714752,950272,74782fdcc4ae1cc3c51457a1e42aae07ac8f2a21f8e4835a0633ff357ab70347,B,1665024,capacity,0,AI_VERIFIED
950272,0,0.0,0,B2_capacity_g7_front,case_093,5,,,0.1704460000000836,32730,,16,714752,950272,01772b0e6dfe25021e66fad7f207463852e17bca51616ef9d188271c07c9d218,B,1665024,capacity,0,AI_VERIFIED
950272,0,0.0,0,B2_capacity_g8_back,case_093,5,,,0.17740212500029884,32733,,17,714752,950272,3479f0bcc8924096d47838c07b0c9c0899e9e1fe2bc491199d30abedd6e3af55,B,1665024,capacity,0,AI_VERIFIED
950272,0,0.0,0,B2_capacity_g8_front,case_093,5,,,0.15473483399910037,32730,,18,714752,950272,eab74471fc98a1e1e92b848d1d2b9938e6e182f210c9032ea735c26ffcf266f7,B,1665024,capacity,0,AI_VERIFIED
950272,0,0.0,0,B2_capacity_g9_back,case_093,5,,,0.17060604200014495,32668,,19,714752,950272,ea411d530902a6f974d884cbb688934c7ea5298ae4bcaaa2c0ec60a9d1e0cf82,B,1665024,capacity,0,AI_VERIFIED
950272,0,0.0,0,B2_capacity_g9_front,case_093,5,,,0.19392879200131574,32730,,20,714752,950272,7f3aa580e9507294c3816e53409e02d2ee2e2ab40b6598e3bacccf908e4909e6,B,1665024,capacity,0,AI_VERIFIED
32768,0,0.0,606208,incumbent_base,case_093,5,,,0.13135979199978465,15876,0,1,714752,32768,bb04b671cbb27a4803367444f50eed9586fa80cae2848109ccd3c4a1ea4efe70,C,747520,incumbent,0,AI_VERIFIED
0,0,0.0,573440,C0_base,case_093,5,,,0.1505325409998477,74205,1,2,714752,0,d4b5c6ea790e6d3297928752e8beb20899067f6e3b570d2b49e3ce2a154058ec,C,714752,seed,0,AI_VERIFIED
32768,0,0.0,606208,incumbent_split_topo_g0_p4,case_093,5,,,0.10269349999907718,15876,,3,714752,32768,ba2bf90647388eff1b0a2a854d62ee705934c71feea31f6110c1637354de396b,C,747520,timing,0,AI_VERIFIED
32768,0,0.0,606208,incumbent_split_topo_g1_p4,case_093,5,,,0.11849029199947836,15876,,4,714752,32768,f72a0d6627794991bd07084f1e486f78dcea9d6728119ce6a58a3795b9d84159,C,747520,timing,0,AI_VERIFIED
32768,0,0.0,606208,incumbent_split_topo_g2_p4,case_093,5,,,0.08175116699931095,15876,,5,714752,32768,7bc4ab83acdea669f7fd86756461a1036c79c352e6fb1ae62086ebb9360af276,C,747520,timing,0,AI_VERIFIED
32768,0,0.0,606208,incumbent_split_topo_g3_p4,case_093,5,,,0.12402841699986311,15876,,6,714752,32768,ffac641df33b7ed7038e0917a164557aae457e6ec1b16152699a18f4d6bb9e25,C,747520,timing,0,AI_VERIFIED
32768,0,0.0,606208,incumbent_split_topo_g4_p4,case_093,5,,,0.2678224169994792,15876,,7,714752,32768,c48ee2096f81948e38be80ac6f1478d3eb3f1f338fe7175ee4b2aaf52d206278,C,747520,timing,0,AI_VERIFIED
32768,0,0.0,606208,incumbent_split_release_g2_p4,case_093,5,,,0.12245075000100769,15876,,8,714752,32768,c3fbed8776ed5a0fbf219c73160e3fd2fdff3223db13801b929156431f5336c7,C,747520,timing,0,AI_VERIFIED
32768,0,0.0,606208,incumbent_split_release_g3_p4,case_093,5,,,0.12649012499969103,15876,,9,714752,32768,c5382806b7a31afa45bb1deac4ddc7921da5de0c09d47939fd7edcc4f6b6da44,C,747520,timing,0,AI_VERIFIED
32768,0,0.0,606208,incumbent_split_height_g2_p4,case_093,5,,,0.08981279100044048,16915,,10,714752,32768,7dad24476d6a21dbb7865fa8f48ba0614e152c861c1b1a27d9deab69f7212aac,C,747520,timing,0,AI_VERIFIED
32768,0,0.0,606208,incumbent_split_height_g3_p4,case_093,5,,,0.13089008399947488,16915,,11,714752,32768,d1f5608fedeb4bcbc714f7da65a4c098bafb829e48826a7d391324bcef41cbb8,C,747520,timing,0,AI_VERIFIED
32768,0,0.0,606208,incumbent_split_release_g0_p4,case_093,5,,,0.0809690000005503,16915,,12,714752,32768,d9debc92ceada1bf328dc2a278ee4cc98d88e4adfd10912f30e35cc24b803b40,C,747520,timing,0,AI_VERIFIED
32768,0,0.0,606208,incumbent_split_release_g1_p4,case_093,5,,,0.10120195799936482,16915,,13,714752,32768,c8488f6d906963705a93ca052abf1a0155118d474ba1b3486388976933d905df,C,747520,timing,0,AI_VERIFIED
32768,0,0.0,606208,incumbent_split_release_g4_p4,case_093,5,,,0.08474937499886437,15895,,14,714752,32768,cfb0aad85439540a6f8e54f8955b72dc6cfa2878e827eeebffaf567857c31ac5,C,747520,timing,0,AI_VERIFIED
32768,0,0.0,606208,incumbent_split_topo_g0_p2,case_093,5,,,0.10481704199992237,15876,,15,714752,32768,0100d10a3c08585dda5b645514b6ffe6d18530a076468db3d7b5984187525301,C,747520,timing,0,AI_VERIFIED
32768,0,0.0,606208,incumbent_split_topo_g1_p2,case_093,5,,,0.1427005419991474,15876,,16,714752,32768,e44831674be45ce8672b96045f321b1accbef54f8eb7a9b0b073ce34bc9ae1d9,C,747520,timing,0,AI_VERIFIED
32768,0,0.0,606208,incumbent_split_topo_g2_p2,case_093,5,,,0.11252225000134786,15876,,17,714752,32768,c607c407b53b28bda4591e3d92adf66813ae77deceb40f951dde0f3b0c7d68ec,C,747520,timing,0,AI_VERIFIED
32768,0,0.0,606208,incumbent_split_topo_g3_p2,case_093,5,,,0.10389533399938955,15876,,18,714752,32768,b29947813c8f93bb575e4885d2163c913cc4c2bc694a0c7e801130ffaffb6c6f,C,747520,timing,0,AI_VERIFIED
32768,0,0.0,606208,incumbent_split_topo_g4_p2,case_093,5,,,0.11003870800050208,15876,,19,714752,32768,fb53d4afcaef8e84caf35a55ffc74046127c223770807d87772d38127f16b763,C,747520,timing,0,AI_VERIFIED
32768,0,0.0,606208,incumbent_split_release_g2_p2,case_093,5,,,0.14029566699900897,15876,,20,714752,32768,968cc7edfc5b0ffb901a0816b8b4d6bb0592e2e17964dd081487242d96993e79,C,747520,timing,0,AI_VERIFIED
0,0,0.0,0,A0_base,case_100,5,,,0.575177958000495,151223,0,1,454598,0,87a807082594cd1500c03839e4106ae4721aecf35c4cbe622e824d2d759c8257,A,454598,seed,0,AI_VERIFIED
12288,0,0.0,0,A1_base,case_100,5,,,0.5665371659997618,87316,1,2,454598,12288,bc60e0caf96e94c248ea707c126335fdf54202ddf7c9bfabe440b23c14d5715c,A,466886,seed,0,AI_VERIFIED
,,,,A2_move,case_100,5,task schedule: dependency cycle; 5 -[subgraph dependency]-> 6; 6 -[subgraph dependency]-> 7; 7 -[core 1 task order]-> 5,EvaluationValidationError,0.01639491600144538,,,3,,,ba1ad73f9a93c67081ad06c7a0323236502bb02d681f6c7b53478acaa19a273c,A,,ordinary,,EVALUATION_FAILED
1127352,0,0.0,0,A2_base,case_100,5,,,0.4187502090007911,129168,,4,454598,1127352,eadf5757faf59e01623bf0e00f328a1771ec1134987182bfa2444e9a2e84752b,A,1581950,seed,0,AI_VERIFIED
,,,,A2_capacity_g1_back,case_100,5,task schedule: dependency cycle; 1 -[subgraph dependency]-> 2; 2 -[subgraph dependency]-> 3; 3 -[subgraph dependency]-> 4; 4 -[subgraph dependency]-> 5; 5 -[subgraph dependency]-> 6; 6 -[core 0 task order]-> 1,EvaluationValidationError,0.01077479200102971,,,5,,,345fd8eabd95a10ee749b43a13bb5cba71087959aca5b0b2d3dddae27426fb5c,A,,capacity,,EVALUATION_FAILED
,,,,A2_capacity_g2_back,case_100,5,task schedule: dependency cycle; 2 -[subgraph dependency]-> 3; 3 -[subgraph dependency]-> 4; 4 -[subgraph dependency]-> 5; 5 -[subgraph dependency]-> 6; 6 -[subgraph dependency]-> 7; 7 -[core 1 task order]-> 2,EvaluationValidationError,0.0166979169989645,,,6,,,161fa136f03a38c819f3d9525eb438201d1e2834918abc46e74fab13fc27aa4e,A,,capacity,,EVALUATION_FAILED
,,,,A2_capacity_g3_back,case_100,5,task schedule: dependency cycle; 3 -[subgraph dependency]-> 4; 4 -[subgraph dependency]-> 5; 5 -[subgraph dependency]-> 6; 6 -[subgraph dependency]-> 7; 7 -[subgraph dependency]-> 8; 8 -[core 2 task order]-> 3,EvaluationValidationError,0.01100150000092981,,,7,,,75786e499e3deb06eacc26be8e75a24b9e2eca6ddef90452961e07218e3ff445,A,,capacity,,EVALUATION_FAILED
,,,,A2_capacity_g4_back,case_100,5,task schedule: dependency cycle; 4 -[subgraph dependency]-> 5; 5 -[subgraph dependency]-> 6; 6 -[subgraph dependency]-> 7; 7 -[subgraph dependency]-> 8; 8 -[subgraph dependency]-> 9; 9 -[core 3 task order]-> 4,EvaluationValidationError,0.011846082999909413,,,8,,,ff2cd6946bead10f774525cefeeb1eeceb0c6b8db4436148bf4061fa61f7c527,A,,capacity,,EVALUATION_FAILED
1127352,0,0.0,0,A2_capacity_g5_back,case_100,5,,,0.44147999999950116,129443,,9,454598,1127352,a0dfadf60cf6b09423e84e04b7f7ca0fc9877c78aa3f5e7784c0675910e7fc17,A,1581950,capacity,0,AI_VERIFIED
436042,0,0.0,0,L2_base,case_100,5,,,0.2679536249997909,140817,,10,454598,436042,6be56eea2baa532627b824dfebe654a4d44825875ddcb38d70ecfc1466f98a8e,A,890640,legacy_seed,0,AI_VERIFIED
216576,0,0.0,0,L1_base,case_100,5,,,0.5677433330001804,58326,,11,454598,216576,80087acf653f60582d609a37eb343eaaa87825d757471269a16c05c96b92c4ae,A,671174,legacy_seed,0,AI_VERIFIED
4940950,0,0.0,0,L3_base,case_100,5,,,0.562923707999289,175715,,12,454598,4940950,29c004c1601e9a9fdb84fc72dc20854361dffd82f476c71bf084e8ce19c2db30,A,5395548,legacy_seed,0,AI_VERIFIED
12288,0,0.0,0,A1_move,case_100,5,,,0.6082939579991944,87316,,13,454598,12288,37fc565a65975ec8d818a4a5e5ef5916b34dcc1617a1e86b49d5fca20fd4f8eb,A,466886,ordinary,0,AI_VERIFIED
7215124,0,0.0,0,A3_aggregate,case_100,5,,,0.48533374999897205,197686,,14,454598,7215124,4b179727fe421630cc3923bd29e50999560322405dd212d3084c2077fd405dd0,A,7669722,aggregate,0,AI_VERIFIED
7215124,0,0.0,0,A3_base,case_100,5,,,0.47588562500095577,193436,,15,454598,7215124,079f6e776755410e8ad00bed9e04d550cfcff401f396569be829bcc6e9a61d38,A,7669722,seed,0,AI_VERIFIED
,,,,A3_capacity_g12_back,case_100,5,task schedule: dependency cycle; 1 -[core 0 task order]-> 12; 12 -[subgraph dependency]-> 3; 3 -[subgraph dependency]-> 4; 4 -[subgraph dependency]-> 1,EvaluationValidationError,0.02181541699974332,,,16,,,7e0d0b013752cdfd1de1256b8c54879b71eb2c489b314c8a68cbe44ff7fa8fe6,A,,capacity,,EVALUATION_FAILED
,,,,A3_capacity_g13_back,case_100,5,task schedule: dependency cycle; 3 -[core 1 task order]-> 13; 13 -[subgraph dependency]-> 14; 14 -[subgraph dependency]-> 3,EvaluationValidationError,0.03285225000036007,,,17,,,5d92a9462cf97af11618ad66ca554a7bb1f42b19912822895c211f727cc679d9,A,,capacity,,EVALUATION_FAILED
,,,,A3_capacity_g15_back,case_100,5,task schedule: dependency cycle; 0 -[subgraph dependency]-> 1; 1 -[core 0 task order]-> 15; 15 -[subgraph dependency]-> 0,EvaluationValidationError,0.01622608300021966,,,18,,,f0b2fdef5e0f957cc843d13709de8c3fe701a408c23ec75da012c46954837dc1,A,,capacity,,EVALUATION_FAILED
7215124,0,0.0,0,A3_capacity_g17_front,case_100,5,,,0.47474099999999453,198287,,19,454598,7215124,a783a27ae9331b88ec66b967085a31c127e231da5154aff68b90435bb77ada50,A,7669722,capacity,0,AI_VERIFIED
,,,,A3_capacity_g2_front,case_100,5,task schedule: dependency cycle; 0 -[subgraph dependency]-> 2; 2 -[core 2 task order]-> 6; 6 -[subgraph dependency]-> 7; 7 -[subgraph dependency]-> 9; 9 -[subgraph dependency]-> 10; 10 -[subgraph dependency]-> 12; 12 -[subgraph dependency]-> 13; 13 -[subgraph dependency]-> 14; 14 -[subgraph dependency]-> 15; 15 -[subgraph dependency]-> 0,EvaluationValidationError,0.013484291999702691,,,20,,,73f2fe029a2690e9e05cdc913e3163d9444644ef633beea4786f0ec9547438d9,A,,capacity,,EVALUATION_FAILED
0,0,0.0,0,B0_base,case_100,5,,,0.2544389159993443,151223,0,1,454598,0,87a807082594cd1500c03839e4106ae4721aecf35c4cbe622e824d2d759c8257,B,454598,seed,0,AI_VERIFIED
12288,0,0.0,0,B1_base,case_100,5,,,0.2214784169991617,87316,1,2,454598,12288,bc60e0caf96e94c248ea707c126335fdf54202ddf7c9bfabe440b23c14d5715c,B,466886,seed,0,AI_VERIFIED
2572044,0,0.0,0,B3_aggregate,case_100,5,,,0.36509408399979293,121305,,3,454598,2481932,998f7ad762eaee5dba9c56a8eeb15768cb0c53a592ec4cdaf6045a9ff4bc17fa,B,3026642,aggregate,90112,AI_VERIFIED
2572044,0,0.0,0,B3_base,case_100,5,,,0.3734739999999874,120101,,4,454598,2481932,17047a10eed910722a8348ceae72166c563531c695b932624fd11934e25e0c76,B,3026642,seed,90112,AI_VERIFIED
,,,,B3_capacity_g0_front,case_100,5,"global execution (core, op): dependency cycle; (0, 2774) -[local data/memory dependency]-> (0, 2776); (0, 2776) -[local data/memory dependency]-> (0, 2778); (0, 2778) -[local data/memory dependency]-> (0, 4666); (0, 4666) -[PIPE_MTE3 FIFO]-> (0, 4566); (0, 4566) -[PIPE_MTE3 FIFO]-> (0, 4663); (0, 4663) -[PIPE_MTE3 FIFO]-> (0, 4626); (0, 4626) -[PIPE_MTE3 FIFO]-> (0, 4721); (0, 4721) -[cross-core COPY]-> (4, 4722); (4, 4722) -[local data/memory dependency]-> (4, 2890); (4, 2890) -[local data/memory dependency]-> (4, 2892); (4, 2892) -[local data/memory dependency]-> (4, 2894); (4, 2894) -[local data/memory dependency]-> (4, 2896); (4, 2896) -[local data/memory dependency]-> (4, 2802); (4, 2802) -[local data/memory dependency]-> (4, 2766); (4, 2766) -[local data/memory dependency]-> (4, 2768); (4, 2768) -[local data/memory dependency]-> (4, 4654); ... (28 edges total)",EvaluationValidationError,0.31867091700041783,,,5,,,c8c014789008e3aec95c814795b677958a946e9b2a7834d86107509fca1bf2d9,B,,capacity,,EVALUATION_FAILED
,,,,B3_capacity_g11_back,case_100,5,"global execution (core, op): dependency cycle; (0, 325) -[local data/memory dependency]-> (0, 3727); (0, 3727) -[cross-core COPY]-> (4, 3728); (4, 3728) -[local data/memory dependency]-> (4, 329); (4, 329) -[local data/memory dependency]-> (4, 331); (4, 331) -[local data/memory dependency]-> (4, 333); (4, 333) -[local data/memory dependency]-> (4, 335); (4, 335) -[local data/memory dependency]-> (4, 363); (4, 363) -[local data/memory dependency]-> (4, 365); (4, 365) -[local data/memory dependency]-> (4, 367); (4, 367) -[local data/memory dependency]-> (4, 421); (4, 421) -[local data/memory dependency]-> (4, 433); (4, 433) -[local data/memory dependency]-> (4, 437); (4, 437) -[local data/memory dependency]-> (4, 663); (4, 663) -[local data/memory dependency]-> (4, 3760); (4, 3760) -[local data/memory dependency]-> (4, 669); (4, 669) -[local data/memory dependency]-> (4, 3763); ... (32 edges total)",EvaluationValidationError,0.3039523340012238,,,6,,,b87b4c8d9965e341695774d29484469f4fc4f2ff6abae662357f22382f0fd81d,B,,capacity,,EVALUATION_FAILED
,,,,B3_capacity_g14_back,case_100,5,"global execution (core, op): dependency cycle; (0, 435) -[local data/memory dependency]-> (0, 3742); (0, 3742) -[PIPE_MTE3 FIFO]-> (0, 3739); (0, 3739) -[cross-core COPY]-> (1, 3740); (1, 3740) -[local data/memory dependency]-> (1, 429); (1, 429) -[local data/memory dependency]-> (1, 439); (1, 439) -[local data/memory dependency]-> (1, 441); (1, 441) -[local data/memory dependency]-> (1, 443); (1, 443) -[local data/memory dependency]-> (1, 445); (1, 445) -[local data/memory dependency]-> (1, 467); (1, 467) -[local data/memory dependency]-> (1, 469); (1, 469) -[local data/memory dependency]-> (1, 471); (1, 471) -[local data/memory dependency]-> (1, 531); (1, 531) -[local data/memory dependency]-> (1, 543); (1, 543) -[local data/memory dependency]-> (1, 547); (1, 547) -[local data/memory dependency]-> (1, 511); (1, 511) -[local data/memory dependency]-> (1, 513); ... (59 edges total)",EvaluationValidationError,0.2953586660005385,,,7,,,c1a068b99e194f2660b696558e0f5c27aaf9e8f652c3f90b95d2948432d8e56f,B,,capacity,,EVALUATION_FAILED
,,,,B3_capacity_g14_front,case_100,5,"global execution (core, op): dependency cycle; (0, 285) -[local data/memory dependency]-> (0, 287); (0, 287) -[local data/memory dependency]-> (0, 317); (0, 317) -[local data/memory dependency]-> (0, 325); (0, 325) -[local data/memory dependency]-> (0, 3727); (0, 3727) -[cross-core COPY]-> (4, 3728); (4, 3728) -[local data/memory dependency]-> (4, 329); (4, 329) -[local data/memory dependency]-> (4, 331); (4, 331) -[local data/memory dependency]-> (4, 3733); (4, 3733) -[cross-core COPY]-> (0, 3734); (0, 3734) -[local data/memory dependency]-> (0, 381); (0, 381) -[local data/memory dependency]-> (0, 255); (0, 255) -[local data/memory dependency]-> (0, 257); (0, 257) -[local data/memory dependency]-> (0, 2636); (0, 2636) -[local data/memory dependency]-> (0, 2638); (0, 2638) -[local data/memory dependency]-> (0, 2640); (0, 2640) -[local data/memory dependency]-> (0, 1567); ... (31 edges total)",EvaluationValidationError,0.2638814999991155,,,8,,,d2f279af616efef0eeddf5e180b84af56a91b0fa4b05064099c974bdd1c8c474,B,,capacity,,EVALUATION_FAILED
,,,,B3_capacity_g20_front,case_100,5,"global execution (core, op): dependency cycle; (0, 283) -[local data/memory dependency]-> (0, 285); (0, 285) -[local data/memory dependency]-> (0, 287); (0, 287) -[local data/memory dependency]-> (0, 317); (0, 317) -[local data/memory dependency]-> (0, 325); (0, 325) -[local data/memory dependency]-> (0, 401); (0, 401) -[local data/memory dependency]-> (0, 403); (0, 403) -[local data/memory dependency]-> (0, 427); (0, 427) -[local data/memory dependency]-> (0, 435); (0, 435) -[local data/memory dependency]-> (0, 3742); (0, 3742) -[PIPE_MTE3 FIFO]-> (0, 3739); (0, 3739) -[cross-core COPY]-> (1, 3740); (1, 3740) -[local data/memory dependency]-> (1, 429); (1, 429) -[local data/memory dependency]-> (1, 439); (1, 439) -[local data/memory dependency]-> (1, 441); (1, 441) -[local data/memory dependency]-> (1, 443); (1, 443) -[local data/memory dependency]-> (1, 445); ... (60 edges total)",EvaluationValidationError,0.30974745899948175,,,9,,,37c5eb231fd9a934208ae37cf94521eab45d7f392c1ce658a70cea9ded1598e9,B,,capacity,,EVALUATION_FAILED
2572044,0,0.0,0,B3_reorder,case_100,5,,,0.35298099999999977,119932,,10,454598,2481932,f76eb49e401ab1f3f289be4ce88ca3d056f750e3327796f99659bc8cc9d22d4e,B,3026642,capacity,90112,AI_VERIFIED
,,,,B3_capacity_g8_back,case_100,5,"global execution (core, op): dependency cycle; (4, 753) -[local data/memory dependency]-> (4, 763); (4, 763) -[local data/memory dependency]-> (4, 767); (4, 767) -[local data/memory dependency]-> (4, 725); (4, 725) -[local data/memory dependency]-> (4, 223); (4, 223) -[local data/memory dependency]-> (4, 225); (4, 225) -[local data/memory dependency]-> (4, 247); (4, 247) -[local data/memory dependency]-> (4, 3718); (4, 3718) -[PIPE_MTE3 FIFO]-> (4, 3721); (4, 3721) -[PIPE_MTE3 FIFO]-> (4, 3724); (4, 3724) -[PIPE_MTE3 FIFO]-> (4, 4094); (4, 4094) -[PIPE_MTE3 FIFO]-> (4, 4611); (4, 4611) -[PIPE_MTE3 FIFO]-> (4, 4651); (4, 4651) -[cross-core COPY]-> (1, 4652); (1, 4652) -[local data/memory dependency]-> (1, 2822); (1, 2822) -[local data/memory dependency]-> (1, 2830); (1, 2830) -[local data/memory dependency]-> (1, 449); ... (52 edges total)",EvaluationValidationError,0.2911566250004398,,,11,,,ed86c2259aa93f46e6acf33c8120e1f08b54d750af3386af37a7b3b7261df143,B,,capacity,,EVALUATION_FAILED
,,,,B3_capacity_g12_front,case_100,5,"global execution (core, op): dependency cycle; (0, 325) -[local data/memory dependency]-> (0, 3727); (0, 3727) -[cross-core COPY]-> (4, 3728); (4, 3728) -[local data/memory dependency]-> (4, 329); (4, 329) -[local data/memory dependency]-> (4, 331); (4, 331) -[local data/memory dependency]-> (4, 333); (4, 333) -[local data/memory dependency]-> (4, 229); (4, 229) -[local data/memory dependency]-> (4, 3709); (4, 3709) -[local data/memory dependency]-> (4, 247); (4, 247) -[local data/memory dependency]-> (4, 3718); (4, 3718) -[local data/memory dependency]-> (4, 2772); (4, 2772) -[local data/memory dependency]-> (4, 2668); (4, 2668) -[local data/memory dependency]-> (4, 2739); (4, 2739) -[local data/memory dependency]-> (4, 2741); (4, 2741) -[local data/memory dependency]-> (4, 2743); (4, 2743) -[local data/memory dependency]-> (4, 806); (4, 806) -[local data/memory dependency]-> (4, 808); ... (42 edges total)",EvaluationValidationError,0.28805895899859024,,,12,,,b585115ac542d8ef8f620e5233b1b1564668e0d202d2ea46b680ed5d929a0c2f,B,,capacity,,EVALUATION_FAILED
,,,,B3_capacity_g5_back,case_100,5,"global execution (core, op): dependency cycle; (1, 441) -[local data/memory dependency]-> (1, 443); (1, 443) -[local data/memory dependency]-> (1, 445); (1, 445) -[local data/memory dependency]-> (1, 467); (1, 467) -[local data/memory dependency]-> (1, 469); (1, 469) -[local data/memory dependency]-> (1, 471); (1, 471) -[local data/memory dependency]-> (1, 531); (1, 531) -[local data/memory dependency]-> (1, 543); (1, 543) -[local data/memory dependency]-> (1, 547); (1, 547) -[local data/memory dependency]-> (1, 511); (1, 511) -[local data/memory dependency]-> (1, 513); (1, 513) -[local data/memory dependency]-> (1, 537); (1, 537) -[local data/memory dependency]-> (1, 545); (1, 545) -[local data/memory dependency]-> (1, 549); (1, 549) -[local data/memory dependency]-> (1, 551); (1, 551) -[local data/memory dependency]-> (1, 553); (1, 553) -[local data/memory dependency]-> (1, 555); ... (65 edges total)",EvaluationValidationError,0.3004046250007377,,,13,,,792aee095727b3b1cd1ee939cd7f8d62ccaefffd1502883f1de2e947a9d11a53,B,,capacity,,EVALUATION_FAILED
,,,,B3_capacity_g21_front,case_100,5,"global execution (core, op): dependency cycle; (1, 441) -[local data/memory dependency]-> (1, 443); (1, 443) -[local data/memory dependency]-> (1, 445); (1, 445) -[local data/memory dependency]-> (1, 467); (1, 467) -[local data/memory dependency]-> (1, 469); (1, 469) -[local data/memory dependency]-> (1, 471); (1, 471) -[local data/memory dependency]-> (1, 531); (1, 531) -[local data/memory dependency]-> (1, 543); (1, 543) -[local data/memory dependency]-> (1, 547); (1, 547) -[local data/memory dependency]-> (1, 511); (1, 511) -[local data/memory dependency]-> (1, 513); (1, 513) -[local data/memory dependency]-> (1, 537); (1, 537) -[local data/memory dependency]-> (1, 545); (1, 545) -[local data/memory dependency]-> (1, 549); (1, 549) -[local data/memory dependency]-> (1, 551); (1, 551) -[local data/memory dependency]-> (1, 553); (1, 553) -[local data/memory dependency]-> (1, 555); ... (59 edges total)",EvaluationValidationError,0.4029347920004511,,,14,,,980ef2281dea435fbacc5b73f669955badd4bb56c441e7a9321e0de50b19de80,B,,capacity,,EVALUATION_FAILED
,,,,B3_capacity_g15_front,case_100,5,"global execution (core, op): dependency cycle; (1, 441) -[local data/memory dependency]-> (1, 443); (1, 443) -[local data/memory dependency]-> (1, 2642); (1, 2642) -[local data/memory dependency]-> (1, 2786); (1, 2786) -[local data/memory dependency]-> (1, 1127); (1, 1127) -[local data/memory dependency]-> (1, 1129); (1, 1129) -[local data/memory dependency]-> (1, 1044); (1, 1044) -[local data/memory dependency]-> (1, 1061); (1, 1061) -[local data/memory dependency]-> (1, 2729); (1, 2729) -[local data/memory dependency]-> (1, 2882); (1, 2882) -[local data/memory dependency]-> (1, 2884); (1, 2884) -[local data/memory dependency]-> (1, 1080); (1, 1080) -[local data/memory dependency]-> (1, 1012); (1, 1012) -[local data/memory dependency]-> (1, 1063); (1, 1063) -[local data/memory dependency]-> (1, 2745); (1, 2745) -[local data/memory dependency]-> (1, 2753); (1, 2753) -[local data/memory dependency]-> (1, 2826); ... (56 edges total)",EvaluationValidationError,0.2831081250005809,,,15,,,7c21d6fbb892c30c386af680248812972056560676da16c0f4e11f33e2655cbc,B,,capacity,,EVALUATION_FAILED
2682380,0,0.0,0,B3_move,case_100,5,,,0.37753595800131734,122050,,16,454598,2592268,c74cb5ec1c7ca2a26a9d1b1d5fd0789796c1505ed4d802813fe11fd6a96c566b,B,3136978,ordinary,90112,AI_VERIFIED
2696524,0,0.0,0,L3_base,case_100,5,,,0.4530174169995007,114551,,17,454598,2696524,8e9f6564c80968cbf913590a741abe1dcb3def2093f07f800457098a1d1deb60,B,3151122,legacy_seed,0,AI_VERIFIED
216576,0,0.0,0,L1_base,case_100,5,,,0.22618183300073724,58326,,18,454598,216576,80087acf653f60582d609a37eb343eaaa87825d757471269a16c05c96b92c4ae,B,671174,legacy_seed,0,AI_VERIFIED
2578776,0,0.0,0,L2_base,case_100,5,,,0.30163966699910816,100933,,19,454598,2578776,73c4649a20f8d17d2348bf8f95801ee39e656ca0bd59d8b77e7f7e7a7ddbcbdd,B,3033374,legacy_seed,0,AI_VERIFIED
4871048,0,0.0,0,B2_aggregate,case_100,5,,,0.39286458300011873,146084,,20,454598,3642248,798179cfb1f02e9a9d0077fd9da98dfb2ccbbd1c075dcf2192dcb870f2c91d54,B,5325646,aggregate,1228800,AI_VERIFIED
216576,216576,0.33187553441559836,436006,incumbent_base,case_100,5,,,0.22734424999907787,58085,0,1,454598,216576,80087acf653f60582d609a37eb343eaaa87825d757471269a16c05c96b92c4ae,C,671174,incumbent,0,AI_VERIFIED
0,0,0.0,436006,C0_base,case_100,5,,,0.2878332500004035,151223,1,2,454598,0,87a807082594cd1500c03839e4106ae4721aecf35c4cbe622e824d2d759c8257,C,454598,seed,0,AI_VERIFIED
12288,12288,0.02741058323332456,436006,C1_base,case_100,5,,,0.25582733299961546,87316,2,3,454598,12288,bc60e0caf96e94c248ea707c126335fdf54202ddf7c9bfabe440b23c14d5715c,C,466886,seed,0,AI_VERIFIED
3152500,447238,0.1932040462267933,1867610,C3_base,case_100,5,,,0.436212415999762,119087,,4,454598,2923124,d08d6a09e6a11f3d61178d25a712c6ddc45e8a73096b9d434344bb70032ea5c2,C,3607098,seed,229376,AI_VERIFIED
265728,228352,0.3331903407018312,456998,incumbent_disperse_tid_219_node_295_core_1_pos_0,case_100,5,,,0.24581170800047403,58020,,5,454598,265728,1c3b3f5b892aceddeba3ef8aeb1c33ea38ddde3872313b74d4488fcb9ff76ce8,C,720326,disperse,0,AI_VERIFIED
265728,228352,0.3331903407018312,456998,incumbent_disperse_tid_219_node_295_core_4_pos_0,case_100,5,,,0.26279449999856297,58020,,6,454598,265728,88f1f9b064c1520f11e207a174bc761a258004248cb04e7ce0299d99de1a7b96,C,720326,disperse,0,AI_VERIFIED
265728,228352,0.3331903407018312,456998,incumbent_disperse_tid_222_node_301_core_1_pos_0,case_100,5,,,0.23754708399974334,58020,,7,454598,265728,eb9777a16ccfe28cc99d3bbc4798379e6158c2e5237115692d4807fb7f003ac1,C,720326,disperse,0,AI_VERIFIED
265728,228352,0.3331903407018312,456998,incumbent_disperse_tid_222_node_301_core_4_pos_0,case_100,5,,,0.257418167000651,58020,,8,454598,265728,c613a946161bbb60720f86660a12f801d463f80cc9a58d7bcdd38ce18641f980,C,720326,disperse,0,AI_VERIFIED
265728,232960,0.3399139125994018,452390,incumbent_disperse_tid_222_node_301_core_3_pos_0,case_100,5,,,0.29583970900057466,58020,,9,454598,265728,fba5249ea6ecb6d98134a691a1b507d237ce4f4c1e1fc7de0b4b70224ba29461,C,720326,disperse,0,AI_VERIFIED
265728,232960,0.3399139125994018,452390,incumbent_disperse_tid_219_node_295_core_1_pos_1,case_100,5,,,0.34376625000004424,69079,,10,454598,265728,bc7cee828ee68bd5479d1737ee49559a358d4ddbec84246b8d1bea63511b7aca,C,720326,disperse,0,AI_VERIFIED
265728,232960,0.3399139125994018,452390,incumbent_disperse_tid_219_node_295_core_4_pos_1,case_100,5,,,0.3067763750004815,71605,,11,454598,265728,8ced8b93d2c72834064cf75ed01b0d8840a4820a66b68dd890539929ce8b8d71,C,720326,disperse,0,AI_VERIFIED
265728,232960,0.3399139125994018,452390,incumbent_disperse_tid_222_node_301_core_1_pos_1,case_100,5,,,0.28767975000118895,69079,,12,454598,265728,0e9397751d649c92f163aada0a9566ef67cd826ce1aa8c2cd89297a0429f449a,C,720326,disperse,0,AI_VERIFIED
265728,232960,0.3399139125994018,452390,incumbent_disperse_tid_222_node_301_core_3_pos_1,case_100,5,,,0.25973966700075835,69879,,13,454598,265728,b6d172475e3b7b4046cf99897dfcf02ea8cec37f8f18c81cfd7ad45d3984126c,C,720326,disperse,0,AI_VERIFIED
265728,232960,0.3399139125994018,452390,incumbent_disperse_tid_222_node_301_core_4_pos_1,case_100,5,,,0.30994304200066836,71605,,14,454598,265728,46f8f73ceef6d2402efae9d454bbb287c5f2d525e1ce349a736540778c0befc1,C,720326,disperse,0,AI_VERIFIED
144384,144384,0.24877065421526903,436006,incumbent_cache_delay_group_tid_1000_group_2_core_1_pos_0,case_100,5,,,0.2520321249994595,57948,,15,454598,144384,49cb1963bcfff9e95342301847bab7fa09b3ed92003361578c9e9969a9a004e3,C,598982,cache_delay,0,AI_VERIFIED
144384,144384,0.24877065421526903,436006,incumbent_cache_delay_group_tid_1000_group_2_core_4_pos_0,case_100,5,,,0.2904555419991084,57948,,16,454598,144384,0036bd69eb366c940b9f850833112c006ad5a5634eabdd4a23c0d21213c42c4f,C,598982,cache_delay,0,AI_VERIFIED
144384,144384,0.24877065421526903,436006,incumbent_cache_delay_group_tid_1000_group_3_core_1_pos_0,case_100,5,,,0.3114817090008728,57948,,17,454598,144384,e20f269a8c4c16a6f9ac8ad6a15ef455f37cede4c4f9ed1bbb16940176c612db,C,598982,cache_delay,0,AI_VERIFIED
144384,144384,0.24877065421526903,436006,incumbent_cache_delay_group_tid_1000_group_3_core_4_pos_0,case_100,5,,,0.2557815000000119,57948,,18,454598,144384,5b28d3f45f8dfbb1e1461a104622fc1c1fc5d85d519c5f9facce422ec2fc97c6,C,598982,cache_delay,0,AI_VERIFIED
144384,144384,0.24877065421526903,436006,incumbent_cache_delay_group_tid_1000_group_4_core_1_pos_0,case_100,5,,,0.27710587499859685,57948,,19,454598,144384,dc58c70ff58bcaca856a19028451e61b4b73108d9308c1840dab98dde57b05e6,C,598982,cache_delay,0,AI_VERIFIED
144384,144384,0.24877065421526903,436006,incumbent_cache_delay_group_tid_1000_group_4_core_1_pos_1,case_100,5,,,0.2649746660008532,57948,,20,454598,144384,b3cbe581af7775ec1ef095538be103033352e574117c456ca016f64ced014427,C,598982,cache_delay,0,AI_VERIFIED
0,0,0.0,0,A0_base,case_096,5,,,0.4361001670004043,84194,0,1,219558,0,16e047183c4e9c17a216bf39485656f0a4a43f3a5b1ece00effaa33234fe58db,A,219558,seed,0,AI_VERIFIED
55296,0,0.0,0,A1_base,case_096,5,,,0.42411608300062653,41196,1,2,219558,55296,eb81fcf5eff144bafd1a1f1fbdb8aee1c7ed27dfd99c5cdd1d05f681ce4ce170,A,274854,seed,0,AI_VERIFIED
258008,0,0.0,0,L2_base,case_096,5,,,0.22167370900024252,78638,,3,219558,258008,2bf00887d5d209c78f6ad36960d51b09b21d41fc875ad39d68e790003d9118c4,A,477566,legacy_seed,0,AI_VERIFIED
145728,0,0.0,0,L1_base,case_096,5,,,0.38873133300148766,27053,,4,219558,145728,93736b65818610207fe934880cc8a62bf021d20795d0653b9d48690788f31096,A,365286,legacy_seed,0,AI_VERIFIED
330600,0,0.0,0,A2_aggregate,case_096,5,,,0.27293674999964423,62777,,5,219558,330600,8c832cf10ea91861204b3437fb93997c96626a8b95ea7bc030fc71709d2bcdf8,A,550158,aggregate,0,AI_VERIFIED
330600,0,0.0,0,A2_base,case_096,5,,,0.25637204200029373,55236,,6,219558,330600,c4576009b80a161d9b2177014ae32b650e6174deaf9434fd35d140ae5bde391b,A,550158,seed,0,AI_VERIFIED
,,,,A2_capacity_g1_front,case_096,5,task schedule: dependency cycle; 1 -[core 2 task order]-> 8; 8 -[subgraph dependency]-> 9; 9 -[subgraph dependency]-> 5; 5 -[subgraph dependency]-> 4; 4 -[subgraph dependency]-> 1,EvaluationValidationError,0.008343417001015041,,,7,,,15db969b0c72cca3204cdbcc14d74352e2cbb0890a788a66297faea891b670dc,A,,capacity,,EVALUATION_FAILED
330600,0,0.0,0,A2_capacity_g2_front,case_096,5,,,0.3167578330012475,62947,,8,219558,330600,ff718f094c07515e83a022735434e29853aae3b5e4d110dc93586200efa8e80c,A,550158,capacity,0,AI_VERIFIED
330600,0,0.0,0,A2_capacity_g5_back,case_096,5,,,0.37766999999985273,55305,,9,219558,330600,33c06733fbf519a2f06b0dce08a2e9784ae6a6c7ea95bb5e01b4f4d7bc5d8822,A,550158,capacity,0,AI_VERIFIED
,,,,A2_capacity_g7_back,case_096,5,task schedule: dependency cycle; 4 -[core 1 task order]-> 7; 7 -[subgraph dependency]-> 8; 8 -[subgraph dependency]-> 9; 9 -[subgraph dependency]-> 5; 5 -[subgraph dependency]-> 4,EvaluationValidationError,0.010727500000939472,,,10,,,105d8b7514c96246e26bf6b5d98790886280e606a965a38acfe25c48f7a615e7,A,,capacity,,EVALUATION_FAILED
330600,0,0.0,0,A2_capacity_g9_back,case_096,5,,,0.3645979579996492,55374,,11,219558,330600,90fa1bc804c593498461b12465857f11a58bbd5965022c4d7df716e7b075702c,A,550158,capacity,0,AI_VERIFIED
55296,0,0.0,0,A1_move,case_096,5,,,0.4329996670003311,41196,,12,219558,55296,ed5fbb38836326197c3b1232680970848e669545e3116c2813cefcb1d544bc45,A,274854,ordinary,0,AI_VERIFIED
2827116,0,0.0,0,A3_aggregate,case_096,5,,,0.5280925839997508,97969,,13,219558,2827116,ea7c67ac269c975d69aa8dcdbbbd41460917216cd85408e826ead7de85007270,A,3046674,aggregate,0,AI_VERIFIED
2831212,0,0.0,0,A3_base,case_096,5,,,0.47539033300017763,98112,,14,219558,2831212,194211e29938aa46d83a84b4e37b7f6019645b34daaac684c06474e934574cd8,A,3050770,seed,0,AI_VERIFIED
,,,,A3_capacity_g18_back,case_096,5,task schedule: dependency cycle; 0 -[subgraph dependency]-> 1; 1 -[core 1 task order]-> 18; 18 -[subgraph dependency]-> 19; 19 -[subgraph dependency]-> 7; 7 -[subgraph dependency]-> 4; 4 -[subgraph dependency]-> 0,EvaluationValidationError,0.014292750000095111,,,15,,,34c56f63d6ae35c8d26159fb5c9918a1c8d55a6530e73d10c5387543b400705a,A,,capacity,,EVALUATION_FAILED
,,,,A3_capacity_g5_front,case_096,5,task schedule: dependency cycle; 4 -[subgraph dependency]-> 5; 5 -[core 1 task order]-> 18; 18 -[subgraph dependency]-> 19; 19 -[subgraph dependency]-> 7; 7 -[subgraph dependency]-> 4,EvaluationValidationError,0.031630542000129935,,,16,,,d13a835bf8d0e330873b6e8707cf47e0e087cd67819d3799f6497cb9f8b6cd9b,A,,capacity,,EVALUATION_FAILED
2831212,0,0.0,0,A3_move,case_096,5,,,0.4468047080008546,99012,,17,219558,2831212,630de04193e836f0e67d6c971f3238026be749584a30d12044d2c4f9ae220245,A,3050770,ordinary,0,AI_VERIFIED
3035492,0,0.0,0,L3_base,case_096,5,,,0.5189387079990411,108263,,18,219558,3035492,34f3d00b9cc28a1019714613f472c49456cd2e3780514a9d19667ceb2cd13f45,A,3255050,legacy_seed,0,AI_VERIFIED
0,0,0.0,0,B0_base,case_096,5,,,0.30157675000009476,84194,0,1,219558,0,16e047183c4e9c17a216bf39485656f0a4a43f3a5b1ece00effaa33234fe58db,B,219558,seed,0,AI_VERIFIED
55296,0,0.0,0,B1_base,case_096,5,,,0.2182531669986929,41196,1,2,219558,55296,eb81fcf5eff144bafd1a1f1fbdb8aee1c7ed27dfd99c5cdd1d05f681ce4ce170,B,274854,seed,0,AI_VERIFIED
1182000,0,0.0,0,B3_aggregate,case_096,5,,,0.3333727089993772,57021,,3,219558,1182000,467457e392c3afc2b64a5f20b301e11d857558791f06f8a88edfd04ebac377dd,B,1401558,aggregate,0,AI_VERIFIED
1182000,0,0.0,0,B3_base,case_096,5,,,0.3085598329998902,57021,,4,219558,1182000,f38fd9991235c4115594b4d53a5528e1a05a3b3b54e5bfeb085370306d20f7d4,B,1401558,seed,0,AI_VERIFIED
,,,,B3_capacity_g11_back,case_096,5,"global execution (core, op): dependency cycle; (0, 2344) -[local data/memory dependency]-> (0, 4089); (0, 4089) -[cross-core COPY]-> (1, 4090); (1, 4090) -[local data/memory dependency]-> (1, 2346); (1, 2346) -[local data/memory dependency]-> (1, 2348); (1, 2348) -[local data/memory dependency]-> (1, 2490); (1, 2490) -[local data/memory dependency]-> (1, 2492); (1, 2492) -[local data/memory dependency]-> (1, 2398); (1, 2398) -[local data/memory dependency]-> (1, 2458); (1, 2458) -[local data/memory dependency]-> (1, 2460); (1, 2460) -[local data/memory dependency]-> (1, 2390); (1, 2390) -[local data/memory dependency]-> (1, 2392); (1, 2392) -[local data/memory dependency]-> (1, 2516); (1, 2516) -[local data/memory dependency]-> (1, 2528); (1, 2528) -[local data/memory dependency]-> (1, 2534); (1, 2534) -[local data/memory dependency]-> (1, 2538); (1, 2538) -[local data/memory dependency]-> (1, 4092); ... (54 edges total)",EvaluationValidationError,0.28077091699924495,,,5,,,a6d6933097c621b3744b89d1bc4b3ac8b362000838cfb7a2e4cfae5e0a82b736,B,,capacity,,EVALUATION_FAILED
1182000,0,0.0,0,B3_capacity_g22_front,case_096,5,,,0.34545633400011866,59144,,6,219558,1182000,957d743139ec5da273eb7f03fb5766b67bf7e581cf71dab149c99de16485e9c9,B,1401558,capacity,0,AI_VERIFIED
,,,,B3_capacity_g31_front,case_096,5,"global execution (core, op): dependency cycle; (0, 4044) -[PIPE_MTE3 FIFO]-> (0, 4041); (0, 4041) -[cross-core COPY]-> (1, 4042); (1, 4042) -[local data/memory dependency]-> (1, 1917); (1, 1917) -[local data/memory dependency]-> (1, 1763); (1, 1763) -[local data/memory dependency]-> (1, 1765); (1, 1765) -[local data/memory dependency]-> (1, 1801); (1, 1801) -[local data/memory dependency]-> (1, 1803); (1, 1803) -[local data/memory dependency]-> (1, 1805); (1, 1805) -[local data/memory dependency]-> (1, 1807); (1, 1807) -[local data/memory dependency]-> (1, 4035); (1, 4035) -[PIPE_MTE3 FIFO]-> (1, 4038); (1, 4038) -[PIPE_MTE3 FIFO]-> (1, 3305); (1, 3305) -[PIPE_MTE3 FIFO]-> (1, 3308); (1, 3308) -[PIPE_MTE3 FIFO]-> (1, 3326); (1, 3326) -[PIPE_MTE3 FIFO]-> (1, 3329); (1, 3329) -[PIPE_MTE3 FIFO]-> (1, 3391); ... (48 edges total)",EvaluationValidationError,0.23331304199928127,,,7,,,1b2c405fc526c22dafdabca8c09813a4f4c15727081c68858e966bc13e2d302d,B,,capacity,,EVALUATION_FAILED
,,,,B3_capacity_g37_front,case_096,5,"global execution (core, op): dependency cycle; (0, 2319) -[local data/memory dependency]-> (0, 2329); (0, 2329) -[local data/memory dependency]-> (0, 2333); (0, 2333) -[local data/memory dependency]-> (0, 2335); (0, 2335) -[local data/memory dependency]-> (0, 2344); (0, 2344) -[local data/memory dependency]-> (0, 4089); (0, 4089) -[cross-core COPY]-> (1, 4090); (1, 4090) -[local data/memory dependency]-> (1, 2346); (1, 2346) -[local data/memory dependency]-> (1, 1809); (1, 1809) -[local data/memory dependency]-> (1, 1811); (1, 1811) -[local data/memory dependency]-> (1, 1789); (1, 1789) -[local data/memory dependency]-> (1, 1791); (1, 1791) -[local data/memory dependency]-> (1, 1793); (1, 1793) -[local data/memory dependency]-> (1, 1795); (1, 1795) -[local data/memory dependency]-> (1, 1966); (1, 1966) -[local data/memory dependency]-> (1, 1968); (1, 1968) -[local data/memory dependency]-> (1, 1970); ... (34 edges total)",EvaluationValidationError,0.26801433299988275,,,8,,,da3708fd3d969b77ea8ed5bec31cbee66f124cfd18d3b45dbd6d09e8ec85281c,B,,capacity,,EVALUATION_FAILED
,,,,B3_capacity_g8_back,case_096,5,"global execution (core, op): dependency cycle; (0, 3064) -[PIPE_MTE3 FIFO]-> (0, 3088); (0, 3088) -[PIPE_MTE3 FIFO]-> (0, 3111); (0, 3111) -[PIPE_MTE3 FIFO]-> (0, 3130); (0, 3130) -[PIPE_MTE3 FIFO]-> (0, 3153); (0, 3153) -[PIPE_MTE3 FIFO]-> (0, 3173); (0, 3173) -[PIPE_MTE3 FIFO]-> (0, 3192); (0, 3192) -[PIPE_MTE3 FIFO]-> (0, 3205); (0, 3205) -[PIPE_MTE3 FIFO]-> (0, 3253); (0, 3253) -[PIPE_MTE3 FIFO]-> (0, 3425); (0, 3425) -[PIPE_MTE3 FIFO]-> (0, 3450); (0, 3450) -[PIPE_MTE3 FIFO]-> (0, 3640); (0, 3640) -[PIPE_MTE3 FIFO]-> (0, 3702); (0, 3702) -[PIPE_MTE3 FIFO]-> (0, 3744); (0, 3744) -[PIPE_MTE3 FIFO]-> (0, 3786); (0, 3786) -[PIPE_MTE3 FIFO]-> (0, 3822); (0, 3822) -[PIPE_MTE3 FIFO]-> (0, 3909); ... (25 edges total)",EvaluationValidationError,0.2549717909987521,,,9,,,c26945ab0018c26ed4b8ad66de0b96bec992420f1c557298938cbbaefba4d6bf,B,,capacity,,EVALUATION_FAILED
,,,,B3_capacity_g8_front,case_096,5,"global execution (core, op): dependency cycle; (0, 3640) -[PIPE_MTE3 FIFO]-> (0, 3702); (0, 3702) -[PIPE_MTE3 FIFO]-> (0, 3744); (0, 3744) -[PIPE_MTE3 FIFO]-> (0, 3786); (0, 3786) -[PIPE_MTE3 FIFO]-> (0, 3822); (0, 3822) -[PIPE_MTE3 FIFO]-> (0, 3909); (0, 3909) -[PIPE_MTE3 FIFO]-> (0, 3940); (0, 3940) -[PIPE_MTE3 FIFO]-> (0, 3575); (0, 3575) -[PIPE_MTE3 FIFO]-> (0, 3483); (0, 3483) -[PIPE_MTE3 FIFO]-> (0, 3486); (0, 3486) -[PIPE_MTE3 FIFO]-> (0, 3525); (0, 3525) -[PIPE_MTE3 FIFO]-> (0, 3528); (0, 3528) -[PIPE_MTE3 FIFO]-> (0, 4052); (0, 4052) -[cross-core COPY]-> (2, 4053); (2, 4053) -[local data/memory dependency]-> (2, 1936); (2, 1936) -[local data/memory dependency]-> (2, 4055); (2, 4055) -[PIPE_MTE3 FIFO]-> (2, 3311); ... (48 edges total)",EvaluationValidationError,0.22435500000028696,,,10,,,318c420046f13827e7bbc021379ef62635f449ea92612b88739ab8513d0ab5d6,B,,capacity,,EVALUATION_FAILED
,,,,B3_move,case_096,5,"global execution (core, op): dependency cycle; (3, 1478) -[local data/memory dependency]-> (3, 1482); (3, 1482) -[local data/memory dependency]-> (3, 1687); (3, 1687) -[local data/memory dependency]-> (3, 2659); (3, 2659) -[local data/memory dependency]-> (3, 4222); (3, 4222) -[PIPE_MTE3 FIFO]-> (3, 4231); (3, 4231) -[PIPE_MTE3 FIFO]-> (3, 3259); (3, 3259) -[PIPE_MTE3 FIFO]-> (3, 3540); (3, 3540) -[PIPE_MTE3 FIFO]-> (3, 3543); (3, 3543) -[PIPE_MTE3 FIFO]-> (3, 3964); (3, 3964) -[PIPE_MTE3 FIFO]-> (3, 3018); (3, 3018) -[PIPE_MTE3 FIFO]-> (3, 3027); (3, 3027) -[PIPE_MTE3 FIFO]-> (3, 3036); (3, 3036) -[PIPE_MTE3 FIFO]-> (3, 3267); (3, 3267) -[PIPE_MTE3 FIFO]-> (3, 3272); (3, 3272) -[PIPE_MTE3 FIFO]-> (3, 3275); (3, 3275) -[PIPE_MTE3 FIFO]-> (3, 3282); ... (111 edges total)",EvaluationValidationError,0.2726574999996956,,,11,,,36f966fbb768f2632e7508d91086f769728eb4b0760ea2215a6ec34dcc94e7f3,B,,ordinary,,EVALUATION_FAILED
145728,0,0.0,0,L1_base,case_096,5,,,0.19788458299990452,27053,,12,219558,145728,93736b65818610207fe934880cc8a62bf021d20795d0653b9d48690788f31096,B,365286,legacy_seed,0,AI_VERIFIED
1670580,0,0.0,0,B2_aggregate,case_096,5,,,0.3767349160007143,69841,,13,219558,1666484,e16ae23c4c1658705cd143af89a50141bb87f0f676b2f5cf373661a011d306df,B,1890138,aggregate,4096,AI_VERIFIED
1670580,0,0.0,0,B2_base,case_096,5,,,0.3555757089998224,69841,,14,219558,1666484,8a904c5d3aca7531e834321b439aabbbe89df23f4160c24a1e950349c3a6fd3c,B,1890138,seed,4096,AI_VERIFIED
,,,,B2_capacity_g11_front,case_096,5,"global execution (core, op): dependency cycle; (0, 3349) -[PIPE_MTE3 FIFO]-> (0, 3370); (0, 3370) -[PIPE_MTE3 FIFO]-> (0, 3391); (0, 3391) -[cross-core COPY]-> (1, 3392); (1, 3392) -[local data/memory dependency]-> (1, 783); (1, 783) -[local data/memory dependency]-> (1, 1845); (1, 1845) -[local data/memory dependency]-> (1, 1847); (1, 1847) -[local data/memory dependency]-> (1, 1849); (1, 1849) -[local data/memory dependency]-> (1, 1851); (1, 1851) -[local data/memory dependency]-> (1, 1853); (1, 1853) -[local data/memory dependency]-> (1, 2203); (1, 2203) -[local data/memory dependency]-> (1, 2205); (1, 2205) -[local data/memory dependency]-> (1, 4132); (1, 4132) -[PIPE_MTE3 FIFO]-> (1, 4141); (1, 4141) -[PIPE_MTE3 FIFO]-> (1, 4150); (1, 4150) -[PIPE_MTE3 FIFO]-> (1, 4159); (1, 4159) -[PIPE_MTE3 FIFO]-> (1, 4168); ... (43 edges total)",EvaluationValidationError,0.27465391700025066,,,15,,,fd0420b34700f8f91eafca4fe1b5c33fea8b40f840822b0a0597db7e3183ddac,B,,capacity,,EVALUATION_FAILED
,,,,B2_capacity_g14_back,case_096,5,"global execution (core, op): dependency cycle; (0, 3349) -[PIPE_MTE3 FIFO]-> (0, 3370); (0, 3370) -[PIPE_MTE3 FIFO]-> (0, 3391); (0, 3391) -[PIPE_MTE3 FIFO]-> (0, 3515); (0, 3515) -[cross-core COPY]-> (1, 3516); (1, 3516) -[local data/memory dependency]-> (1, 1147); (1, 1147) -[local data/memory dependency]-> (1, 1149); (1, 1149) -[local data/memory dependency]-> (1, 2128); (1, 2128) -[local data/memory dependency]-> (1, 2132); (1, 2132) -[local data/memory dependency]-> (1, 1505); (1, 1505) -[local data/memory dependency]-> (1, 1507); (1, 1507) -[local data/memory dependency]-> (1, 1509); (1, 1509) -[local data/memory dependency]-> (1, 3744); (1, 3744) -[PIPE_MTE3 FIFO]-> (1, 3809); (1, 3809) -[PIPE_MTE3 FIFO]-> (1, 3432); (1, 3432) -[PIPE_MTE3 FIFO]-> (1, 3235); (1, 3235) -[PIPE_MTE3 FIFO]-> (1, 3280); ... (31 edges total)",EvaluationValidationError,0.2548573749991192,,,16,,,1498f304776deef2bc3827e5df2cdba8fc6be21de5e85c52aeb966f70a589a86,B,,capacity,,EVALUATION_FAILED
,,,,B2_capacity_g14_front,case_096,5,"global execution (core, op): dependency cycle; (1, 3954) -[PIPE_MTE3 FIFO]-> (1, 3960); (1, 3960) -[PIPE_MTE3 FIFO]-> (1, 3966); (1, 3966) -[PIPE_MTE3 FIFO]-> (1, 3972); (1, 3972) -[cross-core COPY]-> (2, 3973); (2, 3973) -[local data/memory dependency]-> (2, 1903); (2, 1903) -[local data/memory dependency]-> (2, 3975); (2, 3975) -[PIPE_MTE3 FIFO]-> (2, 3980); (2, 3980) -[PIPE_MTE3 FIFO]-> (2, 3205); (2, 3205) -[PIPE_MTE3 FIFO]-> (2, 3226); (2, 3226) -[PIPE_MTE3 FIFO]-> (2, 3229); (2, 3229) -[PIPE_MTE3 FIFO]-> (2, 3250); (2, 3250) -[PIPE_MTE3 FIFO]-> (2, 3271); (2, 3271) -[PIPE_MTE3 FIFO]-> (2, 3274); (2, 3274) -[PIPE_MTE3 FIFO]-> (2, 3319); (2, 3319) -[PIPE_MTE3 FIFO]-> (2, 3169); (2, 3169) -[PIPE_MTE3 FIFO]-> (2, 3190); ... (43 edges total)",EvaluationValidationError,0.29588691699973424,,,17,,,f8615b1794c69faa235f56656161c7eb7dd946adcbc275c4ce48ae46d4fa2926,B,,capacity,,EVALUATION_FAILED
,,,,B2_capacity_g4_front,case_096,5,"global execution (core, op): dependency cycle; (0, 923) -[local data/memory dependency]-> (0, 925); (0, 925) -[local data/memory dependency]-> (0, 927); (0, 927) -[local data/memory dependency]-> (0, 929); (0, 929) -[local data/memory dependency]-> (0, 931); (0, 931) -[local data/memory dependency]-> (0, 933); (0, 933) -[local data/memory dependency]-> (0, 935); (0, 935) -[local data/memory dependency]-> (0, 937); (0, 937) -[local data/memory dependency]-> (0, 939); (0, 939) -[local data/memory dependency]-> (0, 941); (0, 941) -[local data/memory dependency]-> (0, 943); (0, 943) -[local data/memory dependency]-> (0, 945); (0, 945) -[local data/memory dependency]-> (0, 947); (0, 947) -[local data/memory dependency]-> (0, 949); (0, 949) -[local data/memory dependency]-> (0, 951); (0, 951) -[local data/memory dependency]-> (0, 953); (0, 953) -[local data/memory dependency]-> (0, 955); ... (96 edges total)",EvaluationValidationError,0.3034969580003235,,,18,,,a1cc69dde777e1e0a4bc8c1b6cde3066938da790d40570874976b11fc63eb862,B,,capacity,,EVALUATION_FAILED
,,,,B2_capacity_g5_front,case_096,5,"global execution (core, op): dependency cycle; (0, 3391) -[PIPE_MTE3 FIFO]-> (0, 3515); (0, 3515) -[cross-core COPY]-> (1, 3516); (1, 3516) -[local data/memory dependency]-> (1, 1147); (1, 1147) -[local data/memory dependency]-> (1, 1149); (1, 1149) -[local data/memory dependency]-> (1, 3518); (1, 3518) -[PIPE_MTE3 FIFO]-> (1, 3542); (1, 3542) -[PIPE_MTE3 FIFO]-> (1, 3586); (1, 3586) -[PIPE_MTE3 FIFO]-> (1, 3633); (1, 3633) -[PIPE_MTE3 FIFO]-> (1, 3658); (1, 3658) -[PIPE_MTE3 FIFO]-> (1, 3756); (1, 3756) -[PIPE_MTE3 FIFO]-> (1, 3777); (1, 3777) -[PIPE_MTE3 FIFO]-> (1, 3818); (1, 3818) -[PIPE_MTE3 FIFO]-> (1, 2997); (1, 2997) -[PIPE_MTE3 FIFO]-> (1, 3013); (1, 3013) -[PIPE_MTE3 FIFO]-> (1, 3039); (1, 3039) -[PIPE_MTE3 FIFO]-> (1, 3065); ... (70 edges total)",EvaluationValidationError,0.3621679169991694,,,19,,,44b8d9ee9a972894526c51f65cabec230e800ed4d0b92620a4fc97e1c24ce5ce,B,,capacity,,EVALUATION_FAILED
1732528,0,0.0,0,L3_base,case_096,5,,,0.43041208400063624,81003,,20,219558,1732528,28185dafc08d0ed8d34e43f286d9e585f80d6d4a00c572d49ff8ef9c5c1ee062,B,1952086,legacy_seed,0,AI_VERIFIED
145728,90432,0.2540310347539805,265556,incumbent_base,case_096,5,,,0.17283470800066425,27053,0,1,219558,145728,93736b65818610207fe934880cc8a62bf021d20795d0653b9d48690788f31096,C,365286,incumbent,0,AI_VERIFIED
0,0,0.0,210260,C0_base,case_096,5,,,0.27887004100011836,84194,1,2,219558,0,16e047183c4e9c17a216bf39485656f0a4a43f3a5b1ece00effaa33234fe58db,C,219558,seed,0,AI_VERIFIED
55296,55296,0.20822726656524423,210260,C1_base,case_096,5,,,0.17588749999958964,41196,2,3,219558,55296,eb81fcf5eff144bafd1a1f1fbdb8aee1c7ed27dfd99c5cdd1d05f681ce4ce170,C,274854,seed,0,AI_VERIFIED
1317688,272514,0.2757301160738858,715822,C3_base,case_096,5,,,0.3484038749993488,72437,,4,219558,1317688,541503b210ac6ab2beea5affd5cdcf3ca7683eadb38de26ebecc6c5d2a624c1c,C,1537246,seed,0,AI_VERIFIED
145728,90432,0.2540310347539805,265556,incumbent_split_release_g3_p2,case_096,5,,,0.20502433300134726,27053,,5,219558,145728,601e3e2753de75df223eb01da87a77c25a64460ed2eefaf03ce3fce355b1212f,C,365286,timing,0,AI_VERIFIED
145728,72000,0.20225400856208636,283988,incumbent_split_release_g3_p4,case_096,5,,,0.21714737500042247,27053,,6,219558,145728,cb54f7a9652eca8297b3dbd575733dcc549fdf0ae46eab24917aa191ee02aa6b,C,365286,timing,0,AI_VERIFIED
145728,35136,0.09869995617829815,320852,incumbent_split_release_g4_p4,case_096,5,,,0.2074413749996893,27053,,7,219558,145728,02d127182fbdd88dda9064d37fc0f90c3f90974e28016e053c93c1e2b29a7f62,C,365286,timing,0,AI_VERIFIED
145728,90432,0.2540310347539805,265556,incumbent_split_release_g2_p4,case_096,5,,,0.24284366599931673,27053,,8,219558,145728,98eefed26631080ee1f06c0c9d022ea51c4ea1b7905a4691a752613df227d107,C,365286,timing,0,AI_VERIFIED
145728,90432,0.2540310347539805,265556,incumbent_split_release_g1_p4,case_096,5,,,0.20798729100170021,27053,,9,219558,145728,972cb5866681d3eace876590b8c74cfccde65dda20d751bb30cbe91f659b05a8,C,365286,timing,0,AI_VERIFIED
145728,90432,0.2540310347539805,265556,incumbent_split_release_g1_p2,case_096,5,,,0.22632112499923096,27053,,10,219558,145728,89a752cfe666aa9c0126daec4100990e0584b9fd6558ccafcedb762daafd97c8,C,365286,timing,0,AI_VERIFIED
145728,35136,0.09869995617829815,320852,incumbent_split_release_g4_p2,case_096,5,,,0.2059030000000348,27053,,11,219558,145728,6ecb7156bad434c6a3ecf59067f1aa6fc5649563a844cbc9a3e580c11a8e0f3d,C,365286,timing,0,AI_VERIFIED
145728,90432,0.2540310347539805,265556,incumbent_split_release_g2_p2,case_096,5,,,0.23932862499896146,27053,,12,219558,145728,0ff7c4e37a57d2ad8d442002bc51835bafe920d9c60521516ec742daa743dea3,C,365286,timing,0,AI_VERIFIED
145728,90432,0.2540310347539805,265556,incumbent_split_height_g0_p4,case_096,5,,,0.24355533299967647,27053,,13,219558,145728,44cf12b5110a81ba986fb4367eac2b1787a9c46e51628098f0a1907e307efd7b,C,365286,timing,0,AI_VERIFIED
145728,90432,0.2540310347539805,265556,incumbent_split_release_g0_p4,case_096,5,,,0.2748405829988769,27053,,14,219558,145728,03134d623bbb862008b5551f2a2e4cc060a2656cd72a2db7ce88f52380820586,C,365286,timing,0,AI_VERIFIED
145728,90432,0.2540310347539805,265556,incumbent_split_topo_g0_p4,case_096,5,,,0.22893337499954214,27053,,15,219558,145728,b9a770b7b840425a3747a4c0a16cafcc0e2cbc1006c399752c115b7f8244b8c2,C,365286,timing,0,AI_VERIFIED
145728,35136,0.09869995617829815,320852,incumbent_split_topo_g4_p4,case_096,5,,,0.220286916999612,27053,,16,219558,145728,19adbd655715d8527ce93bc752356937be00652a868b6007ba2d432af2f58a86,C,365286,timing,0,AI_VERIFIED
145728,90432,0.2540310347539805,265556,incumbent_split_release_g0_p2,case_096,5,,,0.2488104169988219,27053,,17,219558,145728,037140fbd2032ba9ea556445764d02f4c7eb6ea78ed768fbcb8549e4acd9f7dc,C,365286,timing,0,AI_VERIFIED
145728,90432,0.2540310347539805,265556,incumbent_split_topo_g0_p2,case_096,5,,,0.21007783400091284,27053,,18,219558,145728,1161a3cf458a361de0316588b1a8307748d26de7bb52047b6e1694fdb6c57334,C,365286,timing,0,AI_VERIFIED
145728,90432,0.2540310347539805,265556,incumbent_split_topo_g2_p4,case_096,5,,,0.11471949999940989,27053,,19,219558,145728,2295439083a706c656e1ede4cf6551aa2c76aab06d1750e8a08bafecaa42c6cf,C,365286,timing,0,AI_VERIFIED
145728,90432,0.2540310347539805,265556,incumbent_split_topo_g1_p4,case_096,5,,,0.1031234999991284,27053,,20,219558,145728,4bf0c9bc1a69459f7821066da26f832ba48b8d861e90ac21d1e5a932b3ffcb23,C,365286,timing,0,AI_VERIFIED
69632,0,0.0,0,A0_base,case_055,5,,,0.18281700000079582,118835,0,1,625810,0,8c37e42713fa4ad06c7e31c67986329e364675db4457a06b4d1514d12965dc89,A,695442,seed,69632,AI_VERIFIED
198656,0,0.0,0,A1_base,case_055,5,,,0.1767979579999519,27719,1,2,625810,198656,7cfccb7d56c35de4c36af33fd4348ffef7acf5b9efadb8efd8fdf89367064597,A,824466,seed,0,AI_VERIFIED
231424,0,0.0,0,L1_base,case_055,5,,,0.18724920800013933,25635,,3,625810,231424,70c02d0ec165957781061d19fdb5d09f20ae5a911cc7ca7aa9018afd61f0af8c,A,857234,legacy_seed,0,AI_VERIFIED
159760,0,0.0,0,A2_move,case_055,5,,,0.11176883400003135,59939,,4,625810,159760,7edce241c9624c6dae3d1e5aa3daa92b0c76b84eb18afa0818561c6c1b5caa21,A,785570,ordinary,0,AI_VERIFIED
159760,0,0.0,0,A2_base,case_055,5,,,0.11302108299969404,59836,,5,625810,159760,4305c14132b1fe655c3cb91c1820408526ef30027f1a10cb98f95bc3f7734a04,A,785570,seed,0,AI_VERIFIED
159760,0,0.0,0,A2_capacity_g0_front,case_055,5,,,0.11253199999919161,59939,,6,625810,159760,c3a2ee7f760266ae88660f6b56a9704b59ca3a91c7bfdfac797f79009e2e91c4,A,785570,capacity,0,AI_VERIFIED
,,,,A2_capacity_g1_back,case_055,5,task schedule: dependency cycle; 1 -[subgraph dependency]-> 3; 3 -[subgraph dependency]-> 4; 4 -[subgraph dependency]-> 9; 9 -[core 0 task order]-> 2; 2 -[core 0 task order]-> 1,EvaluationValidationError,0.0059359580009186175,,,7,,,e74903ee5a67e8ae244b2313fc33e221312ab78ee6a994278c740cb1925c755c,A,,capacity,,EVALUATION_FAILED
159760,0,0.0,0,A2_capacity_g2_front,case_055,5,,,0.0960008750007546,98991,,8,625810,159760,e2786ee3966cf64cd3be8f19e6f87f77f95912b1a8199a0b3feef7b8ff26dedc,A,785570,capacity,0,AI_VERIFIED
159760,0,0.0,0,A2_capacity_g3_back,case_055,5,,,0.10869499999898835,66745,,9,625810,159760,5ede68f7fb1e10de3e84b5fe66f9fdaf1be92c5bd026037f4967fad0170763b5,A,785570,capacity,0,AI_VERIFIED
159760,0,0.0,0,A2_capacity_g6_back,case_055,5,,,0.10969754200050374,64685,,10,625810,159760,8808f3091c883ad299763233525448c7d32788a4299bcbd36f783a6d244e4d2a,A,785570,capacity,0,AI_VERIFIED
159760,0,0.0,0,A2_capacity_g9_back,case_055,5,,,0.10782099999960337,63085,,11,625810,159760,8e59f82975d4399fc8be801b0398391f9b9e493429569d4b2583123e892dc6c3,A,785570,capacity,0,AI_VERIFIED
,,,,A2_capacity_g9_front,case_055,5,task schedule: dependency cycle; 1 -[subgraph dependency]-> 3; 3 -[subgraph dependency]-> 4; 4 -[subgraph dependency]-> 9; 9 -[core 0 task order]-> 1,EvaluationValidationError,0.00574104199949943,,,12,,,84fe4ff29c3684bfa4f1893dc2613d65907ef59ceff85e405c6cf6786a91e63e,A,,capacity,,EVALUATION_FAILED
199780,0,0.0,0,L2_base,case_055,5,,,0.09688116699908278,110902,,13,625810,199780,9642f305661d8235c4c1106f419f7d5a92b75b414806ff127da6a0dbfc973d3b,A,825590,legacy_seed,0,AI_VERIFIED
198656,0,0.0,0,A1_move,case_055,5,,,0.1525445409988606,44174,,14,625810,198656,20f92da4f184b485780ed28503d3c3cb4552ec64de327567db70220e0dda1f8c,A,824466,ordinary,0,AI_VERIFIED
3994892,0,0.0,0,A3_aggregate,case_055,5,,,0.18483699999887904,123689,,15,625810,3994892,b27c3bb3295927936084c936246d27d899461d1119de78bce0341c8b3e59c959,A,4620702,aggregate,0,AI_VERIFIED
3994892,0,0.0,0,A3_base,case_055,5,,,0.1909903329997178,120099,,16,625810,3994892,3a4d44de27992aff1a7c0e3e49c7fbb01727e28eb360e1ec0499d2d5ab7e1dfa,A,4620702,seed,0,AI_VERIFIED
3994892,0,0.0,0,A3_capacity_g0_back,case_055,5,,,0.1946137919985631,119683,,17,625810,3994892,1302d92fccfc004c1cb7f00775928f5bedd23e7877e9b749ccbacf54cb5c4a15,A,4620702,capacity,0,AI_VERIFIED
3994892,0,0.0,0,A3_capacity_g12_front,case_055,5,,,0.19775783300065086,119982,,18,625810,3994892,07654f67090b9da7e4eab27b3bc5b1b43276781cb0b3aa1192be8f9f59825347,A,4620702,capacity,0,AI_VERIFIED
,,,,A3_capacity_g13_back,case_055,5,task schedule: dependency cycle; 9 -[core 1 task order]-> 13; 13 -[subgraph dependency]-> 14; 14 -[subgraph dependency]-> 15; 15 -[subgraph dependency]-> 16; 16 -[subgraph dependency]-> 11; 11 -[subgraph dependency]-> 9,EvaluationValidationError,0.005535833000976709,,,19,,,3dc9888c28e64ad4f31b464378ee5f393fb717df3c0b5a15929210c1c34f0994,A,,capacity,,EVALUATION_FAILED
,,,,A3_capacity_g13_front,case_055,5,task schedule: dependency cycle; 3 -[subgraph dependency]-> 12; 12 -[subgraph dependency]-> 13; 13 -[core 1 task order]-> 3,EvaluationValidationError,0.005852416999914567,,,20,,,0689d6bcecac2b9c7ba84f9cac3b2c8b935ffb2c6f0ed6a6b5f6605b72b0ffe3,A,,capacity,,EVALUATION_FAILED
69632,0,0.0,0,B0_base,case_055,5,,,0.07905716700042831,118835,0,1,625810,0,8c37e42713fa4ad06c7e31c67986329e364675db4457a06b4d1514d12965dc89,B,695442,seed,69632,AI_VERIFIED
198656,0,0.0,0,B1_base,case_055,5,,,0.08427816699986579,27719,1,2,625810,198656,7cfccb7d56c35de4c36af33fd4348ffef7acf5b9efadb8efd8fdf89367064597,B,824466,seed,0,AI_VERIFIED
231424,0,0.0,0,L1_base,case_055,5,,,0.07715037499838218,25635,,3,625810,231424,70c02d0ec165957781061d19fdb5d09f20ae5a911cc7ca7aa9018afd61f0af8c,B,857234,legacy_seed,0,AI_VERIFIED
2604252,0,0.0,0,B2_move,case_055,5,,,0.1300929589997395,89856,,4,625810,1886920,4e39f82f3daf192f7e668311b9f8e9fe5634750c4271cafaf441e3c2aa063b73,B,3230062,ordinary,717332,AI_VERIFIED
2604252,0,0.0,0,B2_aggregate,case_055,5,,,0.13338458399994124,89856,,5,625810,1886920,8e14256c5e1e582028cd57b6ac1c1adeda04ff73752effb53a6deb8ff1f894c1,B,3230062,aggregate,717332,AI_VERIFIED
2604252,0,0.0,0,B2_base,case_055,5,,,0.1305267499992624,89856,,6,625810,1886920,a3e18008680d5835439bf6fe74a59c16be55dbc7bead0f9a77d49a54319e4625,B,3230062,seed,717332,AI_VERIFIED
,,,,B2_capacity_g0_back,case_055,5,"global execution (core, op): dependency cycle; (2, 3133) -[PIPE_MTE3 FIFO]-> (2, 3138); (2, 3138) -[cross-core COPY]-> (4, 3139); (4, 3139) -[local data/memory dependency]-> (4, 17); (4, 17) -[local data/memory dependency]-> (4, 3141); (4, 3141) -[PIPE_MTE3 FIFO]-> (4, 3154); (4, 3154) -[PIPE_MTE3 FIFO]-> (4, 3167); (4, 3167) -[PIPE_MTE3 FIFO]-> (4, 3180); (4, 3180) -[PIPE_MTE3 FIFO]-> (4, 3193); (4, 3193) -[PIPE_MTE3 FIFO]-> (4, 3206); (4, 3206) -[PIPE_MTE3 FIFO]-> (4, 4300); (4, 4300) -[PIPE_MTE3 FIFO]-> (4, 4309); (4, 4309) -[PIPE_MTE3 FIFO]-> (4, 4318); (4, 4318) -[PIPE_MTE3 FIFO]-> (4, 4327); (4, 4327) -[PIPE_MTE3 FIFO]-> (4, 4336); (4, 4336) -[PIPE_MTE3 FIFO]-> (4, 4345); (4, 4345) -[PIPE_MTE3 FIFO]-> (4, 4354); ... (87 edges total)",EvaluationValidationError,0.10095100000035018,,,7,,,119ec59b3cd4af77fb8608eda630808be8ea93b740b8267a64b726a089cc9aed,B,,capacity,,EVALUATION_FAILED
,,,,B2_capacity_g12_back,case_055,5,"global execution (core, op): dependency cycle; (0, 3236) -[PIPE_MTE3 FIFO]-> (0, 3265); (0, 3265) -[PIPE_MTE3 FIFO]-> (0, 3288); (0, 3288) -[PIPE_MTE3 FIFO]-> (0, 3311); (0, 3311) -[PIPE_MTE3 FIFO]-> (0, 4394); (0, 4394) -[cross-core COPY]-> (1, 4395); (1, 4395) -[local data/memory dependency]-> (1, 2766); (1, 2766) -[local data/memory dependency]-> (1, 2768); (1, 2768) -[local data/memory dependency]-> (1, 2770); (1, 2770) -[local data/memory dependency]-> (1, 3409); (1, 3409) -[local data/memory dependency]-> (1, 458); (1, 458) -[local data/memory dependency]-> (1, 760); (1, 760) -[local data/memory dependency]-> (1, 1198); (1, 1198) -[local data/memory dependency]-> (1, 3834); (1, 3834) -[PIPE_MTE3 FIFO]-> (1, 3837); (1, 3837) -[PIPE_MTE3 FIFO]-> (1, 3840); (1, 3840) -[PIPE_MTE3 FIFO]-> (1, 3843); ... (72 edges total)",EvaluationValidationError,0.10442854100074328,,,8,,,e0d9389be7ad924c2e7620b941f078e814cda8f049e3363fd82dc26914e80899,B,,capacity,,EVALUATION_FAILED
2604252,0,0.0,0,B2_capacity_g12_front,case_055,5,,,0.1318070830002398,89577,,9,625810,1886920,7a12652d59bba7100205c381e39b58c402fd36cb45025e7aef48efb80316a718,B,3230062,capacity,717332,AI_VERIFIED
,,,,B2_capacity_g13_back,case_055,5,"global execution (core, op): dependency cycle; (0, 3236) -[PIPE_MTE3 FIFO]-> (0, 3265); (0, 3265) -[PIPE_MTE3 FIFO]-> (0, 3288); (0, 3288) -[PIPE_MTE3 FIFO]-> (0, 3311); (0, 3311) -[PIPE_MTE3 FIFO]-> (0, 4394); (0, 4394) -[cross-core COPY]-> (1, 4395); (1, 4395) -[local data/memory dependency]-> (1, 2766); (1, 2766) -[local data/memory dependency]-> (1, 2768); (1, 2768) -[local data/memory dependency]-> (1, 2770); (1, 2770) -[local data/memory dependency]-> (1, 3409); (1, 3409) -[local data/memory dependency]-> (1, 458); (1, 458) -[local data/memory dependency]-> (1, 760); (1, 760) -[local data/memory dependency]-> (1, 1198); (1, 1198) -[local data/memory dependency]-> (1, 1649); (1, 1649) -[local data/memory dependency]-> (1, 1651); (1, 1651) -[local data/memory dependency]-> (1, 1653); (1, 1653) -[local data/memory dependency]-> (1, 1657); ... (35 edges total)",EvaluationValidationError,0.10483912500058068,,,10,,,72112f677100044de9bbdb1d7297986e591815a58eccef8db233299805d2e38f,B,,capacity,,EVALUATION_FAILED
,,,,B2_capacity_g13_front,case_055,5,"global execution (core, op): dependency cycle; (1, 3308) -[PIPE_MTE3 FIFO]-> (1, 3925); (1, 3925) -[PIPE_MTE3 FIFO]-> (1, 3940); (1, 3940) -[PIPE_MTE3 FIFO]-> (1, 3955); (1, 3955) -[PIPE_MTE3 FIFO]-> (1, 3970); (1, 3970) -[PIPE_MTE3 FIFO]-> (1, 3985); (1, 3985) -[PIPE_MTE3 FIFO]-> (1, 4033); (1, 4033) -[PIPE_MTE3 FIFO]-> (1, 3256); (1, 3256) -[cross-core COPY]-> (4, 3257); (4, 3257) -[local data/memory dependency]-> (4, 191); (4, 191) -[local data/memory dependency]-> (4, 193); (4, 193) -[local data/memory dependency]-> (4, 3259); (4, 3259) -[PIPE_MTE3 FIFO]-> (4, 3230); (4, 3230) -[PIPE_MTE3 FIFO]-> (4, 3282); (4, 3282) -[PIPE_MTE3 FIFO]-> (4, 3305); (4, 3305) -[cross-core COPY]-> (1, 3306); (1, 3306) -[local data/memory dependency]-> (1, 239); ... (18 edges total)",EvaluationValidationError,0.10348179100037669,,,11,,,e4a7de51f06ff0cce45b46105501ac9ca4294edfb863a16e13d6503ae828bd88,B,,capacity,,EVALUATION_FAILED
,,,,B2_capacity_g14_front,case_055,5,"global execution (core, op): dependency cycle; (0, 3236) -[PIPE_MTE3 FIFO]-> (0, 3265); (0, 3265) -[PIPE_MTE3 FIFO]-> (0, 3288); (0, 3288) -[PIPE_MTE3 FIFO]-> (0, 3311); (0, 3311) -[PIPE_MTE3 FIFO]-> (0, 4394); (0, 4394) -[PIPE_MTE3 FIFO]-> (0, 3253); (0, 3253) -[cross-core COPY]-> (1, 3254); (1, 3254) -[local data/memory dependency]-> (1, 187); (1, 187) -[local data/memory dependency]-> (1, 189); (1, 189) -[local data/memory dependency]-> (1, 3256); (1, 3256) -[PIPE_MTE3 FIFO]-> (1, 3146); (1, 3146) -[PIPE_MTE3 FIFO]-> (1, 3151); (1, 3151) -[PIPE_MTE3 FIFO]-> (1, 4069); (1, 4069) -[PIPE_MTE3 FIFO]-> (1, 3233); (1, 3233) -[PIPE_MTE3 FIFO]-> (1, 3262); (1, 3262) -[PIPE_MTE3 FIFO]-> (1, 3285); (1, 3285) -[PIPE_MTE3 FIFO]-> (1, 3308); ... (29 edges total)",EvaluationValidationError,0.10532849999981408,,,12,,,6a936c17131e757eae655bf034877998333801a0b835e8648491ffb76bbe1232,B,,capacity,,EVALUATION_FAILED
,,,,B2_capacity_g15_front,case_055,5,"global execution (core, op): dependency cycle; (0, 3236) -[PIPE_MTE3 FIFO]-> (0, 3265); (0, 3265) -[PIPE_MTE3 FIFO]-> (0, 3288); (0, 3288) -[PIPE_MTE3 FIFO]-> (0, 3311); (0, 3311) -[PIPE_MTE3 FIFO]-> (0, 4394); (0, 4394) -[cross-core COPY]-> (1, 4395); (1, 4395) -[local data/memory dependency]-> (1, 2766); (1, 2766) -[local data/memory dependency]-> (1, 2768); (1, 2768) -[local data/memory dependency]-> (1, 2770); (1, 2770) -[local data/memory dependency]-> (1, 3409); (1, 3409) -[local data/memory dependency]-> (1, 458); (1, 458) -[local data/memory dependency]-> (1, 760); (1, 760) -[local data/memory dependency]-> (1, 1198); (1, 1198) -[local data/memory dependency]-> (1, 1649); (1, 1649) -[local data/memory dependency]-> (1, 1651); (1, 1651) -[local data/memory dependency]-> (1, 1653); (1, 1653) -[local data/memory dependency]-> (1, 1657); ... (35 edges total)",EvaluationValidationError,0.10344004099897575,,,13,,,ff0faad70603c1bc1b5c63ead087a3048b8b6d85564fd9201a814e08254ed797,B,,capacity,,EVALUATION_FAILED
,,,,B2_capacity_g16_front,case_055,5,"global execution (core, op): dependency cycle; (0, 3236) -[PIPE_MTE3 FIFO]-> (0, 3265); (0, 3265) -[PIPE_MTE3 FIFO]-> (0, 3288); (0, 3288) -[PIPE_MTE3 FIFO]-> (0, 3311); (0, 3311) -[PIPE_MTE3 FIFO]-> (0, 4394); (0, 4394) -[cross-core COPY]-> (1, 4395); (1, 4395) -[local data/memory dependency]-> (1, 2766); (1, 2766) -[local data/memory dependency]-> (1, 2768); (1, 2768) -[local data/memory dependency]-> (1, 2770); (1, 2770) -[local data/memory dependency]-> (1, 3409); (1, 3409) -[local data/memory dependency]-> (1, 458); (1, 458) -[local data/memory dependency]-> (1, 760); (1, 760) -[local data/memory dependency]-> (1, 1198); (1, 1198) -[local data/memory dependency]-> (1, 3834); (1, 3834) -[PIPE_MTE3 FIFO]-> (1, 3837); (1, 3837) -[PIPE_MTE3 FIFO]-> (1, 3840); (1, 3840) -[PIPE_MTE3 FIFO]-> (1, 3843); ... (48 edges total)",EvaluationValidationError,0.10389266700076405,,,14,,,a6981c914dfbfb267ec650392c99e09344a71913e67b95b3361df9ee936e39a5,B,,capacity,,EVALUATION_FAILED
,,,,B2_capacity_g3_back,case_055,5,"global execution (core, op): dependency cycle; (0, 3236) -[PIPE_MTE3 FIFO]-> (0, 3265); (0, 3265) -[PIPE_MTE3 FIFO]-> (0, 3288); (0, 3288) -[PIPE_MTE3 FIFO]-> (0, 3311); (0, 3311) -[PIPE_MTE3 FIFO]-> (0, 4394); (0, 4394) -[cross-core COPY]-> (1, 4395); (1, 4395) -[local data/memory dependency]-> (1, 2766); (1, 2766) -[local data/memory dependency]-> (1, 2768); (1, 2768) -[local data/memory dependency]-> (1, 2770); (1, 2770) -[local data/memory dependency]-> (1, 3409); (1, 3409) -[local data/memory dependency]-> (1, 458); (1, 458) -[local data/memory dependency]-> (1, 760); (1, 760) -[local data/memory dependency]-> (1, 1198); (1, 1198) -[local data/memory dependency]-> (1, 3834); (1, 3834) -[PIPE_MTE3 FIFO]-> (1, 3837); (1, 3837) -[PIPE_MTE3 FIFO]-> (1, 3840); (1, 3840) -[PIPE_MTE3 FIFO]-> (1, 3843); ... (37 edges total)",EvaluationValidationError,0.10817120899992005,,,15,,,48b43ae0d7830015fa2d57583a9e364fbeea21f1d69d2e0912898ed1796261ec,B,,capacity,,EVALUATION_FAILED
2604252,0,0.0,0,B2_capacity_g4_back,case_055,5,,,0.13213954099956027,90055,,16,625810,1886920,056eff3d7775f1081e40c179d5e53374b162bae47b5ffbffcff92eb6ccace835,B,3230062,capacity,717332,AI_VERIFIED
2604252,0,0.0,0,B2_capacity_g4_front,case_055,5,,,0.13508154200098943,94173,,17,625810,1886920,bf49d3287b11dfe1eb7f798f5731d6d503587d759b034de1066bfe456d720d24,B,3230062,capacity,717332,AI_VERIFIED
,,,,B2_capacity_g5_back,case_055,5,"global execution (core, op): dependency cycle; (2, 4465) -[PIPE_MTE3 FIFO]-> (2, 3216); (2, 3216) -[PIPE_MTE3 FIFO]-> (2, 3218); (2, 3218) -[PIPE_MTE3 FIFO]-> (2, 3220); (2, 3220) -[PIPE_MTE3 FIFO]-> (2, 3880); (2, 3880) -[PIPE_MTE3 FIFO]-> (2, 3882); (2, 3882) -[PIPE_MTE3 FIFO]-> (2, 3884); (2, 3884) -[PIPE_MTE3 FIFO]-> (2, 3886); (2, 3886) -[PIPE_MTE3 FIFO]-> (2, 3888); (2, 3888) -[PIPE_MTE3 FIFO]-> (2, 3890); (2, 3890) -[PIPE_MTE3 FIFO]-> (2, 3892); (2, 3892) -[PIPE_MTE3 FIFO]-> (2, 3894); (2, 3894) -[PIPE_MTE3 FIFO]-> (2, 3896); (2, 3896) -[PIPE_MTE3 FIFO]-> (2, 3898); (2, 3898) -[PIPE_MTE3 FIFO]-> (2, 3900); (2, 3900) -[PIPE_MTE3 FIFO]-> (2, 3902); (2, 3902) -[PIPE_MTE3 FIFO]-> (2, 3904); ... (84 edges total)",EvaluationValidationError,0.10209662499983096,,,18,,,595f093e085d326dae541ca64add92f917e55588f1ef9e19143c1108c6dbaa8c,B,,capacity,,EVALUATION_FAILED
2604252,0,0.0,0,B2_capacity_g5_front,case_055,5,,,0.12835187499877065,89932,,19,625810,1886920,0c3fa8aeec3416246d73c8858d89d9c90ea9ae97349115f08f038b48ae87657b,B,3230062,capacity,717332,AI_VERIFIED
2604252,0,0.0,0,B2_capacity_g6_front,case_055,5,,,0.1335668749998149,90024,,20,625810,1886920,d7b6379f1bf5e43bd96730c4818972a97de2b798a7b1b66c1a8fd3867ca7e9bb,B,3230062,capacity,717332,AI_VERIFIED
231424,189952,0.2216176106851348,667164,incumbent_base,case_055,5,,,0.07717308299834258,25635,0,1,625810,231424,70c02d0ec165957781061d19fdb5d09f20ae5a911cc7ca7aa9018afd61f0af8c,C,857234,incumbent,0,AI_VERIFIED
69632,69632,0.10014324257468461,625692,C0_base,case_055,5,,,0.08902033300000767,118835,1,2,625810,0,8c37e42713fa4ad06c7e31c67986329e364675db4457a06b4d1514d12965dc89,C,695442,seed,69632,AI_VERIFIED
198656,184832,0.22421598645232355,639516,C1_base,case_055,5,,,0.07606729200051632,27719,2,3,625810,198656,7cfccb7d56c35de4c36af33fd4348ffef7acf5b9efadb8efd8fdf89367064597,C,824466,seed,0,AI_VERIFIED
228352,205312,0.24170390706303949,644124,incumbent_disperse_tid_1385_node_1446_core_3_pos_0,case_055,5,,,0.0778243749991816,25635,,4,625810,228352,473dd72bc2a8b176f9ef565d0587e23dd4af4829b95b21a316fa2ac6ae8e9f9f,C,854162,disperse,0,AI_VERIFIED
228352,205312,0.24170390706303949,644124,incumbent_disperse_tid_1388_node_1448_core_3_pos_0,case_055,5,,,0.09134391699990374,25635,,5,625810,228352,0a20051adc88bd05789398ed9757362b7c10a8ab574dc2814e39f18e99bed709,C,854162,disperse,0,AI_VERIFIED
228352,219136,0.2579782349700272,630300,incumbent_disperse_tid_1385_node_1446_core_3_pos_1,case_055,5,,,0.08332045799943444,30647,,6,625810,228352,0dde6dda6f3a05fbd0fa0308bcbaa090df1a882bd9a5060f0b625b03126f9eb9,C,854162,disperse,0,AI_VERIFIED
228352,205312,0.24170390706303949,644124,incumbent_disperse_tid_1388_node_1448_core_3_pos_1,case_055,5,,,0.07892541700130096,29708,,7,625810,228352,7a16afe9d7f6006f6ecd253dbf8bf79444ff1f66ae5b91bd784a71d5b32eb15b,C,854162,disperse,0,AI_VERIFIED
243712,198144,0.22844598988189393,669212,incumbent_disperse_tid_160_node_161_core_4_pos_0,case_055,5,,,0.08906508300060523,26313,,8,625810,243712,7a35da58ec175ac75e40080812c5c19c6d365f91073019ca9a0d11af534388ca,C,869522,disperse,0,AI_VERIFIED
243712,211968,0.24438408219923538,655388,incumbent_disperse_tid_236_node_237_core_4_pos_0,case_055,5,,,0.0836758750010631,25537,,9,625810,243712,d6699556a39c632fd38253467f517679c6a8db84a988d952b9c1d9e409295712,C,869522,disperse,0,AI_VERIFIED
243712,239616,0.27626026683391824,627740,incumbent_disperse_tid_160_node_161_core_3_pos_1,case_055,5,,,0.07948008299899811,47924,,10,625810,243712,b61964dfaf2a10dee07b8bafde9f741e1e336ecbf42e9b96af43ffc2413702bc,C,869522,disperse,0,AI_VERIFIED
243712,239616,0.27626026683391824,627740,incumbent_disperse_tid_160_node_161_core_4_pos_1,case_055,5,,,0.08756575000006706,49120,,11,625810,243712,98dde2d1c5b2449c02cab18149aa122a6365758494482808490f5469bb697f97,C,869522,disperse,0,AI_VERIFIED
243712,239616,0.27626026683391824,627740,incumbent_disperse_tid_236_node_237_core_3_pos_1,case_055,5,,,0.07901191699966148,36780,,12,625810,243712,1c7b36d423f11f8b5aa20f7d0d4b6db5ca7c14c9ce17c0e9780cbd7214b6a93b,C,869522,disperse,0,AI_VERIFIED
243712,239616,0.27626026683391824,627740,incumbent_disperse_tid_236_node_237_core_4_pos_1,case_055,5,,,0.10179300000163494,37927,,13,625810,243712,dc4f26296e628b9f0ad4770851134ca74274747d8bb41df2347f887d6ee8e2ab,C,869522,disperse,0,AI_VERIFIED
243712,184320,0.2125078975645525,683036,incumbent_disperse_tid_160_node_161_core_3_pos_0,case_055,5,,,0.08638041700032772,26313,,14,625810,243712,fdfd5f4059ed3c2dab271f6d8381a6c9bab88e950ff7f235a519cc2f0907121d,C,869522,disperse,0,AI_VERIFIED
243712,211968,0.24438408219923538,655388,incumbent_disperse_tid_236_node_237_core_3_pos_0,case_055,5,,,0.08091200000126264,25538,,15,625810,243712,3514a11a602cc203da479c31015f7cc7f0213f59abff2bb07097e7826930fbc7,C,869522,disperse,0,AI_VERIFIED
228352,205312,0.24170390706303949,644124,incumbent_cache_delay_node_tid_1388_node_1397_core_3_pos_0,case_055,5,,,0.08005649999904563,25635,,16,625810,228352,44ca01cf48867cafea12e3781acf52eab3c5ae50a8d6cc0cb6b7e7877906b4bb,C,854162,cache_delay,0,AI_VERIFIED
228352,205312,0.24170390706303949,644124,incumbent_cache_delay_node_tid_1388_node_1414_core_3_pos_0,case_055,5,,,0.08765754100022605,25635,,17,625810,228352,5e9c6e997a866a87bb5ad9ccb5194dc31059bbdfa030d9287b99a92f6a760727,C,854162,cache_delay,0,AI_VERIFIED
228352,205312,0.24170390706303949,644124,incumbent_cache_delay_node_tid_1388_node_1431_core_3_pos_0,case_055,5,,,0.07891579100032686,25635,,18,625810,228352,220fa382bf4ca66edb1cb3fa981fd2058451ff8b9dc5e5f9b911732f0913282a,C,854162,cache_delay,0,AI_VERIFIED
228352,205312,0.24170390706303949,644124,incumbent_disperse_tid_1385_node_1395_core_3_pos_0,case_055,5,,,0.07791783299944655,25635,,19,625810,228352,f224c8d9fb25525eec799a4985201c2c3b1be20382785c18c9f4931754db4c9a,C,854162,disperse,0,AI_VERIFIED
228352,205312,0.24170390706303949,644124,incumbent_disperse_tid_1385_node_1412_core_3_pos_0,case_055,5,,,0.0929171249990759,25635,,20,625810,228352,6f00f8a55d387a3a74d2b518db7e2e05f3ce5efabea982ed8c5ff0653546bc5e,C,854162,disperse,0,AI_VERIFIED
