case,cores,algorithm,problem,makespan,added_copy_bytes,scheduled_copy_bytes,cache_hit_rate,cache_hits,cache_accesses,elapsed_seconds,seed,block_size,generation_seconds,status,global_optimality,result_file,plan_sha256,result_sha256,origin,cache_hit_bytes,cache_access_bytes,speedup_singlecore,candidate_count,candidate_evaluation_seconds,selected_plan
case_001,5,balanced_greedy,1,48544,10368,1649920,,,,0.047239,0,100,0.001448,AI_VERIFIED,NOT_PROVEN,runs/balanced_greedy/seed0_block100/case_001/5core/problem1.json.gz,3e3ba6c4c17fe99c6681b9383d131f64f3e09b3358f50495b9a29f87155b5680,fc26fb44abcad7f56ee628321a12403e44f67da7924f05dbcc7d831c3154b9d3,results/auto_solve_20260923_120249/full_v1,0,0,4.802035266974292,3,0.197702,selected_plans/problem1/case_001/5core.json
case_001,5,balanced_greedy,2,47502,4608,1644160,,,,0.040873,0,100,0.001448,AI_VERIFIED,NOT_PROVEN,runs/balanced_greedy/seed0_block100/case_001/5core/problem2.json.gz,3e3ba6c4c17fe99c6681b9383d131f64f3e09b3358f50495b9a29f87155b5680,00e3177d9d1a28151f2df510d4d27dc96d9f0a24a96700beb45e009c340c5375,results/auto_solve_20260923_120249/full_v1,0,0,4.9073723211654245,3,0.124671,selected_plans/problem2/case_001/5core.json
case_001,5,balanced_greedy,3,47502,4608,1644160,0.0,0.0,205.0,0.042683,0,100,0.001448,AI_VERIFIED,NOT_PROVEN,runs/balanced_greedy/seed0_block100/case_001/5core/problem3.json.gz,3e3ba6c4c17fe99c6681b9383d131f64f3e09b3358f50495b9a29f87155b5680,7509bc7e7b744970bc24133813e37bbc2399e2672b21c5893749559caa232e2a,results/auto_solve_20260923_120249/full_v1,0,824960,4.9073723211654245,3,0.129169,selected_plans/problem3/case_001/5core.json
case_002,5,balanced_greedy,1,116777,973824,2198016,,,,0.160375,0,100,0.004135,AI_VERIFIED,NOT_PROVEN,runs/balanced_greedy/seed0_block100/case_002/5core/problem1.json.gz,65453b4e54915c76679ca0e3f51cddf8a2db068dd07135c721b62c9cdec7fe11,cd32ec8e555fb3312741be4f01d479829c80c254267cbf019d2d28773eb27444,results/auto_solve_20260923_120249/full_v1,0,0,2.2431215050908997,3,0.47763,selected_plans/problem1/case_002/5core.json
case_002,5,balanced_greedy,2,74783,857088,2081280,,,,0.139836,0,100,0.004135,AI_VERIFIED,NOT_PROVEN,runs/balanced_greedy/seed0_block100/case_002/5core/problem2.json.gz,65453b4e54915c76679ca0e3f51cddf8a2db068dd07135c721b62c9cdec7fe11,f7f71e71ee79d7277c4b12d28f5f3101ae3c30cc29d17f0ca1ebe54571ca9788,results/auto_solve_20260923_120249/full_v1,0,0,3.5027345787144135,3,0.4676059999999999,selected_plans/problem2/case_002/5core.json
case_002,5,balanced_greedy,3,74783,857088,2081280,0.0193192272309107,7.0,673.0,0.15447,0,100,0.004135,AI_VERIFIED,NOT_PROVEN,runs/balanced_greedy/seed0_block100/case_002/5core/problem3.json.gz,65453b4e54915c76679ca0e3f51cddf8a2db068dd07135c721b62c9cdec7fe11,15bb9c63d791e27a49a881e60a265ff4e462c1df6b982658380eb5af089be85f,results/auto_solve_20260923_120249/full_v1,32256,1669632,3.5027345787144135,3,0.490352,selected_plans/problem3/case_002/5core.json
case_003,5,component_aware,1,549645,5395756,6680020,,,,1.778516,0,100,0.060393,AI_VERIFIED,NOT_PROVEN,runs/component_aware/seed0_block100/case_003/5core/problem1.json.gz,ae7106ff12ba64ca2cf87f8ab79f66cb663039cded7ca27b8993944f7838030a,64e7cd6f7a1ffe11ae5c74e8e889c437b2092bb423906dece231adb6bdf42350,results/auto_solve_20260923_120249/full_v1,0,0,1.0956380936786472,3,5.313816,selected_plans/problem1/case_003/5core.json
case_003,5,component_packed,2,407087,4163494,5447758,,,,2.283084,0,100,0.077883,AI_VERIFIED,NOT_PROVEN,runs/component_packed/seed0_block100/case_003/5core/problem2.json.gz,64f51cb1b5666084d0fa639a2ec10216189e18ce563d60e6714ad13ecfab3e74,bf70384743b0cac699bd1fd1a1609a779a436998d3d5f9a397362f2505e76551,results/auto_solve_20260923_120249/full_v1,0,0,1.4793201453252007,3,7.435486,selected_plans/problem2/case_003/5core.json
case_003,5,component_packed,3,406603,4163494,5447758,0.337028952021109,544.0,2442.0,2.163229,0,100,0.077883,AI_VERIFIED,NOT_PROVEN,runs/component_packed/seed0_block100/case_003/5core/problem3.json.gz,64f51cb1b5666084d0fa639a2ec10216189e18ce563d60e6714ad13ecfab3e74,0abb588fa2bf5d6c0b241b4549d937e4eb09b9e0ad9731845fe2ff7c17179c7f,results/auto_solve_20260923_120249/full_v1,1257362,3730724,1.4810810544929576,3,7.343171,selected_plans/problem3/case_003/5core.json
case_004,5,component_packed,1,95846,995328,1787904,,,,0.052292,0,100,0.00255,AI_VERIFIED,NOT_PROVEN,runs/component_packed/seed0_block100/case_004/5core/problem1.json.gz,a0decac85edcb4bd264a21fc5f41b120783f9b147460d3368370072588958b27,3bca8baf9f6f064bdaf02c2f19370196f735cd77eccd9fcfb2836879c3d9a86c,results/auto_solve_20260923_120249/full_v1,0,0,4.093618930367464,3,0.19617,selected_plans/problem1/case_004/5core.json
case_004,5,component_aware,2,88341,442368,1234944,,,,0.048409,0,100,0.002934,AI_VERIFIED,NOT_PROVEN,runs/component_aware/seed0_block100/case_004/5core/problem2.json.gz,42cc87a4c28e3c3c5c7d1c39dcfdfa8ea9c42019dcbcf089380f1290eee063d4,d3f9af46d8e411e70620f5cd6b680a3f65f2d1a592c286b4aa8c7d6811584c2a,results/auto_solve_20260923_120249/full_v1,0,0,4.441391879195391,3,0.150177,selected_plans/problem2/case_004/5core.json
case_004,5,component_aware,3,88341,442368,1234944,0.0,0.0,126.0,0.049717,0,100,0.002934,AI_VERIFIED,NOT_PROVEN,runs/component_aware/seed0_block100/case_004/5core/problem3.json.gz,42cc87a4c28e3c3c5c7d1c39dcfdfa8ea9c42019dcbcf089380f1290eee063d4,0b1c4dae8dbde2729c8028c110c63507a58d525a6a43db1762a25b23ff80db24,results/auto_solve_20260923_120249/full_v1,0,893952,4.441391879195391,3,0.14904,selected_plans/problem3/case_004/5core.json
case_005,5,singlecore,1,95618,0,333414,,,,2.815772,0,100,0.000651,AI_VERIFIED,NOT_PROVEN,runs/singlecore/seed0_block100/case_005/5core/problem1.json.gz,550b7a2b6caeb721ad12067097c55e76217137db8394d90eda00e4f7275701ec,aebf292f0eb0b720cfab3609e93559d330d35ca16ae4a2f1bd7af7ae6ea0f562,results/auto_solve_20260923_120249/fallback_v1,0,0,1.0,4,3.912521,selected_plans/problem1/case_005/5core.json
case_005,5,balanced_greedy,2,81217,1458996,1792410,,,,0.408567,0,100,0.014447,AI_VERIFIED,NOT_PROVEN,runs/balanced_greedy/seed0_block100/case_005/5core/problem2.json.gz,979283708b7feda416949000d5208d8d2fa279f9272e06b667423cf535aa926e,2f9682f2338b8d6fe67425ff93fae6e5b349e924d5e32663b16e4b86710945a8,results/auto_solve_20260923_120249/full_v1,0,0,1.1773150941305393,4,1.900652,selected_plans/problem2/case_005/5core.json
case_005,5,balanced_greedy,3,80828,1458996,1792410,0.2685239876016055,213.0,834.0,0.399461,0,100,0.014447,AI_VERIFIED,NOT_PROVEN,runs/balanced_greedy/seed0_block100/case_005/5core/problem3.json.gz,979283708b7feda416949000d5208d8d2fa279f9272e06b667423cf535aa926e,70f4c2dd2cb05c82b625421bacee3ed65c5064cb8b9484373a546320eab723a5,results/auto_solve_20260923_120249/full_v1,293682,1093690,1.182981145147721,4,1.935224,selected_plans/problem3/case_005/5core.json
case_006,5,component_aware,1,32227,271492,814840,,,,0.058837,0,100,0.002359,AI_VERIFIED,NOT_PROVEN,runs/component_aware/seed0_block100/case_006/5core/problem1.json.gz,f611f69c8d16fbf41741ead85ab0a5db75f51650cdf4c65597d8998c5b4385b1,03f18a55be5586907a9ed1a91d8b3e2620ea1b8f3cea3b17965f0b316c31ec31,results/auto_solve_20260923_120249/full_v1,0,0,2.570422316690973,3,0.175359,selected_plans/problem1/case_006/5core.json
case_006,5,component_aware,2,31729,64640,607988,,,,0.044299,0,100,0.002359,AI_VERIFIED,NOT_PROVEN,runs/component_aware/seed0_block100/case_006/5core/problem2.json.gz,f611f69c8d16fbf41741ead85ab0a5db75f51650cdf4c65597d8998c5b4385b1,7cc8cc9f6616a53fe2357eaf2782a37defa3d34f3cfe3dbc20ff377643a7121b,results/auto_solve_20260923_120249/full_v1,0,0,2.6107661760534526,3,0.141637,selected_plans/problem2/case_006/5core.json
case_006,5,component_aware,3,31729,64640,607988,0.076012001895036,18.0,153.0,0.045612,0,100,0.002359,AI_VERIFIED,NOT_PROVEN,runs/component_aware/seed0_block100/case_006/5core/problem3.json.gz,f611f69c8d16fbf41741ead85ab0a5db75f51650cdf4c65597d8998c5b4385b1,449f8423a44014e83069ffa91a24fa0babd5ee2a0fe1378b6c15ccbe73da2152,results/auto_solve_20260923_120249/full_v1,46208,607904,2.6107661760534526,3,0.148544,selected_plans/problem3/case_006/5core.json
case_007,5,component_packed,1,214124,1078272,2810880,,,,0.323927,0,100,0.016862,AI_VERIFIED,NOT_PROVEN,runs/component_packed/seed0_block100/case_007/5core/problem1.json.gz,7f76fd917abcf937e41b7f1f96c9435edacacaf191e6b9eddee3c50e23bb3beb,d4d3292b33855404806f17a043ed4be5ebd965e431be82e3509c80ee08d4de79,results/auto_solve_20260923_120249/full_v1,0,0,4.728858044871196,3,1.785929,selected_plans/problem1/case_007/5core.json
case_007,5,component_aware,2,203834,110592,1843200,,,,0.343454,0,100,0.021032,AI_VERIFIED,NOT_PROVEN,runs/component_aware/seed0_block100/case_007/5core/problem2.json.gz,829aac06136ee08ae9761d837862d34fc371f4ee42a98b666addf6a4fbbdace0,95f17d08f0285ec84ba6e8c7edeb4a3d028a630eab89101baf6b8d6488b35a26,results/auto_solve_20260923_120249/full_v1,0,0,4.967581463347626,3,1.046068,selected_plans/problem2/case_007/5core.json
case_007,5,component_aware,3,203834,110592,1843200,0.0,0.0,570.0,0.344238,0,100,0.021032,AI_VERIFIED,NOT_PROVEN,runs/component_aware/seed0_block100/case_007/5core/problem3.json.gz,829aac06136ee08ae9761d837862d34fc371f4ee42a98b666addf6a4fbbdace0,bff01de6d199d823a59221d9f0a2a26c311fa2484c70350227a865ce294e1574,results/auto_solve_20260923_120249/full_v1,0,990720,4.967581463347626,3,1.040917,selected_plans/problem3/case_007/5core.json
case_008,5,component_packed,1,102248,0,2654424,,,,0.093101,0,100,0.003066,AI_VERIFIED,NOT_PROVEN,runs/component_packed/seed0_block100/case_008/5core/problem1.json.gz,1e6190d795766c5ef3960bce90dfa520d50bbeca141e7a0184da85928410d1a6,b30f07f98b51b50987dd4bcf3143aced7b5db7c41549004afc240e7b3028786f,results/auto_solve_20260923_120249/full_v1,0,0,4.768846334402629,3,0.308184,selected_plans/problem1/case_008/5core.json
case_008,5,component_aware,2,100603,0,2654424,,,,0.072573,0,100,0.004131,AI_VERIFIED,NOT_PROVEN,runs/component_aware/seed0_block100/case_008/5core/problem2.json.gz,4d25fdd5424d68be1dc5814cce3eb38d0ba163e0f6f4e30575b0ad7edefe9fbc,b8c759a712cccb6d110037b5cf545eee550eaefcb607c825f08b4cbc758da270,results/auto_solve_20260923_120249/full_v1,0,0,4.846823653370178,3,0.241062,selected_plans/problem2/case_008/5core.json
case_008,5,component_aware,3,100603,0,2654424,0.0,0.0,432.0,0.073622,0,100,0.004131,AI_VERIFIED,NOT_PROVEN,runs/component_aware/seed0_block100/case_008/5core/problem3.json.gz,4d25fdd5424d68be1dc5814cce3eb38d0ba163e0f6f4e30575b0ad7edefe9fbc,ffd6b3914e0baf63dc7653f32cff7f3e7989e1e751a7b9a8da34776b263c44fb,results/auto_solve_20260923_120249/full_v1,0,1990872,4.846823653370178,3,0.231528,selected_plans/problem3/case_008/5core.json
case_009,5,component_aware,1,98969,689678,1185010,,,,0.56861,0,100,0.025391,AI_VERIFIED,NOT_PROVEN,runs/component_aware/seed0_block100/case_009/5core/problem1.json.gz,3075892d4d853448e7b1572f66f7c083d518553d5f7cb22dc9cf6315fb7c9b28,9ae774e3f1edf650dea99f5bef8247007b3c074a6a44fd7c56b32b6599e3d368,results/auto_solve_20260923_120249/full_v1,0,0,1.5485758166698662,3,1.689164,selected_plans/problem1/case_009/5core.json
case_009,5,component_aware,2,90025,73728,569060,,,,0.655083,0,100,0.025391,AI_VERIFIED,NOT_PROVEN,runs/component_aware/seed0_block100/case_009/5core/problem2.json.gz,3075892d4d853448e7b1572f66f7c083d518553d5f7cb22dc9cf6315fb7c9b28,8e0de51b2b46fc86adc0953931d901bce69b6943f154d81485bdabbd38abad8c,results/auto_solve_20260923_120249/full_v1,0,0,1.7024271035823382,3,1.859003,selected_plans/problem2/case_009/5core.json
case_009,5,component_aware,3,90025,73728,569060,0.1295924573140079,9.0,327.0,0.646977,0,100,0.025391,AI_VERIFIED,NOT_PROVEN,runs/component_aware/seed0_block100/case_009/5core/problem3.json.gz,3075892d4d853448e7b1572f66f7c083d518553d5f7cb22dc9cf6315fb7c9b28,a07355a18750f6200e462dfd51a0c433da91a7d9e4287d2eb57beece7055c115,results/auto_solve_20260923_120249/full_v1,73728,568922,1.7024271035823382,3,1.847752,selected_plans/problem3/case_009/5core.json
case_010,5,component_aware,1,30490,581636,965786,,,,0.061494,0,100,0.002076,AI_VERIFIED,NOT_PROVEN,runs/component_aware/seed0_block100/case_010/5core/problem1.json.gz,0ac0731edec2ba2e8f16d3f6dc139160afd76d434e72b9d385af155fbca80173,2a57ecae52570584eed27f86b7201b23f56c802f23c4920ac51c55205bdf3852,results/auto_solve_20260923_120249/full_v1,0,0,2.852377828796327,3,0.169897,selected_plans/problem1/case_010/5core.json
case_010,5,component_aware,2,31015,145152,529302,,,,0.041211,0,100,0.002076,AI_VERIFIED,NOT_PROVEN,runs/component_aware/seed0_block100/case_010/5core/problem2.json.gz,0ac0731edec2ba2e8f16d3f6dc139160afd76d434e72b9d385af155fbca80173,0e96416b330058a3becaa940d04d6a9ef4147aa2e04958d50bd29d7fe0ec9525,results/auto_solve_20260923_120249/full_v1,0,0,2.8040947928421733,3,0.135414,selected_plans/problem2/case_010/5core.json
case_010,5,component_aware,3,30694,145152,529302,0.119721104245791,15.0,120.0,0.041698,0,100,0.002076,AI_VERIFIED,NOT_PROVEN,runs/component_aware/seed0_block100/case_010/5core/problem3.json.gz,0ac0731edec2ba2e8f16d3f6dc139160afd76d434e72b9d385af155fbca80173,da4d08a6c1e6c1eff329c03cfc8641db179fb1121b18252e510a9810cc7d6cf8,results/auto_solve_20260923_120249/full_v1,63360,529230,2.8334202124193655,3,0.133184,selected_plans/problem3/case_010/5core.json
case_011,5,component_packed,1,48071,1622016,2228224,,,,0.075349,0,100,0.002348,AI_VERIFIED,NOT_PROVEN,runs/component_packed/seed0_block100/case_011/5core/problem1.json.gz,c5da97b42e59e29cc2ba2b7be6c941dc76b5325606645cd55777393293e0a41c,aa812bc05509a12435880e1948bb8e7c616d82c478364d334edc52f9fa5cc444,results/auto_solve_20260923_120249/full_v1,0,0,3.8421709554617127,3,0.2171739999999999,selected_plans/problem1/case_011/5core.json
case_011,5,component_aware,2,47287,1622016,2228224,,,,0.066032,0,100,0.002529,AI_VERIFIED,NOT_PROVEN,runs/component_aware/seed0_block100/case_011/5core/problem2.json.gz,2e57df4f5956027117ff1f97b0f9bf8c97f1daf92483de578524a972a5fa8003,26906a6441dc3f6d368bc90ef0bb85b15d0f7ce265022f5c5771e7cf3cb3fb5c,results/auto_solve_20260923_120249/full_v1,0,0,3.905872649988369,3,0.1993079999999999,selected_plans/problem2/case_011/5core.json
case_011,5,component_aware,3,46777,1622016,2228224,0.6231060606060606,416.0,704.0,0.070355,0,100,0.002529,AI_VERIFIED,NOT_PROVEN,runs/component_aware/seed0_block100/case_011/5core/problem3.json.gz,2e57df4f5956027117ff1f97b0f9bf8c97f1daf92483de578524a972a5fa8003,a32e2442ae238f08aa638645b0336adb401d0656c4c67eb22c720dc07f0ef6c7,results/auto_solve_20260923_120249/full_v1,1347584,2162688,3.9484575753041025,3,0.206561,selected_plans/problem3/case_011/5core.json
case_012,5,component_packed,1,13406,62784,617682,,,,0.106838,0,100,0.003634,AI_VERIFIED,NOT_PROVEN,runs/component_packed/seed0_block100/case_012/5core/problem1.json.gz,b3c21529fccb3b8b95af1f5bdfc44deece78726f18981ed491771fc30acd7e4c,abb86dc10e6025b1a106bc4a5adcfaa7c2134dc332fc315757cdb4b12c70abe8,results/auto_solve_20260923_120249/full_v1,0,0,4.407578696106221,3,0.288074,selected_plans/problem1/case_012/5core.json
case_012,5,component_aware,2,13301,53568,608466,,,,0.071312,0,100,0.003231,AI_VERIFIED,NOT_PROVEN,runs/component_aware/seed0_block100/case_012/5core/problem2.json.gz,ee74414bd64ff10222943cce63a73a75e3e6247e5409570378f9150e22a27bed,83287057cf8b60f744651336444e195d580057cdd496892460b974a1068322dc,results/auto_solve_20260923_120249/full_v1,0,0,4.442372753928276,3,0.219403,selected_plans/problem2/case_012/5core.json
case_012,5,component_aware,3,13301,53568,608466,0.088917985954053,30.0,286.0,0.073618,0,100,0.003231,AI_VERIFIED,NOT_PROVEN,runs/component_aware/seed0_block100/case_012/5core/problem3.json.gz,ee74414bd64ff10222943cce63a73a75e3e6247e5409570378f9150e22a27bed,6a03a13a58a99a51225345f414cb170c4a4ac4002ed9c4da70860ac7aea10af9,results/auto_solve_20260923_120249/full_v1,47808,537664,4.442372753928276,3,0.228052,selected_plans/problem3/case_012/5core.json
case_013,5,component_packed,1,58375,196608,2723840,,,,0.219264,0,100,0.00776,AI_VERIFIED,NOT_PROVEN,runs/component_packed/seed0_block100/case_013/5core/problem1.json.gz,d0bfa6f46cf6a116086c376f787262a25dfe9ad9966f7ba0ce29eb604d36108c,4c6cf19bf44c997ab6c0d97c59538a5102ebc69da53e137e4612c557529f405e,results/auto_solve_20260923_120249/full_v1,0,0,4.521610278372591,3,0.943545,selected_plans/problem1/case_013/5core.json
case_013,5,component_aware,2,54363,32768,2560000,,,,0.185491,0,100,0.009667,AI_VERIFIED,NOT_PROVEN,runs/component_aware/seed0_block100/case_013/5core/problem2.json.gz,be9130a848d8e2ad0de09e70dab1c4481d7d099940f7d0ee1f9b789fb316665f,a791a83416f58f3824dc3a65fb58c133c0bec1869c2c4893c13bdf146aec3710,results/auto_solve_20260923_120249/full_v1,0,0,4.855305998565201,3,0.562983,selected_plans/problem2/case_013/5core.json
case_013,5,component_aware,3,54363,32768,2560000,0.0,0.0,1004.0,0.20324,0,100,0.009667,AI_VERIFIED,NOT_PROVEN,runs/component_aware/seed0_block100/case_013/5core/problem3.json.gz,be9130a848d8e2ad0de09e70dab1c4481d7d099940f7d0ee1f9b789fb316665f,753c74db26b996d0569134bb4c4b14a299679e88db25a9c484c8f1503a2fa7f1,results/auto_solve_20260923_120249/full_v1,0,2056192,4.855305998565201,3,0.58474,selected_plans/problem3/case_013/5core.json
case_014,5,component_packed,1,3771652,151058616,160991356,,,,13.339707,0,100,0.21769,AI_VERIFIED,NOT_PROVEN,runs/component_packed/seed0_block100/case_014/5core/problem1.json.gz,3ee51fddcbc0144fee1544c7219b4af66a06d011c1ba84abcbf2e85fc9a8ab9a,57b1b88c31f5bdcdd567e890276caf74cb29fc40dd08ca844822536de53121f1,results/auto_solve_20260923_120249/full_v1,0,0,4.6925395025840135,3,44.340727,selected_plans/problem1/case_014/5core.json
case_014,5,component_aware,2,3718972,91248648,101181388,,,,11.342864,0,100,0.435401,AI_VERIFIED,NOT_PROVEN,runs/component_aware/seed0_block100/case_014/5core/problem2.json.gz,83fda7ba62bff8e0d67d41b4c9ae4faaa97be6fd7be1be9baad184bede8c2bdb,dfb6a3a99ceed6bcec228352c8b3c0cc40208c8586d1e45f4ee7aee9146532d2,results/auto_solve_20260923_120249/full_v1,0,0,4.759010285638074,3,33.88999,selected_plans/problem2/case_014/5core.json
case_014,5,component_packed,3,3687226,91667880,101600620,0.3433144393438656,6570.0,18045.0,11.481564,0,100,0.21769,AI_VERIFIED,NOT_PROVEN,runs/component_packed/seed0_block100/case_014/5core/problem3.json.gz,3ee51fddcbc0144fee1544c7219b4af66a06d011c1ba84abcbf2e85fc9a8ab9a,db58f62d0bf999ba5e05fee65b70bda23e2e9fea9c8da5f0365df2e6b8c5cadf,results/auto_solve_20260923_120249/full_v1,34864224,101551872,4.7999840530523485,3,33.502413,selected_plans/problem3/case_014/5core.json
case_015,5,component_aware,1,47705,1098244,1982858,,,,0.106189,0,100,0.004059,AI_VERIFIED,NOT_PROVEN,runs/component_aware/seed0_block100/case_015/5core/problem1.json.gz,c015aa01ab925f407bf0b144c9a12eda05004271f978eaec63f224dffef22d98,086f0207f467054f6ccb59e57f4d6340ed7fb4080ff970c3b2900ed369c85cc1,results/auto_solve_20260923_120249/full_v1,0,0,3.7178912063724976,3,0.312918,selected_plans/problem1/case_015/5core.json
case_015,5,component_aware,2,43116,336384,1220998,,,,0.07355,0,100,0.004059,AI_VERIFIED,NOT_PROVEN,runs/component_aware/seed0_block100/case_015/5core/problem2.json.gz,c015aa01ab925f407bf0b144c9a12eda05004271f978eaec63f224dffef22d98,fc433ca20af3c9a8f6d5b51fd91f8ed78ecc219d8eee5b60f4af738302411e80,results/auto_solve_20260923_120249/full_v1,0,0,4.113600519528713,3,0.244782,selected_plans/problem2/case_015/5core.json
case_015,5,component_aware,3,42949,336384,1220998,0.0857620738066257,25.0,244.0,0.07567,0,100,0.004059,AI_VERIFIED,NOT_PROVEN,runs/component_aware/seed0_block100/case_015/5core/problem3.json.gz,c015aa01ab925f407bf0b144c9a12eda05004271f978eaec63f224dffef22d98,f3d3f3c2221cb0fd22229f74e7d9ca3e547af4c5f9e5d119013ba42f99ee545f,results/auto_solve_20260923_120249/full_v1,104704,1220866,4.129595566835084,3,0.244183,selected_plans/problem3/case_015/5core.json
case_016,5,singlecore,1,7715523,0,393218,,,,69.153808,0,100,0.001825,AI_VERIFIED,NOT_PROVEN,runs/singlecore/seed0_block100/case_016/5core/problem1.json.gz,a4ab61dbcb33a82a62f1e98f3873ab8391140ab43124af85b70c4f383d1a20fd,e48572ef334730072f8dcf4efdc2a604ee3d3134ccd420568a86c7c45fec6235,results/auto_solve_20260923_120249/fallback_v1,0,0,1.0,4,77.56815,selected_plans/problem1/case_016/5core.json
case_016,5,component_aware,2,7715523,0,393218,,,,6.138839,0,100,0.096667,AI_VERIFIED,NOT_PROVEN,runs/component_aware/seed0_block100/case_016/5core/problem2.json.gz,1c52b8e3f29a7b0635bb3e2518391ca63a4b65721ad925814a3619d2a035b06e,7fd00b6c5aba27e7240cc526255763ebc94dfef174771eba75cdfebb8d964d5d,results/auto_solve_20260923_120249/full_v1,0,0,1.0,4,19.403585,selected_plans/problem2/case_016/5core.json
case_016,5,component_aware,3,7715523,0,393218,0.0,0.0,12.0,5.991147,0,100,0.096667,AI_VERIFIED,NOT_PROVEN,runs/component_aware/seed0_block100/case_016/5core/problem3.json.gz,1c52b8e3f29a7b0635bb3e2518391ca63a4b65721ad925814a3619d2a035b06e,621069bd4f1c5bbcdf04d4549a6bd4bd65081d44be0cae0e4d279b5faefda046,results/auto_solve_20260923_120249/full_v1,0,393216,1.0,4,18.155233,selected_plans/problem3/case_016/5core.json
case_017,5,component_aware,1,42076,654250,1298112,,,,0.158313,0,100,0.006409,AI_VERIFIED,NOT_PROVEN,runs/component_aware/seed0_block100/case_017/5core/problem1.json.gz,8c70ab56e289fc55731222aa3c146869ef3a66857e0a1f70082e2627a2007a03,b6252a2bc6025f735cc77ede37cb1b463b3bd617a978f758d0c91e29d9cf0218,results/auto_solve_20260923_120249/full_v1,0,0,3.8694267515923566,3,0.446991,selected_plans/problem1/case_017/5core.json
case_017,5,component_aware,2,34800,338688,982550,,,,0.10672,0,100,0.006409,AI_VERIFIED,NOT_PROVEN,runs/component_aware/seed0_block100/case_017/5core/problem2.json.gz,8c70ab56e289fc55731222aa3c146869ef3a66857e0a1f70082e2627a2007a03,d5fb272c3be86d9a5976472a395d0f93f2f6db1524d2072b0fbd03b48a526080,results/auto_solve_20260923_120249/full_v1,0,0,4.678448275862069,3,0.359379,selected_plans/problem2/case_017/5core.json
case_017,5,component_aware,3,34800,338688,982550,0.034277631419331,12.0,285.0,0.110392,0,100,0.006409,AI_VERIFIED,NOT_PROVEN,runs/component_aware/seed0_block100/case_017/5core/problem3.json.gz,8c70ab56e289fc55731222aa3c146869ef3a66857e0a1f70082e2627a2007a03,25ebce1e159e53b83a4bc905e942cafe0fcb143c9dbc10162e706007d01c26f4,results/auto_solve_20260923_120249/full_v1,29952,873806,4.678448275862069,3,0.359627,selected_plans/problem3/case_017/5core.json
case_018,5,component_packed,1,205016,9405952,10998800,,,,0.432741,0,100,0.0091,AI_VERIFIED,NOT_PROVEN,runs/component_packed/seed0_block100/case_018/5core/problem1.json.gz,4543fadb13740f98876b95e71013be8869886813fa615a496bfab5d84534a7b0,48ef00214d5e7ef01cd29823a65a65201c5c1b20ad972a31ea4ce5fd8e198f03,results/auto_solve_20260923_120249/full_v1,0,0,4.898968860966949,3,1.227558,selected_plans/problem1/case_018/5core.json
case_018,5,component_packed,2,218666,5394432,6987280,,,,0.295436,0,100,0.0091,AI_VERIFIED,NOT_PROVEN,runs/component_packed/seed0_block100/case_018/5core/problem2.json.gz,4543fadb13740f98876b95e71013be8869886813fa615a496bfab5d84534a7b0,718ace15414654c15d1d3beb8a44a567a7c093e0a8ddf6737e45af2b2f78799f,results/auto_solve_20260923_120249/full_v1,0,0,4.593155771816377,3,0.931091,selected_plans/problem2/case_018/5core.json
case_018,5,component_packed,3,210451,5394432,6987280,0.5569177624592316,677.0,1345.0,0.307708,0,100,0.0091,AI_VERIFIED,NOT_PROVEN,runs/component_packed/seed0_block100/case_018/5core/problem3.json.gz,4543fadb13740f98876b95e71013be8869886813fa615a496bfab5d84534a7b0,409bd81f720dcd7b1f7197b48e208f60ec9f3e2108c6bcab72c6ba5d4d7fe887,results/auto_solve_20260923_120249/full_v1,3891200,6987028,4.772450594200075,3,0.891938,selected_plans/problem3/case_018/5core.json
case_019,5,component_aware,1,24521,296064,483048,,,,0.053524,0,100,0.002082,AI_VERIFIED,NOT_PROVEN,runs/component_aware/seed0_block100/case_019/5core/problem1.json.gz,3fabc2e372766027ea3b42b9085464378a4ff57edeb92715de18fcec3398da91,b3cf345a7dd234ea9e59c8a1d323eaf14869761f6951a8880000f4f5d36161eb,results/auto_solve_20260923_120249/full_v1,0,0,3.3091635740793603,3,0.160735,selected_plans/problem1/case_019/5core.json
case_019,5,component_aware,2,24597,81504,268488,,,,0.041898,0,100,0.002082,AI_VERIFIED,NOT_PROVEN,runs/component_aware/seed0_block100/case_019/5core/problem2.json.gz,3fabc2e372766027ea3b42b9085464378a4ff57edeb92715de18fcec3398da91,f578259f1c95fccf8b44f97491aa572083c30347cc05259e38b0bea01b88452a,results/auto_solve_20260923_120249/full_v1,0,0,3.2989388949871934,3,0.136962,selected_plans/problem2/case_019/5core.json
case_019,5,component_aware,3,24597,81504,268488,0.0512969979597784,3.0,100.0,0.039661,0,100,0.002082,AI_VERIFIED,NOT_PROVEN,runs/component_aware/seed0_block100/case_019/5core/problem3.json.gz,3fabc2e372766027ea3b42b9085464378a4ff57edeb92715de18fcec3398da91,6b83aeeb45f9aec7ffc3b0467cc74a542cf2c3861e4602ece9eb1af4a66b2874,results/auto_solve_20260923_120249/full_v1,13376,260756,3.2989388949871934,3,0.134743,selected_plans/problem3/case_019/5core.json
case_020,5,component_packed,1,118028,0,2359296,,,,0.588768,0,100,0.025269,AI_VERIFIED,NOT_PROVEN,runs/component_packed/seed0_block100/case_020/5core/problem1.json.gz,b1609993efe0bc8e320b72da4431fc5ebdeb1ba2a50b33528bc244ab9c338d84,faca2b615daac50673f87e4b49475b564c0d06701840f8344934f17103cd6aae,results/auto_solve_20260923_120249/full_v1,0,0,4.513725556647575,3,2.115478,selected_plans/problem1/case_020/5core.json
case_020,5,component_aware,2,107650,0,2359296,,,,0.59241,0,100,0.04012,AI_VERIFIED,NOT_PROVEN,runs/component_aware/seed0_block100/case_020/5core/problem2.json.gz,d97e92fdfafe4e5ff32e4477cf0955cbf917cfa85434dc7f27f52536328d37dd,b399457d5835e4ab8d7e8f859a8abfd22a7fde663e7de9920adeff315536266b,results/auto_solve_20260923_120249/full_v1,0,0,4.948871342313051,3,1.875055,selected_plans/problem2/case_020/5core.json
case_020,5,component_aware,3,107650,0,2359296,0.0,0.0,288.0,0.595168,0,100,0.04012,AI_VERIFIED,NOT_PROVEN,runs/component_aware/seed0_block100/case_020/5core/problem3.json.gz,d97e92fdfafe4e5ff32e4477cf0955cbf917cfa85434dc7f27f52536328d37dd,e09c6da1abdab027a94137c6955cbb2bab33b532f55cadde6f51ca791e10a5f2,results/auto_solve_20260923_120249/full_v1,0,1179648,4.948871342313051,3,1.893701,selected_plans/problem3/case_020/5core.json
case_021,5,component_packed,1,1260708,15667200,19005440,,,,0.545591,0,100,0.012866,AI_VERIFIED,NOT_PROVEN,runs/component_packed/seed0_block100/case_021/5core/problem1.json.gz,39006dfd328778107ce8de899a861f68ab08b13ffad2334dd91e0d2341d6b76c,d165307bfcf26c09cdd0bd37a3848e290f6aca0eea0bc214a93b086959422ae6,results/auto_solve_20260923_120249/full_v1,0,0,5.209721045634675,3,1.735445,selected_plans/problem1/case_021/5core.json
case_021,5,component_aware,2,1250168,11431936,14770176,,,,0.588401,0,100,0.015282,AI_VERIFIED,NOT_PROVEN,runs/component_aware/seed0_block100/case_021/5core/problem2.json.gz,af045e7b25f2fc4880b1d81ca98ddfd09b236936b85e92320c2dd861724020d6,5c7016eba13d5b53dfa76abbdf302152f3bf546e247de8c022f6dc7cb48c9943,results/auto_solve_20260923_120249/full_v1,0,0,5.253643510312214,3,1.845609,selected_plans/problem2/case_021/5core.json
case_021,5,component_aware,3,1249380,11431936,14770176,0.5699643493761141,1546.0,2741.0,0.536115,0,100,0.015282,AI_VERIFIED,NOT_PROVEN,runs/component_aware/seed0_block100/case_021/5core/problem3.json.gz,af045e7b25f2fc4880b1d81ca98ddfd09b236936b85e92320c2dd861724020d6,251795dc8c429d5d65f7085ebdf062fde619afba5120b13e38009784f4842ad2,results/auto_solve_20260923_120249/full_v1,7858176,13787136,5.256957050697146,3,1.691039,selected_plans/problem3/case_021/5core.json
case_022,5,component_aware,1,13117,101482,315168,,,,0.133264,0,100,0.005267,AI_VERIFIED,NOT_PROVEN,runs/component_aware/seed0_block100/case_022/5core/problem1.json.gz,7ef843870cf6cd7ec4212ebd1f92a185e9edba919c9c6687dac56846ff60ec6c,12ba1164d351f40bfd86bdf6a2c7e698cdc6446a60d1abfd692c63bfdef3ffd1,results/auto_solve_20260923_120249/full_v1,0,0,4.328733704353129,3,0.398461,selected_plans/problem1/case_022/5core.json
case_022,5,component_aware,2,11824,20736,234422,,,,0.089197,0,100,0.005267,AI_VERIFIED,NOT_PROVEN,runs/component_aware/seed0_block100/case_022/5core/problem2.json.gz,7ef843870cf6cd7ec4212ebd1f92a185e9edba919c9c6687dac56846ff60ec6c,5e62fe2c33841714c0b0c0d8f5a3622e69debe52e3a21b3d192eeef026797109,results/auto_solve_20260923_120249/full_v1,0,0,4.802097428958051,3,0.297895,selected_plans/problem2/case_022/5core.json
case_022,5,component_aware,3,11824,20736,234422,0.088510987040926,9.0,147.0,0.091544,0,100,0.005267,AI_VERIFIED,NOT_PROVEN,runs/component_aware/seed0_block100/case_022/5core/problem3.json.gz,7ef843870cf6cd7ec4212ebd1f92a185e9edba919c9c6687dac56846ff60ec6c,a48d851ae11741507435b8a224a962a092648a6e5dda0deca7b8579388357d5a,results/auto_solve_20260923_120249/full_v1,20736,234276,4.802097428958051,3,0.3057189999999999,selected_plans/problem3/case_022/5core.json
case_023,5,component_aware,1,29483,453648,897092,,,,0.089302,0,100,0.003686,AI_VERIFIED,NOT_PROVEN,runs/component_aware/seed0_block100/case_023/5core/problem1.json.gz,3d4e92dd5b36ff3a40aa6b86f1655b6f17116c479ced5bd0195803db182e0d44,2c0abd446d3fc67a9ba94973dc4ddfe40bcaef041f5504af55407686792503c9,results/auto_solve_20260923_120249/full_v1,0,0,4.158803378217956,3,0.275473,selected_plans/problem1/case_023/5core.json
case_023,5,component_aware,2,27883,270912,714356,,,,0.065855,0,100,0.003686,AI_VERIFIED,NOT_PROVEN,runs/component_aware/seed0_block100/case_023/5core/problem2.json.gz,3d4e92dd5b36ff3a40aa6b86f1655b6f17116c479ced5bd0195803db182e0d44,e21ad0c5e8b5e7e64f6aac6a9ea53e6968fc6692fcd8ce572f37ec27f78c3806,results/auto_solve_20260923_120249/full_v1,0,0,4.397446472761181,3,0.223461,selected_plans/problem2/case_023/5core.json
case_023,5,component_aware,3,26591,270912,714356,0.035674875254243,3.0,148.0,0.071239,0,100,0.003686,AI_VERIFIED,NOT_PROVEN,runs/component_aware/seed0_block100/case_023/5core/problem3.json.gz,3d4e92dd5b36ff3a40aa6b86f1655b6f17116c479ced5bd0195803db182e0d44,f8e0c9be17edc7bf2d9e2a65f4e3a0caa5805f5f404f5ea10c085f8278014e11,results/auto_solve_20260923_120249/full_v1,25152,705034,4.611109021849498,3,0.233831,selected_plans/problem3/case_023/5core.json
case_024,5,singlecore,1,2555343,0,393218,,,,6.236624,0,100,0.000784,AI_VERIFIED,NOT_PROVEN,runs/singlecore/seed0_block100/case_024/5core/problem1.json.gz,deef747d5861786efb5e50e5ab6105ef82d26953fc2f4d786900b2a66e9e1ae2,18ce7c9c3e478f62a4f2cb65ed91b54155fb9f17520244e2d2c659ed45166f7b,results/auto_solve_20260923_120249/fallback_v1,0,0,1.0,4,8.085073,selected_plans/problem1/case_024/5core.json
case_024,5,component_aware,2,2555343,0,393218,,,,0.87347,0,100,0.021713,AI_VERIFIED,NOT_PROVEN,runs/component_aware/seed0_block100/case_024/5core/problem2.json.gz,948f35baea15ed0a84c34e109166b2ed37f73bdc1562ee2b4c002b3eb4ddab29,5914eafc7ce1590d99f3a42582e234f0d801ea039c80f7966023dc76de7fe320,results/auto_solve_20260923_120249/full_v1,0,0,1.0,4,3.179115,selected_plans/problem2/case_024/5core.json
case_024,5,component_aware,3,2555343,0,393218,0.0,0.0,12.0,0.912115,0,100,0.021713,AI_VERIFIED,NOT_PROVEN,runs/component_aware/seed0_block100/case_024/5core/problem3.json.gz,948f35baea15ed0a84c34e109166b2ed37f73bdc1562ee2b4c002b3eb4ddab29,b30a18b35637ac9cc4a22b2507264e29a9141ef7d120c1532057300c93f21863,results/auto_solve_20260923_120249/full_v1,0,393216,1.0,4,3.477954,selected_plans/problem3/case_024/5core.json
case_025,5,component_packed,1,1031142,5363712,13581312,,,,4.059802,0,100,0.147446,AI_VERIFIED,NOT_PROVEN,runs/component_packed/seed0_block100/case_025/5core/problem1.json.gz,1e445f831cf3d963d4647077cf360e5cb51049ed7963f776bac23e7607088a70,1ae19a368d593c7a37620667e8e5bcbfb1a7d81fc365de54461c51dde1a2f583,results/auto_solve_20260923_120249/full_v1,0,0,4.7161554858593675,3,37.299737,selected_plans/problem1/case_025/5core.json
case_025,5,component_aware,2,975282,110592,8328192,,,,5.320933,0,100,0.359922,AI_VERIFIED,NOT_PROVEN,runs/component_aware/seed0_block100/case_025/5core/problem2.json.gz,e94d82e7bddbc1bfe5a8d414e887415dc5d43833fb84326d2271bd03fe0e2140,153ddc750ddbf02d90ddea4b6c5abc8f68dfbd162e8925762c616bca88ede668,results/auto_solve_20260923_120249/full_v1,0,0,4.986276789687495,3,13.63333,selected_plans/problem2/case_025/5core.json
case_025,5,component_aware,3,975282,110592,8328192,0.0,0.0,2681.0,5.09427,0,100,0.359922,AI_VERIFIED,NOT_PROVEN,runs/component_aware/seed0_block100/case_025/5core/problem3.json.gz,e94d82e7bddbc1bfe5a8d414e887415dc5d43833fb84326d2271bd03fe0e2140,41a93e52c558edb1fab14360b309fe25f71da277eeb55c009cd595cb6ba6a951,results/auto_solve_20260923_120249/full_v1,0,4233216,4.986276789687495,3,14.33132,selected_plans/problem3/case_025/5core.json
case_026,5,component_aware,1,45137,624596,1153450,,,,0.079558,0,100,0.003176,AI_VERIFIED,NOT_PROVEN,runs/component_aware/seed0_block100/case_026/5core/problem1.json.gz,18b84202408a84ddce8180753b113e9cbf0d91e8d9388c5c7e5fad1b4dbdc0fd,d3ddb52c84cac6886edc4bfc66451a18b900a282771f3418d539749aa2c4a97a,results/auto_solve_20260923_120249/full_v1,0,0,2.197819970312604,3,0.230176,selected_plans/problem1/case_026/5core.json
case_026,5,component_packed,2,43459,302336,831190,,,,0.057393,0,100,0.002824,AI_VERIFIED,NOT_PROVEN,runs/component_packed/seed0_block100/case_026/5core/problem2.json.gz,39b3f25f5ebba924a41311191cfe1e6eabefb9a769cb334a1cc60e8c2cb8d192,4dbc135bd00f3fd6e15d3476c159ae89c8754cf0708dc48cb3968ae8af653e57,results/auto_solve_20260923_120249/full_v1,0,0,2.282680227340712,3,0.179442,selected_plans/problem2/case_026/5core.json
case_026,5,component_packed,3,43459,302336,831190,0.3412918691286038,26.0,141.0,0.058253,0,100,0.002824,AI_VERIFIED,NOT_PROVEN,runs/component_packed/seed0_block100/case_026/5core/problem3.json.gz,39b3f25f5ebba924a41311191cfe1e6eabefb9a769cb334a1cc60e8c2cb8d192,09c2dcb4d08aabc318ee091a935208cc73d824bbd96ee02b35a99d22bda01d57,results/auto_solve_20260923_120249/full_v1,263392,771750,2.282680227340712,3,0.184832,selected_plans/problem3/case_026/5core.json
case_027,5,component_aware,1,565244,5529600,7569408,,,,0.259307,0,100,0.006334,AI_VERIFIED,NOT_PROVEN,runs/component_aware/seed0_block100/case_027/5core/problem1.json.gz,b74a93dea4228fd7f19b11416827f783166cca03082c7a8a26f1528a42e80990,63a82513faed5c91258a606f29078f04c03d8100a4b66192b931c74ef1e229a1,results/auto_solve_20260923_120249/full_v1,0,0,4.182179731231114,3,0.784013,selected_plans/problem1/case_027/5core.json
case_027,5,component_aware,2,558753,5529600,7569408,,,,0.258141,0,100,0.006334,AI_VERIFIED,NOT_PROVEN,runs/component_aware/seed0_block100/case_027/5core/problem2.json.gz,b74a93dea4228fd7f19b11416827f783166cca03082c7a8a26f1528a42e80990,4e2ae67a482bf176cf8351fde5ff53e6e4bd3998cf08641390e1b5b6ce840a2b,results/auto_solve_20260923_120249/full_v1,0,0,4.230763861670542,3,0.7668159999999999,selected_plans/problem2/case_027/5core.json
case_027,5,component_aware,3,558753,5529600,7569408,0.0444444444444444,64.0,1440.0,0.261428,0,100,0.006334,AI_VERIFIED,NOT_PROVEN,runs/component_aware/seed0_block100/case_027/5core/problem3.json.gz,b74a93dea4228fd7f19b11416827f783166cca03082c7a8a26f1528a42e80990,bbfcfb6f844befe2b20861fe57bc4007f9ee5cd95a7b22aa5b5f8539b0b1f731,results/auto_solve_20260923_120249/full_v1,327680,7372800,4.230763861670542,3,0.763587,selected_plans/problem3/case_027/5core.json
case_028,5,component_aware,1,10266727,333149184,339057792,,,,3.737855,0,100,0.112417,AI_VERIFIED,NOT_PROVEN,runs/component_aware/seed0_block100/case_028/5core/problem1.json.gz,de087ee57a88ab0cfcf05490db393f13ba48c522888e4d6d49d30b3faa883fa1,d8472f670e8ee9e453bd525f571f7b862637745469a51b27793b06f5d9e934c0,results/auto_solve_20260923_120249/full_v1,0,0,4.269719064313291,3,12.13008,selected_plans/problem1/case_028/5core.json
case_028,5,component_aware,2,11491035,277818912,283727520,,,,4.026129,0,100,0.112417,AI_VERIFIED,NOT_PROVEN,runs/component_aware/seed0_block100/case_028/5core/problem2.json.gz,de087ee57a88ab0cfcf05490db393f13ba48c522888e4d6d49d30b3faa883fa1,27b58647c72187c3d6def8d19d4ab824b37577b0c0b620bdcda394500c0a0a49,results/auto_solve_20260923_120249/full_v1,0,0,3.814803453300769,3,12.692443,selected_plans/problem2/case_028/5core.json
case_028,5,component_aware,3,11450794,277818912,283727520,0.0106274598091327,84.0,8141.0,4.17418,0,100,0.112417,AI_VERIFIED,NOT_PROVEN,runs/component_aware/seed0_block100/case_028/5core/problem3.json.gz,de087ee57a88ab0cfcf05490db393f13ba48c522888e4d6d49d30b3faa883fa1,573b8098e57559f30bdb2cfcb7fff95b15c23281aae52f76ea8492af04a587e5,results/auto_solve_20260923_120249/full_v1,2963736,278875296,3.8282096420562626,3,13.598194,selected_plans/problem3/case_028/5core.json
case_029,5,component_packed,1,10391,0,430164,,,,0.063006,0,100,0.003077,AI_VERIFIED,NOT_PROVEN,runs/component_packed/seed0_block100/case_029/5core/problem1.json.gz,19c43f080dd3fa3523477b3f9bf2ecd433afa0ced28b0f9186da1265d2576d58,016634250af40ba916917c74e1cc0fbef45e57250728280a54b611456bcef7c4,results/auto_solve_20260923_120249/full_v1,0,0,3.6141853527090753,3,0.192467,selected_plans/problem1/case_029/5core.json
case_029,5,component_aware,2,9383,0,430164,,,,0.061301,0,100,0.002959,AI_VERIFIED,NOT_PROVEN,runs/component_aware/seed0_block100/case_029/5core/problem2.json.gz,8a986a35a66eab0509b74c339ef0a0f7d8603f15d5ea59d80697e0ea24eaf859,94097e37064ee1e6249a42a9102a5dbf969ae8e2161dedde1b034c07bb8a49f6,results/auto_solve_20260923_120249/full_v1,0,0,4.002451241607162,3,0.185572,selected_plans/problem2/case_029/5core.json
case_029,5,component_aware,3,9383,0,430164,0.0,0.0,168.0,0.062736,0,100,0.002959,AI_VERIFIED,NOT_PROVEN,runs/component_aware/seed0_block100/case_029/5core/problem3.json.gz,8a986a35a66eab0509b74c339ef0a0f7d8603f15d5ea59d80697e0ea24eaf859,4bef985da53700792b94d34bf4d2eef459a4704a3023eb1b137626bf19cbd96a,results/auto_solve_20260923_120249/full_v1,0,258132,4.002451241607162,3,0.189651,selected_plans/problem3/case_029/5core.json
case_030,5,component_packed,1,576447,23842816,26236876,,,,2.659151,0,100,0.054242,AI_VERIFIED,NOT_PROVEN,runs/component_packed/seed0_block100/case_030/5core/problem1.json.gz,9827f9220b2ba1690d2f140fb30af82e95a727a9d88eefa25692ad3f1d2f7aa3,42687731dc972ab8e1f073237b621bbb91999900f0d42d626dd0797201983766,results/auto_solve_20260923_120249/full_v1,0,0,4.871278712526911,3,8.165338,selected_plans/problem1/case_030/5core.json
case_030,5,component_aware,2,562657,9506816,11900876,,,,1.94785,0,100,0.076429,AI_VERIFIED,NOT_PROVEN,runs/component_aware/seed0_block100/case_030/5core/problem2.json.gz,8818787d9cfc8b65303343e377f9a1996d929e70bb86781196bf53c636d37fba,ffdf80060b19ae51254b8d37f9a3ae2aa93a472b7d19125e1d73af23be69185d,results/auto_solve_20260923_120249/full_v1,0,0,4.990667493695093,3,5.819931,selected_plans/problem2/case_030/5core.json
case_030,5,component_packed,3,561824,9492480,11886540,0.7547169811320755,2790.0,3628.0,1.758135,0,100,0.054242,AI_VERIFIED,NOT_PROVEN,runs/component_packed/seed0_block100/case_030/5core/problem3.json.gz,9827f9220b2ba1690d2f140fb30af82e95a727a9d88eefa25692ad3f1d2f7aa3,14a7dafc59556d589a884b5b870bec40059653e417d9d6cbf2e4fb2162740c2e,results/auto_solve_20260923_120249/full_v1,8970240,11885568,4.998067010309279,3,5.588044,selected_plans/problem3/case_030/5core.json
case_031,5,component_aware,1,302187,13710652,15895692,,,,1.803599,0,100,0.048649,AI_VERIFIED,NOT_PROVEN,runs/component_aware/seed0_block100/case_031/5core/problem1.json.gz,6711fe7e7f506fbe02be5135dfe1e3715840a5d01ccf56401fc317c83e8deab6,2df9d96664f13c4fbd763b90e598ad00f746598437a737f370f71449dc97aec4,results/auto_solve_20260923_120249/full_v1,0,0,4.680442904559097,3,5.191827,selected_plans/problem1/case_031/5core.json
case_031,5,component_aware,2,290373,7924224,10109264,,,,1.273969,0,100,0.048649,AI_VERIFIED,NOT_PROVEN,runs/component_aware/seed0_block100/case_031/5core/problem2.json.gz,6711fe7e7f506fbe02be5135dfe1e3715840a5d01ccf56401fc317c83e8deab6,eac5e3caa4bfaed3cd4ea04b067969d7e1dab7cda8223d6c8a9d24befa7da21e,results/auto_solve_20260923_120249/full_v1,0,0,4.870869536768225,3,4.2069,selected_plans/problem2/case_031/5core.json
case_031,5,component_aware,3,286716,7924224,10109264,0.4915360938185648,1020.0,2218.0,1.315685,0,100,0.048649,AI_VERIFIED,NOT_PROVEN,runs/component_aware/seed0_block100/case_031/5core/problem3.json.gz,6711fe7e7f506fbe02be5135dfe1e3715840a5d01ccf56401fc317c83e8deab6,6966c35ed6c59adff7d934c90b1b0ce8946909d818a492d74d595be30e41d197,results/auto_solve_20260923_120249/full_v1,4968960,10109044,4.932996414570516,3,4.191453,selected_plans/problem3/case_031/5core.json
case_032,5,component_aware,1,10336,135392,428480,,,,0.142264,0,100,0.005518,AI_VERIFIED,NOT_PROVEN,runs/component_aware/seed0_block100/case_032/5core/problem1.json.gz,8be7612b5e6e95e1cbbfb87a86e22858f5561592a5175e6760401f320a710bb3,097274524e3d34d52fa06d869f834fed51b067e5329f79206064426b9e21f6be,results/auto_solve_20260923_120249/full_v1,0,0,4.009578173374613,3,0.402323,selected_plans/problem1/case_032/5core.json
case_032,5,component_aware,2,10497,12432,305520,,,,0.09727,0,100,0.005518,AI_VERIFIED,NOT_PROVEN,runs/component_aware/seed0_block100/case_032/5core/problem2.json.gz,8be7612b5e6e95e1cbbfb87a86e22858f5561592a5175e6760401f320a710bb3,bfd72a45574f358284489ddcdcbe3d6eae390d9de6dc1f6159d195d166ffa8db,results/auto_solve_20260923_120249/full_v1,0,0,3.948080403924931,3,0.317853,selected_plans/problem2/case_032/5core.json
case_032,5,component_aware,3,10461,12432,305520,0.0426354994032676,8.0,159.0,0.091459,0,100,0.005518,AI_VERIFIED,NOT_PROVEN,runs/component_aware/seed0_block100/case_032/5core/problem3.json.gz,8be7612b5e6e95e1cbbfb87a86e22858f5561592a5175e6760401f320a710bb3,6626b2ee3d5fba7c80da165ce9e999f0c5301c4aa4f11e153886541ea04481fc,results/auto_solve_20260923_120249/full_v1,12432,291588,3.961667144632445,3,0.326584,selected_plans/problem3/case_032/5core.json
case_033,5,component_packed,1,365739,12405888,15378798,,,,0.902082,0,100,0.02036,AI_VERIFIED,NOT_PROVEN,runs/component_packed/seed0_block100/case_033/5core/problem1.json.gz,df49439bd2ce736540c39e898764438b2d409227711e6de5ce591096b74effd4,e7a12c869ab78508ea2b2bf78a8ed00e774b1732d9b4c46fa0529ad4de06453f,results/auto_solve_20260923_120249/full_v1,0,0,4.8509893667342014,3,2.634461,selected_plans/problem1/case_033/5core.json
case_033,5,component_packed,2,367270,7774848,10747758,,,,0.690493,0,100,0.02036,AI_VERIFIED,NOT_PROVEN,runs/component_packed/seed0_block100/case_033/5core/problem2.json.gz,df49439bd2ce736540c39e898764438b2d409227711e6de5ce591096b74effd4,a8a33263cc3db766c4526a889b25e8806a92a87c581537482d6f70457d472b1d,results/auto_solve_20260923_120249/full_v1,0,0,4.830767555204618,3,2.199473,selected_plans/problem2/case_033/5core.json
case_033,5,component_packed,3,366795,7774848,10747758,0.3829333317330268,772.0,1949.0,0.686338,0,100,0.02036,AI_VERIFIED,NOT_PROVEN,runs/component_packed/seed0_block100/case_033/5core/problem3.json.gz,df49439bd2ce736540c39e898764438b2d409227711e6de5ce591096b74effd4,d47df24e9d987c94f004fb453743eb164843081dd269dc22ecb5c8d23bca6554,results/auto_solve_20260923_120249/full_v1,4083840,10664624,4.837023405444458,3,2.129186,selected_plans/problem3/case_033/5core.json
case_034,5,component_packed,1,177973,5487104,7767490,,,,1.000021,0,100,0.020624,AI_VERIFIED,NOT_PROVEN,runs/component_packed/seed0_block100/case_034/5core/problem1.json.gz,7af3b706a1c4263595b5280ed7387ffea8998c26eef6717fa7f52ac8bf3e24f1,38894addc33e98ad91e04eacae16273800ff4148c1b6fe3747fd6dc4b6b9de7f,results/auto_solve_20260923_120249/full_v1,0,0,4.736651065049193,3,2.71669,selected_plans/problem1/case_034/5core.json
case_034,5,component_aware,2,167918,3572736,5853122,,,,0.666967,0,100,0.030059,AI_VERIFIED,NOT_PROVEN,runs/component_aware/seed0_block100/case_034/5core/problem2.json.gz,83164a8be4d61443a324a0318a336e141c4a2068824f5fcc689d9d80559e738c,b618d5be7cab6b68d4b6c3993a57aaa4309a264e5f46a71f9db99a59b6081709,results/auto_solve_20260923_120249/full_v1,0,0,5.020283709906026,3,2.080172,selected_plans/problem2/case_034/5core.json
case_034,5,component_aware,3,167918,3572736,5853122,0.5803469156221381,1038.0,1683.0,0.647023,0,100,0.030059,AI_VERIFIED,NOT_PROVEN,runs/component_aware/seed0_block100/case_034/5core/problem3.json.gz,83164a8be4d61443a324a0318a336e141c4a2068824f5fcc689d9d80559e738c,e3c4939c8aaf5ff970478660d87eab97e840dad5289e91411dd6e535ebdd38bc,results/auto_solve_20260923_120249/full_v1,3396608,5852720,5.020283709906026,3,2.091514,selected_plans/problem3/case_034/5core.json
case_035,5,component_aware,1,100325,766646,1177500,,,,0.591399,0,100,0.024511,AI_VERIFIED,NOT_PROVEN,runs/component_aware/seed0_block100/case_035/5core/problem1.json.gz,cd4295f22f74d53abdf9566b0fec559ceb2af802c2bfe27687997f7d1d48ea70,cc02b3daed01105c472fdafc1a10069104a419d4e0f41af75fb58be67c4e0cf4,results/auto_solve_20260923_120249/full_v1,0,0,1.6902167954149017,3,1.695016,selected_plans/problem1/case_035/5core.json
case_035,5,component_aware,2,93775,4608,415462,,,,0.527985,0,100,0.024511,AI_VERIFIED,NOT_PROVEN,runs/component_aware/seed0_block100/case_035/5core/problem2.json.gz,cd4295f22f74d53abdf9566b0fec559ceb2af802c2bfe27687997f7d1d48ea70,a6d320219a26ee65a9d937c7d7fc2150cf74b6d6ed8a4e6a3531e2f60a882540,results/auto_solve_20260923_120249/full_v1,0,0,1.8082751266328976,3,1.642551,selected_plans/problem2/case_035/5core.json
case_035,5,component_aware,3,93775,4608,415462,0.0114773616016498,1.0,302.0,0.525553,0,100,0.024511,AI_VERIFIED,NOT_PROVEN,runs/component_aware/seed0_block100/case_035/5core/problem3.json.gz,cd4295f22f74d53abdf9566b0fec559ceb2af802c2bfe27687997f7d1d48ea70,4aca1cf9f181e81c7bd206274552ebde537119bf3d8a06184f1c2186f4c3ecbf,results/auto_solve_20260923_120249/full_v1,4608,401486,1.8082751266328976,3,1.668669,selected_plans/problem3/case_035/5core.json
case_036,5,component_packed,1,191350,27648,6582400,,,,0.304106,0,100,0.010775,AI_VERIFIED,NOT_PROVEN,runs/component_packed/seed0_block100/case_036/5core/problem1.json.gz,60a5d1429369802c21dd61323fe0b799cfc7693733f0ccdc62690affd6d7694b,bb0097c75d3be86e1ad16827b8c4b0db34062d993933696fb6f46eee5c267d0b,results/auto_solve_20260923_120249/full_v1,0,0,4.868095113666057,3,1.980546,selected_plans/problem1/case_036/5core.json
case_036,5,component_aware,2,187182,4608,6559360,,,,0.300348,0,100,0.022427,AI_VERIFIED,NOT_PROVEN,runs/component_aware/seed0_block100/case_036/5core/problem2.json.gz,451c7f4528b74f32cd7c35035f8ee56489868fc52eea221ed5eb34be0789762b,83455a03de9831c7afbb0e41b1f01c78aaef8a9bea774c168a8e7e4fb2d2597d,results/auto_solve_20260923_120249/full_v1,0,0,4.976493466252097,3,0.914346,selected_plans/problem2/case_036/5core.json
case_036,5,component_aware,3,187182,4608,6559360,0.0,0.0,805.0,0.297355,0,100,0.022427,AI_VERIFIED,NOT_PROVEN,runs/component_aware/seed0_block100/case_036/5core/problem3.json.gz,451c7f4528b74f32cd7c35035f8ee56489868fc52eea221ed5eb34be0789762b,141fd6ca927fb9ef85d29c674e6c0c2062068dec1c0ece494ccd4519af1a0bec,results/auto_solve_20260923_120249/full_v1,0,3282560,4.976493466252097,3,0.920821,selected_plans/problem3/case_036/5core.json
case_037,5,balanced_greedy,1,44206,1515520,2129920,,,,0.092552,0,100,0.002737,AI_VERIFIED,NOT_PROVEN,runs/balanced_greedy/seed0_block100/case_037/5core/problem1.json.gz,416bff98b99ee374aaa7e25a0979d399e8bdb257e8b7883658f514b54770c387,e662bc909acd86677be9f59a6a2b5373d7512559b54f4c285bccec1f8e125271,results/auto_solve_20260923_120249/full_v1,0,0,4.750508980681356,3,0.299827,selected_plans/problem1/case_037/5core.json
case_037,5,balanced_greedy,2,43013,1515520,2129920,,,,0.085546,0,100,0.002737,AI_VERIFIED,NOT_PROVEN,runs/balanced_greedy/seed0_block100/case_037/5core/problem2.json.gz,416bff98b99ee374aaa7e25a0979d399e8bdb257e8b7883658f514b54770c387,4612b7a3399ddadcb0a5eab7e43d48d995aa67d99a18c29fed623f4f2885da2c,results/auto_solve_20260923_120249/full_v1,0,0,4.882268151489085,3,0.282143,selected_plans/problem2/case_037/5core.json
case_037,5,balanced_greedy,3,43013,1515520,2129920,0.42,220.0,600.0,0.089273,0,100,0.002737,AI_VERIFIED,NOT_PROVEN,runs/balanced_greedy/seed0_block100/case_037/5core/problem3.json.gz,416bff98b99ee374aaa7e25a0979d399e8bdb257e8b7883658f514b54770c387,0738b4ed9ad4a5f416a1cdf666a9095bfde8c2ea9a632f34fd2161971ac88e83,results/auto_solve_20260923_120249/full_v1,860160,2048000,4.882268151489085,3,0.289094,selected_plans/problem3/case_037/5core.json
case_038,5,component_aware,1,321285,15720960,18523910,,,,1.328997,0,100,0.02987,AI_VERIFIED,NOT_PROVEN,runs/component_aware/seed0_block100/case_038/5core/problem1.json.gz,cfa076d5fde56133d680b9437d32caa11ee21d5d22f3daad38be15e56cd56ade,4c8fc303fb1cba157aab023c21d03a05b3d7b8d03ba4de83434d779646a22860,results/auto_solve_20260923_120249/full_v1,0,0,4.247179295640942,3,3.842112,selected_plans/problem1/case_038/5core.json
case_038,5,component_aware,2,277161,8666112,11469062,,,,0.988355,0,100,0.02987,AI_VERIFIED,NOT_PROVEN,runs/component_aware/seed0_block100/case_038/5core/problem2.json.gz,cfa076d5fde56133d680b9437d32caa11ee21d5d22f3daad38be15e56cd56ade,5e5a61d315f6b2adc21050bc982968ccb155b237107bca4ecb0b4b6e8adc103b,results/auto_solve_20260923_120249/full_v1,0,0,4.923329761402218,3,3.0588889999999997,selected_plans/problem2/case_038/5core.json
case_038,5,component_aware,3,275641,8666112,11469062,0.6132946757321464,2079.0,3272.0,0.864304,0,100,0.02987,AI_VERIFIED,NOT_PROVEN,runs/component_aware/seed0_block100/case_038/5core/problem3.json.gz,cfa076d5fde56133d680b9437d32caa11ee21d5d22f3daad38be15e56cd56ade,631a8fe99f8d6bfddab57a78dafa8aa8efae261e5100b0fdc8f9b6415d4cd7fb,results/auto_solve_20260923_120249/full_v1,7028736,11460618,4.9504790651608435,3,2.819047,selected_plans/problem3/case_038/5core.json
case_039,5,component_aware,1,562938,28483584,32972800,,,,0.796874,0,100,0.019583,AI_VERIFIED,NOT_PROVEN,runs/component_aware/seed0_block100/case_039/5core/problem1.json.gz,268cdec3130567993b8293de680adda2199fdab226e921a441ae4936f4f29b5f,0ed6c5d1bca0b187e9e0d9e83f5808a6f9ff1b841bd2e88d70224cec2e8067f5,results/auto_solve_20260923_120249/full_v1,0,0,2.54959160689099,3,2.987148,selected_plans/problem1/case_039/5core.json
case_039,5,component_aware,2,431161,20480000,24969216,,,,0.882342,0,100,0.019583,AI_VERIFIED,NOT_PROVEN,runs/component_aware/seed0_block100/case_039/5core/problem2.json.gz,268cdec3130567993b8293de680adda2199fdab226e921a441ae4936f4f29b5f,d826a88bbb63c52d36b2760db0a44558f99ade12373b5c7c692c2e0807fce2cc,results/auto_solve_20260923_120249/full_v1,0,0,3.3288307615948565,3,2.78619,selected_plans/problem2/case_039/5core.json
case_039,5,component_aware,3,340476,20480000,24969216,0.3708927978758712,1236.0,4126.0,0.855084,0,100,0.019583,AI_VERIFIED,NOT_PROVEN,runs/component_aware/seed0_block100/case_039/5core/problem3.json.gz,268cdec3130567993b8293de680adda2199fdab226e921a441ae4936f4f29b5f,498f177034af80671a734e4f00b846c4add5fd195f943300aeb669b705ead2fd,results/auto_solve_20260923_120249/full_v1,9154560,24682496,4.21545718347255,3,2.653709,selected_plans/problem3/case_039/5core.json
case_040,5,component_aware,1,113494,1694546,2605784,,,,0.329232,0,100,0.012175,AI_VERIFIED,NOT_PROVEN,runs/component_aware/seed0_block100/case_040/5core/problem1.json.gz,1e070fbd6d22caf38b833fb9b0f274f3bfc03eaf18b7fc4624286396eb04013d,7662894ab16d2d164e271666242c29ea62e4afeae8705d4de0031b99fd901a6f,results/auto_solve_20260923_120249/full_v1,0,0,2.233192944120394,3,0.890507,selected_plans/problem1/case_040/5core.json
case_040,5,component_aware,2,104877,107520,1018758,,,,0.271285,0,100,0.012175,AI_VERIFIED,NOT_PROVEN,runs/component_aware/seed0_block100/case_040/5core/problem2.json.gz,1e070fbd6d22caf38b833fb9b0f274f3bfc03eaf18b7fc4624286396eb04013d,487ccfa3bc3156dc2214eefffdbe827e067520506a40e748a46a078febbacb04,results/auto_solve_20260923_120249/full_v1,0,0,2.416678585390505,3,0.859148,selected_plans/problem2/case_040/5core.json
case_040,5,component_aware,3,104877,107520,1018758,0.023622402802019,6.0,284.0,0.281156,0,100,0.012175,AI_VERIFIED,NOT_PROVEN,runs/component_aware/seed0_block100/case_040/5core/problem3.json.gz,1e070fbd6d22caf38b833fb9b0f274f3bfc03eaf18b7fc4624286396eb04013d,d4ba2abe441d56071d38577cfa55fe950253cc8f11c622b0699cfb35460136b3,results/auto_solve_20260923_120249/full_v1,24064,1018694,2.416678585390505,3,0.882798,selected_plans/problem3/case_040/5core.json
case_041,5,component_packed,1,1233341,60415012,65364992,,,,4.247168,0,100,0.072394,AI_VERIFIED,NOT_PROVEN,runs/component_packed/seed0_block100/case_041/5core/problem1.json.gz,2c1f27645bdfedbe62157b2d78b92b8b0e2f3aae59a8f8a1e0a10a8cd85e365e,edc0f30f97261b898faa6082a7d64d9c1c75a452545047692c84ce87e1fc7653,results/auto_solve_20260923_120249/full_v1,0,0,4.868042982435514,3,13.032114,selected_plans/problem1/case_041/5core.json
case_041,5,component_packed,2,1211280,35389440,40339420,,,,4.31089,0,100,0.072394,AI_VERIFIED,NOT_PROVEN,runs/component_packed/seed0_block100/case_041/5core/problem2.json.gz,2c1f27645bdfedbe62157b2d78b92b8b0e2f3aae59a8f8a1e0a10a8cd85e365e,0ec6d8dc75dd6ff8942cca0b6d7e4ec01e3831a1cb8b9fbc0238a31d2e19964a,results/auto_solve_20260923_120249/full_v1,0,0,4.956704477907668,3,13.120318,selected_plans/problem2/case_041/5core.json
case_041,5,component_packed,3,1208982,35389440,40339420,0.4262432411849821,3960.0,8754.0,4.644405,0,100,0.072394,AI_VERIFIED,NOT_PROVEN,runs/component_packed/seed0_block100/case_041/5core/problem3.json.gz,2c1f27645bdfedbe62157b2d78b92b8b0e2f3aae59a8f8a1e0a10a8cd85e365e,2bc5d88558763231e3ca4240364de0c1580fc4b7c41d4fb55ed46184acdea363,results/auto_solve_20260923_120249/full_v1,17193984,40338432,4.9661260465416355,3,14.187706,selected_plans/problem3/case_041/5core.json
case_042,5,component_aware,1,359713,17380804,19769768,,,,1.025801,0,100,0.023924,AI_VERIFIED,NOT_PROVEN,runs/component_aware/seed0_block100/case_042/5core/problem1.json.gz,8131622ab5d514185fcd69ee4095c5dada224add0de3176291e117ac1c090bf8,322d14144dd8a15795f7315e4b622fd97152feedb32c0bc2f62f3368bf2c9ca2,results/auto_solve_20260923_120249/full_v1,0,0,4.689127165267866,3,3.05283,selected_plans/problem1/case_042/5core.json
case_042,5,component_aware,2,357499,10036800,12425764,,,,0.814236,0,100,0.023924,AI_VERIFIED,NOT_PROVEN,runs/component_aware/seed0_block100/case_042/5core/problem2.json.gz,8131622ab5d514185fcd69ee4095c5dada224add0de3176291e117ac1c090bf8,1e57876b3796c7fe29641e4dc9231c9e1d41b2f2f1db0cd7a415ff95ce48abb4,results/auto_solve_20260923_120249/full_v1,0,0,4.7181670438238985,3,2.507404,selected_plans/problem2/case_042/5core.json
case_042,5,component_aware,3,356200,10036800,12425764,0.493261184266549,1408.0,2713.0,0.760741,0,100,0.023924,AI_VERIFIED,NOT_PROVEN,runs/component_aware/seed0_block100/case_042/5core/problem3.json.gz,8131622ab5d514185fcd69ee4095c5dada224add0de3176291e117ac1c090bf8,8203d72b58a6a7c342bf408aad994edc7b6ee065a29ee992a6cd54f06eb429ca,results/auto_solve_20260923_120249/full_v1,6116928,12400992,4.735373385738349,3,2.408669,selected_plans/problem3/case_042/5core.json
case_043,5,component_aware,1,285466,6227086,7658208,,,,1.993323,0,100,0.055209,AI_VERIFIED,NOT_PROVEN,runs/component_aware/seed0_block100/case_043/5core/problem1.json.gz,edf3f0141b658f098576314e7655ec8db90d751fced4e004215cb60c3f0d481c,f4310084161f0aebe4d39cdcbb18e490efeeb56262479a9ffe792bcf6f5c1780,results/auto_solve_20260923_120249/full_v1,0,0,2.3738588833696483,3,5.394808,selected_plans/problem1/case_043/5core.json
case_043,5,component_aware,2,258038,1013760,2444882,,,,1.664633,0,100,0.055209,AI_VERIFIED,NOT_PROVEN,runs/component_aware/seed0_block100/case_043/5core/problem2.json.gz,edf3f0141b658f098576314e7655ec8db90d751fced4e004215cb60c3f0d481c,2c6d49fa4f1b02672ad19a38c345b91b0ac297ab5814c9cc1a624314b0949202,results/auto_solve_20260923_120249/full_v1,0,0,2.6261868406978817,3,5.691195,selected_plans/problem2/case_043/5core.json
case_043,5,component_aware,3,258000,1013760,2444882,0.3556084942628221,283.0,714.0,1.473207,0,100,0.055209,AI_VERIFIED,NOT_PROVEN,runs/component_aware/seed0_block100/case_043/5core/problem3.json.gz,edf3f0141b658f098576314e7655ec8db90d751fced4e004215cb60c3f0d481c,20d76c848c5f6d29424affa8d3f08116db76ac79e01715610df85eb82242cfd0,results/auto_solve_20260923_120249/full_v1,869376,2444756,2.6265736434108526,3,5.067044,selected_plans/problem3/case_043/5core.json
case_044,5,singlecore,1,154407,4438112,5413568,,,,0.444755,0,100,0.000174,AI_VERIFIED,NOT_PROVEN,runs/singlecore/seed0_block100/case_044/5core/problem1.json.gz,a1aee34846250227e1351ba0c690d839c5c4b4ab1ceb96b10f885a9f327fd7ba,177344f47c4da9694c4e7faf0de53bfcbefec8de84f86c7a1e735f42c64964c1,results/auto_solve_20260923_120249/fallback_v1,0,0,1.0,4,0.916474,selected_plans/problem1/case_044/5core.json
case_044,5,component_aware,2,132892,6196032,7171488,,,,0.12253,0,100,0.005666,AI_VERIFIED,NOT_PROVEN,runs/component_aware/seed0_block100/case_044/5core/problem2.json.gz,6306313f1e4aace7c826b1f0fffc4298e5a637d8308c9e4b12b9d3d8420df9d9,cdb6f831afd926a4f05647a0792a79b2e1b8556825c1fb2dab44c510a1c9504c,results/auto_solve_20260923_120249/full_v1,0,0,1.161898383649881,4,0.67247,selected_plans/problem2/case_044/5core.json
case_044,5,component_packed,3,91854,6243200,7218656,0.6033472878122444,177.0,349.0,0.123943,0,100,0.005364,AI_VERIFIED,NOT_PROVEN,runs/component_packed/seed0_block100/case_044/5core/problem3.json.gz,f03617449812b6329a38c1464e2f1c6b1728377b3c16cfd5fbf8ba2acba789c5,5e90ef72e2cf329f8d1fb665dd02e722ed3a6738383fc9b1549ab985921ef72b,results/auto_solve_20260923_120249/full_v1,4321376,7162336,1.6810046377947612,4,0.621246,selected_plans/problem3/case_044/5core.json
case_045,5,component_packed,1,28120,0,557056,,,,0.120705,0,100,0.009307,AI_VERIFIED,NOT_PROVEN,runs/component_packed/seed0_block100/case_045/5core/problem1.json.gz,e5e800df55a89dbc91e9e6d0c6f808ff08c9244be7733c76d4ae4a00dd88d844,9d0b61f1b508c9bbe1d1d38ecc6c1ae67818d4aa90d2f736cd5495e9a77e0004,results/auto_solve_20260923_120249/full_v1,0,0,4.467069701280227,3,0.3882339999999999,selected_plans/problem1/case_045/5core.json
case_045,5,component_aware,2,26164,0,557056,,,,0.105119,0,100,0.006799,AI_VERIFIED,NOT_PROVEN,runs/component_aware/seed0_block100/case_045/5core/problem2.json.gz,8f4e88009f72ed10ac02369667c0af7bf147b8b1349982fd2a1d2d996f30c06f,7a21736b2d57d3972958306927f94b12cd82c813797cf653925c6a6598cd8585,results/auto_solve_20260923_120249/full_v1,0,0,4.801024308209754,3,0.352991,selected_plans/problem2/case_045/5core.json
case_045,5,component_aware,3,26164,0,557056,0.0,0.0,68.0,0.107744,0,100,0.006799,AI_VERIFIED,NOT_PROVEN,runs/component_aware/seed0_block100/case_045/5core/problem3.json.gz,8f4e88009f72ed10ac02369667c0af7bf147b8b1349982fd2a1d2d996f30c06f,533408e87278c939cae809612b3b9edbcf8929d0a920b7ecb531d53bb8886e03,results/auto_solve_20260923_120249/full_v1,0,278528,4.801024308209754,3,0.354073,selected_plans/problem3/case_045/5core.json
case_046,5,component_aware,1,143088,6709408,7770880,,,,0.148,0,100,0.004478,AI_VERIFIED,NOT_PROVEN,runs/component_aware/seed0_block100/case_046/5core/problem1.json.gz,a073f4fe55a5a6f2a5c8d7b368b49f451140cdd280a39f0ef70438c75b6355bc,9972dec2d5a1dcbf3a43981b521b9799a79b9ef5d0bf914134b9fed4f43a2673,results/auto_solve_20260923_120249/full_v1,0,0,1.932062786536956,3,0.449385,selected_plans/problem1/case_046/5core.json
case_046,5,component_aware,2,131039,5013664,6075136,,,,0.102169,0,100,0.004478,AI_VERIFIED,NOT_PROVEN,runs/component_aware/seed0_block100/case_046/5core/problem2.json.gz,a073f4fe55a5a6f2a5c8d7b368b49f451140cdd280a39f0ef70438c75b6355bc,16ef72b2cc29a7009d27a6c6e0467c6f102b2ea7ec426a8ca555c235610a94d6,results/auto_solve_20260923_120249/full_v1,0,0,2.10971542823129,3,0.339325,selected_plans/problem2/case_046/5core.json
case_046,5,component_aware,3,108388,5013664,6075136,0.3023482428115016,120.0,318.0,0.098672,0,100,0.004478,AI_VERIFIED,NOT_PROVEN,runs/component_aware/seed0_block100/case_046/5core/problem3.json.gz,a073f4fe55a5a6f2a5c8d7b368b49f451140cdd280a39f0ef70438c75b6355bc,0599c0c639e5289fcfa54e06ba0fea534b03f65043272093bfbbb231722d4044,results/auto_solve_20260923_120249/full_v1,1816992,6009600,2.550605233051629,3,0.311238,selected_plans/problem3/case_046/5core.json
case_047,5,singlecore,1,326508,0,463942,,,,37.433459,0,100,0.001506,AI_VERIFIED,NOT_PROVEN,runs/singlecore/seed0_block100/case_047/5core/problem1.json.gz,72adc13c77bd0534342701ea299762d79215b76fb50279e8bdd561b73648c81c,3d86d51fa0da75eaddd4ec3da3ef7b6ee8245e8553f1977fa2a57607f4a53328,results/auto_solve_20260923_120249/fallback_v1,0,0,1.0,4,43.466696,selected_plans/problem1/case_047/5core.json
case_047,5,balanced_greedy,2,249991,2244728,2708670,,,,2.39789,0,100,0.057241,AI_VERIFIED,NOT_PROVEN,runs/balanced_greedy/seed0_block100/case_047/5core/problem2.json.gz,459f164423fcb402403e9478786eddcfad48a8746a87c26d77b2bc3466fada3d,32e34a2dfb2906bf347e27327fb56a4d8c601d59649bffc1e5a61380bafeac42,results/auto_solve_20260923_120249/full_v1,0,0,1.3060790188446785,4,13.45081,selected_plans/problem2/case_047/5core.json
case_047,5,balanced_greedy,3,249780,2244728,2708670,0.2644240100487423,698.0,2727.0,2.370014,0,100,0.057241,AI_VERIFIED,NOT_PROVEN,runs/balanced_greedy/seed0_block100/case_047/5core/problem3.json.gz,459f164423fcb402403e9478786eddcfad48a8746a87c26d77b2bc3466fada3d,05ad5f8d1c03a117ba87f72c536f1c449cdcc72435533aee2eafde618b0c02c3,results/auto_solve_20260923_120249/full_v1,433236,1638414,1.307182320441989,4,14.324673,selected_plans/problem3/case_047/5core.json
case_048,5,component_aware,1,221514,432012,846802,,,,0.151578,0,100,0.007153,AI_VERIFIED,NOT_PROVEN,runs/component_aware/seed0_block100/case_048/5core/problem1.json.gz,b9e8bfb6cd6c5896d9c5baa7122798bae0a92f7d4b9ab8f4c35b76e5b712cd7c,ecf5b6417caf43e24651c1efc8aaefdcb1d092fc7af885daf08cd99f447e262c,results/auto_solve_20260923_120249/full_v1,0,0,1.0031871574708595,3,0.471186,selected_plans/problem1/case_048/5core.json
case_048,5,component_aware,2,217344,0,414790,,,,0.177575,0,100,0.007153,AI_VERIFIED,NOT_PROVEN,runs/component_aware/seed0_block100/case_048/5core/problem2.json.gz,b9e8bfb6cd6c5896d9c5baa7122798bae0a92f7d4b9ab8f4c35b76e5b712cd7c,038eb2d13429888238ce7cfad6ad6646f79d423d577eef76a35341168c063067,results/auto_solve_20260923_120249/full_v1,0,0,1.0224344817432274,3,0.479404,selected_plans/problem2/case_048/5core.json
case_048,5,component_aware,3,217344,0,414790,0.0,0.0,169.0,0.180912,0,100,0.007153,AI_VERIFIED,NOT_PROVEN,runs/component_aware/seed0_block100/case_048/5core/problem3.json.gz,b9e8bfb6cd6c5896d9c5baa7122798bae0a92f7d4b9ab8f4c35b76e5b712cd7c,29d2ab0f7f8fcd03e2c30b8cf4630a13827e310a7f97fd9e760b6ca2f17a8f89,results/auto_solve_20260923_120249/full_v1,0,410182,1.0224344817432274,3,0.485957,selected_plans/problem3/case_048/5core.json
case_049,5,component_aware,1,170381,1556622,1709162,,,,0.509121,0,100,0.018884,AI_VERIFIED,NOT_PROVEN,runs/component_aware/seed0_block100/case_049/5core/problem1.json.gz,491f12cbde285c1ed4f587684026c7e38056dcfbf25baf33030211a52ad074e8,8dcc8ae4a85fdef7d8052006ba3c8e6196e1efd0e6ffe1178263ee58cc09993c,results/auto_solve_20260923_120249/full_v1,0,0,1.1519829088924234,3,1.51954,selected_plans/problem1/case_049/5core.json
case_049,5,component_packed,2,127072,1530980,1683520,,,,0.544235,0,100,0.021941,AI_VERIFIED,NOT_PROVEN,runs/component_packed/seed0_block100/case_049/5core/problem2.json.gz,dd379556fd18b203a39ad6b4dd7de96cd0508d0a537817ec2c0f12f2be58bd93,04af7b843922b3b44891fbb16ac8e24721b299a134110228bf46d2934c6a9153,results/auto_solve_20260923_120249/full_v1,0,0,1.5446046335935533,3,1.662554,selected_plans/problem2/case_049/5core.json
case_049,5,component_packed,3,126890,1530980,1683520,0.2213737184901874,228.0,890.0,0.534409,0,100,0.021941,AI_VERIFIED,NOT_PROVEN,runs/component_packed/seed0_block100/case_049/5core/problem3.json.gz,dd379556fd18b203a39ad6b4dd7de96cd0508d0a537817ec2c0f12f2be58bd93,43d552bdd2f2a7248f84137a7fd392c65b65ffd539ed4fca7161cbb3f0b5bcfe,results/auto_solve_20260923_120249/full_v1,206516,932884,1.546820080384585,3,1.608894,selected_plans/problem3/case_049/5core.json
case_050,5,component_aware,1,114270,912402,1231778,,,,0.516434,0,100,0.02228,AI_VERIFIED,NOT_PROVEN,runs/component_aware/seed0_block100/case_050/5core/problem1.json.gz,76f7dd268956c75184ddf8435e3c27b8f6ce748c5ee9bcb849990d47c743571e,c67b8e5a3e12191f2576b402da6ea60a6694640a1913d7120eae6522900cbcbd,results/auto_solve_20260923_120249/full_v1,0,0,1.3099676205478252,3,1.527717,selected_plans/problem1/case_050/5core.json
case_050,5,component_packed,2,98588,871404,1190780,,,,0.517637,0,100,0.019271,AI_VERIFIED,NOT_PROVEN,runs/component_packed/seed0_block100/case_050/5core/problem2.json.gz,0cf379942e52c58e1b03e5e4c22ef8c53e2a0db41e16b51bd3823cf0f5283f26,a90acc60fbb5df23af3dcd81a826c5eb672659568b92f6e329841116d4d724e8,results/auto_solve_20260923_120249/full_v1,0,0,1.5183389459163388,3,1.610044,selected_plans/problem2/case_050/5core.json
case_050,5,component_packed,3,98450,871404,1190780,0.1901864093519214,231.0,939.0,0.513713,0,100,0.019271,AI_VERIFIED,NOT_PROVEN,runs/component_packed/seed0_block100/case_050/5core/problem3.json.gz,0cf379942e52c58e1b03e5e4c22ef8c53e2a0db41e16b51bd3823cf0f5283f26,77bc28f586b3323e7ed84cb1df3116ecb491a8c873ffa23b2f3adbdcb31f70b1,results/auto_solve_20260923_120249/full_v1,146326,769382,1.5204672422549517,3,1.5711559999999998,selected_plans/problem3/case_050/5core.json
case_051,5,singlecore,1,607628,0,393218,,,,0.325519,0,100,0.000426,AI_VERIFIED,NOT_PROVEN,runs/singlecore/seed0_block100/case_051/5core/problem1.json.gz,c2c94a128603028094e7b96a8cf898257301575fca00c84a87e96a6e993f7f4b,d438e4a97c64cccb8d0d8196884d40948a3e8d3be06c58dd98336ee8ef105139,results/auto_solve_20260923_120249/fallback_v1,0,0,1.0,4,0.723292,selected_plans/problem1/case_051/5core.json
case_051,5,component_aware,2,607628,0,393218,,,,0.114023,0,100,0.005124,AI_VERIFIED,NOT_PROVEN,runs/component_aware/seed0_block100/case_051/5core/problem2.json.gz,7e9a3cb4da11f2b6e48f208dde614c71da299561e27621470d2318b28ba53832,9625d899a8f0bfcdcaf895df564bad096d420ffdef77c7ee457cd019a507ff5e,results/auto_solve_20260923_120249/full_v1,0,0,1.0,4,0.51739,selected_plans/problem2/case_051/5core.json
case_051,5,component_aware,3,607628,0,393218,0.0,0.0,12.0,0.118838,0,100,0.005124,AI_VERIFIED,NOT_PROVEN,runs/component_aware/seed0_block100/case_051/5core/problem3.json.gz,7e9a3cb4da11f2b6e48f208dde614c71da299561e27621470d2318b28ba53832,4572f37e02bf3b1f1dae826353510fb0eec95a7e9cfe47aa0343926b6c1e518b,results/auto_solve_20260923_120249/full_v1,0,393216,1.0,4,0.517703,selected_plans/problem3/case_051/5core.json
case_052,5,component_aware,1,43988,894976,1705180,,,,0.135201,0,100,0.004723,AI_VERIFIED,NOT_PROVEN,runs/component_aware/seed0_block100/case_052/5core/problem1.json.gz,5e53d14b5bd38358c10168c9c2074eeca5ceaea43e151e0369a6d5e45cee1d3d,f89acbbbf342168ccefe51e7c8bd0fbf08a24dab4f35f4a500b026dfa39d3288,results/auto_solve_20260923_120249/full_v1,0,0,4.098867873056288,3,0.410572,selected_plans/problem1/case_052/5core.json
case_052,5,component_aware,2,36916,328704,1138908,,,,0.089195,0,100,0.004723,AI_VERIFIED,NOT_PROVEN,runs/component_aware/seed0_block100/case_052/5core/problem2.json.gz,5e53d14b5bd38358c10168c9c2074eeca5ceaea43e151e0369a6d5e45cee1d3d,336c9d98ba0d3ec74758205fe3237738ac40085f9696eeb37dbeace3d1fea3e3,results/auto_solve_20260923_120249/full_v1,0,0,4.884088200238379,3,0.299064,selected_plans/problem2/case_052/5core.json
case_052,5,component_aware,3,36916,328704,1138908,0.1025125839957567,17.0,310.0,0.090716,0,100,0.004723,AI_VERIFIED,NOT_PROVEN,runs/component_aware/seed0_block100/case_052/5core/problem3.json.gz,5e53d14b5bd38358c10168c9c2074eeca5ceaea43e151e0369a6d5e45cee1d3d,320b58d53c7e9862a65a1efe7a1d2c12e91ec4a7aee804797eeff46373fa8f4d,results/auto_solve_20260923_120249/full_v1,116736,1138748,4.884088200238379,3,0.297433,selected_plans/problem3/case_052/5core.json
case_053,5,component_aware,1,539970,14999966,17995254,,,,2.12123,0,100,0.060265,AI_VERIFIED,NOT_PROVEN,runs/component_aware/seed0_block100/case_053/5core/problem1.json.gz,cac36e2ff78a07a9f5cb8013d57a001dcff5932c68d044388bb7b235d1c85ee7,45283000979599ce82724f954c515ab25db74cf878a3f953035a62e0d88096d6,results/auto_solve_20260923_120249/full_v1,0,0,2.727347815619386,3,5.570241,selected_plans/problem1/case_053/5core.json
case_053,5,component_aware,2,471905,6918912,9914200,,,,2.220319,0,100,0.060265,AI_VERIFIED,NOT_PROVEN,runs/component_aware/seed0_block100/case_053/5core/problem2.json.gz,cac36e2ff78a07a9f5cb8013d57a001dcff5932c68d044388bb7b235d1c85ee7,7abfdeb400b8bc8aa4260dccc298015db5383cf199328bab088e1e875bc6dec6,results/auto_solve_20260923_120249/full_v1,0,0,3.120725569765101,3,6.103085,selected_plans/problem2/case_053/5core.json
case_053,5,component_aware,3,471905,6918912,9914200,0.2895176464955077,182.0,695.0,2.079221,0,100,0.060265,AI_VERIFIED,NOT_PROVEN,runs/component_aware/seed0_block100/case_053/5core/problem3.json.gz,cac36e2ff78a07a9f5cb8013d57a001dcff5932c68d044388bb7b235d1c85ee7,fd1da85b1d2f838b68aa5881f1392233fc1bbed86a4609fbc3859c1eecfe7a1f,results/auto_solve_20260923_120249/full_v1,2841856,9815830,3.120725569765101,3,5.901076,selected_plans/problem3/case_053/5core.json
case_054,5,component_aware,1,544539,5792046,7398322,,,,2.427152,0,100,0.088915,AI_VERIFIED,NOT_PROVEN,runs/component_aware/seed0_block100/case_054/5core/problem1.json.gz,3ea0d81f191f5462175d85dad754730778ebc036f524aa1d4b4eb5a902da7ba6,314f5607b8b8af86322583d742dd3a7e3d00498f1bcfd460b71f2f676cff34dd,results/auto_solve_20260923_120249/full_v1,0,0,1.496772499306753,3,7.092287000000001,selected_plans/problem1/case_054/5core.json
case_054,5,component_packed,2,443103,4428822,6035098,,,,2.992268,0,100,0.076012,AI_VERIFIED,NOT_PROVEN,runs/component_packed/seed0_block100/case_054/5core/problem2.json.gz,bda0b8ddce23e159f84a5327a7529f1332bfb3d1143e4b9d2b251776bd947f7e,c6467414aa59b209a720a245ca4bba633af7ddd1c7e4c328ce8c9803070af466,results/auto_solve_20260923_120249/full_v1,0,0,1.839416569059564,3,10.045311,selected_plans/problem2/case_054/5core.json
case_054,5,component_packed,3,442289,4428822,6035098,0.203475403496652,765.0,3193.0,3.410189,0,100,0.076012,AI_VERIFIED,NOT_PROVEN,runs/component_packed/seed0_block100/case_054/5core/problem3.json.gz,bda0b8ddce23e159f84a5327a7529f1332bfb3d1143e4b9d2b251776bd947f7e,68605f7d4429bc7034db8d6325f6c601bfc8601b0b882ddd6352bba58385b1ab,results/auto_solve_20260923_120249/full_v1,808210,3972028,1.842801878409818,3,11.022191,selected_plans/problem3/case_054/5core.json
case_055,5,component_aware,1,28751,280616,906426,,,,0.122979,0,100,0.004723,AI_VERIFIED,NOT_PROVEN,runs/component_aware/seed0_block100/case_055/5core/problem1.json.gz,3a0ce918f6cb788688f9f317a364ffc694653e85d52e3d4b10d4f84721ba6f51,82d27570d6bda8d53e5442cf476f1a2d959bf582f3cccbc5af3eb9b629b240c9,results/auto_solve_20260923_120249/full_v1,0,0,4.133247539216027,3,0.373316,selected_plans/problem1/case_055/5core.json
case_055,5,component_aware,2,23615,231424,857234,,,,0.093009,0,100,0.004723,AI_VERIFIED,NOT_PROVEN,runs/component_aware/seed0_block100/case_055/5core/problem2.json.gz,3a0ce918f6cb788688f9f317a364ffc694653e85d52e3d4b10d4f84721ba6f51,f20d61f2ee7b4ca3c2929d94624551deb9c37e4f58a3851c53c4dced16d07afe,results/auto_solve_20260923_120249/full_v1,0,0,5.032182934575482,3,0.3015839999999999,selected_plans/problem2/case_055/5core.json
case_055,5,component_aware,3,23615,231424,857234,0.253874621404804,19.0,193.0,0.092388,0,100,0.004723,AI_VERIFIED,NOT_PROVEN,runs/component_aware/seed0_block100/case_055/5core/problem3.json.gz,3a0ce918f6cb788688f9f317a364ffc694653e85d52e3d4b10d4f84721ba6f51,70d8be6fea71803fae489def681c936228a3d59419839bc18b1807f7550ca252,results/auto_solve_20260923_120249/full_v1,217600,857116,5.032182934575482,3,0.304419,selected_plans/problem3/case_055/5core.json
case_056,5,singlecore,1,277285,0,221600,,,,12.593048,0,100,0.001016,AI_VERIFIED,NOT_PROVEN,runs/singlecore/seed0_block100/case_056/5core/problem1.json.gz,e53d85d805397e0c2eccd4a83304e49fba1d87ccfa10cf3cd30e5c5e1adf2591,e180081eaa1b4d2380c9f350c57254e27d3ce728b6327c329ac24cf3f8a885bd,results/auto_solve_20260923_120249/fallback_v1,0,0,1.0,4,15.273505,selected_plans/problem1/case_056/5core.json
case_056,5,balanced_greedy,2,229668,2614528,2836128,,,,1.036544,0,100,0.028648,AI_VERIFIED,NOT_PROVEN,runs/balanced_greedy/seed0_block100/case_056/5core/problem2.json.gz,478e23dcf5a866bb674f901b55b2f011723aaeaeb886915de85bd45660007b00,1728569d118e8f25aff31e56e1f1dc3af9decbb69a7eba9ab235cfdbded930f1,results/auto_solve_20260923_120249/full_v1,0,0,1.207329710712855,4,5.427175,selected_plans/problem2/case_056/5core.json
case_056,5,balanced_greedy,3,229312,2614528,2836128,0.2200299236805359,382.0,1634.0,1.006046,0,100,0.028648,AI_VERIFIED,NOT_PROVEN,runs/balanced_greedy/seed0_block100/case_056/5core/problem3.json.gz,478e23dcf5a866bb674f901b55b2f011723aaeaeb886915de85bd45660007b00,c17eb6b1adbec4dbcabfdfff40f461e1c6ea0d41e47b2c7acf98e93e7ae7176f,results/auto_solve_20260923_120249/full_v1,343828,1562642,1.2092040538654758,4,5.3988380000000005,selected_plans/problem3/case_056/5core.json
case_057,5,component_aware,1,14225,230060,572520,,,,0.084304,0,100,0.003438,AI_VERIFIED,NOT_PROVEN,runs/component_aware/seed0_block100/case_057/5core/problem1.json.gz,6006cc4c414f5b9a271babcc30f1446222c33326dd0f22c24ba1486e536f4bcf,8994c704647ad1f5f25ded830c1246c811cfd5336d5cd30cca99f99cc4e65ee5,results/auto_solve_20260923_120249/full_v1,0,0,4.198664323374341,3,0.240954,selected_plans/problem1/case_057/5core.json
case_057,5,component_aware,2,14028,14112,356572,,,,0.061121,0,100,0.003438,AI_VERIFIED,NOT_PROVEN,runs/component_aware/seed0_block100/case_057/5core/problem2.json.gz,6006cc4c414f5b9a271babcc30f1446222c33326dd0f22c24ba1486e536f4bcf,d184bf735082a5f60f3568fe82a7aa1505a9c5ae5461543b19890d18fe170a7d,results/auto_solve_20260923_120249/full_v1,0,0,4.257627601938979,3,0.207618,selected_plans/problem2/case_057/5core.json
case_057,5,component_aware,3,14028,14112,356572,0.0008212147134302,1.0,131.0,0.059183,0,100,0.003438,AI_VERIFIED,NOT_PROVEN,runs/component_aware/seed0_block100/case_057/5core/problem3.json.gz,6006cc4c414f5b9a271babcc30f1446222c33326dd0f22c24ba1486e536f4bcf,f7218c12c984d54fa6d52f95a8398663dabe60ec5de865690009e8d854011713,results/auto_solve_20260923_120249/full_v1,288,350700,4.257627601938979,3,0.210985,selected_plans/problem3/case_057/5core.json
case_058,5,component_aware,1,1784441,96780288,104448000,,,,3.528968,0,100,0.100829,AI_VERIFIED,NOT_PROVEN,runs/component_aware/seed0_block100/case_058/5core/problem1.json.gz,4b5fbe877179187fa1b5a933b7ab7216727264445a2d02d09427ca1bda196a76,2c8ce7a9880c71d5561e0f5ce339d52b3eb7e802d7906cb9412eec816ae49dda,results/auto_solve_20260923_120249/full_v1,0,0,2.5440555333575054,3,11.411584,selected_plans/problem1/case_058/5core.json
case_058,5,component_aware,2,1004819,32104448,39772160,,,,3.137224,0,100,0.100829,AI_VERIFIED,NOT_PROVEN,runs/component_aware/seed0_block100/case_058/5core/problem2.json.gz,4b5fbe877179187fa1b5a933b7ab7216727264445a2d02d09427ca1bda196a76,3dd76a5e4899a2f01789bbca9ac43b47b8be0728f7dd247becff9353a08c1d40,results/auto_solve_20260923_120249/full_v1,0,0,4.517945022934478,3,10.92249,selected_plans/problem2/case_058/5core.json
case_058,5,component_aware,3,1004819,32104448,39772160,0.0,0.0,6650.0,2.876219,0,100,0.100829,AI_VERIFIED,NOT_PROVEN,runs/component_aware/seed0_block100/case_058/5core/problem3.json.gz,4b5fbe877179187fa1b5a933b7ab7216727264445a2d02d09427ca1bda196a76,bc3f1ecfc1f11a6d8f24a30a60b1b7e29a0f2ae00cc33fc20f3a372b222bfe99,results/auto_solve_20260923_120249/full_v1,0,38727680,4.517945022934478,3,10.146287,selected_plans/problem3/case_058/5core.json
case_059,5,component_packed,1,157208,7028736,8372224,,,,0.510855,0,100,0.012312,AI_VERIFIED,NOT_PROVEN,runs/component_packed/seed0_block100/case_059/5core/problem1.json.gz,bcba3bce5df6286cacb9f392a348f40debc4ad727a8611243f707df270e7103a,591ae6bee804d51c9c18c7cc6a67a6d0c31cee70547f9fcf5e9dbb9cb3e8e826,results/auto_solve_20260923_120249/full_v1,0,0,5.276277288687599,3,1.159539,selected_plans/problem1/case_059/5core.json
case_059,5,component_aware,2,150782,4325376,5668864,,,,0.305982,0,100,0.011971,AI_VERIFIED,NOT_PROVEN,runs/component_aware/seed0_block100/case_059/5core/problem2.json.gz,559694c79671d61c468ecb3e3a74cc6b04111d8fab296193883bf9baa438adb4,ce6026402eede5ee86aaa56c5dc157f63d069c1beb6d16bcf3fb5456b2084134,results/auto_solve_20260923_120249/full_v1,0,0,5.501140719714555,3,0.904999,selected_plans/problem2/case_059/5core.json
case_059,5,component_aware,3,150736,4325376,5668864,0.7378787878787879,1244.0,1760.0,0.291022,0,100,0.011971,AI_VERIFIED,NOT_PROVEN,runs/component_aware/seed0_block100/case_059/5core/problem3.json.gz,559694c79671d61c468ecb3e3a74cc6b04111d8fab296193883bf9baa438adb4,2465245f9f917a220888239dcca691eafe6e4c760c2510c97a33d60b364e8e1c,results/auto_solve_20260923_120249/full_v1,3989504,5406720,5.502819498991615,3,0.875637,selected_plans/problem3/case_059/5core.json
case_060,5,component_aware,1,205587,8852700,10951706,,,,1.01504,0,100,0.021123,AI_VERIFIED,NOT_PROVEN,runs/component_aware/seed0_block100/case_060/5core/problem1.json.gz,d2f705b3f2533575ca8c915865ba130ed2c2240d49b5a5f130c4f2725d1c124f,ce902284713ca79218798f6ced343cd021661db33c10bf6a12bbf9f8f6ad0f8e,results/auto_solve_20260923_120249/full_v1,0,0,4.323177049132484,3,2.660693,selected_plans/problem1/case_060/5core.json
case_060,5,component_aware,2,185003,3811712,5910718,,,,0.619416,0,100,0.021123,AI_VERIFIED,NOT_PROVEN,runs/component_aware/seed0_block100/case_060/5core/problem2.json.gz,d2f705b3f2533575ca8c915865ba130ed2c2240d49b5a5f130c4f2725d1c124f,9bb88b5291d23dc3f0aa636745132ac61f742a5bf69bf13f9698fca72ab909b9,results/auto_solve_20260923_120249/full_v1,0,0,4.8041869591303925,3,2.105923,selected_plans/problem2/case_060/5core.json
case_060,5,component_aware,3,184628,3811712,5910718,0.5100994173022652,1235.0,2215.0,0.591567,0,100,0.021123,AI_VERIFIED,NOT_PROVEN,runs/component_aware/seed0_block100/case_060/5core/problem3.json.gz,d2f705b3f2533575ca8c915865ba130ed2c2240d49b5a5f130c4f2725d1c124f,114bb01af198a87dab4f9d1511d000f44a79693af220667d973df47726a71dca,results/auto_solve_20260923_120249/full_v1,3014912,5910440,4.813944797105531,3,2.006172,selected_plans/problem3/case_060/5core.json
case_061,5,component_aware,1,22283,282112,826300,,,,0.127047,0,100,0.004563,AI_VERIFIED,NOT_PROVEN,runs/component_aware/seed0_block100/case_061/5core/problem1.json.gz,4133ab6680d0bf080c318be3e21f93ba73b54f49c82869682a71cea7e4269feb,4b753020a47dddb2138d8aea0c63aa9fcc73732ae15ed2e82b072075e3ecd523,results/auto_solve_20260923_120249/full_v1,0,0,3.46412063007674,3,0.348582,selected_plans/problem1/case_061/5core.json
case_061,5,component_packed,2,22239,87040,631228,,,,0.08134,0,100,0.004056,AI_VERIFIED,NOT_PROVEN,runs/component_packed/seed0_block100/case_061/5core/problem2.json.gz,c20e68be2d2729a0b1f33dec7ee9aed84e5db3eedea68a7c655dd36df1ad37e9,379c494ca522e4a7193a191c5c0dabae7bb9e7411e637f801159bb7057e97b40,results/auto_solve_20260923_120249/full_v1,0,0,3.4709744143171903,3,0.254994,selected_plans/problem2/case_061/5core.json
case_061,5,component_packed,3,22239,87040,631228,0.1013373013601938,27.0,294.0,0.085241,0,100,0.004056,AI_VERIFIED,NOT_PROVEN,runs/component_packed/seed0_block100/case_061/5core/problem3.json.gz,c20e68be2d2729a0b1f33dec7ee9aed84e5db3eedea68a7c655dd36df1ad37e9,c7669701ef4cf41d2c9224e78860c545754ac82c483792603c25110ee099ff70,results/auto_solve_20260923_120249/full_v1,63744,629028,3.4709744143171903,3,0.259869,selected_plans/problem3/case_061/5core.json
case_062,5,balanced_greedy,1,1160162,13757952,27159552,,,,3.954581,0,100,0.099879,AI_VERIFIED,NOT_PROVEN,runs/balanced_greedy/seed0_block100/case_062/5core/problem1.json.gz,0224e8842222cdb1009dfa52038b612e31f345da2f711529d30d6f0fda64f1c4,0530d6c0e5f33e393ef06fcc2afe4d67bc0059165ac7e2d88b145f41f874286c,results/auto_solve_20260923_120249/full_v1,0,0,2.460698592093173,3,11.558311,selected_plans/problem1/case_062/5core.json
case_062,5,balanced_greedy,2,798389,11665920,25067520,,,,5.022282,0,100,0.099879,AI_VERIFIED,NOT_PROVEN,runs/balanced_greedy/seed0_block100/case_062/5core/problem2.json.gz,0224e8842222cdb1009dfa52038b612e31f345da2f711529d30d6f0fda64f1c4,32b8f6d734730d488f28650828d3d7bb147d55ab0c5b7c00808662a51bfe5d89,results/auto_solve_20260923_120249/full_v1,0,0,3.5757118397172305,3,18.966446,selected_plans/problem2/case_062/5core.json
case_062,5,balanced_greedy,3,798313,11665920,25067520,0.0201549162187796,85.0,8116.0,4.956465,0,100,0.099879,AI_VERIFIED,NOT_PROVEN,runs/balanced_greedy/seed0_block100/case_062/5core/problem3.json.gz,0224e8842222cdb1009dfa52038b612e31f345da2f711529d30d6f0fda64f1c4,961bc1cff3aabcb7b69f20b3dd8d7bfc502f1013a88d216a3c92dd26181f4b91,results/auto_solve_20260923_120249/full_v1,391680,19433472,3.5760522501825727,3,19.050794,selected_plans/problem3/case_062/5core.json
case_063,5,balanced_greedy,1,431868,4962816,9984000,,,,0.991959,0,100,0.02048,AI_VERIFIED,NOT_PROVEN,runs/balanced_greedy/seed0_block100/case_063/5core/problem1.json.gz,a898b60566c8ef154d718ecc826419abe67182018b39f5d906d2902206fda08e,9eefb615a98fe635352d569b9c0e7de939a351e8c04813c31e613600edeede65,results/auto_solve_20260923_120249/full_v1,0,0,2.478528161382645,3,2.945913,selected_plans/problem1/case_063/5core.json
case_063,5,balanced_greedy,2,297567,4274688,9295872,,,,1.229017,0,100,0.02048,AI_VERIFIED,NOT_PROVEN,runs/balanced_greedy/seed0_block100/case_063/5core/problem2.json.gz,a898b60566c8ef154d718ecc826419abe67182018b39f5d906d2902206fda08e,33bd1f01a8bfd7bcb9fbf83bbaecf6a16c6f3ad6157d2baab809724a02e4c193,results/auto_solve_20260923_120249/full_v1,0,0,3.597162991864017,3,4.122578,selected_plans/problem2/case_063/5core.json
case_063,5,balanced_greedy,3,297465,4274688,9295872,0.0197494160118921,31.0,3009.0,1.159,0,100,0.02048,AI_VERIFIED,NOT_PROVEN,runs/balanced_greedy/seed0_block100/case_063/5core/problem3.json.gz,a898b60566c8ef154d718ecc826419abe67182018b39f5d906d2902206fda08e,e80d779f20339005e598a4323e0fd80a943069ec50a9fde0dca678df9e01c22a,results/auto_solve_20260923_120249/full_v1,142848,7233024,3.598396450002521,3,4.007238,selected_plans/problem3/case_063/5core.json
case_064,5,singlecore,1,19116,0,37414,,,,0.175664,0,100,0.000129,AI_VERIFIED,NOT_PROVEN,runs/singlecore/seed0_block100/case_064/5core/problem1.json.gz,aaf7b8a48ea54c9bd1fb809d15a5cc24c4d379fff2c8cbca0333425ec264b441,97e374177535dbc004f520705959b522f6a6f007cad7e1935e7074cc70299446,results/auto_solve_20260923_120249/fallback_v1,0,0,1.0,4,0.377167,selected_plans/problem1/case_064/5core.json
case_064,5,component_aware,2,18794,0,37414,,,,0.057785,0,100,0.002983,AI_VERIFIED,NOT_PROVEN,runs/component_aware/seed0_block100/case_064/5core/problem2.json.gz,da879e37729a60996ad0c94f05f55cb6af6a68bdea6bd029b6f454349a3fdf3e,088306e0eea07139f4ec73b4003e408b7aea26d0adaef29437ba8215abde2524,results/auto_solve_20260923_120249/full_v1,0,0,1.017133127593913,4,0.346294,selected_plans/problem2/case_064/5core.json
case_064,5,component_aware,3,18794,0,37414,0.0,0.0,62.0,0.059158,0,100,0.002983,AI_VERIFIED,NOT_PROVEN,runs/component_aware/seed0_block100/case_064/5core/problem3.json.gz,da879e37729a60996ad0c94f05f55cb6af6a68bdea6bd029b6f454349a3fdf3e,6903a67fe1695bea1d7bea18e2d9de3b1186184e5ca0ddded5528eb701f9a8c9,results/auto_solve_20260923_120249/full_v1,0,35622,1.017133127593913,4,0.286426,selected_plans/problem3/case_064/5core.json
case_065,5,component_packed,1,11518,55872,372074,,,,0.074625,0,100,0.002551,AI_VERIFIED,NOT_PROVEN,runs/component_packed/seed0_block100/case_065/5core/problem1.json.gz,bd4a2a11aa42ee9dff59874400e72644e9e8f98edcdca42995a12b08bd620736,8da75182518398b2cae3fdce58c2a8fecf84736a74cd8bc8993bcb22790bd946,results/auto_solve_20260923_120249/full_v1,0,0,4.607397117555131,3,0.200731,selected_plans/problem1/case_065/5core.json
case_065,5,component_packed,2,11382,55872,372074,,,,0.047475,0,100,0.002551,AI_VERIFIED,NOT_PROVEN,runs/component_packed/seed0_block100/case_065/5core/problem2.json.gz,bd4a2a11aa42ee9dff59874400e72644e9e8f98edcdca42995a12b08bd620736,afa32187b23fa2d63d139fdc20d767527f5ddc13af32b3f85f3e392fa54e7426,results/auto_solve_20260923_120249/full_v1,0,0,4.662449481637673,3,0.150334,selected_plans/problem2/case_065/5core.json
case_065,5,component_packed,3,11382,55872,372074,0.0664131926477536,9.0,169.0,0.045153,0,100,0.002551,AI_VERIFIED,NOT_PROVEN,runs/component_packed/seed0_block100/case_065/5core/problem3.json.gz,bd4a2a11aa42ee9dff59874400e72644e9e8f98edcdca42995a12b08bd620736,075a28954cd172a14474e189ff28cf610b3be20e81e432ba775b4c6387b3d7d5,results/auto_solve_20260923_120249/full_v1,23616,355592,4.662449481637673,3,0.151705,selected_plans/problem3/case_065/5core.json
case_066,5,component_aware,1,252151,2119286,3226320,,,,0.659397,0,100,0.020938,AI_VERIFIED,NOT_PROVEN,runs/component_aware/seed0_block100/case_066/5core/problem1.json.gz,4530fd208807bdcc951965a44483d2805525f0c4e001977010a581af3d868a70,b8950ddb6b232780b1a826504222cc2fad479c69077460cdc17320b5dc230942,results/auto_solve_20260923_120249/full_v1,0,0,1.4240276659620623,3,1.868851,selected_plans/problem1/case_066/5core.json
case_066,5,component_aware,2,242995,29280,1136314,,,,0.589456,0,100,0.020938,AI_VERIFIED,NOT_PROVEN,runs/component_aware/seed0_block100/case_066/5core/problem2.json.gz,4530fd208807bdcc951965a44483d2805525f0c4e001977010a581af3d868a70,459d9264cd82f88ea0d8e15c1cbd33a9187343701e5c955748752054ff568109,results/auto_solve_20260923_120249/full_v1,0,0,1.4776847260231691,3,1.935402,selected_plans/problem2/case_066/5core.json
case_066,5,component_aware,3,242678,29280,1136314,0.0262174411868276,11.0,194.0,0.596793,0,100,0.020938,AI_VERIFIED,NOT_PROVEN,runs/component_aware/seed0_block100/case_066/5core/problem3.json.gz,4530fd208807bdcc951965a44483d2805525f0c4e001977010a581af3d868a70,c313d51804c7a8eb8bb1873468a47ad95c49c05bffef0494d40973aadf817962,results/auto_solve_20260923_120249/full_v1,27696,1056396,1.479614963037441,3,1.919417,selected_plans/problem3/case_066/5core.json
case_067,5,component_aware,1,16007792,264001792,270049920,,,,1.092325,0,100,0.035082,AI_VERIFIED,NOT_PROVEN,runs/component_aware/seed0_block100/case_067/5core/problem1.json.gz,d93a445e0dfcd7e6d735dc9508d63d7dc7cb90bd981c95be30823e550f4eae0f,94924611e1c42fe00b69b5bab7976ce15e48ceb13e210be6087bed1f303e7f5c,results/auto_solve_20260923_120249/full_v1,0,0,3.9877350980072706,3,3.591764,selected_plans/problem1/case_067/5core.json
case_067,5,component_aware,2,15931687,262750080,268798208,,,,1.170648,0,100,0.035082,AI_VERIFIED,NOT_PROVEN,runs/component_aware/seed0_block100/case_067/5core/problem2.json.gz,d93a445e0dfcd7e6d735dc9508d63d7dc7cb90bd981c95be30823e550f4eae0f,ccd788a16ef68265ff7f2dc79e93c719f0ae36880a7e0c049f4ce622f219c552,results/auto_solve_20260923_120249/full_v1,0,0,4.006784341168641,3,3.795988,selected_plans/problem2/case_067/5core.json
case_067,5,component_aware,3,15931687,262750080,268798208,0.0,0.0,3785.0,1.19626,0,100,0.035082,AI_VERIFIED,NOT_PROVEN,runs/component_aware/seed0_block100/case_067/5core/problem3.json.gz,d93a445e0dfcd7e6d735dc9508d63d7dc7cb90bd981c95be30823e550f4eae0f,99b10972fa79870e8091ef59a5beaf9bf8200d2d954b90f60c521cac2be8c9e8,results/auto_solve_20260923_120249/full_v1,0,265617664,4.006784341168641,3,3.78388,selected_plans/problem3/case_067/5core.json
case_068,5,component_aware,1,306563,1218274,3989524,,,,0.553132,0,100,0.02374,AI_VERIFIED,NOT_PROVEN,runs/component_aware/seed0_block100/case_068/5core/problem1.json.gz,1a44c910a04e889fde1f250c65aa0177dab18695fe4e040d65b3899983a6a7fe,06761966a5d81653efdb217e90de4158a413dc1e753b847985c6b655c55348a9,results/auto_solve_20260923_120249/full_v1,0,0,1.1811438431904695,3,1.622404,selected_plans/problem1/case_068/5core.json
case_068,5,component_packed,2,278134,1279656,4050906,,,,0.544366,0,100,0.019599,AI_VERIFIED,NOT_PROVEN,runs/component_packed/seed0_block100/case_068/5core/problem2.json.gz,a260d232c1f40e2461255fa139176cda1f2ab759a212b5a016ffdc6e3c0a37ed,8fe2b4bfe55a6cc02a5dc5771af09bea86653a2b98d41f290b60253528ed25bc,results/auto_solve_20260923_120249/full_v1,0,0,1.3018724787332725,3,1.797194,selected_plans/problem2/case_068/5core.json
case_068,5,component_packed,3,278077,1279656,4050906,0.0852733104145834,108.0,1004.0,0.541465,0,100,0.019599,AI_VERIFIED,NOT_PROVEN,runs/component_packed/seed0_block100/case_068/5core/problem3.json.gz,a260d232c1f40e2461255fa139176cda1f2ab759a212b5a016ffdc6e3c0a37ed,220a846315a31e2236d1845377681fdc32374285299c79635bfb98200cf9c32a,results/auto_solve_20260923_120249/full_v1,295918,3470230,1.302139335507791,3,1.739598,selected_plans/problem3/case_068/5core.json
case_069,5,singlecore,1,25144,0,126054,,,,0.171397,0,100,0.000137,AI_VERIFIED,NOT_PROVEN,runs/singlecore/seed0_block100/case_069/5core/problem1.json.gz,6b10d0779e60bb63530d9e3aa0fcdcc52a6924bc323ca31c7accd3f329ebe32c,6b7f9c1d77cbdce4e7ae92978a771d921158c2832851716c67041166f8381d12,results/auto_solve_20260923_120249/fallback_v1,0,0,1.0,4,0.412993,selected_plans/problem1/case_069/5core.json
case_069,5,balanced_greedy,2,22739,365034,491088,,,,0.077076,0,100,0.003223,AI_VERIFIED,NOT_PROVEN,runs/balanced_greedy/seed0_block100/case_069/5core/problem2.json.gz,0b7826bbd70433c190a04b151e94101ca5385f170753662d0a492d57629546a3,f763bcb884ea7925810eb69c4aa7df69bfe09375f4fc6532ac1eb8dc7e5ebfc8,results/auto_solve_20260923_120249/full_v1,0,0,1.105765425040679,4,0.317447,selected_plans/problem2/case_069/5core.json
case_069,5,balanced_greedy,3,22649,365034,491088,0.2739419317341223,78.0,244.0,0.076753,0,100,0.003223,AI_VERIFIED,NOT_PROVEN,runs/balanced_greedy/seed0_block100/case_069/5core/problem3.json.gz,0b7826bbd70433c190a04b151e94101ca5385f170753662d0a492d57629546a3,096fe115ad5164c19dbcf8fefeb371c348b904064794b060ae94c92a80d00a84,results/auto_solve_20260923_120249/full_v1,82954,302816,1.110159388935494,4,0.330287,selected_plans/problem3/case_069/5core.json
case_070,5,component_aware,1,31573,1082980,1502944,,,,0.127742,0,100,0.004375,AI_VERIFIED,NOT_PROVEN,runs/component_aware/seed0_block100/case_070/5core/problem1.json.gz,29cefcc6240d465486826c71408c3fcf04c4d3469f495cb8453446506be0de32,dba803c53e12bd92217ccf37d4929aca7d05852dfcbffe4feaa1ff9521d2ec65,results/auto_solve_20260923_120249/full_v1,0,0,3.715199695942736,3,0.356537,selected_plans/problem1/case_070/5core.json
case_070,5,component_aware,2,26755,449024,868988,,,,0.080169,0,100,0.004375,AI_VERIFIED,NOT_PROVEN,runs/component_aware/seed0_block100/case_070/5core/problem2.json.gz,29cefcc6240d465486826c71408c3fcf04c4d3469f495cb8453446506be0de32,74a887abfcee7d032ddde2dfab95e6995e976abb26a79b74079eff0866a624b1,results/auto_solve_20260923_120249/full_v1,0,0,4.384227247243506,3,0.268082,selected_plans/problem2/case_070/5core.json
case_070,5,component_aware,3,26731,449024,868988,0.1107814409781765,30.0,248.0,0.081961,0,100,0.004375,AI_VERIFIED,NOT_PROVEN,runs/component_aware/seed0_block100/case_070/5core/problem3.json.gz,29cefcc6240d465486826c71408c3fcf04c4d3469f495cb8453446506be0de32,ba936b41f768fa3f44227289595b6e2eeaeee04ef4e2c279b96794d6d9edfee2,results/auto_solve_20260923_120249/full_v1,96256,868882,4.388163555422543,3,0.26542,selected_plans/problem3/case_070/5core.json
case_071,5,singlecore,1,18919,0,121446,,,,0.109657,0,100,0.000113,AI_VERIFIED,NOT_PROVEN,runs/singlecore/seed0_block100/case_071/5core/problem1.json.gz,f5f8894af0661ba4647a74612d877b6ac62648ff1b3318c015633d23efa30f29,2b091f2871c083837aca057a4af08ad596b5cf1bfb7a6db1642173a9cf4f1371,results/auto_solve_20260923_120249/fallback_v1,0,0,1.0,4,0.277083,selected_plans/problem1/case_071/5core.json
case_071,5,balanced_greedy,2,14943,296106,417552,,,,0.054791,0,100,0.002907,AI_VERIFIED,NOT_PROVEN,runs/balanced_greedy/seed0_block100/case_071/5core/problem2.json.gz,31ccfc1520636d91eab976b638de59db809b83f3dcd4dfc0352218b2826dc0b4,9f6c8a1bab5fe0a0cfe2eacf63a5caafc02a68fc60e9aa602a1bc49f0ceb3b9e,results/auto_solve_20260923_120249/full_v1,0,0,1.2660777621628856,4,0.208053,selected_plans/problem2/case_071/5core.json
case_071,5,balanced_greedy,3,14863,296106,417552,0.2079504214469679,49.0,188.0,0.057713,0,100,0.002907,AI_VERIFIED,NOT_PROVEN,runs/balanced_greedy/seed0_block100/case_071/5core/problem3.json.gz,31ccfc1520636d91eab976b638de59db809b83f3dcd4dfc0352218b2826dc0b4,2f85f91b9eb77c0fd9dba62c173df9597104c07ff1a03a7f06d30d8dd32a1881,results/auto_solve_20260923_120249/full_v1,56842,273344,1.2728924174123664,4,0.215001,selected_plans/problem3/case_071/5core.json
case_072,5,component_aware,1,4766369,177563824,188667008,,,,15.856088,0,100,0.381987,AI_VERIFIED,NOT_PROVEN,runs/component_aware/seed0_block100/case_072/5core/problem1.json.gz,3277dd60adbf543c7bc1080e3dc2b1ba9e7b9fa0f92a32c9a2e874bf0ba92a43,7b261f6a0614379743c10fc68f6c5a844f3718ddd1b1f6cde084814cb9716c17,results/auto_solve_20260923_120249/full_v1,0,0,5.013843451902276,3,38.775293,selected_plans/problem1/case_072/5core.json
case_072,5,component_aware,2,4794328,130777776,141880960,,,,9.398051,0,100,0.381987,AI_VERIFIED,NOT_PROVEN,runs/component_aware/seed0_block100/case_072/5core/problem2.json.gz,3277dd60adbf543c7bc1080e3dc2b1ba9e7b9fa0f92a32c9a2e874bf0ba92a43,4bf4eb1ec00a0d1954b5802da9c97fb6ab326da1a9b66ee7139fc13ad0c0f851,results/auto_solve_20260923_120249/full_v1,0,0,4.984604307423272,3,28.507733,selected_plans/problem2/case_072/5core.json
case_072,5,component_aware,3,4773771,130777776,141880960,0.2916583063593743,5051.0,16790.0,8.460384,0,100,0.381987,AI_VERIFIED,NOT_PROVEN,runs/component_aware/seed0_block100/case_072/5core/problem3.json.gz,3277dd60adbf543c7bc1080e3dc2b1ba9e7b9fa0f92a32c9a2e874bf0ba92a43,57d1536af6c54cce4cbdc921273971fdfa6e0faa8afd2c99e3325db8bd879280,results/auto_solve_20260923_120249/full_v1,41377792,141870782,5.006069206084666,3,28.980602,selected_plans/problem3/case_072/5core.json
case_073,5,component_aware,1,3547665,141900032,145941120,,,,0.704882,0,100,0.021189,AI_VERIFIED,NOT_PROVEN,runs/component_aware/seed0_block100/case_073/5core/problem1.json.gz,f4fecee8c2c1fb47a9714f13edf4ce548cc971cf63b842e550bb14822b2443e8,3ed274f79b6a02cee9aad01fa13414c27eb7145d9e3c195ff9dc8afd15498035,results/auto_solve_20260923_120249/full_v1,0,0,2.8417638080258425,3,2.334012,selected_plans/problem1/case_073/5core.json
case_073,5,component_aware,2,3517515,139772800,143813888,,,,0.670973,0,100,0.021189,AI_VERIFIED,NOT_PROVEN,runs/component_aware/seed0_block100/case_073/5core/problem2.json.gz,f4fecee8c2c1fb47a9714f13edf4ce548cc971cf63b842e550bb14822b2443e8,c0a75a02354ed9d275a72f0a98f9c9e338ae7090bbfa24c95a8e2d0e6859f67e,results/auto_solve_20260923_120249/full_v1,0,0,2.8661216796516857,3,2.219417,selected_plans/problem2/case_073/5core.json
case_073,5,component_aware,3,3517515,139772800,143813888,0.0,0.0,2020.0,0.646311,0,100,0.021189,AI_VERIFIED,NOT_PROVEN,runs/component_aware/seed0_block100/case_073/5core/problem3.json.gz,f4fecee8c2c1fb47a9714f13edf4ce548cc971cf63b842e550bb14822b2443e8,4f0480c26a5ab7d632b679bce0f30a372e64fe20fac33fb5b99db9494845924c,results/auto_solve_20260923_120249/full_v1,0,143395584,2.8661216796516857,3,2.047829,selected_plans/problem3/case_073/5core.json
case_074,5,component_aware,1,351876,14630980,18407708,,,,0.654689,0,100,0.01463,AI_VERIFIED,NOT_PROVEN,runs/component_aware/seed0_block100/case_074/5core/problem1.json.gz,446e590bc730e0b520ea8923f486db8b787c6f5806cc5e31790925480df7a122,ac2429f45005f93e67b72d7094b01f157d0bedf166572b17778f92a38953d709,results/auto_solve_20260923_120249/full_v1,0,0,4.780772203844536,3,1.732417,selected_plans/problem1/case_074/5core.json
case_074,5,component_aware,2,345469,7983104,11759832,,,,0.384077,0,100,0.01463,AI_VERIFIED,NOT_PROVEN,runs/component_aware/seed0_block100/case_074/5core/problem2.json.gz,446e590bc730e0b520ea8923f486db8b787c6f5806cc5e31790925480df7a122,ce9ac8cd6610f2ce569e9e829827213821236603d815fc31b7500e25d2d5950b,results/auto_solve_20260923_120249/full_v1,0,0,4.869435463095097,3,1.299951,selected_plans/problem2/case_074/5core.json
case_074,5,component_aware,3,343486,7983104,11759832,0.3120857441214187,643.0,1882.0,0.412379,0,100,0.01463,AI_VERIFIED,NOT_PROVEN,runs/component_aware/seed0_block100/case_074/5core/problem3.json.gz,446e590bc730e0b520ea8923f486db8b787c6f5806cc5e31790925480df7a122,3b312b5a85bc9a3a19c0d02882341e3f29e57c79cbb469f0be78198eb172756d,results/auto_solve_20260923_120249/full_v1,3670016,11759640,4.897547498296873,3,1.316257,selected_plans/problem3/case_074/5core.json
case_075,5,singlecore,1,1441809,0,1837190,,,,11.419508,0,100,0.001051,AI_VERIFIED,NOT_PROVEN,runs/singlecore/seed0_block100/case_075/5core/problem1.json.gz,100e638ecedd1784a3a4820fc4121317c0f52f0b11e3144fc772bfa1c8e96825,1e298ca7a5a5668acffd5ee4ca2d95bc12680395ff2a5ad61d68676e9166c8ef,results/auto_solve_20260923_120249/fallback_v1,0,0,1.0,4,13.7588,selected_plans/problem1/case_075/5core.json
case_075,5,balanced_greedy,2,1112676,4296600,6133790,,,,0.971258,0,100,0.021848,AI_VERIFIED,NOT_PROVEN,runs/balanced_greedy/seed0_block100/case_075/5core/problem2.json.gz,4da05a8a45806c4d8c8eac4f744cccfdfdd8d0aa0b27ae7a5815bc20eadc1a54,6cbaadf62d4f5b2e4bbd1552e73732b98d795678fa370a7bc630e4461e635056,results/auto_solve_20260923_120249/full_v1,0,0,1.2958030909267388,4,5.217537,selected_plans/problem2/case_075/5core.json
case_075,5,balanced_greedy,3,1112282,4296600,6133790,0.1673025782764938,262.0,1496.0,0.96886,0,100,0.021848,AI_VERIFIED,NOT_PROVEN,runs/balanced_greedy/seed0_block100/case_075/5core/problem3.json.gz,4da05a8a45806c4d8c8eac4f744cccfdfdd8d0aa0b27ae7a5815bc20eadc1a54,db8350375e3bb4dbecadfe6606d16602873917fd55deefa97cbeb99c3f941cb8,results/auto_solve_20260923_120249/full_v1,687632,4110110,1.2962620990000735,4,5.119819000000001,selected_plans/problem3/case_075/5core.json
case_076,5,component_packed,1,1335761,72082432,76353106,,,,13.975633,0,100,0.215854,AI_VERIFIED,NOT_PROVEN,runs/component_packed/seed0_block100/case_076/5core/problem1.json.gz,68819f66cead7e314bd3e376fd2d528294937b71ac24019f7cc27fb1d343818c,b7de84faa5292fd83d0ebb146ac6c374a70309ac2159965968178bf25561ddf5,results/auto_solve_20260923_120249/full_v1,0,0,4.6304039420225624,3,41.518655,selected_plans/problem1/case_076/5core.json
case_076,5,component_aware,2,1250692,36370432,40641106,,,,11.123346,0,100,0.405473,AI_VERIFIED,NOT_PROVEN,runs/component_aware/seed0_block100/case_076/5core/problem2.json.gz,d5ed7bf7b03f64d9b4f5851b63be1a3548b89c28c9c303dd55a9a8e502143c1a,2751f80c6ff94b88bc7465049c181e043c98098d20d458c0f6956fad567bbd22,results/auto_solve_20260923_120249/full_v1,0,0,4.945352652771426,3,34.037552,selected_plans/problem2/case_076/5core.json
case_076,5,component_aware,3,1245796,36370432,40641106,0.5525486935268475,9472.0,16462.0,11.578887,0,100,0.405473,AI_VERIFIED,NOT_PROVEN,runs/component_aware/seed0_block100/case_076/5core/problem3.json.gz,d5ed7bf7b03f64d9b4f5851b63be1a3548b89c28c9c303dd55a9a8e502143c1a,f30ce72c9eb177336f516d9aaf4881f41a9b26dca0eafb69822b495f871da95a,results/auto_solve_20260923_120249/full_v1,22455296,40639488,4.964787974917241,3,34.595348,selected_plans/problem3/case_076/5core.json
case_077,5,component_aware,1,121596,1832564,3973924,,,,0.815875,0,100,0.033389,AI_VERIFIED,NOT_PROVEN,runs/component_aware/seed0_block100/case_077/5core/problem1.json.gz,76a5266ed4496e37736b9a61897775bad6faf8a0af975e146374cedd52b2dabe,4d30b0d45032e1ad1ee111e089eb4c9f56d334f769462eceadbff055ec1cb6f2,results/auto_solve_20260923_120249/full_v1,0,0,4.0734892595151155,3,2.302358,selected_plans/problem1/case_077/5core.json
case_077,5,component_aware,2,110579,172032,2313392,,,,0.658092,0,100,0.033389,AI_VERIFIED,NOT_PROVEN,runs/component_aware/seed0_block100/case_077/5core/problem2.json.gz,76a5266ed4496e37736b9a61897775bad6faf8a0af975e146374cedd52b2dabe,121cf742250ece20e25593819e089c21a077564fa129695d9576697e60b895e6,results/auto_solve_20260923_120249/full_v1,0,0,4.4793315186427805,3,2.16988,selected_plans/problem2/case_077/5core.json
case_077,5,component_aware,3,110274,172032,2313392,0.067284199314224,19.0,357.0,0.70532,0,100,0.033389,AI_VERIFIED,NOT_PROVEN,runs/component_aware/seed0_block100/case_077/5core/problem3.json.gz,76a5266ed4496e37736b9a61897775bad6faf8a0af975e146374cedd52b2dabe,362b547abd82d6b75bddffe79c02dccdc64e56d81e4614394fd879ac704c28b8,results/auto_solve_20260923_120249/full_v1,155648,2313292,4.491720623175,3,2.311908,selected_plans/problem3/case_077/5core.json
case_078,5,component_aware,1,623908,15383424,17728512,,,,0.172544,0,100,0.005104,AI_VERIFIED,NOT_PROVEN,runs/component_aware/seed0_block100/case_078/5core/problem1.json.gz,7c883191617c15447f8a77d58eae6caec62471de13d2c36af599fb5b40935842,e1503bd0953fd2e8c938411e3e1bd0a0421bed9b3d610270ca9ccac2f7c46e9d,results/auto_solve_20260923_120249/full_v1,0,0,3.6802589484347057,3,0.624982,selected_plans/problem1/case_078/5core.json
case_078,5,component_aware,2,663941,13620024,15965112,,,,0.186594,0,100,0.005104,AI_VERIFIED,NOT_PROVEN,runs/component_aware/seed0_block100/case_078/5core/problem2.json.gz,7c883191617c15447f8a77d58eae6caec62471de13d2c36af599fb5b40935842,b98c037635ebd1c1b8975ce904795b62039b47abc84f033fb8c654be124d3431,results/auto_solve_20260923_120249/full_v1,0,0,3.458353980248245,3,0.587408,selected_plans/problem2/case_078/5core.json
case_078,5,component_aware,3,578013,13620024,15965112,0.3436139140273204,99.0,350.0,0.196359,0,100,0.005104,AI_VERIFIED,NOT_PROVEN,runs/component_aware/seed0_block100/case_078/5core/problem3.json.gz,7c883191617c15447f8a77d58eae6caec62471de13d2c36af599fb5b40935842,ebc9793555d3934dd0fcb2380f13d36dd5974da3ddda9a42ba08137aa0803127,results/auto_solve_20260923_120249/full_v1,5452056,15866808,3.9724763975896735,3,0.748309,selected_plans/problem3/case_078/5core.json
case_079,5,component_aware,1,6063684,91508736,100859904,,,,4.755766,0,100,0.131835,AI_VERIFIED,NOT_PROVEN,runs/component_aware/seed0_block100/case_079/5core/problem1.json.gz,38b7c2e7956ee68378f86efbcf4bc95e847a7034d383f8bb3e8791d7e5b3924c,c34d55b8535f2fee422e11f89f33093c7451c2db143ba62ed4ff94c0c9c69669,results/auto_solve_20260923_120249/full_v1,0,0,5.121020653450938,3,15.1778,selected_plans/problem1/case_079/5core.json
case_079,5,component_aware,2,6075976,47677440,57028608,,,,5.226219,0,100,0.131835,AI_VERIFIED,NOT_PROVEN,runs/component_aware/seed0_block100/case_079/5core/problem2.json.gz,38b7c2e7956ee68378f86efbcf4bc95e847a7034d383f8bb3e8791d7e5b3924c,759eb71e0e5ca572c4f991b68c0578fadc98871e564e08d827f0bbb7d2f1c3d9,results/auto_solve_20260923_120249/full_v1,0,0,5.110660575354478,3,17.063077,selected_plans/problem2/case_079/5core.json
case_079,5,component_aware,3,6075472,47677440,57028608,0.2441611149398882,2199.0,11574.0,5.083608,0,100,0.131835,AI_VERIFIED,NOT_PROVEN,runs/component_aware/seed0_block100/case_079/5core/problem3.json.gz,38b7c2e7956ee68378f86efbcf4bc95e847a7034d383f8bb3e8791d7e5b3924c,5554d9f16c2bb3050e6d9a1c10059cc6b237ee63e955e2262477029f5921e84b,results/auto_solve_20260923_120249/full_v1,13060096,53489664,5.111084537958532,3,15.98592,selected_plans/problem3/case_079/5core.json
case_080,5,component_aware,1,119170,4952064,6930432,,,,0.137007,0,100,0.006468,AI_VERIFIED,NOT_PROVEN,runs/component_aware/seed0_block100/case_080/5core/problem1.json.gz,58b8ec15c088f34ff805db60a476e0f06a464b0ebafd8efbd6223f49d95af0bf,176321fb24f3392e181c69a382a41d4fc07315929348926f2d9f3eea163a226f,results/auto_solve_20260923_120249/full_v1,0,0,2.45143912058404,3,0.482714,selected_plans/problem1/case_080/5core.json
case_080,5,component_aware,2,113455,4571136,6549504,,,,0.130235,0,100,0.006468,AI_VERIFIED,NOT_PROVEN,runs/component_aware/seed0_block100/case_080/5core/problem2.json.gz,58b8ec15c088f34ff805db60a476e0f06a464b0ebafd8efbd6223f49d95af0bf,a0ca7c081e4dad6847e5f175d637ff1970e8e2d8b4bc4692ccfd7363de9f1fb4,results/auto_solve_20260923_120249/full_v1,0,0,2.574923978669957,3,0.406728,selected_plans/problem2/case_080/5core.json
case_080,5,component_aware,3,90408,4571136,6549504,0.3440860215053763,380.0,1023.0,0.14073,0,100,0.006468,AI_VERIFIED,NOT_PROVEN,runs/component_aware/seed0_block100/case_080/5core/problem3.json.gz,58b8ec15c088f34ff805db60a476e0f06a464b0ebafd8efbd6223f49d95af0bf,a984616b8a567c02ede6c16ee7fe8d745d5dc1c6533d399fa61592b2d8353a95,results/auto_solve_20260923_120249/full_v1,2228224,6475776,3.2313290859215997,3,0.4315839999999999,selected_plans/problem3/case_080/5core.json
case_081,5,component_packed,1,36527,0,1741140,,,,0.317724,0,100,0.013586,AI_VERIFIED,NOT_PROVEN,runs/component_packed/seed0_block100/case_081/5core/problem1.json.gz,d34c4752bb19c2f177999a4471d682793fe2afc3ec373cce088037b00520f6df,992aeb4df8aa98a062b8f18b589dd160ccfe5fb75091612708511031e84c83a6,results/auto_solve_20260923_120249/full_v1,0,0,4.155693048977469,3,1.016638,selected_plans/problem1/case_081/5core.json
case_081,5,component_aware,2,30943,0,1741140,,,,0.374821,0,100,0.015021,AI_VERIFIED,NOT_PROVEN,runs/component_aware/seed0_block100/case_081/5core/problem2.json.gz,a6abafcff637226dcd34c3b16771ea19e5550773ce821c075074e6751a72a33e,a9934805fe3ec2018f4306d1c9dc40afafbc84babb3194db6f130fe88a3726e8,results/auto_solve_20260923_120249/full_v1,0,0,4.905632937982743,3,1.142372,selected_plans/problem2/case_081/5core.json
case_081,5,component_aware,3,30943,0,1741140,0.0,0.0,680.0,0.357186,0,100,0.015021,AI_VERIFIED,NOT_PROVEN,runs/component_aware/seed0_block100/case_081/5core/problem3.json.gz,a6abafcff637226dcd34c3b16771ea19e5550773ce821c075074e6751a72a33e,f406215842dbb8d1f4fce3aba7fb2f82338a29356466ad546c1f73ab1ff16023,results/auto_solve_20260923_120249/full_v1,0,1044820,4.905632937982743,3,1.147259,selected_plans/problem3/case_081/5core.json
case_082,5,singlecore,1,721041,0,592006,,,,3.039115,0,100,0.001975,AI_VERIFIED,NOT_PROVEN,runs/singlecore/seed0_block100/case_082/5core/problem1.json.gz,550b7a2b6caeb721ad12067097c55e76217137db8394d90eda00e4f7275701ec,8d01c4a8273579462f8ecaccbbaa59602e0cd5e824e74b62359786ad7acf21f0,results/auto_solve_20260923_120249/fallback_v1,0,0,1.0,4,4.301532,selected_plans/problem1/case_082/5core.json
case_082,5,balanced_greedy,2,503204,2544438,3136444,,,,0.494354,0,100,0.014738,AI_VERIFIED,NOT_PROVEN,runs/balanced_greedy/seed0_block100/case_082/5core/problem2.json.gz,22645f5cedf08321e934bd5cd0cb82d528bac74fa35cf79765b9fe05c4dcb1db,b55e2644ccb71b2c052ac2977e66bf53f130908a24f1c62ad5889bfd0d8f593f,results/auto_solve_20260923_120249/full_v1,0,0,1.432899976947719,4,2.175135,selected_plans/problem2/case_082/5core.json
case_082,5,balanced_greedy,3,503074,2544438,3136444,0.2559335203430507,204.0,842.0,0.465071,0,100,0.014738,AI_VERIFIED,NOT_PROVEN,runs/balanced_greedy/seed0_block100/case_082/5core/problem3.json.gz,22645f5cedf08321e934bd5cd0cb82d528bac74fa35cf79765b9fe05c4dcb1db,e8def1ab6c91f9bb1f420c81987fa285d127298ccd21b8d8fc2ad2fbd6c4540e,results/auto_solve_20260923_120249/full_v1,490126,1915052,1.4332702544754847,4,2.180063,selected_plans/problem3/case_082/5core.json
case_083,5,component_aware,1,552268,28673856,30112160,,,,0.415851,0,100,0.01527,AI_VERIFIED,NOT_PROVEN,runs/component_aware/seed0_block100/case_083/5core/problem1.json.gz,bd21190cacf2c2766477152dd335de902046480af8fa85d7447e3066111943cb,6f870372bc2d59a71df3f89da62c57da5ec4a522fa6f6abd62e6b0dcea2cd6fe,results/auto_solve_20260923_120249/full_v1,0,0,1.9157238876777216,3,1.419204,selected_plans/problem1/case_083/5core.json
case_083,5,component_aware,2,442480,15058048,16496352,,,,0.353951,0,100,0.01527,AI_VERIFIED,NOT_PROVEN,runs/component_aware/seed0_block100/case_083/5core/problem2.json.gz,bd21190cacf2c2766477152dd335de902046480af8fa85d7447e3066111943cb,9576a4da9e64d451ee2bc7bafd7238eda277c2817ee1b28829803a490cafd749,results/auto_solve_20260923_120249/full_v1,0,0,2.3910527029470257,3,1.1837300000000002,selected_plans/problem2/case_083/5core.json
case_083,5,component_aware,3,310731,15058048,16496352,0.6756744500592479,386.0,679.0,0.339186,0,100,0.01527,AI_VERIFIED,NOT_PROVEN,runs/component_aware/seed0_block100/case_083/5core/problem3.json.gz,bd21190cacf2c2766477152dd335de902046480af8fa85d7447e3066111943cb,fb3e4d98451832505ea0dfa746dde862b038578c527a763499361b9d51e1d89b,results/auto_solve_20260923_120249/full_v1,10966272,16230112,3.40485178498444,3,1.170508,selected_plans/problem3/case_083/5core.json
case_084,5,component_packed,1,518432,0,13236330,,,,1.504473,0,100,0.050603,AI_VERIFIED,NOT_PROVEN,runs/component_packed/seed0_block100/case_084/5core/problem1.json.gz,14b43d29be52dc040ee7ae137a174b11a8076cae59952ccb78cbc5d87a9bc51b,f90f89f4104d82086bf6a8cbfcbe920d1c65916d612c0223a38ccfac25bb5be0,results/auto_solve_20260923_120249/full_v1,0,0,4.836530152459725,3,8.677133,selected_plans/problem1/case_084/5core.json
case_084,5,component_aware,2,503472,0,13236330,,,,1.723846,0,100,0.093588,AI_VERIFIED,NOT_PROVEN,runs/component_aware/seed0_block100/case_084/5core/problem2.json.gz,998f99187e455def3a7b349c9616d532b9c6ccc0d35c4c5bc45ded7939076a5f,f4d353c8886506db5e0eb78448d861069d8ad09c2915b43ec421d0ab7876a325,results/auto_solve_20260923_120249/full_v1,0,0,4.98024120507198,3,5.264822000000001,selected_plans/problem2/case_084/5core.json
case_084,5,component_aware,3,503472,0,13236330,0.0,0.0,4308.0,1.74623,0,100,0.093588,AI_VERIFIED,NOT_PROVEN,runs/component_aware/seed0_block100/case_084/5core/problem3.json.gz,998f99187e455def3a7b349c9616d532b9c6ccc0d35c4c5bc45ded7939076a5f,81c0d397138407279c8f6231d5aff1141ba801bc9a58a225085ca39c7f7c0a97,results/auto_solve_20260923_120249/full_v1,0,9927786,4.98024120507198,3,5.338493,selected_plans/problem3/case_084/5core.json
case_085,5,singlecore,1,3187899,0,1689734,,,,79.404173,0,100,0.001982,AI_VERIFIED,NOT_PROVEN,runs/singlecore/seed0_block100/case_085/5core/problem1.json.gz,4ba7a2f2078989c0a6edfa10e0ac20f2c41e734d3695b27ca7adf6a687fef434,0185edc5c85cba16fea44063b9a0dd21106f0578a2da93fffbaf5a349b65498d,results/auto_solve_20260923_120249/fallback_v1,0,0,1.0,4,90.095623,selected_plans/problem1/case_085/5core.json
case_085,5,balanced_greedy,2,2257354,12292120,13981854,,,,4.789266,0,100,0.101406,AI_VERIFIED,NOT_PROVEN,runs/balanced_greedy/seed0_block100/case_085/5core/problem2.json.gz,1991a2f540654d5f0ec9861e13e58f5c9bcfccc8e15c95cb07beffe30242b614,b0d211ef3f0accb4a0dc4b984745db656de4a00fa50716c7a859847fafcb9f3f,results/auto_solve_20260923_120249/full_v1,0,0,1.4122282105509372,4,22.460892,selected_plans/problem2/case_085/5core.json
case_085,5,balanced_greedy,3,2255376,12292120,13981854,0.2722041480427349,886.0,3765.0,4.518785,0,100,0.101406,AI_VERIFIED,NOT_PROVEN,runs/balanced_greedy/seed0_block100/case_085/5core/problem3.json.gz,1991a2f540654d5f0ec9861e13e58f5c9bcfccc8e15c95cb07beffe30242b614,1b8957b573b26e18472e89b24cf41384a5d47f7d8f8f053bae9fe435d1871194,results/auto_solve_20260923_120249/full_v1,2201996,8089502,1.4134667567625088,4,21.763153,selected_plans/problem3/case_085/5core.json
case_086,5,singlecore,1,118403,0,338022,,,,4.949778,0,100,0.000732,AI_VERIFIED,NOT_PROVEN,runs/singlecore/seed0_block100/case_086/5core/problem1.json.gz,b05429a9c922c3032056b62f019830425c6c99a136c9dbf0869bed028fa871e0,6b86075974e044127103a1bd2a6fac94ebfe2bacd799df60914262ea51b7b177,results/auto_solve_20260923_120249/fallback_v1,0,0,1.0,4,6.955525000000001,selected_plans/problem1/case_086/5core.json
case_086,5,balanced_greedy,2,106552,1937780,2275802,,,,0.737298,0,100,0.023139,AI_VERIFIED,NOT_PROVEN,runs/balanced_greedy/seed0_block100/case_086/5core/problem2.json.gz,faa6451d84754bc9295c02b225f895853fec4154652a1b36fcef85f5a7b5e332,805b36b65c7ae6c057f40f7ce2ab44ac329e23f925361b63912951be60e42387,results/auto_solve_20260923_120249/full_v1,0,0,1.1112226893910957,4,3.29213,selected_plans/problem2/case_086/5core.json
case_086,5,balanced_greedy,3,105591,1937780,2275802,0.2969025161204991,290.0,1072.0,0.694276,0,100,0.023139,AI_VERIFIED,NOT_PROVEN,runs/balanced_greedy/seed0_block100/case_086/5core/problem3.json.gz,faa6451d84754bc9295c02b225f895853fec4154652a1b36fcef85f5a7b5e332,34477414a022fd0a7be86595964898ccdc2e525302fc1a530181b5e2f88dc2f5,results/auto_solve_20260923_120249/full_v1,399572,1345802,1.121336098720535,4,3.120117,selected_plans/problem3/case_086/5core.json
case_087,5,component_aware,1,855441,33595398,39514496,,,,7.387393,0,100,0.186087,AI_VERIFIED,NOT_PROVEN,runs/component_aware/seed0_block100/case_087/5core/problem1.json.gz,35492110fd7c2cf308840e231281b32938ba2d1b14cbfd623c9973a2e5d2b46a,e5f7010cc763be63e823a24292a80bdaaaa2e120b9f8adaba8f31517c123033c,results/auto_solve_20260923_120249/full_v1,0,0,4.645640085055544,3,19.391881,selected_plans/problem1/case_087/5core.json
case_087,5,component_aware,2,863298,12685824,18604922,,,,6.80292,0,100,0.186087,AI_VERIFIED,NOT_PROVEN,runs/component_aware/seed0_block100/case_087/5core/problem2.json.gz,35492110fd7c2cf308840e231281b32938ba2d1b14cbfd623c9973a2e5d2b46a,1ea299becc5be7309646bebffc127518123fcfe14188c971fd1eaa196700387b,results/auto_solve_20260923_120249/full_v1,0,0,4.603359442510002,3,20.983621,selected_plans/problem2/case_087/5core.json
case_087,5,component_aware,3,862051,12685824,18604922,0.3036580166484381,1226.0,3656.0,6.890984,0,100,0.186087,AI_VERIFIED,NOT_PROVEN,runs/component_aware/seed0_block100/case_087/5core/problem3.json.gz,35492110fd7c2cf308840e231281b32938ba2d1b14cbfd623c9973a2e5d2b46a,ce65e4f0641b108a193cbbf1f6fafcad450cc022e37f47ac8a7572915fb8099e,results/auto_solve_20260923_120249/full_v1,5649408,18604508,4.610018432784139,3,21.414553,selected_plans/problem3/case_087/5core.json
case_088,5,component_aware,1,208600,918308,2748106,,,,0.306867,0,100,0.01741,AI_VERIFIED,NOT_PROVEN,runs/component_aware/seed0_block100/case_088/5core/problem1.json.gz,22a9ce38161b38b6147bcffd66f255dc56af7e0950948ba679a963589ee04b9c,4f553e77849e41dd642ade2fc5fca25c9099aff80869b91a00da94649b35dda3,results/auto_solve_20260923_120249/full_v1,0,0,1.167895493767977,3,0.938455,selected_plans/problem1/case_088/5core.json
case_088,5,component_packed,2,184852,900916,2730714,,,,0.314311,0,100,0.011788,AI_VERIFIED,NOT_PROVEN,runs/component_packed/seed0_block100/case_088/5core/problem2.json.gz,19cea4e69b36cf861b530b0ee1b150b7dc9446be82dba10bb5193060895739c3,ed1d4832d10b5d6862533a5c141f342068ce4134176aec90fa810fb49d33d69b,results/auto_solve_20260923_120249/full_v1,0,0,1.3179354294246208,3,0.983219,selected_plans/problem2/case_088/5core.json
case_088,5,component_packed,3,184275,900916,2730714,0.1127821638350281,70.0,625.0,0.317253,0,100,0.011788,AI_VERIFIED,NOT_PROVEN,runs/component_packed/seed0_block100/case_088/5core/problem3.json.gz,19cea4e69b36cf861b530b0ee1b150b7dc9446be82dba10bb5193060895739c3,baaf6956ee540a28c5a751ffc7d8bb3ca763f8ac6d54eeb28cb271947c30be28,results/auto_solve_20260923_120249/full_v1,267852,2374950,1.322062135395469,3,0.98833,selected_plans/problem3/case_088/5core.json
case_089,5,component_aware,1,216836,9883520,10449920,,,,0.565783,0,100,0.023907,AI_VERIFIED,NOT_PROVEN,runs/component_aware/seed0_block100/case_089/5core/problem1.json.gz,dcde637dee8fc5b9b4a7044fd9a4b258922b48c0fbb0c46a40cee6f50607b9d4,f9fbf800d986dbd23b4b5bb6b8c8ff2b303cc624783c29eecb2cb1740bd92142,results/auto_solve_20260923_120249/full_v1,0,0,3.196388053644229,3,1.910926,selected_plans/problem1/case_089/5core.json
case_089,5,component_aware,2,147432,954880,1521280,,,,0.449669,0,100,0.023907,AI_VERIFIED,NOT_PROVEN,runs/component_aware/seed0_block100/case_089/5core/problem2.json.gz,dcde637dee8fc5b9b4a7044fd9a4b258922b48c0fbb0c46a40cee6f50607b9d4,e25588de25a235bd1f2acaa170dc24979f0f3628bb3d09826af1e199c52eea5d,results/auto_solve_20260923_120249/full_v1,0,0,4.701096098540344,3,1.462692,selected_plans/problem2/case_089/5core.json
case_089,5,component_aware,3,147432,954880,1521280,0.0,0.0,310.0,0.411499,0,100,0.023907,AI_VERIFIED,NOT_PROVEN,runs/component_aware/seed0_block100/case_089/5core/problem3.json.gz,dcde637dee8fc5b9b4a7044fd9a4b258922b48c0fbb0c46a40cee6f50607b9d4,f669d962373df791365e532d90f12b6022c5ee7cffe178baa6e0b75e766e3794,results/auto_solve_20260923_120249/full_v1,0,1357440,4.701096098540344,3,1.408328,selected_plans/problem3/case_089/5core.json
case_090,5,component_aware,1,524212,25921536,28149888,,,,0.153396,0,100,0.005634,AI_VERIFIED,NOT_PROVEN,runs/component_aware/seed0_block100/case_090/5core/problem1.json.gz,724084e22dd0a7764d205e5cc10667ea3a61c918ad315b1905160ae654909079,dfafa527aa1fb03171d2d2bfaf52e47795d6252b646470822ab85eb36bff6d79,results/auto_solve_20260923_120249/full_v1,0,0,2.247874905572554,3,0.529699,selected_plans/problem1/case_090/5core.json
case_090,5,component_aware,2,542638,21724704,23953056,,,,0.132258,0,100,0.005634,AI_VERIFIED,NOT_PROVEN,runs/component_aware/seed0_block100/case_090/5core/problem2.json.gz,724084e22dd0a7764d205e5cc10667ea3a61c918ad315b1905160ae654909079,18a3b242ca4788ed31f7fb98981d0967f3e0f5c15a7947618a9aaec29a227d10,results/auto_solve_20260923_120249/full_v1,0,0,2.171545302761694,3,0.456774,selected_plans/problem2/case_090/5core.json
case_090,5,component_aware,3,509924,21724704,23953056,0.0814117103916176,54.0,472.0,0.136989,0,100,0.005634,AI_VERIFIED,NOT_PROVEN,runs/component_aware/seed0_block100/case_090/5core/problem3.json.gz,724084e22dd0a7764d205e5cc10667ea3a61c918ad315b1905160ae654909079,56512c6c4e58eb4e8710eea3029a46aed1c4cae84108426b6e7c32f75fcb2d0f,results/auto_solve_20260923_120249/full_v1,1946808,23913120,2.3108600497329013,3,0.458812,selected_plans/problem3/case_090/5core.json
case_091,5,component_aware,1,2026751,112333832,118911488,,,,14.146265,0,100,0.29969,AI_VERIFIED,NOT_PROVEN,runs/component_aware/seed0_block100/case_091/5core/problem1.json.gz,f37244cb667bbe94ebcc88aafec469cb1956249db97647899d08ca509ea6e241,ed96304c683abe3d7642cd19b506d20237df3e60083b8ec1fd0299bb22542db4,results/auto_solve_20260923_120249/full_v1,0,0,4.532756613910638,3,38.866204,selected_plans/problem1/case_091/5core.json
case_091,5,component_aware,2,1907387,74037760,80615416,,,,10.854988,0,100,0.29969,AI_VERIFIED,NOT_PROVEN,runs/component_aware/seed0_block100/case_091/5core/problem2.json.gz,f37244cb667bbe94ebcc88aafec469cb1956249db97647899d08ca509ea6e241,3d8a7a3223b90274f04616a14f640a7edb694637924828528d9b7b947f9b4b7b,results/auto_solve_20260923_120249/full_v1,0,0,4.816415861070669,3,33.4547,selected_plans/problem2/case_091/5core.json
case_091,5,component_aware,3,1867789,74037760,80615416,0.4925970642435026,9194.0,19162.0,10.712209,0,100,0.29969,AI_VERIFIED,NOT_PROVEN,runs/component_aware/seed0_block100/case_091/5core/problem3.json.gz,f37244cb667bbe94ebcc88aafec469cb1956249db97647899d08ca509ea6e241,311241c6587f2311b7fef342131026cf74559ad6e870ccc6818ea711ccf7d774,results/auto_solve_20260923_120249/full_v1,39690240,80573440,4.9185261290220685,3,32.646003,selected_plans/problem3/case_091/5core.json
case_092,5,component_aware,1,2481700,134676192,137933120,,,,3.461791,0,100,0.115981,AI_VERIFIED,NOT_PROVEN,runs/component_aware/seed0_block100/case_092/5core/problem1.json.gz,7445681cd4aa364302288394d94464ad0b5b8ab10e54277d1b778add35bc8e7f,4488b43e015eab8c4110c6c24cb893e2ff53f5310f13926e36a4a453f1390e94,results/auto_solve_20260923_120249/full_v1,0,0,1.9404255147681024,3,11.144683,selected_plans/problem1/case_092/5core.json
case_092,5,component_aware,2,1649430,66980256,70237184,,,,3.684749,0,100,0.115981,AI_VERIFIED,NOT_PROVEN,runs/component_aware/seed0_block100/case_092/5core/problem2.json.gz,7445681cd4aa364302288394d94464ad0b5b8ab10e54277d1b778add35bc8e7f,2168e06f2d87882620083bb452b447085bbd8e6566bd828ae8fec147c9f58128,results/auto_solve_20260923_120249/full_v1,0,0,2.919526139332982,3,11.27837,selected_plans/problem2/case_092/5core.json
case_092,5,component_aware,3,1351088,66980256,70237184,0.580675424788359,3274.0,5070.0,3.541633,0,100,0.115981,AI_VERIFIED,NOT_PROVEN,runs/component_aware/seed0_block100/case_092/5core/problem3.json.gz,7445681cd4aa364302288394d94464ad0b5b8ab10e54277d1b778add35bc8e7f,61db7b7f3da10ebc6bd3589da23f1debc8be35037e01a20d85f3f099056cb1fd,results/auto_solve_20260923_120249/full_v1,39473888,67979264,3.5642045521831296,3,10.867731,selected_plans/problem3/case_092/5core.json
case_093,5,balanced_greedy,1,16879,73728,788480,,,,0.05842,0,100,0.001976,AI_VERIFIED,NOT_PROVEN,runs/balanced_greedy/seed0_block100/case_093/5core/problem1.json.gz,52b22d4dba47b5ad0051be07744e06daa0549c03ed8804861f2fc584d764175c,6d1097a8b2aab59d5dc3a144935370bd0bd9ea09115420a21d7f374920b4263b,results/auto_solve_20260923_120249/full_v1,0,0,4.396291249481604,3,0.2160139999999999,selected_plans/problem1/case_093/5core.json
case_093,5,balanced_greedy,2,15876,32768,747520,,,,0.048804,0,100,0.001976,AI_VERIFIED,NOT_PROVEN,runs/balanced_greedy/seed0_block100/case_093/5core/problem2.json.gz,52b22d4dba47b5ad0051be07744e06daa0549c03ed8804861f2fc584d764175c,0c634626bdea0515101c63f0f9bbd247d482869f8ff4cd61382eebe9146e852d,results/auto_solve_20260923_120249/full_v1,0,0,4.674036281179139,3,0.154576,selected_plans/problem2/case_093/5core.json
case_093,5,balanced_greedy,3,15876,32768,747520,0.0,0.0,296.0,0.051798,0,100,0.001976,AI_VERIFIED,NOT_PROVEN,runs/balanced_greedy/seed0_block100/case_093/5core/problem3.json.gz,52b22d4dba47b5ad0051be07744e06daa0549c03ed8804861f2fc584d764175c,f9307962db5ee5951a335cebaaec0daf93401cd84f37a24cf53a378ea63f7b53,results/auto_solve_20260923_120249/full_v1,0,606208,4.674036281179139,3,0.158489,selected_plans/problem3/case_093/5core.json
case_094,5,component_packed,1,23284,443232,969924,,,,0.083473,0,100,0.002601,AI_VERIFIED,NOT_PROVEN,runs/component_packed/seed0_block100/case_094/5core/problem1.json.gz,29cfd5d4dca60283424b2b1833c9bc93de547d0ce77dcd74dec7b25462376d11,8da90245346d57b77870a3ffe95c48dc7e209cf4dac894b54adb06c7968e4d90,results/auto_solve_20260923_120249/full_v1,0,0,4.075416595086755,3,0.206888,selected_plans/problem1/case_094/5core.json
case_094,5,component_aware,2,19791,424800,951492,,,,0.052911,0,100,0.002653,AI_VERIFIED,NOT_PROVEN,runs/component_aware/seed0_block100/case_094/5core/problem2.json.gz,b49e83df455d1f87f41e236db15d22df67ed2b24a21405a677c1450953e96117,a86e3c923691b79b47b6ac0e144308de6c19351a7d452921c634b9fe841ac810,results/auto_solve_20260923_120249/full_v1,0,0,4.7947046637360415,3,0.161613,selected_plans/problem2/case_094/5core.json
case_094,5,component_aware,3,19791,424800,951492,0.2066490501356949,21.0,159.0,0.051267,0,100,0.002653,AI_VERIFIED,NOT_PROVEN,runs/component_aware/seed0_block100/case_094/5core/problem3.json.gz,b49e83df455d1f87f41e236db15d22df67ed2b24a21405a677c1450953e96117,bc8fe10f20a7cac3eb80332ba4fe948a5a0871fee53ba952b1fed493e5585fb0,results/auto_solve_20260923_120249/full_v1,185184,896128,4.7947046637360415,3,0.177781,selected_plans/problem3/case_094/5core.json
case_095,5,component_packed,1,432367,0,11355036,,,,0.556123,0,100,0.01834,AI_VERIFIED,NOT_PROVEN,runs/component_packed/seed0_block100/case_095/5core/problem1.json.gz,6007104e3224d194123b32c892ed8b05da0d17aee6d04f0a58d393b71752a8ae,53cae5af9bb00b4c3e2e70d425dec2c581114eebeba86dc3b02c8eb7d3608787,results/auto_solve_20260923_120249/full_v1,0,0,4.821952184139863,3,2.408741,selected_plans/problem1/case_095/5core.json
case_095,5,component_aware,2,420852,0,11355036,,,,0.553551,0,100,0.028364,AI_VERIFIED,NOT_PROVEN,runs/component_aware/seed0_block100/case_095/5core/problem2.json.gz,116880c8bad1b9ab3f4731831847e53097ea7d2e3cc6f12518905f6d8a23ade6,20e6663f9876fcee58d4acd7183d7a2e93f59170297abdc03e9fe739067f197b,results/auto_solve_20260923_120249/full_v1,0,0,4.953886401870491,3,1.679023,selected_plans/problem2/case_095/5core.json
case_095,5,component_aware,3,420852,0,11355036,0.0,0.0,1848.0,0.567483,0,100,0.028364,AI_VERIFIED,NOT_PROVEN,runs/component_aware/seed0_block100/case_095/5core/problem3.json.gz,116880c8bad1b9ab3f4731831847e53097ea7d2e3cc6f12518905f6d8a23ade6,f818f4aebfdcd8efaf03a8f895f3e32d3b35faa8c8e4eb8c5d8084598cbd2701,results/auto_solve_20260923_120249/full_v1,0,8516508,4.953886401870491,3,1.754318,selected_plans/problem3/case_095/5core.json
case_096,5,component_aware,1,27976,837964,1057522,,,,0.130573,0,100,0.005288,AI_VERIFIED,NOT_PROVEN,runs/component_aware/seed0_block100/case_096/5core/problem1.json.gz,31ebdd77483bce44515ba6155932c8f98481fa1656d35502cddae06ea4deb7ae,99a8502ccf5c9af2db812919f0b8c4484d7238bf06efd2ed1118e82be8868f8d,results/auto_solve_20260923_120249/full_v1,0,0,3.0095081498427225,3,0.363295,selected_plans/problem1/case_096/5core.json
case_096,5,component_aware,2,27053,145728,365286,,,,0.089178,0,100,0.005288,AI_VERIFIED,NOT_PROVEN,runs/component_aware/seed0_block100/case_096/5core/problem2.json.gz,31ebdd77483bce44515ba6155932c8f98481fa1656d35502cddae06ea4deb7ae,a7898d5df0c61b15111bffc3bf329e98d268cb29f0aa1d373dcecd59dd759c95,results/auto_solve_20260923_120249/full_v1,0,0,3.112187188112224,3,0.2868549999999999,selected_plans/problem2/case_096/5core.json
case_096,5,component_aware,3,27053,145728,365286,0.0986999561782981,14.0,134.0,0.093827,0,100,0.005288,AI_VERIFIED,NOT_PROVEN,runs/component_aware/seed0_block100/case_096/5core/problem3.json.gz,31ebdd77483bce44515ba6155932c8f98481fa1656d35502cddae06ea4deb7ae,f648a7147c7e063ff13d2ff6b43d3aaef615f881b1ad9499fdf9d191fe3108f8,results/auto_solve_20260923_120249/full_v1,35136,355988,3.112187188112224,3,0.305489,selected_plans/problem3/case_096/5core.json
case_097,5,component_aware,1,2175196,32964608,38010880,,,,1.306196,0,100,0.028207,AI_VERIFIED,NOT_PROVEN,runs/component_aware/seed0_block100/case_097/5core/problem1.json.gz,5032efaf566c8cafdd3b6ca0f2141b8381bc3a0a44432ab0dec894ceb2b2fb18,ddfef1f6246800febd72a7ee8d4a4044103a1810c5935112ffd3aa488b1f7562,results/auto_solve_20260923_120249/full_v1,0,0,5.282976338683962,3,4.205966,selected_plans/problem1/case_097/5core.json
case_097,5,component_aware,2,2102348,21311488,26357760,,,,1.326596,0,100,0.028207,AI_VERIFIED,NOT_PROVEN,runs/component_aware/seed0_block100/case_097/5core/problem2.json.gz,5032efaf566c8cafdd3b6ca0f2141b8381bc3a0a44432ab0dec894ceb2b2fb18,1556279c93b6b367c689e7e6c1f06e373607d6706cfafd1a403592b63cd7a978,results/auto_solve_20260923_120249/full_v1,0,0,5.466035594487687,3,3.95805,selected_plans/problem2/case_097/5core.json
case_097,5,component_aware,3,2102250,21311488,26357760,0.245234662822361,1028.0,5203.0,1.313584,0,100,0.028207,AI_VERIFIED,NOT_PROVEN,runs/component_aware/seed0_block100/case_097/5core/problem3.json.gz,5032efaf566c8cafdd3b6ca0f2141b8381bc3a0a44432ab0dec894ceb2b2fb18,140cc96ab64f4cc751499ba80cff5a3e193f85100f84976daa10cabcf5ba6498,results/auto_solve_20260923_120249/full_v1,6270976,25571328,5.466290403139493,3,3.900869,selected_plans/problem3/case_097/5core.json
case_098,5,component_aware,1,92591,835664,1533658,,,,0.147027,0,100,0.005795,AI_VERIFIED,NOT_PROVEN,runs/component_aware/seed0_block100/case_098/5core/problem1.json.gz,75e6863d20d926c547c9c0a56c623b4a7fd2217be1d782b4362a1eab8dac75ff,b8cf3dd924a7bcfd7771a41895bc1e7cbabe50125113081f18c13ccc2d470843,results/auto_solve_20260923_120249/full_v1,0,0,1.9162769599637113,3,0.415225,selected_plans/problem1/case_098/5core.json
case_098,5,component_aware,2,90578,0,697994,,,,0.103044,0,100,0.005795,AI_VERIFIED,NOT_PROVEN,runs/component_aware/seed0_block100/case_098/5core/problem2.json.gz,75e6863d20d926c547c9c0a56c623b4a7fd2217be1d782b4362a1eab8dac75ff,92064e06da5abcce9bf23eea0589e42060cad4eba63eeea54b7e45adef4cb711,results/auto_solve_20260923_120249/full_v1,0,0,1.9588641833557816,3,0.3423,selected_plans/problem2/case_098/5core.json
case_098,5,component_aware,3,90578,0,697994,0.0,0.0,147.0,0.103233,0,100,0.005795,AI_VERIFIED,NOT_PROVEN,runs/component_aware/seed0_block100/case_098/5core/problem3.json.gz,75e6863d20d926c547c9c0a56c623b4a7fd2217be1d782b4362a1eab8dac75ff,5ad9ff4debe27e804097c10e59a553e42e3a02b0c1337de8074a399818f287e9,results/auto_solve_20260923_120249/full_v1,0,697912,1.9588641833557816,3,0.350192,selected_plans/problem3/case_098/5core.json
case_099,5,component_packed,1,397505,19818624,22352660,,,,1.743542,0,100,0.032157,AI_VERIFIED,NOT_PROVEN,runs/component_packed/seed0_block100/case_099/5core/problem1.json.gz,420478bb838f003e24fa3165baf5ebfa37e3db1aadf7a64fc9f6926889d920ea,4371c9ed9b54e4b6d702f888edfad5b49b50542e0ef7fa05dcd8af14ccf1c82f,results/auto_solve_20260923_120249/full_v1,0,0,4.082964994151017,3,4.387553,selected_plans/problem1/case_099/5core.json
case_099,5,component_aware,2,338934,10567680,13101716,,,,1.018325,0,100,0.042016,AI_VERIFIED,NOT_PROVEN,runs/component_aware/seed0_block100/case_099/5core/problem2.json.gz,9c354a19c3f595f58bc77bbe1e39e8e6ab76d1dce6f9794315fce4eaaa04b66a,016190affa4039d2c0905176d9feaafae09c7e53f0add4f6d42e7b0b1dfcd689,results/auto_solve_20260923_120249/full_v1,0,0,4.788539951731016,3,3.040878,selected_plans/problem2/case_099/5core.json
case_099,5,component_packed,3,335102,10651776,13185812,0.5379443683387255,1653.0,3067.0,0.928171,0,100,0.032157,AI_VERIFIED,NOT_PROVEN,runs/component_packed/seed0_block100/case_099/5core/problem3.json.gz,420478bb838f003e24fa3165baf5ebfa37e3db1aadf7a64fc9f6926889d920ea,80234d445b43101d98279e6dc327ec9fc74a600d5aec9981b29ff44df7998b93,results/auto_solve_20260923_120249/full_v1,7087232,13174656,4.843298458379836,3,2.897061,selected_plans/problem3/case_099/5core.json
case_100,5,component_aware,1,60753,1026140,1480738,,,,0.159842,0,100,0.008358,AI_VERIFIED,NOT_PROVEN,runs/component_aware/seed0_block100/case_100/5core/problem1.json.gz,4d4339f42a0e398d7eec17500c2104666113fb5a0d9512841919db3f2e0caf92,a9e3ed88ed6b76c725f7591858043f7cdcd89236c8f03910adde54f54b5581da,results/auto_solve_20260923_120249/full_v1,0,0,2.4891445689924776,3,0.435606,selected_plans/problem1/case_100/5core.json
case_100,5,component_aware,2,60181,216576,671174,,,,0.106258,0,100,0.008358,AI_VERIFIED,NOT_PROVEN,runs/component_aware/seed0_block100/case_100/5core/problem2.json.gz,4d4339f42a0e398d7eec17500c2104666113fb5a0d9512841919db3f2e0caf92,ffd266ec4f7f5a835b5174e40a8e73d82124ae4e3110def5275247117425382b,results/auto_solve_20260923_120249/full_v1,0,0,2.512803044150147,3,0.355507,selected_plans/problem2/case_100/5core.json
case_100,5,component_aware,3,60181,216576,671174,0.0776729974164166,12.0,192.0,0.107655,0,100,0.008358,AI_VERIFIED,NOT_PROVEN,runs/component_aware/seed0_block100/case_100/5core/problem3.json.gz,4d4339f42a0e398d7eec17500c2104666113fb5a0d9512841919db3f2e0caf92,a253f9b13349785c483d44f887b7e036866b81fe0ddc12e502afd781d19113dd,results/auto_solve_20260923_120249/full_v1,50688,652582,2.512803044150147,3,0.359299,selected_plans/problem3/case_100/5core.json
