baseline_makespan,batch,cache_hit_bytes,cache_hit_rate,cache_miss_bytes,case,cores,final_added_copy_bytes,final_candidate,final_evaluation_seconds,final_makespan,final_original_graph_copy_bytes,final_partition_added_copy_bytes,final_plan_sha256,final_profile_seconds,final_scheduled_copy_bytes,final_source,final_spill_added_copy_bytes,initial_added_copy_bytes,initial_candidate,initial_makespan,initial_plan_sha256,initial_profile_seconds,initial_source,initial_speedup_vs_baseline,initial_to_final_delta_cycles,initial_to_final_relative_gain,longest_path_cycles,lower_bound_cycles,lower_bound_ratio,pipe_m_cycles,pipe_v_cycles,scene,speedup_vs_baseline,status
233110.0,root3:batch_04,0,0,0,case_001,1,0.0,A0_base,nan,233110.0,1639552.0,0.0,5642d0100c1d7e1f623c81141ef971ab2334c68dc37dab76abc5742ef17292b8,nan,1639552.0,,0.0,0.0,A0_base,233110.0,5642d0100c1d7e1f623c81141ef971ab2334c68dc37dab76abc5742ef17292b8,nan,,1.0,0.0,0.0,1316.0,27325.866666666665,8.530744983995628,0.0,0.0,A,1.0,AI_VERIFIED
233110.0,root3:batch_04,0,0,0,case_001,1,1961984.0,B3_base,nan,260797.0,1639552.0,0.0,339697b7f800652edfb67c1b0641c2b8aa698db9e79c8f5713333d1102eb1320,nan,3601536.0,,1961984.0,1802240.0,B3_aggregate,275599.0,7f7379a262b3e0b50989e9d49abff052749e7a9dd40c012b68fbe336fb5e200d,nan,,0.8458303549722604,14802.0,0.053708467737546214,1316.0,27325.866666666665,9.543960789288782,0.0,0.0,B,0.8938369689835389,AI_VERIFIED
233110.0,root3:batch_04,536576.0,0.25926154987939887,1533056.0,case_001,1,1961984.0,base_base,nan,257294.0,1639552.0,0.0,339697b7f800652edfb67c1b0641c2b8aa698db9e79c8f5713333d1102eb1320,nan,3601536.0,,1961984.0,1961984.0,base_base,257294.0,339697b7f800652edfb67c1b0641c2b8aa698db9e79c8f5713333d1102eb1320,nan,,0.9060063584848461,0.0,0.0,1316.0,27325.866666666665,9.41576723397611,0.0,0.0,C,0.9060063584848461,AI_VERIFIED
233110.0,root3:batch_04,0,0,0,case_001,2,1152.0,A1_base,nan,116868.0,1639552.0,1152.0,0599a6fcfa553ae0f57552787f79d9ffda8890762bf1a8e52f0da2e4d3c6e8e9,nan,1640704.0,,0.0,1152.0,A1_base,116868.0,0599a6fcfa553ae0f57552787f79d9ffda8890762bf1a8e52f0da2e4d3c6e8e9,nan,,1.9946435294520313,0.0,0.0,1316.0,27325.866666666665,4.276826840502772,0.0,0.0,A,1.9946435294520313,AI_VERIFIED
233110.0,root3:batch_04,0,0,0,case_001,2,1152.0,B1_base,nan,116868.0,1639552.0,1152.0,0599a6fcfa553ae0f57552787f79d9ffda8890762bf1a8e52f0da2e4d3c6e8e9,nan,1640704.0,,0.0,1152.0,B1_base,116868.0,0599a6fcfa553ae0f57552787f79d9ffda8890762bf1a8e52f0da2e4d3c6e8e9,nan,,1.9946435294520313,0.0,0.0,1316.0,27325.866666666665,4.276826840502772,0.0,0.0,B,1.9946435294520313,AI_VERIFIED
233110.0,root3:batch_04,0.0,0.0,821504.0,case_001,2,1152.0,base_base,nan,116868.0,1639552.0,1152.0,0599a6fcfa553ae0f57552787f79d9ffda8890762bf1a8e52f0da2e4d3c6e8e9,nan,1640704.0,,0.0,1152.0,base_base,116868.0,0599a6fcfa553ae0f57552787f79d9ffda8890762bf1a8e52f0da2e4d3c6e8e9,nan,,1.9946435294520313,0.0,0.0,1316.0,27325.866666666665,4.276826840502772,0.0,0.0,C,1.9946435294520313,AI_VERIFIED
233110.0,root3:batch_04,0,0,0,case_001,3,2304.0,A1_base,nan,78545.0,1639552.0,2304.0,0bbe67711883f3eac75ef3d7946398a4dc200e21f47a921c34600c22104c2fd9,nan,1641856.0,,0.0,54912.0,A2_base,198727.0,f03133eb852691f0118fb27e33086f62ace0639483f1dab2890bb09ef0328b3e,nan,,1.173016248421201,120182.0,0.6047592928993041,1316.0,27325.866666666665,2.874382758216879,0.0,0.0,A,2.9678528232223567,AI_VERIFIED
233110.0,root3:batch_04,0,0,0,case_001,3,2304.0,B1_base,nan,78545.0,1639552.0,2304.0,0bbe67711883f3eac75ef3d7946398a4dc200e21f47a921c34600c22104c2fd9,nan,1641856.0,,0.0,2304.0,B1_base,78545.0,0bbe67711883f3eac75ef3d7946398a4dc200e21f47a921c34600c22104c2fd9,nan,,2.9678528232223567,0.0,0.0,1316.0,27325.866666666665,2.874382758216879,0.0,0.0,B,2.9678528232223567,AI_VERIFIED
233110.0,root3:batch_04,0.0,0.0,822656.0,case_001,3,2304.0,base_base,nan,78545.0,1639552.0,2304.0,0bbe67711883f3eac75ef3d7946398a4dc200e21f47a921c34600c22104c2fd9,nan,1641856.0,,0.0,2304.0,base_base,78545.0,0bbe67711883f3eac75ef3d7946398a4dc200e21f47a921c34600c22104c2fd9,nan,,2.9678528232223567,0.0,0.0,1316.0,27325.866666666665,2.874382758216879,0.0,0.0,C,2.9678528232223567,AI_VERIFIED
233110.0,root3:batch_04,0,0,0,case_001,4,3456.0,A1_base,nan,58984.0,1639552.0,3456.0,e01f21fd3921613acbae850a327802756b22e5abfb211e6515e0172ca265ccc4,nan,1643008.0,,0.0,3456.0,A1_base,58984.0,e01f21fd3921613acbae850a327802756b22e5abfb211e6515e0172ca265ccc4,nan,,3.952088702020887,0.0,0.0,1316.0,27325.866666666665,2.1585408697009916,0.0,0.0,A,3.952088702020887,AI_VERIFIED
233110.0,root3:batch_04,0,0,0,case_001,4,3456.0,B1_base,nan,58984.0,1639552.0,3456.0,e01f21fd3921613acbae850a327802756b22e5abfb211e6515e0172ca265ccc4,nan,1643008.0,,0.0,3456.0,B1_base,58984.0,e01f21fd3921613acbae850a327802756b22e5abfb211e6515e0172ca265ccc4,nan,,3.952088702020887,0.0,0.0,1316.0,27325.866666666665,2.1585408697009916,0.0,0.0,B,3.952088702020887,AI_VERIFIED
233110.0,root3:batch_04,0.0,0.0,823808.0,case_001,4,3456.0,base_base,nan,58984.0,1639552.0,3456.0,e01f21fd3921613acbae850a327802756b22e5abfb211e6515e0172ca265ccc4,nan,1643008.0,,0.0,3456.0,base_base,58984.0,e01f21fd3921613acbae850a327802756b22e5abfb211e6515e0172ca265ccc4,nan,,3.952088702020887,0.0,0.0,1316.0,27325.866666666665,2.1585408697009916,0.0,0.0,C,3.952088702020887,AI_VERIFIED
233110.0,root3:batch_04,0,0,0,case_001,5,4608.0,A1_base,nan,47502.0,1639552.0,4608.0,3ba3512eeec4d09181262855878d103e2fc24b3b432084cbf2d4a686dce5eae1,nan,1644160.0,,0.0,4608.0,A1_base,47502.0,3ba3512eeec4d09181262855878d103e2fc24b3b432084cbf2d4a686dce5eae1,nan,,4.9073723211654245,0.0,0.0,1316.0,27325.866666666665,1.738352915918495,0.0,0.0,A,4.9073723211654245,AI_VERIFIED
233110.0,root3:batch_04,0,0,0,case_001,5,4608.0,B1_base,nan,47502.0,1639552.0,4608.0,3ba3512eeec4d09181262855878d103e2fc24b3b432084cbf2d4a686dce5eae1,nan,1644160.0,,0.0,4608.0,B1_base,47502.0,3ba3512eeec4d09181262855878d103e2fc24b3b432084cbf2d4a686dce5eae1,nan,,4.9073723211654245,0.0,0.0,1316.0,27325.866666666665,1.738352915918495,0.0,0.0,B,4.9073723211654245,AI_VERIFIED
233110.0,root3:batch_04,0.0,0.0,824960.0,case_001,5,4608.0,base_base,nan,47502.0,1639552.0,4608.0,3ba3512eeec4d09181262855878d103e2fc24b3b432084cbf2d4a686dce5eae1,nan,1644160.0,,0.0,4608.0,base_base,47502.0,3ba3512eeec4d09181262855878d103e2fc24b3b432084cbf2d4a686dce5eae1,nan,,4.9073723211654245,0.0,0.0,1316.0,27325.866666666665,1.738352915918495,0.0,0.0,C,4.9073723211654245,AI_VERIFIED
261945.0,root3:batch_02,0,0,0,case_002,1,0.0,A0_base,nan,261945.0,1224192.0,0.0,f1d0eeffbfad2f4d31151f25e9a87777cd63d4296bc97847417f17ccd79906ae,nan,1224192.0,,0.0,0.0,A0_base,261945.0,f1d0eeffbfad2f4d31151f25e9a87777cd63d4296bc97847417f17ccd79906ae,nan,,1.0,0.0,0.0,2976.0,20403.2,12.838427305520701,0.0,0.0,A,1.0,AI_VERIFIED
261945.0,root3:batch_02,0,0,0,case_002,1,645120.0,B3_aggregate,nan,269421.0,1224192.0,0.0,c2ef73e8ac1380186f67439a48ce6e3bee046b874fe121ff8c34376a68899ef9,nan,1869312.0,,645120.0,1320960.0,B3_base,275932.0,32a130bd35d7288e9349ddb429aadc767e1deef7fcc6d9b5e3a86947f727fc89,nan,,0.9493099749213575,6511.0,0.023596393314294827,2976.0,20403.2,13.20484041718946,0.0,0.0,B,0.9722516062222322,AI_VERIFIED
261945.0,root3:batch_02,0.0,0.0,1222656.0,case_002,1,0.0,base_aggregate,nan,267693.0,1224192.0,0.0,aa151c1a23100edcc6b7dbc8eaa8c376a37af54fce79ccfa9f01f2924677ebe1,nan,1224192.0,,0.0,645120.0,base_base,269421.0,c2ef73e8ac1380186f67439a48ce6e3bee046b874fe121ff8c34376a68899ef9,nan,,0.9722516062222322,1728.0,0.006413753939002528,2976.0,20403.2,13.12014781994981,0.0,0.0,C,0.9785276417388575,AI_VERIFIED
261945.0,root3:batch_02,0,0,0,case_002,2,6965760.0,A3_base,nan,264017.0,1224192.0,6965760.0,b9fa06bc18fe9e1f3ffd26d2cfe223d10a497b72ad7ecd0f69e445ae036aa246,nan,8189952.0,,0.0,536064.0,A2_base,271176.0,46c5a462d84c95ff38c40aadec8e2ede6e4ac58d1e9dd839afd3f2623eb050ce,nan,,0.9659593769360121,7159.0,0.026399828893412396,2976.0,20403.2,12.939980003136762,0.0,0.0,A,0.9921520205138306,AI_VERIFIED
261945.0,root3:batch_02,0,0,0,case_002,2,4680192.0,B3_base,nan,208461.0,1224192.0,3844608.0,fd84e80452ae93ca76153c601b6e59e4283f8e86a24ee1e1a1f73f6832f833b1,nan,5904384.0,,835584.0,4680192.0,B3_base,208461.0,fd84e80452ae93ca76153c601b6e59e4283f8e86a24ee1e1a1f73f6832f833b1,nan,,1.2565659763696806,0.0,0.0,2976.0,20403.2,10.217073792346298,0.0,0.0,B,1.2565659763696806,AI_VERIFIED
261945.0,root3:batch_02,580608.0,0.13805697589481372,3624960.0,case_002,2,4680192.0,base_base,nan,205287.0,1224192.0,3844608.0,fd84e80452ae93ca76153c601b6e59e4283f8e86a24ee1e1a1f73f6832f833b1,nan,5904384.0,,835584.0,4680192.0,base_base,205287.0,fd84e80452ae93ca76153c601b6e59e4283f8e86a24ee1e1a1f73f6832f833b1,nan,,1.2759940960703795,0.0,0.0,2976.0,20403.2,10.061509959222082,0.0,0.0,C,1.2759940960703795,AI_VERIFIED
261945.0,root3:batch_02,0,0,0,case_002,3,594432.0,A2_base,nan,173068.0,1224192.0,594432.0,269343d2be29a06e7e19bd1a64912aa4ae28a412de0f22f394fd1c5ae1446518,nan,1818624.0,,0.0,594432.0,A2_base,173068.0,269343d2be29a06e7e19bd1a64912aa4ae28a412de0f22f394fd1c5ae1446518,nan,,1.5135380312940578,0.0,0.0,2976.0,20403.2,8.482394918444164,0.0,0.0,A,1.5135380312940578,AI_VERIFIED
261945.0,root3:batch_02,0,0,0,case_002,3,0.0,B0_base,nan,261945.0,1224192.0,0.0,7aa7c68509f6aa0a0ff9d5345af0cca1cf04aa9de551c9857a78968501e1d0cb,nan,1224192.0,,0.0,0.0,B0_base,261945.0,7aa7c68509f6aa0a0ff9d5345af0cca1cf04aa9de551c9857a78968501e1d0cb,nan,,1.0,0.0,0.0,2976.0,20403.2,12.838427305520701,0.0,0.0,B,1.0,AI_VERIFIED
261945.0,root3:batch_02,0.0,0.0,1222656.0,case_002,3,0.0,base_base,nan,261945.0,1224192.0,0.0,7aa7c68509f6aa0a0ff9d5345af0cca1cf04aa9de551c9857a78968501e1d0cb,nan,1224192.0,,0.0,0.0,base_base,261945.0,7aa7c68509f6aa0a0ff9d5345af0cca1cf04aa9de551c9857a78968501e1d0cb,nan,,1.0,0.0,0.0,2976.0,20403.2,12.838427305520701,0.0,0.0,C,1.0,AI_VERIFIED
261945.0,root3:batch_02,0,0,0,case_002,4,652800.0,A2_base,nan,276904.0,1224192.0,652800.0,12c32ccd40e2f33cdb8316f295437392bc8b0f21c48fc1f2c4084a1b4fc7f006,nan,1876992.0,,0.0,652800.0,A2_base,276904.0,12c32ccd40e2f33cdb8316f295437392bc8b0f21c48fc1f2c4084a1b4fc7f006,nan,,0.9459776673504174,0.0,0.0,2976.0,20403.2,13.57159661229611,0.0,0.0,A,0.9459776673504174,AI_VERIFIED
261945.0,root3:batch_02,0,0,0,case_002,4,5766144.0,B3_base,nan,129903.0,1224192.0,5744640.0,f7124d0567a3927dbd016cbfc440df944afce82a14ae88b6a0c3f40006fbb581,nan,6990336.0,,21504.0,5766144.0,B3_base,129903.0,f7124d0567a3927dbd016cbfc440df944afce82a14ae88b6a0c3f40006fbb581,nan,,2.016466132421884,0.0,0.0,2976.0,20403.2,6.366795404642409,0.0,0.0,B,2.016466132421884,AI_VERIFIED
261945.0,root3:batch_02,746496.0,0.14862385321100918,4276224.0,case_002,4,5766144.0,base_base,nan,124800.0,1224192.0,5744640.0,f7124d0567a3927dbd016cbfc440df944afce82a14ae88b6a0c3f40006fbb581,nan,6990336.0,,21504.0,5766144.0,base_base,124800.0,f7124d0567a3927dbd016cbfc440df944afce82a14ae88b6a0c3f40006fbb581,nan,,2.098918269230769,0.0,0.0,2976.0,20403.2,6.1166875784190715,0.0,0.0,C,2.098918269230769,AI_VERIFIED
261945.0,root3:batch_02,0,0,0,case_002,5,700416.0,A2_base,nan,128412.0,1224192.0,700416.0,fa586d2f213779bd75706337ff24b3078f6cdf23862297a7169f81ed10ad3036,nan,1924608.0,,0.0,700416.0,A2_base,128412.0,fa586d2f213779bd75706337ff24b3078f6cdf23862297a7169f81ed10ad3036,nan,,2.0398794505186433,0.0,0.0,2976.0,20403.2,6.293718632371393,0.0,0.0,A,2.0398794505186433,AI_VERIFIED
261945.0,root3:batch_02,0,0,0,case_002,5,5505024.0,B3_base,nan,146574.0,1224192.0,5283840.0,c182a2a784c2a09b79b10dad67af87171c6125f61c40538a74a119451467fd31,nan,6729216.0,,221184.0,5505024.0,B3_base,146574.0,c182a2a784c2a09b79b10dad67af87171c6125f61c40538a74a119451467fd31,nan,,1.7871177698636866,0.0,0.0,2976.0,20403.2,7.183873117942284,0.0,0.0,B,1.7871177698636866,AI_VERIFIED
261945.0,root3:batch_02,741888.0,0.1551557982653389,4039680.0,case_002,5,5505024.0,base_base,nan,139049.0,1224192.0,5283840.0,c182a2a784c2a09b79b10dad67af87171c6125f61c40538a74a119451467fd31,nan,6729216.0,,221184.0,5505024.0,base_base,139049.0,c182a2a784c2a09b79b10dad67af87171c6125f61c40538a74a119451467fd31,nan,,1.88383231810369,0.0,0.0,2976.0,20403.2,6.81505842220828,0.0,0.0,C,1.88383231810369,AI_VERIFIED
602212.0,root3:batch_03,0,0,0,case_003,1,0.0,A0_base,nan,602212.0,1284264.0,0.0,337bd60440447b6c43e4b8e7bf52525a03eb6cc56695383cc2b731423917005b,nan,1284264.0,,0.0,0.0,A0_base,602212.0,337bd60440447b6c43e4b8e7bf52525a03eb6cc56695383cc2b731423917005b,nan,,1.0,0.0,0.0,28285.0,28285.0,21.290860880325262,0.0,0.0,A,1.0,AI_VERIFIED
602212.0,root3:batch_03,0,0,0,case_003,1,0.0,B3_base,nan,592981.0,1284264.0,0.0,3fbc3d48ec60f4ff75146f3a5cd3ea7c42df84440924a14b656a9aeb414ba0fb,nan,1284264.0,,0.0,0.0,B3_base,592981.0,3fbc3d48ec60f4ff75146f3a5cd3ea7c42df84440924a14b656a9aeb414ba0fb,nan,,1.0155671092328422,0.0,0.0,28285.0,28285.0,20.964504154145306,0.0,0.0,B,1.0155671092328422,AI_VERIFIED
602212.0,root3:batch_03,0.0,0.0,1284230.0,case_003,1,0.0,base_base,nan,592981.0,1284264.0,0.0,3fbc3d48ec60f4ff75146f3a5cd3ea7c42df84440924a14b656a9aeb414ba0fb,nan,1284264.0,,0.0,0.0,base_base,592981.0,3fbc3d48ec60f4ff75146f3a5cd3ea7c42df84440924a14b656a9aeb414ba0fb,nan,,1.0155671092328422,0.0,0.0,28285.0,28285.0,20.964504154145306,0.0,0.0,C,1.0155671092328422,AI_VERIFIED
602212.0,root3:batch_03,0,0,0,case_003,2,374802.0,A2_base,nan,602975.0,1284264.0,374802.0,08aee849ea08d31c0352d3b7b4fd3d78606c43cc6bf103a700d0c691f0ca2c91,nan,1659066.0,,0.0,1900900.0,A3_base,613255.0,6661645c9caac30ea3943de14fe5bd96e70ef8e4e25aae70f8329ac40e04bb28,nan,,0.9819928088641756,10280.0,0.01676301049318799,28285.0,28285.0,21.317836308997702,0.0,0.0,A,0.9987346075707948,AI_VERIFIED
602212.0,root3:batch_03,0,0,0,case_003,2,1950532.0,B3_base,nan,562101.0,1284264.0,1950532.0,db31599d1994bf3609d7f8fd2a5d7bdf0ac0172fc46cfab621bf2d891f5c2eb8,nan,3234796.0,,0.0,1950532.0,B3_base,562101.0,db31599d1994bf3609d7f8fd2a5d7bdf0ac0172fc46cfab621bf2d891f5c2eb8,nan,,1.0713590618056186,0.0,0.0,28285.0,28285.0,19.872759413116494,0.0,0.0,B,1.0713590618056186,AI_VERIFIED
602212.0,root3:batch_03,120836.0,0.05208497666788219,2199142.0,case_003,2,1950532.0,base_base,nan,562101.0,1284264.0,1950532.0,db31599d1994bf3609d7f8fd2a5d7bdf0ac0172fc46cfab621bf2d891f5c2eb8,nan,3234796.0,,0.0,1950532.0,base_base,562101.0,db31599d1994bf3609d7f8fd2a5d7bdf0ac0172fc46cfab621bf2d891f5c2eb8,nan,,1.0713590618056186,0.0,0.0,28285.0,28285.0,19.872759413116494,0.0,0.0,C,1.0713590618056186,AI_VERIFIED
602212.0,root3:batch_03,0,0,0,case_003,3,565532.0,A2_base,nan,606791.0,1284264.0,565532.0,d991a05606793bb50888d24994f42df8440aaf147adefc1ec8763e32c57fdb30,nan,1849796.0,,0.0,2396002.0,A3_base,609382.0,228182439ae5cc6bf096dc54be46fb5fa7106b627ca03a8b769b8626b32df8cc,nan,,0.9882339813122146,2591.0,0.004251848594149483,28285.0,28285.0,21.45274880678805,0.0,0.0,A,0.9924537443699726,AI_VERIFIED
602212.0,root3:batch_03,0,0,0,case_003,3,1150796.0,B2_base,nan,580517.0,1284264.0,1150796.0,06b1959bcb56baeacecb38858884d0d8032170993d289dd820b77af65ff2d8ac,nan,2435060.0,,0.0,1150796.0,B2_base,580517.0,06b1959bcb56baeacecb38858884d0d8032170993d289dd820b77af65ff2d8ac,nan,,1.0373718599110793,0.0,0.0,28285.0,28285.0,20.523846561781863,0.0,0.0,B,1.0373718599110793,AI_VERIFIED
602212.0,root3:batch_03,28940.0,0.015442095344000154,1845158.0,case_003,3,1150796.0,base_base,nan,580515.0,1284264.0,1150796.0,06b1959bcb56baeacecb38858884d0d8032170993d289dd820b77af65ff2d8ac,nan,2435060.0,,0.0,1150796.0,base_base,580515.0,06b1959bcb56baeacecb38858884d0d8032170993d289dd820b77af65ff2d8ac,nan,,1.037375433881984,0.0,0.0,28285.0,28285.0,20.523775852925578,0.0,0.0,C,1.037375433881984,AI_VERIFIED
602212.0,root3:batch_03,0,0,0,case_003,4,829732.0,A2_base,nan,600785.0,1284264.0,829732.0,df40a6a526f7a9f2b8690f333ac77a4125406c0750fa083222ad73ed71aabac4,nan,2113996.0,,0.0,3678892.0,A3_base,655667.0,3944c3a88b1aa4fe11724eb4e191aaef615d7bf74f1d41c1a076290f4415b827,nan,,0.9184723342794436,54882.0,0.08370407539192913,28285.0,28285.0,21.240410111366447,0.0,0.0,A,1.0023752257463152,AI_VERIFIED
602212.0,root3:batch_03,0,0,0,case_003,4,0.0,B0_base,nan,602212.0,1284264.0,0.0,7448e6543fd25c55e8e1ca52eddc301f20e7d1f7da0dde2238c9ec0805f177ce,nan,1284264.0,,0.0,0.0,B0_base,602212.0,7448e6543fd25c55e8e1ca52eddc301f20e7d1f7da0dde2238c9ec0805f177ce,nan,,1.0,0.0,0.0,28285.0,28285.0,21.290860880325262,0.0,0.0,B,1.0,AI_VERIFIED
602212.0,root3:batch_03,0.0,0.0,1284230.0,case_003,4,0.0,base_base,nan,602212.0,1284264.0,0.0,7448e6543fd25c55e8e1ca52eddc301f20e7d1f7da0dde2238c9ec0805f177ce,nan,1284264.0,,0.0,0.0,base_base,602212.0,7448e6543fd25c55e8e1ca52eddc301f20e7d1f7da0dde2238c9ec0805f177ce,nan,,1.0,0.0,0.0,28285.0,28285.0,21.290860880325262,0.0,0.0,C,1.0,AI_VERIFIED
602212.0,root3:batch_03,0,0,0,case_003,5,956008.0,A2_base,nan,606620.0,1284264.0,956008.0,37cc9dcd8b86a09b67495c969d2abaee69b3cf72cc9e2c9cf17ca13b11b6d277,nan,2240272.0,,0.0,3981230.0,A3_base,667809.0,b46cc7af650e06d00665216c090dd90c97df70e279452d08953e93930ddd6860,nan,,0.9017728122861477,61189.0,0.0916264979956844,28285.0,28285.0,21.446703199575747,0.0,0.0,A,0.9927335069730638,AI_VERIFIED
602212.0,root3:batch_03,0,0,0,case_003,5,2325078.0,B2_move,nan,541371.0,1284264.0,2325078.0,f1a5dedc924b54a1dd2080f6c5a89be609cdaf611d605c257bdb2d89be9ed4ae,nan,3609342.0,,0.0,2325078.0,B2_move,541371.0,f1a5dedc924b54a1dd2080f6c5a89be609cdaf611d605c257bdb2d89be9ed4ae,nan,,1.1123831900859116,0.0,0.0,28285.0,28285.0,19.139862117730246,0.0,0.0,B,1.1123831900859116,AI_VERIFIED
602212.0,root3:batch_03,39312.0,0.015938425910159044,2427180.0,case_003,5,2325078.0,base_base,nan,541371.0,1284264.0,2325078.0,f1a5dedc924b54a1dd2080f6c5a89be609cdaf611d605c257bdb2d89be9ed4ae,nan,3609342.0,,0.0,2325078.0,base_base,541371.0,f1a5dedc924b54a1dd2080f6c5a89be609cdaf611d605c257bdb2d89be9ed4ae,nan,,1.1123831900859116,0.0,0.0,28285.0,28285.0,19.139862117730246,0.0,0.0,C,1.1123831900859116,AI_VERIFIED
392357.0,root3:batch_01,0,0,0,case_004,1,0.0,A0_base,nan,392357.0,792576.0,0.0,aab94656a4ede27dff380230177ca98249bc671311401c9fc329625e63a02744,nan,792576.0,,0.0,0.0,A0_base,392357.0,aab94656a4ede27dff380230177ca98249bc671311401c9fc329625e63a02744,nan,,1.0,0.0,0.0,2748.0,13209.6,29.70241339631783,0.0,0.0,A,1.0,AI_VERIFIED
392357.0,root3:batch_01,0,0,0,case_004,1,2856960.0,B3_aggregate,nan,415254.0,792576.0,0.0,3d02c5120919a6b6e3d2760efe90bd3c08b7a11de16e0ac57345a86f73ec7cb4,nan,3649536.0,,2856960.0,3588096.0,B3_base,423555.0,cab0edbd9551911e1c956f26a5be069ae5f1b5d303231c28dcd31bdf0fc7e0b4,nan,,0.9263425056958364,8301.0,0.019598399263377836,2748.0,13209.6,31.43577398255814,0.0,0.0,B,0.9448602542058595,AI_VERIFIED
392357.0,root3:batch_01,86016.0,0.10408921933085502,740352.0,case_004,1,663552.0,base_aggregate,nan,402881.0,792576.0,0.0,7cf73205417e3d66bfa7abdfde0683a110851649f0c5c65283329e96168e559d,nan,1456128.0,,663552.0,2856960.0,base_base,415254.0,3d02c5120919a6b6e3d2760efe90bd3c08b7a11de16e0ac57345a86f73ec7cb4,nan,,0.9448602542058595,12373.0,0.029796221108044713,2748.0,13209.6,30.499106710271317,0.0,0.0,C,0.9738781426773663,AI_VERIFIED
392357.0,root3:batch_01,0,0,0,case_004,2,110592.0,A1_base,nan,199074.0,792576.0,110592.0,d291f41b7f8af4e8e064537f31b2f3447da42088db4c6e302663463331a179d2,nan,903168.0,,0.0,396288.0,A2_base,397124.0,0c5fcf0869cf9d7b3855900d22eb1973f87aca1395bebc6d694e9555d4472fd5,nan,,0.9879961926249735,198050.0,0.4987107301497769,2748.0,13209.6,15.070403343023255,0.0,0.0,A,1.9709103147573264,AI_VERIFIED
392357.0,root3:batch_01,0,0,0,case_004,2,110592.0,B1_base,nan,199074.0,792576.0,110592.0,d291f41b7f8af4e8e064537f31b2f3447da42088db4c6e302663463331a179d2,nan,903168.0,,0.0,110592.0,B1_base,199074.0,d291f41b7f8af4e8e064537f31b2f3447da42088db4c6e302663463331a179d2,nan,,1.9709103147573264,0.0,0.0,2748.0,13209.6,15.070403343023255,0.0,0.0,B,1.9709103147573264,AI_VERIFIED
392357.0,root3:batch_01,0.0,0.0,562176.0,case_004,2,110592.0,base_base,nan,199074.0,792576.0,110592.0,d291f41b7f8af4e8e064537f31b2f3447da42088db4c6e302663463331a179d2,nan,903168.0,,0.0,110592.0,base_base,199074.0,d291f41b7f8af4e8e064537f31b2f3447da42088db4c6e302663463331a179d2,nan,,1.9709103147573264,0.0,0.0,2748.0,13209.6,15.070403343023255,0.0,0.0,C,1.9709103147573264,AI_VERIFIED
392357.0,root3:batch_01,0,0,0,case_004,3,221184.0,A1_base,nan,134043.0,792576.0,221184.0,e195bd7352c85b6bd4aa2faf19c38cf213234aeb68887d94d8987bd386ca5dea,nan,1013760.0,,0.0,221184.0,A1_base,134043.0,e195bd7352c85b6bd4aa2faf19c38cf213234aeb68887d94d8987bd386ca5dea,nan,,2.927098020784375,0.0,0.0,2748.0,13209.6,10.147392805232558,0.0,0.0,A,2.927098020784375,AI_VERIFIED
392357.0,root3:batch_01,0,0,0,case_004,3,221184.0,B1_base,nan,134043.0,792576.0,221184.0,e195bd7352c85b6bd4aa2faf19c38cf213234aeb68887d94d8987bd386ca5dea,nan,1013760.0,,0.0,221184.0,B1_base,134043.0,e195bd7352c85b6bd4aa2faf19c38cf213234aeb68887d94d8987bd386ca5dea,nan,,2.927098020784375,0.0,0.0,2748.0,13209.6,10.147392805232558,0.0,0.0,B,2.927098020784375,AI_VERIFIED
392357.0,root3:batch_01,0.0,0.0,672768.0,case_004,3,221184.0,base_base,nan,134043.0,792576.0,221184.0,e195bd7352c85b6bd4aa2faf19c38cf213234aeb68887d94d8987bd386ca5dea,nan,1013760.0,,0.0,221184.0,base_base,134043.0,e195bd7352c85b6bd4aa2faf19c38cf213234aeb68887d94d8987bd386ca5dea,nan,,2.927098020784375,0.0,0.0,2748.0,13209.6,10.147392805232558,0.0,0.0,C,2.927098020784375,AI_VERIFIED
392357.0,root3:batch_01,0,0,0,case_004,4,909312.0,A2_base,nan,354857.0,792576.0,909312.0,c66fad919b41b7c7e2584bcfbe80b736b8df9fb049c36b5bd346db79da54cb75,nan,1701888.0,,0.0,798720.0,A2_aggregate,403470.0,622864c268b36751fdfa15c2013b02b7b2d033609948cb28dd20ba184ecd7d28,nan,,0.972456440379706,48613.0,0.1204872729075272,2748.0,13209.6,26.86356891957364,0.0,0.0,A,1.105676371045238,AI_VERIFIED
392357.0,root3:batch_01,0,0,0,case_004,4,331776.0,B1_base,nan,104188.0,792576.0,331776.0,26491502865e10ff070b1544daf3b9a5d7aeeec9f959e648376149efa455106f,nan,1124352.0,,0.0,331776.0,B1_base,104188.0,26491502865e10ff070b1544daf3b9a5d7aeeec9f959e648376149efa455106f,nan,,3.765855952700887,0.0,0.0,2748.0,13209.6,7.887294089147287,0.0,0.0,B,3.765855952700887,AI_VERIFIED
392357.0,root3:batch_01,0.0,0.0,783360.0,case_004,4,331776.0,base_base,nan,104188.0,792576.0,331776.0,26491502865e10ff070b1544daf3b9a5d7aeeec9f959e648376149efa455106f,nan,1124352.0,,0.0,331776.0,base_base,104188.0,26491502865e10ff070b1544daf3b9a5d7aeeec9f959e648376149efa455106f,nan,,3.765855952700887,0.0,0.0,2748.0,13209.6,7.887294089147287,0.0,0.0,C,3.765855952700887,AI_VERIFIED
392357.0,root3:batch_01,0,0,0,case_004,5,442368.0,A1_base,nan,88341.0,792576.0,442368.0,4f7eeaf9d169d5cbc6831225296e08cbe1cb0173994420cc0f18fbc33eb06a2e,nan,1234944.0,,0.0,442368.0,A1_base,88341.0,4f7eeaf9d169d5cbc6831225296e08cbe1cb0173994420cc0f18fbc33eb06a2e,nan,,4.441391879195391,0.0,0.0,2748.0,13209.6,6.687636264534883,0.0,0.0,A,4.441391879195391,AI_VERIFIED
392357.0,root3:batch_01,0,0,0,case_004,5,442368.0,B1_base,nan,88341.0,792576.0,442368.0,4f7eeaf9d169d5cbc6831225296e08cbe1cb0173994420cc0f18fbc33eb06a2e,nan,1234944.0,,0.0,442368.0,B1_base,88341.0,4f7eeaf9d169d5cbc6831225296e08cbe1cb0173994420cc0f18fbc33eb06a2e,nan,,4.441391879195391,0.0,0.0,2748.0,13209.6,6.687636264534883,0.0,0.0,B,4.441391879195391,AI_VERIFIED
392357.0,root3:batch_01,0.0,0.0,893952.0,case_004,5,442368.0,base_base,nan,88341.0,792576.0,442368.0,4f7eeaf9d169d5cbc6831225296e08cbe1cb0173994420cc0f18fbc33eb06a2e,nan,1234944.0,,0.0,442368.0,base_base,88341.0,4f7eeaf9d169d5cbc6831225296e08cbe1cb0173994420cc0f18fbc33eb06a2e,nan,,4.441391879195391,0.0,0.0,2748.0,13209.6,6.687636264534883,0.0,0.0,C,4.441391879195391,AI_VERIFIED
95618.0,root3:batch_03,0,0,0,case_005,1,0.0,A0_base,nan,95618.0,333414.0,0.0,63eff42b87d6fb4cc1a516c432710f33ecfa86f6367aea36f6340c12d88fa4f5,nan,333414.0,,0.0,0.0,A0_base,95618.0,63eff42b87d6fb4cc1a516c432710f33ecfa86f6367aea36f6340c12d88fa4f5,nan,,1.0,0.0,0.0,6894.0,6894.0,13.869741804467653,0.0,0.0,A,1.0,AI_VERIFIED
95618.0,root3:batch_03,0,0,0,case_005,1,0.0,B3_base,nan,93910.0,333414.0,0.0,89c93183e87e9742b1fee6ff32588b5d282a87cddf60a9f86825d62bcc7ddb8b,nan,333414.0,,0.0,0.0,B3_base,93910.0,89c93183e87e9742b1fee6ff32588b5d282a87cddf60a9f86825d62bcc7ddb8b,nan,,1.0181876264508571,0.0,0.0,6894.0,6894.0,13.62199013635045,0.0,0.0,B,1.0181876264508571,AI_VERIFIED
95618.0,root3:batch_03,0.0,0.0,318822.0,case_005,1,0.0,base_base,nan,93910.0,333414.0,0.0,89c93183e87e9742b1fee6ff32588b5d282a87cddf60a9f86825d62bcc7ddb8b,nan,333414.0,,0.0,0.0,base_base,93910.0,89c93183e87e9742b1fee6ff32588b5d282a87cddf60a9f86825d62bcc7ddb8b,nan,,1.0181876264508571,0.0,0.0,6894.0,6894.0,13.62199013635045,0.0,0.0,C,1.0181876264508571,AI_VERIFIED
95618.0,root3:batch_03,0,0,0,case_005,2,292816.0,A2_base,nan,98272.0,333414.0,292816.0,bd34b03abb46b91bbfa376cae9a0014c49226ba1a83fc1f6992c31f1fa13efaa,nan,626230.0,,0.0,292816.0,A2_base,98272.0,bd34b03abb46b91bbfa376cae9a0014c49226ba1a83fc1f6992c31f1fa13efaa,nan,,0.9729933246499511,0.0,0.0,6894.0,6894.0,14.25471424427038,0.0,0.0,A,0.9729933246499511,AI_VERIFIED
95618.0,root3:batch_03,0,0,0,case_005,2,739494.0,B2_base,nan,98089.0,333414.0,739494.0,ee0dc174b50a6634bdf2bcf6c664f475d53f5235c3b2730206ebd18c1e357222,nan,1072908.0,,0.0,739494.0,B2_base,98089.0,ee0dc174b50a6634bdf2bcf6c664f475d53f5235c3b2730206ebd18c1e357222,nan,,0.9748085921968824,0.0,0.0,6894.0,6894.0,14.228169422686394,0.0,0.0,B,0.9748085921968824,AI_VERIFIED
95618.0,root3:batch_03,3174.0,0.004598960235077287,686982.0,case_005,2,739494.0,base_base,nan,98089.0,333414.0,739494.0,ee0dc174b50a6634bdf2bcf6c664f475d53f5235c3b2730206ebd18c1e357222,nan,1072908.0,,0.0,739494.0,base_base,98089.0,ee0dc174b50a6634bdf2bcf6c664f475d53f5235c3b2730206ebd18c1e357222,nan,,0.9748085921968824,0.0,0.0,6894.0,6894.0,14.228169422686394,0.0,0.0,C,0.9748085921968824,AI_VERIFIED
95618.0,root3:batch_03,0,0,0,case_005,3,309144.0,A2_base,nan,100313.0,333414.0,309144.0,57df356d042440154a06575cc428352667be68a4415919a724d122990a62ffe1,nan,642558.0,,0.0,309144.0,A2_base,100313.0,57df356d042440154a06575cc428352667be68a4415919a724d122990a62ffe1,nan,,0.9531964949707415,0.0,0.0,6894.0,6894.0,14.550768784450247,0.0,0.0,A,0.9531964949707415,AI_VERIFIED
95618.0,root3:batch_03,0,0,0,case_005,3,1099402.0,B2_base,nan,102393.0,333414.0,1099402.0,4c18b80c9971c779ef5c9bb2427e94eb0ad4b707eb3481348865bd9658ebbe22,nan,1432816.0,,0.0,1099402.0,B2_base,102393.0,4c18b80c9971c779ef5c9bb2427e94eb0ad4b707eb3481348865bd9658ebbe22,nan,,0.9338333675153575,0.0,0.0,6894.0,6894.0,14.852480417754569,0.0,0.0,B,0.9338333675153575,AI_VERIFIED
95618.0,root3:batch_03,26314.0,0.03004155630651201,849606.0,case_005,3,1099402.0,base_base,nan,102392.0,333414.0,1099402.0,4c18b80c9971c779ef5c9bb2427e94eb0ad4b707eb3481348865bd9658ebbe22,nan,1432816.0,,0.0,1099402.0,base_base,102392.0,4c18b80c9971c779ef5c9bb2427e94eb0ad4b707eb3481348865bd9658ebbe22,nan,,0.9338424876943511,0.0,0.0,6894.0,6894.0,14.852335364084711,0.0,0.0,C,0.9338424876943511,AI_VERIFIED
95618.0,root3:batch_03,0,0,0,case_005,4,539352.0,A2_base,nan,102980.0,333414.0,539352.0,e65117ed24ce253c1f46014c3c76a528127ce4bb3c541c7a53f671dc7bf4d44e,nan,872766.0,,0.0,539352.0,A2_base,102980.0,e65117ed24ce253c1f46014c3c76a528127ce4bb3c541c7a53f671dc7bf4d44e,nan,,0.9285103903670615,0.0,0.0,6894.0,6894.0,14.937626921961126,0.0,0.0,A,0.9285103903670615,AI_VERIFIED
95618.0,root3:batch_03,0,0,0,case_005,4,1082190.0,B2_base,nan,98413.0,333414.0,1082190.0,79a157f9f3eac67853f984b08891b840b30023f1af4f75ef9dda97e5d9174bbe,nan,1415604.0,,0.0,1082190.0,B2_base,98413.0,79a157f9f3eac67853f984b08891b840b30023f1af4f75ef9dda97e5d9174bbe,nan,,0.9715992805828498,0.0,0.0,6894.0,6894.0,14.275166811720336,0.0,0.0,B,0.9715992805828498,AI_VERIFIED
95618.0,root3:batch_03,46380.0,0.05333069631169596,823288.0,case_005,4,1082190.0,base_base,nan,98300.0,333414.0,1082190.0,79a157f9f3eac67853f984b08891b840b30023f1af4f75ef9dda97e5d9174bbe,nan,1415604.0,,0.0,1082190.0,base_base,98300.0,79a157f9f3eac67853f984b08891b840b30023f1af4f75ef9dda97e5d9174bbe,nan,,0.9727161749745676,0.0,0.0,6894.0,6894.0,14.2587757470264,0.0,0.0,C,0.9727161749745676,AI_VERIFIED
95618.0,root3:batch_03,0,0,0,case_005,5,601980.0,A2_base,nan,105463.0,333414.0,601980.0,91a630e97dc170ef9320fc23de83e1f868b68afd5555083139384741f95cada6,nan,935394.0,,0.0,601980.0,A2_base,105463.0,91a630e97dc170ef9320fc23de83e1f868b68afd5555083139384741f95cada6,nan,,0.9066497254961455,0.0,0.0,6894.0,6894.0,15.297795184218161,0.0,0.0,A,0.9066497254961455,AI_VERIFIED
95618.0,root3:batch_03,0,0,0,case_005,5,0.0,B0_base,nan,95618.0,333414.0,0.0,7e0987138dd1628d5883fc79621836a17989a20fec78e651a12d0574a78d1231,nan,333414.0,,0.0,0.0,B0_base,95618.0,7e0987138dd1628d5883fc79621836a17989a20fec78e651a12d0574a78d1231,nan,,1.0,0.0,0.0,6894.0,6894.0,13.869741804467653,0.0,0.0,B,1.0,AI_VERIFIED
95618.0,root3:batch_03,0.0,0.0,318822.0,case_005,5,0.0,base_base,nan,95618.0,333414.0,0.0,7e0987138dd1628d5883fc79621836a17989a20fec78e651a12d0574a78d1231,nan,333414.0,,0.0,0.0,base_base,95618.0,7e0987138dd1628d5883fc79621836a17989a20fec78e651a12d0574a78d1231,nan,,1.0,0.0,0.0,6894.0,6894.0,13.869741804467653,0.0,0.0,C,1.0,AI_VERIFIED
82837.0,root3:batch_03,0,0,0,case_006,1,16400.0,A0_base,nan,82837.0,543348.0,0.0,0dd68d9434842a547ce499dcd5b47f6c8584006033324288b0d1dd9342cfd4aa,nan,559748.0,,16400.0,16400.0,A0_base,82837.0,0dd68d9434842a547ce499dcd5b47f6c8584006033324288b0d1dd9342cfd4aa,nan,,1.0,0.0,0.0,2836.0,9055.8,9.147397248172442,0.0,0.0,A,1.0,AI_VERIFIED
82837.0,root3:batch_03,0,0,0,case_006,1,172068.0,B3_base,nan,76655.0,543348.0,0.0,2260fc01f1f2043d3746509ef13a20a57c11df9ea4a37c7d2560b293042883ad,nan,715416.0,,172068.0,172068.0,B3_base,76655.0,2260fc01f1f2043d3746509ef13a20a57c11df9ea4a37c7d2560b293042883ad,nan,,1.0806470549866285,0.0,0.0,2836.0,9055.8,8.464740829081915,0.0,0.0,B,1.0806470549866285,AI_VERIFIED
82837.0,root3:batch_03,9216.0,0.014538433143084306,624690.0,case_006,1,172068.0,base_base,nan,76655.0,543348.0,0.0,2260fc01f1f2043d3746509ef13a20a57c11df9ea4a37c7d2560b293042883ad,nan,715416.0,,172068.0,172068.0,base_base,76655.0,2260fc01f1f2043d3746509ef13a20a57c11df9ea4a37c7d2560b293042883ad,nan,,1.0806470549866285,0.0,0.0,2836.0,9055.8,8.464740829081915,0.0,0.0,C,1.0806470549866285,AI_VERIFIED
82837.0,root3:batch_03,0,0,0,case_006,2,56200.0,A1_base,nan,42696.0,543348.0,43904.0,1a5166d4e249faea6e60cd15a71bbc4c5b7bcce5583764f8ceb3fbf950f4bc2f,nan,599548.0,,12296.0,56200.0,A1_base,42696.0,1a5166d4e249faea6e60cd15a71bbc4c5b7bcce5583764f8ceb3fbf950f4bc2f,nan,,1.9401583286490538,0.0,0.0,2836.0,9055.8,4.7147684356986685,0.0,0.0,A,1.9401583286490538,AI_VERIFIED
82837.0,root3:batch_03,0,0,0,case_006,2,56200.0,B1_base,nan,42696.0,543348.0,43904.0,1a5166d4e249faea6e60cd15a71bbc4c5b7bcce5583764f8ceb3fbf950f4bc2f,nan,599548.0,,12296.0,56200.0,B1_base,42696.0,1a5166d4e249faea6e60cd15a71bbc4c5b7bcce5583764f8ceb3fbf950f4bc2f,nan,,1.9401583286490538,0.0,0.0,2836.0,9055.8,4.7147684356986685,0.0,0.0,B,1.9401583286490538,AI_VERIFIED
82837.0,root3:batch_03,56192.0,0.09373769726086811,543268.0,case_006,2,56200.0,base_base,nan,42696.0,543348.0,43904.0,1a5166d4e249faea6e60cd15a71bbc4c5b7bcce5583764f8ceb3fbf950f4bc2f,nan,599548.0,,12296.0,56200.0,base_base,42696.0,1a5166d4e249faea6e60cd15a71bbc4c5b7bcce5583764f8ceb3fbf950f4bc2f,nan,,1.9401583286490538,0.0,0.0,2836.0,9055.8,4.7147684356986685,0.0,0.0,C,1.9401583286490538,AI_VERIFIED
82837.0,root3:batch_03,0,0,0,case_006,3,30080.0,A1_base,nan,31152.0,543348.0,30080.0,fa4c9ad0ae2717113c58eb4a447ac0dd6c51f97740ecda1693c81f75dc236d75,nan,573428.0,,0.0,30080.0,A1_base,31152.0,fa4c9ad0ae2717113c58eb4a447ac0dd6c51f97740ecda1693c81f75dc236d75,nan,,2.659123009758603,0.0,0.0,2836.0,9055.8,3.440005300470417,0.0,0.0,A,2.659123009758603,AI_VERIFIED
82837.0,root3:batch_03,0,0,0,case_006,3,30080.0,B1_base,nan,31152.0,543348.0,30080.0,fa4c9ad0ae2717113c58eb4a447ac0dd6c51f97740ecda1693c81f75dc236d75,nan,573428.0,,0.0,30080.0,B1_base,31152.0,fa4c9ad0ae2717113c58eb4a447ac0dd6c51f97740ecda1693c81f75dc236d75,nan,,2.659123009758603,0.0,0.0,2836.0,9055.8,3.440005300470417,0.0,0.0,B,2.659123009758603,AI_VERIFIED
82837.0,root3:batch_03,30080.0,0.05246414020204275,543264.0,case_006,3,30080.0,base_base,nan,31152.0,543348.0,30080.0,fa4c9ad0ae2717113c58eb4a447ac0dd6c51f97740ecda1693c81f75dc236d75,nan,573428.0,,0.0,30080.0,base_base,31152.0,fa4c9ad0ae2717113c58eb4a447ac0dd6c51f97740ecda1693c81f75dc236d75,nan,,2.659123009758603,0.0,0.0,2836.0,9055.8,3.440005300470417,0.0,0.0,C,2.659123009758603,AI_VERIFIED
82837.0,root3:batch_03,0,0,0,case_006,4,61184.0,A1_base,nan,31428.0,543348.0,61184.0,8b7a78414253d11d4044ede6fc6a9cfa8b0be50d747c8f9ad8c59fb80e15564f,nan,604532.0,,0.0,61184.0,A1_move,48537.0,7163595d2e13b7fe05ac3de0553efa47091412d60e1c57c5ef838d8676de9acc,nan,,1.7066773801429838,17109.0,0.3524939736695717,2836.0,9055.8,3.4704830053667264,0.0,0.0,A,2.6357706503754614,AI_VERIFIED
82837.0,root3:batch_03,0,0,0,case_006,4,61184.0,B1_base,nan,31428.0,543348.0,61184.0,8b7a78414253d11d4044ede6fc6a9cfa8b0be50d747c8f9ad8c59fb80e15564f,nan,604532.0,,0.0,61184.0,B1_move,48161.0,7163595d2e13b7fe05ac3de0553efa47091412d60e1c57c5ef838d8676de9acc,nan,,1.720001661095077,16733.0,0.34743879902825936,2836.0,9055.8,3.4704830053667264,0.0,0.0,B,2.6357706503754614,AI_VERIFIED
82837.0,root3:batch_03,55424.0,0.09169357827306898,549024.0,case_006,4,61184.0,base_base,nan,31428.0,543348.0,61184.0,8b7a78414253d11d4044ede6fc6a9cfa8b0be50d747c8f9ad8c59fb80e15564f,nan,604532.0,,0.0,61184.0,base_base,31428.0,8b7a78414253d11d4044ede6fc6a9cfa8b0be50d747c8f9ad8c59fb80e15564f,nan,,2.6357706503754614,0.0,0.0,2836.0,9055.8,3.4704830053667264,0.0,0.0,C,2.6357706503754614,AI_VERIFIED
82837.0,root3:batch_03,0,0,0,case_006,5,64640.0,A1_base,nan,31753.0,543348.0,64640.0,eb3b812eea3e429fd117985ce7c99ae8174e61ca2470dcfed49a4c9e74abb477,nan,607988.0,,0.0,64640.0,A1_move,44408.0,872cf24e6c68296cae519d612d76b89da19c3ee3df50d65d9b94824c3c77f376,nan,,1.865362096919474,12655.0,0.284971176364619,2836.0,9055.8,3.5063716071468014,0.0,0.0,A,2.608792869965043,AI_VERIFIED
82837.0,root3:batch_03,0,0,0,case_006,5,64640.0,B1_base,nan,31753.0,543348.0,64640.0,eb3b812eea3e429fd117985ce7c99ae8174e61ca2470dcfed49a4c9e74abb477,nan,607988.0,,0.0,64640.0,B1_move,44033.0,872cf24e6c68296cae519d612d76b89da19c3ee3df50d65d9b94824c3c77f376,nan,,1.8812481547929962,12280.0,0.278881747780074,2836.0,9055.8,3.5063716071468014,0.0,0.0,B,2.608792869965043,AI_VERIFIED
82837.0,root3:batch_03,55424.0,0.09117229036163604,552480.0,case_006,5,64640.0,base_base,nan,31753.0,543348.0,64640.0,eb3b812eea3e429fd117985ce7c99ae8174e61ca2470dcfed49a4c9e74abb477,nan,607988.0,,0.0,64640.0,base_base,31753.0,eb3b812eea3e429fd117985ce7c99ae8174e61ca2470dcfed49a4c9e74abb477,nan,,2.608792869965043,0.0,0.0,2836.0,9055.8,3.5063716071468014,0.0,0.0,C,2.608792869965043,AI_VERIFIED
1012562.0,root3:batch_01,0,0,0,case_007,1,0.0,A0_base,nan,1012562.0,1732608.0,0.0,f89f57b72186f22a989e130ded5e82638268a0f3fbd140d7d0e07afc8cd2b6ab,nan,1732608.0,,0.0,0.0,A0_base,1012562.0,f89f57b72186f22a989e130ded5e82638268a0f3fbd140d7d0e07afc8cd2b6ab,nan,,1.0,0.0,0.0,1632.0,28876.8,35.06489638741135,0.0,0.0,A,1.0,AI_VERIFIED
1012562.0,root3:batch_01,0,0,0,case_007,1,10152960.0,B3_aggregate,nan,1210160.0,1732608.0,0.0,7a6fd0117640576f0f425edb6c5f94b9618d3c7054788361c0efa80d45b5ab80,nan,11885568.0,,10152960.0,12862464.0,B3_base,1319924.0,d1c8eec43b33ac000141ef8f92eb70551b40b56fea3f85d1ad26e7659df6a6a0,nan,,0.7671365927129138,109764.0,0.08315933341616638,1632.0,28876.8,41.90769060283688,0.0,0.0,B,0.8367174588484168,AI_VERIFIED
1012562.0,root3:batch_01,562176.0,0.2172106824925816,2025984.0,case_007,1,2810880.0,base_aggregate,nan,1155794.0,1732608.0,0.0,8ed0651a7af651539265499af3e80ff7c721efab1bcf9d3703ed1e3b0effa9d0,nan,4543488.0,,2810880.0,10152960.0,base_base,1210160.0,7a6fd0117640576f0f425edb6c5f94b9618d3c7054788361c0efa80d45b5ab80,nan,,0.8367174588484168,54366.0,0.04492463806438818,1632.0,28876.8,40.025002770390074,0.0,0.0,C,0.8760748022571496,AI_VERIFIED
1012562.0,root3:batch_01,0,0,0,case_007,2,27648.0,A1_base,nan,507494.0,1732608.0,27648.0,ed1ca4e2c3b9b851e2ac824c39d036fcc4c5b1538d76c4018e85d70d8504dc1a,nan,1760256.0,,0.0,115200.0,A2_base,1015764.0,90701511aaaa0b087fc9c14e89b14ec02ad522f579d447bc3b966850640b2d67,nan,,0.9968476929680516,508270.0,0.5003819784910668,1632.0,28876.8,17.57445423315603,0.0,0.0,A,1.9952196479170197,AI_VERIFIED
1012562.0,root3:batch_01,0,0,0,case_007,2,27648.0,B1_base,nan,507494.0,1732608.0,27648.0,ed1ca4e2c3b9b851e2ac824c39d036fcc4c5b1538d76c4018e85d70d8504dc1a,nan,1760256.0,,0.0,27648.0,B1_base,507494.0,ed1ca4e2c3b9b851e2ac824c39d036fcc4c5b1538d76c4018e85d70d8504dc1a,nan,,1.9952196479170197,0.0,0.0,1632.0,28876.8,17.57445423315603,0.0,0.0,B,1.9952196479170197,AI_VERIFIED
1012562.0,root3:batch_01,0.0,0.0,907776.0,case_007,2,27648.0,base_base,nan,507494.0,1732608.0,27648.0,ed1ca4e2c3b9b851e2ac824c39d036fcc4c5b1538d76c4018e85d70d8504dc1a,nan,1760256.0,,0.0,27648.0,base_base,507494.0,ed1ca4e2c3b9b851e2ac824c39d036fcc4c5b1538d76c4018e85d70d8504dc1a,nan,,1.9952196479170197,0.0,0.0,1632.0,28876.8,17.57445423315603,0.0,0.0,C,1.9952196479170197,AI_VERIFIED
1012562.0,root3:batch_01,0,0,0,case_007,3,55296.0,A1_base,nan,338094.0,1732608.0,55296.0,f2a571deae10ddfaebe9b9420b8a146c96090459cf603b992d23f0bc09e66df3,nan,1787904.0,,0.0,55296.0,A1_base,338094.0,f2a571deae10ddfaebe9b9420b8a146c96090459cf603b992d23f0bc09e66df3,nan,,2.994912657426633,0.0,0.0,1632.0,28876.8,11.708153257978724,0.0,0.0,A,2.994912657426633,AI_VERIFIED
1012562.0,root3:batch_01,0,0,0,case_007,3,55296.0,B1_base,nan,338094.0,1732608.0,55296.0,f2a571deae10ddfaebe9b9420b8a146c96090459cf603b992d23f0bc09e66df3,nan,1787904.0,,0.0,55296.0,B1_base,338094.0,f2a571deae10ddfaebe9b9420b8a146c96090459cf603b992d23f0bc09e66df3,nan,,2.994912657426633,0.0,0.0,1632.0,28876.8,11.708153257978724,0.0,0.0,B,2.994912657426633,AI_VERIFIED
1012562.0,root3:batch_01,0.0,0.0,935424.0,case_007,3,55296.0,base_base,nan,338094.0,1732608.0,55296.0,f2a571deae10ddfaebe9b9420b8a146c96090459cf603b992d23f0bc09e66df3,nan,1787904.0,,0.0,55296.0,base_base,338094.0,f2a571deae10ddfaebe9b9420b8a146c96090459cf603b992d23f0bc09e66df3,nan,,2.994912657426633,0.0,0.0,1632.0,28876.8,11.708153257978724,0.0,0.0,C,2.994912657426633,AI_VERIFIED
1012562.0,root3:batch_01,0,0,0,case_007,4,82944.0,A1_base,nan,254398.0,1732608.0,82944.0,26a0968e3507e43544e4794de1d41fdbd1442e7720a678ebbb3f43d4b3f434b2,nan,1815552.0,,0.0,274944.0,A2_base,1020728.0,afeba33a66298340bcbc000299e44585ee8f1eb2b6806261a56e5694355786f5,nan,,0.9919998275740451,766330.0,0.7507680792532389,1632.0,28876.8,8.809771165780141,0.0,0.0,A,3.980227831979811,AI_VERIFIED
1012562.0,root3:batch_01,0,0,0,case_007,4,82944.0,B1_base,nan,254398.0,1732608.0,82944.0,26a0968e3507e43544e4794de1d41fdbd1442e7720a678ebbb3f43d4b3f434b2,nan,1815552.0,,0.0,82944.0,B1_base,254398.0,26a0968e3507e43544e4794de1d41fdbd1442e7720a678ebbb3f43d4b3f434b2,nan,,3.980227831979811,0.0,0.0,1632.0,28876.8,8.809771165780141,0.0,0.0,B,3.980227831979811,AI_VERIFIED
1012562.0,root3:batch_01,0.0,0.0,963072.0,case_007,4,82944.0,base_base,nan,254398.0,1732608.0,82944.0,26a0968e3507e43544e4794de1d41fdbd1442e7720a678ebbb3f43d4b3f434b2,nan,1815552.0,,0.0,82944.0,base_base,254398.0,26a0968e3507e43544e4794de1d41fdbd1442e7720a678ebbb3f43d4b3f434b2,nan,,3.980227831979811,0.0,0.0,1632.0,28876.8,8.809771165780141,0.0,0.0,C,3.980227831979811,AI_VERIFIED
1012562.0,root3:batch_01,0,0,0,case_007,5,110592.0,A1_base,nan,203834.0,1732608.0,110592.0,16568d04c9a6a6af93ba3445e430d38a3e5706967467604581eec7b3c044e288,nan,1843200.0,,0.0,110592.0,A1_base,203834.0,16568d04c9a6a6af93ba3445e430d38a3e5706967467604581eec7b3c044e288,nan,,4.967581463347626,0.0,0.0,1632.0,28876.8,7.0587461214539005,0.0,0.0,A,4.967581463347626,AI_VERIFIED
1012562.0,root3:batch_01,0,0,0,case_007,5,110592.0,B1_base,nan,203834.0,1732608.0,110592.0,16568d04c9a6a6af93ba3445e430d38a3e5706967467604581eec7b3c044e288,nan,1843200.0,,0.0,110592.0,B1_base,203834.0,16568d04c9a6a6af93ba3445e430d38a3e5706967467604581eec7b3c044e288,nan,,4.967581463347626,0.0,0.0,1632.0,28876.8,7.0587461214539005,0.0,0.0,B,4.967581463347626,AI_VERIFIED
1012562.0,root3:batch_01,0.0,0.0,990720.0,case_007,5,110592.0,base_base,nan,203834.0,1732608.0,110592.0,16568d04c9a6a6af93ba3445e430d38a3e5706967467604581eec7b3c044e288,nan,1843200.0,,0.0,110592.0,base_base,203834.0,16568d04c9a6a6af93ba3445e430d38a3e5706967467604581eec7b3c044e288,nan,,4.967581463347626,0.0,0.0,1632.0,28876.8,7.0587461214539005,0.0,0.0,C,4.967581463347626,AI_VERIFIED
487605.0,root3:batch_01,0,0,0,case_008,1,0.0,A2_base,nan,488014.0,2654424.0,0.0,165b8c2b9c7613543fb03b60817f0762882136a2a283a555105fd9c5203618c3,nan,2654424.0,,0.0,0.0,A2_base,488014.0,165b8c2b9c7613543fb03b60817f0762882136a2a283a555105fd9c5203618c3,nan,,0.9991619092894876,0.0,0.0,4512.0,44240.4,11.030958128769178,0.0,0.0,A,0.9991619092894876,AI_VERIFIED
487605.0,root3:batch_01,0,0,0,case_008,1,7059072.0,B3_aggregate,nan,405761.0,2654424.0,0.0,5408eb4bdd83cb58dd88031a4f075ee1906f17ad822c161e6793c1c89af79d1c,nan,9713496.0,,7059072.0,10562688.0,B3_base,500608.0,6b17dfd133d0b62a43ef318aaa9859efc476b5e279265e3c93b3f4f599ce09fd,nan,,0.9740255848887752,94847.0,0.18946361224750702,4512.0,44240.4,9.171729912026112,0.0,0.0,B,1.2017049445363157,AI_VERIFIED
487605.0,root3:batch_01,0.0,0.0,3751320.0,case_008,1,3520896.0,base_aggregate,nan,335225.0,2654424.0,0.0,ed81298101127866b4a4997ebe3c3565d4a62c2b7304e92ac9950aa62d7688e1,nan,6175320.0,,3520896.0,7059072.0,base_base,405761.0,5408eb4bdd83cb58dd88031a4f075ee1906f17ad822c161e6793c1c89af79d1c,nan,,1.2017049445363157,70536.0,0.17383632236710772,4512.0,44240.4,7.577350114375096,0.0,0.0,C,1.454560369900813,AI_VERIFIED
487605.0,root3:batch_01,0,0,0,case_008,2,0.0,A2_base,nan,244984.0,2654424.0,0.0,1871a367e1cf33aa93d6470c45ecccba9a24c12c7ecebe309f95f547e1d2df14,nan,2654424.0,,0.0,0.0,A2_base,244984.0,1871a367e1cf33aa93d6470c45ecccba9a24c12c7ecebe309f95f547e1d2df14,nan,,1.990354472128792,0.0,0.0,4512.0,44240.4,5.537562951510384,0.0,0.0,A,1.990354472128792,AI_VERIFIED
487605.0,root3:batch_01,0,0,0,case_008,2,0.0,B1_base,nan,244266.0,2654424.0,0.0,0492afa1d4f125be48dec376b180ed57d14a7b193551c0eec269b738fca8915d,nan,2654424.0,,0.0,0.0,B1_base,244266.0,0492afa1d4f125be48dec376b180ed57d14a7b193551c0eec269b738fca8915d,nan,,1.9962049568912579,0.0,0.0,4512.0,44240.4,5.521333441831448,0.0,0.0,B,1.9962049568912579,AI_VERIFIED
487605.0,root3:batch_01,0.0,0.0,1990872.0,case_008,2,0.0,base_base,nan,244266.0,2654424.0,0.0,0492afa1d4f125be48dec376b180ed57d14a7b193551c0eec269b738fca8915d,nan,2654424.0,,0.0,0.0,base_base,244266.0,0492afa1d4f125be48dec376b180ed57d14a7b193551c0eec269b738fca8915d,nan,,1.9962049568912579,0.0,0.0,4512.0,44240.4,5.521333441831448,0.0,0.0,C,1.9962049568912579,AI_VERIFIED
487605.0,root3:batch_01,0,0,0,case_008,3,0.0,A2_base,nan,164386.0,2654424.0,0.0,edba00d008941929f5ca2a16715e69ec7d4fa96fefdd05edfc3a1046d9407daf,nan,2654424.0,,0.0,0.0,A2_base,164386.0,edba00d008941929f5ca2a16715e69ec7d4fa96fefdd05edfc3a1046d9407daf,nan,,2.9662197510736923,0.0,0.0,4512.0,44240.4,3.715743980615003,0.0,0.0,A,2.9662197510736923,AI_VERIFIED
487605.0,root3:batch_01,0,0,0,case_008,3,0.0,B1_base,nan,163359.0,2654424.0,0.0,539aff4acd4c42e9d75d68659fef335ece691403c52549eda7b63ec46b065b7a,nan,2654424.0,,0.0,0.0,B1_base,163359.0,539aff4acd4c42e9d75d68659fef335ece691403c52549eda7b63ec46b065b7a,nan,,2.984867684057811,0.0,0.0,4512.0,44240.4,3.692529904792904,0.0,0.0,B,2.984867684057811,AI_VERIFIED
487605.0,root3:batch_01,0.0,0.0,1990872.0,case_008,3,0.0,base_base,nan,163359.0,2654424.0,0.0,539aff4acd4c42e9d75d68659fef335ece691403c52549eda7b63ec46b065b7a,nan,2654424.0,,0.0,0.0,base_base,163359.0,539aff4acd4c42e9d75d68659fef335ece691403c52549eda7b63ec46b065b7a,nan,,2.984867684057811,0.0,0.0,4512.0,44240.4,3.692529904792904,0.0,0.0,C,2.984867684057811,AI_VERIFIED
487605.0,root3:batch_01,0,0,0,case_008,4,0.0,A1_base,nan,123060.0,2654424.0,0.0,94be39d84f6cc94fa57f4d8bf020031e5e5b3a0b963f83b54ed62b46ac360b6d,nan,2654424.0,,0.0,0.0,A1_base,123060.0,94be39d84f6cc94fa57f4d8bf020031e5e5b3a0b963f83b54ed62b46ac360b6d,nan,,3.962335446123842,0.0,0.0,4512.0,44240.4,2.781620419345214,0.0,0.0,A,3.962335446123842,AI_VERIFIED
487605.0,root3:batch_01,0,0,0,case_008,4,0.0,B1_base,nan,123060.0,2654424.0,0.0,94be39d84f6cc94fa57f4d8bf020031e5e5b3a0b963f83b54ed62b46ac360b6d,nan,2654424.0,,0.0,0.0,B1_base,123060.0,94be39d84f6cc94fa57f4d8bf020031e5e5b3a0b963f83b54ed62b46ac360b6d,nan,,3.962335446123842,0.0,0.0,4512.0,44240.4,2.781620419345214,0.0,0.0,B,3.962335446123842,AI_VERIFIED
487605.0,root3:batch_01,0.0,0.0,1990872.0,case_008,4,0.0,base_base,nan,123060.0,2654424.0,0.0,94be39d84f6cc94fa57f4d8bf020031e5e5b3a0b963f83b54ed62b46ac360b6d,nan,2654424.0,,0.0,0.0,base_base,123060.0,94be39d84f6cc94fa57f4d8bf020031e5e5b3a0b963f83b54ed62b46ac360b6d,nan,,3.962335446123842,0.0,0.0,4512.0,44240.4,2.781620419345214,0.0,0.0,C,3.962335446123842,AI_VERIFIED
487605.0,root3:batch_01,0,0,0,case_008,5,0.0,A1_base,nan,100603.0,2654424.0,0.0,2bffcc946ce4ac0198506386664ce57a34e0478b2ff38da9ad07f76b102ef23e,nan,2654424.0,,0.0,0.0,A1_move,195661.0,2481593f3c75cb8f7ecb6741078fd829b5b926e7eaa630897e7ec42efc074762,nan,,2.4920909123432877,95058.0,0.48583008366511465,4512.0,44240.4,2.274007468286905,0.0,0.0,A,4.846823653370178,AI_VERIFIED
487605.0,root3:batch_01,0,0,0,case_008,5,0.0,B1_base,nan,100603.0,2654424.0,0.0,2bffcc946ce4ac0198506386664ce57a34e0478b2ff38da9ad07f76b102ef23e,nan,2654424.0,,0.0,0.0,B1_move,194943.0,2481593f3c75cb8f7ecb6741078fd829b5b926e7eaa630897e7ec42efc074762,nan,,2.5012696018836276,94340.0,0.48393633010674914,4512.0,44240.4,2.274007468286905,0.0,0.0,B,4.846823653370178,AI_VERIFIED
487605.0,root3:batch_01,0.0,0.0,1990872.0,case_008,5,0.0,base_base,nan,100603.0,2654424.0,0.0,2bffcc946ce4ac0198506386664ce57a34e0478b2ff38da9ad07f76b102ef23e,nan,2654424.0,,0.0,0.0,base_base,100603.0,2bffcc946ce4ac0198506386664ce57a34e0478b2ff38da9ad07f76b102ef23e,nan,,4.846823653370178,0.0,0.0,4512.0,44240.4,2.274007468286905,0.0,0.0,C,4.846823653370178,AI_VERIFIED
153261.0,root3:batch_04,0,0,0,case_009,1,17606.0,A2_base,nan,153007.0,495332.0,17606.0,5d44b1beec935ca9e844b9f749d71d033da37a7b65ec0e4b88197ae3ee60386c,nan,512938.0,,0.0,0.0,A0_base,153261.0,9a6b027382f92ea6c6e40cebcfce488401ffff00d14381b096caa54b012e0734,nan,,1.0,254.0,0.0016573035540678972,9965.0,9965.0,15.354440541896638,0.0,0.0,A,1.001660054768736,AI_VERIFIED
153261.0,root3:batch_04,0,0,0,case_009,1,12288.0,B3_aggregate,nan,160530.0,495332.0,0.0,ad2d497e3b068b29259f46c7fa8a246c3847c3f852dd298471bc2ea9abf80c50,nan,507620.0,,12288.0,12288.0,B3_aggregate,160530.0,ad2d497e3b068b29259f46c7fa8a246c3847c3f852dd298471bc2ea9abf80c50,nan,,0.95471874415997,0.0,0.0,9965.0,9965.0,16.10938283993979,0.0,0.0,B,0.95471874415997,AI_VERIFIED
153261.0,root3:batch_04,0.0,0.0,501338.0,case_009,1,12288.0,base_base,nan,160530.0,495332.0,0.0,ad2d497e3b068b29259f46c7fa8a246c3847c3f852dd298471bc2ea9abf80c50,nan,507620.0,,12288.0,12288.0,base_base,160530.0,ad2d497e3b068b29259f46c7fa8a246c3847c3f852dd298471bc2ea9abf80c50,nan,,0.95471874415997,0.0,0.0,9965.0,9965.0,16.10938283993979,0.0,0.0,C,0.95471874415997,AI_VERIFIED
153261.0,root3:batch_04,0,0,0,case_009,2,0.0,A1_base,nan,92198.0,495332.0,0.0,522bf8c2153238630ac2bd812a2895d2a28729d54f478b35c1fca3fb9be24046,nan,495332.0,,0.0,830956.0,A3_base,164568.0,d72cf6a8a003b5513b975cbdb58c6554d81207925004d97a1c2ae31d986afc0a,nan,,0.9312928394341549,72370.0,0.43975742550192015,9965.0,9965.0,9.252182639237331,0.0,0.0,A,1.66230286991041,AI_VERIFIED
153261.0,root3:batch_04,0,0,0,case_009,2,367942.0,B2_base,nan,142414.0,495332.0,367942.0,96125c4b155b82c71c3a3a108f4aebc6a5c0e3be9ddf8ec15a9bc78f744afae4,nan,863274.0,,0.0,562150.0,B3_base,154366.0,c3929d37a00244991743d804cfee73a2e69c98eefcd7b7abff2064e096e1e4b5,nan,,0.9928416879364627,11952.0,0.07742637627456823,9965.0,9965.0,14.291419969894632,0.0,0.0,B,1.0761652646509472,AI_VERIFIED
153261.0,root3:batch_04,25638.0,0.03704998959513515,666346.0,case_009,2,367942.0,base_base,nan,142414.0,495332.0,367942.0,96125c4b155b82c71c3a3a108f4aebc6a5c0e3be9ddf8ec15a9bc78f744afae4,nan,863274.0,,0.0,367942.0,base_base,142414.0,96125c4b155b82c71c3a3a108f4aebc6a5c0e3be9ddf8ec15a9bc78f744afae4,nan,,1.0761652646509472,0.0,0.0,9965.0,9965.0,14.291419969894632,0.0,0.0,C,1.0761652646509472,AI_VERIFIED
153261.0,root3:batch_04,0,0,0,case_009,3,95962.0,A2_base,nan,157875.0,495332.0,95962.0,57124f6263cf39232157909a53512b4b8380d2c93b4c68f69461ae424299c72b,nan,591294.0,,0.0,1215908.0,A3_base,161980.0,a8e7f153e0280b3d07f1b0411b5a0635205ac5a14a31b16c53ac140a89727385,nan,,0.9461723669588838,4105.0,0.02534263489319669,9965.0,9965.0,15.842950326141496,0.0,0.0,A,0.9707743467933492,AI_VERIFIED
153261.0,root3:batch_04,0,0,0,case_009,3,0.0,B0_base,nan,153261.0,495332.0,0.0,c6f90e094c7d8df7a60f3f017e38f5909c3497a4d027c517f33670d96157ea2c,nan,495332.0,,0.0,0.0,B0_base,153261.0,c6f90e094c7d8df7a60f3f017e38f5909c3497a4d027c517f33670d96157ea2c,nan,,1.0,0.0,0.0,9965.0,9965.0,15.379929754139487,0.0,0.0,B,1.0,AI_VERIFIED
153261.0,root3:batch_04,0.0,0.0,495194.0,case_009,3,0.0,base_base,nan,153261.0,495332.0,0.0,c6f90e094c7d8df7a60f3f017e38f5909c3497a4d027c517f33670d96157ea2c,nan,495332.0,,0.0,0.0,base_base,153261.0,c6f90e094c7d8df7a60f3f017e38f5909c3497a4d027c517f33670d96157ea2c,nan,,1.0,0.0,0.0,9965.0,9965.0,15.379929754139487,0.0,0.0,C,1.0,AI_VERIFIED
153261.0,root3:batch_04,0,0,0,case_009,4,127146.0,A2_base,nan,160906.0,495332.0,127146.0,eba4f174540f43187ee02c39dba8801cc619c18845f233ffeeb481d9d8d34138,nan,622478.0,,0.0,127146.0,A2_base,160906.0,eba4f174540f43187ee02c39dba8801cc619c18845f233ffeeb481d9d8d34138,nan,,0.9524877879010105,0.0,0.0,9965.0,9965.0,16.14711490215755,0.0,0.0,A,0.9524877879010105,AI_VERIFIED
153261.0,root3:batch_04,0,0,0,case_009,4,0.0,B0_base,nan,153261.0,495332.0,0.0,c3c1e04826c9558f892925b8d02e186d580775e411fa7a5d96ec5dbf53a84534,nan,495332.0,,0.0,0.0,B0_base,153261.0,c3c1e04826c9558f892925b8d02e186d580775e411fa7a5d96ec5dbf53a84534,nan,,1.0,0.0,0.0,9965.0,9965.0,15.379929754139487,0.0,0.0,B,1.0,AI_VERIFIED
153261.0,root3:batch_04,0.0,0.0,495194.0,case_009,4,0.0,base_base,nan,153261.0,495332.0,0.0,c3c1e04826c9558f892925b8d02e186d580775e411fa7a5d96ec5dbf53a84534,nan,495332.0,,0.0,0.0,base_base,153261.0,c3c1e04826c9558f892925b8d02e186d580775e411fa7a5d96ec5dbf53a84534,nan,,1.0,0.0,0.0,9965.0,9965.0,15.379929754139487,0.0,0.0,C,1.0,AI_VERIFIED
153261.0,root3:batch_04,0,0,0,case_009,5,162678.0,A2_base,nan,161458.0,495332.0,162678.0,ee405914b0a110f8c08b2ec12f31127fc803da9ba18cecb656c89bff3436042f,nan,658010.0,,0.0,162678.0,A2_base,161458.0,ee405914b0a110f8c08b2ec12f31127fc803da9ba18cecb656c89bff3436042f,nan,,0.949231379058331,0.0,0.0,9965.0,9965.0,16.202508780732565,0.0,0.0,A,0.949231379058331,AI_VERIFIED
153261.0,root3:batch_04,0,0,0,case_009,5,1098596.0,B2_base,nan,139951.0,495332.0,1098596.0,8312ef888de733f8dc192c8403467253f461bc8594722199e2acc1d73a5a6177,nan,1593928.0,,0.0,1098596.0,B2_base,139951.0,8312ef888de733f8dc192c8403467253f461bc8594722199e2acc1d73a5a6177,nan,,1.0951047152217561,0.0,0.0,9965.0,9965.0,14.044254892122428,0.0,0.0,B,1.0951047152217561,AI_VERIFIED
153261.0,root3:batch_04,177234.0,0.15655054234533441,954886.0,case_009,5,1098596.0,base_base,nan,138757.0,495332.0,1098596.0,8312ef888de733f8dc192c8403467253f461bc8594722199e2acc1d73a5a6177,nan,1593928.0,,0.0,1098596.0,base_base,138757.0,8312ef888de733f8dc192c8403467253f461bc8594722199e2acc1d73a5a6177,nan,,1.1045280598456295,0.0,0.0,9965.0,9965.0,13.924435524335173,0.0,0.0,C,1.1045280598456295,AI_VERIFIED
86969.0,root3:batch_04,0,0,0,case_010,1,0.0,A0_base,nan,86969.0,384150.0,0.0,12ce18a4efa8d21832329df40a0c0f23a81a95c9bcfdec85563a30d1e762e77c,nan,384150.0,,0.0,0.0,A0_base,86969.0,12ce18a4efa8d21832329df40a0c0f23a81a95c9bcfdec85563a30d1e762e77c,nan,,1.0,0.0,0.0,3146.0,6402.5,13.58360015618899,0.0,0.0,A,1.0,AI_VERIFIED
86969.0,root3:batch_04,0,0,0,case_010,1,0.0,B3_base,nan,82266.0,384150.0,0.0,aafa802cd0ff62e64cf81abaee1ae2aef975aa933448eeb214bc3ddd41058aff,nan,384150.0,,0.0,0.0,B3_aggregate,88451.0,c540835c1078937050ac740f163c2f7bf02223d3323cbd0997c1cef74bf87dd3,nan,,0.9832449604865972,6185.0,0.06992572158596284,3146.0,6402.5,12.849043342444357,0.0,0.0,B,1.0571682104393065,AI_VERIFIED
86969.0,root3:batch_04,0.0,0.0,384078.0,case_010,1,0.0,base_base,nan,82266.0,384150.0,0.0,aafa802cd0ff62e64cf81abaee1ae2aef975aa933448eeb214bc3ddd41058aff,nan,384150.0,,0.0,0.0,base_base,82266.0,aafa802cd0ff62e64cf81abaee1ae2aef975aa933448eeb214bc3ddd41058aff,nan,,1.0571682104393065,0.0,0.0,3146.0,6402.5,12.849043342444357,0.0,0.0,C,1.0571682104393065,AI_VERIFIED
86969.0,root3:batch_04,0,0,0,case_010,2,48384.0,A1_base,nan,46568.0,384150.0,48384.0,63c3c979d6685efd4d33f701695d7655d1892abf408ae35f942b4985dd014282,nan,432534.0,,0.0,48384.0,A1_base,46568.0,63c3c979d6685efd4d33f701695d7655d1892abf408ae35f942b4985dd014282,nan,,1.8675700051537536,0.0,0.0,3146.0,6402.5,7.27340882467786,0.0,0.0,A,1.8675700051537536,AI_VERIFIED
86969.0,root3:batch_04,0,0,0,case_010,2,48384.0,B1_base,nan,46568.0,384150.0,48384.0,63c3c979d6685efd4d33f701695d7655d1892abf408ae35f942b4985dd014282,nan,432534.0,,0.0,48384.0,B1_base,46568.0,63c3c979d6685efd4d33f701695d7655d1892abf408ae35f942b4985dd014282,nan,,1.8675700051537536,0.0,0.0,3146.0,6402.5,7.27340882467786,0.0,0.0,B,1.8675700051537536,AI_VERIFIED
86969.0,root3:batch_04,48384.0,0.11188035018105637,384078.0,case_010,2,48384.0,base_base,nan,46568.0,384150.0,48384.0,63c3c979d6685efd4d33f701695d7655d1892abf408ae35f942b4985dd014282,nan,432534.0,,0.0,48384.0,base_base,46568.0,63c3c979d6685efd4d33f701695d7655d1892abf408ae35f942b4985dd014282,nan,,1.8675700051537536,0.0,0.0,3146.0,6402.5,7.27340882467786,0.0,0.0,C,1.8675700051537536,AI_VERIFIED
86969.0,root3:batch_04,0,0,0,case_010,3,69120.0,A1_base,nan,32889.0,384150.0,69120.0,5ace6c06b9585acdfa157c5d650b3bee4018afebd24e9c9468ff0176cdb9244c,nan,453270.0,,0.0,69120.0,A1_base,32889.0,5ace6c06b9585acdfa157c5d650b3bee4018afebd24e9c9468ff0176cdb9244c,nan,,2.6443187691933474,0.0,0.0,3146.0,6402.5,5.136899648574776,0.0,0.0,A,2.6443187691933474,AI_VERIFIED
86969.0,root3:batch_04,0,0,0,case_010,3,69120.0,B1_base,nan,32889.0,384150.0,69120.0,5ace6c06b9585acdfa157c5d650b3bee4018afebd24e9c9468ff0176cdb9244c,nan,453270.0,,0.0,69120.0,B1_base,32889.0,5ace6c06b9585acdfa157c5d650b3bee4018afebd24e9c9468ff0176cdb9244c,nan,,2.6443187691933474,0.0,0.0,3146.0,6402.5,5.136899648574776,0.0,0.0,B,2.6443187691933474,AI_VERIFIED
86969.0,root3:batch_04,69120.0,0.1525161187825189,384078.0,case_010,3,69120.0,base_base,nan,32889.0,384150.0,69120.0,5ace6c06b9585acdfa157c5d650b3bee4018afebd24e9c9468ff0176cdb9244c,nan,453270.0,,0.0,69120.0,base_base,32889.0,5ace6c06b9585acdfa157c5d650b3bee4018afebd24e9c9468ff0176cdb9244c,nan,,2.6443187691933474,0.0,0.0,3146.0,6402.5,5.136899648574776,0.0,0.0,C,2.6443187691933474,AI_VERIFIED
86969.0,root3:batch_04,0,0,0,case_010,4,96768.0,A1_base,nan,29918.0,384150.0,96768.0,50db4c685221ec1725c52675db47c624e19b8818825a8300e39edb50b882d696,nan,480918.0,,0.0,96768.0,A1_base,29918.0,50db4c685221ec1725c52675db47c624e19b8818825a8300e39edb50b882d696,nan,,2.9069122267531253,0.0,0.0,3146.0,6402.5,4.672862163217493,0.0,0.0,A,2.9069122267531253,AI_VERIFIED
86969.0,root3:batch_04,0,0,0,case_010,4,96768.0,B1_base,nan,29918.0,384150.0,96768.0,50db4c685221ec1725c52675db47c624e19b8818825a8300e39edb50b882d696,nan,480918.0,,0.0,96768.0,B1_base,29918.0,50db4c685221ec1725c52675db47c624e19b8818825a8300e39edb50b882d696,nan,,2.9069122267531253,0.0,0.0,3146.0,6402.5,4.672862163217493,0.0,0.0,B,2.9069122267531253,AI_VERIFIED
86969.0,root3:batch_04,49536.0,0.10301843001709488,431310.0,case_010,4,96768.0,base_base,nan,29858.0,384150.0,96768.0,50db4c685221ec1725c52675db47c624e19b8818825a8300e39edb50b882d696,nan,480918.0,,0.0,96768.0,base_base,29858.0,50db4c685221ec1725c52675db47c624e19b8818825a8300e39edb50b882d696,nan,,2.9127537008506934,0.0,0.0,3146.0,6402.5,4.6634908238969155,0.0,0.0,C,2.9127537008506934,AI_VERIFIED
86969.0,root3:batch_04,0,0,0,case_010,5,145152.0,A1_base,nan,31019.0,384150.0,145152.0,d441a47f96302c92408c8b357cde347d41b51de2c1a4f83996614ad0539ab933,nan,529302.0,,0.0,145152.0,A1_base,31019.0,d441a47f96302c92408c8b357cde347d41b51de2c1a4f83996614ad0539ab933,nan,,2.8037331957832294,0.0,0.0,3146.0,6402.5,4.844826239750097,0.0,0.0,A,2.8037331957832294,AI_VERIFIED
86969.0,root3:batch_04,0,0,0,case_010,5,145152.0,B1_base,nan,31019.0,384150.0,145152.0,d441a47f96302c92408c8b357cde347d41b51de2c1a4f83996614ad0539ab933,nan,529302.0,,0.0,145152.0,B1_base,31019.0,d441a47f96302c92408c8b357cde347d41b51de2c1a4f83996614ad0539ab933,nan,,2.8037331957832294,0.0,0.0,3146.0,6402.5,4.844826239750097,0.0,0.0,B,2.8037331957832294,AI_VERIFIED
86969.0,root3:batch_04,99072.0,0.18720027209341875,430158.0,case_010,5,145152.0,base_base,nan,30621.0,384150.0,145152.0,d441a47f96302c92408c8b357cde347d41b51de2c1a4f83996614ad0539ab933,nan,529302.0,,0.0,145152.0,base_base,30621.0,d441a47f96302c92408c8b357cde347d41b51de2c1a4f83996614ad0539ab933,nan,,2.840175043270958,0.0,0.0,3146.0,6402.5,4.782663022256931,0.0,0.0,C,2.840175043270958,AI_VERIFIED
184697.0,root3:batch_02,0,0,0,case_011,1,0.0,A0_base,nan,184697.0,606208.0,0.0,dd532f33d8dba0014f7021fab8cde4ed9ea0c35357558500c69bfc1e1ceca465,nan,606208.0,,0.0,0.0,A0_base,184697.0,dd532f33d8dba0014f7021fab8cde4ed9ea0c35357558500c69bfc1e1ceca465,nan,,1.0,0.0,0.0,2120.0,10103.466666666667,18.28055716849662,0.0,0.0,A,1.0,AI_VERIFIED
184697.0,root3:batch_02,0,0,0,case_011,1,167936.0,B3_base,nan,186023.0,606208.0,0.0,078791cf8cae931c63390790914ffb5c7f019805dd37b269635cec40074acdb5,nan,774144.0,,167936.0,167936.0,B3_base,186023.0,078791cf8cae931c63390790914ffb5c7f019805dd37b269635cec40074acdb5,nan,,0.9928718491799401,0.0,0.0,2120.0,10103.466666666667,18.411799250422295,0.0,0.0,B,0.9928718491799401,AI_VERIFIED
184697.0,root3:batch_02,4096.0,0.006535947712418301,622592.0,case_011,1,167936.0,base_base,nan,186023.0,606208.0,0.0,078791cf8cae931c63390790914ffb5c7f019805dd37b269635cec40074acdb5,nan,774144.0,,167936.0,167936.0,base_base,186023.0,078791cf8cae931c63390790914ffb5c7f019805dd37b269635cec40074acdb5,nan,,0.9928718491799401,0.0,0.0,2120.0,10103.466666666667,18.411799250422295,0.0,0.0,C,0.9928718491799401,AI_VERIFIED
184697.0,root3:batch_02,0,0,0,case_011,2,180224.0,A1_base,nan,92646.0,606208.0,180224.0,d6bbfafe92ef2f32c3876ef7991ccca8030e32d9dbe9809cd73771841c6c9cca,nan,786432.0,,0.0,180224.0,A1_base,92646.0,d6bbfafe92ef2f32c3876ef7991ccca8030e32d9dbe9809cd73771841c6c9cca,nan,,1.9935777043801135,0.0,0.0,2120.0,10103.466666666667,9.169723923141891,0.0,0.0,A,1.9935777043801135,AI_VERIFIED
184697.0,root3:batch_02,0,0,0,case_011,2,180224.0,B1_base,nan,92646.0,606208.0,180224.0,d6bbfafe92ef2f32c3876ef7991ccca8030e32d9dbe9809cd73771841c6c9cca,nan,786432.0,,0.0,180224.0,B1_base,92646.0,d6bbfafe92ef2f32c3876ef7991ccca8030e32d9dbe9809cd73771841c6c9cca,nan,,1.9935777043801135,0.0,0.0,2120.0,10103.466666666667,9.169723923141891,0.0,0.0,B,1.9935777043801135,AI_VERIFIED
184697.0,root3:batch_02,0.0,0.0,720896.0,case_011,2,180224.0,base_base,nan,92646.0,606208.0,180224.0,d6bbfafe92ef2f32c3876ef7991ccca8030e32d9dbe9809cd73771841c6c9cca,nan,786432.0,,0.0,180224.0,base_base,92646.0,d6bbfafe92ef2f32c3876ef7991ccca8030e32d9dbe9809cd73771841c6c9cca,nan,,1.9935777043801135,0.0,0.0,2120.0,10103.466666666667,9.169723923141891,0.0,0.0,C,1.9935777043801135,AI_VERIFIED
184697.0,root3:batch_02,0,0,0,case_011,3,1081344.0,A1_base,nan,69625.0,606208.0,1081344.0,f87d5be7e2d332721db82bf0aa53640a3356ff7167d47442b008dbf85e3dce25,nan,1687552.0,,0.0,1312768.0,A2_base,190790.0,f93a4fa7f81889eabe2c92fd3ce0badd44576734d60901f0cac37bb5020b288c,nan,,0.9680643639603753,121165.0,0.6350699722207663,2120.0,10103.466666666667,6.891199060388513,0.0,0.0,A,2.6527396768402154,AI_VERIFIED
184697.0,root3:batch_02,0,0,0,case_011,3,1081344.0,B1_base,nan,69625.0,606208.0,1081344.0,f87d5be7e2d332721db82bf0aa53640a3356ff7167d47442b008dbf85e3dce25,nan,1687552.0,,0.0,1081344.0,B1_base,69625.0,f87d5be7e2d332721db82bf0aa53640a3356ff7167d47442b008dbf85e3dce25,nan,,2.6527396768402154,0.0,0.0,2120.0,10103.466666666667,6.891199060388513,0.0,0.0,B,2.6527396768402154,AI_VERIFIED
184697.0,root3:batch_02,919552.0,0.5669191919191919,702464.0,case_011,3,1081344.0,base_base,nan,69625.0,606208.0,1081344.0,f87d5be7e2d332721db82bf0aa53640a3356ff7167d47442b008dbf85e3dce25,nan,1687552.0,,0.0,1081344.0,base_base,69625.0,f87d5be7e2d332721db82bf0aa53640a3356ff7167d47442b008dbf85e3dce25,nan,,2.6527396768402154,0.0,0.0,2120.0,10103.466666666667,6.891199060388513,0.0,0.0,C,2.6527396768402154,AI_VERIFIED
184697.0,root3:batch_02,0,0,0,case_011,4,540672.0,A1_base,nan,46880.0,606208.0,540672.0,4b44b69c0f02d4aac53aa4bfc86e317c46a7664b2899b7e554ba3dd492a6ea96,nan,1146880.0,,0.0,540672.0,A1_base,46880.0,4b44b69c0f02d4aac53aa4bfc86e317c46a7664b2899b7e554ba3dd492a6ea96,nan,,3.9397824232081913,0.0,0.0,2120.0,10103.466666666667,4.6399915540540535,0.0,0.0,A,3.9397824232081913,AI_VERIFIED
184697.0,root3:batch_02,0,0,0,case_011,4,540672.0,B1_base,nan,46880.0,606208.0,540672.0,4b44b69c0f02d4aac53aa4bfc86e317c46a7664b2899b7e554ba3dd492a6ea96,nan,1146880.0,,0.0,540672.0,B1_base,46880.0,4b44b69c0f02d4aac53aa4bfc86e317c46a7664b2899b7e554ba3dd492a6ea96,nan,,3.9397824232081913,0.0,0.0,2120.0,10103.466666666667,4.6399915540540535,0.0,0.0,B,3.9397824232081913,AI_VERIFIED
184697.0,root3:batch_02,0.0,0.0,1081344.0,case_011,4,540672.0,base_base,nan,46880.0,606208.0,540672.0,4b44b69c0f02d4aac53aa4bfc86e317c46a7664b2899b7e554ba3dd492a6ea96,nan,1146880.0,,0.0,540672.0,base_base,46880.0,4b44b69c0f02d4aac53aa4bfc86e317c46a7664b2899b7e554ba3dd492a6ea96,nan,,3.9397824232081913,0.0,0.0,2120.0,10103.466666666667,4.6399915540540535,0.0,0.0,C,3.9397824232081913,AI_VERIFIED
184697.0,root3:batch_02,0,0,0,case_011,5,1622016.0,A1_base,nan,47287.0,606208.0,1622016.0,fad3efa6189e5616cdba353b27889880b6b1f8ff16a8ae7b526f4b716fc56771,nan,2228224.0,,0.0,1521664.0,A2_base,195482.0,252e1e155cd7358791c229252132d5a11b2c24001fc1e10f1e2206d24020e682,nan,,0.9448286798784543,148195.0,0.758100490070697,2120.0,10103.466666666667,4.6802747571790535,0.0,0.0,A,3.905872649988369,AI_VERIFIED
184697.0,root3:batch_02,0,0,0,case_011,5,1622016.0,B1_base,nan,47287.0,606208.0,1622016.0,fad3efa6189e5616cdba353b27889880b6b1f8ff16a8ae7b526f4b716fc56771,nan,2228224.0,,0.0,1622016.0,B1_base,47287.0,fad3efa6189e5616cdba353b27889880b6b1f8ff16a8ae7b526f4b716fc56771,nan,,3.905872649988369,0.0,0.0,2120.0,10103.466666666667,4.6802747571790535,0.0,0.0,B,3.905872649988369,AI_VERIFIED
184697.0,root3:batch_02,1347584.0,0.6231060606060606,815104.0,case_011,5,1622016.0,base_base,nan,46777.0,606208.0,1622016.0,fad3efa6189e5616cdba353b27889880b6b1f8ff16a8ae7b526f4b716fc56771,nan,2228224.0,,0.0,1622016.0,base_base,46777.0,fad3efa6189e5616cdba353b27889880b6b1f8ff16a8ae7b526f4b716fc56771,nan,,3.9484575753041025,0.0,0.0,2120.0,10103.466666666667,4.629797033361486,0.0,0.0,C,3.9484575753041025,AI_VERIFIED
59088.0,root3:batch_03,0,0,0,case_012,1,0.0,A0_base,nan,59088.0,554898.0,0.0,3961a7cf9ea609f267483144fdad668d4b0812c25ad226ed664c8ae123e0be9d,nan,554898.0,,0.0,0.0,A0_base,59088.0,3961a7cf9ea609f267483144fdad668d4b0812c25ad226ed664c8ae123e0be9d,nan,,1.0,0.0,0.0,2506.0,9248.3,6.389066098634344,0.0,0.0,A,1.0,AI_VERIFIED
59088.0,root3:batch_03,0,0,0,case_012,1,16384.0,B3_base,nan,50002.0,554898.0,0.0,47025d31a8df3fee9b0263ad479d08ed7b0a9a3cda8c1960177213139605224c,nan,571282.0,,16384.0,16384.0,B3_base,50002.0,47025d31a8df3fee9b0263ad479d08ed7b0a9a3cda8c1960177213139605224c,nan,,1.1817127314907403,0.0,0.0,2506.0,9248.3,5.406615269833376,0.0,0.0,B,1.1817127314907403,AI_VERIFIED
59088.0,root3:batch_03,8192.0,0.016503352243424446,488192.0,case_012,1,16384.0,base_base,nan,49967.0,554898.0,0.0,47025d31a8df3fee9b0263ad479d08ed7b0a9a3cda8c1960177213139605224c,nan,571282.0,,16384.0,16384.0,base_base,49967.0,47025d31a8df3fee9b0263ad479d08ed7b0a9a3cda8c1960177213139605224c,nan,,1.1825404767146317,0.0,0.0,2506.0,9248.3,5.402830790523664,0.0,0.0,C,1.1825404767146317,AI_VERIFIED
59088.0,root3:batch_03,0,0,0,case_012,2,29376.0,A1_base,nan,30058.0,554898.0,29376.0,36bb408f71c608a1f5d589ea27d9b734703686076bfd0969ad25ae308f6053ac,nan,584274.0,,0.0,29376.0,A1_base,30058.0,36bb408f71c608a1f5d589ea27d9b734703686076bfd0969ad25ae308f6053ac,nan,,1.965799454388183,0.0,0.0,2506.0,9248.3,3.250110831179785,0.0,0.0,A,1.965799454388183,AI_VERIFIED
59088.0,root3:batch_03,0,0,0,case_012,2,29376.0,B1_base,nan,30058.0,554898.0,29376.0,36bb408f71c608a1f5d589ea27d9b734703686076bfd0969ad25ae308f6053ac,nan,584274.0,,0.0,29376.0,B1_base,30058.0,36bb408f71c608a1f5d589ea27d9b734703686076bfd0969ad25ae308f6053ac,nan,,1.965799454388183,0.0,0.0,2506.0,9248.3,3.250110831179785,0.0,0.0,B,1.965799454388183,AI_VERIFIED
59088.0,root3:batch_03,29376.0,0.057210519755702356,484096.0,case_012,2,29376.0,base_base,nan,30058.0,554898.0,29376.0,36bb408f71c608a1f5d589ea27d9b734703686076bfd0969ad25ae308f6053ac,nan,584274.0,,0.0,29376.0,base_base,30058.0,36bb408f71c608a1f5d589ea27d9b734703686076bfd0969ad25ae308f6053ac,nan,,1.965799454388183,0.0,0.0,2506.0,9248.3,3.250110831179785,0.0,0.0,C,1.965799454388183,AI_VERIFIED
59088.0,root3:batch_03,0,0,0,case_012,3,39168.0,A1_base,nan,20661.0,554898.0,39168.0,2dc0ae27db651f544f92450ec19ff0186f3a746ced3953d1e2762975f9cf6e24,nan,594066.0,,0.0,39168.0,A1_base,20661.0,2dc0ae27db651f544f92450ec19ff0186f3a746ced3953d1e2762975f9cf6e24,nan,,2.8598809350951067,0.0,0.0,2506.0,9248.3,2.2340322005125266,0.0,0.0,A,2.8598809350951067,AI_VERIFIED
59088.0,root3:batch_03,0,0,0,case_012,3,39168.0,B1_base,nan,20661.0,554898.0,39168.0,2dc0ae27db651f544f92450ec19ff0186f3a746ced3953d1e2762975f9cf6e24,nan,594066.0,,0.0,39168.0,B1_base,20661.0,2dc0ae27db651f544f92450ec19ff0186f3a746ced3953d1e2762975f9cf6e24,nan,,2.8598809350951067,0.0,0.0,2506.0,9248.3,2.2340322005125266,0.0,0.0,B,2.8598809350951067,AI_VERIFIED
59088.0,root3:batch_03,39168.0,0.074853228962818,484096.0,case_012,3,39168.0,base_base,nan,20661.0,554898.0,39168.0,2dc0ae27db651f544f92450ec19ff0186f3a746ced3953d1e2762975f9cf6e24,nan,594066.0,,0.0,39168.0,base_base,20661.0,2dc0ae27db651f544f92450ec19ff0186f3a746ced3953d1e2762975f9cf6e24,nan,,2.8598809350951067,0.0,0.0,2506.0,9248.3,2.2340322005125266,0.0,0.0,C,2.8598809350951067,AI_VERIFIED
59088.0,root3:batch_03,0,0,0,case_012,4,49536.0,A1_base,nan,15863.0,554898.0,49536.0,336052cc7f990a6b43d607a3a7d7bbde119b3a1398acaebca6eb984f63c121a7,nan,604434.0,,0.0,49536.0,A1_base,15863.0,336052cc7f990a6b43d607a3a7d7bbde119b3a1398acaebca6eb984f63c121a7,nan,,3.7248944083716826,0.0,0.0,2506.0,9248.3,1.715234151141291,0.0,0.0,A,3.7248944083716826,AI_VERIFIED
59088.0,root3:batch_03,0,0,0,case_012,4,49536.0,B1_base,nan,15863.0,554898.0,49536.0,336052cc7f990a6b43d607a3a7d7bbde119b3a1398acaebca6eb984f63c121a7,nan,604434.0,,0.0,49536.0,B1_base,15863.0,336052cc7f990a6b43d607a3a7d7bbde119b3a1398acaebca6eb984f63c121a7,nan,,3.7248944083716826,0.0,0.0,2506.0,9248.3,1.715234151141291,0.0,0.0,B,3.7248944083716826,AI_VERIFIED
59088.0,root3:batch_03,49536.0,0.09282801631086592,484096.0,case_012,4,49536.0,base_base,nan,15863.0,554898.0,49536.0,336052cc7f990a6b43d607a3a7d7bbde119b3a1398acaebca6eb984f63c121a7,nan,604434.0,,0.0,49536.0,base_base,15863.0,336052cc7f990a6b43d607a3a7d7bbde119b3a1398acaebca6eb984f63c121a7,nan,,3.7248944083716826,0.0,0.0,2506.0,9248.3,1.715234151141291,0.0,0.0,C,3.7248944083716826,AI_VERIFIED
59088.0,root3:batch_03,0,0,0,case_012,5,53568.0,A1_base,nan,13406.0,554898.0,53568.0,0d5b9fb56e46d3a9a54cdbeab31469fac0597b13d2c9d65878000008b74e1c4f,nan,608466.0,,0.0,53568.0,A1_base,13406.0,0d5b9fb56e46d3a9a54cdbeab31469fac0597b13d2c9d65878000008b74e1c4f,nan,,4.407578696106221,0.0,0.0,2506.0,9248.3,1.4495637035995805,0.0,0.0,A,4.407578696106221,AI_VERIFIED
59088.0,root3:batch_03,0,0,0,case_012,5,53568.0,B1_base,nan,13406.0,554898.0,53568.0,0d5b9fb56e46d3a9a54cdbeab31469fac0597b13d2c9d65878000008b74e1c4f,nan,608466.0,,0.0,53568.0,B1_base,13406.0,0d5b9fb56e46d3a9a54cdbeab31469fac0597b13d2c9d65878000008b74e1c4f,nan,,4.407578696106221,0.0,0.0,2506.0,9248.3,1.4495637035995805,0.0,0.0,B,4.407578696106221,AI_VERIFIED
59088.0,root3:batch_03,41280.0,0.07677657421735508,496384.0,case_012,5,53568.0,base_base,nan,13406.0,554898.0,53568.0,0d5b9fb56e46d3a9a54cdbeab31469fac0597b13d2c9d65878000008b74e1c4f,nan,608466.0,,0.0,53568.0,base_base,13406.0,0d5b9fb56e46d3a9a54cdbeab31469fac0597b13d2c9d65878000008b74e1c4f,nan,,4.407578696106221,0.0,0.0,2506.0,9248.3,1.4495637035995805,0.0,0.0,C,4.407578696106221,AI_VERIFIED
263949.0,root3:batch_02,0,0,0,case_013,1,0.0,A0_base,nan,263949.0,2527232.0,0.0,3d9b95959ac4bc5d1a1e071da68509d177d8ef9b3398b830a8f78e4d463ea29d,nan,2527232.0,,0.0,0.0,A0_base,263949.0,3d9b95959ac4bc5d1a1e071da68509d177d8ef9b3398b830a8f78e4d463ea29d,nan,,1.0,0.0,0.0,400.0,42120.53333333333,6.266516093496759,0.0,0.0,A,1.0,AI_VERIFIED
263949.0,root3:batch_02,0,0,0,case_013,1,3872768.0,B3_aggregate,nan,379847.0,2527232.0,0.0,32203f58bd48563cd3ddbfa14410803b7f62648dd6bdcbbb9713305e75a213fb,nan,6400000.0,,3872768.0,3872768.0,B3_base,379891.0,91f1525af74e7fac569dd4de79e3789ac856b140f847ac489e10c0d0add648b9,nan,,0.6948019300272973,44.0,0.0001158226965103148,400.0,42120.53333333333,9.018095687297407,0.0,0.0,B,0.6948824131821496,AI_VERIFIED
263949.0,root3:batch_02,0.0,0.0,2492416.0,case_013,1,933888.0,base_aggregate,nan,309603.0,2527232.0,0.0,d6451f010154056d8005d2ada252589098983fa0004bf000e1382f4c94950c66,nan,3461120.0,,933888.0,3872768.0,base_base,379847.0,32203f58bd48563cd3ddbfa14410803b7f62648dd6bdcbbb9713305e75a213fb,nan,,0.6948824131821496,70244.0,0.18492708906480768,400.0,42120.53333333333,7.350405502937601,0.0,0.0,C,0.8525401885640643,AI_VERIFIED
263949.0,root3:batch_02,0,0,0,case_013,2,8192.0,A1_base,nan,132198.0,2527232.0,8192.0,c7f6f41f83c1e564d8c9655ae73a9e5d625760b6f97f5a47a21d47a1380f7655,nan,2535424.0,,0.0,8192.0,A1_base,132198.0,c7f6f41f83c1e564d8c9655ae73a9e5d625760b6f97f5a47a21d47a1380f7655,nan,,1.9966187083011846,0.0,0.0,400.0,42120.53333333333,3.1385642473662885,0.0,0.0,A,1.9966187083011846,AI_VERIFIED
263949.0,root3:batch_02,0,0,0,case_013,2,8192.0,B1_base,nan,132198.0,2527232.0,8192.0,c7f6f41f83c1e564d8c9655ae73a9e5d625760b6f97f5a47a21d47a1380f7655,nan,2535424.0,,0.0,8192.0,B1_base,132198.0,c7f6f41f83c1e564d8c9655ae73a9e5d625760b6f97f5a47a21d47a1380f7655,nan,,1.9966187083011846,0.0,0.0,400.0,42120.53333333333,3.1385642473662885,0.0,0.0,B,1.9966187083011846,AI_VERIFIED
263949.0,root3:batch_02,0.0,0.0,2031616.0,case_013,2,8192.0,base_base,nan,132198.0,2527232.0,8192.0,c7f6f41f83c1e564d8c9655ae73a9e5d625760b6f97f5a47a21d47a1380f7655,nan,2535424.0,,0.0,8192.0,base_base,132198.0,c7f6f41f83c1e564d8c9655ae73a9e5d625760b6f97f5a47a21d47a1380f7655,nan,,1.9966187083011846,0.0,0.0,400.0,42120.53333333333,3.1385642473662885,0.0,0.0,C,1.9966187083011846,AI_VERIFIED
263949.0,root3:batch_02,0,0,0,case_013,3,16384.0,A1_base,nan,88351.0,2527232.0,16384.0,8b46900c0d6b850bb5c5252455977633b8e8e2e010b3ae8b30388ea5bccb5fe7,nan,2543616.0,,0.0,16384.0,A1_base,88351.0,8b46900c0d6b850bb5c5252455977633b8e8e2e010b3ae8b30388ea5bccb5fe7,nan,,2.98750438591527,0.0,0.0,400.0,42120.53333333333,2.0975755292747165,0.0,0.0,A,2.98750438591527,AI_VERIFIED
263949.0,root3:batch_02,0,0,0,case_013,3,16384.0,B1_base,nan,88351.0,2527232.0,16384.0,8b46900c0d6b850bb5c5252455977633b8e8e2e010b3ae8b30388ea5bccb5fe7,nan,2543616.0,,0.0,16384.0,B1_base,88351.0,8b46900c0d6b850bb5c5252455977633b8e8e2e010b3ae8b30388ea5bccb5fe7,nan,,2.98750438591527,0.0,0.0,400.0,42120.53333333333,2.0975755292747165,0.0,0.0,B,2.98750438591527,AI_VERIFIED
263949.0,root3:batch_02,0.0,0.0,2039808.0,case_013,3,16384.0,base_base,nan,88351.0,2527232.0,16384.0,8b46900c0d6b850bb5c5252455977633b8e8e2e010b3ae8b30388ea5bccb5fe7,nan,2543616.0,,0.0,16384.0,base_base,88351.0,8b46900c0d6b850bb5c5252455977633b8e8e2e010b3ae8b30388ea5bccb5fe7,nan,,2.98750438591527,0.0,0.0,400.0,42120.53333333333,2.0975755292747165,0.0,0.0,C,2.98750438591527,AI_VERIFIED
263949.0,root3:batch_02,0,0,0,case_013,4,24576.0,A1_base,nan,66982.0,2527232.0,24576.0,ef7496f0a3bf94ca6f80de5be0949bd1fdfe0a0a79419feb05e826be91097975,nan,2551808.0,,0.0,24576.0,A1_base,66982.0,ef7496f0a3bf94ca6f80de5be0949bd1fdfe0a0a79419feb05e826be91097975,nan,,3.9405959810098237,0.0,0.0,400.0,42120.53333333333,1.590245770867099,0.0,0.0,A,3.9405959810098237,AI_VERIFIED
263949.0,root3:batch_02,0,0,0,case_013,4,24576.0,B1_base,nan,66982.0,2527232.0,24576.0,ef7496f0a3bf94ca6f80de5be0949bd1fdfe0a0a79419feb05e826be91097975,nan,2551808.0,,0.0,24576.0,B1_base,66982.0,ef7496f0a3bf94ca6f80de5be0949bd1fdfe0a0a79419feb05e826be91097975,nan,,3.9405959810098237,0.0,0.0,400.0,42120.53333333333,1.590245770867099,0.0,0.0,B,3.9405959810098237,AI_VERIFIED
263949.0,root3:batch_02,0.0,0.0,2048000.0,case_013,4,24576.0,base_base,nan,66982.0,2527232.0,24576.0,ef7496f0a3bf94ca6f80de5be0949bd1fdfe0a0a79419feb05e826be91097975,nan,2551808.0,,0.0,24576.0,base_base,66982.0,ef7496f0a3bf94ca6f80de5be0949bd1fdfe0a0a79419feb05e826be91097975,nan,,3.9405959810098237,0.0,0.0,400.0,42120.53333333333,1.590245770867099,0.0,0.0,C,3.9405959810098237,AI_VERIFIED
263949.0,root3:batch_02,0,0,0,case_013,5,32768.0,A1_base,nan,54363.0,2527232.0,32768.0,b7a1c107ba644c78b83da444ea015d4096f35238e5c1b69761a6b584053721b0,nan,2560000.0,,0.0,32768.0,A1_base,54363.0,b7a1c107ba644c78b83da444ea015d4096f35238e5c1b69761a6b584053721b0,nan,,4.855305998565201,0.0,0.0,400.0,42120.53333333333,1.2906531731158832,0.0,0.0,A,4.855305998565201,AI_VERIFIED
263949.0,root3:batch_02,0,0,0,case_013,5,32768.0,B1_base,nan,54363.0,2527232.0,32768.0,b7a1c107ba644c78b83da444ea015d4096f35238e5c1b69761a6b584053721b0,nan,2560000.0,,0.0,32768.0,B1_base,54363.0,b7a1c107ba644c78b83da444ea015d4096f35238e5c1b69761a6b584053721b0,nan,,4.855305998565201,0.0,0.0,400.0,42120.53333333333,1.2906531731158832,0.0,0.0,B,4.855305998565201,AI_VERIFIED
263949.0,root3:batch_02,0.0,0.0,2056192.0,case_013,5,32768.0,base_base,nan,54363.0,2527232.0,32768.0,b7a1c107ba644c78b83da444ea015d4096f35238e5c1b69761a6b584053721b0,nan,2560000.0,,0.0,32768.0,base_base,54363.0,b7a1c107ba644c78b83da444ea015d4096f35238e5c1b69761a6b584053721b0,nan,,4.855305998565201,0.0,0.0,400.0,42120.53333333333,1.2906531731158832,0.0,0.0,C,4.855305998565201,AI_VERIFIED
17698626.0,root3:batch_01,0,0,0,case_014,1,71559072.0,A2_base,nan,17698327.0,9932740.0,2304000.0,ac59d17c16be055a47328a42801b65b78d205067370b4afbd0d1ca01b4c5e900,nan,81491812.0,,69255072.0,71010720.0,A0_base,17698626.0,ce6af6c9549d3322c7bc061414692247b853518bcc6ae658e8855dd2c0f17ca0,nan,,1.0,299.0,1.6893966797196573e-05,31968.0,165545.66666666666,106.90903215024254,0.0,0.0,A,1.000016894252208,AI_VERIFIED
17698626.0,root3:batch_01,0,0,0,case_014,1,278109264.0,B3_base,nan,20060132.0,9932740.0,0.0,07c29355afb3d275249b66babf99d396e766b38e8c65fb017023438ad8bb6fb7,nan,288042004.0,,278109264.0,272160672.0,B3_aggregate,20080311.0,f2b79c34bb01803fd5c21cfdba6e043dc62c388c7247d760ec9c4759cdfced92,nan,,0.8813920262489958,20179.0,0.0010049147147173168,31968.0,165545.66666666666,121.1758205691481,0.0,0.0,B,0.8822786410378556,AI_VERIFIED
17698626.0,root3:batch_01,9836544.0,0.05456604684929461,170432040.0,case_014,1,278109264.0,base_base,nan,20036512.0,9932740.0,0.0,07c29355afb3d275249b66babf99d396e766b38e8c65fb017023438ad8bb6fb7,nan,288042004.0,,278109264.0,278109264.0,base_base,20036512.0,07c29355afb3d275249b66babf99d396e766b38e8c65fb017023438ad8bb6fb7,nan,,0.8833187133568956,0.0,0.0,31968.0,165545.66666666666,121.03314090573195,0.0,0.0,C,0.8833187133568956,AI_VERIFIED
17698626.0,root3:batch_01,0,0,0,case_014,2,75727800.0,A1_base,nan,8912981.0,9932740.0,9893208.0,2bdf9b595c6ea0782f60965da89bbe438602d078f6699720146275f8ded7616b,nan,85660540.0,,65834592.0,75727800.0,A1_base,8912981.0,2bdf9b595c6ea0782f60965da89bbe438602d078f6699720146275f8ded7616b,nan,,1.9857134218057908,0.0,0.0,31968.0,165545.66666666666,53.84001393371819,0.0,0.0,A,1.9857134218057908,AI_VERIFIED
17698626.0,root3:batch_01,0,0,0,case_014,2,75727800.0,B1_base,nan,8912981.0,9932740.0,9893208.0,2bdf9b595c6ea0782f60965da89bbe438602d078f6699720146275f8ded7616b,nan,85660540.0,,65834592.0,75727800.0,B1_base,8912981.0,2bdf9b595c6ea0782f60965da89bbe438602d078f6699720146275f8ded7616b,nan,,1.9857134218057908,0.0,0.0,31968.0,165545.66666666666,53.84001393371819,0.0,0.0,B,1.9857134218057908,AI_VERIFIED
17698626.0,root3:batch_01,21066240.0,0.24598759636914955,64573200.0,case_014,2,75727800.0,base_base,nan,8904766.0,9932740.0,9893208.0,2bdf9b595c6ea0782f60965da89bbe438602d078f6699720146275f8ded7616b,nan,85660540.0,,65834592.0,75727800.0,base_base,8904766.0,2bdf9b595c6ea0782f60965da89bbe438602d078f6699720146275f8ded7616b,nan,,1.9875453212358416,0.0,0.0,31968.0,165545.66666666666,53.79039016424471,0.0,0.0,C,1.9875453212358416,AI_VERIFIED
17698626.0,root3:batch_01,0,0,0,case_014,3,84088488.0,A1_base,nan,5993652.0,9932740.0,19786416.0,8dd7e7d14341322d244ae043842c80327417063a4abb3762fa2aaae313797795,nan,94021228.0,,64302072.0,84088488.0,A1_base,5993652.0,8dd7e7d14341322d244ae043842c80327417063a4abb3762fa2aaae313797795,nan,,2.9528951630825415,0.0,0.0,31968.0,165545.66666666666,36.20542972029873,0.0,0.0,A,2.9528951630825415,AI_VERIFIED
17698626.0,root3:batch_01,0,0,0,case_014,3,84088488.0,B1_base,nan,5993652.0,9932740.0,19786416.0,8dd7e7d14341322d244ae043842c80327417063a4abb3762fa2aaae313797795,nan,94021228.0,,64302072.0,84088488.0,B1_base,5993652.0,8dd7e7d14341322d244ae043842c80327417063a4abb3762fa2aaae313797795,nan,,2.9528951630825415,0.0,0.0,31968.0,165545.66666666666,36.20542972029873,0.0,0.0,B,2.9528951630825415,AI_VERIFIED
17698626.0,root3:batch_01,27222408.0,0.2895996907578679,66777720.0,case_014,3,84088488.0,base_base,nan,5957399.0,9932740.0,19786416.0,8dd7e7d14341322d244ae043842c80327417063a4abb3762fa2aaae313797795,nan,94021228.0,,64302072.0,84088488.0,base_base,5957399.0,8dd7e7d14341322d244ae043842c80327417063a4abb3762fa2aaae313797795,nan,,2.970864634045831,0.0,0.0,31968.0,165545.66666666666,35.98643878728327,0.0,0.0,C,2.970864634045831,AI_VERIFIED
17698626.0,root3:batch_01,0,0,0,case_014,4,90028440.0,A1_base,nan,4551951.0,9932740.0,29628936.0,b0d249c67620de9573f6a8c8527edf3fd6855844b90c59f33786a4c88fe01a50,nan,99961180.0,,60399504.0,90028440.0,A1_base,4551951.0,b0d249c67620de9573f6a8c8527edf3fd6855844b90c59f33786a4c88fe01a50,nan,,3.8881407115322637,0.0,0.0,31968.0,165545.66666666666,27.496648457525318,0.0,0.0,A,3.8881407115322637,AI_VERIFIED
17698626.0,root3:batch_01,0,0,0,case_014,4,90028440.0,B1_base,nan,4551951.0,9932740.0,29628936.0,b0d249c67620de9573f6a8c8527edf3fd6855844b90c59f33786a4c88fe01a50,nan,99961180.0,,60399504.0,90028440.0,B1_base,4551951.0,b0d249c67620de9573f6a8c8527edf3fd6855844b90c59f33786a4c88fe01a50,nan,,3.8881407115322637,0.0,0.0,31968.0,165545.66666666666,27.496648457525318,0.0,0.0,B,3.8881407115322637,AI_VERIFIED
17698626.0,root3:batch_01,32346048.0,0.3236544137247038,67594032.0,case_014,4,90028440.0,base_base,nan,4526148.0,9932740.0,29628936.0,b0d249c67620de9573f6a8c8527edf3fd6855844b90c59f33786a4c88fe01a50,nan,99961180.0,,60399504.0,90028440.0,base_base,4526148.0,b0d249c67620de9573f6a8c8527edf3fd6855844b90c59f33786a4c88fe01a50,nan,,3.9103065122925718,0.0,0.0,31968.0,165545.66666666666,27.340782100407342,0.0,0.0,C,3.9103065122925718,AI_VERIFIED
17698626.0,root3:batch_01,0,0,0,case_014,5,93975048.0,A1_base,nan,3712893.0,9932740.0,35233968.0,388fb4128b7557bd5c71ed044a18373169f5d834d4f70d98451ccf8a128b8e8f,nan,103907788.0,,58741080.0,93975048.0,A1_base,3712893.0,388fb4128b7557bd5c71ed044a18373169f5d834d4f70d98451ccf8a128b8e8f,nan,,4.766802059741555,0.0,0.0,31968.0,165545.66666666666,22.42821014141113,0.0,0.0,A,4.766802059741555,AI_VERIFIED
17698626.0,root3:batch_01,0,0,0,case_014,5,93975048.0,B1_base,nan,3712893.0,9932740.0,35233968.0,388fb4128b7557bd5c71ed044a18373169f5d834d4f70d98451ccf8a128b8e8f,nan,103907788.0,,58741080.0,93975048.0,B1_base,3712893.0,388fb4128b7557bd5c71ed044a18373169f5d834d4f70d98451ccf8a128b8e8f,nan,,4.766802059741555,0.0,0.0,31968.0,165545.66666666666,22.42821014141113,0.0,0.0,B,4.766802059741555,AI_VERIFIED
17698626.0,root3:batch_01,30531072.0,0.2938882025000162,73355616.0,case_014,5,93975048.0,base_base,nan,3700752.0,9932740.0,35233968.0,388fb4128b7557bd5c71ed044a18373169f5d834d4f70d98451ccf8a128b8e8f,nan,103907788.0,,58741080.0,93975048.0,base_base,3700752.0,388fb4128b7557bd5c71ed044a18373169f5d834d4f70d98451ccf8a128b8e8f,nan,,4.7824404337280635,0.0,0.0,31968.0,165545.66666666666,22.354870861413872,0.0,0.0,C,4.7824404337280635,AI_VERIFIED
177362.0,root3:batch_04,0,0,0,case_015,1,180256.0,A0_base,nan,177362.0,884614.0,0.0,00cae011ff96ed3cbbc950fad7702f5f400248e419a1988f08cd3e63c85de802,nan,1064870.0,,180256.0,180256.0,A0_base,177362.0,00cae011ff96ed3cbbc950fad7702f5f400248e419a1988f08cd3e63c85de802,nan,,1.0,0.0,0.0,7913.0,14743.566666666668,12.029789264017978,0.0,0.0,A,1.0,AI_VERIFIED
177362.0,root3:batch_04,0,0,0,case_015,1,502164.0,B3_aggregate,nan,178946.0,884614.0,0.0,5e631221a365640004d1908fb84ad6016000759dd97621a150df3f2669d28591,nan,1386778.0,,502164.0,826300.0,B3_base,179087.0,bd021ffc66dbe4c6510aca07a2a5474c0bc563c6c8f7a03fd14a0aa3cd45c6ea,nan,,0.9903678100587983,141.0,0.0007873268299764919,7913.0,14743.566666666668,12.137225953918884,0.0,0.0,B,0.9911481676036347,AI_VERIFIED
177362.0,root3:batch_04,180224.0,0.16926255682031632,884536.0,case_015,1,180332.0,base_aggregate,nan,178342.0,884614.0,0.0,12b32160836e2555fdcd18015788885893f7fa605777ab6bcc81180418c6e426,nan,1064946.0,,180332.0,502164.0,base_base,178535.0,5e631221a365640004d1908fb84ad6016000759dd97621a150df3f2669d28591,nan,,0.9934298596913771,193.0,0.0010810205281877503,7913.0,14743.566666666668,12.096258933274852,0.0,0.0,C,0.9945049399468437,AI_VERIFIED
177362.0,root3:batch_04,0,0,0,case_015,2,199948.0,A1_base,nan,90509.0,884614.0,109824.0,474aa4ef074922f5755553473bab6d371d6a37820f2666ee902c40c6fd4c5d36,nan,1084562.0,,90124.0,199948.0,A1_base,90509.0,474aa4ef074922f5755553473bab6d371d6a37820f2666ee902c40c6fd4c5d36,nan,,1.9596062270050492,0.0,0.0,7913.0,14743.566666666668,6.138880913030994,0.0,0.0,A,1.9596062270050492,AI_VERIFIED
177362.0,root3:batch_04,0,0,0,case_015,2,199948.0,B1_base,nan,90509.0,884614.0,109824.0,474aa4ef074922f5755553473bab6d371d6a37820f2666ee902c40c6fd4c5d36,nan,1084562.0,,90124.0,199948.0,B1_base,90509.0,474aa4ef074922f5755553473bab6d371d6a37820f2666ee902c40c6fd4c5d36,nan,,1.9596062270050492,0.0,0.0,7913.0,14743.566666666668,6.138880913030994,0.0,0.0,B,1.9596062270050492,AI_VERIFIED
177362.0,root3:batch_04,199936.0,0.18437068895561146,884488.0,case_015,2,199948.0,base_base,nan,90509.0,884614.0,109824.0,474aa4ef074922f5755553473bab6d371d6a37820f2666ee902c40c6fd4c5d36,nan,1084562.0,,90124.0,199948.0,base_base,90509.0,474aa4ef074922f5755553473bab6d371d6a37820f2666ee902c40c6fd4c5d36,nan,,1.9596062270050492,0.0,0.0,7913.0,14743.566666666668,6.138880913030994,0.0,0.0,C,1.9596062270050492,AI_VERIFIED
177362.0,root3:batch_04,0,0,0,case_015,3,252416.0,A1_base,nan,62280.0,884614.0,219648.0,792bae47ec1c2f718c1415b4c6a209e52349de7566ed6a9b4aaf5b889c135678,nan,1137030.0,,32768.0,252416.0,A1_base,62280.0,792bae47ec1c2f718c1415b4c6a209e52349de7566ed6a9b4aaf5b889c135678,nan,,2.84781631342325,0.0,0.0,7913.0,14743.566666666668,4.224215307467437,0.0,0.0,A,2.84781631342325,AI_VERIFIED
177362.0,root3:batch_04,0,0,0,case_015,3,252416.0,B1_base,nan,62280.0,884614.0,219648.0,792bae47ec1c2f718c1415b4c6a209e52349de7566ed6a9b4aaf5b889c135678,nan,1137030.0,,32768.0,252416.0,B1_base,62280.0,792bae47ec1c2f718c1415b4c6a209e52349de7566ed6a9b4aaf5b889c135678,nan,,2.84781631342325,0.0,0.0,7913.0,14743.566666666668,4.224215307467437,0.0,0.0,B,2.84781631342325,AI_VERIFIED
177362.0,root3:batch_04,252416.0,0.22202167652683003,884482.0,case_015,3,252416.0,base_base,nan,62280.0,884614.0,219648.0,792bae47ec1c2f718c1415b4c6a209e52349de7566ed6a9b4aaf5b889c135678,nan,1137030.0,,32768.0,252416.0,base_base,62280.0,792bae47ec1c2f718c1415b4c6a209e52349de7566ed6a9b4aaf5b889c135678,nan,,2.84781631342325,0.0,0.0,7913.0,14743.566666666668,4.224215307467437,0.0,0.0,C,2.84781631342325,AI_VERIFIED
177362.0,root3:batch_04,0,0,0,case_015,4,362248.0,A1_base,nan,48727.0,884614.0,329472.0,154e9a6a65d8c4ddcd0fde14c7061bd7af5e1ed8cdba448bb5ffed35e987cb2a,nan,1246862.0,,32776.0,362248.0,A1_base,48727.0,154e9a6a65d8c4ddcd0fde14c7061bd7af5e1ed8cdba448bb5ffed35e987cb2a,nan,,3.6399121636874834,0.0,0.0,7913.0,14743.566666666668,3.304966912122123,0.0,0.0,A,3.6399121636874834,AI_VERIFIED
177362.0,root3:batch_04,0,0,0,case_015,4,362248.0,B1_base,nan,48727.0,884614.0,329472.0,154e9a6a65d8c4ddcd0fde14c7061bd7af5e1ed8cdba448bb5ffed35e987cb2a,nan,1246862.0,,32776.0,362248.0,B1_base,48727.0,154e9a6a65d8c4ddcd0fde14c7061bd7af5e1ed8cdba448bb5ffed35e987cb2a,nan,,3.6399121636874834,0.0,0.0,7913.0,14743.566666666668,3.304966912122123,0.0,0.0,B,3.6399121636874834,AI_VERIFIED
177362.0,root3:batch_04,260480.0,0.20893123268464764,986246.0,case_015,4,362248.0,base_base,nan,48669.0,884614.0,329472.0,154e9a6a65d8c4ddcd0fde14c7061bd7af5e1ed8cdba448bb5ffed35e987cb2a,nan,1246862.0,,32776.0,362248.0,base_base,48669.0,154e9a6a65d8c4ddcd0fde14c7061bd7af5e1ed8cdba448bb5ffed35e987cb2a,nan,,3.6442499332223797,0.0,0.0,7913.0,14743.566666666668,3.3010329929212063,0.0,0.0,C,3.6442499332223797,AI_VERIFIED
177362.0,root3:batch_04,0,0,0,case_015,5,336384.0,A1_base,nan,43665.0,884614.0,336384.0,b4c7a8c56a1d7110b007bad1952eefa35297c0dcad6c6a066722a6df25c5f66a,nan,1220998.0,,0.0,336384.0,A1_base,43665.0,b4c7a8c56a1d7110b007bad1952eefa35297c0dcad6c6a066722a6df25c5f66a,nan,,4.061880224436047,0.0,0.0,7913.0,14743.566666666668,2.961630722552435,0.0,0.0,A,4.061880224436047,AI_VERIFIED
177362.0,root3:batch_04,0,0,0,case_015,5,336384.0,B1_base,nan,43665.0,884614.0,336384.0,b4c7a8c56a1d7110b007bad1952eefa35297c0dcad6c6a066722a6df25c5f66a,nan,1220998.0,,0.0,336384.0,B1_base,43665.0,b4c7a8c56a1d7110b007bad1952eefa35297c0dcad6c6a066722a6df25c5f66a,nan,,4.061880224436047,0.0,0.0,7913.0,14743.566666666668,2.961630722552435,0.0,0.0,B,4.061880224436047,AI_VERIFIED
177362.0,root3:batch_04,303616.0,0.2486890453170127,917250.0,case_015,5,336384.0,base_base,nan,42872.0,884614.0,336384.0,b4c7a8c56a1d7110b007bad1952eefa35297c0dcad6c6a066722a6df25c5f66a,nan,1220998.0,,0.0,336384.0,base_base,42872.0,b4c7a8c56a1d7110b007bad1952eefa35297c0dcad6c6a066722a6df25c5f66a,nan,,4.137012502332524,0.0,0.0,7913.0,14743.566666666668,2.907844551408863,0.0,0.0,C,4.137012502332524,AI_VERIFIED
7715523.0,root3:batch_01,0,0,0,case_016,1,0.0,A0_base,nan,7715523.0,393218.0,0.0,484781e854f39b105be342051f7deff9aecbf239fb1939476a5c1e2b0183ffd8,nan,393218.0,,0.0,0.0,A0_base,7715523.0,484781e854f39b105be342051f7deff9aecbf239fb1939476a5c1e2b0183ffd8,nan,,1.0,0.0,0.0,655140.0,655140.0,11.77690722593644,0.0,0.0,A,1.0,AI_VERIFIED
7715523.0,root3:batch_01,0,0,0,case_016,1,0.0,B3_aggregate,nan,7715523.0,393218.0,0.0,08e9c5ac11ce3a1400c88ae7aad812cf7ecb402ffd697477e7b447b6cc033a2f,nan,393218.0,,0.0,131076.0,B3_base,7716650.0,9d82af24b1dc0a9ff322d488db38cf4d386ce1b1cc6c2afb4ad60bdff563a0fb,nan,,0.9998539521683633,1127.0,0.0001460478316367854,655140.0,655140.0,11.77690722593644,0.0,0.0,B,1.0,AI_VERIFIED
7715523.0,root3:batch_01,0.0,0.0,393216.0,case_016,1,0.0,base_aggregate,nan,7715523.0,393218.0,0.0,58744060b43e29cfe19ba606c92332a280399c529372a6d7fdc8dcb1997015c2,nan,393218.0,,0.0,0.0,base_base,7715523.0,08e9c5ac11ce3a1400c88ae7aad812cf7ecb402ffd697477e7b447b6cc033a2f,nan,,1.0,0.0,0.0,655140.0,655140.0,11.77690722593644,0.0,0.0,C,1.0,AI_VERIFIED
7715523.0,root3:batch_01,0,0,0,case_016,2,1376348.0,A2_base,nan,7721809.0,393218.0,1376348.0,8c58b4477ad0584a941f54444b3e3edea08609ae49819b476a4e9f77da8fc6e7,nan,1769566.0,,0.0,1376348.0,A2_base,7721809.0,8c58b4477ad0584a941f54444b3e3edea08609ae49819b476a4e9f77da8fc6e7,nan,,0.9991859420506257,0.0,0.0,655140.0,655140.0,11.786502121683915,0.0,0.0,A,0.9991859420506257,AI_VERIFIED
7715523.0,root3:batch_01,0,0,0,case_016,2,1179724.0,B3_base,nan,7730025.0,393218.0,1179724.0,fdd8cf2ffe30227879183cc687cba2c2df2a747dc1cb0910f2126ccd808761cd,nan,1572942.0,,0.0,1179724.0,B3_base,7730025.0,fdd8cf2ffe30227879183cc687cba2c2df2a747dc1cb0910f2126ccd808761cd,nan,,0.9981239387970932,0.0,0.0,655140.0,655140.0,11.799042952651341,0.0,0.0,B,0.9981239387970932,AI_VERIFIED
7715523.0,root3:batch_01,393216.0,0.3333225960128373,786470.0,case_016,2,1179724.0,base_base,nan,7728365.0,393218.0,1179724.0,fdd8cf2ffe30227879183cc687cba2c2df2a747dc1cb0910f2126ccd808761cd,nan,1572942.0,,0.0,1179724.0,base_base,7728365.0,fdd8cf2ffe30227879183cc687cba2c2df2a747dc1cb0910f2126ccd808761cd,nan,,0.9983383289997302,0.0,0.0,655140.0,655140.0,11.79650914308392,0.0,0.0,C,0.9983383289997302,AI_VERIFIED
7715523.0,root3:batch_01,0,0,0,case_016,3,2097304.0,A2_base,nan,7723356.0,393218.0,2097304.0,59f1b9047a5db11ccbe30cdbe2423c6495dd31012e9a45765178f8f02699dc18,nan,2490522.0,,0.0,2097304.0,A2_base,7723356.0,59f1b9047a5db11ccbe30cdbe2423c6495dd31012e9a45765178f8f02699dc18,nan,,0.9989858035807232,0.0,0.0,655140.0,655140.0,11.788863449033794,0.0,0.0,A,0.9989858035807232,AI_VERIFIED
7715523.0,root3:batch_01,0,0,0,case_016,3,2031736.0,B3_base,nan,7729868.0,393218.0,2031736.0,f3136d18ec1662ee20fcedab8a16e1933c9ddbb98f84550ffb6129af7ed1651d,nan,2424954.0,,0.0,2031736.0,B3_base,7729868.0,f3136d18ec1662ee20fcedab8a16e1933c9ddbb98f84550ffb6129af7ed1651d,nan,,0.9981442115182303,0.0,0.0,655140.0,655140.0,11.798803309216352,0.0,0.0,B,0.9981442115182303,AI_VERIFIED
7715523.0,root3:batch_01,491520.0,0.27271819341951953,1310780.0,case_016,3,2031736.0,base_base,nan,7728076.0,393218.0,2031736.0,f3136d18ec1662ee20fcedab8a16e1933c9ddbb98f84550ffb6129af7ed1651d,nan,2424954.0,,0.0,2031736.0,base_base,7728076.0,f3136d18ec1662ee20fcedab8a16e1933c9ddbb98f84550ffb6129af7ed1651d,nan,,0.9983756629722585,0.0,0.0,655140.0,655140.0,11.79606801599658,0.0,0.0,C,0.9983756629722585,AI_VERIFIED
7715523.0,root3:batch_01,0,0,0,case_016,4,2949328.0,A2_base,nan,7727024.0,393218.0,2949328.0,d0227abb16db7b8d42d966078b52d80fe79c1217368145eb45fe163592f5ada2,nan,3342546.0,,0.0,2949328.0,A2_base,7727024.0,d0227abb16db7b8d42d966078b52d80fe79c1217368145eb45fe163592f5ada2,nan,,0.9985115873847422,0.0,0.0,655140.0,655140.0,11.79446225234301,0.0,0.0,A,0.9985115873847422,AI_VERIFIED
7715523.0,root3:batch_01,0,0,0,case_016,4,0.0,B0_base,nan,7715523.0,393218.0,0.0,43a1606fa9b6ea8003113d7988c3977d6ef0a891a2b0ce23a22b4775db3000db,nan,393218.0,,0.0,0.0,B0_base,7715523.0,43a1606fa9b6ea8003113d7988c3977d6ef0a891a2b0ce23a22b4775db3000db,nan,,1.0,0.0,0.0,655140.0,655140.0,11.77690722593644,0.0,0.0,B,1.0,AI_VERIFIED
7715523.0,root3:batch_01,0.0,0.0,393216.0,case_016,4,0.0,base_base,nan,7715523.0,393218.0,0.0,43a1606fa9b6ea8003113d7988c3977d6ef0a891a2b0ce23a22b4775db3000db,nan,393218.0,,0.0,0.0,base_base,7715523.0,43a1606fa9b6ea8003113d7988c3977d6ef0a891a2b0ce23a22b4775db3000db,nan,,1.0,0.0,0.0,655140.0,655140.0,11.77690722593644,0.0,0.0,C,1.0,AI_VERIFIED
7715523.0,root3:batch_01,0,0,0,case_016,5,4063412.0,A2_base,nan,7733841.0,393218.0,4063412.0,780a3adc09d7ade886fcb88a293c802be439fc50bfabe20d058584f4d7b84506,nan,4456630.0,,0.0,4063412.0,A2_base,7733841.0,780a3adc09d7ade886fcb88a293c802be439fc50bfabe20d058584f4d7b84506,nan,,0.9976314485906809,0.0,0.0,655140.0,655140.0,11.804867661873798,0.0,0.0,A,0.9976314485906809,AI_VERIFIED
7715523.0,root3:batch_01,0,0,0,case_016,5,3735752.0,B3_base,nan,7741232.0,393218.0,3735752.0,d5d08af9f24eeb32ef4c10751cafad05ecc07c5eb78fb28b0b02eba89b5fd7ae,nan,4128970.0,,0.0,3735752.0,B3_base,7741232.0,d5d08af9f24eeb32ef4c10751cafad05ecc07c5eb78fb28b0b02eba89b5fd7ae,nan,,0.9966789523941408,0.0,0.0,655140.0,655140.0,11.816149220014044,0.0,0.0,B,0.9966789523941408,AI_VERIFIED
7715523.0,root3:batch_01,1015808.0,0.33332239549220943,2031716.0,case_016,5,3735752.0,base_base,nan,7740666.0,393218.0,3735752.0,d5d08af9f24eeb32ef4c10751cafad05ecc07c5eb78fb28b0b02eba89b5fd7ae,nan,4128970.0,,0.0,3735752.0,base_base,7740666.0,d5d08af9f24eeb32ef4c10751cafad05ecc07c5eb78fb28b0b02eba89b5fd7ae,nan,,0.9967518298813048,0.0,0.0,655140.0,655140.0,11.815285282535031,0.0,0.0,C,0.9967518298813048,AI_VERIFIED
162810.0,root3:batch_01,0,0,0,case_017,1,14370.0,A2_base,nan,159480.0,643862.0,14370.0,d2699f4aeaef3f449ba6339532a7f27190dfd12aeadd397d85e564a0d959e34b,nan,658232.0,,0.0,22528.0,A0_base,162810.0,fe434b61f3e8fd5ef0db780bd48ab38c956aa60f100cc766c1013bb4a900044b,nan,,1.0,3330.0,0.02045328911000553,5980.0,10731.033333333333,14.861569715249543,0.0,0.0,A,1.0208803611738149,AI_VERIFIED
162810.0,root3:batch_01,0,0,0,case_017,1,315968.0,B3_base,nan,167826.0,643862.0,0.0,5ffafe3dabbec076afbfc850ffe1975a47082abf6e759b65ea17d9f9e98a7920,nan,959830.0,,315968.0,315968.0,B3_base,167826.0,5ffafe3dabbec076afbfc850ffe1975a47082abf6e759b65ea17d9f9e98a7920,nan,,0.9701119016123843,0.0,0.0,5980.0,10731.033333333333,15.63931401449379,0.0,0.0,B,0.9701119016123843,AI_VERIFIED
162810.0,root3:batch_01,75776.0,0.10366215680105063,655214.0,case_017,1,315968.0,base_base,nan,167609.0,643862.0,0.0,5ffafe3dabbec076afbfc850ffe1975a47082abf6e759b65ea17d9f9e98a7920,nan,959830.0,,315968.0,315968.0,base_base,167609.0,5ffafe3dabbec076afbfc850ffe1975a47082abf6e759b65ea17d9f9e98a7920,nan,,0.9713678859727103,0.0,0.0,5980.0,10731.033333333333,15.619092289962756,0.0,0.0,C,0.9713678859727103,AI_VERIFIED
162810.0,root3:batch_01,0,0,0,case_017,2,87552.0,A1_base,nan,81772.0,643862.0,87552.0,75f4fc81869358033e7e867e5e398c60492bcf28357ba13908db3cf504db47c1,nan,731414.0,,0.0,87552.0,A1_base,81772.0,75f4fc81869358033e7e867e5e398c60492bcf28357ba13908db3cf504db47c1,nan,,1.9910238223352736,0.0,0.0,5980.0,10731.033333333333,7.620142204385412,0.0,0.0,A,1.9910238223352736,AI_VERIFIED
162810.0,root3:batch_01,0,0,0,case_017,2,87552.0,B1_base,nan,81772.0,643862.0,87552.0,75f4fc81869358033e7e867e5e398c60492bcf28357ba13908db3cf504db47c1,nan,731414.0,,0.0,87552.0,B1_base,81772.0,75f4fc81869358033e7e867e5e398c60492bcf28357ba13908db3cf504db47c1,nan,,1.9910238223352736,0.0,0.0,5980.0,10731.033333333333,7.620142204385412,0.0,0.0,B,1.9910238223352736,AI_VERIFIED
162810.0,root3:batch_01,8064.0,0.012950680135545314,614606.0,case_017,2,87552.0,base_base,nan,81772.0,643862.0,87552.0,75f4fc81869358033e7e867e5e398c60492bcf28357ba13908db3cf504db47c1,nan,731414.0,,0.0,87552.0,base_base,81772.0,75f4fc81869358033e7e867e5e398c60492bcf28357ba13908db3cf504db47c1,nan,,1.9910238223352736,0.0,0.0,5980.0,10731.033333333333,7.620142204385412,0.0,0.0,C,1.9910238223352736,AI_VERIFIED
162810.0,root3:batch_01,0,0,0,case_017,3,175104.0,A1_base,nan,55389.0,643862.0,175104.0,f3d683768fd44bf5db18c80ef32ed821b47fff21ca01010b947f0710401fadd3,nan,818966.0,,0.0,175104.0,A1_base,55389.0,f3d683768fd44bf5db18c80ef32ed821b47fff21ca01010b947f0710401fadd3,nan,,2.939392298109733,0.0,0.0,5980.0,10731.033333333333,5.161571889628523,0.0,0.0,A,2.939392298109733,AI_VERIFIED
162810.0,root3:batch_01,0,0,0,case_017,3,175104.0,B1_base,nan,55389.0,643862.0,175104.0,f3d683768fd44bf5db18c80ef32ed821b47fff21ca01010b947f0710401fadd3,nan,818966.0,,0.0,175104.0,B1_base,55389.0,f3d683768fd44bf5db18c80ef32ed821b47fff21ca01010b947f0710401fadd3,nan,,2.939392298109733,0.0,0.0,5980.0,10731.033333333333,5.161571889628523,0.0,0.0,B,2.939392298109733,AI_VERIFIED
162810.0,root3:batch_01,92160.0,0.12976224335489467,618062.0,case_017,3,175104.0,base_base,nan,55389.0,643862.0,175104.0,f3d683768fd44bf5db18c80ef32ed821b47fff21ca01010b947f0710401fadd3,nan,818966.0,,0.0,175104.0,base_base,55389.0,f3d683768fd44bf5db18c80ef32ed821b47fff21ca01010b947f0710401fadd3,nan,,2.939392298109733,0.0,0.0,5980.0,10731.033333333333,5.161571889628523,0.0,0.0,C,2.939392298109733,AI_VERIFIED
162810.0,root3:batch_01,0,0,0,case_017,4,253440.0,A1_base,nan,41209.0,643862.0,253440.0,060e7e8285daad5caf4239295e90101181f99794a1dd53bef7f6e56d7de57e00,nan,897302.0,,0.0,253440.0,A1_base,41209.0,060e7e8285daad5caf4239295e90101181f99794a1dd53bef7f6e56d7de57e00,nan,,3.9508359824310224,0.0,0.0,5980.0,10731.033333333333,3.840170719812631,0.0,0.0,A,3.9508359824310224,AI_VERIFIED
162810.0,root3:batch_01,0,0,0,case_017,4,253440.0,B1_base,nan,41209.0,643862.0,253440.0,060e7e8285daad5caf4239295e90101181f99794a1dd53bef7f6e56d7de57e00,nan,897302.0,,0.0,253440.0,B1_base,41209.0,060e7e8285daad5caf4239295e90101181f99794a1dd53bef7f6e56d7de57e00,nan,,3.9508359824310224,0.0,0.0,5980.0,10731.033333333333,3.840170719812631,0.0,0.0,B,3.9508359824310224,AI_VERIFIED
162810.0,root3:batch_01,251136.0,0.31847498852335526,537422.0,case_017,4,253440.0,base_base,nan,41209.0,643862.0,253440.0,060e7e8285daad5caf4239295e90101181f99794a1dd53bef7f6e56d7de57e00,nan,897302.0,,0.0,253440.0,base_base,41209.0,060e7e8285daad5caf4239295e90101181f99794a1dd53bef7f6e56d7de57e00,nan,,3.9508359824310224,0.0,0.0,5980.0,10731.033333333333,3.840170719812631,0.0,0.0,C,3.9508359824310224,AI_VERIFIED
162810.0,root3:batch_01,0,0,0,case_017,5,338688.0,A1_base,nan,34231.0,643862.0,338688.0,712115ae10db018a520d42f77c9c5eb07d7ae55b692b67df5593a31dc9789ce5,nan,982550.0,,0.0,338688.0,A1_base,34231.0,712115ae10db018a520d42f77c9c5eb07d7ae55b692b67df5593a31dc9789ce5,nan,,4.756215126639596,0.0,0.0,5980.0,10731.033333333333,3.189907154017476,0.0,0.0,A,4.756215126639596,AI_VERIFIED
162810.0,root3:batch_01,0,0,0,case_017,5,338688.0,B1_base,nan,34231.0,643862.0,338688.0,712115ae10db018a520d42f77c9c5eb07d7ae55b692b67df5593a31dc9789ce5,nan,982550.0,,0.0,338688.0,B1_base,34231.0,712115ae10db018a520d42f77c9c5eb07d7ae55b692b67df5593a31dc9789ce5,nan,,4.756215126639596,0.0,0.0,5980.0,10731.033333333333,3.189907154017476,0.0,0.0,B,4.756215126639596,AI_VERIFIED
162810.0,root3:batch_01,188928.0,0.21621275202962673,684878.0,case_017,5,338688.0,base_base,nan,34231.0,643862.0,338688.0,712115ae10db018a520d42f77c9c5eb07d7ae55b692b67df5593a31dc9789ce5,nan,982550.0,,0.0,338688.0,base_base,34231.0,712115ae10db018a520d42f77c9c5eb07d7ae55b692b67df5593a31dc9789ce5,nan,,4.756215126639596,0.0,0.0,5980.0,10731.033333333333,3.189907154017476,0.0,0.0,C,4.756215126639596,AI_VERIFIED
1004367.0,root3:batch_01,0,0,0,case_018,1,1970176.0,A0_base,nan,1004367.0,1592848.0,0.0,35bd5e6c6eb42e8e5b7bd7186cd4a8145db1ed5c021ed89a638fd170b997a3d7,nan,3563024.0,,1970176.0,1970176.0,A0_base,1004367.0,35bd5e6c6eb42e8e5b7bd7186cd4a8145db1ed5c021ed89a638fd170b997a3d7,nan,,1.0,0.0,0.0,3539.0,26547.466666666667,37.832875453276145,0.0,0.0,A,1.0,AI_VERIFIED
1004367.0,root3:batch_01,0,0,0,case_018,1,6824960.0,B2_base,nan,1050284.0,1592848.0,0.0,6b2dc7570e6808bf2accc3f06c368d96e5c1313718693753f033960e75067890,nan,8417808.0,,6824960.0,7938048.0,B3_base,1070851.0,8dc3287c425c36d443337041459c81aff31a75ee97b2e1f2c56b32d6720589d8,nan,,0.9379147986041009,20567.0,0.019206220099715086,3539.0,26547.466666666667,39.56249434974335,0.0,0.0,B,0.95628134866379,AI_VERIFIED
1004367.0,root3:batch_01,1224704.0,0.34375031576536474,2338068.0,case_018,1,1970176.0,base_aggregate,nan,1003110.0,1592848.0,0.0,35bd5e6c6eb42e8e5b7bd7186cd4a8145db1ed5c021ed89a638fd170b997a3d7,nan,3563024.0,,1970176.0,6824960.0,base_base,1048574.0,6b2dc7570e6808bf2accc3f06c368d96e5c1313718693753f033960e75067890,nan,,0.957840839082411,45464.0,0.04335793181978573,3539.0,26547.466666666667,37.7855263025725,0.0,0.0,C,1.0012531028501361,AI_VERIFIED
1004367.0,root3:batch_01,0,0,0,case_018,2,3253248.0,A1_base,nan,504468.0,1592848.0,1299456.0,ef8ed7f553b6f3b18b992a4d60d44db66a4c0558cb2270e71b9e319c87693c88,nan,4846096.0,,1953792.0,3253248.0,A1_base,504468.0,ef8ed7f553b6f3b18b992a4d60d44db66a4c0558cb2270e71b9e319c87693c88,nan,,1.9909429339422917,0.0,0.0,3539.0,26547.466666666667,19.002491135375127,0.0,0.0,A,1.9909429339422917,AI_VERIFIED
1004367.0,root3:batch_01,0,0,0,case_018,2,3253248.0,B1_base,nan,504468.0,1592848.0,1299456.0,ef8ed7f553b6f3b18b992a4d60d44db66a4c0558cb2270e71b9e319c87693c88,nan,4846096.0,,1953792.0,3253248.0,B1_base,504468.0,ef8ed7f553b6f3b18b992a4d60d44db66a4c0558cb2270e71b9e319c87693c88,nan,,1.9909429339422917,0.0,0.0,3539.0,26547.466666666667,19.002491135375127,0.0,0.0,B,1.9909429339422917,AI_VERIFIED
1004367.0,root3:batch_01,2450432.0,0.505677029636117,2395412.0,case_018,2,3253248.0,base_base,nan,502571.0,1592848.0,1299456.0,ef8ed7f553b6f3b18b992a4d60d44db66a4c0558cb2270e71b9e319c87693c88,nan,4846096.0,,1953792.0,3253248.0,base_base,502571.0,ef8ed7f553b6f3b18b992a4d60d44db66a4c0558cb2270e71b9e319c87693c88,nan,,1.9984579293273985,0.0,0.0,3539.0,26547.466666666667,18.931034222976706,0.0,0.0,C,1.9984579293273985,AI_VERIFIED
1004367.0,root3:batch_01,0,0,0,case_018,3,4093952.0,A1_base,nan,341047.0,1592848.0,2492416.0,1a22402f52d67a67520db9ccf85e53a1e40912492363502cc82d1e16c8c156a9,nan,5686800.0,,1601536.0,4093952.0,A1_base,341047.0,1a22402f52d67a67520db9ccf85e53a1e40912492363502cc82d1e16c8c156a9,nan,,2.9449518688040066,0.0,0.0,3539.0,26547.466666666667,12.84668719174711,0.0,0.0,A,2.9449518688040066,AI_VERIFIED
1004367.0,root3:batch_01,0,0,0,case_018,3,4093952.0,B1_base,nan,341047.0,1592848.0,2492416.0,1a22402f52d67a67520db9ccf85e53a1e40912492363502cc82d1e16c8c156a9,nan,5686800.0,,1601536.0,4093952.0,B1_base,341047.0,1a22402f52d67a67520db9ccf85e53a1e40912492363502cc82d1e16c8c156a9,nan,,2.9449518688040066,0.0,0.0,3539.0,26547.466666666667,12.84668719174711,0.0,0.0,B,2.9449518688040066,AI_VERIFIED
1004367.0,root3:batch_01,3557376.0,0.6255774153317619,2129172.0,case_018,3,4093952.0,base_base,nan,338488.0,1592848.0,2492416.0,1a22402f52d67a67520db9ccf85e53a1e40912492363502cc82d1e16c8c156a9,nan,5686800.0,,1601536.0,4093952.0,base_base,338488.0,1a22402f52d67a67520db9ccf85e53a1e40912492363502cc82d1e16c8c156a9,nan,,2.9672159722058096,0.0,0.0,3539.0,26547.466666666667,12.750293813345655,0.0,0.0,C,2.9672159722058096,AI_VERIFIED
1004367.0,root3:batch_01,0,0,0,case_018,4,4938752.0,A1_base,nan,253676.0,1592848.0,3779584.0,39ccdf7eaf5c349cabc8d4e537b1055e4c4776ed70e3088be261da957eae0107,nan,6531600.0,,1159168.0,4938752.0,A1_base,253676.0,39ccdf7eaf5c349cabc8d4e537b1055e4c4776ed70e3088be261da957eae0107,nan,,3.9592511707847806,0.0,0.0,3539.0,26547.466666666667,9.555563368256104,0.0,0.0,A,3.9592511707847806,AI_VERIFIED
1004367.0,root3:batch_01,0,0,0,case_018,4,4938752.0,B1_base,nan,253676.0,1592848.0,3779584.0,39ccdf7eaf5c349cabc8d4e537b1055e4c4776ed70e3088be261da957eae0107,nan,6531600.0,,1159168.0,4938752.0,B1_base,253676.0,39ccdf7eaf5c349cabc8d4e537b1055e4c4776ed70e3088be261da957eae0107,nan,,3.9592511707847806,0.0,0.0,3539.0,26547.466666666667,9.555563368256104,0.0,0.0,B,3.9592511707847806,AI_VERIFIED
1004367.0,root3:batch_01,3673088.0,0.5623782410614164,2858260.0,case_018,4,4938752.0,base_base,nan,253384.0,1592848.0,3779584.0,39ccdf7eaf5c349cabc8d4e537b1055e4c4776ed70e3088be261da957eae0107,nan,6531600.0,,1159168.0,4938752.0,base_base,253384.0,39ccdf7eaf5c349cabc8d4e537b1055e4c4776ed70e3088be261da957eae0107,nan,,3.9638138161841314,0.0,0.0,3539.0,26547.466666666667,9.544564201982864,0.0,0.0,C,3.9638138161841314,AI_VERIFIED
1004367.0,root3:batch_01,0,0,0,case_018,5,5345280.0,A1_base,nan,205219.0,1592848.0,4706304.0,7cb917c4f0506d08389a659a251b6bbd20b35fe04a59812c803715423995fba3,nan,6938128.0,,638976.0,5345280.0,A1_base,205219.0,7cb917c4f0506d08389a659a251b6bbd20b35fe04a59812c803715423995fba3,nan,,4.894122863867381,0.0,0.0,3539.0,26547.466666666667,7.730266792562755,0.0,0.0,A,4.894122863867381,AI_VERIFIED
1004367.0,root3:batch_01,0,0,0,case_018,5,5345280.0,B1_base,nan,205219.0,1592848.0,4706304.0,7cb917c4f0506d08389a659a251b6bbd20b35fe04a59812c803715423995fba3,nan,6938128.0,,638976.0,5345280.0,B1_base,205219.0,7cb917c4f0506d08389a659a251b6bbd20b35fe04a59812c803715423995fba3,nan,,4.894122863867381,0.0,0.0,3539.0,26547.466666666667,7.730266792562755,0.0,0.0,B,4.894122863867381,AI_VERIFIED
1004367.0,root3:batch_01,3969664.0,0.5721728090845094,2968212.0,case_018,5,5345280.0,base_base,nan,201659.0,1592848.0,4706304.0,7cb917c4f0506d08389a659a251b6bbd20b35fe04a59812c803715423995fba3,nan,6938128.0,,638976.0,5345280.0,base_base,201659.0,7cb917c4f0506d08389a659a251b6bbd20b35fe04a59812c803715423995fba3,nan,,4.980521573547424,0.0,0.0,3539.0,26547.466666666667,7.596167368135566,0.0,0.0,C,4.980521573547424,AI_VERIFIED
81144.0,root3:batch_01,0,0,0,case_019,1,0.0,A0_base,nan,81144.0,186984.0,0.0,2aa9c37bdcf1059bb42315f4702ff53965d9a642cc8be4427d350c21af54b6e0,nan,186984.0,,0.0,0.0,A0_base,81144.0,2aa9c37bdcf1059bb42315f4702ff53965d9a642cc8be4427d350c21af54b6e0,nan,,1.0,0.0,0.0,12234.0,12234.0,6.632663070132418,0.0,0.0,A,1.0,AI_VERIFIED
81144.0,root3:batch_01,0,0,0,case_019,1,6144.0,B3_base,nan,70264.0,186984.0,0.0,8aec9edeeb8f94502dfdcd38fffd2941155f5a1cf0cc1be84140debb4fe8770e,nan,193128.0,,6144.0,6144.0,B3_base,70264.0,8aec9edeeb8f94502dfdcd38fffd2941155f5a1cf0cc1be84140debb4fe8770e,nan,,1.1548445861323011,0.0,0.0,12234.0,12234.0,5.743338237698218,0.0,0.0,B,1.1548445861323011,AI_VERIFIED
81144.0,root3:batch_01,0.0,0.0,182324.0,case_019,1,6144.0,base_base,nan,70264.0,186984.0,0.0,8aec9edeeb8f94502dfdcd38fffd2941155f5a1cf0cc1be84140debb4fe8770e,nan,193128.0,,6144.0,6144.0,base_base,70264.0,8aec9edeeb8f94502dfdcd38fffd2941155f5a1cf0cc1be84140debb4fe8770e,nan,,1.1548445861323011,0.0,0.0,12234.0,12234.0,5.743338237698218,0.0,0.0,C,1.1548445861323011,AI_VERIFIED
81144.0,root3:batch_01,0,0,0,case_019,2,27168.0,A1_base,nan,41382.0,186984.0,27168.0,56d05bcd5a6156e5aa4b197ac44b0abe42166153bcd858dffccfdd780a0f8a87,nan,214152.0,,0.0,27168.0,A1_base,41382.0,56d05bcd5a6156e5aa4b197ac44b0abe42166153bcd858dffccfdd780a0f8a87,nan,,1.960852544584602,0.0,0.0,12234.0,12234.0,3.3825404610102994,0.0,0.0,A,1.960852544584602,AI_VERIFIED
81144.0,root3:batch_01,0,0,0,case_019,2,27168.0,B1_base,nan,41382.0,186984.0,27168.0,56d05bcd5a6156e5aa4b197ac44b0abe42166153bcd858dffccfdd780a0f8a87,nan,214152.0,,0.0,27168.0,B1_base,41382.0,56d05bcd5a6156e5aa4b197ac44b0abe42166153bcd858dffccfdd780a0f8a87,nan,,1.960852544584602,0.0,0.0,12234.0,12234.0,3.3825404610102994,0.0,0.0,B,1.960852544584602,AI_VERIFIED
81144.0,root3:batch_01,27168.0,0.13161515357039047,179252.0,case_019,2,27168.0,base_base,nan,41382.0,186984.0,27168.0,56d05bcd5a6156e5aa4b197ac44b0abe42166153bcd858dffccfdd780a0f8a87,nan,214152.0,,0.0,27168.0,base_base,41382.0,56d05bcd5a6156e5aa4b197ac44b0abe42166153bcd858dffccfdd780a0f8a87,nan,,1.960852544584602,0.0,0.0,12234.0,12234.0,3.3825404610102994,0.0,0.0,C,1.960852544584602,AI_VERIFIED
81144.0,root3:batch_01,0,0,0,case_019,3,54336.0,A1_base,nan,28657.0,186984.0,54336.0,e61cba850b6e2a35538d279d99351b44888ff6e6954505ae17fd87351b970b63,nan,241320.0,,0.0,54336.0,A1_base,28657.0,e61cba850b6e2a35538d279d99351b44888ff6e6954505ae17fd87351b970b63,nan,,2.831559479359319,0.0,0.0,12234.0,12234.0,2.342406408370116,0.0,0.0,A,2.831559479359319,AI_VERIFIED
81144.0,root3:batch_01,0,0,0,case_019,3,54336.0,B1_base,nan,28657.0,186984.0,54336.0,e61cba850b6e2a35538d279d99351b44888ff6e6954505ae17fd87351b970b63,nan,241320.0,,0.0,54336.0,B1_base,28657.0,e61cba850b6e2a35538d279d99351b44888ff6e6954505ae17fd87351b970b63,nan,,2.831559479359319,0.0,0.0,12234.0,12234.0,2.342406408370116,0.0,0.0,B,2.831559479359319,AI_VERIFIED
81144.0,root3:batch_01,54336.0,0.23261468911074198,179252.0,case_019,3,54336.0,base_base,nan,28657.0,186984.0,54336.0,e61cba850b6e2a35538d279d99351b44888ff6e6954505ae17fd87351b970b63,nan,241320.0,,0.0,54336.0,base_base,28657.0,e61cba850b6e2a35538d279d99351b44888ff6e6954505ae17fd87351b970b63,nan,,2.831559479359319,0.0,0.0,12234.0,12234.0,2.342406408370116,0.0,0.0,C,2.831559479359319,AI_VERIFIED
81144.0,root3:batch_01,0,0,0,case_019,4,54336.0,A1_base,nan,24099.0,186984.0,54336.0,9bff7478c5b217d79ff514c062ec84dfca70634697a4862b5b3aeae9ca3a1d59,nan,241320.0,,0.0,54336.0,A1_base,24099.0,9bff7478c5b217d79ff514c062ec84dfca70634697a4862b5b3aeae9ca3a1d59,nan,,3.3671106684924688,0.0,0.0,12234.0,12234.0,1.9698381559588034,0.0,0.0,A,3.3671106684924688,AI_VERIFIED
81144.0,root3:batch_01,0,0,0,case_019,4,54336.0,B1_base,nan,24099.0,186984.0,54336.0,9bff7478c5b217d79ff514c062ec84dfca70634697a4862b5b3aeae9ca3a1d59,nan,241320.0,,0.0,54336.0,B1_base,24099.0,9bff7478c5b217d79ff514c062ec84dfca70634697a4862b5b3aeae9ca3a1d59,nan,,3.3671106684924688,0.0,0.0,12234.0,12234.0,1.9698381559588034,0.0,0.0,B,3.3671106684924688,AI_VERIFIED
81144.0,root3:batch_01,46144.0,0.19754439440382213,187444.0,case_019,4,54336.0,base_base,nan,24099.0,186984.0,54336.0,9bff7478c5b217d79ff514c062ec84dfca70634697a4862b5b3aeae9ca3a1d59,nan,241320.0,,0.0,54336.0,base_base,24099.0,9bff7478c5b217d79ff514c062ec84dfca70634697a4862b5b3aeae9ca3a1d59,nan,,3.3671106684924688,0.0,0.0,12234.0,12234.0,1.9698381559588034,0.0,0.0,C,3.3671106684924688,AI_VERIFIED
81144.0,root3:batch_01,0,0,0,case_019,5,81504.0,A1_base,nan,24202.0,186984.0,81504.0,908d7001d31a34c370d6367bb60115873183d980fc5db1966d92836b69c11c6c,nan,268488.0,,0.0,81504.0,A1_base,24202.0,908d7001d31a34c370d6367bb60115873183d980fc5db1966d92836b69c11c6c,nan,,3.3527807619205023,0.0,0.0,12234.0,12234.0,1.9782573156776198,0.0,0.0,A,3.3527807619205023,AI_VERIFIED
81144.0,root3:batch_01,0,0,0,case_019,5,81504.0,B1_base,nan,24202.0,186984.0,81504.0,908d7001d31a34c370d6367bb60115873183d980fc5db1966d92836b69c11c6c,nan,268488.0,,0.0,81504.0,B1_base,24202.0,908d7001d31a34c370d6367bb60115873183d980fc5db1966d92836b69c11c6c,nan,,3.3527807619205023,0.0,0.0,12234.0,12234.0,1.9782573156776198,0.0,0.0,B,3.3527807619205023,AI_VERIFIED
81144.0,root3:batch_01,5184.0,0.019880654711684487,255572.0,case_019,5,81504.0,base_base,nan,24202.0,186984.0,81504.0,908d7001d31a34c370d6367bb60115873183d980fc5db1966d92836b69c11c6c,nan,268488.0,,0.0,81504.0,base_base,24202.0,908d7001d31a34c370d6367bb60115873183d980fc5db1966d92836b69c11c6c,nan,,3.3527807619205023,0.0,0.0,12234.0,12234.0,1.9782573156776198,0.0,0.0,C,3.3527807619205023,AI_VERIFIED
532746.0,root3:batch_01,0,0,0,case_020,1,0.0,A2_base,nan,532984.0,2359296.0,0.0,7a6c54484b47d6683546eda580a81107496f62d43377032a9d7ebeb1aec8b70a,nan,2359296.0,,0.0,0.0,A2_base,532984.0,7a6c54484b47d6683546eda580a81107496f62d43377032a9d7ebeb1aec8b70a,nan,,0.9995534575146721,0.0,0.0,1824.0,39321.6,13.554484049479168,0.0,0.0,A,0.9995534575146721,AI_VERIFIED
532746.0,root3:batch_01,0,0,0,case_020,1,17174528.0,B3_aggregate,nan,585872.0,2359296.0,0.0,e00d5f1c96ab915f42aed9af77726edede4220b170ff0dac2626e9fa05238d2f,nan,19533824.0,,17174528.0,20094976.0,B3_base,610885.0,b9086da6d1a572d8bf3ab6275889a0b5e7916fdde8ed80c6270d2ca8a577523f,nan,,0.8720888546944188,25013.0,0.040945513476349886,1824.0,39321.6,14.899495442708334,0.0,0.0,B,0.9093214900182975,AI_VERIFIED
532746.0,root3:batch_01,0.0,0.0,8028160.0,case_020,1,12726272.0,base_aggregate,nan,542830.0,2359296.0,0.0,c04a47b963785841b6e05477d2067c10968f3a29abd48e28cc5edc76b0a9d818,nan,15085568.0,,12726272.0,17174528.0,base_base,585872.0,e00d5f1c96ab915f42aed9af77726edede4220b170ff0dac2626e9fa05238d2f,nan,,0.9093214900182975,43042.0,0.07346655924843652,1824.0,39321.6,13.804880777994793,0.0,0.0,C,0.9814232816904003,AI_VERIFIED
532746.0,root3:batch_01,0,0,0,case_020,2,0.0,A1_base,nan,266580.0,2359296.0,0.0,0f56d6139919dfc71c5b305e82c5e38427f025f61a04f46d3841e030affd132b,nan,2359296.0,,0.0,0.0,A1_base,266580.0,0f56d6139919dfc71c5b305e82c5e38427f025f61a04f46d3841e030affd132b,nan,,1.9984469952734638,0.0,0.0,1824.0,39321.6,6.77947998046875,0.0,0.0,A,1.9984469952734638,AI_VERIFIED
532746.0,root3:batch_01,0,0,0,case_020,2,0.0,B1_base,nan,266580.0,2359296.0,0.0,0f56d6139919dfc71c5b305e82c5e38427f025f61a04f46d3841e030affd132b,nan,2359296.0,,0.0,0.0,B1_base,266580.0,0f56d6139919dfc71c5b305e82c5e38427f025f61a04f46d3841e030affd132b,nan,,1.9984469952734638,0.0,0.0,1824.0,39321.6,6.77947998046875,0.0,0.0,B,1.9984469952734638,AI_VERIFIED
532746.0,root3:batch_01,0.0,0.0,1179648.0,case_020,2,0.0,base_base,nan,266580.0,2359296.0,0.0,0f56d6139919dfc71c5b305e82c5e38427f025f61a04f46d3841e030affd132b,nan,2359296.0,,0.0,0.0,base_base,266580.0,0f56d6139919dfc71c5b305e82c5e38427f025f61a04f46d3841e030affd132b,nan,,1.9984469952734638,0.0,0.0,1824.0,39321.6,6.77947998046875,0.0,0.0,C,1.9984469952734638,AI_VERIFIED
532746.0,root3:batch_01,0,0,0,case_020,3,0.0,A1_base,nan,177950.0,2359296.0,0.0,b61ac7a033f61790324665af068f9419a6ce53b1ee6a39694a64d3aa7a711b79,nan,2359296.0,,0.0,0.0,A1_move,355586.0,b481c49223255e93bdc9c314ab71ca34a9308f0c1ca55cc78f498a6625f48f26,nan,,1.4982198399262063,177636.0,0.499558475305552,1824.0,39321.6,4.525502522786459,0.0,0.0,A,2.993796010115201,AI_VERIFIED
532746.0,root3:batch_01,0,0,0,case_020,3,0.0,B1_base,nan,177950.0,2359296.0,0.0,b61ac7a033f61790324665af068f9419a6ce53b1ee6a39694a64d3aa7a711b79,nan,2359296.0,,0.0,0.0,B1_move,355279.0,b481c49223255e93bdc9c314ab71ca34a9308f0c1ca55cc78f498a6625f48f26,nan,,1.49951446609566,177329.0,0.49912603897218805,1824.0,39321.6,4.525502522786459,0.0,0.0,B,2.993796010115201,AI_VERIFIED
532746.0,root3:batch_01,0.0,0.0,1179648.0,case_020,3,0.0,base_base,nan,177950.0,2359296.0,0.0,b61ac7a033f61790324665af068f9419a6ce53b1ee6a39694a64d3aa7a711b79,nan,2359296.0,,0.0,0.0,base_base,177950.0,b61ac7a033f61790324665af068f9419a6ce53b1ee6a39694a64d3aa7a711b79,nan,,2.993796010115201,0.0,0.0,1824.0,39321.6,4.525502522786459,0.0,0.0,C,2.993796010115201,AI_VERIFIED
532746.0,root3:batch_01,0,0,0,case_020,4,0.0,A1_base,nan,133704.0,2359296.0,0.0,9d0d0f797d024a3d0a2ab8c6dbd25db4e0f0730c9309c1c026205ee49f33239b,nan,2359296.0,,0.0,0.0,A1_move,266956.0,1e8debeb90b365f2100ef3e30512dbc8f46916af45389946b9f738e831da436f,nan,,1.9956322390206627,133252.0,0.49915341854088313,1824.0,39321.6,3.4002685546875,0.0,0.0,A,3.984518039849219,AI_VERIFIED
532746.0,root3:batch_01,0,0,0,case_020,4,0.0,B1_base,nan,133704.0,2359296.0,0.0,9d0d0f797d024a3d0a2ab8c6dbd25db4e0f0730c9309c1c026205ee49f33239b,nan,2359296.0,,0.0,0.0,B1_move,266580.0,1e8debeb90b365f2100ef3e30512dbc8f46916af45389946b9f738e831da436f,nan,,1.9984469952734638,132876.0,0.49844699527346387,1824.0,39321.6,3.4002685546875,0.0,0.0,B,3.984518039849219,AI_VERIFIED
532746.0,root3:batch_01,0.0,0.0,1179648.0,case_020,4,0.0,base_base,nan,133704.0,2359296.0,0.0,9d0d0f797d024a3d0a2ab8c6dbd25db4e0f0730c9309c1c026205ee49f33239b,nan,2359296.0,,0.0,0.0,base_base,133704.0,9d0d0f797d024a3d0a2ab8c6dbd25db4e0f0730c9309c1c026205ee49f33239b,nan,,3.984518039849219,0.0,0.0,1824.0,39321.6,3.4002685546875,0.0,0.0,C,3.984518039849219,AI_VERIFIED
532746.0,root3:batch_01,0,0,0,case_020,5,0.0,A1_base,nan,107650.0,2359296.0,0.0,1a72f7a694977791f738c2919d0fd8f1b963aea3f0c22e7d7fc48f4ca8643976,nan,2359296.0,,0.0,0.0,A1_move,213459.0,493a34a4057fe8d452d08cf4960bfe3a36cca33d340c2ee73e96937cb5e57bbc,nan,,2.4957767065338072,105809.0,0.49568769646630034,1824.0,39321.6,2.737681070963542,0.0,0.0,A,4.948871342313051,AI_VERIFIED
532746.0,root3:batch_01,0,0,0,case_020,5,0.0,B1_base,nan,107650.0,2359296.0,0.0,1a72f7a694977791f738c2919d0fd8f1b963aea3f0c22e7d7fc48f4ca8643976,nan,2359296.0,,0.0,0.0,B1_move,213221.0,493a34a4057fe8d452d08cf4960bfe3a36cca33d340c2ee73e96937cb5e57bbc,nan,,2.498562524329217,105571.0,0.4951247766401996,1824.0,39321.6,2.737681070963542,0.0,0.0,B,4.948871342313051,AI_VERIFIED
532746.0,root3:batch_01,0.0,0.0,1179648.0,case_020,5,0.0,base_base,nan,107650.0,2359296.0,0.0,1a72f7a694977791f738c2919d0fd8f1b963aea3f0c22e7d7fc48f4ca8643976,nan,2359296.0,,0.0,0.0,base_base,107650.0,1a72f7a694977791f738c2919d0fd8f1b963aea3f0c22e7d7fc48f4ca8643976,nan,,4.948871342313051,0.0,0.0,1824.0,39321.6,2.737681070963542,0.0,0.0,C,4.948871342313051,AI_VERIFIED
6567937.0,root3:batch_04,0,0,0,case_021,1,4702208.0,A2_base,nan,6520170.0,3338240.0,819200.0,cb1deb5442457c867973fb716ad6988316bedd7e79109cdbd6e855e969e4c45b,nan,8040448.0,,3883008.0,4501504.0,A0_base,6567937.0,75e73a94dfe4476ec622fcddd89053f0ad78893a32d01c26a80e914952851632,nan,,1.0,47767.0,0.007272755509073854,5544.0,55637.333333333336,117.19055550230061,0.0,0.0,A,1.0073260359775895,AI_VERIFIED
6567937.0,root3:batch_04,0,0,0,case_021,1,63094784.0,B3_aggregate,nan,7425410.0,3338240.0,0.0,db714763e3ddfced12e91166f14a778010810823d6abb1d7779a031331aad6e4,nan,66433024.0,,63094784.0,63094784.0,B3_aggregate,7425410.0,db714763e3ddfced12e91166f14a778010810823d6abb1d7779a031331aad6e4,nan,,0.8845217974495685,0.0,0.0,5544.0,55637.333333333336,133.46092551763803,0.0,0.0,B,0.8845217974495685,AI_VERIFIED
6567937.0,root3:batch_04,3272704.0,0.17186491718649172,15769600.0,case_021,1,29097984.0,base_aggregate,nan,6899824.0,3338240.0,0.0,1055dd175acdd64460ac6b2bd7261731b6d51768d319068ce0759ad087fde27b,nan,32436224.0,,29097984.0,63094784.0,base_base,7383803.0,db714763e3ddfced12e91166f14a778010810823d6abb1d7779a031331aad6e4,nan,,0.8895059903412916,483979.0,0.0655460336631408,5544.0,55637.333333333336,124.01428297546012,0.0,0.0,C,0.9518992078638527,AI_VERIFIED
6567937.0,root3:batch_04,0,0,0,case_021,2,3174400.0,A1_base,nan,3194570.0,3338240.0,1536000.0,2b25baf86e28022f3828aa1b22be1064bda16f142c04a3126a277c281af6ce50,nan,6512640.0,,1638400.0,3174400.0,A1_base,3194570.0,2b25baf86e28022f3828aa1b22be1064bda16f142c04a3126a277c281af6ce50,nan,,2.0559690349561914,0.0,0.0,5544.0,55637.333333333336,57.4177410851227,0.0,0.0,A,2.0559690349561914,AI_VERIFIED
6567937.0,root3:batch_04,0,0,0,case_021,2,3174400.0,B1_base,nan,3194570.0,3338240.0,1536000.0,2b25baf86e28022f3828aa1b22be1064bda16f142c04a3126a277c281af6ce50,nan,6512640.0,,1638400.0,3174400.0,B1_base,3194570.0,2b25baf86e28022f3828aa1b22be1064bda16f142c04a3126a277c281af6ce50,nan,,2.0559690349561914,0.0,0.0,5544.0,55637.333333333336,57.4177410851227,0.0,0.0,B,2.0559690349561914,AI_VERIFIED
6567937.0,root3:batch_04,1204224.0,0.21777777777777776,4325376.0,case_021,2,3174400.0,base_base,nan,3193634.0,3338240.0,1536000.0,2b25baf86e28022f3828aa1b22be1064bda16f142c04a3126a277c281af6ce50,nan,6512640.0,,1638400.0,3174400.0,base_base,3193634.0,2b25baf86e28022f3828aa1b22be1064bda16f142c04a3126a277c281af6ce50,nan,,2.0565716046359728,0.0,0.0,5544.0,55637.333333333336,57.400917848926376,0.0,0.0,C,2.0565716046359728,AI_VERIFIED
6567937.0,root3:batch_04,0,0,0,case_021,3,7766016.0,A1_base,nan,2144024.0,3338240.0,4710400.0,347c4acfc72625ec9f6d0c37e44b08c52e10af0410b8008fbc44e43d33ff2609,nan,11104256.0,,3055616.0,7821312.0,A2_base,6407598.0,47aed19d24af17be605c9bfa15a2e23297927fbf7ea206e4d36ec4885a3c8229,nan,,1.0250232614468011,4263574.0,0.6653934906653007,5544.0,55637.333333333336,38.535707438650306,0.0,0.0,A,3.063369160046716,AI_VERIFIED
6567937.0,root3:batch_04,0,0,0,case_021,3,7766016.0,B1_base,nan,2144024.0,3338240.0,4710400.0,347c4acfc72625ec9f6d0c37e44b08c52e10af0410b8008fbc44e43d33ff2609,nan,11104256.0,,3055616.0,7766016.0,B1_base,2144024.0,347c4acfc72625ec9f6d0c37e44b08c52e10af0410b8008fbc44e43d33ff2609,nan,,3.063369160046716,0.0,0.0,5544.0,55637.333333333336,38.535707438650306,0.0,0.0,B,3.063369160046716,AI_VERIFIED
6567937.0,root3:batch_04,5525504.0,0.5459328207203561,4595712.0,case_021,3,7766016.0,base_base,nan,2142851.0,3338240.0,4710400.0,347c4acfc72625ec9f6d0c37e44b08c52e10af0410b8008fbc44e43d33ff2609,nan,11104256.0,,3055616.0,7766016.0,base_base,2142851.0,347c4acfc72625ec9f6d0c37e44b08c52e10af0410b8008fbc44e43d33ff2609,nan,,3.065046053132019,0.0,0.0,5544.0,55637.333333333336,38.51462447277607,0.0,0.0,C,3.065046053132019,AI_VERIFIED
6567937.0,root3:batch_04,0,0,0,case_021,4,4608000.0,A1_base,nan,1550324.0,3338240.0,4608000.0,5651d0bf527dad96b5fbf8f82a81990b67c2c68b9518e8552eab4c5d4b77f360,nan,7946240.0,,0.0,4608000.0,A1_base,1550324.0,5651d0bf527dad96b5fbf8f82a81990b67c2c68b9518e8552eab4c5d4b77f360,nan,,4.236493145948847,0.0,0.0,5544.0,55637.333333333336,27.864814992331286,0.0,0.0,A,4.236493145948847,AI_VERIFIED
6567937.0,root3:batch_04,0,0,0,case_021,4,4608000.0,B1_base,nan,1550324.0,3338240.0,4608000.0,5651d0bf527dad96b5fbf8f82a81990b67c2c68b9518e8552eab4c5d4b77f360,nan,7946240.0,,0.0,4608000.0,B1_base,1550324.0,5651d0bf527dad96b5fbf8f82a81990b67c2c68b9518e8552eab4c5d4b77f360,nan,,4.236493145948847,0.0,0.0,5544.0,55637.333333333336,27.864814992331286,0.0,0.0,B,4.236493145948847,AI_VERIFIED
6567937.0,root3:batch_04,0.0,0.0,6963200.0,case_021,4,4608000.0,base_base,nan,1550324.0,3338240.0,4608000.0,5651d0bf527dad96b5fbf8f82a81990b67c2c68b9518e8552eab4c5d4b77f360,nan,7946240.0,,0.0,4608000.0,base_base,1550324.0,5651d0bf527dad96b5fbf8f82a81990b67c2c68b9518e8552eab4c5d4b77f360,nan,,4.236493145948847,0.0,0.0,5544.0,55637.333333333336,27.864814992331286,0.0,0.0,C,4.236493145948847,AI_VERIFIED
6567937.0,root3:batch_04,0,0,0,case_021,5,7372800.0,A2_base,nan,1243902.0,3338240.0,7372800.0,7f03c324b1fc363d997afb864c2ed0f831497830c235c2644dc57180eff2d9b5,nan,10711040.0,,0.0,6959104.0,A2_aggregate,1278155.0,0c3c365ad82c84f3813281292b5e833d92afbdc74110dbff0b0e960bad04a1d7,nan,,5.138607602364345,34253.0,0.026798784185016685,5544.0,55637.333333333336,22.357326016104295,0.0,0.0,A,5.280108079253832,AI_VERIFIED
6567937.0,root3:batch_04,0,0,0,case_021,5,11431936.0,B1_base,nan,1250168.0,3338240.0,9420800.0,f564a562bcf76cbd8294a395c35f57fc0532eb4f2458a69e10d9df8bd90fdc8e,nan,14770176.0,,2011136.0,11431936.0,B1_base,1250168.0,f564a562bcf76cbd8294a395c35f57fc0532eb4f2458a69e10d9df8bd90fdc8e,nan,,5.253643510312214,0.0,0.0,5544.0,55637.333333333336,22.469948236196316,0.0,0.0,B,5.253643510312214,AI_VERIFIED
6567937.0,root3:batch_04,7858176.0,0.5699643493761141,5928960.0,case_021,5,11431936.0,base_base,nan,1249380.0,3338240.0,9420800.0,f564a562bcf76cbd8294a395c35f57fc0532eb4f2458a69e10d9df8bd90fdc8e,nan,14770176.0,,2011136.0,11431936.0,base_base,1249380.0,f564a562bcf76cbd8294a395c35f57fc0532eb4f2458a69e10d9df8bd90fdc8e,nan,,5.256957050697146,0.0,0.0,5544.0,55637.333333333336,22.455785084355828,0.0,0.0,C,5.256957050697146,AI_VERIFIED
56780.0,root3:batch_03,0,0,0,case_022,1,14094.0,A2_base,nan,56671.0,213686.0,14094.0,c604827a4d3f648bae26593884b62796cf6e5f23532114ca9bab39f97baa2b14,nan,227780.0,,0.0,0.0,A0_base,56780.0,b355a06bd058b6cea6853421e08ca3f19c6b298cd98ba2eb29ae07d4b909fc78,nan,,1.0,109.0,0.0019196900317013032,1986.0,3561.4333333333334,15.912413541364431,0.0,0.0,A,1.0019233823295866,AI_VERIFIED
56780.0,root3:batch_03,0,0,0,case_022,1,57344.0,B3_base,nan,54906.0,213686.0,0.0,c0bdc85122772cb74075c0c8f7bc327c431f7709c380e802c283c7a97868487d,nan,271030.0,,57344.0,58368.0,B3_aggregate,57035.0,8a9661718e3f1ba8acd838e4d0f8300cbb9b8b696f3843253fabd35b0e802e8e,nan,,0.9955290611028316,2129.0,0.037327956517927585,1986.0,3561.4333333333334,15.416826558595321,0.0,0.0,B,1.0341310603577023,AI_VERIFIED
56780.0,root3:batch_03,26624.0,0.10419373522643666,228900.0,case_022,1,57344.0,base_base,nan,54906.0,213686.0,0.0,c0bdc85122772cb74075c0c8f7bc327c431f7709c380e802c283c7a97868487d,nan,271030.0,,57344.0,57344.0,base_base,54906.0,c0bdc85122772cb74075c0c8f7bc327c431f7709c380e802c283c7a97868487d,nan,,1.0341310603577023,0.0,0.0,1986.0,3561.4333333333334,15.416826558595321,0.0,0.0,C,1.0341310603577023,AI_VERIFIED
56780.0,root3:batch_03,0,0,0,case_022,2,6912.0,A1_base,nan,28324.0,213686.0,6912.0,ef56bd0019912b5409f96701ced99b760b7a6c52fca79ddb4e0fea7f75145bc6,nan,220598.0,,0.0,6912.0,A1_base,28324.0,ef56bd0019912b5409f96701ced99b760b7a6c52fca79ddb4e0fea7f75145bc6,nan,,2.0046603587063974,0.0,0.0,1986.0,3561.4333333333334,7.952977733684003,0.0,0.0,A,2.0046603587063974,AI_VERIFIED
56780.0,root3:batch_03,0,0,0,case_022,2,6912.0,B1_base,nan,28324.0,213686.0,6912.0,ef56bd0019912b5409f96701ced99b760b7a6c52fca79ddb4e0fea7f75145bc6,nan,220598.0,,0.0,6912.0,B1_base,28324.0,ef56bd0019912b5409f96701ced99b760b7a6c52fca79ddb4e0fea7f75145bc6,nan,,2.0046603587063974,0.0,0.0,1986.0,3561.4333333333334,7.952977733684003,0.0,0.0,B,2.0046603587063974,AI_VERIFIED
56780.0,root3:batch_03,6912.0,0.03135376408469871,213540.0,case_022,2,6912.0,base_base,nan,28324.0,213686.0,6912.0,ef56bd0019912b5409f96701ced99b760b7a6c52fca79ddb4e0fea7f75145bc6,nan,220598.0,,0.0,6912.0,base_base,28324.0,ef56bd0019912b5409f96701ced99b760b7a6c52fca79ddb4e0fea7f75145bc6,nan,,2.0046603587063974,0.0,0.0,1986.0,3561.4333333333334,7.952977733684003,0.0,0.0,C,2.0046603587063974,AI_VERIFIED
56780.0,root3:batch_03,0,0,0,case_022,3,13824.0,A1_base,nan,19026.0,213686.0,13824.0,231ef8c9505efa0ee5b9bff254fd59e0250b0188e5ebd8a6b58aa2284587e3d4,nan,227510.0,,0.0,13824.0,A1_base,19026.0,231ef8c9505efa0ee5b9bff254fd59e0250b0188e5ebd8a6b58aa2284587e3d4,nan,,2.984337222747819,0.0,0.0,1986.0,3561.4333333333334,5.3422311241728515,0.0,0.0,A,2.984337222747819,AI_VERIFIED
56780.0,root3:batch_03,0,0,0,case_022,3,13824.0,B1_base,nan,19026.0,213686.0,13824.0,231ef8c9505efa0ee5b9bff254fd59e0250b0188e5ebd8a6b58aa2284587e3d4,nan,227510.0,,0.0,13824.0,B1_base,19026.0,231ef8c9505efa0ee5b9bff254fd59e0250b0188e5ebd8a6b58aa2284587e3d4,nan,,2.984337222747819,0.0,0.0,1986.0,3561.4333333333334,5.3422311241728515,0.0,0.0,B,2.984337222747819,AI_VERIFIED
56780.0,root3:batch_03,13824.0,0.060801182245210326,213540.0,case_022,3,13824.0,base_base,nan,19026.0,213686.0,13824.0,231ef8c9505efa0ee5b9bff254fd59e0250b0188e5ebd8a6b58aa2284587e3d4,nan,227510.0,,0.0,13824.0,base_base,19026.0,231ef8c9505efa0ee5b9bff254fd59e0250b0188e5ebd8a6b58aa2284587e3d4,nan,,2.984337222747819,0.0,0.0,1986.0,3561.4333333333334,5.3422311241728515,0.0,0.0,C,2.984337222747819,AI_VERIFIED
56780.0,root3:batch_03,0,0,0,case_022,4,13824.0,A1_base,nan,14526.0,213686.0,13824.0,3faf2b29d78542f83c598303d3ba4fd09821612e0847f439ef62fef0677d8a88,nan,227510.0,,0.0,13824.0,A1_move,28004.0,3aeaeef0ec2536f91cc119480236ba437d93e743742ee071746e55516b913f74,nan,,2.0275674903585204,13478.0,0.4812883873732324,1986.0,3561.4333333333334,4.07869490748107,0.0,0.0,A,3.9088530910092247,AI_VERIFIED
56780.0,root3:batch_03,0,0,0,case_022,4,13824.0,B1_base,nan,14526.0,213686.0,13824.0,3faf2b29d78542f83c598303d3ba4fd09821612e0847f439ef62fef0677d8a88,nan,227510.0,,0.0,6912.0,B1_move,27868.0,3aeaeef0ec2536f91cc119480236ba437d93e743742ee071746e55516b913f74,nan,,2.03746232237692,13342.0,0.47875699727285775,1986.0,3561.4333333333334,4.07869490748107,0.0,0.0,B,3.9088530910092247,AI_VERIFIED
56780.0,root3:batch_03,13824.0,0.060801182245210326,213540.0,case_022,4,13824.0,base_base,nan,14526.0,213686.0,13824.0,3faf2b29d78542f83c598303d3ba4fd09821612e0847f439ef62fef0677d8a88,nan,227510.0,,0.0,13824.0,base_base,14526.0,3faf2b29d78542f83c598303d3ba4fd09821612e0847f439ef62fef0677d8a88,nan,,3.9088530910092247,0.0,0.0,1986.0,3561.4333333333334,4.07869490748107,0.0,0.0,C,3.9088530910092247,AI_VERIFIED
56780.0,root3:batch_03,0,0,0,case_022,5,20736.0,A1_base,nan,11824.0,213686.0,20736.0,3fc0ccfb5398c119ed7b40330b3186e52dd30df9dcbf5dd22d58e087785bf194,nan,234422.0,,0.0,20736.0,A1_move,22641.0,2f475e0159102d8468218765e971bd8b1a1488e109d7d0931ba0389af5b32064,nan,,2.5078397597279274,10817.0,0.47776158296895016,1986.0,3561.4333333333334,3.3200116058141385,0.0,0.0,A,4.802097428958051,AI_VERIFIED
56780.0,root3:batch_03,0,0,0,case_022,5,20736.0,B1_base,nan,11824.0,213686.0,20736.0,3fc0ccfb5398c119ed7b40330b3186e52dd30df9dcbf5dd22d58e087785bf194,nan,234422.0,,0.0,13824.0,B1_move,22505.0,2f475e0159102d8468218765e971bd8b1a1488e109d7d0931ba0389af5b32064,nan,,2.522994890024439,10681.0,0.47460564319040216,1986.0,3561.4333333333334,3.3200116058141385,0.0,0.0,B,4.802097428958051,AI_VERIFIED
56780.0,root3:batch_03,20736.0,0.08851098704092608,213540.0,case_022,5,20736.0,base_base,nan,11824.0,213686.0,20736.0,3fc0ccfb5398c119ed7b40330b3186e52dd30df9dcbf5dd22d58e087785bf194,nan,234422.0,,0.0,20736.0,base_base,11824.0,3fc0ccfb5398c119ed7b40330b3186e52dd30df9dcbf5dd22d58e087785bf194,nan,,4.802097428958051,0.0,0.0,1986.0,3561.4333333333334,3.3200116058141385,0.0,0.0,C,4.802097428958051,AI_VERIFIED
122614.0,root2:batch_09,0,0,0,case_023,1,0.0,A0_base,0.496312167000724,122614.0,443444.0,0.0,83db68290c89af17261494dc664f9a5c788ead588a789bb6eda6124a3803f584,0.15059362500323914,443444.0,seed,0.0,0.0,A0_base,122614.0,83db68290c89af17261494dc664f9a5c788ead588a789bb6eda6124a3803f584,0.15059362500323914,seed,1.0,0.0,0.0,4218.0,7390.733333333334,16.5902346181254,0.0,0.0,A,1.0,AI_VERIFIED
122614.0,root2:batch_09,0,0,0,case_023,1,274948.0,B3_aggregate,0.3031150830211118,116685.0,443444.0,0.0,d77ad6b3fbebaba0962e77cae047522776156401b027ef9dc0e3499c187402b0,0.2546214579779189,718392.0,aggregate,274948.0,264708.0,B3_base,117117.0,9c644bff6b8179beedb59cfa270306707e72749dbada12f507074fbc3ebc0696,0.2855881249997765,seed,1.046935970012893,432.0,0.0036886190732344577,4218.0,7390.733333333334,15.788013819106808,0.0,0.0,B,1.0508120152547458,AI_VERIFIED
122614.0,root2:batch_09,59392.0,0.09877397337732749,541900.0,case_023,1,274948.0,base_base,0.304551207984332,116571.0,443444.0,0.0,d77ad6b3fbebaba0962e77cae047522776156401b027ef9dc0e3499c187402b0,0.3412173749820795,718392.0,seed,274948.0,274948.0,base_base,116571.0,d77ad6b3fbebaba0962e77cae047522776156401b027ef9dc0e3499c187402b0,0.3412173749820795,seed,1.0518396513712673,0.0,0.0,4218.0,7390.733333333334,15.772589098059733,0.0,0.0,C,1.0518396513712673,AI_VERIFIED
122614.0,root2:batch_09,0,0,0,case_023,2,84384.0,A1_base,0.5153655419999268,61501.0,443444.0,84384.0,6f3bcf1714c90a1bc049c0184ae8be5724088ef1ec18d8926397e936332509af,0.2261537910089828,527828.0,seed,0.0,84384.0,A1_base,61501.0,6f3bcf1714c90a1bc049c0184ae8be5724088ef1ec18d8926397e936332509af,0.2261537910089828,seed,1.9936911594933415,0.0,0.0,4218.0,7390.733333333334,8.321366395756849,0.0,0.0,A,1.9936911594933415,AI_VERIFIED
122614.0,root2:batch_09,0,0,0,case_023,2,84384.0,B1_base,0.18520391700440086,61501.0,443444.0,84384.0,6f3bcf1714c90a1bc049c0184ae8be5724088ef1ec18d8926397e936332509af,0.2829980000096839,527828.0,seed,0.0,84384.0,B1_base,61501.0,6f3bcf1714c90a1bc049c0184ae8be5724088ef1ec18d8926397e936332509af,0.2829980000096839,seed,1.9936911594933415,0.0,0.0,4218.0,7390.733333333334,8.321366395756849,0.0,0.0,B,1.9936911594933415,AI_VERIFIED
122614.0,root2:batch_09,84384.0,0.1627445005457989,434122.0,case_023,2,84384.0,base_base,0.24302783302846365,61501.0,443444.0,84384.0,6f3bcf1714c90a1bc049c0184ae8be5724088ef1ec18d8926397e936332509af,0.16569412499666214,527828.0,seed,0.0,84384.0,base_base,61501.0,6f3bcf1714c90a1bc049c0184ae8be5724088ef1ec18d8926397e936332509af,0.16569412499666214,seed,1.9936911594933415,0.0,0.0,4218.0,7390.733333333334,8.321366395756849,0.0,0.0,C,1.9936911594933415,AI_VERIFIED
122614.0,root2:batch_09,0,0,0,case_023,3,133536.0,A1_base,0.5275213340064511,41403.0,443444.0,133536.0,ecc8c68ca82c2934d744f00216ced677978da04753fbd0314078a5a6c1da0ba9,0.12317987499409355,576980.0,seed,0.0,133536.0,A1_base,41403.0,ecc8c68ca82c2934d744f00216ced677978da04753fbd0314078a5a6c1da0ba9,0.12317987499409355,seed,2.961476221529841,0.0,0.0,4218.0,7390.733333333334,5.602015136071296,0.0,0.0,A,2.961476221529841,AI_VERIFIED
122614.0,root2:batch_09,0,0,0,case_023,3,133536.0,B1_base,0.2591703750076704,41403.0,443444.0,133536.0,ecc8c68ca82c2934d744f00216ced677978da04753fbd0314078a5a6c1da0ba9,0.16433179200976156,576980.0,seed,0.0,133536.0,B1_base,41403.0,ecc8c68ca82c2934d744f00216ced677978da04753fbd0314078a5a6c1da0ba9,0.16433179200976156,seed,2.961476221529841,0.0,0.0,4218.0,7390.733333333334,5.602015136071296,0.0,0.0,B,2.961476221529841,AI_VERIFIED
122614.0,root2:batch_09,59808.0,0.10535921276543271,507850.0,case_023,3,133536.0,base_base,0.43562399997608736,41403.0,443444.0,133536.0,ecc8c68ca82c2934d744f00216ced677978da04753fbd0314078a5a6c1da0ba9,0.19655129199963994,576980.0,seed,0.0,133536.0,base_base,41403.0,ecc8c68ca82c2934d744f00216ced677978da04753fbd0314078a5a6c1da0ba9,0.19655129199963994,seed,2.961476221529841,0.0,0.0,4218.0,7390.733333333334,5.602015136071296,0.0,0.0,C,2.961476221529841,AI_VERIFIED
122614.0,root2:batch_09,0,0,0,case_023,4,281280.0,A1_base,0.4137974590121303,30142.0,443444.0,281280.0,93d73db2aaa430da77917e5698b57927336c7a693e824b4ce2a87336a6f4c665,0.2259759999869857,724724.0,seed,0.0,281280.0,A1_base,30142.0,93d73db2aaa430da77917e5698b57927336c7a693e824b4ce2a87336a6f4c665,0.2259759999869857,seed,4.0678787074513965,0.0,0.0,4218.0,7390.733333333334,4.078350366675386,0.0,0.0,A,4.0678787074513965,AI_VERIFIED
122614.0,root2:batch_09,0,0,0,case_023,4,281280.0,B1_base,0.2269972089852672,30142.0,443444.0,281280.0,93d73db2aaa430da77917e5698b57927336c7a693e824b4ce2a87336a6f4c665,0.15558262501144782,724724.0,seed,0.0,281280.0,B1_base,30142.0,93d73db2aaa430da77917e5698b57927336c7a693e824b4ce2a87336a6f4c665,0.15558262501144782,seed,4.0678787074513965,0.0,0.0,4218.0,7390.733333333334,4.078350366675386,0.0,0.0,B,4.0678787074513965,AI_VERIFIED
122614.0,root2:batch_09,281280.0,0.39317754213714806,434122.0,case_023,4,281280.0,base_base,0.16915920801693574,30142.0,443444.0,281280.0,93d73db2aaa430da77917e5698b57927336c7a693e824b4ce2a87336a6f4c665,0.21980337501736358,724724.0,seed,0.0,281280.0,base_base,30142.0,93d73db2aaa430da77917e5698b57927336c7a693e824b4ce2a87336a6f4c665,0.21980337501736358,seed,4.0678787074513965,0.0,0.0,4218.0,7390.733333333334,4.078350366675386,0.0,0.0,C,4.0678787074513965,AI_VERIFIED
122614.0,root2:batch_09,0,0,0,case_023,5,270912.0,A1_base,0.396043707994977,24517.0,443444.0,270912.0,0ef430f242cb8b7435a85bae0eac1c7308edd3acd6f7a7fa1fb7bdf45c696a32,0.23769266600720584,714356.0,seed,0.0,270912.0,A1_base,24517.0,0ef430f242cb8b7435a85bae0eac1c7308edd3acd6f7a7fa1fb7bdf45c696a32,0.23769266600720584,seed,5.001182852714443,0.0,0.0,4218.0,7390.733333333334,3.317262157115667,0.0,0.0,A,5.001182852714443,AI_VERIFIED
122614.0,root2:batch_09,0,0,0,case_023,5,270912.0,B1_base,0.37484395800856873,24517.0,443444.0,270912.0,0ef430f242cb8b7435a85bae0eac1c7308edd3acd6f7a7fa1fb7bdf45c696a32,0.17346433398779482,714356.0,seed,0.0,270912.0,B1_base,24517.0,0ef430f242cb8b7435a85bae0eac1c7308edd3acd6f7a7fa1fb7bdf45c696a32,0.17346433398779482,seed,5.001182852714443,0.0,0.0,4218.0,7390.733333333334,3.317262157115667,0.0,0.0,B,5.001182852714443,AI_VERIFIED
122614.0,root2:batch_09,148032.0,0.20996434214520152,557002.0,case_023,5,270912.0,base_base,0.4610290839918889,24517.0,443444.0,270912.0,0ef430f242cb8b7435a85bae0eac1c7308edd3acd6f7a7fa1fb7bdf45c696a32,0.1974845000077039,714356.0,seed,0.0,270912.0,base_base,24517.0,0ef430f242cb8b7435a85bae0eac1c7308edd3acd6f7a7fa1fb7bdf45c696a32,0.1974845000077039,seed,5.001182852714443,0.0,0.0,4218.0,7390.733333333334,3.317262157115667,0.0,0.0,C,5.001182852714443,AI_VERIFIED
2555343.0,root3:batch_02,0,0,0,case_024,1,0.0,A0_base,nan,2555343.0,393218.0,0.0,0be7a7907d82947170997ad397f8ce11ed1e015e295a3ccc4c9f891a1224eafd,nan,393218.0,,0.0,0.0,A0_base,2555343.0,0be7a7907d82947170997ad397f8ce11ed1e015e295a3ccc4c9f891a1224eafd,nan,,1.0,0.0,0.0,216948.0,216948.0,11.778596714420045,0.0,0.0,A,1.0,AI_VERIFIED
2555343.0,root3:batch_02,0,0,0,case_024,1,0.0,B3_aggregate,nan,2555343.0,393218.0,0.0,f8fdde0b116790f6a8bc898df4e55b02a5d23acb0b874a61f2b6b4b35cc9c298,nan,393218.0,,0.0,131076.0,B3_base,2556470.0,898fd911dd596bdefe28f5154b1c6a8678ca58e033ff70735459a49202e0d5b6,nan,,0.9995591577448592,1127.0,0.00044084225514087787,216948.0,216948.0,11.778596714420045,0.0,0.0,B,1.0,AI_VERIFIED
2555343.0,root3:batch_02,0.0,0.0,393216.0,case_024,1,0.0,base_aggregate,nan,2555343.0,393218.0,0.0,b19109b7f74049e4bb0f2e28739ac1999fdb18a63555f953f081b3029382df76,nan,393218.0,,0.0,0.0,base_base,2555343.0,f8fdde0b116790f6a8bc898df4e55b02a5d23acb0b874a61f2b6b4b35cc9c298,nan,,1.0,0.0,0.0,216948.0,216948.0,11.778596714420045,0.0,0.0,C,1.0,AI_VERIFIED
2555343.0,root3:batch_02,0,0,0,case_024,2,1376348.0,A2_base,nan,2561629.0,393218.0,1376348.0,ac54bdf2c36cb407a7c2d754e28207652d3cd6318173e54e4654921f1a50cdd6,nan,1769566.0,,0.0,1376348.0,A2_base,2561629.0,ac54bdf2c36cb407a7c2d754e28207652d3cd6318173e54e4654921f1a50cdd6,nan,,0.9975460927402056,0.0,0.0,216948.0,216948.0,11.80757139959806,0.0,0.0,A,0.9975460927402056,AI_VERIFIED
2555343.0,root3:batch_02,0,0,0,case_024,2,983116.0,B3_base,nan,2562266.0,393218.0,852040.0,234a4547fbe9e19311d16948d545559b9a18b0f809aca15109ae606e93e47144,nan,1376334.0,,131076.0,983116.0,B3_base,2562266.0,234a4547fbe9e19311d16948d545559b9a18b0f809aca15109ae606e93e47144,nan,,0.9972980947333338,0.0,0.0,216948.0,216948.0,11.810507587071557,0.0,0.0,B,0.9972980947333338,AI_VERIFIED
2555343.0,root3:batch_02,393216.0,0.3636235853750109,688166.0,case_024,2,983116.0,base_base,nan,2562266.0,393218.0,852040.0,234a4547fbe9e19311d16948d545559b9a18b0f809aca15109ae606e93e47144,nan,1376334.0,,131076.0,983116.0,base_base,2562266.0,234a4547fbe9e19311d16948d545559b9a18b0f809aca15109ae606e93e47144,nan,,0.9972980947333338,0.0,0.0,216948.0,216948.0,11.810507587071557,0.0,0.0,C,0.9972980947333338,AI_VERIFIED
2555343.0,root3:batch_02,0,0,0,case_024,3,2097304.0,A2_base,nan,2563176.0,393218.0,2097304.0,0841ac2fbcba1283e899a2709428fb7d779c68fb02161a1bee4f9f8aeb14cb16,nan,2490522.0,,0.0,2097304.0,A2_base,2563176.0,0841ac2fbcba1283e899a2709428fb7d779c68fb02161a1bee4f9f8aeb14cb16,nan,,0.9969440256931245,0.0,0.0,216948.0,216948.0,11.814702140605123,0.0,0.0,A,0.9969440256931245,AI_VERIFIED
2555343.0,root3:batch_02,0,0,0,case_024,3,2031736.0,B3_base,nan,2569688.0,393218.0,2031736.0,b699abce2109f873d8b97ffe7c153bab126f596219943be46d5f27af78bf9525,nan,2424954.0,,0.0,2031736.0,B3_base,2569688.0,b699abce2109f873d8b97ffe7c153bab126f596219943be46d5f27af78bf9525,nan,,0.994417610231281,0.0,0.0,216948.0,216948.0,11.844718550067297,0.0,0.0,B,0.994417610231281,AI_VERIFIED
2555343.0,root3:batch_02,491520.0,0.27271819341951953,1310780.0,case_024,3,2031736.0,base_base,nan,2567896.0,393218.0,2031736.0,b699abce2109f873d8b97ffe7c153bab126f596219943be46d5f27af78bf9525,nan,2424954.0,,0.0,2031736.0,base_base,2567896.0,b699abce2109f873d8b97ffe7c153bab126f596219943be46d5f27af78bf9525,nan,,0.9951115621504921,0.0,0.0,216948.0,216948.0,11.836458506185814,0.0,0.0,C,0.9951115621504921,AI_VERIFIED
2555343.0,root3:batch_02,0,0,0,case_024,4,3080392.0,A2_base,nan,2568836.0,393218.0,3080392.0,ff39fbe32ed8d4965743421a7e71d14262dc5003864e1051c82216aab80f5311,nan,3473610.0,,0.0,3080392.0,A2_base,2568836.0,ff39fbe32ed8d4965743421a7e71d14262dc5003864e1051c82216aab80f5311,nan,,0.9947474264608562,0.0,0.0,216948.0,216948.0,11.840791341704003,0.0,0.0,A,0.9947474264608562,AI_VERIFIED
2555343.0,root3:batch_02,0,0,0,case_024,4,2752684.0,B3_base,nan,2586270.0,393218.0,2752684.0,7a3814c3294a2e88762817888cee87dcac522bc5937aed48342839095b3d0166,nan,3145902.0,,0.0,2752684.0,B3_base,2586270.0,7a3814c3294a2e88762817888cee87dcac522bc5937aed48342839095b3d0166,nan,,0.9880418517788166,0.0,0.0,216948.0,216948.0,11.921151612367941,0.0,0.0,B,0.9880418517788166,AI_VERIFIED
2555343.0,root3:batch_02,917504.0,0.38887471380217364,1441878.0,case_024,4,2752684.0,base_base,nan,2580375.0,393218.0,2752684.0,7a3814c3294a2e88762817888cee87dcac522bc5937aed48342839095b3d0166,nan,3145902.0,,0.0,2752684.0,base_base,2580375.0,7a3814c3294a2e88762817888cee87dcac522bc5937aed48342839095b3d0166,nan,,0.9902990844354018,0.0,0.0,216948.0,216948.0,11.893979202389513,0.0,0.0,C,0.9902990844354018,AI_VERIFIED
2555343.0,root3:batch_02,0,0,0,case_024,5,3801348.0,A2_base,nan,2571283.0,393218.0,3801348.0,6bf7981ca70112c04eab0a9f202e7dc902c898407fb0f35e3c873998ef3cde87,nan,4194566.0,,0.0,3801348.0,A2_base,2571283.0,6bf7981ca70112c04eab0a9f202e7dc902c898407fb0f35e3c873998ef3cde87,nan,,0.993800760165256,0.0,0.0,216948.0,216948.0,11.852070542249756,0.0,0.0,A,0.993800760165256,AI_VERIFIED
2555343.0,root3:batch_02,0,0,0,case_024,5,3670224.0,B3_base,nan,2590252.0,393218.0,3670224.0,d0cfa96e5896757f33f2434e60185b611ae53ed8d4f668eb64dd3bb8c8175251,nan,4063442.0,,0.0,3670224.0,B3_base,2590252.0,d0cfa96e5896757f33f2434e60185b611ae53ed8d4f668eb64dd3bb8c8175251,nan,,0.9865229329038255,0.0,0.0,216948.0,216948.0,11.939506241126907,0.0,0.0,B,0.9865229329038255,AI_VERIFIED
2555343.0,root3:batch_02,1179648.0,0.3912908490228078,1835112.0,case_024,5,3670224.0,base_base,nan,2579548.0,393218.0,3670224.0,d0cfa96e5896757f33f2434e60185b611ae53ed8d4f668eb64dd3bb8c8175251,nan,4063442.0,,0.0,3670224.0,base_base,2579548.0,d0cfa96e5896757f33f2434e60185b611ae53ed8d4f668eb64dd3bb8c8175251,nan,,0.9906165731360688,0.0,0.0,216948.0,216948.0,11.890167229013404,0.0,0.0,C,0.9906165731360688,AI_VERIFIED
4863026.0,root3:batch_02,0,0,0,case_025,1,0.0,A0_base,nan,4863026.0,8217600.0,0.0,a73d1fe8b850ab968c7c9f9c99b4f54af39d4d4daeabaf69de716a1dcb9ca0ba,nan,8217600.0,,0.0,0.0,A0_base,4863026.0,a73d1fe8b850ab968c7c9f9c99b4f54af39d4d4daeabaf69de716a1dcb9ca0ba,nan,,1.0,0.0,0.0,1632.0,136960.0,35.50690712616822,0.0,0.0,A,1.0,AI_VERIFIED
4863026.0,root3:batch_02,0,0,0,case_025,1,56653824.0,B3_aggregate,nan,6233412.0,8217600.0,0.0,ae00cb725de532e001cfee95670c7659961c74bf4c456348124d248190fdf5fb,nan,64871424.0,,56653824.0,70467072.0,B3_base,6570362.0,0c19de4be63b9e2f1e33009f2ed397e1787731dd15352c446eadba36c0429bfd,nan,,0.7401458245375216,336950.0,0.05128332350637606,1632.0,136960.0,45.51264602803738,0.0,0.0,B,0.7801547531271797,AI_VERIFIED
4863026.0,root3:batch_02,0.0,0.0,14747136.0,case_025,1,17399808.0,base_aggregate,nan,5823114.0,8217600.0,0.0,640890680e1359d4cf7467e635955626b77b8a11b79a55fbb8e5a504e00f126a,nan,25617408.0,,17399808.0,56653824.0,base_base,6233412.0,ae00cb725de532e001cfee95670c7659961c74bf4c456348124d248190fdf5fb,nan,,0.7801547531271797,410298.0,0.0658223778566217,1632.0,136960.0,42.516895443925236,0.0,0.0,C,0.8351246429315998,AI_VERIFIED
4863026.0,root3:batch_02,0,0,0,case_025,2,27648.0,A1_base,nan,2431840.0,8217600.0,27648.0,fce6c67cc61f6ccc904e9c7fc43cd5ae16cd9434547fb13b4255cd4492f2df03,nan,8245248.0,,0.0,27648.0,A1_base,2431840.0,fce6c67cc61f6ccc904e9c7fc43cd5ae16cd9434547fb13b4255cd4492f2df03,nan,,1.9997310678334101,0.0,0.0,1632.0,136960.0,17.755841121495326,0.0,0.0,A,1.9997310678334101,AI_VERIFIED
4863026.0,root3:batch_02,0,0,0,case_025,2,27648.0,B1_base,nan,2431840.0,8217600.0,27648.0,fce6c67cc61f6ccc904e9c7fc43cd5ae16cd9434547fb13b4255cd4492f2df03,nan,8245248.0,,0.0,27648.0,B1_base,2431840.0,fce6c67cc61f6ccc904e9c7fc43cd5ae16cd9434547fb13b4255cd4492f2df03,nan,,1.9997310678334101,0.0,0.0,1632.0,136960.0,17.755841121495326,0.0,0.0,B,1.9997310678334101,AI_VERIFIED
4863026.0,root3:batch_02,0.0,0.0,4150272.0,case_025,2,27648.0,base_base,nan,2431840.0,8217600.0,27648.0,fce6c67cc61f6ccc904e9c7fc43cd5ae16cd9434547fb13b4255cd4492f2df03,nan,8245248.0,,0.0,27648.0,base_base,2431840.0,fce6c67cc61f6ccc904e9c7fc43cd5ae16cd9434547fb13b4255cd4492f2df03,nan,,1.9997310678334101,0.0,0.0,1632.0,136960.0,17.755841121495326,0.0,0.0,C,1.9997310678334101,AI_VERIFIED
4863026.0,root3:batch_02,0,0,0,case_025,3,55296.0,A1_base,nan,1622164.0,8217600.0,55296.0,42556d6b216149eb3272e198f66cbb2b0b0088b561d7036b9bfd3dd0024668b4,nan,8272896.0,,0.0,198144.0,A2_base,4868332.0,f248d5f25681dfd615566fffa49d195c447ccae2a90c3ece2d483ef31aefd916,nan,,0.9989100989825673,3246168.0,0.6667926509531396,1632.0,136960.0,11.844071261682243,0.0,0.0,A,2.9978633479722148,AI_VERIFIED
4863026.0,root3:batch_02,0,0,0,case_025,3,55296.0,B1_base,nan,1622164.0,8217600.0,55296.0,42556d6b216149eb3272e198f66cbb2b0b0088b561d7036b9bfd3dd0024668b4,nan,8272896.0,,0.0,55296.0,B1_base,1622164.0,42556d6b216149eb3272e198f66cbb2b0b0088b561d7036b9bfd3dd0024668b4,nan,,2.9978633479722148,0.0,0.0,1632.0,136960.0,11.844071261682243,0.0,0.0,B,2.9978633479722148,AI_VERIFIED
4863026.0,root3:batch_02,0.0,0.0,4177920.0,case_025,3,55296.0,base_base,nan,1622164.0,8217600.0,55296.0,42556d6b216149eb3272e198f66cbb2b0b0088b561d7036b9bfd3dd0024668b4,nan,8272896.0,,0.0,55296.0,base_base,1622164.0,42556d6b216149eb3272e198f66cbb2b0b0088b561d7036b9bfd3dd0024668b4,nan,,2.9978633479722148,0.0,0.0,1632.0,136960.0,11.844071261682243,0.0,0.0,C,2.9978633479722148,AI_VERIFIED
4863026.0,root3:batch_02,0,0,0,case_025,4,82944.0,A1_base,nan,1217444.0,8217600.0,82944.0,01f12301d9b34721237ff35ee4eccdbf74dc606882267d80c6b951e35d82391a,nan,8300544.0,,0.0,265728.0,A2_base,4872138.0,642f6370ef7a7adb1507695fafa700bfe44dca6296141531cc28e333a37516d2,nan,,0.9981297738282454,3654694.0,0.7501211993584747,1632.0,136960.0,8.889047897196262,0.0,0.0,A,3.9944555971362954,AI_VERIFIED
4863026.0,root3:batch_02,0,0,0,case_025,4,82944.0,B1_base,nan,1217444.0,8217600.0,82944.0,01f12301d9b34721237ff35ee4eccdbf74dc606882267d80c6b951e35d82391a,nan,8300544.0,,0.0,82944.0,B1_base,1217444.0,01f12301d9b34721237ff35ee4eccdbf74dc606882267d80c6b951e35d82391a,nan,,3.9944555971362954,0.0,0.0,1632.0,136960.0,8.889047897196262,0.0,0.0,B,3.9944555971362954,AI_VERIFIED
4863026.0,root3:batch_02,0.0,0.0,4205568.0,case_025,4,82944.0,base_base,nan,1217444.0,8217600.0,82944.0,01f12301d9b34721237ff35ee4eccdbf74dc606882267d80c6b951e35d82391a,nan,8300544.0,,0.0,82944.0,base_base,1217444.0,01f12301d9b34721237ff35ee4eccdbf74dc606882267d80c6b951e35d82391a,nan,,3.9944555971362954,0.0,0.0,1632.0,136960.0,8.889047897196262,0.0,0.0,C,3.9944555971362954,AI_VERIFIED
4863026.0,root3:batch_02,0,0,0,case_025,5,110592.0,A1_base,nan,975282.0,8217600.0,110592.0,7d9d44a49a3cc3080fb1b1fee89fe07be1e50f2cd043f4b78ca9c991a85d4cb9,nan,8328192.0,,0.0,344064.0,A2_base,3898902.0,0bb2fc7b4cffce64bba972c8564e9804bcc4c9b025b63f9ad8fd007530cf4176,nan,,1.2472809011357557,2923620.0,0.7498572675076214,1632.0,136960.0,7.120925817757009,0.0,0.0,A,4.986276789687495,AI_VERIFIED
4863026.0,root3:batch_02,0,0,0,case_025,5,110592.0,B1_base,nan,975282.0,8217600.0,110592.0,7d9d44a49a3cc3080fb1b1fee89fe07be1e50f2cd043f4b78ca9c991a85d4cb9,nan,8328192.0,,0.0,110592.0,B1_base,975282.0,7d9d44a49a3cc3080fb1b1fee89fe07be1e50f2cd043f4b78ca9c991a85d4cb9,nan,,4.986276789687495,0.0,0.0,1632.0,136960.0,7.120925817757009,0.0,0.0,B,4.986276789687495,AI_VERIFIED
4863026.0,root3:batch_02,0.0,0.0,4233216.0,case_025,5,110592.0,base_base,nan,975282.0,8217600.0,110592.0,7d9d44a49a3cc3080fb1b1fee89fe07be1e50f2cd043f4b78ca9c991a85d4cb9,nan,8328192.0,,0.0,110592.0,base_base,975282.0,7d9d44a49a3cc3080fb1b1fee89fe07be1e50f2cd043f4b78ca9c991a85d4cb9,nan,,4.986276789687495,0.0,0.0,1632.0,136960.0,7.120925817757009,0.0,0.0,C,4.986276789687495,AI_VERIFIED
99203.0,root3:batch_03,0,0,0,case_026,1,0.0,A0_base,nan,99203.0,528854.0,0.0,ee67660758cea0bc980e7832c20da89df414bf6b01ddfeb42c244a00925fcebe,nan,528854.0,,0.0,0.0,A0_base,99203.0,ee67660758cea0bc980e7832c20da89df414bf6b01ddfeb42c244a00925fcebe,nan,,1.0,0.0,0.0,4319.0,8814.233333333334,11.254864291467966,0.0,0.0,A,1.0,AI_VERIFIED
99203.0,root3:batch_03,0,0,0,case_026,1,0.0,B3_aggregate,nan,95307.0,528854.0,0.0,bde75034e3e89c0e2df10b4ff80ee05e23b74279d7338c3a5fc8e3d1438ce1b9,nan,528854.0,,0.0,363016.0,B3_base,98102.0,9d4344703d55e28d251290126788a03e50adbc4e59454cfb9f601ec0b4ac5330,nan,,1.011223012782614,2795.0,0.028490754520804875,4319.0,8814.233333333334,10.812851940233031,0.0,0.0,B,1.0408784244599032,AI_VERIFIED
99203.0,root3:batch_03,0.0,0.0,488886.0,case_026,1,0.0,base_base,nan,95307.0,528854.0,0.0,bde75034e3e89c0e2df10b4ff80ee05e23b74279d7338c3a5fc8e3d1438ce1b9,nan,528854.0,,0.0,0.0,base_base,95307.0,bde75034e3e89c0e2df10b4ff80ee05e23b74279d7338c3a5fc8e3d1438ce1b9,nan,,1.0408784244599032,0.0,0.0,4319.0,8814.233333333334,10.812851940233031,0.0,0.0,C,1.0408784244599032,AI_VERIFIED
99203.0,root3:batch_03,0,0,0,case_026,2,21936.0,A1_base,nan,55057.0,528854.0,21936.0,d09015c79d7877cb7d65c3aedd049394c5123733e51f0b41277471ec16efd1c4,nan,550790.0,,0.0,21936.0,A1_base,55057.0,d09015c79d7877cb7d65c3aedd049394c5123733e51f0b41277471ec16efd1c4,nan,,1.8018235646693428,0.0,0.0,4319.0,8814.233333333334,6.2463742356113405,0.0,0.0,A,1.8018235646693428,AI_VERIFIED
99203.0,root3:batch_03,0,0,0,case_026,2,21936.0,B1_base,nan,55057.0,528854.0,21936.0,d09015c79d7877cb7d65c3aedd049394c5123733e51f0b41277471ec16efd1c4,nan,550790.0,,0.0,21936.0,B1_base,55057.0,d09015c79d7877cb7d65c3aedd049394c5123733e51f0b41277471ec16efd1c4,nan,,1.8018235646693428,0.0,0.0,4319.0,8814.233333333334,6.2463742356113405,0.0,0.0,B,1.8018235646693428,AI_VERIFIED
99203.0,root3:batch_03,21936.0,0.04294255141712769,488886.0,case_026,2,21936.0,base_base,nan,55057.0,528854.0,21936.0,d09015c79d7877cb7d65c3aedd049394c5123733e51f0b41277471ec16efd1c4,nan,550790.0,,0.0,21936.0,base_base,55057.0,d09015c79d7877cb7d65c3aedd049394c5123733e51f0b41277471ec16efd1c4,nan,,1.8018235646693428,0.0,0.0,4319.0,8814.233333333334,6.2463742356113405,0.0,0.0,C,1.8018235646693428,AI_VERIFIED
99203.0,root3:batch_03,0,0,0,case_026,3,95664.0,A1_base,nan,41665.0,528854.0,95664.0,01f9445b679bfe91344bd30d19590defd8bf7850d3debf001e587657a3d9f37c,nan,624518.0,,0.0,95664.0,A1_base,41665.0,01f9445b679bfe91344bd30d19590defd8bf7850d3debf001e587657a3d9f37c,nan,,2.3809672386895477,0.0,0.0,4319.0,8814.233333333334,4.7270135046723665,0.0,0.0,A,2.3809672386895477,AI_VERIFIED
99203.0,root3:batch_03,0,0,0,case_026,3,95664.0,B1_base,nan,41665.0,528854.0,95664.0,01f9445b679bfe91344bd30d19590defd8bf7850d3debf001e587657a3d9f37c,nan,624518.0,,0.0,95664.0,B1_base,41665.0,01f9445b679bfe91344bd30d19590defd8bf7850d3debf001e587657a3d9f37c,nan,,2.3809672386895477,0.0,0.0,4319.0,8814.233333333334,4.7270135046723665,0.0,0.0,B,2.3809672386895477,AI_VERIFIED
99203.0,root3:batch_03,95664.0,0.16365409289196817,488886.0,case_026,3,95664.0,base_base,nan,41665.0,528854.0,95664.0,01f9445b679bfe91344bd30d19590defd8bf7850d3debf001e587657a3d9f37c,nan,624518.0,,0.0,95664.0,base_base,41665.0,01f9445b679bfe91344bd30d19590defd8bf7850d3debf001e587657a3d9f37c,nan,,2.3809672386895477,0.0,0.0,4319.0,8814.233333333334,4.7270135046723665,0.0,0.0,C,2.3809672386895477,AI_VERIFIED
99203.0,root3:batch_03,0,0,0,case_026,4,191328.0,A1_base,nan,42208.0,528854.0,191328.0,60a4945d01885134c03092b38d3985887947d5478aa1f88ca914bf26cc2b1512,nan,720182.0,,0.0,191328.0,A1_move,62948.0,193528c820cf98af252986b9e277b257dcd59f62271ed01a1f9946cf9611462b,nan,,1.5759515790811462,20740.0,0.32947829954883395,4319.0,8814.233333333334,4.788618408861425,0.0,0.0,A,2.3503364291129643,AI_VERIFIED
99203.0,root3:batch_03,0,0,0,case_026,4,191328.0,B1_base,nan,42208.0,528854.0,191328.0,60a4945d01885134c03092b38d3985887947d5478aa1f88ca914bf26cc2b1512,nan,720182.0,,0.0,191328.0,B1_move,62505.0,193528c820cf98af252986b9e277b257dcd59f62271ed01a1f9946cf9611462b,nan,,1.5871210303175747,20297.0,0.32472602191824657,4319.0,8814.233333333334,4.788618408861425,0.0,0.0,B,2.3503364291129643,AI_VERIFIED
99203.0,root3:batch_03,191328.0,0.2812761866118604,488886.0,case_026,4,191328.0,base_base,nan,42208.0,528854.0,191328.0,60a4945d01885134c03092b38d3985887947d5478aa1f88ca914bf26cc2b1512,nan,720182.0,,0.0,191328.0,base_base,42208.0,60a4945d01885134c03092b38d3985887947d5478aa1f88ca914bf26cc2b1512,nan,,2.3503364291129643,0.0,0.0,4319.0,8814.233333333334,4.788618408861425,0.0,0.0,C,2.3503364291129643,AI_VERIFIED
99203.0,root3:batch_03,0,0,0,case_026,5,211680.0,A1_base,nan,45246.0,528854.0,211680.0,464eaf84f6b3bc806f6a880067851eea3308ad1367633bb60e11a38d53c42ff6,nan,740534.0,,0.0,211680.0,A1_move,54203.0,4b7477a14bba8da9fa350dac9a18573269e38b0ba836a12d76ed9f0dd60c1c98,nan,,1.8302123498699334,8957.0,0.16524915595077763,4319.0,8814.233333333334,5.133288204305914,0.0,0.0,A,2.192525306104407,AI_VERIFIED
99203.0,root3:batch_03,0,0,0,case_026,5,211680.0,B1_base,nan,45246.0,528854.0,211680.0,464eaf84f6b3bc806f6a880067851eea3308ad1367633bb60e11a38d53c42ff6,nan,740534.0,,0.0,211680.0,B1_move,53760.0,4b7477a14bba8da9fa350dac9a18573269e38b0ba836a12d76ed9f0dd60c1c98,nan,,1.8452938988095238,8514.0,0.15837053571428572,4319.0,8814.233333333334,5.133288204305914,0.0,0.0,B,2.192525306104407,AI_VERIFIED
99203.0,root3:batch_03,21936.0,0.04294255141712769,488886.0,case_026,5,21936.0,base_aggregate_tid_96,nan,41655.0,528854.0,21936.0,8586bfe306a52c53a3553debf83044955707cbde13c60bbf992c0100296d6e93,nan,550790.0,,0.0,211680.0,base_base,44374.0,464eaf84f6b3bc806f6a880067851eea3308ad1367633bb60e11a38d53c42ff6,nan,,2.2356109433452023,2719.0,0.061274620273132914,4319.0,8814.233333333334,4.725878976050101,0.0,0.0,C,2.3815388308726444,AI_VERIFIED
2363952.0,root3:batch_02,0,0,0,case_027,1,1425408.0,A2_base,nan,2325280.0,2039808.0,737280.0,92b78be8b6ebbb7cb98b6149548feab07fe2f6b40d414081027544cfe0d5f9b3,nan,3465216.0,,688128.0,1400832.0,A0_base,2363952.0,29291e4ef308f38d074127cca1da79f2ba232e16d000d207cae0ba847ff86495,nan,,1.0,38672.0,0.016359046207368,21048.0,33996.8,68.39702560240963,0.0,0.0,A,1.016631115392555,AI_VERIFIED
2363952.0,root3:batch_02,0,0,0,case_027,1,8091648.0,B3_base,nan,2341632.0,2039808.0,0.0,993d2d02089f6c065a750902ce9475e7f2493dc7987d8578fdef37f5b9bbd4f7,nan,10131456.0,,8091648.0,8091648.0,B3_base,2341632.0,993d2d02089f6c065a750902ce9475e7f2493dc7987d8578fdef37f5b9bbd4f7,nan,,1.009531813709413,0.0,0.0,21048.0,33996.8,68.87801204819276,0.0,0.0,B,1.009531813709413,AI_VERIFIED
2363952.0,root3:batch_02,0.0,0.0,5916672.0,case_027,1,8091648.0,base_base,nan,2341632.0,2039808.0,0.0,993d2d02089f6c065a750902ce9475e7f2493dc7987d8578fdef37f5b9bbd4f7,nan,10131456.0,,8091648.0,8091648.0,base_base,2341632.0,993d2d02089f6c065a750902ce9475e7f2493dc7987d8578fdef37f5b9bbd4f7,nan,,1.009531813709413,0.0,0.0,21048.0,33996.8,68.87801204819276,0.0,0.0,C,1.009531813709413,AI_VERIFIED
2363952.0,root3:batch_02,0,0,0,case_027,2,1744896.0,A1_base,nan,1120962.0,2039808.0,1105920.0,b5712f373819873d12187e00cdccc288c2f8aa198c42b2ccd1b4e886d0ccf033,nan,3784704.0,,638976.0,1744896.0,A1_base,1120962.0,b5712f373819873d12187e00cdccc288c2f8aa198c42b2ccd1b4e886d0ccf033,nan,,2.10886006840553,0.0,0.0,21048.0,33996.8,32.97257388930723,0.0,0.0,A,2.10886006840553,AI_VERIFIED
2363952.0,root3:batch_02,0,0,0,case_027,2,1744896.0,B1_base,nan,1120962.0,2039808.0,1105920.0,b5712f373819873d12187e00cdccc288c2f8aa198c42b2ccd1b4e886d0ccf033,nan,3784704.0,,638976.0,1744896.0,B1_base,1120962.0,b5712f373819873d12187e00cdccc288c2f8aa198c42b2ccd1b4e886d0ccf033,nan,,2.10886006840553,0.0,0.0,21048.0,33996.8,32.97257388930723,0.0,0.0,B,2.10886006840553,AI_VERIFIED
2363952.0,root3:batch_02,319488.0,0.08904109589041095,3268608.0,case_027,2,1744896.0,base_base,nan,1120962.0,2039808.0,1105920.0,b5712f373819873d12187e00cdccc288c2f8aa198c42b2ccd1b4e886d0ccf033,nan,3784704.0,,638976.0,1744896.0,base_base,1120962.0,b5712f373819873d12187e00cdccc288c2f8aa198c42b2ccd1b4e886d0ccf033,nan,,2.10886006840553,0.0,0.0,21048.0,33996.8,32.97257388930723,0.0,0.0,C,2.10886006840553,AI_VERIFIED
2363952.0,root3:batch_02,0,0,0,case_027,3,3520512.0,A2_base,nan,2236298.0,2039808.0,3520512.0,266e8d4fe75fa3e1030c4ef32659e8a93d3c8b92b064135b034890d7ba391af7,nan,5560320.0,,0.0,3520512.0,A2_base,2236298.0,266e8d4fe75fa3e1030c4ef32659e8a93d3c8b92b064135b034890d7ba391af7,nan,,1.0570827322655567,0.0,0.0,21048.0,33996.8,65.77966161521084,0.0,0.0,A,1.0570827322655567,AI_VERIFIED
2363952.0,root3:batch_02,0,0,0,case_027,3,16570368.0,B2_base,nan,2077652.0,2039808.0,16570368.0,3e9abf9fcaec8d4b8bcd4df0b515a21a7fedb118061829f3cfacadbd28ba07b0,nan,18610176.0,,0.0,16570368.0,B2_base,2077652.0,3e9abf9fcaec8d4b8bcd4df0b515a21a7fedb118061829f3cfacadbd28ba07b0,nan,,1.1377997855271238,0.0,0.0,21048.0,33996.8,61.11316359186746,0.0,0.0,B,1.1377997855271238,AI_VERIFIED
2363952.0,root3:batch_02,24576.0,0.0024198427102238356,10131456.0,case_027,3,16570368.0,base_base,nan,2077652.0,2039808.0,16570368.0,3e9abf9fcaec8d4b8bcd4df0b515a21a7fedb118061829f3cfacadbd28ba07b0,nan,18610176.0,,0.0,16570368.0,base_base,2077652.0,3e9abf9fcaec8d4b8bcd4df0b515a21a7fedb118061829f3cfacadbd28ba07b0,nan,,1.1377997855271238,0.0,0.0,21048.0,33996.8,61.11316359186746,0.0,0.0,C,1.1377997855271238,AI_VERIFIED
2363952.0,root3:batch_02,0,0,0,case_027,4,2949120.0,A2_aggregate,nan,560838.0,2039808.0,2949120.0,3483d793ccc7c9596fcf88e1a228e431e7be0e7020702ecff8e7fee591c8ecab,nan,4988928.0,,0.0,2949120.0,A2_aggregate,560838.0,3483d793ccc7c9596fcf88e1a228e431e7be0e7020702ecff8e7fee591c8ecab,nan,,4.215035357803858,0.0,0.0,21048.0,33996.8,16.496787932981928,0.0,0.0,A,4.215035357803858,AI_VERIFIED
2363952.0,root3:batch_02,0,0,0,case_027,4,3317760.0,B1_base,nan,559196.0,2039808.0,3317760.0,fcccd6bd8caa66e8c895c7302a717347ea1ee9879dbeb4af31ee160f704b557d,nan,5357568.0,,0.0,3317760.0,B1_base,559196.0,fcccd6bd8caa66e8c895c7302a717347ea1ee9879dbeb4af31ee160f704b557d,nan,,4.227412213249022,0.0,0.0,21048.0,33996.8,16.44848926957831,0.0,0.0,B,4.227412213249022,AI_VERIFIED
2363952.0,root3:batch_02,0.0,0.0,5160960.0,case_027,4,3317760.0,base_base,nan,559196.0,2039808.0,3317760.0,fcccd6bd8caa66e8c895c7302a717347ea1ee9879dbeb4af31ee160f704b557d,nan,5357568.0,,0.0,3317760.0,base_base,559196.0,fcccd6bd8caa66e8c895c7302a717347ea1ee9879dbeb4af31ee160f704b557d,nan,,4.227412213249022,0.0,0.0,21048.0,33996.8,16.44848926957831,0.0,0.0,C,4.227412213249022,AI_VERIFIED
2363952.0,root3:batch_02,0,0,0,case_027,5,5529600.0,A1_base,nan,558753.0,2039808.0,5529600.0,c99765ae26842dbeaf68a1e7ef3a31565d5217c10f975934fecfe66675ef4610,nan,7569408.0,,0.0,4558848.0,A2_base,2243440.0,5538eecd0ae1ada0fb776891522217425cf0608c998b4e605602ddab36ef0767,nan,,1.0537175052597796,1684687.0,0.7509391826837357,21048.0,33996.8,16.4354586314006,0.0,0.0,A,4.230763861670542,AI_VERIFIED
2363952.0,root3:batch_02,0,0,0,case_027,5,5529600.0,B1_base,nan,558753.0,2039808.0,5529600.0,c99765ae26842dbeaf68a1e7ef3a31565d5217c10f975934fecfe66675ef4610,nan,7569408.0,,0.0,5529600.0,B1_base,558753.0,c99765ae26842dbeaf68a1e7ef3a31565d5217c10f975934fecfe66675ef4610,nan,,4.230763861670542,0.0,0.0,21048.0,33996.8,16.4354586314006,0.0,0.0,B,4.230763861670542,AI_VERIFIED
2363952.0,root3:batch_02,327680.0,0.044444444444444446,7045120.0,case_027,5,5529600.0,base_base,nan,558753.0,2039808.0,5529600.0,c99765ae26842dbeaf68a1e7ef3a31565d5217c10f975934fecfe66675ef4610,nan,7569408.0,,0.0,5529600.0,base_base,558753.0,c99765ae26842dbeaf68a1e7ef3a31565d5217c10f975934fecfe66675ef4610,nan,,4.230763861670542,0.0,0.0,21048.0,33996.8,16.4354586314006,0.0,0.0,C,4.230763861670542,AI_VERIFIED
43836040.0,root2:batch_04,0,0,0,case_028,1,277412256.0,A0_base,345.0807436670002,43836040.0,5908608.0,0.0,b276dcf7d4b01e36e6f581115b9702206cc06a32f2ddee681fca0985271d92f0,23.883817708992865,283320864.0,seed,277412256.0,277412256.0,A0_base,43836040.0,b276dcf7d4b01e36e6f581115b9702206cc06a32f2ddee681fca0985271d92f0,23.883817708992865,seed,1.0,0.0,0.0,246816.0,246816.0,177.60615195125112,0.0,0.0,A,1.0,AI_VERIFIED
43836040.0,root2:batch_04,0,0,0,case_028,1,201071064.0,B3_base,14.692212208989076,43281233.0,5908608.0,0.0,23963cd497d59aa812c6c6f6ad517bd7444da6c34434f759c249b67e7b1d766e,15.68018716701772,206979672.0,seed,201071064.0,201071064.0,B3_base,43281233.0,23963cd497d59aa812c6c6f6ad517bd7444da6c34434f759c249b67e7b1d766e,15.68018716701772,seed,1.0128186505222714,0.0,0.0,246816.0,246816.0,175.35829524828213,0.0,0.0,B,1.0128186505222714,AI_VERIFIED
43836040.0,root2:batch_04,70995456.0,0.35530184112583163,128821848.0,case_028,1,201071064.0,base_base,12.870258207985898,42606375.0,5908608.0,0.0,23963cd497d59aa812c6c6f6ad517bd7444da6c34434f759c249b67e7b1d766e,12.865343458979623,206979672.0,seed,201071064.0,201071064.0,base_base,42606375.0,23963cd497d59aa812c6c6f6ad517bd7444da6c34434f759c249b67e7b1d766e,12.865343458979623,seed,1.0288610565907097,0.0,0.0,246816.0,246816.0,172.6240397705173,0.0,0.0,C,1.0288610565907097,AI_VERIFIED
43836040.0,root2:batch_04,0,0,0,case_028,2,277473600.0,A1_base,60.59459604200674,23638628.0,5908608.0,2148480.0,b5049a0eb8d4a3f827907ae877bba74737c5d59133db81afbe66eb1eced5684c,4.911100750003243,283382208.0,seed,275325120.0,277447800.0,A2_base,43885199.0,bd791ee15431ed5e82eee2f606fd9b4c2cccdb53c91e4fd94bd79898ef5e539e,2.5709532079927158,seed,0.9988798273422436,20246571.0,0.46135306347819,246816.0,246816.0,95.77429340075197,0.0,0.0,A,1.8544240384848054,AI_VERIFIED
43836040.0,root2:batch_04,0,0,0,case_028,2,277473600.0,B1_base,5.400000083987834,23638628.0,5908608.0,2148480.0,b5049a0eb8d4a3f827907ae877bba74737c5d59133db81afbe66eb1eced5684c,5.33241837497917,283382208.0,seed,275325120.0,277473600.0,B1_base,23638628.0,b5049a0eb8d4a3f827907ae877bba74737c5d59133db81afbe66eb1eced5684c,5.33241837497917,seed,1.8544240384848054,0.0,0.0,246816.0,246816.0,95.77429340075197,0.0,0.0,B,1.8544240384848054,AI_VERIFIED
43836040.0,root2:batch_04,1319688.0,0.0047431470336763695,276910776.0,case_028,2,277473600.0,base_base,5.370608666999033,23615145.0,5908608.0,2148480.0,b5049a0eb8d4a3f827907ae877bba74737c5d59133db81afbe66eb1eced5684c,5.014890082995407,283382208.0,seed,275325120.0,277473600.0,base_base,23615145.0,b5049a0eb8d4a3f827907ae877bba74737c5d59133db81afbe66eb1eced5684c,5.014890082995407,seed,1.8562680855866014,0.0,0.0,246816.0,246816.0,95.67914964994166,0.0,0.0,C,1.8562680855866014,AI_VERIFIED
43836040.0,root2:batch_04,0,0,0,case_028,3,277369056.0,A1_base,33.55544720799662,16770711.0,5908608.0,4296960.0,2e37f70947c31db7887b192063656d6a4f96ce05da85b6abd5320ab8305d6d54,4.131055208999896,283277664.0,seed,273072096.0,277369056.0,A1_base,16770711.0,2e37f70947c31db7887b192063656d6a4f96ce05da85b6abd5320ab8305d6d54,4.131055208999896,seed,2.613845054034978,0.0,0.0,246816.0,246816.0,67.94823269155971,0.0,0.0,A,2.613845054034978,AI_VERIFIED
43836040.0,root2:batch_04,0,0,0,case_028,3,277369056.0,B1_base,4.288436833012383,16770711.0,5908608.0,4296960.0,2e37f70947c31db7887b192063656d6a4f96ce05da85b6abd5320ab8305d6d54,4.0857092079822905,283277664.0,seed,273072096.0,277369056.0,B1_base,16770711.0,2e37f70947c31db7887b192063656d6a4f96ce05da85b6abd5320ab8305d6d54,4.0857092079822905,seed,2.613845054034978,0.0,0.0,246816.0,246816.0,67.94823269155971,0.0,0.0,B,2.613845054034978,AI_VERIFIED
43836040.0,root2:batch_04,0.0,0.0,278227296.0,case_028,3,277369056.0,base_base,4.159411333996104,16770711.0,5908608.0,4296960.0,2e37f70947c31db7887b192063656d6a4f96ce05da85b6abd5320ab8305d6d54,3.8231280830223113,283277664.0,seed,273072096.0,277369056.0,base_base,16770711.0,2e37f70947c31db7887b192063656d6a4f96ce05da85b6abd5320ab8305d6d54,3.8231280830223113,seed,2.613845054034978,0.0,0.0,246816.0,246816.0,67.94823269155971,0.0,0.0,C,2.613845054034978,AI_VERIFIED
43836040.0,root2:batch_04,0,0,0,case_028,4,277760640.0,A1_base,21.438931624987163,13608312.0,5908608.0,6445440.0,43314df706e975b9b55feb38935da33f84e878b525f976fd52148c2103f86fdf,3.4357822500169277,283669248.0,seed,271315200.0,278273016.0,A2_base,43918979.0,162e2828fe8e15b2507f2e51f614505931efd229bddc1837e772ced06562ad21,2.168626333004795,seed,0.9981115453526367,30310667.0,0.6901496275676172,246816.0,246816.0,55.135453131077405,0.0,0.0,A,3.2212694711879033,AI_VERIFIED
43836040.0,root2:batch_04,0,0,0,case_028,4,277760640.0,B1_base,3.667327583010774,13608312.0,5908608.0,6445440.0,43314df706e975b9b55feb38935da33f84e878b525f976fd52148c2103f86fdf,3.419852125021862,283669248.0,seed,271315200.0,277760640.0,B1_base,13608312.0,43314df706e975b9b55feb38935da33f84e878b525f976fd52148c2103f86fdf,3.419852125021862,seed,3.2212694711879033,0.0,0.0,246816.0,246816.0,55.135453131077405,0.0,0.0,B,3.2212694711879033,AI_VERIFIED
43836040.0,root2:batch_04,743688.0,0.0026682384304864775,277975032.0,case_028,4,277760640.0,base_base,3.721617667004466,13585418.0,5908608.0,6445440.0,43314df706e975b9b55feb38935da33f84e878b525f976fd52148c2103f86fdf,3.4453373749856837,283669248.0,seed,271315200.0,277760640.0,base_base,13585418.0,43314df706e975b9b55feb38935da33f84e878b525f976fd52148c2103f86fdf,3.4453373749856837,seed,3.226697919784286,0.0,0.0,246816.0,246816.0,55.04269577336964,0.0,0.0,C,3.226697919784286,AI_VERIFIED
43836040.0,root2:batch_04,0,0,0,case_028,5,277818912.0,A1_base,17.54340699999011,11491035.0,5908608.0,8593920.0,c596c7b1d41495defc89a38232d181f1e91dcf14248cfcd18019728e634b3058,3.112734416994499,283727520.0,seed,269224992.0,277365672.0,A2_base,44033382.0,c94902f98f5636adba772a94376ed28a749be32c3d905efcf63bbef2399f7ee8,2.1315115420147777,seed,0.9955183546882681,32542347.0,0.7390381006846124,246816.0,246816.0,46.557091112407626,0.0,0.0,A,3.814803453300769,AI_VERIFIED
43836040.0,root2:batch_04,0,0,0,case_028,5,277818912.0,B1_base,3.4713032500003465,11491035.0,5908608.0,8593920.0,c596c7b1d41495defc89a38232d181f1e91dcf14248cfcd18019728e634b3058,3.3369618330034427,283727520.0,seed,269224992.0,277818912.0,B1_base,11491035.0,c596c7b1d41495defc89a38232d181f1e91dcf14248cfcd18019728e634b3058,3.3369618330034427,seed,3.814803453300769,0.0,0.0,246816.0,246816.0,46.557091112407626,0.0,0.0,B,3.814803453300769,AI_VERIFIED
43836040.0,root2:batch_04,2963736.0,0.010627459809132753,275911560.0,case_028,5,277818912.0,base_base,3.7558240840153303,11450794.0,5908608.0,8593920.0,c596c7b1d41495defc89a38232d181f1e91dcf14248cfcd18019728e634b3058,3.2114871660014614,283727520.0,seed,269224992.0,277818912.0,base_base,11450794.0,c596c7b1d41495defc89a38232d181f1e91dcf14248cfcd18019728e634b3058,3.2114871660014614,seed,3.8282096420562626,0.0,0.0,246816.0,246816.0,46.39405062880851,0.0,0.0,C,3.8282096420562626,AI_VERIFIED
37555.0,root3:batch_03,0,0,0,case_029,1,0.0,A0_base,nan,37555.0,430164.0,0.0,c762d0235d919e53699ff2aa354c94d0fd482da615e68450a04d1840dca054f1,nan,430164.0,,0.0,0.0,A0_base,37555.0,c762d0235d919e53699ff2aa354c94d0fd482da615e68450a04d1840dca054f1,nan,,1.0,0.0,0.0,407.0,7169.4,5.238234719781293,0.0,0.0,A,1.0,AI_VERIFIED
37555.0,root3:batch_03,0,0,0,case_029,1,135216.0,B3_aggregate,nan,37821.0,430164.0,0.0,dd9448caad1b189235e00ef76600b780d7c8d6798b1df222b9e7944e63939921,nan,565380.0,,135216.0,135216.0,B3_aggregate,37821.0,dd9448caad1b189235e00ef76600b780d7c8d6798b1df222b9e7944e63939921,nan,,0.9929668702572645,0.0,0.0,407.0,7169.4,5.275336848271822,0.0,0.0,B,0.9929668702572645,AI_VERIFIED
37555.0,root3:batch_03,49156.0,0.14031822515543022,301162.0,case_029,1,135216.0,base_base,nan,37581.0,430164.0,0.0,dd9448caad1b189235e00ef76600b780d7c8d6798b1df222b9e7944e63939921,nan,565380.0,,135216.0,135216.0,base_base,37581.0,dd9448caad1b189235e00ef76600b780d7c8d6798b1df222b9e7944e63939921,nan,,0.9993081610388228,0.0,0.0,407.0,7169.4,5.241861243618713,0.0,0.0,C,0.9993081610388228,AI_VERIFIED
37555.0,root3:batch_03,0,0,0,case_029,2,0.0,A1_base,nan,19740.0,430164.0,0.0,2367ae5202f3b6a449fa4689896bc5f275e7ef6366ba51b0bc934155f32e8dc9,nan,430164.0,,0.0,40986.0,A2_base,39833.0,a62adb24d1c88aca7eacddb1e66a6ae439b7cfc054c76cb914f6b907a5943b95,nan,,0.9428112369141164,20093.0,0.5044309994225893,407.0,7169.4,2.753368482718219,0.0,0.0,A,1.9024822695035462,AI_VERIFIED
37555.0,root3:batch_03,0,0,0,case_029,2,0.0,B1_base,nan,19740.0,430164.0,0.0,2367ae5202f3b6a449fa4689896bc5f275e7ef6366ba51b0bc934155f32e8dc9,nan,430164.0,,0.0,0.0,B1_base,19740.0,2367ae5202f3b6a449fa4689896bc5f275e7ef6366ba51b0bc934155f32e8dc9,nan,,1.9024822695035462,0.0,0.0,407.0,7169.4,2.753368482718219,0.0,0.0,B,1.9024822695035462,AI_VERIFIED
37555.0,root3:batch_03,0.0,0.0,258132.0,case_029,2,0.0,base_base,nan,19740.0,430164.0,0.0,2367ae5202f3b6a449fa4689896bc5f275e7ef6366ba51b0bc934155f32e8dc9,nan,430164.0,,0.0,0.0,base_base,19740.0,2367ae5202f3b6a449fa4689896bc5f275e7ef6366ba51b0bc934155f32e8dc9,nan,,1.9024822695035462,0.0,0.0,407.0,7169.4,2.753368482718219,0.0,0.0,C,1.9024822695035462,AI_VERIFIED
37555.0,root3:batch_03,0,0,0,case_029,3,0.0,A1_base,nan,12743.0,430164.0,0.0,9c925218ca9a1302433cf271aa2a70ebd7b494870b480029b57e5c535eff17eb,nan,430164.0,,0.0,0.0,A1_base,12743.0,9c925218ca9a1302433cf271aa2a70ebd7b494870b480029b57e5c535eff17eb,nan,,2.9471082162756024,0.0,0.0,407.0,7169.4,1.7774151253940358,0.0,0.0,A,2.9471082162756024,AI_VERIFIED
37555.0,root3:batch_03,0,0,0,case_029,3,0.0,B1_base,nan,12743.0,430164.0,0.0,9c925218ca9a1302433cf271aa2a70ebd7b494870b480029b57e5c535eff17eb,nan,430164.0,,0.0,0.0,B1_base,12743.0,9c925218ca9a1302433cf271aa2a70ebd7b494870b480029b57e5c535eff17eb,nan,,2.9471082162756024,0.0,0.0,407.0,7169.4,1.7774151253940358,0.0,0.0,B,2.9471082162756024,AI_VERIFIED
37555.0,root3:batch_03,0.0,0.0,258132.0,case_029,3,0.0,base_base,nan,12743.0,430164.0,0.0,9c925218ca9a1302433cf271aa2a70ebd7b494870b480029b57e5c535eff17eb,nan,430164.0,,0.0,0.0,base_base,12743.0,9c925218ca9a1302433cf271aa2a70ebd7b494870b480029b57e5c535eff17eb,nan,,2.9471082162756024,0.0,0.0,407.0,7169.4,1.7774151253940358,0.0,0.0,C,2.9471082162756024,AI_VERIFIED
37555.0,root3:batch_03,0,0,0,case_029,4,0.0,A1_base,nan,11028.0,430164.0,0.0,6483455e9c7ec01b75b14620a59298a39965434597e218ecaa8510724ea97a13,nan,430164.0,,0.0,0.0,A1_base,11028.0,6483455e9c7ec01b75b14620a59298a39965434597e218ecaa8510724ea97a13,nan,,3.405422560754443,0.0,0.0,407.0,7169.4,1.5382040338103609,0.0,0.0,A,3.405422560754443,AI_VERIFIED
37555.0,root3:batch_03,0,0,0,case_029,4,0.0,B1_base,nan,11028.0,430164.0,0.0,6483455e9c7ec01b75b14620a59298a39965434597e218ecaa8510724ea97a13,nan,430164.0,,0.0,0.0,B1_base,11028.0,6483455e9c7ec01b75b14620a59298a39965434597e218ecaa8510724ea97a13,nan,,3.405422560754443,0.0,0.0,407.0,7169.4,1.5382040338103609,0.0,0.0,B,3.405422560754443,AI_VERIFIED
37555.0,root3:batch_03,0.0,0.0,258132.0,case_029,4,0.0,base_base,nan,11028.0,430164.0,0.0,6483455e9c7ec01b75b14620a59298a39965434597e218ecaa8510724ea97a13,nan,430164.0,,0.0,0.0,base_base,11028.0,6483455e9c7ec01b75b14620a59298a39965434597e218ecaa8510724ea97a13,nan,,3.405422560754443,0.0,0.0,407.0,7169.4,1.5382040338103609,0.0,0.0,C,3.405422560754443,AI_VERIFIED
37555.0,root3:batch_03,0,0,0,case_029,5,0.0,A1_base,nan,9383.0,430164.0,0.0,bdee8355980eb262ce867510b19fa4e45d2fb766b8b71d942701cc297677631b,nan,430164.0,,0.0,0.0,A1_move,16658.0,2c508608a1d5744ab8a8c5573febeef51eb0259e64c9c3bcddbbe49dd9ae4139,nan,,2.2544723256093167,7275.0,0.43672709809100735,407.0,7169.4,1.3087566602505092,0.0,0.0,A,4.002451241607162,AI_VERIFIED
37555.0,root3:batch_03,0,0,0,case_029,5,0.0,B1_base,nan,9383.0,430164.0,0.0,bdee8355980eb262ce867510b19fa4e45d2fb766b8b71d942701cc297677631b,nan,430164.0,,0.0,0.0,B1_move,16383.0,2c508608a1d5744ab8a8c5573febeef51eb0259e64c9c3bcddbbe49dd9ae4139,nan,,2.2923152047854485,7000.0,0.4272721723738021,407.0,7169.4,1.3087566602505092,0.0,0.0,B,4.002451241607162,AI_VERIFIED
37555.0,root3:batch_03,0.0,0.0,258132.0,case_029,5,0.0,base_base,nan,9383.0,430164.0,0.0,bdee8355980eb262ce867510b19fa4e45d2fb766b8b71d942701cc297677631b,nan,430164.0,,0.0,0.0,base_base,9383.0,bdee8355980eb262ce867510b19fa4e45d2fb766b8b71d942701cc297677631b,nan,,4.002451241607162,0.0,0.0,407.0,7169.4,1.3087566602505092,0.0,0.0,C,4.002451241607162,AI_VERIFIED
2808034.0,root3:batch_04,0,0,0,case_030,1,5197824.0,A2_base,nan,2807523.0,2394060.0,827392.0,72d42704bda7569871ac78aab37c0e0074c35e2f49bec06e89051e493021bec7,nan,7591884.0,,4370432.0,5519360.0,A0_base,2808034.0,7216a047afbbd0ff2d74b367cf0b3777812f9d0eb0674ed6751016125011b9a1,nan,,1.0,511.0,0.00018197785354450837,1494.0,39901.0,70.36222149820807,0.0,0.0,A,1.000182010975511,AI_VERIFIED
2808034.0,root3:batch_04,0,0,0,case_030,1,51834880.0,B3_aggregate,nan,3462984.0,2394060.0,0.0,3990fb082443dce7165527748391d609e3097c186957e0c3351e4e01e32378cb,nan,54228940.0,,51834880.0,51834880.0,B3_aggregate,3462984.0,3990fb082443dce7165527748391d609e3097c186957e0c3351e4e01e32378cb,nan,,0.8108712024080966,0.0,0.0,1494.0,39901.0,86.7894037743415,0.0,0.0,B,0.8108712024080966,AI_VERIFIED
2808034.0,root3:batch_04,1983488.0,0.14593535749265427,11608064.0,case_030,1,16946176.0,base_aggregate,nan,2940400.0,2394060.0,0.0,23e4cb5ee9e853f5a559014a6a4d6f2b2446ba354ff474b572232cef9d44097a,nan,19340236.0,,16946176.0,51834880.0,base_base,3461842.0,3990fb082443dce7165527748391d609e3097c186957e0c3351e4e01e32378cb,nan,,0.811138694371378,521442.0,0.15062559180921603,1494.0,39901.0,73.6923886619383,0.0,0.0,C,0.9549836756903822,AI_VERIFIED
2808034.0,root3:batch_04,0,0,0,case_030,2,7644160.0,A1_base,nan,1403594.0,2394060.0,1950720.0,cfb619d1c3280c6942da62f2c5ec1c2663f361ce6a8fbf9359773043662eee02,nan,10038220.0,,5693440.0,7644160.0,A1_base,1403594.0,cfb619d1c3280c6942da62f2c5ec1c2663f361ce6a8fbf9359773043662eee02,nan,,2.000602738398711,0.0,0.0,1494.0,39901.0,35.17691285932683,0.0,0.0,A,2.000602738398711,AI_VERIFIED
2808034.0,root3:batch_04,0,0,0,case_030,2,7644160.0,B1_base,nan,1403594.0,2394060.0,1950720.0,cfb619d1c3280c6942da62f2c5ec1c2663f361ce6a8fbf9359773043662eee02,nan,10038220.0,,5693440.0,7644160.0,B1_base,1403594.0,cfb619d1c3280c6942da62f2c5ec1c2663f361ce6a8fbf9359773043662eee02,nan,,2.000602738398711,0.0,0.0,1494.0,39901.0,35.17691285932683,0.0,0.0,B,2.000602738398711,AI_VERIFIED
2808034.0,root3:batch_04,4651008.0,0.46337482146500714,5386240.0,case_030,2,7644160.0,base_base,nan,1403449.0,2394060.0,1950720.0,cfb619d1c3280c6942da62f2c5ec1c2663f361ce6a8fbf9359773043662eee02,nan,10038220.0,,5693440.0,7644160.0,base_base,1403449.0,cfb619d1c3280c6942da62f2c5ec1c2663f361ce6a8fbf9359773043662eee02,nan,,2.0008094344717904,0.0,0.0,1494.0,39901.0,35.17327886519135,0.0,0.0,C,2.0008094344717904,AI_VERIFIED
2808034.0,root3:batch_04,0,0,0,case_030,3,9242624.0,A1_base,nan,933857.0,2394060.0,3901440.0,f5d32c138af74324b063a8d58a89609bfac2538df9e3689b4bd6f0c0231c32f4,nan,11636684.0,,5341184.0,9242624.0,A1_base,933857.0,f5d32c138af74324b063a8d58a89609bfac2538df9e3689b4bd6f0c0231c32f4,nan,,3.0069207598165457,0.0,0.0,1494.0,39901.0,23.404350768151176,0.0,0.0,A,3.0069207598165457,AI_VERIFIED
2808034.0,root3:batch_04,0,0,0,case_030,3,9242624.0,B1_base,nan,933857.0,2394060.0,3901440.0,f5d32c138af74324b063a8d58a89609bfac2538df9e3689b4bd6f0c0231c32f4,nan,11636684.0,,5341184.0,9242624.0,B1_base,933857.0,f5d32c138af74324b063a8d58a89609bfac2538df9e3689b4bd6f0c0231c32f4,nan,,3.0069207598165457,0.0,0.0,1494.0,39901.0,23.404350768151176,0.0,0.0,B,3.0069207598165457,AI_VERIFIED
2808034.0,root3:batch_04,6359040.0,0.5465106045938573,5276672.0,case_030,3,9242624.0,base_base,nan,933236.0,2394060.0,3901440.0,f5d32c138af74324b063a8d58a89609bfac2538df9e3689b4bd6f0c0231c32f4,nan,11636684.0,,5341184.0,9242624.0,base_base,933236.0,f5d32c138af74324b063a8d58a89609bfac2538df9e3689b4bd6f0c0231c32f4,nan,,3.008921644685803,0.0,0.0,1494.0,39901.0,23.38878724843989,0.0,0.0,C,3.008921644685803,AI_VERIFIED
2808034.0,root3:batch_04,0,0,0,case_030,4,10404864.0,A1_base,nan,700342.0,2394060.0,5819392.0,7f561e1db69e481507ab4381a8e2786092e0a3c7a14ed8a1b21fc18145ac5b51,nan,12798924.0,,4585472.0,10404864.0,A1_base,700342.0,7f561e1db69e481507ab4381a8e2786092e0a3c7a14ed8a1b21fc18145ac5b51,nan,,4.009518206818954,0.0,0.0,1494.0,39901.0,17.55199117816596,0.0,0.0,A,4.009518206818954,AI_VERIFIED
2808034.0,root3:batch_04,0,0,0,case_030,4,10404864.0,B1_base,nan,700342.0,2394060.0,5819392.0,7f561e1db69e481507ab4381a8e2786092e0a3c7a14ed8a1b21fc18145ac5b51,nan,12798924.0,,4585472.0,10404864.0,B1_base,700342.0,7f561e1db69e481507ab4381a8e2786092e0a3c7a14ed8a1b21fc18145ac5b51,nan,,4.009518206818954,0.0,0.0,1494.0,39901.0,17.55199117816596,0.0,0.0,B,4.009518206818954,AI_VERIFIED
2808034.0,root3:batch_04,7634944.0,0.5965754520723315,5163008.0,case_030,4,10404864.0,base_base,nan,700156.0,2394060.0,5819392.0,7f561e1db69e481507ab4381a8e2786092e0a3c7a14ed8a1b21fc18145ac5b51,nan,12798924.0,,4585472.0,10404864.0,base_base,700156.0,7f561e1db69e481507ab4381a8e2786092e0a3c7a14ed8a1b21fc18145ac5b51,nan,,4.010583355709299,0.0,0.0,1494.0,39901.0,17.547329640861133,0.0,0.0,C,4.010583355709299,AI_VERIFIED
2808034.0,root3:batch_04,0,0,0,case_030,5,11479040.0,A1_base,nan,561102.0,2394060.0,7463936.0,0110c1372d06d42e19b1dd4cceda66ff1129ee5b72084227d5fae3657099027b,nan,13873100.0,,4015104.0,7572676.0,A2_base,2796616.0,81ea984bcc5b56fe8ffcc17bbd1f2018263b8318233ee7abe16b8a5eee5473dc,nan,,1.0040827914879984,2235514.0,0.7993639455685013,1494.0,39901.0,14.062354326959223,0.0,0.0,A,5.004498290863337,AI_VERIFIED
2808034.0,root3:batch_04,0,0,0,case_030,5,11479040.0,B1_base,nan,561102.0,2394060.0,7463936.0,0110c1372d06d42e19b1dd4cceda66ff1129ee5b72084227d5fae3657099027b,nan,13873100.0,,4015104.0,11479040.0,B1_base,561102.0,0110c1372d06d42e19b1dd4cceda66ff1129ee5b72084227d5fae3657099027b,nan,,5.004498290863337,0.0,0.0,1494.0,39901.0,14.062354326959223,0.0,0.0,B,5.004498290863337,AI_VERIFIED
2808034.0,root3:batch_04,8255488.0,0.5951133092197535,5616640.0,case_030,5,11479040.0,base_base,nan,560897.0,2394060.0,7463936.0,0110c1372d06d42e19b1dd4cceda66ff1129ee5b72084227d5fae3657099027b,nan,13873100.0,,4015104.0,11479040.0,base_base,560897.0,0110c1372d06d42e19b1dd4cceda66ff1129ee5b72084227d5fae3657099027b,nan,,5.006327364917267,0.0,0.0,1494.0,39901.0,14.057216611112503,0.0,0.0,C,5.006327364917267,AI_VERIFIED
1414369.0,root3:batch_03,0,0,0,case_031,1,3988480.0,A2_base,nan,1410637.0,2185040.0,1828864.0,c3ff14296845427b69d85cffff8be1c7117f965403b317f25e3a7693e31079ca,nan,6173520.0,,2159616.0,3491328.0,A0_base,1414369.0,bd078a262c70743acfea81e0d9043c4e1b03ff8ab987c2b24cb1f1a08ad28308,nan,,1.0,3732.0,0.0026386324926522004,13057.0,36417.333333333336,38.735318346574886,0.0,0.0,A,1.0026456132938524,AI_VERIFIED
1414369.0,root3:batch_03,0,0,0,case_031,1,16710144.0,B3_base,nan,1508033.0,2185040.0,0.0,4c02570948e91e029e7176013ebfb81d263f36c6a01fe246a361aa401bcf03e2,nan,18895184.0,,16710144.0,16710144.0,B3_aggregate,1509137.0,debba5ffee3dd9f102b499e5ad1c14e0b2ff144461003b3af77f9229b9c36c8e,nan,,0.9372038456415819,1104.0,0.0007315439221223785,13057.0,36417.333333333336,41.409759089078456,0.0,0.0,B,0.9378899533365649,AI_VERIFIED
1414369.0,root3:batch_03,929280.0,0.07951379940220901,10757748.0,case_031,1,16710144.0,base_base,nan,1505462.0,2185040.0,0.0,4c02570948e91e029e7176013ebfb81d263f36c6a01fe246a361aa401bcf03e2,nan,18895184.0,,16710144.0,16710144.0,base_base,1505462.0,4c02570948e91e029e7176013ebfb81d263f36c6a01fe246a361aa401bcf03e2,nan,,0.9394916643528698,0.0,0.0,13057.0,36417.333333333336,41.33916083916083,0.0,0.0,C,0.9394916643528698,AI_VERIFIED
1414369.0,root3:batch_03,0,0,0,case_031,2,5250048.0,A1_base,nan,712596.0,2185040.0,1731072.0,a323aba4e5f4ff3a4adeae64a742f52c7d63f71e8b3e429c245192a2a9225967,nan,7435088.0,,3518976.0,5250048.0,A1_base,712596.0,a323aba4e5f4ff3a4adeae64a742f52c7d63f71e8b3e429c245192a2a9225967,nan,,1.9848118709619476,0.0,0.0,13057.0,36417.333333333336,19.567495331893237,0.0,0.0,A,1.9848118709619476,AI_VERIFIED
1414369.0,root3:batch_03,0,0,0,case_031,2,5250048.0,B1_base,nan,712596.0,2185040.0,1731072.0,a323aba4e5f4ff3a4adeae64a742f52c7d63f71e8b3e429c245192a2a9225967,nan,7435088.0,,3518976.0,5250048.0,B1_base,712596.0,a323aba4e5f4ff3a4adeae64a742f52c7d63f71e8b3e429c245192a2a9225967,nan,,1.9848118709619476,0.0,0.0,13057.0,36417.333333333336,19.567495331893237,0.0,0.0,B,1.9848118709619476,AI_VERIFIED
1414369.0,root3:batch_03,3201024.0,0.43054214277913205,4233844.0,case_031,2,5250048.0,base_base,nan,711944.0,2185040.0,1731072.0,a323aba4e5f4ff3a4adeae64a742f52c7d63f71e8b3e429c245192a2a9225967,nan,7435088.0,,3518976.0,5250048.0,base_base,711944.0,a323aba4e5f4ff3a4adeae64a742f52c7d63f71e8b3e429c245192a2a9225967,nan,,1.9866295663703888,0.0,0.0,13057.0,36417.333333333336,19.549591769487055,0.0,0.0,C,1.9866295663703888,AI_VERIFIED
1414369.0,root3:batch_03,0,0,0,case_031,3,7544832.0,A1_base,nan,473822.0,2185040.0,3462144.0,030cce627f59abdb85ed2cfd9a9d013bf7fbede7daeef3a9245090ad32405493,nan,9729872.0,,4082688.0,7544832.0,A1_base,473822.0,030cce627f59abdb85ed2cfd9a9d013bf7fbede7daeef3a9245090ad32405493,nan,,2.985021801435982,0.0,0.0,13057.0,36417.333333333336,13.010892249112144,0.0,0.0,A,2.985021801435982,AI_VERIFIED
1414369.0,root3:batch_03,0,0,0,case_031,3,7544832.0,B1_base,nan,473822.0,2185040.0,3462144.0,030cce627f59abdb85ed2cfd9a9d013bf7fbede7daeef3a9245090ad32405493,nan,9729872.0,,4082688.0,7544832.0,B1_base,473822.0,030cce627f59abdb85ed2cfd9a9d013bf7fbede7daeef3a9245090ad32405493,nan,,2.985021801435982,0.0,0.0,13057.0,36417.333333333336,13.010892249112144,0.0,0.0,B,2.985021801435982,AI_VERIFIED
1414369.0,root3:batch_03,4838400.0,0.4972839727464045,4891252.0,case_031,3,7544832.0,base_base,nan,473000.0,2185040.0,3462144.0,030cce627f59abdb85ed2cfd9a9d013bf7fbede7daeef3a9245090ad32405493,nan,9729872.0,,4082688.0,7544832.0,base_base,473000.0,030cce627f59abdb85ed2cfd9a9d013bf7fbede7daeef3a9245090ad32405493,nan,,2.9902093023255816,0.0,0.0,13057.0,36417.333333333336,12.988320579943617,0.0,0.0,C,2.9902093023255816,AI_VERIFIED
1414369.0,root3:batch_03,0,0,0,case_031,4,7953408.0,A1_base,nan,357987.0,2185040.0,5125632.0,9fd91224e9ed91b2a02f5b7c732f6f4430f1de0a5fb18b99c008947b68b0c0a0,nan,10138448.0,,2827776.0,7953408.0,A1_base,357987.0,9fd91224e9ed91b2a02f5b7c732f6f4430f1de0a5fb18b99c008947b68b0c0a0,nan,,3.9508948648973288,0.0,0.0,13057.0,36417.333333333336,9.830126679603119,0.0,0.0,A,3.9508948648973288,AI_VERIFIED
1414369.0,root3:batch_03,0,0,0,case_031,4,7953408.0,B1_base,nan,357987.0,2185040.0,5125632.0,9fd91224e9ed91b2a02f5b7c732f6f4430f1de0a5fb18b99c008947b68b0c0a0,nan,10138448.0,,2827776.0,7953408.0,B1_base,357987.0,9fd91224e9ed91b2a02f5b7c732f6f4430f1de0a5fb18b99c008947b68b0c0a0,nan,,3.9508948648973288,0.0,0.0,13057.0,36417.333333333336,9.830126679603119,0.0,0.0,B,3.9508948648973288,AI_VERIFIED
1414369.0,root3:batch_03,4947456.0,0.4880000725965129,5190772.0,case_031,4,7953408.0,base_base,nan,355839.0,2185040.0,5125632.0,9fd91224e9ed91b2a02f5b7c732f6f4430f1de0a5fb18b99c008947b68b0c0a0,nan,10138448.0,,2827776.0,7953408.0,base_base,355839.0,9fd91224e9ed91b2a02f5b7c732f6f4430f1de0a5fb18b99c008947b68b0c0a0,nan,,3.9747441961111627,0.0,0.0,13057.0,36417.333333333336,9.77114377768828,0.0,0.0,C,3.9747441961111627,AI_VERIFIED
1414369.0,root3:batch_03,0,0,0,case_031,5,7931904.0,A1_base,nan,285693.0,2185040.0,6274560.0,a65b4562de9244527c0336b6d3d448905448a2e784d5ec30aadd8f7e1d084e46,nan,10116944.0,,1657344.0,7931904.0,A1_base,285693.0,a65b4562de9244527c0336b6d3d448905448a2e784d5ec30aadd8f7e1d084e46,nan,,4.9506603241941525,0.0,0.0,13057.0,36417.333333333336,7.844973089737487,0.0,0.0,A,4.9506603241941525,AI_VERIFIED
1414369.0,root3:batch_03,0,0,0,case_031,5,7931904.0,B1_base,nan,285693.0,2185040.0,6274560.0,a65b4562de9244527c0336b6d3d448905448a2e784d5ec30aadd8f7e1d084e46,nan,10116944.0,,1657344.0,7931904.0,B1_base,285693.0,a65b4562de9244527c0336b6d3d448905448a2e784d5ec30aadd8f7e1d084e46,nan,,4.9506603241941525,0.0,0.0,13057.0,36417.333333333336,7.844973089737487,0.0,0.0,B,4.9506603241941525,AI_VERIFIED
1414369.0,root3:batch_03,5377536.0,0.5315491457511344,4739188.0,case_031,5,7931904.0,base_base,nan,284489.0,2185040.0,6274560.0,a65b4562de9244527c0336b6d3d448905448a2e784d5ec30aadd8f7e1d084e46,nan,10116944.0,,1657344.0,7931904.0,base_base,284489.0,a65b4562de9244527c0336b6d3d448905448a2e784d5ec30aadd8f7e1d084e46,nan,,4.971612259173465,0.0,0.0,13057.0,36417.333333333336,7.8119119100794485,0.0,0.0,C,4.971612259173465,AI_VERIFIED
41443.0,root3:batch_04,0,0,0,case_032,1,0.0,A0_base,nan,41443.0,293088.0,0.0,422b4f3b10af0ef8ea50f1c60caa3dc0c66afeedcc81341373d8355412efa65f,nan,293088.0,,0.0,0.0,A0_base,41443.0,422b4f3b10af0ef8ea50f1c60caa3dc0c66afeedcc81341373d8355412efa65f,nan,,1.0,0.0,0.0,1146.0,4884.8,8.484073042908614,0.0,0.0,A,1.0,AI_VERIFIED
41443.0,root3:batch_04,0,0,0,case_032,1,0.0,B3_base,nan,34533.0,293088.0,0.0,046b63424c5e391c88cbc500ceaa6938962e3d944b549948efdf5028c3fe47bc,nan,293088.0,,0.0,0.0,B3_base,34533.0,046b63424c5e391c88cbc500ceaa6938962e3d944b549948efdf5028c3fe47bc,nan,,1.2000984565488084,0.0,0.0,1146.0,4884.8,7.069480838519489,0.0,0.0,B,1.2000984565488084,AI_VERIFIED
41443.0,root3:batch_04,0.0,0.0,279156.0,case_032,1,0.0,base_base,nan,34533.0,293088.0,0.0,046b63424c5e391c88cbc500ceaa6938962e3d944b549948efdf5028c3fe47bc,nan,293088.0,,0.0,0.0,base_base,34533.0,046b63424c5e391c88cbc500ceaa6938962e3d944b549948efdf5028c3fe47bc,nan,,1.2000984565488084,0.0,0.0,1146.0,4884.8,7.069480838519489,0.0,0.0,C,1.2000984565488084,AI_VERIFIED
41443.0,root3:batch_04,0,0,0,case_032,2,6216.0,A1_base,nan,21040.0,293088.0,6216.0,1a662152a089340341dbe2441c4221635d4dd7ba029d4a7fd57be8b5447e4b4d,nan,299304.0,,0.0,6216.0,A1_base,21040.0,1a662152a089340341dbe2441c4221635d4dd7ba029d4a7fd57be8b5447e4b4d,nan,,1.9697243346007605,0.0,0.0,1146.0,4884.8,4.307238781526367,0.0,0.0,A,1.9697243346007605,AI_VERIFIED
41443.0,root3:batch_04,0,0,0,case_032,2,6216.0,B1_base,nan,21040.0,293088.0,6216.0,1a662152a089340341dbe2441c4221635d4dd7ba029d4a7fd57be8b5447e4b4d,nan,299304.0,,0.0,6216.0,B1_base,21040.0,1a662152a089340341dbe2441c4221635d4dd7ba029d4a7fd57be8b5447e4b4d,nan,,1.9697243346007605,0.0,0.0,1146.0,4884.8,4.307238781526367,0.0,0.0,B,1.9697243346007605,AI_VERIFIED
41443.0,root3:batch_04,6216.0,0.0217820949497498,279156.0,case_032,2,6216.0,base_base,nan,21040.0,293088.0,6216.0,1a662152a089340341dbe2441c4221635d4dd7ba029d4a7fd57be8b5447e4b4d,nan,299304.0,,0.0,6216.0,base_base,21040.0,1a662152a089340341dbe2441c4221635d4dd7ba029d4a7fd57be8b5447e4b4d,nan,,1.9697243346007605,0.0,0.0,1146.0,4884.8,4.307238781526367,0.0,0.0,C,1.9697243346007605,AI_VERIFIED
41443.0,root3:batch_04,0,0,0,case_032,3,12432.0,A1_base,nan,14175.0,293088.0,12432.0,dace644134a43db63fc2e05fa6ca316a559fa3f58b93856de13a2f13405c09a8,nan,305520.0,,0.0,12432.0,A1_base,14175.0,dace644134a43db63fc2e05fa6ca316a559fa3f58b93856de13a2f13405c09a8,nan,,2.923668430335097,0.0,0.0,1146.0,4884.8,2.901858827382902,0.0,0.0,A,2.923668430335097,AI_VERIFIED
41443.0,root3:batch_04,0,0,0,case_032,3,12432.0,B1_base,nan,14175.0,293088.0,12432.0,dace644134a43db63fc2e05fa6ca316a559fa3f58b93856de13a2f13405c09a8,nan,305520.0,,0.0,12432.0,B1_base,14175.0,dace644134a43db63fc2e05fa6ca316a559fa3f58b93856de13a2f13405c09a8,nan,,2.923668430335097,0.0,0.0,1146.0,4884.8,2.901858827382902,0.0,0.0,B,2.923668430335097,AI_VERIFIED
41443.0,root3:batch_04,12432.0,0.04263549940326762,279156.0,case_032,3,12432.0,base_base,nan,14175.0,293088.0,12432.0,dace644134a43db63fc2e05fa6ca316a559fa3f58b93856de13a2f13405c09a8,nan,305520.0,,0.0,12432.0,base_base,14175.0,dace644134a43db63fc2e05fa6ca316a559fa3f58b93856de13a2f13405c09a8,nan,,2.923668430335097,0.0,0.0,1146.0,4884.8,2.901858827382902,0.0,0.0,C,2.923668430335097,AI_VERIFIED
41443.0,root3:batch_04,0,0,0,case_032,4,18576.0,A1_base,nan,11004.0,293088.0,18576.0,7db26efaed2345122501a8f62d281189739992562ae244bbd3bf353393676d36,nan,311664.0,,0.0,18576.0,A1_base,11004.0,7db26efaed2345122501a8f62d281189739992562ae244bbd3bf353393676d36,nan,,3.7661759360232643,0.0,0.0,1146.0,4884.8,2.25270226007206,0.0,0.0,A,3.7661759360232643,AI_VERIFIED
41443.0,root3:batch_04,0,0,0,case_032,4,18576.0,B1_base,nan,11004.0,293088.0,18576.0,7db26efaed2345122501a8f62d281189739992562ae244bbd3bf353393676d36,nan,311664.0,,0.0,18576.0,B1_base,11004.0,7db26efaed2345122501a8f62d281189739992562ae244bbd3bf353393676d36,nan,,3.7661759360232643,0.0,0.0,1146.0,4884.8,2.25270226007206,0.0,0.0,B,3.7661759360232643,AI_VERIFIED
41443.0,root3:batch_04,18576.0,0.06239168110918544,279156.0,case_032,4,18576.0,base_base,nan,11004.0,293088.0,18576.0,7db26efaed2345122501a8f62d281189739992562ae244bbd3bf353393676d36,nan,311664.0,,0.0,18576.0,base_base,11004.0,7db26efaed2345122501a8f62d281189739992562ae244bbd3bf353393676d36,nan,,3.7661759360232643,0.0,0.0,1146.0,4884.8,2.25270226007206,0.0,0.0,C,3.7661759360232643,AI_VERIFIED
41443.0,root3:batch_04,0,0,0,case_032,5,12432.0,A1_base,nan,10496.0,293088.0,12432.0,b2ea6085a9885bbce10699c3b220aa9219c504e7c47803298e4cc29152eda104,nan,305520.0,,0.0,12432.0,A1_move,17911.0,2b3856cc18accd6504826f24430d14b17ebd07a51adfefc11cd7eff630fb5100,nan,,2.3138294902573837,7415.0,0.41399140193177375,1146.0,4884.8,2.148706190632165,0.0,0.0,A,3.9484565548780486,AI_VERIFIED
41443.0,root3:batch_04,0,0,0,case_032,5,12432.0,B1_base,nan,10496.0,293088.0,12432.0,b2ea6085a9885bbce10699c3b220aa9219c504e7c47803298e4cc29152eda104,nan,305520.0,,0.0,12432.0,B1_move,17723.0,2b3856cc18accd6504826f24430d14b17ebd07a51adfefc11cd7eff630fb5100,nan,,2.3383738644698977,7227.0,0.4077752073576708,1146.0,4884.8,2.148706190632165,0.0,0.0,B,3.9484565548780486,AI_VERIFIED
41443.0,root3:batch_04,12432.0,0.04263549940326762,279156.0,case_032,5,12432.0,base_base,nan,10479.0,293088.0,12432.0,b2ea6085a9885bbce10699c3b220aa9219c504e7c47803298e4cc29152eda104,nan,305520.0,,0.0,12432.0,base_base,10479.0,b2ea6085a9885bbce10699c3b220aa9219c504e7c47803298e4cc29152eda104,nan,,3.9548621051627064,0.0,0.0,1146.0,4884.8,2.145226007206027,0.0,0.0,C,3.9548621051627064,AI_VERIFIED
1774196.0,root3:batch_03,0,0,0,case_033,1,5191680.0,A2_base,nan,1773973.0,2972910.0,2141184.0,1b26712222f2a8b24e138ae6339b7861f2db30582a71281aac898a210306b991,nan,8164590.0,,3050496.0,4592640.0,A0_base,1774196.0,4eb92a791cfe389bd5deb2e02ee74e6f8670b8475c24be8a673cc5d4856f5de5,nan,,1.0,223.0,0.0001256907354091656,6300.0,49548.5,35.802758912984245,0.0,0.0,A,1.000125706535556,AI_VERIFIED
1774196.0,root3:batch_03,0,0,0,case_033,1,23242240.0,B3_aggregate,nan,2004121.0,2972910.0,0.0,153ec37989d3b71a1001adc77f5873e4c02cef3241cc744f82d26ad8f708ea9e,nan,26215150.0,,23242240.0,23242240.0,B3_aggregate,2004121.0,153ec37989d3b71a1001adc77f5873e4c02cef3241cc744f82d26ad8f708ea9e,nan,,0.8852738931431785,0.0,0.0,6300.0,49548.5,40.44766239139429,0.0,0.0,B,0.8852738931431785,AI_VERIFIED
1774196.0,root3:batch_03,695808.0,0.07034124513288256,9196084.0,case_033,1,9474056.0,base_aggregate,nan,1817490.0,2972910.0,0.0,e4d558080fa3f8b26844206191f5df1eda9e0922a68216fc401f650172f38183,nan,12446966.0,,9474056.0,23242240.0,base_base,2003734.0,153ec37989d3b71a1001adc77f5873e4c02cef3241cc744f82d26ad8f708ea9e,nan,,0.8854448744194588,186244.0,0.09294846521544277,6300.0,49548.5,36.68102969817451,0.0,0.0,C,0.9761792361993739,AI_VERIFIED
1774196.0,root3:batch_03,0,0,0,case_033,2,6664224.0,A1_base,nan,889697.0,2972910.0,2077728.0,876d356977317d4d8f7d018c64a74ebee8f88bf161d805a0c44ef79da1b8f101,nan,9637134.0,,4586496.0,6664224.0,A1_base,889697.0,876d356977317d4d8f7d018c64a74ebee8f88bf161d805a0c44ef79da1b8f101,nan,,1.994157561506895,0.0,0.0,6300.0,49548.5,17.956083433403634,0.0,0.0,A,1.994157561506895,AI_VERIFIED
1774196.0,root3:batch_03,0,0,0,case_033,2,6664224.0,B1_base,nan,889697.0,2972910.0,2077728.0,876d356977317d4d8f7d018c64a74ebee8f88bf161d805a0c44ef79da1b8f101,nan,9637134.0,,4586496.0,6664224.0,B1_base,889697.0,876d356977317d4d8f7d018c64a74ebee8f88bf161d805a0c44ef79da1b8f101,nan,,1.994157561506895,0.0,0.0,6300.0,49548.5,17.956083433403634,0.0,0.0,B,1.994157561506895,AI_VERIFIED
1774196.0,root3:batch_03,3358752.0,0.351554532133138,6195248.0,case_033,2,6664224.0,base_base,nan,887951.0,2972910.0,2077728.0,876d356977317d4d8f7d018c64a74ebee8f88bf161d805a0c44ef79da1b8f101,nan,9637134.0,,4586496.0,6664224.0,base_base,887951.0,876d356977317d4d8f7d018c64a74ebee8f88bf161d805a0c44ef79da1b8f101,nan,,1.9980787228124075,0.0,0.0,6300.0,49548.5,17.920845232449015,0.0,0.0,C,1.9980787228124075,AI_VERIFIED
1774196.0,root3:batch_03,0,0,0,case_033,3,6990912.0,A1_base,nan,592065.0,2972910.0,3989568.0,4bc89dfd9bb145dca642ca7ef80bf824a2aa44a660a0ebffee55ef9b41acff2f,nan,9963822.0,,3001344.0,6990912.0,A1_base,592065.0,4bc89dfd9bb145dca642ca7ef80bf824a2aa44a660a0ebffee55ef9b41acff2f,nan,,2.9966236815214544,0.0,0.0,6300.0,49548.5,11.949201287627274,0.0,0.0,A,2.9966236815214544,AI_VERIFIED
1774196.0,root3:batch_03,0,0,0,case_033,3,6990912.0,B1_base,nan,592065.0,2972910.0,3989568.0,4bc89dfd9bb145dca642ca7ef80bf824a2aa44a660a0ebffee55ef9b41acff2f,nan,9963822.0,,3001344.0,6990912.0,B1_base,592065.0,4bc89dfd9bb145dca642ca7ef80bf824a2aa44a660a0ebffee55ef9b41acff2f,nan,,2.9966236815214544,0.0,0.0,6300.0,49548.5,11.949201287627274,0.0,0.0,B,2.9966236815214544,AI_VERIFIED
1774196.0,root3:batch_03,3780672.0,0.38263246445996474,6100016.0,case_033,3,6990912.0,base_base,nan,590152.0,2972910.0,3989568.0,4bc89dfd9bb145dca642ca7ef80bf824a2aa44a660a0ebffee55ef9b41acff2f,nan,9963822.0,,3001344.0,6990912.0,base_base,590152.0,4bc89dfd9bb145dca642ca7ef80bf824a2aa44a660a0ebffee55ef9b41acff2f,nan,,3.00633735037753,0.0,0.0,6300.0,49548.5,11.910592651644349,0.0,0.0,C,3.00633735037753,AI_VERIFIED
1774196.0,root3:batch_03,0,0,0,case_033,4,7214688.0,A1_base,nan,443447.0,2972910.0,5279328.0,cc147e2b37ec813fe97ef43c8758ade5735e116acdb61519d183b008e8817653,nan,10187598.0,,1935360.0,7214688.0,A1_base,443447.0,cc147e2b37ec813fe97ef43c8758ade5735e116acdb61519d183b008e8817653,nan,,4.000920064855552,0.0,0.0,6300.0,49548.5,8.949756299383433,0.0,0.0,A,4.000920064855552,AI_VERIFIED
1774196.0,root3:batch_03,0,0,0,case_033,4,7214688.0,B1_base,nan,443447.0,2972910.0,5279328.0,cc147e2b37ec813fe97ef43c8758ade5735e116acdb61519d183b008e8817653,nan,10187598.0,,1935360.0,7214688.0,B1_base,443447.0,cc147e2b37ec813fe97ef43c8758ade5735e116acdb61519d183b008e8817653,nan,,4.000920064855552,0.0,0.0,6300.0,49548.5,8.949756299383433,0.0,0.0,B,4.000920064855552,AI_VERIFIED
1774196.0,root3:batch_03,4311648.0,0.4267072454313262,5792816.0,case_033,4,7214688.0,base_base,nan,442667.0,2972910.0,5279328.0,cc147e2b37ec813fe97ef43c8758ade5735e116acdb61519d183b008e8817653,nan,10187598.0,,1935360.0,7214688.0,base_base,442667.0,cc147e2b37ec813fe97ef43c8758ade5735e116acdb61519d183b008e8817653,nan,,4.007969873516662,0.0,0.0,6300.0,49548.5,8.93401414775422,0.0,0.0,C,4.007969873516662,AI_VERIFIED
1774196.0,root3:batch_03,0,0,0,case_033,5,7816320.0,A1_base,nan,355102.0,2972910.0,6509184.0,befa54729bdbbd9d1fea69742d57e4b426b9a628c293b9a15eaad471e6f5c21b,nan,10789230.0,,1307136.0,7816320.0,A1_base,355102.0,befa54729bdbbd9d1fea69742d57e4b426b9a628c293b9a15eaad471e6f5c21b,nan,,4.996299654747086,0.0,0.0,6300.0,49548.5,7.166755804918413,0.0,0.0,A,4.996299654747086,AI_VERIFIED
1774196.0,root3:batch_03,0,0,0,case_033,5,7816320.0,B1_base,nan,355102.0,2972910.0,6509184.0,befa54729bdbbd9d1fea69742d57e4b426b9a628c293b9a15eaad471e6f5c21b,nan,10789230.0,,1307136.0,7816320.0,B1_base,355102.0,befa54729bdbbd9d1fea69742d57e4b426b9a628c293b9a15eaad471e6f5c21b,nan,,4.996299654747086,0.0,0.0,6300.0,49548.5,7.166755804918413,0.0,0.0,B,4.996299654747086,AI_VERIFIED
1774196.0,root3:batch_03,3348096.0,0.31272800094450864,7358000.0,case_033,5,7816320.0,base_base,nan,354514.0,2972910.0,6509184.0,befa54729bdbbd9d1fea69742d57e4b426b9a628c293b9a15eaad471e6f5c21b,nan,10789230.0,,1307136.0,7816320.0,base_base,354514.0,befa54729bdbbd9d1fea69742d57e4b426b9a628c293b9a15eaad471e6f5c21b,nan,,5.004586560756416,0.0,0.0,6300.0,49548.5,7.154888644459469,0.0,0.0,C,5.004586560756416,AI_VERIFIED
842996.0,root2:batch_08,0,0,0,case_034,1,793104.0,A2_base,3.3954041250108276,838424.0,2280386.0,371712.0,9b6031f3f67ed719bb1a235e6f8a3c149b8ca2a7126358f4fb0fc997bf7abd7d,1.117048167012399,3073490.0,seed,421392.0,1079832.0,A0_base,842996.0,b6eab368d67ebf478fd69c8eeb48c8529f1629c8e7413e4dae6d343d4df2a517,1.1496149169979617,seed,1.0,4572.0,0.005423513278829319,3677.0,38006.433333333334,22.06005474511771,0.0,0.0,A,1.0054530881749568,AI_VERIFIED
842996.0,root2:batch_08,0,0,0,case_034,1,7961088.0,B2_base,1.971258042001864,927435.0,2280386.0,0.0,f2150044b0777316f12c1691a00503fc286e68557d054c2c5cb025978dc9f443,1.7084282909927424,10241474.0,seed,7961088.0,14071408.0,B3_base,969026.0,6aeec983e7574af2ed96e63dea8236fbf8e7be281683257439f0bb06398c7352,2.089817749976646,seed,0.869941570195227,41591.0,0.042920416996035195,3677.0,38006.433333333334,24.402052985766446,0.0,0.0,B,0.9089542663367244,AI_VERIFIED
842996.0,root2:batch_08,1038336.0,0.309046599146855,2321468.0,case_034,1,1079832.0,base_aggregate,1.570864083012566,842733.0,2280386.0,0.0,b6eab368d67ebf478fd69c8eeb48c8529f1629c8e7413e4dae6d343d4df2a517,1.0971798329846933,3360218.0,aggregate,1079832.0,7961088.0,base_base,926166.0,f2150044b0777316f12c1691a00503fc286e68557d054c2c5cb025978dc9f443,1.621751958009554,seed,0.9101996834260813,83433.0,0.09008428294711747,3677.0,38006.433333333334,22.173430287679366,0.0,0.0,C,1.0003120798639664,AI_VERIFIED
842996.0,root2:batch_08,0,0,0,case_034,2,1984000.0,A1_base,9.593116666015703,421427.0,2280386.0,1238528.0,1bae2fc25049233283680a700cb5a6ca74f2202d1b374254eb3b2058bcd1280d,1.257074624998495,4264386.0,seed,745472.0,1984000.0,A1_base,421427.0,1bae2fc25049233283680a700cb5a6ca74f2202d1b374254eb3b2058bcd1280d,1.257074624998495,seed,2.0003369504089674,0.0,0.0,3677.0,38006.433333333334,11.088306979607838,0.0,0.0,A,2.0003369504089674,AI_VERIFIED
842996.0,root2:batch_08,0,0,0,case_034,2,1984000.0,B1_base,1.4268015419947915,421427.0,2280386.0,1238528.0,1bae2fc25049233283680a700cb5a6ca74f2202d1b374254eb3b2058bcd1280d,1.3011072920053266,4264386.0,seed,745472.0,1984000.0,B1_base,421427.0,1bae2fc25049233283680a700cb5a6ca74f2202d1b374254eb3b2058bcd1280d,1.3011072920053266,seed,2.0003369504089674,0.0,0.0,3677.0,38006.433333333334,11.088306979607838,0.0,0.0,B,2.0003369504089674,AI_VERIFIED
842996.0,root2:batch_08,1951744.0,0.4577277963519563,2312240.0,case_034,2,1984000.0,base_base,1.4755459159787279,421244.0,2280386.0,1238528.0,1bae2fc25049233283680a700cb5a6ca74f2202d1b374254eb3b2058bcd1280d,1.2269585409958381,4264386.0,seed,745472.0,1984000.0,base_base,421244.0,1bae2fc25049233283680a700cb5a6ca74f2202d1b374254eb3b2058bcd1280d,1.2269585409958381,seed,2.001205951894864,0.0,0.0,3677.0,38006.433333333334,11.083492005300856,0.0,0.0,C,2.001205951894864,AI_VERIFIED
842996.0,root2:batch_08,0,0,0,case_034,3,2830336.0,A1_base,9.473894916998688,276994.0,2280386.0,2421760.0,b6ec51312a0dbe707082eec7d3f6f32c32dea7d27393d51d7e85c3b67e34f376,1.3759684159886092,5110722.0,seed,408576.0,2830336.0,A1_base,276994.0,b6ec51312a0dbe707082eec7d3f6f32c32dea7d27393d51d7e85c3b67e34f376,1.3759684159886092,seed,3.043372780637848,0.0,0.0,3677.0,38006.433333333334,7.288081929989046,0.0,0.0,A,3.043372780637848,AI_VERIFIED
842996.0,root2:batch_08,0,0,0,case_034,3,2830336.0,B1_base,1.418024166021496,276994.0,2280386.0,2421760.0,b6ec51312a0dbe707082eec7d3f6f32c32dea7d27393d51d7e85c3b67e34f376,1.1228364999988116,5110722.0,seed,408576.0,2830336.0,B1_base,276994.0,b6ec51312a0dbe707082eec7d3f6f32c32dea7d27393d51d7e85c3b67e34f376,1.1228364999988116,seed,3.043372780637848,0.0,0.0,3677.0,38006.433333333334,7.288081929989046,0.0,0.0,B,3.043372780637848,AI_VERIFIED
842996.0,root2:batch_08,2798080.0,0.5475351837066955,2312240.0,case_034,3,2830336.0,base_base,1.2305280419823248,276560.0,2280386.0,2421760.0,b6ec51312a0dbe707082eec7d3f6f32c32dea7d27393d51d7e85c3b67e34f376,1.1042357920086943,5110722.0,seed,408576.0,2830336.0,base_base,276560.0,b6ec51312a0dbe707082eec7d3f6f32c32dea7d27393d51d7e85c3b67e34f376,1.1042357920086943,seed,3.0481486838299103,0.0,0.0,3677.0,38006.433333333334,7.276662810594346,0.0,0.0,C,3.0481486838299103,AI_VERIFIED
842996.0,root2:batch_08,0,0,0,case_034,4,2978304.0,A1_base,8.366086499998346,212170.0,2280386.0,2888192.0,142f6346fe43a53b4c3591a1bc7f6b0a8696e28b75a64af77850bdf3f9cdaf9f,1.0691133750078734,5258690.0,seed,90112.0,2205204.0,A2_base,835569.0,ca2c027e594150bcb0c43ed139e8de342af874b2949ffc984fa4a18bf2cee69d,0.814742209011456,seed,1.0088885537878978,623399.0,0.74607722402339,3677.0,38006.433333333334,5.582475949247189,0.0,0.0,A,3.9732101616628177,AI_VERIFIED
842996.0,root2:batch_08,0,0,0,case_034,4,2978304.0,B1_base,1.1060044589976314,212170.0,2280386.0,2888192.0,142f6346fe43a53b4c3591a1bc7f6b0a8696e28b75a64af77850bdf3f9cdaf9f,1.1040517920046113,5258690.0,seed,90112.0,2978304.0,B1_base,212170.0,142f6346fe43a53b4c3591a1bc7f6b0a8696e28b75a64af77850bdf3f9cdaf9f,1.1040517920046113,seed,3.9732101616628177,0.0,0.0,3677.0,38006.433333333334,5.582475949247189,0.0,0.0,B,3.9732101616628177,AI_VERIFIED
842996.0,root2:batch_08,2751488.0,0.5232668883864863,2506800.0,case_034,4,2978304.0,base_base,1.2879870000178926,212170.0,2280386.0,2888192.0,142f6346fe43a53b4c3591a1bc7f6b0a8696e28b75a64af77850bdf3f9cdaf9f,1.1286447909951676,5258690.0,seed,90112.0,2978304.0,base_base,212170.0,142f6346fe43a53b4c3591a1bc7f6b0a8696e28b75a64af77850bdf3f9cdaf9f,1.1286447909951676,seed,3.9732101616628177,0.0,0.0,3677.0,38006.433333333334,5.582475949247189,0.0,0.0,C,3.9732101616628177,AI_VERIFIED
842996.0,root2:batch_08,0,0,0,case_034,5,3621888.0,A1_base,7.453450291999616,170371.0,2280386.0,3572736.0,b0a068dbff51bf9ea1885d19aa6b58ed6c4686979b1a07c522b5488bfd7c44be,1.0318462499999441,5902274.0,seed,49152.0,2630680.0,A2_base,836103.0,cfeb403657169f8afaf7f028b3c63c0090b3a590b0c681bccf75c6ded0ac7b39,0.9012520830146968,seed,1.0082441995782816,665732.0,0.7962320431812827,3677.0,38006.433333333334,4.482688457129626,0.0,0.0,A,4.948001713906709,AI_VERIFIED
842996.0,root2:batch_08,0,0,0,case_034,5,3621888.0,B1_base,1.2944592910062056,170371.0,2280386.0,3572736.0,b0a068dbff51bf9ea1885d19aa6b58ed6c4686979b1a07c522b5488bfd7c44be,1.240221083018696,5902274.0,seed,49152.0,3621888.0,B1_base,170371.0,b0a068dbff51bf9ea1885d19aa6b58ed6c4686979b1a07c522b5488bfd7c44be,1.240221083018696,seed,4.948001713906709,0.0,0.0,3677.0,38006.433333333334,4.482688457129626,0.0,0.0,B,4.948001713906709,AI_VERIFIED
842996.0,root2:batch_08,3438080.0,0.582540590510943,2463792.0,case_034,5,3621888.0,base_base,1.225084165984299,168925.0,2280386.0,3572736.0,b0a068dbff51bf9ea1885d19aa6b58ed6c4686979b1a07c522b5488bfd7c44be,1.1626228749810252,5902274.0,seed,49152.0,3621888.0,base_base,168925.0,b0a068dbff51bf9ea1885d19aa6b58ed6c4686979b1a07c522b5488bfd7c44be,1.1626228749810252,seed,4.990356667159983,0.0,0.0,3677.0,38006.433333333334,4.44464226670397,0.0,0.0,C,4.990356667159983,AI_VERIFIED
169571.0,root3:batch_02,0,0,0,case_035,1,0.0,A0_base,nan,169571.0,410854.0,0.0,2dfe97ee3d5a34dfa38de148c70882e42d1aedf0ff96298590d088e678594062,nan,410854.0,,0.0,0.0,A0_base,169571.0,2dfe97ee3d5a34dfa38de148c70882e42d1aedf0ff96298590d088e678594062,nan,,1.0,0.0,0.0,17200.0,17200.0,9.858779069767442,0.0,0.0,A,1.0,AI_VERIFIED
169571.0,root3:batch_02,0,0,0,case_035,1,103472.0,B3_aggregate,nan,175454.0,410854.0,0.0,ff0fa591de8f5d85953d18167e8e7be32bfba1cf14074b1fd755f9f3031eb848,nan,514326.0,,103472.0,103472.0,B3_aggregate,175454.0,ff0fa591de8f5d85953d18167e8e7be32bfba1cf14074b1fd755f9f3031eb848,nan,,0.9664698439477014,0.0,0.0,17200.0,17200.0,10.200813953488373,0.0,0.0,B,0.9664698439477014,AI_VERIFIED
169571.0,root3:batch_02,56320.0,0.11812724687168344,420454.0,case_035,1,103472.0,base_aggregate,nan,174846.0,410854.0,0.0,a910ab9d8f95b1336dd977838535530a53b36ac876cd08ead11e50085bbd63c9,nan,514326.0,,103472.0,103472.0,base_base,175454.0,ff0fa591de8f5d85953d18167e8e7be32bfba1cf14074b1fd755f9f3031eb848,nan,,0.9664698439477014,608.0,0.0034652957470334106,17200.0,17200.0,10.16546511627907,0.0,0.0,C,0.969830593779669,AI_VERIFIED
169571.0,root3:batch_02,0,0,0,case_035,2,148180.0,A2_base,nan,174223.0,410854.0,148180.0,0125ec25c3177e02944e8992c4858cf64ded2dcac5a551bef032ca5540c05299,nan,559034.0,,0.0,1332504.0,A3_base,181968.0,f1c20f22a2824673865a09ffe06b4f060860cdfd0aa563f0fcc7306a5c6d9cd5,nan,,0.9318726369471555,7745.0,0.04256242855886749,17200.0,17200.0,10.129244186046511,0.0,0.0,A,0.9732985885904846,AI_VERIFIED
169571.0,root3:batch_02,0,0,0,case_035,2,732286.0,B3_base,nan,151830.0,410854.0,612382.0,2587bf960b7adb223ccf6e84739395deed65ca1668a363f23374ab0cca1d2580,nan,1143140.0,,119904.0,732286.0,B3_base,151830.0,2587bf960b7adb223ccf6e84739395deed65ca1668a363f23374ab0cca1d2580,nan,,1.1168477902917737,0.0,0.0,17200.0,17200.0,8.827325581395348,0.0,0.0,B,1.1168477902917737,AI_VERIFIED
169571.0,root3:batch_02,104998.0,0.12874975475770062,710522.0,case_035,2,732286.0,base_base,nan,151830.0,410854.0,612382.0,2587bf960b7adb223ccf6e84739395deed65ca1668a363f23374ab0cca1d2580,nan,1143140.0,,119904.0,732286.0,base_base,151830.0,2587bf960b7adb223ccf6e84739395deed65ca1668a363f23374ab0cca1d2580,nan,,1.1168477902917737,0.0,0.0,17200.0,17200.0,8.827325581395348,0.0,0.0,C,1.1168477902917737,AI_VERIFIED
169571.0,root3:batch_02,0,0,0,case_035,3,171290.0,A2_base,nan,176298.0,410854.0,171290.0,18c89615c3f7d4c13d07f500bc082ddf3379c3d6c940fe14decd728b183e6f6d,nan,582144.0,,0.0,171290.0,A2_base,176298.0,18c89615c3f7d4c13d07f500bc082ddf3379c3d6c940fe14decd728b183e6f6d,nan,,0.9618430158027884,0.0,0.0,17200.0,17200.0,10.249883720930233,0.0,0.0,A,0.9618430158027884,AI_VERIFIED
169571.0,root3:batch_02,0,0,0,case_035,3,775124.0,B2_base,nan,155604.0,410854.0,775124.0,f0c6619460faa69cdbf7d69ee188975b2a9a43d7e92c19446d0324851ed06150,nan,1185978.0,,0.0,775124.0,B2_base,155604.0,f0c6619460faa69cdbf7d69ee188975b2a9a43d7e92c19446d0324851ed06150,nan,,1.089759903344387,0.0,0.0,17200.0,17200.0,9.046744186046512,0.0,0.0,B,1.089759903344387,AI_VERIFIED
169571.0,root3:batch_02,233036.0,0.2586535665369529,667922.0,case_035,3,775124.0,base_base,nan,155561.0,410854.0,775124.0,f0c6619460faa69cdbf7d69ee188975b2a9a43d7e92c19446d0324851ed06150,nan,1185978.0,,0.0,775124.0,base_base,155561.0,f0c6619460faa69cdbf7d69ee188975b2a9a43d7e92c19446d0324851ed06150,nan,,1.0900611335746107,0.0,0.0,17200.0,17200.0,9.044244186046512,0.0,0.0,C,1.0900611335746107,AI_VERIFIED
169571.0,root3:batch_02,0,0,0,case_035,4,221222.0,A2_base,nan,183060.0,410854.0,221222.0,bf2e0e2f68579042d680128fe1d0a92223e549c7312a6d2843e36b701f7c332d,nan,632076.0,,0.0,221222.0,A2_base,183060.0,bf2e0e2f68579042d680128fe1d0a92223e549c7312a6d2843e36b701f7c332d,nan,,0.9263137769037474,0.0,0.0,17200.0,17200.0,10.643023255813954,0.0,0.0,A,0.9263137769037474,AI_VERIFIED
169571.0,root3:batch_02,0,0,0,case_035,4,0.0,B0_base,nan,169571.0,410854.0,0.0,62ad65db50f576654e7a65e5f3616169515299454144c197d8d64f80e028b5cd,nan,410854.0,,0.0,0.0,B0_base,169571.0,62ad65db50f576654e7a65e5f3616169515299454144c197d8d64f80e028b5cd,nan,,1.0,0.0,0.0,17200.0,17200.0,9.858779069767442,0.0,0.0,B,1.0,AI_VERIFIED
169571.0,root3:batch_02,0.0,0.0,396878.0,case_035,4,0.0,base_base,nan,169571.0,410854.0,0.0,62ad65db50f576654e7a65e5f3616169515299454144c197d8d64f80e028b5cd,nan,410854.0,,0.0,0.0,base_base,169571.0,62ad65db50f576654e7a65e5f3616169515299454144c197d8d64f80e028b5cd,nan,,1.0,0.0,0.0,17200.0,17200.0,9.858779069767442,0.0,0.0,C,1.0,AI_VERIFIED
169571.0,root3:batch_02,0,0,0,case_035,5,4608.0,A1_base,nan,95460.0,410854.0,4608.0,7fc929fdcbb2ff7c7a38f82dcd49309aad3c721aa81380ffbc461b6708522079,nan,415462.0,,0.0,283280.0,A2_base,182113.0,d9ac7c490d21b10cecc02cf02c117d76bc5253061d383fc670849072e604823d,nan,,0.9311306716159747,86653.0,0.4758199579382032,17200.0,17200.0,5.55,0.0,0.0,A,1.7763565891472868,AI_VERIFIED
169571.0,root3:batch_02,0,0,0,case_035,5,1559256.0,B3_base,nan,157857.0,410854.0,1559256.0,a7428aa0369b99c8405953bb5b56d647b862f00d07a73fe817aecd5fc7ab673e,nan,1970110.0,,0.0,1559256.0,B3_base,157857.0,a7428aa0369b99c8405953bb5b56d647b862f00d07a73fe817aecd5fc7ab673e,nan,,1.0742064019967439,0.0,0.0,17200.0,17200.0,9.177732558139535,0.0,0.0,B,1.0742064019967439,AI_VERIFIED
169571.0,root3:batch_02,273198.0,0.21170754388004184,1017252.0,case_035,5,1517784.0,base_aggregate_tid_6453,nan,157337.0,410854.0,1517784.0,978004f5b3da79c2f8026c62f9c637df70d5ff36de32e7ca9705e2c921b7fbad,nan,1928638.0,,0.0,1559256.0,base_base,157840.0,a7428aa0369b99c8405953bb5b56d647b862f00d07a73fe817aecd5fc7ab673e,nan,,1.0743220983274202,503.0,0.003186771414090218,17200.0,17200.0,9.1475,0.0,0.0,C,1.0777566624506631,AI_VERIFIED
931510.0,root3:batch_03,0,0,0,case_036,1,0.0,A0_base,nan,931510.0,6554752.0,0.0,c24d1f8708f91a6a4f8df259dde0c982937f9eb6a4c950cbdbd91d7d133d21df,nan,6554752.0,,0.0,0.0,A0_base,931510.0,c24d1f8708f91a6a4f8df259dde0c982937f9eb6a4c950cbdbd91d7d133d21df,nan,,1.0,0.0,0.0,1316.0,109245.86666666667,8.526729920521783,0.0,0.0,A,1.0,AI_VERIFIED
931510.0,root3:batch_03,0,0,0,case_036,1,11882496.0,B3_aggregate,nan,1208827.0,6554752.0,0.0,ecc8ed6c2de47bafa6cf7bb1c188a15a33dfcec530af082a76b4da0ef3e917a4,nan,18437248.0,,11882496.0,11882496.0,B3_aggregate,1208827.0,ecc8ed6c2de47bafa6cf7bb1c188a15a33dfcec530af082a76b4da0ef3e917a4,nan,,0.7705900017124039,0.0,0.0,1316.0,109245.86666666667,11.065196669530746,0.0,0.0,B,0.7705900017124039,AI_VERIFIED
931510.0,root3:batch_03,0.0,0.0,7378048.0,case_036,1,6344704.0,base_aggregate,nan,1075353.0,6554752.0,0.0,4d6f27e49b392590d5e483adcd11176a46a303c4cc6fba9b765afeb69407238a,nan,12899456.0,,6344704.0,11882496.0,base_base,1208827.0,ecc8ed6c2de47bafa6cf7bb1c188a15a33dfcec530af082a76b4da0ef3e917a4,nan,,0.7705900017124039,133474.0,0.1104161306787489,1316.0,109245.86666666667,9.843420468081783,0.0,0.0,C,0.8662364823457972,AI_VERIFIED
931510.0,root3:batch_03,0,0,0,case_036,2,1152.0,A1_base,nan,466068.0,6554752.0,1152.0,ce9648cba3a10046e8748e7b3b3f22c47028bb457b59ed9da1f1f9474ab453e4,nan,6555904.0,,0.0,1152.0,A1_base,466068.0,ce9648cba3a10046e8748e7b3b3f22c47028bb457b59ed9da1f1f9474ab453e4,nan,,1.998656848356892,0.0,0.0,1316.0,109245.86666666667,4.266230057216505,0.0,0.0,A,1.998656848356892,AI_VERIFIED
931510.0,root3:batch_03,0,0,0,case_036,2,1152.0,B1_base,nan,466068.0,6554752.0,1152.0,ce9648cba3a10046e8748e7b3b3f22c47028bb457b59ed9da1f1f9474ab453e4,nan,6555904.0,,0.0,1152.0,B1_base,466068.0,ce9648cba3a10046e8748e7b3b3f22c47028bb457b59ed9da1f1f9474ab453e4,nan,,1.998656848356892,0.0,0.0,1316.0,109245.86666666667,4.266230057216505,0.0,0.0,B,1.998656848356892,AI_VERIFIED
931510.0,root3:batch_03,0.0,0.0,3279104.0,case_036,2,1152.0,base_base,nan,466068.0,6554752.0,1152.0,ce9648cba3a10046e8748e7b3b3f22c47028bb457b59ed9da1f1f9474ab453e4,nan,6555904.0,,0.0,1152.0,base_base,466068.0,ce9648cba3a10046e8748e7b3b3f22c47028bb457b59ed9da1f1f9474ab453e4,nan,,1.998656848356892,0.0,0.0,1316.0,109245.86666666667,4.266230057216505,0.0,0.0,C,1.998656848356892,AI_VERIFIED
931510.0,root3:batch_03,0,0,0,case_036,3,2304.0,A1_base,nan,311345.0,6554752.0,2304.0,433ea2fa6185438107c583ededb5b322a46899d591e53417abd8c4b851cdf0b1,nan,6557056.0,,0.0,54912.0,A2_base,780727.0,2bc5a4b976644e5506eae3fba9facaf985e887b3420d28af5998dab8e916ac05,nan,,1.193131529971424,469382.0,0.6012114349830351,1316.0,109245.86666666667,2.849947641039661,0.0,0.0,A,2.991890025534375,AI_VERIFIED
931510.0,root3:batch_03,0,0,0,case_036,3,2304.0,B1_base,nan,311345.0,6554752.0,2304.0,433ea2fa6185438107c583ededb5b322a46899d591e53417abd8c4b851cdf0b1,nan,6557056.0,,0.0,2304.0,B1_base,311345.0,433ea2fa6185438107c583ededb5b322a46899d591e53417abd8c4b851cdf0b1,nan,,2.991890025534375,0.0,0.0,1316.0,109245.86666666667,2.849947641039661,0.0,0.0,B,2.991890025534375,AI_VERIFIED
931510.0,root3:batch_03,0.0,0.0,3280256.0,case_036,3,2304.0,base_base,nan,311345.0,6554752.0,2304.0,433ea2fa6185438107c583ededb5b322a46899d591e53417abd8c4b851cdf0b1,nan,6557056.0,,0.0,2304.0,base_base,311345.0,433ea2fa6185438107c583ededb5b322a46899d591e53417abd8c4b851cdf0b1,nan,,2.991890025534375,0.0,0.0,1316.0,109245.86666666667,2.849947641039661,0.0,0.0,C,2.991890025534375,AI_VERIFIED
931510.0,root3:batch_03,0,0,0,case_036,4,3456.0,A1_base,nan,233584.0,6554752.0,3456.0,51d7acad10a8ed748db47a1e48f217ce05f64285fdb2c8510c9f12f09e75b45f,nan,6558208.0,,0.0,3456.0,A1_base,233584.0,51d7acad10a8ed748db47a1e48f217ce05f64285fdb2c8510c9f12f09e75b45f,nan,,3.987901568600589,0.0,0.0,1316.0,109245.86666666667,2.138149544025464,0.0,0.0,A,3.987901568600589,AI_VERIFIED
931510.0,root3:batch_03,0,0,0,case_036,4,3456.0,B1_base,nan,233584.0,6554752.0,3456.0,51d7acad10a8ed748db47a1e48f217ce05f64285fdb2c8510c9f12f09e75b45f,nan,6558208.0,,0.0,3456.0,B1_base,233584.0,51d7acad10a8ed748db47a1e48f217ce05f64285fdb2c8510c9f12f09e75b45f,nan,,3.987901568600589,0.0,0.0,1316.0,109245.86666666667,2.138149544025464,0.0,0.0,B,3.987901568600589,AI_VERIFIED
931510.0,root3:batch_03,0.0,0.0,3281408.0,case_036,4,3456.0,base_base,nan,233584.0,6554752.0,3456.0,51d7acad10a8ed748db47a1e48f217ce05f64285fdb2c8510c9f12f09e75b45f,nan,6558208.0,,0.0,3456.0,base_base,233584.0,51d7acad10a8ed748db47a1e48f217ce05f64285fdb2c8510c9f12f09e75b45f,nan,,3.987901568600589,0.0,0.0,1316.0,109245.86666666667,2.138149544025464,0.0,0.0,C,3.987901568600589,AI_VERIFIED
931510.0,root3:batch_03,0,0,0,case_036,5,4608.0,A1_base,nan,187182.0,6554752.0,4608.0,ba017b3ac6cdec2e25aa37b9de5b23363579c20191b98f3ae749deaf399a2b3a,nan,6559360.0,,0.0,4608.0,A1_base,187182.0,ba017b3ac6cdec2e25aa37b9de5b23363579c20191b98f3ae749deaf399a2b3a,nan,,4.976493466252097,0.0,0.0,1316.0,109245.86666666667,1.7134012087718955,0.0,0.0,A,4.976493466252097,AI_VERIFIED
931510.0,root3:batch_03,0,0,0,case_036,5,4608.0,B1_base,nan,187182.0,6554752.0,4608.0,ba017b3ac6cdec2e25aa37b9de5b23363579c20191b98f3ae749deaf399a2b3a,nan,6559360.0,,0.0,4608.0,B1_base,187182.0,ba017b3ac6cdec2e25aa37b9de5b23363579c20191b98f3ae749deaf399a2b3a,nan,,4.976493466252097,0.0,0.0,1316.0,109245.86666666667,1.7134012087718955,0.0,0.0,B,4.976493466252097,AI_VERIFIED
931510.0,root3:batch_03,0.0,0.0,3282560.0,case_036,5,4608.0,base_base,nan,187182.0,6554752.0,4608.0,ba017b3ac6cdec2e25aa37b9de5b23363579c20191b98f3ae749deaf399a2b3a,nan,6559360.0,,0.0,4608.0,base_base,187182.0,ba017b3ac6cdec2e25aa37b9de5b23363579c20191b98f3ae749deaf399a2b3a,nan,,4.976493466252097,0.0,0.0,1316.0,109245.86666666667,1.7134012087718955,0.0,0.0,C,4.976493466252097,AI_VERIFIED
210001.0,root3:batch_02,0,0,0,case_037,1,0.0,A0_base,nan,210001.0,614400.0,0.0,0a835b6f10c83a84d338adc6b6089fe29ee25797607448b8261d9b4b31947ff2,nan,614400.0,,0.0,0.0,A0_base,210001.0,0a835b6f10c83a84d338adc6b6089fe29ee25797607448b8261d9b4b31947ff2,nan,,1.0,0.0,0.0,904.0,10240.0,20.50791015625,0.0,0.0,A,1.0,AI_VERIFIED
210001.0,root3:batch_02,0,0,0,case_037,1,2600960.0,B3_base,nan,244641.0,614400.0,0.0,d5880a6eed1f518731b2e51b8129929a070e2b9bcf26ee33dbf4abb99c32b76b,nan,3215360.0,,2600960.0,2600960.0,B3_aggregate,250741.0,96154e8e12050eaf71abe97e97abf80149bc0e32514e8ce3b9995373287973d0,nan,,0.8375215860190396,6100.0,0.024327892127733397,904.0,10240.0,23.89072265625,0.0,0.0,B,0.8584047645325191,AI_VERIFIED
210001.0,root3:batch_02,12288.0,0.00663716814159292,1839104.0,case_037,1,2600960.0,base_base,nan,244535.0,614400.0,0.0,d5880a6eed1f518731b2e51b8129929a070e2b9bcf26ee33dbf4abb99c32b76b,nan,3215360.0,,2600960.0,2600960.0,base_base,244535.0,d5880a6eed1f518731b2e51b8129929a070e2b9bcf26ee33dbf4abb99c32b76b,nan,,0.8587768622078639,0.0,0.0,904.0,10240.0,23.88037109375,0.0,0.0,C,0.8587768622078639,AI_VERIFIED
210001.0,root3:batch_02,0,0,0,case_037,2,204800.0,A1_base,nan,105374.0,614400.0,204800.0,a7077fbc8b0587ebb2259ddc594c228244f5289ac61eafcea3bc7ae6aabee587,nan,819200.0,,0.0,204800.0,A1_base,105374.0,a7077fbc8b0587ebb2259ddc594c228244f5289ac61eafcea3bc7ae6aabee587,nan,,1.992910964754114,0.0,0.0,904.0,10240.0,10.2904296875,0.0,0.0,A,1.992910964754114,AI_VERIFIED
210001.0,root3:batch_02,0,0,0,case_037,2,204800.0,B1_base,nan,105374.0,614400.0,204800.0,a7077fbc8b0587ebb2259ddc594c228244f5289ac61eafcea3bc7ae6aabee587,nan,819200.0,,0.0,204800.0,B1_base,105374.0,a7077fbc8b0587ebb2259ddc594c228244f5289ac61eafcea3bc7ae6aabee587,nan,,1.992910964754114,0.0,0.0,904.0,10240.0,10.2904296875,0.0,0.0,B,1.992910964754114,AI_VERIFIED
210001.0,root3:batch_02,0.0,0.0,737280.0,case_037,2,204800.0,base_base,nan,105374.0,614400.0,204800.0,a7077fbc8b0587ebb2259ddc594c228244f5289ac61eafcea3bc7ae6aabee587,nan,819200.0,,0.0,204800.0,base_base,105374.0,a7077fbc8b0587ebb2259ddc594c228244f5289ac61eafcea3bc7ae6aabee587,nan,,1.992910964754114,0.0,0.0,904.0,10240.0,10.2904296875,0.0,0.0,C,1.992910964754114,AI_VERIFIED
210001.0,root3:batch_02,0,0,0,case_037,3,1064960.0,A1_base,nan,74038.0,614400.0,1064960.0,7ea0d5688b503e6afbfb7b0b70a2894457573339cd32e8e9ec5191cc1dd64952,nan,1679360.0,,0.0,1064960.0,A1_base,74038.0,7ea0d5688b503e6afbfb7b0b70a2894457573339cd32e8e9ec5191cc1dd64952,nan,,2.836394824279424,0.0,0.0,904.0,10240.0,7.2302734375,0.0,0.0,A,2.836394824279424,AI_VERIFIED
210001.0,root3:batch_02,0,0,0,case_037,3,1064960.0,B1_base,nan,74038.0,614400.0,1064960.0,7ea0d5688b503e6afbfb7b0b70a2894457573339cd32e8e9ec5191cc1dd64952,nan,1679360.0,,0.0,1064960.0,B1_base,74038.0,7ea0d5688b503e6afbfb7b0b70a2894457573339cd32e8e9ec5191cc1dd64952,nan,,2.836394824279424,0.0,0.0,904.0,10240.0,7.2302734375,0.0,0.0,B,2.836394824279424,AI_VERIFIED
210001.0,root3:batch_02,942080.0,0.5897435897435898,655360.0,case_037,3,1064960.0,base_base,nan,74038.0,614400.0,1064960.0,7ea0d5688b503e6afbfb7b0b70a2894457573339cd32e8e9ec5191cc1dd64952,nan,1679360.0,,0.0,1064960.0,base_base,74038.0,7ea0d5688b503e6afbfb7b0b70a2894457573339cd32e8e9ec5191cc1dd64952,nan,,2.836394824279424,0.0,0.0,904.0,10240.0,7.2302734375,0.0,0.0,C,2.836394824279424,AI_VERIFIED
210001.0,root3:batch_02,0,0,0,case_037,4,614400.0,A1_base,nan,53320.0,614400.0,614400.0,b3b9fb5221a864c1e0bc8b00805860f25929f1f4a949461cba92211711c6b83c,nan,1228800.0,,0.0,614400.0,A1_base,53320.0,b3b9fb5221a864c1e0bc8b00805860f25929f1f4a949461cba92211711c6b83c,nan,,3.938503375843961,0.0,0.0,904.0,10240.0,5.20703125,0.0,0.0,A,3.938503375843961,AI_VERIFIED
210001.0,root3:batch_02,0,0,0,case_037,4,614400.0,B1_base,nan,53320.0,614400.0,614400.0,b3b9fb5221a864c1e0bc8b00805860f25929f1f4a949461cba92211711c6b83c,nan,1228800.0,,0.0,614400.0,B1_base,53320.0,b3b9fb5221a864c1e0bc8b00805860f25929f1f4a949461cba92211711c6b83c,nan,,3.938503375843961,0.0,0.0,904.0,10240.0,5.20703125,0.0,0.0,B,3.938503375843961,AI_VERIFIED
210001.0,root3:batch_02,0.0,0.0,1146880.0,case_037,4,614400.0,base_base,nan,53320.0,614400.0,614400.0,b3b9fb5221a864c1e0bc8b00805860f25929f1f4a949461cba92211711c6b83c,nan,1228800.0,,0.0,614400.0,base_base,53320.0,b3b9fb5221a864c1e0bc8b00805860f25929f1f4a949461cba92211711c6b83c,nan,,3.938503375843961,0.0,0.0,904.0,10240.0,5.20703125,0.0,0.0,C,3.938503375843961,AI_VERIFIED
210001.0,root3:batch_02,0,0,0,case_037,5,1515520.0,A2_base,nan,44206.0,614400.0,1515520.0,45da2f08be375a5b5e9e614c0de07789f961a58193099669d0f873dbf83c2383,nan,2129920.0,,0.0,1515520.0,A2_base,44206.0,45da2f08be375a5b5e9e614c0de07789f961a58193099669d0f873dbf83c2383,nan,,4.750508980681356,0.0,0.0,904.0,10240.0,4.3169921875,0.0,0.0,A,4.750508980681356,AI_VERIFIED
210001.0,root3:batch_02,0,0,0,case_037,5,1925120.0,B1_base,nan,43800.0,614400.0,1925120.0,dbdc2a38d97c07496c9a6a7e8ef46821d79b4c8a5a6534397eb9c5b6499c561f,nan,2539520.0,,0.0,1925120.0,B1_base,43800.0,dbdc2a38d97c07496c9a6a7e8ef46821d79b4c8a5a6534397eb9c5b6499c561f,nan,,4.794543378995434,0.0,0.0,904.0,10240.0,4.27734375,0.0,0.0,B,4.794543378995434,AI_VERIFIED
210001.0,root3:batch_02,1579008.0,0.6425,878592.0,case_037,5,1925120.0,base_base,nan,43013.0,614400.0,1925120.0,dbdc2a38d97c07496c9a6a7e8ef46821d79b4c8a5a6534397eb9c5b6499c561f,nan,2539520.0,,0.0,1925120.0,base_base,43013.0,dbdc2a38d97c07496c9a6a7e8ef46821d79b4c8a5a6534397eb9c5b6499c561f,nan,,4.882268151489085,0.0,0.0,904.0,10240.0,4.20048828125,0.0,0.0,C,4.882268151489085,AI_VERIFIED
1364555.0,root2:batch_11,0,0,0,case_038,1,4233216.0,A2_base,11.871708499995293,1363201.0,2802950.0,313344.0,0b5a4f5bb8e4c5ba32e9f5a6ba2ce70e690be0cc36b1d9e63079b5d9544ed601,1.7126983749913052,7036166.0,seed,3919872.0,5627904.0,A0_base,1364555.0,2f7ff7eb4a23b60dd529144c2cd38fefb90a89aa989e19b9d28de00c618f362b,2.035086332994979,seed,1.0,1354.0,0.0009922648775608166,8754.0,46715.833333333336,29.180706041848765,0.0,0.0,A,1.000993250445092,AI_VERIFIED
1364555.0,root2:batch_11,0,0,0,case_038,1,20147712.0,B3_base,5.589541332999943,1589087.0,2802950.0,0.0,6ca6eaa6d6a2bb38a8c973b062840ba85916bd334883ea4a085a33390d622f79,6.090122333000181,22950662.0,seed,20147712.0,20147712.0,B3_base,1589087.0,6ca6eaa6d6a2bb38a8c973b062840ba85916bd334883ea4a085a33390d622f79,6.090122333000181,seed,0.8587037714108793,0.0,0.0,8754.0,46715.833333333336,34.01602597263597,0.0,0.0,B,0.8587037714108793,AI_VERIFIED
1364555.0,root2:batch_11,2317824.0,0.15673569015531807,12470282.0,case_038,1,20147712.0,base_base,5.070181291986955,1583771.0,2802950.0,0.0,6ca6eaa6d6a2bb38a8c973b062840ba85916bd334883ea4a085a33390d622f79,4.721020541997859,22950662.0,seed,20147712.0,20147712.0,base_base,1583771.0,6ca6eaa6d6a2bb38a8c973b062840ba85916bd334883ea4a085a33390d622f79,4.721020541997859,seed,0.8615860500034411,0.0,0.0,8754.0,46715.833333333336,33.90223157744519,0.0,0.0,C,0.8615860500034411,AI_VERIFIED
1364555.0,root2:batch_11,0,0,0,case_038,2,6790656.0,A1_base,29.053139249997912,674500.0,2802950.0,2517504.0,4d722acbdd407dca2799061725829de47f559ad49fc0f4a853e086df6a8fc7a5,2.0354105420119595,9593606.0,seed,4273152.0,6790656.0,A1_base,674500.0,4d722acbdd407dca2799061725829de47f559ad49fc0f4a853e086df6a8fc7a5,2.0354105420119595,seed,2.0230615270570795,0.0,0.0,8754.0,46715.833333333336,14.438359585436771,0.0,0.0,A,2.0230615270570795,AI_VERIFIED
1364555.0,root2:batch_11,0,0,0,case_038,2,6790656.0,B1_base,2.678030958020827,674500.0,2802950.0,2517504.0,4d722acbdd407dca2799061725829de47f559ad49fc0f4a853e086df6a8fc7a5,2.681173959019361,9593606.0,seed,4273152.0,6790656.0,B1_base,674500.0,4d722acbdd407dca2799061725829de47f559ad49fc0f4a853e086df6a8fc7a5,2.681173959019361,seed,2.0230615270570795,0.0,0.0,8754.0,46715.833333333336,14.438359585436771,0.0,0.0,B,2.0230615270570795,AI_VERIFIED
1364555.0,root2:batch_11,2672640.0,0.2788309681150929,6912522.0,case_038,2,6790656.0,base_base,2.618410542025231,674382.0,2802950.0,2517504.0,4d722acbdd407dca2799061725829de47f559ad49fc0f4a853e086df6a8fc7a5,2.6310064169811085,9593606.0,seed,4273152.0,6790656.0,base_base,674382.0,4d722acbdd407dca2799061725829de47f559ad49fc0f4a853e086df6a8fc7a5,2.6310064169811085,seed,2.023415512276425,0.0,0.0,8754.0,46715.833333333336,14.435833675235019,0.0,0.0,C,2.023415512276425,AI_VERIFIED
1364555.0,root2:batch_11,0,0,0,case_038,3,8097792.0,A1_base,32.040391000016825,452248.0,2802950.0,4936704.0,e74d1b145b2e937520f9697ac503e88abfc83b2104bcd9e4021285a68d8230a6,2.0973473750054836,10900742.0,seed,3161088.0,8097792.0,A1_base,452248.0,e74d1b145b2e937520f9697ac503e88abfc83b2104bcd9e4021285a68d8230a6,2.0973473750054836,seed,3.0172714970547134,0.0,0.0,8754.0,46715.833333333336,9.680829126456056,0.0,0.0,A,3.0172714970547134,AI_VERIFIED
1364555.0,root2:batch_11,0,0,0,case_038,3,8097792.0,B1_base,3.0225764169881586,452248.0,2802950.0,4936704.0,e74d1b145b2e937520f9697ac503e88abfc83b2104bcd9e4021285a68d8230a6,2.6229730419872794,10900742.0,seed,3161088.0,8097792.0,B1_base,452248.0,e74d1b145b2e937520f9697ac503e88abfc83b2104bcd9e4021285a68d8230a6,2.6229730419872794,seed,3.0172714970547134,0.0,0.0,8754.0,46715.833333333336,9.680829126456056,0.0,0.0,B,3.0172714970547134,AI_VERIFIED
1364555.0,root2:batch_11,3892224.0,0.3573372671221445,7000074.0,case_038,3,8097792.0,base_base,2.8086600840033498,452022.0,2802950.0,4936704.0,e74d1b145b2e937520f9697ac503e88abfc83b2104bcd9e4021285a68d8230a6,2.611786541994661,10900742.0,seed,3161088.0,8097792.0,base_base,452022.0,e74d1b145b2e937520f9697ac503e88abfc83b2104bcd9e4021285a68d8230a6,2.611786541994661,seed,3.018780059377641,0.0,0.0,8754.0,46715.833333333336,9.67599136623914,0.0,0.0,C,3.018780059377641,AI_VERIFIED
1364555.0,root2:batch_11,0,0,0,case_038,4,9295872.0,A1_base,26.315626416995656,339624.0,2802950.0,6514176.0,c0e638842ff230ac57de9c1444f8f5dc02a21f09c3c71a5d647d4675ce07cb59,2.075124916009372,12098822.0,seed,2781696.0,6567936.0,A2_base,1362279.0,5584f10ef9342dd56308fbdff938f70b4f57df0a1b00a56c4e37ac91cacdc522,1.6205045420210809,seed,1.001670729711021,1022655.0,0.7506942410475387,8754.0,46715.833333333336,7.269997681014645,0.0,0.0,A,4.017840317527619,AI_VERIFIED
1364555.0,root2:batch_11,0,0,0,case_038,4,9295872.0,B1_base,2.690364167006919,339624.0,2802950.0,6514176.0,c0e638842ff230ac57de9c1444f8f5dc02a21f09c3c71a5d647d4675ce07cb59,2.372603457974037,12098822.0,seed,2781696.0,9295872.0,B1_base,339624.0,c0e638842ff230ac57de9c1444f8f5dc02a21f09c3c71a5d647d4675ce07cb59,2.372603457974037,seed,4.017840317527619,0.0,0.0,8754.0,46715.833333333336,7.269997681014645,0.0,0.0,B,4.017840317527619,AI_VERIFIED
1364555.0,root2:batch_11,4257280.0,0.3521213315249532,7833098.0,case_038,4,9295872.0,base_base,2.8118674590077717,337813.0,2802950.0,6514176.0,c0e638842ff230ac57de9c1444f8f5dc02a21f09c3c71a5d647d4675ce07cb59,2.365301083016675,12098822.0,seed,2781696.0,9295872.0,base_base,337813.0,c0e638842ff230ac57de9c1444f8f5dc02a21f09c3c71a5d647d4675ce07cb59,2.365301083016675,seed,4.0393797752010725,0.0,0.0,8754.0,46715.833333333336,7.2312313812233535,0.0,0.0,C,4.0393797752010725,AI_VERIFIED
1364555.0,root2:batch_11,0,0,0,case_038,5,9676800.0,A1_base,26.3098573339812,275133.0,2802950.0,8567808.0,8db3ced8752cb5f564eca21ccc860dde59b85a210d7bea30091f6a1d3bbd45f0,2.3086808329971973,12479750.0,seed,1108992.0,7897088.0,A2_base,1361285.0,76805d106a31d2e76440f75ca270c8dd00ad5c5104a0e9b8522dbed04ee11b14,2.1733193330001086,seed,1.0024021420936835,1086152.0,0.7978872903176043,8754.0,46715.833333333336,5.889502131682691,0.0,0.0,A,4.959619529463932,AI_VERIFIED
1364555.0,root2:batch_11,0,0,0,case_038,5,9676800.0,B1_base,3.0169408340007067,275133.0,2802950.0,8567808.0,8db3ced8752cb5f564eca21ccc860dde59b85a210d7bea30091f6a1d3bbd45f0,2.4063106249959674,12479750.0,seed,1108992.0,9676800.0,B1_base,275133.0,8db3ced8752cb5f564eca21ccc860dde59b85a210d7bea30091f6a1d3bbd45f0,2.4063106249959674,seed,4.959619529463932,0.0,0.0,8754.0,46715.833333333336,5.889502131682691,0.0,0.0,B,4.959619529463932,AI_VERIFIED
1364555.0,root2:batch_11,5265408.0,0.4222018127051008,7205898.0,case_038,5,9676800.0,base_base,3.0872732080169953,272533.0,2802950.0,8567808.0,8db3ced8752cb5f564eca21ccc860dde59b85a210d7bea30091f6a1d3bbd45f0,2.389412167016417,12479750.0,seed,1108992.0,9676800.0,base_base,272533.0,8db3ced8752cb5f564eca21ccc860dde59b85a210d7bea30091f6a1d3bbd45f0,2.389412167016417,seed,5.006934939988919,0.0,0.0,8754.0,46715.833333333336,5.833846483169517,0.0,0.0,C,5.006934939988919,AI_VERIFIED
1435262.0,root3:batch_03,0,0,0,case_039,1,7954432.0,A2_base,nan,1430004.0,4489216.0,1089536.0,81818b7962c5fdcee3cd450f5e19a13185a6fb510f547b5144f5f6988b121451,nan,12443648.0,,6864896.0,7929856.0,A0_base,1435262.0,e1e2e4f30509a5ddc1b9b136e2d23a447d53db978b9323efb0f48b3133a73fc4,nan,,1.0,5258.0,0.003663442632773668,784.0,74820.26666666666,19.112522097399637,0.0,0.0,A,1.0036769127918523,AI_VERIFIED
1435262.0,root3:batch_03,0,0,0,case_039,1,28258304.0,B3_base,nan,1752064.0,4489216.0,0.0,62c54a75250f95cf304a85c87184914a85bb5f957c440c59c0f95b5ddfa8889e,nan,32747520.0,,28258304.0,33034240.0,B3_aggregate,1875731.0,4ade198b4c781356f51fd6d89cb1eae9bce7d32200cc3c7889d449dc013791b6,nan,,0.7651747505372573,123667.0,0.06593002941253304,784.0,74820.26666666666,23.41697080291971,0.0,0.0,B,0.8191835458065458,AI_VERIFIED
1435262.0,root3:batch_03,2007040.0,0.10063668104333538,17936384.0,case_039,1,28258304.0,base_base,nan,1729915.0,4489216.0,0.0,62c54a75250f95cf304a85c87184914a85bb5f957c440c59c0f95b5ddfa8889e,nan,32747520.0,,28258304.0,28258304.0,base_base,1729915.0,62c54a75250f95cf304a85c87184914a85bb5f957c440c59c0f95b5ddfa8889e,nan,,0.8296719781029703,0.0,0.0,784.0,74820.26666666666,23.12094138486542,0.0,0.0,C,0.8296719781029703,AI_VERIFIED
1435262.0,root3:batch_03,0,0,0,case_039,2,11067392.0,A1_base,nan,708561.0,4489216.0,4202496.0,12af682ddb9f10bc79ed0d71f245af6f358250d8dcce534453088aa0b6a3efe9,nan,15556608.0,,6864896.0,11067392.0,A1_base,708561.0,12af682ddb9f10bc79ed0d71f245af6f358250d8dcce534453088aa0b6a3efe9,nan,,2.025601183243221,0.0,0.0,784.0,74820.26666666666,9.470174747661954,0.0,0.0,A,2.025601183243221,AI_VERIFIED
1435262.0,root3:batch_03,0,0,0,case_039,2,11067392.0,B1_base,nan,708561.0,4489216.0,4202496.0,12af682ddb9f10bc79ed0d71f245af6f358250d8dcce534453088aa0b6a3efe9,nan,15556608.0,,6864896.0,11067392.0,B1_base,708561.0,12af682ddb9f10bc79ed0d71f245af6f358250d8dcce534453088aa0b6a3efe9,nan,,2.025601183243221,0.0,0.0,784.0,74820.26666666666,9.470174747661954,0.0,0.0,B,2.025601183243221,AI_VERIFIED
1435262.0,root3:batch_03,5652480.0,0.3701716738197425,9617408.0,case_039,2,11067392.0,base_base,nan,705615.0,4489216.0,4202496.0,12af682ddb9f10bc79ed0d71f245af6f358250d8dcce534453088aa0b6a3efe9,nan,15556608.0,,6864896.0,11067392.0,base_base,705615.0,12af682ddb9f10bc79ed0d71f245af6f358250d8dcce534453088aa0b6a3efe9,nan,,2.03405823288904,0.0,0.0,784.0,74820.26666666666,9.430800389199362,0.0,0.0,C,2.03405823288904,AI_VERIFIED
1435262.0,root3:batch_03,0,0,0,case_039,3,14323712.0,A1_base,nan,485565.0,4489216.0,8404992.0,cb51ec7311bfd4f7ebeccc958fb958b4dcdcbae8ce3cbb27ec285ee3044c5302,nan,18812928.0,,5918720.0,10756096.0,A2_base,1415276.0,0f8d56299ae48d7d39adf8c497805df3bed582eb1a92f261cccc7d4ab6b4dbb8,nan,,1.0141216271596494,929711.0,0.6569114434216364,784.0,74820.26666666666,6.489752330919252,0.0,0.0,A,2.9558596686334475,AI_VERIFIED
1435262.0,root3:batch_03,0,0,0,case_039,3,14323712.0,B1_base,nan,485565.0,4489216.0,8404992.0,cb51ec7311bfd4f7ebeccc958fb958b4dcdcbae8ce3cbb27ec285ee3044c5302,nan,18812928.0,,5918720.0,14323712.0,B1_base,485565.0,cb51ec7311bfd4f7ebeccc958fb958b4dcdcbae8ce3cbb27ec285ee3044c5302,nan,,2.9558596686334475,0.0,0.0,784.0,74820.26666666666,6.489752330919252,0.0,0.0,B,2.9558596686334475,AI_VERIFIED
1435262.0,root3:batch_03,7151616.0,0.38602697324784435,11374592.0,case_039,3,14323712.0,base_base,nan,483226.0,4489216.0,8404992.0,cb51ec7311bfd4f7ebeccc958fb958b4dcdcbae8ce3cbb27ec285ee3044c5302,nan,18812928.0,,5918720.0,14323712.0,base_base,483226.0,cb51ec7311bfd4f7ebeccc958fb958b4dcdcbae8ce3cbb27ec285ee3044c5302,nan,,2.9701671681573427,0.0,0.0,784.0,74820.26666666666,6.458490747604928,0.0,0.0,C,2.9701671681573427,AI_VERIFIED
1435262.0,root3:batch_03,0,0,0,case_039,4,17604608.0,A1_base,nan,395323.0,4489216.0,12607488.0,8caa5aa90120e3749e1e4883a9259568ed3325598986cafee078c39081bce8bc,nan,22093824.0,,4997120.0,11427840.0,A2_base,1429104.0,e352a5c5b38e225b630ce1fb20ce52b67c2ce93c3d52545f01167a3860e18a1c,nan,,1.0043089936071832,1033781.0,0.7233770250450632,784.0,74820.26666666666,5.283635271726734,0.0,0.0,A,3.6306058590064327,AI_VERIFIED
1435262.0,root3:batch_03,0,0,0,case_039,4,17604608.0,B1_base,nan,395323.0,4489216.0,12607488.0,8caa5aa90120e3749e1e4883a9259568ed3325598986cafee078c39081bce8bc,nan,22093824.0,,4997120.0,17604608.0,B1_base,395323.0,8caa5aa90120e3749e1e4883a9259568ed3325598986cafee078c39081bce8bc,nan,,3.6306058590064327,0.0,0.0,784.0,74820.26666666666,5.283635271726734,0.0,0.0,B,3.6306058590064327,AI_VERIFIED
1435262.0,root3:batch_03,10428416.0,0.47821187077385424,11378688.0,case_039,4,17604608.0,base_base,nan,368055.0,4489216.0,12607488.0,8caa5aa90120e3749e1e4883a9259568ed3325598986cafee078c39081bce8bc,nan,22093824.0,,4997120.0,17604608.0,base_base,368055.0,8caa5aa90120e3749e1e4883a9259568ed3325598986cafee078c39081bce8bc,nan,,3.8995856597519394,0.0,0.0,784.0,74820.26666666666,4.919188562100821,0.0,0.0,C,3.8995856597519394,AI_VERIFIED
1435262.0,root3:batch_03,0,0,0,case_039,5,9457664.0,A2_aggregate,nan,315610.0,4489216.0,8716288.0,e5269e9158158740d60d8c800008d2dc546818e0f65052c97f63f0776ba2c39d,nan,13946880.0,,741376.0,9457664.0,A2_aggregate,315610.0,e5269e9158158740d60d8c800008d2dc546818e0f65052c97f63f0776ba2c39d,nan,,4.547580875130699,0.0,0.0,784.0,74820.26666666666,4.218242116218066,0.0,0.0,A,4.547580875130699,AI_VERIFIED
1435262.0,root3:batch_03,0,0,0,case_039,5,20480000.0,B1_base,nan,431161.0,4489216.0,16809984.0,10dda94e637aad3a123f21e4773c673afe5252cfa0c4472a067c98bd7d0b7321,nan,24969216.0,,3670016.0,20717568.0,B1_move,674419.0,ceb1d58451d12e339863fc5062daeb73a46d5a54b51d5913c7d76f2dd1d4a5d3,nan,,2.1281458559144983,243258.0,0.3606926851111846,784.0,74820.26666666666,5.762623139541515,0.0,0.0,B,3.3288307615948565,AI_VERIFIED
1435262.0,root3:batch_03,9154560.0,0.3708927978758712,15527936.0,case_039,5,20480000.0,base_base,nan,340476.0,4489216.0,16809984.0,10dda94e637aad3a123f21e4773c673afe5252cfa0c4472a067c98bd7d0b7321,nan,24969216.0,,3670016.0,20480000.0,base_base,340476.0,10dda94e637aad3a123f21e4773c673afe5252cfa0c4472a067c98bd7d0b7321,nan,,4.21545718347255,0.0,0.0,784.0,74820.26666666666,4.550585224680657,0.0,0.0,C,4.21545718347255,AI_VERIFIED
253454.0,root3:batch_04,0,0,0,case_040,1,0.0,A0_base,nan,253454.0,911238.0,0.0,c861764feda0ae1960c177152c5f09a548bb2bbea4417e5925ba22b28206d440,nan,911238.0,,0.0,0.0,A0_base,253454.0,c861764feda0ae1960c177152c5f09a548bb2bbea4417e5925ba22b28206d440,nan,,1.0,0.0,0.0,16120.0,16120.0,15.722952853598015,0.0,0.0,A,1.0,AI_VERIFIED
253454.0,root3:batch_04,0,0,0,case_040,1,235008.0,B3_aggregate,nan,254945.0,911238.0,0.0,19e5c8a80b5c89a7f6ca1b91ae61fd5ae686c341932d29b12ce565a8cf1d583c,nan,1146246.0,,235008.0,235008.0,B3_aggregate,254945.0,19e5c8a80b5c89a7f6ca1b91ae61fd5ae686c341932d29b12ce565a8cf1d583c,nan,,0.9941516797740689,0.0,0.0,16120.0,16120.0,15.81544665012407,0.0,0.0,B,0.9941516797740689,AI_VERIFIED
253454.0,root3:batch_04,8192.0,0.007932035469521889,1024582.0,case_040,1,235008.0,base_base,nan,254840.0,911238.0,0.0,19e5c8a80b5c89a7f6ca1b91ae61fd5ae686c341932d29b12ce565a8cf1d583c,nan,1146246.0,,235008.0,235008.0,base_base,254840.0,19e5c8a80b5c89a7f6ca1b91ae61fd5ae686c341932d29b12ce565a8cf1d583c,nan,,0.99456129336054,0.0,0.0,16120.0,16120.0,15.808933002481389,0.0,0.0,C,0.99456129336054,AI_VERIFIED
253454.0,root3:batch_04,0,0,0,case_040,2,53760.0,A1_base,nan,137746.0,911238.0,53760.0,9202ab37cc25270f0f38749d4117f90bea1e8e3bec8f1f9607b88a067fe467aa,nan,964998.0,,0.0,53760.0,A1_base,137746.0,9202ab37cc25270f0f38749d4117f90bea1e8e3bec8f1f9607b88a067fe467aa,nan,,1.8400098732449581,0.0,0.0,16120.0,16120.0,8.545037220843673,0.0,0.0,A,1.8400098732449581,AI_VERIFIED
253454.0,root3:batch_04,0,0,0,case_040,2,53760.0,B1_base,nan,137746.0,911238.0,53760.0,9202ab37cc25270f0f38749d4117f90bea1e8e3bec8f1f9607b88a067fe467aa,nan,964998.0,,0.0,53760.0,B1_base,137746.0,9202ab37cc25270f0f38749d4117f90bea1e8e3bec8f1f9607b88a067fe467aa,nan,,1.8400098732449581,0.0,0.0,16120.0,16120.0,8.545037220843673,0.0,0.0,B,1.8400098732449581,AI_VERIFIED
253454.0,root3:batch_04,53760.0,0.05571365502718321,911174.0,case_040,2,53760.0,base_base,nan,137720.0,911238.0,53760.0,9202ab37cc25270f0f38749d4117f90bea1e8e3bec8f1f9607b88a067fe467aa,nan,964998.0,,0.0,53760.0,base_base,137720.0,9202ab37cc25270f0f38749d4117f90bea1e8e3bec8f1f9607b88a067fe467aa,nan,,1.8403572465872786,0.0,0.0,16120.0,16120.0,8.543424317617866,0.0,0.0,C,1.8403572465872786,AI_VERIFIED
253454.0,root3:batch_04,0,0,0,case_040,3,0.0,A1_base,nan,110105.0,911238.0,0.0,0f6134472ccdb1ffcd9d9802f9506709f7d9e1bca603e9fe6df5a4f86c3089f1,nan,911238.0,,0.0,0.0,A1_base,110105.0,0f6134472ccdb1ffcd9d9802f9506709f7d9e1bca603e9fe6df5a4f86c3089f1,nan,,2.301929975932065,0.0,0.0,16120.0,16120.0,6.830334987593052,0.0,0.0,A,2.301929975932065,AI_VERIFIED
253454.0,root3:batch_04,0,0,0,case_040,3,0.0,B1_base,nan,110105.0,911238.0,0.0,0f6134472ccdb1ffcd9d9802f9506709f7d9e1bca603e9fe6df5a4f86c3089f1,nan,911238.0,,0.0,0.0,B1_base,110105.0,0f6134472ccdb1ffcd9d9802f9506709f7d9e1bca603e9fe6df5a4f86c3089f1,nan,,2.301929975932065,0.0,0.0,16120.0,16120.0,6.830334987593052,0.0,0.0,B,2.301929975932065,AI_VERIFIED
253454.0,root3:batch_04,0.0,0.0,911174.0,case_040,3,0.0,base_base,nan,110105.0,911238.0,0.0,0f6134472ccdb1ffcd9d9802f9506709f7d9e1bca603e9fe6df5a4f86c3089f1,nan,911238.0,,0.0,0.0,base_base,110105.0,0f6134472ccdb1ffcd9d9802f9506709f7d9e1bca603e9fe6df5a4f86c3089f1,nan,,2.301929975932065,0.0,0.0,16120.0,16120.0,6.830334987593052,0.0,0.0,C,2.301929975932065,AI_VERIFIED
253454.0,root3:batch_04,0,0,0,case_040,4,53760.0,A1_base,nan,110202.0,911238.0,53760.0,b705750293241abe2c62527a789fbcf91efa9f37db50e1fa4be1eacc1deb71ad,nan,964998.0,,0.0,53760.0,A1_base,110202.0,b705750293241abe2c62527a789fbcf91efa9f37db50e1fa4be1eacc1deb71ad,nan,,2.2999038129979494,0.0,0.0,16120.0,16120.0,6.8363523573200995,0.0,0.0,A,2.2999038129979494,AI_VERIFIED
253454.0,root3:batch_04,0,0,0,case_040,4,53760.0,B1_base,nan,110202.0,911238.0,53760.0,b705750293241abe2c62527a789fbcf91efa9f37db50e1fa4be1eacc1deb71ad,nan,964998.0,,0.0,53760.0,B1_base,110202.0,b705750293241abe2c62527a789fbcf91efa9f37db50e1fa4be1eacc1deb71ad,nan,,2.2999038129979494,0.0,0.0,16120.0,16120.0,6.8363523573200995,0.0,0.0,B,2.2999038129979494,AI_VERIFIED
253454.0,root3:batch_04,0.0,0.0,911174.0,case_040,4,0.0,base_aggregate_tid_6807,nan,110105.0,911238.0,0.0,ea3483406be22ba454189980ace047fa47d38c438a4a6c4d0af097e19be62976,nan,911238.0,,0.0,53760.0,base_base,110202.0,b705750293241abe2c62527a789fbcf91efa9f37db50e1fa4be1eacc1deb71ad,nan,,2.2999038129979494,97.0,0.0008802018112193972,16120.0,16120.0,6.830334987593052,0.0,0.0,C,2.301929975932065,AI_VERIFIED
253454.0,root3:batch_04,0,0,0,case_040,5,107520.0,A1_base,nan,110337.0,911238.0,107520.0,842eca8a2cd453b8aebac9aeb8002182534491416f1c1897c91f41cfde06b03d,nan,1018758.0,,0.0,107520.0,A1_base,110337.0,842eca8a2cd453b8aebac9aeb8002182534491416f1c1897c91f41cfde06b03d,nan,,2.2970898248094476,0.0,0.0,16120.0,16120.0,6.844727047146402,0.0,0.0,A,2.2970898248094476,AI_VERIFIED
253454.0,root3:batch_04,0,0,0,case_040,5,107520.0,B1_base,nan,110337.0,911238.0,107520.0,842eca8a2cd453b8aebac9aeb8002182534491416f1c1897c91f41cfde06b03d,nan,1018758.0,,0.0,107520.0,B1_base,110337.0,842eca8a2cd453b8aebac9aeb8002182534491416f1c1897c91f41cfde06b03d,nan,,2.2970898248094476,0.0,0.0,16120.0,16120.0,6.844727047146402,0.0,0.0,B,2.2970898248094476,AI_VERIFIED
253454.0,root3:batch_04,0.0,0.0,911174.0,case_040,5,0.0,base_aggregate_tid_6807,nan,110105.0,911238.0,0.0,aa0290ecc8b3f9b12ffd9c32a0dc07e2b4396c36c1e7267121830f58afeabb20,nan,911238.0,,0.0,107520.0,base_base,110337.0,842eca8a2cd453b8aebac9aeb8002182534491416f1c1897c91f41cfde06b03d,nan,,2.2970898248094476,232.0,0.0021026491566745516,16120.0,16120.0,6.830334987593052,0.0,0.0,C,2.301929975932065,AI_VERIFIED
6003957.0,root3:batch_03,0,0,0,case_041,1,30898176.0,A0_base,nan,6003957.0,4949980.0,0.0,f0d048cc163b774cfa8802907f4dbaef737969f66d79f0276cab8b1156e8fb47,nan,35848156.0,,30898176.0,30898176.0,A0_base,6003957.0,f0d048cc163b774cfa8802907f4dbaef737969f66d79f0276cab8b1156e8fb47,nan,,1.0,0.0,0.0,1767.0,82499.66666666667,72.77553040618345,0.0,0.0,A,1.0,AI_VERIFIED
6003957.0,root3:batch_03,0,0,0,case_041,1,104178688.0,B3_aggregate,nan,7050742.0,4949980.0,0.0,5017f29b8a6a1f9687f5202cf9d1f581ccfc818eb3772acf16c2602833eee69e,nan,109128668.0,,104178688.0,107119616.0,B3_base,7070045.0,0f410f257319409e7ee2c60986afe76e7424c660fe3ca3167f496b5c54488011,nan,,0.849210577867609,19303.0,0.0027302513633222984,1767.0,82499.66666666667,85.46388470256446,0.0,0.0,B,0.8515354837831253,AI_VERIFIED
6003957.0,root3:batch_03,3514368.0,0.07439843919358335,43722752.0,case_041,1,53859328.0,base_aggregate,nan,6251871.0,4949980.0,0.0,fb549fe0b80b3ccc9e44aafe1e1f3b004919e536fc88decaa643c259cd60c2f3,nan,58809308.0,,53859328.0,104178688.0,base_base,7039953.0,5017f29b8a6a1f9687f5202cf9d1f581ccfc818eb3772acf16c2602833eee69e,nan,,0.8528404948158035,788082.0,0.11194421326392377,1767.0,82499.66666666667,75.7805607295383,0.0,0.0,C,0.9603456309319243,AI_VERIFIED
6003957.0,root3:batch_03,0,0,0,case_041,2,33669120.0,A1_base,nan,2990398.0,4949980.0,4893696.0,c3af6046a969da89f2999db598a2399893f85306579731f3bc57100651b7ed3a,nan,38619100.0,,28775424.0,33669120.0,A1_base,2990398.0,c3af6046a969da89f2999db598a2399893f85306579731f3bc57100651b7ed3a,nan,,2.0077451228899967,0.0,0.0,1767.0,82499.66666666667,36.24739493896945,0.0,0.0,A,2.0077451228899967,AI_VERIFIED
6003957.0,root3:batch_03,0,0,0,case_041,2,33669120.0,B1_base,nan,2990398.0,4949980.0,4893696.0,c3af6046a969da89f2999db598a2399893f85306579731f3bc57100651b7ed3a,nan,38619100.0,,28775424.0,33669120.0,B1_base,2990398.0,c3af6046a969da89f2999db598a2399893f85306579731f3bc57100651b7ed3a,nan,,2.0077451228899967,0.0,0.0,1767.0,82499.66666666667,36.24739493896945,0.0,0.0,B,2.0077451228899967,AI_VERIFIED
6003957.0,root3:batch_03,8592384.0,0.2224962214620953,30025728.0,case_041,2,33669120.0,base_base,nan,2988290.0,4949980.0,4893696.0,c3af6046a969da89f2999db598a2399893f85306579731f3bc57100651b7ed3a,nan,38619100.0,,28775424.0,33669120.0,base_base,2988290.0,c3af6046a969da89f2999db598a2399893f85306579731f3bc57100651b7ed3a,nan,,2.0091614267691558,0.0,0.0,1767.0,82499.66666666667,36.22184332057907,0.0,0.0,C,2.0091614267691558,AI_VERIFIED
6003957.0,root3:batch_03,0,0,0,case_041,3,34851840.0,A1_base,nan,1991911.0,4949980.0,9787392.0,f7f8cf52fcc63f1bea6f20debe0366b8c22fee4b3c5c1081ed6d269b61e4b390,nan,39801820.0,,25064448.0,34851840.0,A1_base,1991911.0,f7f8cf52fcc63f1bea6f20debe0366b8c22fee4b3c5c1081ed6d269b61e4b390,nan,,3.0141693077652567,0.0,0.0,1767.0,82499.66666666667,24.144473311003274,0.0,0.0,A,3.0141693077652567,AI_VERIFIED
6003957.0,root3:batch_03,0,0,0,case_041,3,34851840.0,B1_base,nan,1991911.0,4949980.0,9787392.0,f7f8cf52fcc63f1bea6f20debe0366b8c22fee4b3c5c1081ed6d269b61e4b390,nan,39801820.0,,25064448.0,34851840.0,B1_base,1991911.0,f7f8cf52fcc63f1bea6f20debe0366b8c22fee4b3c5c1081ed6d269b61e4b390,nan,,3.0141693077652567,0.0,0.0,1767.0,82499.66666666667,24.144473311003274,0.0,0.0,B,3.0141693077652567,AI_VERIFIED
6003957.0,root3:batch_03,10368000.0,0.2604970669959864,29432832.0,case_041,3,34851840.0,base_base,nan,1989953.0,4949980.0,9787392.0,f7f8cf52fcc63f1bea6f20debe0366b8c22fee4b3c5c1081ed6d269b61e4b390,nan,39801820.0,,25064448.0,34851840.0,base_base,1989953.0,f7f8cf52fcc63f1bea6f20debe0366b8c22fee4b3c5c1081ed6d269b61e4b390,nan,,3.017135078064658,0.0,0.0,1767.0,82499.66666666667,24.1207398817773,0.0,0.0,C,3.017135078064658,AI_VERIFIED
6003957.0,root3:batch_03,0,0,0,case_041,4,39094272.0,A1_base,nan,1499144.0,4949980.0,14349312.0,52005fc4a6d0c175a7c28255724fcc1a8b85f05241c45f2e1a03ced37c9d2100,nan,44044252.0,,24744960.0,39094272.0,A1_base,1499144.0,52005fc4a6d0c175a7c28255724fcc1a8b85f05241c45f2e1a03ced37c9d2100,nan,,4.004923476330492,0.0,0.0,1767.0,82499.66666666667,18.171515844508463,0.0,0.0,A,4.004923476330492,AI_VERIFIED
6003957.0,root3:batch_03,0,0,0,case_041,4,39094272.0,B1_base,nan,1499144.0,4949980.0,14349312.0,52005fc4a6d0c175a7c28255724fcc1a8b85f05241c45f2e1a03ced37c9d2100,nan,44044252.0,,24744960.0,39094272.0,B1_base,1499144.0,52005fc4a6d0c175a7c28255724fcc1a8b85f05241c45f2e1a03ced37c9d2100,nan,,4.004923476330492,0.0,0.0,1767.0,82499.66666666667,18.171515844508463,0.0,0.0,B,4.004923476330492,AI_VERIFIED
6003957.0,root3:batch_03,15052800.0,0.3417730348050499,28990464.0,case_041,4,39094272.0,base_base,nan,1494347.0,4949980.0,14349312.0,52005fc4a6d0c175a7c28255724fcc1a8b85f05241c45f2e1a03ced37c9d2100,nan,44044252.0,,24744960.0,39094272.0,base_base,1494347.0,52005fc4a6d0c175a7c28255724fcc1a8b85f05241c45f2e1a03ced37c9d2100,nan,,4.017779672325102,0.0,0.0,1767.0,82499.66666666667,18.11337015503093,0.0,0.0,C,4.017779672325102,AI_VERIFIED
6003957.0,root3:batch_03,0,0,0,case_041,5,40673280.0,A1_base,nan,1201884.0,4949980.0,18051072.0,319c2c0194fb13606b5a7ccc04c8e1e78d99874079b65b87a2e2837d2cda9691,nan,45623260.0,,22622208.0,40673280.0,A1_base,1201884.0,319c2c0194fb13606b5a7ccc04c8e1e78d99874079b65b87a2e2837d2cda9691,nan,,4.995454636221133,0.0,0.0,1767.0,82499.66666666667,14.568349771110185,0.0,0.0,A,4.995454636221133,AI_VERIFIED
6003957.0,root3:batch_03,0,0,0,case_041,5,40673280.0,B1_base,nan,1201884.0,4949980.0,18051072.0,319c2c0194fb13606b5a7ccc04c8e1e78d99874079b65b87a2e2837d2cda9691,nan,45623260.0,,22622208.0,40673280.0,B1_base,1201884.0,319c2c0194fb13606b5a7ccc04c8e1e78d99874079b65b87a2e2837d2cda9691,nan,,4.995454636221133,0.0,0.0,1767.0,82499.66666666667,14.568349771110185,0.0,0.0,B,4.995454636221133,AI_VERIFIED
6003957.0,root3:batch_03,14902272.0,0.32664467039256617,30720000.0,case_041,5,40673280.0,base_base,nan,1194643.0,4949980.0,18051072.0,319c2c0194fb13606b5a7ccc04c8e1e78d99874079b65b87a2e2837d2cda9691,nan,45623260.0,,22622208.0,40673280.0,base_base,1194643.0,319c2c0194fb13606b5a7ccc04c8e1e78d99874079b65b87a2e2837d2cda9691,nan,,5.0257332106746535,0.0,0.0,1767.0,82499.66666666667,14.480579719514017,0.0,0.0,C,5.0257332106746535,AI_VERIFIED
1686740.0,root3:batch_04,0,0,0,case_042,1,6974464.0,A2_base,nan,1670133.0,2388964.0,2013184.0,862a37f1001412b04b9ef7629fb58526315843be44e0b350f807065c35d5d407,nan,9363428.0,,4961280.0,6629376.0,A0_base,1686740.0,1525e3ffc190df9bb4685ce00b77eb96fb17750d9e8e97243baa1ede32c6b800,nan,,1.0,16607.0,0.009845619360423065,5685.0,39816.066666666666,41.9462076448201,0.0,0.0,A,1.00994351946821,AI_VERIFIED
1686740.0,root3:batch_04,0,0,0,case_042,1,17703424.0,B3_base,nan,1771204.0,2388964.0,0.0,63dc8a3598d4bfb95d9253eee99d35b267335b0e103d269cface4218aa7b4ca2,nan,20092388.0,,17703424.0,17703424.0,B3_base,1771204.0,63dc8a3598d4bfb95d9253eee99d35b267335b0e103d269cface4218aa7b4ca2,nan,,0.9523126641538749,0.0,0.0,5685.0,39816.066666666666,44.484655273164435,0.0,0.0,B,0.9523126641538749,AI_VERIFIED
1686740.0,root3:batch_04,1314816.0,0.10934377237079163,10709792.0,case_042,1,17703424.0,base_base,nan,1769685.0,2388964.0,0.0,63dc8a3598d4bfb95d9253eee99d35b267335b0e103d269cface4218aa7b4ca2,nan,20092388.0,,17703424.0,17703424.0,base_base,1769685.0,63dc8a3598d4bfb95d9253eee99d35b267335b0e103d269cface4218aa7b4ca2,nan,,0.9531300768215812,0.0,0.0,5685.0,39816.066666666666,44.446504844777905,0.0,0.0,C,0.9531300768215812,AI_VERIFIED
1686740.0,root3:batch_04,0,0,0,case_042,2,7413024.0,A1_base,nan,849076.0,2388964.0,2052384.0,fd1bf3d90a257b5d340cf286efaab31f9b230605369e70d7c36fcc51a48113eb,nan,9801988.0,,5360640.0,7413024.0,A1_base,849076.0,fd1bf3d90a257b5d340cf286efaab31f9b230605369e70d7c36fcc51a48113eb,nan,,1.9865595070405948,0.0,0.0,5685.0,39816.066666666666,21.324959271048037,0.0,0.0,A,1.9865595070405948,AI_VERIFIED
1686740.0,root3:batch_04,0,0,0,case_042,2,7413024.0,B1_base,nan,849076.0,2388964.0,2052384.0,fd1bf3d90a257b5d340cf286efaab31f9b230605369e70d7c36fcc51a48113eb,nan,9801988.0,,5360640.0,7413024.0,B1_base,849076.0,fd1bf3d90a257b5d340cf286efaab31f9b230605369e70d7c36fcc51a48113eb,nan,,1.9865595070405948,0.0,0.0,5685.0,39816.066666666666,21.324959271048037,0.0,0.0,B,1.9865595070405948,AI_VERIFIED
1686740.0,root3:batch_04,3852576.0,0.39403609371011133,5924640.0,case_042,2,7413024.0,base_base,nan,845668.0,2388964.0,2052384.0,fd1bf3d90a257b5d340cf286efaab31f9b230605369e70d7c36fcc51a48113eb,nan,9801988.0,,5360640.0,7413024.0,base_base,845668.0,fd1bf3d90a257b5d340cf286efaab31f9b230605369e70d7c36fcc51a48113eb,nan,,1.994565243097764,0.0,0.0,5685.0,39816.066666666666,21.239365683199914,0.0,0.0,C,1.994565243097764,AI_VERIFIED
1686740.0,root3:batch_04,0,0,0,case_042,3,8334912.0,A1_base,nan,562868.0,2388964.0,3951168.0,9979219827750f99c3bb02282066515c479035d9e60a3438376744bcd7990b72,nan,10723876.0,,4383744.0,8334912.0,A1_base,562868.0,9979219827750f99c3bb02282066515c479035d9e60a3438376744bcd7990b72,nan,,2.9966883887518923,0.0,0.0,5685.0,39816.066666666666,14.136705283126913,0.0,0.0,A,2.9966883887518923,AI_VERIFIED
1686740.0,root3:batch_04,0,0,0,case_042,3,8334912.0,B1_base,nan,562868.0,2388964.0,3951168.0,9979219827750f99c3bb02282066515c479035d9e60a3438376744bcd7990b72,nan,10723876.0,,4383744.0,8334912.0,B1_base,562868.0,9979219827750f99c3bb02282066515c479035d9e60a3438376744bcd7990b72,nan,,2.9966883887518923,0.0,0.0,5685.0,39816.066666666666,14.136705283126913,0.0,0.0,B,2.9966883887518923,AI_VERIFIED
1686740.0,root3:batch_04,4636224.0,0.43332824879541315,6062880.0,case_042,3,8334912.0,base_base,nan,561628.0,2388964.0,3951168.0,9979219827750f99c3bb02282066515c479035d9e60a3438376744bcd7990b72,nan,10723876.0,,4383744.0,8334912.0,base_base,561628.0,9979219827750f99c3bb02282066515c479035d9e60a3438376744bcd7990b72,nan,,3.003304678541668,0.0,0.0,5685.0,39816.066666666666,14.105562076280764,0.0,0.0,C,3.003304678541668,AI_VERIFIED
1686740.0,root3:batch_04,0,0,0,case_042,4,8553312.0,A1_base,nan,426511.0,2388964.0,5619552.0,fadda974c8654552c8a19f9f2554742152df839f5b7f84c846dc164d11267e86,nan,10942276.0,,2933760.0,8553312.0,A1_base,426511.0,fadda974c8654552c8a19f9f2554742152df839f5b7f84c846dc164d11267e86,nan,,3.9547397370759487,0.0,0.0,5685.0,39816.066666666666,10.712032496094542,0.0,0.0,A,3.9547397370759487,AI_VERIFIED
1686740.0,root3:batch_04,0,0,0,case_042,4,8553312.0,B1_base,nan,426511.0,2388964.0,5619552.0,fadda974c8654552c8a19f9f2554742152df839f5b7f84c846dc164d11267e86,nan,10942276.0,,2933760.0,8553312.0,B1_base,426511.0,fadda974c8654552c8a19f9f2554742152df839f5b7f84c846dc164d11267e86,nan,,3.9547397370759487,0.0,0.0,5685.0,39816.066666666666,10.712032496094542,0.0,0.0,B,3.9547397370759487,AI_VERIFIED
1686740.0,root3:batch_04,4710240.0,0.4314392740318666,6207264.0,case_042,4,8553312.0,base_base,nan,423652.0,2388964.0,5619552.0,fadda974c8654552c8a19f9f2554742152df839f5b7f84c846dc164d11267e86,nan,10942276.0,,2933760.0,8553312.0,base_base,423652.0,fadda974c8654552c8a19f9f2554742152df839f5b7f84c846dc164d11267e86,nan,,3.9814281532956293,0.0,0.0,5685.0,39816.066666666666,10.640227311922658,0.0,0.0,C,3.9814281532956293,AI_VERIFIED
1686740.0,root3:batch_04,0,0,0,case_042,5,10187328.0,A1_base,nan,342520.0,2388964.0,7253568.0,9f981ce960e8bb6002b3596e613e45830250aa2fffb9cf12a40c85c7a7adb396,nan,12576292.0,,2933760.0,10187328.0,A1_base,342520.0,9f981ce960e8bb6002b3596e613e45830250aa2fffb9cf12a40c85c7a7adb396,nan,,4.924500759079762,0.0,0.0,5685.0,39816.066666666666,8.602557426566495,0.0,0.0,A,4.924500759079762,AI_VERIFIED
1686740.0,root3:batch_04,0,0,0,case_042,5,10187328.0,B1_base,nan,342520.0,2388964.0,7253568.0,9f981ce960e8bb6002b3596e613e45830250aa2fffb9cf12a40c85c7a7adb396,nan,12576292.0,,2933760.0,10187328.0,B1_base,342520.0,9f981ce960e8bb6002b3596e613e45830250aa2fffb9cf12a40c85c7a7adb396,nan,,4.924500759079762,0.0,0.0,5685.0,39816.066666666666,8.602557426566495,0.0,0.0,B,4.924500759079762,AI_VERIFIED
1686740.0,root3:batch_04,6196800.0,0.4937091284561551,6354720.0,case_042,5,10187328.0,base_base,nan,339457.0,2388964.0,7253568.0,9f981ce960e8bb6002b3596e613e45830250aa2fffb9cf12a40c85c7a7adb396,nan,12576292.0,,2933760.0,10187328.0,base_base,339457.0,9f981ce960e8bb6002b3596e613e45830250aa2fffb9cf12a40c85c7a7adb396,nan,,4.968935682575407,0.0,0.0,5685.0,39816.066666666666,8.525628682558633,0.0,0.0,C,4.968935682575407,AI_VERIFIED
677656.0,root2:batch_07,0,0,0,case_043,1,49160.0,A0_base,30.18358829099452,677656.0,1431122.0,0.0,fc22016f1465813571eb8b7bed3e48b0162def10df3db22acfdd7b238448abf7,3.2689455420186277,1480282.0,seed,49160.0,49160.0,A0_base,677656.0,fc22016f1465813571eb8b7bed3e48b0162def10df3db22acfdd7b238448abf7,3.2689455420186277,seed,1.0,0.0,0.0,27474.0,27474.0,24.66535633690034,0.0,0.0,A,1.0,AI_VERIFIED
677656.0,root2:batch_07,0,0,0,case_043,1,78472.0,B3_aggregate,4.470675792021211,675739.0,1431122.0,0.0,36350ef2eecb9ba6ceded17cf15db457b937e004f11538264fcf9b151d97d743,4.647113583021564,1509594.0,aggregate,78472.0,78472.0,B3_base,677139.0,9a71162e36f2c744bae48943948e18722ce3158db841f898371f3b3dbe965321,5.505168584000785,seed,1.000763506458792,1400.0,0.0020675223255491116,27474.0,27474.0,24.59558127684356,0.0,0.0,B,1.0028368941262824,AI_VERIFIED
677656.0,root2:batch_07,49152.0,0.03288181492205019,1445656.0,case_043,1,78472.0,base_base,4.731266124988906,675739.0,1431122.0,0.0,36350ef2eecb9ba6ceded17cf15db457b937e004f11538264fcf9b151d97d743,4.092814833013108,1509594.0,seed,78472.0,78472.0,base_base,675739.0,36350ef2eecb9ba6ceded17cf15db457b937e004f11538264fcf9b151d97d743,4.092814833013108,seed,1.0028368941262824,0.0,0.0,27474.0,27474.0,24.59558127684356,0.0,0.0,C,1.0028368941262824,AI_VERIFIED
677656.0,root2:batch_07,0,0,0,case_043,2,506880.0,A1_base,34.08079441700829,353851.0,1431122.0,506880.0,57f6e9d8ca1786f41d65163328c363f7d5865646886d15ab946ad982aeecb652,2.579552458017133,1938002.0,seed,0.0,506880.0,A1_base,353851.0,57f6e9d8ca1786f41d65163328c363f7d5865646886d15ab946ad982aeecb652,2.579552458017133,seed,1.9150885542219749,0.0,0.0,27474.0,27474.0,12.879486059547208,0.0,0.0,A,1.9150885542219749,AI_VERIFIED
677656.0,root2:batch_07,0,0,0,case_043,2,506880.0,B1_base,4.332544083998073,353851.0,1431122.0,506880.0,57f6e9d8ca1786f41d65163328c363f7d5865646886d15ab946ad982aeecb652,3.5645229579822626,1938002.0,seed,0.0,506880.0,B1_base,353851.0,57f6e9d8ca1786f41d65163328c363f7d5865646886d15ab946ad982aeecb652,3.5645229579822626,seed,1.9150885542219749,0.0,0.0,27474.0,27474.0,12.879486059547208,0.0,0.0,B,1.9150885542219749,AI_VERIFIED
677656.0,root2:batch_07,506880.0,0.261564723439477,1430996.0,case_043,2,506880.0,base_base,4.302774624986341,353851.0,1431122.0,506880.0,57f6e9d8ca1786f41d65163328c363f7d5865646886d15ab946ad982aeecb652,4.364831290993607,1938002.0,seed,0.0,506880.0,base_base,353851.0,57f6e9d8ca1786f41d65163328c363f7d5865646886d15ab946ad982aeecb652,4.364831290993607,seed,1.9150885542219749,0.0,0.0,27474.0,27474.0,12.879486059547208,0.0,0.0,C,1.9150885542219749,AI_VERIFIED
677656.0,root2:batch_07,0,0,0,case_043,3,141320.0,A1_base,33.77778187501826,268777.0,1431122.0,92160.0,085c9892e3f5f88be8de23fb7c436841d759f83e19fb82a621a33fbea68b6913,3.6786452080123127,1572442.0,seed,49160.0,141320.0,A1_base,268777.0,085c9892e3f5f88be8de23fb7c436841d759f83e19fb82a621a33fbea68b6913,3.6786452080123127,seed,2.521257399256633,0.0,0.0,27474.0,27474.0,9.782958433427968,0.0,0.0,A,2.521257399256633,AI_VERIFIED
677656.0,root2:batch_07,0,0,0,case_043,3,141320.0,B1_base,3.311193250003271,268777.0,1431122.0,92160.0,085c9892e3f5f88be8de23fb7c436841d759f83e19fb82a621a33fbea68b6913,3.3178771669918206,1572442.0,seed,49160.0,141320.0,B1_base,268777.0,085c9892e3f5f88be8de23fb7c436841d759f83e19fb82a621a33fbea68b6913,3.3178771669918206,seed,2.521257399256633,0.0,0.0,27474.0,27474.0,9.782958433427968,0.0,0.0,B,2.521257399256633,AI_VERIFIED
677656.0,root2:batch_07,141312.0,0.08987529192679315,1431000.0,case_043,3,141320.0,base_base,3.7743926669936627,268777.0,1431122.0,92160.0,085c9892e3f5f88be8de23fb7c436841d759f83e19fb82a621a33fbea68b6913,2.9847888750082348,1572442.0,seed,49160.0,141320.0,base_base,268777.0,085c9892e3f5f88be8de23fb7c436841d759f83e19fb82a621a33fbea68b6913,2.9847888750082348,seed,2.521257399256633,0.0,0.0,27474.0,27474.0,9.782958433427968,0.0,0.0,C,2.521257399256633,AI_VERIFIED
677656.0,root2:batch_07,0,0,0,case_043,4,1160120.0,A2_base,5.383558166009607,685068.0,1431122.0,1110960.0,97c83c9f1024417adc2b36a0bdfd27106139125772c3909289991f6558c5d2a0,2.6645884169847704,2591242.0,seed,49160.0,6251032.0,A3_base,728941.0,57de3fb3b607cc116c400988cf91446a194f4c3a875361265d4cd6999c67b522,2.6088256670045666,seed,0.9296445116957339,43873.0,0.06018731282778716,27474.0,27474.0,24.935138676566936,0.0,0.0,A,0.9891806360828415,AI_VERIFIED
677656.0,root2:batch_07,0,0,0,case_043,4,3998986.0,B2_base,3.710752415994648,666701.0,1431122.0,3967498.0,f2aae92af7356279151412d2f3c9584918878148ae1dee588c82da4f48ade4be,3.443829416995868,5430108.0,seed,31488.0,3998986.0,B2_base,666701.0,f2aae92af7356279151412d2f3c9584918878148ae1dee588c82da4f48ade4be,3.443829416995868,seed,1.0164316537698308,0.0,0.0,27474.0,27474.0,24.266615709397975,0.0,0.0,B,1.0164316537698308,AI_VERIFIED
677656.0,root2:batch_07,92484.0,0.026660824293510067,3376426.0,case_043,4,3998986.0,base_base,4.137984417000553,666696.0,1431122.0,3967498.0,f2aae92af7356279151412d2f3c9584918878148ae1dee588c82da4f48ade4be,3.685315874987282,5430108.0,seed,31488.0,3998986.0,base_base,666696.0,f2aae92af7356279151412d2f3c9584918878148ae1dee588c82da4f48ade4be,3.685315874987282,seed,1.0164392766718264,0.0,0.0,27474.0,27474.0,24.266433719152655,0.0,0.0,C,1.0164392766718264,AI_VERIFIED
677656.0,root2:batch_07,0,0,0,case_043,5,1013760.0,A1_base,27.118299499998102,269612.0,1431122.0,1013760.0,071ba838d9564108fced0c9eb6def4112d9a669c24213fc50fef6d080ec6b612,2.8797128750011325,2444882.0,seed,0.0,1255900.0,A2_base,676006.0,5a74783176e932241a014dd28b4ee60aa3e9670b1f83cca6639cce5183e25d81,2.2119458749948535,seed,1.0024408067384016,406394.0,0.601169220391535,27474.0,27474.0,9.813350804396885,0.0,0.0,A,2.5134489562779105,AI_VERIFIED
677656.0,root2:batch_07,0,0,0,case_043,5,49160.0,B0_base,3.453068916016491,677656.0,1431122.0,0.0,73c0cf7b41ed36e19f9e8b3b400beb6d992c0f354b3529d0896623abfa56a2e6,2.942690333002247,1480282.0,seed,49160.0,49160.0,B0_base,677656.0,73c0cf7b41ed36e19f9e8b3b400beb6d992c0f354b3529d0896623abfa56a2e6,2.942690333002247,seed,1.0,0.0,0.0,27474.0,27474.0,24.66535633690034,0.0,0.0,B,1.0,AI_VERIFIED
677656.0,root2:batch_07,49152.0,0.03320740032104811,1431000.0,case_043,5,49160.0,base_base,3.0638020420155954,677656.0,1431122.0,0.0,73c0cf7b41ed36e19f9e8b3b400beb6d992c0f354b3529d0896623abfa56a2e6,3.2044087089889217,1480282.0,seed,49160.0,49160.0,base_base,677656.0,73c0cf7b41ed36e19f9e8b3b400beb6d992c0f354b3529d0896623abfa56a2e6,3.2044087089889217,seed,1.0,0.0,0.0,27474.0,27474.0,24.66535633690034,0.0,0.0,C,1.0,AI_VERIFIED
154407.0,root3:batch_04,0,0,0,case_044,1,175616.0,A3_aggregate,nan,94856.0,975456.0,101376.0,a3a1abd103d22e510b2ee8b0ebf7cba1c19490b3d1b7ee15ae4c3870f34d71ad,nan,1151072.0,,74240.0,4438112.0,A0_base,154407.0,56825f860ba9a5f810bf98027e1df5b735e6abf9e46079fcaa747afea5c1ce5e,nan,,1.0,59551.0,0.38567551989223287,7672.0,16257.6,5.8345635272118885,0.0,0.0,A,1.6278042506536223,AI_VERIFIED
154407.0,root3:batch_04,0,0,0,case_044,1,76288.0,B2_base,nan,92892.0,975456.0,0.0,84359ac0a7e200d7d4ee68e7f245afb7abc6e6c53ed0d212ca882755f7164f7b,nan,1051744.0,,76288.0,76288.0,B2_base,92892.0,84359ac0a7e200d7d4ee68e7f245afb7abc6e6c53ed0d212ca882755f7164f7b,nan,,1.6622206433277353,0.0,0.0,7672.0,16257.6,5.713758488337762,0.0,0.0,B,1.6622206433277353,AI_VERIFIED
154407.0,root3:batch_04,0.0,0.0,991072.0,case_044,1,76288.0,base_base,nan,92892.0,975456.0,0.0,84359ac0a7e200d7d4ee68e7f245afb7abc6e6c53ed0d212ca882755f7164f7b,nan,1051744.0,,76288.0,76288.0,base_base,92892.0,84359ac0a7e200d7d4ee68e7f245afb7abc6e6c53ed0d212ca882755f7164f7b,nan,,1.6622206433277353,0.0,0.0,7672.0,16257.6,5.713758488337762,0.0,0.0,C,1.6622206433277353,AI_VERIFIED
154407.0,root3:batch_04,0,0,0,case_044,2,329856.0,A3_base,nan,103721.0,975456.0,329856.0,37ebf4e72107e8b21233a84c5bc1c54c4b31784b837fcbe0f0b2a2a87525ff5b,nan,1305312.0,,0.0,329856.0,A3_base,103721.0,37ebf4e72107e8b21233a84c5bc1c54c4b31784b837fcbe0f0b2a2a87525ff5b,nan,,1.4886763529082827,0.0,0.0,7672.0,16257.6,6.379846963881508,0.0,0.0,A,1.4886763529082827,AI_VERIFIED
154407.0,root3:batch_04,0,0,0,case_044,2,22528.0,B2_base,nan,73924.0,975456.0,22528.0,2ae40bec9e2c43ffeebebc5dc6692e17c13c96cfba6fd724d1b6d10bbaf6299f,nan,997984.0,,0.0,22528.0,B2_base,73924.0,2ae40bec9e2c43ffeebebc5dc6692e17c13c96cfba6fd724d1b6d10bbaf6299f,nan,,2.0887262594015477,0.0,0.0,7672.0,16257.6,4.547042613915953,0.0,0.0,B,2.0887262594015477,AI_VERIFIED
154407.0,root3:batch_04,0.0,0.0,964192.0,case_044,2,22528.0,base_base,nan,73924.0,975456.0,22528.0,2ae40bec9e2c43ffeebebc5dc6692e17c13c96cfba6fd724d1b6d10bbaf6299f,nan,997984.0,,0.0,22528.0,base_base,73924.0,2ae40bec9e2c43ffeebebc5dc6692e17c13c96cfba6fd724d1b6d10bbaf6299f,nan,,2.0887262594015477,0.0,0.0,7672.0,16257.6,4.547042613915953,0.0,0.0,C,2.0887262594015477,AI_VERIFIED
154407.0,root3:batch_04,0,0,0,case_044,3,492416.0,A3_base,nan,108965.0,975456.0,492416.0,2f64a82ab7af6a9fce4a1720d02500de1640c1dba3a55f7767c508e2c1659785,nan,1467872.0,,0.0,492416.0,A3_base,108965.0,2f64a82ab7af6a9fce4a1720d02500de1640c1dba3a55f7767c508e2c1659785,nan,,1.4170329922452163,0.0,0.0,7672.0,16257.6,6.702403798838697,0.0,0.0,A,1.4170329922452163,AI_VERIFIED
154407.0,root3:batch_04,0,0,0,case_044,3,132224.0,B2_base,nan,96051.0,975456.0,132224.0,e645807687bf1a497cac3f2de1f5231952b103852a10368804dfe4f22a4d5230,nan,1107680.0,,0.0,132224.0,B2_base,96051.0,e645807687bf1a497cac3f2de1f5231952b103852a10368804dfe4f22a4d5230,nan,,1.6075522378736296,0.0,0.0,7672.0,16257.6,5.908067611455565,0.0,0.0,B,1.6075522378736296,AI_VERIFIED
154407.0,root3:batch_04,19584.0,0.01903517775496874,1009248.0,case_044,3,132224.0,base_base,nan,96051.0,975456.0,132224.0,e645807687bf1a497cac3f2de1f5231952b103852a10368804dfe4f22a4d5230,nan,1107680.0,,0.0,132224.0,base_base,96051.0,e645807687bf1a497cac3f2de1f5231952b103852a10368804dfe4f22a4d5230,nan,,1.6075522378736296,0.0,0.0,7672.0,16257.6,5.908067611455565,0.0,0.0,C,1.6075522378736296,AI_VERIFIED
154407.0,root3:batch_04,0,0,0,case_044,4,587200.0,A3_base,nan,113094.0,975456.0,587200.0,09d595aae25262923587d590b357fe6272173e44df31a5510b6ced1b0b999e19,nan,1562656.0,,0.0,587200.0,A3_base,113094.0,09d595aae25262923587d590b357fe6272173e44df31a5510b6ced1b0b999e19,nan,,1.365297893787469,0.0,0.0,7672.0,16257.6,6.9563773250664305,0.0,0.0,A,1.365297893787469,AI_VERIFIED
154407.0,root3:batch_04,0,0,0,case_044,4,199808.0,B2_base,nan,90531.0,975456.0,199808.0,f1aaa72b81db9137c6398aa5e2fd3c9895ba33c1554b408e3aedcf02265c8e6c,nan,1175264.0,,0.0,199808.0,B2_base,90531.0,f1aaa72b81db9137c6398aa5e2fd3c9895ba33c1554b408e3aedcf02265c8e6c,nan,,1.705570467574643,0.0,0.0,7672.0,16257.6,5.568534100974313,0.0,0.0,B,1.705570467574643,AI_VERIFIED
154407.0,root3:batch_04,28800.0,0.02698569758028245,1038432.0,case_044,4,199808.0,base_base,nan,90531.0,975456.0,199808.0,f1aaa72b81db9137c6398aa5e2fd3c9895ba33c1554b408e3aedcf02265c8e6c,nan,1175264.0,,0.0,199808.0,base_base,90531.0,f1aaa72b81db9137c6398aa5e2fd3c9895ba33c1554b408e3aedcf02265c8e6c,nan,,1.705570467574643,0.0,0.0,7672.0,16257.6,5.568534100974313,0.0,0.0,C,1.705570467574643,AI_VERIFIED
154407.0,root3:batch_04,0,0,0,case_044,5,615488.0,A3_base,nan,118152.0,975456.0,615488.0,6fd993b1ad9e0e1dfceb74956381033725bd882539cd1dcecd06f461260d77cd,nan,1590944.0,,0.0,615488.0,A3_base,118152.0,6fd993b1ad9e0e1dfceb74956381033725bd882539cd1dcecd06f461260d77cd,nan,,1.306850497664026,0.0,0.0,7672.0,16257.6,7.2674933569530555,0.0,0.0,A,1.306850497664026,AI_VERIFIED
154407.0,root3:batch_04,0,0,0,case_044,5,231744.0,B2_base,nan,76858.0,975456.0,231744.0,1cc84982cefe2247a340fb19ec7894d770d9906808ca56d1e615ef48b4e0739b,nan,1207200.0,,0.0,231744.0,B2_base,76858.0,1cc84982cefe2247a340fb19ec7894d770d9906808ca56d1e615ef48b4e0739b,nan,,2.0089906060527207,0.0,0.0,7672.0,16257.6,4.72751205590001,0.0,0.0,B,2.0089906060527207,AI_VERIFIED
154407.0,root3:batch_04,77888.0,0.07034478772289818,1029344.0,case_044,5,231744.0,base_base,nan,75919.0,975456.0,231744.0,1cc84982cefe2247a340fb19ec7894d770d9906808ca56d1e615ef48b4e0739b,nan,1207200.0,,0.0,231744.0,base_base,75919.0,1cc84982cefe2247a340fb19ec7894d770d9906808ca56d1e615ef48b4e0739b,nan,,2.033838696505486,0.0,0.0,7672.0,16257.6,4.669754453301841,0.0,0.0,C,2.033838696505486,AI_VERIFIED
125614.0,root2:batch_09,0,0,0,case_045,1,0.0,A0_base,0.9401201659929939,125614.0,557056.0,0.0,97e80e00c71757124982ba381dc140c260ce42474ed37b851ff7af0f3b76d986,0.29523933300515637,557056.0,seed,0.0,0.0,A0_base,125614.0,97e80e00c71757124982ba381dc140c260ce42474ed37b851ff7af0f3b76d986,0.29523933300515637,seed,1.0,0.0,0.0,1824.0,9284.266666666666,13.529770795036764,0.0,0.0,A,1.0,AI_VERIFIED
125614.0,root2:batch_09,0,0,0,case_045,1,3690496.0,B3_aggregate,0.6288533329789061,135584.0,557056.0,0.0,84bcdaabb841d16ecd4a633666e2a047b4030b7f28f7403f78f569738861e249,0.5226037499960512,4247552.0,aggregate,3690496.0,4317184.0,B3_base,141354.0,1761fb0a1e10ee415bed97ba2076819767e8d45cce621d95254d554781feb962,0.5073400840046816,seed,0.8886483580231193,5770.0,0.04081950280855158,1824.0,9284.266666666666,14.603630514705882,0.0,0.0,B,0.9264662497049799,AI_VERIFIED
125614.0,root2:batch_09,159744.0,0.09154929577464789,1585152.0,case_045,1,2719744.0,base_aggregate,0.7567292080202606,126392.0,557056.0,0.0,730070de9fffe0ba38c7b42cc9bb4650fed74af3bb7c83ff1ccc595d5afe0072,0.43785358298919164,3276800.0,aggregate,2719744.0,3690496.0,base_base,133243.0,84bcdaabb841d16ecd4a633666e2a047b4030b7f28f7403f78f569738861e249,0.6519386250001844,seed,0.9427437088627545,6851.0,0.051417335244628236,1824.0,9284.266666666666,13.613568474264707,0.0,0.0,C,0.9938445471232357,AI_VERIFIED
125614.0,root2:batch_09,0,0,0,case_045,2,0.0,A1_base,0.5498076659860089,63059.0,557056.0,0.0,9c241e8cd704b322c5b9caa83afb9eb525012477c6f9698d5f216fb4cc6cfea0,0.2612903749977704,557056.0,seed,0.0,0.0,A1_base,63059.0,9c241e8cd704b322c5b9caa83afb9eb525012477c6f9698d5f216fb4cc6cfea0,0.2612903749977704,seed,1.99200748505368,0.0,0.0,1824.0,9284.266666666666,6.792028090533089,0.0,0.0,A,1.99200748505368,AI_VERIFIED
125614.0,root2:batch_09,0,0,0,case_045,2,0.0,B1_base,0.5705892500118352,63059.0,557056.0,0.0,9c241e8cd704b322c5b9caa83afb9eb525012477c6f9698d5f216fb4cc6cfea0,0.4805635410011746,557056.0,seed,0.0,0.0,B1_base,63059.0,9c241e8cd704b322c5b9caa83afb9eb525012477c6f9698d5f216fb4cc6cfea0,0.4805635410011746,seed,1.99200748505368,0.0,0.0,1824.0,9284.266666666666,6.792028090533089,0.0,0.0,B,1.99200748505368,AI_VERIFIED
125614.0,root2:batch_09,0.0,0.0,278528.0,case_045,2,0.0,base_base,0.4516839580028318,63059.0,557056.0,0.0,9c241e8cd704b322c5b9caa83afb9eb525012477c6f9698d5f216fb4cc6cfea0,0.3137541659816634,557056.0,seed,0.0,0.0,base_base,63059.0,9c241e8cd704b322c5b9caa83afb9eb525012477c6f9698d5f216fb4cc6cfea0,0.3137541659816634,seed,1.99200748505368,0.0,0.0,1824.0,9284.266666666666,6.792028090533089,0.0,0.0,C,1.99200748505368,AI_VERIFIED
125614.0,root2:batch_09,0,0,0,case_045,3,0.0,A1_base,0.738359541981481,42601.0,557056.0,0.0,3d3c55e1b52c753823ae56b0025069fef2e21bfdfbf8ef4492b4dd53008df704,0.3146234589803498,557056.0,seed,0.0,0.0,A1_move,83665.0,a49fb0301e2d652262b928b9506128238b05a23481ca1fcee1af1a39045be33a,0.3045980000169948,ordinary,1.5013924580170919,41064.0,0.4908145580589255,1824.0,9284.266666666666,4.5885153377757355,0.0,0.0,A,2.94861622966597,AI_VERIFIED
125614.0,root2:batch_09,0,0,0,case_045,3,0.0,B1_base,0.41701854098937474,42601.0,557056.0,0.0,3d3c55e1b52c753823ae56b0025069fef2e21bfdfbf8ef4492b4dd53008df704,0.3315508750092704,557056.0,seed,0.0,0.0,B1_move,83427.0,a49fb0301e2d652262b928b9506128238b05a23481ca1fcee1af1a39045be33a,0.6447794589912519,ordinary,1.5056756206024429,40826.0,0.489361957160152,1824.0,9284.266666666666,4.5885153377757355,0.0,0.0,B,2.94861622966597,AI_VERIFIED
125614.0,root2:batch_09,0.0,0.0,278528.0,case_045,3,0.0,base_base,0.6228197909949813,42601.0,557056.0,0.0,3d3c55e1b52c753823ae56b0025069fef2e21bfdfbf8ef4492b4dd53008df704,0.4798946669907309,557056.0,seed,0.0,0.0,base_base,42601.0,3d3c55e1b52c753823ae56b0025069fef2e21bfdfbf8ef4492b4dd53008df704,0.4798946669907309,seed,2.94861622966597,0.0,0.0,1824.0,9284.266666666666,4.5885153377757355,0.0,0.0,C,2.94861622966597,AI_VERIFIED
125614.0,root2:batch_09,0,0,0,case_045,4,0.0,A1_base,0.4227819589723367,31878.0,557056.0,0.0,6a87027829442427c448e2b8a344d948f712a26f5c8d24915c0830a2bc2211e9,0.21494737500324845,557056.0,seed,0.0,0.0,A1_move,63148.0,c25d5f54e556bbd8e8c885f4e777d6a38d1a2bd1f6b9865b49cf9f6beac16461,0.33810829199501313,ordinary,1.9891999746626972,31270.0,0.4951859124596187,1824.0,9284.266666666666,3.4335506663602944,0.0,0.0,A,3.940460505677897,AI_VERIFIED
125614.0,root2:batch_09,0,0,0,case_045,4,0.0,B1_base,0.274198625003919,31878.0,557056.0,0.0,6a87027829442427c448e2b8a344d948f712a26f5c8d24915c0830a2bc2211e9,0.42748116701841354,557056.0,seed,0.0,0.0,B1_move,62900.0,c25d5f54e556bbd8e8c885f4e777d6a38d1a2bd1f6b9865b49cf9f6beac16461,0.2615544169966597,ordinary,1.9970429252782194,31022.0,0.4931955484896661,1824.0,9284.266666666666,3.4335506663602944,0.0,0.0,B,3.940460505677897,AI_VERIFIED
125614.0,root2:batch_09,0.0,0.0,278528.0,case_045,4,0.0,base_base,0.4633617080107797,31878.0,557056.0,0.0,6a87027829442427c448e2b8a344d948f712a26f5c8d24915c0830a2bc2211e9,0.26638833299512044,557056.0,seed,0.0,0.0,base_base,31878.0,6a87027829442427c448e2b8a344d948f712a26f5c8d24915c0830a2bc2211e9,0.26638833299512044,seed,3.940460505677897,0.0,0.0,1824.0,9284.266666666666,3.4335506663602944,0.0,0.0,C,3.940460505677897,AI_VERIFIED
125614.0,root2:batch_09,0,0,0,case_045,5,0.0,A1_base,0.537691832985729,26164.0,557056.0,0.0,d1cfdab0379b1a3e91e22c25676b350399d8f8b16ad7d612a203764f6014638e,0.36098224998568185,557056.0,seed,0.0,0.0,A1_move,50584.0,ec545cf9991535144bad11b0e1d0bc76abc33b15346f8997e411552bc9152ae1,0.35217562498291954,ordinary,2.483275343982287,24420.0,0.48276134746164795,1824.0,9284.266666666666,2.818100873161765,0.0,0.0,A,4.801024308209754,AI_VERIFIED
125614.0,root2:batch_09,0,0,0,case_045,5,0.0,B1_base,0.38811595799052157,26164.0,557056.0,0.0,d1cfdab0379b1a3e91e22c25676b350399d8f8b16ad7d612a203764f6014638e,0.34323679201770574,557056.0,seed,0.0,0.0,B1_move,50277.0,ec545cf9991535144bad11b0e1d0bc76abc33b15346f8997e411552bc9152ae1,0.40049554099095985,ordinary,2.4984386498796667,24113.0,0.4796029993834159,1824.0,9284.266666666666,2.818100873161765,0.0,0.0,B,4.801024308209754,AI_VERIFIED
125614.0,root2:batch_09,0.0,0.0,278528.0,case_045,5,0.0,base_base,0.5082472499925643,26164.0,557056.0,0.0,d1cfdab0379b1a3e91e22c25676b350399d8f8b16ad7d612a203764f6014638e,0.3578941249870695,557056.0,seed,0.0,0.0,base_base,26164.0,d1cfdab0379b1a3e91e22c25676b350399d8f8b16ad7d612a203764f6014638e,0.3578941249870695,seed,4.801024308209754,0.0,0.0,1824.0,9284.266666666666,2.818100873161765,0.0,0.0,C,4.801024308209754,AI_VERIFIED
276455.0,root3:batch_04,0,0,0,case_046,1,1033216.0,A3_aggregate,nan,233229.0,1061472.0,294912.0,d664c86b3c4606b690367da3cc8b70ec03b582bb8ae6e18e14daec9f8bfafeb7,nan,2094688.0,,738304.0,3176288.0,A0_base,276455.0,175d6d5b98f6a37014fa6b4e54f2a769996d49b0aa01ae11820b83a242d067f9,nan,,1.0,43226.0,0.15635817764193088,28456.0,28456.0,8.19612735451223,0.0,0.0,A,1.1853371579006042,AI_VERIFIED
276455.0,root3:batch_04,0,0,0,case_046,1,745472.0,B2_base,nan,227889.0,1061472.0,0.0,a4f10e0531075f4b9d121687c08afd1b62d922ae994f871d73cd1961e95d8d50,nan,1806944.0,,745472.0,3380864.0,B3_base,274927.0,7b6ab6ef9e2ed457b31e2957f3baef8b5dca13dedd85d7a58e945ffd52513bd6,nan,,1.0055578389899864,47038.0,0.17109269005954308,28456.0,28456.0,8.00846921563115,0.0,0.0,B,1.2131125240797054,AI_VERIFIED
276455.0,root3:batch_04,516096.0,0.3172617291236353,1110624.0,case_046,1,745472.0,base_base,nan,227889.0,1061472.0,0.0,a4f10e0531075f4b9d121687c08afd1b62d922ae994f871d73cd1961e95d8d50,nan,1806944.0,,745472.0,745472.0,base_base,227889.0,a4f10e0531075f4b9d121687c08afd1b62d922ae994f871d73cd1961e95d8d50,nan,,1.2131125240797054,0.0,0.0,28456.0,28456.0,8.00846921563115,0.0,0.0,C,1.2131125240797054,AI_VERIFIED
276455.0,root3:batch_04,0,0,0,case_046,2,4017792.0,A2_aggregate,nan,153482.0,1061472.0,1860800.0,06e90f0a0c068b91d7bbedf8d540fefc378ba98f9d3e65536fc8e519a4dd1ae7,nan,5079264.0,,2156992.0,3521632.0,A1_base,166578.0,ecfd8963e36297cfeac5809cd5439c71711fcf1df4848f7d6eb4f23a53024db8,nan,,1.6596129140702853,13096.0,0.07861782468273121,28456.0,28456.0,5.393660387967389,0.0,0.0,A,1.8012209900835277,AI_VERIFIED
276455.0,root3:batch_04,0,0,0,case_046,2,3521632.0,B1_base,nan,166578.0,1061472.0,930400.0,ecfd8963e36297cfeac5809cd5439c71711fcf1df4848f7d6eb4f23a53024db8,nan,4583104.0,,2591232.0,3521632.0,B1_base,166578.0,ecfd8963e36297cfeac5809cd5439c71711fcf1df4848f7d6eb4f23a53024db8,nan,,1.6596129140702853,0.0,0.0,28456.0,28456.0,5.853879673882485,0.0,0.0,B,1.6596129140702853,AI_VERIFIED
276455.0,root3:batch_04,2591232.0,0.573590037825662,1926336.0,case_046,2,3521632.0,base_base,nan,137552.0,1061472.0,930400.0,ecfd8963e36297cfeac5809cd5439c71711fcf1df4848f7d6eb4f23a53024db8,nan,4583104.0,,2591232.0,3521632.0,base_base,137552.0,ecfd8963e36297cfeac5809cd5439c71711fcf1df4848f7d6eb4f23a53024db8,nan,,2.00982174014191,0.0,0.0,28456.0,28456.0,4.833848748945741,0.0,0.0,C,2.00982174014191,AI_VERIFIED
276455.0,root3:batch_04,0,0,0,case_046,3,4021280.0,A1_base,nan,142176.0,1061472.0,1860800.0,478e8bc3049ee8c7af65b2c545f539aea94c97a4a3e856fb035f8561a39d6a71,nan,5082752.0,,2160480.0,1191040.0,A3_base,250100.0,c25e7dc2ff6e53462dd7d39939a959a6de8765fe11965308d707ad1d74156a9e,nan,,1.1053778488604558,107924.0,0.4315233906437425,28456.0,28456.0,4.996345234748383,0.0,0.0,A,1.9444561670042764,AI_VERIFIED
276455.0,root3:batch_04,0,0,0,case_046,3,4021280.0,B1_base,nan,142176.0,1061472.0,1860800.0,478e8bc3049ee8c7af65b2c545f539aea94c97a4a3e856fb035f8561a39d6a71,nan,5082752.0,,2160480.0,365696.0,B2_base,231834.0,e3c7c29289d1a5f484e87d005a9404a68921a1f9659cd889a7f9300dc6d07001,nan,,1.192469611877464,89658.0,0.3867336111183002,28456.0,28456.0,4.996345234748383,0.0,0.0,B,1.9444561670042764,AI_VERIFIED
276455.0,root3:batch_04,2160480.0,0.4306133122432839,2856736.0,case_046,3,4021280.0,base_base,nan,121494.0,1061472.0,1860800.0,478e8bc3049ee8c7af65b2c545f539aea94c97a4a3e856fb035f8561a39d6a71,nan,5082752.0,,2160480.0,4021280.0,base_base,121494.0,478e8bc3049ee8c7af65b2c545f539aea94c97a4a3e856fb035f8561a39d6a71,nan,,2.275462162740547,0.0,0.0,28456.0,28456.0,4.269538937306719,0.0,0.0,C,2.275462162740547,AI_VERIFIED
276455.0,root3:batch_04,0,0,0,case_046,4,4513952.0,A1_move,nan,167990.0,1061472.0,2791200.0,7f3044abae4397f900a14585039262ea7f438c96692d39e32a88258441ec30c4,nan,5575424.0,,1722752.0,1435328.0,A3_base,255082.0,33a9cc3f4c5a87f2a18383643609b25ea35e572d1337be7b9e1133b88a2b1f01,nan,,1.0837887424436063,87092.0,0.3414274625414573,28456.0,28456.0,5.903500140567894,0.0,0.0,A,1.6456634323471635,AI_VERIFIED
276455.0,root3:batch_04,0,0,0,case_046,4,4452864.0,B1_move,nan,179861.0,1061472.0,1860800.0,7f3044abae4397f900a14585039262ea7f438c96692d39e32a88258441ec30c4,nan,5514336.0,,2592064.0,511104.0,B2_base,214414.0,cfa3d0fa72cf01b5bfb83e9fb723917c07bd3c08e49f2195eafb3b103c6bb5da,nan,,1.2893514416036267,34553.0,0.16115085768653167,28456.0,28456.0,6.320670508855778,0.0,0.0,B,1.5370480537748594,AI_VERIFIED
276455.0,root3:batch_04,2156992.0,0.4302171956675751,2856736.0,case_046,4,4017792.0,base_reorder,nan,149978.0,1061472.0,1860800.0,873bfdeb52af613b27f20d7e9c917501147cb00e89ebe74a8465e8f3fa92f498,nan,5079264.0,,2156992.0,4452864.0,base_base,154683.0,7f3044abae4397f900a14585039262ea7f438c96692d39e32a88258441ec30c4,nan,,1.7872358306989133,4705.0,0.030417046475695455,28456.0,28456.0,5.270522912566769,0.0,0.0,C,1.8433036845403992,AI_VERIFIED
276455.0,root3:batch_04,0,0,0,case_046,5,5013664.0,A1_move,nan,143641.0,1061472.0,3721600.0,b7b7b2eb6c937144e20ec732b9e7772291a2c0870ec62266a8b2cadf4c466dd1,nan,6075136.0,,1292064.0,1560384.0,A3_base,261120.0,3c6df3f29651a595c669c0f62fb771d7e522e1d743c8daaa2bc7b0ca37c09b8f,nan,,1.0587277879901962,117479.0,0.44990425857843136,28456.0,28456.0,5.047828226033174,0.0,0.0,A,1.9246245849026393,AI_VERIFIED
276455.0,root3:batch_04,0,0,0,case_046,5,521024.0,B2_base,nan,181490.0,1061472.0,521024.0,b72d05c3c9d676f3a663fdc53268cfecc0372117d354ada3ab995fcac0696b10,nan,1582496.0,,0.0,521024.0,B2_base,181490.0,b72d05c3c9d676f3a663fdc53268cfecc0372117d354ada3ab995fcac0696b10,nan,,1.523251969805499,0.0,0.0,28456.0,28456.0,6.377916783806579,0.0,0.0,B,1.523251969805499,AI_VERIFIED
276455.0,root3:batch_04,74560.0,0.057631897895075314,1219168.0,case_046,5,521024.0,base_base,nan,180844.0,1061472.0,521024.0,b72d05c3c9d676f3a663fdc53268cfecc0372117d354ada3ab995fcac0696b10,nan,1582496.0,,0.0,521024.0,base_base,180844.0,b72d05c3c9d676f3a663fdc53268cfecc0372117d354ada3ab995fcac0696b10,nan,,1.5286932383711929,0.0,0.0,28456.0,28456.0,6.355215068878268,0.0,0.0,C,1.5286932383711929,AI_VERIFIED
326508.0,root3:batch_04,0,0,0,case_047,1,0.0,A0_base,nan,326508.0,463942.0,0.0,774c3cd5c12f30850fbf3c2340ad8ab8aa06302033384c3dd85144a4c1c996bf,nan,463942.0,,0.0,0.0,A0_base,326508.0,774c3cd5c12f30850fbf3c2340ad8ab8aa06302033384c3dd85144a4c1c996bf,nan,,1.0,0.0,0.0,19990.0,19990.0,16.333566783391696,0.0,0.0,A,1.0,AI_VERIFIED
326508.0,root3:batch_04,0,0,0,case_047,1,0.0,B3_base,nan,324985.0,463942.0,0.0,c88879887fd60b4e0c040899c0dfa1e59a417f02c0ac8a3480dede2886abf8f5,nan,463942.0,,0.0,0.0,B3_base,324985.0,c88879887fd60b4e0c040899c0dfa1e59a417f02c0ac8a3480dede2886abf8f5,nan,,1.0046863701401603,0.0,0.0,19990.0,19990.0,16.257378689344673,0.0,0.0,B,1.0046863701401603,AI_VERIFIED
326508.0,root3:batch_04,0.0,0.0,457286.0,case_047,1,0.0,base_base,nan,324985.0,463942.0,0.0,c88879887fd60b4e0c040899c0dfa1e59a417f02c0ac8a3480dede2886abf8f5,nan,463942.0,,0.0,0.0,base_base,324985.0,c88879887fd60b4e0c040899c0dfa1e59a417f02c0ac8a3480dede2886abf8f5,nan,,1.0046863701401603,0.0,0.0,19990.0,19990.0,16.257378689344673,0.0,0.0,C,1.0046863701401603,AI_VERIFIED
326508.0,root3:batch_04,0,0,0,case_047,2,641514.0,A3_base,nan,330210.0,463942.0,641514.0,9af237a8bad6bba298e67440e83ba5029498f1ca42ebd3317fd2a18d213213bd,nan,1105456.0,,0.0,102226.0,A2_base,330300.0,ed42137f571bee4b7395f9079b531363d0258d54d1b702bdef23bf2aab357e67,nan,,0.9885195277020891,90.0,0.00027247956403269756,19990.0,19990.0,16.518759379689843,0.0,0.0,A,0.9887889524847824,AI_VERIFIED
326508.0,root3:batch_04,0,0,0,case_047,2,256966.0,B2_base,nan,325068.0,463942.0,256966.0,49e17c5ba2309c93e5f6f01a1661a57db502b67d786cd1fb4de224749c689241,nan,720908.0,,0.0,596228.0,B3_base,328081.0,f9c324325cfbbe430025d81b44556d223f2f614baf34ab8e4b43cb737a5998a3,nan,,0.9952054523120815,3013.0,0.009183707681944398,19990.0,19990.0,16.26153076538269,0.0,0.0,B,1.0044298423714422,AI_VERIFIED
326508.0,root3:batch_04,70.0,0.00011949389215505528,585734.0,case_047,2,256966.0,base_base,nan,325068.0,463942.0,256966.0,49e17c5ba2309c93e5f6f01a1661a57db502b67d786cd1fb4de224749c689241,nan,720908.0,,0.0,256966.0,base_base,325068.0,49e17c5ba2309c93e5f6f01a1661a57db502b67d786cd1fb4de224749c689241,nan,,1.0044298423714422,0.0,0.0,19990.0,19990.0,16.26153076538269,0.0,0.0,C,1.0044298423714422,AI_VERIFIED
326508.0,root3:batch_04,0,0,0,case_047,3,205406.0,A2_base,nan,329938.0,463942.0,205406.0,3d3a65ef08ed40ec30e6b3bfed9ce3dbb30a5d52ec46b68f69c4876286231f54,nan,669348.0,,0.0,205406.0,A2_base,329938.0,3d3a65ef08ed40ec30e6b3bfed9ce3dbb30a5d52ec46b68f69c4876286231f54,nan,,0.9896041074383672,0.0,0.0,19990.0,19990.0,16.505152576288143,0.0,0.0,A,0.9896041074383672,AI_VERIFIED
326508.0,root3:batch_04,0,0,0,case_047,3,1123784.0,B3_base,nan,328135.0,463942.0,1123784.0,d17ce74cad590109417ec3e185735256ea9f637087ade3f5d08883fe8f960812,nan,1587726.0,,0.0,1123784.0,B3_base,328135.0,d17ce74cad590109417ec3e185735256ea9f637087ade3f5d08883fe8f960812,nan,,0.9950416749203834,0.0,0.0,19990.0,19990.0,16.41495747873937,0.0,0.0,B,0.9950416749203834,AI_VERIFIED
326508.0,root3:batch_04,47046.0,0.04512900991675604,995432.0,case_047,3,1123784.0,base_base,nan,328133.0,463942.0,1123784.0,d17ce74cad590109417ec3e185735256ea9f637087ade3f5d08883fe8f960812,nan,1587726.0,,0.0,1123784.0,base_base,328133.0,d17ce74cad590109417ec3e185735256ea9f637087ade3f5d08883fe8f960812,nan,,0.9950477397884394,0.0,0.0,19990.0,19990.0,16.414857428714356,0.0,0.0,C,0.9950477397884394,AI_VERIFIED
326508.0,root3:batch_04,0,0,0,case_047,4,296554.0,A2_base,nan,332587.0,463942.0,296554.0,c3e71e46e98b5d5a9caefd74cbad5ad16b5ba159e5946c6134ffb98811586d5d,nan,760496.0,,0.0,296554.0,A2_base,332587.0,c3e71e46e98b5d5a9caefd74cbad5ad16b5ba159e5946c6134ffb98811586d5d,nan,,0.981722075727554,0.0,0.0,19990.0,19990.0,16.63766883441721,0.0,0.0,A,0.981722075727554,AI_VERIFIED
326508.0,root3:batch_04,0,0,0,case_047,4,641234.0,B2_base,nan,325683.0,463942.0,641234.0,bb501b0829caaff7d27ef94394664ae3b5a1bf27949254ca73a51c86d2638bc7,nan,1105176.0,,0.0,641234.0,B2_base,325683.0,bb501b0829caaff7d27ef94394664ae3b5a1bf27949254ca73a51c86d2638bc7,nan,,1.0025331380514182,0.0,0.0,19990.0,19990.0,16.292296148074037,0.0,0.0,B,1.0025331380514182,AI_VERIFIED
326508.0,root3:batch_04,80.0,0.00010282670615212182,777928.0,case_047,4,641234.0,base_base,nan,325678.0,463942.0,641234.0,bb501b0829caaff7d27ef94394664ae3b5a1bf27949254ca73a51c86d2638bc7,nan,1105176.0,,0.0,641234.0,base_base,325678.0,bb501b0829caaff7d27ef94394664ae3b5a1bf27949254ca73a51c86d2638bc7,nan,,1.002548529529167,0.0,0.0,19990.0,19990.0,16.292046023011505,0.0,0.0,C,1.002548529529167,AI_VERIFIED
326508.0,root3:batch_04,0,0,0,case_047,5,1285470.0,A3_base,nan,333415.0,463942.0,1285470.0,c358ce6e729bea17916ac1be3d848bbb2b4885681f8d144052aea2288aee1078,nan,1749412.0,,0.0,120438.0,A2_base,337110.0,723270c58bca1ae88b540988daf09122fd16cd7cfdc747767fd076b4cd3baf2a,nan,,0.9685503248197918,3695.0,0.010960813977633413,19990.0,19990.0,16.679089544772385,0.0,0.0,A,0.9792840754015266,AI_VERIFIED
326508.0,root3:batch_04,0,0,0,case_047,5,141400.0,B2_base,nan,316261.0,463942.0,141400.0,f01d1ae568bc0a63f5683555cdc3aedc8ea08ac30010ad5a8b82a25c3b4d3f17,nan,605342.0,,0.0,141400.0,B2_base,316261.0,f01d1ae568bc0a63f5683555cdc3aedc8ea08ac30010ad5a8b82a25c3b4d3f17,nan,,1.032400454055353,0.0,0.0,19990.0,19990.0,15.820960480240121,0.0,0.0,B,1.032400454055353,AI_VERIFIED
326508.0,root3:batch_04,280.0,0.0005301765109083817,527846.0,case_047,5,141400.0,base_base,nan,316261.0,463942.0,141400.0,f01d1ae568bc0a63f5683555cdc3aedc8ea08ac30010ad5a8b82a25c3b4d3f17,nan,605342.0,,0.0,141400.0,base_base,316261.0,f01d1ae568bc0a63f5683555cdc3aedc8ea08ac30010ad5a8b82a25c3b4d3f17,nan,,1.032400454055353,0.0,0.0,19990.0,19990.0,15.820960480240121,0.0,0.0,C,1.032400454055353,AI_VERIFIED
222220.0,root3:batch_03,0,0,0,case_048,1,0.0,A0_base,nan,222220.0,414790.0,0.0,6ac86602a1ba2623e1193b8e2be9ebf9ec6668cf417de8b3b142a3092ebaa59d,nan,414790.0,,0.0,0.0,A0_base,222220.0,6ac86602a1ba2623e1193b8e2be9ebf9ec6668cf417de8b3b142a3092ebaa59d,nan,,1.0,0.0,0.0,75960.0,75960.0,2.9254870984728805,0.0,0.0,A,1.0,AI_VERIFIED
222220.0,root3:batch_03,0,0,0,case_048,1,0.0,B3_aggregate,nan,223338.0,414790.0,0.0,f77e558afff50c49edc3e08f9e69450895326461752a757dde51a2b0199a483f,nan,414790.0,,0.0,0.0,B3_base,223886.0,43e051448688ea7e90685f567e8e3f99c637d05e8ab1ec38e7cbbbdd96ae87ae,nan,,0.992558712916395,548.0,0.002447674262794458,75960.0,75960.0,2.9402053712480254,0.0,0.0,B,0.9949941344509219,AI_VERIFIED
222220.0,root3:batch_03,0.0,0.0,410182.0,case_048,1,0.0,base_aggregate,nan,222614.0,414790.0,0.0,780408b93413de96bffc8ac9014c4611b44a4fc657e95ae3d6c7842f1fab531f,nan,414790.0,,0.0,0.0,base_base,223338.0,f77e558afff50c49edc3e08f9e69450895326461752a757dde51a2b0199a483f,nan,,0.9949941344509219,724.0,0.0032417233072741763,75960.0,75960.0,2.930674038967878,0.0,0.0,C,0.9982301202979148,AI_VERIFIED
222220.0,root3:batch_03,0,0,0,case_048,2,108754.0,A2_base,nan,225434.0,414790.0,108754.0,dc860705d585b9988b52ba6cccd1c2fd3070cb2308bf9ca99544341e4dcaf3c5,nan,523544.0,,0.0,108754.0,A2_base,225434.0,dc860705d585b9988b52ba6cccd1c2fd3070cb2308bf9ca99544341e4dcaf3c5,nan,,0.9857430556171651,0.0,0.0,75960.0,75960.0,2.967798841495524,0.0,0.0,A,0.9857430556171651,AI_VERIFIED
222220.0,root3:batch_03,0,0,0,case_048,2,78438.0,B2_base,nan,225562.0,414790.0,78438.0,57878ce0a190bb61bea241a482f475a804bccba5d0727a8b3281c27520255e22,nan,493228.0,,0.0,78438.0,B2_base,225562.0,57878ce0a190bb61bea241a482f475a804bccba5d0727a8b3281c27520255e22,nan,,0.9851836745551112,0.0,0.0,75960.0,75960.0,2.9694839389152183,0.0,0.0,B,0.9851836745551112,AI_VERIFIED
222220.0,root3:batch_03,70.0,0.00015575076317873957,449366.0,case_048,2,78438.0,base_base,nan,225562.0,414790.0,78438.0,57878ce0a190bb61bea241a482f475a804bccba5d0727a8b3281c27520255e22,nan,493228.0,,0.0,78438.0,base_base,225562.0,57878ce0a190bb61bea241a482f475a804bccba5d0727a8b3281c27520255e22,nan,,0.9851836745551112,0.0,0.0,75960.0,75960.0,2.9694839389152183,0.0,0.0,C,0.9851836745551112,AI_VERIFIED
222220.0,root3:batch_03,0,0,0,case_048,3,145886.0,A2_base,nan,230426.0,414790.0,145886.0,48e18989a46afc6d40112de8f478223e79cbe956c679971797e70f7a7b728455,nan,560676.0,,0.0,145886.0,A2_base,230426.0,48e18989a46afc6d40112de8f478223e79cbe956c679971797e70f7a7b728455,nan,,0.964387699304766,0.0,0.0,75960.0,75960.0,3.0335176408636126,0.0,0.0,A,0.964387699304766,AI_VERIFIED
222220.0,root3:batch_03,0,0,0,case_048,3,178636.0,B2_base,nan,227793.0,414790.0,178636.0,097d8c7f54ad0b413fa6aac8e82995352b1afdaa93bfa143a39a146377453bd4,nan,593426.0,,0.0,178636.0,B2_base,227793.0,097d8c7f54ad0b413fa6aac8e82995352b1afdaa93bfa143a39a146377453bd4,nan,,0.9755348057227395,0.0,0.0,75960.0,75960.0,2.9988546603475514,0.0,0.0,B,0.9755348057227395,AI_VERIFIED
222220.0,root3:batch_03,140.0,0.000280241007266249,499430.0,case_048,3,178636.0,base_base,nan,227793.0,414790.0,178636.0,097d8c7f54ad0b413fa6aac8e82995352b1afdaa93bfa143a39a146377453bd4,nan,593426.0,,0.0,178636.0,base_base,227793.0,097d8c7f54ad0b413fa6aac8e82995352b1afdaa93bfa143a39a146377453bd4,nan,,0.9755348057227395,0.0,0.0,75960.0,75960.0,2.9988546603475514,0.0,0.0,C,0.9755348057227395,AI_VERIFIED
222220.0,root3:batch_03,0,0,0,case_048,4,221770.0,A2_base,nan,228771.0,414790.0,221770.0,5adb8fa374724ceef8c70af6484005292e6e39f7f5466c3f63c29f49c5274520,nan,636560.0,,0.0,221770.0,A2_base,228771.0,5adb8fa374724ceef8c70af6484005292e6e39f7f5466c3f63c29f49c5274520,nan,,0.9713643774779146,0.0,0.0,75960.0,75960.0,3.011729857819905,0.0,0.0,A,0.9713643774779146,AI_VERIFIED
222220.0,root3:batch_03,0,0,0,case_048,4,261298.0,B2_base,nan,227870.0,414790.0,261298.0,38a0bdd10d09924ebf4c3da2737d6ef41c8fa975ff95e32a15df59501bc73343,nan,676088.0,,0.0,261298.0,B2_base,227870.0,38a0bdd10d09924ebf4c3da2737d6ef41c8fa975ff95e32a15df59501bc73343,nan,,0.9752051608373196,0.0,0.0,75960.0,75960.0,2.9998683517640865,0.0,0.0,B,0.9752051608373196,AI_VERIFIED
222220.0,root3:batch_03,14.0,2.588106541254418e-05,540922.0,case_048,4,261298.0,base_base,nan,227866.0,414790.0,261298.0,38a0bdd10d09924ebf4c3da2737d6ef41c8fa975ff95e32a15df59501bc73343,nan,676088.0,,0.0,261298.0,base_base,227866.0,38a0bdd10d09924ebf4c3da2737d6ef41c8fa975ff95e32a15df59501bc73343,nan,,0.9752222797609121,0.0,0.0,75960.0,75960.0,2.999815692469721,0.0,0.0,C,0.9752222797609121,AI_VERIFIED
222220.0,root3:batch_03,0,0,0,case_048,5,289654.0,A2_base,nan,231678.0,414790.0,289654.0,3e2a78610d00bac28fa4ce7ec29edc4da2dbf9c0a8e0ac9249c7641e9e07d9da,nan,704444.0,,0.0,289654.0,A2_base,231678.0,3e2a78610d00bac28fa4ce7ec29edc4da2dbf9c0a8e0ac9249c7641e9e07d9da,nan,,0.9591760978599608,0.0,0.0,75960.0,75960.0,3.05,0.0,0.0,A,0.9591760978599608,AI_VERIFIED
222220.0,root3:batch_03,0,0,0,case_048,5,336760.0,B2_base,nan,228173.0,414790.0,336760.0,eaa002ed22a2eb92046cdf5c7fee306be6ae24b3e1f7dd345765d4048b2b6a9b,nan,751550.0,,0.0,336760.0,B2_base,228173.0,eaa002ed22a2eb92046cdf5c7fee306be6ae24b3e1f7dd345765d4048b2b6a9b,nan,,0.9739101471252076,0.0,0.0,75960.0,75960.0,3.0038572933122696,0.0,0.0,B,0.9739101471252076,AI_VERIFIED
222220.0,root3:batch_03,792.0,0.001409257684191047,561206.0,case_048,5,302840.0,base_aggregate_tid_1000001899,nan,226918.0,414790.0,302840.0,40f7724b98ff0d1dcb5d5f6c52446dbfd0573d434e8eb553d980017e7a95c353,nan,717630.0,,0.0,336760.0,base_base,228173.0,eaa002ed22a2eb92046cdf5c7fee306be6ae24b3e1f7dd345765d4048b2b6a9b,nan,,0.9739101471252076,1255.0,0.0055002125580151905,75960.0,75960.0,2.9873354397051077,0.0,0.0,C,0.979296485955279,AI_VERIFIED
196276.0,root3:batch_02,0,0,0,case_049,1,0.0,A0_base,nan,196276.0,152540.0,0.0,85ce4e20caa909692d92563ab36b1b1cdcb8c0cbd5b56d24301dc26b00296cbd,nan,152540.0,,0.0,0.0,A0_base,196276.0,85ce4e20caa909692d92563ab36b1b1cdcb8c0cbd5b56d24301dc26b00296cbd,nan,,1.0,0.0,0.0,8921.0,8921.0,22.001569330792513,0.0,0.0,A,1.0,AI_VERIFIED
196276.0,root3:batch_02,0,0,0,case_049,1,18432.0,B3_base,nan,199842.0,152540.0,0.0,1afe57ec6be68e74a098718858e770ddb2bba6a9ca8ce7f74758a83b80d4ec58,nan,170972.0,,18432.0,18432.0,B3_base,199842.0,1afe57ec6be68e74a098718858e770ddb2bba6a9ca8ce7f74758a83b80d4ec58,nan,,0.9821559031634992,0.0,0.0,8921.0,8921.0,22.401300302656654,0.0,0.0,B,0.9821559031634992,AI_VERIFIED
196276.0,root3:batch_02,0.0,0.0,161720.0,case_049,1,18432.0,base_base,nan,199842.0,152540.0,0.0,1afe57ec6be68e74a098718858e770ddb2bba6a9ca8ce7f74758a83b80d4ec58,nan,170972.0,,18432.0,18432.0,base_base,199842.0,1afe57ec6be68e74a098718858e770ddb2bba6a9ca8ce7f74758a83b80d4ec58,nan,,0.9821559031634992,0.0,0.0,8921.0,8921.0,22.401300302656654,0.0,0.0,C,0.9821559031634992,AI_VERIFIED
196276.0,root3:batch_02,0,0,0,case_049,2,213200.0,A2_base,nan,201231.0,152540.0,213200.0,4aa27d0572bf2953f34826a70b234d841fcf80809183112f3b7c0dd5ff8a0ab1,nan,365740.0,,0.0,1515390.0,A3_base,218489.0,08d3cdfd8477ee4d63ac92ffa08ff2d57d068c97295c5db040467b0f1c5b1a46,nan,,0.8983335545496569,17258.0,0.0789879582038455,8921.0,8921.0,22.55700033628517,0.0,0.0,A,0.9753765572898808,AI_VERIFIED
196276.0,root3:batch_02,0,0,0,case_049,2,729830.0,B2_base,nan,178903.0,152540.0,729830.0,4bda744bbafb0c02a5fb386fa6d45c4ec7ad03e3a0e1c36c6482044380556224,nan,882370.0,,0.0,729830.0,B2_base,178903.0,4bda744bbafb0c02a5fb386fa6d45c4ec7ad03e3a0e1c36c6482044380556224,nan,,1.0971084889577034,0.0,0.0,8921.0,8921.0,20.054141912341667,0.0,0.0,B,1.0971084889577034,AI_VERIFIED
196276.0,root3:batch_02,1190.0,0.002297235209859193,516824.0,case_049,2,729830.0,base_base,nan,178903.0,152540.0,729830.0,4bda744bbafb0c02a5fb386fa6d45c4ec7ad03e3a0e1c36c6482044380556224,nan,882370.0,,0.0,729830.0,base_base,178903.0,4bda744bbafb0c02a5fb386fa6d45c4ec7ad03e3a0e1c36c6482044380556224,nan,,1.0971084889577034,0.0,0.0,8921.0,8921.0,20.054141912341667,0.0,0.0,C,1.0971084889577034,AI_VERIFIED
196276.0,root3:batch_02,0,0,0,case_049,3,368346.0,A2_base,nan,203504.0,152540.0,368346.0,3d444007f2d3862ae787cc95a97dd46af1ee33b26e72a43f11b30bf7bb59e364,nan,520886.0,,0.0,368346.0,A2_base,203504.0,3d444007f2d3862ae787cc95a97dd46af1ee33b26e72a43f11b30bf7bb59e364,nan,,0.9644822706187594,0.0,0.0,8921.0,8921.0,22.811792399955163,0.0,0.0,A,0.9644822706187594,AI_VERIFIED
196276.0,root3:batch_02,0,0,0,case_049,3,1194956.0,B2_base,nan,187317.0,152540.0,1194956.0,70826c7e508e97a0a88532e159230f367f73dfab365e9d060169c99e3a537f34,nan,1347496.0,,0.0,1194956.0,B2_base,187317.0,70826c7e508e97a0a88532e159230f367f73dfab365e9d060169c99e3a537f34,nan,,1.0478280134744844,0.0,0.0,8921.0,8921.0,20.997309718641407,0.0,0.0,B,1.0478280134744844,AI_VERIFIED
196276.0,root3:batch_02,10060.0,0.013324291534439188,744952.0,case_049,3,1194956.0,base_base,nan,187317.0,152540.0,1194956.0,70826c7e508e97a0a88532e159230f367f73dfab365e9d060169c99e3a537f34,nan,1347496.0,,0.0,1194956.0,base_base,187317.0,70826c7e508e97a0a88532e159230f367f73dfab365e9d060169c99e3a537f34,nan,,1.0478280134744844,0.0,0.0,8921.0,8921.0,20.997309718641407,0.0,0.0,C,1.0478280134744844,AI_VERIFIED
196276.0,root3:batch_02,0,0,0,case_049,4,459962.0,A2_base,nan,203888.0,152540.0,459962.0,964d4daaeebbe132292717615e1a86159c754dd8033d98efdb357310eaf89215,nan,612502.0,,0.0,459962.0,A2_base,203888.0,964d4daaeebbe132292717615e1a86159c754dd8033d98efdb357310eaf89215,nan,,0.9626657772894923,0.0,0.0,8921.0,8921.0,22.854836901692636,0.0,0.0,A,0.9626657772894923,AI_VERIFIED
196276.0,root3:batch_02,0,0,0,case_049,4,1508658.0,B2_base,nan,199561.0,152540.0,1508658.0,b3257a114350e4404b4673b0960109d2cfd42ae57b7cd95e0f775e3fc83350f8,nan,1661198.0,,0.0,1508658.0,B2_base,199561.0,b3257a114350e4404b4673b0960109d2cfd42ae57b7cd95e0f775e3fc83350f8,nan,,0.9835388678148536,0.0,0.0,8921.0,8921.0,22.369801591749805,0.0,0.0,B,0.9835388678148536,AI_VERIFIED
196276.0,root3:batch_02,17264.0,0.02187731267931185,771864.0,case_049,4,1263152.0,base_aggregate_tid_8338,nan,196356.0,152540.0,1263152.0,662c36dedfd17019be9ec879ac0f5ad0f0b416a7b631ff0977a11d73c2a0da15,nan,1415692.0,,0.0,1508658.0,base_base,199561.0,b3257a114350e4404b4673b0960109d2cfd42ae57b7cd95e0f775e3fc83350f8,nan,,0.9835388678148536,3205.0,0.016060252253696866,8921.0,8921.0,22.010536935321152,0.0,0.0,C,0.999592576748355,AI_VERIFIED
196276.0,root3:batch_02,0,0,0,case_049,5,509062.0,A2_base,nan,204874.0,152540.0,509062.0,b42648486e0bb5aead24904194b9c49b7e2a1ad28f7c7ba9a8991f4d73bfb831,nan,661602.0,,0.0,509062.0,A2_base,204874.0,b42648486e0bb5aead24904194b9c49b7e2a1ad28f7c7ba9a8991f4d73bfb831,nan,,0.9580327420756172,0.0,0.0,8921.0,8921.0,22.965362627508128,0.0,0.0,A,0.9580327420756172,AI_VERIFIED
196276.0,root3:batch_02,0,0,0,case_049,5,1960934.0,B2_base,nan,195369.0,152540.0,1960934.0,598e5f9ab9f079245764b069c0be533a5deea8f016a55a15e6748ec0f4b0a29b,nan,2113474.0,,0.0,1960934.0,B2_base,195369.0,598e5f9ab9f079245764b069c0be533a5deea8f016a55a15e6748ec0f4b0a29b,nan,,1.0046424970184624,0.0,0.0,8921.0,8921.0,21.899899114449052,0.0,0.0,B,1.0046424970184624,AI_VERIFIED
196276.0,root3:batch_02,24726.0,0.021602948191716338,1119840.0,case_049,5,1960934.0,base_base,nan,195368.0,152540.0,1960934.0,598e5f9ab9f079245764b069c0be533a5deea8f016a55a15e6748ec0f4b0a29b,nan,2113474.0,,0.0,1960934.0,base_base,195368.0,598e5f9ab9f079245764b069c0be533a5deea8f016a55a15e6748ec0f4b0a29b,nan,,1.004647639326809,0.0,0.0,8921.0,8921.0,21.899787019392445,0.0,0.0,C,1.004647639326809,AI_VERIFIED
149690.0,root2:batch_09,0,0,0,case_050,1,0.0,A0_base,8.518860999989556,149690.0,319376.0,0.0,582cf8038f634afd18bff1e3ac9bd7df52080226845325a744d1183c1e71a20d,1.9394962920050602,319376.0,seed,0.0,0.0,A0_base,149690.0,582cf8038f634afd18bff1e3ac9bd7df52080226845325a744d1183c1e71a20d,1.9394962920050602,seed,1.0,0.0,0.0,6829.0,6829.0,21.919753990335334,0.0,0.0,A,1.0,AI_VERIFIED
149690.0,root2:batch_09,0,0,0,case_050,1,348192.0,B3_aggregate,1.8403744170209393,149846.0,319376.0,0.0,08d1c8d0e08cd9e7162f7f95dd4ed34b5cf81b699ef043850b7513aae2a14d33,1.636421834002249,667568.0,aggregate,348192.0,348192.0,B3_aggregate,149846.0,08d1c8d0e08cd9e7162f7f95dd4ed34b5cf81b699ef043850b7513aae2a14d33,1.636421834002249,aggregate,0.9989589311693339,0.0,0.0,6829.0,6829.0,21.942597744911406,0.0,0.0,B,0.9989589311693339,AI_VERIFIED
149690.0,root2:batch_09,77824.0,0.14620107156007425,454484.0,case_050,1,348192.0,base_aggregate,1.8273948749992996,149470.0,319376.0,0.0,6273f54740429a31cd56565ba45566a1a5554f55e2cb76e12cdf51a12db2d7a7,1.7160880420124158,667568.0,aggregate,348192.0,348192.0,base_base,149846.0,08d1c8d0e08cd9e7162f7f95dd4ed34b5cf81b699ef043850b7513aae2a14d33,1.5616442919999827,seed,0.9989589311693339,376.0,0.002509242822631235,6829.0,6829.0,21.887538439010104,0.0,0.0,C,1.001471867264334,AI_VERIFIED
149690.0,root2:batch_09,0,0,0,case_050,2,160784.0,A2_base,2.3024341670097783,153184.0,319376.0,160784.0,7708b1613b3d15ed38a3fd92d5cae71267cb9bf0320aad5bdf1ffc68253e6983,1.013142208015779,480160.0,seed,0.0,1541614.0,A3_base,159840.0,18d07676dce69015514211d1de2a78c8c2a40fa6aba165ed951c0c9ed9f5495c,1.1515518339874689,seed,0.936498998998999,6656.0,0.04164164164164164,6829.0,6829.0,22.431395519109678,0.0,0.0,A,0.9771908293294339,AI_VERIFIED
149690.0,root2:batch_09,0,0,0,case_050,2,731414.0,B2_base,1.3984760830062442,149158.0,319376.0,731414.0,ed80b9c7e5655b33094dca382a28331cae0eb57cf995e9e52465117157b22f56,1.3340815830160864,1050790.0,seed,0.0,1071782.0,B3_base,151663.0,5b4af16964578b3a280af290bb1bb66a508193d46acce5d9ec97dedb6b81f125,1.828787291975459,seed,0.9869908942853564,2505.0,0.016516882825738644,6829.0,6829.0,21.84185092985796,0.0,0.0,B,1.0035666876734737,AI_VERIFIED
149690.0,root2:batch_09,122918.0,0.16466657557075606,623548.0,case_050,2,731414.0,base_base,1.4893183750100434,149158.0,319376.0,731414.0,ed80b9c7e5655b33094dca382a28331cae0eb57cf995e9e52465117157b22f56,1.454752166988328,1050790.0,seed,0.0,731414.0,base_base,149158.0,ed80b9c7e5655b33094dca382a28331cae0eb57cf995e9e52465117157b22f56,1.454752166988328,seed,1.0035666876734737,0.0,0.0,6829.0,6829.0,21.84185092985796,0.0,0.0,C,1.0035666876734737,AI_VERIFIED
149690.0,root2:batch_09,0,0,0,case_050,3,183222.0,A2_base,2.205682749976404,152940.0,319376.0,183222.0,5c703035a58cc65b3acc1665d47c905db867a8c2a595d416c93c3ed50c311f00,1.0090909159916919,502598.0,seed,0.0,183222.0,A2_base,152940.0,5c703035a58cc65b3acc1665d47c905db867a8c2a595d416c93c3ed50c311f00,1.0090909159916919,seed,0.9787498365372042,0.0,0.0,6829.0,6829.0,22.395665544003514,0.0,0.0,A,0.9787498365372042,AI_VERIFIED
149690.0,root2:batch_09,0,0,0,case_050,3,954348.0,B2_base,1.2811932080076076,153757.0,319376.0,954348.0,47e3ecd72fc15306628e5b2fd06585f223d1002d02a1c75ca41eb08cf88ad1d6,1.4503165839996655,1273724.0,seed,0.0,954348.0,B2_base,153757.0,47e3ecd72fc15306628e5b2fd06585f223d1002d02a1c75ca41eb08cf88ad1d6,1.4503165839996655,seed,0.9735491717450262,0.0,0.0,6829.0,6829.0,22.515302386879483,0.0,0.0,B,0.9735491717450262,AI_VERIFIED
149690.0,root2:batch_09,49740.0,0.06055927845092921,771604.0,case_050,3,954348.0,base_base,1.5796585000061896,153757.0,319376.0,954348.0,47e3ecd72fc15306628e5b2fd06585f223d1002d02a1c75ca41eb08cf88ad1d6,1.3408810000109952,1273724.0,seed,0.0,954348.0,base_base,153757.0,47e3ecd72fc15306628e5b2fd06585f223d1002d02a1c75ca41eb08cf88ad1d6,1.3408810000109952,seed,0.9735491717450262,0.0,0.0,6829.0,6829.0,22.515302386879483,0.0,0.0,C,0.9735491717450262,AI_VERIFIED
149690.0,root2:batch_09,0,0,0,case_050,4,285628.0,A2_base,1.7310529589885846,155687.0,319376.0,285628.0,16c56f47ff3a7994cdbf3224cebe43a9d1762eb81b5ee29348a7e922ce4d0ad1,0.9495922499918379,605004.0,seed,0.0,285628.0,A2_base,155687.0,16c56f47ff3a7994cdbf3224cebe43a9d1762eb81b5ee29348a7e922ce4d0ad1,0.9495922499918379,seed,0.9614804061996185,0.0,0.0,6829.0,6829.0,22.79792063259628,0.0,0.0,A,0.9614804061996185,AI_VERIFIED
149690.0,root2:batch_09,0,0,0,case_050,4,0.0,B0_base,1.7322907500201836,149690.0,319376.0,0.0,073656a9f9ff6fccd1ca554bcb90ece92930c7d9225a902de1fb677fd64bae35,1.4912510410067625,319376.0,seed,0.0,0.0,B0_base,149690.0,073656a9f9ff6fccd1ca554bcb90ece92930c7d9225a902de1fb677fd64bae35,1.4912510410067625,seed,1.0,0.0,0.0,6829.0,6829.0,21.919753990335334,0.0,0.0,B,1.0,AI_VERIFIED
149690.0,root2:batch_09,0.0,0.0,319300.0,case_050,4,0.0,base_base,1.9120545000187121,149690.0,319376.0,0.0,073656a9f9ff6fccd1ca554bcb90ece92930c7d9225a902de1fb677fd64bae35,1.6489752500201575,319376.0,seed,0.0,0.0,base_base,149690.0,073656a9f9ff6fccd1ca554bcb90ece92930c7d9225a902de1fb677fd64bae35,1.6489752500201575,seed,1.0,0.0,0.0,6829.0,6829.0,21.919753990335334,0.0,0.0,C,1.0,AI_VERIFIED
149690.0,root2:batch_09,0,0,0,case_050,5,265160.0,A2_base,1.5069144169974606,159004.0,319376.0,265160.0,f22dc820e654df622098ae7a7500545943ed23720f48f4d65b7e81327386311d,0.9657662920071743,584536.0,seed,0.0,265160.0,A2_base,159004.0,f22dc820e654df622098ae7a7500545943ed23720f48f4d65b7e81327386311d,0.9657662920071743,seed,0.9414228572866091,0.0,0.0,6829.0,6829.0,23.283643285986233,0.0,0.0,A,0.9414228572866091,AI_VERIFIED
149690.0,root2:batch_09,0,0,0,case_050,5,1893444.0,B2_base,1.5092402089794632,147954.0,319376.0,1893444.0,abbcd3c87a894324e55fc679a828254975d8bc91782d168b05af45fe01f3bca3,1.250731457985239,2212820.0,seed,0.0,1893444.0,B2_base,147954.0,abbcd3c87a894324e55fc679a828254975d8bc91782d168b05af45fe01f3bca3,1.250731457985239,seed,1.0117333765900212,0.0,0.0,6829.0,6829.0,21.665544003514423,0.0,0.0,B,1.0117333765900212,AI_VERIFIED
149690.0,root2:batch_09,106608.0,0.08111859165560818,1207616.0,case_050,5,1893444.0,base_base,1.990997166984016,147851.0,319376.0,1893444.0,abbcd3c87a894324e55fc679a828254975d8bc91782d168b05af45fe01f3bca3,1.936751750006806,2212820.0,seed,0.0,1893444.0,base_base,147851.0,abbcd3c87a894324e55fc679a828254975d8bc91782d168b05af45fe01f3bca3,1.936751750006806,seed,1.0124381979154689,0.0,0.0,6829.0,6829.0,21.650461268121248,0.0,0.0,C,1.0124381979154689,AI_VERIFIED
607628.0,root3:batch_03,0,0,0,case_051,1,0.0,A0_base,nan,607628.0,393218.0,0.0,2653a7e13ead7db099589103de01bbc2bf19f89117ddf2454e2a0b9261215606,nan,393218.0,,0.0,0.0,A0_base,607628.0,2653a7e13ead7db099589103de01bbc2bf19f89117ddf2454e2a0b9261215606,nan,,1.0,0.0,0.0,51552.0,51552.0,11.786700806952204,0.0,0.0,A,1.0,AI_VERIFIED
607628.0,root3:batch_03,0,0,0,case_051,1,0.0,B2_base,nan,607628.0,393218.0,0.0,30c53b73418412028b38f477e91f528ad1ed54e80ecafd260ae4c996af51da51,nan,393218.0,,0.0,0.0,B3_base,607628.0,dee3f4993e693e3a8349baaba2454c2874d850d7b5217753fef145b61c4dd010,nan,,1.0,0.0,0.0,51552.0,51552.0,11.786700806952204,0.0,0.0,B,1.0,AI_VERIFIED
607628.0,root3:batch_03,0.0,0.0,393216.0,case_051,1,0.0,base_aggregate,nan,607628.0,393218.0,0.0,2653a7e13ead7db099589103de01bbc2bf19f89117ddf2454e2a0b9261215606,nan,393218.0,,0.0,0.0,base_base,607628.0,30c53b73418412028b38f477e91f528ad1ed54e80ecafd260ae4c996af51da51,nan,,1.0,0.0,0.0,51552.0,51552.0,11.786700806952204,0.0,0.0,C,1.0,AI_VERIFIED
607628.0,root3:batch_03,0,0,0,case_051,2,1179660.0,A2_base,nan,612275.0,393218.0,1179660.0,6245c27657891d97ee60de65eaa5b97884279a4861ecd6b859759899cdec3d3a,nan,1572878.0,,0.0,1179660.0,A2_base,612275.0,6245c27657891d97ee60de65eaa5b97884279a4861ecd6b859759899cdec3d3a,nan,,0.9924102731615696,0.0,0.0,51552.0,51552.0,11.876842799503414,0.0,0.0,A,0.9924102731615696,AI_VERIFIED
607628.0,root3:batch_03,0,0,0,case_051,2,393228.0,B2_base,nan,609681.0,393218.0,393228.0,6245c27657891d97ee60de65eaa5b97884279a4861ecd6b859759899cdec3d3a,nan,786446.0,,0.0,393228.0,B2_base,609681.0,6245c27657891d97ee60de65eaa5b97884279a4861ecd6b859759899cdec3d3a,nan,,0.9966326652790558,0.0,0.0,51552.0,51552.0,11.826524674115456,0.0,0.0,B,0.9966326652790558,AI_VERIFIED
607628.0,root3:batch_03,360448.0,0.4583298365541848,425990.0,case_051,2,393228.0,base_base,nan,609681.0,393218.0,393228.0,6245c27657891d97ee60de65eaa5b97884279a4861ecd6b859759899cdec3d3a,nan,786446.0,,0.0,393228.0,base_base,609681.0,6245c27657891d97ee60de65eaa5b97884279a4861ecd6b859759899cdec3d3a,nan,,0.9966326652790558,0.0,0.0,51552.0,51552.0,11.826524674115456,0.0,0.0,C,0.9966326652790558,AI_VERIFIED
607628.0,root3:batch_03,0,0,0,case_051,3,1966100.0,A2_base,nan,615373.0,393218.0,1966100.0,e22eec46490a3ed2816b1fd47bbcd7194cea8e869ae7212849dd091a53a9f4df,nan,2359318.0,,0.0,1966100.0,A2_base,615373.0,e22eec46490a3ed2816b1fd47bbcd7194cea8e869ae7212849dd091a53a9f4df,nan,,0.9874141374418443,0.0,0.0,51552.0,51552.0,11.936937461204222,0.0,0.0,A,0.9874141374418443,AI_VERIFIED
607628.0,root3:batch_03,0,0,0,case_051,3,786452.0,B2_base,nan,611232.0,393218.0,786452.0,e22eec46490a3ed2816b1fd47bbcd7194cea8e869ae7212849dd091a53a9f4df,nan,1179670.0,,0.0,786452.0,B2_base,611232.0,e22eec46490a3ed2816b1fd47bbcd7194cea8e869ae7212849dd091a53a9f4df,nan,,0.9941037118475472,0.0,0.0,51552.0,51552.0,11.856610800744878,0.0,0.0,B,0.9941037118475472,AI_VERIFIED
607628.0,root3:batch_03,720896.0,0.6111059307019492,458762.0,case_051,3,786452.0,base_base,nan,611232.0,393218.0,786452.0,e22eec46490a3ed2816b1fd47bbcd7194cea8e869ae7212849dd091a53a9f4df,nan,1179670.0,,0.0,786452.0,base_base,611232.0,e22eec46490a3ed2816b1fd47bbcd7194cea8e869ae7212849dd091a53a9f4df,nan,,0.9941037118475472,0.0,0.0,51552.0,51552.0,11.856610800744878,0.0,0.0,C,0.9941037118475472,AI_VERIFIED
607628.0,root3:batch_03,0,0,0,case_051,4,0.0,A0_base,nan,607628.0,393218.0,0.0,1b97bab4a10d605ae71381a043ac23d40341f4a1a601a9bbe9c9e8a1235d7923,nan,393218.0,,0.0,2752540.0,A2_base,618471.0,0b7a15cd817a029778142e7663297935e85c966589e67e04ee77aedcb4d8369e,nan,,0.9824680542822541,10843.0,0.01753194571774586,51552.0,51552.0,11.786700806952204,0.0,0.0,A,1.0,AI_VERIFIED
607628.0,root3:batch_03,0,0,0,case_051,4,1179676.0,B2_base,nan,612783.0,393218.0,1179676.0,0b7a15cd817a029778142e7663297935e85c966589e67e04ee77aedcb4d8369e,nan,1572894.0,,0.0,1179676.0,B2_base,612783.0,0b7a15cd817a029778142e7663297935e85c966589e67e04ee77aedcb4d8369e,nan,,0.9915875603598664,0.0,0.0,51552.0,51552.0,11.886696927374302,0.0,0.0,B,0.9915875603598664,AI_VERIFIED
607628.0,root3:batch_03,1081344.0,0.6874938806442712,491534.0,case_051,4,1179676.0,base_base,nan,612783.0,393218.0,1179676.0,0b7a15cd817a029778142e7663297935e85c966589e67e04ee77aedcb4d8369e,nan,1572894.0,,0.0,1179676.0,base_base,612783.0,0b7a15cd817a029778142e7663297935e85c966589e67e04ee77aedcb4d8369e,nan,,0.9915875603598664,0.0,0.0,51552.0,51552.0,11.886696927374302,0.0,0.0,C,0.9915875603598664,AI_VERIFIED
607628.0,root3:batch_03,0,0,0,case_051,5,0.0,A0_base,nan,607628.0,393218.0,0.0,77df190aff4b88f23f2ab4e11ba1430dd3a5f5c41b3ade08d0c25d7b641a58fd,nan,393218.0,,0.0,3866888.0,A2_base,624054.0,3fb73317bffb2b7d636e584a82141ed4caf70d3e463b8ed8bdaa994d75e2d35f,nan,,0.9736785598682165,16426.0,0.026321440131783468,51552.0,51552.0,11.786700806952204,0.0,0.0,A,1.0,AI_VERIFIED
607628.0,root3:batch_03,0,0,0,case_051,5,3670204.0,B3_base,nan,627634.0,393218.0,3670204.0,c8660ccbff97441047782abfc51c01417942eaf7756d72cb21846f0ee32803a6,nan,4063422.0,,0.0,3670204.0,B3_base,627634.0,c8660ccbff97441047782abfc51c01417942eaf7756d72cb21846f0ee32803a6,nan,,0.9681247351163258,0.0,0.0,51552.0,51552.0,12.174774984481688,0.0,0.0,B,0.9681247351163258,AI_VERIFIED
607628.0,root3:batch_03,1277952.0,0.423899825856207,1736798.0,case_051,5,3670204.0,base_base,nan,627502.0,393218.0,3670204.0,c8660ccbff97441047782abfc51c01417942eaf7756d72cb21846f0ee32803a6,nan,4063422.0,,0.0,3670204.0,base_base,627502.0,c8660ccbff97441047782abfc51c01417942eaf7756d72cb21846f0ee32803a6,nan,,0.9683283877979671,0.0,0.0,51552.0,51552.0,12.172214463066418,0.0,0.0,C,0.9683283877979671,AI_VERIFIED
180301.0,root3:batch_02,0,0,0,case_052,1,16392.0,A2_base,nan,173557.0,810204.0,16392.0,4e5e66b6014b6b7195e0eb9b0eb1c134bd3a1a232f8dda0c57248bf66ab7df7b,nan,826596.0,,0.0,0.0,A0_base,180301.0,b69edd6c961bebae4bf392d7730b9ee3e640720fadf1d71f137fee741c11080f,nan,,1.0,6744.0,0.03740411866822702,3665.0,13503.4,12.852837063258143,0.0,0.0,A,1.0388575511215337,AI_VERIFIED
180301.0,root3:batch_02,0,0,0,case_052,1,225536.0,B3_base,nan,178673.0,810204.0,0.0,6d8f6f1a6851c431b29190b714b27a96288a24836f36c5affc75744193814074,nan,1035740.0,,225536.0,225536.0,B3_base,178673.0,6d8f6f1a6851c431b29190b714b27a96288a24836f36c5affc75744193814074,nan,,1.0091116173120729,0.0,0.0,3665.0,13503.4,13.231704607728425,0.0,0.0,B,1.0091116173120729,AI_VERIFIED
180301.0,root3:batch_02,39168.0,0.04156214584951549,903228.0,case_052,1,225536.0,base_base,nan,178673.0,810204.0,0.0,6d8f6f1a6851c431b29190b714b27a96288a24836f36c5affc75744193814074,nan,1035740.0,,225536.0,225536.0,base_base,178673.0,6d8f6f1a6851c431b29190b714b27a96288a24836f36c5affc75744193814074,nan,,1.0091116173120729,0.0,0.0,3665.0,13503.4,13.231704607728425,0.0,0.0,C,1.0091116173120729,AI_VERIFIED
180301.0,root3:batch_02,0,0,0,case_052,2,102912.0,A1_base,nan,90903.0,810204.0,102912.0,3c38d4e0d592ef715c76256b888375d78e52fa6d46c27939aa18d1e54045d083,nan,913116.0,,0.0,102912.0,A1_base,90903.0,3c38d4e0d592ef715c76256b888375d78e52fa6d46c27939aa18d1e54045d083,nan,,1.9834438907406797,0.0,0.0,3665.0,13503.4,6.731860124116889,0.0,0.0,A,1.9834438907406797,AI_VERIFIED
180301.0,root3:batch_02,0,0,0,case_052,2,102912.0,B1_base,nan,90903.0,810204.0,102912.0,3c38d4e0d592ef715c76256b888375d78e52fa6d46c27939aa18d1e54045d083,nan,913116.0,,0.0,102912.0,B1_base,90903.0,3c38d4e0d592ef715c76256b888375d78e52fa6d46c27939aa18d1e54045d083,nan,,1.9834438907406797,0.0,0.0,3665.0,13503.4,6.731860124116889,0.0,0.0,B,1.9834438907406797,AI_VERIFIED
180301.0,root3:batch_02,102912.0,0.11272394288443255,810044.0,case_052,2,102912.0,base_base,nan,90903.0,810204.0,102912.0,3c38d4e0d592ef715c76256b888375d78e52fa6d46c27939aa18d1e54045d083,nan,913116.0,,0.0,102912.0,base_base,90903.0,3c38d4e0d592ef715c76256b888375d78e52fa6d46c27939aa18d1e54045d083,nan,,1.9834438907406797,0.0,0.0,3665.0,13503.4,6.731860124116889,0.0,0.0,C,1.9834438907406797,AI_VERIFIED
180301.0,root3:batch_02,0,0,0,case_052,3,181248.0,A1_base,nan,61071.0,810204.0,181248.0,62d8a8a52839aff3f7f5fa9e9dcf80fd36a5c36b8fdb73a95ef1484e541b7791,nan,991452.0,,0.0,181248.0,A1_base,61071.0,62d8a8a52839aff3f7f5fa9e9dcf80fd36a5c36b8fdb73a95ef1484e541b7791,nan,,2.952317794042999,0.0,0.0,3665.0,13503.4,4.522638742835138,0.0,0.0,A,2.952317794042999,AI_VERIFIED
180301.0,root3:batch_02,0,0,0,case_052,3,181248.0,B1_base,nan,61071.0,810204.0,181248.0,62d8a8a52839aff3f7f5fa9e9dcf80fd36a5c36b8fdb73a95ef1484e541b7791,nan,991452.0,,0.0,181248.0,B1_base,61071.0,62d8a8a52839aff3f7f5fa9e9dcf80fd36a5c36b8fdb73a95ef1484e541b7791,nan,,2.952317794042999,0.0,0.0,3665.0,13503.4,4.522638742835138,0.0,0.0,B,2.952317794042999,AI_VERIFIED
180301.0,root3:batch_02,181248.0,0.18284017221968904,810044.0,case_052,3,181248.0,base_base,nan,61071.0,810204.0,181248.0,62d8a8a52839aff3f7f5fa9e9dcf80fd36a5c36b8fdb73a95ef1484e541b7791,nan,991452.0,,0.0,181248.0,base_base,61071.0,62d8a8a52839aff3f7f5fa9e9dcf80fd36a5c36b8fdb73a95ef1484e541b7791,nan,,2.952317794042999,0.0,0.0,3665.0,13503.4,4.522638742835138,0.0,0.0,C,2.952317794042999,AI_VERIFIED
180301.0,root3:batch_02,0,0,0,case_052,4,254976.0,A1_base,nan,45610.0,810204.0,254976.0,ec5c895d8333314645004535909813baf9093b83633249900310aa5948b80407,nan,1065180.0,,0.0,254976.0,A1_base,45610.0,ec5c895d8333314645004535909813baf9093b83633249900310aa5948b80407,nan,,3.9531023898267925,0.0,0.0,3665.0,13503.4,3.377667846616408,0.0,0.0,A,3.9531023898267925,AI_VERIFIED
180301.0,root3:batch_02,0,0,0,case_052,4,254976.0,B1_base,nan,45610.0,810204.0,254976.0,ec5c895d8333314645004535909813baf9093b83633249900310aa5948b80407,nan,1065180.0,,0.0,254976.0,B1_base,45610.0,ec5c895d8333314645004535909813baf9093b83633249900310aa5948b80407,nan,,3.9531023898267925,0.0,0.0,3665.0,13503.4,3.377667846616408,0.0,0.0,B,3.9531023898267925,AI_VERIFIED
180301.0,root3:batch_02,176640.0,0.1658560402621547,888380.0,case_052,4,254976.0,base_base,nan,45610.0,810204.0,254976.0,ec5c895d8333314645004535909813baf9093b83633249900310aa5948b80407,nan,1065180.0,,0.0,254976.0,base_base,45610.0,ec5c895d8333314645004535909813baf9093b83633249900310aa5948b80407,nan,,3.9531023898267925,0.0,0.0,3665.0,13503.4,3.377667846616408,0.0,0.0,C,3.9531023898267925,AI_VERIFIED
180301.0,root3:batch_02,0,0,0,case_052,5,328704.0,A1_base,nan,37387.0,810204.0,328704.0,bbbf5516864400563c441cbb292196b0d97423f349aa9eefd4837eafb2e89563,nan,1138908.0,,0.0,328704.0,A1_base,37387.0,bbbf5516864400563c441cbb292196b0d97423f349aa9eefd4837eafb2e89563,nan,,4.822558643378715,0.0,0.0,3665.0,13503.4,2.7687101026408163,0.0,0.0,A,4.822558643378715,AI_VERIFIED
180301.0,root3:batch_02,0,0,0,case_052,5,328704.0,B1_base,nan,37387.0,810204.0,328704.0,bbbf5516864400563c441cbb292196b0d97423f349aa9eefd4837eafb2e89563,nan,1138908.0,,0.0,328704.0,B1_base,37387.0,bbbf5516864400563c441cbb292196b0d97423f349aa9eefd4837eafb2e89563,nan,,4.822558643378715,0.0,0.0,3665.0,13503.4,2.7687101026408163,0.0,0.0,B,4.822558643378715,AI_VERIFIED
180301.0,root3:batch_02,296448.0,0.26032800935764544,842300.0,case_052,5,328704.0,base_base,nan,37387.0,810204.0,328704.0,bbbf5516864400563c441cbb292196b0d97423f349aa9eefd4837eafb2e89563,nan,1138908.0,,0.0,328704.0,base_base,37387.0,bbbf5516864400563c441cbb292196b0d97423f349aa9eefd4837eafb2e89563,nan,,4.822558643378715,0.0,0.0,3665.0,13503.4,2.7687101026408163,0.0,0.0,C,4.822558643378715,AI_VERIFIED
1472686.0,root3:batch_02,0,0,0,case_053,1,5508790.0,A2_base,nan,1471202.0,2995288.0,103254.0,c8b97ddcf3974cd0c4bd6829b30fe9bfa88dce08d9e77b17001cec58e4a61d89,nan,8504078.0,,5405536.0,5405536.0,A0_base,1472686.0,8e9e907e69fa65fc0593fb90e31fc21b2f5a21f6ac3f30371243f1dd925973ee,nan,,1.0,1484.0,0.0010076825609804127,56912.0,56912.0,25.85047090244588,0.0,0.0,A,1.0010086990093814,AI_VERIFIED
1472686.0,root3:batch_02,0,0,0,case_053,1,4047952.0,B3_base,nan,1448004.0,2995288.0,0.0,d7b5755884b78470cfe3ad07de2cba732cef441869f95074ba2032b6ece0a77a,nan,7043240.0,,4047952.0,4047952.0,B3_base,1448004.0,d7b5755884b78470cfe3ad07de2cba732cef441869f95074ba2032b6ece0a77a,nan,,1.0170455330233894,0.0,0.0,56912.0,56912.0,25.44285915096992,0.0,0.0,B,1.0170455330233894,AI_VERIFIED
1472686.0,root3:batch_02,2668704.0,0.39643539941322836,4063046.0,case_053,1,4047952.0,base_base,nan,1426552.0,2995288.0,0.0,d7b5755884b78470cfe3ad07de2cba732cef441869f95074ba2032b6ece0a77a,nan,7043240.0,,4047952.0,4047952.0,base_base,1426552.0,d7b5755884b78470cfe3ad07de2cba732cef441869f95074ba2032b6ece0a77a,nan,,1.0323395151386,0.0,0.0,56912.0,56912.0,25.065926342423392,0.0,0.0,C,1.0323395151386,AI_VERIFIED
1472686.0,root3:batch_02,0,0,0,case_053,2,5974464.0,A1_base,nan,828335.0,2995288.0,1034752.0,eee8c5e866b28b52ce0bd9db7c1fa843be2196477f97a3dd7f750e29e89b8386,nan,8969752.0,,4939712.0,5974464.0,A1_base,828335.0,eee8c5e866b28b52ce0bd9db7c1fa843be2196477f97a3dd7f750e29e89b8386,nan,,1.7778869660222012,0.0,0.0,56912.0,56912.0,14.554663339893168,0.0,0.0,A,1.7778869660222012,AI_VERIFIED
1472686.0,root3:batch_02,0,0,0,case_053,2,5974464.0,B1_base,nan,828335.0,2995288.0,1034752.0,eee8c5e866b28b52ce0bd9db7c1fa843be2196477f97a3dd7f750e29e89b8386,nan,8969752.0,,4939712.0,5974464.0,B1_base,828335.0,eee8c5e866b28b52ce0bd9db7c1fa843be2196477f97a3dd7f750e29e89b8386,nan,,1.7778869660222012,0.0,0.0,56912.0,56912.0,14.554663339893168,0.0,0.0,B,1.7778869660222012,AI_VERIFIED
1472686.0,root3:batch_02,4183488.0,0.47430858002703347,4636694.0,case_053,2,5974464.0,base_base,nan,796880.0,2995288.0,1034752.0,eee8c5e866b28b52ce0bd9db7c1fa843be2196477f97a3dd7f750e29e89b8386,nan,8969752.0,,4939712.0,5974464.0,base_base,796880.0,eee8c5e866b28b52ce0bd9db7c1fa843be2196477f97a3dd7f750e29e89b8386,nan,,1.84806495331794,0.0,0.0,56912.0,56912.0,14.0019679505201,0.0,0.0,C,1.84806495331794,AI_VERIFIED
1472686.0,root3:batch_02,0,0,0,case_053,3,5803072.0,A1_base,nan,542159.0,2995288.0,1034752.0,003d8f829a0649057485c6ed11be3828037448c8c93283a69a043589b8374a10,nan,8798360.0,,4768320.0,5803072.0,A1_base,542159.0,003d8f829a0649057485c6ed11be3828037448c8c93283a69a043589b8374a10,nan,,2.7163359826176454,0.0,0.0,56912.0,56912.0,9.526268625245994,0.0,0.0,A,2.7163359826176454,AI_VERIFIED
1472686.0,root3:batch_02,0,0,0,case_053,3,5405536.0,B0_base,nan,1472686.0,2995288.0,0.0,f786fca953d6d04183bc2eb7f6ec9e129ed0cb254e9618d165e035b4ace7eb92,nan,8400824.0,,5405536.0,5405536.0,B0_base,1472686.0,f786fca953d6d04183bc2eb7f6ec9e129ed0cb254e9618d165e035b4ace7eb92,nan,,1.0,0.0,0.0,56912.0,56912.0,25.876546246837222,0.0,0.0,B,1.0,AI_VERIFIED
1472686.0,root3:batch_02,5155968.0,0.6248708378144704,3095286.0,case_053,3,5405536.0,base_base,nan,1428109.0,2995288.0,0.0,f786fca953d6d04183bc2eb7f6ec9e129ed0cb254e9618d165e035b4ace7eb92,nan,8400824.0,,5405536.0,5405536.0,base_base,1428109.0,f786fca953d6d04183bc2eb7f6ec9e129ed0cb254e9618d165e035b4ace7eb92,nan,,1.0312140039730862,0.0,0.0,56912.0,56912.0,25.093284368850156,0.0,0.0,C,1.0312140039730862,AI_VERIFIED
1472686.0,root3:batch_02,0,0,0,case_053,4,6360992.0,A1_base,nan,492232.0,2995288.0,2069504.0,ccdf71a645f4d44efacd4df044ca27f1a1199f5c1e75fbba07a4e84c8a6c6093,nan,9356280.0,,4291488.0,7316794.0,A3_base,1429785.0,f901c743e63c7aa73c04be581cbc7068fa6981edfbf7c4364e1e03fe0083e64b,nan,,1.0300052105736177,937553.0,0.6557300573163098,56912.0,56912.0,8.64900196795052,0.0,0.0,A,2.991853434965626,AI_VERIFIED
1472686.0,root3:batch_02,0,0,0,case_053,4,5405536.0,B0_base,nan,1472686.0,2995288.0,0.0,d8d3bdc700dfdbb0e00e5000961ce28a86b0347eb90573ae3f63a1cbdce6c36a,nan,8400824.0,,5405536.0,5405536.0,B0_base,1472686.0,d8d3bdc700dfdbb0e00e5000961ce28a86b0347eb90573ae3f63a1cbdce6c36a,nan,,1.0,0.0,0.0,56912.0,56912.0,25.876546246837222,0.0,0.0,B,1.0,AI_VERIFIED
1472686.0,root3:batch_02,5155968.0,0.6248708378144704,3095286.0,case_053,4,5405536.0,base_base,nan,1428109.0,2995288.0,0.0,d8d3bdc700dfdbb0e00e5000961ce28a86b0347eb90573ae3f63a1cbdce6c36a,nan,8400824.0,,5405536.0,5405536.0,base_base,1428109.0,d8d3bdc700dfdbb0e00e5000961ce28a86b0347eb90573ae3f63a1cbdce6c36a,nan,,1.0312140039730862,0.0,0.0,56912.0,56912.0,25.093284368850156,0.0,0.0,C,1.0312140039730862,AI_VERIFIED
1472686.0,root3:batch_02,0,0,0,case_053,5,6918912.0,A1_base,nan,492699.0,2995288.0,3104256.0,4f89855441f22e681b7d235dd85df9e1a96062bd69014b3c1e9534decf08548f,nan,9914200.0,,3814656.0,7050056.0,A3_base,1435659.0,64cfeb4cc8b3bb9c2e9ff3e78c69914fe5ed6c23940fa7152e9faac46908a9b9,nan,,1.0257909433925465,942960.0,0.6568133519171335,56912.0,56912.0,8.657207618779871,0.0,0.0,A,2.9890176355137723,AI_VERIFIED
1472686.0,root3:batch_02,0,0,0,case_053,5,5405536.0,B0_base,nan,1472686.0,2995288.0,0.0,10b228766dc943e52738667b21eb6b0eeb2e34466f2c7f1b0b8de990d2a607a9,nan,8400824.0,,5405536.0,5405536.0,B0_base,1472686.0,10b228766dc943e52738667b21eb6b0eeb2e34466f2c7f1b0b8de990d2a607a9,nan,,1.0,0.0,0.0,56912.0,56912.0,25.876546246837222,0.0,0.0,B,1.0,AI_VERIFIED
1472686.0,root3:batch_02,5155968.0,0.6248708378144704,3095286.0,case_053,5,5405536.0,base_base,nan,1428109.0,2995288.0,0.0,10b228766dc943e52738667b21eb6b0eeb2e34466f2c7f1b0b8de990d2a607a9,nan,8400824.0,,5405536.0,5405536.0,base_base,1428109.0,10b228766dc943e52738667b21eb6b0eeb2e34466f2c7f1b0b8de990d2a607a9,nan,,1.0312140039730862,0.0,0.0,56912.0,56912.0,25.093284368850156,0.0,0.0,C,1.0312140039730862,AI_VERIFIED
815051.0,root2:batch_06,0,0,0,case_054,1,81734.0,A2_base,48.26778512497549,814055.0,1606276.0,81734.0,84740f40f7165df799fdcd9768127d74b1e6c671113883bd61f4e47306f27863,6.7139317500113975,1688010.0,seed,0.0,0.0,A0_base,815051.0,c357a1b959853122a32ef69de4339c45eb05f27909c50ad4180e8044a58f6856,11.348794709017966,seed,1.0,996.0,0.0012220094202694065,20291.0,26771.266666666666,30.407787951759225,0.0,0.0,A,1.0012235045543605,AI_VERIFIED
815051.0,root2:batch_06,0,0,0,case_054,1,165700.0,B3_base,12.260387124988483,796718.0,1606276.0,0.0,bca4ffa678dd4466b619bffe75ae7e4cca58877c194f9146e534245686130076,11.720078707992798,1771976.0,seed,165700.0,165700.0,B3_base,796718.0,bca4ffa678dd4466b619bffe75ae7e4cca58877c194f9146e534245686130076,11.720078707992798,seed,1.0230106511965338,0.0,0.0,20291.0,26771.266666666666,29.760190652166877,0.0,0.0,B,1.0230106511965338,AI_VERIFIED
815051.0,root2:batch_06,0.0,0.0,1689064.0,case_054,1,165700.0,base_base,11.64314737499808,796718.0,1606276.0,0.0,bca4ffa678dd4466b619bffe75ae7e4cca58877c194f9146e534245686130076,11.871948999993037,1771976.0,seed,165700.0,165700.0,base_base,796718.0,bca4ffa678dd4466b619bffe75ae7e4cca58877c194f9146e534245686130076,11.871948999993037,seed,1.0230106511965338,0.0,0.0,20291.0,26771.266666666666,29.760190652166877,0.0,0.0,C,1.0230106511965338,AI_VERIFIED
815051.0,root2:batch_06,0,0,0,case_054,2,268754.0,A2_base,27.405136791989207,814319.0,1606276.0,268754.0,03adce6e4daf5cb3e00d05d7d9504a3ca15d3dadd674d9db8901071211dd5340,4.885124209016794,1875030.0,seed,0.0,4529608.0,A3_base,859626.0,3a63177f83b090e5e981d53f2df548534756827b9380b713460a1553be8f489a,4.51915479201125,seed,0.9481460542142746,45307.0,0.05270547889430985,20291.0,26771.266666666666,30.41764927073554,0.0,0.0,A,1.000898910623478,AI_VERIFIED
815051.0,root2:batch_06,0,0,0,case_054,2,1151662.0,B3_base,9.367628292005975,811945.0,1606276.0,903208.0,b7c12404d482b5e008c3fac05c653d7bf636ae8fd2860b81af51198fc99644a2,8.782290958013618,2757938.0,seed,248454.0,1151662.0,B3_base,811945.0,b7c12404d482b5e008c3fac05c653d7bf636ae8fd2860b81af51198fc99644a2,8.782290958013618,seed,1.0038253822611138,0.0,0.0,20291.0,26771.266666666666,30.328972106910644,0.0,0.0,B,1.0038253822611138,AI_VERIFIED
815051.0,root2:batch_06,20870.0,0.00949201570025788,2177820.0,case_054,2,1151662.0,base_base,9.758170457993401,811945.0,1606276.0,903208.0,b7c12404d482b5e008c3fac05c653d7bf636ae8fd2860b81af51198fc99644a2,8.752985458995681,2757938.0,seed,248454.0,1151662.0,base_base,811945.0,b7c12404d482b5e008c3fac05c653d7bf636ae8fd2860b81af51198fc99644a2,8.752985458995681,seed,1.0038253822611138,0.0,0.0,20291.0,26771.266666666666,30.328972106910644,0.0,0.0,C,1.0038253822611138,AI_VERIFIED
815051.0,root2:batch_06,0,0,0,case_054,3,398878.0,A2_base,16.936906500020996,815290.0,1606276.0,398878.0,5d4aa2b885c74413d6db223d11b9c4fa8c1fb0a3f15455e6e9ce4ac7beb830ef,4.046115250006551,2005154.0,seed,0.0,5590196.0,A3_base,853340.0,2f8406f82b5404ccec0f535b1eaa7ef4f523f13a3b266fba8bf2e4d29c4a0d17,3.958088667015545,seed,0.955130428668526,38050.0,0.04458949539456723,20291.0,26771.266666666666,30.453919500758275,0.0,0.0,A,0.9997068527763128,AI_VERIFIED
815051.0,root2:batch_06,0,0,0,case_054,3,2568974.0,B3_base,9.314975583023624,806897.0,1606276.0,2513420.0,fb18c105889121b0ff6162020cabaf73293bf735001a24810bc204c4a28088a8,8.169443291000789,4175250.0,seed,55554.0,2568974.0,B3_base,806897.0,fb18c105889121b0ff6162020cabaf73293bf735001a24810bc204c4a28088a8,8.169443291000789,seed,1.0101053790012853,0.0,0.0,20291.0,26771.266666666666,30.140411734969582,0.0,0.0,B,1.0101053790012853,AI_VERIFIED
815051.0,root2:batch_06,26884.0,0.009250179436414823,2879438.0,case_054,3,2568974.0,base_base,10.042110416979995,806897.0,1606276.0,2513420.0,fb18c105889121b0ff6162020cabaf73293bf735001a24810bc204c4a28088a8,8.92129370899056,4175250.0,seed,55554.0,2568974.0,base_base,806897.0,fb18c105889121b0ff6162020cabaf73293bf735001a24810bc204c4a28088a8,8.92129370899056,seed,1.0101053790012853,0.0,0.0,20291.0,26771.266666666666,30.140411734969582,0.0,0.0,C,1.0101053790012853,AI_VERIFIED
815051.0,root2:batch_06,0,0,0,case_054,4,611240.0,A2_base,10.252084541018121,814210.0,1606276.0,611240.0,a6a33cdeea6ef6be61f3cb5365bb747a18bad18d5c11f102816dfcb0e593af83,3.904254082997795,2217516.0,seed,0.0,6187362.0,A3_base,868361.0,7e29ecf84e4b78ab5ed508dab513b1c68530e36f22ff89a6aba1b9baa17ee324,4.424038917000871,seed,0.9386084819562371,54151.0,0.06236000925882208,20291.0,26771.266666666666,30.413577741309712,0.0,0.0,A,1.0010329030594072,AI_VERIFIED
815051.0,root2:batch_06,0,0,0,case_054,4,3680884.0,B3_base,7.897796083998401,831731.0,1606276.0,3671664.0,c8f97b06b21d4b476d48c5f4d9c2b6f55b6b074a95e35d50b7d9700777d22c17,6.4678493330138735,5287160.0,seed,9220.0,3680884.0,B3_base,831731.0,c8f97b06b21d4b476d48c5f4d9c2b6f55b6b074a95e35d50b7d9700777d22c17,6.4678493330138735,seed,0.9799454390902828,0.0,0.0,20291.0,26771.266666666666,31.068048081400708,0.0,0.0,B,0.9799454390902828,AI_VERIFIED
815051.0,root2:batch_06,110024.0,0.03290043807843548,3234126.0,case_054,4,3401618.0,base_aggregate_tid_1000013457,5.585427125013666,830580.0,1606276.0,3360048.0,2b79d2ffda29aa0897e5b1b63d45ecb5ba2c5c7921f799b42b6e4a60e1afe46e,5.156172415998299,5007894.0,aggregate,41570.0,3680884.0,base_base,831696.0,c8f97b06b21d4b476d48c5f4d9c2b6f55b6b074a95e35d50b7d9700777d22c17,5.786405332997674,seed,0.9799866778245897,1116.0,0.0013418364402377793,20291.0,26771.266666666666,31.02505422480321,0.0,0.0,C,0.9813034265212262,AI_VERIFIED
815051.0,root2:batch_06,0,0,0,case_054,5,721072.0,A2_base,8.080235500005074,815870.0,1606276.0,721072.0,f524b5efff3da5851d7eebf670bafd18fd44d1bb603df5f4d3af59a8020f51af,2.2709034160070587,2327348.0,seed,0.0,6622408.0,A3_base,882979.0,86599b288f9fb333ba54e722b04b3802bc90e21b2991db9339ff8ad80586c758,2.8350051250017714,seed,0.9230695180746088,67109.0,0.07600294004727179,20291.0,26771.266666666666,30.475584519721394,0.0,0.0,A,0.9989961636044958,AI_VERIFIED
815051.0,root2:batch_06,0,0,0,case_054,5,4435958.0,B3_base,6.076774916989962,822478.0,1606276.0,4381428.0,0e8f7b4c41d53240e24ec7d9a57a8c0362aaa9c719073bfddad48d37f32c2be2,4.403505166003015,6042234.0,seed,54530.0,4435958.0,B3_base,822478.0,0e8f7b4c41d53240e24ec7d9a57a8c0362aaa9c719073bfddad48d37f32c2be2,4.403505166003015,seed,0.9909699712332731,0.0,0.0,20291.0,26771.266666666666,30.722416321977047,0.0,0.0,B,0.9909699712332731,AI_VERIFIED
815051.0,root2:batch_06,173322.0,0.044815390749395084,3694144.0,case_054,5,4435958.0,base_base,2.9638589170062914,822451.0,1606276.0,4381428.0,0e8f7b4c41d53240e24ec7d9a57a8c0362aaa9c719073bfddad48d37f32c2be2,4.145351584011223,6042234.0,seed,54530.0,4435958.0,base_base,822451.0,0e8f7b4c41d53240e24ec7d9a57a8c0362aaa9c719073bfddad48d37f32c2be2,4.145351584011223,seed,0.9910025034926093,0.0,0.0,20291.0,26771.266666666666,30.72140777799083,0.0,0.0,C,0.9910025034926093,AI_VERIFIED
118835.0,root2:batch_09,0,0,0,case_055,1,73732.0,A2_base,0.5402994170144666,116367.0,625810.0,73732.0,7ce78382345ad3100965dc9f552b53d7338befb7799c4c9ec7711e03c6a7a331,0.27296174998627976,699542.0,seed,0.0,69632.0,A0_base,118835.0,9d78877632124b522ee3061be080bb471ea891b066c48f9157e2ced87bf11a22,0.3717302080185618,seed,1.0,2468.0,0.02076829216981529,6962.0,10430.166666666666,11.156772822422141,0.0,0.0,A,1.0212087619342254,AI_VERIFIED
118835.0,root2:batch_09,0,0,0,case_055,1,431696.0,B3_base,0.42261162502109073,121890.0,625810.0,0.0,8a3b1cddd5e75026dc394d89457cd0e8a59100e3e6c6b3870e6c2f896b0ea2ac,0.3317882080154959,1057506.0,seed,431696.0,431696.0,B3_base,121890.0,8a3b1cddd5e75026dc394d89457cd0e8a59100e3e6c6b3870e6c2f896b0ea2ac,0.3317882080154959,seed,0.9749364180818771,0.0,0.0,6962.0,10430.166666666666,11.686294562247328,0.0,0.0,B,0.9749364180818771,AI_VERIFIED
118835.0,root2:batch_09,86016.0,0.0972428856319838,798532.0,case_055,1,431696.0,base_base,0.43761762499343604,120648.0,625810.0,0.0,8a3b1cddd5e75026dc394d89457cd0e8a59100e3e6c6b3870e6c2f896b0ea2ac,0.4890780829882715,1057506.0,seed,431696.0,431696.0,base_base,120648.0,8a3b1cddd5e75026dc394d89457cd0e8a59100e3e6c6b3870e6c2f896b0ea2ac,0.4890780829882715,seed,0.9849728134739075,0.0,0.0,6962.0,10430.166666666666,11.56721688691456,0.0,0.0,C,0.9849728134739075,AI_VERIFIED
118835.0,root2:batch_09,0,0,0,case_055,2,74240.0,A1_base,0.7324488330050372,61686.0,625810.0,57856.0,1dbd9e14a083b8ef41a169a183f11d5285dd25ea1b3c4788893004ff20914b33,0.2558802090061363,700050.0,seed,16384.0,74240.0,A1_base,61686.0,1dbd9e14a083b8ef41a169a183f11d5285dd25ea1b3c4788893004ff20914b33,0.2558802090061363,seed,1.9264500859190092,0.0,0.0,6962.0,10430.166666666666,5.914191208194181,0.0,0.0,A,1.9264500859190092,AI_VERIFIED
118835.0,root2:batch_09,0,0,0,case_055,2,74240.0,B1_base,0.38747687501017936,61686.0,625810.0,57856.0,1dbd9e14a083b8ef41a169a183f11d5285dd25ea1b3c4788893004ff20914b33,0.2949495410139207,700050.0,seed,16384.0,74240.0,B1_base,61686.0,1dbd9e14a083b8ef41a169a183f11d5285dd25ea1b3c4788893004ff20914b33,0.2949495410139207,seed,1.9264500859190092,0.0,0.0,6962.0,10430.166666666666,5.914191208194181,0.0,0.0,B,1.9264500859190092,AI_VERIFIED
118835.0,root2:batch_09,74240.0,0.10606744655195076,625692.0,case_055,2,74240.0,base_base,0.29848533400218,61686.0,625810.0,57856.0,1dbd9e14a083b8ef41a169a183f11d5285dd25ea1b3c4788893004ff20914b33,0.35545645901584066,700050.0,seed,16384.0,74240.0,base_base,61686.0,1dbd9e14a083b8ef41a169a183f11d5285dd25ea1b3c4788893004ff20914b33,0.35545645901584066,seed,1.9264500859190092,0.0,0.0,6962.0,10430.166666666666,5.914191208194181,0.0,0.0,C,1.9264500859190092,AI_VERIFIED
118835.0,root2:batch_09,0,0,0,case_055,3,115712.0,A1_base,0.7294676250021439,42047.0,625810.0,115712.0,0813f11879f0384362289c5ee94948858e24889285521187b396a5b775978242,0.2232002079836093,741522.0,seed,0.0,115712.0,A1_base,42047.0,0813f11879f0384362289c5ee94948858e24889285521187b396a5b775978242,0.2232002079836093,seed,2.8262420624539204,0.0,0.0,6962.0,10430.166666666666,4.031287451462904,0.0,0.0,A,2.8262420624539204,AI_VERIFIED
118835.0,root2:batch_09,0,0,0,case_055,3,115712.0,B1_base,0.265340334008215,42047.0,625810.0,115712.0,0813f11879f0384362289c5ee94948858e24889285521187b396a5b775978242,0.23923962499247864,741522.0,seed,0.0,115712.0,B1_base,42047.0,0813f11879f0384362289c5ee94948858e24889285521187b396a5b775978242,0.23923962499247864,seed,2.8262420624539204,0.0,0.0,6962.0,10430.166666666666,4.031287451462904,0.0,0.0,B,2.8262420624539204,AI_VERIFIED
118835.0,root2:batch_09,115712.0,0.15607145362042826,625692.0,case_055,3,115712.0,base_base,0.3479836250189692,42047.0,625810.0,115712.0,0813f11879f0384362289c5ee94948858e24889285521187b396a5b775978242,0.311526709003374,741522.0,seed,0.0,115712.0,base_base,42047.0,0813f11879f0384362289c5ee94948858e24889285521187b396a5b775978242,0.311526709003374,seed,2.8262420624539204,0.0,0.0,6962.0,10430.166666666666,4.031287451462904,0.0,0.0,C,2.8262420624539204,AI_VERIFIED
118835.0,root2:batch_09,0,0,0,case_055,4,173568.0,A1_base,0.6435687500052154,32099.0,625810.0,173568.0,4e64b5428f693fc223421516f94a91f08b8e5d6a38d8f2d1446bff795a9dbf13,0.3215199999976903,799378.0,seed,0.0,173568.0,A1_base,32099.0,4e64b5428f693fc223421516f94a91f08b8e5d6a38d8f2d1446bff795a9dbf13,0.3215199999976903,seed,3.7021402535904544,0.0,0.0,6962.0,10430.166666666666,3.0775155398603413,0.0,0.0,A,3.7021402535904544,AI_VERIFIED
118835.0,root2:batch_09,0,0,0,case_055,4,173568.0,B1_base,0.26197329198475927,32099.0,625810.0,173568.0,4e64b5428f693fc223421516f94a91f08b8e5d6a38d8f2d1446bff795a9dbf13,0.2557689169771038,799378.0,seed,0.0,173568.0,B1_base,32099.0,4e64b5428f693fc223421516f94a91f08b8e5d6a38d8f2d1446bff795a9dbf13,0.2557689169771038,seed,3.7021402535904544,0.0,0.0,6962.0,10430.166666666666,3.0775155398603413,0.0,0.0,B,3.7021402535904544,AI_VERIFIED
118835.0,root2:batch_09,173568.0,0.21716087380827265,625692.0,case_055,4,173568.0,base_base,0.2932995420123916,32099.0,625810.0,173568.0,4e64b5428f693fc223421516f94a91f08b8e5d6a38d8f2d1446bff795a9dbf13,0.28882920800242573,799378.0,seed,0.0,173568.0,base_base,32099.0,4e64b5428f693fc223421516f94a91f08b8e5d6a38d8f2d1446bff795a9dbf13,0.28882920800242573,seed,3.7021402535904544,0.0,0.0,6962.0,10430.166666666666,3.0775155398603413,0.0,0.0,C,3.7021402535904544,AI_VERIFIED
118835.0,root2:batch_09,0,0,0,case_055,5,199780.0,A2_move,0.3891257500217762,110002.0,625810.0,199780.0,e9708e2ec2437fee585cf2c5c40ac64a945575bd759787f922c28322dc69a55a,0.23372762501821853,825590.0,ordinary,0.0,199780.0,A2_base,110902.0,4d75a3c217bcadfa89c8ccf133c159def04885e382b481db951136f3a67ac80b,0.2095518329879269,seed,1.0715316225135705,900.0,0.008115272943680005,6962.0,10430.166666666666,10.546523705277961,0.0,0.0,A,1.080298540026545,AI_VERIFIED
118835.0,root2:batch_09,0,0,0,case_055,5,231424.0,B1_base,0.28434233300504275,25635.0,625810.0,231424.0,d43517f8a45ef83636f867f4d628d013961ad6ff7b7ac2ddb994756c2a7b74e1,0.257700542017119,857234.0,seed,0.0,173568.0,B1_move,47354.0,58436128e2501a57bfafdc4a03a99b05614821e7215b8a9a19f78e9d5a800355,0.3168005000043195,ordinary,2.5095028931030114,21719.0,0.4586518562317861,6962.0,10430.166666666666,2.4577747239577508,0.0,0.0,B,4.635654378779013,AI_VERIFIED
118835.0,root2:batch_09,189952.0,0.2216176106851348,667164.0,case_055,5,231424.0,base_base,0.2917176669870969,25635.0,625810.0,231424.0,d43517f8a45ef83636f867f4d628d013961ad6ff7b7ac2ddb994756c2a7b74e1,0.26859754099859856,857234.0,seed,0.0,231424.0,base_base,25635.0,d43517f8a45ef83636f867f4d628d013961ad6ff7b7ac2ddb994756c2a7b74e1,0.26859754099859856,seed,4.635654378779013,0.0,0.0,6962.0,10430.166666666666,2.4577747239577508,0.0,0.0,C,4.635654378779013,AI_VERIFIED
277285.0,root3:batch_02,0,0,0,case_056,1,0.0,A0_base,nan,277285.0,221600.0,0.0,0c57d654ffccce0c6ddb2d77b8e72270ef1672c6dbaf617089a6b338d716ba4f,nan,221600.0,,0.0,0.0,A0_base,277285.0,0c57d654ffccce0c6ddb2d77b8e72270ef1672c6dbaf617089a6b338d716ba4f,nan,,1.0,0.0,0.0,13737.0,13737.0,20.185266069738663,0.0,0.0,A,1.0,AI_VERIFIED
277285.0,root3:batch_02,0,0,0,case_056,1,0.0,B3_aggregate,nan,278736.0,221600.0,0.0,2d69664b0ef6b1f4d1c31a9dbe034cbec0658fb762bd7d69548e1873d285fa18,nan,221600.0,,0.0,0.0,B3_base,279160.0,35e22a9df69adcae53611ed33404ccf40747f9ea5a729bdeedb07eedf51ab24a,nan,,0.9932834216936524,424.0,0.0015188422410087406,13737.0,13737.0,20.290893208124043,0.0,0.0,B,0.9947943573847655,AI_VERIFIED
277285.0,root3:batch_02,0.0,0.0,221526.0,case_056,1,0.0,base_aggregate,nan,277966.0,221600.0,0.0,edbeac99bd5af5cfc7f8e8b7aecd1624fe9c08d0e742abd939bf773d77a38c29,nan,221600.0,,0.0,0.0,base_base,278736.0,2d69664b0ef6b1f4d1c31a9dbe034cbec0658fb762bd7d69548e1873d285fa18,nan,,0.9947943573847655,770.0,0.0027624705814821193,13737.0,13737.0,20.234840212564606,0.0,0.0,C,0.9975500600792903,AI_VERIFIED
277285.0,root3:batch_02,0,0,0,case_056,2,257458.0,A2_base,nan,280280.0,221600.0,257458.0,c4fa9c4522fcb7cb9448d2b7613b0a15470e390c4ca12fb1a5ad5336f7bbc571,nan,479058.0,,0.0,257458.0,A2_base,280280.0,c4fa9c4522fcb7cb9448d2b7613b0a15470e390c4ca12fb1a5ad5336f7bbc571,nan,,0.9893142571714,0.0,0.0,13737.0,13737.0,20.403290383635436,0.0,0.0,A,0.9893142571714,AI_VERIFIED
277285.0,root3:batch_02,0,0,0,case_056,2,169190.0,B2_base,nan,281905.0,221600.0,169190.0,7f193634059f07d00629068e1be220f2af67998f31eaae9cc0bd6bec6975fd26,nan,390790.0,,0.0,888420.0,B3_base,287721.0,52c048edca349b3e3dc415e4eb18cc5b9ba67de03dae8d989dd026f6c00e158a,nan,,0.963728751116533,5816.0,0.02021402678289037,13737.0,13737.0,20.52158404309529,0.0,0.0,B,0.9836115003281247,AI_VERIFIED
277285.0,root3:batch_02,38.0,0.00012412621676357222,306102.0,case_056,2,169190.0,base_base,nan,281905.0,221600.0,169190.0,7f193634059f07d00629068e1be220f2af67998f31eaae9cc0bd6bec6975fd26,nan,390790.0,,0.0,169190.0,base_base,281905.0,7f193634059f07d00629068e1be220f2af67998f31eaae9cc0bd6bec6975fd26,nan,,0.9836115003281247,0.0,0.0,13737.0,13737.0,20.52158404309529,0.0,0.0,C,0.9836115003281247,AI_VERIFIED
277285.0,root3:batch_02,0,0,0,case_056,3,376860.0,A2_base,nan,284514.0,221600.0,376860.0,92bb292e100d13f67b77dbe64b6f2d49a9f7abc0005953c7941cf383b106585c,nan,598460.0,,0.0,376860.0,A2_base,284514.0,92bb292e100d13f67b77dbe64b6f2d49a9f7abc0005953c7941cf383b106585c,nan,,0.9745917599836915,0.0,0.0,13737.0,13737.0,20.711509063114217,0.0,0.0,A,0.9745917599836915,AI_VERIFIED
277285.0,root3:batch_02,0,0,0,case_056,3,946252.0,B2_base,nan,285038.0,221600.0,946252.0,dda310ee2e2b8bd3dafd4532f814867aca5ebf8c4a357dd9ba80aceeb86214a0,nan,1167852.0,,0.0,946252.0,B2_base,285038.0,dda310ee2e2b8bd3dafd4532f814867aca5ebf8c4a357dd9ba80aceeb86214a0,nan,,0.9728001178790197,0.0,0.0,13737.0,13737.0,20.749654218533887,0.0,0.0,B,0.9728001178790197,AI_VERIFIED
277285.0,root3:batch_02,1100.0,0.0015822739290163148,694102.0,case_056,3,946252.0,base_base,nan,285038.0,221600.0,946252.0,dda310ee2e2b8bd3dafd4532f814867aca5ebf8c4a357dd9ba80aceeb86214a0,nan,1167852.0,,0.0,946252.0,base_base,285038.0,dda310ee2e2b8bd3dafd4532f814867aca5ebf8c4a357dd9ba80aceeb86214a0,nan,,0.9728001178790197,0.0,0.0,13737.0,13737.0,20.749654218533887,0.0,0.0,C,0.9728001178790197,AI_VERIFIED
277285.0,root3:batch_02,0,0,0,case_056,4,502118.0,A2_base,nan,284750.0,221600.0,502118.0,ad7ffc825c8d0ec85adb823196cfb30a46a053b6c1d443552b72db0b09459963,nan,723718.0,,0.0,502118.0,A2_base,284750.0,ad7ffc825c8d0ec85adb823196cfb30a46a053b6c1d443552b72db0b09459963,nan,,0.9737840210711151,0.0,0.0,13737.0,13737.0,20.728688942272694,0.0,0.0,A,0.9737840210711151,AI_VERIFIED
277285.0,root3:batch_02,0,0,0,case_056,4,964018.0,B2_base,nan,286916.0,221600.0,964018.0,5edb342f69870bdc536abb58fef93ebdc64938fd8871bc48060ee8b96b4394bb,nan,1185618.0,,0.0,964018.0,B2_base,286916.0,5edb342f69870bdc536abb58fef93ebdc64938fd8871bc48060ee8b96b4394bb,nan,,0.966432684130547,0.0,0.0,13737.0,13737.0,20.88636529082041,0.0,0.0,B,0.966432684130547,AI_VERIFIED
277285.0,root3:batch_02,1646.0,0.0023368731898461012,702714.0,case_056,4,964018.0,base_base,nan,286914.0,221600.0,964018.0,5edb342f69870bdc536abb58fef93ebdc64938fd8871bc48060ee8b96b4394bb,nan,1185618.0,,0.0,964018.0,base_base,286914.0,5edb342f69870bdc536abb58fef93ebdc64938fd8871bc48060ee8b96b4394bb,nan,,0.9664394208717595,0.0,0.0,13737.0,13737.0,20.886219698624153,0.0,0.0,C,0.9664394208717595,AI_VERIFIED
277285.0,root3:batch_02,0,0,0,case_056,5,518510.0,A2_base,nan,285197.0,221600.0,518510.0,e5ec821d2a5e9d8302ddc772ff25cf4844d95ff27ab1eb7f18f82d16a500f27a,nan,740110.0,,0.0,518510.0,A2_base,285197.0,e5ec821d2a5e9d8302ddc772ff25cf4844d95ff27ab1eb7f18f82d16a500f27a,nan,,0.9722577726974687,0.0,0.0,13737.0,13737.0,20.76122879813642,0.0,0.0,A,0.9722577726974687,AI_VERIFIED
277285.0,root3:batch_02,0,0,0,case_056,5,1277142.0,B2_base,nan,290020.0,221600.0,1277142.0,6ddd63c295d419d404088baeb6f022550f184160856a46451a9a44c9758e5bd4,nan,1498742.0,,0.0,1277142.0,B2_base,290020.0,6ddd63c295d419d404088baeb6f022550f184160856a46451a9a44c9758e5bd4,nan,,0.9560892352251569,0.0,0.0,13737.0,13737.0,21.112324379413263,0.0,0.0,B,0.9560892352251569,AI_VERIFIED
277285.0,root3:batch_02,8852.0,0.011999848171826113,728824.0,case_056,5,1023446.0,base_aggregate_tid_1000005341,nan,286484.0,221600.0,1023446.0,f14d0760a3fa4148a43a34de93bc506ac40a23e55a2d9d9b41d058b1f98c8776,nan,1245046.0,,0.0,1277142.0,base_base,290020.0,6ddd63c295d419d404088baeb6f022550f184160856a46451a9a44c9758e5bd4,nan,,0.9560892352251569,3536.0,0.012192262602579133,13737.0,13737.0,20.854917376428624,0.0,0.0,C,0.9678900043283395,AI_VERIFIED
59726.0,root3:batch_02,0,0,0,case_057,1,77832.0,A2_base,nan,59366.0,342460.0,77832.0,960a23ec5ad6178c5c109ed2591faf25735d5ca143162e16bf5f537a89c61310,nan,420292.0,,0.0,94216.0,A0_base,59726.0,623f934100687fd982b153768b5476e4ef334666fc9bb500740b4357f8a460ba,nan,,1.0,360.0,0.0060275257006998624,8189.0,8189.0,7.249481011112468,0.0,0.0,A,1.0060640770811575,AI_VERIFIED
59726.0,root3:batch_02,0,0,0,case_057,1,319558.0,B3_base,nan,58953.0,342460.0,0.0,afe0716fc3aff5f4ef72e250189793971dd249dbb324670b957234afcd727db4,nan,662018.0,,319558.0,286830.0,B3_aggregate,59020.0,d8f75e3c2c5a99476da17ffd3bd6648a9a70a9db5eb5b73c03a57182038765c5,nan,,1.0119620467638089,67.0,0.001135208403930871,8189.0,8189.0,7.199047502747589,0.0,0.0,B,1.013112140179465,AI_VERIFIED
59726.0,root3:batch_02,110598.0,0.20048000058006113,441068.0,case_057,1,319558.0,base_base,nan,58106.0,342460.0,0.0,afe0716fc3aff5f4ef72e250189793971dd249dbb324670b957234afcd727db4,nan,662018.0,,319558.0,319558.0,base_base,58106.0,afe0716fc3aff5f4ef72e250189793971dd249dbb324670b957234afcd727db4,nan,,1.027880081230854,0.0,0.0,8189.0,8189.0,7.0956160703382585,0.0,0.0,C,1.027880081230854,AI_VERIFIED
59726.0,root3:batch_02,0,0,0,case_057,2,22304.0,A1_base,nan,30183.0,342460.0,14112.0,8d244a74b12de376738bc1a17ee401e383c6fda640b00c3699cac8dab94fae5b,nan,364764.0,,8192.0,22304.0,A1_base,30183.0,8d244a74b12de376738bc1a17ee401e383c6fda640b00c3699cac8dab94fae5b,nan,,1.9787960109995693,0.0,0.0,8189.0,8189.0,3.685798021736476,0.0,0.0,A,1.9787960109995693,AI_VERIFIED
59726.0,root3:batch_02,0,0,0,case_057,2,22304.0,B1_base,nan,30183.0,342460.0,14112.0,8d244a74b12de376738bc1a17ee401e383c6fda640b00c3699cac8dab94fae5b,nan,364764.0,,8192.0,22304.0,B1_base,30183.0,8d244a74b12de376738bc1a17ee401e383c6fda640b00c3699cac8dab94fae5b,nan,,1.9787960109995693,0.0,0.0,8189.0,8189.0,3.685798021736476,0.0,0.0,B,1.9787960109995693,AI_VERIFIED
59726.0,root3:batch_02,22304.0,0.062146829686925316,336588.0,case_057,2,22304.0,base_base,nan,30183.0,342460.0,14112.0,8d244a74b12de376738bc1a17ee401e383c6fda640b00c3699cac8dab94fae5b,nan,364764.0,,8192.0,22304.0,base_base,30183.0,8d244a74b12de376738bc1a17ee401e383c6fda640b00c3699cac8dab94fae5b,nan,,1.9787960109995693,0.0,0.0,8189.0,8189.0,3.685798021736476,0.0,0.0,C,1.9787960109995693,AI_VERIFIED
59726.0,root3:batch_02,0,0,0,case_057,3,14112.0,A1_base,nan,20705.0,342460.0,14112.0,5b3885874944f38e2590d281917175cc247b669e1a5be7b22f557100f7979e62,nan,356572.0,,0.0,14112.0,A1_base,20705.0,5b3885874944f38e2590d281917175cc247b669e1a5be7b22f557100f7979e62,nan,,2.884617242212026,0.0,0.0,8189.0,8189.0,2.5283917450238125,0.0,0.0,A,2.884617242212026,AI_VERIFIED
59726.0,root3:batch_02,0,0,0,case_057,3,14112.0,B1_base,nan,20705.0,342460.0,14112.0,5b3885874944f38e2590d281917175cc247b669e1a5be7b22f557100f7979e62,nan,356572.0,,0.0,14112.0,B1_base,20705.0,5b3885874944f38e2590d281917175cc247b669e1a5be7b22f557100f7979e62,nan,,2.884617242212026,0.0,0.0,8189.0,8189.0,2.5283917450238125,0.0,0.0,B,2.884617242212026,AI_VERIFIED
59726.0,root3:batch_02,288.0,0.0008212147134302823,350412.0,case_057,3,14112.0,base_base,nan,20705.0,342460.0,14112.0,5b3885874944f38e2590d281917175cc247b669e1a5be7b22f557100f7979e62,nan,356572.0,,0.0,14112.0,base_base,20705.0,5b3885874944f38e2590d281917175cc247b669e1a5be7b22f557100f7979e62,nan,,2.884617242212026,0.0,0.0,8189.0,8189.0,2.5283917450238125,0.0,0.0,C,2.884617242212026,AI_VERIFIED
59726.0,root3:batch_02,0,0,0,case_057,4,28224.0,A1_base,nan,16485.0,342460.0,28224.0,46c6104c91c50cd4be239d70c5280138a8991eb7a8ce74647bd6c26830459008,nan,370684.0,,0.0,28224.0,A1_base,16485.0,46c6104c91c50cd4be239d70c5280138a8991eb7a8ce74647bd6c26830459008,nan,,3.6230512587200487,0.0,0.0,8189.0,8189.0,2.0130663084625717,0.0,0.0,A,3.6230512587200487,AI_VERIFIED
59726.0,root3:batch_02,0,0,0,case_057,4,28224.0,B1_base,nan,16485.0,342460.0,28224.0,46c6104c91c50cd4be239d70c5280138a8991eb7a8ce74647bd6c26830459008,nan,370684.0,,0.0,28224.0,B1_base,16485.0,46c6104c91c50cd4be239d70c5280138a8991eb7a8ce74647bd6c26830459008,nan,,3.6230512587200487,0.0,0.0,8189.0,8189.0,2.0130663084625717,0.0,0.0,B,3.6230512587200487,AI_VERIFIED
59726.0,root3:batch_02,28224.0,0.07736587612249597,336588.0,case_057,4,28224.0,base_base,nan,16485.0,342460.0,28224.0,46c6104c91c50cd4be239d70c5280138a8991eb7a8ce74647bd6c26830459008,nan,370684.0,,0.0,28224.0,base_base,16485.0,46c6104c91c50cd4be239d70c5280138a8991eb7a8ce74647bd6c26830459008,nan,,3.6230512587200487,0.0,0.0,8189.0,8189.0,2.0130663084625717,0.0,0.0,C,3.6230512587200487,AI_VERIFIED
59726.0,root3:batch_02,0,0,0,case_057,5,14112.0,A1_base,nan,14028.0,342460.0,14112.0,b84ae5a540dce669075ddfaf0edf360507200b88d4ca9c58ce67460eb5561bd4,nan,356572.0,,0.0,14112.0,A1_move,24727.0,98dcdd0697772f5ad50674bf94003c950df9c1acff5424904ddb2a3bea107d52,nan,,2.4154163465038216,10699.0,0.4326849193189631,8189.0,8189.0,1.7130296739528637,0.0,0.0,A,4.257627601938979,AI_VERIFIED
59726.0,root3:batch_02,0,0,0,case_057,5,14112.0,B1_base,nan,14028.0,342460.0,14112.0,b84ae5a540dce669075ddfaf0edf360507200b88d4ca9c58ce67460eb5561bd4,nan,356572.0,,0.0,14112.0,B1_move,24538.0,98dcdd0697772f5ad50674bf94003c950df9c1acff5424904ddb2a3bea107d52,nan,,2.4340207025837475,10510.0,0.42831526611785803,8189.0,8189.0,1.7130296739528637,0.0,0.0,B,4.257627601938979,AI_VERIFIED
59726.0,root3:batch_02,13824.0,0.03941830624465355,336876.0,case_057,5,14112.0,base_base,nan,14028.0,342460.0,14112.0,b84ae5a540dce669075ddfaf0edf360507200b88d4ca9c58ce67460eb5561bd4,nan,356572.0,,0.0,14112.0,base_base,14028.0,b84ae5a540dce669075ddfaf0edf360507200b88d4ca9c58ce67460eb5561bd4,nan,,4.257627601938979,0.0,0.0,8189.0,8189.0,1.7130296739528637,0.0,0.0,C,4.257627601938979,AI_VERIFIED
4539717.0,root3:batch_02,0,0,0,case_058,1,29376512.0,A2_base,nan,4534566.0,7667712.0,2568192.0,c54f27d56ba6284b81a8bd28fe47ce1ac36a25fda8d8534f051a200f40261458,nan,37044224.0,,26808320.0,28696576.0,A0_base,4539717.0,73e9d2e486273342cdb03d711fa2a31351f75192ff4b61bd2d386bef89988c51,nan,,1.0,5151.0,0.001134652226118941,746.0,127795.2,35.48306978665865,0.0,0.0,A,1.0011359411242442,AI_VERIFIED
4539717.0,root3:batch_02,0,0,0,case_058,1,127987712.0,B3_base,nan,6441268.0,7667712.0,0.0,a4efd11c825e040cf284432d42f2e3241901c70841bfb94292aa704ed5a52775,nan,135655424.0,,127987712.0,128516096.0,B3_aggregate,6490555.0,f3efb9a65aa9a88cb2b0e3dbb3464a6e9f93288d8e6799e045d16bc368f36f94,nan,,0.6994343318868725,49287.0,0.00759364954152611,746.0,127795.2,50.4030511318109,0.0,0.0,B,0.7047862315308104,AI_VERIFIED
4539717.0,root3:batch_02,0.0,0.0,84271104.0,case_058,1,127987712.0,base_base,nan,6441268.0,7667712.0,0.0,a4efd11c825e040cf284432d42f2e3241901c70841bfb94292aa704ed5a52775,nan,135655424.0,,127987712.0,127987712.0,base_base,6441268.0,a4efd11c825e040cf284432d42f2e3241901c70841bfb94292aa704ed5a52775,nan,,0.7047862315308104,0.0,0.0,746.0,127795.2,50.4030511318109,0.0,0.0,C,0.7047862315308104,AI_VERIFIED
4539717.0,root3:batch_02,0,0,0,case_058,2,33431552.0,A1_base,nan,2271316.0,7667712.0,6623232.0,e22c74d65fbb49664463165b2ae009f0d900c15321a05d0472616badb993f0d6,nan,41099264.0,,26808320.0,30195712.0,A2_base,4533121.0,cf1d499ed481bc2c583401e825db00ffb90423e7576999d680ccec7b3750f711,nan,,1.0014550681528245,2261805.0,0.49895094351110414,746.0,127795.2,17.77309319911859,0.0,0.0,A,1.9987166030618373,AI_VERIFIED
4539717.0,root3:batch_02,0,0,0,case_058,2,33431552.0,B1_base,nan,2271316.0,7667712.0,6623232.0,e22c74d65fbb49664463165b2ae009f0d900c15321a05d0472616badb993f0d6,nan,41099264.0,,26808320.0,33431552.0,B1_base,2271316.0,e22c74d65fbb49664463165b2ae009f0d900c15321a05d0472616badb993f0d6,nan,,1.9987166030618373,0.0,0.0,746.0,127795.2,17.77309319911859,0.0,0.0,B,1.9987166030618373,AI_VERIFIED
4539717.0,root3:batch_02,3973120.0,0.09919214643624093,36081664.0,case_058,2,33431552.0,base_base,nan,2270206.0,7667712.0,6623232.0,e22c74d65fbb49664463165b2ae009f0d900c15321a05d0472616badb993f0d6,nan,41099264.0,,26808320.0,33431552.0,base_base,2270206.0,e22c74d65fbb49664463165b2ae009f0d900c15321a05d0472616badb993f0d6,nan,,1.9996938603809522,0.0,0.0,746.0,127795.2,17.764407426883015,0.0,0.0,C,1.9996938603809522,AI_VERIFIED
4539717.0,root3:batch_02,0,0,0,case_058,3,30400512.0,A1_base,nan,1554831.0,7667712.0,9191424.0,590070b68386087976b26760b06865dd6e4cfe8308d357f6ee44337c4cd20a2f,nan,38068224.0,,21209088.0,30400512.0,A1_base,1554831.0,590070b68386087976b26760b06865dd6e4cfe8308d357f6ee44337c4cd20a2f,nan,,2.9197494775959574,0.0,0.0,746.0,127795.2,12.166583721454327,0.0,0.0,A,2.9197494775959574,AI_VERIFIED
4539717.0,root3:batch_02,0,0,0,case_058,3,30400512.0,B1_base,nan,1554831.0,7667712.0,9191424.0,590070b68386087976b26760b06865dd6e4cfe8308d357f6ee44337c4cd20a2f,nan,38068224.0,,21209088.0,30400512.0,B1_base,1554831.0,590070b68386087976b26760b06865dd6e4cfe8308d357f6ee44337c4cd20a2f,nan,,2.9197494775959574,0.0,0.0,746.0,127795.2,12.166583721454327,0.0,0.0,B,2.9197494775959574,AI_VERIFIED
4539717.0,root3:batch_02,0.0,0.0,37023744.0,case_058,3,30400512.0,base_base,nan,1554831.0,7667712.0,9191424.0,590070b68386087976b26760b06865dd6e4cfe8308d357f6ee44337c4cd20a2f,nan,38068224.0,,21209088.0,30400512.0,base_base,1554831.0,590070b68386087976b26760b06865dd6e4cfe8308d357f6ee44337c4cd20a2f,nan,,2.9197494775959574,0.0,0.0,746.0,127795.2,12.166583721454327,0.0,0.0,C,2.9197494775959574,AI_VERIFIED
4539717.0,root3:batch_02,0,0,0,case_058,4,42622976.0,A1_base,nan,1154519.0,7667712.0,19869696.0,a2e209952e13d1cabbad9c3f0d70286d06d94fe32f2ae6439e025e895f50acf1,nan,50290688.0,,22753280.0,31834112.0,A2_base,4536950.0,5ce9eb54a43ee8fb5196415e80793dfb7c4604262cd5ef8334a87748c2d54822,nan,,1.0006098810875148,3382431.0,0.7455297060800758,746.0,127795.2,9.034134302383814,0.0,0.0,A,3.9321284448328697,AI_VERIFIED
4539717.0,root3:batch_02,0,0,0,case_058,4,42622976.0,B1_base,nan,1154519.0,7667712.0,19869696.0,a2e209952e13d1cabbad9c3f0d70286d06d94fe32f2ae6439e025e895f50acf1,nan,50290688.0,,22753280.0,42622976.0,B1_base,1154519.0,a2e209952e13d1cabbad9c3f0d70286d06d94fe32f2ae6439e025e895f50acf1,nan,,3.9321284448328697,0.0,0.0,746.0,127795.2,9.034134302383814,0.0,0.0,B,3.9321284448328697,AI_VERIFIED
4539717.0,root3:batch_02,13246464.0,0.2689844464775846,35999744.0,case_058,4,42622976.0,base_base,nan,1142629.0,7667712.0,19869696.0,a2e209952e13d1cabbad9c3f0d70286d06d94fe32f2ae6439e025e895f50acf1,nan,50290688.0,,22753280.0,42622976.0,base_base,1142629.0,a2e209952e13d1cabbad9c3f0d70286d06d94fe32f2ae6439e025e895f50acf1,nan,,3.973045494206781,0.0,0.0,746.0,127795.2,8.941094814202724,0.0,0.0,C,3.973045494206781,AI_VERIFIED
4539717.0,root3:batch_02,0,0,0,case_058,5,32104448.0,A1_base,nan,1004819.0,7667712.0,18382848.0,19a92f72027e40e55685ba07e575ca065055fd3c81067a8f2e5dca79cf74b94c,nan,39772160.0,,13721600.0,32104448.0,A1_base,1004819.0,19a92f72027e40e55685ba07e575ca065055fd3c81067a8f2e5dca79cf74b94c,nan,,4.517945022934478,0.0,0.0,746.0,127795.2,7.862728803585737,0.0,0.0,A,4.517945022934478,AI_VERIFIED
4539717.0,root3:batch_02,0,0,0,case_058,5,32104448.0,B1_base,nan,1004819.0,7667712.0,18382848.0,19a92f72027e40e55685ba07e575ca065055fd3c81067a8f2e5dca79cf74b94c,nan,39772160.0,,13721600.0,32104448.0,B1_base,1004819.0,19a92f72027e40e55685ba07e575ca065055fd3c81067a8f2e5dca79cf74b94c,nan,,4.517945022934478,0.0,0.0,746.0,127795.2,7.862728803585737,0.0,0.0,B,4.517945022934478,AI_VERIFIED
4539717.0,root3:batch_02,0.0,0.0,38727680.0,case_058,5,32104448.0,base_base,nan,1004819.0,7667712.0,18382848.0,19a92f72027e40e55685ba07e575ca065055fd3c81067a8f2e5dca79cf74b94c,nan,39772160.0,,13721600.0,32104448.0,base_base,1004819.0,19a92f72027e40e55685ba07e575ca065055fd3c81067a8f2e5dca79cf74b94c,nan,,4.517945022934478,0.0,0.0,746.0,127795.2,7.862728803585737,0.0,0.0,C,4.517945022934478,AI_VERIFIED
829473.0,root3:batch_04,0,0,0,case_059,1,2072576.0,A2_base,nan,818974.0,1343488.0,720896.0,d6c924de4b345746abda34330c1c8be2fefa2ea2f3449a5391b4cfb9a549c858,nan,3416064.0,,1351680.0,1691648.0,A0_base,829473.0,aa82b525b15c56d842df88744b6ae6a5892767471f48ed6cd855f7011c6a269c,nan,,1.0,10499.0,0.012657434298645043,2120.0,22391.466666666667,36.575272722942074,0.0,0.0,A,1.0128196987938567,AI_VERIFIED
829473.0,root3:batch_04,0,0,0,case_059,1,6178816.0,B3_aggregate,nan,768400.0,1343488.0,0.0,374ce6d6c991936ae0bf09f2cc36647f6c52183fab42d6b9860e1618a8298ffb,nan,7522304.0,,6178816.0,8335360.0,B3_base,798229.0,1b82d4cab91dc430fec7c3a1e436c89f287373f59c01751656439470c4817dda,nan,,1.0391416498273052,29829.0,0.037368975569667354,2120.0,22391.466666666667,34.31664443597561,0.0,0.0,B,1.079480739198334,AI_VERIFIED
829473.0,root3:batch_04,32768.0,0.007778317938745746,4179968.0,case_059,1,6178816.0,base_base,nan,768400.0,1343488.0,0.0,374ce6d6c991936ae0bf09f2cc36647f6c52183fab42d6b9860e1618a8298ffb,nan,7522304.0,,6178816.0,6178816.0,base_base,768400.0,374ce6d6c991936ae0bf09f2cc36647f6c52183fab42d6b9860e1618a8298ffb,nan,,1.079480739198334,0.0,0.0,2120.0,22391.466666666667,34.31664443597561,0.0,0.0,C,1.079480739198334,AI_VERIFIED
829473.0,root3:batch_04,0,0,0,case_059,2,360448.0,A1_base,nan,369318.0,1343488.0,360448.0,565fb041b143149be822731c8c590c01e19aa4882267ba968e4a198e6249aa1a,nan,1703936.0,,0.0,360448.0,A1_base,369318.0,565fb041b143149be822731c8c590c01e19aa4882267ba968e4a198e6249aa1a,nan,,2.2459587672412393,0.0,0.0,2120.0,22391.466666666667,16.49369402629573,0.0,0.0,A,2.2459587672412393,AI_VERIFIED
829473.0,root3:batch_04,0,0,0,case_059,2,360448.0,B1_base,nan,369318.0,1343488.0,360448.0,565fb041b143149be822731c8c590c01e19aa4882267ba968e4a198e6249aa1a,nan,1703936.0,,0.0,360448.0,B1_base,369318.0,565fb041b143149be822731c8c590c01e19aa4882267ba968e4a198e6249aa1a,nan,,2.2459587672412393,0.0,0.0,2120.0,22391.466666666667,16.49369402629573,0.0,0.0,B,2.2459587672412393,AI_VERIFIED
829473.0,root3:batch_04,0.0,0.0,1441792.0,case_059,2,360448.0,base_base,nan,369318.0,1343488.0,360448.0,565fb041b143149be822731c8c590c01e19aa4882267ba968e4a198e6249aa1a,nan,1703936.0,,0.0,360448.0,base_base,369318.0,565fb041b143149be822731c8c590c01e19aa4882267ba968e4a198e6249aa1a,nan,,2.2459587672412393,0.0,0.0,2120.0,22391.466666666667,16.49369402629573,0.0,0.0,C,2.2459587672412393,AI_VERIFIED
829473.0,root3:batch_04,0,0,0,case_059,3,2998272.0,A1_base,nan,266217.0,1343488.0,2162688.0,f60d6b95e6b978a66b5c6fdc67c6c675e5fd7832630ceb3ff1c02fc1a1c9b521,nan,4341760.0,,835584.0,3835904.0,A2_base,744134.0,97f97233aa96862b94ca360192ca961818cd0b19d8362c8dc7c5ecb3c862165b,nan,,1.1146823018434853,477917.0,0.6422458858216397,2120.0,22391.466666666667,11.889216725419207,0.0,0.0,A,3.1157777301975456,AI_VERIFIED
829473.0,root3:batch_04,0,0,0,case_059,3,2998272.0,B1_base,nan,266217.0,1343488.0,2162688.0,f60d6b95e6b978a66b5c6fdc67c6c675e5fd7832630ceb3ff1c02fc1a1c9b521,nan,4341760.0,,835584.0,2998272.0,B1_base,266217.0,f60d6b95e6b978a66b5c6fdc67c6c675e5fd7832630ceb3ff1c02fc1a1c9b521,nan,,3.1157777301975456,0.0,0.0,2120.0,22391.466666666667,11.889216725419207,0.0,0.0,B,3.1157777301975456,AI_VERIFIED
829473.0,root3:batch_04,2787328.0,0.6832329317269076,1292288.0,case_059,3,2998272.0,base_base,nan,262333.0,1343488.0,2162688.0,f60d6b95e6b978a66b5c6fdc67c6c675e5fd7832630ceb3ff1c02fc1a1c9b521,nan,4341760.0,,835584.0,2998272.0,base_base,262333.0,f60d6b95e6b978a66b5c6fdc67c6c675e5fd7832630ceb3ff1c02fc1a1c9b521,nan,,3.1619087190707993,0.0,0.0,2120.0,22391.466666666667,11.715757788681403,0.0,0.0,C,3.1619087190707993,AI_VERIFIED
829473.0,root3:batch_04,0,0,0,case_059,4,1081344.0,A1_base,nan,185216.0,1343488.0,1081344.0,9257630cc48ea5f5fbf57c17102c2ca6753300851a88a9b1ae5ab88445a56356,nan,2424832.0,,0.0,1081344.0,A1_base,185216.0,9257630cc48ea5f5fbf57c17102c2ca6753300851a88a9b1ae5ab88445a56356,nan,,4.478408992743607,0.0,0.0,2120.0,22391.466666666667,8.27172256097561,0.0,0.0,A,4.478408992743607,AI_VERIFIED
829473.0,root3:batch_04,0,0,0,case_059,4,1081344.0,B1_base,nan,185216.0,1343488.0,1081344.0,9257630cc48ea5f5fbf57c17102c2ca6753300851a88a9b1ae5ab88445a56356,nan,2424832.0,,0.0,1081344.0,B1_base,185216.0,9257630cc48ea5f5fbf57c17102c2ca6753300851a88a9b1ae5ab88445a56356,nan,,4.478408992743607,0.0,0.0,2120.0,22391.466666666667,8.27172256097561,0.0,0.0,B,4.478408992743607,AI_VERIFIED
829473.0,root3:batch_04,0.0,0.0,2162688.0,case_059,4,1081344.0,base_base,nan,185216.0,1343488.0,1081344.0,9257630cc48ea5f5fbf57c17102c2ca6753300851a88a9b1ae5ab88445a56356,nan,2424832.0,,0.0,1081344.0,base_base,185216.0,9257630cc48ea5f5fbf57c17102c2ca6753300851a88a9b1ae5ab88445a56356,nan,,4.478408992743607,0.0,0.0,2120.0,22391.466666666667,8.27172256097561,0.0,0.0,C,4.478408992743607,AI_VERIFIED
829473.0,root3:batch_04,0,0,0,case_059,5,4325376.0,A1_base,nan,150782.0,1343488.0,4325376.0,9154de486ac70bd01cb91989b6bb1d3d59e04c2feb2874e47c50124dfb2afa8e,nan,5668864.0,,0.0,4325376.0,A1_base,150782.0,9154de486ac70bd01cb91989b6bb1d3d59e04c2feb2874e47c50124dfb2afa8e,nan,,5.501140719714555,0.0,0.0,2120.0,22391.466666666667,6.7339045826981705,0.0,0.0,A,5.501140719714555,AI_VERIFIED
829473.0,root3:batch_04,0,0,0,case_059,5,4325376.0,B1_base,nan,150782.0,1343488.0,4325376.0,9154de486ac70bd01cb91989b6bb1d3d59e04c2feb2874e47c50124dfb2afa8e,nan,5668864.0,,0.0,4325376.0,B1_base,150782.0,9154de486ac70bd01cb91989b6bb1d3d59e04c2feb2874e47c50124dfb2afa8e,nan,,5.501140719714555,0.0,0.0,2120.0,22391.466666666667,6.7339045826981705,0.0,0.0,B,5.501140719714555,AI_VERIFIED
829473.0,root3:batch_04,3989504.0,0.7378787878787879,1417216.0,case_059,5,4325376.0,base_base,nan,150736.0,1343488.0,4325376.0,9154de486ac70bd01cb91989b6bb1d3d59e04c2feb2874e47c50124dfb2afa8e,nan,5668864.0,,0.0,4325376.0,base_base,150736.0,9154de486ac70bd01cb91989b6bb1d3d59e04c2feb2874e47c50124dfb2afa8e,nan,,5.502819498991615,0.0,0.0,2120.0,22391.466666666667,6.731850228658536,0.0,0.0,C,5.502819498991615,AI_VERIFIED
888789.0,root2:batch_12,0,0,0,case_060,1,2398344.0,A2_base,8.844065957993735,886258.0,2099006.0,1183872.0,474a7b90ca0bf859acb863714be000667e4f829162325bfc3f1281f4c5cec47e,1.4168080000090413,4497350.0,seed,1214472.0,2068520.0,A0_base,888789.0,004b9eedf254bc8c190c242e74df9dedd1fc196b469fc724354d29e58957dc69,2.104549459007103,seed,1.0,2531.0,0.002847695009726718,4252.0,34983.433333333334,25.333648403101275,0.0,0.0,A,1.0028558275355484,AI_VERIFIED
888789.0,root2:batch_12,0,0,0,case_060,1,18983692.0,B3_base,4.63090600000578,1095459.0,2099006.0,0.0,dde86be1bdc1a7abb30eea807692959c7e874e1009f8b13865b69457edc38e65,4.144896875019185,21082698.0,seed,18983692.0,18983692.0,B3_base,1095459.0,dde86be1bdc1a7abb30eea807692959c7e874e1009f8b13865b69457edc38e65,4.144896875019185,seed,0.8113393563793807,0.0,0.0,4252.0,34983.433333333334,31.313650365935114,0.0,0.0,B,0.8113393563793807,AI_VERIFIED
888789.0,root2:batch_12,1371136.0,0.10974218666711061,11123020.0,case_060,1,18842440.0,base_aggregate,4.667094416014152,1086432.0,2099006.0,0.0,0f0e5464c1b99b696aca846717d6adeaad49a97112434abf5521c06c5b60ee5c,4.170347083010711,20941446.0,aggregate,18842440.0,18983692.0,base_base,1093395.0,dde86be1bdc1a7abb30eea807692959c7e874e1009f8b13865b69457edc38e65,4.415755207999609,seed,0.812870920390161,6963.0,0.00636823837679887,4252.0,34983.433333333334,31.055613942980628,0.0,0.0,C,0.8180806529999116,AI_VERIFIED
888789.0,root2:batch_12,0,0,0,case_060,2,2603148.0,A1_base,18.01589162502205,443955.0,2099006.0,1208448.0,9e46ea3842848e1bb6507c872876c9b665c2d4ff936b932ac98aec82a7b1abe0,1.5179509590088855,4702154.0,seed,1394700.0,2603148.0,A1_base,443955.0,9e46ea3842848e1bb6507c872876c9b665c2d4ff936b932ac98aec82a7b1abe0,1.5179509590088855,seed,2.001979930398351,0.0,0.0,4252.0,34983.433333333334,12.690435377507258,0.0,0.0,A,2.001979930398351,AI_VERIFIED
888789.0,root2:batch_12,0,0,0,case_060,2,2603148.0,B1_base,2.103162249986781,443955.0,2099006.0,1208448.0,9e46ea3842848e1bb6507c872876c9b665c2d4ff936b932ac98aec82a7b1abe0,1.7656734170159325,4702154.0,seed,1394700.0,2603148.0,B1_base,443955.0,9e46ea3842848e1bb6507c872876c9b665c2d4ff936b932ac98aec82a7b1abe0,1.7656734170159325,seed,2.001979930398351,0.0,0.0,4252.0,34983.433333333334,12.690435377507258,0.0,0.0,B,2.001979930398351,AI_VERIFIED
888789.0,root2:batch_12,2029696.0,0.4316784598468269,2672174.0,case_060,2,2603148.0,base_base,2.161653249990195,443733.0,2099006.0,1208448.0,9e46ea3842848e1bb6507c872876c9b665c2d4ff936b932ac98aec82a7b1abe0,1.8292904999980237,4702154.0,seed,1394700.0,2603148.0,base_base,443733.0,9e46ea3842848e1bb6507c872876c9b665c2d4ff936b932ac98aec82a7b1abe0,1.8292904999980237,seed,2.002981522672418,0.0,0.0,4252.0,34983.433333333334,12.68408951665693,0.0,0.0,C,2.002981522672418,AI_VERIFIED
888789.0,root2:batch_12,0,0,0,case_060,3,3221760.0,A1_base,16.00270924999495,298210.0,2099006.0,2355456.0,88de7a1c8de87c21f6e7b2a62b094c0caca592541ad95bbbf33bbaadd55e261e,1.753169874980813,5320766.0,seed,866304.0,3221760.0,A1_base,298210.0,88de7a1c8de87c21f6e7b2a62b094c0caca592541ad95bbbf33bbaadd55e261e,1.753169874980813,seed,2.980413131685725,0.0,0.0,4252.0,34983.433333333334,8.524320559350473,0.0,0.0,A,2.980413131685725,AI_VERIFIED
888789.0,root2:batch_12,0,0,0,case_060,3,3221760.0,B1_base,1.8602291249844711,298210.0,2099006.0,2355456.0,88de7a1c8de87c21f6e7b2a62b094c0caca592541ad95bbbf33bbaadd55e261e,1.68791587499436,5320766.0,seed,866304.0,3221760.0,B1_base,298210.0,88de7a1c8de87c21f6e7b2a62b094c0caca592541ad95bbbf33bbaadd55e261e,1.68791587499436,seed,2.980413131685725,0.0,0.0,4252.0,34983.433333333334,8.524320559350473,0.0,0.0,B,2.980413131685725,AI_VERIFIED
888789.0,root2:batch_12,2556032.0,0.48041307489087465,2764456.0,case_060,3,3221760.0,base_base,2.37668533300166,297398.0,2099006.0,2355456.0,88de7a1c8de87c21f6e7b2a62b094c0caca592541ad95bbbf33bbaadd55e261e,2.309069791022921,5320766.0,seed,866304.0,3221760.0,base_base,297398.0,88de7a1c8de87c21f6e7b2a62b094c0caca592541ad95bbbf33bbaadd55e261e,2.309069791022921,seed,2.9885506963732102,0.0,0.0,4252.0,34983.433333333334,8.501109572816848,0.0,0.0,C,2.9885506963732102,AI_VERIFIED
888789.0,root2:batch_12,0,0,0,case_060,4,3930376.0,A1_base,19.05162724998081,221720.0,2099006.0,3184896.0,d7165304ee3badabba945899100fb6d1ad2a5ae5fdbddb414baadac6551f83b6,1.7656498750147875,6029382.0,seed,745480.0,3930376.0,A1_base,221720.0,d7165304ee3badabba945899100fb6d1ad2a5ae5fdbddb414baadac6551f83b6,1.7656498750147875,seed,4.0086099585062245,0.0,0.0,4252.0,34983.433333333334,6.337857061866426,0.0,0.0,A,4.0086099585062245,AI_VERIFIED
888789.0,root2:batch_12,0,0,0,case_060,4,3930376.0,B1_base,2.270488749985816,221720.0,2099006.0,3184896.0,d7165304ee3badabba945899100fb6d1ad2a5ae5fdbddb414baadac6551f83b6,2.199618000013288,6029382.0,seed,745480.0,3930376.0,B1_base,221720.0,d7165304ee3badabba945899100fb6d1ad2a5ae5fdbddb414baadac6551f83b6,2.199618000013288,seed,4.0086099585062245,0.0,0.0,4252.0,34983.433333333334,6.337857061866426,0.0,0.0,B,4.0086099585062245,AI_VERIFIED
888789.0,root2:batch_12,2904192.0,0.48169577548887893,3124908.0,case_060,4,3930376.0,base_base,2.396981333004078,221694.0,2099006.0,3184896.0,d7165304ee3badabba945899100fb6d1ad2a5ae5fdbddb414baadac6551f83b6,1.8598361249896698,6029382.0,seed,745480.0,3930376.0,base_base,221694.0,d7165304ee3badabba945899100fb6d1ad2a5ae5fdbddb414baadac6551f83b6,1.8598361249896698,seed,4.009080083358143,0.0,0.0,4252.0,34983.433333333334,6.3371138529380096,0.0,0.0,C,4.009080083358143,AI_VERIFIED
888789.0,root2:batch_12,0,0,0,case_060,5,3948928.0,A1_base,16.39799125000718,175702.0,2099006.0,3778944.0,fb3e35681b83798adcb5117776a4c45dc7f9bc5be7a3c43ac9e2f02fac23650e,1.8848171249846928,6047934.0,seed,169984.0,3948928.0,A1_base,175702.0,fb3e35681b83798adcb5117776a4c45dc7f9bc5be7a3c43ac9e2f02fac23650e,1.8848171249846928,seed,5.05850246439995,0.0,0.0,4252.0,34983.433333333334,5.022434428486626,0.0,0.0,A,5.05850246439995,AI_VERIFIED
888789.0,root2:batch_12,0,0,0,case_060,5,3948928.0,B1_base,1.7399399999994785,175702.0,2099006.0,3778944.0,fb3e35681b83798adcb5117776a4c45dc7f9bc5be7a3c43ac9e2f02fac23650e,1.9572339580045082,6047934.0,seed,169984.0,3948928.0,B1_base,175702.0,fb3e35681b83798adcb5117776a4c45dc7f9bc5be7a3c43ac9e2f02fac23650e,1.9572339580045082,seed,5.05850246439995,0.0,0.0,4252.0,34983.433333333334,5.022434428486626,0.0,0.0,B,5.05850246439995,AI_VERIFIED
888789.0,root2:batch_12,3179904.0,0.5258076848286344,2867752.0,case_060,5,3948928.0,base_base,2.1394476249988656,175626.0,2099006.0,3778944.0,fb3e35681b83798adcb5117776a4c45dc7f9bc5be7a3c43ac9e2f02fac23650e,1.7904910839861259,6047934.0,seed,169984.0,3948928.0,base_base,175626.0,fb3e35681b83798adcb5117776a4c45dc7f9bc5be7a3c43ac9e2f02fac23650e,1.7904910839861259,seed,5.060691469372417,0.0,0.0,4252.0,34983.433333333334,5.020261971618947,0.0,0.0,C,5.060691469372417,AI_VERIFIED
77191.0,root3:batch_04,0,0,0,case_061,1,0.0,A0_base,nan,77191.0,544188.0,0.0,a5bcfa88a80a60a84513d04c283877a90fc9efd2954f77ec4e9a68ae7bb1f85c,nan,544188.0,,0.0,0.0,A0_base,77191.0,a5bcfa88a80a60a84513d04c283877a90fc9efd2954f77ec4e9a68ae7bb1f85c,nan,,1.0,0.0,0.0,11506.0,11506.0,6.708760646619155,0.0,0.0,A,1.0,AI_VERIFIED
77191.0,root3:batch_04,0,0,0,case_061,1,0.0,B3_aggregate,nan,88220.0,544188.0,0.0,f4cd1e4fec354224107345ba5a7fa04f4844d73692423d2afa2b2b9df24d0ae2,nan,544188.0,,0.0,0.0,B3_base,89960.0,a96269771e77bbafcb47c884b19520379187128a8be0f7de003884fafb17cd68,nan,,0.8580591373943975,1740.0,0.019341929746554024,11506.0,11506.0,7.667304015296367,0.0,0.0,B,0.8749829970528225,AI_VERIFIED
77191.0,root3:batch_04,0.0,0.0,544036.0,case_061,1,0.0,base_aggregate,nan,81014.0,544188.0,0.0,5833cb02f4fc8beb72444d19826a58def466c1ae443055355100444d26b4ec47,nan,544188.0,,0.0,0.0,base_base,88220.0,f4cd1e4fec354224107345ba5a7fa04f4844d73692423d2afa2b2b9df24d0ae2,nan,,0.8749829970528225,7206.0,0.08168215824076173,11506.0,11506.0,7.041022075438901,0.0,0.0,C,0.9528106253240181,AI_VERIFIED
77191.0,root3:batch_04,0,0,0,case_061,2,34560.0,A1_base,nan,42478.0,544188.0,34560.0,582d307033340ec75d8255f707c423ace3e320d2432314c5f2158c500356efdc,nan,578748.0,,0.0,34560.0,A1_base,42478.0,582d307033340ec75d8255f707c423ace3e320d2432314c5f2158c500356efdc,nan,,1.817199491501483,0.0,0.0,11506.0,11506.0,3.691812967147575,0.0,0.0,A,1.817199491501483,AI_VERIFIED
77191.0,root3:batch_04,0,0,0,case_061,2,34560.0,B1_base,nan,42478.0,544188.0,34560.0,582d307033340ec75d8255f707c423ace3e320d2432314c5f2158c500356efdc,nan,578748.0,,0.0,34560.0,B1_base,42478.0,582d307033340ec75d8255f707c423ace3e320d2432314c5f2158c500356efdc,nan,,1.817199491501483,0.0,0.0,11506.0,11506.0,3.691812967147575,0.0,0.0,B,1.817199491501483,AI_VERIFIED
77191.0,root3:batch_04,34560.0,0.05973079661802017,544036.0,case_061,2,34560.0,base_base,nan,42478.0,544188.0,34560.0,582d307033340ec75d8255f707c423ace3e320d2432314c5f2158c500356efdc,nan,578748.0,,0.0,34560.0,base_base,42478.0,582d307033340ec75d8255f707c423ace3e320d2432314c5f2158c500356efdc,nan,,1.817199491501483,0.0,0.0,11506.0,11506.0,3.691812967147575,0.0,0.0,C,1.817199491501483,AI_VERIFIED
77191.0,root3:batch_04,0,0,0,case_061,3,36096.0,A1_base,nan,30303.0,544188.0,36096.0,351d55823349063bacbd9857e737db566027c5a308e6bdba826b1008072cae0b,nan,580284.0,,0.0,36096.0,A1_base,30303.0,351d55823349063bacbd9857e737db566027c5a308e6bdba826b1008072cae0b,nan,,2.5473055473055473,0.0,0.0,11506.0,11506.0,2.633669389883539,0.0,0.0,A,2.5473055473055473,AI_VERIFIED
77191.0,root3:batch_04,0,0,0,case_061,3,36096.0,B1_base,nan,30303.0,544188.0,36096.0,351d55823349063bacbd9857e737db566027c5a308e6bdba826b1008072cae0b,nan,580284.0,,0.0,36096.0,B1_base,30303.0,351d55823349063bacbd9857e737db566027c5a308e6bdba826b1008072cae0b,nan,,2.5473055473055473,0.0,0.0,11506.0,11506.0,2.633669389883539,0.0,0.0,B,2.5473055473055473,AI_VERIFIED
77191.0,root3:batch_04,36096.0,0.06222032227148304,544036.0,case_061,3,36096.0,base_base,nan,30303.0,544188.0,36096.0,351d55823349063bacbd9857e737db566027c5a308e6bdba826b1008072cae0b,nan,580284.0,,0.0,36096.0,base_base,30303.0,351d55823349063bacbd9857e737db566027c5a308e6bdba826b1008072cae0b,nan,,2.5473055473055473,0.0,0.0,11506.0,11506.0,2.633669389883539,0.0,0.0,C,2.5473055473055473,AI_VERIFIED
77191.0,root3:batch_04,0,0,0,case_061,4,70656.0,A1_base,nan,24024.0,544188.0,70656.0,c252cf3c3871e4a7a4c77ecde5d2f3e17710159e63381dea4fa72f5da648ed30,nan,614844.0,,0.0,70656.0,A1_base,24024.0,c252cf3c3871e4a7a4c77ecde5d2f3e17710159e63381dea4fa72f5da648ed30,nan,,3.213078588078588,0.0,0.0,11506.0,11506.0,2.0879541108986617,0.0,0.0,A,3.213078588078588,AI_VERIFIED
77191.0,root3:batch_04,0,0,0,case_061,4,70656.0,B1_base,nan,24024.0,544188.0,70656.0,c252cf3c3871e4a7a4c77ecde5d2f3e17710159e63381dea4fa72f5da648ed30,nan,614844.0,,0.0,70656.0,B1_base,24024.0,c252cf3c3871e4a7a4c77ecde5d2f3e17710159e63381dea4fa72f5da648ed30,nan,,3.213078588078588,0.0,0.0,11506.0,11506.0,2.0879541108986617,0.0,0.0,B,3.213078588078588,AI_VERIFIED
77191.0,root3:batch_04,70656.0,0.11494537101507747,544036.0,case_061,4,70656.0,base_base,nan,24024.0,544188.0,70656.0,c252cf3c3871e4a7a4c77ecde5d2f3e17710159e63381dea4fa72f5da648ed30,nan,614844.0,,0.0,70656.0,base_base,24024.0,c252cf3c3871e4a7a4c77ecde5d2f3e17710159e63381dea4fa72f5da648ed30,nan,,3.213078588078588,0.0,0.0,11506.0,11506.0,2.0879541108986617,0.0,0.0,C,3.213078588078588,AI_VERIFIED
77191.0,root3:batch_04,0,0,0,case_061,5,82944.0,A1_base,nan,22283.0,544188.0,82944.0,d0b9b4e9b53b205aa3bdd2544f5b42ddc88691e3d1d681861fe58f2a7fdce7d7,nan,627132.0,,0.0,82944.0,A1_base,22283.0,d0b9b4e9b53b205aa3bdd2544f5b42ddc88691e3d1d681861fe58f2a7fdce7d7,nan,,3.46412063007674,0.0,0.0,11506.0,11506.0,1.9366417521293238,0.0,0.0,A,3.46412063007674,AI_VERIFIED
77191.0,root3:batch_04,0,0,0,case_061,5,82944.0,B1_base,nan,22283.0,544188.0,82944.0,d0b9b4e9b53b205aa3bdd2544f5b42ddc88691e3d1d681861fe58f2a7fdce7d7,nan,627132.0,,0.0,82944.0,B1_base,22283.0,d0b9b4e9b53b205aa3bdd2544f5b42ddc88691e3d1d681861fe58f2a7fdce7d7,nan,,3.46412063007674,0.0,0.0,11506.0,11506.0,1.9366417521293238,0.0,0.0,B,3.46412063007674,AI_VERIFIED
77191.0,root3:batch_04,76544.0,0.12208363903154805,550436.0,case_061,5,82944.0,base_base,nan,22283.0,544188.0,82944.0,d0b9b4e9b53b205aa3bdd2544f5b42ddc88691e3d1d681861fe58f2a7fdce7d7,nan,627132.0,,0.0,82944.0,base_base,22283.0,d0b9b4e9b53b205aa3bdd2544f5b42ddc88691e3d1d681861fe58f2a7fdce7d7,nan,,3.46412063007674,0.0,0.0,11506.0,11506.0,1.9366417521293238,0.0,0.0,C,3.46412063007674,AI_VERIFIED
2854809.0,root3:batch_02,0,0,0,case_062,1,0.0,A0_base,nan,2854809.0,13401600.0,0.0,701acb63637173689b4e7cdcd5f8131f664140d00aa2360d53f46d47e532cc63,nan,13401600.0,,0.0,0.0,A0_base,2854809.0,701acb63637173689b4e7cdcd5f8131f664140d00aa2360d53f46d47e532cc63,nan,,1.0,0.0,0.0,3120.0,223360.0,12.781200752148997,0.0,0.0,A,1.0,AI_VERIFIED
2854809.0,root3:batch_02,0,0,0,case_062,1,23152128.0,B3_aggregate,nan,3341379.0,13401600.0,0.0,da7efd2ae9c872e08652ebced385d53c536380f7b5acf2e278600b97d3007f97,nan,36553728.0,,23152128.0,39080448.0,B3_base,3556288.0,341c7bb9f9f4c630cc87fed46c6c7fdb07ef9987cd38a3096525f0952eeb2690,nan,,0.8027496648190473,214909.0,0.060430707524250005,3120.0,223360.0,14.959612285100286,0.0,0.0,B,0.8543804818310045,AI_VERIFIED
2854809.0,root3:batch_02,0.0,0.0,17995776.0,case_062,1,7315968.0,base_aggregate,nan,3151609.0,13401600.0,0.0,66e6fbcba3db87f850e9ae496ceb4424d30273c34079ba8de69cda0f36d30346,nan,20717568.0,,7315968.0,23152128.0,base_base,3341379.0,da7efd2ae9c872e08652ebced385d53c536380f7b5acf2e278600b97d3007f97,nan,,0.8543804818310045,189770.0,0.056793916523686774,3120.0,223360.0,14.109997313753581,0.0,0.0,C,0.9058258813196688,AI_VERIFIED
2854809.0,root3:batch_02,0,0,0,case_062,2,5667840.0,A2_base,nan,2923104.0,13401600.0,5667840.0,d70ca1f5e68ead1772cacced30887becc46e5dfc9dca223e1631499a4868ed14,nan,19069440.0,,0.0,5667840.0,A2_base,2923104.0,d70ca1f5e68ead1772cacced30887becc46e5dfc9dca223e1631499a4868ed14,nan,,0.9766361374757792,0.0,0.0,3120.0,223360.0,13.086962750716332,0.0,0.0,A,0.9766361374757792,AI_VERIFIED
2854809.0,root3:batch_02,0,0,0,case_062,2,76270080.0,B3_base,nan,2610093.0,13401600.0,41882112.0,38d39864c6ec27a22cdfd6488f1a5f9e9a8f9a2f99988aa9b334dc2c0b3c0aa7,nan,89671680.0,,34387968.0,76270080.0,B3_base,2610093.0,38d39864c6ec27a22cdfd6488f1a5f9e9a8f9a2f99988aa9b334dc2c0b3c0aa7,nan,,1.093757578752941,0.0,0.0,3120.0,223360.0,11.685588287965617,0.0,0.0,B,1.093757578752941,AI_VERIFIED
2854809.0,root3:batch_02,5732352.0,0.08450895586603564,62098944.0,case_062,2,76270080.0,base_base,nan,2525747.0,13401600.0,41882112.0,38d39864c6ec27a22cdfd6488f1a5f9e9a8f9a2f99988aa9b334dc2c0b3c0aa7,nan,89671680.0,,34387968.0,76270080.0,base_base,2525747.0,38d39864c6ec27a22cdfd6488f1a5f9e9a8f9a2f99988aa9b334dc2c0b3c0aa7,nan,,1.1302830410171723,0.0,0.0,3120.0,223360.0,11.307964720630373,0.0,0.0,C,1.1302830410171723,AI_VERIFIED
2854809.0,root3:batch_02,0,0,0,case_062,3,6317568.0,A2_base,nan,2933474.0,13401600.0,6317568.0,131572bf2e10ba33d97d0e8b3df85219b3294f9caac5d31cdbc7fda730ae3249,nan,19719168.0,,0.0,6317568.0,A2_base,2933474.0,131572bf2e10ba33d97d0e8b3df85219b3294f9caac5d31cdbc7fda730ae3249,nan,,0.9731836723284406,0.0,0.0,3120.0,223360.0,13.133390042979944,0.0,0.0,A,0.9731836723284406,AI_VERIFIED
2854809.0,root3:batch_02,0,0,0,case_062,3,0.0,B0_base,nan,2854809.0,13401600.0,0.0,84448748418204cdfb7559c46f2e13ba934f20d88b13dea49c08287e8a74089a,nan,13401600.0,,0.0,0.0,B0_base,2854809.0,84448748418204cdfb7559c46f2e13ba934f20d88b13dea49c08287e8a74089a,nan,,1.0,0.0,0.0,3120.0,223360.0,12.781200752148997,0.0,0.0,B,1.0,AI_VERIFIED
2854809.0,root3:batch_02,0.0,0.0,13400064.0,case_062,3,0.0,base_base,nan,2854809.0,13401600.0,0.0,84448748418204cdfb7559c46f2e13ba934f20d88b13dea49c08287e8a74089a,nan,13401600.0,,0.0,0.0,base_base,2854809.0,84448748418204cdfb7559c46f2e13ba934f20d88b13dea49c08287e8a74089a,nan,,1.0,0.0,0.0,3120.0,223360.0,12.781200752148997,0.0,0.0,C,1.0,AI_VERIFIED
2854809.0,root3:batch_02,0,0,0,case_062,4,6633984.0,A2_base,nan,2537194.0,13401600.0,6633984.0,db82b9f32bdcdb5659ab5a5f338aadac80ebf044e7bf9b4a0ef4ca10b21bf8df,nan,20035584.0,,0.0,6633984.0,A2_base,2537194.0,db82b9f32bdcdb5659ab5a5f338aadac80ebf044e7bf9b4a0ef4ca10b21bf8df,nan,,1.1251835689348153,0.0,0.0,3120.0,223360.0,11.3592138252149,0.0,0.0,A,1.1251835689348153,AI_VERIFIED
2854809.0,root3:batch_02,0,0,0,case_062,4,85255680.0,B3_base,nan,2240290.0,13401600.0,51830784.0,569298fcea533d9221639e58e551e127e701cf06b1e41ae64068893edd50946f,nan,98657280.0,,33424896.0,85255680.0,B3_base,2240290.0,569298fcea533d9221639e58e551e127e701cf06b1e41ae64068893edd50946f,nan,,1.274303326801441,0.0,0.0,3120.0,223360.0,10.02995164756447,0.0,0.0,B,1.274303326801441,AI_VERIFIED
2854809.0,root3:batch_02,55296.0,0.000754748626776804,73208832.0,case_062,4,85255680.0,base_base,nan,2195265.0,13401600.0,51830784.0,569298fcea533d9221639e58e551e127e701cf06b1e41ae64068893edd50946f,nan,98657280.0,,33424896.0,85255680.0,base_base,2195265.0,569298fcea533d9221639e58e551e127e701cf06b1e41ae64068893edd50946f,nan,,1.3004393547020519,0.0,0.0,3120.0,223360.0,9.828371239255015,0.0,0.0,C,1.3004393547020519,AI_VERIFIED
2854809.0,root3:batch_02,0,0,0,case_062,5,7405056.0,A2_base,nan,1661193.0,13401600.0,7405056.0,3d5851830f2015d4b7c623f67c03850bb017d70293fd824daf910a71a3b77832,nan,20806656.0,,0.0,7405056.0,A2_base,1661193.0,3d5851830f2015d4b7c623f67c03850bb017d70293fd824daf910a71a3b77832,nan,,1.7185293942365516,0.0,0.0,3120.0,223360.0,7.437289577363897,0.0,0.0,A,1.7185293942365516,AI_VERIFIED
2854809.0,root3:batch_02,0,0,0,case_062,5,80862720.0,B3_base,nan,1723314.0,13401600.0,68723712.0,00e0081bb1a2814fe9ed403866149433cf55b9f56be36c62672239967053bf0e,nan,94264320.0,,12139008.0,80862720.0,B3_base,1723314.0,00e0081bb1a2814fe9ed403866149433cf55b9f56be36c62672239967053bf0e,nan,,1.6565808668646573,0.0,0.0,3120.0,223360.0,7.715410100286533,0.0,0.0,B,1.6565808668646573,AI_VERIFIED
2854809.0,root3:batch_02,2990592.0,0.043855302279484636,65201664.0,case_062,5,80862720.0,base_base,nan,1690862.0,13401600.0,68723712.0,00e0081bb1a2814fe9ed403866149433cf55b9f56be36c62672239967053bf0e,nan,94264320.0,,12139008.0,80862720.0,base_base,1690862.0,00e0081bb1a2814fe9ed403866149433cf55b9f56be36c62672239967053bf0e,nan,,1.6883749235596992,0.0,0.0,3120.0,223360.0,7.570119985673353,0.0,0.0,C,1.6883749235596992,AI_VERIFIED
1070397.0,root3:batch_02,0,0,0,case_063,1,0.0,A0_base,nan,1070397.0,5021184.0,0.0,d2c903631b2d8934518e1907873d0e98907891f04080968104969d1cad95a6a9,nan,5021184.0,,0.0,0.0,A0_base,1070397.0,d2c903631b2d8934518e1907873d0e98907891f04080968104969d1cad95a6a9,nan,,1.0,0.0,0.0,3048.0,83686.4,12.79057290073417,0.0,0.0,A,1.0,AI_VERIFIED
1070397.0,root3:batch_02,0,0,0,case_063,1,7303680.0,B3_aggregate,nan,1213468.0,5021184.0,0.0,77cb832c19578b7033e992637ad90080caa5ee4980e3bf0aa4f21a66091a4abf,nan,12324864.0,,7303680.0,12668928.0,B3_base,1292109.0,ed794a450d971acb98b01190f0297ab651b2bb7fbca937dc7b3d0d88cd71ee33,nan,,0.8284107610116483,78641.0,0.06086251237318214,3048.0,83686.4,14.500181630468035,0.0,0.0,B,0.882097426549361,AI_VERIFIED
1070397.0,root3:batch_02,0.0,0.0,6334464.0,case_063,1,1938432.0,base_aggregate,nan,1147397.0,5021184.0,0.0,52a64f53937ea0a94f2a5a0e46da7ea780ad8624c8278366917447966c50d5c1,nan,6959616.0,,1938432.0,7303680.0,base_base,1213468.0,77cb832c19578b7033e992637ad90080caa5ee4980e3bf0aa4f21a66091a4abf,nan,,0.882097426549361,66071.0,0.05444807774082217,3048.0,83686.4,13.710674613796268,0.0,0.0,C,0.9328915798106496,AI_VERIFIED
1070397.0,root3:batch_02,0,0,0,case_063,2,2116608.0,A2_base,nan,795582.0,5021184.0,2116608.0,1eb1a5bfb452b77dddd67b55e067fad72c9b258b067f775091831b2833217038,nan,7137792.0,,0.0,2116608.0,A2_base,795582.0,1eb1a5bfb452b77dddd67b55e067fad72c9b258b067f775091831b2833217038,nan,,1.345426367112378,0.0,0.0,3048.0,83686.4,9.506705988069747,0.0,0.0,A,1.345426367112378,AI_VERIFIED
1070397.0,root3:batch_02,0,0,0,case_063,2,26079744.0,B3_base,nan,945557.0,5021184.0,15668736.0,f7a801e8a73d17d17bbe125fbf7ab0de27d852a5f270e637758a9bbd47b2f34f,nan,31100928.0,,10411008.0,26079744.0,B3_base,945557.0,f7a801e8a73d17d17bbe125fbf7ab0de27d852a5f270e637758a9bbd47b2f34f,nan,,1.1320280004272614,0.0,0.0,3048.0,83686.4,11.29881318828388,0.0,0.0,B,1.1320280004272614,AI_VERIFIED
1070397.0,root3:batch_02,2009088.0,0.08613763582482713,21315072.0,case_063,2,26079744.0,base_base,nan,914171.0,5021184.0,15668736.0,f7a801e8a73d17d17bbe125fbf7ab0de27d852a5f270e637758a9bbd47b2f34f,nan,31100928.0,,10411008.0,26079744.0,base_base,914171.0,f7a801e8a73d17d17bbe125fbf7ab0de27d852a5f270e637758a9bbd47b2f34f,nan,,1.1708936293100525,0.0,0.0,3048.0,83686.4,10.92377017054145,0.0,0.0,C,1.1708936293100525,AI_VERIFIED
1070397.0,root3:batch_02,0,0,0,case_063,3,2388480.0,A2_base,nan,1103282.0,5021184.0,2388480.0,cb8cea6942072dd8681f825a8f66e817a8b7b5952e946b0d8570baf71ecb0365,nan,7409664.0,,0.0,2388480.0,A2_base,1103282.0,cb8cea6942072dd8681f825a8f66e817a8b7b5952e946b0d8570baf71ecb0365,nan,,0.9701934772796076,0.0,0.0,3048.0,83686.4,13.183528028449068,0.0,0.0,A,0.9701934772796076,AI_VERIFIED
1070397.0,root3:batch_02,0,0,0,case_063,3,0.0,B0_base,nan,1070397.0,5021184.0,0.0,82585da3fe3abf74619cc424273ddf7bdc08f011989df1ba2cb83e2f98acd14f,nan,5021184.0,,0.0,0.0,B0_base,1070397.0,82585da3fe3abf74619cc424273ddf7bdc08f011989df1ba2cb83e2f98acd14f,nan,,1.0,0.0,0.0,3048.0,83686.4,12.79057290073417,0.0,0.0,B,1.0,AI_VERIFIED
1070397.0,root3:batch_02,0.0,0.0,5019648.0,case_063,3,0.0,base_base,nan,1070397.0,5021184.0,0.0,82585da3fe3abf74619cc424273ddf7bdc08f011989df1ba2cb83e2f98acd14f,nan,5021184.0,,0.0,0.0,base_base,1070397.0,82585da3fe3abf74619cc424273ddf7bdc08f011989df1ba2cb83e2f98acd14f,nan,,1.0,0.0,0.0,3048.0,83686.4,12.79057290073417,0.0,0.0,C,1.0,AI_VERIFIED
1070397.0,root3:batch_02,0,0,0,case_063,4,2469888.0,A2_base,nan,348902.0,5021184.0,2469888.0,ae7b07559afc87417fd9f522990ea1533c6922eb63ea6214467ac25021dc6c4a,nan,7491072.0,,0.0,2469888.0,A2_base,348902.0,ae7b07559afc87417fd9f522990ea1533c6922eb63ea6214467ac25021dc6c4a,nan,,3.0679015884116456,0.0,0.0,3048.0,83686.4,4.169160102477822,0.0,0.0,A,3.0679015884116456,AI_VERIFIED
1070397.0,root3:batch_02,0,0,0,case_063,4,28698624.0,B3_base,nan,742037.0,5021184.0,19517952.0,051b69d84d44fc79b1e97ba8e9825154e97eddcb83f46d175fd378f78cf85dc9,nan,33719808.0,,9180672.0,28698624.0,B3_base,742037.0,051b69d84d44fc79b1e97ba8e9825154e97eddcb83f46d175fd378f78cf85dc9,nan,,1.4425116267787186,0.0,0.0,3048.0,83686.4,8.86687681630468,0.0,0.0,B,1.4425116267787186,AI_VERIFIED
1070397.0,root3:batch_02,433152.0,0.017364532019704434,24511488.0,case_063,4,28698624.0,base_base,nan,742037.0,5021184.0,19517952.0,051b69d84d44fc79b1e97ba8e9825154e97eddcb83f46d175fd378f78cf85dc9,nan,33719808.0,,9180672.0,28698624.0,base_base,742037.0,051b69d84d44fc79b1e97ba8e9825154e97eddcb83f46d175fd378f78cf85dc9,nan,,1.4425116267787186,0.0,0.0,3048.0,83686.4,8.86687681630468,0.0,0.0,C,1.4425116267787186,AI_VERIFIED
1070397.0,root3:batch_02,0,0,0,case_063,5,2755584.0,A2_base,nan,269453.0,5021184.0,2755584.0,80f2d0c298e54eca72009de74e4408a2e2a99e247b176f6bde97733430f8e195,nan,7776768.0,,0.0,2755584.0,A2_base,269453.0,80f2d0c298e54eca72009de74e4408a2e2a99e247b176f6bde97733430f8e195,nan,,3.972481286161223,0.0,0.0,3048.0,83686.4,3.2197943751911904,0.0,0.0,A,3.972481286161223,AI_VERIFIED
1070397.0,root3:batch_02,0,0,0,case_063,5,29111808.0,B3_base,nan,612094.0,5021184.0,26050560.0,42a1fdcc922b2822e6a2ef8e95b602cb0252eb685575cedb257d62dcfee4678c,nan,34132992.0,,3061248.0,29111808.0,B3_base,612094.0,42a1fdcc922b2822e6a2ef8e95b602cb0252eb685575cedb257d62dcfee4678c,nan,,1.7487461076239923,0.0,0.0,3048.0,83686.4,7.314139453961457,0.0,0.0,B,1.7487461076239923,AI_VERIFIED
1070397.0,root3:batch_02,1414656.0,0.057971926732548626,22987776.0,case_063,5,29111808.0,base_base,nan,602954.0,5021184.0,26050560.0,42a1fdcc922b2822e6a2ef8e95b602cb0252eb685575cedb257d62dcfee4678c,nan,34132992.0,,3061248.0,29111808.0,base_base,602954.0,42a1fdcc922b2822e6a2ef8e95b602cb0252eb685575cedb257d62dcfee4678c,nan,,1.7752548287265695,0.0,0.0,3048.0,83686.4,7.204922185683696,0.0,0.0,C,1.7752548287265695,AI_VERIFIED
19116.0,root2:batch_12,0,0,0,case_064,1,0.0,A0_base,0.3278536249999888,19116.0,37414.0,0.0,9fa8271991a5e9ecebfcb32db5297bd69b485e065877ceb417a784fe2067f50f,0.14695195798412897,37414.0,seed,0.0,0.0,A0_base,19116.0,9fa8271991a5e9ecebfcb32db5297bd69b485e065877ceb417a784fe2067f50f,0.14695195798412897,seed,1.0,0.0,0.0,3528.0,3528.0,5.418367346938775,0.0,0.0,A,1.0,AI_VERIFIED
19116.0,root2:batch_12,0,0,0,case_064,1,0.0,B3_aggregate,0.24117933301022276,19235.0,37414.0,0.0,e35a2650ff9612a97f4bc71fa592a614eb0845341e269d9382acacc8fd17d145,0.14625412499299273,37414.0,aggregate,0.0,0.0,B2_base,19344.0,368225f4153571dd1e8fed25fcc34990613a1859de8657ad7efbdc59e5c9b56a,0.1530397919996176,seed,0.9882133995037221,109.0,0.005634822167080232,3528.0,3528.0,5.4520975056689345,0.0,0.0,B,0.9938133610605667,AI_VERIFIED
19116.0,root2:batch_12,0.0,0.0,35622.0,case_064,1,0.0,base_base,0.22168925000005402,19235.0,37414.0,0.0,e35a2650ff9612a97f4bc71fa592a614eb0845341e269d9382acacc8fd17d145,0.12477416597539559,37414.0,seed,0.0,0.0,base_base,19235.0,e35a2650ff9612a97f4bc71fa592a614eb0845341e269d9382acacc8fd17d145,0.12477416597539559,seed,0.9938133610605667,0.0,0.0,3528.0,3528.0,5.4520975056689345,0.0,0.0,C,0.9938133610605667,AI_VERIFIED
19116.0,root2:batch_12,0,0,0,case_064,2,44144.0,A2_base,0.19022083299933001,22102.0,37414.0,44144.0,03877bdc489606df0d1bf4b2ffc0b2a685d90a3800491e79cf97e21413f309ea,0.11410025000805035,81558.0,seed,0.0,44144.0,A2_base,22102.0,03877bdc489606df0d1bf4b2ffc0b2a685d90a3800491e79cf97e21413f309ea,0.11410025000805035,seed,0.8648991041534703,0.0,0.0,3528.0,3528.0,6.2647392290249435,0.0,0.0,A,0.8648991041534703,AI_VERIFIED
19116.0,root2:batch_12,0,0,0,case_064,2,65894.0,B2_base,0.14954591600690037,20824.0,37414.0,65894.0,50ca63c6ca01bf813775296b52ffc57df3b2ee28ec6a64a6a3d52465be0a3e36,0.13658333299099468,103308.0,seed,0.0,65894.0,B2_base,20824.0,50ca63c6ca01bf813775296b52ffc57df3b2ee28ec6a64a6a3d52465be0a3e36,0.13658333299099468,seed,0.9179792547061083,0.0,0.0,3528.0,3528.0,5.90249433106576,0.0,0.0,B,0.9179792547061083,AI_VERIFIED
19116.0,root2:batch_12,294.0,0.004278479538972001,68422.0,case_064,2,65894.0,base_base,0.1436072500073351,20824.0,37414.0,65894.0,50ca63c6ca01bf813775296b52ffc57df3b2ee28ec6a64a6a3d52465be0a3e36,0.1930617500038352,103308.0,seed,0.0,65894.0,base_base,20824.0,50ca63c6ca01bf813775296b52ffc57df3b2ee28ec6a64a6a3d52465be0a3e36,0.1930617500038352,seed,0.9179792547061083,0.0,0.0,3528.0,3528.0,5.90249433106576,0.0,0.0,C,0.9179792547061083,AI_VERIFIED
19116.0,root2:batch_12,0,0,0,case_064,3,54488.0,A2_base,0.18047349998960271,24068.0,37414.0,54488.0,b8bfd702ce311b2095ae56726d74ce50eca3b4c28be4257e5e1d933e433e4a64,0.14971495801000856,91902.0,seed,0.0,54488.0,A2_base,24068.0,b8bfd702ce311b2095ae56726d74ce50eca3b4c28be4257e5e1d933e433e4a64,0.14971495801000856,seed,0.7942496260594981,0.0,0.0,3528.0,3528.0,6.821995464852607,0.0,0.0,A,0.7942496260594981,AI_VERIFIED
19116.0,root2:batch_12,0,0,0,case_064,3,98634.0,B2_base,0.23826116701820865,22179.0,37414.0,98634.0,40060e6b63c995bbc5d85c7c97169e434c85f6305ea0dcdb1186bb3feda8d102,0.11485979100689292,136048.0,seed,0.0,98634.0,B2_base,22179.0,40060e6b63c995bbc5d85c7c97169e434c85f6305ea0dcdb1186bb3feda8d102,0.11485979100689292,seed,0.861896388475585,0.0,0.0,3528.0,3528.0,6.28656462585034,0.0,0.0,B,0.861896388475585,AI_VERIFIED
19116.0,root2:batch_12,3370.0,0.039244456866033166,82502.0,case_064,3,98634.0,base_base,0.25731358298799023,22177.0,37414.0,98634.0,40060e6b63c995bbc5d85c7c97169e434c85f6305ea0dcdb1186bb3feda8d102,0.1347722919890657,136048.0,seed,0.0,98634.0,base_base,22177.0,40060e6b63c995bbc5d85c7c97169e434c85f6305ea0dcdb1186bb3feda8d102,0.1347722919890657,seed,0.8619741173287641,0.0,0.0,3528.0,3528.0,6.285997732426304,0.0,0.0,C,0.8619741173287641,AI_VERIFIED
19116.0,root2:batch_12,0,0,0,case_064,4,73628.0,A2_base,0.19781745798536576,25979.0,37414.0,73628.0,782c1fe5387c2e3d96a9d7ddfb2b3e347e1b65b381db7029567e019c6328ba18,0.11656879200018011,111042.0,seed,0.0,73628.0,A2_base,25979.0,782c1fe5387c2e3d96a9d7ddfb2b3e347e1b65b381db7029567e019c6328ba18,0.11656879200018011,seed,0.7358250894953616,0.0,0.0,3528.0,3528.0,7.363662131519274,0.0,0.0,A,0.7358250894953616,AI_VERIFIED
19116.0,root2:batch_12,0,0,0,case_064,4,108018.0,B2_base,0.2490160419838503,22068.0,37414.0,108018.0,0e9c22dc03f74772075f88e85d8427d0fdaf9ab5a9d509cf108de4bef9588d8e,0.14707220799755305,145432.0,seed,0.0,108018.0,B2_base,22068.0,0e9c22dc03f74772075f88e85d8427d0fdaf9ab5a9d509cf108de4bef9588d8e,0.14707220799755305,seed,0.866231647634584,0.0,0.0,3528.0,3528.0,6.255102040816326,0.0,0.0,B,0.866231647634584,AI_VERIFIED
19116.0,root2:batch_12,2930.0,0.032163871081057345,88166.0,case_064,4,108018.0,base_base,0.15836054101237096,22065.0,37414.0,108018.0,0e9c22dc03f74772075f88e85d8427d0fdaf9ab5a9d509cf108de4bef9588d8e,0.18207091599470004,145432.0,seed,0.0,108018.0,base_base,22065.0,0e9c22dc03f74772075f88e85d8427d0fdaf9ab5a9d509cf108de4bef9588d8e,0.18207091599470004,seed,0.8663494221617947,0.0,0.0,3528.0,3528.0,6.254251700680272,0.0,0.0,C,0.8663494221617947,AI_VERIFIED
19116.0,root2:batch_12,0,0,0,case_064,5,86048.0,A2_base,0.26663249998819083,28072.0,37414.0,86048.0,64963f3e24986ee62cb43cf4711375a3dc530053268e64e8be460788ccd95408,0.23143470799550414,123462.0,seed,0.0,86048.0,A2_base,28072.0,64963f3e24986ee62cb43cf4711375a3dc530053268e64e8be460788ccd95408,0.23143470799550414,seed,0.6809632373895697,0.0,0.0,3528.0,3528.0,7.956916099773243,0.0,0.0,A,0.6809632373895697,AI_VERIFIED
19116.0,root2:batch_12,0,0,0,case_064,5,129454.0,B2_base,0.19728979098726995,22504.0,37414.0,129454.0,de00e80f90b0502e6a639e6f38f7fd903214643d6d305fce60c5c70b64599ed3,0.22707975000957958,166868.0,seed,0.0,129454.0,B2_base,22504.0,de00e80f90b0502e6a639e6f38f7fd903214643d6d305fce60c5c70b64599ed3,0.22707975000957958,seed,0.8494489868467828,0.0,0.0,3528.0,3528.0,6.378684807256236,0.0,0.0,B,0.8494489868467828,AI_VERIFIED
19116.0,root2:batch_12,2926.0,0.03172572320770265,89302.0,case_064,5,111310.0,base_aggregate_tid_1000000879,0.21959779202006757,21944.0,37414.0,111310.0,1ec1303307ca8bcd594e4971b40a495874be4fc6e22d7744788660d148b4dbd7,0.19350750002195127,148724.0,aggregate,0.0,129454.0,base_base,22504.0,de00e80f90b0502e6a639e6f38f7fd903214643d6d305fce60c5c70b64599ed3,0.2294337089988403,seed,0.8494489868467828,560.0,0.024884464984002843,3528.0,3528.0,6.219954648526077,0.0,0.0,C,0.8711265038279257,AI_VERIFIED
53068.0,root3:batch_03,0,0,0,case_065,1,8200.0,A2_base,nan,51959.0,316202.0,8200.0,3ef0397dcf21fb523e7afd2684e30938d90585d62dc4677285526cbbc7460d9f,nan,324402.0,,0.0,0.0,A0_base,53068.0,7862d5452c27e1d98e10f3f8afaf312d1296f72742c1c4eb8c371287c303ba79,nan,,1.0,1109.0,0.02089771613778548,1265.0,5270.033333333334,9.859330428017532,0.0,0.0,A,1.0213437518043071,AI_VERIFIED
53068.0,root3:batch_03,0,0,0,case_065,1,16388.0,B3_base,nan,42821.0,316202.0,0.0,bd5fcec660d8dfbecac7a34f75a117b86c53fac26c49f9d12ad458938ef7a97a,nan,332590.0,,16388.0,16388.0,B3_base,42821.0,bd5fcec660d8dfbecac7a34f75a117b86c53fac26c49f9d12ad458938ef7a97a,nan,,1.23929847504729,0.0,0.0,1265.0,5270.033333333334,8.125375551071782,0.0,0.0,B,1.23929847504729,AI_VERIFIED
53068.0,root3:batch_03,0.0,0.0,307914.0,case_065,1,16388.0,base_base,nan,42821.0,316202.0,0.0,bd5fcec660d8dfbecac7a34f75a117b86c53fac26c49f9d12ad458938ef7a97a,nan,332590.0,,16388.0,16388.0,base_base,42821.0,bd5fcec660d8dfbecac7a34f75a117b86c53fac26c49f9d12ad458938ef7a97a,nan,,1.23929847504729,0.0,0.0,1265.0,5270.033333333334,8.125375551071782,0.0,0.0,C,1.23929847504729,AI_VERIFIED
53068.0,root3:batch_03,0,0,0,case_065,2,13968.0,A1_base,nan,26610.0,316202.0,13968.0,793dc7c3434ef47ac31c96ee4ac8c24108420faf47f728cb553ba190d53d916e,nan,330170.0,,0.0,13968.0,A1_base,26610.0,793dc7c3434ef47ac31c96ee4ac8c24108420faf47f728cb553ba190d53d916e,nan,,1.9942878617061255,0.0,0.0,1265.0,5270.033333333334,5.049303925971373,0.0,0.0,A,1.9942878617061255,AI_VERIFIED
53068.0,root3:batch_03,0,0,0,case_065,2,13968.0,B1_base,nan,26610.0,316202.0,13968.0,793dc7c3434ef47ac31c96ee4ac8c24108420faf47f728cb553ba190d53d916e,nan,330170.0,,0.0,13968.0,B1_base,26610.0,793dc7c3434ef47ac31c96ee4ac8c24108420faf47f728cb553ba190d53d916e,nan,,1.9942878617061255,0.0,0.0,1265.0,5270.033333333334,5.049303925971373,0.0,0.0,B,1.9942878617061255,AI_VERIFIED
53068.0,root3:batch_03,13968.0,0.044528321134375555,299720.0,case_065,2,13968.0,base_base,nan,26610.0,316202.0,13968.0,793dc7c3434ef47ac31c96ee4ac8c24108420faf47f728cb553ba190d53d916e,nan,330170.0,,0.0,13968.0,base_base,26610.0,793dc7c3434ef47ac31c96ee4ac8c24108420faf47f728cb553ba190d53d916e,nan,,1.9942878617061255,0.0,0.0,1265.0,5270.033333333334,5.049303925971373,0.0,0.0,C,1.9942878617061255,AI_VERIFIED
53068.0,root3:batch_03,0,0,0,case_065,3,27936.0,A1_base,nan,18032.0,316202.0,27936.0,89924dd0ce90bb14ed0ba2ff1b3a800f2b7af13cb2fa0f57a34d2144c6587df2,nan,344138.0,,0.0,27936.0,A1_base,18032.0,89924dd0ce90bb14ed0ba2ff1b3a800f2b7af13cb2fa0f57a34d2144c6587df2,nan,,2.9429902395740903,0.0,0.0,1265.0,5270.033333333334,3.4216102364943923,0.0,0.0,A,2.9429902395740903,AI_VERIFIED
53068.0,root3:batch_03,0,0,0,case_065,3,27936.0,B1_base,nan,18032.0,316202.0,27936.0,89924dd0ce90bb14ed0ba2ff1b3a800f2b7af13cb2fa0f57a34d2144c6587df2,nan,344138.0,,0.0,27936.0,B1_base,18032.0,89924dd0ce90bb14ed0ba2ff1b3a800f2b7af13cb2fa0f57a34d2144c6587df2,nan,,2.9429902395740903,0.0,0.0,1265.0,5270.033333333334,3.4216102364943923,0.0,0.0,B,2.9429902395740903,AI_VERIFIED
53068.0,root3:batch_03,14112.0,0.04306956075884464,313544.0,case_065,3,27936.0,base_base,nan,18032.0,316202.0,27936.0,89924dd0ce90bb14ed0ba2ff1b3a800f2b7af13cb2fa0f57a34d2144c6587df2,nan,344138.0,,0.0,27936.0,base_base,18032.0,89924dd0ce90bb14ed0ba2ff1b3a800f2b7af13cb2fa0f57a34d2144c6587df2,nan,,2.9429902395740903,0.0,0.0,1265.0,5270.033333333334,3.4216102364943923,0.0,0.0,C,2.9429902395740903,AI_VERIFIED
53068.0,root3:batch_03,0,0,0,case_065,4,41904.0,A1_base,nan,13541.0,316202.0,41904.0,4ff1e7e9449145d87ab24982729514388e59ac220a9dd47d12223a9a92874dbb,nan,358106.0,,0.0,41904.0,A1_base,13541.0,4ff1e7e9449145d87ab24982729514388e59ac220a9dd47d12223a9a92874dbb,nan,,3.9190606306772025,0.0,0.0,1265.0,5270.033333333334,2.5694334634189535,0.0,0.0,A,3.9190606306772025,AI_VERIFIED
53068.0,root3:batch_03,0,0,0,case_065,4,41904.0,B1_base,nan,13541.0,316202.0,41904.0,4ff1e7e9449145d87ab24982729514388e59ac220a9dd47d12223a9a92874dbb,nan,358106.0,,0.0,41904.0,B1_base,13541.0,4ff1e7e9449145d87ab24982729514388e59ac220a9dd47d12223a9a92874dbb,nan,,3.9190606306772025,0.0,0.0,1265.0,5270.033333333334,2.5694334634189535,0.0,0.0,B,3.9190606306772025,AI_VERIFIED
53068.0,root3:batch_03,37296.0,0.10917265765871251,304328.0,case_065,4,41904.0,base_base,nan,13541.0,316202.0,41904.0,4ff1e7e9449145d87ab24982729514388e59ac220a9dd47d12223a9a92874dbb,nan,358106.0,,0.0,41904.0,base_base,13541.0,4ff1e7e9449145d87ab24982729514388e59ac220a9dd47d12223a9a92874dbb,nan,,3.9190606306772025,0.0,0.0,1265.0,5270.033333333334,2.5694334634189535,0.0,0.0,C,3.9190606306772025,AI_VERIFIED
53068.0,root3:batch_03,0,0,0,case_065,5,55872.0,A1_base,nan,11396.0,316202.0,55872.0,3abdfe769f77c1441b9ab43c84a209729e3f14537d2197eb23ab2659d2cdb6ad,nan,372074.0,,0.0,55872.0,A1_base,11396.0,3abdfe769f77c1441b9ab43c84a209729e3f14537d2197eb23ab2659d2cdb6ad,nan,,4.656721656721657,0.0,0.0,1265.0,5270.033333333334,2.1624151649894685,0.0,0.0,A,4.656721656721657,AI_VERIFIED
53068.0,root3:batch_03,0,0,0,case_065,5,55872.0,B1_base,nan,11396.0,316202.0,55872.0,3abdfe769f77c1441b9ab43c84a209729e3f14537d2197eb23ab2659d2cdb6ad,nan,372074.0,,0.0,55872.0,B1_base,11396.0,3abdfe769f77c1441b9ab43c84a209729e3f14537d2197eb23ab2659d2cdb6ad,nan,,4.656721656721657,0.0,0.0,1265.0,5270.033333333334,2.1624151649894685,0.0,0.0,B,4.656721656721657,AI_VERIFIED
53068.0,root3:batch_03,23616.0,0.06641319264775361,331976.0,case_065,5,55872.0,base_base,nan,11396.0,316202.0,55872.0,3abdfe769f77c1441b9ab43c84a209729e3f14537d2197eb23ab2659d2cdb6ad,nan,372074.0,,0.0,55872.0,base_base,11396.0,3abdfe769f77c1441b9ab43c84a209729e3f14537d2197eb23ab2659d2cdb6ad,nan,,4.656721656721657,0.0,0.0,1265.0,5270.033333333334,2.1624151649894685,0.0,0.0,C,4.656721656721657,AI_VERIFIED
359070.0,root3:batch_04,0,0,0,case_066,1,56438.0,A2_base,nan,358590.0,1107034.0,56438.0,ed3ea5202e44d51afa3374e5a81ae5553e2d52b907c62e3f45048f66a35a1040,nan,1163472.0,,0.0,0.0,A0_base,359070.0,3faab73d36d077242e47259e1a78db08887e82de89b4b0a03a2f3c8fce56f6d8,nan,,1.0,480.0,0.0013367866989723452,32240.0,32240.0,11.122518610421837,0.0,0.0,A,1.0013385760896847,AI_VERIFIED
359070.0,root3:batch_04,0,0,0,case_066,1,27648.0,B3_base,nan,358742.0,1107034.0,0.0,da620d1c137ba15f278cb09f81d537ab616f68f6805dfbae6e0d3abb56c77977,nan,1134682.0,,27648.0,27648.0,B3_aggregate,359788.0,b3ebe19ca10032113a61f3cf007651b6fd189cc1cdc89bd49087b18454da78bf,nan,,0.9980043803573215,1046.0,0.002907267613149966,32240.0,32240.0,11.127233250620348,0.0,0.0,B,1.0009143061029933,AI_VERIFIED
359070.0,root3:batch_04,0.0,0.0,1040940.0,case_066,1,27648.0,base_base,nan,358742.0,1107034.0,0.0,da620d1c137ba15f278cb09f81d537ab616f68f6805dfbae6e0d3abb56c77977,nan,1134682.0,,27648.0,27648.0,base_base,358742.0,da620d1c137ba15f278cb09f81d537ab616f68f6805dfbae6e0d3abb56c77977,nan,,1.0009143061029933,0.0,0.0,32240.0,32240.0,11.127233250620348,0.0,0.0,C,1.0009143061029933,AI_VERIFIED
359070.0,root3:batch_04,0,0,0,case_066,2,202106.0,A2_aggregate,nan,359550.0,1107034.0,202106.0,1658db95409c116bedd89191a78b4162b41c3691b40c73568f945c6de3ff13ef,nan,1309140.0,,0.0,1634748.0,A3_base,363377.0,b314a89622935af8d579fee643c4b6c93825b8868cd731f24f0967549341ecf6,nan,,0.988147296058914,3827.0,0.010531761779088935,32240.0,32240.0,11.152295285359802,0.0,0.0,A,0.9986649979140593,AI_VERIFIED
359070.0,root3:batch_04,0,0,0,case_066,2,1097258.0,B3_base,nan,342680.0,1107034.0,1097258.0,cce3e9f6eabb0816568d16c5048734224a73b9202231e41a91b4c2ba9d060fd6,nan,2204292.0,,0.0,1097258.0,B3_base,342680.0,cce3e9f6eabb0816568d16c5048734224a73b9202231e41a91b4c2ba9d060fd6,nan,,1.0478288782537644,0.0,0.0,32240.0,32240.0,10.629032258064516,0.0,0.0,B,1.0478288782537644,AI_VERIFIED
359070.0,root3:batch_04,57034.0,0.035551549559859924,1547228.0,case_066,2,1097258.0,base_base,nan,342680.0,1107034.0,1097258.0,cce3e9f6eabb0816568d16c5048734224a73b9202231e41a91b4c2ba9d060fd6,nan,2204292.0,,0.0,1097258.0,base_base,342680.0,cce3e9f6eabb0816568d16c5048734224a73b9202231e41a91b4c2ba9d060fd6,nan,,1.0478288782537644,0.0,0.0,32240.0,32240.0,10.629032258064516,0.0,0.0,C,1.0478288782537644,AI_VERIFIED
359070.0,root3:batch_04,0,0,0,case_066,3,429368.0,A2_base,nan,358549.0,1107034.0,429368.0,e158e0cdea7db694e587cf7fdc6ccf2ac33ee1b02289b6f86950736018a9b764,nan,1536402.0,,0.0,2110278.0,A3_base,383691.0,b867d8e695eeb3bd8c1e18781abe46fe50ec526d77405a858750089812d4b328,nan,,0.9358311766499605,25142.0,0.06552668683914921,32240.0,32240.0,11.121246898263028,0.0,0.0,A,1.0014530789376068,AI_VERIFIED
359070.0,root3:batch_04,0,0,0,case_066,3,727228.0,B2_base,nan,316559.0,1107034.0,727228.0,9ad87d7c5c1c1be952e2ade6348769b5448587c58b7033fafd03e93568c2bde8,nan,1834262.0,,0.0,727228.0,B2_base,316559.0,9ad87d7c5c1c1be952e2ade6348769b5448587c58b7033fafd03e93568c2bde8,nan,,1.134290922071399,0.0,0.0,32240.0,32240.0,9.818827543424318,0.0,0.0,B,1.134290922071399,AI_VERIFIED
359070.0,root3:batch_04,73608.0,0.051562105971027485,1353952.0,case_066,3,727228.0,base_base,nan,316556.0,1107034.0,727228.0,9ad87d7c5c1c1be952e2ade6348769b5448587c58b7033fafd03e93568c2bde8,nan,1834262.0,,0.0,727228.0,base_base,316556.0,9ad87d7c5c1c1be952e2ade6348769b5448587c58b7033fafd03e93568c2bde8,nan,,1.1343016717421246,0.0,0.0,32240.0,32240.0,9.818734491315137,0.0,0.0,C,1.1343016717421246,AI_VERIFIED
359070.0,root3:batch_04,0,0,0,case_066,4,524960.0,A2_base,nan,360199.0,1107034.0,524960.0,57a9d7195eb201822eeb75fa7d7c4dc937416c88640dc18d3b8ff102139a4f44,nan,1631994.0,,0.0,524960.0,A2_base,360199.0,57a9d7195eb201822eeb75fa7d7c4dc937416c88640dc18d3b8ff102139a4f44,nan,,0.9968656215036688,0.0,0.0,32240.0,32240.0,11.172425558312655,0.0,0.0,A,0.9968656215036688,AI_VERIFIED
359070.0,root3:batch_04,0,0,0,case_066,4,1332896.0,B2_base,nan,346934.0,1107034.0,1332896.0,ddda3ddb97268a0927e0d8f59351194e014c706b4db26bedcfa9711287bdce4e,nan,2439930.0,,0.0,1332896.0,B2_base,346934.0,ddda3ddb97268a0927e0d8f59351194e014c706b4db26bedcfa9711287bdce4e,nan,,1.0349807167933958,0.0,0.0,32240.0,32240.0,10.760980148883375,0.0,0.0,B,1.0349807167933958,AI_VERIFIED
359070.0,root3:batch_04,60736.0,0.03523108800115086,1663196.0,case_066,4,1332896.0,base_base,nan,346934.0,1107034.0,1332896.0,ddda3ddb97268a0927e0d8f59351194e014c706b4db26bedcfa9711287bdce4e,nan,2439930.0,,0.0,1332896.0,base_base,346934.0,ddda3ddb97268a0927e0d8f59351194e014c706b4db26bedcfa9711287bdce4e,nan,,1.0349807167933958,0.0,0.0,32240.0,32240.0,10.760980148883375,0.0,0.0,C,1.0349807167933958,AI_VERIFIED
359070.0,root3:batch_04,0,0,0,case_066,5,653186.0,A2_base,nan,365388.0,1107034.0,653186.0,fcde0663f5fd45121931c7c4275a22b19a5d0db8110ddad08bf6f917bf0560c4,nan,1760220.0,,0.0,653186.0,A2_base,365388.0,fcde0663f5fd45121931c7c4275a22b19a5d0db8110ddad08bf6f917bf0560c4,nan,,0.9827087917501396,0.0,0.0,32240.0,32240.0,11.333374689826302,0.0,0.0,A,0.9827087917501396,AI_VERIFIED
359070.0,root3:batch_04,0,0,0,case_066,5,2679682.0,B3_base,nan,300629.0,1107034.0,2679682.0,371e422820290eb6d96356670644d6e5d71d6bbb18a3c6d0b769adad2990737d,nan,3786716.0,,0.0,1424694.0,B2_base,334416.0,be70b4d0a2d35a3b66758cfbfec15b5f79c68bdf3b91cb3049be4520cddf2bb3,nan,,1.0737225491603273,33787.0,0.10103284531840581,32240.0,32240.0,9.324720843672457,0.0,0.0,B,1.1943957502436557,AI_VERIFIED
359070.0,root3:batch_04,378992.0,0.15145830652451397,2123294.0,case_066,5,2679682.0,base_base,nan,300603.0,1107034.0,2679682.0,371e422820290eb6d96356670644d6e5d71d6bbb18a3c6d0b769adad2990737d,nan,3786716.0,,0.0,2679682.0,base_base,300603.0,371e422820290eb6d96356670644d6e5d71d6bbb18a3c6d0b769adad2990737d,nan,,1.1944990568956397,0.0,0.0,32240.0,32240.0,9.323914392059553,0.0,0.0,C,1.1944990568956397,AI_VERIFIED
63834834.0,root2:batch_08,0,0,0,case_067,1,264449408.0,A0_base,71.36275454200222,63834834.0,6048128.0,0.0,0a03142ccdc9e5e3f20d3555f48179afc12527f09b2d586c2e746b6a4f6acfca,5.848510207986692,270497536.0,seed,264449408.0,264449408.0,A0_base,63834834.0,0a03142ccdc9e5e3f20d3555f48179afc12527f09b2d586c2e746b6a4f6acfca,5.848510207986692,seed,1.0,0.0,0.0,863040.0,863040.0,73.96509315906563,0.0,0.0,A,1.0,AI_VERIFIED
63834834.0,root2:batch_08,0,0,0,case_067,1,233595392.0,B3_base,6.149574332986958,63782329.0,6048128.0,0.0,20012484d192f078ccba09787c979a4f7bcadcc7e72e26f8379a0adcb3c9eaec,5.7286076250020415,239643520.0,seed,233595392.0,233595392.0,B3_base,63782329.0,20012484d192f078ccba09787c979a4f7bcadcc7e72e26f8379a0adcb3c9eaec,5.7286076250020415,seed,1.0008231903855376,0.0,0.0,863040.0,863040.0,73.90425588616982,0.0,0.0,B,1.0008231903855376,AI_VERIFIED
63834834.0,root2:batch_08,18708992.0,0.07977169415793119,215822720.0,case_067,1,233595392.0,base_base,5.894947709020926,63620658.0,6048128.0,0.0,20012484d192f078ccba09787c979a4f7bcadcc7e72e26f8379a0adcb3c9eaec,5.586431250005262,239643520.0,seed,233595392.0,233595392.0,base_base,63620658.0,20012484d192f078ccba09787c979a4f7bcadcc7e72e26f8379a0adcb3c9eaec,5.586431250005262,seed,1.0033664537075364,0.0,0.0,863040.0,863040.0,73.7169285317019,0.0,0.0,C,1.0033664537075364,AI_VERIFIED
63834834.0,root2:batch_08,0,0,0,case_067,2,224305664.0,A3_base,7.811231250001583,63574293.0,6048128.0,12059136.0,5d5a433ac7c045ab98a39e8ab09e563837f121835c9a14fcdea3eea99be73146,3.2424355420225766,230353792.0,seed,212246528.0,263179520.0,A2_base,63877319.0,d0b989041352791439694d287a224844126ea4cae3a088c7fd98fb9cdc69e985,3.0524401250004303,seed,0.9993348969451896,303026.0,0.004743874739013389,863040.0,863040.0,73.66320564516128,0.0,0.0,A,1.0040982130937737,AI_VERIFIED
63834834.0,root2:batch_08,0,0,0,case_067,2,264024576.0,B1_base,5.457259749993682,33768704.0,6048128.0,3721600.0,20d7df9fe450a3a071cb8baa00c22ded3f871368c64af9454c5a1cd61feec005,4.621712374995695,270072704.0,seed,260302976.0,264024576.0,B1_base,33768704.0,20d7df9fe450a3a071cb8baa00c22ded3f871368c64af9454c5a1cd61feec005,4.621712374995695,seed,1.890354868223548,0.0,0.0,863040.0,863040.0,39.12762328513163,0.0,0.0,B,1.890354868223548,AI_VERIFIED
63834834.0,root2:batch_08,0.0,0.0,266793856.0,case_067,2,264024576.0,base_base,4.884296583011746,33768704.0,6048128.0,3721600.0,20d7df9fe450a3a071cb8baa00c22ded3f871368c64af9454c5a1cd61feec005,4.889392500015674,270072704.0,seed,260302976.0,264024576.0,base_base,33768704.0,20d7df9fe450a3a071cb8baa00c22ded3f871368c64af9454c5a1cd61feec005,4.889392500015674,seed,1.890354868223548,0.0,0.0,863040.0,863040.0,39.12762328513163,0.0,0.0,C,1.890354868223548,AI_VERIFIED
63834834.0,root2:batch_08,0,0,0,case_067,3,263599744.0,A1_base,23.029945582995424,23568859.0,6048128.0,7443200.0,ced4514df86f90e0fae794f72e5bd4679fef6c4d9d7cbbfe7d146097a76f74fa,3.6876970830198843,269647872.0,seed,256156544.0,262383104.0,A2_base,63910074.0,152a4421faa495a608b2ffc510e0d98114f019ab3a67a1aaf47cc81d1147f958,2.594690082973102,seed,0.9988227208123714,40341215.0,0.6312184054113285,863040.0,863040.0,27.30911545235447,0.0,0.0,A,2.7084397254869232,AI_VERIFIED
63834834.0,root2:batch_08,0,0,0,case_067,3,263599744.0,B1_base,3.88286587499897,23568859.0,6048128.0,7443200.0,ced4514df86f90e0fae794f72e5bd4679fef6c4d9d7cbbfe7d146097a76f74fa,3.8497148750175256,269647872.0,seed,256156544.0,263599744.0,B1_base,23568859.0,ced4514df86f90e0fae794f72e5bd4679fef6c4d9d7cbbfe7d146097a76f74fa,3.8497148750175256,seed,2.7084397254869232,0.0,0.0,863040.0,863040.0,27.30911545235447,0.0,0.0,B,2.7084397254869232,AI_VERIFIED
63834834.0,root2:batch_08,0.0,0.0,266401792.0,case_067,3,263599744.0,base_base,4.44244849999086,23568859.0,6048128.0,7443200.0,ced4514df86f90e0fae794f72e5bd4679fef6c4d9d7cbbfe7d146097a76f74fa,4.075584707985399,269647872.0,seed,256156544.0,263599744.0,base_base,23568859.0,ced4514df86f90e0fae794f72e5bd4679fef6c4d9d7cbbfe7d146097a76f74fa,4.075584707985399,seed,2.7084397254869232,0.0,0.0,863040.0,863040.0,27.30911545235447,0.0,0.0,C,2.7084397254869232,AI_VERIFIED
63834834.0,root2:batch_08,0,0,0,case_067,4,263174912.0,A1_base,20.36340833301074,18473155.0,6048128.0,11164800.0,81ba5603a3a0d455c5d67a086cfa6247cb9715ea03452065873dafc0a4a8426d,3.870474084018497,269223040.0,seed,252010112.0,261565696.0,A2_base,63939245.0,de906176fd2e9ca0891f990193d21b90d74e41eb1ce2682211b18caf7a2ba9e2,2.817239124997286,seed,0.9983670279497358,45466090.0,0.7110826848205668,863040.0,863040.0,21.404749490174268,0.0,0.0,A,3.4555458447677183,AI_VERIFIED
63834834.0,root2:batch_08,0,0,0,case_067,4,263174912.0,B1_base,4.725306874985108,18473155.0,6048128.0,11164800.0,81ba5603a3a0d455c5d67a086cfa6247cb9715ea03452065873dafc0a4a8426d,4.687293041002704,269223040.0,seed,252010112.0,263174912.0,B1_base,18473155.0,81ba5603a3a0d455c5d67a086cfa6247cb9715ea03452065873dafc0a4a8426d,4.687293041002704,seed,3.4555458447677183,0.0,0.0,863040.0,863040.0,21.404749490174268,0.0,0.0,B,3.4555458447677183,AI_VERIFIED
63834834.0,root2:batch_08,0.0,0.0,266009728.0,case_067,4,263174912.0,base_base,4.222918499988737,18473155.0,6048128.0,11164800.0,81ba5603a3a0d455c5d67a086cfa6247cb9715ea03452065873dafc0a4a8426d,3.6255409589794,269223040.0,seed,252010112.0,263174912.0,base_base,18473155.0,81ba5603a3a0d455c5d67a086cfa6247cb9715ea03452065873dafc0a4a8426d,3.6255409589794,seed,3.4555458447677183,0.0,0.0,863040.0,863040.0,21.404749490174268,0.0,0.0,C,3.4555458447677183,AI_VERIFIED
63834834.0,root2:batch_08,0,0,0,case_067,5,193700096.0,A3_base,5.353924916009419,63959635.0,6048128.0,26421504.0,5a6f70a83bb7ebbc1e996d9f9447309ed428476a63a085ede8df9ba9083396ed,2.990459665976232,199748224.0,seed,167278592.0,260564992.0,A2_base,63960616.0,4273d42f56980043368089c27e8fc19f4445cfa2e6eac1b7cd8c91a6b5688273,2.3056513749761507,seed,0.9980334460818826,981.0,1.5337563353048383e-05,863040.0,863040.0,74.10969943455692,0.0,0.0,A,0.9980487537178723,AI_VERIFIED
63834834.0,root2:batch_08,0,0,0,case_067,5,262750080.0,B1_base,3.31615679099923,15931687.0,6048128.0,14886400.0,eb765b0bd64df6c222e69dfb1999cdb6514f7fd0390df4a05b4fdf2f00884af3,3.010658582992619,268798208.0,seed,247863680.0,262750080.0,B1_base,15931687.0,eb765b0bd64df6c222e69dfb1999cdb6514f7fd0390df4a05b4fdf2f00884af3,3.010658582992619,seed,4.006784341168641,0.0,0.0,863040.0,863040.0,18.45996361698183,0.0,0.0,B,4.006784341168641,AI_VERIFIED
63834834.0,root2:batch_08,0.0,0.0,265617664.0,case_067,5,262750080.0,base_base,3.024739624990616,15931687.0,6048128.0,14886400.0,eb765b0bd64df6c222e69dfb1999cdb6514f7fd0390df4a05b4fdf2f00884af3,3.016329041973222,268798208.0,seed,247863680.0,262750080.0,base_base,15931687.0,eb765b0bd64df6c222e69dfb1999cdb6514f7fd0390df4a05b4fdf2f00884af3,3.016329041973222,seed,4.006784341168641,0.0,0.0,863040.0,863040.0,18.45996361698183,0.0,0.0,C,4.006784341168641,AI_VERIFIED
362095.0,root3:batch_03,0,0,0,case_068,1,51910.0,A2_base,nan,360885.0,2771250.0,51910.0,4388b82bf2e5a88482f157d9405d0a45d37e16b183e0af8eff80652abc45eea7,nan,2823160.0,,0.0,0.0,A0_base,362095.0,f65bf21eb0140a00a6d02f317ca5e418c84d8c2011b224bba6d07500aa065934,nan,,1.0,1210.0,0.003341664480315939,48319.0,48319.0,7.468801092737847,0.0,0.0,A,1.0033528686423654,AI_VERIFIED
362095.0,root3:batch_03,0,0,0,case_068,1,44480.0,B3_base,nan,360987.0,2771250.0,0.0,8a1d5402b8feb4ac6c6a1033145ce10d388d1ba946e770b9c4bb38d322e5ae74,nan,2815730.0,,44480.0,44480.0,B3_base,360987.0,8a1d5402b8feb4ac6c6a1033145ce10d388d1ba946e770b9c4bb38d322e5ae74,nan,,1.0030693626086258,0.0,0.0,48319.0,48319.0,7.470912063577475,0.0,0.0,B,1.0030693626086258,AI_VERIFIED
362095.0,root3:batch_03,2048.0,0.0007411594658151054,2761190.0,case_068,1,44480.0,base_base,nan,360987.0,2771250.0,0.0,8a1d5402b8feb4ac6c6a1033145ce10d388d1ba946e770b9c4bb38d322e5ae74,nan,2815730.0,,44480.0,44480.0,base_base,360987.0,8a1d5402b8feb4ac6c6a1033145ce10d388d1ba946e770b9c4bb38d322e5ae74,nan,,1.0030693626086258,0.0,0.0,48319.0,48319.0,7.470912063577475,0.0,0.0,C,1.0030693626086258,AI_VERIFIED
362095.0,root3:batch_03,0,0,0,case_068,2,1194322.0,A3_base,nan,356477.0,2771250.0,1194322.0,300ad7cd26775fa70934ee0e19a7a8f23e579d6384dc5e3e90fbea0e0c7c41ea,nan,3965572.0,,0.0,242064.0,A2_base,360582.0,346027d7be6991498683f73a2fe3aacf811bc9d35c474b039c12851f995c4eb6,nan,,1.0041959942537342,4105.0,0.011384373041360911,48319.0,48319.0,7.377574039197831,0.0,0.0,A,1.015759782538565,AI_VERIFIED
362095.0,root3:batch_03,0,0,0,case_068,2,1310684.0,B3_base,nan,339779.0,2771250.0,1310684.0,1322391de604663e37eb9a4391231a5df68c5cc762ed66dd63a1a77b7db7e037,nan,4081934.0,,0.0,1310684.0,B3_base,339779.0,1322391de604663e37eb9a4391231a5df68c5cc762ed66dd63a1a77b7db7e037,nan,,1.0656779848077722,0.0,0.0,48319.0,48319.0,7.031995695275151,0.0,0.0,B,1.0656779848077722,AI_VERIFIED
362095.0,root3:batch_03,315020.0,0.09110580385211373,3142718.0,case_068,2,1120508.0,base_aggregate_tid_1000003172,nan,339318.0,2771250.0,1120508.0,3095d22257ed55cad94b5e2e99f57f7aa928cfd982da28eca40c8d4c15c8e49e,nan,3891758.0,,0.0,1310684.0,base_base,339383.0,1322391de604663e37eb9a4391231a5df68c5cc762ed66dd63a1a77b7db7e037,nan,,1.0669214427357883,65.0,0.0001915240303727647,48319.0,48319.0,7.022454934911733,0.0,0.0,C,1.067125822974319,AI_VERIFIED
362095.0,root3:batch_03,0,0,0,case_068,3,248798.0,A2_base,nan,364606.0,2771250.0,248798.0,d0a5ef63ec8b0bd70c62d1324196c96b9d98ffe13e04640cd83341b4214722f6,nan,3020048.0,,0.0,1707908.0,A3_base,366531.0,13dbbb0a6fde99fd2bf4784a1caefe925c7485715b396d51d63a5c571d359079,nan,,0.9878973401976914,1925.0,0.005251943218991027,48319.0,48319.0,7.545810136799188,0.0,0.0,A,0.9931131138818341,AI_VERIFIED
362095.0,root3:batch_03,0,0,0,case_068,3,0.0,B0_base,nan,362095.0,2771250.0,0.0,0bc300f64dea650bcc73b2936592bf006bc9e902b5cf5ca5053d53c892c2d197,nan,2771250.0,,0.0,0.0,B0_base,362095.0,0bc300f64dea650bcc73b2936592bf006bc9e902b5cf5ca5053d53c892c2d197,nan,,1.0,0.0,0.0,48319.0,48319.0,7.49384300171775,0.0,0.0,B,1.0,AI_VERIFIED
362095.0,root3:batch_03,0.0,0.0,2739974.0,case_068,3,0.0,base_base,nan,362095.0,2771250.0,0.0,0bc300f64dea650bcc73b2936592bf006bc9e902b5cf5ca5053d53c892c2d197,nan,2771250.0,,0.0,0.0,base_base,362095.0,0bc300f64dea650bcc73b2936592bf006bc9e902b5cf5ca5053d53c892c2d197,nan,,1.0,0.0,0.0,48319.0,48319.0,7.49384300171775,0.0,0.0,C,1.0,AI_VERIFIED
362095.0,root3:batch_03,0,0,0,case_068,4,461994.0,A2_base,nan,359271.0,2771250.0,461994.0,37488d09165524b706fbb239ea6963e80447ce5afc08210a137e3f34c1e972b8,nan,3233244.0,,0.0,461994.0,A2_base,359271.0,37488d09165524b706fbb239ea6963e80447ce5afc08210a137e3f34c1e972b8,nan,,1.00786036167684,0.0,0.0,48319.0,48319.0,7.43539808356961,0.0,0.0,A,1.00786036167684,AI_VERIFIED
362095.0,root3:batch_03,0,0,0,case_068,4,1193730.0,B2_base,nan,351308.0,2771250.0,1193730.0,f0ab6f3cd07805cb15a1fa5cbde1e78a9dcb0ab9b7779cf54238a5d5d65affe0,nan,3964980.0,,0.0,1193730.0,B2_base,351308.0,f0ab6f3cd07805cb15a1fa5cbde1e78a9dcb0ab9b7779cf54238a5d5d65affe0,nan,,1.0307052500939347,0.0,0.0,48319.0,48319.0,7.270597487530785,0.0,0.0,B,1.0307052500939347,AI_VERIFIED
362095.0,root3:batch_03,111686.0,0.032917757185635804,3281194.0,case_068,4,1193730.0,base_base,nan,351305.0,2771250.0,1193730.0,f0ab6f3cd07805cb15a1fa5cbde1e78a9dcb0ab9b7779cf54238a5d5d65affe0,nan,3964980.0,,0.0,1193730.0,base_base,351305.0,f0ab6f3cd07805cb15a1fa5cbde1e78a9dcb0ab9b7779cf54238a5d5d65affe0,nan,,1.0307140518922304,0.0,0.0,48319.0,48319.0,7.270535400153149,0.0,0.0,C,1.0307140518922304,AI_VERIFIED
362095.0,root3:batch_03,0,0,0,case_068,5,494456.0,A2_base,nan,368176.0,2771250.0,494456.0,e4bfd6b6e598ff26134553febac56156a4b10f0fd37a0647150c05cf3e703ee5,nan,3265706.0,,0.0,494456.0,A2_base,368176.0,e4bfd6b6e598ff26134553febac56156a4b10f0fd37a0647150c05cf3e703ee5,nan,,0.9834834427013167,0.0,0.0,48319.0,48319.0,7.61969411618618,0.0,0.0,A,0.9834834427013167,AI_VERIFIED
362095.0,root3:batch_03,0,0,0,case_068,5,0.0,B0_base,nan,362095.0,2771250.0,0.0,a98d663e74e0977277e2688409d36c3e266208226f3255982e9d3d6cd72b7c87,nan,2771250.0,,0.0,0.0,B0_base,362095.0,a98d663e74e0977277e2688409d36c3e266208226f3255982e9d3d6cd72b7c87,nan,,1.0,0.0,0.0,48319.0,48319.0,7.49384300171775,0.0,0.0,B,1.0,AI_VERIFIED
362095.0,root3:batch_03,0.0,0.0,2739974.0,case_068,5,0.0,base_base,nan,362095.0,2771250.0,0.0,a98d663e74e0977277e2688409d36c3e266208226f3255982e9d3d6cd72b7c87,nan,2771250.0,,0.0,0.0,base_base,362095.0,a98d663e74e0977277e2688409d36c3e266208226f3255982e9d3d6cd72b7c87,nan,,1.0,0.0,0.0,48319.0,48319.0,7.49384300171775,0.0,0.0,C,1.0,AI_VERIFIED
25144.0,root3:batch_02,0,0,0,case_069,1,68740.0,A2_base,nan,25111.0,126054.0,68740.0,0ad5402db45f3805567fe98fe0da65c7ece0ab03a7be81060bfa00669a9cfeaf,nan,194794.0,,0.0,0.0,A0_base,25144.0,7c96773abfcdb9bb4a49f4a7ca359ec7b825432ba8f9865ba77834bc29ea6e07,nan,,1.0,33.0,0.0013124403436207445,2298.0,2298.0,10.927328111401218,0.0,0.0,A,1.0013141651069253,AI_VERIFIED
25144.0,root3:batch_02,0,0,0,case_069,1,0.0,B3_aggregate,nan,23559.0,126054.0,0.0,762c9802ac4722821304dcf42273b1c75efe5c0a554f889e2e24c833abe3d765,nan,126054.0,,0.0,0.0,B3_aggregate,23559.0,762c9802ac4722821304dcf42273b1c75efe5c0a554f889e2e24c833abe3d765,nan,,1.0672778980432107,0.0,0.0,2298.0,2298.0,10.251958224543081,0.0,0.0,B,1.0672778980432107,AI_VERIFIED
25144.0,root3:batch_02,0.0,0.0,113766.0,case_069,1,0.0,base_base,nan,23559.0,126054.0,0.0,762c9802ac4722821304dcf42273b1c75efe5c0a554f889e2e24c833abe3d765,nan,126054.0,,0.0,0.0,base_base,23559.0,762c9802ac4722821304dcf42273b1c75efe5c0a554f889e2e24c833abe3d765,nan,,1.0672778980432107,0.0,0.0,2298.0,2298.0,10.251958224543081,0.0,0.0,C,1.0672778980432107,AI_VERIFIED
25144.0,root3:batch_02,0,0,0,case_069,2,167240.0,A2_base,nan,27706.0,126054.0,167240.0,d8a5ea601de4f07278c97184ec2df037a2d45a48238751c724790531d6531962,nan,293294.0,,0.0,167240.0,A2_base,27706.0,d8a5ea601de4f07278c97184ec2df037a2d45a48238751c724790531d6531962,nan,,0.9075290550783224,0.0,0.0,2298.0,2298.0,12.056570931244561,0.0,0.0,A,0.9075290550783224,AI_VERIFIED
25144.0,root3:batch_02,0,0,0,case_069,2,238692.0,B2_base,nan,25453.0,126054.0,238692.0,845fe93594c499a90a82850c4207a8fecb5191fb5c960f6168c3c4db01a044ed,nan,364746.0,,0.0,238692.0,B2_base,25453.0,845fe93594c499a90a82850c4207a8fecb5191fb5c960f6168c3c4db01a044ed,nan,,0.9878599772129022,0.0,0.0,2298.0,2298.0,11.07615317667537,0.0,0.0,B,0.9878599772129022,AI_VERIFIED
25144.0,root3:batch_02,9316.0,0.03918072086470118,228454.0,case_069,2,238692.0,base_base,nan,25453.0,126054.0,238692.0,845fe93594c499a90a82850c4207a8fecb5191fb5c960f6168c3c4db01a044ed,nan,364746.0,,0.0,238692.0,base_base,25453.0,845fe93594c499a90a82850c4207a8fecb5191fb5c960f6168c3c4db01a044ed,nan,,0.9878599772129022,0.0,0.0,2298.0,2298.0,11.07615317667537,0.0,0.0,C,0.9878599772129022,AI_VERIFIED
25144.0,root3:batch_02,0,0,0,case_069,3,213388.0,A2_base,nan,30920.0,126054.0,213388.0,e0237abe355dc6c6d5a508b8507a6324071daf9a96f6ecbf902698a21728a7fd,nan,339442.0,,0.0,213388.0,A2_base,30920.0,e0237abe355dc6c6d5a508b8507a6324071daf9a96f6ecbf902698a21728a7fd,nan,,0.8131953428201811,0.0,0.0,2298.0,2298.0,13.455178416013926,0.0,0.0,A,0.8131953428201811,AI_VERIFIED
25144.0,root3:batch_02,0,0,0,case_069,3,475110.0,B2_move,nan,29048.0,126054.0,475110.0,2b836c87d3904b6793fd2e55f2b4583c8829d39d5be40c0c629179865dffb75e,nan,601164.0,,0.0,475110.0,B2_move,29048.0,2b836c87d3904b6793fd2e55f2b4583c8829d39d5be40c0c629179865dffb75e,nan,,0.8656017625998348,0.0,0.0,2298.0,2298.0,12.640557006092255,0.0,0.0,B,0.8656017625998348,AI_VERIFIED
25144.0,root3:batch_02,21606.0,0.06251519044477623,324006.0,case_069,3,460518.0,base_aggregate_tid_1000000007,nan,26284.0,126054.0,460518.0,a013c2d68ee01181ccf2c753ce62019a6813b7ae8b2283d50185048c5efec64b,nan,586572.0,,0.0,475110.0,base_base,29048.0,2b836c87d3904b6793fd2e55f2b4583c8829d39d5be40c0c629179865dffb75e,nan,,0.8656017625998348,2764.0,0.09515285045442028,2298.0,2298.0,11.437771975630984,0.0,0.0,C,0.9566276061482271,AI_VERIFIED
25144.0,root3:batch_02,0,0,0,case_069,4,0.0,A0_base,nan,25144.0,126054.0,0.0,9bdeeb504452e67a3b16e5eba43b92c72aaedccc54b98f7506fe388ec3682670,nan,126054.0,,0.0,250158.0,A2_base,32937.0,d6eb8b8732f021a3a6634d5661a824a3d46cb5725167caaaf4672826a6866c91,nan,,0.7633967878070256,7793.0,0.23660321219297448,2298.0,2298.0,10.941688424717146,0.0,0.0,A,1.0,AI_VERIFIED
25144.0,root3:batch_02,0,0,0,case_069,4,736966.0,B2_move,nan,27749.0,126054.0,736966.0,7838ab5c5003731aa2a6d66ec6c0998551a739f4af0380668f7d8a279f07f18e,nan,863020.0,,0.0,736966.0,B2_move,27749.0,7838ab5c5003731aa2a6d66ec6c0998551a739f4af0380668f7d8a279f07f18e,nan,,0.9061227431619158,0.0,0.0,2298.0,2298.0,12.075282854656223,0.0,0.0,B,0.9061227431619158,AI_VERIFIED
25144.0,root3:batch_02,23140.0,0.0483297618600066,455654.0,case_069,4,717668.0,base_aggregate_tid_1000001052,nan,27745.0,126054.0,717668.0,3f0d60efe2c8b421a694c8259990d60efff78ac158a874e1ecfde23c4e23c524,nan,843722.0,,0.0,736966.0,base_base,27747.0,7838ab5c5003731aa2a6d66ec6c0998551a739f4af0380668f7d8a279f07f18e,nan,,0.906188056366454,2.0,7.207986448985475e-05,2298.0,2298.0,12.073542210617928,0.0,0.0,C,0.9062533789872049,AI_VERIFIED
25144.0,root3:batch_02,0,0,0,case_069,5,0.0,A0_base,nan,25144.0,126054.0,0.0,790f4f03dbb65fa1f553b8c101842577318669bbdc63a9f50476fadf8b824833,nan,126054.0,,0.0,309172.0,A2_base,35792.0,aca5b323322346e6ae50ef3b18d4ffda8b9ba2f4ac3175de91510fbd8c97e405,nan,,0.702503352704515,10648.0,0.29749664729548503,2298.0,2298.0,10.941688424717146,0.0,0.0,A,1.0,AI_VERIFIED
25144.0,root3:batch_02,0,0,0,case_069,5,804424.0,B2_base,nan,28700.0,126054.0,804424.0,19c2f8d7cd8b2d8d02f64242e0be248711a6bc950058020ef5856dc2094e1718,nan,930478.0,,0.0,804424.0,B2_base,28700.0,19c2f8d7cd8b2d8d02f64242e0be248711a6bc950058020ef5856dc2094e1718,nan,,0.8760975609756098,0.0,0.0,2298.0,2298.0,12.489120974760661,0.0,0.0,B,0.8760975609756098,AI_VERIFIED
25144.0,root3:batch_02,86888.0,0.1695289604820048,425638.0,case_069,5,785128.0,base_aggregate_tid_1000001052,nan,28540.0,126054.0,785128.0,bb1b98a005c65159d162399fe37c8cf3840f917310e40723767d1e3be26bb83e,nan,911182.0,,0.0,804424.0,base_base,28558.0,19c2f8d7cd8b2d8d02f64242e0be248711a6bc950058020ef5856dc2094e1718,nan,,0.8804538132922474,18.0,0.0006302962392324392,2298.0,2298.0,12.419495213228895,0.0,0.0,C,0.8810091100210231,AI_VERIFIED
117300.0,root2:batch_08,0,0,0,case_070,1,100352.0,A2_base,0.37206591697758995,116204.0,419964.0,100352.0,d47f8d60fe7d7737a5c7d6a2da7ab42f0f3ce56b1507a0c69a062e6bff4d6824,0.18456866702763364,520316.0,seed,0.0,0.0,A0_base,117300.0,b6835f9a44f0935e81230ac438af13b33e0c73f3d531e7de674d24e69d9a379f,0.21195712499320507,seed,1.0,1096.0,0.009343563512361467,4054.0,6999.4,16.601994456667715,0.0,0.0,A,1.009431689098482,AI_VERIFIED
117300.0,root2:batch_08,0,0,0,case_070,1,0.0,B3_aggregate,0.25870154198491946,123146.0,419964.0,0.0,5082507b15c688ae524fa898af7cf31985d4ddcd237037dfc997de11ba708d5c,0.2177757089957595,419964.0,aggregate,0.0,0.0,B3_base,125100.0,d67e9bf345e7afc7f7edf0cb3bc31047d097a6c9f344c24cb5eeb321c63c4827,0.23546770901884884,seed,0.9376498800959233,1954.0,0.015619504396482813,4054.0,6999.4,17.593793753750322,0.0,0.0,B,0.9525278937196499,AI_VERIFIED
117300.0,root2:batch_08,0.0,0.0,419858.0,case_070,1,0.0,base_base,0.33067904200288467,123146.0,419964.0,0.0,5082507b15c688ae524fa898af7cf31985d4ddcd237037dfc997de11ba708d5c,0.22831241699168459,419964.0,seed,0.0,0.0,base_base,123146.0,5082507b15c688ae524fa898af7cf31985d4ddcd237037dfc997de11ba708d5c,0.22831241699168459,seed,0.9525278937196499,0.0,0.0,4054.0,6999.4,17.593793753750322,0.0,0.0,C,0.9525278937196499,AI_VERIFIED
117300.0,root2:batch_08,0,0,0,case_070,2,129536.0,A1_base,0.5106242499896325,60121.0,419964.0,129536.0,c58be53a88e94794321b80e04c1e1288221bfb692d695a38a092236644531e34,0.20115074998466298,549500.0,seed,0.0,129536.0,A1_base,60121.0,c58be53a88e94794321b80e04c1e1288221bfb692d695a38a092236644531e34,0.20115074998466298,seed,1.9510653515410588,0.0,0.0,4054.0,6999.4,8.589450524330656,0.0,0.0,A,1.9510653515410588,AI_VERIFIED
117300.0,root2:batch_08,0,0,0,case_070,2,129536.0,B1_base,0.26349474999005906,60121.0,419964.0,129536.0,c58be53a88e94794321b80e04c1e1288221bfb692d695a38a092236644531e34,0.22483512497274205,549500.0,seed,0.0,129536.0,B1_base,60121.0,c58be53a88e94794321b80e04c1e1288221bfb692d695a38a092236644531e34,0.22483512497274205,seed,1.9510653515410588,0.0,0.0,4054.0,6999.4,8.589450524330656,0.0,0.0,B,1.9510653515410588,AI_VERIFIED
117300.0,root2:batch_08,129536.0,0.235779786455622,419858.0,case_070,2,129536.0,base_base,0.25107741699321195,60121.0,419964.0,129536.0,c58be53a88e94794321b80e04c1e1288221bfb692d695a38a092236644531e34,0.21741595800267532,549500.0,seed,0.0,129536.0,base_base,60121.0,c58be53a88e94794321b80e04c1e1288221bfb692d695a38a092236644531e34,0.21741595800267532,seed,1.9510653515410588,0.0,0.0,4054.0,6999.4,8.589450524330656,0.0,0.0,C,1.9510653515410588,AI_VERIFIED
117300.0,root2:batch_08,0,0,0,case_070,3,259072.0,A1_base,0.49946516600903124,39333.0,419964.0,259072.0,507bcec7dade5206c6fef0b18edf8cce55a38dfb3ab451e675738219301d6c3f,0.18363812498864718,679036.0,seed,0.0,259072.0,A1_base,39333.0,507bcec7dade5206c6fef0b18edf8cce55a38dfb3ab451e675738219301d6c3f,0.18363812498864718,seed,2.9822286629547707,0.0,0.0,4054.0,6999.4,5.619481669857417,0.0,0.0,A,2.9822286629547707,AI_VERIFIED
117300.0,root2:batch_08,0,0,0,case_070,3,259072.0,B1_base,0.222993375005899,39333.0,419964.0,259072.0,507bcec7dade5206c6fef0b18edf8cce55a38dfb3ab451e675738219301d6c3f,0.14796395899611525,679036.0,seed,0.0,259072.0,B1_base,39333.0,507bcec7dade5206c6fef0b18edf8cce55a38dfb3ab451e675738219301d6c3f,0.14796395899611525,seed,2.9822286629547707,0.0,0.0,4054.0,6999.4,5.619481669857417,0.0,0.0,B,2.9822286629547707,AI_VERIFIED
117300.0,root2:batch_08,185344.0,0.2729942703960644,493586.0,case_070,3,259072.0,base_base,0.24058962499839254,39333.0,419964.0,259072.0,507bcec7dade5206c6fef0b18edf8cce55a38dfb3ab451e675738219301d6c3f,0.194942500005709,679036.0,seed,0.0,259072.0,base_base,39333.0,507bcec7dade5206c6fef0b18edf8cce55a38dfb3ab451e675738219301d6c3f,0.194942500005709,seed,2.9822286629547707,0.0,0.0,4054.0,6999.4,5.619481669857417,0.0,0.0,C,2.9822286629547707,AI_VERIFIED
117300.0,root2:batch_08,0,0,0,case_070,4,360960.0,A1_base,0.5073185839864891,31225.0,419964.0,360960.0,d60cc9e4476d8c0b681b47efabc892b19c2842665934477c75d1e6faffdf5e79,0.19806104199960828,780924.0,seed,0.0,360960.0,A1_base,31225.0,d60cc9e4476d8c0b681b47efabc892b19c2842665934477c75d1e6faffdf5e79,0.19806104199960828,seed,3.756605284227382,0.0,0.0,4054.0,6999.4,4.461096665428466,0.0,0.0,A,3.756605284227382,AI_VERIFIED
117300.0,root2:batch_08,0,0,0,case_070,4,360960.0,B1_base,0.1765474580170121,31225.0,419964.0,360960.0,d60cc9e4476d8c0b681b47efabc892b19c2842665934477c75d1e6faffdf5e79,0.1912595410249196,780924.0,seed,0.0,360960.0,B1_base,31225.0,d60cc9e4476d8c0b681b47efabc892b19c2842665934477c75d1e6faffdf5e79,0.1912595410249196,seed,3.756605284227382,0.0,0.0,4054.0,6999.4,4.461096665428466,0.0,0.0,B,3.756605284227382,AI_VERIFIED
117300.0,root2:batch_08,311808.0,0.3993350563127387,469010.0,case_070,4,360960.0,base_base,0.2177967090101447,31192.0,419964.0,360960.0,d60cc9e4476d8c0b681b47efabc892b19c2842665934477c75d1e6faffdf5e79,0.18524745901231654,780924.0,seed,0.0,360960.0,base_base,31192.0,d60cc9e4476d8c0b681b47efabc892b19c2842665934477c75d1e6faffdf5e79,0.18524745901231654,seed,3.7605796358040524,0.0,0.0,4054.0,6999.4,4.456381975597909,0.0,0.0,C,3.7605796358040524,AI_VERIFIED
117300.0,root2:batch_08,0,0,0,case_070,5,449024.0,A1_base,0.4956520000123419,26275.0,419964.0,449024.0,d3e6af34054222dcb559a27a6a8fed85b29420541c3423d0d0fbe30645e8b94f,0.15944599997601472,868988.0,seed,0.0,449024.0,A1_base,26275.0,d3e6af34054222dcb559a27a6a8fed85b29420541c3423d0d0fbe30645e8b94f,0.15944599997601472,seed,4.464319695528069,0.0,0.0,4054.0,6999.4,3.75389319084493,0.0,0.0,A,4.464319695528069,AI_VERIFIED
117300.0,root2:batch_08,0,0,0,case_070,5,449024.0,B1_base,0.23428220799542032,26275.0,419964.0,449024.0,d3e6af34054222dcb559a27a6a8fed85b29420541c3423d0d0fbe30645e8b94f,0.17615099999238737,868988.0,seed,0.0,449024.0,B1_base,26275.0,d3e6af34054222dcb559a27a6a8fed85b29420541c3423d0d0fbe30645e8b94f,0.17615099999238737,seed,4.464319695528069,0.0,0.0,4054.0,6999.4,3.75389319084493,0.0,0.0,B,4.464319695528069,AI_VERIFIED
117300.0,root2:batch_08,249344.0,0.2869710731721914,619538.0,case_070,5,449024.0,base_base,0.22584866601391695,26216.0,419964.0,449024.0,d3e6af34054222dcb559a27a6a8fed85b29420541c3423d0d0fbe30645e8b94f,0.13350766600342467,868988.0,seed,0.0,449024.0,base_base,26216.0,d3e6af34054222dcb559a27a6a8fed85b29420541c3423d0d0fbe30645e8b94f,0.13350766600342467,seed,4.474366798901435,0.0,0.0,4054.0,6999.4,3.7454638969054495,0.0,0.0,C,4.474366798901435,AI_VERIFIED
18919.0,root3:batch_04,0,0,0,case_071,1,0.0,A0_base,nan,18919.0,121446.0,0.0,eff04f019f88aff7819694f06d434920b4df06da468cd91bffccbcd1ee4caeeb,nan,121446.0,,0.0,0.0,A0_base,18919.0,eff04f019f88aff7819694f06d434920b4df06da468cd91bffccbcd1ee4caeeb,nan,,1.0,0.0,0.0,2298.0,2298.0,8.232811140121845,0.0,0.0,A,1.0,AI_VERIFIED
18919.0,root3:batch_04,0,0,0,case_071,1,0.0,B3_aggregate,nan,18622.0,121446.0,0.0,378bc2b4f0c807d717ae16d0cda67d46623add46b9a74784fb9a485346113f15,nan,121446.0,,0.0,0.0,B3_aggregate,18622.0,378bc2b4f0c807d717ae16d0cda67d46623add46b9a74784fb9a485346113f15,nan,,1.0159488776715713,0.0,0.0,2298.0,2298.0,8.103568320278503,0.0,0.0,B,1.0159488776715713,AI_VERIFIED
18919.0,root3:batch_04,0.0,0.0,111462.0,case_071,1,0.0,base_aggregate,nan,18337.0,121446.0,0.0,77673d6042ce71be99e9bee3a7208c2cba9a663965b6c88afd4c811521b4f809,nan,121446.0,,0.0,0.0,base_base,18622.0,378bc2b4f0c807d717ae16d0cda67d46623add46b9a74784fb9a485346113f15,nan,,1.0159488776715713,285.0,0.015304478573729997,2298.0,2298.0,7.979547432550044,0.0,0.0,C,1.0317391067241097,AI_VERIFIED
18919.0,root3:batch_04,0,0,0,case_071,2,130888.0,A2_base,nan,21476.0,121446.0,130888.0,05135ff5969afbf2b95062da358219739fd2ba6ba508d327bdc5e66c1b4ef40c,nan,252334.0,,0.0,130888.0,A2_base,21476.0,05135ff5969afbf2b95062da358219739fd2ba6ba508d327bdc5e66c1b4ef40c,nan,,0.880936859750419,0.0,0.0,2298.0,2298.0,9.345517841601392,0.0,0.0,A,0.880936859750419,AI_VERIFIED
18919.0,root3:batch_04,0,0,0,case_071,2,170468.0,B2_base,nan,19280.0,121446.0,170468.0,d872fb5f353fad13d704fe0905236b64b7e0985c11aacd3d811c1bbb919f47fa,nan,291914.0,,0.0,193348.0,B3_base,21063.0,2ab66c1701745abbf93bf74f7a0a7df597c5c58b98b660311e950966d567e02d,nan,,0.8982101315102312,1783.0,0.08465080947633291,2298.0,2298.0,8.389904264577893,0.0,0.0,B,0.9812759336099585,AI_VERIFIED
18919.0,root3:batch_04,7012.0,0.03502462512862009,193190.0,case_071,2,170468.0,base_base,nan,19280.0,121446.0,170468.0,d872fb5f353fad13d704fe0905236b64b7e0985c11aacd3d811c1bbb919f47fa,nan,291914.0,,0.0,170468.0,base_base,19280.0,d872fb5f353fad13d704fe0905236b64b7e0985c11aacd3d811c1bbb919f47fa,nan,,0.9812759336099585,0.0,0.0,2298.0,2298.0,8.389904264577893,0.0,0.0,C,0.9812759336099585,AI_VERIFIED
18919.0,root3:batch_04,0,0,0,case_071,3,169098.0,A2_base,nan,24435.0,121446.0,169098.0,bc483194f394111a001de71f5ca9d787f184617924a2b257c05f32e3fa5246cd,nan,290544.0,,0.0,169098.0,A2_base,24435.0,bc483194f394111a001de71f5ca9d787f184617924a2b257c05f32e3fa5246cd,nan,,0.7742582361366892,0.0,0.0,2298.0,2298.0,10.633159268929504,0.0,0.0,A,0.7742582361366892,AI_VERIFIED
18919.0,root3:batch_04,0,0,0,case_071,3,358344.0,B3_base,nan,23372.0,121446.0,358344.0,617c85a5c33894dfd1cd8fa4d7acdc69b421d1ffc74552ee1a273cb7199a232d,nan,479790.0,,0.0,358344.0,B3_base,23372.0,617c85a5c33894dfd1cd8fa4d7acdc69b421d1ffc74552ee1a273cb7199a232d,nan,,0.8094728735238748,0.0,0.0,2298.0,2298.0,10.170583115752828,0.0,0.0,B,0.8094728735238748,AI_VERIFIED
18919.0,root3:batch_04,41624.0,0.1360270328564239,264374.0,case_071,3,358344.0,base_base,nan,23363.0,121446.0,358344.0,617c85a5c33894dfd1cd8fa4d7acdc69b421d1ffc74552ee1a273cb7199a232d,nan,479790.0,,0.0,358344.0,base_base,23363.0,617c85a5c33894dfd1cd8fa4d7acdc69b421d1ffc74552ee1a273cb7199a232d,nan,,0.8097847023070668,0.0,0.0,2298.0,2298.0,10.166666666666666,0.0,0.0,C,0.8097847023070668,AI_VERIFIED
18919.0,root3:batch_04,0,0,0,case_071,4,0.0,A0_base,nan,18919.0,121446.0,0.0,d5913120b6546100d6539a3a1b1acdd10d4436be8693f8b3849be68e375d509d,nan,121446.0,,0.0,204078.0,A2_base,26998.0,eea12c5c4e939ca4ee3012d308bc3b07063ad76ea8792e3dfe424baeba60aa14,nan,,0.7007556115267798,8079.0,0.2992443884732202,2298.0,2298.0,8.232811140121845,0.0,0.0,A,1.0,AI_VERIFIED
18919.0,root3:batch_04,0,0,0,case_071,4,370694.0,B2_move,nan,20350.0,121446.0,370694.0,ecd02914fd9255ea97e72611032450ba955a4b0a6043f840bc28a599172c81b9,nan,492140.0,,0.0,370694.0,B2_move,20350.0,ecd02914fd9255ea97e72611032450ba955a4b0a6043f840bc28a599172c81b9,nan,,0.9296805896805896,0.0,0.0,2298.0,2298.0,8.855526544821585,0.0,0.0,B,0.9296805896805896,AI_VERIFIED
18919.0,root3:batch_04,6244.0,0.024371394446569505,249958.0,case_071,4,286308.0,base_aggregate_tid_1000000125,nan,19251.0,121446.0,286308.0,e59bb50ba71fb42f00fd1e544d5c962dccea6e7568ae7815fdf7a9689036bc2c,nan,407754.0,,0.0,370694.0,base_base,20323.0,ecd02914fd9255ea97e72611032450ba955a4b0a6043f840bc28a599172c81b9,nan,,0.9309157112631009,1072.0,0.052748117895979926,2298.0,2298.0,8.377284595300262,0.0,0.0,C,0.9827541426419407,AI_VERIFIED
18919.0,root3:batch_04,0,0,0,case_071,5,0.0,A0_base,nan,18919.0,121446.0,0.0,2a7fb3177a8b744f3d97aaecbe553f6c8063edced98334b4b70f967771af3563,nan,121446.0,,0.0,257876.0,A2_base,28667.0,96871793f9eebf1d974d687c650c2e3ae003c5957813f48789835d908ec91ed5,nan,,0.6599574423553215,9748.0,0.34004255764467856,2298.0,2298.0,8.232811140121845,0.0,0.0,A,1.0,AI_VERIFIED
18919.0,root3:batch_04,0,0,0,case_071,5,499112.0,B2_base,nan,21551.0,121446.0,499112.0,a2af85f6a3c57c4836c60af385d40d0c92df7d46fa82c446ea9c8983f1e08476,nan,620558.0,,0.0,499112.0,B2_base,21551.0,a2af85f6a3c57c4836c60af385d40d0c92df7d46fa82c446ea9c8983f1e08476,nan,,0.8778710964688413,0.0,0.0,2298.0,2298.0,9.378154917319408,0.0,0.0,B,0.8778710964688413,AI_VERIFIED
18919.0,root3:batch_04,43496.0,0.11932207853486446,321030.0,case_071,5,499112.0,base_base,nan,21529.0,121446.0,499112.0,a2af85f6a3c57c4836c60af385d40d0c92df7d46fa82c446ea9c8983f1e08476,nan,620558.0,,0.0,499112.0,base_base,21529.0,a2af85f6a3c57c4836c60af385d40d0c92df7d46fa82c446ea9c8983f1e08476,nan,,0.8787681731617818,0.0,0.0,2298.0,2298.0,9.368581375108791,0.0,0.0,C,0.8787681731617818,AI_VERIFIED
23897828.0,root3:batch_04,0,0,0,case_072,1,108613680.0,A0_base,nan,23897828.0,11103184.0,0.0,88118926081105d2654f57ae2da10b95c76990da9a5acc1c8400136cd07d208a,nan,119716864.0,,108613680.0,108613680.0,A0_base,23897828.0,88118926081105d2654f57ae2da10b95c76990da9a5acc1c8400136cd07d208a,nan,,1.0,0.0,0.0,31968.0,185053.06666666668,129.1404051306364,0.0,0.0,A,1.0,AI_VERIFIED
23897828.0,root3:batch_04,0,0,0,case_072,1,279466632.0,B3_base,nan,24907218.0,11103184.0,0.0,4ad5ff6cf6ce1728e938f0cd4b9f4027e3ecbd226ae476f4061ab05c0763538c,nan,290569816.0,,279466632.0,279466632.0,B3_base,24907218.0,4ad5ff6cf6ce1728e938f0cd4b9f4027e3ecbd226ae476f4061ab05c0763538c,nan,,0.9594739966543032,0.0,0.0,31968.0,185053.06666666668,134.5950026586968,0.0,0.0,B,0.9594739966543032,AI_VERIFIED
23897828.0,root3:batch_04,6922240.0,0.03667627256398704,181816678.0,case_072,1,279466632.0,base_base,nan,24884286.0,11103184.0,0.0,4ad5ff6cf6ce1728e938f0cd4b9f4027e3ecbd226ae476f4061ab05c0763538c,nan,290569816.0,,279466632.0,279466632.0,base_base,24884286.0,4ad5ff6cf6ce1728e938f0cd4b9f4027e3ecbd226ae476f4061ab05c0763538c,nan,,0.9603581955295,0.0,0.0,31968.0,185053.06666666668,134.4710814483485,0.0,0.0,C,0.9603581955295,AI_VERIFIED
23897828.0,root3:batch_04,0,0,0,case_072,2,113068832.0,A1_base,nan,11872949.0,11103184.0,10948952.0,58c9770f37a660d9668ed97f4b0779d54e3d411f99305af95c8ee637bb1e122b,nan,124172016.0,,102119880.0,113068832.0,A1_base,11872949.0,58c9770f37a660d9668ed97f4b0779d54e3d411f99305af95c8ee637bb1e122b,nan,,2.0127963153888726,0.0,0.0,31968.0,185053.06666666668,64.15969869543727,0.0,0.0,A,2.0127963153888726,AI_VERIFIED
23897828.0,root3:batch_04,0,0,0,case_072,2,113068832.0,B1_base,nan,11872949.0,11103184.0,10948952.0,58c9770f37a660d9668ed97f4b0779d54e3d411f99305af95c8ee637bb1e122b,nan,124172016.0,,102119880.0,113068832.0,B1_base,11872949.0,58c9770f37a660d9668ed97f4b0779d54e3d411f99305af95c8ee637bb1e122b,nan,,2.0127963153888726,0.0,0.0,31968.0,185053.06666666668,64.15969869543727,0.0,0.0,B,2.0127963153888726,AI_VERIFIED
23897828.0,root3:batch_04,15114240.0,0.1217301567330213,109047598.0,case_072,2,113068832.0,base_base,nan,11862815.0,11103184.0,10948952.0,58c9770f37a660d9668ed97f4b0779d54e3d411f99305af95c8ee637bb1e122b,nan,124172016.0,,102119880.0,113068832.0,base_base,11862815.0,58c9770f37a660d9668ed97f4b0779d54e3d411f99305af95c8ee637bb1e122b,nan,,2.0145157789276826,0.0,0.0,31968.0,185053.06666666668,64.10493602555808,0.0,0.0,C,2.0145157789276826,AI_VERIFIED
23897828.0,root3:batch_04,0,0,0,case_072,3,120023840.0,A1_base,nan,7935290.0,11103184.0,19804504.0,424420e4ad4f13248122948caa3aef4a7169b7aace9cae36d769367ad0d6ba66,nan,131127024.0,,100219336.0,120023840.0,A1_base,7935290.0,424420e4ad4f13248122948caa3aef4a7169b7aace9cae36d769367ad0d6ba66,nan,,3.011588486369118,0.0,0.0,31968.0,185053.06666666668,42.881159134172684,0.0,0.0,A,3.011588486369118,AI_VERIFIED
23897828.0,root3:batch_04,0,0,0,case_072,3,120023840.0,B1_base,nan,7935290.0,11103184.0,19804504.0,424420e4ad4f13248122948caa3aef4a7169b7aace9cae36d769367ad0d6ba66,nan,131127024.0,,100219336.0,120023840.0,B1_base,7935290.0,424420e4ad4f13248122948caa3aef4a7169b7aace9cae36d769367ad0d6ba66,nan,,3.011588486369118,0.0,0.0,31968.0,185053.06666666668,42.881159134172684,0.0,0.0,B,3.011588486369118,AI_VERIFIED
23897828.0,root3:batch_04,20209664.0,0.1541347631257085,110907182.0,case_072,3,120023840.0,base_base,nan,7922729.0,11103184.0,19804504.0,424420e4ad4f13248122948caa3aef4a7169b7aace9cae36d769367ad0d6ba66,nan,131127024.0,,100219336.0,120023840.0,base_base,7922729.0,424420e4ad4f13248122948caa3aef4a7169b7aace9cae36d769367ad0d6ba66,nan,,3.0163631748605817,0.0,0.0,31968.0,185053.06666666668,42.81328130741596,0.0,0.0,C,3.0163631748605817,AI_VERIFIED
23897828.0,root3:batch_04,0,0,0,case_072,4,123642544.0,A1_base,nan,6003776.0,11103184.0,30753456.0,a8d66f07b80ef8f9ffb4225eba0bd832e3e8b8bd1ad8dd9bcf9f119171f72eb0,nan,134745728.0,,92889088.0,123642544.0,A1_base,6003776.0,a8d66f07b80ef8f9ffb4225eba0bd832e3e8b8bd1ad8dd9bcf9f119171f72eb0,nan,,3.9804662932128045,0.0,0.0,31968.0,185053.06666666668,32.44353691697805,0.0,0.0,A,3.9804662932128045,AI_VERIFIED
23897828.0,root3:batch_04,0,0,0,case_072,4,123642544.0,B1_base,nan,6003776.0,11103184.0,30753456.0,a8d66f07b80ef8f9ffb4225eba0bd832e3e8b8bd1ad8dd9bcf9f119171f72eb0,nan,134745728.0,,92889088.0,123642544.0,B1_base,6003776.0,a8d66f07b80ef8f9ffb4225eba0bd832e3e8b8bd1ad8dd9bcf9f119171f72eb0,nan,,3.9804662932128045,0.0,0.0,31968.0,185053.06666666668,32.44353691697805,0.0,0.0,B,3.9804662932128045,AI_VERIFIED
23897828.0,root3:batch_04,23322624.0,0.1730992599948566,111412926.0,case_072,4,123642544.0,base_base,nan,5991003.0,11103184.0,30753456.0,a8d66f07b80ef8f9ffb4225eba0bd832e3e8b8bd1ad8dd9bcf9f119171f72eb0,nan,134745728.0,,92889088.0,123642544.0,base_base,5991003.0,a8d66f07b80ef8f9ffb4225eba0bd832e3e8b8bd1ad8dd9bcf9f119171f72eb0,nan,,3.988952768008963,0.0,0.0,31968.0,185053.06666666668,32.3745134728921,0.0,0.0,C,3.988952768008963,AI_VERIFIED
23897828.0,root3:batch_04,0,0,0,case_072,5,130884272.0,A1_base,nan,4831281.0,11103184.0,39232176.0,4fea6fc97eca58b1f2cf4442f3981da9d0398383700db1e9a4b9685ebf58734e,nan,141987456.0,,91652096.0,130884272.0,A1_base,4831281.0,4fea6fc97eca58b1f2cf4442f3981da9d0398383700db1e9a4b9685ebf58734e,nan,,4.946478584044273,0.0,0.0,31968.0,185053.06666666668,26.10754356588164,0.0,0.0,A,4.946478584044273,AI_VERIFIED
23897828.0,root3:batch_04,0,0,0,case_072,5,130884272.0,B1_base,nan,4831281.0,11103184.0,39232176.0,4fea6fc97eca58b1f2cf4442f3981da9d0398383700db1e9a4b9685ebf58734e,nan,141987456.0,,91652096.0,130884272.0,B1_base,4831281.0,4fea6fc97eca58b1f2cf4442f3981da9d0398383700db1e9a4b9685ebf58734e,nan,,4.946478584044273,0.0,0.0,31968.0,185053.06666666668,26.10754356588164,0.0,0.0,B,4.946478584044273,AI_VERIFIED
23897828.0,root3:batch_04,28975104.0,0.20408268427290174,113002174.0,case_072,5,130884272.0,base_base,nan,4809827.0,11103184.0,39232176.0,4fea6fc97eca58b1f2cf4442f3981da9d0398383700db1e9a4b9685ebf58734e,nan,141987456.0,,91652096.0,130884272.0,base_base,4809827.0,4fea6fc97eca58b1f2cf4442f3981da9d0398383700db1e9a4b9685ebf58734e,nan,,4.968542111805684,0.0,0.0,31968.0,185053.06666666668,25.991609253705963,0.0,0.0,C,4.968542111805684,AI_VERIFIED
10081626.0,root2:batch_10,0,0,0,case_073,1,131995904.0,A3_aggregate,6.550324375013588,10068454.0,4041088.0,718848.0,7a8596c266e07df50877178aeb2a2a5234cd11524affd5cfca68eb40cde15883,1.7537655000051018,136036992.0,aggregate,131277056.0,141570432.0,A0_base,10081626.0,989ba78d585aa712ed9aa6a0bce196fc72f8b7c770a54d1f94e620fbec7b17ad,2.6483845000038855,seed,1.0,13172.0,0.0013065352751629549,220224.0,220224.0,45.71914959314153,0.0,0.0,A,1.0013082445428068,AI_VERIFIED
10081626.0,root2:batch_10,0,0,0,case_073,1,133783808.0,B2_base,2.1179674589948263,10067403.0,4041088.0,0.0,5cd3a0b8386eee138a362eb33a19efa755567d1703b9427222156365ed28cae1,2.0389476669952273,137824896.0,seed,133783808.0,133783808.0,B2_base,10067403.0,5cd3a0b8386eee138a362eb33a19efa755567d1703b9427222156365ed28cae1,2.0389476669952273,seed,1.0014127774561126,0.0,0.0,220224.0,220224.0,45.714377179598955,0.0,0.0,B,1.0014127774561126,AI_VERIFIED
10081626.0,root2:batch_10,0.0,0.0,137345664.0,case_073,1,133783808.0,base_base,2.283246582985157,10067403.0,4041088.0,0.0,5cd3a0b8386eee138a362eb33a19efa755567d1703b9427222156365ed28cae1,2.0101605000090785,137824896.0,seed,133783808.0,133783808.0,base_base,10067403.0,5cd3a0b8386eee138a362eb33a19efa755567d1703b9427222156365ed28cae1,2.0101605000090785,seed,1.0014127774561126,0.0,0.0,220224.0,220224.0,45.714377179598955,0.0,0.0,C,1.0014127774561126,AI_VERIFIED
10081626.0,root2:batch_10,0,0,0,case_073,2,114749952.0,A3_base,2.7005958749796264,9989226.0,4041088.0,2011648.0,ea26b8fe22a56fd23833bfe46e34c31080968a3fae21bb801a92feb4cae550c8,1.2510749170032796,118791040.0,seed,112738304.0,140174592.0,A2_base,10119330.0,0a4534c13f173c50597d6dd2fa0efc6a120f3e933bfeb31de102e40b0344d73e,1.6723536670033354,seed,0.9962740616226569,130104.0,0.012856977685281535,220224.0,220224.0,45.35938862249346,0.0,0.0,A,1.009249965913275,AI_VERIFIED
10081626.0,root2:batch_10,0,0,0,case_073,2,141121024.0,B1_base,2.042454375012312,5980423.0,4041088.0,3721600.0,afc800feab5e79c01d36a7532623c7b5efa2d1e3c06cdfec73e7a4c18e860781,1.8410876249836292,145162112.0,seed,137399424.0,136290304.0,B2_base,7420406.0,e0d1c02524a7f2233bb62feb8ed13a72e3a27a9bb24e562e0ae42d1e98fc3703,1.5874950840079691,seed,1.3586353630785162,1439983.0,0.194057171534819,220224.0,220224.0,27.156091070909618,0.0,0.0,B,1.6857713910872192,AI_VERIFIED
10081626.0,root2:batch_10,0.0,0.0,144719232.0,case_073,2,141121024.0,base_base,1.9713667090109084,5980423.0,4041088.0,3721600.0,afc800feab5e79c01d36a7532623c7b5efa2d1e3c06cdfec73e7a4c18e860781,2.2173121660016477,145162112.0,seed,137399424.0,141121024.0,base_base,5980423.0,afc800feab5e79c01d36a7532623c7b5efa2d1e3c06cdfec73e7a4c18e860781,2.2173121660016477,seed,1.6857713910872192,0.0,0.0,220224.0,220224.0,27.156091070909618,0.0,0.0,C,1.6857713910872192,AI_VERIFIED
10081626.0,root2:batch_10,0,0,0,case_073,3,140671616.0,A1_base,6.807262874994194,4515227.0,4041088.0,7443200.0,b60151e19d22154d346f2e72d47f7e27a159113f53e61237851daac1701f0647,1.7306180830055382,144712704.0,seed,133228416.0,140671616.0,A1_base,4515227.0,b60151e19d22154d346f2e72d47f7e27a159113f53e61237851daac1701f0647,1.7306180830055382,seed,2.232806013961203,0.0,0.0,220224.0,220224.0,20.50288342778262,0.0,0.0,A,2.232806013961203,AI_VERIFIED
10081626.0,root2:batch_10,0,0,0,case_073,3,140671616.0,B1_base,1.9605010410014074,4515227.0,4041088.0,7443200.0,b60151e19d22154d346f2e72d47f7e27a159113f53e61237851daac1701f0647,1.7011787919909693,144712704.0,seed,133228416.0,140671616.0,B1_base,4515227.0,b60151e19d22154d346f2e72d47f7e27a159113f53e61237851daac1701f0647,1.7011787919909693,seed,2.232806013961203,0.0,0.0,220224.0,220224.0,20.50288342778262,0.0,0.0,B,2.232806013961203,AI_VERIFIED
10081626.0,root2:batch_10,0.0,0.0,144278016.0,case_073,3,140671616.0,base_base,2.1114127500040922,4515227.0,4041088.0,7443200.0,b60151e19d22154d346f2e72d47f7e27a159113f53e61237851daac1701f0647,1.8406717909965664,144712704.0,seed,133228416.0,140671616.0,base_base,4515227.0,b60151e19d22154d346f2e72d47f7e27a159113f53e61237851daac1701f0647,1.8406717909965664,seed,2.232806013961203,0.0,0.0,220224.0,220224.0,20.50288342778262,0.0,0.0,C,2.232806013961203,AI_VERIFIED
10081626.0,root2:batch_10,0,0,0,case_073,4,140222208.0,A1_base,4.988691000005929,3903787.0,4041088.0,11164800.0,d343b7b924a6dfcffe523a971d04bccafb71eb41036e5cf336d84495b740f3a3,2.0203433340066113,144263296.0,seed,129057408.0,138282752.0,A2_base,10177024.0,dfa2b27c997194e9c9e4f965dc711f6cb5b6cbb5324136780879ecb9ba854a1b,1.196274791000178,seed,0.9906261398224078,6273237.0,0.6164117329388238,220224.0,220224.0,17.726437627143273,0.0,0.0,A,2.5825246100773427,AI_VERIFIED
10081626.0,root2:batch_10,0,0,0,case_073,4,140222208.0,B1_base,1.5086617919732817,3903787.0,4041088.0,11164800.0,d343b7b924a6dfcffe523a971d04bccafb71eb41036e5cf336d84495b740f3a3,1.6238449579977896,144263296.0,seed,129057408.0,140222208.0,B1_base,3903787.0,d343b7b924a6dfcffe523a971d04bccafb71eb41036e5cf336d84495b740f3a3,1.6238449579977896,seed,2.5825246100773427,0.0,0.0,220224.0,220224.0,17.726437627143273,0.0,0.0,B,2.5825246100773427,AI_VERIFIED
10081626.0,root2:batch_10,0.0,0.0,143836800.0,case_073,4,140222208.0,base_base,1.9270146659982856,3903787.0,4041088.0,11164800.0,d343b7b924a6dfcffe523a971d04bccafb71eb41036e5cf336d84495b740f3a3,1.463341249997029,144263296.0,seed,129057408.0,140222208.0,base_base,3903787.0,d343b7b924a6dfcffe523a971d04bccafb71eb41036e5cf336d84495b740f3a3,1.463341249997029,seed,2.5825246100773427,0.0,0.0,220224.0,220224.0,17.726437627143273,0.0,0.0,C,2.5825246100773427,AI_VERIFIED
10081626.0,root2:batch_10,0,0,0,case_073,5,139772800.0,A1_base,4.032876541983569,3517515.0,4041088.0,14886400.0,6e4e90a62634897d62054a4a918846ae632b168967cd994a6a326fd7c6417821,1.5286704159807414,143813888.0,seed,124886400.0,137389568.0,A2_base,10202546.0,ce8ad9cd4e4c0caf94c590536fd1a273880da1040c24d4cebf8ed70bcf413657,1.1742758750042412,seed,0.9881480563773003,6685031.0,0.6552316451207375,220224.0,220224.0,15.972441695727985,0.0,0.0,A,2.8661216796516857,AI_VERIFIED
10081626.0,root2:batch_10,0,0,0,case_073,5,139772800.0,B1_base,1.7398305420065299,3517515.0,4041088.0,14886400.0,6e4e90a62634897d62054a4a918846ae632b168967cd994a6a326fd7c6417821,1.4771489589766134,143813888.0,seed,124886400.0,139772800.0,B1_base,3517515.0,6e4e90a62634897d62054a4a918846ae632b168967cd994a6a326fd7c6417821,1.4771489589766134,seed,2.8661216796516857,0.0,0.0,220224.0,220224.0,15.972441695727985,0.0,0.0,B,2.8661216796516857,AI_VERIFIED
10081626.0,root2:batch_10,0.0,0.0,143395584.0,case_073,5,139772800.0,base_base,2.0607010000094306,3517515.0,4041088.0,14886400.0,6e4e90a62634897d62054a4a918846ae632b168967cd994a6a326fd7c6417821,1.9909967500134371,143813888.0,seed,124886400.0,139772800.0,base_base,3517515.0,6e4e90a62634897d62054a4a918846ae632b168967cd994a6a326fd7c6417821,1.9909967500134371,seed,2.8661216796516857,0.0,0.0,220224.0,220224.0,15.972441695727985,0.0,0.0,C,2.8661216796516857,AI_VERIFIED
1682239.0,root3:batch_03,0,0,0,case_074,1,6336512.0,A2_base,nan,1679412.0,3776728.0,2146304.0,05f85c280359837aac889f8216d19a2173bc819d10a37bf42af30af85bf9c3e0,nan,10113240.0,,4190208.0,6070280.0,A0_base,1682239.0,283cf4c916b935f2a8fdb3658482280309247fe2759cb5df58fb075cb0fb6e3e,nan,,1.0,2827.0,0.0016804984309601667,3091.0,62945.46666666667,26.680428137795467,0.0,0.0,A,1.001683327259779,AI_VERIFIED
1682239.0,root3:batch_03,0,0,0,case_074,1,15523850.0,B3_base,nan,1737350.0,3776728.0,0.0,33739359ea32c408b45dea9188bd2401f5a36470f0d1328e5aa2bdde0ea937d2,nan,19300578.0,,15523850.0,15523850.0,B3_base,1737350.0,33739359ea32c408b45dea9188bd2401f5a36470f0d1328e5aa2bdde0ea937d2,nan,,0.9682787003194521,0.0,0.0,3091.0,62945.46666666667,27.600875678629755,0.0,0.0,B,0.9682787003194521,AI_VERIFIED
1682239.0,root3:batch_03,1740800.0,0.13552264266661976,11104286.0,case_074,1,15523850.0,base_base,nan,1731776.0,3776728.0,0.0,33739359ea32c408b45dea9188bd2401f5a36470f0d1328e5aa2bdde0ea937d2,nan,19300578.0,,15523850.0,15523850.0,base_base,1731776.0,33739359ea32c408b45dea9188bd2401f5a36470f0d1328e5aa2bdde0ea937d2,nan,,0.9713952612809047,0.0,0.0,3091.0,62945.46666666667,27.512322836063387,0.0,0.0,C,0.9713952612809047,AI_VERIFIED
1682239.0,root3:batch_03,0,0,0,case_074,2,6590472.0,A1_base,nan,839999.0,3776728.0,2285568.0,66a287a5f319a92ac10f94d6ab03673a5a8d5454d81f088390ae15d664015c88,nan,10367200.0,,4304904.0,6590472.0,A1_base,839999.0,66a287a5f319a92ac10f94d6ab03673a5a8d5454d81f088390ae15d664015c88,nan,,2.002667860318881,0.0,0.0,3091.0,62945.46666666667,13.344868891802639,0.0,0.0,A,2.002667860318881,AI_VERIFIED
1682239.0,root3:batch_03,0,0,0,case_074,2,6590472.0,B1_base,nan,839999.0,3776728.0,2285568.0,66a287a5f319a92ac10f94d6ab03673a5a8d5454d81f088390ae15d664015c88,nan,10367200.0,,4304904.0,6590472.0,B1_base,839999.0,66a287a5f319a92ac10f94d6ab03673a5a8d5454d81f088390ae15d664015c88,nan,,2.002667860318881,0.0,0.0,3091.0,62945.46666666667,13.344868891802639,0.0,0.0,B,2.002667860318881,AI_VERIFIED
1682239.0,root3:batch_03,3035136.0,0.2927688655275912,7331868.0,case_074,2,6590472.0,base_base,nan,837941.0,3776728.0,2285568.0,66a287a5f319a92ac10f94d6ab03673a5a8d5454d81f088390ae15d664015c88,nan,10367200.0,,4304904.0,6590472.0,base_base,837941.0,66a287a5f319a92ac10f94d6ab03673a5a8d5454d81f088390ae15d664015c88,nan,,2.00758645298416,0.0,0.0,3091.0,62945.46666666667,13.312173924095143,0.0,0.0,C,2.00758645298416,AI_VERIFIED
1682239.0,root3:batch_03,0,0,0,case_074,3,7639040.0,A1_base,nan,563098.0,3776728.0,4571136.0,b5987944d72caf2f1e86b42e15aa5db1634dea16235796dd4ae0911435c4a1b2,nan,11415768.0,,3067904.0,7639040.0,A1_base,563098.0,b5987944d72caf2f1e86b42e15aa5db1634dea16235796dd4ae0911435c4a1b2,nan,,2.987471097393349,0.0,0.0,3091.0,62945.46666666667,8.94580705838493,0.0,0.0,A,2.987471097393349,AI_VERIFIED
1682239.0,root3:batch_03,0,0,0,case_074,3,7639040.0,B1_base,nan,563098.0,3776728.0,4571136.0,b5987944d72caf2f1e86b42e15aa5db1634dea16235796dd4ae0911435c4a1b2,nan,11415768.0,,3067904.0,7639040.0,B1_base,563098.0,b5987944d72caf2f1e86b42e15aa5db1634dea16235796dd4ae0911435c4a1b2,nan,,2.987471097393349,0.0,0.0,3091.0,62945.46666666667,8.94580705838493,0.0,0.0,B,2.987471097393349,AI_VERIFIED
1682239.0,root3:batch_03,3813376.0,0.3340502485376121,7602200.0,case_074,3,7639040.0,base_base,nan,557771.0,3776728.0,4571136.0,b5987944d72caf2f1e86b42e15aa5db1634dea16235796dd4ae0911435c4a1b2,nan,11415768.0,,3067904.0,7639040.0,base_base,557771.0,b5987944d72caf2f1e86b42e15aa5db1634dea16235796dd4ae0911435c4a1b2,nan,,3.0160029833031836,0.0,0.0,3091.0,62945.46666666667,8.861178247414164,0.0,0.0,C,3.0160029833031836,AI_VERIFIED
1682239.0,root3:batch_03,0,0,0,case_074,4,7852032.0,A1_base,nan,418987.0,3776728.0,5791744.0,84a27b42f1f5b32476561af1c78693c6d6a6157d75902c44ea703bc0e4b93c43,nan,11628760.0,,2060288.0,7852032.0,A1_base,418987.0,84a27b42f1f5b32476561af1c78693c6d6a6157d75902c44ea703bc0e4b93c43,nan,,4.015014785661608,0.0,0.0,3091.0,62945.46666666667,6.656349093712865,0.0,0.0,A,4.015014785661608,AI_VERIFIED
1682239.0,root3:batch_03,0,0,0,case_074,4,7852032.0,B1_base,nan,418987.0,3776728.0,5791744.0,84a27b42f1f5b32476561af1c78693c6d6a6157d75902c44ea703bc0e4b93c43,nan,11628760.0,,2060288.0,7852032.0,B1_base,418987.0,84a27b42f1f5b32476561af1c78693c6d6a6157d75902c44ea703bc0e4b93c43,nan,,4.015014785661608,0.0,0.0,3091.0,62945.46666666667,6.656349093712865,0.0,0.0,B,4.015014785661608,AI_VERIFIED
1682239.0,root3:batch_03,3747840.0,0.3222959181216466,7880728.0,case_074,4,7852032.0,base_base,nan,415633.0,3776728.0,5791744.0,84a27b42f1f5b32476561af1c78693c6d6a6157d75902c44ea703bc0e4b93c43,nan,11628760.0,,2060288.0,7852032.0,base_base,415633.0,84a27b42f1f5b32476561af1c78693c6d6a6157d75902c44ea703bc0e4b93c43,nan,,4.047414425707295,0.0,0.0,3091.0,62945.46666666667,6.6030648752041445,0.0,0.0,C,4.047414425707295,AI_VERIFIED
1682239.0,root3:batch_03,0,0,0,case_074,5,7983104.0,A1_base,nan,337275.0,3776728.0,6799360.0,cdffcfc7085c42e620b16a78d23976a21e8bc52f7095b6c0cd30027e5eb33895,nan,11759832.0,,1183744.0,7983104.0,A1_base,337275.0,cdffcfc7085c42e620b16a78d23976a21e8bc52f7095b6c0cd30027e5eb33895,nan,,4.987737009858424,0.0,0.0,3091.0,62945.46666666667,5.3582095401098515,0.0,0.0,A,4.987737009858424,AI_VERIFIED
1682239.0,root3:batch_03,0,0,0,case_074,5,7983104.0,B1_base,nan,337275.0,3776728.0,6799360.0,cdffcfc7085c42e620b16a78d23976a21e8bc52f7095b6c0cd30027e5eb33895,nan,11759832.0,,1183744.0,7983104.0,B1_base,337275.0,cdffcfc7085c42e620b16a78d23976a21e8bc52f7095b6c0cd30027e5eb33895,nan,,4.987737009858424,0.0,0.0,3091.0,62945.46666666667,5.3582095401098515,0.0,0.0,B,4.987737009858424,AI_VERIFIED
1682239.0,root3:batch_03,3665920.0,0.3117374341391403,8093720.0,case_074,5,7983104.0,base_base,nan,335626.0,3776728.0,6799360.0,cdffcfc7085c42e620b16a78d23976a21e8bc52f7095b6c0cd30027e5eb33895,nan,11759832.0,,1183744.0,7983104.0,base_base,335626.0,cdffcfc7085c42e620b16a78d23976a21e8bc52f7095b6c0cd30027e5eb33895,nan,,5.0122427940624386,0.0,0.0,3091.0,62945.46666666667,5.332012260348111,0.0,0.0,C,5.0122427940624386,AI_VERIFIED
1441809.0,root3:batch_03,0,0,0,case_075,1,0.0,A0_base,nan,1441809.0,1837190.0,0.0,eed95a73481aa3ed3a0462063087989f4b255f101f0a405a23548aa3cd59c4d9,nan,1837190.0,,0.0,0.0,A0_base,1441809.0,eed95a73481aa3ed3a0462063087989f4b255f101f0a405a23548aa3cd59c4d9,nan,,1.0,0.0,0.0,182300.0,182300.0,7.908990674712014,0.0,0.0,A,1.0,AI_VERIFIED
1441809.0,root3:batch_03,0,0,0,case_075,1,0.0,B3_base,nan,1433562.0,1837190.0,0.0,4bee9ce78e8dd031bf22abe313f6b3a8518722aebf75c336fb540c3817d0945d,nan,1837190.0,,0.0,0.0,B3_base,1433562.0,4bee9ce78e8dd031bf22abe313f6b3a8518722aebf75c336fb540c3817d0945d,nan,,1.0057528031574499,0.0,0.0,182300.0,182300.0,7.863752057048821,0.0,0.0,B,1.0057528031574499,AI_VERIFIED
1441809.0,root3:batch_03,0.0,0.0,1819782.0,case_075,1,0.0,base_base,nan,1433562.0,1837190.0,0.0,4bee9ce78e8dd031bf22abe313f6b3a8518722aebf75c336fb540c3817d0945d,nan,1837190.0,,0.0,0.0,base_base,1433562.0,4bee9ce78e8dd031bf22abe313f6b3a8518722aebf75c336fb540c3817d0945d,nan,,1.0057528031574499,0.0,0.0,182300.0,182300.0,7.863752057048821,0.0,0.0,C,1.0057528031574499,AI_VERIFIED
1441809.0,root3:batch_03,0,0,0,case_075,2,1351466.0,A3_base,nan,1446105.0,1837190.0,1351466.0,7fbd2b4c809ae27f54945599a7a126d10c65d64c6c659b8b9f61d4dba30ebef8,nan,3188656.0,,0.0,269970.0,A2_base,1446181.0,92290bb69f7f2de159dbbd2402621237bd4efc01abc93480cc9b2fb64ec421a2,nan,,0.9969768652748169,76.0,5.2552204737857846e-05,182300.0,182300.0,7.932556226001097,0.0,0.0,A,0.9970292613606896,AI_VERIFIED
1441809.0,root3:batch_03,0,0,0,case_075,2,635526.0,B2_base,nan,1440267.0,1837190.0,635526.0,378ed93a9151ed0218f10a5c2aa5ca266b937f0635a712c9d637ef6c50a9aa6d,nan,2472716.0,,0.0,635526.0,B2_base,1440267.0,378ed93a9151ed0218f10a5c2aa5ca266b937f0635a712c9d637ef6c50a9aa6d,nan,,1.0010706348197937,0.0,0.0,182300.0,182300.0,7.900532089961602,0.0,0.0,B,1.0010706348197937,AI_VERIFIED
1441809.0,root3:batch_03,134.0,6.268677383921871e-05,2137478.0,case_075,2,635526.0,base_base,nan,1440267.0,1837190.0,635526.0,378ed93a9151ed0218f10a5c2aa5ca266b937f0635a712c9d637ef6c50a9aa6d,nan,2472716.0,,0.0,635526.0,base_base,1440267.0,378ed93a9151ed0218f10a5c2aa5ca266b937f0635a712c9d637ef6c50a9aa6d,nan,,1.0010706348197937,0.0,0.0,182300.0,182300.0,7.900532089961602,0.0,0.0,C,1.0010706348197937,AI_VERIFIED
1441809.0,root3:batch_03,0,0,0,case_075,3,550814.0,A2_base,nan,1442768.0,1837190.0,550814.0,7c74220e4cf3fba305cee5598690ae4a8a90526d69443b8c0b872c39e2ef8b71,nan,2388004.0,,0.0,2219454.0,A3_base,1476920.0,4d81abe758055b5622ba0ebfa1761daa3e3d8f00811ccbe6ea00d41322161cbd,nan,,0.9762268775559949,34152.0,0.02312379817457953,182300.0,182300.0,7.914251234229292,0.0,0.0,A,0.9993353054683775,AI_VERIFIED
1441809.0,root3:batch_03,0,0,0,case_075,3,839564.0,B2_base,nan,1442868.0,1837190.0,839564.0,777b17e75b9c1fb288a8c044f2d9091e81646247c6fae43568b23bc9890a31b8,nan,2676754.0,,0.0,839564.0,B2_base,1442868.0,777b17e75b9c1fb288a8c044f2d9091e81646247c6fae43568b23bc9890a31b8,nan,,0.9992660451267892,0.0,0.0,182300.0,182300.0,7.914799780581459,0.0,0.0,B,0.9992660451267892,AI_VERIFIED
1441809.0,root3:batch_03,268.0,0.00011965898973879514,2239430.0,case_075,3,839564.0,base_base,nan,1442868.0,1837190.0,839564.0,777b17e75b9c1fb288a8c044f2d9091e81646247c6fae43568b23bc9890a31b8,nan,2676754.0,,0.0,839564.0,base_base,1442868.0,777b17e75b9c1fb288a8c044f2d9091e81646247c6fae43568b23bc9890a31b8,nan,,0.9992660451267892,0.0,0.0,182300.0,182300.0,7.914799780581459,0.0,0.0,C,0.9992660451267892,AI_VERIFIED
1441809.0,root3:batch_03,0,0,0,case_075,4,768938.0,A2_base,nan,1448007.0,1837190.0,768938.0,96b3afdd6d671eb2ed8d17646b46ecbce591e7898703882befa16576699e3268,nan,2606128.0,,0.0,2902642.0,A3_base,1467317.0,50e896471bbcf3d192babfba346ba39146228f5761eb95a0338e0c4807ecd796,nan,,0.9826158900905531,19310.0,0.013160073794551553,182300.0,182300.0,7.942989577619309,0.0,0.0,A,0.9957196339520458,AI_VERIFIED
1441809.0,root3:batch_03,0,0,0,case_075,4,1350930.0,B2_base,nan,1430810.0,1837190.0,1350930.0,aa1e942bf89be45e440eb98c916bb93d089b9c0ca72ca10d76119dfc8c80e912,nan,3188120.0,,0.0,1350930.0,B2_base,1430810.0,aa1e942bf89be45e440eb98c916bb93d089b9c0ca72ca10d76119dfc8c80e912,nan,,1.0076872540728679,0.0,0.0,182300.0,182300.0,7.848656061437191,0.0,0.0,B,1.0076872540728679,AI_VERIFIED
1441809.0,root3:batch_03,272.0,0.00010899846440398679,2495176.0,case_075,4,1350930.0,base_base,nan,1430808.0,1837190.0,1350930.0,aa1e942bf89be45e440eb98c916bb93d089b9c0ca72ca10d76119dfc8c80e912,nan,3188120.0,,0.0,1350930.0,base_base,1430808.0,aa1e942bf89be45e440eb98c916bb93d089b9c0ca72ca10d76119dfc8c80e912,nan,,1.0076886626297867,0.0,0.0,182300.0,182300.0,7.848645090510148,0.0,0.0,C,1.0076886626297867,AI_VERIFIED
1441809.0,root3:batch_03,0,0,0,case_075,5,314550.0,A2_base,nan,1455390.0,1837190.0,314550.0,cca0c8664df8064c5c9d41f784e470e151ca81ee036fd3f986c818b12443ae8c,nan,2151740.0,,0.0,314550.0,A2_base,1455390.0,cca0c8664df8064c5c9d41f784e470e151ca81ee036fd3f986c818b12443ae8c,nan,,0.9906684806134438,0.0,0.0,182300.0,182300.0,7.98348875479978,0.0,0.0,A,0.9906684806134438,AI_VERIFIED
1441809.0,root3:batch_03,0,0,0,case_075,5,430232.0,B2_base,nan,1430487.0,1837190.0,430232.0,d16ea4f9abf9027e808163a97d895c946a1070b6e5829634dfdcdb8866c5bbb6,nan,2267422.0,,0.0,430232.0,B2_base,1430487.0,d16ea4f9abf9027e808163a97d895c946a1070b6e5829634dfdcdb8866c5bbb6,nan,,1.0079147870620284,0.0,0.0,182300.0,182300.0,7.846884256719693,0.0,0.0,B,1.0079147870620284,AI_VERIFIED
1441809.0,root3:batch_03,536.0,0.0002633691797131045,2034630.0,case_075,5,430232.0,base_base,nan,1430487.0,1837190.0,430232.0,d16ea4f9abf9027e808163a97d895c946a1070b6e5829634dfdcdb8866c5bbb6,nan,2267422.0,,0.0,430232.0,base_base,1430487.0,d16ea4f9abf9027e808163a97d895c946a1070b6e5829634dfdcdb8866c5bbb6,nan,,1.0079147870620284,0.0,0.0,182300.0,182300.0,7.846884256719693,0.0,0.0,C,1.0079147870620284,AI_VERIFIED
6185113.0,root2:batch_01,0,0,0,case_076,1,25961472.0,A2_base,nan,6176086.0,4270674.0,2360320.0,f72b15943362797e8cfda9d6b56f9942e80945b2f2fdbbd63fe64e487699aa3f,nan,30232146.0,,23601152.0,28280832.0,A0_base,6185113.0,987eff305e213637798e899c57d6e952b8cab21068c1971dcae12e16b217665a,nan,,1.0,9027.0,0.0014594721228213617,2774.0,71177.9,86.76971363302374,0.0,0.0,A,1.001461605295004,AI_VERIFIED
6185113.0,root2:batch_01,0,0,0,case_076,1,139435008.0,B3_aggregate,nan,7839069.0,4270674.0,0.0,77d7953b012dbfe7882107403f2e5480cd88eee862f31a407cf17f913c016b5f,nan,143705682.0,,139435008.0,139435008.0,B3_aggregate,7839069.0,77d7953b012dbfe7882107403f2e5480cd88eee862f31a407cf17f913c016b5f,nan,,0.7890111695661819,0.0,0.0,2774.0,71177.9,110.13346839398184,0.0,0.0,B,0.7890111695661819,AI_VERIFIED
6185113.0,root2:batch_01,4416512.0,0.08718943942426265,46237696.0,case_076,1,64754688.0,base_aggregate,nan,6603565.0,4270674.0,0.0,4dfae8ac7abbad08af2d81e0feb197398cfacb2fbb581ef5e3f43a2f950eaf0b,nan,69025362.0,,64754688.0,139435008.0,base_base,7831720.0,77d7953b012dbfe7882107403f2e5480cd88eee862f31a407cf17f913c016b5f,nan,,0.7897515488296313,1228155.0,0.15681804252450293,2774.0,71177.9,92.77549632680932,0.0,0.0,C,0.9366324099179761,AI_VERIFIED
6185113.0,root2:batch_01,0,0,0,case_076,2,31095808.0,A1_base,nan,3065214.0,4270674.0,4074496.0,f41febfdf5115123c9912307b6696c3c968363a72f21562e5f573387b5ffc9a6,nan,35366482.0,,27021312.0,31095808.0,A1_base,3065214.0,f41febfdf5115123c9912307b6696c3c968363a72f21562e5f573387b5ffc9a6,nan,,2.017840516192344,0.0,0.0,2774.0,71177.9,43.0641252411212,0.0,0.0,A,2.017840516192344,AI_VERIFIED
6185113.0,root2:batch_01,0,0,0,case_076,2,31095808.0,B1_base,nan,3065214.0,4270674.0,4074496.0,f41febfdf5115123c9912307b6696c3c968363a72f21562e5f573387b5ffc9a6,nan,35366482.0,,27021312.0,31095808.0,B1_base,3065214.0,f41febfdf5115123c9912307b6696c3c968363a72f21562e5f573387b5ffc9a6,nan,,2.017840516192344,0.0,0.0,2774.0,71177.9,43.0641252411212,0.0,0.0,B,2.017840516192344,AI_VERIFIED
6185113.0,root2:batch_01,9859072.0,0.27878156126940007,25505792.0,case_076,2,31095808.0,base_base,nan,3063843.0,4270674.0,4074496.0,f41febfdf5115123c9912307b6696c3c968363a72f21562e5f573387b5ffc9a6,nan,35366482.0,,27021312.0,31095808.0,base_base,3063843.0,f41febfdf5115123c9912307b6696c3c968363a72f21562e5f573387b5ffc9a6,nan,,2.0187434538910773,0.0,0.0,2774.0,71177.9,43.04486364447392,0.0,0.0,C,2.0187434538910773,AI_VERIFIED
6185113,root2:batch_01,,,,case_076,3,,,,,,,,,,,,,,,,,,,,,,,,,,A,,NO_FINAL_RESULT
495320.0,root3:batch_04,0,0,0,case_077,1,0.0,A0_base,nan,495320.0,2141360.0,0.0,199fac0cffd0df5ff15d703d61d7929d4acebf2ccc6b48ae1071a643a8cf3b6e,nan,2141360.0,,0.0,0.0,A0_base,495320.0,199fac0cffd0df5ff15d703d61d7929d4acebf2ccc6b48ae1071a643a8cf3b6e,nan,,1.0,0.0,0.0,15619.0,35689.333333333336,13.878656554712892,0.0,0.0,A,1.0,AI_VERIFIED
495320.0,root3:batch_04,0,0,0,case_077,1,2056384.0,B3_base,nan,552271.0,2141360.0,0.0,358ce96194053d9b0c3dc9e43465e18fe98d081773c7e643e4abecdbf7f6d4b4,nan,4197744.0,,2056384.0,2056384.0,B3_base,552271.0,358ce96194053d9b0c3dc9e43465e18fe98d081773c7e643e4abecdbf7f6d4b4,nan,,0.8968785252167867,0.0,0.0,15619.0,35689.333333333336,15.474399447080359,0.0,0.0,B,0.8968785252167867,AI_VERIFIED
495320.0,root3:batch_04,57344.0,0.01793051176252078,3140780.0,case_077,1,2056384.0,base_base,nan,552271.0,2141360.0,0.0,358ce96194053d9b0c3dc9e43465e18fe98d081773c7e643e4abecdbf7f6d4b4,nan,4197744.0,,2056384.0,2056384.0,base_base,552271.0,358ce96194053d9b0c3dc9e43465e18fe98d081773c7e643e4abecdbf7f6d4b4,nan,,0.8968785252167867,0.0,0.0,15619.0,35689.333333333336,15.474399447080359,0.0,0.0,C,0.8968785252167867,AI_VERIFIED
495320.0,root3:batch_04,0,0,0,case_077,2,57344.0,A1_base,nan,248734.0,2141360.0,57344.0,5a15fc93be4989f3c00f22e86408ec41851e0719d5a96f234ddea6a2d42f07f5,nan,2198704.0,,0.0,57344.0,A1_base,248734.0,5a15fc93be4989f3c00f22e86408ec41851e0719d5a96f234ddea6a2d42f07f5,nan,,1.9913642686564763,0.0,0.0,15619.0,35689.333333333336,6.969421302349908,0.0,0.0,A,1.9913642686564763,AI_VERIFIED
495320.0,root3:batch_04,0,0,0,case_077,2,57344.0,B1_base,nan,248734.0,2141360.0,57344.0,5a15fc93be4989f3c00f22e86408ec41851e0719d5a96f234ddea6a2d42f07f5,nan,2198704.0,,0.0,57344.0,B1_base,248734.0,5a15fc93be4989f3c00f22e86408ec41851e0719d5a96f234ddea6a2d42f07f5,nan,,1.9913642686564763,0.0,0.0,15619.0,35689.333333333336,6.969421302349908,0.0,0.0,B,1.9913642686564763,AI_VERIFIED
495320.0,root3:batch_04,57344.0,0.026082004763022353,2141260.0,case_077,2,57344.0,base_base,nan,248734.0,2141360.0,57344.0,5a15fc93be4989f3c00f22e86408ec41851e0719d5a96f234ddea6a2d42f07f5,nan,2198704.0,,0.0,57344.0,base_base,248734.0,5a15fc93be4989f3c00f22e86408ec41851e0719d5a96f234ddea6a2d42f07f5,nan,,1.9913642686564763,0.0,0.0,15619.0,35689.333333333336,6.969421302349908,0.0,0.0,C,1.9913642686564763,AI_VERIFIED
495320.0,root3:batch_04,0,0,0,case_077,3,114688.0,A1_base,nan,168976.0,2141360.0,114688.0,7432b478cc738c6204412adada9cd07ef42d9c3ba6d278a4ae382b0ff5036b21,nan,2256048.0,,0.0,114688.0,A1_base,168976.0,7432b478cc738c6204412adada9cd07ef42d9c3ba6d278a4ae382b0ff5036b21,nan,,2.9313038538017233,0.0,0.0,15619.0,35689.333333333336,4.734635932304704,0.0,0.0,A,2.9313038538017233,AI_VERIFIED
495320.0,root3:batch_04,0,0,0,case_077,3,114688.0,B1_base,nan,168976.0,2141360.0,114688.0,7432b478cc738c6204412adada9cd07ef42d9c3ba6d278a4ae382b0ff5036b21,nan,2256048.0,,0.0,114688.0,B1_base,168976.0,7432b478cc738c6204412adada9cd07ef42d9c3ba6d278a4ae382b0ff5036b21,nan,,2.9313038538017233,0.0,0.0,15619.0,35689.333333333336,4.734635932304704,0.0,0.0,B,2.9313038538017233,AI_VERIFIED
495320.0,root3:batch_04,57344.0,0.025419025615838663,2198604.0,case_077,3,114688.0,base_base,nan,168976.0,2141360.0,114688.0,7432b478cc738c6204412adada9cd07ef42d9c3ba6d278a4ae382b0ff5036b21,nan,2256048.0,,0.0,114688.0,base_base,168976.0,7432b478cc738c6204412adada9cd07ef42d9c3ba6d278a4ae382b0ff5036b21,nan,,2.9313038538017233,0.0,0.0,15619.0,35689.333333333336,4.734635932304704,0.0,0.0,C,2.9313038538017233,AI_VERIFIED
495320.0,root3:batch_04,0,0,0,case_077,4,114688.0,A1_base,nan,127832.0,2141360.0,114688.0,91e8d7cf0e0d67b9c3f751946e09cc1cbcf2b110720528c8bdcee1f0ea855b48,nan,2256048.0,,0.0,114688.0,A1_base,127832.0,91e8d7cf0e0d67b9c3f751946e09cc1cbcf2b110720528c8bdcee1f0ea855b48,nan,,3.8747731397459164,0.0,0.0,15619.0,35689.333333333336,3.5817984832069336,0.0,0.0,A,3.8747731397459164,AI_VERIFIED
495320.0,root3:batch_04,0,0,0,case_077,4,114688.0,B1_base,nan,127832.0,2141360.0,114688.0,91e8d7cf0e0d67b9c3f751946e09cc1cbcf2b110720528c8bdcee1f0ea855b48,nan,2256048.0,,0.0,114688.0,B1_base,127832.0,91e8d7cf0e0d67b9c3f751946e09cc1cbcf2b110720528c8bdcee1f0ea855b48,nan,,3.8747731397459164,0.0,0.0,15619.0,35689.333333333336,3.5817984832069336,0.0,0.0,B,3.8747731397459164,AI_VERIFIED
495320.0,root3:batch_04,114688.0,0.050838051231677325,2141260.0,case_077,4,114688.0,base_base,nan,127591.0,2141360.0,114688.0,91e8d7cf0e0d67b9c3f751946e09cc1cbcf2b110720528c8bdcee1f0ea855b48,nan,2256048.0,,0.0,114688.0,base_base,127591.0,91e8d7cf0e0d67b9c3f751946e09cc1cbcf2b110720528c8bdcee1f0ea855b48,nan,,3.8820919970844336,0.0,0.0,15619.0,35689.333333333336,3.5750457653080283,0.0,0.0,C,3.8820919970844336,AI_VERIFIED
495320.0,root3:batch_04,0,0,0,case_077,5,172032.0,A1_base,nan,115617.0,2141360.0,172032.0,f3d66f272ce2d4b23de6a6756c0bf225bfbb880398f580984e57f094d1f93e87,nan,2313392.0,,0.0,172032.0,A1_base,115617.0,f3d66f272ce2d4b23de6a6756c0bf225bfbb880398f580984e57f094d1f93e87,nan,,4.284145065172077,0.0,0.0,15619.0,35689.333333333336,3.239539358164904,0.0,0.0,A,4.284145065172077,AI_VERIFIED
495320.0,root3:batch_04,0,0,0,case_077,5,172032.0,B1_base,nan,115617.0,2141360.0,172032.0,f3d66f272ce2d4b23de6a6756c0bf225bfbb880398f580984e57f094d1f93e87,nan,2313392.0,,0.0,172032.0,B1_base,115617.0,f3d66f272ce2d4b23de6a6756c0bf225bfbb880398f580984e57f094d1f93e87,nan,,4.284145065172077,0.0,0.0,15619.0,35689.333333333336,3.239539358164904,0.0,0.0,B,4.284145065172077,AI_VERIFIED
495320.0,root3:batch_04,172032.0,0.07436674661045817,2141260.0,case_077,5,172032.0,base_base,nan,115617.0,2141360.0,172032.0,f3d66f272ce2d4b23de6a6756c0bf225bfbb880398f580984e57f094d1f93e87,nan,2313392.0,,0.0,172032.0,base_base,115617.0,f3d66f272ce2d4b23de6a6756c0bf225bfbb880398f580984e57f094d1f93e87,nan,,4.284145065172077,0.0,0.0,15619.0,35689.333333333336,3.239539358164904,0.0,0.0,C,4.284145065172077,AI_VERIFIED
2296143.0,root3:batch_03,0,0,0,case_078,1,10175328.0,A3_aggregate,nan,2260779.0,2345088.0,491520.0,db8357568a733f158d050c8c6dbbfd1ff05a065822aaf49295fcdff6f0965481,nan,12520416.0,,9683808.0,12644568.0,A0_base,2296143.0,56f618595ecd94318998fed3e05d00fa4d9cd736d3b13613406a7ccf39144dbb,nan,,1.0,35364.0,0.015401479785884416,246816.0,246816.0,9.159774893037728,0.0,0.0,A,1.0156423958290484,AI_VERIFIED
2296143.0,root3:batch_03,0,0,0,case_078,1,10188024.0,B2_base,nan,2259940.0,2345088.0,0.0,4594b618b0616cf1133af4b2cb089aca6b04d62b5afe3f493e3dce85a1917e2c,nan,12533112.0,,10188024.0,10188024.0,B2_base,2259940.0,4594b618b0616cf1133af4b2cb089aca6b04d62b5afe3f493e3dce85a1917e2c,nan,,1.0160194518438543,0.0,0.0,246816.0,246816.0,9.156375599636977,0.0,0.0,B,1.0160194518438543,AI_VERIFIED
2296143.0,root3:batch_03,8796888.0,0.7188057067215767,3441312.0,case_078,1,10188024.0,base_base,nan,2189192.0,2345088.0,0.0,4594b618b0616cf1133af4b2cb089aca6b04d62b5afe3f493e3dce85a1917e2c,nan,12533112.0,,10188024.0,10188024.0,base_base,2189192.0,4594b618b0616cf1133af4b2cb089aca6b04d62b5afe3f493e3dce85a1917e2c,nan,,1.0488540977675782,0.0,0.0,246816.0,246816.0,8.86973291844937,0.0,0.0,C,1.0488540977675782,AI_VERIFIED
2296143.0,root3:batch_03,0,0,0,case_078,2,12841128.0,A2_aggregate,nan,1217774.0,2345088.0,4296960.0,cf17d9c14f9b8d80212fd8ab05aeaee19acc81209d1695ac1f9395bf7fcb92ac,nan,15186216.0,,8544168.0,12535344.0,A1_base,1260358.0,3d52513d749eb66c16cb778e2cb60e99cea3ac5cd0fa15e0f1ad0b4ffc47254b,nan,,1.8218180866071385,42584.0,0.03378722553433231,246816.0,246816.0,4.933934590950344,0.0,0.0,A,1.885524736116882,AI_VERIFIED
2296143.0,root3:batch_03,0,0,0,case_078,2,12535344.0,B1_base,nan,1260358.0,2345088.0,2148480.0,3d52513d749eb66c16cb778e2cb60e99cea3ac5cd0fa15e0f1ad0b4ffc47254b,nan,14880432.0,,10386864.0,12535344.0,B1_base,1260358.0,3d52513d749eb66c16cb778e2cb60e99cea3ac5cd0fa15e0f1ad0b4ffc47254b,nan,,1.8218180866071385,0.0,0.0,246816.0,246816.0,5.106467976144172,0.0,0.0,B,1.8218180866071385,AI_VERIFIED
2296143.0,root3:batch_03,0.0,0.0,14736048.0,case_078,2,12535344.0,base_base,nan,1260358.0,2345088.0,2148480.0,3d52513d749eb66c16cb778e2cb60e99cea3ac5cd0fa15e0f1ad0b4ffc47254b,nan,14880432.0,,10386864.0,12535344.0,base_base,1260358.0,3d52513d749eb66c16cb778e2cb60e99cea3ac5cd0fa15e0f1ad0b4ffc47254b,nan,,1.8218180866071385,0.0,0.0,246816.0,246816.0,5.106467976144172,0.0,0.0,C,1.8218180866071385,AI_VERIFIED
2296143.0,root3:batch_03,0,0,0,case_078,3,4851024.0,A3_base,nan,2198402.0,2345088.0,2061648.0,ce7ed94554ed5e03920bd304035476dec0b74695eb3db86aa575f6bfddd827bb,nan,7196112.0,,2789376.0,13814400.0,A2_base,2228419.0,ed378077f5b8fb5e9d36b6ca419ec9831d837e7465fe23e77ee36e9588e790fe,nan,,1.0303910530290759,30017.0,0.013470087986146233,246816.0,246816.0,8.90704816543498,0.0,0.0,A,1.0444600214155555,AI_VERIFIED
2296143.0,root3:batch_03,0,0,0,case_078,3,12978288.0,B3_base,nan,1377249.0,2345088.0,5101080.0,cf9c14d9abc8d4b8bb66ee4f0990f307d5e1bc96b063ae343a6bf25f05f2c422,nan,15323376.0,,7877208.0,12978288.0,B3_base,1377249.0,cf9c14d9abc8d4b8bb66ee4f0990f307d5e1bc96b063ae343a6bf25f05f2c422,nan,,1.6671952566311539,0.0,0.0,246816.0,246816.0,5.580063691170751,0.0,0.0,B,1.6671952566311539,AI_VERIFIED
2296143.0,root3:batch_03,3442176.0,0.23267026374617553,11352048.0,case_078,3,12978288.0,base_base,nan,1366507.0,2345088.0,5101080.0,cf9c14d9abc8d4b8bb66ee4f0990f307d5e1bc96b063ae343a6bf25f05f2c422,nan,15323376.0,,7877208.0,12978288.0,base_base,1366507.0,cf9c14d9abc8d4b8bb66ee4f0990f307d5e1bc96b063ae343a6bf25f05f2c422,nan,,1.6803009424759625,0.0,0.0,246816.0,246816.0,5.536541391157786,0.0,0.0,C,1.6803009424759625,AI_VERIFIED
2296143.0,root3:batch_03,0,0,0,case_078,4,14566248.0,A2_aggregate,nan,637384.0,2345088.0,12890880.0,e80c7ccb2e448c5897251c182f822b065eee132e6c770b6ade6f771d2ec87ecc,nan,16911336.0,,1675368.0,13146912.0,A1_base,690924.0,38225d6e3b5f38a9ad0b5aace7aa73266b90f3331a74f00eb4516f36e150da29,nan,,3.3232931552529656,53540.0,0.07749043310118045,246816.0,246816.0,2.582425774666148,0.0,0.0,A,3.6024484455210675,AI_VERIFIED
2296143.0,root3:batch_03,0,0,0,case_078,4,13146912.0,B1_base,nan,690924.0,2345088.0,6445440.0,38225d6e3b5f38a9ad0b5aace7aa73266b90f3331a74f00eb4516f36e150da29,nan,15492000.0,,6701472.0,13146912.0,B1_base,690924.0,38225d6e3b5f38a9ad0b5aace7aa73266b90f3331a74f00eb4516f36e150da29,nan,,3.3232931552529656,0.0,0.0,246816.0,246816.0,2.7993485025281992,0.0,0.0,B,3.3232931552529656,AI_VERIFIED
2296143.0,root3:batch_03,0.0,0.0,15393696.0,case_078,4,13146912.0,base_base,nan,690924.0,2345088.0,6445440.0,38225d6e3b5f38a9ad0b5aace7aa73266b90f3331a74f00eb4516f36e150da29,nan,15492000.0,,6701472.0,13146912.0,base_base,690924.0,38225d6e3b5f38a9ad0b5aace7aa73266b90f3331a74f00eb4516f36e150da29,nan,,3.3232931552529656,0.0,0.0,246816.0,246816.0,2.7993485025281992,0.0,0.0,C,3.3232931552529656,AI_VERIFIED
2296143.0,root3:batch_03,0,0,0,case_078,5,15475584.0,A2_base,nan,2157920.0,2345088.0,15475584.0,29e57040ec83cbd3e93a5cb428e0c4b11aa86742285a8f28008903570898b06c,nan,17820672.0,,0.0,15475584.0,A2_base,2157920.0,29e57040ec83cbd3e93a5cb428e0c4b11aa86742285a8f28008903570898b06c,nan,,1.0640538110773337,0.0,0.0,246816.0,246816.0,8.7430312459484,0.0,0.0,A,1.0640538110773337,AI_VERIFIED
2296143.0,root3:batch_03,0,0,0,case_078,5,14818800.0,B3_base,nan,1586167.0,2345088.0,8165136.0,b63ef20c293389e1c9274973b1b1ea5bce5bccd571fade8508c1fe04eee326d4,nan,17163888.0,,6653664.0,14818800.0,B3_base,1586167.0,b63ef20c293389e1c9274973b1b1ea5bce5bccd571fade8508c1fe04eee326d4,nan,,1.4476048234517551,0.0,0.0,246816.0,246816.0,6.426516109166343,0.0,0.0,B,1.4476048234517551,AI_VERIFIED
2296143.0,root3:batch_03,4958904.0,0.30193887601305835,11464632.0,case_078,5,14818800.0,base_base,nan,1556908.0,2345088.0,8165136.0,b63ef20c293389e1c9274973b1b1ea5bce5bccd571fade8508c1fe04eee326d4,nan,17163888.0,,6653664.0,14818800.0,base_base,1556908.0,b63ef20c293389e1c9274973b1b1ea5bce5bccd571fade8508c1fe04eee326d4,nan,,1.474809686892225,0.0,0.0,246816.0,246816.0,6.307970309866459,0.0,0.0,C,1.474809686892225,AI_VERIFIED
31052251.0,root3:batch_03,0,0,0,case_079,1,32555008.0,A2_base,nan,30952656.0,9351168.0,2162688.0,a3dae28aa9836979dacbcf2e1c6c456d062423e3bdf1ede56b43f17c86bcde3a,nan,41906176.0,,30392320.0,32448512.0,A0_base,31052251.0,05c7ba53dcdf4229c68537410f0b267946df39ea3d9c13995106c1420937fed8,nan,,1.0,99595.0,0.003207335919061069,5952.0,155852.8,198.60186021682,0.0,0.0,A,1.003217656022798,AI_VERIFIED
31052251.0,root3:batch_03,0,0,0,case_079,1,310804480.0,B3_base,nan,35817831.0,9351168.0,0.0,dba2a7611dd8d6c85a50184af3fe3237027274fc45bbc3927ab49e0557ac3bee,nan,320155648.0,,310804480.0,319381504.0,B3_aggregate,36062992.0,052c825cd0a4e9edf6ae1dc324a0423417acc699a8d874c33b7f8cad018d5510,nan,,0.8610558713486668,245161.0,0.006798132556500027,5952.0,155852.8,229.81833499301908,0.0,0.0,B,0.8669495090308511,AI_VERIFIED
31052251.0,root3:batch_03,13119488.0,0.0761241562886206,159223808.0,case_079,1,310804480.0,base_base,nan,35637258.0,9351168.0,0.0,dba2a7611dd8d6c85a50184af3fe3237027274fc45bbc3927ab49e0557ac3bee,nan,320155648.0,,310804480.0,310804480.0,base_base,35637258.0,dba2a7611dd8d6c85a50184af3fe3237027274fc45bbc3927ab49e0557ac3bee,nan,,0.8713423181996774,0.0,0.0,5952.0,155852.8,228.65972250739162,0.0,0.0,C,0.8713423181996774,AI_VERIFIED
31052251.0,root3:batch_03,0,0,0,case_079,2,31780864.0,A1_base,nan,15446486.0,9351168.0,3649536.0,d649db90d1e9476a78971ea75327d30336b77b7cb5b731898626655ed91fcd8c,nan,41132032.0,,28131328.0,31780864.0,A1_base,15446486.0,d649db90d1e9476a78971ea75327d30336b77b7cb5b731898626655ed91fcd8c,nan,,2.010311665708304,0.0,0.0,5952.0,155852.8,99.10945456225362,0.0,0.0,A,2.010311665708304,AI_VERIFIED
31052251.0,root3:batch_03,0,0,0,case_079,2,31780864.0,B1_base,nan,15446486.0,9351168.0,3649536.0,d649db90d1e9476a78971ea75327d30336b77b7cb5b731898626655ed91fcd8c,nan,41132032.0,,28131328.0,31780864.0,B1_base,15446486.0,d649db90d1e9476a78971ea75327d30336b77b7cb5b731898626655ed91fcd8c,nan,,2.010311665708304,0.0,0.0,5952.0,155852.8,99.10945456225362,0.0,0.0,B,2.010311665708304,AI_VERIFIED
31052251.0,root3:batch_03,0.0,0.0,37593088.0,case_079,2,31780864.0,base_base,nan,15446486.0,9351168.0,3649536.0,d649db90d1e9476a78971ea75327d30336b77b7cb5b731898626655ed91fcd8c,nan,41132032.0,,28131328.0,31780864.0,base_base,15446486.0,d649db90d1e9476a78971ea75327d30336b77b7cb5b731898626655ed91fcd8c,nan,,2.010311665708304,0.0,0.0,5952.0,155852.8,99.10945456225362,0.0,0.0,C,2.010311665708304,AI_VERIFIED
31052251.0,root3:batch_03,0,0,0,case_079,3,32980992.0,A2_base,nan,10213492.0,9351168.0,10813440.0,af719455d23e47e6811cac7fe6d890cf9ce865d40f44bf7c29c4dbf142cf1fc4,nan,42332160.0,,22167552.0,32874496.0,A2_aggregate,10297422.0,4c38fee785985248ef7569b50f9bba45fcfcf13cf9f52c015bc26b7a9e71daf8,nan,,3.0155364129002384,83930.0,0.00815058370920411,5952.0,155852.8,65.53293877299606,0.0,0.0,A,3.0403167692303477,AI_VERIFIED
31052251.0,root3:batch_03,0,0,0,case_079,3,39960576.0,B1_base,nan,10181692.0,9351168.0,11624448.0,582c23d73e93a01a0fa43671a6623dd5bf64d65f77526a70b7086c1562118f9f,nan,49311744.0,,28336128.0,39960576.0,B1_base,10181692.0,582c23d73e93a01a0fa43671a6623dd5bf64d65f77526a70b7086c1562118f9f,nan,,3.049812447675691,0.0,0.0,5952.0,155852.8,65.32890009034166,0.0,0.0,B,3.049812447675691,AI_VERIFIED
31052251.0,root3:batch_03,6285312.0,0.13731543624161074,39487488.0,case_079,3,39960576.0,base_base,nan,10175315.0,9351168.0,11624448.0,582c23d73e93a01a0fa43671a6623dd5bf64d65f77526a70b7086c1562118f9f,nan,49311744.0,,28336128.0,39960576.0,base_base,10175315.0,582c23d73e93a01a0fa43671a6623dd5bf64d65f77526a70b7086c1562118f9f,nan,,3.0517238041279313,0.0,0.0,5952.0,155852.8,65.2879832765276,0.0,0.0,C,3.0517238041279313,AI_VERIFIED
31052251.0,root3:batch_03,0,0,0,case_079,4,30445568.0,A1_base,nan,7635624.0,9351168.0,10948608.0,30070412f99d4d7e792bc63e27989a27a3b6ead4744de496bec1a004accea9b3,nan,39796736.0,,19496960.0,30445568.0,A1_base,7635624.0,30070412f99d4d7e792bc63e27989a27a3b6ead4744de496bec1a004accea9b3,nan,,4.066760097144647,0.0,0.0,5952.0,155852.8,48.99253654730618,0.0,0.0,A,4.066760097144647,AI_VERIFIED
31052251.0,root3:batch_03,0,0,0,case_079,4,30445568.0,B1_base,nan,7635624.0,9351168.0,10948608.0,30070412f99d4d7e792bc63e27989a27a3b6ead4744de496bec1a004accea9b3,nan,39796736.0,,19496960.0,30445568.0,B1_base,7635624.0,30070412f99d4d7e792bc63e27989a27a3b6ead4744de496bec1a004accea9b3,nan,,4.066760097144647,0.0,0.0,5952.0,155852.8,48.99253654730618,0.0,0.0,B,4.066760097144647,AI_VERIFIED
31052251.0,root3:batch_03,0.0,0.0,36257792.0,case_079,4,30445568.0,base_base,nan,7635624.0,9351168.0,10948608.0,30070412f99d4d7e792bc63e27989a27a3b6ead4744de496bec1a004accea9b3,nan,39796736.0,,19496960.0,30445568.0,base_base,7635624.0,30070412f99d4d7e792bc63e27989a27a3b6ead4744de496bec1a004accea9b3,nan,,4.066760097144647,0.0,0.0,5952.0,155852.8,48.99253654730618,0.0,0.0,C,4.066760097144647,AI_VERIFIED
31052251.0,root3:batch_03,0,0,0,case_079,5,47677440.0,A1_base,nan,6075976.0,9351168.0,23248896.0,a985f9cac9f57b73cb5186652a703db9ae541d0106f6fab1a8b62f4f75c84279,nan,57028608.0,,24428544.0,39862272.0,A2_base,27315136.0,634feeed0f4b9294f65e8e42bb8a1914c684dbc1278d06d8801f3a6117478367,nan,,1.1368148048027291,21239160.0,0.7775601044051181,5952.0,155852.8,38.98535027923785,0.0,0.0,A,5.110660575354478,AI_VERIFIED
31052251.0,root3:batch_03,0,0,0,case_079,5,47677440.0,B1_base,nan,6075976.0,9351168.0,23248896.0,a985f9cac9f57b73cb5186652a703db9ae541d0106f6fab1a8b62f4f75c84279,nan,57028608.0,,24428544.0,47677440.0,B1_base,6075976.0,a985f9cac9f57b73cb5186652a703db9ae541d0106f6fab1a8b62f4f75c84279,nan,,5.110660575354478,0.0,0.0,5952.0,155852.8,38.98535027923785,0.0,0.0,B,5.110660575354478,AI_VERIFIED
31052251.0,root3:batch_03,13060096.0,0.2441611149398882,40429568.0,case_079,5,47677440.0,base_base,nan,6075472.0,9351168.0,23248896.0,a985f9cac9f57b73cb5186652a703db9ae541d0106f6fab1a8b62f4f75c84279,nan,57028608.0,,24428544.0,47677440.0,base_base,6075472.0,a985f9cac9f57b73cb5186652a703db9ae541d0106f6fab1a8b62f4f75c84279,nan,,5.111084537958532,0.0,0.0,5952.0,155852.8,38.9821164586071,0.0,0.0,C,5.111084537958532,AI_VERIFIED
292138.0,root3:batch_03,0,0,0,case_080,1,667648.0,A2_base,nan,292086.0,1978368.0,380928.0,54f252571735ef12573990207abdd5cacc739f6a2e2cc3c4ab9d98f1dd92ddb8,nan,2646016.0,,286720.0,548864.0,A0_base,292138.0,f63945bbe07222d638b2c7a8d578ae6c9d4fe9a88de46d45418d41e3c76ecc33,nan,,1.0,52.0,0.0001779980694055549,746.0,32972.8,8.858392371894409,0.0,0.0,A,1.000178029758359,AI_VERIFIED
292138.0,root3:batch_03,0,0,0,case_080,1,4014080.0,B3_reorder,nan,329200.0,1978368.0,0.0,56b965250eb4c3f8f90c3aac0357692d85e7012660671e4fc151e9cd3e943cdd,nan,5992448.0,,4014080.0,4079616.0,B3_base,335411.0,438af0a42264341244844fd7eaa5d180f9df8b0870a94d5401bf0fbc3f392efd,nan,,0.8709851495627752,6211.0,0.018517579924331642,746.0,32972.8,9.983986801242235,0.0,0.0,B,0.8874179829890644,AI_VERIFIED
292138.0,root3:batch_03,8192.0,0.002079002079002079,3932160.0,case_080,1,4014080.0,base_base,nan,329096.0,1978368.0,0.0,56b965250eb4c3f8f90c3aac0357692d85e7012660671e4fc151e9cd3e943cdd,nan,5992448.0,,4014080.0,4014080.0,base_base,329096.0,56b965250eb4c3f8f90c3aac0357692d85e7012660671e4fc151e9cd3e943cdd,nan,,0.8876984223448477,0.0,0.0,746.0,32972.8,9.980832686335402,0.0,0.0,C,0.8876984223448477,AI_VERIFIED
292138.0,root3:batch_03,0,0,0,case_080,2,2191360.0,A1_base,nan,145926.0,1978368.0,1904640.0,0e47c11b0b44f2c33a12cb89202337e8e910b5239d90515fe553c723d50ac6a9,nan,4169728.0,,286720.0,2191360.0,A1_base,145926.0,0e47c11b0b44f2c33a12cb89202337e8e910b5239d90515fe553c723d50ac6a9,nan,,2.0019598974822856,0.0,0.0,746.0,32972.8,4.425647806677018,0.0,0.0,A,2.0019598974822856,AI_VERIFIED
292138.0,root3:batch_03,0,0,0,case_080,2,2191360.0,B1_base,nan,145926.0,1978368.0,1904640.0,0e47c11b0b44f2c33a12cb89202337e8e910b5239d90515fe553c723d50ac6a9,nan,4169728.0,,286720.0,2191360.0,B1_base,145926.0,0e47c11b0b44f2c33a12cb89202337e8e910b5239d90515fe553c723d50ac6a9,nan,,2.0019598974822856,0.0,0.0,746.0,32972.8,4.425647806677018,0.0,0.0,B,2.0019598974822856,AI_VERIFIED
292138.0,root3:batch_03,1785856.0,0.436,2310144.0,case_080,2,2191360.0,base_base,nan,145674.0,1978368.0,1904640.0,0e47c11b0b44f2c33a12cb89202337e8e910b5239d90515fe553c723d50ac6a9,nan,4169728.0,,286720.0,2191360.0,base_base,145674.0,0e47c11b0b44f2c33a12cb89202337e8e910b5239d90515fe553c723d50ac6a9,nan,,2.005423067946236,0.0,0.0,746.0,32972.8,4.41800514363354,0.0,0.0,C,2.005423067946236,AI_VERIFIED
292138.0,root3:batch_03,0,0,0,case_080,3,1531904.0,A2_aggregate,nan,101563.0,1978368.0,1523712.0,7046884e6e47c00f8ef775befa2e95ccdfc59ceef0df7db940e5ea62c53b202f,nan,3510272.0,,8192.0,1531904.0,A2_aggregate,101563.0,7046884e6e47c00f8ef775befa2e95ccdfc59ceef0df7db940e5ea62c53b202f,nan,,2.8764215314632295,0.0,0.0,746.0,32972.8,3.080205502717391,0.0,0.0,A,2.8764215314632295,AI_VERIFIED
292138.0,root3:batch_03,0,0,0,case_080,3,3047424.0,B1_base,nan,100325.0,1978368.0,3047424.0,f7bda778b5ae3a909c2147501f52bf4a96f4060bf831d951d7d090ef795b8f2f,nan,5025792.0,,0.0,3047424.0,B1_base,100325.0,f7bda778b5ae3a909c2147501f52bf4a96f4060bf831d951d7d090ef795b8f2f,nan,,2.9119162721156244,0.0,0.0,746.0,32972.8,3.0426594041149064,0.0,0.0,B,2.9119162721156244,AI_VERIFIED
292138.0,root3:batch_03,0.0,0.0,4952064.0,case_080,3,3047424.0,base_base,nan,100325.0,1978368.0,3047424.0,f7bda778b5ae3a909c2147501f52bf4a96f4060bf831d951d7d090ef795b8f2f,nan,5025792.0,,0.0,3047424.0,base_base,100325.0,f7bda778b5ae3a909c2147501f52bf4a96f4060bf831d951d7d090ef795b8f2f,nan,,2.9119162721156244,0.0,0.0,746.0,32972.8,3.0426594041149064,0.0,0.0,C,2.9119162721156244,AI_VERIFIED
292138.0,root3:batch_03,0,0,0,case_080,4,4190208.0,A1_base,nan,111314.0,1978368.0,4190208.0,53da4f6354c82b9d127ac58a9b5f3d7707c311f894b9bbc1fee66dd43b6a5b14,nan,6168576.0,,0.0,4190208.0,A1_move,155915.0,c760f3a57e320371b07be6ef526f973534813d9ebd05f47a5272ae54a4a97813,nan,,1.8737004136869448,44601.0,0.2860597120225764,746.0,32972.8,3.375934103260869,0.0,0.0,A,2.6244497547478303,AI_VERIFIED
292138.0,root3:batch_03,0,0,0,case_080,4,4190208.0,B1_base,nan,111314.0,1978368.0,4190208.0,53da4f6354c82b9d127ac58a9b5f3d7707c311f894b9bbc1fee66dd43b6a5b14,nan,6168576.0,,0.0,3813376.0,B1_move,172454.0,c760f3a57e320371b07be6ef526f973534813d9ebd05f47a5272ae54a4a97813,nan,,1.6940053579505259,61140.0,0.35452932376169877,746.0,32972.8,3.375934103260869,0.0,0.0,B,2.6244497547478303,AI_VERIFIED
292138.0,root3:batch_03,2916352.0,0.478494623655914,3178496.0,case_080,4,4190208.0,base_base,nan,90584.0,1978368.0,4190208.0,53da4f6354c82b9d127ac58a9b5f3d7707c311f894b9bbc1fee66dd43b6a5b14,nan,6168576.0,,0.0,4190208.0,base_base,90584.0,53da4f6354c82b9d127ac58a9b5f3d7707c311f894b9bbc1fee66dd43b6a5b14,nan,,3.225050781594984,0.0,0.0,746.0,32972.8,2.7472340838509313,0.0,0.0,C,3.225050781594984,AI_VERIFIED
292138.0,root3:batch_03,0,0,0,case_080,5,4571136.0,A1_base,nan,113455.0,1978368.0,4571136.0,9fc65038ecb4eec561e03ec5b7278c8c271f32634a512dc0c2cc68eda26247cb,nan,6549504.0,,0.0,4571136.0,A1_move,145139.0,ffc21e80aa335e7292380d8db7ee5185e29f0edc568d33b271607bbaf3db2ac2,nan,,2.0128153011940277,31684.0,0.2183010768986971,746.0,32972.8,3.4408664111024843,0.0,0.0,A,2.574923978669957,AI_VERIFIED
292138.0,root3:batch_03,0,0,0,case_080,5,4571136.0,B1_base,nan,113455.0,1978368.0,4571136.0,9fc65038ecb4eec561e03ec5b7278c8c271f32634a512dc0c2cc68eda26247cb,nan,6549504.0,,0.0,4075520.0,B1_move,157320.0,ffc21e80aa335e7292380d8db7ee5185e29f0edc568d33b271607bbaf3db2ac2,nan,,1.8569666920925503,43865.0,0.27882659547419275,746.0,32972.8,3.4408664111024843,0.0,0.0,B,2.574923978669957,AI_VERIFIED
292138.0,root3:batch_03,2228224.0,0.34408602150537637,4247552.0,case_080,5,4571136.0,base_base,nan,90408.0,1978368.0,4571136.0,9fc65038ecb4eec561e03ec5b7278c8c271f32634a512dc0c2cc68eda26247cb,nan,6549504.0,,0.0,4571136.0,base_base,90408.0,9fc65038ecb4eec561e03ec5b7278c8c271f32634a512dc0c2cc68eda26247cb,nan,,3.2313290859215997,0.0,0.0,746.0,32972.8,2.7418963509316767,0.0,0.0,C,3.2313290859215997,AI_VERIFIED
151795.0,root2:batch_12,0,0,0,case_081,1,0.0,A0_base,6.969745916023385,151795.0,1741140.0,0.0,de2d2f5f4be4ac72ab7f17f48805c39c7a85edf77451cdb2616f35c8a8860305,1.654209708009148,1741140.0,seed,0.0,0.0,A0_base,151795.0,de2d2f5f4be4ac72ab7f17f48805c39c7a85edf77451cdb2616f35c8a8860305,1.654209708009148,seed,1.0,0.0,0.0,407.0,29019.0,5.230883214445708,0.0,0.0,A,1.0,AI_VERIFIED
151795.0,root2:batch_12,0,0,0,case_081,1,1704132.0,B3_aggregate,2.1613610409840476,154087.0,1741140.0,0.0,290592fda013cdc65a1eded367605be49eca5dedf8d5d80000302855986b96cf,1.7096177500206977,3445272.0,aggregate,1704132.0,1704132.0,B3_aggregate,154087.0,290592fda013cdc65a1eded367605be49eca5dedf8d5d80000302855986b96cf,1.7096177500206977,aggregate,0.9851252863641968,0.0,0.0,407.0,29019.0,5.309865949894896,0.0,0.0,B,0.9851252863641968,AI_VERIFIED
151795.0,root2:batch_12,573444.0,0.2626130697451191,1610164.0,case_081,1,1704132.0,base_base,2.1670217089995276,151865.0,1741140.0,0.0,290592fda013cdc65a1eded367605be49eca5dedf8d5d80000302855986b96cf,1.8052385000046343,3445272.0,seed,1704132.0,1704132.0,base_base,151865.0,290592fda013cdc65a1eded367605be49eca5dedf8d5d80000302855986b96cf,1.8052385000046343,seed,0.9995390643005301,0.0,0.0,407.0,29019.0,5.233295427133947,0.0,0.0,C,0.9995390643005301,AI_VERIFIED
151795.0,root2:batch_12,0,0,0,case_081,2,0.0,A1_base,4.7928062500141095,76860.0,1741140.0,0.0,f63ff427c4de64df6e54afbba6fec78b9e9465e56aec3cd1d6f979d6f7d4b278,1.307721582998056,1741140.0,seed,0.0,40986.0,A2_base,154073.0,ea88d1f6a8d193624c548827c7ddb51a28589cc95b8eae419c03f3b9c7827336,1.0407508329953998,seed,0.9852148007762555,77213.0,0.5011455608704964,407.0,29019.0,2.648609531686137,0.0,0.0,A,1.9749544626593807,AI_VERIFIED
151795.0,root2:batch_12,0,0,0,case_081,2,0.0,B1_base,1.3682224999938626,76860.0,1741140.0,0.0,f63ff427c4de64df6e54afbba6fec78b9e9465e56aec3cd1d6f979d6f7d4b278,1.202095749991713,1741140.0,seed,0.0,0.0,B1_base,76860.0,f63ff427c4de64df6e54afbba6fec78b9e9465e56aec3cd1d6f979d6f7d4b278,1.202095749991713,seed,1.9749544626593807,0.0,0.0,407.0,29019.0,2.648609531686137,0.0,0.0,B,1.9749544626593807,AI_VERIFIED
151795.0,root2:batch_12,0.0,0.0,1044820.0,case_081,2,0.0,base_base,1.3584529170184396,76860.0,1741140.0,0.0,f63ff427c4de64df6e54afbba6fec78b9e9465e56aec3cd1d6f979d6f7d4b278,1.1102625420026015,1741140.0,seed,0.0,0.0,base_base,76860.0,f63ff427c4de64df6e54afbba6fec78b9e9465e56aec3cd1d6f979d6f7d4b278,1.1102625420026015,seed,1.9749544626593807,0.0,0.0,407.0,29019.0,2.648609531686137,0.0,0.0,C,1.9749544626593807,AI_VERIFIED
151795.0,root2:batch_12,0,0,0,case_081,3,0.0,A1_base,3.25922000000719,51943.0,1741140.0,0.0,aaafe1de52c8a907d697db9287a9ee082d433c8fece62a05e6f3773770d551fb,1.2205908749892842,1741140.0,seed,0.0,0.0,A1_base,51943.0,aaafe1de52c8a907d697db9287a9ee082d433c8fece62a05e6f3773770d551fb,1.2205908749892842,seed,2.9223379473653814,0.0,0.0,407.0,29019.0,1.7899651952169269,0.0,0.0,A,2.9223379473653814,AI_VERIFIED
151795.0,root2:batch_12,0,0,0,case_081,3,0.0,B1_base,1.4054043749929406,51943.0,1741140.0,0.0,aaafe1de52c8a907d697db9287a9ee082d433c8fece62a05e6f3773770d551fb,1.726752458984265,1741140.0,seed,0.0,0.0,B1_base,51943.0,aaafe1de52c8a907d697db9287a9ee082d433c8fece62a05e6f3773770d551fb,1.726752458984265,seed,2.9223379473653814,0.0,0.0,407.0,29019.0,1.7899651952169269,0.0,0.0,B,2.9223379473653814,AI_VERIFIED
151795.0,root2:batch_12,0.0,0.0,1044820.0,case_081,3,0.0,base_base,1.2365184999944177,51943.0,1741140.0,0.0,aaafe1de52c8a907d697db9287a9ee082d433c8fece62a05e6f3773770d551fb,1.2505519169790205,1741140.0,seed,0.0,0.0,base_base,51943.0,aaafe1de52c8a907d697db9287a9ee082d433c8fece62a05e6f3773770d551fb,1.2505519169790205,seed,2.9223379473653814,0.0,0.0,407.0,29019.0,1.7899651952169269,0.0,0.0,C,2.9223379473653814,AI_VERIFIED
151795.0,root2:batch_12,0,0,0,case_081,4,0.0,A1_base,2.4643642499868292,39588.0,1741140.0,0.0,56bbfa0ae353613d24070cf22b1360a3e5490907d12eb2db929060da325216ee,1.136312667018501,1741140.0,seed,0.0,0.0,A1_base,39588.0,56bbfa0ae353613d24070cf22b1360a3e5490907d12eb2db929060da325216ee,1.136312667018501,seed,3.834369000707285,0.0,0.0,407.0,29019.0,1.3642096557427892,0.0,0.0,A,3.834369000707285,AI_VERIFIED
151795.0,root2:batch_12,0,0,0,case_081,4,0.0,B1_base,1.505184666981222,39588.0,1741140.0,0.0,56bbfa0ae353613d24070cf22b1360a3e5490907d12eb2db929060da325216ee,1.1307324999943376,1741140.0,seed,0.0,0.0,B1_base,39588.0,56bbfa0ae353613d24070cf22b1360a3e5490907d12eb2db929060da325216ee,1.1307324999943376,seed,3.834369000707285,0.0,0.0,407.0,29019.0,1.3642096557427892,0.0,0.0,B,3.834369000707285,AI_VERIFIED
151795.0,root2:batch_12,0.0,0.0,1044820.0,case_081,4,0.0,base_base,1.4351302919967566,39588.0,1741140.0,0.0,56bbfa0ae353613d24070cf22b1360a3e5490907d12eb2db929060da325216ee,1.0489929580071475,1741140.0,seed,0.0,0.0,base_base,39588.0,56bbfa0ae353613d24070cf22b1360a3e5490907d12eb2db929060da325216ee,1.0489929580071475,seed,3.834369000707285,0.0,0.0,407.0,29019.0,1.3642096557427892,0.0,0.0,C,3.834369000707285,AI_VERIFIED
151795.0,root2:batch_12,0,0,0,case_081,5,0.0,A1_base,1.9871598339814227,30943.0,1741140.0,0.0,0727c0053d3286862ad4e1a83300934391a78435df75bcc0b60781f38e576630,0.9548662500164937,1741140.0,seed,0.0,0.0,A1_move,61283.0,38cb04f63a30d530b4a46a8d5abde23d76ecb173588288d6dc76846870bfb365,0.8536069999972824,ordinary,2.4769511936426087,30340.0,0.4950802016872542,407.0,29019.0,1.0663013887453048,0.0,0.0,A,4.905632937982743,AI_VERIFIED
151795.0,root2:batch_12,0,0,0,case_081,5,0.0,B1_base,0.962251249991823,30943.0,1741140.0,0.0,0727c0053d3286862ad4e1a83300934391a78435df75bcc0b60781f38e576630,0.9579850409936626,1741140.0,seed,0.0,0.0,B1_move,61008.0,38cb04f63a30d530b4a46a8d5abde23d76ecb173588288d6dc76846870bfb365,1.020408333017258,ordinary,2.488116312614739,30065.0,0.4928042223970627,407.0,29019.0,1.0663013887453048,0.0,0.0,B,4.905632937982743,AI_VERIFIED
151795.0,root2:batch_12,0.0,0.0,1044820.0,case_081,5,0.0,base_base,1.1005926250072662,30943.0,1741140.0,0.0,0727c0053d3286862ad4e1a83300934391a78435df75bcc0b60781f38e576630,1.1031031250022352,1741140.0,seed,0.0,0.0,base_base,30943.0,0727c0053d3286862ad4e1a83300934391a78435df75bcc0b60781f38e576630,1.1031031250022352,seed,4.905632937982743,0.0,0.0,407.0,29019.0,1.0663013887453048,0.0,0.0,C,4.905632937982743,AI_VERIFIED
721041.0,root3:batch_03,0,0,0,case_082,1,170630.0,A2_base,nan,720361.0,592006.0,170630.0,b7c5ecbd2771d9a955d3772951a9efbe7d74c04dc1be53b8eeb75a5170dd80e0,nan,762636.0,,0.0,0.0,A0_base,721041.0,63eff42b87d6fb4cc1a516c432710f33ecfa86f6367aea36f6340c12d88fa4f5,nan,,1.0,680.0,0.0009430809066336034,54690.0,54690.0,13.1717132931066,0.0,0.0,A,1.0009439711477994,AI_VERIFIED
721041.0,root3:batch_03,0,0,0,case_082,1,119232.0,B3_aggregate,nan,717008.0,592006.0,0.0,2a109dc55a84505f8c17767f2f962066acacedda5379ea8e47b88a365fda0e94,nan,711238.0,,119232.0,123488.0,B3_base,719962.0,a2552a08c8821f9951cef209853a9b2d7137f75b0a234cdef192bd0d36741916,nan,,1.00149869020865,2954.0,0.00410299432470047,54690.0,54690.0,13.110404095812763,0.0,0.0,B,1.0056247629036217,AI_VERIFIED
721041.0,root3:batch_03,0.0,0.0,626022.0,case_082,1,119232.0,base_base,nan,717008.0,592006.0,0.0,2a109dc55a84505f8c17767f2f962066acacedda5379ea8e47b88a365fda0e94,nan,711238.0,,119232.0,119232.0,base_base,717008.0,2a109dc55a84505f8c17767f2f962066acacedda5379ea8e47b88a365fda0e94,nan,,1.0056247629036217,0.0,0.0,54690.0,54690.0,13.110404095812763,0.0,0.0,C,1.0056247629036217,AI_VERIFIED
721041.0,root3:batch_03,0,0,0,case_082,2,513296.0,A2_base,nan,718618.0,592006.0,513296.0,bd34b03abb46b91bbfa376cae9a0014c49226ba1a83fc1f6992c31f1fa13efaa,nan,1105302.0,,0.0,513296.0,A2_base,718618.0,bd34b03abb46b91bbfa376cae9a0014c49226ba1a83fc1f6992c31f1fa13efaa,nan,,1.0033717496639383,0.0,0.0,54690.0,54690.0,13.139842750045712,0.0,0.0,A,1.0033717496639383,AI_VERIFIED
721041.0,root3:batch_03,0,0,0,case_082,2,1314060.0,B2_base,nan,720881.0,592006.0,1117446.0,be3cf75ed4477c91b979f0f9aba3c1b9945368443514587ba78035be07b53162,nan,1906066.0,,196614.0,1314060.0,B2_base,720881.0,be3cf75ed4477c91b979f0f9aba3c1b9945368443514587ba78035be07b53162,nan,,1.0002219506409518,0.0,0.0,54690.0,54690.0,13.18122142987749,0.0,0.0,B,1.0002219506409518,AI_VERIFIED
721041.0,root3:batch_03,69772.0,0.05643586620140968,1166534.0,case_082,2,1314060.0,base_base,nan,720868.0,592006.0,1117446.0,be3cf75ed4477c91b979f0f9aba3c1b9945368443514587ba78035be07b53162,nan,1906066.0,,196614.0,1314060.0,base_base,720868.0,be3cf75ed4477c91b979f0f9aba3c1b9945368443514587ba78035be07b53162,nan,,1.0002399884583586,0.0,0.0,54690.0,54690.0,13.18098372645822,0.0,0.0,C,1.0002399884583586,AI_VERIFIED
721041.0,root3:batch_03,0,0,0,case_082,3,542232.0,A2_base,nan,724411.0,592006.0,542232.0,57df356d042440154a06575cc428352667be68a4415919a724d122990a62ffe1,nan,1134238.0,,0.0,542232.0,A2_base,724411.0,57df356d042440154a06575cc428352667be68a4415919a724d122990a62ffe1,nan,,0.9953479447440748,0.0,0.0,54690.0,54690.0,13.245767050649112,0.0,0.0,A,0.9953479447440748,AI_VERIFIED
721041.0,root3:batch_03,0,0,0,case_082,3,1474314.0,B2_base,nan,691651.0,592006.0,1474314.0,4a4e9df530fdd5aa546453a6615225a03019e5665790b36b152f8acecc71030b,nan,2066320.0,,0.0,1474314.0,B2_base,691651.0,4a4e9df530fdd5aa546453a6615225a03019e5665790b36b152f8acecc71030b,nan,,1.0424925287464342,0.0,0.0,54690.0,54690.0,12.646754434083013,0.0,0.0,B,1.0424925287464342,AI_VERIFIED
721041.0,root3:batch_03,74886.0,0.05688281620301163,1241610.0,case_082,3,1474314.0,base_base,nan,691651.0,592006.0,1474314.0,4a4e9df530fdd5aa546453a6615225a03019e5665790b36b152f8acecc71030b,nan,2066320.0,,0.0,1474314.0,base_base,691651.0,4a4e9df530fdd5aa546453a6615225a03019e5665790b36b152f8acecc71030b,nan,,1.0424925287464342,0.0,0.0,54690.0,54690.0,12.646754434083013,0.0,0.0,C,1.0424925287464342,AI_VERIFIED
721041.0,root3:batch_03,0,0,0,case_082,4,943416.0,A2_base,nan,720468.0,592006.0,943416.0,e65117ed24ce253c1f46014c3c76a528127ce4bb3c541c7a53f671dc7bf4d44e,nan,1535422.0,,0.0,4406498.0,A3_base,802303.0,8f33b68cd15fcc05edce312f9e564b3bfe12c160d57c6f6c33c72859cb1af1c7,nan,,0.8987140768512645,81835.0,0.10200011716271783,54690.0,54690.0,13.173669775095995,0.0,0.0,A,1.000795316377688,AI_VERIFIED
721041.0,root3:batch_03,0,0,0,case_082,4,2694930.0,B2_base,nan,766658.0,592006.0,2295312.0,a19e17065fbc6e318d2b9790eb00c367a49fb6f6d495fc195be429d157bd3d0b,nan,3286936.0,,399618.0,2694930.0,B2_base,766658.0,a19e17065fbc6e318d2b9790eb00c367a49fb6f6d495fc195be429d157bd3d0b,nan,,0.9404988925961771,0.0,0.0,54690.0,54690.0,14.018248308648747,0.0,0.0,B,0.9404988925961771,AI_VERIFIED
721041.0,root3:batch_03,172434.0,0.08948907867258438,1754438.0,case_082,4,2694930.0,base_base,nan,766658.0,592006.0,2295312.0,a19e17065fbc6e318d2b9790eb00c367a49fb6f6d495fc195be429d157bd3d0b,nan,3286936.0,,399618.0,2694930.0,base_base,766658.0,a19e17065fbc6e318d2b9790eb00c367a49fb6f6d495fc195be429d157bd3d0b,nan,,0.9404988925961771,0.0,0.0,54690.0,54690.0,14.018248308648747,0.0,0.0,C,0.9404988925961771,AI_VERIFIED
721041.0,root3:batch_03,0,0,0,case_082,5,1070780.0,A2_base,nan,724039.0,592006.0,1070780.0,91a630e97dc170ef9320fc23de83e1f868b68afd5555083139384741f95cada6,nan,1662786.0,,0.0,4952392.0,A3_base,819080.0,fd43b35a4acfd7f351b396037f4dc709bb58df046aad7d151e5cf48496e5ea20,nan,,0.880305953020462,95041.0,0.11603384284807344,54690.0,54690.0,13.238965075882245,0.0,0.0,A,0.9958593390687518,AI_VERIFIED
721041.0,root3:batch_03,0,0,0,case_082,5,0.0,B0_base,nan,721041.0,592006.0,0.0,7e0987138dd1628d5883fc79621836a17989a20fec78e651a12d0574a78d1231,nan,592006.0,,0.0,0.0,B0_base,721041.0,7e0987138dd1628d5883fc79621836a17989a20fec78e651a12d0574a78d1231,nan,,1.0,0.0,0.0,54690.0,54690.0,13.18414701042238,0.0,0.0,B,1.0,AI_VERIFIED
721041.0,root3:batch_03,0.0,0.0,566406.0,case_082,5,0.0,base_base,nan,721041.0,592006.0,0.0,7e0987138dd1628d5883fc79621836a17989a20fec78e651a12d0574a78d1231,nan,592006.0,,0.0,0.0,base_base,721041.0,7e0987138dd1628d5883fc79621836a17989a20fec78e651a12d0574a78d1231,nan,,1.0,0.0,0.0,54690.0,54690.0,13.18414701042238,0.0,0.0,C,1.0,AI_VERIFIED
1057993.0,root3:batch_04,0,0,0,case_083,1,13934688.0,A0_base,nan,1057993.0,1438304.0,0.0,9d6ffd32599f49291555eadff350e92b92703e3c57fa491bf19ee0f2667bba6b,nan,15372992.0,,13934688.0,13934688.0,A0_base,1057993.0,9d6ffd32599f49291555eadff350e92b92703e3c57fa491bf19ee0f2667bba6b,nan,,1.0,0.0,0.0,28456.0,28456.0,37.17996204666854,0.0,0.0,A,1.0,AI_VERIFIED
1057993.0,root3:batch_04,0,0,0,case_083,1,12382336.0,B3_base,nan,1040648.0,1438304.0,0.0,c9c0cc5453018ed077002a0df4cc0c449b0ab029e5fbcf8cbd259cf7d6e585ef,nan,13820640.0,,12382336.0,12382336.0,B3_base,1040648.0,c9c0cc5453018ed077002a0df4cc0c449b0ab029e5fbcf8cbd259cf7d6e585ef,nan,,1.0166674994810925,0.0,0.0,28456.0,28456.0,36.57042451504076,0.0,0.0,B,1.0166674994810925,AI_VERIFIED
1057993.0,root3:batch_04,9913856.0,0.7691226815819984,2975968.0,case_083,1,12382336.0,base_base,nan,930103.0,1438304.0,0.0,c9c0cc5453018ed077002a0df4cc0c449b0ab029e5fbcf8cbd259cf7d6e585ef,nan,13820640.0,,12382336.0,12382336.0,base_base,930103.0,c9c0cc5453018ed077002a0df4cc0c449b0ab029e5fbcf8cbd259cf7d6e585ef,nan,,1.1375009004379084,0.0,0.0,28456.0,28456.0,32.6856550463874,0.0,0.0,C,1.1375009004379084,AI_VERIFIED
1057993.0,root3:batch_04,0,0,0,case_083,2,2650240.0,A3_base,nan,905273.0,1438304.0,2650240.0,8c4b8629107b55c4a632f69fd1f60c2f03bfd53ff7da148eb0482b1568c87d57,nan,4088544.0,,0.0,14802752.0,A2_base,1074558.0,c6d1dfa730058dfd365be83e40da1a4d2105cb886fbeadb30e2e7c5ad218510c,nan,,0.9845843593365831,169285.0,0.15753919285883125,28456.0,28456.0,31.81307984256396,0.0,0.0,A,1.1687004914539592,AI_VERIFIED
1057993.0,root3:batch_04,0,0,0,case_083,2,5429408.0,B3_base,nan,775372.0,1438304.0,2046592.0,9d5e0d7a0e3a218e65d9c120171d3ff574f8729e6438b34a8d2657978c11e25d,nan,6867712.0,,3382816.0,5429408.0,B3_base,775372.0,9d5e0d7a0e3a218e65d9c120171d3ff574f8729e6438b34a8d2657978c11e25d,nan,,1.3644972993608229,0.0,0.0,28456.0,28456.0,27.248102333427045,0.0,0.0,B,1.3644972993608229,AI_VERIFIED
1057993.0,root3:batch_04,2442528.0,0.4320574650183399,3210720.0,case_083,2,5429408.0,base_base,nan,755398.0,1438304.0,2046592.0,9d5e0d7a0e3a218e65d9c120171d3ff574f8729e6438b34a8d2657978c11e25d,nan,6867712.0,,3382816.0,5429408.0,base_base,755398.0,9d5e0d7a0e3a218e65d9c120171d3ff574f8729e6438b34a8d2657978c11e25d,nan,,1.4005769144212719,0.0,0.0,28456.0,28456.0,26.54617655327523,0.0,0.0,C,1.4005769144212719,AI_VERIFIED
1057993.0,root3:batch_04,0,0,0,case_083,3,14842752.0,A1_base,nan,512623.0,1438304.0,1860800.0,6e354eb97743d232e8feb89c7795435d7450b4814de958d9cadbbebf8897b83e,nan,16281056.0,,12981952.0,15543840.0,A2_base,1076214.0,424495a535999ad4d90c17819ab9e35aa3fe272978d8d5646f6e3ccc092bcb12,nan,,0.9830693523778729,563591.0,0.5236793054169524,28456.0,28456.0,18.014583919032894,0.0,0.0,A,2.0638812538649263,AI_VERIFIED
1057993.0,root3:batch_04,0,0,0,case_083,3,14842752.0,B1_base,nan,512623.0,1438304.0,1860800.0,6e354eb97743d232e8feb89c7795435d7450b4814de958d9cadbbebf8897b83e,nan,16281056.0,,12981952.0,14842752.0,B1_base,512623.0,6e354eb97743d232e8feb89c7795435d7450b4814de958d9cadbbebf8897b83e,nan,,2.0638812538649263,0.0,0.0,28456.0,28456.0,18.014583919032894,0.0,0.0,B,2.0638812538649263,AI_VERIFIED
1057993.0,root3:batch_04,10443552.0,0.6590289066365114,5403328.0,case_083,3,14842752.0,base_base,nan,402691.0,1438304.0,1860800.0,6e354eb97743d232e8feb89c7795435d7450b4814de958d9cadbbebf8897b83e,nan,16281056.0,,12981952.0,14842752.0,base_base,402691.0,6e354eb97743d232e8feb89c7795435d7450b4814de958d9cadbbebf8897b83e,nan,,2.627307290205145,0.0,0.0,28456.0,28456.0,14.151356480179928,0.0,0.0,C,2.627307290205145,AI_VERIFIED
1057993.0,root3:batch_04,0,0,0,case_083,4,14977600.0,A1_base,nan,450029.0,1438304.0,2791200.0,9b9936145e13dcb40f02f968e1bb3ed9bc30991e4a3d2e7d93e65a44e1954b13,nan,16415904.0,,12186400.0,14977600.0,A1_base,450029.0,9b9936145e13dcb40f02f968e1bb3ed9bc30991e4a3d2e7d93e65a44e1954b13,nan,,2.350944050272316,0.0,0.0,28456.0,28456.0,15.814907225189767,0.0,0.0,A,2.350944050272316,AI_VERIFIED
1057993.0,root3:batch_04,0,0,0,case_083,4,14977600.0,B1_base,nan,450029.0,1438304.0,2791200.0,9b9936145e13dcb40f02f968e1bb3ed9bc30991e4a3d2e7d93e65a44e1954b13,nan,16415904.0,,12186400.0,1980544.0,B2_base,797131.0,c771f61e87f85ed94566617ed3fe25954f2c89e427312e70e258507d70531e09,nan,,1.327251104272698,347102.0,0.43543909344888104,28456.0,28456.0,15.814907225189767,0.0,0.0,B,2.350944050272316,AI_VERIFIED
1057993.0,root3:batch_04,10324096.0,0.6425764561777388,5742624.0,case_083,4,14977600.0,base_base,nan,333151.0,1438304.0,2791200.0,9b9936145e13dcb40f02f968e1bb3ed9bc30991e4a3d2e7d93e65a44e1954b13,nan,16415904.0,,12186400.0,14977600.0,base_base,333151.0,9b9936145e13dcb40f02f968e1bb3ed9bc30991e4a3d2e7d93e65a44e1954b13,nan,,3.1757161167158436,0.0,0.0,28456.0,28456.0,11.707583637897104,0.0,0.0,C,3.1757161167158436,AI_VERIFIED
1057993.0,root3:batch_04,0,0,0,case_083,5,15058048.0,A1_base,nan,442480.0,1438304.0,3721600.0,a8649cffdb4aacc0aa0f9c9cc2cec62f4eb627d24c8142f941939fa5b50e1771,nan,16496352.0,,11336448.0,15058048.0,A1_base,442480.0,a8649cffdb4aacc0aa0f9c9cc2cec62f4eb627d24c8142f941939fa5b50e1771,nan,,2.3910527029470257,0.0,0.0,28456.0,28456.0,15.54962046668541,0.0,0.0,A,2.3910527029470257,AI_VERIFIED
1057993.0,root3:batch_04,0,0,0,case_083,5,1855552.0,B2_base,nan,620731.0,1438304.0,1855552.0,dd0c990fafa5a9cb787c1fe7463de892f03bae24cb43c30a89a6d8c0fa237f70,nan,3293856.0,,0.0,1855552.0,B2_base,620731.0,dd0c990fafa5a9cb787c1fe7463de892f03bae24cb43c30a89a6d8c0fa237f70,nan,,1.7044307437521244,0.0,0.0,28456.0,28456.0,21.813712398088278,0.0,0.0,B,1.7044307437521244,AI_VERIFIED
1057993.0,root3:batch_04,76864.0,0.03574138828956179,2073696.0,case_083,5,1855552.0,base_base,nan,620094.0,1438304.0,1855552.0,dd0c990fafa5a9cb787c1fe7463de892f03bae24cb43c30a89a6d8c0fa237f70,nan,3293856.0,,0.0,1855552.0,base_base,620094.0,dd0c990fafa5a9cb787c1fe7463de892f03bae24cb43c30a89a6d8c0fa237f70,nan,,1.7061816434282544,0.0,0.0,28456.0,28456.0,21.791326960922124,0.0,0.0,C,1.7061816434282544,AI_VERIFIED
2507412.0,root3:batch_04,0,0,0,case_084,1,9216.0,A2_base,nan,2507105.0,13236330.0,9216.0,2aa3912cbb62adc3b229998117324afae63c1b4fe4b74ccbe9c91a351e532a32,nan,13245546.0,,0.0,0.0,A0_base,2507412.0,f5f32c4119a0843afd891509a4dbdb922ce206614d03bf78c78a706ebe6d77d2,nan,,1.0,307.0,0.00012243699878599926,2328.0,220605.5,11.364653193143416,0.0,0.0,A,1.0001224519914402,AI_VERIFIED
2507412.0,root3:batch_04,0,0,0,case_084,1,19562496.0,B3_aggregate,nan,1762609.0,13236330.0,0.0,662100ca6ed74443309fd086814a0ecd37d9d9986208ff03ba9a58bbbf68ff11,nan,32798826.0,,19562496.0,29174784.0,B3_base,2106594.0,3d3036c53527849b7ec559b16ef4019082e21843d3dee2416afee4d3799ab577,nan,,1.1902682719119109,343985.0,0.16328965144683788,2328.0,220605.5,7.989868792935806,0.0,0.0,B,1.4225571298001995,AI_VERIFIED
2507412.0,root3:batch_04,0.0,0.0,14866314.0,case_084,1,9877056.0,base_aggregate,nan,1552121.0,13236330.0,0.0,43eb0467359e103459150453ca93c5ee9767e883f770665168b53449c90b6e7e,nan,23113386.0,,9877056.0,19562496.0,base_base,1762609.0,662100ca6ed74443309fd086814a0ecd37d9d9986208ff03ba9a58bbbf68ff11,nan,,1.4225571298001995,210488.0,0.1194184302928216,2328.0,220605.5,7.035731203437811,0.0,0.0,C,1.6154745667380315,AI_VERIFIED
2507412.0,root3:batch_04,0,0,0,case_084,2,0.0,A1_base,nan,1255052.0,13236330.0,0.0,59ff9e276e1970ceb595043610af436ae9fed768fe44c9c3013ddbe6e0f75719,nan,13236330.0,,0.0,27840.0,A2_base,2509142.0,a49105a49a5d0d1165f4631356e110135136b873c3b5b813bca582794580cedc,nan,,0.9993105212857623,1254090.0,0.4998083010048853,2328.0,220605.5,5.68912379791075,0.0,0.0,A,1.9978550689533183,AI_VERIFIED
2507412.0,root3:batch_04,0,0,0,case_084,2,0.0,B1_base,nan,1255052.0,13236330.0,0.0,59ff9e276e1970ceb595043610af436ae9fed768fe44c9c3013ddbe6e0f75719,nan,13236330.0,,0.0,0.0,B1_base,1255052.0,59ff9e276e1970ceb595043610af436ae9fed768fe44c9c3013ddbe6e0f75719,nan,,1.9978550689533183,0.0,0.0,2328.0,220605.5,5.68912379791075,0.0,0.0,B,1.9978550689533183,AI_VERIFIED
2507412.0,root3:batch_04,0.0,0.0,9927786.0,case_084,2,0.0,base_base,nan,1255052.0,13236330.0,0.0,59ff9e276e1970ceb595043610af436ae9fed768fe44c9c3013ddbe6e0f75719,nan,13236330.0,,0.0,0.0,base_base,1255052.0,59ff9e276e1970ceb595043610af436ae9fed768fe44c9c3013ddbe6e0f75719,nan,,1.9978550689533183,0.0,0.0,2328.0,220605.5,5.68912379791075,0.0,0.0,C,1.9978550689533183,AI_VERIFIED
2507412.0,root3:batch_04,0,0,0,case_084,3,0.0,A1_base,nan,836220.0,13236330.0,0.0,342b5d53758619394807e1ac4e8c7729364b7ddf9285b4f5327cf6bfcc38939d,nan,13236330.0,,0.0,0.0,A1_base,836220.0,342b5d53758619394807e1ac4e8c7729364b7ddf9285b4f5327cf6bfcc38939d,nan,,2.998507569778288,0.0,0.0,2328.0,220605.5,3.790567324930702,0.0,0.0,A,2.998507569778288,AI_VERIFIED
2507412.0,root3:batch_04,0,0,0,case_084,3,0.0,B1_base,nan,836220.0,13236330.0,0.0,342b5d53758619394807e1ac4e8c7729364b7ddf9285b4f5327cf6bfcc38939d,nan,13236330.0,,0.0,0.0,B1_base,836220.0,342b5d53758619394807e1ac4e8c7729364b7ddf9285b4f5327cf6bfcc38939d,nan,,2.998507569778288,0.0,0.0,2328.0,220605.5,3.790567324930702,0.0,0.0,B,2.998507569778288,AI_VERIFIED
2507412.0,root3:batch_04,0.0,0.0,9927786.0,case_084,3,0.0,base_base,nan,836220.0,13236330.0,0.0,342b5d53758619394807e1ac4e8c7729364b7ddf9285b4f5327cf6bfcc38939d,nan,13236330.0,,0.0,0.0,base_base,836220.0,342b5d53758619394807e1ac4e8c7729364b7ddf9285b4f5327cf6bfcc38939d,nan,,2.998507569778288,0.0,0.0,2328.0,220605.5,3.790567324930702,0.0,0.0,C,2.998507569778288,AI_VERIFIED
2507412.0,root3:batch_04,0,0,0,case_084,4,0.0,A1_base,nan,629028.0,13236330.0,0.0,73cb9a24b80924a4a8725b86b524caf8ca465e75c3ff2b3b5441e4821ed827ad,nan,13236330.0,,0.0,0.0,A1_base,629028.0,73cb9a24b80924a4a8725b86b524caf8ca465e75c3ff2b3b5441e4821ed827ad,nan,,3.986169137144928,0.0,0.0,2328.0,220605.5,2.8513704327407976,0.0,0.0,A,3.986169137144928,AI_VERIFIED
2507412.0,root3:batch_04,0,0,0,case_084,4,0.0,B1_base,nan,629028.0,13236330.0,0.0,73cb9a24b80924a4a8725b86b524caf8ca465e75c3ff2b3b5441e4821ed827ad,nan,13236330.0,,0.0,0.0,B1_base,629028.0,73cb9a24b80924a4a8725b86b524caf8ca465e75c3ff2b3b5441e4821ed827ad,nan,,3.986169137144928,0.0,0.0,2328.0,220605.5,2.8513704327407976,0.0,0.0,B,3.986169137144928,AI_VERIFIED
2507412.0,root3:batch_04,0.0,0.0,9927786.0,case_084,4,0.0,base_base,nan,629028.0,13236330.0,0.0,73cb9a24b80924a4a8725b86b524caf8ca465e75c3ff2b3b5441e4821ed827ad,nan,13236330.0,,0.0,0.0,base_base,629028.0,73cb9a24b80924a4a8725b86b524caf8ca465e75c3ff2b3b5441e4821ed827ad,nan,,3.986169137144928,0.0,0.0,2328.0,220605.5,2.8513704327407976,0.0,0.0,C,3.986169137144928,AI_VERIFIED
2507412.0,root3:batch_04,0,0,0,case_084,5,0.0,A1_base,nan,503472.0,13236330.0,0.0,45dcd8f173835870c07c5c49651fce5d5e77b0dc27fb37971ff14041cc00cc72,nan,13236330.0,,0.0,0.0,A1_base,503472.0,45dcd8f173835870c07c5c49651fce5d5e77b0dc27fb37971ff14041cc00cc72,nan,,4.98024120507198,0.0,0.0,2328.0,220605.5,2.28222777763927,0.0,0.0,A,4.98024120507198,AI_VERIFIED
2507412.0,root3:batch_04,0,0,0,case_084,5,0.0,B1_base,nan,503472.0,13236330.0,0.0,45dcd8f173835870c07c5c49651fce5d5e77b0dc27fb37971ff14041cc00cc72,nan,13236330.0,,0.0,0.0,B1_base,503472.0,45dcd8f173835870c07c5c49651fce5d5e77b0dc27fb37971ff14041cc00cc72,nan,,4.98024120507198,0.0,0.0,2328.0,220605.5,2.28222777763927,0.0,0.0,B,4.98024120507198,AI_VERIFIED
2507412.0,root3:batch_04,0.0,0.0,9927786.0,case_084,5,0.0,base_base,nan,503472.0,13236330.0,0.0,45dcd8f173835870c07c5c49651fce5d5e77b0dc27fb37971ff14041cc00cc72,nan,13236330.0,,0.0,0.0,base_base,503472.0,45dcd8f173835870c07c5c49651fce5d5e77b0dc27fb37971ff14041cc00cc72,nan,,4.98024120507198,0.0,0.0,2328.0,220605.5,2.28222777763927,0.0,0.0,C,4.98024120507198,AI_VERIFIED
3187899.0,root3:batch_03,0,0,0,case_085,1,227974.0,A2_base,nan,3187049.0,1689734.0,227974.0,cf15a6e9367ae6ab4b150cdad8e68ac20c7be477fd03e4d6eae885eb23ca00fb,nan,1917708.0,,0.0,0.0,A0_base,3187899.0,1ed6c96d1dde9d354e7e0f9ccc05b1b974e5b6b68c43f5bb75297861c362c052,nan,,1.0,850.0,0.0002666332904524265,165564.0,165564.0,19.249649682298084,0.0,0.0,A,1.000266704402725,AI_VERIFIED
3187899.0,root3:batch_03,0,0,0,case_085,1,771328.0,B3_aggregate,nan,3187417.0,1689734.0,0.0,3f99e23b0e53fa390cfdf756f78b2dd6f207d56cdf86518437094a7074ab1c5a,nan,2461062.0,,771328.0,875520.0,B3_base,3190915.0,539641e174a32dee934edaea3d21073661daf78911285092fa6db7b84537e587,nan,,0.9990548165651545,3498.0,0.0010962372861702677,165564.0,165564.0,19.251872387717135,0.0,0.0,B,1.0001512196239148,AI_VERIFIED
3187899.0,root3:batch_03,0.0,0.0,2041606.0,case_085,1,771328.0,base_base,nan,3187417.0,1689734.0,0.0,3f99e23b0e53fa390cfdf756f78b2dd6f207d56cdf86518437094a7074ab1c5a,nan,2461062.0,,771328.0,771328.0,base_base,3187417.0,3f99e23b0e53fa390cfdf756f78b2dd6f207d56cdf86518437094a7074ab1c5a,nan,,1.0001512196239148,0.0,0.0,165564.0,165564.0,19.251872387717135,0.0,0.0,C,1.0001512196239148,AI_VERIFIED
3187899.0,root3:batch_03,0,0,0,case_085,2,719378.0,A2_base,nan,3183732.0,1689734.0,719378.0,b33a283a5409263f2fdadc3ad0fccca30ecfee21ea2a08fab6bb744ba282abaf,nan,2409112.0,,0.0,6539306.0,A3_base,3282964.0,afcc0bcd7cd4527d612d043cc6f5d17b3108a521e9037af420965e3ad7753cd3,nan,,0.9710429355911304,99232.0,0.03022634424258079,165564.0,165564.0,19.229615133724725,0.0,0.0,A,1.001308841322071,AI_VERIFIED
3187899.0,root3:batch_03,0,0,0,case_085,2,2252426.0,B2_base,nan,3207447.0,1689734.0,1127174.0,faac221740ff07783cf0ab25bff375256e8a102464dd678021bb9f743c1aeb4c,nan,3942160.0,,1125252.0,2252426.0,B2_base,3207447.0,faac221740ff07783cf0ab25bff375256e8a102464dd678021bb9f743c1aeb4c,nan,,0.9939054331996756,0.0,0.0,165564.0,165564.0,19.37285279408567,0.0,0.0,B,0.9939054331996756,AI_VERIFIED
3187899.0,root3:batch_03,199818.0,0.07181952279902697,2582406.0,case_085,2,2252426.0,base_base,nan,3207447.0,1689734.0,1127174.0,faac221740ff07783cf0ab25bff375256e8a102464dd678021bb9f743c1aeb4c,nan,3942160.0,,1125252.0,2252426.0,base_base,3207447.0,faac221740ff07783cf0ab25bff375256e8a102464dd678021bb9f743c1aeb4c,nan,,0.9939054331996756,0.0,0.0,165564.0,165564.0,19.37285279408567,0.0,0.0,C,0.9939054331996756,AI_VERIFIED
3187899.0,root3:batch_03,0,0,0,case_085,3,819870.0,A2_base,nan,3191773.0,1689734.0,819870.0,683e09d3a6ae8c6a9ae4d1c9162e839c152bc71a727bf9b3f6b552f95c9ad419,nan,2509604.0,,0.0,819870.0,A2_base,3191773.0,683e09d3a6ae8c6a9ae4d1c9162e839c152bc71a727bf9b3f6b552f95c9ad419,nan,,0.9987862545362719,0.0,0.0,165564.0,165564.0,19.278182455123094,0.0,0.0,A,0.9987862545362719,AI_VERIFIED
3187899.0,root3:batch_03,0,0,0,case_085,3,2382092.0,B2_base,nan,3130505.0,1689734.0,2382092.0,e4ca437151654d762211b2d0c00cc9e9d1151c3d1f3a26b9271ed9addcf3fef9,nan,4071826.0,,0.0,9182296.0,B3_base,3252257.0,d6e900b37c62f819b023c6d0b131b9fc84ae67d22db68d2542c0ea0e68d4c413,nan,,0.9802112809658031,121752.0,0.037436155875750284,165564.0,165564.0,18.908126162692373,0.0,0.0,B,1.0183337832075017,AI_VERIFIED
3187899.0,root3:batch_03,134.0,4.7065071324656966e-05,2846988.0,case_085,3,2382092.0,base_base,nan,3130505.0,1689734.0,2382092.0,e4ca437151654d762211b2d0c00cc9e9d1151c3d1f3a26b9271ed9addcf3fef9,nan,4071826.0,,0.0,2382092.0,base_base,3130505.0,e4ca437151654d762211b2d0c00cc9e9d1151c3d1f3a26b9271ed9addcf3fef9,nan,,1.0183337832075017,0.0,0.0,165564.0,165564.0,18.908126162692373,0.0,0.0,C,1.0183337832075017,AI_VERIFIED
3187899.0,root3:batch_03,0,0,0,case_085,4,1688746.0,A2_base,nan,3178812.0,1689734.0,1688746.0,c64a4b30612575c17250a16c2cf32238367fc5a6ad81147b8fb58cb92656b324,nan,3378480.0,,0.0,1688746.0,A2_base,3178812.0,c64a4b30612575c17250a16c2cf32238367fc5a6ad81147b8fb58cb92656b324,nan,,1.0028586151052656,0.0,0.0,165564.0,165564.0,19.199898528665653,0.0,0.0,A,1.0028586151052656,AI_VERIFIED
3187899.0,root3:batch_03,0,0,0,case_085,4,10367138.0,B3_base,nan,3203847.0,1689734.0,8226316.0,910a9e878bd419903d996bef9d4a66f57ebaa8eae82febd261d34b5093f04acb,nan,12056872.0,,2140822.0,10367138.0,B3_base,3203847.0,910a9e878bd419903d996bef9d4a66f57ebaa8eae82febd261d34b5093f04acb,nan,,0.9950222342078133,0.0,0.0,165564.0,165564.0,19.351108936725375,0.0,0.0,B,0.9950222342078133,AI_VERIFIED
3187899.0,root3:batch_03,1251220.0,0.17921166461370994,5730580.0,case_085,4,10367138.0,base_base,nan,3203760.0,1689734.0,8226316.0,910a9e878bd419903d996bef9d4a66f57ebaa8eae82febd261d34b5093f04acb,nan,12056872.0,,2140822.0,10367138.0,base_base,3203760.0,910a9e878bd419903d996bef9d4a66f57ebaa8eae82febd261d34b5093f04acb,nan,,0.9950492546258146,0.0,0.0,165564.0,165564.0,19.3505834601725,0.0,0.0,C,0.9950492546258146,AI_VERIFIED
3187899.0,root3:batch_03,0,0,0,case_085,5,2118612.0,A2_base,nan,3170837.0,1689734.0,2118612.0,0a2ed4c57166bddf46b2784c211f254015b053717ca4c014ef411130667c93f4,nan,3808346.0,,0.0,2118612.0,A2_base,3170837.0,0a2ed4c57166bddf46b2784c211f254015b053717ca4c014ef411130667c93f4,nan,,1.0053809136199685,0.0,0.0,165564.0,165564.0,19.15172984465222,0.0,0.0,A,1.0053809136199685,AI_VERIFIED
3187899.0,root3:batch_03,0,0,0,case_085,5,7987370.0,B2_base,nan,3282015.0,1689734.0,6173080.0,e43c16f7c3f785f5e2191f22dc9e5495c3e6f7d0ed12ac24536d3abef5a4cd78,nan,9677104.0,,1814290.0,7987370.0,B2_base,3282015.0,e43c16f7c3f785f5e2191f22dc9e5495c3e6f7d0ed12ac24536d3abef5a4cd78,nan,,0.9713237142426223,0.0,0.0,165564.0,165564.0,19.82324055954193,0.0,0.0,B,0.9713237142426223,AI_VERIFIED
3187899.0,root3:batch_03,658070.0,0.11646399132382465,4992346.0,case_085,5,7987370.0,base_base,nan,3281953.0,1689734.0,6173080.0,e43c16f7c3f785f5e2191f22dc9e5495c3e6f7d0ed12ac24536d3abef5a4cd78,nan,9677104.0,,1814290.0,7987370.0,base_base,3281953.0,e43c16f7c3f785f5e2191f22dc9e5495c3e6f7d0ed12ac24536d3abef5a4cd78,nan,,0.971342063704142,0.0,0.0,165564.0,165564.0,19.8228660819985,0.0,0.0,C,0.971342063704142,AI_VERIFIED
118403.0,root2:batch_12,0,0,0,case_086,1,0.0,A0_base,10.12240587497945,118403.0,338022.0,0.0,07fd83050a31b25d151ef83610289f7f3f50d63eee5a3b43836d8f9b1154d493,1.7128655419801362,338022.0,seed,0.0,0.0,A0_base,118403.0,07fd83050a31b25d151ef83610289f7f3f50d63eee5a3b43836d8f9b1154d493,1.7128655419801362,seed,1.0,0.0,0.0,6894.0,6894.0,17.174789672178708,0.0,0.0,A,1.0,AI_VERIFIED
118403.0,root2:batch_12,0,0,0,case_086,1,22272.0,B3_base,2.5041580840188544,114843.0,338022.0,0.0,2d618605f4b40b004b3a601d0f05242572dc4858d4f0a007ade3a1fd2734fd03,2.3663477079826407,360294.0,seed,22272.0,22272.0,B3_base,114843.0,2d618605f4b40b004b3a601d0f05242572dc4858d4f0a007ade3a1fd2734fd03,2.3663477079826407,seed,1.0309988418971987,0.0,0.0,6894.0,6894.0,16.65839860748477,0.0,0.0,B,1.0309988418971987,AI_VERIFIED
118403.0,root2:batch_12,0.0,0.0,332262.0,case_086,1,22272.0,base_base,2.208616458985489,114843.0,338022.0,0.0,2d618605f4b40b004b3a601d0f05242572dc4858d4f0a007ade3a1fd2734fd03,1.8799557499878574,360294.0,seed,22272.0,22272.0,base_base,114843.0,2d618605f4b40b004b3a601d0f05242572dc4858d4f0a007ade3a1fd2734fd03,1.8799557499878574,seed,1.0309988418971987,0.0,0.0,6894.0,6894.0,16.65839860748477,0.0,0.0,C,1.0309988418971987,AI_VERIFIED
118403.0,root2:batch_12,0,0,0,case_086,2,346384.0,A2_base,2.7959104999899864,120520.0,338022.0,346384.0,f0e0ecb24e85f77ba96d1b2ccc55fc31776363efe12810460e9f733b6f321796,1.0781962079927325,684406.0,seed,0.0,346384.0,A2_base,120520.0,f0e0ecb24e85f77ba96d1b2ccc55fc31776363efe12810460e9f733b6f321796,1.0781962079927325,seed,0.9824344507135745,0.0,0.0,6894.0,6894.0,17.48186829126777,0.0,0.0,A,0.9824344507135745,AI_VERIFIED
118403.0,root2:batch_12,0,0,0,case_086,2,809190.0,B2_base,1.927510917012114,119261.0,338022.0,809190.0,e44df7ad5312cff6a36a821aa868e3dfc5fcd41d7c6e76fc10712f6a8ad0b07d,1.9678765420103446,1147212.0,seed,0.0,809190.0,B2_base,119261.0,e44df7ad5312cff6a36a821aa868e3dfc5fcd41d7c6e76fc10712f6a8ad0b07d,1.9678765420103446,seed,0.9928056950721527,0.0,0.0,6894.0,6894.0,17.29924572091674,0.0,0.0,B,0.9928056950721527,AI_VERIFIED
118403.0,root2:batch_12,3174.0,0.004364038344140309,724134.0,case_086,2,809190.0,base_base,1.7943329580011778,119261.0,338022.0,809190.0,e44df7ad5312cff6a36a821aa868e3dfc5fcd41d7c6e76fc10712f6a8ad0b07d,1.4080046250019222,1147212.0,seed,0.0,809190.0,base_base,119261.0,e44df7ad5312cff6a36a821aa868e3dfc5fcd41d7c6e76fc10712f6a8ad0b07d,1.4080046250019222,seed,0.9928056950721527,0.0,0.0,6894.0,6894.0,17.29924572091674,0.0,0.0,C,0.9928056950721527,AI_VERIFIED
118403.0,root2:batch_12,0,0,0,case_086,3,356952.0,A2_base,2.3523489590152167,122522.0,338022.0,356952.0,3410f9bd5bf616dcf77cc1b981ad3f344d6e9ee9de2ef54ec81efad86a9f7404,1.1299551249830984,694974.0,seed,0.0,356952.0,A2_base,122522.0,3410f9bd5bf616dcf77cc1b981ad3f344d6e9ee9de2ef54ec81efad86a9f7404,1.1299551249830984,seed,0.9663815478036597,0.0,0.0,6894.0,6894.0,17.77226573832318,0.0,0.0,A,0.9663815478036597,AI_VERIFIED
118403.0,root2:batch_12,0,0,0,case_086,3,0.0,B0_base,2.0502292920136824,118403.0,338022.0,0.0,0bcecd7bcc53633f8f9ba3c38ed76b488569ec72967cded72c58270fe7451ce3,1.9727903330058325,338022.0,seed,0.0,0.0,B0_base,118403.0,0bcecd7bcc53633f8f9ba3c38ed76b488569ec72967cded72c58270fe7451ce3,1.9727903330058325,seed,1.0,0.0,0.0,6894.0,6894.0,17.174789672178708,0.0,0.0,B,1.0,AI_VERIFIED
118403.0,root2:batch_12,0.0,0.0,321126.0,case_086,3,0.0,base_base,2.3359621669806074,118403.0,338022.0,0.0,0bcecd7bcc53633f8f9ba3c38ed76b488569ec72967cded72c58270fe7451ce3,2.1422312499780674,338022.0,seed,0.0,0.0,base_base,118403.0,0bcecd7bcc53633f8f9ba3c38ed76b488569ec72967cded72c58270fe7451ce3,2.1422312499780674,seed,1.0,0.0,0.0,6894.0,6894.0,17.174789672178708,0.0,0.0,C,1.0,AI_VERIFIED
118403.0,root2:batch_12,0,0,0,case_086,4,629752.0,A2_base,2.828396375000011,124513.0,338022.0,629752.0,d659f0d307db98fe9d668195ca40a3024587a1fabea67ef4be75e0fe797669ad,1.1475070000160486,967774.0,seed,0.0,629752.0,A2_base,124513.0,d659f0d307db98fe9d668195ca40a3024587a1fabea67ef4be75e0fe797669ad,1.1475070000160486,seed,0.9509288186775678,0.0,0.0,6894.0,6894.0,18.061067595010154,0.0,0.0,A,0.9509288186775678,AI_VERIFIED
118403.0,root2:batch_12,0,0,0,case_086,4,1346512.0,B2_base,2.063968709000619,127542.0,338022.0,1346512.0,5990408138f23e8f72cab81d05eca901cc364420159ac85173737e54ef284efe,1.785079500026768,1684534.0,seed,0.0,1346512.0,B2_base,127542.0,5990408138f23e8f72cab81d05eca901cc364420159ac85173737e54ef284efe,1.785079500026768,seed,0.9283451725706042,0.0,0.0,6894.0,6894.0,18.500435161009573,0.0,0.0,B,0.9283451725706042,AI_VERIFIED
118403.0,root2:batch_12,36784.0,0.038074024084014585,929334.0,case_086,4,1272784.0,base_aggregate_tid_1000003605,2.158088583004428,126423.0,338022.0,1272784.0,47a2c4b33af31d634460991dbe210fa284d895c303bfb1493ed34aa949d242f3,2.1875747079902794,1610806.0,aggregate,0.0,1346512.0,base_base,127542.0,5990408138f23e8f72cab81d05eca901cc364420159ac85173737e54ef284efe,2.0215132090088446,seed,0.9283451725706042,1119.0,0.00877358046761067,6894.0,6894.0,18.33812010443864,0.0,0.0,C,0.9365621761862952,AI_VERIFIED
118403.0,root2:batch_12,0,0,0,case_086,5,707324.0,A2_base,2.100920041993959,127949.0,338022.0,707324.0,7ce00a938d3eb3c86c9431944d023adf1055c12202a7984021c3bd6d13c0938f,1.0810000830097124,1045346.0,seed,0.0,707324.0,A2_base,127949.0,7ce00a938d3eb3c86c9431944d023adf1055c12202a7984021c3bd6d13c0938f,1.0810000830097124,seed,0.9253921484341417,0.0,0.0,6894.0,6894.0,18.559472004641716,0.0,0.0,A,0.9253921484341417,AI_VERIFIED
118403.0,root2:batch_12,0,0,0,case_086,5,0.0,B0_base,2.260468749998836,118403.0,338022.0,0.0,aa7999cd2d4047253ef57c08123bcce86267c2fc4f0579c8ab0281044c55d799,1.8953886250092182,338022.0,seed,0.0,0.0,B0_base,118403.0,aa7999cd2d4047253ef57c08123bcce86267c2fc4f0579c8ab0281044c55d799,1.8953886250092182,seed,1.0,0.0,0.0,6894.0,6894.0,17.174789672178708,0.0,0.0,B,1.0,AI_VERIFIED
118403.0,root2:batch_12,0.0,0.0,321126.0,case_086,5,0.0,base_base,2.751143416011473,118403.0,338022.0,0.0,aa7999cd2d4047253ef57c08123bcce86267c2fc4f0579c8ab0281044c55d799,2.823194666998461,338022.0,seed,0.0,0.0,base_base,118403.0,aa7999cd2d4047253ef57c08123bcce86267c2fc4f0579c8ab0281044c55d799,2.823194666998461,seed,1.0,0.0,0.0,6894.0,6894.0,17.174789672178708,0.0,0.0,C,1.0,AI_VERIFIED
3974071.0,root2:batch_03,0,0,0,case_087,1,7902720.0,A0_base,334.4511937079951,3974071.0,5919098.0,0.0,7d58e35e4eb420bfb97bba605b78d22e8c1248e6adcff97ce917c30ef6d54653,20.63774595799623,13821818.0,seed,7902720.0,7902720.0,A0_base,3974071.0,7d58e35e4eb420bfb97bba605b78d22e8c1248e6adcff97ce917c30ef6d54653,20.63774595799623,seed,1.0,0.0,0.0,82063.0,98651.63333333333,40.283884470235165,0.0,0.0,A,1.0,AI_VERIFIED
3974071.0,root2:batch_03,0,0,0,case_087,1,8246464.0,B3_aggregate,18.99239712502458,3971407.0,5919098.0,0.0,a6ad49e3f87b1bf16c48d419884d1a071f88c036492dafbbf9f83c17e8a55e05,19.586182333994657,14165562.0,aggregate,8246464.0,26700130.0,B3_base,4051726.0,836d92aea584eee984b351c063debde9ed547490454ed84aeda8305fcd8faa93,24.140838457999052,seed,0.9808340939145441,80319.0,0.019823403655627257,82063.0,98651.63333333333,40.256880355756905,0.0,0.0,B,1.0006707950104334,AI_VERIFIED
3974071.0,root2:batch_03,2534400.0,0.18111555864402304,11458876.0,case_087,1,8246464.0,base_base,8.77126925002085,3967115.0,5919098.0,0.0,a6ad49e3f87b1bf16c48d419884d1a071f88c036492dafbbf9f83c17e8a55e05,8.831837250007084,14165562.0,seed,8246464.0,8246464.0,base_base,3967115.0,a6ad49e3f87b1bf16c48d419884d1a071f88c036492dafbbf9f83c17e8a55e05,8.831837250007084,seed,1.0017534152652494,0.0,0.0,82063.0,98651.63333333333,40.213373726875275,0.0,0.0,C,1.0017534152652494,AI_VERIFIED
3974071.0,root2:batch_03,0,0,0,case_087,2,10050048.0,A1_base,118.66319579200353,2016479.0,5919098.0,2004480.0,06bb95bc28c0e4fe4ae1b7e93d12a3748c4be0e53b2408abdbacf2be51cd777f,4.317186416999903,15969146.0,seed,8045568.0,10050048.0,A1_base,2016479.0,06bb95bc28c0e4fe4ae1b7e93d12a3748c4be0e53b2408abdbacf2be51cd777f,4.317186416999903,seed,1.9707971171532161,0.0,0.0,82063.0,98651.63333333333,20.440401561183815,0.0,0.0,A,1.9707971171532161,AI_VERIFIED
3974071.0,root2:batch_03,0,0,0,case_087,2,10050048.0,B1_base,7.378441374981776,2016479.0,5919098.0,2004480.0,06bb95bc28c0e4fe4ae1b7e93d12a3748c4be0e53b2408abdbacf2be51cd777f,6.960866959008854,15969146.0,seed,8045568.0,10050048.0,B1_base,2016479.0,06bb95bc28c0e4fe4ae1b7e93d12a3748c4be0e53b2408abdbacf2be51cd777f,6.960866959008854,seed,1.9707971171532161,0.0,0.0,82063.0,98651.63333333333,20.440401561183815,0.0,0.0,B,1.9707971171532161,AI_VERIFIED
3974071.0,root2:batch_03,4700160.0,0.29433520457353785,11268572.0,case_087,2,10050048.0,base_base,6.6180242499976885,2013301.0,5919098.0,2004480.0,06bb95bc28c0e4fe4ae1b7e93d12a3748c4be0e53b2408abdbacf2be51cd777f,6.5434101659921,15969146.0,seed,8045568.0,10050048.0,base_base,2013301.0,06bb95bc28c0e4fe4ae1b7e93d12a3748c4be0e53b2408abdbacf2be51cd777f,6.5434101659921,seed,1.9739080246818532,0.0,0.0,82063.0,98651.63333333333,20.40818719338656,0.0,0.0,C,1.9739080246818532,AI_VERIFIED
3974071.0,root2:batch_03,0,0,0,case_087,3,11036160.0,A1_base,97.52128904199344,1374901.0,5919098.0,4008960.0,a221c11785c20dd32f6cd60871d46484a6ed077713e4cbf89398430953e5a97d,3.6530581249971874,16955258.0,seed,7027200.0,11036160.0,A1_base,1374901.0,a221c11785c20dd32f6cd60871d46484a6ed077713e4cbf89398430953e5a97d,3.6530581249971874,seed,2.890441566338231,0.0,0.0,82063.0,98651.63333333333,13.93693093103037,0.0,0.0,A,2.890441566338231,AI_VERIFIED
3974071.0,root2:batch_03,0,0,0,case_087,3,11036160.0,B1_base,5.938023416994838,1374901.0,5919098.0,4008960.0,a221c11785c20dd32f6cd60871d46484a6ed077713e4cbf89398430953e5a97d,5.5526351669977885,16955258.0,seed,7027200.0,11036160.0,B1_base,1374901.0,a221c11785c20dd32f6cd60871d46484a6ed077713e4cbf89398430953e5a97d,5.5526351669977885,seed,2.890441566338231,0.0,0.0,82063.0,98651.63333333333,13.93693093103037,0.0,0.0,B,2.890441566338231,AI_VERIFIED
3974071.0,root2:batch_03,4432896.0,0.26145306910520677,12521948.0,case_087,3,11036160.0,base_base,5.762874541018391,1372451.0,5919098.0,4008960.0,a221c11785c20dd32f6cd60871d46484a6ed077713e4cbf89398430953e5a97d,6.09638824997819,16955258.0,seed,7027200.0,11036160.0,base_base,1372451.0,a221c11785c20dd32f6cd60871d46484a6ed077713e4cbf89398430953e5a97d,6.09638824997819,seed,2.895601373018053,0.0,0.0,82063.0,98651.63333333333,13.912096065988433,0.0,0.0,C,2.895601373018053,AI_VERIFIED
3974071.0,root2:batch_03,0,0,0,case_087,4,12607488.0,A1_base,103.8923773750139,1046846.0,5919098.0,5322240.0,e6cc680db2af141f526c54d9f6777df4e1ef1eefa3e0edf4566f6f8e87817ff7,5.309565625007963,18526586.0,seed,7285248.0,12607488.0,A1_base,1046846.0,e6cc680db2af141f526c54d9f6777df4e1ef1eefa3e0edf4566f6f8e87817ff7,5.309565625007963,seed,3.796232683699417,0.0,0.0,82063.0,98651.63333333333,10.611542501914988,0.0,0.0,A,3.796232683699417,AI_VERIFIED
3974071.0,root2:batch_03,0,0,0,case_087,4,12607488.0,B1_base,5.417738084011944,1046846.0,5919098.0,5322240.0,e6cc680db2af141f526c54d9f6777df4e1ef1eefa3e0edf4566f6f8e87817ff7,5.124648209020961,18526586.0,seed,7285248.0,12607488.0,B1_base,1046846.0,e6cc680db2af141f526c54d9f6777df4e1ef1eefa3e0edf4566f6f8e87817ff7,5.124648209020961,seed,3.796232683699417,0.0,0.0,82063.0,98651.63333333333,10.611542501914988,0.0,0.0,B,3.796232683699417,AI_VERIFIED
3974071.0,root2:batch_03,5548032.0,0.2994699606588992,12978140.0,case_087,4,12607488.0,base_base,5.474222917022416,1043492.0,5919098.0,5322240.0,e6cc680db2af141f526c54d9f6777df4e1ef1eefa3e0edf4566f6f8e87817ff7,4.983812582999235,18526586.0,seed,7285248.0,12607488.0,base_base,1043492.0,e6cc680db2af141f526c54d9f6777df4e1ef1eefa3e0edf4566f6f8e87817ff7,4.983812582999235,seed,3.808434563944908,0.0,0.0,82063.0,98651.63333333333,10.577544078506557,0.0,0.0,C,3.808434563944908,AI_VERIFIED
3974071.0,root2:batch_03,0,0,0,case_087,5,12487680.0,A1_base,92.86284050001996,833349.0,5919098.0,5184000.0,bb1285e74eb8eb62e7952ed82f95ca752d8d77c0ab60da4db1dc3936851efc6a,3.5362852920079604,18406778.0,seed,7303680.0,12487680.0,A1_base,833349.0,bb1285e74eb8eb62e7952ed82f95ca752d8d77c0ab60da4db1dc3936851efc6a,3.5362852920079604,seed,4.768795546643723,0.0,0.0,82063.0,98651.63333333333,8.44739181544215,0.0,0.0,A,4.768795546643723,AI_VERIFIED
3974071.0,root2:batch_03,0,0,0,case_087,5,12487680.0,B1_base,5.1505664580035955,833349.0,5919098.0,5184000.0,bb1285e74eb8eb62e7952ed82f95ca752d8d77c0ab60da4db1dc3936851efc6a,5.031570874998579,18406778.0,seed,7303680.0,12487680.0,B1_base,833349.0,bb1285e74eb8eb62e7952ed82f95ca752d8d77c0ab60da4db1dc3936851efc6a,5.031570874998579,seed,4.768795546643723,0.0,0.0,82063.0,98651.63333333333,8.44739181544215,0.0,0.0,B,4.768795546643723,AI_VERIFIED
3974071.0,root2:batch_03,5561856.0,0.3021702711084058,12844508.0,case_087,5,12487680.0,base_base,5.151830666989554,829669.0,5919098.0,5184000.0,bb1285e74eb8eb62e7952ed82f95ca752d8d77c0ab60da4db1dc3936851efc6a,4.8338973330101,18406778.0,seed,7303680.0,12487680.0,base_base,829669.0,bb1285e74eb8eb62e7952ed82f95ca752d8d77c0ab60da4db1dc3936851efc6a,4.8338973330101,seed,4.789947557399397,0.0,0.0,82063.0,98651.63333333333,8.4100888344812,0.0,0.0,C,4.789947557399397,AI_VERIFIED
243623.0,root2:batch_11,0,0,0,case_088,1,0.0,A0_base,4.309351332980441,243623.0,1829798.0,0.0,3ba7f74d364467aea1cbae4f693d4546cf1b60f76c589042f371a73474a6343b,0.7797952909895685,1829798.0,seed,0.0,0.0,A0_base,243623.0,3ba7f74d364467aea1cbae4f693d4546cf1b60f76c589042f371a73474a6343b,0.7797952909895685,seed,1.0,0.0,0.0,32229.0,32229.0,7.559123770517236,0.0,0.0,A,1.0,AI_VERIFIED
243623.0,root2:batch_11,0,0,0,case_088,1,93124.0,B3_base,1.4917627499962691,240293.0,1829798.0,0.0,62df43688e11cc4a639fdfa2066a4a5971220a0030bd8d4cd63efa445fd375a8,1.1565600830072071,1922922.0,seed,93124.0,93124.0,B3_base,240293.0,62df43688e11cc4a639fdfa2066a4a5971220a0030bd8d4cd63efa445fd375a8,1.1565600830072071,seed,1.0138580815920564,0.0,0.0,32229.0,32229.0,7.455800676409445,0.0,0.0,B,1.0138580815920564,AI_VERIFIED
243623.0,root2:batch_11,0.0,0.0,1876292.0,case_088,1,93124.0,base_base,1.2920063750061672,240293.0,1829798.0,0.0,62df43688e11cc4a639fdfa2066a4a5971220a0030bd8d4cd63efa445fd375a8,1.288842707988806,1922922.0,seed,93124.0,93124.0,base_base,240293.0,62df43688e11cc4a639fdfa2066a4a5971220a0030bd8d4cd63efa445fd375a8,1.288842707988806,seed,1.0138580815920564,0.0,0.0,32229.0,32229.0,7.455800676409445,0.0,0.0,C,1.0138580815920564,AI_VERIFIED
243623.0,root2:batch_11,0,0,0,case_088,2,969086.0,A3_base,1.3442881660012063,244857.0,1829798.0,969086.0,9433483fdfcfcc9cdad1bfdda92dc7eb211d3da377bea44c839bf3dc5fb43aef,0.6974487499974202,2798884.0,seed,0.0,969086.0,A3_base,244857.0,9433483fdfcfcc9cdad1bfdda92dc7eb211d3da377bea44c839bf3dc5fb43aef,0.6974487499974202,seed,0.994960323780819,0.0,0.0,32229.0,32229.0,7.597412268453877,0.0,0.0,A,0.994960323780819,AI_VERIFIED
243623.0,root2:batch_11,0,0,0,case_088,2,0.0,B0_base,0.8341741669864859,243623.0,1829798.0,0.0,1e28ee3ff5e2d6efadd296a6d5373da6bfe65a641a7310c15862f65cd792655b,0.8459534590074327,1829798.0,seed,0.0,0.0,B0_base,243623.0,1e28ee3ff5e2d6efadd296a6d5373da6bfe65a641a7310c15862f65cd792655b,0.8459534590074327,seed,1.0,0.0,0.0,32229.0,32229.0,7.559123770517236,0.0,0.0,B,1.0,AI_VERIFIED
243623.0,root2:batch_11,0.0,0.0,1829730.0,case_088,2,0.0,base_base,1.1355801669997163,243623.0,1829798.0,0.0,1e28ee3ff5e2d6efadd296a6d5373da6bfe65a641a7310c15862f65cd792655b,1.0730165829882026,1829798.0,seed,0.0,0.0,base_base,243623.0,1e28ee3ff5e2d6efadd296a6d5373da6bfe65a641a7310c15862f65cd792655b,1.0730165829882026,seed,1.0,0.0,0.0,32229.0,32229.0,7.559123770517236,0.0,0.0,C,1.0,AI_VERIFIED
243623.0,root2:batch_11,0,0,0,case_088,3,284280.0,A2_base,1.0967841669917107,247729.0,1829798.0,284280.0,6ec9b4ad04fbba5776915ad779d4f1de98c59fe189a579407611334dc1f3651a,0.6006912919983733,2114078.0,seed,0.0,284280.0,A2_base,247729.0,6ec9b4ad04fbba5776915ad779d4f1de98c59fe189a579407611334dc1f3651a,0.6006912919983733,seed,0.9834254366666801,0.0,0.0,32229.0,32229.0,7.686524558627323,0.0,0.0,A,0.9834254366666801,AI_VERIFIED
243623.0,root2:batch_11,0,0,0,case_088,3,0.0,B0_base,1.0117154580075294,243623.0,1829798.0,0.0,a6c3edc4244fea9d50a818af62ec715409801f75a27faab48b80a2215a0c25f6,0.8001202080049552,1829798.0,seed,0.0,0.0,B0_base,243623.0,a6c3edc4244fea9d50a818af62ec715409801f75a27faab48b80a2215a0c25f6,0.8001202080049552,seed,1.0,0.0,0.0,32229.0,32229.0,7.559123770517236,0.0,0.0,B,1.0,AI_VERIFIED
243623.0,root2:batch_11,0.0,0.0,1829730.0,case_088,3,0.0,base_base,0.9743496250011958,243623.0,1829798.0,0.0,a6c3edc4244fea9d50a818af62ec715409801f75a27faab48b80a2215a0c25f6,0.759804166998947,1829798.0,seed,0.0,0.0,base_base,243623.0,a6c3edc4244fea9d50a818af62ec715409801f75a27faab48b80a2215a0c25f6,0.759804166998947,seed,1.0,0.0,0.0,32229.0,32229.0,7.559123770517236,0.0,0.0,C,1.0,AI_VERIFIED
243623.0,root2:batch_11,0,0,0,case_088,4,320572.0,A2_base,1.102573084004689,249922.0,1829798.0,320572.0,7fb71f1d0ab705df0f823d56b736aa132dae340046e1e7726dc871d18f8c1afc,0.6755762499815319,2150370.0,seed,0.0,320572.0,A2_base,249922.0,7fb71f1d0ab705df0f823d56b736aa132dae340046e1e7726dc871d18f8c1afc,0.6755762499815319,seed,0.9747961363945551,0.0,0.0,32229.0,32229.0,7.754568866548761,0.0,0.0,A,0.9747961363945551,AI_VERIFIED
243623.0,root2:batch_11,0,0,0,case_088,4,0.0,B0_base,0.8268359159992542,243623.0,1829798.0,0.0,ea37ffac65213644a8dfa23933fcf1954e93a304374dc0ac7bc2fc255e2db615,1.0765918339893688,1829798.0,seed,0.0,0.0,B0_base,243623.0,ea37ffac65213644a8dfa23933fcf1954e93a304374dc0ac7bc2fc255e2db615,1.0765918339893688,seed,1.0,0.0,0.0,32229.0,32229.0,7.559123770517236,0.0,0.0,B,1.0,AI_VERIFIED
243623.0,root2:batch_11,0.0,0.0,1829730.0,case_088,4,0.0,base_base,0.9482850839849561,243623.0,1829798.0,0.0,ea37ffac65213644a8dfa23933fcf1954e93a304374dc0ac7bc2fc255e2db615,0.7556466659880243,1829798.0,seed,0.0,0.0,base_base,243623.0,ea37ffac65213644a8dfa23933fcf1954e93a304374dc0ac7bc2fc255e2db615,0.7556466659880243,seed,1.0,0.0,0.0,32229.0,32229.0,7.559123770517236,0.0,0.0,C,1.0,AI_VERIFIED
243623.0,root2:batch_11,0,0,0,case_088,5,575170.0,A2_base,1.0287462080013938,248021.0,1829798.0,575170.0,59dfca942ea8282a93f7948a3cd18085fe53ebf2975a31d0f652e36fc7ace092,0.7453302089998033,2404968.0,seed,0.0,575170.0,A2_base,248021.0,59dfca942ea8282a93f7948a3cd18085fe53ebf2975a31d0f652e36fc7ace092,0.7453302089998033,seed,0.9822676305635409,0.0,0.0,32229.0,32229.0,7.695584721834373,0.0,0.0,A,0.9822676305635409,AI_VERIFIED
243623.0,root2:batch_11,0,0,0,case_088,5,0.0,B0_base,0.9425261249998584,243623.0,1829798.0,0.0,66a495bdc20f2dc717df18cd047562de40795d93c18eb94c2f9182dee0a61e5b,0.788269541983027,1829798.0,seed,0.0,0.0,B0_base,243623.0,66a495bdc20f2dc717df18cd047562de40795d93c18eb94c2f9182dee0a61e5b,0.788269541983027,seed,1.0,0.0,0.0,32229.0,32229.0,7.559123770517236,0.0,0.0,B,1.0,AI_VERIFIED
243623.0,root2:batch_11,0.0,0.0,1829730.0,case_088,5,0.0,base_base,0.8729820839944296,243623.0,1829798.0,0.0,66a495bdc20f2dc717df18cd047562de40795d93c18eb94c2f9182dee0a61e5b,0.7970243750023656,1829798.0,seed,0.0,0.0,base_base,243623.0,66a495bdc20f2dc717df18cd047562de40795d93c18eb94c2f9182dee0a61e5b,0.7970243750023656,seed,1.0,0.0,0.0,32229.0,32229.0,7.559123770517236,0.0,0.0,C,1.0,AI_VERIFIED
693092.0,root2:batch_11,0,0,0,case_089,1,0.0,A0_base,9.106140124989906,693092.0,566400.0,0.0,d9c933ffa246a067a8122525138f16ff62ce389eabbcd8aac55d16392fbaa6a9,1.9822234579769429,566400.0,seed,0.0,0.0,A0_base,693092.0,d9c933ffa246a067a8122525138f16ff62ce389eabbcd8aac55d16392fbaa6a9,1.9822234579769429,seed,1.0,0.0,0.0,16272.0,16272.0,42.59414945919371,0.0,0.0,A,1.0,AI_VERIFIED
693092.0,root2:batch_11,0,0,0,case_089,1,58368.0,B3_base,1.9338841249991674,694728.0,566400.0,0.0,8b5bc11c08e6cdbfd67986237e48287f614cb1e19d1444ab5cfb7c391a4e565a,2.029333124984987,624768.0,seed,58368.0,58368.0,B3_base,694728.0,8b5bc11c08e6cdbfd67986237e48287f614cb1e19d1444ab5cfb7c391a4e565a,2.029333124984987,seed,0.9976451215439711,0.0,0.0,16272.0,16272.0,42.69469026548673,0.0,0.0,B,0.9976451215439711,AI_VERIFIED
693092.0,root2:batch_11,9216.0,0.021120563215019067,427136.0,case_089,1,58368.0,base_base,2.0876462500018533,694728.0,566400.0,0.0,8b5bc11c08e6cdbfd67986237e48287f614cb1e19d1444ab5cfb7c391a4e565a,2.3273945830005687,624768.0,seed,58368.0,58368.0,base_base,694728.0,8b5bc11c08e6cdbfd67986237e48287f614cb1e19d1444ab5cfb7c391a4e565a,2.3273945830005687,seed,0.9976451215439711,0.0,0.0,16272.0,16272.0,42.69469026548673,0.0,0.0,C,0.9976451215439711,AI_VERIFIED
693092.0,root2:batch_11,0,0,0,case_089,2,238720.0,A1_base,6.426671207998879,346832.0,566400.0,238720.0,414c355e90b2b45c26acf9c63151882c21a8ca1fef9b9cb02335a1bcaaef69ea,1.772013459005393,805120.0,seed,0.0,238720.0,A1_base,346832.0,414c355e90b2b45c26acf9c63151882c21a8ca1fef9b9cb02335a1bcaaef69ea,1.772013459005393,seed,1.998350786547954,0.0,0.0,16272.0,16272.0,21.31465093411996,0.0,0.0,A,1.998350786547954,AI_VERIFIED
693092.0,root2:batch_11,0,0,0,case_089,2,238720.0,B1_base,1.604329665977275,346832.0,566400.0,238720.0,414c355e90b2b45c26acf9c63151882c21a8ca1fef9b9cb02335a1bcaaef69ea,1.3802854169916827,805120.0,seed,0.0,238720.0,B1_base,346832.0,414c355e90b2b45c26acf9c63151882c21a8ca1fef9b9cb02335a1bcaaef69ea,1.3802854169916827,seed,1.998350786547954,0.0,0.0,16272.0,16272.0,21.31465093411996,0.0,0.0,B,1.998350786547954,AI_VERIFIED
693092.0,root2:batch_11,0.0,0.0,641280.0,case_089,2,238720.0,base_base,1.9324752499815077,346832.0,566400.0,238720.0,414c355e90b2b45c26acf9c63151882c21a8ca1fef9b9cb02335a1bcaaef69ea,1.8107035419961903,805120.0,seed,0.0,238720.0,base_base,346832.0,414c355e90b2b45c26acf9c63151882c21a8ca1fef9b9cb02335a1bcaaef69ea,1.8107035419961903,seed,1.998350786547954,0.0,0.0,16272.0,16272.0,21.31465093411996,0.0,0.0,C,1.998350786547954,AI_VERIFIED
693092.0,root2:batch_11,0,0,0,case_089,3,477440.0,A1_base,4.572942708997289,243614.0,566400.0,477440.0,0ce5e8a7818d78cf236a0ac8d6f95cd0e9b0dc19c2e55ad073fc18b1563d78ec,1.7970479169744067,1043840.0,seed,0.0,1264256.0,A2_base,698828.0,4d67f53d178fca9fb7712c915fa539a85913797981cd6753cc97c1528725d1f6,1.564737333013909,seed,0.9917919717011912,455214.0,0.6513963378685457,16272.0,16272.0,14.971361848574238,0.0,0.0,A,2.8450417463692563,AI_VERIFIED
693092.0,root2:batch_11,0,0,0,case_089,3,477440.0,B1_base,1.621048625005642,243614.0,566400.0,477440.0,0ce5e8a7818d78cf236a0ac8d6f95cd0e9b0dc19c2e55ad073fc18b1563d78ec,1.83782866699039,1043840.0,seed,0.0,477440.0,B1_base,243614.0,0ce5e8a7818d78cf236a0ac8d6f95cd0e9b0dc19c2e55ad073fc18b1563d78ec,1.83782866699039,seed,2.8450417463692563,0.0,0.0,16272.0,16272.0,14.971361848574238,0.0,0.0,B,2.8450417463692563,AI_VERIFIED
693092.0,root2:batch_11,0.0,0.0,880000.0,case_089,3,477440.0,base_base,1.5275618340237997,243614.0,566400.0,477440.0,0ce5e8a7818d78cf236a0ac8d6f95cd0e9b0dc19c2e55ad073fc18b1563d78ec,1.5017318750033155,1043840.0,seed,0.0,477440.0,base_base,243614.0,0ce5e8a7818d78cf236a0ac8d6f95cd0e9b0dc19c2e55ad073fc18b1563d78ec,1.5017318750033155,seed,2.8450417463692563,0.0,0.0,16272.0,16272.0,14.971361848574238,0.0,0.0,C,2.8450417463692563,AI_VERIFIED
693092.0,root2:batch_11,0,0,0,case_089,4,716160.0,A1_base,4.062359707982978,178160.0,566400.0,716160.0,09587b4e0468b761ef15a3296b43e0209da7ea4c68079e28cbfa469def15e870,1.764624041999923,1282560.0,seed,0.0,716160.0,A1_base,178160.0,09587b4e0468b761ef15a3296b43e0209da7ea4c68079e28cbfa469def15e870,1.764624041999923,seed,3.8902784014369107,0.0,0.0,16272.0,16272.0,10.948869223205506,0.0,0.0,A,3.8902784014369107,AI_VERIFIED
693092.0,root2:batch_11,0,0,0,case_089,4,716160.0,B1_base,1.286819833010668,178160.0,566400.0,716160.0,09587b4e0468b761ef15a3296b43e0209da7ea4c68079e28cbfa469def15e870,1.2256707079941407,1282560.0,seed,0.0,716160.0,B1_base,178160.0,09587b4e0468b761ef15a3296b43e0209da7ea4c68079e28cbfa469def15e870,1.2256707079941407,seed,3.8902784014369107,0.0,0.0,16272.0,16272.0,10.948869223205506,0.0,0.0,B,3.8902784014369107,AI_VERIFIED
693092.0,root2:batch_11,0.0,0.0,1118720.0,case_089,4,716160.0,base_base,1.3518812080146745,178160.0,566400.0,716160.0,09587b4e0468b761ef15a3296b43e0209da7ea4c68079e28cbfa469def15e870,1.5597789160092361,1282560.0,seed,0.0,716160.0,base_base,178160.0,09587b4e0468b761ef15a3296b43e0209da7ea4c68079e28cbfa469def15e870,1.5597789160092361,seed,3.8902784014369107,0.0,0.0,16272.0,16272.0,10.948869223205506,0.0,0.0,C,3.8902784014369107,AI_VERIFIED
693092.0,root2:batch_11,0,0,0,case_089,5,954880.0,A1_base,2.5825992499885615,147432.0,566400.0,954880.0,6396580b574a23078fdc8325cca408fbf40ec40f162c19c8e866d8fa154704f2,1.1964708330051508,1521280.0,seed,0.0,954880.0,A1_base,147432.0,6396580b574a23078fdc8325cca408fbf40ec40f162c19c8e866d8fa154704f2,1.1964708330051508,seed,4.701096098540344,0.0,0.0,16272.0,16272.0,9.06047197640118,0.0,0.0,A,4.701096098540344,AI_VERIFIED
693092.0,root2:batch_11,0,0,0,case_089,5,954880.0,B1_base,1.2589027499780059,147432.0,566400.0,954880.0,6396580b574a23078fdc8325cca408fbf40ec40f162c19c8e866d8fa154704f2,1.215765625005588,1521280.0,seed,0.0,954880.0,B1_base,147432.0,6396580b574a23078fdc8325cca408fbf40ec40f162c19c8e866d8fa154704f2,1.215765625005588,seed,4.701096098540344,0.0,0.0,16272.0,16272.0,9.06047197640118,0.0,0.0,B,4.701096098540344,AI_VERIFIED
693092.0,root2:batch_11,0.0,0.0,1357440.0,case_089,5,954880.0,base_base,1.3243765419756528,147432.0,566400.0,954880.0,6396580b574a23078fdc8325cca408fbf40ec40f162c19c8e866d8fa154704f2,1.50081387499813,1521280.0,seed,0.0,954880.0,base_base,147432.0,6396580b574a23078fdc8325cca408fbf40ec40f162c19c8e866d8fa154704f2,1.50081387499813,seed,4.701096098540344,0.0,0.0,16272.0,16272.0,9.06047197640118,0.0,0.0,C,4.701096098540344,AI_VERIFIED
1178363.0,root2:batch_10,0,0,0,case_090,1,15562608.0,A3_aggregate,1.24607795898919,1092362.0,2228352.0,199680.0,391c60f48eb146f11402a485c79caf4d0b10adce1d051378c850b5dc4c455bdd,0.4416209159826394,17790960.0,aggregate,15362928.0,21233592.0,A0_base,1178363.0,fae21d56ab30e6e7ea37114e5ecffa1668a002d9c00f435294e1953c6904b321,0.6281199580116663,seed,1.0,86001.0,0.07298345246753335,63936.0,63936.0,17.08524149149149,0.0,0.0,A,1.078729395566671,AI_VERIFIED
1178363.0,root2:batch_10,0,0,0,case_090,1,15781584.0,B2_base,0.6130600839969702,1090066.0,2228352.0,0.0,1c2d5dcd1a5eb5d749f4eea3a6011847c7db56e46672332e53d72af3ddcfc8ab,0.5593509589962196,18009936.0,seed,15781584.0,15781584.0,B2_base,1090066.0,1c2d5dcd1a5eb5d749f4eea3a6011847c7db56e46672332e53d72af3ddcfc8ab,0.5593509589962196,seed,1.081001517339317,0.0,0.0,63936.0,63936.0,17.04933058058058,0.0,0.0,B,1.081001517339317,AI_VERIFIED
1178363.0,root2:batch_10,11035296.0,0.6168371741107721,6854832.0,case_090,1,15781584.0,base_base,0.5291084999917075,998222.0,2228352.0,0.0,1c2d5dcd1a5eb5d749f4eea3a6011847c7db56e46672332e53d72af3ddcfc8ab,0.6754389590059873,18009936.0,seed,15781584.0,15781584.0,base_base,998222.0,1c2d5dcd1a5eb5d749f4eea3a6011847c7db56e46672332e53d72af3ddcfc8ab,0.6754389590059873,seed,1.1804618611891944,0.0,0.0,63936.0,63936.0,15.612831581581581,0.0,0.0,C,1.1804618611891944,AI_VERIFIED
1178363.0,root2:batch_10,0,0,0,case_090,2,11700096.0,A3_base,0.6328842499933671,1100156.0,2228352.0,424320.0,9cc08cbfb29a677785041769a878cc4178e5da4bdd9b01f0b634217ccdccea22,0.33427633400424384,13928448.0,seed,11275776.0,21409848.0,A2_base,1194520.0,55297d1f10c19fb34b4379f6562734829ac09f94792bd6e2eaaaa15614a8ba4c,0.39145112500409596,seed,0.98647406489636,94364.0,0.07899742155845026,63936.0,63936.0,17.207144644644643,0.0,0.0,A,1.071087191271056,AI_VERIFIED
1178363.0,root2:batch_10,0,0,0,case_090,2,21941208.0,B3_base,0.5395394579973072,836229.0,2228352.0,2321736.0,b256ffee69899e865b18754b788a4a02e99c813e00424b2e718b707340464d89,0.5356573330063839,24169560.0,seed,19619472.0,21941208.0,B3_base,836229.0,b256ffee69899e865b18754b788a4a02e99c813e00424b2e718b707340464d89,0.5356573330063839,seed,1.4091391233740997,0.0,0.0,63936.0,63936.0,13.079157282282281,0.0,0.0,B,1.4091391233740997,AI_VERIFIED
1178363.0,root2:batch_10,7548528.0,0.31509642077507294,16407720.0,case_090,2,21941208.0,base_base,0.5774385420081671,766154.0,2228352.0,2321736.0,b256ffee69899e865b18754b788a4a02e99c813e00424b2e718b707340464d89,0.5972502499935217,24169560.0,seed,19619472.0,21941208.0,base_base,766154.0,b256ffee69899e865b18754b788a4a02e99c813e00424b2e718b707340464d89,0.5972502499935217,seed,1.538023687143838,0.0,0.0,63936.0,63936.0,11.98313938938939,0.0,0.0,C,1.538023687143838,AI_VERIFIED
1178363.0,root2:batch_10,0,0,0,case_090,3,5735760.0,A3_base,0.6103734159842134,1003439.0,2228352.0,893520.0,d81e2a39768828c9d19220cad21c6237758eaab62c30d4882410d3e027295eaf,0.6289824170235079,7964112.0,seed,4842240.0,21959616.0,A2_base,1156420.0,41cd29af708aaaec04bb0ff0fa24e563761be4f518e776480f643968a288b2eb,0.5129703329876065,seed,1.0189749399007282,152981.0,0.13228844191556702,63936.0,63936.0,15.694428803803804,0.0,0.0,A,1.174324498051202,AI_VERIFIED
1178363.0,root2:batch_10,0,0,0,case_090,3,20499936.0,B3_base,0.886926457984373,761694.0,2228352.0,4719384.0,7de16be8cd293c6ef3661bde7bce604211dca7c4f22215c955a0d43e00675ac3,0.36159008301910944,22728288.0,seed,15780552.0,20499936.0,B3_base,761694.0,7de16be8cd293c6ef3661bde7bce604211dca7c4f22215c955a0d43e00675ac3,0.36159008301910944,seed,1.5470293845034884,0.0,0.0,63936.0,63936.0,11.913382132132131,0.0,0.0,B,1.5470293845034884,AI_VERIFIED
1178363.0,root2:batch_10,6292752.0,0.280556494793294,16136784.0,case_090,3,20499936.0,base_base,0.6994748750003055,706360.0,2228352.0,4719384.0,7de16be8cd293c6ef3661bde7bce604211dca7c4f22215c955a0d43e00675ac3,0.410989875002997,22728288.0,seed,15780552.0,20499936.0,base_base,706360.0,7de16be8cd293c6ef3661bde7bce604211dca7c4f22215c955a0d43e00675ac3,0.410989875002997,seed,1.6682187553089076,0.0,0.0,63936.0,63936.0,11.047922922922924,0.0,0.0,C,1.6682187553089076,AI_VERIFIED
1178363.0,root2:batch_10,0,0,0,case_090,4,21392136.0,A1_base,0.855048416997306,608275.0,2228352.0,6445440.0,20048dbc9412d92c292be34e631b205e26c8d987439617ba98ff02406da93c0b,0.41352224998991005,23620488.0,seed,14946696.0,3265536.0,A3_base,967885.0,fc8cc37d584142ba296f4ec38612867f29870390a252f2ebb382f150b90dd42e,0.48140954101108946,seed,1.2174617852327498,359610.0,0.37154207369677184,63936.0,63936.0,9.513810685685685,0.0,0.0,A,1.9372208293945994,AI_VERIFIED
1178363.0,root2:batch_10,0,0,0,case_090,4,19028400.0,B3_base,0.6302592499996535,731084.0,2228352.0,6941160.0,fbe895be42694ce2d47fb218423283a8655106136790ecdf26f98ec205587c47,0.5012456249969546,21256752.0,seed,12087240.0,11586048.0,B2_base,983846.0,a1ba03311b4066046a03f31d94bb25d82f77e294e037498392eba2c7b92a69db,0.4425772090035025,seed,1.1977108205959062,252762.0,0.2569121590167567,63936.0,63936.0,11.434622122122121,0.0,0.0,B,1.6118024741342991,AI_VERIFIED
1178363.0,root2:batch_10,7630200.0,0.3643012817721594,13314552.0,case_090,4,19028400.0,base_base,0.6331936669885181,674035.0,2228352.0,6941160.0,fbe895be42694ce2d47fb218423283a8655106136790ecdf26f98ec205587c47,0.49126050001359545,21256752.0,seed,12087240.0,19028400.0,base_base,674035.0,fbe895be42694ce2d47fb218423283a8655106136790ecdf26f98ec205587c47,0.49126050001359545,seed,1.7482222733240855,0.0,0.0,63936.0,63936.0,10.542339214214214,0.0,0.0,C,1.7482222733240855,AI_VERIFIED
1178363.0,root2:batch_10,0,0,0,case_090,5,21724704.0,A1_base,1.0785152500029653,542638.0,2228352.0,8593920.0,00f16c79813b0e93a13e06aa0ba44c5d2ae2075e40f48a0412980835c28da911,0.41537554198293947,23953056.0,seed,13130784.0,1408752.0,A3_base,936751.0,4dfd3f45ff4af25950d9c160412f0324031b9f72e0d1957963150bc3e024cd47,0.511713082989445,seed,1.2579255319716767,394113.0,0.420723329892362,63936.0,63936.0,8.487205955955956,0.0,0.0,A,2.171545302761694,AI_VERIFIED
1178363.0,root2:batch_10,0,0,0,case_090,5,21724704.0,B1_base,0.46960370798478834,542638.0,2228352.0,8593920.0,00f16c79813b0e93a13e06aa0ba44c5d2ae2075e40f48a0412980835c28da911,0.4028292080038227,23953056.0,seed,13130784.0,7911504.0,B2_base,842998.0,cc4db568a32141a78dfdf518fa9db0f36fb522c8fc40519ff12713e265ccfb3b,0.5337196250038687,seed,1.397824194126202,300360.0,0.35629977769816773,63936.0,63936.0,8.487205955955956,0.0,0.0,B,2.171545302761694,AI_VERIFIED
1178363.0,root2:batch_10,1946808.0,0.08141171039161765,21966312.0,case_090,5,21724704.0,base_base,0.6344870830071159,509924.0,2228352.0,8593920.0,00f16c79813b0e93a13e06aa0ba44c5d2ae2075e40f48a0412980835c28da911,0.5119169999961741,23953056.0,seed,13130784.0,21724704.0,base_base,509924.0,00f16c79813b0e93a13e06aa0ba44c5d2ae2075e40f48a0412980835c28da911,0.5119169999961741,seed,2.3108600497329013,0.0,0.0,63936.0,63936.0,7.975538038038038,0.0,0.0,C,2.3108600497329013,AI_VERIFIED
9186769.0,root2:batch_02,0,0,0,case_091,1,53947008.0,A0_base,nan,9186769.0,6577656.0,0.0,fd0f2df84dcf9828cc483d1c486c611fad636a7b0dd9b96a10e1d667a52fe90a,nan,60524664.0,,53947008.0,53947008.0,A0_base,9186769.0,fd0f2df84dcf9828cc483d1c486c611fad636a7b0dd9b96a10e1d667a52fe90a,nan,,1.0,0.0,0.0,56912.0,109627.6,83.7997821716429,0.0,0.0,A,1.0,AI_VERIFIED
9186769.0,root2:batch_02,0,0,0,case_091,1,171968128.0,B3_aggregate,nan,10669316.0,6577656.0,0.0,fdb4033789333f116f304025f84124010064bfcffab317779b7eb5af07b6f585,nan,178545784.0,,171968128.0,171968128.0,B3_aggregate,10669316.0,fdb4033789333f116f304025f84124010064bfcffab317779b7eb5af07b6f585,nan,,0.8610457315164346,0.0,0.0,56912.0,109627.6,97.32326530910099,0.0,0.0,B,0.8610457315164346,AI_VERIFIED
9186769.0,root2:batch_02,6398592.0,0.0813468138391615,72259584.0,case_091,1,90629248.0,base_aggregate,nan,9599880.0,6577656.0,0.0,c2c3700f3aa9214d612e8ea821a134f7970cc9c90e7355e960cc1fb8adf89bad,nan,97206904.0,,90629248.0,171968128.0,base_base,10635127.0,fdb4033789333f116f304025f84124010064bfcffab317779b7eb5af07b6f585,nan,,0.8638137560557575,1035247.0,0.09734223202036045,56912.0,109627.6,87.56809416606767,0.0,0.0,C,0.9569670662549948,AI_VERIFIED
9186769.0,root2:batch_02,0,0,0,case_091,2,57904096.0,A1_base,nan,4571759.0,6577656.0,6478336.0,8f1d46529266cf8896f690a229594cee0cb0fb3578f912f5d764e44835a31262,nan,64481752.0,,51425760.0,57904096.0,A1_base,4571759.0,8f1d46529266cf8896f690a229594cee0cb0fb3578f912f5d764e44835a31262,nan,,2.0094604724352267,0.0,0.0,56912.0,109627.6,41.702627805406664,0.0,0.0,A,2.0094604724352267,AI_VERIFIED
9186769.0,root2:batch_02,0,0,0,case_091,2,57904096.0,B1_base,nan,4571759.0,6577656.0,6478336.0,8f1d46529266cf8896f690a229594cee0cb0fb3578f912f5d764e44835a31262,nan,64481752.0,,51425760.0,57904096.0,B1_base,4571759.0,8f1d46529266cf8896f690a229594cee0cb0fb3578f912f5d764e44835a31262,nan,,2.0094604724352267,0.0,0.0,56912.0,109627.6,41.702627805406664,0.0,0.0,B,2.0094604724352267,AI_VERIFIED
9186769.0,root2:batch_02,11590464.0,0.17986505725904448,52849312.0,case_091,2,57904096.0,base_base,nan,4569395.0,6577656.0,6478336.0,8f1d46529266cf8896f690a229594cee0cb0fb3578f912f5d764e44835a31262,nan,64481752.0,,51425760.0,57904096.0,base_base,4569395.0,8f1d46529266cf8896f690a229594cee0cb0fb3578f912f5d764e44835a31262,nan,,2.010500077143692,0.0,0.0,56912.0,109627.6,41.681063892669364,0.0,0.0,C,2.010500077143692,AI_VERIFIED
9186769,root2:batch_02,,,,case_091,3,,,,,,,,,,,,,,,,,,,,,,,,,,A,,NO_FINAL_RESULT
4815554.0,root2:batch_05,0,0,0,case_092,1,66000096.0,A0_base,219.5834039170004,4815554.0,3256928.0,0.0,88c8612bb8e50b71cf92b7574ccd798aef918cc3df39238da2830ed1e9020975,18.21635954201338,69257024.0,seed,66000096.0,66000096.0,A0_base,4815554.0,88c8612bb8e50b71cf92b7574ccd798aef918cc3df39238da2830ed1e9020975,18.21635954201338,seed,1.0,0.0,0.0,28456.0,54282.13333333333,88.71342565755215,0.0,0.0,A,1.0,AI_VERIFIED
4815554.0,root2:batch_05,0,0,0,case_092,1,19239168.0,B3_base,14.13118220801698,4203197.0,3256928.0,0.0,f4f4acfab22e42d96e86235b7614d2291a054761096a4aafe53c8353c8a907e1,14.427736999990884,22496096.0,seed,19239168.0,19239168.0,B3_base,4203197.0,f4f4acfab22e42d96e86235b7614d2291a054761096a4aafe53c8353c8a907e1,14.427736999990884,seed,1.1456883891000114,0.0,0.0,28456.0,54282.13333333333,77.43242098075241,0.0,0.0,B,1.1456883891000114,AI_VERIFIED
4815554.0,root2:batch_05,12071424.0,0.6605924864854452,6202208.0,case_092,1,19239168.0,base_base,15.102397417009342,4076456.0,3256928.0,0.0,f4f4acfab22e42d96e86235b7614d2291a054761096a4aafe53c8353c8a907e1,13.824094500014326,22496096.0,seed,19239168.0,19239168.0,base_base,4076456.0,f4f4acfab22e42d96e86235b7614d2291a054761096a4aafe53c8353c8a907e1,13.824094500014326,seed,1.181308960528459,0.0,0.0,28456.0,54282.13333333333,75.09756433055935,0.0,0.0,C,1.181308960528459,AI_VERIFIED
4815554.0,root2:batch_05,0,0,0,case_092,2,66389088.0,A1_base,105.35541966601158,2828252.0,3256928.0,930400.0,263b93f0e87106953f017c99e50324d94dbac3e7279b3be69440addb5424e7f9,13.758074250014033,69646016.0,seed,65458688.0,66389088.0,A1_base,2828252.0,263b93f0e87106953f017c99e50324d94dbac3e7279b3be69440addb5424e7f9,13.758074250014033,seed,1.702660866146298,0.0,0.0,28456.0,54282.13333333333,52.10281590504918,0.0,0.0,A,1.702660866146298,AI_VERIFIED
4815554.0,root2:batch_05,0,0,0,case_092,2,66389088.0,B1_base,5.083922958001494,2828252.0,3256928.0,930400.0,263b93f0e87106953f017c99e50324d94dbac3e7279b3be69440addb5424e7f9,8.120790832996136,69646016.0,seed,65458688.0,66389088.0,B1_base,2828252.0,263b93f0e87106953f017c99e50324d94dbac3e7279b3be69440addb5424e7f9,8.120790832996136,seed,1.702660866146298,0.0,0.0,28456.0,54282.13333333333,52.10281590504918,0.0,0.0,B,1.702660866146298,AI_VERIFIED
4815554.0,root2:batch_05,50993920.0,0.7591771943849205,16176064.0,case_092,2,66389088.0,base_base,3.9166616669972427,2358868.0,3256928.0,930400.0,263b93f0e87106953f017c99e50324d94dbac3e7279b3be69440addb5424e7f9,3.7339677089767065,69646016.0,seed,65458688.0,66389088.0,base_base,2358868.0,263b93f0e87106953f017c99e50324d94dbac3e7279b3be69440addb5424e7f9,3.7339677089767065,seed,2.041468195761696,0.0,0.0,28456.0,54282.13333333333,43.45569813026263,0.0,0.0,C,2.041468195761696,AI_VERIFIED
4815554.0,root2:batch_05,0,0,0,case_092,3,66784736.0,A1_base,23.41232208299334,2231804.0,3256928.0,1860800.0,d06cafbde6c142ba96432df9835638b8464a40a650a336da1d44e2f184c1abed,3.239859958004672,70041664.0,seed,64923936.0,67995232.0,A2_base,4820113.0,b66ee06526d3618cc4d7ccf5dbe342b8d4fa9f53265d83266813871e2fef2662,2.008453874994302,seed,0.9990541715515798,2588309.0,0.5369809794915597,28456.0,54282.13333333333,41.114891087552444,0.0,0.0,A,2.157695747476033,AI_VERIFIED
4815554.0,root2:batch_05,0,0,0,case_092,3,66784736.0,B1_base,3.529337541986024,2231804.0,3256928.0,1860800.0,d06cafbde6c142ba96432df9835638b8464a40a650a336da1d44e2f184c1abed,3.2831002919992898,70041664.0,seed,64923936.0,66784736.0,B1_base,2231804.0,d06cafbde6c142ba96432df9835638b8464a40a650a336da1d44e2f184c1abed,3.2831002919992898,seed,2.157695747476033,0.0,0.0,28456.0,54282.13333333333,41.114891087552444,0.0,0.0,B,2.157695747476033,AI_VERIFIED
4815554.0,root2:batch_05,44215392.0,0.6541586932458932,23375840.0,case_092,3,66784736.0,base_base,3.6629343749955297,1792534.0,3256928.0,1860800.0,d06cafbde6c142ba96432df9835638b8464a40a650a336da1d44e2f184c1abed,3.3164411670004483,70041664.0,seed,64923936.0,66784736.0,base_base,1792534.0,d06cafbde6c142ba96432df9835638b8464a40a650a336da1d44e2f184c1abed,3.3164411670004483,seed,2.6864505777854144,0.0,0.0,28456.0,54282.13333333333,33.02254148694721,0.0,0.0,C,2.6864505777854144,AI_VERIFIED
4815554.0,root2:batch_05,0,0,0,case_092,4,67180384.0,A1_base,16.893111374985892,1927728.0,3256928.0,2791200.0,605b45db8fa5df8451acb75064a9060f4ecb643b5c29439291727d854d857edc,2.9952130829915404,70437312.0,seed,64389184.0,67180384.0,A1_base,1927728.0,605b45db8fa5df8451acb75064a9060f4ecb643b5c29439291727d854d857edc,2.9952130829915404,seed,2.4980464048869964,0.0,0.0,28456.0,54282.13333333333,35.51312156731743,0.0,0.0,A,2.4980464048869964,AI_VERIFIED
4815554.0,root2:batch_05,0,0,0,case_092,4,67180384.0,B1_base,3.246215082996059,1927728.0,3256928.0,2791200.0,605b45db8fa5df8451acb75064a9060f4ecb643b5c29439291727d854d857edc,3.0071670830075163,70437312.0,seed,64389184.0,67180384.0,B1_base,1927728.0,605b45db8fa5df8451acb75064a9060f4ecb643b5c29439291727d854d857edc,3.0071670830075163,seed,2.4980464048869964,0.0,0.0,28456.0,54282.13333333333,35.51312156731743,0.0,0.0,B,2.4980464048869964,AI_VERIFIED
4815554.0,root2:batch_05,44066112.0,0.6479121478881523,23946368.0,case_092,4,67180384.0,base_base,3.1031041250098497,1470508.0,3256928.0,2791200.0,605b45db8fa5df8451acb75064a9060f4ecb643b5c29439291727d854d857edc,2.8556335419998504,70437312.0,seed,64389184.0,67180384.0,base_base,1470508.0,605b45db8fa5df8451acb75064a9060f4ecb643b5c29439291727d854d857edc,2.8556335419998504,seed,3.2747553906541143,0.0,0.0,28456.0,54282.13333333333,27.09009225871742,0.0,0.0,C,3.2747553906541143,AI_VERIFIED
4815554.0,root2:batch_05,0,0,0,case_092,5,66980256.0,A1_base,28.58119125000667,1661234.0,3256928.0,3721600.0,f679f3707f505be83be9041359e375a7e5f2bb9db84c02402efbae714b4caf19,2.644889457995305,70237184.0,seed,63258656.0,66980256.0,A1_base,1661234.0,f679f3707f505be83be9041359e375a7e5f2bb9db84c02402efbae714b4caf19,2.644889457995305,seed,2.89878126741928,0.0,0.0,28456.0,54282.13333333333,30.60369771760383,0.0,0.0,A,2.89878126741928,AI_VERIFIED
4815554.0,root2:batch_05,0,0,0,case_092,5,66980256.0,B1_base,2.799016250006389,1649430.0,3256928.0,3721600.0,f679f3707f505be83be9041359e375a7e5f2bb9db84c02402efbae714b4caf19,2.736230999988038,70237184.0,seed,63258656.0,66980256.0,B1_base,1649430.0,f679f3707f505be83be9041359e375a7e5f2bb9db84c02402efbae714b4caf19,2.736230999988038,seed,2.919526139332982,0.0,0.0,28456.0,54282.13333333333,30.386241267845037,0.0,0.0,B,2.919526139332982,AI_VERIFIED
4815554.0,root2:batch_05,39473888.0,0.580675424788359,28505376.0,case_092,5,66980256.0,base_base,2.7043397499946877,1351088.0,3256928.0,3721600.0,f679f3707f505be83be9041359e375a7e5f2bb9db84c02402efbae714b4caf19,2.6098588749882765,70237184.0,seed,63258656.0,66980256.0,base_base,1351088.0,f679f3707f505be83be9041359e375a7e5f2bb9db84c02402efbae714b4caf19,2.6098588749882765,seed,3.5642045521831296,0.0,0.0,28456.0,54282.13333333333,24.890105031489796,0.0,0.0,C,3.5642045521831296,AI_VERIFIED
74205.0,root2:batch_07,0,0,0,case_093,1,0.0,A0_base,0.25939875000040047,74205.0,714752.0,0.0,3e4e646ae0905f369b92aab21d8a93bdbd1da788e059b514923277d61c49cf8a,0.17932229198049754,714752.0,seed,0.0,0.0,A0_base,74205.0,3e4e646ae0905f369b92aab21d8a93bdbd1da788e059b514923277d61c49cf8a,0.17932229198049754,seed,1.0,0.0,0.0,400.0,11912.533333333333,6.2291536085243555,0.0,0.0,A,1.0,AI_VERIFIED
74205.0,root2:batch_07,0,0,0,case_093,1,47104.0,B3_aggregate,0.15362412499962375,85150.0,714752.0,0.0,a24a83745e00e3f42cbaf630b54c05499c3256d3689debd9f42423ca39a6a667,0.22371537500293925,761856.0,aggregate,47104.0,47104.0,B3_base,85150.0,80240b40a1579f8fc9351ab82b7fb9c386d3389d6ff28d9787c01e065cefb8cd,0.1307928749884013,seed,0.871462125660599,0.0,0.0,400.0,11912.533333333333,7.147933828796562,0.0,0.0,B,0.871462125660599,AI_VERIFIED
74205.0,root2:batch_07,0.0,0.0,573440.0,case_093,1,0.0,base_aggregate,0.20096050002030097,77781.0,714752.0,0.0,998ee2fbd036121b8cfaaa092e5397b10b8a5afbaa1001aee9bf05d5909b9b4d,0.17473233400960453,714752.0,aggregate,0.0,47104.0,base_base,85150.0,a24a83745e00e3f42cbaf630b54c05499c3256d3689debd9f42423ca39a6a667,0.22498245901078917,seed,0.871462125660599,7369.0,0.08654139753376394,400.0,11912.533333333333,6.5293416457736395,0.0,0.0,C,0.9540247618312956,AI_VERIFIED
74205.0,root2:batch_07,0,0,0,case_093,2,8192.0,A1_base,0.21020412500365637,37827.0,714752.0,8192.0,1f5b8ee1c6579ce6fca2b6d4b3fa2d32dc0f3303f52b008e0fe4b7293dc06499,0.16107649999321438,722944.0,seed,0.0,57344.0,A2_base,77652.0,8aaba6117d334d1d128b95fa5f4cc14bef886e6bda4cfe6b5aacdd8f94c92457,0.14317716599907726,seed,0.9556096430227168,39825.0,0.5128650904033379,400.0,11912.533333333333,3.175395102077364,0.0,0.0,A,1.9616940280751844,AI_VERIFIED
74205.0,root2:batch_07,0,0,0,case_093,2,8192.0,B1_base,0.21208125000703149,37827.0,714752.0,8192.0,1f5b8ee1c6579ce6fca2b6d4b3fa2d32dc0f3303f52b008e0fe4b7293dc06499,0.26298749999841675,722944.0,seed,0.0,8192.0,B1_base,37827.0,1f5b8ee1c6579ce6fca2b6d4b3fa2d32dc0f3303f52b008e0fe4b7293dc06499,0.26298749999841675,seed,1.9616940280751844,0.0,0.0,400.0,11912.533333333333,3.175395102077364,0.0,0.0,B,1.9616940280751844,AI_VERIFIED
74205.0,root2:batch_07,0.0,0.0,581632.0,case_093,2,8192.0,base_base,0.15757116599706933,37827.0,714752.0,8192.0,1f5b8ee1c6579ce6fca2b6d4b3fa2d32dc0f3303f52b008e0fe4b7293dc06499,0.14838695799699053,722944.0,seed,0.0,8192.0,base_base,37827.0,1f5b8ee1c6579ce6fca2b6d4b3fa2d32dc0f3303f52b008e0fe4b7293dc06499,0.14838695799699053,seed,1.9616940280751844,0.0,0.0,400.0,11912.533333333333,3.175395102077364,0.0,0.0,C,1.9616940280751844,AI_VERIFIED
74205.0,root2:batch_07,0,0,0,case_093,3,16384.0,A1_base,0.19224762500380166,25103.0,714752.0,16384.0,4a142c1aa703d28d48083a4e517878bf060921db02deecbd7abab17cd8724fda,0.20997429199633189,731136.0,seed,0.0,16384.0,A1_base,25103.0,4a142c1aa703d28d48083a4e517878bf060921db02deecbd7abab17cd8724fda,0.20997429199633189,seed,2.956021192686133,0.0,0.0,400.0,11912.533333333333,2.1072763699856734,0.0,0.0,A,2.956021192686133,AI_VERIFIED
74205.0,root2:batch_07,0,0,0,case_093,3,16384.0,B1_base,0.1997489169880282,25103.0,714752.0,16384.0,4a142c1aa703d28d48083a4e517878bf060921db02deecbd7abab17cd8724fda,0.12652070799958892,731136.0,seed,0.0,16384.0,B1_base,25103.0,4a142c1aa703d28d48083a4e517878bf060921db02deecbd7abab17cd8724fda,0.12652070799958892,seed,2.956021192686133,0.0,0.0,400.0,11912.533333333333,2.1072763699856734,0.0,0.0,B,2.956021192686133,AI_VERIFIED
74205.0,root2:batch_07,0.0,0.0,589824.0,case_093,3,16384.0,base_base,0.19795845900080167,25103.0,714752.0,16384.0,4a142c1aa703d28d48083a4e517878bf060921db02deecbd7abab17cd8724fda,0.10890216700499877,731136.0,seed,0.0,16384.0,base_base,25103.0,4a142c1aa703d28d48083a4e517878bf060921db02deecbd7abab17cd8724fda,0.10890216700499877,seed,2.956021192686133,0.0,0.0,400.0,11912.533333333333,2.1072763699856734,0.0,0.0,C,2.956021192686133,AI_VERIFIED
74205.0,root2:batch_07,0,0,0,case_093,4,24576.0,A1_base,0.15826766699319705,19779.0,714752.0,24576.0,6256612237a3be897e8a1b71beef86388caf235214e3372bb64b998572a0dbf7,0.0969414169958327,739328.0,seed,0.0,24576.0,A1_base,19779.0,6256612237a3be897e8a1b71beef86388caf235214e3372bb64b998572a0dbf7,0.0969414169958327,seed,3.751706355225239,0.0,0.0,400.0,11912.533333333333,1.6603521221346706,0.0,0.0,A,3.751706355225239,AI_VERIFIED
74205.0,root2:batch_07,0,0,0,case_093,4,24576.0,B1_base,0.17101999997976236,19779.0,714752.0,24576.0,6256612237a3be897e8a1b71beef86388caf235214e3372bb64b998572a0dbf7,0.15915108297485858,739328.0,seed,0.0,24576.0,B1_base,19779.0,6256612237a3be897e8a1b71beef86388caf235214e3372bb64b998572a0dbf7,0.15915108297485858,seed,3.751706355225239,0.0,0.0,400.0,11912.533333333333,1.6603521221346706,0.0,0.0,B,3.751706355225239,AI_VERIFIED
74205.0,root2:batch_07,0.0,0.0,598016.0,case_093,4,24576.0,base_base,0.20001741600572132,19779.0,714752.0,24576.0,6256612237a3be897e8a1b71beef86388caf235214e3372bb64b998572a0dbf7,0.11281695798970759,739328.0,seed,0.0,24576.0,base_base,19779.0,6256612237a3be897e8a1b71beef86388caf235214e3372bb64b998572a0dbf7,0.11281695798970759,seed,3.751706355225239,0.0,0.0,400.0,11912.533333333333,1.6603521221346706,0.0,0.0,C,3.751706355225239,AI_VERIFIED
74205.0,root2:batch_07,0,0,0,case_093,5,32768.0,A1_base,0.17643162500462495,15876.0,714752.0,32768.0,4721c5ac9f2fb44ebaa62fd5d34dcb22889903a6900119df3f15d11fdac1d338,0.16729700000723824,747520.0,seed,0.0,32768.0,A1_base,15876.0,4721c5ac9f2fb44ebaa62fd5d34dcb22889903a6900119df3f15d11fdac1d338,0.16729700000723824,seed,4.674036281179139,0.0,0.0,400.0,11912.533333333333,1.3327140042979944,0.0,0.0,A,4.674036281179139,AI_VERIFIED
74205.0,root2:batch_07,0,0,0,case_093,5,32768.0,B1_base,0.14085512500605546,15876.0,714752.0,32768.0,4721c5ac9f2fb44ebaa62fd5d34dcb22889903a6900119df3f15d11fdac1d338,0.14292775001376867,747520.0,seed,0.0,32768.0,B1_base,15876.0,4721c5ac9f2fb44ebaa62fd5d34dcb22889903a6900119df3f15d11fdac1d338,0.14292775001376867,seed,4.674036281179139,0.0,0.0,400.0,11912.533333333333,1.3327140042979944,0.0,0.0,B,4.674036281179139,AI_VERIFIED
74205.0,root2:batch_07,0.0,0.0,606208.0,case_093,5,32768.0,base_base,0.14973633299814537,15876.0,714752.0,32768.0,4721c5ac9f2fb44ebaa62fd5d34dcb22889903a6900119df3f15d11fdac1d338,0.19691191700985655,747520.0,seed,0.0,32768.0,base_base,15876.0,4721c5ac9f2fb44ebaa62fd5d34dcb22889903a6900119df3f15d11fdac1d338,0.19691191700985655,seed,4.674036281179139,0.0,0.0,400.0,11912.533333333333,1.3327140042979944,0.0,0.0,C,4.674036281179139,AI_VERIFIED
94892.0,root2:batch_10,0,0,0,case_094,1,51200.0,A2_base,0.24756104199332185,92786.0,526692.0,51200.0,cbb2106e79653046b03e988ab722d9c59324510ed722d34885272a22451db98e,0.11699520799447782,577892.0,seed,0.0,0.0,A0_base,94892.0,fec53fa67b233cd098d9c8d11f7b25c2fff95ead9c1d1f299a68ab67170cfc53,0.1493888330005575,seed,1.0,2106.0,0.02219365173038823,2484.0,8778.2,10.570048529311247,0.0,0.0,A,1.0226973896924105,AI_VERIFIED
94892.0,root2:batch_10,0,0,0,case_094,1,313344.0,B3_aggregate,0.1465891670086421,92511.0,526692.0,0.0,1cc88b2d366b5fa5c63e9f7d53d58ab3c8ff3b72f208ec2b5d8c3611c7f3130c,0.22226937502273358,840036.0,aggregate,313344.0,337920.0,B3_base,94377.0,91592b8a6d803043ded5632c93bbc7a90bbda1dea2058c7a1aa0bbdbe3e640be,0.16077108299941756,seed,1.005456838000784,1866.0,0.01977176642614196,2484.0,8778.2,10.53872092228475,0.0,0.0,B,1.025737479867259,AI_VERIFIED
94892.0,root2:batch_10,28672.0,0.04463707467742739,613664.0,case_094,1,313344.0,base_base,0.16479808400617912,92511.0,526692.0,0.0,1cc88b2d366b5fa5c63e9f7d53d58ab3c8ff3b72f208ec2b5d8c3611c7f3130c,0.2025879170105327,840036.0,seed,313344.0,313344.0,base_base,92511.0,1cc88b2d366b5fa5c63e9f7d53d58ab3c8ff3b72f208ec2b5d8c3611c7f3130c,0.2025879170105327,seed,1.025737479867259,0.0,0.0,2484.0,8778.2,10.53872092228475,0.0,0.0,C,1.025737479867259,AI_VERIFIED
94892.0,root2:batch_10,0,0,0,case_094,2,106272.0,A1_base,0.32018166600028053,48073.0,526692.0,106272.0,d510162a2f0433cd64bf96327375da6590ecd7767d269fa90b95644dce80523e,0.1062814999895636,632964.0,seed,0.0,106272.0,A1_base,48073.0,d510162a2f0433cd64bf96327375da6590ecd7767d269fa90b95644dce80523e,0.1062814999895636,seed,1.9739146714371893,0.0,0.0,2484.0,8778.2,5.4764074639447715,0.0,0.0,A,1.9739146714371893,AI_VERIFIED
94892.0,root2:batch_10,0,0,0,case_094,2,106272.0,B1_base,0.11677962500834838,48073.0,526692.0,106272.0,d510162a2f0433cd64bf96327375da6590ecd7767d269fa90b95644dce80523e,0.13837258401326835,632964.0,seed,0.0,106272.0,B1_base,48073.0,d510162a2f0433cd64bf96327375da6590ecd7767d269fa90b95644dce80523e,0.13837258401326835,seed,1.9739146714371893,0.0,0.0,2484.0,8778.2,5.4764074639447715,0.0,0.0,B,1.9739146714371893,AI_VERIFIED
94892.0,root2:batch_10,37152.0,0.0643213296398892,540448.0,case_094,2,106272.0,base_base,0.19037850000313483,48073.0,526692.0,106272.0,d510162a2f0433cd64bf96327375da6590ecd7767d269fa90b95644dce80523e,0.20184383299783804,632964.0,seed,0.0,106272.0,base_base,48073.0,d510162a2f0433cd64bf96327375da6590ecd7767d269fa90b95644dce80523e,0.20184383299783804,seed,1.9739146714371893,0.0,0.0,2484.0,8778.2,5.4764074639447715,0.0,0.0,C,1.9739146714371893,AI_VERIFIED
94892.0,root2:batch_10,0,0,0,case_094,3,212544.0,A1_base,0.260304791998351,32222.0,526692.0,212544.0,446e41bcd89140284e925cec45ecb7a6c22f073b8166060d6f55408c96528ddc,0.11726620799163356,739236.0,seed,0.0,212544.0,A1_base,32222.0,446e41bcd89140284e925cec45ecb7a6c22f073b8166060d6f55408c96528ddc,0.11726620799163356,seed,2.9449444478927442,0.0,0.0,2484.0,8778.2,3.6706841949374582,0.0,0.0,A,2.9449444478927442,AI_VERIFIED
94892.0,root2:batch_10,0,0,0,case_094,3,212544.0,B1_base,0.1314441669965163,32222.0,526692.0,212544.0,446e41bcd89140284e925cec45ecb7a6c22f073b8166060d6f55408c96528ddc,0.17107291700085625,739236.0,seed,0.0,212544.0,B1_base,32222.0,446e41bcd89140284e925cec45ecb7a6c22f073b8166060d6f55408c96528ddc,0.17107291700085625,seed,2.9449444478927442,0.0,0.0,2484.0,8778.2,3.6706841949374582,0.0,0.0,B,2.9449444478927442,AI_VERIFIED
94892.0,root2:batch_10,212544.0,0.310795002573581,471328.0,case_094,3,212544.0,base_base,0.11239658299018629,32222.0,526692.0,212544.0,446e41bcd89140284e925cec45ecb7a6c22f073b8166060d6f55408c96528ddc,0.1479363749967888,739236.0,seed,0.0,212544.0,base_base,32222.0,446e41bcd89140284e925cec45ecb7a6c22f073b8166060d6f55408c96528ddc,0.1479363749967888,seed,2.9449444478927442,0.0,0.0,2484.0,8778.2,3.6706841949374582,0.0,0.0,C,2.9449444478927442,AI_VERIFIED
94892.0,root2:batch_10,0,0,0,case_094,4,318528.0,A1_base,0.27870204200735316,24640.0,526692.0,318528.0,67b794d85cf5847266a338a591e4a7be4b82dc99132f5488634ba05aa3db5674,0.2762498749943916,845220.0,seed,0.0,318528.0,A1_base,24640.0,67b794d85cf5847266a338a591e4a7be4b82dc99132f5488634ba05aa3db5674,0.2762498749943916,seed,3.8511363636363636,0.0,0.0,2484.0,8778.2,2.806953589574172,0.0,0.0,A,3.8511363636363636,AI_VERIFIED
94892.0,root2:batch_10,0,0,0,case_094,4,318528.0,B1_base,0.1411931249895133,24640.0,526692.0,318528.0,67b794d85cf5847266a338a591e4a7be4b82dc99132f5488634ba05aa3db5674,0.07948374998522922,845220.0,seed,0.0,318528.0,B1_base,24640.0,67b794d85cf5847266a338a591e4a7be4b82dc99132f5488634ba05aa3db5674,0.07948374998522922,seed,3.8511363636363636,0.0,0.0,2484.0,8778.2,2.806953589574172,0.0,0.0,B,3.8511363636363636,AI_VERIFIED
94892.0,root2:batch_10,304704.0,0.38577158368107606,485152.0,case_094,4,318528.0,base_base,0.19692462499369867,24640.0,526692.0,318528.0,67b794d85cf5847266a338a591e4a7be4b82dc99132f5488634ba05aa3db5674,0.11816024998552166,845220.0,seed,0.0,318528.0,base_base,24640.0,67b794d85cf5847266a338a591e4a7be4b82dc99132f5488634ba05aa3db5674,0.11816024998552166,seed,3.8511363636363636,0.0,0.0,2484.0,8778.2,2.806953589574172,0.0,0.0,C,3.8511363636363636,AI_VERIFIED
94892.0,root2:batch_10,0,0,0,case_094,5,424800.0,A1_move,0.21580816700588912,33422.0,526692.0,424800.0,0d670dc58aa2ada6d659a20f84967df9a3104220f7da932dca02ff25ec688d63,0.18783633300336078,951492.0,ordinary,0.0,337664.0,A2_base,103971.0,dbf7a2b4572ae0ff66080d552d91d7056512f37d730caa8aea0405d59c1dcf7f,0.1269788749923464,seed,0.9126775735541641,70549.0,0.6785449788883439,2484.0,8778.2,3.8073864801439927,0.0,0.0,A,2.8392077074980553,AI_VERIFIED
94892.0,root2:batch_10,0,0,0,case_094,5,424800.0,B1_base,0.13723679198301397,21573.0,526692.0,424800.0,399bda63bec720baf2d555e823ecef1dd72f0aab94fc73bbc9e1315e370610c0,0.12947975000133738,951492.0,seed,0.0,318528.0,B1_move,34874.0,0d670dc58aa2ada6d659a20f84967df9a3104220f7da932dca02ff25ec688d63,0.10832991701317951,ordinary,2.72099558410277,13301.0,0.38140161725067384,2484.0,8778.2,2.4575653323004714,0.0,0.0,B,4.3986464562184215,AI_VERIFIED
94892.0,root2:batch_10,274272.0,0.30606341951149835,621856.0,case_094,5,424800.0,base_base,0.12338820798322558,20380.0,526692.0,424800.0,399bda63bec720baf2d555e823ecef1dd72f0aab94fc73bbc9e1315e370610c0,0.15717533399583772,951492.0,seed,0.0,424800.0,base_base,20380.0,399bda63bec720baf2d555e823ecef1dd72f0aab94fc73bbc9e1315e370610c0,0.15717533399583772,seed,4.656133464180569,0.0,0.0,2484.0,8778.2,2.3216604770909752,0.0,0.0,C,4.656133464180569,AI_VERIFIED
2084853.0,root2:batch_07,0,0,0,case_095,1,0.0,A2_base,7.5142144999990705,2085262.0,11355036.0,0.0,897f2be0315ea04395c6b2dde88de582b67fcaf2dde38ff08588f52aeea6492f,1.7868105419911444,11355036.0,seed,0.0,0.0,A2_base,2085262.0,897f2be0315ea04395c6b2dde88de582b67fcaf2dde38ff08588f52aeea6492f,1.7868105419911444,seed,0.9998038615771063,0.0,0.0,4512.0,189250.6,11.01852253044376,0.0,0.0,A,0.9998038615771063,AI_VERIFIED
2084853.0,root2:batch_07,0,0,0,case_095,1,33294720.0,B3_aggregate,2.5834767500055023,1651133.0,11355036.0,0.0,64a0a60d2f694c25bd0fd4d90bf46e0ae8f6fba812b691fb8a76fea98d0e1cbe,2.5571337910078,44649756.0,aggregate,33294720.0,49848192.0,B3_base,2070244.0,16abe38a3f2ea3f82a149abb0c114ff286c005c8ed68bb75824ef7248235bd87,3.228673124976922,seed,1.007056656123626,419111.0,0.2024452190176617,4512.0,189250.6,8.724585285330667,0.0,0.0,B,1.2626802323010926,AI_VERIFIED
2084853.0,root2:batch_07,0.0,0.0,16869852.0,case_095,1,16706688.0,base_aggregate,2.144451083004242,1316513.0,11355036.0,0.0,cf41874f6cd9647c32f4dd9c3b61f7cb31d62f724b8da13d56327b4bf282ef52,2.0817739159974735,28061724.0,aggregate,16706688.0,33294720.0,base_base,1651133.0,64a0a60d2f694c25bd0fd4d90bf46e0ae8f6fba812b691fb8a76fea98d0e1cbe,2.4779051250079647,seed,1.2626802323010926,334620.0,0.20266083955683764,4512.0,189250.6,6.956453506620322,0.0,0.0,C,1.5836174804198668,AI_VERIFIED
2084853.0,root2:batch_07,0,0,0,case_095,2,0.0,A1_base,7.683771499985596,1042890.0,11355036.0,0.0,d27d18390fa5cec87f030780bb6d5d2eefe01d8f788045840917e422dd779e6b,1.729525000002468,11355036.0,seed,0.0,0.0,A1_base,1042890.0,d27d18390fa5cec87f030780bb6d5d2eefe01d8f788045840917e422dd779e6b,1.729525000002468,seed,1.9991111238960964,0.0,0.0,4512.0,189250.6,5.510629820988679,0.0,0.0,A,1.9991111238960964,AI_VERIFIED
2084853.0,root2:batch_07,0,0,0,case_095,2,0.0,B1_base,2.2497328750032466,1042890.0,11355036.0,0.0,d27d18390fa5cec87f030780bb6d5d2eefe01d8f788045840917e422dd779e6b,2.2022818340046797,11355036.0,seed,0.0,0.0,B1_base,1042890.0,d27d18390fa5cec87f030780bb6d5d2eefe01d8f788045840917e422dd779e6b,2.2022818340046797,seed,1.9991111238960964,0.0,0.0,4512.0,189250.6,5.510629820988679,0.0,0.0,B,1.9991111238960964,AI_VERIFIED
2084853.0,root2:batch_07,0.0,0.0,8516508.0,case_095,2,0.0,base_base,1.942769874993246,1042890.0,11355036.0,0.0,d27d18390fa5cec87f030780bb6d5d2eefe01d8f788045840917e422dd779e6b,1.977064334001625,11355036.0,seed,0.0,0.0,base_base,1042890.0,d27d18390fa5cec87f030780bb6d5d2eefe01d8f788045840917e422dd779e6b,1.977064334001625,seed,1.9991111238960964,0.0,0.0,4512.0,189250.6,5.510629820988679,0.0,0.0,C,1.9991111238960964,AI_VERIFIED
2084853.0,root2:batch_07,0,0,0,case_095,3,0.0,A2_base,3.010574167012237,696802.0,11355036.0,0.0,06fd9554a3d04b7c4e2287ab2e50c9f11a56b4f6c1d5ee606aaed9ce66c4cbd4,1.430409624997992,11355036.0,seed,0.0,0.0,A2_base,696802.0,06fd9554a3d04b7c4e2287ab2e50c9f11a56b4f6c1d5ee606aaed9ce66c4cbd4,1.430409624997992,seed,2.9920307346993837,0.0,0.0,4512.0,189250.6,3.6819011406040456,0.0,0.0,A,2.9920307346993837,AI_VERIFIED
2084853.0,root2:batch_07,0,0,0,case_095,3,0.0,B1_base,1.7632490830146708,695775.0,11355036.0,0.0,8a731a103744a2f48c3e51a1e422479d1bcce16cf8de73be2113a7f1a3d94d51,2.1302921670139767,11355036.0,seed,0.0,0.0,B1_base,695775.0,8a731a103744a2f48c3e51a1e422479d1bcce16cf8de73be2113a7f1a3d94d51,2.1302921670139767,seed,2.9964471273040854,0.0,0.0,4512.0,189250.6,3.67647447352875,0.0,0.0,B,2.9964471273040854,AI_VERIFIED
2084853.0,root2:batch_07,0.0,0.0,8516508.0,case_095,3,0.0,base_base,2.450983541988535,695775.0,11355036.0,0.0,8a731a103744a2f48c3e51a1e422479d1bcce16cf8de73be2113a7f1a3d94d51,1.7484260829805862,11355036.0,seed,0.0,0.0,base_base,695775.0,8a731a103744a2f48c3e51a1e422479d1bcce16cf8de73be2113a7f1a3d94d51,1.7484260829805862,seed,2.9964471273040854,0.0,0.0,4512.0,189250.6,3.67647447352875,0.0,0.0,C,2.9964471273040854,AI_VERIFIED
2084853.0,root2:batch_07,0,0,0,case_095,4,0.0,A1_base,4.496570541989058,524422.0,11355036.0,0.0,bf8171312472e88b783cd99758c512597fbb0a3c39eda5accecbdba689989be9,1.6772947080025915,11355036.0,seed,0.0,0.0,A1_base,524422.0,bf8171312472e88b783cd99758c512597fbb0a3c39eda5accecbdba689989be9,1.6772947080025915,seed,3.9755254356224565,0.0,0.0,4512.0,189250.6,2.771045375813868,0.0,0.0,A,3.9755254356224565,AI_VERIFIED
2084853.0,root2:batch_07,0,0,0,case_095,4,0.0,B1_base,1.8606482920004055,524422.0,11355036.0,0.0,bf8171312472e88b783cd99758c512597fbb0a3c39eda5accecbdba689989be9,1.7338750420021825,11355036.0,seed,0.0,0.0,B1_base,524422.0,bf8171312472e88b783cd99758c512597fbb0a3c39eda5accecbdba689989be9,1.7338750420021825,seed,3.9755254356224565,0.0,0.0,4512.0,189250.6,2.771045375813868,0.0,0.0,B,3.9755254356224565,AI_VERIFIED
2084853.0,root2:batch_07,0.0,0.0,8516508.0,case_095,4,0.0,base_base,1.7407127089973073,524422.0,11355036.0,0.0,bf8171312472e88b783cd99758c512597fbb0a3c39eda5accecbdba689989be9,1.4118486669904087,11355036.0,seed,0.0,0.0,base_base,524422.0,bf8171312472e88b783cd99758c512597fbb0a3c39eda5accecbdba689989be9,1.4118486669904087,seed,3.9755254356224565,0.0,0.0,4512.0,189250.6,2.771045375813868,0.0,0.0,C,3.9755254356224565,AI_VERIFIED
2084853.0,root2:batch_07,0,0,0,case_095,5,0.0,A1_base,3.014712917007273,420852.0,11355036.0,0.0,e3c38bfac0fdef66a51c2ec53573c2ec23d010443f163544ebfcf954c719c34d,1.5540408749948256,11355036.0,seed,0.0,0.0,A1_move,836365.0,6709562de97dca17454448736ff044121e60be184059a0d6e1e6ff8e144a1640,1.7816026670043357,ordinary,2.492754957464743,415513.0,0.49680821172574174,4512.0,189250.6,2.223781589067617,0.0,0.0,A,4.953886401870491,AI_VERIFIED
2084853.0,root2:batch_07,0,0,0,case_095,5,0.0,B1_base,1.5943965839978773,420852.0,11355036.0,0.0,e3c38bfac0fdef66a51c2ec53573c2ec23d010443f163544ebfcf954c719c34d,1.2400314169935882,11355036.0,seed,0.0,0.0,B1_move,835647.0,6709562de97dca17454448736ff044121e60be184059a0d6e1e6ff8e144a1640,1.4289475829864386,ordinary,2.4948967686116266,414795.0,0.49637586205658607,4512.0,189250.6,2.223781589067617,0.0,0.0,B,4.953886401870491,AI_VERIFIED
2084853.0,root2:batch_07,0.0,0.0,8516508.0,case_095,5,0.0,base_base,1.392140207986813,420852.0,11355036.0,0.0,e3c38bfac0fdef66a51c2ec53573c2ec23d010443f163544ebfcf954c719c34d,1.2526532080082688,11355036.0,seed,0.0,0.0,base_base,420852.0,e3c38bfac0fdef66a51c2ec53573c2ec23d010443f163544ebfcf954c719c34d,1.2526532080082688,seed,4.953886401870491,0.0,0.0,4512.0,189250.6,2.223781589067617,0.0,0.0,C,4.953886401870491,AI_VERIFIED
84194.0,root2:batch_07,0,0,0,case_096,1,68352.0,A2_base,0.3935475410253275,83517.0,219558.0,68352.0,d876ebc113f7475cd15112fbfe3abf3fa0f457994251931824064eb7a550ffdb,0.13545166701078415,287910.0,seed,0.0,0.0,A0_base,84194.0,c5c92cd0a7a3135375cd5346e2a94d5b0749abf4880312a70b83bbbcb073c653,0.23831520800013095,seed,1.0,677.0,0.008040953037033519,9417.0,9417.0,8.868748008920038,0.0,0.0,A,1.0081061340804867,AI_VERIFIED
84194.0,root2:batch_07,0,0,0,case_096,1,0.0,B3_base,0.2545535829849541,80228.0,219558.0,0.0,c82104856e511630e397cdb6ecbf3ac00d44aa66dbcca1bd2e40c6823bae0dff,0.254420833021868,219558.0,seed,0.0,0.0,B3_aggregate,82592.0,6fc9aaeb096da285e053f735700f22ccc2bb9d317019cd2a495e3323c9145da4,0.30573183301021345,aggregate,1.019396551724138,2364.0,0.02862262688880279,9417.0,9417.0,8.519486035892534,0.0,0.0,B,1.0494341127785811,AI_VERIFIED
84194.0,root2:batch_07,0.0,0.0,210260.0,case_096,1,0.0,base_base,0.28500770797836594,80228.0,219558.0,0.0,c82104856e511630e397cdb6ecbf3ac00d44aa66dbcca1bd2e40c6823bae0dff,0.264021542010596,219558.0,seed,0.0,0.0,base_base,80228.0,c82104856e511630e397cdb6ecbf3ac00d44aa66dbcca1bd2e40c6823bae0dff,0.264021542010596,seed,1.0494341127785811,0.0,0.0,9417.0,9417.0,8.519486035892534,0.0,0.0,C,1.0494341127785811,AI_VERIFIED
84194.0,root2:batch_07,0,0,0,case_096,2,67392.0,A1_base,0.5536337500088848,44010.0,219558.0,67392.0,f4dd6e587dc3e23cf3e1f71b3f15f14bf5ca9340792b999eb0e2f04ce1692f0b,0.1950295409769751,286950.0,seed,0.0,67392.0,A1_base,44010.0,f4dd6e587dc3e23cf3e1f71b3f15f14bf5ca9340792b999eb0e2f04ce1692f0b,0.1950295409769751,seed,1.9130652124517156,0.0,0.0,9417.0,9417.0,4.673462886269513,0.0,0.0,A,1.9130652124517156,AI_VERIFIED
84194.0,root2:batch_07,0,0,0,case_096,2,67392.0,B1_base,0.2765089590102434,44010.0,219558.0,67392.0,f4dd6e587dc3e23cf3e1f71b3f15f14bf5ca9340792b999eb0e2f04ce1692f0b,0.3171810419880785,286950.0,seed,0.0,67392.0,B1_base,44010.0,f4dd6e587dc3e23cf3e1f71b3f15f14bf5ca9340792b999eb0e2f04ce1692f0b,0.3171810419880785,seed,1.9130652124517156,0.0,0.0,9417.0,9417.0,4.673462886269513,0.0,0.0,B,1.9130652124517156,AI_VERIFIED
84194.0,root2:batch_07,67392.0,0.2427211041159437,210260.0,case_096,2,67392.0,base_base,0.30113708300632425,44010.0,219558.0,67392.0,f4dd6e587dc3e23cf3e1f71b3f15f14bf5ca9340792b999eb0e2f04ce1692f0b,0.24571424999157898,286950.0,seed,0.0,67392.0,base_base,44010.0,f4dd6e587dc3e23cf3e1f71b3f15f14bf5ca9340792b999eb0e2f04ce1692f0b,0.24571424999157898,seed,1.9130652124517156,0.0,0.0,9417.0,9417.0,4.673462886269513,0.0,0.0,C,1.9130652124517156,AI_VERIFIED
84194.0,root2:batch_07,0,0,0,case_096,3,79488.0,A1_base,0.5719942080031615,30318.0,219558.0,79488.0,12cda438bbeded089036cc035e42192ad27c733e933ca07880bd54b88d679c5b,0.15459391701733693,299046.0,seed,0.0,79488.0,A1_base,30318.0,12cda438bbeded089036cc035e42192ad27c733e933ca07880bd54b88d679c5b,0.15459391701733693,seed,2.777030147107329,0.0,0.0,9417.0,9417.0,3.2194966549856643,0.0,0.0,A,2.777030147107329,AI_VERIFIED
84194.0,root2:batch_07,0,0,0,case_096,3,79488.0,B1_base,0.31555358300101943,30318.0,219558.0,79488.0,12cda438bbeded089036cc035e42192ad27c733e933ca07880bd54b88d679c5b,0.2760573749837931,299046.0,seed,0.0,79488.0,B1_base,30318.0,12cda438bbeded089036cc035e42192ad27c733e933ca07880bd54b88d679c5b,0.2760573749837931,seed,2.777030147107329,0.0,0.0,9417.0,9417.0,3.2194966549856643,0.0,0.0,B,2.777030147107329,AI_VERIFIED
84194.0,root2:batch_07,79488.0,0.27433493932658726,210260.0,case_096,3,79488.0,base_base,0.23444920798647217,30318.0,219558.0,79488.0,12cda438bbeded089036cc035e42192ad27c733e933ca07880bd54b88d679c5b,0.24855354099418037,299046.0,seed,0.0,79488.0,base_base,30318.0,12cda438bbeded089036cc035e42192ad27c733e933ca07880bd54b88d679c5b,0.24855354099418037,seed,2.777030147107329,0.0,0.0,9417.0,9417.0,3.2194966549856643,0.0,0.0,C,2.777030147107329,AI_VERIFIED
84194.0,root2:batch_07,0,0,0,case_096,4,79488.0,A1_base,0.45748858401202597,26984.0,219558.0,79488.0,214d835b55d05969ae0320592c838627a7ea0f4dbe3f567ed886d53d6c660688,0.22235029199509881,299046.0,seed,0.0,79488.0,A1_base,26984.0,214d835b55d05969ae0320592c838627a7ea0f4dbe3f567ed886d53d6c660688,0.22235029199509881,seed,3.120145271271865,0.0,0.0,9417.0,9417.0,2.8654560900499098,0.0,0.0,A,3.120145271271865,AI_VERIFIED
84194.0,root2:batch_07,0,0,0,case_096,4,79488.0,B1_base,0.24646525000571273,26984.0,219558.0,79488.0,214d835b55d05969ae0320592c838627a7ea0f4dbe3f567ed886d53d6c660688,0.19896920799510553,299046.0,seed,0.0,79488.0,B1_base,26984.0,214d835b55d05969ae0320592c838627a7ea0f4dbe3f567ed886d53d6c660688,0.19896920799510553,seed,3.120145271271865,0.0,0.0,9417.0,9417.0,2.8654560900499098,0.0,0.0,B,3.120145271271865,AI_VERIFIED
84194.0,root2:batch_07,24192.0,0.08349324240374394,265556.0,case_096,4,79488.0,base_base,0.24141058401437476,26984.0,219558.0,79488.0,214d835b55d05969ae0320592c838627a7ea0f4dbe3f567ed886d53d6c660688,0.18897708301665261,299046.0,seed,0.0,79488.0,base_base,26984.0,214d835b55d05969ae0320592c838627a7ea0f4dbe3f567ed886d53d6c660688,0.18897708301665261,seed,3.120145271271865,0.0,0.0,9417.0,9417.0,2.8654560900499098,0.0,0.0,C,3.120145271271865,AI_VERIFIED
84194.0,root2:batch_07,0,0,0,case_096,5,145728.0,A1_base,0.5166738749830984,27053.0,219558.0,145728.0,03f989cb46d596ba5757f1e651bddb8f2613ff0c2af4d09e29bb15aa87a22a72,0.15127862498047762,365286.0,seed,0.0,145728.0,A1_base,27053.0,03f989cb46d596ba5757f1e651bddb8f2613ff0c2af4d09e29bb15aa87a22a72,0.15127862498047762,seed,3.112187188112224,0.0,0.0,9417.0,9417.0,2.872783264309228,0.0,0.0,A,3.112187188112224,AI_VERIFIED
84194.0,root2:batch_07,0,0,0,case_096,5,145728.0,B1_base,0.21591191599145532,27053.0,219558.0,145728.0,03f989cb46d596ba5757f1e651bddb8f2613ff0c2af4d09e29bb15aa87a22a72,0.21697495799162425,365286.0,seed,0.0,145728.0,B1_base,27053.0,03f989cb46d596ba5757f1e651bddb8f2613ff0c2af4d09e29bb15aa87a22a72,0.21697495799162425,seed,3.112187188112224,0.0,0.0,9417.0,9417.0,2.872783264309228,0.0,0.0,B,3.112187188112224,AI_VERIFIED
84194.0,root2:batch_07,90432.0,0.2540310347539805,265556.0,case_096,5,145728.0,base_base,0.21459325001342222,27053.0,219558.0,145728.0,03f989cb46d596ba5757f1e651bddb8f2613ff0c2af4d09e29bb15aa87a22a72,0.12373395799659193,365286.0,seed,0.0,145728.0,base_base,27053.0,03f989cb46d596ba5757f1e651bddb8f2613ff0c2af4d09e29bb15aa87a22a72,0.12373395799659193,seed,3.112187188112224,0.0,0.0,9417.0,9417.0,2.872783264309228,0.0,0.0,C,3.112187188112224,AI_VERIFIED
11491509.0,root2:batch_09,0,0,0,case_097,1,10584064.0,A0_base,40.91779395798221,11491509.0,5046272.0,0.0,bdb797d4e8f0fdfe0f62450839aca462d7f4a3ea080eb6a9d7f7a5785efc38ea,4.6194394170015585,15630336.0,seed,10584064.0,10584064.0,A0_base,11491509.0,bdb797d4e8f0fdfe0f62450839aca462d7f4a3ea080eb6a9d7f7a5785efc38ea,4.6194394170015585,seed,1.0,0.0,0.0,23904.0,84104.53333333334,136.63364559024959,0.0,0.0,A,1.0,AI_VERIFIED
11491509.0,root2:batch_09,0,0,0,case_097,1,40259584.0,B3_base,4.686773791006999,11385302.0,5046272.0,0.0,4de349ed4fbbd45ec72dcbea764fdb6409f5ed2890452ef36e7fd5f37623b970,4.080967292014975,45305856.0,seed,40259584.0,40259584.0,B3_base,11385302.0,4de349ed4fbbd45ec72dcbea764fdb6409f5ed2890452ef36e7fd5f37623b970,4.080967292014975,seed,1.009328430638028,0.0,0.0,23904.0,84104.53333333334,135.37084802404627,0.0,0.0,B,1.009328430638028,AI_VERIFIED
11491509.0,root2:batch_09,2650112.0,0.11974828798815473,19480576.0,case_097,1,30957568.0,base_aggregate,4.854786709009204,11365969.0,5046272.0,0.0,ccc0a74bc42e887cbf8fbcb780658ffbf47801a45804caab0bb7b09e375b3302,3.771287958981702,36003840.0,aggregate,30957568.0,40259584.0,base_base,11381681.0,4de349ed4fbbd45ec72dcbea764fdb6409f5ed2890452ef36e7fd5f37623b970,4.068011915980605,seed,1.0096495412233044,15712.0,0.0013804639226841799,23904.0,84104.53333333334,135.14097932097198,0.0,0.0,C,1.0110452527188838,AI_VERIFIED
11491509.0,root2:batch_09,0,0,0,case_097,2,11796480.0,A1_base,23.100599416997284,5617602.0,5046272.0,2555904.0,d1bf2a0139ddec1ef538091ee0e3bf649dae88c74e2f1a02908ed9ce8cce9779,3.2526462499808986,16842752.0,seed,9240576.0,11796480.0,A1_base,5617602.0,d1bf2a0139ddec1ef538091ee0e3bf649dae88c74e2f1a02908ed9ce8cce9779,3.2526462499808986,seed,2.045625339780212,0.0,0.0,23904.0,84104.53333333334,66.79309399096996,0.0,0.0,A,2.045625339780212,AI_VERIFIED
11491509.0,root2:batch_09,0,0,0,case_097,2,11796480.0,B1_base,3.6780603750084992,5617602.0,5046272.0,2555904.0,d1bf2a0139ddec1ef538091ee0e3bf649dae88c74e2f1a02908ed9ce8cce9779,3.3284378749958705,16842752.0,seed,9240576.0,11796480.0,B1_base,5617602.0,d1bf2a0139ddec1ef538091ee0e3bf649dae88c74e2f1a02908ed9ce8cce9779,3.3284378749958705,seed,2.045625339780212,0.0,0.0,23904.0,84104.53333333334,66.79309399096996,0.0,0.0,B,2.045625339780212,AI_VERIFIED
11491509.0,root2:batch_09,0.0,0.0,16056320.0,case_097,2,11796480.0,base_base,3.7074686249834485,5617602.0,5046272.0,2555904.0,d1bf2a0139ddec1ef538091ee0e3bf649dae88c74e2f1a02908ed9ce8cce9779,3.262990625022212,16842752.0,seed,9240576.0,11796480.0,base_base,5617602.0,d1bf2a0139ddec1ef538091ee0e3bf649dae88c74e2f1a02908ed9ce8cce9779,3.262990625022212,seed,2.045625339780212,0.0,0.0,23904.0,84104.53333333334,66.79309399096996,0.0,0.0,C,2.045625339780212,AI_VERIFIED
11491509.0,root2:batch_09,0,0,0,case_097,3,12972032.0,A2_base,6.202358125010505,11114869.0,5046272.0,9951232.0,fadf7dd3b77b5da800b044ab2b0cb94572627999ac030963be4bdcbbcc705d4f,2.185089999984484,18018304.0,seed,3020800.0,12972032.0,A2_base,11114869.0,fadf7dd3b77b5da800b044ab2b0cb94572627999ac030963be4bdcbbcc705d4f,2.185089999984484,seed,1.0338861393688041,0.0,0.0,23904.0,84104.53333333334,132.15540898310672,0.0,0.0,A,1.0338861393688041,AI_VERIFIED
11491509.0,root2:batch_09,0,0,0,case_097,3,96149504.0,B3_base,5.064716041000793,10246000.0,5046272.0,93618176.0,36ef537140eb722a02b94ffce2db276a5a051a2785f92ec6212998676020db62,4.459314416977577,101195776.0,seed,2531328.0,96149504.0,B3_base,10246000.0,36ef537140eb722a02b94ffce2db276a5a051a2785f92ec6212998676020db62,4.459314416977577,seed,1.1215605114190903,0.0,0.0,23904.0,84104.53333333334,121.82458654626622,0.0,0.0,B,1.1215605114190903,AI_VERIFIED
11491509.0,root2:batch_09,18432.0,0.0003510962003588983,52480000.0,case_097,3,96149504.0,base_base,5.201333083008649,10246000.0,5046272.0,93618176.0,36ef537140eb722a02b94ffce2db276a5a051a2785f92ec6212998676020db62,4.130811666982481,101195776.0,seed,2531328.0,96149504.0,base_base,10246000.0,36ef537140eb722a02b94ffce2db276a5a051a2785f92ec6212998676020db62,4.130811666982481,seed,1.1215605114190903,0.0,0.0,23904.0,84104.53333333334,121.82458654626622,0.0,0.0,C,1.1215605114190903,AI_VERIFIED
11491509.0,root2:batch_09,0,0,0,case_097,4,14221312.0,A1_base,10.9301878749975,2626908.0,5046272.0,7667712.0,3c1c297c1c1f62435409fbf1a1e08dc7d593c0ef8de4ec997605dcae6a9a8797,3.0230180410144385,19267584.0,seed,6553600.0,14221312.0,A1_base,2626908.0,3c1c297c1c1f62435409fbf1a1e08dc7d593c0ef8de4ec997605dcae6a9a8797,3.0230180410144385,seed,4.37453805005733,0.0,0.0,23904.0,84104.53333333334,31.233845500202918,0.0,0.0,A,4.37453805005733,AI_VERIFIED
11491509.0,root2:batch_09,0,0,0,case_097,4,14221312.0,B1_base,3.4215174590062816,2626908.0,5046272.0,7667712.0,3c1c297c1c1f62435409fbf1a1e08dc7d593c0ef8de4ec997605dcae6a9a8797,3.5700074160122313,19267584.0,seed,6553600.0,14221312.0,B1_base,2626908.0,3c1c297c1c1f62435409fbf1a1e08dc7d593c0ef8de4ec997605dcae6a9a8797,3.5700074160122313,seed,4.37453805005733,0.0,0.0,23904.0,84104.53333333334,31.233845500202918,0.0,0.0,B,4.37453805005733,AI_VERIFIED
11491509.0,root2:batch_09,770048.0,0.041666666666666664,17711104.0,case_097,4,14221312.0,base_base,3.3946801249985583,2626908.0,5046272.0,7667712.0,3c1c297c1c1f62435409fbf1a1e08dc7d593c0ef8de4ec997605dcae6a9a8797,3.2581725000054576,19267584.0,seed,6553600.0,14221312.0,base_base,2626908.0,3c1c297c1c1f62435409fbf1a1e08dc7d593c0ef8de4ec997605dcae6a9a8797,3.2581725000054576,seed,4.37453805005733,0.0,0.0,23904.0,84104.53333333334,31.233845500202918,0.0,0.0,C,4.37453805005733,AI_VERIFIED
11491509.0,root2:batch_09,0,0,0,case_097,5,21311488.0,A1_base,32.38047912498587,2102348.0,5046272.0,17039360.0,35cf9126a586fb6a44c0003379aa3663cd6631848b2e7773aac875d774e1ceb6,3.9901771250006277,26357760.0,seed,4272128.0,14870528.0,A2_base,10460851.0,1970439b3978c57f85139e161274880f560e1b5605c49fee8a9c76bfe674b299,2.2264840829884633,seed,1.0985252538249517,8358503.0,0.799027058123665,23904.0,84104.53333333334,24.9968451958198,0.0,0.0,A,5.466035594487687,AI_VERIFIED
11491509.0,root2:batch_09,0,0,0,case_097,5,21311488.0,B1_base,3.165610291995108,2102348.0,5046272.0,17039360.0,35cf9126a586fb6a44c0003379aa3663cd6631848b2e7773aac875d774e1ceb6,2.72882820898667,26357760.0,seed,4272128.0,21311488.0,B1_base,2102348.0,35cf9126a586fb6a44c0003379aa3663cd6631848b2e7773aac875d774e1ceb6,2.72882820898667,seed,5.466035594487687,0.0,0.0,23904.0,84104.53333333334,24.9968451958198,0.0,0.0,B,5.466035594487687,AI_VERIFIED
11491509.0,root2:batch_09,6270976.0,0.24523466282236103,19300352.0,case_097,5,21311488.0,base_base,2.705785583006218,2102250.0,5046272.0,17039360.0,35cf9126a586fb6a44c0003379aa3663cd6631848b2e7773aac875d774e1ceb6,2.4505665829929058,26357760.0,seed,4272128.0,21311488.0,base_base,2102250.0,35cf9126a586fb6a44c0003379aa3663cd6631848b2e7773aac875d774e1ceb6,2.4505665829929058,seed,5.466290403139493,0.0,0.0,23904.0,84104.53333333334,24.995679979200485,0.0,0.0,C,5.466290403139493,AI_VERIFIED
177430.0,root2:batch_10,0,0,0,case_098,1,0.0,A0_base,0.8691171660029795,177430.0,697994.0,0.0,93aa07f00319a5d055e75e67c2a14c484f4564899a92c147a2fd34a3b03bb637,0.3565705000073649,697994.0,seed,0.0,0.0,A0_base,177430.0,93aa07f00319a5d055e75e67c2a14c484f4564899a92c147a2fd34a3b03bb637,0.3565705000073649,seed,1.0,0.0,0.0,6783.0,11633.233333333334,15.251993570145302,0.0,0.0,A,1.0,AI_VERIFIED
177430.0,root2:batch_10,0,0,0,case_098,1,385068.0,B3_aggregate,0.4460837919905316,174782.0,697994.0,0.0,e58346471a91d0da03a38e2443805e4ffcc8b8752e865ee87d662687767bf4b9,0.3193907079985365,1083062.0,aggregate,385068.0,385068.0,B3_aggregate,174782.0,e58346471a91d0da03a38e2443805e4ffcc8b8752e865ee87d662687767bf4b9,0.3193907079985365,aggregate,1.015150301518463,0.0,0.0,6783.0,11633.233333333334,15.024369836990003,0.0,0.0,B,1.015150301518463,AI_VERIFIED
177430.0,root2:batch_10,24576.0,0.02722396630679691,878158.0,case_098,1,385068.0,base_base,0.3729378750140313,174782.0,697994.0,0.0,e58346471a91d0da03a38e2443805e4ffcc8b8752e865ee87d662687767bf4b9,0.3553615830023773,1083062.0,seed,385068.0,385068.0,base_base,174782.0,e58346471a91d0da03a38e2443805e4ffcc8b8752e865ee87d662687767bf4b9,0.3553615830023773,seed,1.015150301518463,0.0,0.0,6783.0,11633.233333333334,15.024369836990003,0.0,0.0,C,1.015150301518463,AI_VERIFIED
177430.0,root2:batch_10,0,0,0,case_098,2,0.0,A1_base,0.818440750008449,90360.0,697994.0,0.0,cb29c552927c7bd3acf726a3ddd3b3384c43f4da160ecf2f17f412354ecbcf09,0.47561445902101696,697994.0,seed,0.0,0.0,A1_base,90360.0,cb29c552927c7bd3acf726a3ddd3b3384c43f4da160ecf2f17f412354ecbcf09,0.47561445902101696,seed,1.9635900841080125,0.0,0.0,6783.0,11633.233333333334,7.767402012051679,0.0,0.0,A,1.9635900841080125,AI_VERIFIED
177430.0,root2:batch_10,0,0,0,case_098,2,0.0,B1_base,0.32666774999233894,90360.0,697994.0,0.0,cb29c552927c7bd3acf726a3ddd3b3384c43f4da160ecf2f17f412354ecbcf09,0.3896562500158325,697994.0,seed,0.0,0.0,B1_base,90360.0,cb29c552927c7bd3acf726a3ddd3b3384c43f4da160ecf2f17f412354ecbcf09,0.3896562500158325,seed,1.9635900841080125,0.0,0.0,6783.0,11633.233333333334,7.767402012051679,0.0,0.0,B,1.9635900841080125,AI_VERIFIED
177430.0,root2:batch_10,0.0,0.0,697912.0,case_098,2,0.0,base_base,0.37925237498711795,90360.0,697994.0,0.0,cb29c552927c7bd3acf726a3ddd3b3384c43f4da160ecf2f17f412354ecbcf09,0.34364816700690426,697994.0,seed,0.0,0.0,base_base,90360.0,cb29c552927c7bd3acf726a3ddd3b3384c43f4da160ecf2f17f412354ecbcf09,0.34364816700690426,seed,1.9635900841080125,0.0,0.0,6783.0,11633.233333333334,7.767402012051679,0.0,0.0,C,1.9635900841080125,AI_VERIFIED
177430.0,root2:batch_10,0,0,0,case_098,3,0.0,A1_base,0.774272208014736,89825.0,697994.0,0.0,faf4261ee6c35d0eb10fa506cfafb871b531297f6ec142e19db228c3dea48537,0.31109079098678194,697994.0,seed,0.0,0.0,A1_base,89825.0,faf4261ee6c35d0eb10fa506cfafb871b531297f6ec142e19db228c3dea48537,0.31109079098678194,seed,1.9752852769273588,0.0,0.0,6783.0,11633.233333333334,7.721413078049381,0.0,0.0,A,1.9752852769273588,AI_VERIFIED
177430.0,root2:batch_10,0,0,0,case_098,3,0.0,B1_base,0.34155566699337214,89825.0,697994.0,0.0,faf4261ee6c35d0eb10fa506cfafb871b531297f6ec142e19db228c3dea48537,0.2722686250053812,697994.0,seed,0.0,0.0,B1_base,89825.0,faf4261ee6c35d0eb10fa506cfafb871b531297f6ec142e19db228c3dea48537,0.2722686250053812,seed,1.9752852769273588,0.0,0.0,6783.0,11633.233333333334,7.721413078049381,0.0,0.0,B,1.9752852769273588,AI_VERIFIED
177430.0,root2:batch_10,0.0,0.0,697912.0,case_098,3,0.0,base_base,0.38298233298701234,89825.0,697994.0,0.0,faf4261ee6c35d0eb10fa506cfafb871b531297f6ec142e19db228c3dea48537,0.3363203750050161,697994.0,seed,0.0,0.0,base_base,89825.0,faf4261ee6c35d0eb10fa506cfafb871b531297f6ec142e19db228c3dea48537,0.3363203750050161,seed,1.9752852769273588,0.0,0.0,6783.0,11633.233333333334,7.721413078049381,0.0,0.0,C,1.9752852769273588,AI_VERIFIED
177430.0,root2:batch_10,0,0,0,case_098,4,0.0,A1_base,0.8175743750180118,89963.0,697994.0,0.0,592893c9578c36f1dc8bbe1cd3ba87a3ec7077235873c49072fa00aaff95d19d,0.24841066700173542,697994.0,seed,0.0,0.0,A1_move,117401.0,8b4b59cb3f81275f5e0dee9fa461db9136d77b1c4c2755d354d4d9f57e609aaf,0.4952340000018012,ordinary,1.5113159172409094,27438.0,0.23371180824694848,6783.0,11633.233333333334,7.733275644203245,0.0,0.0,A,1.9722552604959818,AI_VERIFIED
177430.0,root2:batch_10,0,0,0,case_098,4,0.0,B1_base,0.35980270797153935,89963.0,697994.0,0.0,592893c9578c36f1dc8bbe1cd3ba87a3ec7077235873c49072fa00aaff95d19d,0.36747612498584203,697994.0,seed,0.0,0.0,B1_move,117026.0,8b4b59cb3f81275f5e0dee9fa461db9136d77b1c4c2755d354d4d9f57e609aaf,0.319813250011066,ordinary,1.5161588023174337,27063.0,0.2312563020183549,6783.0,11633.233333333334,7.733275644203245,0.0,0.0,B,1.9722552604959818,AI_VERIFIED
177430.0,root2:batch_10,0.0,0.0,697912.0,case_098,4,0.0,base_base,0.37483454099856317,89963.0,697994.0,0.0,592893c9578c36f1dc8bbe1cd3ba87a3ec7077235873c49072fa00aaff95d19d,0.2609104160219431,697994.0,seed,0.0,0.0,base_base,89963.0,592893c9578c36f1dc8bbe1cd3ba87a3ec7077235873c49072fa00aaff95d19d,0.2609104160219431,seed,1.9722552604959818,0.0,0.0,6783.0,11633.233333333334,7.733275644203245,0.0,0.0,C,1.9722552604959818,AI_VERIFIED
177430.0,root2:batch_10,0,0,0,case_098,5,0.0,A1_base,0.6824651670176536,90168.0,697994.0,0.0,e270e95b9cc5382627e93c35398a91e8446420b0520c469ee3e7a21ddb2ad397,0.3267002920038067,697994.0,seed,0.0,0.0,A1_move,110139.0,aa062c41efd9acef62e4727139ce18b96eaf7a79397aaf76de096f0a7dfafd60,0.28432279100525193,ordinary,1.6109643268960132,19971.0,0.18132541606515404,6783.0,11633.233333333334,7.750897572185434,0.0,0.0,A,1.9677712714044895,AI_VERIFIED
177430.0,root2:batch_10,0,0,0,case_098,5,0.0,B1_base,0.38700479100225493,90168.0,697994.0,0.0,e270e95b9cc5382627e93c35398a91e8446420b0520c469ee3e7a21ddb2ad397,0.21517479099566117,697994.0,seed,0.0,0.0,B1_move,109764.0,aa062c41efd9acef62e4727139ce18b96eaf7a79397aaf76de096f0a7dfafd60,0.2748483750037849,ordinary,1.6164680587442148,19596.0,0.17852847928282498,6783.0,11633.233333333334,7.750897572185434,0.0,0.0,B,1.9677712714044895,AI_VERIFIED
177430.0,root2:batch_10,0.0,0.0,697912.0,case_098,5,0.0,base_base,0.43509420900954865,90168.0,697994.0,0.0,e270e95b9cc5382627e93c35398a91e8446420b0520c469ee3e7a21ddb2ad397,0.35881599999265745,697994.0,seed,0.0,0.0,base_base,90168.0,e270e95b9cc5382627e93c35398a91e8446420b0520c469ee3e7a21ddb2ad397,0.35881599999265745,seed,1.9677712714044895,0.0,0.0,6783.0,11633.233333333334,7.750897572185434,0.0,0.0,C,1.9677712714044895,AI_VERIFIED
1622999.0,root2:batch_10,0,0,0,case_099,1,5918720.0,A2_base,14.019423584017204,1620966.0,2534036.0,1888256.0,3ae9551d6d304291e6cbc0cbff443c62a4519d5073c9146907c012b1ceb34350,1.8032220419845544,8452756.0,seed,4030464.0,5484544.0,A0_base,1622999.0,b1c964c3a39987d9d8bb0a41e333901c051b2427b93cf6c13acbc64c036471e9,1.9657913749979343,seed,1.0,2033.0,0.0012526193793095375,2826.0,42233.933333333334,38.38065441848498,0.0,0.0,A,1.0012541904025132,AI_VERIFIED
1622999.0,root2:batch_10,0,0,0,case_099,1,15709568.0,B3_base,5.419260374997975,1754664.0,2534036.0,0.0,9acb76e5efc48748b265f5c626fbe1365ca766b5c19bbc4808abc346ca14ade1,5.107550415996229,18243604.0,seed,15709568.0,15709568.0,B3_base,1754664.0,9acb76e5efc48748b265f5c626fbe1365ca766b5c19bbc4808abc346ca14ade1,5.107550415996229,seed,0.9249628418888175,0.0,0.0,2826.0,42233.933333333334,41.54630794511206,0.0,0.0,B,0.9249628418888175,AI_VERIFIED
1622999.0,root2:batch_10,1609728.0,0.13954262507905862,9926016.0,case_099,1,15709568.0,base_base,5.206734209001297,1750575.0,2534036.0,0.0,9acb76e5efc48748b265f5c626fbe1365ca766b5c19bbc4808abc346ca14ade1,4.802668584015919,18243604.0,seed,15709568.0,15709568.0,base_base,1750575.0,9acb76e5efc48748b265f5c626fbe1365ca766b5c19bbc4808abc346ca14ade1,4.802668584015919,seed,0.9271233737486254,0.0,0.0,2826.0,42233.933333333334,41.44949006249319,0.0,0.0,C,0.9271233737486254,AI_VERIFIED
1622999.0,root2:batch_10,0,0,0,case_099,2,7254016.0,A1_base,30.828618375002407,808916.0,2534036.0,1904640.0,1902310ec57d1b787c53d92320e42f16d18491c7aed5baf20bbb2a4cf2699107,1.8326003749971278,9788052.0,seed,5349376.0,7254016.0,A1_base,808916.0,1902310ec57d1b787c53d92320e42f16d18491c7aed5baf20bbb2a4cf2699107,1.8326003749971278,seed,2.006387560636704,0.0,0.0,2826.0,42233.933333333334,19.153224342511315,0.0,0.0,A,2.006387560636704,AI_VERIFIED
1622999.0,root2:batch_10,0,0,0,case_099,2,7254016.0,B1_base,2.362640500010457,808916.0,2534036.0,1904640.0,1902310ec57d1b787c53d92320e42f16d18491c7aed5baf20bbb2a4cf2699107,1.9470435840194114,9788052.0,seed,5349376.0,7254016.0,B1_base,808916.0,1902310ec57d1b787c53d92320e42f16d18491c7aed5baf20bbb2a4cf2699107,1.9470435840194114,seed,2.006387560636704,0.0,0.0,2826.0,42233.933333333334,19.153224342511315,0.0,0.0,B,2.006387560636704,AI_VERIFIED
1622999.0,root2:batch_10,4284416.0,0.4377370334527764,5503232.0,case_099,2,7254016.0,base_base,2.0839861249842215,806053.0,2534036.0,1904640.0,1902310ec57d1b787c53d92320e42f16d18491c7aed5baf20bbb2a4cf2699107,2.055230958008906,9788052.0,seed,5349376.0,7254016.0,base_base,806053.0,1902310ec57d1b787c53d92320e42f16d18491c7aed5baf20bbb2a4cf2699107,2.055230958008906,seed,2.0135139996997715,0.0,0.0,2826.0,42233.933333333334,19.085435250327937,0.0,0.0,C,2.0135139996997715,AI_VERIFIED
1622999.0,root2:batch_10,0,0,0,case_099,3,8798208.0,A1_base,26.6118190420093,544403.0,2534036.0,3809280.0,e489ffe50a9228a4ff513e59b6d340eb82632972dc36f788ba9d6e3276fa2ca9,1.9399974579864647,11332244.0,seed,4988928.0,8798208.0,A1_base,544403.0,e489ffe50a9228a4ff513e59b6d340eb82632972dc36f788ba9d6e3276fa2ca9,1.9399974579864647,seed,2.981245511137889,0.0,0.0,2826.0,42233.933333333334,12.890179934302433,0.0,0.0,A,2.981245511137889,AI_VERIFIED
1622999.0,root2:batch_10,0,0,0,case_099,3,8798208.0,B1_base,2.6984124590235297,544403.0,2534036.0,3809280.0,e489ffe50a9228a4ff513e59b6d340eb82632972dc36f788ba9d6e3276fa2ca9,2.1017064999905415,11332244.0,seed,4988928.0,8798208.0,B1_base,544403.0,e489ffe50a9228a4ff513e59b6d340eb82632972dc36f788ba9d6e3276fa2ca9,2.1017064999905415,seed,2.981245511137889,0.0,0.0,2826.0,42233.933333333334,12.890179934302433,0.0,0.0,B,2.981245511137889,AI_VERIFIED
1622999.0,root2:batch_10,5783552.0,0.5103806619225122,5548288.0,case_099,3,8798208.0,base_base,2.272966707998421,540586.0,2534036.0,3809280.0,e489ffe50a9228a4ff513e59b6d340eb82632972dc36f788ba9d6e3276fa2ca9,2.180821791989729,11332244.0,seed,4988928.0,8798208.0,base_base,540586.0,e489ffe50a9228a4ff513e59b6d340eb82632972dc36f788ba9d6e3276fa2ca9,2.180821791989729,seed,3.0022956569352517,0.0,0.0,2826.0,42233.933333333334,12.799802370605626,0.0,0.0,C,3.0022956569352517,AI_VERIFIED
1622999.0,root2:batch_10,0,0,0,case_099,4,9838592.0,A1_base,29.172211291996064,405336.0,2534036.0,5652480.0,7b9899fba567d6566ee9f0543058fb9dfd9c55dddab1d77ce1f01dd6c4b79290,2.3143125829810742,12372628.0,seed,4186112.0,9838592.0,A1_base,405336.0,7b9899fba567d6566ee9f0543058fb9dfd9c55dddab1d77ce1f01dd6c4b79290,2.3143125829810742,seed,4.004083032348471,0.0,0.0,2826.0,42233.933333333334,9.597401141893801,0.0,0.0,A,4.004083032348471,AI_VERIFIED
1622999.0,root2:batch_10,0,0,0,case_099,4,9838592.0,B1_base,2.118110917013837,405336.0,2534036.0,5652480.0,7b9899fba567d6566ee9f0543058fb9dfd9c55dddab1d77ce1f01dd6c4b79290,2.028425750002498,12372628.0,seed,4186112.0,9838592.0,B1_base,405336.0,7b9899fba567d6566ee9f0543058fb9dfd9c55dddab1d77ce1f01dd6c4b79290,2.028425750002498,seed,4.004083032348471,0.0,0.0,2826.0,42233.933333333334,9.597401141893801,0.0,0.0,B,4.004083032348471,AI_VERIFIED
1622999.0,root2:batch_10,6889472.0,0.5568499244759875,5482752.0,case_099,4,9838592.0,base_base,2.216845207993174,403555.0,2534036.0,5652480.0,7b9899fba567d6566ee9f0543058fb9dfd9c55dddab1d77ce1f01dd6c4b79290,2.2577233749907464,12372628.0,seed,4186112.0,9838592.0,base_base,403555.0,7b9899fba567d6566ee9f0543058fb9dfd9c55dddab1d77ce1f01dd6c4b79290,2.2577233749907464,seed,4.021754159903854,0.0,0.0,2826.0,42233.933333333334,9.555231259540117,0.0,0.0,C,4.021754159903854,AI_VERIFIED
1622999.0,root2:batch_10,0,0,0,case_099,5,10698752.0,A1_base,22.532414833985968,339475.0,2534036.0,7065600.0,6a00a1c5ae79192733541ff1530420f48678832a993a9699d11bb0f3a481441c,1.7605791669921018,13232788.0,seed,3633152.0,10698752.0,A1_base,339475.0,6a00a1c5ae79192733541ff1530420f48678832a993a9699d11bb0f3a481441c,1.7605791669921018,seed,4.780908756167611,0.0,0.0,2826.0,42233.933333333334,8.037967889958942,0.0,0.0,A,4.780908756167611,AI_VERIFIED
1622999.0,root2:batch_10,0,0,0,case_099,5,10698752.0,B1_base,1.8906115829886403,339475.0,2534036.0,7065600.0,6a00a1c5ae79192733541ff1530420f48678832a993a9699d11bb0f3a481441c,1.5780369589920156,13232788.0,seed,3633152.0,10698752.0,B1_base,339475.0,6a00a1c5ae79192733541ff1530420f48678832a993a9699d11bb0f3a481441c,1.5780369589920156,seed,4.780908756167611,0.0,0.0,2826.0,42233.933333333334,8.037967889958942,0.0,0.0,B,4.780908756167611,AI_VERIFIED
1622999.0,root2:batch_10,7204864.0,0.544487221652576,6027520.0,case_099,5,10698752.0,base_base,1.7950158749881666,329676.0,2534036.0,7065600.0,6a00a1c5ae79192733541ff1530420f48678832a993a9699d11bb0f3a481441c,1.7054527910077013,13232788.0,seed,3633152.0,10698752.0,base_base,329676.0,6a00a1c5ae79192733541ff1530420f48678832a993a9699d11bb0f3a481441c,1.7054527910077013,seed,4.923012290855264,0.0,0.0,2826.0,42233.933333333334,7.805950665262845,0.0,0.0,C,4.923012290855264,AI_VERIFIED
151223.0,root2:batch_08,0,0,0,case_100,1,5640.0,A2_base,0.41625620899139903,148339.0,454598.0,5640.0,a99bd4caf65c26489a191719dfecf1ef743ef296247174592936be9904baef1b,0.2060677499976009,460238.0,seed,0.0,0.0,A0_base,151223.0,3d329399232cefee36661541b72386b1c65d01bb9afb9411c108ea1598450bbc,0.19195008400129154,seed,1.0,2884.0,0.01907117303584772,4830.0,7576.633333333333,19.57848472716554,0.0,0.0,A,1.0194419539028845,AI_VERIFIED
151223.0,root2:batch_08,0,0,0,case_100,1,0.0,B3_aggregate,0.2484949579811655,145067.0,454598.0,0.0,c13ea31378d4a61c35a5f8928dc2f32443fc8d5f63545fe28c2e08dada214695,0.2662398749962449,454598.0,aggregate,0.0,0.0,B3_aggregate,145067.0,c13ea31378d4a61c35a5f8928dc2f32443fc8d5f63545fe28c2e08dada214695,0.2662398749962449,aggregate,1.042435564256516,0.0,0.0,4830.0,7576.633333333333,19.146630649496917,0.0,0.0,B,1.042435564256516,AI_VERIFIED
151223.0,root2:batch_08,0.0,0.0,436006.0,case_100,1,0.0,base_base,0.28517266700509936,145067.0,454598.0,0.0,c13ea31378d4a61c35a5f8928dc2f32443fc8d5f63545fe28c2e08dada214695,0.2684983340150211,454598.0,seed,0.0,0.0,base_base,145067.0,c13ea31378d4a61c35a5f8928dc2f32443fc8d5f63545fe28c2e08dada214695,0.2684983340150211,seed,1.042435564256516,0.0,0.0,4830.0,7576.633333333333,19.146630649496917,0.0,0.0,C,1.042435564256516,AI_VERIFIED
151223.0,root2:batch_08,0,0,0,case_100,2,16896.0,A1_base,0.576366416993551,81080.0,454598.0,16896.0,8e4d52a5e57487947ae6c434f432374606d64257c98f1fd06b6eb312e85abd88,0.24596450000535697,471494.0,seed,0.0,16896.0,A1_base,81080.0,8e4d52a5e57487947ae6c434f432374606d64257c98f1fd06b6eb312e85abd88,0.24596450000535697,seed,1.8651085347804637,0.0,0.0,4830.0,7576.633333333333,10.701322927069631,0.0,0.0,A,1.8651085347804637,AI_VERIFIED
151223.0,root2:batch_08,0,0,0,case_100,2,16896.0,B1_base,0.31708904198603705,81080.0,454598.0,16896.0,8e4d52a5e57487947ae6c434f432374606d64257c98f1fd06b6eb312e85abd88,0.23882425000192598,471494.0,seed,0.0,16896.0,B1_base,81080.0,8e4d52a5e57487947ae6c434f432374606d64257c98f1fd06b6eb312e85abd88,0.23882425000192598,seed,1.8651085347804637,0.0,0.0,4830.0,7576.633333333333,10.701322927069631,0.0,0.0,B,1.8651085347804637,AI_VERIFIED
151223.0,root2:batch_08,16896.0,0.037306083876865195,436006.0,case_100,2,16896.0,base_base,0.24964295901008882,81080.0,454598.0,16896.0,8e4d52a5e57487947ae6c434f432374606d64257c98f1fd06b6eb312e85abd88,0.23148687498178333,471494.0,seed,0.0,16896.0,base_base,81080.0,8e4d52a5e57487947ae6c434f432374606d64257c98f1fd06b6eb312e85abd88,0.23148687498178333,seed,1.8651085347804637,0.0,0.0,4830.0,7576.633333333333,10.701322927069631,0.0,0.0,C,1.8651085347804637,AI_VERIFIED
151223.0,root2:batch_08,0,0,0,case_100,3,72192.0,A1_base,0.552595665998524,57811.0,454598.0,72192.0,2d7f4456c5c5c043cecc89aab34b72902d9b29c2d07968a1521376abc8cb977d,0.18846829200629145,526790.0,seed,0.0,72192.0,A1_base,57811.0,2d7f4456c5c5c043cecc89aab34b72902d9b29c2d07968a1521376abc8cb977d,0.18846829200629145,seed,2.6158170590372074,0.0,0.0,4830.0,7576.633333333333,7.6301699523535085,0.0,0.0,A,2.6158170590372074,AI_VERIFIED
151223.0,root2:batch_08,0,0,0,case_100,3,72192.0,B1_base,0.254096666991245,57811.0,454598.0,72192.0,2d7f4456c5c5c043cecc89aab34b72902d9b29c2d07968a1521376abc8cb977d,0.2049649170076009,526790.0,seed,0.0,72192.0,B1_base,57811.0,2d7f4456c5c5c043cecc89aab34b72902d9b29c2d07968a1521376abc8cb977d,0.2049649170076009,seed,2.6158170590372074,0.0,0.0,4830.0,7576.633333333333,7.6301699523535085,0.0,0.0,B,2.6158170590372074,AI_VERIFIED
151223.0,root2:batch_08,53760.0,0.10578554028154381,454438.0,case_100,3,72192.0,base_base,0.2507836250006221,57811.0,454598.0,72192.0,2d7f4456c5c5c043cecc89aab34b72902d9b29c2d07968a1521376abc8cb977d,0.2117501249886118,526790.0,seed,0.0,72192.0,base_base,57811.0,2d7f4456c5c5c043cecc89aab34b72902d9b29c2d07968a1521376abc8cb977d,0.2117501249886118,seed,2.6158170590372074,0.0,0.0,4830.0,7576.633333333333,7.6301699523535085,0.0,0.0,C,2.6158170590372074,AI_VERIFIED
151223.0,root2:batch_08,0,0,0,case_100,4,144384.0,A1_base,0.5753086250042543,57948.0,454598.0,144384.0,70f8983fb3fac7df5eda0ddd83296dfd790dcb3a9ec9e82d744bb5d0077d48c9,0.19595204197685234,598982.0,seed,0.0,144384.0,A1_base,57948.0,70f8983fb3fac7df5eda0ddd83296dfd790dcb3a9ec9e82d744bb5d0077d48c9,0.19595204197685234,seed,2.609632774211362,0.0,0.0,4830.0,7576.633333333333,7.648251862084743,0.0,0.0,A,2.609632774211362,AI_VERIFIED
151223.0,root2:batch_08,0,0,0,case_100,4,144384.0,B1_base,0.25652150000678375,57948.0,454598.0,144384.0,70f8983fb3fac7df5eda0ddd83296dfd790dcb3a9ec9e82d744bb5d0077d48c9,0.19860137498471886,598982.0,seed,0.0,144384.0,B1_base,57948.0,70f8983fb3fac7df5eda0ddd83296dfd790dcb3a9ec9e82d744bb5d0077d48c9,0.19860137498471886,seed,2.609632774211362,0.0,0.0,4830.0,7576.633333333333,7.648251862084743,0.0,0.0,B,2.609632774211362,AI_VERIFIED
151223.0,root2:batch_08,144384.0,0.24877065421526903,436006.0,case_100,4,144384.0,base_base,0.24386354102171026,57948.0,454598.0,144384.0,70f8983fb3fac7df5eda0ddd83296dfd790dcb3a9ec9e82d744bb5d0077d48c9,0.19372608402045444,598982.0,seed,0.0,144384.0,base_base,57948.0,70f8983fb3fac7df5eda0ddd83296dfd790dcb3a9ec9e82d744bb5d0077d48c9,0.19372608402045444,seed,2.609632774211362,0.0,0.0,4830.0,7576.633333333333,7.648251862084743,0.0,0.0,C,2.609632774211362,AI_VERIFIED
151223.0,root2:batch_08,0,0,0,case_100,5,216576.0,A1_base,0.532552292017499,58326.0,454598.0,216576.0,99fd09be85ce72969ad1c495117b1edff9bab5c79dce17a9874c1bc64b7b32e6,0.1834136249963194,671174.0,seed,0.0,216576.0,A1_base,58326.0,99fd09be85ce72969ad1c495117b1edff9bab5c79dce17a9874c1bc64b7b32e6,0.1834136249963194,seed,2.592720227685766,0.0,0.0,4830.0,7576.633333333333,7.698142094773845,0.0,0.0,A,2.592720227685766,AI_VERIFIED
151223.0,root2:batch_08,0,0,0,case_100,5,216576.0,B1_base,0.45263095799600706,58326.0,454598.0,216576.0,99fd09be85ce72969ad1c495117b1edff9bab5c79dce17a9874c1bc64b7b32e6,0.19524775000172667,671174.0,seed,0.0,216576.0,B1_base,58326.0,99fd09be85ce72969ad1c495117b1edff9bab5c79dce17a9874c1bc64b7b32e6,0.19524775000172667,seed,2.592720227685766,0.0,0.0,4830.0,7576.633333333333,7.698142094773845,0.0,0.0,B,2.592720227685766,AI_VERIFIED
151223.0,root2:batch_08,216576.0,0.33187553441559836,436006.0,case_100,5,216576.0,base_base,0.21099712498835288,58085.0,454598.0,216576.0,99fd09be85ce72969ad1c495117b1edff9bab5c79dce17a9874c1bc64b7b32e6,0.17713916700449772,671174.0,seed,0.0,216576.0,base_base,58085.0,99fd09be85ce72969ad1c495117b1edff9bab5c79dce17a9874c1bc64b7b32e6,0.17713916700449772,seed,2.603477662047,0.0,0.0,4830.0,7576.633333333333,7.666333771815978,0.0,0.0,C,2.603477662047,AI_VERIFIED
