b_makespan,b_plan_sha256,c_final_makespan,c_final_plan_sha256,c_hit_bytes,c_hit_rate,c_initial_makespan,c_initial_plan_sha256,c_miss_bytes,c_starts_from_b,case,cores,factor_identity_error,s_adapt,s_hw,s_opt
260797.0,339697b7f800652edfb67c1b0641c2b8aa698db9e79c8f5713333d1102eb1320,257294.0,339697b7f800652edfb67c1b0641c2b8aa698db9e79c8f5713333d1102eb1320,536576.0,0.25926154987939887,257294.0,339697b7f800652edfb67c1b0641c2b8aa698db9e79c8f5713333d1102eb1320,1533056.0,True,case_001,1,0.0,1.0,1.013614775315398,1.013614775315398
116868.0,0599a6fcfa553ae0f57552787f79d9ffda8890762bf1a8e52f0da2e4d3c6e8e9,116868.0,0599a6fcfa553ae0f57552787f79d9ffda8890762bf1a8e52f0da2e4d3c6e8e9,0.0,0.0,116868.0,0599a6fcfa553ae0f57552787f79d9ffda8890762bf1a8e52f0da2e4d3c6e8e9,821504.0,True,case_001,2,0.0,1.0,1.0,1.0
78545.0,0bbe67711883f3eac75ef3d7946398a4dc200e21f47a921c34600c22104c2fd9,78545.0,0bbe67711883f3eac75ef3d7946398a4dc200e21f47a921c34600c22104c2fd9,0.0,0.0,78545.0,0bbe67711883f3eac75ef3d7946398a4dc200e21f47a921c34600c22104c2fd9,822656.0,True,case_001,3,0.0,1.0,1.0,1.0
58984.0,e01f21fd3921613acbae850a327802756b22e5abfb211e6515e0172ca265ccc4,58984.0,e01f21fd3921613acbae850a327802756b22e5abfb211e6515e0172ca265ccc4,0.0,0.0,58984.0,e01f21fd3921613acbae850a327802756b22e5abfb211e6515e0172ca265ccc4,823808.0,True,case_001,4,0.0,1.0,1.0,1.0
47502.0,3ba3512eeec4d09181262855878d103e2fc24b3b432084cbf2d4a686dce5eae1,47502.0,3ba3512eeec4d09181262855878d103e2fc24b3b432084cbf2d4a686dce5eae1,0.0,0.0,47502.0,3ba3512eeec4d09181262855878d103e2fc24b3b432084cbf2d4a686dce5eae1,824960.0,True,case_001,5,0.0,1.0,1.0,1.0
269421.0,c2ef73e8ac1380186f67439a48ce6e3bee046b874fe121ff8c34376a68899ef9,267693.0,aa151c1a23100edcc6b7dbc8eaa8c376a37af54fce79ccfa9f01f2924677ebe1,0.0,0.0,269421.0,c2ef73e8ac1380186f67439a48ce6e3bee046b874fe121ff8c34376a68899ef9,1222656.0,True,case_002,1,0.0,1.0064551557194248,1.0,1.0064551557194248
208461.0,fd84e80452ae93ca76153c601b6e59e4283f8e86a24ee1e1a1f73f6832f833b1,205287.0,fd84e80452ae93ca76153c601b6e59e4283f8e86a24ee1e1a1f73f6832f833b1,580608.0,0.13805697589481372,205287.0,fd84e80452ae93ca76153c601b6e59e4283f8e86a24ee1e1a1f73f6832f833b1,3624960.0,True,case_002,2,0.0,1.0,1.0154612810358181,1.0154612810358181
261945.0,7aa7c68509f6aa0a0ff9d5345af0cca1cf04aa9de551c9857a78968501e1d0cb,261945.0,7aa7c68509f6aa0a0ff9d5345af0cca1cf04aa9de551c9857a78968501e1d0cb,0.0,0.0,261945.0,7aa7c68509f6aa0a0ff9d5345af0cca1cf04aa9de551c9857a78968501e1d0cb,1222656.0,True,case_002,3,0.0,1.0,1.0,1.0
129903.0,f7124d0567a3927dbd016cbfc440df944afce82a14ae88b6a0c3f40006fbb581,124800.0,f7124d0567a3927dbd016cbfc440df944afce82a14ae88b6a0c3f40006fbb581,746496.0,0.14862385321100918,124800.0,f7124d0567a3927dbd016cbfc440df944afce82a14ae88b6a0c3f40006fbb581,4276224.0,True,case_002,4,0.0,1.0,1.040889423076923,1.040889423076923
146574.0,c182a2a784c2a09b79b10dad67af87171c6125f61c40538a74a119451467fd31,139049.0,c182a2a784c2a09b79b10dad67af87171c6125f61c40538a74a119451467fd31,741888.0,0.1551557982653389,139049.0,c182a2a784c2a09b79b10dad67af87171c6125f61c40538a74a119451467fd31,4039680.0,True,case_002,5,0.0,1.0,1.0541176132154852,1.0541176132154852
592981.0,3fbc3d48ec60f4ff75146f3a5cd3ea7c42df84440924a14b656a9aeb414ba0fb,592981.0,3fbc3d48ec60f4ff75146f3a5cd3ea7c42df84440924a14b656a9aeb414ba0fb,0.0,0.0,592981.0,3fbc3d48ec60f4ff75146f3a5cd3ea7c42df84440924a14b656a9aeb414ba0fb,1284230.0,True,case_003,1,0.0,1.0,1.0,1.0
562101.0,db31599d1994bf3609d7f8fd2a5d7bdf0ac0172fc46cfab621bf2d891f5c2eb8,562101.0,db31599d1994bf3609d7f8fd2a5d7bdf0ac0172fc46cfab621bf2d891f5c2eb8,120836.0,0.05208497666788219,562101.0,db31599d1994bf3609d7f8fd2a5d7bdf0ac0172fc46cfab621bf2d891f5c2eb8,2199142.0,True,case_003,2,0.0,1.0,1.0,1.0
580517.0,06b1959bcb56baeacecb38858884d0d8032170993d289dd820b77af65ff2d8ac,580515.0,06b1959bcb56baeacecb38858884d0d8032170993d289dd820b77af65ff2d8ac,28940.0,0.015442095344000154,580515.0,06b1959bcb56baeacecb38858884d0d8032170993d289dd820b77af65ff2d8ac,1845158.0,True,case_003,3,0.0,1.0,1.0000034452167472,1.0000034452167472
602212.0,7448e6543fd25c55e8e1ca52eddc301f20e7d1f7da0dde2238c9ec0805f177ce,602212.0,7448e6543fd25c55e8e1ca52eddc301f20e7d1f7da0dde2238c9ec0805f177ce,0.0,0.0,602212.0,7448e6543fd25c55e8e1ca52eddc301f20e7d1f7da0dde2238c9ec0805f177ce,1284230.0,True,case_003,4,0.0,1.0,1.0,1.0
541371.0,f1a5dedc924b54a1dd2080f6c5a89be609cdaf611d605c257bdb2d89be9ed4ae,541371.0,f1a5dedc924b54a1dd2080f6c5a89be609cdaf611d605c257bdb2d89be9ed4ae,39312.0,0.015938425910159044,541371.0,f1a5dedc924b54a1dd2080f6c5a89be609cdaf611d605c257bdb2d89be9ed4ae,2427180.0,True,case_003,5,0.0,1.0,1.0,1.0
415254.0,3d02c5120919a6b6e3d2760efe90bd3c08b7a11de16e0ac57345a86f73ec7cb4,402881.0,7cf73205417e3d66bfa7abdfde0683a110851649f0c5c65283329e96168e559d,86016.0,0.10408921933085502,415254.0,3d02c5120919a6b6e3d2760efe90bd3c08b7a11de16e0ac57345a86f73ec7cb4,740352.0,True,case_004,1,0.0,1.0307113018484366,1.0,1.0307113018484366
199074.0,d291f41b7f8af4e8e064537f31b2f3447da42088db4c6e302663463331a179d2,199074.0,d291f41b7f8af4e8e064537f31b2f3447da42088db4c6e302663463331a179d2,0.0,0.0,199074.0,d291f41b7f8af4e8e064537f31b2f3447da42088db4c6e302663463331a179d2,562176.0,True,case_004,2,0.0,1.0,1.0,1.0
134043.0,e195bd7352c85b6bd4aa2faf19c38cf213234aeb68887d94d8987bd386ca5dea,134043.0,e195bd7352c85b6bd4aa2faf19c38cf213234aeb68887d94d8987bd386ca5dea,0.0,0.0,134043.0,e195bd7352c85b6bd4aa2faf19c38cf213234aeb68887d94d8987bd386ca5dea,672768.0,True,case_004,3,0.0,1.0,1.0,1.0
104188.0,26491502865e10ff070b1544daf3b9a5d7aeeec9f959e648376149efa455106f,104188.0,26491502865e10ff070b1544daf3b9a5d7aeeec9f959e648376149efa455106f,0.0,0.0,104188.0,26491502865e10ff070b1544daf3b9a5d7aeeec9f959e648376149efa455106f,783360.0,True,case_004,4,0.0,1.0,1.0,1.0
88341.0,4f7eeaf9d169d5cbc6831225296e08cbe1cb0173994420cc0f18fbc33eb06a2e,88341.0,4f7eeaf9d169d5cbc6831225296e08cbe1cb0173994420cc0f18fbc33eb06a2e,0.0,0.0,88341.0,4f7eeaf9d169d5cbc6831225296e08cbe1cb0173994420cc0f18fbc33eb06a2e,893952.0,True,case_004,5,0.0,1.0,1.0,1.0
93910.0,89c93183e87e9742b1fee6ff32588b5d282a87cddf60a9f86825d62bcc7ddb8b,93910.0,89c93183e87e9742b1fee6ff32588b5d282a87cddf60a9f86825d62bcc7ddb8b,0.0,0.0,93910.0,89c93183e87e9742b1fee6ff32588b5d282a87cddf60a9f86825d62bcc7ddb8b,318822.0,True,case_005,1,0.0,1.0,1.0,1.0
98089.0,ee0dc174b50a6634bdf2bcf6c664f475d53f5235c3b2730206ebd18c1e357222,98089.0,ee0dc174b50a6634bdf2bcf6c664f475d53f5235c3b2730206ebd18c1e357222,3174.0,0.004598960235077287,98089.0,ee0dc174b50a6634bdf2bcf6c664f475d53f5235c3b2730206ebd18c1e357222,686982.0,True,case_005,2,0.0,1.0,1.0,1.0
102393.0,4c18b80c9971c779ef5c9bb2427e94eb0ad4b707eb3481348865bd9658ebbe22,102392.0,4c18b80c9971c779ef5c9bb2427e94eb0ad4b707eb3481348865bd9658ebbe22,26314.0,0.03004155630651201,102392.0,4c18b80c9971c779ef5c9bb2427e94eb0ad4b707eb3481348865bd9658ebbe22,849606.0,True,case_005,3,0.0,1.0,1.000009766387999,1.000009766387999
98413.0,79a157f9f3eac67853f984b08891b840b30023f1af4f75ef9dda97e5d9174bbe,98300.0,79a157f9f3eac67853f984b08891b840b30023f1af4f75ef9dda97e5d9174bbe,46380.0,0.05333069631169596,98300.0,79a157f9f3eac67853f984b08891b840b30023f1af4f75ef9dda97e5d9174bbe,823288.0,True,case_005,4,0.0,1.0,1.0011495422177008,1.0011495422177008
95618.0,7e0987138dd1628d5883fc79621836a17989a20fec78e651a12d0574a78d1231,95618.0,7e0987138dd1628d5883fc79621836a17989a20fec78e651a12d0574a78d1231,0.0,0.0,95618.0,7e0987138dd1628d5883fc79621836a17989a20fec78e651a12d0574a78d1231,318822.0,True,case_005,5,0.0,1.0,1.0,1.0
76655.0,2260fc01f1f2043d3746509ef13a20a57c11df9ea4a37c7d2560b293042883ad,76655.0,2260fc01f1f2043d3746509ef13a20a57c11df9ea4a37c7d2560b293042883ad,9216.0,0.014538433143084306,76655.0,2260fc01f1f2043d3746509ef13a20a57c11df9ea4a37c7d2560b293042883ad,624690.0,True,case_006,1,0.0,1.0,1.0,1.0
42696.0,1a5166d4e249faea6e60cd15a71bbc4c5b7bcce5583764f8ceb3fbf950f4bc2f,42696.0,1a5166d4e249faea6e60cd15a71bbc4c5b7bcce5583764f8ceb3fbf950f4bc2f,56192.0,0.09373769726086811,42696.0,1a5166d4e249faea6e60cd15a71bbc4c5b7bcce5583764f8ceb3fbf950f4bc2f,543268.0,True,case_006,2,0.0,1.0,1.0,1.0
31152.0,fa4c9ad0ae2717113c58eb4a447ac0dd6c51f97740ecda1693c81f75dc236d75,31152.0,fa4c9ad0ae2717113c58eb4a447ac0dd6c51f97740ecda1693c81f75dc236d75,30080.0,0.05246414020204275,31152.0,fa4c9ad0ae2717113c58eb4a447ac0dd6c51f97740ecda1693c81f75dc236d75,543264.0,True,case_006,3,0.0,1.0,1.0,1.0
31428.0,8b7a78414253d11d4044ede6fc6a9cfa8b0be50d747c8f9ad8c59fb80e15564f,31428.0,8b7a78414253d11d4044ede6fc6a9cfa8b0be50d747c8f9ad8c59fb80e15564f,55424.0,0.09169357827306898,31428.0,8b7a78414253d11d4044ede6fc6a9cfa8b0be50d747c8f9ad8c59fb80e15564f,549024.0,True,case_006,4,0.0,1.0,1.0,1.0
31753.0,eb3b812eea3e429fd117985ce7c99ae8174e61ca2470dcfed49a4c9e74abb477,31753.0,eb3b812eea3e429fd117985ce7c99ae8174e61ca2470dcfed49a4c9e74abb477,55424.0,0.09117229036163604,31753.0,eb3b812eea3e429fd117985ce7c99ae8174e61ca2470dcfed49a4c9e74abb477,552480.0,True,case_006,5,0.0,1.0,1.0,1.0
1210160.0,7a6fd0117640576f0f425edb6c5f94b9618d3c7054788361c0efa80d45b5ab80,1155794.0,8ed0651a7af651539265499af3e80ff7c721efab1bcf9d3703ed1e3b0effa9d0,562176.0,0.2172106824925816,1210160.0,7a6fd0117640576f0f425edb6c5f94b9618d3c7054788361c0efa80d45b5ab80,2025984.0,True,case_007,1,0.0,1.0470377939321367,1.0,1.0470377939321367
507494.0,ed1ca4e2c3b9b851e2ac824c39d036fcc4c5b1538d76c4018e85d70d8504dc1a,507494.0,ed1ca4e2c3b9b851e2ac824c39d036fcc4c5b1538d76c4018e85d70d8504dc1a,0.0,0.0,507494.0,ed1ca4e2c3b9b851e2ac824c39d036fcc4c5b1538d76c4018e85d70d8504dc1a,907776.0,True,case_007,2,0.0,1.0,1.0,1.0
338094.0,f2a571deae10ddfaebe9b9420b8a146c96090459cf603b992d23f0bc09e66df3,338094.0,f2a571deae10ddfaebe9b9420b8a146c96090459cf603b992d23f0bc09e66df3,0.0,0.0,338094.0,f2a571deae10ddfaebe9b9420b8a146c96090459cf603b992d23f0bc09e66df3,935424.0,True,case_007,3,0.0,1.0,1.0,1.0
254398.0,26a0968e3507e43544e4794de1d41fdbd1442e7720a678ebbb3f43d4b3f434b2,254398.0,26a0968e3507e43544e4794de1d41fdbd1442e7720a678ebbb3f43d4b3f434b2,0.0,0.0,254398.0,26a0968e3507e43544e4794de1d41fdbd1442e7720a678ebbb3f43d4b3f434b2,963072.0,True,case_007,4,0.0,1.0,1.0,1.0
203834.0,16568d04c9a6a6af93ba3445e430d38a3e5706967467604581eec7b3c044e288,203834.0,16568d04c9a6a6af93ba3445e430d38a3e5706967467604581eec7b3c044e288,0.0,0.0,203834.0,16568d04c9a6a6af93ba3445e430d38a3e5706967467604581eec7b3c044e288,990720.0,True,case_007,5,0.0,1.0,1.0,1.0
405761.0,5408eb4bdd83cb58dd88031a4f075ee1906f17ad822c161e6793c1c89af79d1c,335225.0,ed81298101127866b4a4997ebe3c3565d4a62c2b7304e92ac9950aa62d7688e1,0.0,0.0,405761.0,5408eb4bdd83cb58dd88031a4f075ee1906f17ad822c161e6793c1c89af79d1c,3751320.0,True,case_008,1,0.0,1.210413901111194,1.0,1.210413901111194
244266.0,0492afa1d4f125be48dec376b180ed57d14a7b193551c0eec269b738fca8915d,244266.0,0492afa1d4f125be48dec376b180ed57d14a7b193551c0eec269b738fca8915d,0.0,0.0,244266.0,0492afa1d4f125be48dec376b180ed57d14a7b193551c0eec269b738fca8915d,1990872.0,True,case_008,2,0.0,1.0,1.0,1.0
163359.0,539aff4acd4c42e9d75d68659fef335ece691403c52549eda7b63ec46b065b7a,163359.0,539aff4acd4c42e9d75d68659fef335ece691403c52549eda7b63ec46b065b7a,0.0,0.0,163359.0,539aff4acd4c42e9d75d68659fef335ece691403c52549eda7b63ec46b065b7a,1990872.0,True,case_008,3,0.0,1.0,1.0,1.0
123060.0,94be39d84f6cc94fa57f4d8bf020031e5e5b3a0b963f83b54ed62b46ac360b6d,123060.0,94be39d84f6cc94fa57f4d8bf020031e5e5b3a0b963f83b54ed62b46ac360b6d,0.0,0.0,123060.0,94be39d84f6cc94fa57f4d8bf020031e5e5b3a0b963f83b54ed62b46ac360b6d,1990872.0,True,case_008,4,0.0,1.0,1.0,1.0
100603.0,2bffcc946ce4ac0198506386664ce57a34e0478b2ff38da9ad07f76b102ef23e,100603.0,2bffcc946ce4ac0198506386664ce57a34e0478b2ff38da9ad07f76b102ef23e,0.0,0.0,100603.0,2bffcc946ce4ac0198506386664ce57a34e0478b2ff38da9ad07f76b102ef23e,1990872.0,True,case_008,5,0.0,1.0,1.0,1.0
160530.0,ad2d497e3b068b29259f46c7fa8a246c3847c3f852dd298471bc2ea9abf80c50,160530.0,ad2d497e3b068b29259f46c7fa8a246c3847c3f852dd298471bc2ea9abf80c50,0.0,0.0,160530.0,ad2d497e3b068b29259f46c7fa8a246c3847c3f852dd298471bc2ea9abf80c50,501338.0,True,case_009,1,0.0,1.0,1.0,1.0
142414.0,96125c4b155b82c71c3a3a108f4aebc6a5c0e3be9ddf8ec15a9bc78f744afae4,142414.0,96125c4b155b82c71c3a3a108f4aebc6a5c0e3be9ddf8ec15a9bc78f744afae4,25638.0,0.03704998959513515,142414.0,96125c4b155b82c71c3a3a108f4aebc6a5c0e3be9ddf8ec15a9bc78f744afae4,666346.0,True,case_009,2,0.0,1.0,1.0,1.0
153261.0,c6f90e094c7d8df7a60f3f017e38f5909c3497a4d027c517f33670d96157ea2c,153261.0,c6f90e094c7d8df7a60f3f017e38f5909c3497a4d027c517f33670d96157ea2c,0.0,0.0,153261.0,c6f90e094c7d8df7a60f3f017e38f5909c3497a4d027c517f33670d96157ea2c,495194.0,True,case_009,3,0.0,1.0,1.0,1.0
153261.0,c3c1e04826c9558f892925b8d02e186d580775e411fa7a5d96ec5dbf53a84534,153261.0,c3c1e04826c9558f892925b8d02e186d580775e411fa7a5d96ec5dbf53a84534,0.0,0.0,153261.0,c3c1e04826c9558f892925b8d02e186d580775e411fa7a5d96ec5dbf53a84534,495194.0,True,case_009,4,0.0,1.0,1.0,1.0
139951.0,8312ef888de733f8dc192c8403467253f461bc8594722199e2acc1d73a5a6177,138757.0,8312ef888de733f8dc192c8403467253f461bc8594722199e2acc1d73a5a6177,177234.0,0.15655054234533441,138757.0,8312ef888de733f8dc192c8403467253f461bc8594722199e2acc1d73a5a6177,954886.0,True,case_009,5,0.0,1.0,1.0086049712807281,1.0086049712807281
82266.0,aafa802cd0ff62e64cf81abaee1ae2aef975aa933448eeb214bc3ddd41058aff,82266.0,aafa802cd0ff62e64cf81abaee1ae2aef975aa933448eeb214bc3ddd41058aff,0.0,0.0,82266.0,aafa802cd0ff62e64cf81abaee1ae2aef975aa933448eeb214bc3ddd41058aff,384078.0,True,case_010,1,0.0,1.0,1.0,1.0
46568.0,63c3c979d6685efd4d33f701695d7655d1892abf408ae35f942b4985dd014282,46568.0,63c3c979d6685efd4d33f701695d7655d1892abf408ae35f942b4985dd014282,48384.0,0.11188035018105637,46568.0,63c3c979d6685efd4d33f701695d7655d1892abf408ae35f942b4985dd014282,384078.0,True,case_010,2,0.0,1.0,1.0,1.0
32889.0,5ace6c06b9585acdfa157c5d650b3bee4018afebd24e9c9468ff0176cdb9244c,32889.0,5ace6c06b9585acdfa157c5d650b3bee4018afebd24e9c9468ff0176cdb9244c,69120.0,0.1525161187825189,32889.0,5ace6c06b9585acdfa157c5d650b3bee4018afebd24e9c9468ff0176cdb9244c,384078.0,True,case_010,3,0.0,1.0,1.0,1.0
29918.0,50db4c685221ec1725c52675db47c624e19b8818825a8300e39edb50b882d696,29858.0,50db4c685221ec1725c52675db47c624e19b8818825a8300e39edb50b882d696,49536.0,0.10301843001709488,29858.0,50db4c685221ec1725c52675db47c624e19b8818825a8300e39edb50b882d696,431310.0,True,case_010,4,0.0,1.0,1.0020095116886596,1.0020095116886596
31019.0,d441a47f96302c92408c8b357cde347d41b51de2c1a4f83996614ad0539ab933,30621.0,d441a47f96302c92408c8b357cde347d41b51de2c1a4f83996614ad0539ab933,99072.0,0.18720027209341875,30621.0,d441a47f96302c92408c8b357cde347d41b51de2c1a4f83996614ad0539ab933,430158.0,True,case_010,5,0.0,1.0,1.012997616015153,1.012997616015153
186023.0,078791cf8cae931c63390790914ffb5c7f019805dd37b269635cec40074acdb5,186023.0,078791cf8cae931c63390790914ffb5c7f019805dd37b269635cec40074acdb5,4096.0,0.006535947712418301,186023.0,078791cf8cae931c63390790914ffb5c7f019805dd37b269635cec40074acdb5,622592.0,True,case_011,1,0.0,1.0,1.0,1.0
92646.0,d6bbfafe92ef2f32c3876ef7991ccca8030e32d9dbe9809cd73771841c6c9cca,92646.0,d6bbfafe92ef2f32c3876ef7991ccca8030e32d9dbe9809cd73771841c6c9cca,0.0,0.0,92646.0,d6bbfafe92ef2f32c3876ef7991ccca8030e32d9dbe9809cd73771841c6c9cca,720896.0,True,case_011,2,0.0,1.0,1.0,1.0
69625.0,f87d5be7e2d332721db82bf0aa53640a3356ff7167d47442b008dbf85e3dce25,69625.0,f87d5be7e2d332721db82bf0aa53640a3356ff7167d47442b008dbf85e3dce25,919552.0,0.5669191919191919,69625.0,f87d5be7e2d332721db82bf0aa53640a3356ff7167d47442b008dbf85e3dce25,702464.0,True,case_011,3,0.0,1.0,1.0,1.0
46880.0,4b44b69c0f02d4aac53aa4bfc86e317c46a7664b2899b7e554ba3dd492a6ea96,46880.0,4b44b69c0f02d4aac53aa4bfc86e317c46a7664b2899b7e554ba3dd492a6ea96,0.0,0.0,46880.0,4b44b69c0f02d4aac53aa4bfc86e317c46a7664b2899b7e554ba3dd492a6ea96,1081344.0,True,case_011,4,0.0,1.0,1.0,1.0
47287.0,fad3efa6189e5616cdba353b27889880b6b1f8ff16a8ae7b526f4b716fc56771,46777.0,fad3efa6189e5616cdba353b27889880b6b1f8ff16a8ae7b526f4b716fc56771,1347584.0,0.6231060606060606,46777.0,fad3efa6189e5616cdba353b27889880b6b1f8ff16a8ae7b526f4b716fc56771,815104.0,True,case_011,5,0.0,1.0,1.0109027941082156,1.0109027941082156
50002.0,47025d31a8df3fee9b0263ad479d08ed7b0a9a3cda8c1960177213139605224c,49967.0,47025d31a8df3fee9b0263ad479d08ed7b0a9a3cda8c1960177213139605224c,8192.0,0.016503352243424446,49967.0,47025d31a8df3fee9b0263ad479d08ed7b0a9a3cda8c1960177213139605224c,488192.0,True,case_012,1,0.0,1.0,1.0007004623051214,1.0007004623051214
30058.0,36bb408f71c608a1f5d589ea27d9b734703686076bfd0969ad25ae308f6053ac,30058.0,36bb408f71c608a1f5d589ea27d9b734703686076bfd0969ad25ae308f6053ac,29376.0,0.057210519755702356,30058.0,36bb408f71c608a1f5d589ea27d9b734703686076bfd0969ad25ae308f6053ac,484096.0,True,case_012,2,0.0,1.0,1.0,1.0
20661.0,2dc0ae27db651f544f92450ec19ff0186f3a746ced3953d1e2762975f9cf6e24,20661.0,2dc0ae27db651f544f92450ec19ff0186f3a746ced3953d1e2762975f9cf6e24,39168.0,0.074853228962818,20661.0,2dc0ae27db651f544f92450ec19ff0186f3a746ced3953d1e2762975f9cf6e24,484096.0,True,case_012,3,0.0,1.0,1.0,1.0
15863.0,336052cc7f990a6b43d607a3a7d7bbde119b3a1398acaebca6eb984f63c121a7,15863.0,336052cc7f990a6b43d607a3a7d7bbde119b3a1398acaebca6eb984f63c121a7,49536.0,0.09282801631086592,15863.0,336052cc7f990a6b43d607a3a7d7bbde119b3a1398acaebca6eb984f63c121a7,484096.0,True,case_012,4,0.0,1.0,1.0,1.0
13406.0,0d5b9fb56e46d3a9a54cdbeab31469fac0597b13d2c9d65878000008b74e1c4f,13406.0,0d5b9fb56e46d3a9a54cdbeab31469fac0597b13d2c9d65878000008b74e1c4f,41280.0,0.07677657421735508,13406.0,0d5b9fb56e46d3a9a54cdbeab31469fac0597b13d2c9d65878000008b74e1c4f,496384.0,True,case_012,5,0.0,1.0,1.0,1.0
379847.0,32203f58bd48563cd3ddbfa14410803b7f62648dd6bdcbbb9713305e75a213fb,309603.0,d6451f010154056d8005d2ada252589098983fa0004bf000e1382f4c94950c66,0.0,0.0,379847.0,32203f58bd48563cd3ddbfa14410803b7f62648dd6bdcbbb9713305e75a213fb,2492416.0,True,case_013,1,0.0,1.2268841064201574,1.0,1.2268841064201574
132198.0,c7f6f41f83c1e564d8c9655ae73a9e5d625760b6f97f5a47a21d47a1380f7655,132198.0,c7f6f41f83c1e564d8c9655ae73a9e5d625760b6f97f5a47a21d47a1380f7655,0.0,0.0,132198.0,c7f6f41f83c1e564d8c9655ae73a9e5d625760b6f97f5a47a21d47a1380f7655,2031616.0,True,case_013,2,0.0,1.0,1.0,1.0
88351.0,8b46900c0d6b850bb5c5252455977633b8e8e2e010b3ae8b30388ea5bccb5fe7,88351.0,8b46900c0d6b850bb5c5252455977633b8e8e2e010b3ae8b30388ea5bccb5fe7,0.0,0.0,88351.0,8b46900c0d6b850bb5c5252455977633b8e8e2e010b3ae8b30388ea5bccb5fe7,2039808.0,True,case_013,3,0.0,1.0,1.0,1.0
66982.0,ef7496f0a3bf94ca6f80de5be0949bd1fdfe0a0a79419feb05e826be91097975,66982.0,ef7496f0a3bf94ca6f80de5be0949bd1fdfe0a0a79419feb05e826be91097975,0.0,0.0,66982.0,ef7496f0a3bf94ca6f80de5be0949bd1fdfe0a0a79419feb05e826be91097975,2048000.0,True,case_013,4,0.0,1.0,1.0,1.0
54363.0,b7a1c107ba644c78b83da444ea015d4096f35238e5c1b69761a6b584053721b0,54363.0,b7a1c107ba644c78b83da444ea015d4096f35238e5c1b69761a6b584053721b0,0.0,0.0,54363.0,b7a1c107ba644c78b83da444ea015d4096f35238e5c1b69761a6b584053721b0,2056192.0,True,case_013,5,0.0,1.0,1.0,1.0
20060132.0,07c29355afb3d275249b66babf99d396e766b38e8c65fb017023438ad8bb6fb7,20036512.0,07c29355afb3d275249b66babf99d396e766b38e8c65fb017023438ad8bb6fb7,9836544.0,0.05456604684929461,20036512.0,07c29355afb3d275249b66babf99d396e766b38e8c65fb017023438ad8bb6fb7,170432040.0,True,case_014,1,0.0,1.0,1.0011788478952823,1.0011788478952823
8912981.0,2bdf9b595c6ea0782f60965da89bbe438602d078f6699720146275f8ded7616b,8904766.0,2bdf9b595c6ea0782f60965da89bbe438602d078f6699720146275f8ded7616b,21066240.0,0.24598759636914955,8904766.0,2bdf9b595c6ea0782f60965da89bbe438602d078f6699720146275f8ded7616b,64573200.0,True,case_014,2,0.0,1.0,1.0009225396826822,1.0009225396826822
5993652.0,8dd7e7d14341322d244ae043842c80327417063a4abb3762fa2aaae313797795,5957399.0,8dd7e7d14341322d244ae043842c80327417063a4abb3762fa2aaae313797795,27222408.0,0.2895996907578679,5957399.0,8dd7e7d14341322d244ae043842c80327417063a4abb3762fa2aaae313797795,66777720.0,True,case_014,3,0.0,1.0,1.006085373835125,1.006085373835125
4551951.0,b0d249c67620de9573f6a8c8527edf3fd6855844b90c59f33786a4c88fe01a50,4526148.0,b0d249c67620de9573f6a8c8527edf3fd6855844b90c59f33786a4c88fe01a50,32346048.0,0.3236544137247038,4526148.0,b0d249c67620de9573f6a8c8527edf3fd6855844b90c59f33786a4c88fe01a50,67594032.0,True,case_014,4,0.0,1.0,1.0057008741207756,1.0057008741207756
3712893.0,388fb4128b7557bd5c71ed044a18373169f5d834d4f70d98451ccf8a128b8e8f,3700752.0,388fb4128b7557bd5c71ed044a18373169f5d834d4f70d98451ccf8a128b8e8f,30531072.0,0.2938882025000162,3700752.0,388fb4128b7557bd5c71ed044a18373169f5d834d4f70d98451ccf8a128b8e8f,73355616.0,True,case_014,5,0.0,1.0,1.0032806845743785,1.0032806845743785
178946.0,5e631221a365640004d1908fb84ad6016000759dd97621a150df3f2669d28591,178342.0,12b32160836e2555fdcd18015788885893f7fa605777ab6bcc81180418c6e426,180224.0,0.16926255682031632,178535.0,5e631221a365640004d1908fb84ad6016000759dd97621a150df3f2669d28591,884536.0,True,case_015,1,-2.220446049250313e-16,1.0010821903982237,1.002302069622203,1.0033867512980676
90509.0,474aa4ef074922f5755553473bab6d371d6a37820f2666ee902c40c6fd4c5d36,90509.0,474aa4ef074922f5755553473bab6d371d6a37820f2666ee902c40c6fd4c5d36,199936.0,0.18437068895561146,90509.0,474aa4ef074922f5755553473bab6d371d6a37820f2666ee902c40c6fd4c5d36,884488.0,True,case_015,2,0.0,1.0,1.0,1.0
62280.0,792bae47ec1c2f718c1415b4c6a209e52349de7566ed6a9b4aaf5b889c135678,62280.0,792bae47ec1c2f718c1415b4c6a209e52349de7566ed6a9b4aaf5b889c135678,252416.0,0.22202167652683003,62280.0,792bae47ec1c2f718c1415b4c6a209e52349de7566ed6a9b4aaf5b889c135678,884482.0,True,case_015,3,0.0,1.0,1.0,1.0
48727.0,154e9a6a65d8c4ddcd0fde14c7061bd7af5e1ed8cdba448bb5ffed35e987cb2a,48669.0,154e9a6a65d8c4ddcd0fde14c7061bd7af5e1ed8cdba448bb5ffed35e987cb2a,260480.0,0.20893123268464764,48669.0,154e9a6a65d8c4ddcd0fde14c7061bd7af5e1ed8cdba448bb5ffed35e987cb2a,986246.0,True,case_015,4,0.0,1.0,1.001191723684481,1.001191723684481
43665.0,b4c7a8c56a1d7110b007bad1952eefa35297c0dcad6c6a066722a6df25c5f66a,42872.0,b4c7a8c56a1d7110b007bad1952eefa35297c0dcad6c6a066722a6df25c5f66a,303616.0,0.2486890453170127,42872.0,b4c7a8c56a1d7110b007bad1952eefa35297c0dcad6c6a066722a6df25c5f66a,917250.0,True,case_015,5,0.0,1.0,1.0184969210673633,1.0184969210673633
7715523.0,08e9c5ac11ce3a1400c88ae7aad812cf7ecb402ffd697477e7b447b6cc033a2f,7715523.0,58744060b43e29cfe19ba606c92332a280399c529372a6d7fdc8dcb1997015c2,0.0,0.0,7715523.0,08e9c5ac11ce3a1400c88ae7aad812cf7ecb402ffd697477e7b447b6cc033a2f,393216.0,True,case_016,1,0.0,1.0,1.0,1.0
7730025.0,fdd8cf2ffe30227879183cc687cba2c2df2a747dc1cb0910f2126ccd808761cd,7728365.0,fdd8cf2ffe30227879183cc687cba2c2df2a747dc1cb0910f2126ccd808761cd,393216.0,0.3333225960128373,7728365.0,fdd8cf2ffe30227879183cc687cba2c2df2a747dc1cb0910f2126ccd808761cd,786470.0,True,case_016,2,0.0,1.0,1.0002147931677658,1.0002147931677658
7729868.0,f3136d18ec1662ee20fcedab8a16e1933c9ddbb98f84550ffb6129af7ed1651d,7728076.0,f3136d18ec1662ee20fcedab8a16e1933c9ddbb98f84550ffb6129af7ed1651d,491520.0,0.27271819341951953,7728076.0,f3136d18ec1662ee20fcedab8a16e1933c9ddbb98f84550ffb6129af7ed1651d,1310780.0,True,case_016,3,0.0,1.0,1.0002318817775602,1.0002318817775602
7715523.0,43a1606fa9b6ea8003113d7988c3977d6ef0a891a2b0ce23a22b4775db3000db,7715523.0,43a1606fa9b6ea8003113d7988c3977d6ef0a891a2b0ce23a22b4775db3000db,0.0,0.0,7715523.0,43a1606fa9b6ea8003113d7988c3977d6ef0a891a2b0ce23a22b4775db3000db,393216.0,True,case_016,4,0.0,1.0,1.0,1.0
7741232.0,d5d08af9f24eeb32ef4c10751cafad05ecc07c5eb78fb28b0b02eba89b5fd7ae,7740666.0,d5d08af9f24eeb32ef4c10751cafad05ecc07c5eb78fb28b0b02eba89b5fd7ae,1015808.0,0.33332239549220943,7740666.0,d5d08af9f24eeb32ef4c10751cafad05ecc07c5eb78fb28b0b02eba89b5fd7ae,2031716.0,True,case_016,5,0.0,1.0,1.0000731203232383,1.0000731203232383
167826.0,5ffafe3dabbec076afbfc850ffe1975a47082abf6e759b65ea17d9f9e98a7920,167609.0,5ffafe3dabbec076afbfc850ffe1975a47082abf6e759b65ea17d9f9e98a7920,75776.0,0.10366215680105063,167609.0,5ffafe3dabbec076afbfc850ffe1975a47082abf6e759b65ea17d9f9e98a7920,655214.0,True,case_017,1,0.0,1.0,1.0012946798799587,1.0012946798799587
81772.0,75f4fc81869358033e7e867e5e398c60492bcf28357ba13908db3cf504db47c1,81772.0,75f4fc81869358033e7e867e5e398c60492bcf28357ba13908db3cf504db47c1,8064.0,0.012950680135545314,81772.0,75f4fc81869358033e7e867e5e398c60492bcf28357ba13908db3cf504db47c1,614606.0,True,case_017,2,0.0,1.0,1.0,1.0
55389.0,f3d683768fd44bf5db18c80ef32ed821b47fff21ca01010b947f0710401fadd3,55389.0,f3d683768fd44bf5db18c80ef32ed821b47fff21ca01010b947f0710401fadd3,92160.0,0.12976224335489467,55389.0,f3d683768fd44bf5db18c80ef32ed821b47fff21ca01010b947f0710401fadd3,618062.0,True,case_017,3,0.0,1.0,1.0,1.0
41209.0,060e7e8285daad5caf4239295e90101181f99794a1dd53bef7f6e56d7de57e00,41209.0,060e7e8285daad5caf4239295e90101181f99794a1dd53bef7f6e56d7de57e00,251136.0,0.31847498852335526,41209.0,060e7e8285daad5caf4239295e90101181f99794a1dd53bef7f6e56d7de57e00,537422.0,True,case_017,4,0.0,1.0,1.0,1.0
34231.0,712115ae10db018a520d42f77c9c5eb07d7ae55b692b67df5593a31dc9789ce5,34231.0,712115ae10db018a520d42f77c9c5eb07d7ae55b692b67df5593a31dc9789ce5,188928.0,0.21621275202962673,34231.0,712115ae10db018a520d42f77c9c5eb07d7ae55b692b67df5593a31dc9789ce5,684878.0,True,case_017,5,0.0,1.0,1.0,1.0
1050284.0,6b2dc7570e6808bf2accc3f06c368d96e5c1313718693753f033960e75067890,1003110.0,35bd5e6c6eb42e8e5b7bd7186cd4a8145db1ed5c021ed89a638fd170b997a3d7,1224704.0,0.34375031576536474,1048574.0,6b2dc7570e6808bf2accc3f06c368d96e5c1313718693753f033960e75067890,2338068.0,True,case_018,1,0.0,1.0453230453290268,1.0016307861915326,1.04702774371704
504468.0,ef8ed7f553b6f3b18b992a4d60d44db66a4c0558cb2270e71b9e319c87693c88,502571.0,ef8ed7f553b6f3b18b992a4d60d44db66a4c0558cb2270e71b9e319c87693c88,2450432.0,0.505677029636117,502571.0,ef8ed7f553b6f3b18b992a4d60d44db66a4c0558cb2270e71b9e319c87693c88,2395412.0,True,case_018,2,0.0,1.0,1.0037745910528064,1.0037745910528064
341047.0,1a22402f52d67a67520db9ccf85e53a1e40912492363502cc82d1e16c8c156a9,338488.0,1a22402f52d67a67520db9ccf85e53a1e40912492363502cc82d1e16c8c156a9,3557376.0,0.6255774153317619,338488.0,1a22402f52d67a67520db9ccf85e53a1e40912492363502cc82d1e16c8c156a9,2129172.0,True,case_018,3,0.0,1.0,1.007560090756541,1.007560090756541
253676.0,39ccdf7eaf5c349cabc8d4e537b1055e4c4776ed70e3088be261da957eae0107,253384.0,39ccdf7eaf5c349cabc8d4e537b1055e4c4776ed70e3088be261da957eae0107,3673088.0,0.5623782410614164,253384.0,39ccdf7eaf5c349cabc8d4e537b1055e4c4776ed70e3088be261da957eae0107,2858260.0,True,case_018,4,0.0,1.0,1.0011524010987276,1.0011524010987276
205219.0,7cb917c4f0506d08389a659a251b6bbd20b35fe04a59812c803715423995fba3,201659.0,7cb917c4f0506d08389a659a251b6bbd20b35fe04a59812c803715423995fba3,3969664.0,0.5721728090845094,201659.0,7cb917c4f0506d08389a659a251b6bbd20b35fe04a59812c803715423995fba3,2968212.0,True,case_018,5,0.0,1.0,1.0176535636891981,1.0176535636891981
70264.0,8aec9edeeb8f94502dfdcd38fffd2941155f5a1cf0cc1be84140debb4fe8770e,70264.0,8aec9edeeb8f94502dfdcd38fffd2941155f5a1cf0cc1be84140debb4fe8770e,0.0,0.0,70264.0,8aec9edeeb8f94502dfdcd38fffd2941155f5a1cf0cc1be84140debb4fe8770e,182324.0,True,case_019,1,0.0,1.0,1.0,1.0
41382.0,56d05bcd5a6156e5aa4b197ac44b0abe42166153bcd858dffccfdd780a0f8a87,41382.0,56d05bcd5a6156e5aa4b197ac44b0abe42166153bcd858dffccfdd780a0f8a87,27168.0,0.13161515357039047,41382.0,56d05bcd5a6156e5aa4b197ac44b0abe42166153bcd858dffccfdd780a0f8a87,179252.0,True,case_019,2,0.0,1.0,1.0,1.0
28657.0,e61cba850b6e2a35538d279d99351b44888ff6e6954505ae17fd87351b970b63,28657.0,e61cba850b6e2a35538d279d99351b44888ff6e6954505ae17fd87351b970b63,54336.0,0.23261468911074198,28657.0,e61cba850b6e2a35538d279d99351b44888ff6e6954505ae17fd87351b970b63,179252.0,True,case_019,3,0.0,1.0,1.0,1.0
24099.0,9bff7478c5b217d79ff514c062ec84dfca70634697a4862b5b3aeae9ca3a1d59,24099.0,9bff7478c5b217d79ff514c062ec84dfca70634697a4862b5b3aeae9ca3a1d59,46144.0,0.19754439440382213,24099.0,9bff7478c5b217d79ff514c062ec84dfca70634697a4862b5b3aeae9ca3a1d59,187444.0,True,case_019,4,0.0,1.0,1.0,1.0
24202.0,908d7001d31a34c370d6367bb60115873183d980fc5db1966d92836b69c11c6c,24202.0,908d7001d31a34c370d6367bb60115873183d980fc5db1966d92836b69c11c6c,5184.0,0.019880654711684487,24202.0,908d7001d31a34c370d6367bb60115873183d980fc5db1966d92836b69c11c6c,255572.0,True,case_019,5,0.0,1.0,1.0,1.0
585872.0,e00d5f1c96ab915f42aed9af77726edede4220b170ff0dac2626e9fa05238d2f,542830.0,c04a47b963785841b6e05477d2067c10968f3a29abd48e28cc5edc76b0a9d818,0.0,0.0,585872.0,e00d5f1c96ab915f42aed9af77726edede4220b170ff0dac2626e9fa05238d2f,8028160.0,True,case_020,1,0.0,1.0792918593298086,1.0,1.0792918593298086
266580.0,0f56d6139919dfc71c5b305e82c5e38427f025f61a04f46d3841e030affd132b,266580.0,0f56d6139919dfc71c5b305e82c5e38427f025f61a04f46d3841e030affd132b,0.0,0.0,266580.0,0f56d6139919dfc71c5b305e82c5e38427f025f61a04f46d3841e030affd132b,1179648.0,True,case_020,2,0.0,1.0,1.0,1.0
177950.0,b61ac7a033f61790324665af068f9419a6ce53b1ee6a39694a64d3aa7a711b79,177950.0,b61ac7a033f61790324665af068f9419a6ce53b1ee6a39694a64d3aa7a711b79,0.0,0.0,177950.0,b61ac7a033f61790324665af068f9419a6ce53b1ee6a39694a64d3aa7a711b79,1179648.0,True,case_020,3,0.0,1.0,1.0,1.0
133704.0,9d0d0f797d024a3d0a2ab8c6dbd25db4e0f0730c9309c1c026205ee49f33239b,133704.0,9d0d0f797d024a3d0a2ab8c6dbd25db4e0f0730c9309c1c026205ee49f33239b,0.0,0.0,133704.0,9d0d0f797d024a3d0a2ab8c6dbd25db4e0f0730c9309c1c026205ee49f33239b,1179648.0,True,case_020,4,0.0,1.0,1.0,1.0
107650.0,1a72f7a694977791f738c2919d0fd8f1b963aea3f0c22e7d7fc48f4ca8643976,107650.0,1a72f7a694977791f738c2919d0fd8f1b963aea3f0c22e7d7fc48f4ca8643976,0.0,0.0,107650.0,1a72f7a694977791f738c2919d0fd8f1b963aea3f0c22e7d7fc48f4ca8643976,1179648.0,True,case_020,5,0.0,1.0,1.0,1.0
7425410.0,db714763e3ddfced12e91166f14a778010810823d6abb1d7779a031331aad6e4,6899824.0,1055dd175acdd64460ac6b2bd7261731b6d51768d319068ce0759ad087fde27b,3272704.0,0.17186491718649172,7383803.0,db714763e3ddfced12e91166f14a778010810823d6abb1d7779a031331aad6e4,15769600.0,True,case_021,1,0.0,1.0701436732299259,1.0056349011478232,1.076173827042545
3194570.0,2b25baf86e28022f3828aa1b22be1064bda16f142c04a3126a277c281af6ce50,3193634.0,2b25baf86e28022f3828aa1b22be1064bda16f142c04a3126a277c281af6ce50,1204224.0,0.21777777777777776,3193634.0,2b25baf86e28022f3828aa1b22be1064bda16f142c04a3126a277c281af6ce50,4325376.0,True,case_021,2,0.0,1.0,1.0002930830520969,1.0002930830520969
2144024.0,347c4acfc72625ec9f6d0c37e44b08c52e10af0410b8008fbc44e43d33ff2609,2142851.0,347c4acfc72625ec9f6d0c37e44b08c52e10af0410b8008fbc44e43d33ff2609,5525504.0,0.5459328207203561,2142851.0,347c4acfc72625ec9f6d0c37e44b08c52e10af0410b8008fbc44e43d33ff2609,4595712.0,True,case_021,3,0.0,1.0,1.0005474015692177,1.0005474015692177
1550324.0,5651d0bf527dad96b5fbf8f82a81990b67c2c68b9518e8552eab4c5d4b77f360,1550324.0,5651d0bf527dad96b5fbf8f82a81990b67c2c68b9518e8552eab4c5d4b77f360,0.0,0.0,1550324.0,5651d0bf527dad96b5fbf8f82a81990b67c2c68b9518e8552eab4c5d4b77f360,6963200.0,True,case_021,4,0.0,1.0,1.0,1.0
1250168.0,f564a562bcf76cbd8294a395c35f57fc0532eb4f2458a69e10d9df8bd90fdc8e,1249380.0,f564a562bcf76cbd8294a395c35f57fc0532eb4f2458a69e10d9df8bd90fdc8e,7858176.0,0.5699643493761141,1249380.0,f564a562bcf76cbd8294a395c35f57fc0532eb4f2458a69e10d9df8bd90fdc8e,5928960.0,True,case_021,5,0.0,1.0,1.0006307128335654,1.0006307128335654
54906.0,c0bdc85122772cb74075c0c8f7bc327c431f7709c380e802c283c7a97868487d,54906.0,c0bdc85122772cb74075c0c8f7bc327c431f7709c380e802c283c7a97868487d,26624.0,0.10419373522643666,54906.0,c0bdc85122772cb74075c0c8f7bc327c431f7709c380e802c283c7a97868487d,228900.0,True,case_022,1,0.0,1.0,1.0,1.0
28324.0,ef56bd0019912b5409f96701ced99b760b7a6c52fca79ddb4e0fea7f75145bc6,28324.0,ef56bd0019912b5409f96701ced99b760b7a6c52fca79ddb4e0fea7f75145bc6,6912.0,0.03135376408469871,28324.0,ef56bd0019912b5409f96701ced99b760b7a6c52fca79ddb4e0fea7f75145bc6,213540.0,True,case_022,2,0.0,1.0,1.0,1.0
19026.0,231ef8c9505efa0ee5b9bff254fd59e0250b0188e5ebd8a6b58aa2284587e3d4,19026.0,231ef8c9505efa0ee5b9bff254fd59e0250b0188e5ebd8a6b58aa2284587e3d4,13824.0,0.060801182245210326,19026.0,231ef8c9505efa0ee5b9bff254fd59e0250b0188e5ebd8a6b58aa2284587e3d4,213540.0,True,case_022,3,0.0,1.0,1.0,1.0
14526.0,3faf2b29d78542f83c598303d3ba4fd09821612e0847f439ef62fef0677d8a88,14526.0,3faf2b29d78542f83c598303d3ba4fd09821612e0847f439ef62fef0677d8a88,13824.0,0.060801182245210326,14526.0,3faf2b29d78542f83c598303d3ba4fd09821612e0847f439ef62fef0677d8a88,213540.0,True,case_022,4,0.0,1.0,1.0,1.0
11824.0,3fc0ccfb5398c119ed7b40330b3186e52dd30df9dcbf5dd22d58e087785bf194,11824.0,3fc0ccfb5398c119ed7b40330b3186e52dd30df9dcbf5dd22d58e087785bf194,20736.0,0.08851098704092608,11824.0,3fc0ccfb5398c119ed7b40330b3186e52dd30df9dcbf5dd22d58e087785bf194,213540.0,True,case_022,5,0.0,1.0,1.0,1.0
116685.0,d77ad6b3fbebaba0962e77cae047522776156401b027ef9dc0e3499c187402b0,116571.0,d77ad6b3fbebaba0962e77cae047522776156401b027ef9dc0e3499c187402b0,59392.0,0.09877397337732749,116571.0,d77ad6b3fbebaba0962e77cae047522776156401b027ef9dc0e3499c187402b0,541900.0,True,case_023,1,0.0,1.0,1.0009779447718559,1.0009779447718559
61501.0,6f3bcf1714c90a1bc049c0184ae8be5724088ef1ec18d8926397e936332509af,61501.0,6f3bcf1714c90a1bc049c0184ae8be5724088ef1ec18d8926397e936332509af,84384.0,0.1627445005457989,61501.0,6f3bcf1714c90a1bc049c0184ae8be5724088ef1ec18d8926397e936332509af,434122.0,True,case_023,2,0.0,1.0,1.0,1.0
41403.0,ecc8c68ca82c2934d744f00216ced677978da04753fbd0314078a5a6c1da0ba9,41403.0,ecc8c68ca82c2934d744f00216ced677978da04753fbd0314078a5a6c1da0ba9,59808.0,0.10535921276543271,41403.0,ecc8c68ca82c2934d744f00216ced677978da04753fbd0314078a5a6c1da0ba9,507850.0,True,case_023,3,0.0,1.0,1.0,1.0
30142.0,93d73db2aaa430da77917e5698b57927336c7a693e824b4ce2a87336a6f4c665,30142.0,93d73db2aaa430da77917e5698b57927336c7a693e824b4ce2a87336a6f4c665,281280.0,0.39317754213714806,30142.0,93d73db2aaa430da77917e5698b57927336c7a693e824b4ce2a87336a6f4c665,434122.0,True,case_023,4,0.0,1.0,1.0,1.0
24517.0,0ef430f242cb8b7435a85bae0eac1c7308edd3acd6f7a7fa1fb7bdf45c696a32,24517.0,0ef430f242cb8b7435a85bae0eac1c7308edd3acd6f7a7fa1fb7bdf45c696a32,148032.0,0.20996434214520152,24517.0,0ef430f242cb8b7435a85bae0eac1c7308edd3acd6f7a7fa1fb7bdf45c696a32,557002.0,True,case_023,5,0.0,1.0,1.0,1.0
2555343.0,f8fdde0b116790f6a8bc898df4e55b02a5d23acb0b874a61f2b6b4b35cc9c298,2555343.0,b19109b7f74049e4bb0f2e28739ac1999fdb18a63555f953f081b3029382df76,0.0,0.0,2555343.0,f8fdde0b116790f6a8bc898df4e55b02a5d23acb0b874a61f2b6b4b35cc9c298,393216.0,True,case_024,1,0.0,1.0,1.0,1.0
2562266.0,234a4547fbe9e19311d16948d545559b9a18b0f809aca15109ae606e93e47144,2562266.0,234a4547fbe9e19311d16948d545559b9a18b0f809aca15109ae606e93e47144,393216.0,0.3636235853750109,2562266.0,234a4547fbe9e19311d16948d545559b9a18b0f809aca15109ae606e93e47144,688166.0,True,case_024,2,0.0,1.0,1.0,1.0
2569688.0,b699abce2109f873d8b97ffe7c153bab126f596219943be46d5f27af78bf9525,2567896.0,b699abce2109f873d8b97ffe7c153bab126f596219943be46d5f27af78bf9525,491520.0,0.27271819341951953,2567896.0,b699abce2109f873d8b97ffe7c153bab126f596219943be46d5f27af78bf9525,1310780.0,True,case_024,3,0.0,1.0,1.0006978475763817,1.0006978475763817
2586270.0,7a3814c3294a2e88762817888cee87dcac522bc5937aed48342839095b3d0166,2580375.0,7a3814c3294a2e88762817888cee87dcac522bc5937aed48342839095b3d0166,917504.0,0.38887471380217364,2580375.0,7a3814c3294a2e88762817888cee87dcac522bc5937aed48342839095b3d0166,1441878.0,True,case_024,4,0.0,1.0,1.0022845516640024,1.0022845516640024
2590252.0,d0cfa96e5896757f33f2434e60185b611ae53ed8d4f668eb64dd3bb8c8175251,2579548.0,d0cfa96e5896757f33f2434e60185b611ae53ed8d4f668eb64dd3bb8c8175251,1179648.0,0.3912908490228078,2579548.0,d0cfa96e5896757f33f2434e60185b611ae53ed8d4f668eb64dd3bb8c8175251,1835112.0,True,case_024,5,0.0,1.0,1.0041495641872142,1.0041495641872142
6233412.0,ae00cb725de532e001cfee95670c7659961c74bf4c456348124d248190fdf5fb,5823114.0,640890680e1359d4cf7467e635955626b77b8a11b79a55fbb8e5a504e00f126a,0.0,0.0,6233412.0,ae00cb725de532e001cfee95670c7659961c74bf4c456348124d248190fdf5fb,14747136.0,True,case_025,1,0.0,1.0704602382848765,1.0,1.0704602382848765
2431840.0,fce6c67cc61f6ccc904e9c7fc43cd5ae16cd9434547fb13b4255cd4492f2df03,2431840.0,fce6c67cc61f6ccc904e9c7fc43cd5ae16cd9434547fb13b4255cd4492f2df03,0.0,0.0,2431840.0,fce6c67cc61f6ccc904e9c7fc43cd5ae16cd9434547fb13b4255cd4492f2df03,4150272.0,True,case_025,2,0.0,1.0,1.0,1.0
1622164.0,42556d6b216149eb3272e198f66cbb2b0b0088b561d7036b9bfd3dd0024668b4,1622164.0,42556d6b216149eb3272e198f66cbb2b0b0088b561d7036b9bfd3dd0024668b4,0.0,0.0,1622164.0,42556d6b216149eb3272e198f66cbb2b0b0088b561d7036b9bfd3dd0024668b4,4177920.0,True,case_025,3,0.0,1.0,1.0,1.0
1217444.0,01f12301d9b34721237ff35ee4eccdbf74dc606882267d80c6b951e35d82391a,1217444.0,01f12301d9b34721237ff35ee4eccdbf74dc606882267d80c6b951e35d82391a,0.0,0.0,1217444.0,01f12301d9b34721237ff35ee4eccdbf74dc606882267d80c6b951e35d82391a,4205568.0,True,case_025,4,0.0,1.0,1.0,1.0
975282.0,7d9d44a49a3cc3080fb1b1fee89fe07be1e50f2cd043f4b78ca9c991a85d4cb9,975282.0,7d9d44a49a3cc3080fb1b1fee89fe07be1e50f2cd043f4b78ca9c991a85d4cb9,0.0,0.0,975282.0,7d9d44a49a3cc3080fb1b1fee89fe07be1e50f2cd043f4b78ca9c991a85d4cb9,4233216.0,True,case_025,5,0.0,1.0,1.0,1.0
95307.0,bde75034e3e89c0e2df10b4ff80ee05e23b74279d7338c3a5fc8e3d1438ce1b9,95307.0,bde75034e3e89c0e2df10b4ff80ee05e23b74279d7338c3a5fc8e3d1438ce1b9,0.0,0.0,95307.0,bde75034e3e89c0e2df10b4ff80ee05e23b74279d7338c3a5fc8e3d1438ce1b9,488886.0,True,case_026,1,0.0,1.0,1.0,1.0
55057.0,d09015c79d7877cb7d65c3aedd049394c5123733e51f0b41277471ec16efd1c4,55057.0,d09015c79d7877cb7d65c3aedd049394c5123733e51f0b41277471ec16efd1c4,21936.0,0.04294255141712769,55057.0,d09015c79d7877cb7d65c3aedd049394c5123733e51f0b41277471ec16efd1c4,488886.0,True,case_026,2,0.0,1.0,1.0,1.0
41665.0,01f9445b679bfe91344bd30d19590defd8bf7850d3debf001e587657a3d9f37c,41665.0,01f9445b679bfe91344bd30d19590defd8bf7850d3debf001e587657a3d9f37c,95664.0,0.16365409289196817,41665.0,01f9445b679bfe91344bd30d19590defd8bf7850d3debf001e587657a3d9f37c,488886.0,True,case_026,3,0.0,1.0,1.0,1.0
42208.0,60a4945d01885134c03092b38d3985887947d5478aa1f88ca914bf26cc2b1512,42208.0,60a4945d01885134c03092b38d3985887947d5478aa1f88ca914bf26cc2b1512,191328.0,0.2812761866118604,42208.0,60a4945d01885134c03092b38d3985887947d5478aa1f88ca914bf26cc2b1512,488886.0,True,case_026,4,0.0,1.0,1.0,1.0
45246.0,464eaf84f6b3bc806f6a880067851eea3308ad1367633bb60e11a38d53c42ff6,41655.0,8586bfe306a52c53a3553debf83044955707cbde13c60bbf992c0100296d6e93,21936.0,0.04294255141712769,44374.0,464eaf84f6b3bc806f6a880067851eea3308ad1367633bb60e11a38d53c42ff6,488886.0,True,case_026,5,2.220446049250313e-16,1.0652742767975032,1.019651147068103,1.086208138278718
2341632.0,993d2d02089f6c065a750902ce9475e7f2493dc7987d8578fdef37f5b9bbd4f7,2341632.0,993d2d02089f6c065a750902ce9475e7f2493dc7987d8578fdef37f5b9bbd4f7,0.0,0.0,2341632.0,993d2d02089f6c065a750902ce9475e7f2493dc7987d8578fdef37f5b9bbd4f7,5916672.0,True,case_027,1,0.0,1.0,1.0,1.0
1120962.0,b5712f373819873d12187e00cdccc288c2f8aa198c42b2ccd1b4e886d0ccf033,1120962.0,b5712f373819873d12187e00cdccc288c2f8aa198c42b2ccd1b4e886d0ccf033,319488.0,0.08904109589041095,1120962.0,b5712f373819873d12187e00cdccc288c2f8aa198c42b2ccd1b4e886d0ccf033,3268608.0,True,case_027,2,0.0,1.0,1.0,1.0
2077652.0,3e9abf9fcaec8d4b8bcd4df0b515a21a7fedb118061829f3cfacadbd28ba07b0,2077652.0,3e9abf9fcaec8d4b8bcd4df0b515a21a7fedb118061829f3cfacadbd28ba07b0,24576.0,0.0024198427102238356,2077652.0,3e9abf9fcaec8d4b8bcd4df0b515a21a7fedb118061829f3cfacadbd28ba07b0,10131456.0,True,case_027,3,0.0,1.0,1.0,1.0
559196.0,fcccd6bd8caa66e8c895c7302a717347ea1ee9879dbeb4af31ee160f704b557d,559196.0,fcccd6bd8caa66e8c895c7302a717347ea1ee9879dbeb4af31ee160f704b557d,0.0,0.0,559196.0,fcccd6bd8caa66e8c895c7302a717347ea1ee9879dbeb4af31ee160f704b557d,5160960.0,True,case_027,4,0.0,1.0,1.0,1.0
558753.0,c99765ae26842dbeaf68a1e7ef3a31565d5217c10f975934fecfe66675ef4610,558753.0,c99765ae26842dbeaf68a1e7ef3a31565d5217c10f975934fecfe66675ef4610,327680.0,0.044444444444444446,558753.0,c99765ae26842dbeaf68a1e7ef3a31565d5217c10f975934fecfe66675ef4610,7045120.0,True,case_027,5,0.0,1.0,1.0,1.0
43281233.0,23963cd497d59aa812c6c6f6ad517bd7444da6c34434f759c249b67e7b1d766e,42606375.0,23963cd497d59aa812c6c6f6ad517bd7444da6c34434f759c249b67e7b1d766e,70995456.0,0.35530184112583163,42606375.0,23963cd497d59aa812c6c6f6ad517bd7444da6c34434f759c249b67e7b1d766e,128821848.0,True,case_028,1,0.0,1.0,1.0158393667614294,1.0158393667614294
23638628.0,b5049a0eb8d4a3f827907ae877bba74737c5d59133db81afbe66eb1eced5684c,23615145.0,b5049a0eb8d4a3f827907ae877bba74737c5d59133db81afbe66eb1eced5684c,1319688.0,0.0047431470336763695,23615145.0,b5049a0eb8d4a3f827907ae877bba74737c5d59133db81afbe66eb1eced5684c,276910776.0,True,case_028,2,0.0,1.0,1.0009944042266097,1.0009944042266097
16770711.0,2e37f70947c31db7887b192063656d6a4f96ce05da85b6abd5320ab8305d6d54,16770711.0,2e37f70947c31db7887b192063656d6a4f96ce05da85b6abd5320ab8305d6d54,0.0,0.0,16770711.0,2e37f70947c31db7887b192063656d6a4f96ce05da85b6abd5320ab8305d6d54,278227296.0,True,case_028,3,0.0,1.0,1.0,1.0
13608312.0,43314df706e975b9b55feb38935da33f84e878b525f976fd52148c2103f86fdf,13585418.0,43314df706e975b9b55feb38935da33f84e878b525f976fd52148c2103f86fdf,743688.0,0.0026682384304864775,13585418.0,43314df706e975b9b55feb38935da33f84e878b525f976fd52148c2103f86fdf,277975032.0,True,case_028,4,0.0,1.0,1.0016851892227387,1.0016851892227387
11491035.0,c596c7b1d41495defc89a38232d181f1e91dcf14248cfcd18019728e634b3058,11450794.0,c596c7b1d41495defc89a38232d181f1e91dcf14248cfcd18019728e634b3058,2963736.0,0.010627459809132753,11450794.0,c596c7b1d41495defc89a38232d181f1e91dcf14248cfcd18019728e634b3058,275911560.0,True,case_028,5,0.0,1.0,1.0035142541207187,1.0035142541207187
37821.0,dd9448caad1b189235e00ef76600b780d7c8d6798b1df222b9e7944e63939921,37581.0,dd9448caad1b189235e00ef76600b780d7c8d6798b1df222b9e7944e63939921,49156.0,0.14031822515543022,37581.0,dd9448caad1b189235e00ef76600b780d7c8d6798b1df222b9e7944e63939921,301162.0,True,case_029,1,0.0,1.0,1.0063862057954818,1.0063862057954818
19740.0,2367ae5202f3b6a449fa4689896bc5f275e7ef6366ba51b0bc934155f32e8dc9,19740.0,2367ae5202f3b6a449fa4689896bc5f275e7ef6366ba51b0bc934155f32e8dc9,0.0,0.0,19740.0,2367ae5202f3b6a449fa4689896bc5f275e7ef6366ba51b0bc934155f32e8dc9,258132.0,True,case_029,2,0.0,1.0,1.0,1.0
12743.0,9c925218ca9a1302433cf271aa2a70ebd7b494870b480029b57e5c535eff17eb,12743.0,9c925218ca9a1302433cf271aa2a70ebd7b494870b480029b57e5c535eff17eb,0.0,0.0,12743.0,9c925218ca9a1302433cf271aa2a70ebd7b494870b480029b57e5c535eff17eb,258132.0,True,case_029,3,0.0,1.0,1.0,1.0
11028.0,6483455e9c7ec01b75b14620a59298a39965434597e218ecaa8510724ea97a13,11028.0,6483455e9c7ec01b75b14620a59298a39965434597e218ecaa8510724ea97a13,0.0,0.0,11028.0,6483455e9c7ec01b75b14620a59298a39965434597e218ecaa8510724ea97a13,258132.0,True,case_029,4,0.0,1.0,1.0,1.0
9383.0,bdee8355980eb262ce867510b19fa4e45d2fb766b8b71d942701cc297677631b,9383.0,bdee8355980eb262ce867510b19fa4e45d2fb766b8b71d942701cc297677631b,0.0,0.0,9383.0,bdee8355980eb262ce867510b19fa4e45d2fb766b8b71d942701cc297677631b,258132.0,True,case_029,5,0.0,1.0,1.0,1.0
3462984.0,3990fb082443dce7165527748391d609e3097c186957e0c3351e4e01e32378cb,2940400.0,23e4cb5ee9e853f5a559014a6a4d6f2b2446ba354ff474b572232cef9d44097a,1983488.0,0.14593535749265427,3461842.0,3990fb082443dce7165527748391d609e3097c186957e0c3351e4e01e32378cb,11608064.0,True,case_030,1,0.0,1.1773370969936063,1.000329882184109,1.177725479526595
1403594.0,cfb619d1c3280c6942da62f2c5ec1c2663f361ce6a8fbf9359773043662eee02,1403449.0,cfb619d1c3280c6942da62f2c5ec1c2663f361ce6a8fbf9359773043662eee02,4651008.0,0.46337482146500714,1403449.0,cfb619d1c3280c6942da62f2c5ec1c2663f361ce6a8fbf9359773043662eee02,5386240.0,True,case_030,2,0.0,1.0,1.0001033169000084,1.0001033169000084
933857.0,f5d32c138af74324b063a8d58a89609bfac2538df9e3689b4bd6f0c0231c32f4,933236.0,f5d32c138af74324b063a8d58a89609bfac2538df9e3689b4bd6f0c0231c32f4,6359040.0,0.5465106045938573,933236.0,f5d32c138af74324b063a8d58a89609bfac2538df9e3689b4bd6f0c0231c32f4,5276672.0,True,case_030,3,0.0,1.0,1.000665426537339,1.000665426537339
700342.0,7f561e1db69e481507ab4381a8e2786092e0a3c7a14ed8a1b21fc18145ac5b51,700156.0,7f561e1db69e481507ab4381a8e2786092e0a3c7a14ed8a1b21fc18145ac5b51,7634944.0,0.5965754520723315,700156.0,7f561e1db69e481507ab4381a8e2786092e0a3c7a14ed8a1b21fc18145ac5b51,5163008.0,True,case_030,4,0.0,1.0,1.0002656550825817,1.0002656550825817
561102.0,0110c1372d06d42e19b1dd4cceda66ff1129ee5b72084227d5fae3657099027b,560897.0,0110c1372d06d42e19b1dd4cceda66ff1129ee5b72084227d5fae3657099027b,8255488.0,0.5951133092197535,560897.0,0110c1372d06d42e19b1dd4cceda66ff1129ee5b72084227d5fae3657099027b,5616640.0,True,case_030,5,0.0,1.0,1.0003654859983206,1.0003654859983206
1508033.0,4c02570948e91e029e7176013ebfb81d263f36c6a01fe246a361aa401bcf03e2,1505462.0,4c02570948e91e029e7176013ebfb81d263f36c6a01fe246a361aa401bcf03e2,929280.0,0.07951379940220901,1505462.0,4c02570948e91e029e7176013ebfb81d263f36c6a01fe246a361aa401bcf03e2,10757748.0,True,case_031,1,0.0,1.0,1.001707781398667,1.001707781398667
712596.0,a323aba4e5f4ff3a4adeae64a742f52c7d63f71e8b3e429c245192a2a9225967,711944.0,a323aba4e5f4ff3a4adeae64a742f52c7d63f71e8b3e429c245192a2a9225967,3201024.0,0.43054214277913205,711944.0,a323aba4e5f4ff3a4adeae64a742f52c7d63f71e8b3e429c245192a2a9225967,4233844.0,True,case_031,2,0.0,1.0,1.0009158023664784,1.0009158023664784
473822.0,030cce627f59abdb85ed2cfd9a9d013bf7fbede7daeef3a9245090ad32405493,473000.0,030cce627f59abdb85ed2cfd9a9d013bf7fbede7daeef3a9245090ad32405493,4838400.0,0.4972839727464045,473000.0,030cce627f59abdb85ed2cfd9a9d013bf7fbede7daeef3a9245090ad32405493,4891252.0,True,case_031,3,0.0,1.0,1.001737843551797,1.001737843551797
357987.0,9fd91224e9ed91b2a02f5b7c732f6f4430f1de0a5fb18b99c008947b68b0c0a0,355839.0,9fd91224e9ed91b2a02f5b7c732f6f4430f1de0a5fb18b99c008947b68b0c0a0,4947456.0,0.4880000725965129,355839.0,9fd91224e9ed91b2a02f5b7c732f6f4430f1de0a5fb18b99c008947b68b0c0a0,5190772.0,True,case_031,4,0.0,1.0,1.0060364378272195,1.0060364378272195
285693.0,a65b4562de9244527c0336b6d3d448905448a2e784d5ec30aadd8f7e1d084e46,284489.0,a65b4562de9244527c0336b6d3d448905448a2e784d5ec30aadd8f7e1d084e46,5377536.0,0.5315491457511344,284489.0,a65b4562de9244527c0336b6d3d448905448a2e784d5ec30aadd8f7e1d084e46,4739188.0,True,case_031,5,0.0,1.0,1.0042321495734456,1.0042321495734456
34533.0,046b63424c5e391c88cbc500ceaa6938962e3d944b549948efdf5028c3fe47bc,34533.0,046b63424c5e391c88cbc500ceaa6938962e3d944b549948efdf5028c3fe47bc,0.0,0.0,34533.0,046b63424c5e391c88cbc500ceaa6938962e3d944b549948efdf5028c3fe47bc,279156.0,True,case_032,1,0.0,1.0,1.0,1.0
21040.0,1a662152a089340341dbe2441c4221635d4dd7ba029d4a7fd57be8b5447e4b4d,21040.0,1a662152a089340341dbe2441c4221635d4dd7ba029d4a7fd57be8b5447e4b4d,6216.0,0.0217820949497498,21040.0,1a662152a089340341dbe2441c4221635d4dd7ba029d4a7fd57be8b5447e4b4d,279156.0,True,case_032,2,0.0,1.0,1.0,1.0
14175.0,dace644134a43db63fc2e05fa6ca316a559fa3f58b93856de13a2f13405c09a8,14175.0,dace644134a43db63fc2e05fa6ca316a559fa3f58b93856de13a2f13405c09a8,12432.0,0.04263549940326762,14175.0,dace644134a43db63fc2e05fa6ca316a559fa3f58b93856de13a2f13405c09a8,279156.0,True,case_032,3,0.0,1.0,1.0,1.0
11004.0,7db26efaed2345122501a8f62d281189739992562ae244bbd3bf353393676d36,11004.0,7db26efaed2345122501a8f62d281189739992562ae244bbd3bf353393676d36,18576.0,0.06239168110918544,11004.0,7db26efaed2345122501a8f62d281189739992562ae244bbd3bf353393676d36,279156.0,True,case_032,4,0.0,1.0,1.0,1.0
10496.0,b2ea6085a9885bbce10699c3b220aa9219c504e7c47803298e4cc29152eda104,10479.0,b2ea6085a9885bbce10699c3b220aa9219c504e7c47803298e4cc29152eda104,12432.0,0.04263549940326762,10479.0,b2ea6085a9885bbce10699c3b220aa9219c504e7c47803298e4cc29152eda104,279156.0,True,case_032,5,0.0,1.0,1.0016222922034546,1.0016222922034546
2004121.0,153ec37989d3b71a1001adc77f5873e4c02cef3241cc744f82d26ad8f708ea9e,1817490.0,e4d558080fa3f8b26844206191f5df1eda9e0922a68216fc401f650172f38183,695808.0,0.07034124513288256,2003734.0,153ec37989d3b71a1001adc77f5873e4c02cef3241cc744f82d26ad8f708ea9e,9196084.0,True,case_033,1,0.0,1.1024731910491943,1.000193139408724,1.1026861220694475
889697.0,876d356977317d4d8f7d018c64a74ebee8f88bf161d805a0c44ef79da1b8f101,887951.0,876d356977317d4d8f7d018c64a74ebee8f88bf161d805a0c44ef79da1b8f101,3358752.0,0.351554532133138,887951.0,876d356977317d4d8f7d018c64a74ebee8f88bf161d805a0c44ef79da1b8f101,6195248.0,True,case_033,2,0.0,1.0,1.0019663247183686,1.0019663247183686
592065.0,4bc89dfd9bb145dca642ca7ef80bf824a2aa44a660a0ebffee55ef9b41acff2f,590152.0,4bc89dfd9bb145dca642ca7ef80bf824a2aa44a660a0ebffee55ef9b41acff2f,3780672.0,0.38263246445996474,590152.0,4bc89dfd9bb145dca642ca7ef80bf824a2aa44a660a0ebffee55ef9b41acff2f,6100016.0,True,case_033,3,0.0,1.0,1.0032415377733195,1.0032415377733195
443447.0,cc147e2b37ec813fe97ef43c8758ade5735e116acdb61519d183b008e8817653,442667.0,cc147e2b37ec813fe97ef43c8758ade5735e116acdb61519d183b008e8817653,4311648.0,0.4267072454313262,442667.0,cc147e2b37ec813fe97ef43c8758ade5735e116acdb61519d183b008e8817653,5792816.0,True,case_033,4,0.0,1.0,1.0017620468659285,1.0017620468659285
355102.0,befa54729bdbbd9d1fea69742d57e4b426b9a628c293b9a15eaad471e6f5c21b,354514.0,befa54729bdbbd9d1fea69742d57e4b426b9a628c293b9a15eaad471e6f5c21b,3348096.0,0.31272800094450864,354514.0,befa54729bdbbd9d1fea69742d57e4b426b9a628c293b9a15eaad471e6f5c21b,7358000.0,True,case_033,5,0.0,1.0,1.001658608686822,1.001658608686822
927435.0,f2150044b0777316f12c1691a00503fc286e68557d054c2c5cb025978dc9f443,842733.0,b6eab368d67ebf478fd69c8eeb48c8529f1629c8e7413e4dae6d343d4df2a517,1038336.0,0.309046599146855,926166.0,f2150044b0777316f12c1691a00503fc286e68557d054c2c5cb025978dc9f443,2321468.0,True,case_034,1,0.0,1.0990028870353956,1.0013701647436852,1.1005087020444198
421427.0,1bae2fc25049233283680a700cb5a6ca74f2202d1b374254eb3b2058bcd1280d,421244.0,1bae2fc25049233283680a700cb5a6ca74f2202d1b374254eb3b2058bcd1280d,1951744.0,0.4577277963519563,421244.0,1bae2fc25049233283680a700cb5a6ca74f2202d1b374254eb3b2058bcd1280d,2312240.0,True,case_034,2,0.0,1.0,1.0004344275526773,1.0004344275526773
276994.0,b6ec51312a0dbe707082eec7d3f6f32c32dea7d27393d51d7e85c3b67e34f376,276560.0,b6ec51312a0dbe707082eec7d3f6f32c32dea7d27393d51d7e85c3b67e34f376,2798080.0,0.5475351837066955,276560.0,b6ec51312a0dbe707082eec7d3f6f32c32dea7d27393d51d7e85c3b67e34f376,2312240.0,True,case_034,3,0.0,1.0,1.0015692797223026,1.0015692797223026
212170.0,142f6346fe43a53b4c3591a1bc7f6b0a8696e28b75a64af77850bdf3f9cdaf9f,212170.0,142f6346fe43a53b4c3591a1bc7f6b0a8696e28b75a64af77850bdf3f9cdaf9f,2751488.0,0.5232668883864863,212170.0,142f6346fe43a53b4c3591a1bc7f6b0a8696e28b75a64af77850bdf3f9cdaf9f,2506800.0,True,case_034,4,0.0,1.0,1.0,1.0
170371.0,b0a068dbff51bf9ea1885d19aa6b58ed6c4686979b1a07c522b5488bfd7c44be,168925.0,b0a068dbff51bf9ea1885d19aa6b58ed6c4686979b1a07c522b5488bfd7c44be,3438080.0,0.582540590510943,168925.0,b0a068dbff51bf9ea1885d19aa6b58ed6c4686979b1a07c522b5488bfd7c44be,2463792.0,True,case_034,5,0.0,1.0,1.0085600118395737,1.0085600118395737
175454.0,ff0fa591de8f5d85953d18167e8e7be32bfba1cf14074b1fd755f9f3031eb848,174846.0,a910ab9d8f95b1336dd977838535530a53b36ac876cd08ead11e50085bbd63c9,56320.0,0.11812724687168344,175454.0,ff0fa591de8f5d85953d18167e8e7be32bfba1cf14074b1fd755f9f3031eb848,420454.0,True,case_035,1,0.0,1.0034773457785708,1.0,1.0034773457785708
151830.0,2587bf960b7adb223ccf6e84739395deed65ca1668a363f23374ab0cca1d2580,151830.0,2587bf960b7adb223ccf6e84739395deed65ca1668a363f23374ab0cca1d2580,104998.0,0.12874975475770062,151830.0,2587bf960b7adb223ccf6e84739395deed65ca1668a363f23374ab0cca1d2580,710522.0,True,case_035,2,0.0,1.0,1.0,1.0
155604.0,f0c6619460faa69cdbf7d69ee188975b2a9a43d7e92c19446d0324851ed06150,155561.0,f0c6619460faa69cdbf7d69ee188975b2a9a43d7e92c19446d0324851ed06150,233036.0,0.2586535665369529,155561.0,f0c6619460faa69cdbf7d69ee188975b2a9a43d7e92c19446d0324851ed06150,667922.0,True,case_035,3,0.0,1.0,1.0002764188967672,1.0002764188967672
169571.0,62ad65db50f576654e7a65e5f3616169515299454144c197d8d64f80e028b5cd,169571.0,62ad65db50f576654e7a65e5f3616169515299454144c197d8d64f80e028b5cd,0.0,0.0,169571.0,62ad65db50f576654e7a65e5f3616169515299454144c197d8d64f80e028b5cd,396878.0,True,case_035,4,0.0,1.0,1.0,1.0
157857.0,a7428aa0369b99c8405953bb5b56d647b862f00d07a73fe817aecd5fc7ab673e,157337.0,978004f5b3da79c2f8026c62f9c637df70d5ff36de32e7ca9705e2c921b7fbad,273198.0,0.21170754388004184,157840.0,a7428aa0369b99c8405953bb5b56d647b862f00d07a73fe817aecd5fc7ab673e,1017252.0,True,case_035,5,0.0,1.0031969593928955,1.0001077040040547,1.0033050077222776
1208827.0,ecc8ed6c2de47bafa6cf7bb1c188a15a33dfcec530af082a76b4da0ef3e917a4,1075353.0,4d6f27e49b392590d5e483adcd11176a46a303c4cc6fba9b765afeb69407238a,0.0,0.0,1208827.0,ecc8ed6c2de47bafa6cf7bb1c188a15a33dfcec530af082a76b4da0ef3e917a4,7378048.0,True,case_036,1,0.0,1.1241211025588806,1.0,1.1241211025588806
466068.0,ce9648cba3a10046e8748e7b3b3f22c47028bb457b59ed9da1f1f9474ab453e4,466068.0,ce9648cba3a10046e8748e7b3b3f22c47028bb457b59ed9da1f1f9474ab453e4,0.0,0.0,466068.0,ce9648cba3a10046e8748e7b3b3f22c47028bb457b59ed9da1f1f9474ab453e4,3279104.0,True,case_036,2,0.0,1.0,1.0,1.0
311345.0,433ea2fa6185438107c583ededb5b322a46899d591e53417abd8c4b851cdf0b1,311345.0,433ea2fa6185438107c583ededb5b322a46899d591e53417abd8c4b851cdf0b1,0.0,0.0,311345.0,433ea2fa6185438107c583ededb5b322a46899d591e53417abd8c4b851cdf0b1,3280256.0,True,case_036,3,0.0,1.0,1.0,1.0
233584.0,51d7acad10a8ed748db47a1e48f217ce05f64285fdb2c8510c9f12f09e75b45f,233584.0,51d7acad10a8ed748db47a1e48f217ce05f64285fdb2c8510c9f12f09e75b45f,0.0,0.0,233584.0,51d7acad10a8ed748db47a1e48f217ce05f64285fdb2c8510c9f12f09e75b45f,3281408.0,True,case_036,4,0.0,1.0,1.0,1.0
187182.0,ba017b3ac6cdec2e25aa37b9de5b23363579c20191b98f3ae749deaf399a2b3a,187182.0,ba017b3ac6cdec2e25aa37b9de5b23363579c20191b98f3ae749deaf399a2b3a,0.0,0.0,187182.0,ba017b3ac6cdec2e25aa37b9de5b23363579c20191b98f3ae749deaf399a2b3a,3282560.0,True,case_036,5,0.0,1.0,1.0,1.0
244641.0,d5880a6eed1f518731b2e51b8129929a070e2b9bcf26ee33dbf4abb99c32b76b,244535.0,d5880a6eed1f518731b2e51b8129929a070e2b9bcf26ee33dbf4abb99c32b76b,12288.0,0.00663716814159292,244535.0,d5880a6eed1f518731b2e51b8129929a070e2b9bcf26ee33dbf4abb99c32b76b,1839104.0,True,case_037,1,0.0,1.0,1.000433475780563,1.000433475780563
105374.0,a7077fbc8b0587ebb2259ddc594c228244f5289ac61eafcea3bc7ae6aabee587,105374.0,a7077fbc8b0587ebb2259ddc594c228244f5289ac61eafcea3bc7ae6aabee587,0.0,0.0,105374.0,a7077fbc8b0587ebb2259ddc594c228244f5289ac61eafcea3bc7ae6aabee587,737280.0,True,case_037,2,0.0,1.0,1.0,1.0
74038.0,7ea0d5688b503e6afbfb7b0b70a2894457573339cd32e8e9ec5191cc1dd64952,74038.0,7ea0d5688b503e6afbfb7b0b70a2894457573339cd32e8e9ec5191cc1dd64952,942080.0,0.5897435897435898,74038.0,7ea0d5688b503e6afbfb7b0b70a2894457573339cd32e8e9ec5191cc1dd64952,655360.0,True,case_037,3,0.0,1.0,1.0,1.0
53320.0,b3b9fb5221a864c1e0bc8b00805860f25929f1f4a949461cba92211711c6b83c,53320.0,b3b9fb5221a864c1e0bc8b00805860f25929f1f4a949461cba92211711c6b83c,0.0,0.0,53320.0,b3b9fb5221a864c1e0bc8b00805860f25929f1f4a949461cba92211711c6b83c,1146880.0,True,case_037,4,0.0,1.0,1.0,1.0
43800.0,dbdc2a38d97c07496c9a6a7e8ef46821d79b4c8a5a6534397eb9c5b6499c561f,43013.0,dbdc2a38d97c07496c9a6a7e8ef46821d79b4c8a5a6534397eb9c5b6499c561f,1579008.0,0.6425,43013.0,dbdc2a38d97c07496c9a6a7e8ef46821d79b4c8a5a6534397eb9c5b6499c561f,878592.0,True,case_037,5,0.0,1.0,1.0182967939925138,1.0182967939925138
1589087.0,6ca6eaa6d6a2bb38a8c973b062840ba85916bd334883ea4a085a33390d622f79,1583771.0,6ca6eaa6d6a2bb38a8c973b062840ba85916bd334883ea4a085a33390d622f79,2317824.0,0.15673569015531807,1583771.0,6ca6eaa6d6a2bb38a8c973b062840ba85916bd334883ea4a085a33390d622f79,12470282.0,True,case_038,1,0.0,1.0,1.0033565458642695,1.0033565458642695
674500.0,4d722acbdd407dca2799061725829de47f559ad49fc0f4a853e086df6a8fc7a5,674382.0,4d722acbdd407dca2799061725829de47f559ad49fc0f4a853e086df6a8fc7a5,2672640.0,0.2788309681150929,674382.0,4d722acbdd407dca2799061725829de47f559ad49fc0f4a853e086df6a8fc7a5,6912522.0,True,case_038,2,0.0,1.0,1.000174975014161,1.000174975014161
452248.0,e74d1b145b2e937520f9697ac503e88abfc83b2104bcd9e4021285a68d8230a6,452022.0,e74d1b145b2e937520f9697ac503e88abfc83b2104bcd9e4021285a68d8230a6,3892224.0,0.3573372671221445,452022.0,e74d1b145b2e937520f9697ac503e88abfc83b2104bcd9e4021285a68d8230a6,7000074.0,True,case_038,3,0.0,1.0,1.0004999756649013,1.0004999756649013
339624.0,c0e638842ff230ac57de9c1444f8f5dc02a21f09c3c71a5d647d4675ce07cb59,337813.0,c0e638842ff230ac57de9c1444f8f5dc02a21f09c3c71a5d647d4675ce07cb59,4257280.0,0.3521213315249532,337813.0,c0e638842ff230ac57de9c1444f8f5dc02a21f09c3c71a5d647d4675ce07cb59,7833098.0,True,case_038,4,0.0,1.0,1.0053609541373483,1.0053609541373483
275133.0,8db3ced8752cb5f564eca21ccc860dde59b85a210d7bea30091f6a1d3bbd45f0,272533.0,8db3ced8752cb5f564eca21ccc860dde59b85a210d7bea30091f6a1d3bbd45f0,5265408.0,0.4222018127051008,272533.0,8db3ced8752cb5f564eca21ccc860dde59b85a210d7bea30091f6a1d3bbd45f0,7205898.0,True,case_038,5,0.0,1.0,1.009540129085285,1.009540129085285
1752064.0,62c54a75250f95cf304a85c87184914a85bb5f957c440c59c0f95b5ddfa8889e,1729915.0,62c54a75250f95cf304a85c87184914a85bb5f957c440c59c0f95b5ddfa8889e,2007040.0,0.10063668104333538,1729915.0,62c54a75250f95cf304a85c87184914a85bb5f957c440c59c0f95b5ddfa8889e,17936384.0,True,case_039,1,0.0,1.0,1.0128035192480556,1.0128035192480556
708561.0,12af682ddb9f10bc79ed0d71f245af6f358250d8dcce534453088aa0b6a3efe9,705615.0,12af682ddb9f10bc79ed0d71f245af6f358250d8dcce534453088aa0b6a3efe9,5652480.0,0.3701716738197425,705615.0,12af682ddb9f10bc79ed0d71f245af6f358250d8dcce534453088aa0b6a3efe9,9617408.0,True,case_039,2,0.0,1.0,1.004175081312047,1.004175081312047
485565.0,cb51ec7311bfd4f7ebeccc958fb958b4dcdcbae8ce3cbb27ec285ee3044c5302,483226.0,cb51ec7311bfd4f7ebeccc958fb958b4dcdcbae8ce3cbb27ec285ee3044c5302,7151616.0,0.38602697324784435,483226.0,cb51ec7311bfd4f7ebeccc958fb958b4dcdcbae8ce3cbb27ec285ee3044c5302,11374592.0,True,case_039,3,0.0,1.0,1.0048403852441714,1.0048403852441714
395323.0,8caa5aa90120e3749e1e4883a9259568ed3325598986cafee078c39081bce8bc,368055.0,8caa5aa90120e3749e1e4883a9259568ed3325598986cafee078c39081bce8bc,10428416.0,0.47821187077385424,368055.0,8caa5aa90120e3749e1e4883a9259568ed3325598986cafee078c39081bce8bc,11378688.0,True,case_039,4,0.0,1.0,1.0740867533384957,1.0740867533384957
431161.0,10dda94e637aad3a123f21e4773c673afe5252cfa0c4472a067c98bd7d0b7321,340476.0,10dda94e637aad3a123f21e4773c673afe5252cfa0c4472a067c98bd7d0b7321,9154560.0,0.3708927978758712,340476.0,10dda94e637aad3a123f21e4773c673afe5252cfa0c4472a067c98bd7d0b7321,15527936.0,True,case_039,5,0.0,1.0,1.2663477014532596,1.2663477014532596
254945.0,19e5c8a80b5c89a7f6ca1b91ae61fd5ae686c341932d29b12ce565a8cf1d583c,254840.0,19e5c8a80b5c89a7f6ca1b91ae61fd5ae686c341932d29b12ce565a8cf1d583c,8192.0,0.007932035469521889,254840.0,19e5c8a80b5c89a7f6ca1b91ae61fd5ae686c341932d29b12ce565a8cf1d583c,1024582.0,True,case_040,1,0.0,1.0,1.000412023230262,1.000412023230262
137746.0,9202ab37cc25270f0f38749d4117f90bea1e8e3bec8f1f9607b88a067fe467aa,137720.0,9202ab37cc25270f0f38749d4117f90bea1e8e3bec8f1f9607b88a067fe467aa,53760.0,0.05571365502718321,137720.0,9202ab37cc25270f0f38749d4117f90bea1e8e3bec8f1f9607b88a067fe467aa,911174.0,True,case_040,2,0.0,1.0,1.0001887888469359,1.0001887888469359
110105.0,0f6134472ccdb1ffcd9d9802f9506709f7d9e1bca603e9fe6df5a4f86c3089f1,110105.0,0f6134472ccdb1ffcd9d9802f9506709f7d9e1bca603e9fe6df5a4f86c3089f1,0.0,0.0,110105.0,0f6134472ccdb1ffcd9d9802f9506709f7d9e1bca603e9fe6df5a4f86c3089f1,911174.0,True,case_040,3,0.0,1.0,1.0,1.0
110202.0,b705750293241abe2c62527a789fbcf91efa9f37db50e1fa4be1eacc1deb71ad,110105.0,ea3483406be22ba454189980ace047fa47d38c438a4a6c4d0af097e19be62976,0.0,0.0,110202.0,b705750293241abe2c62527a789fbcf91efa9f37db50e1fa4be1eacc1deb71ad,911174.0,True,case_040,4,0.0,1.0008809772489895,1.0,1.0008809772489895
110337.0,842eca8a2cd453b8aebac9aeb8002182534491416f1c1897c91f41cfde06b03d,110105.0,aa0290ecc8b3f9b12ffd9c32a0dc07e2b4396c36c1e7267121830f58afeabb20,0.0,0.0,110337.0,842eca8a2cd453b8aebac9aeb8002182534491416f1c1897c91f41cfde06b03d,911174.0,True,case_040,5,0.0,1.002107079605831,1.0,1.002107079605831
7050742.0,5017f29b8a6a1f9687f5202cf9d1f581ccfc818eb3772acf16c2602833eee69e,6251871.0,fb549fe0b80b3ccc9e44aafe1e1f3b004919e536fc88decaa643c259cd60c2f3,3514368.0,0.07439843919358335,7039953.0,5017f29b8a6a1f9687f5202cf9d1f581ccfc818eb3772acf16c2602833eee69e,43722752.0,True,case_041,1,0.0,1.1260553840602276,1.0015325386405278,1.1277811074476745
2990398.0,c3af6046a969da89f2999db598a2399893f85306579731f3bc57100651b7ed3a,2988290.0,c3af6046a969da89f2999db598a2399893f85306579731f3bc57100651b7ed3a,8592384.0,0.2224962214620953,2988290.0,c3af6046a969da89f2999db598a2399893f85306579731f3bc57100651b7ed3a,30025728.0,True,case_041,2,0.0,1.0,1.0007054201566783,1.0007054201566783
1991911.0,f7f8cf52fcc63f1bea6f20debe0366b8c22fee4b3c5c1081ed6d269b61e4b390,1989953.0,f7f8cf52fcc63f1bea6f20debe0366b8c22fee4b3c5c1081ed6d269b61e4b390,10368000.0,0.2604970669959864,1989953.0,f7f8cf52fcc63f1bea6f20debe0366b8c22fee4b3c5c1081ed6d269b61e4b390,29432832.0,True,case_041,3,0.0,1.0,1.0009839428368408,1.0009839428368408
1499144.0,52005fc4a6d0c175a7c28255724fcc1a8b85f05241c45f2e1a03ced37c9d2100,1494347.0,52005fc4a6d0c175a7c28255724fcc1a8b85f05241c45f2e1a03ced37c9d2100,15052800.0,0.3417730348050499,1494347.0,52005fc4a6d0c175a7c28255724fcc1a8b85f05241c45f2e1a03ced37c9d2100,28990464.0,True,case_041,4,0.0,1.0,1.0032100977885323,1.0032100977885323
1201884.0,319c2c0194fb13606b5a7ccc04c8e1e78d99874079b65b87a2e2837d2cda9691,1194643.0,319c2c0194fb13606b5a7ccc04c8e1e78d99874079b65b87a2e2837d2cda9691,14902272.0,0.32664467039256617,1194643.0,319c2c0194fb13606b5a7ccc04c8e1e78d99874079b65b87a2e2837d2cda9691,30720000.0,True,case_041,5,0.0,1.0,1.0060612249852048,1.0060612249852048
1771204.0,63dc8a3598d4bfb95d9253eee99d35b267335b0e103d269cface4218aa7b4ca2,1769685.0,63dc8a3598d4bfb95d9253eee99d35b267335b0e103d269cface4218aa7b4ca2,1314816.0,0.10934377237079163,1769685.0,63dc8a3598d4bfb95d9253eee99d35b267335b0e103d269cface4218aa7b4ca2,10709792.0,True,case_042,1,0.0,1.0,1.0008583448466817,1.0008583448466817
849076.0,fd1bf3d90a257b5d340cf286efaab31f9b230605369e70d7c36fcc51a48113eb,845668.0,fd1bf3d90a257b5d340cf286efaab31f9b230605369e70d7c36fcc51a48113eb,3852576.0,0.39403609371011133,845668.0,fd1bf3d90a257b5d340cf286efaab31f9b230605369e70d7c36fcc51a48113eb,5924640.0,True,case_042,2,0.0,1.0,1.0040299502878198,1.0040299502878198
562868.0,9979219827750f99c3bb02282066515c479035d9e60a3438376744bcd7990b72,561628.0,9979219827750f99c3bb02282066515c479035d9e60a3438376744bcd7990b72,4636224.0,0.43332824879541315,561628.0,9979219827750f99c3bb02282066515c479035d9e60a3438376744bcd7990b72,6062880.0,True,case_042,3,0.0,1.0,1.0022078671291317,1.0022078671291317
426511.0,fadda974c8654552c8a19f9f2554742152df839f5b7f84c846dc164d11267e86,423652.0,fadda974c8654552c8a19f9f2554742152df839f5b7f84c846dc164d11267e86,4710240.0,0.4314392740318666,423652.0,fadda974c8654552c8a19f9f2554742152df839f5b7f84c846dc164d11267e86,6207264.0,True,case_042,4,0.0,1.0,1.006748463361438,1.006748463361438
342520.0,9f981ce960e8bb6002b3596e613e45830250aa2fffb9cf12a40c85c7a7adb396,339457.0,9f981ce960e8bb6002b3596e613e45830250aa2fffb9cf12a40c85c7a7adb396,6196800.0,0.4937091284561551,339457.0,9f981ce960e8bb6002b3596e613e45830250aa2fffb9cf12a40c85c7a7adb396,6354720.0,True,case_042,5,0.0,1.0,1.009023234165152,1.009023234165152
675739.0,36350ef2eecb9ba6ceded17cf15db457b937e004f11538264fcf9b151d97d743,675739.0,36350ef2eecb9ba6ceded17cf15db457b937e004f11538264fcf9b151d97d743,49152.0,0.03288181492205019,675739.0,36350ef2eecb9ba6ceded17cf15db457b937e004f11538264fcf9b151d97d743,1445656.0,True,case_043,1,0.0,1.0,1.0,1.0
353851.0,57f6e9d8ca1786f41d65163328c363f7d5865646886d15ab946ad982aeecb652,353851.0,57f6e9d8ca1786f41d65163328c363f7d5865646886d15ab946ad982aeecb652,506880.0,0.261564723439477,353851.0,57f6e9d8ca1786f41d65163328c363f7d5865646886d15ab946ad982aeecb652,1430996.0,True,case_043,2,0.0,1.0,1.0,1.0
268777.0,085c9892e3f5f88be8de23fb7c436841d759f83e19fb82a621a33fbea68b6913,268777.0,085c9892e3f5f88be8de23fb7c436841d759f83e19fb82a621a33fbea68b6913,141312.0,0.08987529192679315,268777.0,085c9892e3f5f88be8de23fb7c436841d759f83e19fb82a621a33fbea68b6913,1431000.0,True,case_043,3,0.0,1.0,1.0,1.0
666701.0,f2aae92af7356279151412d2f3c9584918878148ae1dee588c82da4f48ade4be,666696.0,f2aae92af7356279151412d2f3c9584918878148ae1dee588c82da4f48ade4be,92484.0,0.026660824293510067,666696.0,f2aae92af7356279151412d2f3c9584918878148ae1dee588c82da4f48ade4be,3376426.0,True,case_043,4,0.0,1.0,1.0000074996700146,1.0000074996700146
677656.0,73c0cf7b41ed36e19f9e8b3b400beb6d992c0f354b3529d0896623abfa56a2e6,677656.0,73c0cf7b41ed36e19f9e8b3b400beb6d992c0f354b3529d0896623abfa56a2e6,49152.0,0.03320740032104811,677656.0,73c0cf7b41ed36e19f9e8b3b400beb6d992c0f354b3529d0896623abfa56a2e6,1431000.0,True,case_043,5,0.0,1.0,1.0,1.0
92892.0,84359ac0a7e200d7d4ee68e7f245afb7abc6e6c53ed0d212ca882755f7164f7b,92892.0,84359ac0a7e200d7d4ee68e7f245afb7abc6e6c53ed0d212ca882755f7164f7b,0.0,0.0,92892.0,84359ac0a7e200d7d4ee68e7f245afb7abc6e6c53ed0d212ca882755f7164f7b,991072.0,True,case_044,1,0.0,1.0,1.0,1.0
73924.0,2ae40bec9e2c43ffeebebc5dc6692e17c13c96cfba6fd724d1b6d10bbaf6299f,73924.0,2ae40bec9e2c43ffeebebc5dc6692e17c13c96cfba6fd724d1b6d10bbaf6299f,0.0,0.0,73924.0,2ae40bec9e2c43ffeebebc5dc6692e17c13c96cfba6fd724d1b6d10bbaf6299f,964192.0,True,case_044,2,0.0,1.0,1.0,1.0
96051.0,e645807687bf1a497cac3f2de1f5231952b103852a10368804dfe4f22a4d5230,96051.0,e645807687bf1a497cac3f2de1f5231952b103852a10368804dfe4f22a4d5230,19584.0,0.01903517775496874,96051.0,e645807687bf1a497cac3f2de1f5231952b103852a10368804dfe4f22a4d5230,1009248.0,True,case_044,3,0.0,1.0,1.0,1.0
90531.0,f1aaa72b81db9137c6398aa5e2fd3c9895ba33c1554b408e3aedcf02265c8e6c,90531.0,f1aaa72b81db9137c6398aa5e2fd3c9895ba33c1554b408e3aedcf02265c8e6c,28800.0,0.02698569758028245,90531.0,f1aaa72b81db9137c6398aa5e2fd3c9895ba33c1554b408e3aedcf02265c8e6c,1038432.0,True,case_044,4,0.0,1.0,1.0,1.0
76858.0,1cc84982cefe2247a340fb19ec7894d770d9906808ca56d1e615ef48b4e0739b,75919.0,1cc84982cefe2247a340fb19ec7894d770d9906808ca56d1e615ef48b4e0739b,77888.0,0.07034478772289818,75919.0,1cc84982cefe2247a340fb19ec7894d770d9906808ca56d1e615ef48b4e0739b,1029344.0,True,case_044,5,0.0,1.0,1.0123684453167192,1.0123684453167192
135584.0,84bcdaabb841d16ecd4a633666e2a047b4030b7f28f7403f78f569738861e249,126392.0,730070de9fffe0ba38c7b42cc9bb4650fed74af3bb7c83ff1ccc595d5afe0072,159744.0,0.09154929577464789,133243.0,84bcdaabb841d16ecd4a633666e2a047b4030b7f28f7403f78f569738861e249,1585152.0,True,case_045,1,0.0,1.0542043800240521,1.0175694032707159,1.0727261219064497
63059.0,9c241e8cd704b322c5b9caa83afb9eb525012477c6f9698d5f216fb4cc6cfea0,63059.0,9c241e8cd704b322c5b9caa83afb9eb525012477c6f9698d5f216fb4cc6cfea0,0.0,0.0,63059.0,9c241e8cd704b322c5b9caa83afb9eb525012477c6f9698d5f216fb4cc6cfea0,278528.0,True,case_045,2,0.0,1.0,1.0,1.0
42601.0,3d3c55e1b52c753823ae56b0025069fef2e21bfdfbf8ef4492b4dd53008df704,42601.0,3d3c55e1b52c753823ae56b0025069fef2e21bfdfbf8ef4492b4dd53008df704,0.0,0.0,42601.0,3d3c55e1b52c753823ae56b0025069fef2e21bfdfbf8ef4492b4dd53008df704,278528.0,True,case_045,3,0.0,1.0,1.0,1.0
31878.0,6a87027829442427c448e2b8a344d948f712a26f5c8d24915c0830a2bc2211e9,31878.0,6a87027829442427c448e2b8a344d948f712a26f5c8d24915c0830a2bc2211e9,0.0,0.0,31878.0,6a87027829442427c448e2b8a344d948f712a26f5c8d24915c0830a2bc2211e9,278528.0,True,case_045,4,0.0,1.0,1.0,1.0
26164.0,d1cfdab0379b1a3e91e22c25676b350399d8f8b16ad7d612a203764f6014638e,26164.0,d1cfdab0379b1a3e91e22c25676b350399d8f8b16ad7d612a203764f6014638e,0.0,0.0,26164.0,d1cfdab0379b1a3e91e22c25676b350399d8f8b16ad7d612a203764f6014638e,278528.0,True,case_045,5,0.0,1.0,1.0,1.0
227889.0,a4f10e0531075f4b9d121687c08afd1b62d922ae994f871d73cd1961e95d8d50,227889.0,a4f10e0531075f4b9d121687c08afd1b62d922ae994f871d73cd1961e95d8d50,516096.0,0.3172617291236353,227889.0,a4f10e0531075f4b9d121687c08afd1b62d922ae994f871d73cd1961e95d8d50,1110624.0,True,case_046,1,0.0,1.0,1.0,1.0
166578.0,ecfd8963e36297cfeac5809cd5439c71711fcf1df4848f7d6eb4f23a53024db8,137552.0,ecfd8963e36297cfeac5809cd5439c71711fcf1df4848f7d6eb4f23a53024db8,2591232.0,0.573590037825662,137552.0,ecfd8963e36297cfeac5809cd5439c71711fcf1df4848f7d6eb4f23a53024db8,1926336.0,True,case_046,2,0.0,1.0,1.2110183785041293,1.2110183785041293
142176.0,478e8bc3049ee8c7af65b2c545f539aea94c97a4a3e856fb035f8561a39d6a71,121494.0,478e8bc3049ee8c7af65b2c545f539aea94c97a4a3e856fb035f8561a39d6a71,2160480.0,0.4306133122432839,121494.0,478e8bc3049ee8c7af65b2c545f539aea94c97a4a3e856fb035f8561a39d6a71,2856736.0,True,case_046,3,0.0,1.0,1.1702306286730209,1.1702306286730209
179861.0,7f3044abae4397f900a14585039262ea7f438c96692d39e32a88258441ec30c4,149978.0,873bfdeb52af613b27f20d7e9c917501147cb00e89ebe74a8465e8f3fa92f498,2156992.0,0.4302171956675751,154683.0,7f3044abae4397f900a14585039262ea7f438c96692d39e32a88258441ec30c4,2856736.0,True,case_046,4,0.0,1.031371267785942,1.1627716038607991,1.1992492232194054
181490.0,b72d05c3c9d676f3a663fdc53268cfecc0372117d354ada3ab995fcac0696b10,180844.0,b72d05c3c9d676f3a663fdc53268cfecc0372117d354ada3ab995fcac0696b10,74560.0,0.057631897895075314,180844.0,b72d05c3c9d676f3a663fdc53268cfecc0372117d354ada3ab995fcac0696b10,1219168.0,True,case_046,5,0.0,1.0,1.0035721395235673,1.0035721395235673
324985.0,c88879887fd60b4e0c040899c0dfa1e59a417f02c0ac8a3480dede2886abf8f5,324985.0,c88879887fd60b4e0c040899c0dfa1e59a417f02c0ac8a3480dede2886abf8f5,0.0,0.0,324985.0,c88879887fd60b4e0c040899c0dfa1e59a417f02c0ac8a3480dede2886abf8f5,457286.0,True,case_047,1,0.0,1.0,1.0,1.0
325068.0,49e17c5ba2309c93e5f6f01a1661a57db502b67d786cd1fb4de224749c689241,325068.0,49e17c5ba2309c93e5f6f01a1661a57db502b67d786cd1fb4de224749c689241,70.0,0.00011949389215505528,325068.0,49e17c5ba2309c93e5f6f01a1661a57db502b67d786cd1fb4de224749c689241,585734.0,True,case_047,2,0.0,1.0,1.0,1.0
328135.0,d17ce74cad590109417ec3e185735256ea9f637087ade3f5d08883fe8f960812,328133.0,d17ce74cad590109417ec3e185735256ea9f637087ade3f5d08883fe8f960812,47046.0,0.04512900991675604,328133.0,d17ce74cad590109417ec3e185735256ea9f637087ade3f5d08883fe8f960812,995432.0,True,case_047,3,0.0,1.0,1.0000060950894911,1.0000060950894911
325683.0,bb501b0829caaff7d27ef94394664ae3b5a1bf27949254ca73a51c86d2638bc7,325678.0,bb501b0829caaff7d27ef94394664ae3b5a1bf27949254ca73a51c86d2638bc7,80.0,0.00010282670615212182,325678.0,bb501b0829caaff7d27ef94394664ae3b5a1bf27949254ca73a51c86d2638bc7,777928.0,True,case_047,4,0.0,1.0,1.000015352587525,1.000015352587525
316261.0,f01d1ae568bc0a63f5683555cdc3aedc8ea08ac30010ad5a8b82a25c3b4d3f17,316261.0,f01d1ae568bc0a63f5683555cdc3aedc8ea08ac30010ad5a8b82a25c3b4d3f17,280.0,0.0005301765109083817,316261.0,f01d1ae568bc0a63f5683555cdc3aedc8ea08ac30010ad5a8b82a25c3b4d3f17,527846.0,True,case_047,5,0.0,1.0,1.0,1.0
223338.0,f77e558afff50c49edc3e08f9e69450895326461752a757dde51a2b0199a483f,222614.0,780408b93413de96bffc8ac9014c4611b44a4fc657e95ae3d6c7842f1fab531f,0.0,0.0,223338.0,f77e558afff50c49edc3e08f9e69450895326461752a757dde51a2b0199a483f,410182.0,True,case_048,1,0.0,1.003252266254593,1.0,1.003252266254593
225562.0,57878ce0a190bb61bea241a482f475a804bccba5d0727a8b3281c27520255e22,225562.0,57878ce0a190bb61bea241a482f475a804bccba5d0727a8b3281c27520255e22,70.0,0.00015575076317873957,225562.0,57878ce0a190bb61bea241a482f475a804bccba5d0727a8b3281c27520255e22,449366.0,True,case_048,2,0.0,1.0,1.0,1.0
227793.0,097d8c7f54ad0b413fa6aac8e82995352b1afdaa93bfa143a39a146377453bd4,227793.0,097d8c7f54ad0b413fa6aac8e82995352b1afdaa93bfa143a39a146377453bd4,140.0,0.000280241007266249,227793.0,097d8c7f54ad0b413fa6aac8e82995352b1afdaa93bfa143a39a146377453bd4,499430.0,True,case_048,3,0.0,1.0,1.0,1.0
227870.0,38a0bdd10d09924ebf4c3da2737d6ef41c8fa975ff95e32a15df59501bc73343,227866.0,38a0bdd10d09924ebf4c3da2737d6ef41c8fa975ff95e32a15df59501bc73343,14.0,2.588106541254418e-05,227866.0,38a0bdd10d09924ebf4c3da2737d6ef41c8fa975ff95e32a15df59501bc73343,540922.0,True,case_048,4,0.0,1.0,1.0000175541765775,1.0000175541765775
228173.0,eaa002ed22a2eb92046cdf5c7fee306be6ae24b3e1f7dd345765d4048b2b6a9b,226918.0,40f7724b98ff0d1dcb5d5f6c52446dbfd0573d434e8eb553d980017e7a95c353,792.0,0.001409257684191047,228173.0,eaa002ed22a2eb92046cdf5c7fee306be6ae24b3e1f7dd345765d4048b2b6a9b,561206.0,True,case_048,5,0.0,1.0055306322107544,1.0,1.0055306322107544
199842.0,1afe57ec6be68e74a098718858e770ddb2bba6a9ca8ce7f74758a83b80d4ec58,199842.0,1afe57ec6be68e74a098718858e770ddb2bba6a9ca8ce7f74758a83b80d4ec58,0.0,0.0,199842.0,1afe57ec6be68e74a098718858e770ddb2bba6a9ca8ce7f74758a83b80d4ec58,161720.0,True,case_049,1,0.0,1.0,1.0,1.0
178903.0,4bda744bbafb0c02a5fb386fa6d45c4ec7ad03e3a0e1c36c6482044380556224,178903.0,4bda744bbafb0c02a5fb386fa6d45c4ec7ad03e3a0e1c36c6482044380556224,1190.0,0.002297235209859193,178903.0,4bda744bbafb0c02a5fb386fa6d45c4ec7ad03e3a0e1c36c6482044380556224,516824.0,True,case_049,2,0.0,1.0,1.0,1.0
187317.0,70826c7e508e97a0a88532e159230f367f73dfab365e9d060169c99e3a537f34,187317.0,70826c7e508e97a0a88532e159230f367f73dfab365e9d060169c99e3a537f34,10060.0,0.013324291534439188,187317.0,70826c7e508e97a0a88532e159230f367f73dfab365e9d060169c99e3a537f34,744952.0,True,case_049,3,0.0,1.0,1.0,1.0
199561.0,b3257a114350e4404b4673b0960109d2cfd42ae57b7cd95e0f775e3fc83350f8,196356.0,662c36dedfd17019be9ec879ac0f5ad0f0b416a7b631ff0977a11d73c2a0da15,17264.0,0.02187731267931185,199561.0,b3257a114350e4404b4673b0960109d2cfd42ae57b7cd95e0f775e3fc83350f8,771864.0,True,case_049,4,0.0,1.0163223940190267,1.0,1.0163223940190267
195369.0,598e5f9ab9f079245764b069c0be533a5deea8f016a55a15e6748ec0f4b0a29b,195368.0,598e5f9ab9f079245764b069c0be533a5deea8f016a55a15e6748ec0f4b0a29b,24726.0,0.021602948191716338,195368.0,598e5f9ab9f079245764b069c0be533a5deea8f016a55a15e6748ec0f4b0a29b,1119840.0,True,case_049,5,0.0,1.0,1.000005118545514,1.000005118545514
149846.0,08d1c8d0e08cd9e7162f7f95dd4ed34b5cf81b699ef043850b7513aae2a14d33,149470.0,6273f54740429a31cd56565ba45566a1a5554f55e2cb76e12cdf51a12db2d7a7,77824.0,0.14620107156007425,149846.0,08d1c8d0e08cd9e7162f7f95dd4ed34b5cf81b699ef043850b7513aae2a14d33,454484.0,True,case_050,1,0.0,1.0025155549608618,1.0,1.0025155549608618
149158.0,ed80b9c7e5655b33094dca382a28331cae0eb57cf995e9e52465117157b22f56,149158.0,ed80b9c7e5655b33094dca382a28331cae0eb57cf995e9e52465117157b22f56,122918.0,0.16466657557075606,149158.0,ed80b9c7e5655b33094dca382a28331cae0eb57cf995e9e52465117157b22f56,623548.0,True,case_050,2,0.0,1.0,1.0,1.0
153757.0,47e3ecd72fc15306628e5b2fd06585f223d1002d02a1c75ca41eb08cf88ad1d6,153757.0,47e3ecd72fc15306628e5b2fd06585f223d1002d02a1c75ca41eb08cf88ad1d6,49740.0,0.06055927845092921,153757.0,47e3ecd72fc15306628e5b2fd06585f223d1002d02a1c75ca41eb08cf88ad1d6,771604.0,True,case_050,3,0.0,1.0,1.0,1.0
149690.0,073656a9f9ff6fccd1ca554bcb90ece92930c7d9225a902de1fb677fd64bae35,149690.0,073656a9f9ff6fccd1ca554bcb90ece92930c7d9225a902de1fb677fd64bae35,0.0,0.0,149690.0,073656a9f9ff6fccd1ca554bcb90ece92930c7d9225a902de1fb677fd64bae35,319300.0,True,case_050,4,0.0,1.0,1.0,1.0
147954.0,abbcd3c87a894324e55fc679a828254975d8bc91782d168b05af45fe01f3bca3,147851.0,abbcd3c87a894324e55fc679a828254975d8bc91782d168b05af45fe01f3bca3,106608.0,0.08111859165560818,147851.0,abbcd3c87a894324e55fc679a828254975d8bc91782d168b05af45fe01f3bca3,1207616.0,True,case_050,5,0.0,1.0,1.0006966473003227,1.0006966473003227
607628.0,30c53b73418412028b38f477e91f528ad1ed54e80ecafd260ae4c996af51da51,607628.0,2653a7e13ead7db099589103de01bbc2bf19f89117ddf2454e2a0b9261215606,0.0,0.0,607628.0,30c53b73418412028b38f477e91f528ad1ed54e80ecafd260ae4c996af51da51,393216.0,True,case_051,1,0.0,1.0,1.0,1.0
609681.0,6245c27657891d97ee60de65eaa5b97884279a4861ecd6b859759899cdec3d3a,609681.0,6245c27657891d97ee60de65eaa5b97884279a4861ecd6b859759899cdec3d3a,360448.0,0.4583298365541848,609681.0,6245c27657891d97ee60de65eaa5b97884279a4861ecd6b859759899cdec3d3a,425990.0,True,case_051,2,0.0,1.0,1.0,1.0
611232.0,e22eec46490a3ed2816b1fd47bbcd7194cea8e869ae7212849dd091a53a9f4df,611232.0,e22eec46490a3ed2816b1fd47bbcd7194cea8e869ae7212849dd091a53a9f4df,720896.0,0.6111059307019492,611232.0,e22eec46490a3ed2816b1fd47bbcd7194cea8e869ae7212849dd091a53a9f4df,458762.0,True,case_051,3,0.0,1.0,1.0,1.0
612783.0,0b7a15cd817a029778142e7663297935e85c966589e67e04ee77aedcb4d8369e,612783.0,0b7a15cd817a029778142e7663297935e85c966589e67e04ee77aedcb4d8369e,1081344.0,0.6874938806442712,612783.0,0b7a15cd817a029778142e7663297935e85c966589e67e04ee77aedcb4d8369e,491534.0,True,case_051,4,0.0,1.0,1.0,1.0
627634.0,c8660ccbff97441047782abfc51c01417942eaf7756d72cb21846f0ee32803a6,627502.0,c8660ccbff97441047782abfc51c01417942eaf7756d72cb21846f0ee32803a6,1277952.0,0.423899825856207,627502.0,c8660ccbff97441047782abfc51c01417942eaf7756d72cb21846f0ee32803a6,1736798.0,True,case_051,5,0.0,1.0,1.0002103578952737,1.0002103578952737
178673.0,6d8f6f1a6851c431b29190b714b27a96288a24836f36c5affc75744193814074,178673.0,6d8f6f1a6851c431b29190b714b27a96288a24836f36c5affc75744193814074,39168.0,0.04156214584951549,178673.0,6d8f6f1a6851c431b29190b714b27a96288a24836f36c5affc75744193814074,903228.0,True,case_052,1,0.0,1.0,1.0,1.0
90903.0,3c38d4e0d592ef715c76256b888375d78e52fa6d46c27939aa18d1e54045d083,90903.0,3c38d4e0d592ef715c76256b888375d78e52fa6d46c27939aa18d1e54045d083,102912.0,0.11272394288443255,90903.0,3c38d4e0d592ef715c76256b888375d78e52fa6d46c27939aa18d1e54045d083,810044.0,True,case_052,2,0.0,1.0,1.0,1.0
61071.0,62d8a8a52839aff3f7f5fa9e9dcf80fd36a5c36b8fdb73a95ef1484e541b7791,61071.0,62d8a8a52839aff3f7f5fa9e9dcf80fd36a5c36b8fdb73a95ef1484e541b7791,181248.0,0.18284017221968904,61071.0,62d8a8a52839aff3f7f5fa9e9dcf80fd36a5c36b8fdb73a95ef1484e541b7791,810044.0,True,case_052,3,0.0,1.0,1.0,1.0
45610.0,ec5c895d8333314645004535909813baf9093b83633249900310aa5948b80407,45610.0,ec5c895d8333314645004535909813baf9093b83633249900310aa5948b80407,176640.0,0.1658560402621547,45610.0,ec5c895d8333314645004535909813baf9093b83633249900310aa5948b80407,888380.0,True,case_052,4,0.0,1.0,1.0,1.0
37387.0,bbbf5516864400563c441cbb292196b0d97423f349aa9eefd4837eafb2e89563,37387.0,bbbf5516864400563c441cbb292196b0d97423f349aa9eefd4837eafb2e89563,296448.0,0.26032800935764544,37387.0,bbbf5516864400563c441cbb292196b0d97423f349aa9eefd4837eafb2e89563,842300.0,True,case_052,5,0.0,1.0,1.0,1.0
1448004.0,d7b5755884b78470cfe3ad07de2cba732cef441869f95074ba2032b6ece0a77a,1426552.0,d7b5755884b78470cfe3ad07de2cba732cef441869f95074ba2032b6ece0a77a,2668704.0,0.39643539941322836,1426552.0,d7b5755884b78470cfe3ad07de2cba732cef441869f95074ba2032b6ece0a77a,4063046.0,True,case_053,1,0.0,1.0,1.0150376572322635,1.0150376572322635
828335.0,eee8c5e866b28b52ce0bd9db7c1fa843be2196477f97a3dd7f750e29e89b8386,796880.0,eee8c5e866b28b52ce0bd9db7c1fa843be2196477f97a3dd7f750e29e89b8386,4183488.0,0.47430858002703347,796880.0,eee8c5e866b28b52ce0bd9db7c1fa843be2196477f97a3dd7f750e29e89b8386,4636694.0,True,case_053,2,0.0,1.0,1.0394726935046683,1.0394726935046683
1472686.0,f786fca953d6d04183bc2eb7f6ec9e129ed0cb254e9618d165e035b4ace7eb92,1428109.0,f786fca953d6d04183bc2eb7f6ec9e129ed0cb254e9618d165e035b4ace7eb92,5155968.0,0.6248708378144704,1428109.0,f786fca953d6d04183bc2eb7f6ec9e129ed0cb254e9618d165e035b4ace7eb92,3095286.0,True,case_053,3,0.0,1.0,1.0312140039730862,1.0312140039730862
1472686.0,d8d3bdc700dfdbb0e00e5000961ce28a86b0347eb90573ae3f63a1cbdce6c36a,1428109.0,d8d3bdc700dfdbb0e00e5000961ce28a86b0347eb90573ae3f63a1cbdce6c36a,5155968.0,0.6248708378144704,1428109.0,d8d3bdc700dfdbb0e00e5000961ce28a86b0347eb90573ae3f63a1cbdce6c36a,3095286.0,True,case_053,4,0.0,1.0,1.0312140039730862,1.0312140039730862
1472686.0,10b228766dc943e52738667b21eb6b0eeb2e34466f2c7f1b0b8de990d2a607a9,1428109.0,10b228766dc943e52738667b21eb6b0eeb2e34466f2c7f1b0b8de990d2a607a9,5155968.0,0.6248708378144704,1428109.0,10b228766dc943e52738667b21eb6b0eeb2e34466f2c7f1b0b8de990d2a607a9,3095286.0,True,case_053,5,0.0,1.0,1.0312140039730862,1.0312140039730862
796718.0,bca4ffa678dd4466b619bffe75ae7e4cca58877c194f9146e534245686130076,796718.0,bca4ffa678dd4466b619bffe75ae7e4cca58877c194f9146e534245686130076,0.0,0.0,796718.0,bca4ffa678dd4466b619bffe75ae7e4cca58877c194f9146e534245686130076,1689064.0,True,case_054,1,0.0,1.0,1.0,1.0
811945.0,b7c12404d482b5e008c3fac05c653d7bf636ae8fd2860b81af51198fc99644a2,811945.0,b7c12404d482b5e008c3fac05c653d7bf636ae8fd2860b81af51198fc99644a2,20870.0,0.00949201570025788,811945.0,b7c12404d482b5e008c3fac05c653d7bf636ae8fd2860b81af51198fc99644a2,2177820.0,True,case_054,2,0.0,1.0,1.0,1.0
806897.0,fb18c105889121b0ff6162020cabaf73293bf735001a24810bc204c4a28088a8,806897.0,fb18c105889121b0ff6162020cabaf73293bf735001a24810bc204c4a28088a8,26884.0,0.009250179436414823,806897.0,fb18c105889121b0ff6162020cabaf73293bf735001a24810bc204c4a28088a8,2879438.0,True,case_054,3,0.0,1.0,1.0,1.0
831731.0,c8f97b06b21d4b476d48c5f4d9c2b6f55b6b074a95e35d50b7d9700777d22c17,830580.0,2b79d2ffda29aa0897e5b1b63d45ecb5ba2c5c7921f799b42b6e4a60e1afe46e,110024.0,0.03290043807843548,831696.0,c8f97b06b21d4b476d48c5f4d9c2b6f55b6b074a95e35d50b7d9700777d22c17,3234126.0,True,case_054,4,-2.220446049250313e-16,1.0013436393845265,1.0000420826840577,1.0013857786125357
822478.0,0e8f7b4c41d53240e24ec7d9a57a8c0362aaa9c719073bfddad48d37f32c2be2,822451.0,0e8f7b4c41d53240e24ec7d9a57a8c0362aaa9c719073bfddad48d37f32c2be2,173322.0,0.044815390749395084,822451.0,0e8f7b4c41d53240e24ec7d9a57a8c0362aaa9c719073bfddad48d37f32c2be2,3694144.0,True,case_054,5,0.0,1.0,1.000032828703473,1.000032828703473
121890.0,8a3b1cddd5e75026dc394d89457cd0e8a59100e3e6c6b3870e6c2f896b0ea2ac,120648.0,8a3b1cddd5e75026dc394d89457cd0e8a59100e3e6c6b3870e6c2f896b0ea2ac,86016.0,0.0972428856319838,120648.0,8a3b1cddd5e75026dc394d89457cd0e8a59100e3e6c6b3870e6c2f896b0ea2ac,798532.0,True,case_055,1,0.0,1.0,1.010294410185001,1.010294410185001
61686.0,1dbd9e14a083b8ef41a169a183f11d5285dd25ea1b3c4788893004ff20914b33,61686.0,1dbd9e14a083b8ef41a169a183f11d5285dd25ea1b3c4788893004ff20914b33,74240.0,0.10606744655195076,61686.0,1dbd9e14a083b8ef41a169a183f11d5285dd25ea1b3c4788893004ff20914b33,625692.0,True,case_055,2,0.0,1.0,1.0,1.0
42047.0,0813f11879f0384362289c5ee94948858e24889285521187b396a5b775978242,42047.0,0813f11879f0384362289c5ee94948858e24889285521187b396a5b775978242,115712.0,0.15607145362042826,42047.0,0813f11879f0384362289c5ee94948858e24889285521187b396a5b775978242,625692.0,True,case_055,3,0.0,1.0,1.0,1.0
32099.0,4e64b5428f693fc223421516f94a91f08b8e5d6a38d8f2d1446bff795a9dbf13,32099.0,4e64b5428f693fc223421516f94a91f08b8e5d6a38d8f2d1446bff795a9dbf13,173568.0,0.21716087380827265,32099.0,4e64b5428f693fc223421516f94a91f08b8e5d6a38d8f2d1446bff795a9dbf13,625692.0,True,case_055,4,0.0,1.0,1.0,1.0
25635.0,d43517f8a45ef83636f867f4d628d013961ad6ff7b7ac2ddb994756c2a7b74e1,25635.0,d43517f8a45ef83636f867f4d628d013961ad6ff7b7ac2ddb994756c2a7b74e1,189952.0,0.2216176106851348,25635.0,d43517f8a45ef83636f867f4d628d013961ad6ff7b7ac2ddb994756c2a7b74e1,667164.0,True,case_055,5,0.0,1.0,1.0,1.0
278736.0,2d69664b0ef6b1f4d1c31a9dbe034cbec0658fb762bd7d69548e1873d285fa18,277966.0,edbeac99bd5af5cfc7f8e8b7aecd1624fe9c08d0e742abd939bf773d77a38c29,0.0,0.0,278736.0,2d69664b0ef6b1f4d1c31a9dbe034cbec0658fb762bd7d69548e1873d285fa18,221526.0,True,case_056,1,0.0,1.002770122964679,1.0,1.002770122964679
281905.0,7f193634059f07d00629068e1be220f2af67998f31eaae9cc0bd6bec6975fd26,281905.0,7f193634059f07d00629068e1be220f2af67998f31eaae9cc0bd6bec6975fd26,38.0,0.00012412621676357222,281905.0,7f193634059f07d00629068e1be220f2af67998f31eaae9cc0bd6bec6975fd26,306102.0,True,case_056,2,0.0,1.0,1.0,1.0
285038.0,dda310ee2e2b8bd3dafd4532f814867aca5ebf8c4a357dd9ba80aceeb86214a0,285038.0,dda310ee2e2b8bd3dafd4532f814867aca5ebf8c4a357dd9ba80aceeb86214a0,1100.0,0.0015822739290163148,285038.0,dda310ee2e2b8bd3dafd4532f814867aca5ebf8c4a357dd9ba80aceeb86214a0,694102.0,True,case_056,3,0.0,1.0,1.0,1.0
286916.0,5edb342f69870bdc536abb58fef93ebdc64938fd8871bc48060ee8b96b4394bb,286914.0,5edb342f69870bdc536abb58fef93ebdc64938fd8871bc48060ee8b96b4394bb,1646.0,0.0023368731898461012,286914.0,5edb342f69870bdc536abb58fef93ebdc64938fd8871bc48060ee8b96b4394bb,702714.0,True,case_056,4,0.0,1.0,1.000006970729905,1.000006970729905
290020.0,6ddd63c295d419d404088baeb6f022550f184160856a46451a9a44c9758e5bd4,286484.0,f14d0760a3fa4148a43a34de93bc506ac40a23e55a2d9d9b41d058b1f98c8776,8852.0,0.011999848171826113,290020.0,6ddd63c295d419d404088baeb6f022550f184160856a46451a9a44c9758e5bd4,728824.0,True,case_056,5,0.0,1.0123427486351768,1.0,1.0123427486351768
58953.0,afe0716fc3aff5f4ef72e250189793971dd249dbb324670b957234afcd727db4,58106.0,afe0716fc3aff5f4ef72e250189793971dd249dbb324670b957234afcd727db4,110598.0,0.20048000058006113,58106.0,afe0716fc3aff5f4ef72e250189793971dd249dbb324670b957234afcd727db4,441068.0,True,case_057,1,0.0,1.0,1.0145768079027984,1.0145768079027984
30183.0,8d244a74b12de376738bc1a17ee401e383c6fda640b00c3699cac8dab94fae5b,30183.0,8d244a74b12de376738bc1a17ee401e383c6fda640b00c3699cac8dab94fae5b,22304.0,0.062146829686925316,30183.0,8d244a74b12de376738bc1a17ee401e383c6fda640b00c3699cac8dab94fae5b,336588.0,True,case_057,2,0.0,1.0,1.0,1.0
20705.0,5b3885874944f38e2590d281917175cc247b669e1a5be7b22f557100f7979e62,20705.0,5b3885874944f38e2590d281917175cc247b669e1a5be7b22f557100f7979e62,288.0,0.0008212147134302823,20705.0,5b3885874944f38e2590d281917175cc247b669e1a5be7b22f557100f7979e62,350412.0,True,case_057,3,0.0,1.0,1.0,1.0
16485.0,46c6104c91c50cd4be239d70c5280138a8991eb7a8ce74647bd6c26830459008,16485.0,46c6104c91c50cd4be239d70c5280138a8991eb7a8ce74647bd6c26830459008,28224.0,0.07736587612249597,16485.0,46c6104c91c50cd4be239d70c5280138a8991eb7a8ce74647bd6c26830459008,336588.0,True,case_057,4,0.0,1.0,1.0,1.0
14028.0,b84ae5a540dce669075ddfaf0edf360507200b88d4ca9c58ce67460eb5561bd4,14028.0,b84ae5a540dce669075ddfaf0edf360507200b88d4ca9c58ce67460eb5561bd4,13824.0,0.03941830624465355,14028.0,b84ae5a540dce669075ddfaf0edf360507200b88d4ca9c58ce67460eb5561bd4,336876.0,True,case_057,5,0.0,1.0,1.0,1.0
6441268.0,a4efd11c825e040cf284432d42f2e3241901c70841bfb94292aa704ed5a52775,6441268.0,a4efd11c825e040cf284432d42f2e3241901c70841bfb94292aa704ed5a52775,0.0,0.0,6441268.0,a4efd11c825e040cf284432d42f2e3241901c70841bfb94292aa704ed5a52775,84271104.0,True,case_058,1,0.0,1.0,1.0,1.0
2271316.0,e22c74d65fbb49664463165b2ae009f0d900c15321a05d0472616badb993f0d6,2270206.0,e22c74d65fbb49664463165b2ae009f0d900c15321a05d0472616badb993f0d6,3973120.0,0.09919214643624093,2270206.0,e22c74d65fbb49664463165b2ae009f0d900c15321a05d0472616badb993f0d6,36081664.0,True,case_058,2,0.0,1.0,1.0004889424131556,1.0004889424131556
1554831.0,590070b68386087976b26760b06865dd6e4cfe8308d357f6ee44337c4cd20a2f,1554831.0,590070b68386087976b26760b06865dd6e4cfe8308d357f6ee44337c4cd20a2f,0.0,0.0,1554831.0,590070b68386087976b26760b06865dd6e4cfe8308d357f6ee44337c4cd20a2f,37023744.0,True,case_058,3,0.0,1.0,1.0,1.0
1154519.0,a2e209952e13d1cabbad9c3f0d70286d06d94fe32f2ae6439e025e895f50acf1,1142629.0,a2e209952e13d1cabbad9c3f0d70286d06d94fe32f2ae6439e025e895f50acf1,13246464.0,0.2689844464775846,1142629.0,a2e209952e13d1cabbad9c3f0d70286d06d94fe32f2ae6439e025e895f50acf1,35999744.0,True,case_058,4,0.0,1.0,1.0104058272632674,1.0104058272632674
1004819.0,19a92f72027e40e55685ba07e575ca065055fd3c81067a8f2e5dca79cf74b94c,1004819.0,19a92f72027e40e55685ba07e575ca065055fd3c81067a8f2e5dca79cf74b94c,0.0,0.0,1004819.0,19a92f72027e40e55685ba07e575ca065055fd3c81067a8f2e5dca79cf74b94c,38727680.0,True,case_058,5,0.0,1.0,1.0,1.0
768400.0,374ce6d6c991936ae0bf09f2cc36647f6c52183fab42d6b9860e1618a8298ffb,768400.0,374ce6d6c991936ae0bf09f2cc36647f6c52183fab42d6b9860e1618a8298ffb,32768.0,0.007778317938745746,768400.0,374ce6d6c991936ae0bf09f2cc36647f6c52183fab42d6b9860e1618a8298ffb,4179968.0,True,case_059,1,0.0,1.0,1.0,1.0
369318.0,565fb041b143149be822731c8c590c01e19aa4882267ba968e4a198e6249aa1a,369318.0,565fb041b143149be822731c8c590c01e19aa4882267ba968e4a198e6249aa1a,0.0,0.0,369318.0,565fb041b143149be822731c8c590c01e19aa4882267ba968e4a198e6249aa1a,1441792.0,True,case_059,2,0.0,1.0,1.0,1.0
266217.0,f60d6b95e6b978a66b5c6fdc67c6c675e5fd7832630ceb3ff1c02fc1a1c9b521,262333.0,f60d6b95e6b978a66b5c6fdc67c6c675e5fd7832630ceb3ff1c02fc1a1c9b521,2787328.0,0.6832329317269076,262333.0,f60d6b95e6b978a66b5c6fdc67c6c675e5fd7832630ceb3ff1c02fc1a1c9b521,1292288.0,True,case_059,3,0.0,1.0,1.014805609664053,1.014805609664053
185216.0,9257630cc48ea5f5fbf57c17102c2ca6753300851a88a9b1ae5ab88445a56356,185216.0,9257630cc48ea5f5fbf57c17102c2ca6753300851a88a9b1ae5ab88445a56356,0.0,0.0,185216.0,9257630cc48ea5f5fbf57c17102c2ca6753300851a88a9b1ae5ab88445a56356,2162688.0,True,case_059,4,0.0,1.0,1.0,1.0
150782.0,9154de486ac70bd01cb91989b6bb1d3d59e04c2feb2874e47c50124dfb2afa8e,150736.0,9154de486ac70bd01cb91989b6bb1d3d59e04c2feb2874e47c50124dfb2afa8e,3989504.0,0.7378787878787879,150736.0,9154de486ac70bd01cb91989b6bb1d3d59e04c2feb2874e47c50124dfb2afa8e,1417216.0,True,case_059,5,0.0,1.0,1.0003051693026217,1.0003051693026217
1095459.0,dde86be1bdc1a7abb30eea807692959c7e874e1009f8b13865b69457edc38e65,1086432.0,0f0e5464c1b99b696aca846717d6adeaad49a97112434abf5521c06c5b60ee5c,1371136.0,0.10974218666711061,1093395.0,dde86be1bdc1a7abb30eea807692959c7e874e1009f8b13865b69457edc38e65,11123020.0,True,case_060,1,0.0,1.0064090527524963,1.0018876984072544,1.0083088495184236
443955.0,9e46ea3842848e1bb6507c872876c9b665c2d4ff936b932ac98aec82a7b1abe0,443733.0,9e46ea3842848e1bb6507c872876c9b665c2d4ff936b932ac98aec82a7b1abe0,2029696.0,0.4316784598468269,443733.0,9e46ea3842848e1bb6507c872876c9b665c2d4ff936b932ac98aec82a7b1abe0,2672174.0,True,case_060,2,0.0,1.0,1.0005003008565962,1.0005003008565962
298210.0,88de7a1c8de87c21f6e7b2a62b094c0caca592541ad95bbbf33bbaadd55e261e,297398.0,88de7a1c8de87c21f6e7b2a62b094c0caca592541ad95bbbf33bbaadd55e261e,2556032.0,0.48041307489087465,297398.0,88de7a1c8de87c21f6e7b2a62b094c0caca592541ad95bbbf33bbaadd55e261e,2764456.0,True,case_060,3,0.0,1.0,1.0027303478839804,1.0027303478839804
221720.0,d7165304ee3badabba945899100fb6d1ad2a5ae5fdbddb414baadac6551f83b6,221694.0,d7165304ee3badabba945899100fb6d1ad2a5ae5fdbddb414baadac6551f83b6,2904192.0,0.48169577548887893,221694.0,d7165304ee3badabba945899100fb6d1ad2a5ae5fdbddb414baadac6551f83b6,3124908.0,True,case_060,4,0.0,1.0,1.0001172787716401,1.0001172787716401
175702.0,fb3e35681b83798adcb5117776a4c45dc7f9bc5be7a3c43ac9e2f02fac23650e,175626.0,fb3e35681b83798adcb5117776a4c45dc7f9bc5be7a3c43ac9e2f02fac23650e,3179904.0,0.5258076848286344,175626.0,fb3e35681b83798adcb5117776a4c45dc7f9bc5be7a3c43ac9e2f02fac23650e,2867752.0,True,case_060,5,0.0,1.0,1.000432737749536,1.000432737749536
88220.0,f4cd1e4fec354224107345ba5a7fa04f4844d73692423d2afa2b2b9df24d0ae2,81014.0,5833cb02f4fc8beb72444d19826a58def466c1ae443055355100444d26b4ec47,0.0,0.0,88220.0,f4cd1e4fec354224107345ba5a7fa04f4844d73692423d2afa2b2b9df24d0ae2,544036.0,True,case_061,1,0.0,1.088947589305552,1.0,1.088947589305552
42478.0,582d307033340ec75d8255f707c423ace3e320d2432314c5f2158c500356efdc,42478.0,582d307033340ec75d8255f707c423ace3e320d2432314c5f2158c500356efdc,34560.0,0.05973079661802017,42478.0,582d307033340ec75d8255f707c423ace3e320d2432314c5f2158c500356efdc,544036.0,True,case_061,2,0.0,1.0,1.0,1.0
30303.0,351d55823349063bacbd9857e737db566027c5a308e6bdba826b1008072cae0b,30303.0,351d55823349063bacbd9857e737db566027c5a308e6bdba826b1008072cae0b,36096.0,0.06222032227148304,30303.0,351d55823349063bacbd9857e737db566027c5a308e6bdba826b1008072cae0b,544036.0,True,case_061,3,0.0,1.0,1.0,1.0
24024.0,c252cf3c3871e4a7a4c77ecde5d2f3e17710159e63381dea4fa72f5da648ed30,24024.0,c252cf3c3871e4a7a4c77ecde5d2f3e17710159e63381dea4fa72f5da648ed30,70656.0,0.11494537101507747,24024.0,c252cf3c3871e4a7a4c77ecde5d2f3e17710159e63381dea4fa72f5da648ed30,544036.0,True,case_061,4,0.0,1.0,1.0,1.0
22283.0,d0b9b4e9b53b205aa3bdd2544f5b42ddc88691e3d1d681861fe58f2a7fdce7d7,22283.0,d0b9b4e9b53b205aa3bdd2544f5b42ddc88691e3d1d681861fe58f2a7fdce7d7,76544.0,0.12208363903154805,22283.0,d0b9b4e9b53b205aa3bdd2544f5b42ddc88691e3d1d681861fe58f2a7fdce7d7,550436.0,True,case_061,5,0.0,1.0,1.0,1.0
3341379.0,da7efd2ae9c872e08652ebced385d53c536380f7b5acf2e278600b97d3007f97,3151609.0,66e6fbcba3db87f850e9ae496ceb4424d30273c34079ba8de69cda0f36d30346,0.0,0.0,3341379.0,da7efd2ae9c872e08652ebced385d53c536380f7b5acf2e278600b97d3007f97,17995776.0,True,case_062,1,0.0,1.0602136876750892,1.0,1.0602136876750892
2610093.0,38d39864c6ec27a22cdfd6488f1a5f9e9a8f9a2f99988aa9b334dc2c0b3c0aa7,2525747.0,38d39864c6ec27a22cdfd6488f1a5f9e9a8f9a2f99988aa9b334dc2c0b3c0aa7,5732352.0,0.08450895586603564,2525747.0,38d39864c6ec27a22cdfd6488f1a5f9e9a8f9a2f99988aa9b334dc2c0b3c0aa7,62098944.0,True,case_062,2,0.0,1.0,1.0333944769606773,1.0333944769606773
2854809.0,84448748418204cdfb7559c46f2e13ba934f20d88b13dea49c08287e8a74089a,2854809.0,84448748418204cdfb7559c46f2e13ba934f20d88b13dea49c08287e8a74089a,0.0,0.0,2854809.0,84448748418204cdfb7559c46f2e13ba934f20d88b13dea49c08287e8a74089a,13400064.0,True,case_062,3,0.0,1.0,1.0,1.0
2240290.0,569298fcea533d9221639e58e551e127e701cf06b1e41ae64068893edd50946f,2195265.0,569298fcea533d9221639e58e551e127e701cf06b1e41ae64068893edd50946f,55296.0,0.000754748626776804,2195265.0,569298fcea533d9221639e58e551e127e701cf06b1e41ae64068893edd50946f,73208832.0,True,case_062,4,0.0,1.0,1.0205100523171462,1.0205100523171462
1723314.0,00e0081bb1a2814fe9ed403866149433cf55b9f56be36c62672239967053bf0e,1690862.0,00e0081bb1a2814fe9ed403866149433cf55b9f56be36c62672239967053bf0e,2990592.0,0.043855302279484636,1690862.0,00e0081bb1a2814fe9ed403866149433cf55b9f56be36c62672239967053bf0e,65201664.0,True,case_062,5,0.0,1.0,1.0191925775137178,1.0191925775137178
1213468.0,77cb832c19578b7033e992637ad90080caa5ee4980e3bf0aa4f21a66091a4abf,1147397.0,52a64f53937ea0a94f2a5a0e46da7ea780ad8624c8278366917447966c50d5c1,0.0,0.0,1213468.0,77cb832c19578b7033e992637ad90080caa5ee4980e3bf0aa4f21a66091a4abf,6334464.0,True,case_063,1,0.0,1.0575833822120853,1.0,1.0575833822120853
945557.0,f7a801e8a73d17d17bbe125fbf7ab0de27d852a5f270e637758a9bbd47b2f34f,914171.0,f7a801e8a73d17d17bbe125fbf7ab0de27d852a5f270e637758a9bbd47b2f34f,2009088.0,0.08613763582482713,914171.0,f7a801e8a73d17d17bbe125fbf7ab0de27d852a5f270e637758a9bbd47b2f34f,21315072.0,True,case_063,2,0.0,1.0,1.0343327451866227,1.0343327451866227
1070397.0,82585da3fe3abf74619cc424273ddf7bdc08f011989df1ba2cb83e2f98acd14f,1070397.0,82585da3fe3abf74619cc424273ddf7bdc08f011989df1ba2cb83e2f98acd14f,0.0,0.0,1070397.0,82585da3fe3abf74619cc424273ddf7bdc08f011989df1ba2cb83e2f98acd14f,5019648.0,True,case_063,3,0.0,1.0,1.0,1.0
742037.0,051b69d84d44fc79b1e97ba8e9825154e97eddcb83f46d175fd378f78cf85dc9,742037.0,051b69d84d44fc79b1e97ba8e9825154e97eddcb83f46d175fd378f78cf85dc9,433152.0,0.017364532019704434,742037.0,051b69d84d44fc79b1e97ba8e9825154e97eddcb83f46d175fd378f78cf85dc9,24511488.0,True,case_063,4,0.0,1.0,1.0,1.0
612094.0,42a1fdcc922b2822e6a2ef8e95b602cb0252eb685575cedb257d62dcfee4678c,602954.0,42a1fdcc922b2822e6a2ef8e95b602cb0252eb685575cedb257d62dcfee4678c,1414656.0,0.057971926732548626,602954.0,42a1fdcc922b2822e6a2ef8e95b602cb0252eb685575cedb257d62dcfee4678c,22987776.0,True,case_063,5,0.0,1.0,1.0151587019905333,1.0151587019905333
19235.0,e35a2650ff9612a97f4bc71fa592a614eb0845341e269d9382acacc8fd17d145,19235.0,e35a2650ff9612a97f4bc71fa592a614eb0845341e269d9382acacc8fd17d145,0.0,0.0,19235.0,e35a2650ff9612a97f4bc71fa592a614eb0845341e269d9382acacc8fd17d145,35622.0,True,case_064,1,0.0,1.0,1.0,1.0
20824.0,50ca63c6ca01bf813775296b52ffc57df3b2ee28ec6a64a6a3d52465be0a3e36,20824.0,50ca63c6ca01bf813775296b52ffc57df3b2ee28ec6a64a6a3d52465be0a3e36,294.0,0.004278479538972001,20824.0,50ca63c6ca01bf813775296b52ffc57df3b2ee28ec6a64a6a3d52465be0a3e36,68422.0,True,case_064,2,0.0,1.0,1.0,1.0
22179.0,40060e6b63c995bbc5d85c7c97169e434c85f6305ea0dcdb1186bb3feda8d102,22177.0,40060e6b63c995bbc5d85c7c97169e434c85f6305ea0dcdb1186bb3feda8d102,3370.0,0.039244456866033166,22177.0,40060e6b63c995bbc5d85c7c97169e434c85f6305ea0dcdb1186bb3feda8d102,82502.0,True,case_064,3,0.0,1.0,1.0000901835234703,1.0000901835234703
22068.0,0e9c22dc03f74772075f88e85d8427d0fdaf9ab5a9d509cf108de4bef9588d8e,22065.0,0e9c22dc03f74772075f88e85d8427d0fdaf9ab5a9d509cf108de4bef9588d8e,2930.0,0.032163871081057345,22065.0,0e9c22dc03f74772075f88e85d8427d0fdaf9ab5a9d509cf108de4bef9588d8e,88166.0,True,case_064,4,0.0,1.0,1.0001359619306593,1.0001359619306593
22504.0,de00e80f90b0502e6a639e6f38f7fd903214643d6d305fce60c5c70b64599ed3,21944.0,1ec1303307ca8bcd594e4971b40a495874be4fc6e22d7744788660d148b4dbd7,2926.0,0.03172572320770265,22504.0,de00e80f90b0502e6a639e6f38f7fd903214643d6d305fce60c5c70b64599ed3,89302.0,True,case_064,5,0.0,1.02551950419249,1.0,1.02551950419249
42821.0,bd5fcec660d8dfbecac7a34f75a117b86c53fac26c49f9d12ad458938ef7a97a,42821.0,bd5fcec660d8dfbecac7a34f75a117b86c53fac26c49f9d12ad458938ef7a97a,0.0,0.0,42821.0,bd5fcec660d8dfbecac7a34f75a117b86c53fac26c49f9d12ad458938ef7a97a,307914.0,True,case_065,1,0.0,1.0,1.0,1.0
26610.0,793dc7c3434ef47ac31c96ee4ac8c24108420faf47f728cb553ba190d53d916e,26610.0,793dc7c3434ef47ac31c96ee4ac8c24108420faf47f728cb553ba190d53d916e,13968.0,0.044528321134375555,26610.0,793dc7c3434ef47ac31c96ee4ac8c24108420faf47f728cb553ba190d53d916e,299720.0,True,case_065,2,0.0,1.0,1.0,1.0
18032.0,89924dd0ce90bb14ed0ba2ff1b3a800f2b7af13cb2fa0f57a34d2144c6587df2,18032.0,89924dd0ce90bb14ed0ba2ff1b3a800f2b7af13cb2fa0f57a34d2144c6587df2,14112.0,0.04306956075884464,18032.0,89924dd0ce90bb14ed0ba2ff1b3a800f2b7af13cb2fa0f57a34d2144c6587df2,313544.0,True,case_065,3,0.0,1.0,1.0,1.0
13541.0,4ff1e7e9449145d87ab24982729514388e59ac220a9dd47d12223a9a92874dbb,13541.0,4ff1e7e9449145d87ab24982729514388e59ac220a9dd47d12223a9a92874dbb,37296.0,0.10917265765871251,13541.0,4ff1e7e9449145d87ab24982729514388e59ac220a9dd47d12223a9a92874dbb,304328.0,True,case_065,4,0.0,1.0,1.0,1.0
11396.0,3abdfe769f77c1441b9ab43c84a209729e3f14537d2197eb23ab2659d2cdb6ad,11396.0,3abdfe769f77c1441b9ab43c84a209729e3f14537d2197eb23ab2659d2cdb6ad,23616.0,0.06641319264775361,11396.0,3abdfe769f77c1441b9ab43c84a209729e3f14537d2197eb23ab2659d2cdb6ad,331976.0,True,case_065,5,0.0,1.0,1.0,1.0
358742.0,da620d1c137ba15f278cb09f81d537ab616f68f6805dfbae6e0d3abb56c77977,358742.0,da620d1c137ba15f278cb09f81d537ab616f68f6805dfbae6e0d3abb56c77977,0.0,0.0,358742.0,da620d1c137ba15f278cb09f81d537ab616f68f6805dfbae6e0d3abb56c77977,1040940.0,True,case_066,1,0.0,1.0,1.0,1.0
342680.0,cce3e9f6eabb0816568d16c5048734224a73b9202231e41a91b4c2ba9d060fd6,342680.0,cce3e9f6eabb0816568d16c5048734224a73b9202231e41a91b4c2ba9d060fd6,57034.0,0.035551549559859924,342680.0,cce3e9f6eabb0816568d16c5048734224a73b9202231e41a91b4c2ba9d060fd6,1547228.0,True,case_066,2,0.0,1.0,1.0,1.0
316559.0,9ad87d7c5c1c1be952e2ade6348769b5448587c58b7033fafd03e93568c2bde8,316556.0,9ad87d7c5c1c1be952e2ade6348769b5448587c58b7033fafd03e93568c2bde8,73608.0,0.051562105971027485,316556.0,9ad87d7c5c1c1be952e2ade6348769b5448587c58b7033fafd03e93568c2bde8,1353952.0,True,case_066,3,0.0,1.0,1.0000094769961714,1.0000094769961714
346934.0,ddda3ddb97268a0927e0d8f59351194e014c706b4db26bedcfa9711287bdce4e,346934.0,ddda3ddb97268a0927e0d8f59351194e014c706b4db26bedcfa9711287bdce4e,60736.0,0.03523108800115086,346934.0,ddda3ddb97268a0927e0d8f59351194e014c706b4db26bedcfa9711287bdce4e,1663196.0,True,case_066,4,0.0,1.0,1.0,1.0
300629.0,371e422820290eb6d96356670644d6e5d71d6bbb18a3c6d0b769adad2990737d,300603.0,371e422820290eb6d96356670644d6e5d71d6bbb18a3c6d0b769adad2990737d,378992.0,0.15145830652451397,300603.0,371e422820290eb6d96356670644d6e5d71d6bbb18a3c6d0b769adad2990737d,2123294.0,True,case_066,5,0.0,1.0,1.0000864928161064,1.0000864928161064
63782329.0,20012484d192f078ccba09787c979a4f7bcadcc7e72e26f8379a0adcb3c9eaec,63620658.0,20012484d192f078ccba09787c979a4f7bcadcc7e72e26f8379a0adcb3c9eaec,18708992.0,0.07977169415793119,63620658.0,20012484d192f078ccba09787c979a4f7bcadcc7e72e26f8379a0adcb3c9eaec,215822720.0,True,case_067,1,0.0,1.0,1.0025411714540897,1.0025411714540897
33768704.0,20d7df9fe450a3a071cb8baa00c22ded3f871368c64af9454c5a1cd61feec005,33768704.0,20d7df9fe450a3a071cb8baa00c22ded3f871368c64af9454c5a1cd61feec005,0.0,0.0,33768704.0,20d7df9fe450a3a071cb8baa00c22ded3f871368c64af9454c5a1cd61feec005,266793856.0,True,case_067,2,0.0,1.0,1.0,1.0
23568859.0,ced4514df86f90e0fae794f72e5bd4679fef6c4d9d7cbbfe7d146097a76f74fa,23568859.0,ced4514df86f90e0fae794f72e5bd4679fef6c4d9d7cbbfe7d146097a76f74fa,0.0,0.0,23568859.0,ced4514df86f90e0fae794f72e5bd4679fef6c4d9d7cbbfe7d146097a76f74fa,266401792.0,True,case_067,3,0.0,1.0,1.0,1.0
18473155.0,81ba5603a3a0d455c5d67a086cfa6247cb9715ea03452065873dafc0a4a8426d,18473155.0,81ba5603a3a0d455c5d67a086cfa6247cb9715ea03452065873dafc0a4a8426d,0.0,0.0,18473155.0,81ba5603a3a0d455c5d67a086cfa6247cb9715ea03452065873dafc0a4a8426d,266009728.0,True,case_067,4,0.0,1.0,1.0,1.0
15931687.0,eb765b0bd64df6c222e69dfb1999cdb6514f7fd0390df4a05b4fdf2f00884af3,15931687.0,eb765b0bd64df6c222e69dfb1999cdb6514f7fd0390df4a05b4fdf2f00884af3,0.0,0.0,15931687.0,eb765b0bd64df6c222e69dfb1999cdb6514f7fd0390df4a05b4fdf2f00884af3,265617664.0,True,case_067,5,0.0,1.0,1.0,1.0
360987.0,8a1d5402b8feb4ac6c6a1033145ce10d388d1ba946e770b9c4bb38d322e5ae74,360987.0,8a1d5402b8feb4ac6c6a1033145ce10d388d1ba946e770b9c4bb38d322e5ae74,2048.0,0.0007411594658151054,360987.0,8a1d5402b8feb4ac6c6a1033145ce10d388d1ba946e770b9c4bb38d322e5ae74,2761190.0,True,case_068,1,0.0,1.0,1.0,1.0
339779.0,1322391de604663e37eb9a4391231a5df68c5cc762ed66dd63a1a77b7db7e037,339318.0,3095d22257ed55cad94b5e2e99f57f7aa928cfd982da28eca40c8d4c15c8e49e,315020.0,0.09110580385211373,339383.0,1322391de604663e37eb9a4391231a5df68c5cc762ed66dd63a1a77b7db7e037,3142718.0,True,case_068,2,0.0,1.0001915607188536,1.0011668233235018,1.0013586075598702
362095.0,0bc300f64dea650bcc73b2936592bf006bc9e902b5cf5ca5053d53c892c2d197,362095.0,0bc300f64dea650bcc73b2936592bf006bc9e902b5cf5ca5053d53c892c2d197,0.0,0.0,362095.0,0bc300f64dea650bcc73b2936592bf006bc9e902b5cf5ca5053d53c892c2d197,2739974.0,True,case_068,3,0.0,1.0,1.0,1.0
351308.0,f0ab6f3cd07805cb15a1fa5cbde1e78a9dcb0ab9b7779cf54238a5d5d65affe0,351305.0,f0ab6f3cd07805cb15a1fa5cbde1e78a9dcb0ab9b7779cf54238a5d5d65affe0,111686.0,0.032917757185635804,351305.0,f0ab6f3cd07805cb15a1fa5cbde1e78a9dcb0ab9b7779cf54238a5d5d65affe0,3281194.0,True,case_068,4,0.0,1.0,1.000008539588107,1.000008539588107
362095.0,a98d663e74e0977277e2688409d36c3e266208226f3255982e9d3d6cd72b7c87,362095.0,a98d663e74e0977277e2688409d36c3e266208226f3255982e9d3d6cd72b7c87,0.0,0.0,362095.0,a98d663e74e0977277e2688409d36c3e266208226f3255982e9d3d6cd72b7c87,2739974.0,True,case_068,5,0.0,1.0,1.0,1.0
23559.0,762c9802ac4722821304dcf42273b1c75efe5c0a554f889e2e24c833abe3d765,23559.0,762c9802ac4722821304dcf42273b1c75efe5c0a554f889e2e24c833abe3d765,0.0,0.0,23559.0,762c9802ac4722821304dcf42273b1c75efe5c0a554f889e2e24c833abe3d765,113766.0,True,case_069,1,0.0,1.0,1.0,1.0
25453.0,845fe93594c499a90a82850c4207a8fecb5191fb5c960f6168c3c4db01a044ed,25453.0,845fe93594c499a90a82850c4207a8fecb5191fb5c960f6168c3c4db01a044ed,9316.0,0.03918072086470118,25453.0,845fe93594c499a90a82850c4207a8fecb5191fb5c960f6168c3c4db01a044ed,228454.0,True,case_069,2,0.0,1.0,1.0,1.0
29048.0,2b836c87d3904b6793fd2e55f2b4583c8829d39d5be40c0c629179865dffb75e,26284.0,a013c2d68ee01181ccf2c753ce62019a6813b7ae8b2283d50185048c5efec64b,21606.0,0.06251519044477623,29048.0,2b836c87d3904b6793fd2e55f2b4583c8829d39d5be40c0c629179865dffb75e,324006.0,True,case_069,3,0.0,1.1051590321107898,1.0,1.1051590321107898
27749.0,7838ab5c5003731aa2a6d66ec6c0998551a739f4af0380668f7d8a279f07f18e,27745.0,3f0d60efe2c8b421a694c8259990d60efff78ac158a874e1ecfde23c4e23c524,23140.0,0.0483297618600066,27747.0,7838ab5c5003731aa2a6d66ec6c0998551a739f4af0380668f7d8a279f07f18e,455654.0,True,case_069,4,2.220446049250313e-16,1.0000720850603713,1.0000720798644898,1.0001441701207425
28700.0,19c2f8d7cd8b2d8d02f64242e0be248711a6bc950058020ef5856dc2094e1718,28540.0,bb1b98a005c65159d162399fe37c8cf3840f917310e40723767d1e3be26bb83e,86888.0,0.1695289604820048,28558.0,19c2f8d7cd8b2d8d02f64242e0be248711a6bc950058020ef5856dc2094e1718,425638.0,True,case_069,5,0.0,1.0006306937631395,1.0049723369983892,1.0056061667834617
123146.0,5082507b15c688ae524fa898af7cf31985d4ddcd237037dfc997de11ba708d5c,123146.0,5082507b15c688ae524fa898af7cf31985d4ddcd237037dfc997de11ba708d5c,0.0,0.0,123146.0,5082507b15c688ae524fa898af7cf31985d4ddcd237037dfc997de11ba708d5c,419858.0,True,case_070,1,0.0,1.0,1.0,1.0
60121.0,c58be53a88e94794321b80e04c1e1288221bfb692d695a38a092236644531e34,60121.0,c58be53a88e94794321b80e04c1e1288221bfb692d695a38a092236644531e34,129536.0,0.235779786455622,60121.0,c58be53a88e94794321b80e04c1e1288221bfb692d695a38a092236644531e34,419858.0,True,case_070,2,0.0,1.0,1.0,1.0
39333.0,507bcec7dade5206c6fef0b18edf8cce55a38dfb3ab451e675738219301d6c3f,39333.0,507bcec7dade5206c6fef0b18edf8cce55a38dfb3ab451e675738219301d6c3f,185344.0,0.2729942703960644,39333.0,507bcec7dade5206c6fef0b18edf8cce55a38dfb3ab451e675738219301d6c3f,493586.0,True,case_070,3,0.0,1.0,1.0,1.0
31225.0,d60cc9e4476d8c0b681b47efabc892b19c2842665934477c75d1e6faffdf5e79,31192.0,d60cc9e4476d8c0b681b47efabc892b19c2842665934477c75d1e6faffdf5e79,311808.0,0.3993350563127387,31192.0,d60cc9e4476d8c0b681b47efabc892b19c2842665934477c75d1e6faffdf5e79,469010.0,True,case_070,4,0.0,1.0,1.0010579635804053,1.0010579635804053
26275.0,d3e6af34054222dcb559a27a6a8fed85b29420541c3423d0d0fbe30645e8b94f,26216.0,d3e6af34054222dcb559a27a6a8fed85b29420541c3423d0d0fbe30645e8b94f,249344.0,0.2869710731721914,26216.0,d3e6af34054222dcb559a27a6a8fed85b29420541c3423d0d0fbe30645e8b94f,619538.0,True,case_070,5,0.0,1.0,1.002250534025023,1.002250534025023
18622.0,378bc2b4f0c807d717ae16d0cda67d46623add46b9a74784fb9a485346113f15,18337.0,77673d6042ce71be99e9bee3a7208c2cba9a663965b6c88afd4c811521b4f809,0.0,0.0,18622.0,378bc2b4f0c807d717ae16d0cda67d46623add46b9a74784fb9a485346113f15,111462.0,True,case_071,1,0.0,1.0155423460762394,1.0,1.0155423460762394
19280.0,d872fb5f353fad13d704fe0905236b64b7e0985c11aacd3d811c1bbb919f47fa,19280.0,d872fb5f353fad13d704fe0905236b64b7e0985c11aacd3d811c1bbb919f47fa,7012.0,0.03502462512862009,19280.0,d872fb5f353fad13d704fe0905236b64b7e0985c11aacd3d811c1bbb919f47fa,193190.0,True,case_071,2,0.0,1.0,1.0,1.0
23372.0,617c85a5c33894dfd1cd8fa4d7acdc69b421d1ffc74552ee1a273cb7199a232d,23363.0,617c85a5c33894dfd1cd8fa4d7acdc69b421d1ffc74552ee1a273cb7199a232d,41624.0,0.1360270328564239,23363.0,617c85a5c33894dfd1cd8fa4d7acdc69b421d1ffc74552ee1a273cb7199a232d,264374.0,True,case_071,3,0.0,1.0,1.0003852245002782,1.0003852245002782
20350.0,ecd02914fd9255ea97e72611032450ba955a4b0a6043f840bc28a599172c81b9,19251.0,e59bb50ba71fb42f00fd1e544d5c962dccea6e7568ae7815fdf7a9689036bc2c,6244.0,0.024371394446569505,20323.0,ecd02914fd9255ea97e72611032450ba955a4b0a6043f840bc28a599172c81b9,249958.0,True,case_071,4,2.220446049250313e-16,1.055685418939276,1.001328544014171,1.0570879434834555
21551.0,a2af85f6a3c57c4836c60af385d40d0c92df7d46fa82c446ea9c8983f1e08476,21529.0,a2af85f6a3c57c4836c60af385d40d0c92df7d46fa82c446ea9c8983f1e08476,43496.0,0.11932207853486446,21529.0,a2af85f6a3c57c4836c60af385d40d0c92df7d46fa82c446ea9c8983f1e08476,321030.0,True,case_071,5,0.0,1.0,1.0010218774676019,1.0010218774676019
24907218.0,4ad5ff6cf6ce1728e938f0cd4b9f4027e3ecbd226ae476f4061ab05c0763538c,24884286.0,4ad5ff6cf6ce1728e938f0cd4b9f4027e3ecbd226ae476f4061ab05c0763538c,6922240.0,0.03667627256398704,24884286.0,4ad5ff6cf6ce1728e938f0cd4b9f4027e3ecbd226ae476f4061ab05c0763538c,181816678.0,True,case_072,1,0.0,1.0,1.0009215454283076,1.0009215454283076
11872949.0,58c9770f37a660d9668ed97f4b0779d54e3d411f99305af95c8ee637bb1e122b,11862815.0,58c9770f37a660d9668ed97f4b0779d54e3d411f99305af95c8ee637bb1e122b,15114240.0,0.1217301567330213,11862815.0,58c9770f37a660d9668ed97f4b0779d54e3d411f99305af95c8ee637bb1e122b,109047598.0,True,case_072,2,0.0,1.0,1.0008542660405646,1.0008542660405646
7935290.0,424420e4ad4f13248122948caa3aef4a7169b7aace9cae36d769367ad0d6ba66,7922729.0,424420e4ad4f13248122948caa3aef4a7169b7aace9cae36d769367ad0d6ba66,20209664.0,0.1541347631257085,7922729.0,424420e4ad4f13248122948caa3aef4a7169b7aace9cae36d769367ad0d6ba66,110907182.0,True,case_072,3,0.0,1.0,1.0015854385528018,1.0015854385528018
6003776.0,a8d66f07b80ef8f9ffb4225eba0bd832e3e8b8bd1ad8dd9bcf9f119171f72eb0,5991003.0,a8d66f07b80ef8f9ffb4225eba0bd832e3e8b8bd1ad8dd9bcf9f119171f72eb0,23322624.0,0.1730992599948566,5991003.0,a8d66f07b80ef8f9ffb4225eba0bd832e3e8b8bd1ad8dd9bcf9f119171f72eb0,111412926.0,True,case_072,4,0.0,1.0,1.0021320303127874,1.0021320303127874
4831281.0,4fea6fc97eca58b1f2cf4442f3981da9d0398383700db1e9a4b9685ebf58734e,4809827.0,4fea6fc97eca58b1f2cf4442f3981da9d0398383700db1e9a4b9685ebf58734e,28975104.0,0.20408268427290174,4809827.0,4fea6fc97eca58b1f2cf4442f3981da9d0398383700db1e9a4b9685ebf58734e,113002174.0,True,case_072,5,0.0,1.0,1.004460451488172,1.004460451488172
10067403.0,5cd3a0b8386eee138a362eb33a19efa755567d1703b9427222156365ed28cae1,10067403.0,5cd3a0b8386eee138a362eb33a19efa755567d1703b9427222156365ed28cae1,0.0,0.0,10067403.0,5cd3a0b8386eee138a362eb33a19efa755567d1703b9427222156365ed28cae1,137345664.0,True,case_073,1,0.0,1.0,1.0,1.0
5980423.0,afc800feab5e79c01d36a7532623c7b5efa2d1e3c06cdfec73e7a4c18e860781,5980423.0,afc800feab5e79c01d36a7532623c7b5efa2d1e3c06cdfec73e7a4c18e860781,0.0,0.0,5980423.0,afc800feab5e79c01d36a7532623c7b5efa2d1e3c06cdfec73e7a4c18e860781,144719232.0,True,case_073,2,0.0,1.0,1.0,1.0
4515227.0,b60151e19d22154d346f2e72d47f7e27a159113f53e61237851daac1701f0647,4515227.0,b60151e19d22154d346f2e72d47f7e27a159113f53e61237851daac1701f0647,0.0,0.0,4515227.0,b60151e19d22154d346f2e72d47f7e27a159113f53e61237851daac1701f0647,144278016.0,True,case_073,3,0.0,1.0,1.0,1.0
3903787.0,d343b7b924a6dfcffe523a971d04bccafb71eb41036e5cf336d84495b740f3a3,3903787.0,d343b7b924a6dfcffe523a971d04bccafb71eb41036e5cf336d84495b740f3a3,0.0,0.0,3903787.0,d343b7b924a6dfcffe523a971d04bccafb71eb41036e5cf336d84495b740f3a3,143836800.0,True,case_073,4,0.0,1.0,1.0,1.0
3517515.0,6e4e90a62634897d62054a4a918846ae632b168967cd994a6a326fd7c6417821,3517515.0,6e4e90a62634897d62054a4a918846ae632b168967cd994a6a326fd7c6417821,0.0,0.0,3517515.0,6e4e90a62634897d62054a4a918846ae632b168967cd994a6a326fd7c6417821,143395584.0,True,case_073,5,0.0,1.0,1.0,1.0
1737350.0,33739359ea32c408b45dea9188bd2401f5a36470f0d1328e5aa2bdde0ea937d2,1731776.0,33739359ea32c408b45dea9188bd2401f5a36470f0d1328e5aa2bdde0ea937d2,1740800.0,0.13552264266661976,1731776.0,33739359ea32c408b45dea9188bd2401f5a36470f0d1328e5aa2bdde0ea937d2,11104286.0,True,case_074,1,0.0,1.0,1.0032186610739495,1.0032186610739495
839999.0,66a287a5f319a92ac10f94d6ab03673a5a8d5454d81f088390ae15d664015c88,837941.0,66a287a5f319a92ac10f94d6ab03673a5a8d5454d81f088390ae15d664015c88,3035136.0,0.2927688655275912,837941.0,66a287a5f319a92ac10f94d6ab03673a5a8d5454d81f088390ae15d664015c88,7331868.0,True,case_074,2,0.0,1.0,1.002456020173258,1.002456020173258
563098.0,b5987944d72caf2f1e86b42e15aa5db1634dea16235796dd4ae0911435c4a1b2,557771.0,b5987944d72caf2f1e86b42e15aa5db1634dea16235796dd4ae0911435c4a1b2,3813376.0,0.3340502485376121,557771.0,b5987944d72caf2f1e86b42e15aa5db1634dea16235796dd4ae0911435c4a1b2,7602200.0,True,case_074,3,0.0,1.0,1.0095505144584427,1.0095505144584427
418987.0,84a27b42f1f5b32476561af1c78693c6d6a6157d75902c44ea703bc0e4b93c43,415633.0,84a27b42f1f5b32476561af1c78693c6d6a6157d75902c44ea703bc0e4b93c43,3747840.0,0.3222959181216466,415633.0,84a27b42f1f5b32476561af1c78693c6d6a6157d75902c44ea703bc0e4b93c43,7880728.0,True,case_074,4,0.0,1.0,1.0080696191110907,1.0080696191110907
337275.0,cdffcfc7085c42e620b16a78d23976a21e8bc52f7095b6c0cd30027e5eb33895,335626.0,cdffcfc7085c42e620b16a78d23976a21e8bc52f7095b6c0cd30027e5eb33895,3665920.0,0.3117374341391403,335626.0,cdffcfc7085c42e620b16a78d23976a21e8bc52f7095b6c0cd30027e5eb33895,8093720.0,True,case_074,5,0.0,1.0,1.0049132069625117,1.0049132069625117
1433562.0,4bee9ce78e8dd031bf22abe313f6b3a8518722aebf75c336fb540c3817d0945d,1433562.0,4bee9ce78e8dd031bf22abe313f6b3a8518722aebf75c336fb540c3817d0945d,0.0,0.0,1433562.0,4bee9ce78e8dd031bf22abe313f6b3a8518722aebf75c336fb540c3817d0945d,1819782.0,True,case_075,1,0.0,1.0,1.0,1.0
1440267.0,378ed93a9151ed0218f10a5c2aa5ca266b937f0635a712c9d637ef6c50a9aa6d,1440267.0,378ed93a9151ed0218f10a5c2aa5ca266b937f0635a712c9d637ef6c50a9aa6d,134.0,6.268677383921871e-05,1440267.0,378ed93a9151ed0218f10a5c2aa5ca266b937f0635a712c9d637ef6c50a9aa6d,2137478.0,True,case_075,2,0.0,1.0,1.0,1.0
1442868.0,777b17e75b9c1fb288a8c044f2d9091e81646247c6fae43568b23bc9890a31b8,1442868.0,777b17e75b9c1fb288a8c044f2d9091e81646247c6fae43568b23bc9890a31b8,268.0,0.00011965898973879514,1442868.0,777b17e75b9c1fb288a8c044f2d9091e81646247c6fae43568b23bc9890a31b8,2239430.0,True,case_075,3,0.0,1.0,1.0,1.0
1430810.0,aa1e942bf89be45e440eb98c916bb93d089b9c0ca72ca10d76119dfc8c80e912,1430808.0,aa1e942bf89be45e440eb98c916bb93d089b9c0ca72ca10d76119dfc8c80e912,272.0,0.00010899846440398679,1430808.0,aa1e942bf89be45e440eb98c916bb93d089b9c0ca72ca10d76119dfc8c80e912,2495176.0,True,case_075,4,0.0,1.0,1.0000013978115863,1.0000013978115863
1430487.0,d16ea4f9abf9027e808163a97d895c946a1070b6e5829634dfdcdb8866c5bbb6,1430487.0,d16ea4f9abf9027e808163a97d895c946a1070b6e5829634dfdcdb8866c5bbb6,536.0,0.0002633691797131045,1430487.0,d16ea4f9abf9027e808163a97d895c946a1070b6e5829634dfdcdb8866c5bbb6,2034630.0,True,case_075,5,0.0,1.0,1.0,1.0
7839069.0,77d7953b012dbfe7882107403f2e5480cd88eee862f31a407cf17f913c016b5f,6603565.0,4dfae8ac7abbad08af2d81e0feb197398cfacb2fbb581ef5e3f43a2f950eaf0b,4416512.0,0.08718943942426265,7831720.0,77d7953b012dbfe7882107403f2e5480cd88eee862f31a407cf17f913c016b5f,46237696.0,True,case_076,1,-2.220446049250313e-16,1.1859836315687058,1.0009383634757116,1.1870965152913615
3065214.0,f41febfdf5115123c9912307b6696c3c968363a72f21562e5f573387b5ffc9a6,3063843.0,f41febfdf5115123c9912307b6696c3c968363a72f21562e5f573387b5ffc9a6,9859072.0,0.27878156126940007,3063843.0,f41febfdf5115123c9912307b6696c3c968363a72f21562e5f573387b5ffc9a6,25505792.0,True,case_076,2,0.0,1.0,1.0004474772369212,1.0004474772369212
2050028.0,2a54fff3c649afd7e3a891676c6ee1b6bbb4635be3cabfbe2b68ad5fbe5e3354,2047868.0,2a54fff3c649afd7e3a891676c6ee1b6bbb4635be3cabfbe2b68ad5fbe5e3354,13006848.0,0.3369498899116641,2047868.0,2a54fff3c649afd7e3a891676c6ee1b6bbb4635be3cabfbe2b68ad5fbe5e3354,25594880.0,True,case_076,3,0.0,1.0,1.0010547554822868,1.0010547554822868
1540201.0,0c50c3e9791cb0970ca1d864430c92f92b55724d96f88cde1e9b9ad589f2f6df,1536306.0,0c50c3e9791cb0970ca1d864430c92f92b55724d96f88cde1e9b9ad589f2f6df,17399808.0,0.41714538223597,1536306.0,0c50c3e9791cb0970ca1d864430c92f92b55724d96f88cde1e9b9ad589f2f6df,24311808.0,True,case_076,4,0.0,1.0,1.0025353022119292,1.0025353022119292
1240011.0,5ddb293d04eeb950883c09690442d88b07a60cedd850acf6720237cdcabfd2ba,1232435.0,5ddb293d04eeb950883c09690442d88b07a60cedd850acf6720237cdcabfd2ba,19993600.0,0.4460614091199854,1232435.0,5ddb293d04eeb950883c09690442d88b07a60cedd850acf6720237cdcabfd2ba,24828928.0,True,case_076,5,0.0,1.0,1.0061471801758308,1.0061471801758308
552271.0,358ce96194053d9b0c3dc9e43465e18fe98d081773c7e643e4abecdbf7f6d4b4,552271.0,358ce96194053d9b0c3dc9e43465e18fe98d081773c7e643e4abecdbf7f6d4b4,57344.0,0.01793051176252078,552271.0,358ce96194053d9b0c3dc9e43465e18fe98d081773c7e643e4abecdbf7f6d4b4,3140780.0,True,case_077,1,0.0,1.0,1.0,1.0
248734.0,5a15fc93be4989f3c00f22e86408ec41851e0719d5a96f234ddea6a2d42f07f5,248734.0,5a15fc93be4989f3c00f22e86408ec41851e0719d5a96f234ddea6a2d42f07f5,57344.0,0.026082004763022353,248734.0,5a15fc93be4989f3c00f22e86408ec41851e0719d5a96f234ddea6a2d42f07f5,2141260.0,True,case_077,2,0.0,1.0,1.0,1.0
168976.0,7432b478cc738c6204412adada9cd07ef42d9c3ba6d278a4ae382b0ff5036b21,168976.0,7432b478cc738c6204412adada9cd07ef42d9c3ba6d278a4ae382b0ff5036b21,57344.0,0.025419025615838663,168976.0,7432b478cc738c6204412adada9cd07ef42d9c3ba6d278a4ae382b0ff5036b21,2198604.0,True,case_077,3,0.0,1.0,1.0,1.0
127832.0,91e8d7cf0e0d67b9c3f751946e09cc1cbcf2b110720528c8bdcee1f0ea855b48,127591.0,91e8d7cf0e0d67b9c3f751946e09cc1cbcf2b110720528c8bdcee1f0ea855b48,114688.0,0.050838051231677325,127591.0,91e8d7cf0e0d67b9c3f751946e09cc1cbcf2b110720528c8bdcee1f0ea855b48,2141260.0,True,case_077,4,0.0,1.0,1.0018888479594956,1.0018888479594956
115617.0,f3d66f272ce2d4b23de6a6756c0bf225bfbb880398f580984e57f094d1f93e87,115617.0,f3d66f272ce2d4b23de6a6756c0bf225bfbb880398f580984e57f094d1f93e87,172032.0,0.07436674661045817,115617.0,f3d66f272ce2d4b23de6a6756c0bf225bfbb880398f580984e57f094d1f93e87,2141260.0,True,case_077,5,0.0,1.0,1.0,1.0
2259940.0,4594b618b0616cf1133af4b2cb089aca6b04d62b5afe3f493e3dce85a1917e2c,2189192.0,4594b618b0616cf1133af4b2cb089aca6b04d62b5afe3f493e3dce85a1917e2c,8796888.0,0.7188057067215767,2189192.0,4594b618b0616cf1133af4b2cb089aca6b04d62b5afe3f493e3dce85a1917e2c,3441312.0,True,case_078,1,0.0,1.0,1.032316946160958,1.032316946160958
1260358.0,3d52513d749eb66c16cb778e2cb60e99cea3ac5cd0fa15e0f1ad0b4ffc47254b,1260358.0,3d52513d749eb66c16cb778e2cb60e99cea3ac5cd0fa15e0f1ad0b4ffc47254b,0.0,0.0,1260358.0,3d52513d749eb66c16cb778e2cb60e99cea3ac5cd0fa15e0f1ad0b4ffc47254b,14736048.0,True,case_078,2,0.0,1.0,1.0,1.0
1377249.0,cf9c14d9abc8d4b8bb66ee4f0990f307d5e1bc96b063ae343a6bf25f05f2c422,1366507.0,cf9c14d9abc8d4b8bb66ee4f0990f307d5e1bc96b063ae343a6bf25f05f2c422,3442176.0,0.23267026374617553,1366507.0,cf9c14d9abc8d4b8bb66ee4f0990f307d5e1bc96b063ae343a6bf25f05f2c422,11352048.0,True,case_078,3,0.0,1.0,1.007860918385343,1.007860918385343
690924.0,38225d6e3b5f38a9ad0b5aace7aa73266b90f3331a74f00eb4516f36e150da29,690924.0,38225d6e3b5f38a9ad0b5aace7aa73266b90f3331a74f00eb4516f36e150da29,0.0,0.0,690924.0,38225d6e3b5f38a9ad0b5aace7aa73266b90f3331a74f00eb4516f36e150da29,15393696.0,True,case_078,4,0.0,1.0,1.0,1.0
1586167.0,b63ef20c293389e1c9274973b1b1ea5bce5bccd571fade8508c1fe04eee326d4,1556908.0,b63ef20c293389e1c9274973b1b1ea5bce5bccd571fade8508c1fe04eee326d4,4958904.0,0.30193887601305835,1556908.0,b63ef20c293389e1c9274973b1b1ea5bce5bccd571fade8508c1fe04eee326d4,11464632.0,True,case_078,5,0.0,1.0,1.0187930179561027,1.0187930179561027
35817831.0,dba2a7611dd8d6c85a50184af3fe3237027274fc45bbc3927ab49e0557ac3bee,35637258.0,dba2a7611dd8d6c85a50184af3fe3237027274fc45bbc3927ab49e0557ac3bee,13119488.0,0.0761241562886206,35637258.0,dba2a7611dd8d6c85a50184af3fe3237027274fc45bbc3927ab49e0557ac3bee,159223808.0,True,case_079,1,0.0,1.0,1.0050669723243018,1.0050669723243018
15446486.0,d649db90d1e9476a78971ea75327d30336b77b7cb5b731898626655ed91fcd8c,15446486.0,d649db90d1e9476a78971ea75327d30336b77b7cb5b731898626655ed91fcd8c,0.0,0.0,15446486.0,d649db90d1e9476a78971ea75327d30336b77b7cb5b731898626655ed91fcd8c,37593088.0,True,case_079,2,0.0,1.0,1.0,1.0
10181692.0,582c23d73e93a01a0fa43671a6623dd5bf64d65f77526a70b7086c1562118f9f,10175315.0,582c23d73e93a01a0fa43671a6623dd5bf64d65f77526a70b7086c1562118f9f,6285312.0,0.13731543624161074,10175315.0,582c23d73e93a01a0fa43671a6623dd5bf64d65f77526a70b7086c1562118f9f,39487488.0,True,case_079,3,0.0,1.0,1.000626712784813,1.000626712784813
7635624.0,30070412f99d4d7e792bc63e27989a27a3b6ead4744de496bec1a004accea9b3,7635624.0,30070412f99d4d7e792bc63e27989a27a3b6ead4744de496bec1a004accea9b3,0.0,0.0,7635624.0,30070412f99d4d7e792bc63e27989a27a3b6ead4744de496bec1a004accea9b3,36257792.0,True,case_079,4,0.0,1.0,1.0,1.0
6075976.0,a985f9cac9f57b73cb5186652a703db9ae541d0106f6fab1a8b62f4f75c84279,6075472.0,a985f9cac9f57b73cb5186652a703db9ae541d0106f6fab1a8b62f4f75c84279,13060096.0,0.2441611149398882,6075472.0,a985f9cac9f57b73cb5186652a703db9ae541d0106f6fab1a8b62f4f75c84279,40429568.0,True,case_079,5,0.0,1.0,1.000082956517617,1.000082956517617
329200.0,56b965250eb4c3f8f90c3aac0357692d85e7012660671e4fc151e9cd3e943cdd,329096.0,56b965250eb4c3f8f90c3aac0357692d85e7012660671e4fc151e9cd3e943cdd,8192.0,0.002079002079002079,329096.0,56b965250eb4c3f8f90c3aac0357692d85e7012660671e4fc151e9cd3e943cdd,3932160.0,True,case_080,1,0.0,1.0,1.0003160172107834,1.0003160172107834
145926.0,0e47c11b0b44f2c33a12cb89202337e8e910b5239d90515fe553c723d50ac6a9,145674.0,0e47c11b0b44f2c33a12cb89202337e8e910b5239d90515fe553c723d50ac6a9,1785856.0,0.436,145674.0,0e47c11b0b44f2c33a12cb89202337e8e910b5239d90515fe553c723d50ac6a9,2310144.0,True,case_080,2,0.0,1.0,1.0017298900284197,1.0017298900284197
100325.0,f7bda778b5ae3a909c2147501f52bf4a96f4060bf831d951d7d090ef795b8f2f,100325.0,f7bda778b5ae3a909c2147501f52bf4a96f4060bf831d951d7d090ef795b8f2f,0.0,0.0,100325.0,f7bda778b5ae3a909c2147501f52bf4a96f4060bf831d951d7d090ef795b8f2f,4952064.0,True,case_080,3,0.0,1.0,1.0,1.0
111314.0,53da4f6354c82b9d127ac58a9b5f3d7707c311f894b9bbc1fee66dd43b6a5b14,90584.0,53da4f6354c82b9d127ac58a9b5f3d7707c311f894b9bbc1fee66dd43b6a5b14,2916352.0,0.478494623655914,90584.0,53da4f6354c82b9d127ac58a9b5f3d7707c311f894b9bbc1fee66dd43b6a5b14,3178496.0,True,case_080,4,0.0,1.0,1.228848361741588,1.228848361741588
113455.0,9fc65038ecb4eec561e03ec5b7278c8c271f32634a512dc0c2cc68eda26247cb,90408.0,9fc65038ecb4eec561e03ec5b7278c8c271f32634a512dc0c2cc68eda26247cb,2228224.0,0.34408602150537637,90408.0,9fc65038ecb4eec561e03ec5b7278c8c271f32634a512dc0c2cc68eda26247cb,4247552.0,True,case_080,5,0.0,1.0,1.2549221307848863,1.2549221307848863
154087.0,290592fda013cdc65a1eded367605be49eca5dedf8d5d80000302855986b96cf,151865.0,290592fda013cdc65a1eded367605be49eca5dedf8d5d80000302855986b96cf,573444.0,0.2626130697451191,151865.0,290592fda013cdc65a1eded367605be49eca5dedf8d5d80000302855986b96cf,1610164.0,True,case_081,1,0.0,1.0,1.0146314160603167,1.0146314160603167
76860.0,f63ff427c4de64df6e54afbba6fec78b9e9465e56aec3cd1d6f979d6f7d4b278,76860.0,f63ff427c4de64df6e54afbba6fec78b9e9465e56aec3cd1d6f979d6f7d4b278,0.0,0.0,76860.0,f63ff427c4de64df6e54afbba6fec78b9e9465e56aec3cd1d6f979d6f7d4b278,1044820.0,True,case_081,2,0.0,1.0,1.0,1.0
51943.0,aaafe1de52c8a907d697db9287a9ee082d433c8fece62a05e6f3773770d551fb,51943.0,aaafe1de52c8a907d697db9287a9ee082d433c8fece62a05e6f3773770d551fb,0.0,0.0,51943.0,aaafe1de52c8a907d697db9287a9ee082d433c8fece62a05e6f3773770d551fb,1044820.0,True,case_081,3,0.0,1.0,1.0,1.0
39588.0,56bbfa0ae353613d24070cf22b1360a3e5490907d12eb2db929060da325216ee,39588.0,56bbfa0ae353613d24070cf22b1360a3e5490907d12eb2db929060da325216ee,0.0,0.0,39588.0,56bbfa0ae353613d24070cf22b1360a3e5490907d12eb2db929060da325216ee,1044820.0,True,case_081,4,0.0,1.0,1.0,1.0
30943.0,0727c0053d3286862ad4e1a83300934391a78435df75bcc0b60781f38e576630,30943.0,0727c0053d3286862ad4e1a83300934391a78435df75bcc0b60781f38e576630,0.0,0.0,30943.0,0727c0053d3286862ad4e1a83300934391a78435df75bcc0b60781f38e576630,1044820.0,True,case_081,5,0.0,1.0,1.0,1.0
717008.0,2a109dc55a84505f8c17767f2f962066acacedda5379ea8e47b88a365fda0e94,717008.0,2a109dc55a84505f8c17767f2f962066acacedda5379ea8e47b88a365fda0e94,0.0,0.0,717008.0,2a109dc55a84505f8c17767f2f962066acacedda5379ea8e47b88a365fda0e94,626022.0,True,case_082,1,0.0,1.0,1.0,1.0
720881.0,be3cf75ed4477c91b979f0f9aba3c1b9945368443514587ba78035be07b53162,720868.0,be3cf75ed4477c91b979f0f9aba3c1b9945368443514587ba78035be07b53162,69772.0,0.05643586620140968,720868.0,be3cf75ed4477c91b979f0f9aba3c1b9945368443514587ba78035be07b53162,1166534.0,True,case_082,2,0.0,1.0,1.00001803381479,1.00001803381479
691651.0,4a4e9df530fdd5aa546453a6615225a03019e5665790b36b152f8acecc71030b,691651.0,4a4e9df530fdd5aa546453a6615225a03019e5665790b36b152f8acecc71030b,74886.0,0.05688281620301163,691651.0,4a4e9df530fdd5aa546453a6615225a03019e5665790b36b152f8acecc71030b,1241610.0,True,case_082,3,0.0,1.0,1.0,1.0
766658.0,a19e17065fbc6e318d2b9790eb00c367a49fb6f6d495fc195be429d157bd3d0b,766658.0,a19e17065fbc6e318d2b9790eb00c367a49fb6f6d495fc195be429d157bd3d0b,172434.0,0.08948907867258438,766658.0,a19e17065fbc6e318d2b9790eb00c367a49fb6f6d495fc195be429d157bd3d0b,1754438.0,True,case_082,4,0.0,1.0,1.0,1.0
721041.0,7e0987138dd1628d5883fc79621836a17989a20fec78e651a12d0574a78d1231,721041.0,7e0987138dd1628d5883fc79621836a17989a20fec78e651a12d0574a78d1231,0.0,0.0,721041.0,7e0987138dd1628d5883fc79621836a17989a20fec78e651a12d0574a78d1231,566406.0,True,case_082,5,0.0,1.0,1.0,1.0
1040648.0,c9c0cc5453018ed077002a0df4cc0c449b0ab029e5fbcf8cbd259cf7d6e585ef,930103.0,c9c0cc5453018ed077002a0df4cc0c449b0ab029e5fbcf8cbd259cf7d6e585ef,9913856.0,0.7691226815819984,930103.0,c9c0cc5453018ed077002a0df4cc0c449b0ab029e5fbcf8cbd259cf7d6e585ef,2975968.0,True,case_083,1,0.0,1.0,1.1188524281719336,1.1188524281719336
775372.0,9d5e0d7a0e3a218e65d9c120171d3ff574f8729e6438b34a8d2657978c11e25d,755398.0,9d5e0d7a0e3a218e65d9c120171d3ff574f8729e6438b34a8d2657978c11e25d,2442528.0,0.4320574650183399,755398.0,9d5e0d7a0e3a218e65d9c120171d3ff574f8729e6438b34a8d2657978c11e25d,3210720.0,True,case_083,2,0.0,1.0,1.026441690340721,1.026441690340721
512623.0,6e354eb97743d232e8feb89c7795435d7450b4814de958d9cadbbebf8897b83e,402691.0,6e354eb97743d232e8feb89c7795435d7450b4814de958d9cadbbebf8897b83e,10443552.0,0.6590289066365114,402691.0,6e354eb97743d232e8feb89c7795435d7450b4814de958d9cadbbebf8897b83e,5403328.0,True,case_083,3,0.0,1.0,1.272993436654904,1.272993436654904
450029.0,9b9936145e13dcb40f02f968e1bb3ed9bc30991e4a3d2e7d93e65a44e1954b13,333151.0,9b9936145e13dcb40f02f968e1bb3ed9bc30991e4a3d2e7d93e65a44e1954b13,10324096.0,0.6425764561777388,333151.0,9b9936145e13dcb40f02f968e1bb3ed9bc30991e4a3d2e7d93e65a44e1954b13,5742624.0,True,case_083,4,0.0,1.0,1.3508259017682673,1.3508259017682673
620731.0,dd0c990fafa5a9cb787c1fe7463de892f03bae24cb43c30a89a6d8c0fa237f70,620094.0,dd0c990fafa5a9cb787c1fe7463de892f03bae24cb43c30a89a6d8c0fa237f70,76864.0,0.03574138828956179,620094.0,dd0c990fafa5a9cb787c1fe7463de892f03bae24cb43c30a89a6d8c0fa237f70,2073696.0,True,case_083,5,0.0,1.0,1.0010272636084208,1.0010272636084208
1762609.0,662100ca6ed74443309fd086814a0ecd37d9d9986208ff03ba9a58bbbf68ff11,1552121.0,43eb0467359e103459150453ca93c5ee9767e883f770665168b53449c90b6e7e,0.0,0.0,1762609.0,662100ca6ed74443309fd086814a0ecd37d9d9986208ff03ba9a58bbbf68ff11,14866314.0,True,case_084,1,0.0,1.1356131384086678,1.0,1.1356131384086678
1255052.0,59ff9e276e1970ceb595043610af436ae9fed768fe44c9c3013ddbe6e0f75719,1255052.0,59ff9e276e1970ceb595043610af436ae9fed768fe44c9c3013ddbe6e0f75719,0.0,0.0,1255052.0,59ff9e276e1970ceb595043610af436ae9fed768fe44c9c3013ddbe6e0f75719,9927786.0,True,case_084,2,0.0,1.0,1.0,1.0
836220.0,342b5d53758619394807e1ac4e8c7729364b7ddf9285b4f5327cf6bfcc38939d,836220.0,342b5d53758619394807e1ac4e8c7729364b7ddf9285b4f5327cf6bfcc38939d,0.0,0.0,836220.0,342b5d53758619394807e1ac4e8c7729364b7ddf9285b4f5327cf6bfcc38939d,9927786.0,True,case_084,3,0.0,1.0,1.0,1.0
629028.0,73cb9a24b80924a4a8725b86b524caf8ca465e75c3ff2b3b5441e4821ed827ad,629028.0,73cb9a24b80924a4a8725b86b524caf8ca465e75c3ff2b3b5441e4821ed827ad,0.0,0.0,629028.0,73cb9a24b80924a4a8725b86b524caf8ca465e75c3ff2b3b5441e4821ed827ad,9927786.0,True,case_084,4,0.0,1.0,1.0,1.0
503472.0,45dcd8f173835870c07c5c49651fce5d5e77b0dc27fb37971ff14041cc00cc72,503472.0,45dcd8f173835870c07c5c49651fce5d5e77b0dc27fb37971ff14041cc00cc72,0.0,0.0,503472.0,45dcd8f173835870c07c5c49651fce5d5e77b0dc27fb37971ff14041cc00cc72,9927786.0,True,case_084,5,0.0,1.0,1.0,1.0
3187417.0,3f99e23b0e53fa390cfdf756f78b2dd6f207d56cdf86518437094a7074ab1c5a,3187417.0,3f99e23b0e53fa390cfdf756f78b2dd6f207d56cdf86518437094a7074ab1c5a,0.0,0.0,3187417.0,3f99e23b0e53fa390cfdf756f78b2dd6f207d56cdf86518437094a7074ab1c5a,2041606.0,True,case_085,1,0.0,1.0,1.0,1.0
3207447.0,faac221740ff07783cf0ab25bff375256e8a102464dd678021bb9f743c1aeb4c,3207447.0,faac221740ff07783cf0ab25bff375256e8a102464dd678021bb9f743c1aeb4c,199818.0,0.07181952279902697,3207447.0,faac221740ff07783cf0ab25bff375256e8a102464dd678021bb9f743c1aeb4c,2582406.0,True,case_085,2,0.0,1.0,1.0,1.0
3130505.0,e4ca437151654d762211b2d0c00cc9e9d1151c3d1f3a26b9271ed9addcf3fef9,3130505.0,e4ca437151654d762211b2d0c00cc9e9d1151c3d1f3a26b9271ed9addcf3fef9,134.0,4.7065071324656966e-05,3130505.0,e4ca437151654d762211b2d0c00cc9e9d1151c3d1f3a26b9271ed9addcf3fef9,2846988.0,True,case_085,3,0.0,1.0,1.0,1.0
3203847.0,910a9e878bd419903d996bef9d4a66f57ebaa8eae82febd261d34b5093f04acb,3203760.0,910a9e878bd419903d996bef9d4a66f57ebaa8eae82febd261d34b5093f04acb,1251220.0,0.17921166461370994,3203760.0,910a9e878bd419903d996bef9d4a66f57ebaa8eae82febd261d34b5093f04acb,5730580.0,True,case_085,4,0.0,1.0,1.0000271555921791,1.0000271555921791
3282015.0,e43c16f7c3f785f5e2191f22dc9e5495c3e6f7d0ed12ac24536d3abef5a4cd78,3281953.0,e43c16f7c3f785f5e2191f22dc9e5495c3e6f7d0ed12ac24536d3abef5a4cd78,658070.0,0.11646399132382465,3281953.0,e43c16f7c3f785f5e2191f22dc9e5495c3e6f7d0ed12ac24536d3abef5a4cd78,4992346.0,True,case_085,5,0.0,1.0,1.0000188911907026,1.0000188911907026
114843.0,2d618605f4b40b004b3a601d0f05242572dc4858d4f0a007ade3a1fd2734fd03,114843.0,2d618605f4b40b004b3a601d0f05242572dc4858d4f0a007ade3a1fd2734fd03,0.0,0.0,114843.0,2d618605f4b40b004b3a601d0f05242572dc4858d4f0a007ade3a1fd2734fd03,332262.0,True,case_086,1,0.0,1.0,1.0,1.0
119261.0,e44df7ad5312cff6a36a821aa868e3dfc5fcd41d7c6e76fc10712f6a8ad0b07d,119261.0,e44df7ad5312cff6a36a821aa868e3dfc5fcd41d7c6e76fc10712f6a8ad0b07d,3174.0,0.004364038344140309,119261.0,e44df7ad5312cff6a36a821aa868e3dfc5fcd41d7c6e76fc10712f6a8ad0b07d,724134.0,True,case_086,2,0.0,1.0,1.0,1.0
118403.0,0bcecd7bcc53633f8f9ba3c38ed76b488569ec72967cded72c58270fe7451ce3,118403.0,0bcecd7bcc53633f8f9ba3c38ed76b488569ec72967cded72c58270fe7451ce3,0.0,0.0,118403.0,0bcecd7bcc53633f8f9ba3c38ed76b488569ec72967cded72c58270fe7451ce3,321126.0,True,case_086,3,0.0,1.0,1.0,1.0
127542.0,5990408138f23e8f72cab81d05eca901cc364420159ac85173737e54ef284efe,126423.0,47a2c4b33af31d634460991dbe210fa284d895c303bfb1493ed34aa949d242f3,36784.0,0.038074024084014585,127542.0,5990408138f23e8f72cab81d05eca901cc364420159ac85173737e54ef284efe,929334.0,True,case_086,4,0.0,1.0088512375121617,1.0,1.0088512375121617
118403.0,aa7999cd2d4047253ef57c08123bcce86267c2fc4f0579c8ab0281044c55d799,118403.0,aa7999cd2d4047253ef57c08123bcce86267c2fc4f0579c8ab0281044c55d799,0.0,0.0,118403.0,aa7999cd2d4047253ef57c08123bcce86267c2fc4f0579c8ab0281044c55d799,321126.0,True,case_086,5,0.0,1.0,1.0,1.0
3971407.0,a6ad49e3f87b1bf16c48d419884d1a071f88c036492dafbbf9f83c17e8a55e05,3967115.0,a6ad49e3f87b1bf16c48d419884d1a071f88c036492dafbbf9f83c17e8a55e05,2534400.0,0.18111555864402304,3967115.0,a6ad49e3f87b1bf16c48d419884d1a071f88c036492dafbbf9f83c17e8a55e05,11458876.0,True,case_087,1,0.0,1.0,1.0010818945253668,1.0010818945253668
2016479.0,06bb95bc28c0e4fe4ae1b7e93d12a3748c4be0e53b2408abdbacf2be51cd777f,2013301.0,06bb95bc28c0e4fe4ae1b7e93d12a3748c4be0e53b2408abdbacf2be51cd777f,4700160.0,0.29433520457353785,2013301.0,06bb95bc28c0e4fe4ae1b7e93d12a3748c4be0e53b2408abdbacf2be51cd777f,11268572.0,True,case_087,2,0.0,1.0,1.0015785021713097,1.0015785021713097
1374901.0,a221c11785c20dd32f6cd60871d46484a6ed077713e4cbf89398430953e5a97d,1372451.0,a221c11785c20dd32f6cd60871d46484a6ed077713e4cbf89398430953e5a97d,4432896.0,0.26145306910520677,1372451.0,a221c11785c20dd32f6cd60871d46484a6ed077713e4cbf89398430953e5a97d,12521948.0,True,case_087,3,0.0,1.0,1.001785127483604,1.001785127483604
1046846.0,e6cc680db2af141f526c54d9f6777df4e1ef1eefa3e0edf4566f6f8e87817ff7,1043492.0,e6cc680db2af141f526c54d9f6777df4e1ef1eefa3e0edf4566f6f8e87817ff7,5548032.0,0.2994699606588992,1043492.0,e6cc680db2af141f526c54d9f6777df4e1ef1eefa3e0edf4566f6f8e87817ff7,12978140.0,True,case_087,4,0.0,1.0,1.003214207679599,1.003214207679599
833349.0,bb1285e74eb8eb62e7952ed82f95ca752d8d77c0ab60da4db1dc3936851efc6a,829669.0,bb1285e74eb8eb62e7952ed82f95ca752d8d77c0ab60da4db1dc3936851efc6a,5561856.0,0.3021702711084058,829669.0,bb1285e74eb8eb62e7952ed82f95ca752d8d77c0ab60da4db1dc3936851efc6a,12844508.0,True,case_087,5,0.0,1.0,1.0044355037972974,1.0044355037972974
240293.0,62df43688e11cc4a639fdfa2066a4a5971220a0030bd8d4cd63efa445fd375a8,240293.0,62df43688e11cc4a639fdfa2066a4a5971220a0030bd8d4cd63efa445fd375a8,0.0,0.0,240293.0,62df43688e11cc4a639fdfa2066a4a5971220a0030bd8d4cd63efa445fd375a8,1876292.0,True,case_088,1,0.0,1.0,1.0,1.0
243623.0,1e28ee3ff5e2d6efadd296a6d5373da6bfe65a641a7310c15862f65cd792655b,243623.0,1e28ee3ff5e2d6efadd296a6d5373da6bfe65a641a7310c15862f65cd792655b,0.0,0.0,243623.0,1e28ee3ff5e2d6efadd296a6d5373da6bfe65a641a7310c15862f65cd792655b,1829730.0,True,case_088,2,0.0,1.0,1.0,1.0
243623.0,a6c3edc4244fea9d50a818af62ec715409801f75a27faab48b80a2215a0c25f6,243623.0,a6c3edc4244fea9d50a818af62ec715409801f75a27faab48b80a2215a0c25f6,0.0,0.0,243623.0,a6c3edc4244fea9d50a818af62ec715409801f75a27faab48b80a2215a0c25f6,1829730.0,True,case_088,3,0.0,1.0,1.0,1.0
243623.0,ea37ffac65213644a8dfa23933fcf1954e93a304374dc0ac7bc2fc255e2db615,243623.0,ea37ffac65213644a8dfa23933fcf1954e93a304374dc0ac7bc2fc255e2db615,0.0,0.0,243623.0,ea37ffac65213644a8dfa23933fcf1954e93a304374dc0ac7bc2fc255e2db615,1829730.0,True,case_088,4,0.0,1.0,1.0,1.0
243623.0,66a495bdc20f2dc717df18cd047562de40795d93c18eb94c2f9182dee0a61e5b,243623.0,66a495bdc20f2dc717df18cd047562de40795d93c18eb94c2f9182dee0a61e5b,0.0,0.0,243623.0,66a495bdc20f2dc717df18cd047562de40795d93c18eb94c2f9182dee0a61e5b,1829730.0,True,case_088,5,0.0,1.0,1.0,1.0
694728.0,8b5bc11c08e6cdbfd67986237e48287f614cb1e19d1444ab5cfb7c391a4e565a,694728.0,8b5bc11c08e6cdbfd67986237e48287f614cb1e19d1444ab5cfb7c391a4e565a,9216.0,0.021120563215019067,694728.0,8b5bc11c08e6cdbfd67986237e48287f614cb1e19d1444ab5cfb7c391a4e565a,427136.0,True,case_089,1,0.0,1.0,1.0,1.0
346832.0,414c355e90b2b45c26acf9c63151882c21a8ca1fef9b9cb02335a1bcaaef69ea,346832.0,414c355e90b2b45c26acf9c63151882c21a8ca1fef9b9cb02335a1bcaaef69ea,0.0,0.0,346832.0,414c355e90b2b45c26acf9c63151882c21a8ca1fef9b9cb02335a1bcaaef69ea,641280.0,True,case_089,2,0.0,1.0,1.0,1.0
243614.0,0ce5e8a7818d78cf236a0ac8d6f95cd0e9b0dc19c2e55ad073fc18b1563d78ec,243614.0,0ce5e8a7818d78cf236a0ac8d6f95cd0e9b0dc19c2e55ad073fc18b1563d78ec,0.0,0.0,243614.0,0ce5e8a7818d78cf236a0ac8d6f95cd0e9b0dc19c2e55ad073fc18b1563d78ec,880000.0,True,case_089,3,0.0,1.0,1.0,1.0
178160.0,09587b4e0468b761ef15a3296b43e0209da7ea4c68079e28cbfa469def15e870,178160.0,09587b4e0468b761ef15a3296b43e0209da7ea4c68079e28cbfa469def15e870,0.0,0.0,178160.0,09587b4e0468b761ef15a3296b43e0209da7ea4c68079e28cbfa469def15e870,1118720.0,True,case_089,4,0.0,1.0,1.0,1.0
147432.0,6396580b574a23078fdc8325cca408fbf40ec40f162c19c8e866d8fa154704f2,147432.0,6396580b574a23078fdc8325cca408fbf40ec40f162c19c8e866d8fa154704f2,0.0,0.0,147432.0,6396580b574a23078fdc8325cca408fbf40ec40f162c19c8e866d8fa154704f2,1357440.0,True,case_089,5,0.0,1.0,1.0,1.0
1090066.0,1c2d5dcd1a5eb5d749f4eea3a6011847c7db56e46672332e53d72af3ddcfc8ab,998222.0,1c2d5dcd1a5eb5d749f4eea3a6011847c7db56e46672332e53d72af3ddcfc8ab,11035296.0,0.6168371741107721,998222.0,1c2d5dcd1a5eb5d749f4eea3a6011847c7db56e46672332e53d72af3ddcfc8ab,6854832.0,True,case_090,1,0.0,1.0,1.0920075894941206,1.0920075894941206
836229.0,b256ffee69899e865b18754b788a4a02e99c813e00424b2e718b707340464d89,766154.0,b256ffee69899e865b18754b788a4a02e99c813e00424b2e718b707340464d89,7548528.0,0.31509642077507294,766154.0,b256ffee69899e865b18754b788a4a02e99c813e00424b2e718b707340464d89,16407720.0,True,case_090,2,0.0,1.0,1.0914633350475231,1.0914633350475231
761694.0,7de16be8cd293c6ef3661bde7bce604211dca7c4f22215c955a0d43e00675ac3,706360.0,7de16be8cd293c6ef3661bde7bce604211dca7c4f22215c955a0d43e00675ac3,6292752.0,0.280556494793294,706360.0,7de16be8cd293c6ef3661bde7bce604211dca7c4f22215c955a0d43e00675ac3,16136784.0,True,case_090,3,0.0,1.0,1.0783368254148027,1.0783368254148027
731084.0,fbe895be42694ce2d47fb218423283a8655106136790ecdf26f98ec205587c47,674035.0,fbe895be42694ce2d47fb218423283a8655106136790ecdf26f98ec205587c47,7630200.0,0.3643012817721594,674035.0,fbe895be42694ce2d47fb218423283a8655106136790ecdf26f98ec205587c47,13314552.0,True,case_090,4,0.0,1.0,1.0846380380840757,1.0846380380840757
542638.0,00f16c79813b0e93a13e06aa0ba44c5d2ae2075e40f48a0412980835c28da911,509924.0,00f16c79813b0e93a13e06aa0ba44c5d2ae2075e40f48a0412980835c28da911,1946808.0,0.08141171039161765,509924.0,00f16c79813b0e93a13e06aa0ba44c5d2ae2075e40f48a0412980835c28da911,21966312.0,True,case_090,5,0.0,1.0,1.064154658341243,1.064154658341243
10669316.0,fdb4033789333f116f304025f84124010064bfcffab317779b7eb5af07b6f585,9599880.0,c2c3700f3aa9214d612e8ea821a134f7970cc9c90e7355e960cc1fb8adf89bad,6398592.0,0.0813468138391615,10635127.0,fdb4033789333f116f304025f84124010064bfcffab317779b7eb5af07b6f585,72259584.0,True,case_091,1,0.0,1.1078395771613812,1.0032147241871208,1.1114009758455314
4571759.0,8f1d46529266cf8896f690a229594cee0cb0fb3578f912f5d764e44835a31262,4569395.0,8f1d46529266cf8896f690a229594cee0cb0fb3578f912f5d764e44835a31262,11590464.0,0.17986505725904448,4569395.0,8f1d46529266cf8896f690a229594cee0cb0fb3578f912f5d764e44835a31262,52849312.0,True,case_091,2,0.0,1.0,1.0005173551422015,1.0005173551422015
3090094.0,e9d54fc745830304e3b219cab0400e805bec5a3623bfd98b0e1d90dd71c7d210,3070819.0,e9d54fc745830304e3b219cab0400e805bec5a3623bfd98b0e1d90dd71c7d210,17402432.0,0.24462705379288754,3070819.0,e9d54fc745830304e3b219cab0400e805bec5a3623bfd98b0e1d90dd71c7d210,53736192.0,True,case_091,3,0.0,1.0,1.0062768271265743,1.0062768271265743
2315897.0,06eedb6d994591f7e8702bd968c23039e03df56740a5547ed97cd6ec9e55933c,2307637.0,06eedb6d994591f7e8702bd968c23039e03df56740a5547ed97cd6ec9e55933c,21282592.0,0.2804179531645212,2307637.0,06eedb6d994591f7e8702bd968c23039e03df56740a5547ed97cd6ec9e55933c,54613376.0,True,case_091,4,0.0,1.0,1.0035794191200782,1.0035794191200782
1882479.0,1abef37c8e887fd13ba794eff0dc1f06f85068aad2159c77712a3ca96438fbc5,1876653.0,1abef37c8e887fd13ba794eff0dc1f06f85068aad2159c77712a3ca96438fbc5,24930816.0,0.3118187989087975,1876653.0,1abef37c8e887fd13ba794eff0dc1f06f85068aad2159c77712a3ca96438fbc5,55022080.0,True,case_091,5,0.0,1.0,1.0031044631053263,1.0031044631053263
4203197.0,f4f4acfab22e42d96e86235b7614d2291a054761096a4aafe53c8353c8a907e1,4076456.0,f4f4acfab22e42d96e86235b7614d2291a054761096a4aafe53c8353c8a907e1,12071424.0,0.6605924864854452,4076456.0,f4f4acfab22e42d96e86235b7614d2291a054761096a4aafe53c8353c8a907e1,6202208.0,True,case_092,1,0.0,1.0,1.0310909770643912,1.0310909770643912
2828252.0,263b93f0e87106953f017c99e50324d94dbac3e7279b3be69440addb5424e7f9,2358868.0,263b93f0e87106953f017c99e50324d94dbac3e7279b3be69440addb5424e7f9,50993920.0,0.7591771943849205,2358868.0,263b93f0e87106953f017c99e50324d94dbac3e7279b3be69440addb5424e7f9,16176064.0,True,case_092,2,0.0,1.0,1.1989869717169421,1.1989869717169421
2231804.0,d06cafbde6c142ba96432df9835638b8464a40a650a336da1d44e2f184c1abed,1792534.0,d06cafbde6c142ba96432df9835638b8464a40a650a336da1d44e2f184c1abed,44215392.0,0.6541586932458932,1792534.0,d06cafbde6c142ba96432df9835638b8464a40a650a336da1d44e2f184c1abed,23375840.0,True,case_092,3,0.0,1.0,1.2450553239157527,1.2450553239157527
1927728.0,605b45db8fa5df8451acb75064a9060f4ecb643b5c29439291727d854d857edc,1470508.0,605b45db8fa5df8451acb75064a9060f4ecb643b5c29439291727d854d857edc,44066112.0,0.6479121478881523,1470508.0,605b45db8fa5df8451acb75064a9060f4ecb643b5c29439291727d854d857edc,23946368.0,True,case_092,4,0.0,1.0,1.3109265641533403,1.3109265641533403
1649430.0,f679f3707f505be83be9041359e375a7e5f2bb9db84c02402efbae714b4caf19,1351088.0,f679f3707f505be83be9041359e375a7e5f2bb9db84c02402efbae714b4caf19,39473888.0,0.580675424788359,1351088.0,f679f3707f505be83be9041359e375a7e5f2bb9db84c02402efbae714b4caf19,28505376.0,True,case_092,5,0.0,1.0,1.220816112644032,1.220816112644032
85150.0,a24a83745e00e3f42cbaf630b54c05499c3256d3689debd9f42423ca39a6a667,77781.0,998ee2fbd036121b8cfaaa092e5397b10b8a5afbaa1001aee9bf05d5909b9b4d,0.0,0.0,85150.0,a24a83745e00e3f42cbaf630b54c05499c3256d3689debd9f42423ca39a6a667,573440.0,True,case_093,1,0.0,1.094740360756483,1.0,1.094740360756483
37827.0,1f5b8ee1c6579ce6fca2b6d4b3fa2d32dc0f3303f52b008e0fe4b7293dc06499,37827.0,1f5b8ee1c6579ce6fca2b6d4b3fa2d32dc0f3303f52b008e0fe4b7293dc06499,0.0,0.0,37827.0,1f5b8ee1c6579ce6fca2b6d4b3fa2d32dc0f3303f52b008e0fe4b7293dc06499,581632.0,True,case_093,2,0.0,1.0,1.0,1.0
25103.0,4a142c1aa703d28d48083a4e517878bf060921db02deecbd7abab17cd8724fda,25103.0,4a142c1aa703d28d48083a4e517878bf060921db02deecbd7abab17cd8724fda,0.0,0.0,25103.0,4a142c1aa703d28d48083a4e517878bf060921db02deecbd7abab17cd8724fda,589824.0,True,case_093,3,0.0,1.0,1.0,1.0
19779.0,6256612237a3be897e8a1b71beef86388caf235214e3372bb64b998572a0dbf7,19779.0,6256612237a3be897e8a1b71beef86388caf235214e3372bb64b998572a0dbf7,0.0,0.0,19779.0,6256612237a3be897e8a1b71beef86388caf235214e3372bb64b998572a0dbf7,598016.0,True,case_093,4,0.0,1.0,1.0,1.0
15876.0,4721c5ac9f2fb44ebaa62fd5d34dcb22889903a6900119df3f15d11fdac1d338,15876.0,4721c5ac9f2fb44ebaa62fd5d34dcb22889903a6900119df3f15d11fdac1d338,0.0,0.0,15876.0,4721c5ac9f2fb44ebaa62fd5d34dcb22889903a6900119df3f15d11fdac1d338,606208.0,True,case_093,5,0.0,1.0,1.0,1.0
92511.0,1cc88b2d366b5fa5c63e9f7d53d58ab3c8ff3b72f208ec2b5d8c3611c7f3130c,92511.0,1cc88b2d366b5fa5c63e9f7d53d58ab3c8ff3b72f208ec2b5d8c3611c7f3130c,28672.0,0.04463707467742739,92511.0,1cc88b2d366b5fa5c63e9f7d53d58ab3c8ff3b72f208ec2b5d8c3611c7f3130c,613664.0,True,case_094,1,0.0,1.0,1.0,1.0
48073.0,d510162a2f0433cd64bf96327375da6590ecd7767d269fa90b95644dce80523e,48073.0,d510162a2f0433cd64bf96327375da6590ecd7767d269fa90b95644dce80523e,37152.0,0.0643213296398892,48073.0,d510162a2f0433cd64bf96327375da6590ecd7767d269fa90b95644dce80523e,540448.0,True,case_094,2,0.0,1.0,1.0,1.0
32222.0,446e41bcd89140284e925cec45ecb7a6c22f073b8166060d6f55408c96528ddc,32222.0,446e41bcd89140284e925cec45ecb7a6c22f073b8166060d6f55408c96528ddc,212544.0,0.310795002573581,32222.0,446e41bcd89140284e925cec45ecb7a6c22f073b8166060d6f55408c96528ddc,471328.0,True,case_094,3,0.0,1.0,1.0,1.0
24640.0,67b794d85cf5847266a338a591e4a7be4b82dc99132f5488634ba05aa3db5674,24640.0,67b794d85cf5847266a338a591e4a7be4b82dc99132f5488634ba05aa3db5674,304704.0,0.38577158368107606,24640.0,67b794d85cf5847266a338a591e4a7be4b82dc99132f5488634ba05aa3db5674,485152.0,True,case_094,4,0.0,1.0,1.0,1.0
21573.0,399bda63bec720baf2d555e823ecef1dd72f0aab94fc73bbc9e1315e370610c0,20380.0,399bda63bec720baf2d555e823ecef1dd72f0aab94fc73bbc9e1315e370610c0,274272.0,0.30606341951149835,20380.0,399bda63bec720baf2d555e823ecef1dd72f0aab94fc73bbc9e1315e370610c0,621856.0,True,case_094,5,0.0,1.0,1.0585377821393522,1.0585377821393522
1651133.0,64a0a60d2f694c25bd0fd4d90bf46e0ae8f6fba812b691fb8a76fea98d0e1cbe,1316513.0,cf41874f6cd9647c32f4dd9c3b61f7cb31d62f724b8da13d56327b4bf282ef52,0.0,0.0,1651133.0,64a0a60d2f694c25bd0fd4d90bf46e0ae8f6fba812b691fb8a76fea98d0e1cbe,16869852.0,True,case_095,1,0.0,1.2541714362106564,1.0,1.2541714362106564
1042890.0,d27d18390fa5cec87f030780bb6d5d2eefe01d8f788045840917e422dd779e6b,1042890.0,d27d18390fa5cec87f030780bb6d5d2eefe01d8f788045840917e422dd779e6b,0.0,0.0,1042890.0,d27d18390fa5cec87f030780bb6d5d2eefe01d8f788045840917e422dd779e6b,8516508.0,True,case_095,2,0.0,1.0,1.0,1.0
695775.0,8a731a103744a2f48c3e51a1e422479d1bcce16cf8de73be2113a7f1a3d94d51,695775.0,8a731a103744a2f48c3e51a1e422479d1bcce16cf8de73be2113a7f1a3d94d51,0.0,0.0,695775.0,8a731a103744a2f48c3e51a1e422479d1bcce16cf8de73be2113a7f1a3d94d51,8516508.0,True,case_095,3,0.0,1.0,1.0,1.0
524422.0,bf8171312472e88b783cd99758c512597fbb0a3c39eda5accecbdba689989be9,524422.0,bf8171312472e88b783cd99758c512597fbb0a3c39eda5accecbdba689989be9,0.0,0.0,524422.0,bf8171312472e88b783cd99758c512597fbb0a3c39eda5accecbdba689989be9,8516508.0,True,case_095,4,0.0,1.0,1.0,1.0
420852.0,e3c38bfac0fdef66a51c2ec53573c2ec23d010443f163544ebfcf954c719c34d,420852.0,e3c38bfac0fdef66a51c2ec53573c2ec23d010443f163544ebfcf954c719c34d,0.0,0.0,420852.0,e3c38bfac0fdef66a51c2ec53573c2ec23d010443f163544ebfcf954c719c34d,8516508.0,True,case_095,5,0.0,1.0,1.0,1.0
80228.0,c82104856e511630e397cdb6ecbf3ac00d44aa66dbcca1bd2e40c6823bae0dff,80228.0,c82104856e511630e397cdb6ecbf3ac00d44aa66dbcca1bd2e40c6823bae0dff,0.0,0.0,80228.0,c82104856e511630e397cdb6ecbf3ac00d44aa66dbcca1bd2e40c6823bae0dff,210260.0,True,case_096,1,0.0,1.0,1.0,1.0
44010.0,f4dd6e587dc3e23cf3e1f71b3f15f14bf5ca9340792b999eb0e2f04ce1692f0b,44010.0,f4dd6e587dc3e23cf3e1f71b3f15f14bf5ca9340792b999eb0e2f04ce1692f0b,67392.0,0.2427211041159437,44010.0,f4dd6e587dc3e23cf3e1f71b3f15f14bf5ca9340792b999eb0e2f04ce1692f0b,210260.0,True,case_096,2,0.0,1.0,1.0,1.0
30318.0,12cda438bbeded089036cc035e42192ad27c733e933ca07880bd54b88d679c5b,30318.0,12cda438bbeded089036cc035e42192ad27c733e933ca07880bd54b88d679c5b,79488.0,0.27433493932658726,30318.0,12cda438bbeded089036cc035e42192ad27c733e933ca07880bd54b88d679c5b,210260.0,True,case_096,3,0.0,1.0,1.0,1.0
26984.0,214d835b55d05969ae0320592c838627a7ea0f4dbe3f567ed886d53d6c660688,26984.0,214d835b55d05969ae0320592c838627a7ea0f4dbe3f567ed886d53d6c660688,24192.0,0.08349324240374394,26984.0,214d835b55d05969ae0320592c838627a7ea0f4dbe3f567ed886d53d6c660688,265556.0,True,case_096,4,0.0,1.0,1.0,1.0
27053.0,03f989cb46d596ba5757f1e651bddb8f2613ff0c2af4d09e29bb15aa87a22a72,27053.0,03f989cb46d596ba5757f1e651bddb8f2613ff0c2af4d09e29bb15aa87a22a72,90432.0,0.2540310347539805,27053.0,03f989cb46d596ba5757f1e651bddb8f2613ff0c2af4d09e29bb15aa87a22a72,265556.0,True,case_096,5,0.0,1.0,1.0,1.0
11385302.0,4de349ed4fbbd45ec72dcbea764fdb6409f5ed2890452ef36e7fd5f37623b970,11365969.0,ccc0a74bc42e887cbf8fbcb780658ffbf47801a45804caab0bb7b09e375b3302,2650112.0,0.11974828798815473,11381681.0,4de349ed4fbbd45ec72dcbea764fdb6409f5ed2890452ef36e7fd5f37623b970,19480576.0,True,case_097,1,2.220446049250313e-16,1.001382372237686,1.0003181428121206,1.0017009548415978
5617602.0,d1bf2a0139ddec1ef538091ee0e3bf649dae88c74e2f1a02908ed9ce8cce9779,5617602.0,d1bf2a0139ddec1ef538091ee0e3bf649dae88c74e2f1a02908ed9ce8cce9779,0.0,0.0,5617602.0,d1bf2a0139ddec1ef538091ee0e3bf649dae88c74e2f1a02908ed9ce8cce9779,16056320.0,True,case_097,2,0.0,1.0,1.0,1.0
10246000.0,36ef537140eb722a02b94ffce2db276a5a051a2785f92ec6212998676020db62,10246000.0,36ef537140eb722a02b94ffce2db276a5a051a2785f92ec6212998676020db62,18432.0,0.0003510962003588983,10246000.0,36ef537140eb722a02b94ffce2db276a5a051a2785f92ec6212998676020db62,52480000.0,True,case_097,3,0.0,1.0,1.0,1.0
2626908.0,3c1c297c1c1f62435409fbf1a1e08dc7d593c0ef8de4ec997605dcae6a9a8797,2626908.0,3c1c297c1c1f62435409fbf1a1e08dc7d593c0ef8de4ec997605dcae6a9a8797,770048.0,0.041666666666666664,2626908.0,3c1c297c1c1f62435409fbf1a1e08dc7d593c0ef8de4ec997605dcae6a9a8797,17711104.0,True,case_097,4,0.0,1.0,1.0,1.0
2102348.0,35cf9126a586fb6a44c0003379aa3663cd6631848b2e7773aac875d774e1ceb6,2102250.0,35cf9126a586fb6a44c0003379aa3663cd6631848b2e7773aac875d774e1ceb6,6270976.0,0.24523466282236103,2102250.0,35cf9126a586fb6a44c0003379aa3663cd6631848b2e7773aac875d774e1ceb6,19300352.0,True,case_097,5,0.0,1.0,1.0000466167201807,1.0000466167201807
174782.0,e58346471a91d0da03a38e2443805e4ffcc8b8752e865ee87d662687767bf4b9,174782.0,e58346471a91d0da03a38e2443805e4ffcc8b8752e865ee87d662687767bf4b9,24576.0,0.02722396630679691,174782.0,e58346471a91d0da03a38e2443805e4ffcc8b8752e865ee87d662687767bf4b9,878158.0,True,case_098,1,0.0,1.0,1.0,1.0
90360.0,cb29c552927c7bd3acf726a3ddd3b3384c43f4da160ecf2f17f412354ecbcf09,90360.0,cb29c552927c7bd3acf726a3ddd3b3384c43f4da160ecf2f17f412354ecbcf09,0.0,0.0,90360.0,cb29c552927c7bd3acf726a3ddd3b3384c43f4da160ecf2f17f412354ecbcf09,697912.0,True,case_098,2,0.0,1.0,1.0,1.0
89825.0,faf4261ee6c35d0eb10fa506cfafb871b531297f6ec142e19db228c3dea48537,89825.0,faf4261ee6c35d0eb10fa506cfafb871b531297f6ec142e19db228c3dea48537,0.0,0.0,89825.0,faf4261ee6c35d0eb10fa506cfafb871b531297f6ec142e19db228c3dea48537,697912.0,True,case_098,3,0.0,1.0,1.0,1.0
89963.0,592893c9578c36f1dc8bbe1cd3ba87a3ec7077235873c49072fa00aaff95d19d,89963.0,592893c9578c36f1dc8bbe1cd3ba87a3ec7077235873c49072fa00aaff95d19d,0.0,0.0,89963.0,592893c9578c36f1dc8bbe1cd3ba87a3ec7077235873c49072fa00aaff95d19d,697912.0,True,case_098,4,0.0,1.0,1.0,1.0
90168.0,e270e95b9cc5382627e93c35398a91e8446420b0520c469ee3e7a21ddb2ad397,90168.0,e270e95b9cc5382627e93c35398a91e8446420b0520c469ee3e7a21ddb2ad397,0.0,0.0,90168.0,e270e95b9cc5382627e93c35398a91e8446420b0520c469ee3e7a21ddb2ad397,697912.0,True,case_098,5,0.0,1.0,1.0,1.0
1754664.0,9acb76e5efc48748b265f5c626fbe1365ca766b5c19bbc4808abc346ca14ade1,1750575.0,9acb76e5efc48748b265f5c626fbe1365ca766b5c19bbc4808abc346ca14ade1,1609728.0,0.13954262507905862,1750575.0,9acb76e5efc48748b265f5c626fbe1365ca766b5c19bbc4808abc346ca14ade1,9926016.0,True,case_099,1,0.0,1.0,1.0023358039501307,1.0023358039501307
808916.0,1902310ec57d1b787c53d92320e42f16d18491c7aed5baf20bbb2a4cf2699107,806053.0,1902310ec57d1b787c53d92320e42f16d18491c7aed5baf20bbb2a4cf2699107,4284416.0,0.4377370334527764,806053.0,1902310ec57d1b787c53d92320e42f16d18491c7aed5baf20bbb2a4cf2699107,5503232.0,True,case_099,2,0.0,1.0,1.003551875621082,1.003551875621082
544403.0,e489ffe50a9228a4ff513e59b6d340eb82632972dc36f788ba9d6e3276fa2ca9,540586.0,e489ffe50a9228a4ff513e59b6d340eb82632972dc36f788ba9d6e3276fa2ca9,5783552.0,0.5103806619225122,540586.0,e489ffe50a9228a4ff513e59b6d340eb82632972dc36f788ba9d6e3276fa2ca9,5548288.0,True,case_099,3,0.0,1.0,1.0070608561819951,1.0070608561819951
405336.0,7b9899fba567d6566ee9f0543058fb9dfd9c55dddab1d77ce1f01dd6c4b79290,403555.0,7b9899fba567d6566ee9f0543058fb9dfd9c55dddab1d77ce1f01dd6c4b79290,6889472.0,0.5568499244759875,403555.0,7b9899fba567d6566ee9f0543058fb9dfd9c55dddab1d77ce1f01dd6c4b79290,5482752.0,True,case_099,4,0.0,1.0,1.0044132770006566,1.0044132770006566
339475.0,6a00a1c5ae79192733541ff1530420f48678832a993a9699d11bb0f3a481441c,329676.0,6a00a1c5ae79192733541ff1530420f48678832a993a9699d11bb0f3a481441c,7204864.0,0.544487221652576,329676.0,6a00a1c5ae79192733541ff1530420f48678832a993a9699d11bb0f3a481441c,6027520.0,True,case_099,5,0.0,1.0,1.0297231220956333,1.0297231220956333
145067.0,c13ea31378d4a61c35a5f8928dc2f32443fc8d5f63545fe28c2e08dada214695,145067.0,c13ea31378d4a61c35a5f8928dc2f32443fc8d5f63545fe28c2e08dada214695,0.0,0.0,145067.0,c13ea31378d4a61c35a5f8928dc2f32443fc8d5f63545fe28c2e08dada214695,436006.0,True,case_100,1,0.0,1.0,1.0,1.0
81080.0,8e4d52a5e57487947ae6c434f432374606d64257c98f1fd06b6eb312e85abd88,81080.0,8e4d52a5e57487947ae6c434f432374606d64257c98f1fd06b6eb312e85abd88,16896.0,0.037306083876865195,81080.0,8e4d52a5e57487947ae6c434f432374606d64257c98f1fd06b6eb312e85abd88,436006.0,True,case_100,2,0.0,1.0,1.0,1.0
57811.0,2d7f4456c5c5c043cecc89aab34b72902d9b29c2d07968a1521376abc8cb977d,57811.0,2d7f4456c5c5c043cecc89aab34b72902d9b29c2d07968a1521376abc8cb977d,53760.0,0.10578554028154381,57811.0,2d7f4456c5c5c043cecc89aab34b72902d9b29c2d07968a1521376abc8cb977d,454438.0,True,case_100,3,0.0,1.0,1.0,1.0
57948.0,70f8983fb3fac7df5eda0ddd83296dfd790dcb3a9ec9e82d744bb5d0077d48c9,57948.0,70f8983fb3fac7df5eda0ddd83296dfd790dcb3a9ec9e82d744bb5d0077d48c9,144384.0,0.24877065421526903,57948.0,70f8983fb3fac7df5eda0ddd83296dfd790dcb3a9ec9e82d744bb5d0077d48c9,436006.0,True,case_100,4,0.0,1.0,1.0,1.0
58326.0,99fd09be85ce72969ad1c495117b1edff9bab5c79dce17a9874c1bc64b7b32e6,58085.0,99fd09be85ce72969ad1c495117b1edff9bab5c79dce17a9874c1bc64b7b32e6,216576.0,0.33187553441559836,58085.0,99fd09be85ce72969ad1c495117b1edff9bab5c79dce17a9874c1bc64b7b32e6,436006.0,True,case_100,5,0.0,1.0,1.0041490918481535,1.0041490918481535
