batch,case,cores,delta_cycles,final_candidate,final_makespan,final_source,improved,initial_candidate,initial_makespan,initial_source,relative_gain,scene,status
root3:batch_04,case_001,1,0.0,A0_base,233110.0,,False,A0_base,233110.0,,0.0,A,AI_VERIFIED
root3:batch_04,case_001,1,14802.0,B3_base,260797.0,,True,B3_aggregate,275599.0,,0.053708467737546214,B,AI_VERIFIED
root3:batch_04,case_001,1,0.0,base_base,257294.0,,False,base_base,257294.0,,0.0,C,AI_VERIFIED
root3:batch_04,case_001,2,0.0,A1_base,116868.0,,False,A1_base,116868.0,,0.0,A,AI_VERIFIED
root3:batch_04,case_001,2,0.0,B1_base,116868.0,,False,B1_base,116868.0,,0.0,B,AI_VERIFIED
root3:batch_04,case_001,2,0.0,base_base,116868.0,,False,base_base,116868.0,,0.0,C,AI_VERIFIED
root3:batch_04,case_001,3,120182.0,A1_base,78545.0,,True,A2_base,198727.0,,0.6047592928993041,A,AI_VERIFIED
root3:batch_04,case_001,3,0.0,B1_base,78545.0,,False,B1_base,78545.0,,0.0,B,AI_VERIFIED
root3:batch_04,case_001,3,0.0,base_base,78545.0,,False,base_base,78545.0,,0.0,C,AI_VERIFIED
root3:batch_04,case_001,4,0.0,A1_base,58984.0,,False,A1_base,58984.0,,0.0,A,AI_VERIFIED
root3:batch_04,case_001,4,0.0,B1_base,58984.0,,False,B1_base,58984.0,,0.0,B,AI_VERIFIED
root3:batch_04,case_001,4,0.0,base_base,58984.0,,False,base_base,58984.0,,0.0,C,AI_VERIFIED
root3:batch_04,case_001,5,0.0,A1_base,47502.0,,False,A1_base,47502.0,,0.0,A,AI_VERIFIED
root3:batch_04,case_001,5,0.0,B1_base,47502.0,,False,B1_base,47502.0,,0.0,B,AI_VERIFIED
root3:batch_04,case_001,5,0.0,base_base,47502.0,,False,base_base,47502.0,,0.0,C,AI_VERIFIED
root3:batch_02,case_002,1,0.0,A0_base,261945.0,,False,A0_base,261945.0,,0.0,A,AI_VERIFIED
root3:batch_02,case_002,1,6511.0,B3_aggregate,269421.0,,True,B3_base,275932.0,,0.023596393314294827,B,AI_VERIFIED
root3:batch_02,case_002,1,1728.0,base_aggregate,267693.0,,True,base_base,269421.0,,0.006413753939002528,C,AI_VERIFIED
root3:batch_02,case_002,2,7159.0,A3_base,264017.0,,True,A2_base,271176.0,,0.026399828893412396,A,AI_VERIFIED
root3:batch_02,case_002,2,0.0,B3_base,208461.0,,False,B3_base,208461.0,,0.0,B,AI_VERIFIED
root3:batch_02,case_002,2,0.0,base_base,205287.0,,False,base_base,205287.0,,0.0,C,AI_VERIFIED
root3:batch_02,case_002,3,0.0,A2_base,173068.0,,False,A2_base,173068.0,,0.0,A,AI_VERIFIED
root3:batch_02,case_002,3,0.0,B0_base,261945.0,,False,B0_base,261945.0,,0.0,B,AI_VERIFIED
root3:batch_02,case_002,3,0.0,base_base,261945.0,,False,base_base,261945.0,,0.0,C,AI_VERIFIED
root3:batch_02,case_002,4,0.0,A2_base,276904.0,,False,A2_base,276904.0,,0.0,A,AI_VERIFIED
root3:batch_02,case_002,4,0.0,B3_base,129903.0,,False,B3_base,129903.0,,0.0,B,AI_VERIFIED
root3:batch_02,case_002,4,0.0,base_base,124800.0,,False,base_base,124800.0,,0.0,C,AI_VERIFIED
root3:batch_02,case_002,5,0.0,A2_base,128412.0,,False,A2_base,128412.0,,0.0,A,AI_VERIFIED
root3:batch_02,case_002,5,0.0,B3_base,146574.0,,False,B3_base,146574.0,,0.0,B,AI_VERIFIED
root3:batch_02,case_002,5,0.0,base_base,139049.0,,False,base_base,139049.0,,0.0,C,AI_VERIFIED
root3:batch_03,case_003,1,0.0,A0_base,602212.0,,False,A0_base,602212.0,,0.0,A,AI_VERIFIED
root3:batch_03,case_003,1,0.0,B3_base,592981.0,,False,B3_base,592981.0,,0.0,B,AI_VERIFIED
root3:batch_03,case_003,1,0.0,base_base,592981.0,,False,base_base,592981.0,,0.0,C,AI_VERIFIED
root3:batch_03,case_003,2,10280.0,A2_base,602975.0,,True,A3_base,613255.0,,0.01676301049318799,A,AI_VERIFIED
root3:batch_03,case_003,2,0.0,B3_base,562101.0,,False,B3_base,562101.0,,0.0,B,AI_VERIFIED
root3:batch_03,case_003,2,0.0,base_base,562101.0,,False,base_base,562101.0,,0.0,C,AI_VERIFIED
root3:batch_03,case_003,3,2591.0,A2_base,606791.0,,True,A3_base,609382.0,,0.004251848594149483,A,AI_VERIFIED
root3:batch_03,case_003,3,0.0,B2_base,580517.0,,False,B2_base,580517.0,,0.0,B,AI_VERIFIED
root3:batch_03,case_003,3,0.0,base_base,580515.0,,False,base_base,580515.0,,0.0,C,AI_VERIFIED
root3:batch_03,case_003,4,54882.0,A2_base,600785.0,,True,A3_base,655667.0,,0.08370407539192913,A,AI_VERIFIED
root3:batch_03,case_003,4,0.0,B0_base,602212.0,,False,B0_base,602212.0,,0.0,B,AI_VERIFIED
root3:batch_03,case_003,4,0.0,base_base,602212.0,,False,base_base,602212.0,,0.0,C,AI_VERIFIED
root3:batch_03,case_003,5,61189.0,A2_base,606620.0,,True,A3_base,667809.0,,0.0916264979956844,A,AI_VERIFIED
root3:batch_03,case_003,5,0.0,B2_move,541371.0,,False,B2_move,541371.0,,0.0,B,AI_VERIFIED
root3:batch_03,case_003,5,0.0,base_base,541371.0,,False,base_base,541371.0,,0.0,C,AI_VERIFIED
root3:batch_01,case_004,1,0.0,A0_base,392357.0,,False,A0_base,392357.0,,0.0,A,AI_VERIFIED
root3:batch_01,case_004,1,8301.0,B3_aggregate,415254.0,,True,B3_base,423555.0,,0.019598399263377836,B,AI_VERIFIED
root3:batch_01,case_004,1,12373.0,base_aggregate,402881.0,,True,base_base,415254.0,,0.029796221108044713,C,AI_VERIFIED
root3:batch_01,case_004,2,198050.0,A1_base,199074.0,,True,A2_base,397124.0,,0.4987107301497769,A,AI_VERIFIED
root3:batch_01,case_004,2,0.0,B1_base,199074.0,,False,B1_base,199074.0,,0.0,B,AI_VERIFIED
root3:batch_01,case_004,2,0.0,base_base,199074.0,,False,base_base,199074.0,,0.0,C,AI_VERIFIED
root3:batch_01,case_004,3,0.0,A1_base,134043.0,,False,A1_base,134043.0,,0.0,A,AI_VERIFIED
root3:batch_01,case_004,3,0.0,B1_base,134043.0,,False,B1_base,134043.0,,0.0,B,AI_VERIFIED
root3:batch_01,case_004,3,0.0,base_base,134043.0,,False,base_base,134043.0,,0.0,C,AI_VERIFIED
root3:batch_01,case_004,4,48613.0,A2_base,354857.0,,True,A2_aggregate,403470.0,,0.1204872729075272,A,AI_VERIFIED
root3:batch_01,case_004,4,0.0,B1_base,104188.0,,False,B1_base,104188.0,,0.0,B,AI_VERIFIED
root3:batch_01,case_004,4,0.0,base_base,104188.0,,False,base_base,104188.0,,0.0,C,AI_VERIFIED
root3:batch_01,case_004,5,0.0,A1_base,88341.0,,False,A1_base,88341.0,,0.0,A,AI_VERIFIED
root3:batch_01,case_004,5,0.0,B1_base,88341.0,,False,B1_base,88341.0,,0.0,B,AI_VERIFIED
root3:batch_01,case_004,5,0.0,base_base,88341.0,,False,base_base,88341.0,,0.0,C,AI_VERIFIED
root3:batch_03,case_005,1,0.0,A0_base,95618.0,,False,A0_base,95618.0,,0.0,A,AI_VERIFIED
root3:batch_03,case_005,1,0.0,B3_base,93910.0,,False,B3_base,93910.0,,0.0,B,AI_VERIFIED
root3:batch_03,case_005,1,0.0,base_base,93910.0,,False,base_base,93910.0,,0.0,C,AI_VERIFIED
root3:batch_03,case_005,2,0.0,A2_base,98272.0,,False,A2_base,98272.0,,0.0,A,AI_VERIFIED
root3:batch_03,case_005,2,0.0,B2_base,98089.0,,False,B2_base,98089.0,,0.0,B,AI_VERIFIED
root3:batch_03,case_005,2,0.0,base_base,98089.0,,False,base_base,98089.0,,0.0,C,AI_VERIFIED
root3:batch_03,case_005,3,0.0,A2_base,100313.0,,False,A2_base,100313.0,,0.0,A,AI_VERIFIED
root3:batch_03,case_005,3,0.0,B2_base,102393.0,,False,B2_base,102393.0,,0.0,B,AI_VERIFIED
root3:batch_03,case_005,3,0.0,base_base,102392.0,,False,base_base,102392.0,,0.0,C,AI_VERIFIED
root3:batch_03,case_005,4,0.0,A2_base,102980.0,,False,A2_base,102980.0,,0.0,A,AI_VERIFIED
root3:batch_03,case_005,4,0.0,B2_base,98413.0,,False,B2_base,98413.0,,0.0,B,AI_VERIFIED
root3:batch_03,case_005,4,0.0,base_base,98300.0,,False,base_base,98300.0,,0.0,C,AI_VERIFIED
root3:batch_03,case_005,5,0.0,A2_base,105463.0,,False,A2_base,105463.0,,0.0,A,AI_VERIFIED
root3:batch_03,case_005,5,0.0,B0_base,95618.0,,False,B0_base,95618.0,,0.0,B,AI_VERIFIED
root3:batch_03,case_005,5,0.0,base_base,95618.0,,False,base_base,95618.0,,0.0,C,AI_VERIFIED
root3:batch_03,case_006,1,0.0,A0_base,82837.0,,False,A0_base,82837.0,,0.0,A,AI_VERIFIED
root3:batch_03,case_006,1,0.0,B3_base,76655.0,,False,B3_base,76655.0,,0.0,B,AI_VERIFIED
root3:batch_03,case_006,1,0.0,base_base,76655.0,,False,base_base,76655.0,,0.0,C,AI_VERIFIED
root3:batch_03,case_006,2,0.0,A1_base,42696.0,,False,A1_base,42696.0,,0.0,A,AI_VERIFIED
root3:batch_03,case_006,2,0.0,B1_base,42696.0,,False,B1_base,42696.0,,0.0,B,AI_VERIFIED
root3:batch_03,case_006,2,0.0,base_base,42696.0,,False,base_base,42696.0,,0.0,C,AI_VERIFIED
root3:batch_03,case_006,3,0.0,A1_base,31152.0,,False,A1_base,31152.0,,0.0,A,AI_VERIFIED
root3:batch_03,case_006,3,0.0,B1_base,31152.0,,False,B1_base,31152.0,,0.0,B,AI_VERIFIED
root3:batch_03,case_006,3,0.0,base_base,31152.0,,False,base_base,31152.0,,0.0,C,AI_VERIFIED
root3:batch_03,case_006,4,17109.0,A1_base,31428.0,,True,A1_move,48537.0,,0.3524939736695717,A,AI_VERIFIED
root3:batch_03,case_006,4,16733.0,B1_base,31428.0,,True,B1_move,48161.0,,0.34743879902825936,B,AI_VERIFIED
root3:batch_03,case_006,4,0.0,base_base,31428.0,,False,base_base,31428.0,,0.0,C,AI_VERIFIED
root3:batch_03,case_006,5,12655.0,A1_base,31753.0,,True,A1_move,44408.0,,0.284971176364619,A,AI_VERIFIED
root3:batch_03,case_006,5,12280.0,B1_base,31753.0,,True,B1_move,44033.0,,0.278881747780074,B,AI_VERIFIED
root3:batch_03,case_006,5,0.0,base_base,31753.0,,False,base_base,31753.0,,0.0,C,AI_VERIFIED
root3:batch_01,case_007,1,0.0,A0_base,1012562.0,,False,A0_base,1012562.0,,0.0,A,AI_VERIFIED
root3:batch_01,case_007,1,109764.0,B3_aggregate,1210160.0,,True,B3_base,1319924.0,,0.08315933341616638,B,AI_VERIFIED
root3:batch_01,case_007,1,54366.0,base_aggregate,1155794.0,,True,base_base,1210160.0,,0.04492463806438818,C,AI_VERIFIED
root3:batch_01,case_007,2,508270.0,A1_base,507494.0,,True,A2_base,1015764.0,,0.5003819784910668,A,AI_VERIFIED
root3:batch_01,case_007,2,0.0,B1_base,507494.0,,False,B1_base,507494.0,,0.0,B,AI_VERIFIED
root3:batch_01,case_007,2,0.0,base_base,507494.0,,False,base_base,507494.0,,0.0,C,AI_VERIFIED
root3:batch_01,case_007,3,0.0,A1_base,338094.0,,False,A1_base,338094.0,,0.0,A,AI_VERIFIED
root3:batch_01,case_007,3,0.0,B1_base,338094.0,,False,B1_base,338094.0,,0.0,B,AI_VERIFIED
root3:batch_01,case_007,3,0.0,base_base,338094.0,,False,base_base,338094.0,,0.0,C,AI_VERIFIED
root3:batch_01,case_007,4,766330.0,A1_base,254398.0,,True,A2_base,1020728.0,,0.7507680792532389,A,AI_VERIFIED
root3:batch_01,case_007,4,0.0,B1_base,254398.0,,False,B1_base,254398.0,,0.0,B,AI_VERIFIED
root3:batch_01,case_007,4,0.0,base_base,254398.0,,False,base_base,254398.0,,0.0,C,AI_VERIFIED
root3:batch_01,case_007,5,0.0,A1_base,203834.0,,False,A1_base,203834.0,,0.0,A,AI_VERIFIED
root3:batch_01,case_007,5,0.0,B1_base,203834.0,,False,B1_base,203834.0,,0.0,B,AI_VERIFIED
root3:batch_01,case_007,5,0.0,base_base,203834.0,,False,base_base,203834.0,,0.0,C,AI_VERIFIED
root3:batch_01,case_008,1,0.0,A2_base,488014.0,,False,A2_base,488014.0,,0.0,A,AI_VERIFIED
root3:batch_01,case_008,1,94847.0,B3_aggregate,405761.0,,True,B3_base,500608.0,,0.18946361224750702,B,AI_VERIFIED
root3:batch_01,case_008,1,70536.0,base_aggregate,335225.0,,True,base_base,405761.0,,0.17383632236710772,C,AI_VERIFIED
root3:batch_01,case_008,2,0.0,A2_base,244984.0,,False,A2_base,244984.0,,0.0,A,AI_VERIFIED
root3:batch_01,case_008,2,0.0,B1_base,244266.0,,False,B1_base,244266.0,,0.0,B,AI_VERIFIED
root3:batch_01,case_008,2,0.0,base_base,244266.0,,False,base_base,244266.0,,0.0,C,AI_VERIFIED
root3:batch_01,case_008,3,0.0,A2_base,164386.0,,False,A2_base,164386.0,,0.0,A,AI_VERIFIED
root3:batch_01,case_008,3,0.0,B1_base,163359.0,,False,B1_base,163359.0,,0.0,B,AI_VERIFIED
root3:batch_01,case_008,3,0.0,base_base,163359.0,,False,base_base,163359.0,,0.0,C,AI_VERIFIED
root3:batch_01,case_008,4,0.0,A1_base,123060.0,,False,A1_base,123060.0,,0.0,A,AI_VERIFIED
root3:batch_01,case_008,4,0.0,B1_base,123060.0,,False,B1_base,123060.0,,0.0,B,AI_VERIFIED
root3:batch_01,case_008,4,0.0,base_base,123060.0,,False,base_base,123060.0,,0.0,C,AI_VERIFIED
root3:batch_01,case_008,5,95058.0,A1_base,100603.0,,True,A1_move,195661.0,,0.48583008366511465,A,AI_VERIFIED
root3:batch_01,case_008,5,94340.0,B1_base,100603.0,,True,B1_move,194943.0,,0.48393633010674914,B,AI_VERIFIED
root3:batch_01,case_008,5,0.0,base_base,100603.0,,False,base_base,100603.0,,0.0,C,AI_VERIFIED
root3:batch_04,case_009,1,254.0,A2_base,153007.0,,True,A0_base,153261.0,,0.0016573035540678972,A,AI_VERIFIED
root3:batch_04,case_009,1,0.0,B3_aggregate,160530.0,,False,B3_aggregate,160530.0,,0.0,B,AI_VERIFIED
root3:batch_04,case_009,1,0.0,base_base,160530.0,,False,base_base,160530.0,,0.0,C,AI_VERIFIED
root3:batch_04,case_009,2,72370.0,A1_base,92198.0,,True,A3_base,164568.0,,0.43975742550192015,A,AI_VERIFIED
root3:batch_04,case_009,2,11952.0,B2_base,142414.0,,True,B3_base,154366.0,,0.07742637627456823,B,AI_VERIFIED
root3:batch_04,case_009,2,0.0,base_base,142414.0,,False,base_base,142414.0,,0.0,C,AI_VERIFIED
root3:batch_04,case_009,3,4105.0,A2_base,157875.0,,True,A3_base,161980.0,,0.02534263489319669,A,AI_VERIFIED
root3:batch_04,case_009,3,0.0,B0_base,153261.0,,False,B0_base,153261.0,,0.0,B,AI_VERIFIED
root3:batch_04,case_009,3,0.0,base_base,153261.0,,False,base_base,153261.0,,0.0,C,AI_VERIFIED
root3:batch_04,case_009,4,0.0,A2_base,160906.0,,False,A2_base,160906.0,,0.0,A,AI_VERIFIED
root3:batch_04,case_009,4,0.0,B0_base,153261.0,,False,B0_base,153261.0,,0.0,B,AI_VERIFIED
root3:batch_04,case_009,4,0.0,base_base,153261.0,,False,base_base,153261.0,,0.0,C,AI_VERIFIED
root3:batch_04,case_009,5,0.0,A2_base,161458.0,,False,A2_base,161458.0,,0.0,A,AI_VERIFIED
root3:batch_04,case_009,5,0.0,B2_base,139951.0,,False,B2_base,139951.0,,0.0,B,AI_VERIFIED
root3:batch_04,case_009,5,0.0,base_base,138757.0,,False,base_base,138757.0,,0.0,C,AI_VERIFIED
root3:batch_04,case_010,1,0.0,A0_base,86969.0,,False,A0_base,86969.0,,0.0,A,AI_VERIFIED
root3:batch_04,case_010,1,6185.0,B3_base,82266.0,,True,B3_aggregate,88451.0,,0.06992572158596284,B,AI_VERIFIED
root3:batch_04,case_010,1,0.0,base_base,82266.0,,False,base_base,82266.0,,0.0,C,AI_VERIFIED
root3:batch_04,case_010,2,0.0,A1_base,46568.0,,False,A1_base,46568.0,,0.0,A,AI_VERIFIED
root3:batch_04,case_010,2,0.0,B1_base,46568.0,,False,B1_base,46568.0,,0.0,B,AI_VERIFIED
root3:batch_04,case_010,2,0.0,base_base,46568.0,,False,base_base,46568.0,,0.0,C,AI_VERIFIED
root3:batch_04,case_010,3,0.0,A1_base,32889.0,,False,A1_base,32889.0,,0.0,A,AI_VERIFIED
root3:batch_04,case_010,3,0.0,B1_base,32889.0,,False,B1_base,32889.0,,0.0,B,AI_VERIFIED
root3:batch_04,case_010,3,0.0,base_base,32889.0,,False,base_base,32889.0,,0.0,C,AI_VERIFIED
root3:batch_04,case_010,4,0.0,A1_base,29918.0,,False,A1_base,29918.0,,0.0,A,AI_VERIFIED
root3:batch_04,case_010,4,0.0,B1_base,29918.0,,False,B1_base,29918.0,,0.0,B,AI_VERIFIED
root3:batch_04,case_010,4,0.0,base_base,29858.0,,False,base_base,29858.0,,0.0,C,AI_VERIFIED
root3:batch_04,case_010,5,0.0,A1_base,31019.0,,False,A1_base,31019.0,,0.0,A,AI_VERIFIED
root3:batch_04,case_010,5,0.0,B1_base,31019.0,,False,B1_base,31019.0,,0.0,B,AI_VERIFIED
root3:batch_04,case_010,5,0.0,base_base,30621.0,,False,base_base,30621.0,,0.0,C,AI_VERIFIED
root3:batch_02,case_011,1,0.0,A0_base,184697.0,,False,A0_base,184697.0,,0.0,A,AI_VERIFIED
root3:batch_02,case_011,1,0.0,B3_base,186023.0,,False,B3_base,186023.0,,0.0,B,AI_VERIFIED
root3:batch_02,case_011,1,0.0,base_base,186023.0,,False,base_base,186023.0,,0.0,C,AI_VERIFIED
root3:batch_02,case_011,2,0.0,A1_base,92646.0,,False,A1_base,92646.0,,0.0,A,AI_VERIFIED
root3:batch_02,case_011,2,0.0,B1_base,92646.0,,False,B1_base,92646.0,,0.0,B,AI_VERIFIED
root3:batch_02,case_011,2,0.0,base_base,92646.0,,False,base_base,92646.0,,0.0,C,AI_VERIFIED
root3:batch_02,case_011,3,121165.0,A1_base,69625.0,,True,A2_base,190790.0,,0.6350699722207663,A,AI_VERIFIED
root3:batch_02,case_011,3,0.0,B1_base,69625.0,,False,B1_base,69625.0,,0.0,B,AI_VERIFIED
root3:batch_02,case_011,3,0.0,base_base,69625.0,,False,base_base,69625.0,,0.0,C,AI_VERIFIED
root3:batch_02,case_011,4,0.0,A1_base,46880.0,,False,A1_base,46880.0,,0.0,A,AI_VERIFIED
root3:batch_02,case_011,4,0.0,B1_base,46880.0,,False,B1_base,46880.0,,0.0,B,AI_VERIFIED
root3:batch_02,case_011,4,0.0,base_base,46880.0,,False,base_base,46880.0,,0.0,C,AI_VERIFIED
root3:batch_02,case_011,5,148195.0,A1_base,47287.0,,True,A2_base,195482.0,,0.758100490070697,A,AI_VERIFIED
root3:batch_02,case_011,5,0.0,B1_base,47287.0,,False,B1_base,47287.0,,0.0,B,AI_VERIFIED
root3:batch_02,case_011,5,0.0,base_base,46777.0,,False,base_base,46777.0,,0.0,C,AI_VERIFIED
root3:batch_03,case_012,1,0.0,A0_base,59088.0,,False,A0_base,59088.0,,0.0,A,AI_VERIFIED
root3:batch_03,case_012,1,0.0,B3_base,50002.0,,False,B3_base,50002.0,,0.0,B,AI_VERIFIED
root3:batch_03,case_012,1,0.0,base_base,49967.0,,False,base_base,49967.0,,0.0,C,AI_VERIFIED
root3:batch_03,case_012,2,0.0,A1_base,30058.0,,False,A1_base,30058.0,,0.0,A,AI_VERIFIED
root3:batch_03,case_012,2,0.0,B1_base,30058.0,,False,B1_base,30058.0,,0.0,B,AI_VERIFIED
root3:batch_03,case_012,2,0.0,base_base,30058.0,,False,base_base,30058.0,,0.0,C,AI_VERIFIED
root3:batch_03,case_012,3,0.0,A1_base,20661.0,,False,A1_base,20661.0,,0.0,A,AI_VERIFIED
root3:batch_03,case_012,3,0.0,B1_base,20661.0,,False,B1_base,20661.0,,0.0,B,AI_VERIFIED
root3:batch_03,case_012,3,0.0,base_base,20661.0,,False,base_base,20661.0,,0.0,C,AI_VERIFIED
root3:batch_03,case_012,4,0.0,A1_base,15863.0,,False,A1_base,15863.0,,0.0,A,AI_VERIFIED
root3:batch_03,case_012,4,0.0,B1_base,15863.0,,False,B1_base,15863.0,,0.0,B,AI_VERIFIED
root3:batch_03,case_012,4,0.0,base_base,15863.0,,False,base_base,15863.0,,0.0,C,AI_VERIFIED
root3:batch_03,case_012,5,0.0,A1_base,13406.0,,False,A1_base,13406.0,,0.0,A,AI_VERIFIED
root3:batch_03,case_012,5,0.0,B1_base,13406.0,,False,B1_base,13406.0,,0.0,B,AI_VERIFIED
root3:batch_03,case_012,5,0.0,base_base,13406.0,,False,base_base,13406.0,,0.0,C,AI_VERIFIED
root3:batch_02,case_013,1,0.0,A0_base,263949.0,,False,A0_base,263949.0,,0.0,A,AI_VERIFIED
root3:batch_02,case_013,1,44.0,B3_aggregate,379847.0,,True,B3_base,379891.0,,0.0001158226965103148,B,AI_VERIFIED
root3:batch_02,case_013,1,70244.0,base_aggregate,309603.0,,True,base_base,379847.0,,0.18492708906480768,C,AI_VERIFIED
root3:batch_02,case_013,2,0.0,A1_base,132198.0,,False,A1_base,132198.0,,0.0,A,AI_VERIFIED
root3:batch_02,case_013,2,0.0,B1_base,132198.0,,False,B1_base,132198.0,,0.0,B,AI_VERIFIED
root3:batch_02,case_013,2,0.0,base_base,132198.0,,False,base_base,132198.0,,0.0,C,AI_VERIFIED
root3:batch_02,case_013,3,0.0,A1_base,88351.0,,False,A1_base,88351.0,,0.0,A,AI_VERIFIED
root3:batch_02,case_013,3,0.0,B1_base,88351.0,,False,B1_base,88351.0,,0.0,B,AI_VERIFIED
root3:batch_02,case_013,3,0.0,base_base,88351.0,,False,base_base,88351.0,,0.0,C,AI_VERIFIED
root3:batch_02,case_013,4,0.0,A1_base,66982.0,,False,A1_base,66982.0,,0.0,A,AI_VERIFIED
root3:batch_02,case_013,4,0.0,B1_base,66982.0,,False,B1_base,66982.0,,0.0,B,AI_VERIFIED
root3:batch_02,case_013,4,0.0,base_base,66982.0,,False,base_base,66982.0,,0.0,C,AI_VERIFIED
root3:batch_02,case_013,5,0.0,A1_base,54363.0,,False,A1_base,54363.0,,0.0,A,AI_VERIFIED
root3:batch_02,case_013,5,0.0,B1_base,54363.0,,False,B1_base,54363.0,,0.0,B,AI_VERIFIED
root3:batch_02,case_013,5,0.0,base_base,54363.0,,False,base_base,54363.0,,0.0,C,AI_VERIFIED
root3:batch_01,case_014,1,299.0,A2_base,17698327.0,,True,A0_base,17698626.0,,1.6893966797196573e-05,A,AI_VERIFIED
root3:batch_01,case_014,1,20179.0,B3_base,20060132.0,,True,B3_aggregate,20080311.0,,0.0010049147147173168,B,AI_VERIFIED
root3:batch_01,case_014,1,0.0,base_base,20036512.0,,False,base_base,20036512.0,,0.0,C,AI_VERIFIED
root3:batch_01,case_014,2,0.0,A1_base,8912981.0,,False,A1_base,8912981.0,,0.0,A,AI_VERIFIED
root3:batch_01,case_014,2,0.0,B1_base,8912981.0,,False,B1_base,8912981.0,,0.0,B,AI_VERIFIED
root3:batch_01,case_014,2,0.0,base_base,8904766.0,,False,base_base,8904766.0,,0.0,C,AI_VERIFIED
root3:batch_01,case_014,3,0.0,A1_base,5993652.0,,False,A1_base,5993652.0,,0.0,A,AI_VERIFIED
root3:batch_01,case_014,3,0.0,B1_base,5993652.0,,False,B1_base,5993652.0,,0.0,B,AI_VERIFIED
root3:batch_01,case_014,3,0.0,base_base,5957399.0,,False,base_base,5957399.0,,0.0,C,AI_VERIFIED
root3:batch_01,case_014,4,0.0,A1_base,4551951.0,,False,A1_base,4551951.0,,0.0,A,AI_VERIFIED
root3:batch_01,case_014,4,0.0,B1_base,4551951.0,,False,B1_base,4551951.0,,0.0,B,AI_VERIFIED
root3:batch_01,case_014,4,0.0,base_base,4526148.0,,False,base_base,4526148.0,,0.0,C,AI_VERIFIED
root3:batch_01,case_014,5,0.0,A1_base,3712893.0,,False,A1_base,3712893.0,,0.0,A,AI_VERIFIED
root3:batch_01,case_014,5,0.0,B1_base,3712893.0,,False,B1_base,3712893.0,,0.0,B,AI_VERIFIED
root3:batch_01,case_014,5,0.0,base_base,3700752.0,,False,base_base,3700752.0,,0.0,C,AI_VERIFIED
root3:batch_04,case_015,1,0.0,A0_base,177362.0,,False,A0_base,177362.0,,0.0,A,AI_VERIFIED
root3:batch_04,case_015,1,141.0,B3_aggregate,178946.0,,True,B3_base,179087.0,,0.0007873268299764919,B,AI_VERIFIED
root3:batch_04,case_015,1,193.0,base_aggregate,178342.0,,True,base_base,178535.0,,0.0010810205281877503,C,AI_VERIFIED
root3:batch_04,case_015,2,0.0,A1_base,90509.0,,False,A1_base,90509.0,,0.0,A,AI_VERIFIED
root3:batch_04,case_015,2,0.0,B1_base,90509.0,,False,B1_base,90509.0,,0.0,B,AI_VERIFIED
root3:batch_04,case_015,2,0.0,base_base,90509.0,,False,base_base,90509.0,,0.0,C,AI_VERIFIED
root3:batch_04,case_015,3,0.0,A1_base,62280.0,,False,A1_base,62280.0,,0.0,A,AI_VERIFIED
root3:batch_04,case_015,3,0.0,B1_base,62280.0,,False,B1_base,62280.0,,0.0,B,AI_VERIFIED
root3:batch_04,case_015,3,0.0,base_base,62280.0,,False,base_base,62280.0,,0.0,C,AI_VERIFIED
root3:batch_04,case_015,4,0.0,A1_base,48727.0,,False,A1_base,48727.0,,0.0,A,AI_VERIFIED
root3:batch_04,case_015,4,0.0,B1_base,48727.0,,False,B1_base,48727.0,,0.0,B,AI_VERIFIED
root3:batch_04,case_015,4,0.0,base_base,48669.0,,False,base_base,48669.0,,0.0,C,AI_VERIFIED
root3:batch_04,case_015,5,0.0,A1_base,43665.0,,False,A1_base,43665.0,,0.0,A,AI_VERIFIED
root3:batch_04,case_015,5,0.0,B1_base,43665.0,,False,B1_base,43665.0,,0.0,B,AI_VERIFIED
root3:batch_04,case_015,5,0.0,base_base,42872.0,,False,base_base,42872.0,,0.0,C,AI_VERIFIED
root3:batch_01,case_016,1,0.0,A0_base,7715523.0,,False,A0_base,7715523.0,,0.0,A,AI_VERIFIED
root3:batch_01,case_016,1,1127.0,B3_aggregate,7715523.0,,True,B3_base,7716650.0,,0.0001460478316367854,B,AI_VERIFIED
root3:batch_01,case_016,1,0.0,base_aggregate,7715523.0,,False,base_base,7715523.0,,0.0,C,AI_VERIFIED
root3:batch_01,case_016,2,0.0,A2_base,7721809.0,,False,A2_base,7721809.0,,0.0,A,AI_VERIFIED
root3:batch_01,case_016,2,0.0,B3_base,7730025.0,,False,B3_base,7730025.0,,0.0,B,AI_VERIFIED
root3:batch_01,case_016,2,0.0,base_base,7728365.0,,False,base_base,7728365.0,,0.0,C,AI_VERIFIED
root3:batch_01,case_016,3,0.0,A2_base,7723356.0,,False,A2_base,7723356.0,,0.0,A,AI_VERIFIED
root3:batch_01,case_016,3,0.0,B3_base,7729868.0,,False,B3_base,7729868.0,,0.0,B,AI_VERIFIED
root3:batch_01,case_016,3,0.0,base_base,7728076.0,,False,base_base,7728076.0,,0.0,C,AI_VERIFIED
root3:batch_01,case_016,4,0.0,A2_base,7727024.0,,False,A2_base,7727024.0,,0.0,A,AI_VERIFIED
root3:batch_01,case_016,4,0.0,B0_base,7715523.0,,False,B0_base,7715523.0,,0.0,B,AI_VERIFIED
root3:batch_01,case_016,4,0.0,base_base,7715523.0,,False,base_base,7715523.0,,0.0,C,AI_VERIFIED
root3:batch_01,case_016,5,0.0,A2_base,7733841.0,,False,A2_base,7733841.0,,0.0,A,AI_VERIFIED
root3:batch_01,case_016,5,0.0,B3_base,7741232.0,,False,B3_base,7741232.0,,0.0,B,AI_VERIFIED
root3:batch_01,case_016,5,0.0,base_base,7740666.0,,False,base_base,7740666.0,,0.0,C,AI_VERIFIED
root3:batch_01,case_017,1,3330.0,A2_base,159480.0,,True,A0_base,162810.0,,0.02045328911000553,A,AI_VERIFIED
root3:batch_01,case_017,1,0.0,B3_base,167826.0,,False,B3_base,167826.0,,0.0,B,AI_VERIFIED
root3:batch_01,case_017,1,0.0,base_base,167609.0,,False,base_base,167609.0,,0.0,C,AI_VERIFIED
root3:batch_01,case_017,2,0.0,A1_base,81772.0,,False,A1_base,81772.0,,0.0,A,AI_VERIFIED
root3:batch_01,case_017,2,0.0,B1_base,81772.0,,False,B1_base,81772.0,,0.0,B,AI_VERIFIED
root3:batch_01,case_017,2,0.0,base_base,81772.0,,False,base_base,81772.0,,0.0,C,AI_VERIFIED
root3:batch_01,case_017,3,0.0,A1_base,55389.0,,False,A1_base,55389.0,,0.0,A,AI_VERIFIED
root3:batch_01,case_017,3,0.0,B1_base,55389.0,,False,B1_base,55389.0,,0.0,B,AI_VERIFIED
root3:batch_01,case_017,3,0.0,base_base,55389.0,,False,base_base,55389.0,,0.0,C,AI_VERIFIED
root3:batch_01,case_017,4,0.0,A1_base,41209.0,,False,A1_base,41209.0,,0.0,A,AI_VERIFIED
root3:batch_01,case_017,4,0.0,B1_base,41209.0,,False,B1_base,41209.0,,0.0,B,AI_VERIFIED
root3:batch_01,case_017,4,0.0,base_base,41209.0,,False,base_base,41209.0,,0.0,C,AI_VERIFIED
root3:batch_01,case_017,5,0.0,A1_base,34231.0,,False,A1_base,34231.0,,0.0,A,AI_VERIFIED
root3:batch_01,case_017,5,0.0,B1_base,34231.0,,False,B1_base,34231.0,,0.0,B,AI_VERIFIED
root3:batch_01,case_017,5,0.0,base_base,34231.0,,False,base_base,34231.0,,0.0,C,AI_VERIFIED
root3:batch_01,case_018,1,0.0,A0_base,1004367.0,,False,A0_base,1004367.0,,0.0,A,AI_VERIFIED
root3:batch_01,case_018,1,20567.0,B2_base,1050284.0,,True,B3_base,1070851.0,,0.019206220099715086,B,AI_VERIFIED
root3:batch_01,case_018,1,45464.0,base_aggregate,1003110.0,,True,base_base,1048574.0,,0.04335793181978573,C,AI_VERIFIED
root3:batch_01,case_018,2,0.0,A1_base,504468.0,,False,A1_base,504468.0,,0.0,A,AI_VERIFIED
root3:batch_01,case_018,2,0.0,B1_base,504468.0,,False,B1_base,504468.0,,0.0,B,AI_VERIFIED
root3:batch_01,case_018,2,0.0,base_base,502571.0,,False,base_base,502571.0,,0.0,C,AI_VERIFIED
root3:batch_01,case_018,3,0.0,A1_base,341047.0,,False,A1_base,341047.0,,0.0,A,AI_VERIFIED
root3:batch_01,case_018,3,0.0,B1_base,341047.0,,False,B1_base,341047.0,,0.0,B,AI_VERIFIED
root3:batch_01,case_018,3,0.0,base_base,338488.0,,False,base_base,338488.0,,0.0,C,AI_VERIFIED
root3:batch_01,case_018,4,0.0,A1_base,253676.0,,False,A1_base,253676.0,,0.0,A,AI_VERIFIED
root3:batch_01,case_018,4,0.0,B1_base,253676.0,,False,B1_base,253676.0,,0.0,B,AI_VERIFIED
root3:batch_01,case_018,4,0.0,base_base,253384.0,,False,base_base,253384.0,,0.0,C,AI_VERIFIED
root3:batch_01,case_018,5,0.0,A1_base,205219.0,,False,A1_base,205219.0,,0.0,A,AI_VERIFIED
root3:batch_01,case_018,5,0.0,B1_base,205219.0,,False,B1_base,205219.0,,0.0,B,AI_VERIFIED
root3:batch_01,case_018,5,0.0,base_base,201659.0,,False,base_base,201659.0,,0.0,C,AI_VERIFIED
root3:batch_01,case_019,1,0.0,A0_base,81144.0,,False,A0_base,81144.0,,0.0,A,AI_VERIFIED
root3:batch_01,case_019,1,0.0,B3_base,70264.0,,False,B3_base,70264.0,,0.0,B,AI_VERIFIED
root3:batch_01,case_019,1,0.0,base_base,70264.0,,False,base_base,70264.0,,0.0,C,AI_VERIFIED
root3:batch_01,case_019,2,0.0,A1_base,41382.0,,False,A1_base,41382.0,,0.0,A,AI_VERIFIED
root3:batch_01,case_019,2,0.0,B1_base,41382.0,,False,B1_base,41382.0,,0.0,B,AI_VERIFIED
root3:batch_01,case_019,2,0.0,base_base,41382.0,,False,base_base,41382.0,,0.0,C,AI_VERIFIED
root3:batch_01,case_019,3,0.0,A1_base,28657.0,,False,A1_base,28657.0,,0.0,A,AI_VERIFIED
root3:batch_01,case_019,3,0.0,B1_base,28657.0,,False,B1_base,28657.0,,0.0,B,AI_VERIFIED
root3:batch_01,case_019,3,0.0,base_base,28657.0,,False,base_base,28657.0,,0.0,C,AI_VERIFIED
root3:batch_01,case_019,4,0.0,A1_base,24099.0,,False,A1_base,24099.0,,0.0,A,AI_VERIFIED
root3:batch_01,case_019,4,0.0,B1_base,24099.0,,False,B1_base,24099.0,,0.0,B,AI_VERIFIED
root3:batch_01,case_019,4,0.0,base_base,24099.0,,False,base_base,24099.0,,0.0,C,AI_VERIFIED
root3:batch_01,case_019,5,0.0,A1_base,24202.0,,False,A1_base,24202.0,,0.0,A,AI_VERIFIED
root3:batch_01,case_019,5,0.0,B1_base,24202.0,,False,B1_base,24202.0,,0.0,B,AI_VERIFIED
root3:batch_01,case_019,5,0.0,base_base,24202.0,,False,base_base,24202.0,,0.0,C,AI_VERIFIED
root3:batch_01,case_020,1,0.0,A2_base,532984.0,,False,A2_base,532984.0,,0.0,A,AI_VERIFIED
root3:batch_01,case_020,1,25013.0,B3_aggregate,585872.0,,True,B3_base,610885.0,,0.040945513476349886,B,AI_VERIFIED
root3:batch_01,case_020,1,43042.0,base_aggregate,542830.0,,True,base_base,585872.0,,0.07346655924843652,C,AI_VERIFIED
root3:batch_01,case_020,2,0.0,A1_base,266580.0,,False,A1_base,266580.0,,0.0,A,AI_VERIFIED
root3:batch_01,case_020,2,0.0,B1_base,266580.0,,False,B1_base,266580.0,,0.0,B,AI_VERIFIED
root3:batch_01,case_020,2,0.0,base_base,266580.0,,False,base_base,266580.0,,0.0,C,AI_VERIFIED
root3:batch_01,case_020,3,177636.0,A1_base,177950.0,,True,A1_move,355586.0,,0.499558475305552,A,AI_VERIFIED
root3:batch_01,case_020,3,177329.0,B1_base,177950.0,,True,B1_move,355279.0,,0.49912603897218805,B,AI_VERIFIED
root3:batch_01,case_020,3,0.0,base_base,177950.0,,False,base_base,177950.0,,0.0,C,AI_VERIFIED
root3:batch_01,case_020,4,133252.0,A1_base,133704.0,,True,A1_move,266956.0,,0.49915341854088313,A,AI_VERIFIED
root3:batch_01,case_020,4,132876.0,B1_base,133704.0,,True,B1_move,266580.0,,0.49844699527346387,B,AI_VERIFIED
root3:batch_01,case_020,4,0.0,base_base,133704.0,,False,base_base,133704.0,,0.0,C,AI_VERIFIED
root3:batch_01,case_020,5,105809.0,A1_base,107650.0,,True,A1_move,213459.0,,0.49568769646630034,A,AI_VERIFIED
root3:batch_01,case_020,5,105571.0,B1_base,107650.0,,True,B1_move,213221.0,,0.4951247766401996,B,AI_VERIFIED
root3:batch_01,case_020,5,0.0,base_base,107650.0,,False,base_base,107650.0,,0.0,C,AI_VERIFIED
root3:batch_04,case_021,1,47767.0,A2_base,6520170.0,,True,A0_base,6567937.0,,0.007272755509073854,A,AI_VERIFIED
root3:batch_04,case_021,1,0.0,B3_aggregate,7425410.0,,False,B3_aggregate,7425410.0,,0.0,B,AI_VERIFIED
root3:batch_04,case_021,1,483979.0,base_aggregate,6899824.0,,True,base_base,7383803.0,,0.0655460336631408,C,AI_VERIFIED
root3:batch_04,case_021,2,0.0,A1_base,3194570.0,,False,A1_base,3194570.0,,0.0,A,AI_VERIFIED
root3:batch_04,case_021,2,0.0,B1_base,3194570.0,,False,B1_base,3194570.0,,0.0,B,AI_VERIFIED
root3:batch_04,case_021,2,0.0,base_base,3193634.0,,False,base_base,3193634.0,,0.0,C,AI_VERIFIED
root3:batch_04,case_021,3,4263574.0,A1_base,2144024.0,,True,A2_base,6407598.0,,0.6653934906653007,A,AI_VERIFIED
root3:batch_04,case_021,3,0.0,B1_base,2144024.0,,False,B1_base,2144024.0,,0.0,B,AI_VERIFIED
root3:batch_04,case_021,3,0.0,base_base,2142851.0,,False,base_base,2142851.0,,0.0,C,AI_VERIFIED
root3:batch_04,case_021,4,0.0,A1_base,1550324.0,,False,A1_base,1550324.0,,0.0,A,AI_VERIFIED
root3:batch_04,case_021,4,0.0,B1_base,1550324.0,,False,B1_base,1550324.0,,0.0,B,AI_VERIFIED
root3:batch_04,case_021,4,0.0,base_base,1550324.0,,False,base_base,1550324.0,,0.0,C,AI_VERIFIED
root3:batch_04,case_021,5,34253.0,A2_base,1243902.0,,True,A2_aggregate,1278155.0,,0.026798784185016685,A,AI_VERIFIED
root3:batch_04,case_021,5,0.0,B1_base,1250168.0,,False,B1_base,1250168.0,,0.0,B,AI_VERIFIED
root3:batch_04,case_021,5,0.0,base_base,1249380.0,,False,base_base,1249380.0,,0.0,C,AI_VERIFIED
root3:batch_03,case_022,1,109.0,A2_base,56671.0,,True,A0_base,56780.0,,0.0019196900317013032,A,AI_VERIFIED
root3:batch_03,case_022,1,2129.0,B3_base,54906.0,,True,B3_aggregate,57035.0,,0.037327956517927585,B,AI_VERIFIED
root3:batch_03,case_022,1,0.0,base_base,54906.0,,False,base_base,54906.0,,0.0,C,AI_VERIFIED
root3:batch_03,case_022,2,0.0,A1_base,28324.0,,False,A1_base,28324.0,,0.0,A,AI_VERIFIED
root3:batch_03,case_022,2,0.0,B1_base,28324.0,,False,B1_base,28324.0,,0.0,B,AI_VERIFIED
root3:batch_03,case_022,2,0.0,base_base,28324.0,,False,base_base,28324.0,,0.0,C,AI_VERIFIED
root3:batch_03,case_022,3,0.0,A1_base,19026.0,,False,A1_base,19026.0,,0.0,A,AI_VERIFIED
root3:batch_03,case_022,3,0.0,B1_base,19026.0,,False,B1_base,19026.0,,0.0,B,AI_VERIFIED
root3:batch_03,case_022,3,0.0,base_base,19026.0,,False,base_base,19026.0,,0.0,C,AI_VERIFIED
root3:batch_03,case_022,4,13478.0,A1_base,14526.0,,True,A1_move,28004.0,,0.4812883873732324,A,AI_VERIFIED
root3:batch_03,case_022,4,13342.0,B1_base,14526.0,,True,B1_move,27868.0,,0.47875699727285775,B,AI_VERIFIED
root3:batch_03,case_022,4,0.0,base_base,14526.0,,False,base_base,14526.0,,0.0,C,AI_VERIFIED
root3:batch_03,case_022,5,10817.0,A1_base,11824.0,,True,A1_move,22641.0,,0.47776158296895016,A,AI_VERIFIED
root3:batch_03,case_022,5,10681.0,B1_base,11824.0,,True,B1_move,22505.0,,0.47460564319040216,B,AI_VERIFIED
root3:batch_03,case_022,5,0.0,base_base,11824.0,,False,base_base,11824.0,,0.0,C,AI_VERIFIED
root2:batch_09,case_023,1,0.0,A0_base,122614.0,seed,False,A0_base,122614.0,seed,0.0,A,AI_VERIFIED
root2:batch_09,case_023,1,432.0,B3_aggregate,116685.0,aggregate,True,B3_base,117117.0,seed,0.0036886190732344577,B,AI_VERIFIED
root2:batch_09,case_023,1,0.0,base_base,116571.0,seed,False,base_base,116571.0,seed,0.0,C,AI_VERIFIED
root2:batch_09,case_023,2,0.0,A1_base,61501.0,seed,False,A1_base,61501.0,seed,0.0,A,AI_VERIFIED
root2:batch_09,case_023,2,0.0,B1_base,61501.0,seed,False,B1_base,61501.0,seed,0.0,B,AI_VERIFIED
root2:batch_09,case_023,2,0.0,base_base,61501.0,seed,False,base_base,61501.0,seed,0.0,C,AI_VERIFIED
root2:batch_09,case_023,3,0.0,A1_base,41403.0,seed,False,A1_base,41403.0,seed,0.0,A,AI_VERIFIED
root2:batch_09,case_023,3,0.0,B1_base,41403.0,seed,False,B1_base,41403.0,seed,0.0,B,AI_VERIFIED
root2:batch_09,case_023,3,0.0,base_base,41403.0,seed,False,base_base,41403.0,seed,0.0,C,AI_VERIFIED
root2:batch_09,case_023,4,0.0,A1_base,30142.0,seed,False,A1_base,30142.0,seed,0.0,A,AI_VERIFIED
root2:batch_09,case_023,4,0.0,B1_base,30142.0,seed,False,B1_base,30142.0,seed,0.0,B,AI_VERIFIED
root2:batch_09,case_023,4,0.0,base_base,30142.0,seed,False,base_base,30142.0,seed,0.0,C,AI_VERIFIED
root2:batch_09,case_023,5,0.0,A1_base,24517.0,seed,False,A1_base,24517.0,seed,0.0,A,AI_VERIFIED
root2:batch_09,case_023,5,0.0,B1_base,24517.0,seed,False,B1_base,24517.0,seed,0.0,B,AI_VERIFIED
root2:batch_09,case_023,5,0.0,base_base,24517.0,seed,False,base_base,24517.0,seed,0.0,C,AI_VERIFIED
root3:batch_02,case_024,1,0.0,A0_base,2555343.0,,False,A0_base,2555343.0,,0.0,A,AI_VERIFIED
root3:batch_02,case_024,1,1127.0,B3_aggregate,2555343.0,,True,B3_base,2556470.0,,0.00044084225514087787,B,AI_VERIFIED
root3:batch_02,case_024,1,0.0,base_aggregate,2555343.0,,False,base_base,2555343.0,,0.0,C,AI_VERIFIED
root3:batch_02,case_024,2,0.0,A2_base,2561629.0,,False,A2_base,2561629.0,,0.0,A,AI_VERIFIED
root3:batch_02,case_024,2,0.0,B3_base,2562266.0,,False,B3_base,2562266.0,,0.0,B,AI_VERIFIED
root3:batch_02,case_024,2,0.0,base_base,2562266.0,,False,base_base,2562266.0,,0.0,C,AI_VERIFIED
root3:batch_02,case_024,3,0.0,A2_base,2563176.0,,False,A2_base,2563176.0,,0.0,A,AI_VERIFIED
root3:batch_02,case_024,3,0.0,B3_base,2569688.0,,False,B3_base,2569688.0,,0.0,B,AI_VERIFIED
root3:batch_02,case_024,3,0.0,base_base,2567896.0,,False,base_base,2567896.0,,0.0,C,AI_VERIFIED
root3:batch_02,case_024,4,0.0,A2_base,2568836.0,,False,A2_base,2568836.0,,0.0,A,AI_VERIFIED
root3:batch_02,case_024,4,0.0,B3_base,2586270.0,,False,B3_base,2586270.0,,0.0,B,AI_VERIFIED
root3:batch_02,case_024,4,0.0,base_base,2580375.0,,False,base_base,2580375.0,,0.0,C,AI_VERIFIED
root3:batch_02,case_024,5,0.0,A2_base,2571283.0,,False,A2_base,2571283.0,,0.0,A,AI_VERIFIED
root3:batch_02,case_024,5,0.0,B3_base,2590252.0,,False,B3_base,2590252.0,,0.0,B,AI_VERIFIED
root3:batch_02,case_024,5,0.0,base_base,2579548.0,,False,base_base,2579548.0,,0.0,C,AI_VERIFIED
root3:batch_02,case_025,1,0.0,A0_base,4863026.0,,False,A0_base,4863026.0,,0.0,A,AI_VERIFIED
root3:batch_02,case_025,1,336950.0,B3_aggregate,6233412.0,,True,B3_base,6570362.0,,0.05128332350637606,B,AI_VERIFIED
root3:batch_02,case_025,1,410298.0,base_aggregate,5823114.0,,True,base_base,6233412.0,,0.0658223778566217,C,AI_VERIFIED
root3:batch_02,case_025,2,0.0,A1_base,2431840.0,,False,A1_base,2431840.0,,0.0,A,AI_VERIFIED
root3:batch_02,case_025,2,0.0,B1_base,2431840.0,,False,B1_base,2431840.0,,0.0,B,AI_VERIFIED
root3:batch_02,case_025,2,0.0,base_base,2431840.0,,False,base_base,2431840.0,,0.0,C,AI_VERIFIED
root3:batch_02,case_025,3,3246168.0,A1_base,1622164.0,,True,A2_base,4868332.0,,0.6667926509531396,A,AI_VERIFIED
root3:batch_02,case_025,3,0.0,B1_base,1622164.0,,False,B1_base,1622164.0,,0.0,B,AI_VERIFIED
root3:batch_02,case_025,3,0.0,base_base,1622164.0,,False,base_base,1622164.0,,0.0,C,AI_VERIFIED
root3:batch_02,case_025,4,3654694.0,A1_base,1217444.0,,True,A2_base,4872138.0,,0.7501211993584747,A,AI_VERIFIED
root3:batch_02,case_025,4,0.0,B1_base,1217444.0,,False,B1_base,1217444.0,,0.0,B,AI_VERIFIED
root3:batch_02,case_025,4,0.0,base_base,1217444.0,,False,base_base,1217444.0,,0.0,C,AI_VERIFIED
root3:batch_02,case_025,5,2923620.0,A1_base,975282.0,,True,A2_base,3898902.0,,0.7498572675076214,A,AI_VERIFIED
root3:batch_02,case_025,5,0.0,B1_base,975282.0,,False,B1_base,975282.0,,0.0,B,AI_VERIFIED
root3:batch_02,case_025,5,0.0,base_base,975282.0,,False,base_base,975282.0,,0.0,C,AI_VERIFIED
root3:batch_03,case_026,1,0.0,A0_base,99203.0,,False,A0_base,99203.0,,0.0,A,AI_VERIFIED
root3:batch_03,case_026,1,2795.0,B3_aggregate,95307.0,,True,B3_base,98102.0,,0.028490754520804875,B,AI_VERIFIED
root3:batch_03,case_026,1,0.0,base_base,95307.0,,False,base_base,95307.0,,0.0,C,AI_VERIFIED
root3:batch_03,case_026,2,0.0,A1_base,55057.0,,False,A1_base,55057.0,,0.0,A,AI_VERIFIED
root3:batch_03,case_026,2,0.0,B1_base,55057.0,,False,B1_base,55057.0,,0.0,B,AI_VERIFIED
root3:batch_03,case_026,2,0.0,base_base,55057.0,,False,base_base,55057.0,,0.0,C,AI_VERIFIED
root3:batch_03,case_026,3,0.0,A1_base,41665.0,,False,A1_base,41665.0,,0.0,A,AI_VERIFIED
root3:batch_03,case_026,3,0.0,B1_base,41665.0,,False,B1_base,41665.0,,0.0,B,AI_VERIFIED
root3:batch_03,case_026,3,0.0,base_base,41665.0,,False,base_base,41665.0,,0.0,C,AI_VERIFIED
root3:batch_03,case_026,4,20740.0,A1_base,42208.0,,True,A1_move,62948.0,,0.32947829954883395,A,AI_VERIFIED
root3:batch_03,case_026,4,20297.0,B1_base,42208.0,,True,B1_move,62505.0,,0.32472602191824657,B,AI_VERIFIED
root3:batch_03,case_026,4,0.0,base_base,42208.0,,False,base_base,42208.0,,0.0,C,AI_VERIFIED
root3:batch_03,case_026,5,8957.0,A1_base,45246.0,,True,A1_move,54203.0,,0.16524915595077763,A,AI_VERIFIED
root3:batch_03,case_026,5,8514.0,B1_base,45246.0,,True,B1_move,53760.0,,0.15837053571428572,B,AI_VERIFIED
root3:batch_03,case_026,5,2719.0,base_aggregate_tid_96,41655.0,,True,base_base,44374.0,,0.061274620273132914,C,AI_VERIFIED
root3:batch_02,case_027,1,38672.0,A2_base,2325280.0,,True,A0_base,2363952.0,,0.016359046207368,A,AI_VERIFIED
root3:batch_02,case_027,1,0.0,B3_base,2341632.0,,False,B3_base,2341632.0,,0.0,B,AI_VERIFIED
root3:batch_02,case_027,1,0.0,base_base,2341632.0,,False,base_base,2341632.0,,0.0,C,AI_VERIFIED
root3:batch_02,case_027,2,0.0,A1_base,1120962.0,,False,A1_base,1120962.0,,0.0,A,AI_VERIFIED
root3:batch_02,case_027,2,0.0,B1_base,1120962.0,,False,B1_base,1120962.0,,0.0,B,AI_VERIFIED
root3:batch_02,case_027,2,0.0,base_base,1120962.0,,False,base_base,1120962.0,,0.0,C,AI_VERIFIED
root3:batch_02,case_027,3,0.0,A2_base,2236298.0,,False,A2_base,2236298.0,,0.0,A,AI_VERIFIED
root3:batch_02,case_027,3,0.0,B2_base,2077652.0,,False,B2_base,2077652.0,,0.0,B,AI_VERIFIED
root3:batch_02,case_027,3,0.0,base_base,2077652.0,,False,base_base,2077652.0,,0.0,C,AI_VERIFIED
root3:batch_02,case_027,4,0.0,A2_aggregate,560838.0,,False,A2_aggregate,560838.0,,0.0,A,AI_VERIFIED
root3:batch_02,case_027,4,0.0,B1_base,559196.0,,False,B1_base,559196.0,,0.0,B,AI_VERIFIED
root3:batch_02,case_027,4,0.0,base_base,559196.0,,False,base_base,559196.0,,0.0,C,AI_VERIFIED
root3:batch_02,case_027,5,1684687.0,A1_base,558753.0,,True,A2_base,2243440.0,,0.7509391826837357,A,AI_VERIFIED
root3:batch_02,case_027,5,0.0,B1_base,558753.0,,False,B1_base,558753.0,,0.0,B,AI_VERIFIED
root3:batch_02,case_027,5,0.0,base_base,558753.0,,False,base_base,558753.0,,0.0,C,AI_VERIFIED
root2:batch_04,case_028,1,0.0,A0_base,43836040.0,seed,False,A0_base,43836040.0,seed,0.0,A,AI_VERIFIED
root2:batch_04,case_028,1,0.0,B3_base,43281233.0,seed,False,B3_base,43281233.0,seed,0.0,B,AI_VERIFIED
root2:batch_04,case_028,1,0.0,base_base,42606375.0,seed,False,base_base,42606375.0,seed,0.0,C,AI_VERIFIED
root2:batch_04,case_028,2,20246571.0,A1_base,23638628.0,seed,True,A2_base,43885199.0,seed,0.46135306347819,A,AI_VERIFIED
root2:batch_04,case_028,2,0.0,B1_base,23638628.0,seed,False,B1_base,23638628.0,seed,0.0,B,AI_VERIFIED
root2:batch_04,case_028,2,0.0,base_base,23615145.0,seed,False,base_base,23615145.0,seed,0.0,C,AI_VERIFIED
root2:batch_04,case_028,3,0.0,A1_base,16770711.0,seed,False,A1_base,16770711.0,seed,0.0,A,AI_VERIFIED
root2:batch_04,case_028,3,0.0,B1_base,16770711.0,seed,False,B1_base,16770711.0,seed,0.0,B,AI_VERIFIED
root2:batch_04,case_028,3,0.0,base_base,16770711.0,seed,False,base_base,16770711.0,seed,0.0,C,AI_VERIFIED
root2:batch_04,case_028,4,30310667.0,A1_base,13608312.0,seed,True,A2_base,43918979.0,seed,0.6901496275676172,A,AI_VERIFIED
root2:batch_04,case_028,4,0.0,B1_base,13608312.0,seed,False,B1_base,13608312.0,seed,0.0,B,AI_VERIFIED
root2:batch_04,case_028,4,0.0,base_base,13585418.0,seed,False,base_base,13585418.0,seed,0.0,C,AI_VERIFIED
root2:batch_04,case_028,5,32542347.0,A1_base,11491035.0,seed,True,A2_base,44033382.0,seed,0.7390381006846124,A,AI_VERIFIED
root2:batch_04,case_028,5,0.0,B1_base,11491035.0,seed,False,B1_base,11491035.0,seed,0.0,B,AI_VERIFIED
root2:batch_04,case_028,5,0.0,base_base,11450794.0,seed,False,base_base,11450794.0,seed,0.0,C,AI_VERIFIED
root3:batch_03,case_029,1,0.0,A0_base,37555.0,,False,A0_base,37555.0,,0.0,A,AI_VERIFIED
root3:batch_03,case_029,1,0.0,B3_aggregate,37821.0,,False,B3_aggregate,37821.0,,0.0,B,AI_VERIFIED
root3:batch_03,case_029,1,0.0,base_base,37581.0,,False,base_base,37581.0,,0.0,C,AI_VERIFIED
root3:batch_03,case_029,2,20093.0,A1_base,19740.0,,True,A2_base,39833.0,,0.5044309994225893,A,AI_VERIFIED
root3:batch_03,case_029,2,0.0,B1_base,19740.0,,False,B1_base,19740.0,,0.0,B,AI_VERIFIED
root3:batch_03,case_029,2,0.0,base_base,19740.0,,False,base_base,19740.0,,0.0,C,AI_VERIFIED
root3:batch_03,case_029,3,0.0,A1_base,12743.0,,False,A1_base,12743.0,,0.0,A,AI_VERIFIED
root3:batch_03,case_029,3,0.0,B1_base,12743.0,,False,B1_base,12743.0,,0.0,B,AI_VERIFIED
root3:batch_03,case_029,3,0.0,base_base,12743.0,,False,base_base,12743.0,,0.0,C,AI_VERIFIED
root3:batch_03,case_029,4,0.0,A1_base,11028.0,,False,A1_base,11028.0,,0.0,A,AI_VERIFIED
root3:batch_03,case_029,4,0.0,B1_base,11028.0,,False,B1_base,11028.0,,0.0,B,AI_VERIFIED
root3:batch_03,case_029,4,0.0,base_base,11028.0,,False,base_base,11028.0,,0.0,C,AI_VERIFIED
root3:batch_03,case_029,5,7275.0,A1_base,9383.0,,True,A1_move,16658.0,,0.43672709809100735,A,AI_VERIFIED
root3:batch_03,case_029,5,7000.0,B1_base,9383.0,,True,B1_move,16383.0,,0.4272721723738021,B,AI_VERIFIED
root3:batch_03,case_029,5,0.0,base_base,9383.0,,False,base_base,9383.0,,0.0,C,AI_VERIFIED
root3:batch_04,case_030,1,511.0,A2_base,2807523.0,,True,A0_base,2808034.0,,0.00018197785354450837,A,AI_VERIFIED
root3:batch_04,case_030,1,0.0,B3_aggregate,3462984.0,,False,B3_aggregate,3462984.0,,0.0,B,AI_VERIFIED
root3:batch_04,case_030,1,521442.0,base_aggregate,2940400.0,,True,base_base,3461842.0,,0.15062559180921603,C,AI_VERIFIED
root3:batch_04,case_030,2,0.0,A1_base,1403594.0,,False,A1_base,1403594.0,,0.0,A,AI_VERIFIED
root3:batch_04,case_030,2,0.0,B1_base,1403594.0,,False,B1_base,1403594.0,,0.0,B,AI_VERIFIED
root3:batch_04,case_030,2,0.0,base_base,1403449.0,,False,base_base,1403449.0,,0.0,C,AI_VERIFIED
root3:batch_04,case_030,3,0.0,A1_base,933857.0,,False,A1_base,933857.0,,0.0,A,AI_VERIFIED
root3:batch_04,case_030,3,0.0,B1_base,933857.0,,False,B1_base,933857.0,,0.0,B,AI_VERIFIED
root3:batch_04,case_030,3,0.0,base_base,933236.0,,False,base_base,933236.0,,0.0,C,AI_VERIFIED
root3:batch_04,case_030,4,0.0,A1_base,700342.0,,False,A1_base,700342.0,,0.0,A,AI_VERIFIED
root3:batch_04,case_030,4,0.0,B1_base,700342.0,,False,B1_base,700342.0,,0.0,B,AI_VERIFIED
root3:batch_04,case_030,4,0.0,base_base,700156.0,,False,base_base,700156.0,,0.0,C,AI_VERIFIED
root3:batch_04,case_030,5,2235514.0,A1_base,561102.0,,True,A2_base,2796616.0,,0.7993639455685013,A,AI_VERIFIED
root3:batch_04,case_030,5,0.0,B1_base,561102.0,,False,B1_base,561102.0,,0.0,B,AI_VERIFIED
root3:batch_04,case_030,5,0.0,base_base,560897.0,,False,base_base,560897.0,,0.0,C,AI_VERIFIED
root3:batch_03,case_031,1,3732.0,A2_base,1410637.0,,True,A0_base,1414369.0,,0.0026386324926522004,A,AI_VERIFIED
root3:batch_03,case_031,1,1104.0,B3_base,1508033.0,,True,B3_aggregate,1509137.0,,0.0007315439221223785,B,AI_VERIFIED
root3:batch_03,case_031,1,0.0,base_base,1505462.0,,False,base_base,1505462.0,,0.0,C,AI_VERIFIED
root3:batch_03,case_031,2,0.0,A1_base,712596.0,,False,A1_base,712596.0,,0.0,A,AI_VERIFIED
root3:batch_03,case_031,2,0.0,B1_base,712596.0,,False,B1_base,712596.0,,0.0,B,AI_VERIFIED
root3:batch_03,case_031,2,0.0,base_base,711944.0,,False,base_base,711944.0,,0.0,C,AI_VERIFIED
root3:batch_03,case_031,3,0.0,A1_base,473822.0,,False,A1_base,473822.0,,0.0,A,AI_VERIFIED
root3:batch_03,case_031,3,0.0,B1_base,473822.0,,False,B1_base,473822.0,,0.0,B,AI_VERIFIED
root3:batch_03,case_031,3,0.0,base_base,473000.0,,False,base_base,473000.0,,0.0,C,AI_VERIFIED
root3:batch_03,case_031,4,0.0,A1_base,357987.0,,False,A1_base,357987.0,,0.0,A,AI_VERIFIED
root3:batch_03,case_031,4,0.0,B1_base,357987.0,,False,B1_base,357987.0,,0.0,B,AI_VERIFIED
root3:batch_03,case_031,4,0.0,base_base,355839.0,,False,base_base,355839.0,,0.0,C,AI_VERIFIED
root3:batch_03,case_031,5,0.0,A1_base,285693.0,,False,A1_base,285693.0,,0.0,A,AI_VERIFIED
root3:batch_03,case_031,5,0.0,B1_base,285693.0,,False,B1_base,285693.0,,0.0,B,AI_VERIFIED
root3:batch_03,case_031,5,0.0,base_base,284489.0,,False,base_base,284489.0,,0.0,C,AI_VERIFIED
root3:batch_04,case_032,1,0.0,A0_base,41443.0,,False,A0_base,41443.0,,0.0,A,AI_VERIFIED
root3:batch_04,case_032,1,0.0,B3_base,34533.0,,False,B3_base,34533.0,,0.0,B,AI_VERIFIED
root3:batch_04,case_032,1,0.0,base_base,34533.0,,False,base_base,34533.0,,0.0,C,AI_VERIFIED
root3:batch_04,case_032,2,0.0,A1_base,21040.0,,False,A1_base,21040.0,,0.0,A,AI_VERIFIED
root3:batch_04,case_032,2,0.0,B1_base,21040.0,,False,B1_base,21040.0,,0.0,B,AI_VERIFIED
root3:batch_04,case_032,2,0.0,base_base,21040.0,,False,base_base,21040.0,,0.0,C,AI_VERIFIED
root3:batch_04,case_032,3,0.0,A1_base,14175.0,,False,A1_base,14175.0,,0.0,A,AI_VERIFIED
root3:batch_04,case_032,3,0.0,B1_base,14175.0,,False,B1_base,14175.0,,0.0,B,AI_VERIFIED
root3:batch_04,case_032,3,0.0,base_base,14175.0,,False,base_base,14175.0,,0.0,C,AI_VERIFIED
root3:batch_04,case_032,4,0.0,A1_base,11004.0,,False,A1_base,11004.0,,0.0,A,AI_VERIFIED
root3:batch_04,case_032,4,0.0,B1_base,11004.0,,False,B1_base,11004.0,,0.0,B,AI_VERIFIED
root3:batch_04,case_032,4,0.0,base_base,11004.0,,False,base_base,11004.0,,0.0,C,AI_VERIFIED
root3:batch_04,case_032,5,7415.0,A1_base,10496.0,,True,A1_move,17911.0,,0.41399140193177375,A,AI_VERIFIED
root3:batch_04,case_032,5,7227.0,B1_base,10496.0,,True,B1_move,17723.0,,0.4077752073576708,B,AI_VERIFIED
root3:batch_04,case_032,5,0.0,base_base,10479.0,,False,base_base,10479.0,,0.0,C,AI_VERIFIED
root3:batch_03,case_033,1,223.0,A2_base,1773973.0,,True,A0_base,1774196.0,,0.0001256907354091656,A,AI_VERIFIED
root3:batch_03,case_033,1,0.0,B3_aggregate,2004121.0,,False,B3_aggregate,2004121.0,,0.0,B,AI_VERIFIED
root3:batch_03,case_033,1,186244.0,base_aggregate,1817490.0,,True,base_base,2003734.0,,0.09294846521544277,C,AI_VERIFIED
root3:batch_03,case_033,2,0.0,A1_base,889697.0,,False,A1_base,889697.0,,0.0,A,AI_VERIFIED
root3:batch_03,case_033,2,0.0,B1_base,889697.0,,False,B1_base,889697.0,,0.0,B,AI_VERIFIED
root3:batch_03,case_033,2,0.0,base_base,887951.0,,False,base_base,887951.0,,0.0,C,AI_VERIFIED
root3:batch_03,case_033,3,0.0,A1_base,592065.0,,False,A1_base,592065.0,,0.0,A,AI_VERIFIED
root3:batch_03,case_033,3,0.0,B1_base,592065.0,,False,B1_base,592065.0,,0.0,B,AI_VERIFIED
root3:batch_03,case_033,3,0.0,base_base,590152.0,,False,base_base,590152.0,,0.0,C,AI_VERIFIED
root3:batch_03,case_033,4,0.0,A1_base,443447.0,,False,A1_base,443447.0,,0.0,A,AI_VERIFIED
root3:batch_03,case_033,4,0.0,B1_base,443447.0,,False,B1_base,443447.0,,0.0,B,AI_VERIFIED
root3:batch_03,case_033,4,0.0,base_base,442667.0,,False,base_base,442667.0,,0.0,C,AI_VERIFIED
root3:batch_03,case_033,5,0.0,A1_base,355102.0,,False,A1_base,355102.0,,0.0,A,AI_VERIFIED
root3:batch_03,case_033,5,0.0,B1_base,355102.0,,False,B1_base,355102.0,,0.0,B,AI_VERIFIED
root3:batch_03,case_033,5,0.0,base_base,354514.0,,False,base_base,354514.0,,0.0,C,AI_VERIFIED
root2:batch_08,case_034,1,4572.0,A2_base,838424.0,seed,True,A0_base,842996.0,seed,0.005423513278829319,A,AI_VERIFIED
root2:batch_08,case_034,1,41591.0,B2_base,927435.0,seed,True,B3_base,969026.0,seed,0.042920416996035195,B,AI_VERIFIED
root2:batch_08,case_034,1,83433.0,base_aggregate,842733.0,aggregate,True,base_base,926166.0,seed,0.09008428294711747,C,AI_VERIFIED
root2:batch_08,case_034,2,0.0,A1_base,421427.0,seed,False,A1_base,421427.0,seed,0.0,A,AI_VERIFIED
root2:batch_08,case_034,2,0.0,B1_base,421427.0,seed,False,B1_base,421427.0,seed,0.0,B,AI_VERIFIED
root2:batch_08,case_034,2,0.0,base_base,421244.0,seed,False,base_base,421244.0,seed,0.0,C,AI_VERIFIED
root2:batch_08,case_034,3,0.0,A1_base,276994.0,seed,False,A1_base,276994.0,seed,0.0,A,AI_VERIFIED
root2:batch_08,case_034,3,0.0,B1_base,276994.0,seed,False,B1_base,276994.0,seed,0.0,B,AI_VERIFIED
root2:batch_08,case_034,3,0.0,base_base,276560.0,seed,False,base_base,276560.0,seed,0.0,C,AI_VERIFIED
root2:batch_08,case_034,4,623399.0,A1_base,212170.0,seed,True,A2_base,835569.0,seed,0.74607722402339,A,AI_VERIFIED
root2:batch_08,case_034,4,0.0,B1_base,212170.0,seed,False,B1_base,212170.0,seed,0.0,B,AI_VERIFIED
root2:batch_08,case_034,4,0.0,base_base,212170.0,seed,False,base_base,212170.0,seed,0.0,C,AI_VERIFIED
root2:batch_08,case_034,5,665732.0,A1_base,170371.0,seed,True,A2_base,836103.0,seed,0.7962320431812827,A,AI_VERIFIED
root2:batch_08,case_034,5,0.0,B1_base,170371.0,seed,False,B1_base,170371.0,seed,0.0,B,AI_VERIFIED
root2:batch_08,case_034,5,0.0,base_base,168925.0,seed,False,base_base,168925.0,seed,0.0,C,AI_VERIFIED
root3:batch_02,case_035,1,0.0,A0_base,169571.0,,False,A0_base,169571.0,,0.0,A,AI_VERIFIED
root3:batch_02,case_035,1,0.0,B3_aggregate,175454.0,,False,B3_aggregate,175454.0,,0.0,B,AI_VERIFIED
root3:batch_02,case_035,1,608.0,base_aggregate,174846.0,,True,base_base,175454.0,,0.0034652957470334106,C,AI_VERIFIED
root3:batch_02,case_035,2,7745.0,A2_base,174223.0,,True,A3_base,181968.0,,0.04256242855886749,A,AI_VERIFIED
root3:batch_02,case_035,2,0.0,B3_base,151830.0,,False,B3_base,151830.0,,0.0,B,AI_VERIFIED
root3:batch_02,case_035,2,0.0,base_base,151830.0,,False,base_base,151830.0,,0.0,C,AI_VERIFIED
root3:batch_02,case_035,3,0.0,A2_base,176298.0,,False,A2_base,176298.0,,0.0,A,AI_VERIFIED
root3:batch_02,case_035,3,0.0,B2_base,155604.0,,False,B2_base,155604.0,,0.0,B,AI_VERIFIED
root3:batch_02,case_035,3,0.0,base_base,155561.0,,False,base_base,155561.0,,0.0,C,AI_VERIFIED
root3:batch_02,case_035,4,0.0,A2_base,183060.0,,False,A2_base,183060.0,,0.0,A,AI_VERIFIED
root3:batch_02,case_035,4,0.0,B0_base,169571.0,,False,B0_base,169571.0,,0.0,B,AI_VERIFIED
root3:batch_02,case_035,4,0.0,base_base,169571.0,,False,base_base,169571.0,,0.0,C,AI_VERIFIED
root3:batch_02,case_035,5,86653.0,A1_base,95460.0,,True,A2_base,182113.0,,0.4758199579382032,A,AI_VERIFIED
root3:batch_02,case_035,5,0.0,B3_base,157857.0,,False,B3_base,157857.0,,0.0,B,AI_VERIFIED
root3:batch_02,case_035,5,503.0,base_aggregate_tid_6453,157337.0,,True,base_base,157840.0,,0.003186771414090218,C,AI_VERIFIED
root3:batch_03,case_036,1,0.0,A0_base,931510.0,,False,A0_base,931510.0,,0.0,A,AI_VERIFIED
root3:batch_03,case_036,1,0.0,B3_aggregate,1208827.0,,False,B3_aggregate,1208827.0,,0.0,B,AI_VERIFIED
root3:batch_03,case_036,1,133474.0,base_aggregate,1075353.0,,True,base_base,1208827.0,,0.1104161306787489,C,AI_VERIFIED
root3:batch_03,case_036,2,0.0,A1_base,466068.0,,False,A1_base,466068.0,,0.0,A,AI_VERIFIED
root3:batch_03,case_036,2,0.0,B1_base,466068.0,,False,B1_base,466068.0,,0.0,B,AI_VERIFIED
root3:batch_03,case_036,2,0.0,base_base,466068.0,,False,base_base,466068.0,,0.0,C,AI_VERIFIED
root3:batch_03,case_036,3,469382.0,A1_base,311345.0,,True,A2_base,780727.0,,0.6012114349830351,A,AI_VERIFIED
root3:batch_03,case_036,3,0.0,B1_base,311345.0,,False,B1_base,311345.0,,0.0,B,AI_VERIFIED
root3:batch_03,case_036,3,0.0,base_base,311345.0,,False,base_base,311345.0,,0.0,C,AI_VERIFIED
root3:batch_03,case_036,4,0.0,A1_base,233584.0,,False,A1_base,233584.0,,0.0,A,AI_VERIFIED
root3:batch_03,case_036,4,0.0,B1_base,233584.0,,False,B1_base,233584.0,,0.0,B,AI_VERIFIED
root3:batch_03,case_036,4,0.0,base_base,233584.0,,False,base_base,233584.0,,0.0,C,AI_VERIFIED
root3:batch_03,case_036,5,0.0,A1_base,187182.0,,False,A1_base,187182.0,,0.0,A,AI_VERIFIED
root3:batch_03,case_036,5,0.0,B1_base,187182.0,,False,B1_base,187182.0,,0.0,B,AI_VERIFIED
root3:batch_03,case_036,5,0.0,base_base,187182.0,,False,base_base,187182.0,,0.0,C,AI_VERIFIED
root3:batch_02,case_037,1,0.0,A0_base,210001.0,,False,A0_base,210001.0,,0.0,A,AI_VERIFIED
root3:batch_02,case_037,1,6100.0,B3_base,244641.0,,True,B3_aggregate,250741.0,,0.024327892127733397,B,AI_VERIFIED
root3:batch_02,case_037,1,0.0,base_base,244535.0,,False,base_base,244535.0,,0.0,C,AI_VERIFIED
root3:batch_02,case_037,2,0.0,A1_base,105374.0,,False,A1_base,105374.0,,0.0,A,AI_VERIFIED
root3:batch_02,case_037,2,0.0,B1_base,105374.0,,False,B1_base,105374.0,,0.0,B,AI_VERIFIED
root3:batch_02,case_037,2,0.0,base_base,105374.0,,False,base_base,105374.0,,0.0,C,AI_VERIFIED
root3:batch_02,case_037,3,0.0,A1_base,74038.0,,False,A1_base,74038.0,,0.0,A,AI_VERIFIED
root3:batch_02,case_037,3,0.0,B1_base,74038.0,,False,B1_base,74038.0,,0.0,B,AI_VERIFIED
root3:batch_02,case_037,3,0.0,base_base,74038.0,,False,base_base,74038.0,,0.0,C,AI_VERIFIED
root3:batch_02,case_037,4,0.0,A1_base,53320.0,,False,A1_base,53320.0,,0.0,A,AI_VERIFIED
root3:batch_02,case_037,4,0.0,B1_base,53320.0,,False,B1_base,53320.0,,0.0,B,AI_VERIFIED
root3:batch_02,case_037,4,0.0,base_base,53320.0,,False,base_base,53320.0,,0.0,C,AI_VERIFIED
root3:batch_02,case_037,5,0.0,A2_base,44206.0,,False,A2_base,44206.0,,0.0,A,AI_VERIFIED
root3:batch_02,case_037,5,0.0,B1_base,43800.0,,False,B1_base,43800.0,,0.0,B,AI_VERIFIED
root3:batch_02,case_037,5,0.0,base_base,43013.0,,False,base_base,43013.0,,0.0,C,AI_VERIFIED
root2:batch_11,case_038,1,1354.0,A2_base,1363201.0,seed,True,A0_base,1364555.0,seed,0.0009922648775608166,A,AI_VERIFIED
root2:batch_11,case_038,1,0.0,B3_base,1589087.0,seed,False,B3_base,1589087.0,seed,0.0,B,AI_VERIFIED
root2:batch_11,case_038,1,0.0,base_base,1583771.0,seed,False,base_base,1583771.0,seed,0.0,C,AI_VERIFIED
root2:batch_11,case_038,2,0.0,A1_base,674500.0,seed,False,A1_base,674500.0,seed,0.0,A,AI_VERIFIED
root2:batch_11,case_038,2,0.0,B1_base,674500.0,seed,False,B1_base,674500.0,seed,0.0,B,AI_VERIFIED
root2:batch_11,case_038,2,0.0,base_base,674382.0,seed,False,base_base,674382.0,seed,0.0,C,AI_VERIFIED
root2:batch_11,case_038,3,0.0,A1_base,452248.0,seed,False,A1_base,452248.0,seed,0.0,A,AI_VERIFIED
root2:batch_11,case_038,3,0.0,B1_base,452248.0,seed,False,B1_base,452248.0,seed,0.0,B,AI_VERIFIED
root2:batch_11,case_038,3,0.0,base_base,452022.0,seed,False,base_base,452022.0,seed,0.0,C,AI_VERIFIED
root2:batch_11,case_038,4,1022655.0,A1_base,339624.0,seed,True,A2_base,1362279.0,seed,0.7506942410475387,A,AI_VERIFIED
root2:batch_11,case_038,4,0.0,B1_base,339624.0,seed,False,B1_base,339624.0,seed,0.0,B,AI_VERIFIED
root2:batch_11,case_038,4,0.0,base_base,337813.0,seed,False,base_base,337813.0,seed,0.0,C,AI_VERIFIED
root2:batch_11,case_038,5,1086152.0,A1_base,275133.0,seed,True,A2_base,1361285.0,seed,0.7978872903176043,A,AI_VERIFIED
root2:batch_11,case_038,5,0.0,B1_base,275133.0,seed,False,B1_base,275133.0,seed,0.0,B,AI_VERIFIED
root2:batch_11,case_038,5,0.0,base_base,272533.0,seed,False,base_base,272533.0,seed,0.0,C,AI_VERIFIED
root3:batch_03,case_039,1,5258.0,A2_base,1430004.0,,True,A0_base,1435262.0,,0.003663442632773668,A,AI_VERIFIED
root3:batch_03,case_039,1,123667.0,B3_base,1752064.0,,True,B3_aggregate,1875731.0,,0.06593002941253304,B,AI_VERIFIED
root3:batch_03,case_039,1,0.0,base_base,1729915.0,,False,base_base,1729915.0,,0.0,C,AI_VERIFIED
root3:batch_03,case_039,2,0.0,A1_base,708561.0,,False,A1_base,708561.0,,0.0,A,AI_VERIFIED
root3:batch_03,case_039,2,0.0,B1_base,708561.0,,False,B1_base,708561.0,,0.0,B,AI_VERIFIED
root3:batch_03,case_039,2,0.0,base_base,705615.0,,False,base_base,705615.0,,0.0,C,AI_VERIFIED
root3:batch_03,case_039,3,929711.0,A1_base,485565.0,,True,A2_base,1415276.0,,0.6569114434216364,A,AI_VERIFIED
root3:batch_03,case_039,3,0.0,B1_base,485565.0,,False,B1_base,485565.0,,0.0,B,AI_VERIFIED
root3:batch_03,case_039,3,0.0,base_base,483226.0,,False,base_base,483226.0,,0.0,C,AI_VERIFIED
root3:batch_03,case_039,4,1033781.0,A1_base,395323.0,,True,A2_base,1429104.0,,0.7233770250450632,A,AI_VERIFIED
root3:batch_03,case_039,4,0.0,B1_base,395323.0,,False,B1_base,395323.0,,0.0,B,AI_VERIFIED
root3:batch_03,case_039,4,0.0,base_base,368055.0,,False,base_base,368055.0,,0.0,C,AI_VERIFIED
root3:batch_03,case_039,5,0.0,A2_aggregate,315610.0,,False,A2_aggregate,315610.0,,0.0,A,AI_VERIFIED
root3:batch_03,case_039,5,243258.0,B1_base,431161.0,,True,B1_move,674419.0,,0.3606926851111846,B,AI_VERIFIED
root3:batch_03,case_039,5,0.0,base_base,340476.0,,False,base_base,340476.0,,0.0,C,AI_VERIFIED
root3:batch_04,case_040,1,0.0,A0_base,253454.0,,False,A0_base,253454.0,,0.0,A,AI_VERIFIED
root3:batch_04,case_040,1,0.0,B3_aggregate,254945.0,,False,B3_aggregate,254945.0,,0.0,B,AI_VERIFIED
root3:batch_04,case_040,1,0.0,base_base,254840.0,,False,base_base,254840.0,,0.0,C,AI_VERIFIED
root3:batch_04,case_040,2,0.0,A1_base,137746.0,,False,A1_base,137746.0,,0.0,A,AI_VERIFIED
root3:batch_04,case_040,2,0.0,B1_base,137746.0,,False,B1_base,137746.0,,0.0,B,AI_VERIFIED
root3:batch_04,case_040,2,0.0,base_base,137720.0,,False,base_base,137720.0,,0.0,C,AI_VERIFIED
root3:batch_04,case_040,3,0.0,A1_base,110105.0,,False,A1_base,110105.0,,0.0,A,AI_VERIFIED
root3:batch_04,case_040,3,0.0,B1_base,110105.0,,False,B1_base,110105.0,,0.0,B,AI_VERIFIED
root3:batch_04,case_040,3,0.0,base_base,110105.0,,False,base_base,110105.0,,0.0,C,AI_VERIFIED
root3:batch_04,case_040,4,0.0,A1_base,110202.0,,False,A1_base,110202.0,,0.0,A,AI_VERIFIED
root3:batch_04,case_040,4,0.0,B1_base,110202.0,,False,B1_base,110202.0,,0.0,B,AI_VERIFIED
root3:batch_04,case_040,4,97.0,base_aggregate_tid_6807,110105.0,,True,base_base,110202.0,,0.0008802018112193972,C,AI_VERIFIED
root3:batch_04,case_040,5,0.0,A1_base,110337.0,,False,A1_base,110337.0,,0.0,A,AI_VERIFIED
root3:batch_04,case_040,5,0.0,B1_base,110337.0,,False,B1_base,110337.0,,0.0,B,AI_VERIFIED
root3:batch_04,case_040,5,232.0,base_aggregate_tid_6807,110105.0,,True,base_base,110337.0,,0.0021026491566745516,C,AI_VERIFIED
root3:batch_03,case_041,1,0.0,A0_base,6003957.0,,False,A0_base,6003957.0,,0.0,A,AI_VERIFIED
root3:batch_03,case_041,1,19303.0,B3_aggregate,7050742.0,,True,B3_base,7070045.0,,0.0027302513633222984,B,AI_VERIFIED
root3:batch_03,case_041,1,788082.0,base_aggregate,6251871.0,,True,base_base,7039953.0,,0.11194421326392377,C,AI_VERIFIED
root3:batch_03,case_041,2,0.0,A1_base,2990398.0,,False,A1_base,2990398.0,,0.0,A,AI_VERIFIED
root3:batch_03,case_041,2,0.0,B1_base,2990398.0,,False,B1_base,2990398.0,,0.0,B,AI_VERIFIED
root3:batch_03,case_041,2,0.0,base_base,2988290.0,,False,base_base,2988290.0,,0.0,C,AI_VERIFIED
root3:batch_03,case_041,3,0.0,A1_base,1991911.0,,False,A1_base,1991911.0,,0.0,A,AI_VERIFIED
root3:batch_03,case_041,3,0.0,B1_base,1991911.0,,False,B1_base,1991911.0,,0.0,B,AI_VERIFIED
root3:batch_03,case_041,3,0.0,base_base,1989953.0,,False,base_base,1989953.0,,0.0,C,AI_VERIFIED
root3:batch_03,case_041,4,0.0,A1_base,1499144.0,,False,A1_base,1499144.0,,0.0,A,AI_VERIFIED
root3:batch_03,case_041,4,0.0,B1_base,1499144.0,,False,B1_base,1499144.0,,0.0,B,AI_VERIFIED
root3:batch_03,case_041,4,0.0,base_base,1494347.0,,False,base_base,1494347.0,,0.0,C,AI_VERIFIED
root3:batch_03,case_041,5,0.0,A1_base,1201884.0,,False,A1_base,1201884.0,,0.0,A,AI_VERIFIED
root3:batch_03,case_041,5,0.0,B1_base,1201884.0,,False,B1_base,1201884.0,,0.0,B,AI_VERIFIED
root3:batch_03,case_041,5,0.0,base_base,1194643.0,,False,base_base,1194643.0,,0.0,C,AI_VERIFIED
root3:batch_04,case_042,1,16607.0,A2_base,1670133.0,,True,A0_base,1686740.0,,0.009845619360423065,A,AI_VERIFIED
root3:batch_04,case_042,1,0.0,B3_base,1771204.0,,False,B3_base,1771204.0,,0.0,B,AI_VERIFIED
root3:batch_04,case_042,1,0.0,base_base,1769685.0,,False,base_base,1769685.0,,0.0,C,AI_VERIFIED
root3:batch_04,case_042,2,0.0,A1_base,849076.0,,False,A1_base,849076.0,,0.0,A,AI_VERIFIED
root3:batch_04,case_042,2,0.0,B1_base,849076.0,,False,B1_base,849076.0,,0.0,B,AI_VERIFIED
root3:batch_04,case_042,2,0.0,base_base,845668.0,,False,base_base,845668.0,,0.0,C,AI_VERIFIED
root3:batch_04,case_042,3,0.0,A1_base,562868.0,,False,A1_base,562868.0,,0.0,A,AI_VERIFIED
root3:batch_04,case_042,3,0.0,B1_base,562868.0,,False,B1_base,562868.0,,0.0,B,AI_VERIFIED
root3:batch_04,case_042,3,0.0,base_base,561628.0,,False,base_base,561628.0,,0.0,C,AI_VERIFIED
root3:batch_04,case_042,4,0.0,A1_base,426511.0,,False,A1_base,426511.0,,0.0,A,AI_VERIFIED
root3:batch_04,case_042,4,0.0,B1_base,426511.0,,False,B1_base,426511.0,,0.0,B,AI_VERIFIED
root3:batch_04,case_042,4,0.0,base_base,423652.0,,False,base_base,423652.0,,0.0,C,AI_VERIFIED
root3:batch_04,case_042,5,0.0,A1_base,342520.0,,False,A1_base,342520.0,,0.0,A,AI_VERIFIED
root3:batch_04,case_042,5,0.0,B1_base,342520.0,,False,B1_base,342520.0,,0.0,B,AI_VERIFIED
root3:batch_04,case_042,5,0.0,base_base,339457.0,,False,base_base,339457.0,,0.0,C,AI_VERIFIED
root2:batch_07,case_043,1,0.0,A0_base,677656.0,seed,False,A0_base,677656.0,seed,0.0,A,AI_VERIFIED
root2:batch_07,case_043,1,1400.0,B3_aggregate,675739.0,aggregate,True,B3_base,677139.0,seed,0.0020675223255491116,B,AI_VERIFIED
root2:batch_07,case_043,1,0.0,base_base,675739.0,seed,False,base_base,675739.0,seed,0.0,C,AI_VERIFIED
root2:batch_07,case_043,2,0.0,A1_base,353851.0,seed,False,A1_base,353851.0,seed,0.0,A,AI_VERIFIED
root2:batch_07,case_043,2,0.0,B1_base,353851.0,seed,False,B1_base,353851.0,seed,0.0,B,AI_VERIFIED
root2:batch_07,case_043,2,0.0,base_base,353851.0,seed,False,base_base,353851.0,seed,0.0,C,AI_VERIFIED
root2:batch_07,case_043,3,0.0,A1_base,268777.0,seed,False,A1_base,268777.0,seed,0.0,A,AI_VERIFIED
root2:batch_07,case_043,3,0.0,B1_base,268777.0,seed,False,B1_base,268777.0,seed,0.0,B,AI_VERIFIED
root2:batch_07,case_043,3,0.0,base_base,268777.0,seed,False,base_base,268777.0,seed,0.0,C,AI_VERIFIED
root2:batch_07,case_043,4,43873.0,A2_base,685068.0,seed,True,A3_base,728941.0,seed,0.06018731282778716,A,AI_VERIFIED
root2:batch_07,case_043,4,0.0,B2_base,666701.0,seed,False,B2_base,666701.0,seed,0.0,B,AI_VERIFIED
root2:batch_07,case_043,4,0.0,base_base,666696.0,seed,False,base_base,666696.0,seed,0.0,C,AI_VERIFIED
root2:batch_07,case_043,5,406394.0,A1_base,269612.0,seed,True,A2_base,676006.0,seed,0.601169220391535,A,AI_VERIFIED
root2:batch_07,case_043,5,0.0,B0_base,677656.0,seed,False,B0_base,677656.0,seed,0.0,B,AI_VERIFIED
root2:batch_07,case_043,5,0.0,base_base,677656.0,seed,False,base_base,677656.0,seed,0.0,C,AI_VERIFIED
root3:batch_04,case_044,1,59551.0,A3_aggregate,94856.0,,True,A0_base,154407.0,,0.38567551989223287,A,AI_VERIFIED
root3:batch_04,case_044,1,0.0,B2_base,92892.0,,False,B2_base,92892.0,,0.0,B,AI_VERIFIED
root3:batch_04,case_044,1,0.0,base_base,92892.0,,False,base_base,92892.0,,0.0,C,AI_VERIFIED
root3:batch_04,case_044,2,0.0,A3_base,103721.0,,False,A3_base,103721.0,,0.0,A,AI_VERIFIED
root3:batch_04,case_044,2,0.0,B2_base,73924.0,,False,B2_base,73924.0,,0.0,B,AI_VERIFIED
root3:batch_04,case_044,2,0.0,base_base,73924.0,,False,base_base,73924.0,,0.0,C,AI_VERIFIED
root3:batch_04,case_044,3,0.0,A3_base,108965.0,,False,A3_base,108965.0,,0.0,A,AI_VERIFIED
root3:batch_04,case_044,3,0.0,B2_base,96051.0,,False,B2_base,96051.0,,0.0,B,AI_VERIFIED
root3:batch_04,case_044,3,0.0,base_base,96051.0,,False,base_base,96051.0,,0.0,C,AI_VERIFIED
root3:batch_04,case_044,4,0.0,A3_base,113094.0,,False,A3_base,113094.0,,0.0,A,AI_VERIFIED
root3:batch_04,case_044,4,0.0,B2_base,90531.0,,False,B2_base,90531.0,,0.0,B,AI_VERIFIED
root3:batch_04,case_044,4,0.0,base_base,90531.0,,False,base_base,90531.0,,0.0,C,AI_VERIFIED
root3:batch_04,case_044,5,0.0,A3_base,118152.0,,False,A3_base,118152.0,,0.0,A,AI_VERIFIED
root3:batch_04,case_044,5,0.0,B2_base,76858.0,,False,B2_base,76858.0,,0.0,B,AI_VERIFIED
root3:batch_04,case_044,5,0.0,base_base,75919.0,,False,base_base,75919.0,,0.0,C,AI_VERIFIED
root2:batch_09,case_045,1,0.0,A0_base,125614.0,seed,False,A0_base,125614.0,seed,0.0,A,AI_VERIFIED
root2:batch_09,case_045,1,5770.0,B3_aggregate,135584.0,aggregate,True,B3_base,141354.0,seed,0.04081950280855158,B,AI_VERIFIED
root2:batch_09,case_045,1,6851.0,base_aggregate,126392.0,aggregate,True,base_base,133243.0,seed,0.051417335244628236,C,AI_VERIFIED
root2:batch_09,case_045,2,0.0,A1_base,63059.0,seed,False,A1_base,63059.0,seed,0.0,A,AI_VERIFIED
root2:batch_09,case_045,2,0.0,B1_base,63059.0,seed,False,B1_base,63059.0,seed,0.0,B,AI_VERIFIED
root2:batch_09,case_045,2,0.0,base_base,63059.0,seed,False,base_base,63059.0,seed,0.0,C,AI_VERIFIED
root2:batch_09,case_045,3,41064.0,A1_base,42601.0,seed,True,A1_move,83665.0,ordinary,0.4908145580589255,A,AI_VERIFIED
root2:batch_09,case_045,3,40826.0,B1_base,42601.0,seed,True,B1_move,83427.0,ordinary,0.489361957160152,B,AI_VERIFIED
root2:batch_09,case_045,3,0.0,base_base,42601.0,seed,False,base_base,42601.0,seed,0.0,C,AI_VERIFIED
root2:batch_09,case_045,4,31270.0,A1_base,31878.0,seed,True,A1_move,63148.0,ordinary,0.4951859124596187,A,AI_VERIFIED
root2:batch_09,case_045,4,31022.0,B1_base,31878.0,seed,True,B1_move,62900.0,ordinary,0.4931955484896661,B,AI_VERIFIED
root2:batch_09,case_045,4,0.0,base_base,31878.0,seed,False,base_base,31878.0,seed,0.0,C,AI_VERIFIED
root2:batch_09,case_045,5,24420.0,A1_base,26164.0,seed,True,A1_move,50584.0,ordinary,0.48276134746164795,A,AI_VERIFIED
root2:batch_09,case_045,5,24113.0,B1_base,26164.0,seed,True,B1_move,50277.0,ordinary,0.4796029993834159,B,AI_VERIFIED
root2:batch_09,case_045,5,0.0,base_base,26164.0,seed,False,base_base,26164.0,seed,0.0,C,AI_VERIFIED
root3:batch_04,case_046,1,43226.0,A3_aggregate,233229.0,,True,A0_base,276455.0,,0.15635817764193088,A,AI_VERIFIED
root3:batch_04,case_046,1,47038.0,B2_base,227889.0,,True,B3_base,274927.0,,0.17109269005954308,B,AI_VERIFIED
root3:batch_04,case_046,1,0.0,base_base,227889.0,,False,base_base,227889.0,,0.0,C,AI_VERIFIED
root3:batch_04,case_046,2,13096.0,A2_aggregate,153482.0,,True,A1_base,166578.0,,0.07861782468273121,A,AI_VERIFIED
root3:batch_04,case_046,2,0.0,B1_base,166578.0,,False,B1_base,166578.0,,0.0,B,AI_VERIFIED
root3:batch_04,case_046,2,0.0,base_base,137552.0,,False,base_base,137552.0,,0.0,C,AI_VERIFIED
root3:batch_04,case_046,3,107924.0,A1_base,142176.0,,True,A3_base,250100.0,,0.4315233906437425,A,AI_VERIFIED
root3:batch_04,case_046,3,89658.0,B1_base,142176.0,,True,B2_base,231834.0,,0.3867336111183002,B,AI_VERIFIED
root3:batch_04,case_046,3,0.0,base_base,121494.0,,False,base_base,121494.0,,0.0,C,AI_VERIFIED
root3:batch_04,case_046,4,87092.0,A1_move,167990.0,,True,A3_base,255082.0,,0.3414274625414573,A,AI_VERIFIED
root3:batch_04,case_046,4,34553.0,B1_move,179861.0,,True,B2_base,214414.0,,0.16115085768653167,B,AI_VERIFIED
root3:batch_04,case_046,4,4705.0,base_reorder,149978.0,,True,base_base,154683.0,,0.030417046475695455,C,AI_VERIFIED
root3:batch_04,case_046,5,117479.0,A1_move,143641.0,,True,A3_base,261120.0,,0.44990425857843136,A,AI_VERIFIED
root3:batch_04,case_046,5,0.0,B2_base,181490.0,,False,B2_base,181490.0,,0.0,B,AI_VERIFIED
root3:batch_04,case_046,5,0.0,base_base,180844.0,,False,base_base,180844.0,,0.0,C,AI_VERIFIED
root3:batch_04,case_047,1,0.0,A0_base,326508.0,,False,A0_base,326508.0,,0.0,A,AI_VERIFIED
root3:batch_04,case_047,1,0.0,B3_base,324985.0,,False,B3_base,324985.0,,0.0,B,AI_VERIFIED
root3:batch_04,case_047,1,0.0,base_base,324985.0,,False,base_base,324985.0,,0.0,C,AI_VERIFIED
root3:batch_04,case_047,2,90.0,A3_base,330210.0,,True,A2_base,330300.0,,0.00027247956403269756,A,AI_VERIFIED
root3:batch_04,case_047,2,3013.0,B2_base,325068.0,,True,B3_base,328081.0,,0.009183707681944398,B,AI_VERIFIED
root3:batch_04,case_047,2,0.0,base_base,325068.0,,False,base_base,325068.0,,0.0,C,AI_VERIFIED
root3:batch_04,case_047,3,0.0,A2_base,329938.0,,False,A2_base,329938.0,,0.0,A,AI_VERIFIED
root3:batch_04,case_047,3,0.0,B3_base,328135.0,,False,B3_base,328135.0,,0.0,B,AI_VERIFIED
root3:batch_04,case_047,3,0.0,base_base,328133.0,,False,base_base,328133.0,,0.0,C,AI_VERIFIED
root3:batch_04,case_047,4,0.0,A2_base,332587.0,,False,A2_base,332587.0,,0.0,A,AI_VERIFIED
root3:batch_04,case_047,4,0.0,B2_base,325683.0,,False,B2_base,325683.0,,0.0,B,AI_VERIFIED
root3:batch_04,case_047,4,0.0,base_base,325678.0,,False,base_base,325678.0,,0.0,C,AI_VERIFIED
root3:batch_04,case_047,5,3695.0,A3_base,333415.0,,True,A2_base,337110.0,,0.010960813977633413,A,AI_VERIFIED
root3:batch_04,case_047,5,0.0,B2_base,316261.0,,False,B2_base,316261.0,,0.0,B,AI_VERIFIED
root3:batch_04,case_047,5,0.0,base_base,316261.0,,False,base_base,316261.0,,0.0,C,AI_VERIFIED
root3:batch_03,case_048,1,0.0,A0_base,222220.0,,False,A0_base,222220.0,,0.0,A,AI_VERIFIED
root3:batch_03,case_048,1,548.0,B3_aggregate,223338.0,,True,B3_base,223886.0,,0.002447674262794458,B,AI_VERIFIED
root3:batch_03,case_048,1,724.0,base_aggregate,222614.0,,True,base_base,223338.0,,0.0032417233072741763,C,AI_VERIFIED
root3:batch_03,case_048,2,0.0,A2_base,225434.0,,False,A2_base,225434.0,,0.0,A,AI_VERIFIED
root3:batch_03,case_048,2,0.0,B2_base,225562.0,,False,B2_base,225562.0,,0.0,B,AI_VERIFIED
root3:batch_03,case_048,2,0.0,base_base,225562.0,,False,base_base,225562.0,,0.0,C,AI_VERIFIED
root3:batch_03,case_048,3,0.0,A2_base,230426.0,,False,A2_base,230426.0,,0.0,A,AI_VERIFIED
root3:batch_03,case_048,3,0.0,B2_base,227793.0,,False,B2_base,227793.0,,0.0,B,AI_VERIFIED
root3:batch_03,case_048,3,0.0,base_base,227793.0,,False,base_base,227793.0,,0.0,C,AI_VERIFIED
root3:batch_03,case_048,4,0.0,A2_base,228771.0,,False,A2_base,228771.0,,0.0,A,AI_VERIFIED
root3:batch_03,case_048,4,0.0,B2_base,227870.0,,False,B2_base,227870.0,,0.0,B,AI_VERIFIED
root3:batch_03,case_048,4,0.0,base_base,227866.0,,False,base_base,227866.0,,0.0,C,AI_VERIFIED
root3:batch_03,case_048,5,0.0,A2_base,231678.0,,False,A2_base,231678.0,,0.0,A,AI_VERIFIED
root3:batch_03,case_048,5,0.0,B2_base,228173.0,,False,B2_base,228173.0,,0.0,B,AI_VERIFIED
root3:batch_03,case_048,5,1255.0,base_aggregate_tid_1000001899,226918.0,,True,base_base,228173.0,,0.0055002125580151905,C,AI_VERIFIED
root3:batch_02,case_049,1,0.0,A0_base,196276.0,,False,A0_base,196276.0,,0.0,A,AI_VERIFIED
root3:batch_02,case_049,1,0.0,B3_base,199842.0,,False,B3_base,199842.0,,0.0,B,AI_VERIFIED
root3:batch_02,case_049,1,0.0,base_base,199842.0,,False,base_base,199842.0,,0.0,C,AI_VERIFIED
root3:batch_02,case_049,2,17258.0,A2_base,201231.0,,True,A3_base,218489.0,,0.0789879582038455,A,AI_VERIFIED
root3:batch_02,case_049,2,0.0,B2_base,178903.0,,False,B2_base,178903.0,,0.0,B,AI_VERIFIED
root3:batch_02,case_049,2,0.0,base_base,178903.0,,False,base_base,178903.0,,0.0,C,AI_VERIFIED
root3:batch_02,case_049,3,0.0,A2_base,203504.0,,False,A2_base,203504.0,,0.0,A,AI_VERIFIED
root3:batch_02,case_049,3,0.0,B2_base,187317.0,,False,B2_base,187317.0,,0.0,B,AI_VERIFIED
root3:batch_02,case_049,3,0.0,base_base,187317.0,,False,base_base,187317.0,,0.0,C,AI_VERIFIED
root3:batch_02,case_049,4,0.0,A2_base,203888.0,,False,A2_base,203888.0,,0.0,A,AI_VERIFIED
root3:batch_02,case_049,4,0.0,B2_base,199561.0,,False,B2_base,199561.0,,0.0,B,AI_VERIFIED
root3:batch_02,case_049,4,3205.0,base_aggregate_tid_8338,196356.0,,True,base_base,199561.0,,0.016060252253696866,C,AI_VERIFIED
root3:batch_02,case_049,5,0.0,A2_base,204874.0,,False,A2_base,204874.0,,0.0,A,AI_VERIFIED
root3:batch_02,case_049,5,0.0,B2_base,195369.0,,False,B2_base,195369.0,,0.0,B,AI_VERIFIED
root3:batch_02,case_049,5,0.0,base_base,195368.0,,False,base_base,195368.0,,0.0,C,AI_VERIFIED
root2:batch_09,case_050,1,0.0,A0_base,149690.0,seed,False,A0_base,149690.0,seed,0.0,A,AI_VERIFIED
root2:batch_09,case_050,1,0.0,B3_aggregate,149846.0,aggregate,False,B3_aggregate,149846.0,aggregate,0.0,B,AI_VERIFIED
root2:batch_09,case_050,1,376.0,base_aggregate,149470.0,aggregate,True,base_base,149846.0,seed,0.002509242822631235,C,AI_VERIFIED
root2:batch_09,case_050,2,6656.0,A2_base,153184.0,seed,True,A3_base,159840.0,seed,0.04164164164164164,A,AI_VERIFIED
root2:batch_09,case_050,2,2505.0,B2_base,149158.0,seed,True,B3_base,151663.0,seed,0.016516882825738644,B,AI_VERIFIED
root2:batch_09,case_050,2,0.0,base_base,149158.0,seed,False,base_base,149158.0,seed,0.0,C,AI_VERIFIED
root2:batch_09,case_050,3,0.0,A2_base,152940.0,seed,False,A2_base,152940.0,seed,0.0,A,AI_VERIFIED
root2:batch_09,case_050,3,0.0,B2_base,153757.0,seed,False,B2_base,153757.0,seed,0.0,B,AI_VERIFIED
root2:batch_09,case_050,3,0.0,base_base,153757.0,seed,False,base_base,153757.0,seed,0.0,C,AI_VERIFIED
root2:batch_09,case_050,4,0.0,A2_base,155687.0,seed,False,A2_base,155687.0,seed,0.0,A,AI_VERIFIED
root2:batch_09,case_050,4,0.0,B0_base,149690.0,seed,False,B0_base,149690.0,seed,0.0,B,AI_VERIFIED
root2:batch_09,case_050,4,0.0,base_base,149690.0,seed,False,base_base,149690.0,seed,0.0,C,AI_VERIFIED
root2:batch_09,case_050,5,0.0,A2_base,159004.0,seed,False,A2_base,159004.0,seed,0.0,A,AI_VERIFIED
root2:batch_09,case_050,5,0.0,B2_base,147954.0,seed,False,B2_base,147954.0,seed,0.0,B,AI_VERIFIED
root2:batch_09,case_050,5,0.0,base_base,147851.0,seed,False,base_base,147851.0,seed,0.0,C,AI_VERIFIED
root3:batch_03,case_051,1,0.0,A0_base,607628.0,,False,A0_base,607628.0,,0.0,A,AI_VERIFIED
root3:batch_03,case_051,1,0.0,B2_base,607628.0,,False,B3_base,607628.0,,0.0,B,AI_VERIFIED
root3:batch_03,case_051,1,0.0,base_aggregate,607628.0,,False,base_base,607628.0,,0.0,C,AI_VERIFIED
root3:batch_03,case_051,2,0.0,A2_base,612275.0,,False,A2_base,612275.0,,0.0,A,AI_VERIFIED
root3:batch_03,case_051,2,0.0,B2_base,609681.0,,False,B2_base,609681.0,,0.0,B,AI_VERIFIED
root3:batch_03,case_051,2,0.0,base_base,609681.0,,False,base_base,609681.0,,0.0,C,AI_VERIFIED
root3:batch_03,case_051,3,0.0,A2_base,615373.0,,False,A2_base,615373.0,,0.0,A,AI_VERIFIED
root3:batch_03,case_051,3,0.0,B2_base,611232.0,,False,B2_base,611232.0,,0.0,B,AI_VERIFIED
root3:batch_03,case_051,3,0.0,base_base,611232.0,,False,base_base,611232.0,,0.0,C,AI_VERIFIED
root3:batch_03,case_051,4,10843.0,A0_base,607628.0,,True,A2_base,618471.0,,0.01753194571774586,A,AI_VERIFIED
root3:batch_03,case_051,4,0.0,B2_base,612783.0,,False,B2_base,612783.0,,0.0,B,AI_VERIFIED
root3:batch_03,case_051,4,0.0,base_base,612783.0,,False,base_base,612783.0,,0.0,C,AI_VERIFIED
root3:batch_03,case_051,5,16426.0,A0_base,607628.0,,True,A2_base,624054.0,,0.026321440131783468,A,AI_VERIFIED
root3:batch_03,case_051,5,0.0,B3_base,627634.0,,False,B3_base,627634.0,,0.0,B,AI_VERIFIED
root3:batch_03,case_051,5,0.0,base_base,627502.0,,False,base_base,627502.0,,0.0,C,AI_VERIFIED
root3:batch_02,case_052,1,6744.0,A2_base,173557.0,,True,A0_base,180301.0,,0.03740411866822702,A,AI_VERIFIED
root3:batch_02,case_052,1,0.0,B3_base,178673.0,,False,B3_base,178673.0,,0.0,B,AI_VERIFIED
root3:batch_02,case_052,1,0.0,base_base,178673.0,,False,base_base,178673.0,,0.0,C,AI_VERIFIED
root3:batch_02,case_052,2,0.0,A1_base,90903.0,,False,A1_base,90903.0,,0.0,A,AI_VERIFIED
root3:batch_02,case_052,2,0.0,B1_base,90903.0,,False,B1_base,90903.0,,0.0,B,AI_VERIFIED
root3:batch_02,case_052,2,0.0,base_base,90903.0,,False,base_base,90903.0,,0.0,C,AI_VERIFIED
root3:batch_02,case_052,3,0.0,A1_base,61071.0,,False,A1_base,61071.0,,0.0,A,AI_VERIFIED
root3:batch_02,case_052,3,0.0,B1_base,61071.0,,False,B1_base,61071.0,,0.0,B,AI_VERIFIED
root3:batch_02,case_052,3,0.0,base_base,61071.0,,False,base_base,61071.0,,0.0,C,AI_VERIFIED
root3:batch_02,case_052,4,0.0,A1_base,45610.0,,False,A1_base,45610.0,,0.0,A,AI_VERIFIED
root3:batch_02,case_052,4,0.0,B1_base,45610.0,,False,B1_base,45610.0,,0.0,B,AI_VERIFIED
root3:batch_02,case_052,4,0.0,base_base,45610.0,,False,base_base,45610.0,,0.0,C,AI_VERIFIED
root3:batch_02,case_052,5,0.0,A1_base,37387.0,,False,A1_base,37387.0,,0.0,A,AI_VERIFIED
root3:batch_02,case_052,5,0.0,B1_base,37387.0,,False,B1_base,37387.0,,0.0,B,AI_VERIFIED
root3:batch_02,case_052,5,0.0,base_base,37387.0,,False,base_base,37387.0,,0.0,C,AI_VERIFIED
root3:batch_02,case_053,1,1484.0,A2_base,1471202.0,,True,A0_base,1472686.0,,0.0010076825609804127,A,AI_VERIFIED
root3:batch_02,case_053,1,0.0,B3_base,1448004.0,,False,B3_base,1448004.0,,0.0,B,AI_VERIFIED
root3:batch_02,case_053,1,0.0,base_base,1426552.0,,False,base_base,1426552.0,,0.0,C,AI_VERIFIED
root3:batch_02,case_053,2,0.0,A1_base,828335.0,,False,A1_base,828335.0,,0.0,A,AI_VERIFIED
root3:batch_02,case_053,2,0.0,B1_base,828335.0,,False,B1_base,828335.0,,0.0,B,AI_VERIFIED
root3:batch_02,case_053,2,0.0,base_base,796880.0,,False,base_base,796880.0,,0.0,C,AI_VERIFIED
root3:batch_02,case_053,3,0.0,A1_base,542159.0,,False,A1_base,542159.0,,0.0,A,AI_VERIFIED
root3:batch_02,case_053,3,0.0,B0_base,1472686.0,,False,B0_base,1472686.0,,0.0,B,AI_VERIFIED
root3:batch_02,case_053,3,0.0,base_base,1428109.0,,False,base_base,1428109.0,,0.0,C,AI_VERIFIED
root3:batch_02,case_053,4,937553.0,A1_base,492232.0,,True,A3_base,1429785.0,,0.6557300573163098,A,AI_VERIFIED
root3:batch_02,case_053,4,0.0,B0_base,1472686.0,,False,B0_base,1472686.0,,0.0,B,AI_VERIFIED
root3:batch_02,case_053,4,0.0,base_base,1428109.0,,False,base_base,1428109.0,,0.0,C,AI_VERIFIED
root3:batch_02,case_053,5,942960.0,A1_base,492699.0,,True,A3_base,1435659.0,,0.6568133519171335,A,AI_VERIFIED
root3:batch_02,case_053,5,0.0,B0_base,1472686.0,,False,B0_base,1472686.0,,0.0,B,AI_VERIFIED
root3:batch_02,case_053,5,0.0,base_base,1428109.0,,False,base_base,1428109.0,,0.0,C,AI_VERIFIED
root2:batch_06,case_054,1,996.0,A2_base,814055.0,seed,True,A0_base,815051.0,seed,0.0012220094202694065,A,AI_VERIFIED
root2:batch_06,case_054,1,0.0,B3_base,796718.0,seed,False,B3_base,796718.0,seed,0.0,B,AI_VERIFIED
root2:batch_06,case_054,1,0.0,base_base,796718.0,seed,False,base_base,796718.0,seed,0.0,C,AI_VERIFIED
root2:batch_06,case_054,2,45307.0,A2_base,814319.0,seed,True,A3_base,859626.0,seed,0.05270547889430985,A,AI_VERIFIED
root2:batch_06,case_054,2,0.0,B3_base,811945.0,seed,False,B3_base,811945.0,seed,0.0,B,AI_VERIFIED
root2:batch_06,case_054,2,0.0,base_base,811945.0,seed,False,base_base,811945.0,seed,0.0,C,AI_VERIFIED
root2:batch_06,case_054,3,38050.0,A2_base,815290.0,seed,True,A3_base,853340.0,seed,0.04458949539456723,A,AI_VERIFIED
root2:batch_06,case_054,3,0.0,B3_base,806897.0,seed,False,B3_base,806897.0,seed,0.0,B,AI_VERIFIED
root2:batch_06,case_054,3,0.0,base_base,806897.0,seed,False,base_base,806897.0,seed,0.0,C,AI_VERIFIED
root2:batch_06,case_054,4,54151.0,A2_base,814210.0,seed,True,A3_base,868361.0,seed,0.06236000925882208,A,AI_VERIFIED
root2:batch_06,case_054,4,0.0,B3_base,831731.0,seed,False,B3_base,831731.0,seed,0.0,B,AI_VERIFIED
root2:batch_06,case_054,4,1116.0,base_aggregate_tid_1000013457,830580.0,aggregate,True,base_base,831696.0,seed,0.0013418364402377793,C,AI_VERIFIED
root2:batch_06,case_054,5,67109.0,A2_base,815870.0,seed,True,A3_base,882979.0,seed,0.07600294004727179,A,AI_VERIFIED
root2:batch_06,case_054,5,0.0,B3_base,822478.0,seed,False,B3_base,822478.0,seed,0.0,B,AI_VERIFIED
root2:batch_06,case_054,5,0.0,base_base,822451.0,seed,False,base_base,822451.0,seed,0.0,C,AI_VERIFIED
root2:batch_09,case_055,1,2468.0,A2_base,116367.0,seed,True,A0_base,118835.0,seed,0.02076829216981529,A,AI_VERIFIED
root2:batch_09,case_055,1,0.0,B3_base,121890.0,seed,False,B3_base,121890.0,seed,0.0,B,AI_VERIFIED
root2:batch_09,case_055,1,0.0,base_base,120648.0,seed,False,base_base,120648.0,seed,0.0,C,AI_VERIFIED
root2:batch_09,case_055,2,0.0,A1_base,61686.0,seed,False,A1_base,61686.0,seed,0.0,A,AI_VERIFIED
root2:batch_09,case_055,2,0.0,B1_base,61686.0,seed,False,B1_base,61686.0,seed,0.0,B,AI_VERIFIED
root2:batch_09,case_055,2,0.0,base_base,61686.0,seed,False,base_base,61686.0,seed,0.0,C,AI_VERIFIED
root2:batch_09,case_055,3,0.0,A1_base,42047.0,seed,False,A1_base,42047.0,seed,0.0,A,AI_VERIFIED
root2:batch_09,case_055,3,0.0,B1_base,42047.0,seed,False,B1_base,42047.0,seed,0.0,B,AI_VERIFIED
root2:batch_09,case_055,3,0.0,base_base,42047.0,seed,False,base_base,42047.0,seed,0.0,C,AI_VERIFIED
root2:batch_09,case_055,4,0.0,A1_base,32099.0,seed,False,A1_base,32099.0,seed,0.0,A,AI_VERIFIED
root2:batch_09,case_055,4,0.0,B1_base,32099.0,seed,False,B1_base,32099.0,seed,0.0,B,AI_VERIFIED
root2:batch_09,case_055,4,0.0,base_base,32099.0,seed,False,base_base,32099.0,seed,0.0,C,AI_VERIFIED
root2:batch_09,case_055,5,900.0,A2_move,110002.0,ordinary,True,A2_base,110902.0,seed,0.008115272943680005,A,AI_VERIFIED
root2:batch_09,case_055,5,21719.0,B1_base,25635.0,seed,True,B1_move,47354.0,ordinary,0.4586518562317861,B,AI_VERIFIED
root2:batch_09,case_055,5,0.0,base_base,25635.0,seed,False,base_base,25635.0,seed,0.0,C,AI_VERIFIED
root3:batch_02,case_056,1,0.0,A0_base,277285.0,,False,A0_base,277285.0,,0.0,A,AI_VERIFIED
root3:batch_02,case_056,1,424.0,B3_aggregate,278736.0,,True,B3_base,279160.0,,0.0015188422410087406,B,AI_VERIFIED
root3:batch_02,case_056,1,770.0,base_aggregate,277966.0,,True,base_base,278736.0,,0.0027624705814821193,C,AI_VERIFIED
root3:batch_02,case_056,2,0.0,A2_base,280280.0,,False,A2_base,280280.0,,0.0,A,AI_VERIFIED
root3:batch_02,case_056,2,5816.0,B2_base,281905.0,,True,B3_base,287721.0,,0.02021402678289037,B,AI_VERIFIED
root3:batch_02,case_056,2,0.0,base_base,281905.0,,False,base_base,281905.0,,0.0,C,AI_VERIFIED
root3:batch_02,case_056,3,0.0,A2_base,284514.0,,False,A2_base,284514.0,,0.0,A,AI_VERIFIED
root3:batch_02,case_056,3,0.0,B2_base,285038.0,,False,B2_base,285038.0,,0.0,B,AI_VERIFIED
root3:batch_02,case_056,3,0.0,base_base,285038.0,,False,base_base,285038.0,,0.0,C,AI_VERIFIED
root3:batch_02,case_056,4,0.0,A2_base,284750.0,,False,A2_base,284750.0,,0.0,A,AI_VERIFIED
root3:batch_02,case_056,4,0.0,B2_base,286916.0,,False,B2_base,286916.0,,0.0,B,AI_VERIFIED
root3:batch_02,case_056,4,0.0,base_base,286914.0,,False,base_base,286914.0,,0.0,C,AI_VERIFIED
root3:batch_02,case_056,5,0.0,A2_base,285197.0,,False,A2_base,285197.0,,0.0,A,AI_VERIFIED
root3:batch_02,case_056,5,0.0,B2_base,290020.0,,False,B2_base,290020.0,,0.0,B,AI_VERIFIED
root3:batch_02,case_056,5,3536.0,base_aggregate_tid_1000005341,286484.0,,True,base_base,290020.0,,0.012192262602579133,C,AI_VERIFIED
root3:batch_02,case_057,1,360.0,A2_base,59366.0,,True,A0_base,59726.0,,0.0060275257006998624,A,AI_VERIFIED
root3:batch_02,case_057,1,67.0,B3_base,58953.0,,True,B3_aggregate,59020.0,,0.001135208403930871,B,AI_VERIFIED
root3:batch_02,case_057,1,0.0,base_base,58106.0,,False,base_base,58106.0,,0.0,C,AI_VERIFIED
root3:batch_02,case_057,2,0.0,A1_base,30183.0,,False,A1_base,30183.0,,0.0,A,AI_VERIFIED
root3:batch_02,case_057,2,0.0,B1_base,30183.0,,False,B1_base,30183.0,,0.0,B,AI_VERIFIED
root3:batch_02,case_057,2,0.0,base_base,30183.0,,False,base_base,30183.0,,0.0,C,AI_VERIFIED
root3:batch_02,case_057,3,0.0,A1_base,20705.0,,False,A1_base,20705.0,,0.0,A,AI_VERIFIED
root3:batch_02,case_057,3,0.0,B1_base,20705.0,,False,B1_base,20705.0,,0.0,B,AI_VERIFIED
root3:batch_02,case_057,3,0.0,base_base,20705.0,,False,base_base,20705.0,,0.0,C,AI_VERIFIED
root3:batch_02,case_057,4,0.0,A1_base,16485.0,,False,A1_base,16485.0,,0.0,A,AI_VERIFIED
root3:batch_02,case_057,4,0.0,B1_base,16485.0,,False,B1_base,16485.0,,0.0,B,AI_VERIFIED
root3:batch_02,case_057,4,0.0,base_base,16485.0,,False,base_base,16485.0,,0.0,C,AI_VERIFIED
root3:batch_02,case_057,5,10699.0,A1_base,14028.0,,True,A1_move,24727.0,,0.4326849193189631,A,AI_VERIFIED
root3:batch_02,case_057,5,10510.0,B1_base,14028.0,,True,B1_move,24538.0,,0.42831526611785803,B,AI_VERIFIED
root3:batch_02,case_057,5,0.0,base_base,14028.0,,False,base_base,14028.0,,0.0,C,AI_VERIFIED
root3:batch_02,case_058,1,5151.0,A2_base,4534566.0,,True,A0_base,4539717.0,,0.001134652226118941,A,AI_VERIFIED
root3:batch_02,case_058,1,49287.0,B3_base,6441268.0,,True,B3_aggregate,6490555.0,,0.00759364954152611,B,AI_VERIFIED
root3:batch_02,case_058,1,0.0,base_base,6441268.0,,False,base_base,6441268.0,,0.0,C,AI_VERIFIED
root3:batch_02,case_058,2,2261805.0,A1_base,2271316.0,,True,A2_base,4533121.0,,0.49895094351110414,A,AI_VERIFIED
root3:batch_02,case_058,2,0.0,B1_base,2271316.0,,False,B1_base,2271316.0,,0.0,B,AI_VERIFIED
root3:batch_02,case_058,2,0.0,base_base,2270206.0,,False,base_base,2270206.0,,0.0,C,AI_VERIFIED
root3:batch_02,case_058,3,0.0,A1_base,1554831.0,,False,A1_base,1554831.0,,0.0,A,AI_VERIFIED
root3:batch_02,case_058,3,0.0,B1_base,1554831.0,,False,B1_base,1554831.0,,0.0,B,AI_VERIFIED
root3:batch_02,case_058,3,0.0,base_base,1554831.0,,False,base_base,1554831.0,,0.0,C,AI_VERIFIED
root3:batch_02,case_058,4,3382431.0,A1_base,1154519.0,,True,A2_base,4536950.0,,0.7455297060800758,A,AI_VERIFIED
root3:batch_02,case_058,4,0.0,B1_base,1154519.0,,False,B1_base,1154519.0,,0.0,B,AI_VERIFIED
root3:batch_02,case_058,4,0.0,base_base,1142629.0,,False,base_base,1142629.0,,0.0,C,AI_VERIFIED
root3:batch_02,case_058,5,0.0,A1_base,1004819.0,,False,A1_base,1004819.0,,0.0,A,AI_VERIFIED
root3:batch_02,case_058,5,0.0,B1_base,1004819.0,,False,B1_base,1004819.0,,0.0,B,AI_VERIFIED
root3:batch_02,case_058,5,0.0,base_base,1004819.0,,False,base_base,1004819.0,,0.0,C,AI_VERIFIED
root3:batch_04,case_059,1,10499.0,A2_base,818974.0,,True,A0_base,829473.0,,0.012657434298645043,A,AI_VERIFIED
root3:batch_04,case_059,1,29829.0,B3_aggregate,768400.0,,True,B3_base,798229.0,,0.037368975569667354,B,AI_VERIFIED
root3:batch_04,case_059,1,0.0,base_base,768400.0,,False,base_base,768400.0,,0.0,C,AI_VERIFIED
root3:batch_04,case_059,2,0.0,A1_base,369318.0,,False,A1_base,369318.0,,0.0,A,AI_VERIFIED
root3:batch_04,case_059,2,0.0,B1_base,369318.0,,False,B1_base,369318.0,,0.0,B,AI_VERIFIED
root3:batch_04,case_059,2,0.0,base_base,369318.0,,False,base_base,369318.0,,0.0,C,AI_VERIFIED
root3:batch_04,case_059,3,477917.0,A1_base,266217.0,,True,A2_base,744134.0,,0.6422458858216397,A,AI_VERIFIED
root3:batch_04,case_059,3,0.0,B1_base,266217.0,,False,B1_base,266217.0,,0.0,B,AI_VERIFIED
root3:batch_04,case_059,3,0.0,base_base,262333.0,,False,base_base,262333.0,,0.0,C,AI_VERIFIED
root3:batch_04,case_059,4,0.0,A1_base,185216.0,,False,A1_base,185216.0,,0.0,A,AI_VERIFIED
root3:batch_04,case_059,4,0.0,B1_base,185216.0,,False,B1_base,185216.0,,0.0,B,AI_VERIFIED
root3:batch_04,case_059,4,0.0,base_base,185216.0,,False,base_base,185216.0,,0.0,C,AI_VERIFIED
root3:batch_04,case_059,5,0.0,A1_base,150782.0,,False,A1_base,150782.0,,0.0,A,AI_VERIFIED
root3:batch_04,case_059,5,0.0,B1_base,150782.0,,False,B1_base,150782.0,,0.0,B,AI_VERIFIED
root3:batch_04,case_059,5,0.0,base_base,150736.0,,False,base_base,150736.0,,0.0,C,AI_VERIFIED
root2:batch_12,case_060,1,2531.0,A2_base,886258.0,seed,True,A0_base,888789.0,seed,0.002847695009726718,A,AI_VERIFIED
root2:batch_12,case_060,1,0.0,B3_base,1095459.0,seed,False,B3_base,1095459.0,seed,0.0,B,AI_VERIFIED
root2:batch_12,case_060,1,6963.0,base_aggregate,1086432.0,aggregate,True,base_base,1093395.0,seed,0.00636823837679887,C,AI_VERIFIED
root2:batch_12,case_060,2,0.0,A1_base,443955.0,seed,False,A1_base,443955.0,seed,0.0,A,AI_VERIFIED
root2:batch_12,case_060,2,0.0,B1_base,443955.0,seed,False,B1_base,443955.0,seed,0.0,B,AI_VERIFIED
root2:batch_12,case_060,2,0.0,base_base,443733.0,seed,False,base_base,443733.0,seed,0.0,C,AI_VERIFIED
root2:batch_12,case_060,3,0.0,A1_base,298210.0,seed,False,A1_base,298210.0,seed,0.0,A,AI_VERIFIED
root2:batch_12,case_060,3,0.0,B1_base,298210.0,seed,False,B1_base,298210.0,seed,0.0,B,AI_VERIFIED
root2:batch_12,case_060,3,0.0,base_base,297398.0,seed,False,base_base,297398.0,seed,0.0,C,AI_VERIFIED
root2:batch_12,case_060,4,0.0,A1_base,221720.0,seed,False,A1_base,221720.0,seed,0.0,A,AI_VERIFIED
root2:batch_12,case_060,4,0.0,B1_base,221720.0,seed,False,B1_base,221720.0,seed,0.0,B,AI_VERIFIED
root2:batch_12,case_060,4,0.0,base_base,221694.0,seed,False,base_base,221694.0,seed,0.0,C,AI_VERIFIED
root2:batch_12,case_060,5,0.0,A1_base,175702.0,seed,False,A1_base,175702.0,seed,0.0,A,AI_VERIFIED
root2:batch_12,case_060,5,0.0,B1_base,175702.0,seed,False,B1_base,175702.0,seed,0.0,B,AI_VERIFIED
root2:batch_12,case_060,5,0.0,base_base,175626.0,seed,False,base_base,175626.0,seed,0.0,C,AI_VERIFIED
root3:batch_04,case_061,1,0.0,A0_base,77191.0,,False,A0_base,77191.0,,0.0,A,AI_VERIFIED
root3:batch_04,case_061,1,1740.0,B3_aggregate,88220.0,,True,B3_base,89960.0,,0.019341929746554024,B,AI_VERIFIED
root3:batch_04,case_061,1,7206.0,base_aggregate,81014.0,,True,base_base,88220.0,,0.08168215824076173,C,AI_VERIFIED
root3:batch_04,case_061,2,0.0,A1_base,42478.0,,False,A1_base,42478.0,,0.0,A,AI_VERIFIED
root3:batch_04,case_061,2,0.0,B1_base,42478.0,,False,B1_base,42478.0,,0.0,B,AI_VERIFIED
root3:batch_04,case_061,2,0.0,base_base,42478.0,,False,base_base,42478.0,,0.0,C,AI_VERIFIED
root3:batch_04,case_061,3,0.0,A1_base,30303.0,,False,A1_base,30303.0,,0.0,A,AI_VERIFIED
root3:batch_04,case_061,3,0.0,B1_base,30303.0,,False,B1_base,30303.0,,0.0,B,AI_VERIFIED
root3:batch_04,case_061,3,0.0,base_base,30303.0,,False,base_base,30303.0,,0.0,C,AI_VERIFIED
root3:batch_04,case_061,4,0.0,A1_base,24024.0,,False,A1_base,24024.0,,0.0,A,AI_VERIFIED
root3:batch_04,case_061,4,0.0,B1_base,24024.0,,False,B1_base,24024.0,,0.0,B,AI_VERIFIED
root3:batch_04,case_061,4,0.0,base_base,24024.0,,False,base_base,24024.0,,0.0,C,AI_VERIFIED
root3:batch_04,case_061,5,0.0,A1_base,22283.0,,False,A1_base,22283.0,,0.0,A,AI_VERIFIED
root3:batch_04,case_061,5,0.0,B1_base,22283.0,,False,B1_base,22283.0,,0.0,B,AI_VERIFIED
root3:batch_04,case_061,5,0.0,base_base,22283.0,,False,base_base,22283.0,,0.0,C,AI_VERIFIED
root3:batch_02,case_062,1,0.0,A0_base,2854809.0,,False,A0_base,2854809.0,,0.0,A,AI_VERIFIED
root3:batch_02,case_062,1,214909.0,B3_aggregate,3341379.0,,True,B3_base,3556288.0,,0.060430707524250005,B,AI_VERIFIED
root3:batch_02,case_062,1,189770.0,base_aggregate,3151609.0,,True,base_base,3341379.0,,0.056793916523686774,C,AI_VERIFIED
root3:batch_02,case_062,2,0.0,A2_base,2923104.0,,False,A2_base,2923104.0,,0.0,A,AI_VERIFIED
root3:batch_02,case_062,2,0.0,B3_base,2610093.0,,False,B3_base,2610093.0,,0.0,B,AI_VERIFIED
root3:batch_02,case_062,2,0.0,base_base,2525747.0,,False,base_base,2525747.0,,0.0,C,AI_VERIFIED
root3:batch_02,case_062,3,0.0,A2_base,2933474.0,,False,A2_base,2933474.0,,0.0,A,AI_VERIFIED
root3:batch_02,case_062,3,0.0,B0_base,2854809.0,,False,B0_base,2854809.0,,0.0,B,AI_VERIFIED
root3:batch_02,case_062,3,0.0,base_base,2854809.0,,False,base_base,2854809.0,,0.0,C,AI_VERIFIED
root3:batch_02,case_062,4,0.0,A2_base,2537194.0,,False,A2_base,2537194.0,,0.0,A,AI_VERIFIED
root3:batch_02,case_062,4,0.0,B3_base,2240290.0,,False,B3_base,2240290.0,,0.0,B,AI_VERIFIED
root3:batch_02,case_062,4,0.0,base_base,2195265.0,,False,base_base,2195265.0,,0.0,C,AI_VERIFIED
root3:batch_02,case_062,5,0.0,A2_base,1661193.0,,False,A2_base,1661193.0,,0.0,A,AI_VERIFIED
root3:batch_02,case_062,5,0.0,B3_base,1723314.0,,False,B3_base,1723314.0,,0.0,B,AI_VERIFIED
root3:batch_02,case_062,5,0.0,base_base,1690862.0,,False,base_base,1690862.0,,0.0,C,AI_VERIFIED
root3:batch_02,case_063,1,0.0,A0_base,1070397.0,,False,A0_base,1070397.0,,0.0,A,AI_VERIFIED
root3:batch_02,case_063,1,78641.0,B3_aggregate,1213468.0,,True,B3_base,1292109.0,,0.06086251237318214,B,AI_VERIFIED
root3:batch_02,case_063,1,66071.0,base_aggregate,1147397.0,,True,base_base,1213468.0,,0.05444807774082217,C,AI_VERIFIED
root3:batch_02,case_063,2,0.0,A2_base,795582.0,,False,A2_base,795582.0,,0.0,A,AI_VERIFIED
root3:batch_02,case_063,2,0.0,B3_base,945557.0,,False,B3_base,945557.0,,0.0,B,AI_VERIFIED
root3:batch_02,case_063,2,0.0,base_base,914171.0,,False,base_base,914171.0,,0.0,C,AI_VERIFIED
root3:batch_02,case_063,3,0.0,A2_base,1103282.0,,False,A2_base,1103282.0,,0.0,A,AI_VERIFIED
root3:batch_02,case_063,3,0.0,B0_base,1070397.0,,False,B0_base,1070397.0,,0.0,B,AI_VERIFIED
root3:batch_02,case_063,3,0.0,base_base,1070397.0,,False,base_base,1070397.0,,0.0,C,AI_VERIFIED
root3:batch_02,case_063,4,0.0,A2_base,348902.0,,False,A2_base,348902.0,,0.0,A,AI_VERIFIED
root3:batch_02,case_063,4,0.0,B3_base,742037.0,,False,B3_base,742037.0,,0.0,B,AI_VERIFIED
root3:batch_02,case_063,4,0.0,base_base,742037.0,,False,base_base,742037.0,,0.0,C,AI_VERIFIED
root3:batch_02,case_063,5,0.0,A2_base,269453.0,,False,A2_base,269453.0,,0.0,A,AI_VERIFIED
root3:batch_02,case_063,5,0.0,B3_base,612094.0,,False,B3_base,612094.0,,0.0,B,AI_VERIFIED
root3:batch_02,case_063,5,0.0,base_base,602954.0,,False,base_base,602954.0,,0.0,C,AI_VERIFIED
root2:batch_12,case_064,1,0.0,A0_base,19116.0,seed,False,A0_base,19116.0,seed,0.0,A,AI_VERIFIED
root2:batch_12,case_064,1,109.0,B3_aggregate,19235.0,aggregate,True,B2_base,19344.0,seed,0.005634822167080232,B,AI_VERIFIED
root2:batch_12,case_064,1,0.0,base_base,19235.0,seed,False,base_base,19235.0,seed,0.0,C,AI_VERIFIED
root2:batch_12,case_064,2,0.0,A2_base,22102.0,seed,False,A2_base,22102.0,seed,0.0,A,AI_VERIFIED
root2:batch_12,case_064,2,0.0,B2_base,20824.0,seed,False,B2_base,20824.0,seed,0.0,B,AI_VERIFIED
root2:batch_12,case_064,2,0.0,base_base,20824.0,seed,False,base_base,20824.0,seed,0.0,C,AI_VERIFIED
root2:batch_12,case_064,3,0.0,A2_base,24068.0,seed,False,A2_base,24068.0,seed,0.0,A,AI_VERIFIED
root2:batch_12,case_064,3,0.0,B2_base,22179.0,seed,False,B2_base,22179.0,seed,0.0,B,AI_VERIFIED
root2:batch_12,case_064,3,0.0,base_base,22177.0,seed,False,base_base,22177.0,seed,0.0,C,AI_VERIFIED
root2:batch_12,case_064,4,0.0,A2_base,25979.0,seed,False,A2_base,25979.0,seed,0.0,A,AI_VERIFIED
root2:batch_12,case_064,4,0.0,B2_base,22068.0,seed,False,B2_base,22068.0,seed,0.0,B,AI_VERIFIED
root2:batch_12,case_064,4,0.0,base_base,22065.0,seed,False,base_base,22065.0,seed,0.0,C,AI_VERIFIED
root2:batch_12,case_064,5,0.0,A2_base,28072.0,seed,False,A2_base,28072.0,seed,0.0,A,AI_VERIFIED
root2:batch_12,case_064,5,0.0,B2_base,22504.0,seed,False,B2_base,22504.0,seed,0.0,B,AI_VERIFIED
root2:batch_12,case_064,5,560.0,base_aggregate_tid_1000000879,21944.0,aggregate,True,base_base,22504.0,seed,0.024884464984002843,C,AI_VERIFIED
root3:batch_03,case_065,1,1109.0,A2_base,51959.0,,True,A0_base,53068.0,,0.02089771613778548,A,AI_VERIFIED
root3:batch_03,case_065,1,0.0,B3_base,42821.0,,False,B3_base,42821.0,,0.0,B,AI_VERIFIED
root3:batch_03,case_065,1,0.0,base_base,42821.0,,False,base_base,42821.0,,0.0,C,AI_VERIFIED
root3:batch_03,case_065,2,0.0,A1_base,26610.0,,False,A1_base,26610.0,,0.0,A,AI_VERIFIED
root3:batch_03,case_065,2,0.0,B1_base,26610.0,,False,B1_base,26610.0,,0.0,B,AI_VERIFIED
root3:batch_03,case_065,2,0.0,base_base,26610.0,,False,base_base,26610.0,,0.0,C,AI_VERIFIED
root3:batch_03,case_065,3,0.0,A1_base,18032.0,,False,A1_base,18032.0,,0.0,A,AI_VERIFIED
root3:batch_03,case_065,3,0.0,B1_base,18032.0,,False,B1_base,18032.0,,0.0,B,AI_VERIFIED
root3:batch_03,case_065,3,0.0,base_base,18032.0,,False,base_base,18032.0,,0.0,C,AI_VERIFIED
root3:batch_03,case_065,4,0.0,A1_base,13541.0,,False,A1_base,13541.0,,0.0,A,AI_VERIFIED
root3:batch_03,case_065,4,0.0,B1_base,13541.0,,False,B1_base,13541.0,,0.0,B,AI_VERIFIED
root3:batch_03,case_065,4,0.0,base_base,13541.0,,False,base_base,13541.0,,0.0,C,AI_VERIFIED
root3:batch_03,case_065,5,0.0,A1_base,11396.0,,False,A1_base,11396.0,,0.0,A,AI_VERIFIED
root3:batch_03,case_065,5,0.0,B1_base,11396.0,,False,B1_base,11396.0,,0.0,B,AI_VERIFIED
root3:batch_03,case_065,5,0.0,base_base,11396.0,,False,base_base,11396.0,,0.0,C,AI_VERIFIED
root3:batch_04,case_066,1,480.0,A2_base,358590.0,,True,A0_base,359070.0,,0.0013367866989723452,A,AI_VERIFIED
root3:batch_04,case_066,1,1046.0,B3_base,358742.0,,True,B3_aggregate,359788.0,,0.002907267613149966,B,AI_VERIFIED
root3:batch_04,case_066,1,0.0,base_base,358742.0,,False,base_base,358742.0,,0.0,C,AI_VERIFIED
root3:batch_04,case_066,2,3827.0,A2_aggregate,359550.0,,True,A3_base,363377.0,,0.010531761779088935,A,AI_VERIFIED
root3:batch_04,case_066,2,0.0,B3_base,342680.0,,False,B3_base,342680.0,,0.0,B,AI_VERIFIED
root3:batch_04,case_066,2,0.0,base_base,342680.0,,False,base_base,342680.0,,0.0,C,AI_VERIFIED
root3:batch_04,case_066,3,25142.0,A2_base,358549.0,,True,A3_base,383691.0,,0.06552668683914921,A,AI_VERIFIED
root3:batch_04,case_066,3,0.0,B2_base,316559.0,,False,B2_base,316559.0,,0.0,B,AI_VERIFIED
root3:batch_04,case_066,3,0.0,base_base,316556.0,,False,base_base,316556.0,,0.0,C,AI_VERIFIED
root3:batch_04,case_066,4,0.0,A2_base,360199.0,,False,A2_base,360199.0,,0.0,A,AI_VERIFIED
root3:batch_04,case_066,4,0.0,B2_base,346934.0,,False,B2_base,346934.0,,0.0,B,AI_VERIFIED
root3:batch_04,case_066,4,0.0,base_base,346934.0,,False,base_base,346934.0,,0.0,C,AI_VERIFIED
root3:batch_04,case_066,5,0.0,A2_base,365388.0,,False,A2_base,365388.0,,0.0,A,AI_VERIFIED
root3:batch_04,case_066,5,33787.0,B3_base,300629.0,,True,B2_base,334416.0,,0.10103284531840581,B,AI_VERIFIED
root3:batch_04,case_066,5,0.0,base_base,300603.0,,False,base_base,300603.0,,0.0,C,AI_VERIFIED
root2:batch_08,case_067,1,0.0,A0_base,63834834.0,seed,False,A0_base,63834834.0,seed,0.0,A,AI_VERIFIED
root2:batch_08,case_067,1,0.0,B3_base,63782329.0,seed,False,B3_base,63782329.0,seed,0.0,B,AI_VERIFIED
root2:batch_08,case_067,1,0.0,base_base,63620658.0,seed,False,base_base,63620658.0,seed,0.0,C,AI_VERIFIED
root2:batch_08,case_067,2,303026.0,A3_base,63574293.0,seed,True,A2_base,63877319.0,seed,0.004743874739013389,A,AI_VERIFIED
root2:batch_08,case_067,2,0.0,B1_base,33768704.0,seed,False,B1_base,33768704.0,seed,0.0,B,AI_VERIFIED
root2:batch_08,case_067,2,0.0,base_base,33768704.0,seed,False,base_base,33768704.0,seed,0.0,C,AI_VERIFIED
root2:batch_08,case_067,3,40341215.0,A1_base,23568859.0,seed,True,A2_base,63910074.0,seed,0.6312184054113285,A,AI_VERIFIED
root2:batch_08,case_067,3,0.0,B1_base,23568859.0,seed,False,B1_base,23568859.0,seed,0.0,B,AI_VERIFIED
root2:batch_08,case_067,3,0.0,base_base,23568859.0,seed,False,base_base,23568859.0,seed,0.0,C,AI_VERIFIED
root2:batch_08,case_067,4,45466090.0,A1_base,18473155.0,seed,True,A2_base,63939245.0,seed,0.7110826848205668,A,AI_VERIFIED
root2:batch_08,case_067,4,0.0,B1_base,18473155.0,seed,False,B1_base,18473155.0,seed,0.0,B,AI_VERIFIED
root2:batch_08,case_067,4,0.0,base_base,18473155.0,seed,False,base_base,18473155.0,seed,0.0,C,AI_VERIFIED
root2:batch_08,case_067,5,981.0,A3_base,63959635.0,seed,True,A2_base,63960616.0,seed,1.5337563353048383e-05,A,AI_VERIFIED
root2:batch_08,case_067,5,0.0,B1_base,15931687.0,seed,False,B1_base,15931687.0,seed,0.0,B,AI_VERIFIED
root2:batch_08,case_067,5,0.0,base_base,15931687.0,seed,False,base_base,15931687.0,seed,0.0,C,AI_VERIFIED
root3:batch_03,case_068,1,1210.0,A2_base,360885.0,,True,A0_base,362095.0,,0.003341664480315939,A,AI_VERIFIED
root3:batch_03,case_068,1,0.0,B3_base,360987.0,,False,B3_base,360987.0,,0.0,B,AI_VERIFIED
root3:batch_03,case_068,1,0.0,base_base,360987.0,,False,base_base,360987.0,,0.0,C,AI_VERIFIED
root3:batch_03,case_068,2,4105.0,A3_base,356477.0,,True,A2_base,360582.0,,0.011384373041360911,A,AI_VERIFIED
root3:batch_03,case_068,2,0.0,B3_base,339779.0,,False,B3_base,339779.0,,0.0,B,AI_VERIFIED
root3:batch_03,case_068,2,65.0,base_aggregate_tid_1000003172,339318.0,,True,base_base,339383.0,,0.0001915240303727647,C,AI_VERIFIED
root3:batch_03,case_068,3,1925.0,A2_base,364606.0,,True,A3_base,366531.0,,0.005251943218991027,A,AI_VERIFIED
root3:batch_03,case_068,3,0.0,B0_base,362095.0,,False,B0_base,362095.0,,0.0,B,AI_VERIFIED
root3:batch_03,case_068,3,0.0,base_base,362095.0,,False,base_base,362095.0,,0.0,C,AI_VERIFIED
root3:batch_03,case_068,4,0.0,A2_base,359271.0,,False,A2_base,359271.0,,0.0,A,AI_VERIFIED
root3:batch_03,case_068,4,0.0,B2_base,351308.0,,False,B2_base,351308.0,,0.0,B,AI_VERIFIED
root3:batch_03,case_068,4,0.0,base_base,351305.0,,False,base_base,351305.0,,0.0,C,AI_VERIFIED
root3:batch_03,case_068,5,0.0,A2_base,368176.0,,False,A2_base,368176.0,,0.0,A,AI_VERIFIED
root3:batch_03,case_068,5,0.0,B0_base,362095.0,,False,B0_base,362095.0,,0.0,B,AI_VERIFIED
root3:batch_03,case_068,5,0.0,base_base,362095.0,,False,base_base,362095.0,,0.0,C,AI_VERIFIED
root3:batch_02,case_069,1,33.0,A2_base,25111.0,,True,A0_base,25144.0,,0.0013124403436207445,A,AI_VERIFIED
root3:batch_02,case_069,1,0.0,B3_aggregate,23559.0,,False,B3_aggregate,23559.0,,0.0,B,AI_VERIFIED
root3:batch_02,case_069,1,0.0,base_base,23559.0,,False,base_base,23559.0,,0.0,C,AI_VERIFIED
root3:batch_02,case_069,2,0.0,A2_base,27706.0,,False,A2_base,27706.0,,0.0,A,AI_VERIFIED
root3:batch_02,case_069,2,0.0,B2_base,25453.0,,False,B2_base,25453.0,,0.0,B,AI_VERIFIED
root3:batch_02,case_069,2,0.0,base_base,25453.0,,False,base_base,25453.0,,0.0,C,AI_VERIFIED
root3:batch_02,case_069,3,0.0,A2_base,30920.0,,False,A2_base,30920.0,,0.0,A,AI_VERIFIED
root3:batch_02,case_069,3,0.0,B2_move,29048.0,,False,B2_move,29048.0,,0.0,B,AI_VERIFIED
root3:batch_02,case_069,3,2764.0,base_aggregate_tid_1000000007,26284.0,,True,base_base,29048.0,,0.09515285045442028,C,AI_VERIFIED
root3:batch_02,case_069,4,7793.0,A0_base,25144.0,,True,A2_base,32937.0,,0.23660321219297448,A,AI_VERIFIED
root3:batch_02,case_069,4,0.0,B2_move,27749.0,,False,B2_move,27749.0,,0.0,B,AI_VERIFIED
root3:batch_02,case_069,4,2.0,base_aggregate_tid_1000001052,27745.0,,True,base_base,27747.0,,7.207986448985475e-05,C,AI_VERIFIED
root3:batch_02,case_069,5,10648.0,A0_base,25144.0,,True,A2_base,35792.0,,0.29749664729548503,A,AI_VERIFIED
root3:batch_02,case_069,5,0.0,B2_base,28700.0,,False,B2_base,28700.0,,0.0,B,AI_VERIFIED
root3:batch_02,case_069,5,18.0,base_aggregate_tid_1000001052,28540.0,,True,base_base,28558.0,,0.0006302962392324392,C,AI_VERIFIED
root2:batch_08,case_070,1,1096.0,A2_base,116204.0,seed,True,A0_base,117300.0,seed,0.009343563512361467,A,AI_VERIFIED
root2:batch_08,case_070,1,1954.0,B3_aggregate,123146.0,aggregate,True,B3_base,125100.0,seed,0.015619504396482813,B,AI_VERIFIED
root2:batch_08,case_070,1,0.0,base_base,123146.0,seed,False,base_base,123146.0,seed,0.0,C,AI_VERIFIED
root2:batch_08,case_070,2,0.0,A1_base,60121.0,seed,False,A1_base,60121.0,seed,0.0,A,AI_VERIFIED
root2:batch_08,case_070,2,0.0,B1_base,60121.0,seed,False,B1_base,60121.0,seed,0.0,B,AI_VERIFIED
root2:batch_08,case_070,2,0.0,base_base,60121.0,seed,False,base_base,60121.0,seed,0.0,C,AI_VERIFIED
root2:batch_08,case_070,3,0.0,A1_base,39333.0,seed,False,A1_base,39333.0,seed,0.0,A,AI_VERIFIED
root2:batch_08,case_070,3,0.0,B1_base,39333.0,seed,False,B1_base,39333.0,seed,0.0,B,AI_VERIFIED
root2:batch_08,case_070,3,0.0,base_base,39333.0,seed,False,base_base,39333.0,seed,0.0,C,AI_VERIFIED
root2:batch_08,case_070,4,0.0,A1_base,31225.0,seed,False,A1_base,31225.0,seed,0.0,A,AI_VERIFIED
root2:batch_08,case_070,4,0.0,B1_base,31225.0,seed,False,B1_base,31225.0,seed,0.0,B,AI_VERIFIED
root2:batch_08,case_070,4,0.0,base_base,31192.0,seed,False,base_base,31192.0,seed,0.0,C,AI_VERIFIED
root2:batch_08,case_070,5,0.0,A1_base,26275.0,seed,False,A1_base,26275.0,seed,0.0,A,AI_VERIFIED
root2:batch_08,case_070,5,0.0,B1_base,26275.0,seed,False,B1_base,26275.0,seed,0.0,B,AI_VERIFIED
root2:batch_08,case_070,5,0.0,base_base,26216.0,seed,False,base_base,26216.0,seed,0.0,C,AI_VERIFIED
root3:batch_04,case_071,1,0.0,A0_base,18919.0,,False,A0_base,18919.0,,0.0,A,AI_VERIFIED
root3:batch_04,case_071,1,0.0,B3_aggregate,18622.0,,False,B3_aggregate,18622.0,,0.0,B,AI_VERIFIED
root3:batch_04,case_071,1,285.0,base_aggregate,18337.0,,True,base_base,18622.0,,0.015304478573729997,C,AI_VERIFIED
root3:batch_04,case_071,2,0.0,A2_base,21476.0,,False,A2_base,21476.0,,0.0,A,AI_VERIFIED
root3:batch_04,case_071,2,1783.0,B2_base,19280.0,,True,B3_base,21063.0,,0.08465080947633291,B,AI_VERIFIED
root3:batch_04,case_071,2,0.0,base_base,19280.0,,False,base_base,19280.0,,0.0,C,AI_VERIFIED
root3:batch_04,case_071,3,0.0,A2_base,24435.0,,False,A2_base,24435.0,,0.0,A,AI_VERIFIED
root3:batch_04,case_071,3,0.0,B3_base,23372.0,,False,B3_base,23372.0,,0.0,B,AI_VERIFIED
root3:batch_04,case_071,3,0.0,base_base,23363.0,,False,base_base,23363.0,,0.0,C,AI_VERIFIED
root3:batch_04,case_071,4,8079.0,A0_base,18919.0,,True,A2_base,26998.0,,0.2992443884732202,A,AI_VERIFIED
root3:batch_04,case_071,4,0.0,B2_move,20350.0,,False,B2_move,20350.0,,0.0,B,AI_VERIFIED
root3:batch_04,case_071,4,1072.0,base_aggregate_tid_1000000125,19251.0,,True,base_base,20323.0,,0.052748117895979926,C,AI_VERIFIED
root3:batch_04,case_071,5,9748.0,A0_base,18919.0,,True,A2_base,28667.0,,0.34004255764467856,A,AI_VERIFIED
root3:batch_04,case_071,5,0.0,B2_base,21551.0,,False,B2_base,21551.0,,0.0,B,AI_VERIFIED
root3:batch_04,case_071,5,0.0,base_base,21529.0,,False,base_base,21529.0,,0.0,C,AI_VERIFIED
root3:batch_04,case_072,1,0.0,A0_base,23897828.0,,False,A0_base,23897828.0,,0.0,A,AI_VERIFIED
root3:batch_04,case_072,1,0.0,B3_base,24907218.0,,False,B3_base,24907218.0,,0.0,B,AI_VERIFIED
root3:batch_04,case_072,1,0.0,base_base,24884286.0,,False,base_base,24884286.0,,0.0,C,AI_VERIFIED
root3:batch_04,case_072,2,0.0,A1_base,11872949.0,,False,A1_base,11872949.0,,0.0,A,AI_VERIFIED
root3:batch_04,case_072,2,0.0,B1_base,11872949.0,,False,B1_base,11872949.0,,0.0,B,AI_VERIFIED
root3:batch_04,case_072,2,0.0,base_base,11862815.0,,False,base_base,11862815.0,,0.0,C,AI_VERIFIED
root3:batch_04,case_072,3,0.0,A1_base,7935290.0,,False,A1_base,7935290.0,,0.0,A,AI_VERIFIED
root3:batch_04,case_072,3,0.0,B1_base,7935290.0,,False,B1_base,7935290.0,,0.0,B,AI_VERIFIED
root3:batch_04,case_072,3,0.0,base_base,7922729.0,,False,base_base,7922729.0,,0.0,C,AI_VERIFIED
root3:batch_04,case_072,4,0.0,A1_base,6003776.0,,False,A1_base,6003776.0,,0.0,A,AI_VERIFIED
root3:batch_04,case_072,4,0.0,B1_base,6003776.0,,False,B1_base,6003776.0,,0.0,B,AI_VERIFIED
root3:batch_04,case_072,4,0.0,base_base,5991003.0,,False,base_base,5991003.0,,0.0,C,AI_VERIFIED
root3:batch_04,case_072,5,0.0,A1_base,4831281.0,,False,A1_base,4831281.0,,0.0,A,AI_VERIFIED
root3:batch_04,case_072,5,0.0,B1_base,4831281.0,,False,B1_base,4831281.0,,0.0,B,AI_VERIFIED
root3:batch_04,case_072,5,0.0,base_base,4809827.0,,False,base_base,4809827.0,,0.0,C,AI_VERIFIED
root2:batch_10,case_073,1,13172.0,A3_aggregate,10068454.0,aggregate,True,A0_base,10081626.0,seed,0.0013065352751629549,A,AI_VERIFIED
root2:batch_10,case_073,1,0.0,B2_base,10067403.0,seed,False,B2_base,10067403.0,seed,0.0,B,AI_VERIFIED
root2:batch_10,case_073,1,0.0,base_base,10067403.0,seed,False,base_base,10067403.0,seed,0.0,C,AI_VERIFIED
root2:batch_10,case_073,2,130104.0,A3_base,9989226.0,seed,True,A2_base,10119330.0,seed,0.012856977685281535,A,AI_VERIFIED
root2:batch_10,case_073,2,1439983.0,B1_base,5980423.0,seed,True,B2_base,7420406.0,seed,0.194057171534819,B,AI_VERIFIED
root2:batch_10,case_073,2,0.0,base_base,5980423.0,seed,False,base_base,5980423.0,seed,0.0,C,AI_VERIFIED
root2:batch_10,case_073,3,0.0,A1_base,4515227.0,seed,False,A1_base,4515227.0,seed,0.0,A,AI_VERIFIED
root2:batch_10,case_073,3,0.0,B1_base,4515227.0,seed,False,B1_base,4515227.0,seed,0.0,B,AI_VERIFIED
root2:batch_10,case_073,3,0.0,base_base,4515227.0,seed,False,base_base,4515227.0,seed,0.0,C,AI_VERIFIED
root2:batch_10,case_073,4,6273237.0,A1_base,3903787.0,seed,True,A2_base,10177024.0,seed,0.6164117329388238,A,AI_VERIFIED
root2:batch_10,case_073,4,0.0,B1_base,3903787.0,seed,False,B1_base,3903787.0,seed,0.0,B,AI_VERIFIED
root2:batch_10,case_073,4,0.0,base_base,3903787.0,seed,False,base_base,3903787.0,seed,0.0,C,AI_VERIFIED
root2:batch_10,case_073,5,6685031.0,A1_base,3517515.0,seed,True,A2_base,10202546.0,seed,0.6552316451207375,A,AI_VERIFIED
root2:batch_10,case_073,5,0.0,B1_base,3517515.0,seed,False,B1_base,3517515.0,seed,0.0,B,AI_VERIFIED
root2:batch_10,case_073,5,0.0,base_base,3517515.0,seed,False,base_base,3517515.0,seed,0.0,C,AI_VERIFIED
root3:batch_03,case_074,1,2827.0,A2_base,1679412.0,,True,A0_base,1682239.0,,0.0016804984309601667,A,AI_VERIFIED
root3:batch_03,case_074,1,0.0,B3_base,1737350.0,,False,B3_base,1737350.0,,0.0,B,AI_VERIFIED
root3:batch_03,case_074,1,0.0,base_base,1731776.0,,False,base_base,1731776.0,,0.0,C,AI_VERIFIED
root3:batch_03,case_074,2,0.0,A1_base,839999.0,,False,A1_base,839999.0,,0.0,A,AI_VERIFIED
root3:batch_03,case_074,2,0.0,B1_base,839999.0,,False,B1_base,839999.0,,0.0,B,AI_VERIFIED
root3:batch_03,case_074,2,0.0,base_base,837941.0,,False,base_base,837941.0,,0.0,C,AI_VERIFIED
root3:batch_03,case_074,3,0.0,A1_base,563098.0,,False,A1_base,563098.0,,0.0,A,AI_VERIFIED
root3:batch_03,case_074,3,0.0,B1_base,563098.0,,False,B1_base,563098.0,,0.0,B,AI_VERIFIED
root3:batch_03,case_074,3,0.0,base_base,557771.0,,False,base_base,557771.0,,0.0,C,AI_VERIFIED
root3:batch_03,case_074,4,0.0,A1_base,418987.0,,False,A1_base,418987.0,,0.0,A,AI_VERIFIED
root3:batch_03,case_074,4,0.0,B1_base,418987.0,,False,B1_base,418987.0,,0.0,B,AI_VERIFIED
root3:batch_03,case_074,4,0.0,base_base,415633.0,,False,base_base,415633.0,,0.0,C,AI_VERIFIED
root3:batch_03,case_074,5,0.0,A1_base,337275.0,,False,A1_base,337275.0,,0.0,A,AI_VERIFIED
root3:batch_03,case_074,5,0.0,B1_base,337275.0,,False,B1_base,337275.0,,0.0,B,AI_VERIFIED
root3:batch_03,case_074,5,0.0,base_base,335626.0,,False,base_base,335626.0,,0.0,C,AI_VERIFIED
root3:batch_03,case_075,1,0.0,A0_base,1441809.0,,False,A0_base,1441809.0,,0.0,A,AI_VERIFIED
root3:batch_03,case_075,1,0.0,B3_base,1433562.0,,False,B3_base,1433562.0,,0.0,B,AI_VERIFIED
root3:batch_03,case_075,1,0.0,base_base,1433562.0,,False,base_base,1433562.0,,0.0,C,AI_VERIFIED
root3:batch_03,case_075,2,76.0,A3_base,1446105.0,,True,A2_base,1446181.0,,5.2552204737857846e-05,A,AI_VERIFIED
root3:batch_03,case_075,2,0.0,B2_base,1440267.0,,False,B2_base,1440267.0,,0.0,B,AI_VERIFIED
root3:batch_03,case_075,2,0.0,base_base,1440267.0,,False,base_base,1440267.0,,0.0,C,AI_VERIFIED
root3:batch_03,case_075,3,34152.0,A2_base,1442768.0,,True,A3_base,1476920.0,,0.02312379817457953,A,AI_VERIFIED
root3:batch_03,case_075,3,0.0,B2_base,1442868.0,,False,B2_base,1442868.0,,0.0,B,AI_VERIFIED
root3:batch_03,case_075,3,0.0,base_base,1442868.0,,False,base_base,1442868.0,,0.0,C,AI_VERIFIED
root3:batch_03,case_075,4,19310.0,A2_base,1448007.0,,True,A3_base,1467317.0,,0.013160073794551553,A,AI_VERIFIED
root3:batch_03,case_075,4,0.0,B2_base,1430810.0,,False,B2_base,1430810.0,,0.0,B,AI_VERIFIED
root3:batch_03,case_075,4,0.0,base_base,1430808.0,,False,base_base,1430808.0,,0.0,C,AI_VERIFIED
root3:batch_03,case_075,5,0.0,A2_base,1455390.0,,False,A2_base,1455390.0,,0.0,A,AI_VERIFIED
root3:batch_03,case_075,5,0.0,B2_base,1430487.0,,False,B2_base,1430487.0,,0.0,B,AI_VERIFIED
root3:batch_03,case_075,5,0.0,base_base,1430487.0,,False,base_base,1430487.0,,0.0,C,AI_VERIFIED
root2:batch_01,case_076,1,9027.0,A2_base,6176086.0,,True,A0_base,6185113.0,,0.0014594721228213617,A,AI_VERIFIED
root2:batch_01,case_076,1,0.0,B3_aggregate,7839069.0,,False,B3_aggregate,7839069.0,,0.0,B,AI_VERIFIED
root2:batch_01,case_076,1,1228155.0,base_aggregate,6603565.0,,True,base_base,7831720.0,,0.15681804252450293,C,AI_VERIFIED
root2:batch_01,case_076,2,0.0,A1_base,3065214.0,,False,A1_base,3065214.0,,0.0,A,AI_VERIFIED
root2:batch_01,case_076,2,0.0,B1_base,3065214.0,,False,B1_base,3065214.0,,0.0,B,AI_VERIFIED
root2:batch_01,case_076,2,0.0,base_base,3063843.0,,False,base_base,3063843.0,,0.0,C,AI_VERIFIED
root1:case_076_3core,case_076,3,0.0,A1_base,2050028.0,seed,False,A1_base,2050028.0,seed,0.0,A,AI_VERIFIED
root1:case_076_3core,case_076,3,0.0,B1_base,2050028.0,seed,False,B1_base,2050028.0,seed,0.0,B,AI_VERIFIED
root1:case_076_3core,case_076,3,0.0,base_base,2047868.0,seed,False,base_base,2047868.0,seed,0.0,C,AI_VERIFIED
root1:case_076_4core,case_076,4,0.0,A1_base,1540201.0,seed,False,A1_base,1540201.0,seed,0.0,A,AI_VERIFIED
root1:case_076_4core,case_076,4,0.0,B1_base,1540201.0,seed,False,B1_base,1540201.0,seed,0.0,B,AI_VERIFIED
root1:case_076_4core,case_076,4,0.0,base_base,1536306.0,seed,False,base_base,1536306.0,seed,0.0,C,AI_VERIFIED
root1:case_076_5core,case_076,5,0.0,A1_base,1240011.0,seed,False,A1_base,1240011.0,seed,0.0,A,AI_VERIFIED
root1:case_076_5core,case_076,5,0.0,B1_base,1240011.0,seed,False,B1_base,1240011.0,seed,0.0,B,AI_VERIFIED
root1:case_076_5core,case_076,5,0.0,base_base,1232435.0,seed,False,base_base,1232435.0,seed,0.0,C,AI_VERIFIED
root3:batch_04,case_077,1,0.0,A0_base,495320.0,,False,A0_base,495320.0,,0.0,A,AI_VERIFIED
root3:batch_04,case_077,1,0.0,B3_base,552271.0,,False,B3_base,552271.0,,0.0,B,AI_VERIFIED
root3:batch_04,case_077,1,0.0,base_base,552271.0,,False,base_base,552271.0,,0.0,C,AI_VERIFIED
root3:batch_04,case_077,2,0.0,A1_base,248734.0,,False,A1_base,248734.0,,0.0,A,AI_VERIFIED
root3:batch_04,case_077,2,0.0,B1_base,248734.0,,False,B1_base,248734.0,,0.0,B,AI_VERIFIED
root3:batch_04,case_077,2,0.0,base_base,248734.0,,False,base_base,248734.0,,0.0,C,AI_VERIFIED
root3:batch_04,case_077,3,0.0,A1_base,168976.0,,False,A1_base,168976.0,,0.0,A,AI_VERIFIED
root3:batch_04,case_077,3,0.0,B1_base,168976.0,,False,B1_base,168976.0,,0.0,B,AI_VERIFIED
root3:batch_04,case_077,3,0.0,base_base,168976.0,,False,base_base,168976.0,,0.0,C,AI_VERIFIED
root3:batch_04,case_077,4,0.0,A1_base,127832.0,,False,A1_base,127832.0,,0.0,A,AI_VERIFIED
root3:batch_04,case_077,4,0.0,B1_base,127832.0,,False,B1_base,127832.0,,0.0,B,AI_VERIFIED
root3:batch_04,case_077,4,0.0,base_base,127591.0,,False,base_base,127591.0,,0.0,C,AI_VERIFIED
root3:batch_04,case_077,5,0.0,A1_base,115617.0,,False,A1_base,115617.0,,0.0,A,AI_VERIFIED
root3:batch_04,case_077,5,0.0,B1_base,115617.0,,False,B1_base,115617.0,,0.0,B,AI_VERIFIED
root3:batch_04,case_077,5,0.0,base_base,115617.0,,False,base_base,115617.0,,0.0,C,AI_VERIFIED
root3:batch_03,case_078,1,35364.0,A3_aggregate,2260779.0,,True,A0_base,2296143.0,,0.015401479785884416,A,AI_VERIFIED
root3:batch_03,case_078,1,0.0,B2_base,2259940.0,,False,B2_base,2259940.0,,0.0,B,AI_VERIFIED
root3:batch_03,case_078,1,0.0,base_base,2189192.0,,False,base_base,2189192.0,,0.0,C,AI_VERIFIED
root3:batch_03,case_078,2,42584.0,A2_aggregate,1217774.0,,True,A1_base,1260358.0,,0.03378722553433231,A,AI_VERIFIED
root3:batch_03,case_078,2,0.0,B1_base,1260358.0,,False,B1_base,1260358.0,,0.0,B,AI_VERIFIED
root3:batch_03,case_078,2,0.0,base_base,1260358.0,,False,base_base,1260358.0,,0.0,C,AI_VERIFIED
root3:batch_03,case_078,3,30017.0,A3_base,2198402.0,,True,A2_base,2228419.0,,0.013470087986146233,A,AI_VERIFIED
root3:batch_03,case_078,3,0.0,B3_base,1377249.0,,False,B3_base,1377249.0,,0.0,B,AI_VERIFIED
root3:batch_03,case_078,3,0.0,base_base,1366507.0,,False,base_base,1366507.0,,0.0,C,AI_VERIFIED
root3:batch_03,case_078,4,53540.0,A2_aggregate,637384.0,,True,A1_base,690924.0,,0.07749043310118045,A,AI_VERIFIED
root3:batch_03,case_078,4,0.0,B1_base,690924.0,,False,B1_base,690924.0,,0.0,B,AI_VERIFIED
root3:batch_03,case_078,4,0.0,base_base,690924.0,,False,base_base,690924.0,,0.0,C,AI_VERIFIED
root3:batch_03,case_078,5,0.0,A2_base,2157920.0,,False,A2_base,2157920.0,,0.0,A,AI_VERIFIED
root3:batch_03,case_078,5,0.0,B3_base,1586167.0,,False,B3_base,1586167.0,,0.0,B,AI_VERIFIED
root3:batch_03,case_078,5,0.0,base_base,1556908.0,,False,base_base,1556908.0,,0.0,C,AI_VERIFIED
root3:batch_03,case_079,1,99595.0,A2_base,30952656.0,,True,A0_base,31052251.0,,0.003207335919061069,A,AI_VERIFIED
root3:batch_03,case_079,1,245161.0,B3_base,35817831.0,,True,B3_aggregate,36062992.0,,0.006798132556500027,B,AI_VERIFIED
root3:batch_03,case_079,1,0.0,base_base,35637258.0,,False,base_base,35637258.0,,0.0,C,AI_VERIFIED
root3:batch_03,case_079,2,0.0,A1_base,15446486.0,,False,A1_base,15446486.0,,0.0,A,AI_VERIFIED
root3:batch_03,case_079,2,0.0,B1_base,15446486.0,,False,B1_base,15446486.0,,0.0,B,AI_VERIFIED
root3:batch_03,case_079,2,0.0,base_base,15446486.0,,False,base_base,15446486.0,,0.0,C,AI_VERIFIED
root3:batch_03,case_079,3,83930.0,A2_base,10213492.0,,True,A2_aggregate,10297422.0,,0.00815058370920411,A,AI_VERIFIED
root3:batch_03,case_079,3,0.0,B1_base,10181692.0,,False,B1_base,10181692.0,,0.0,B,AI_VERIFIED
root3:batch_03,case_079,3,0.0,base_base,10175315.0,,False,base_base,10175315.0,,0.0,C,AI_VERIFIED
root3:batch_03,case_079,4,0.0,A1_base,7635624.0,,False,A1_base,7635624.0,,0.0,A,AI_VERIFIED
root3:batch_03,case_079,4,0.0,B1_base,7635624.0,,False,B1_base,7635624.0,,0.0,B,AI_VERIFIED
root3:batch_03,case_079,4,0.0,base_base,7635624.0,,False,base_base,7635624.0,,0.0,C,AI_VERIFIED
root3:batch_03,case_079,5,21239160.0,A1_base,6075976.0,,True,A2_base,27315136.0,,0.7775601044051181,A,AI_VERIFIED
root3:batch_03,case_079,5,0.0,B1_base,6075976.0,,False,B1_base,6075976.0,,0.0,B,AI_VERIFIED
root3:batch_03,case_079,5,0.0,base_base,6075472.0,,False,base_base,6075472.0,,0.0,C,AI_VERIFIED
root3:batch_03,case_080,1,52.0,A2_base,292086.0,,True,A0_base,292138.0,,0.0001779980694055549,A,AI_VERIFIED
root3:batch_03,case_080,1,6211.0,B3_reorder,329200.0,,True,B3_base,335411.0,,0.018517579924331642,B,AI_VERIFIED
root3:batch_03,case_080,1,0.0,base_base,329096.0,,False,base_base,329096.0,,0.0,C,AI_VERIFIED
root3:batch_03,case_080,2,0.0,A1_base,145926.0,,False,A1_base,145926.0,,0.0,A,AI_VERIFIED
root3:batch_03,case_080,2,0.0,B1_base,145926.0,,False,B1_base,145926.0,,0.0,B,AI_VERIFIED
root3:batch_03,case_080,2,0.0,base_base,145674.0,,False,base_base,145674.0,,0.0,C,AI_VERIFIED
root3:batch_03,case_080,3,0.0,A2_aggregate,101563.0,,False,A2_aggregate,101563.0,,0.0,A,AI_VERIFIED
root3:batch_03,case_080,3,0.0,B1_base,100325.0,,False,B1_base,100325.0,,0.0,B,AI_VERIFIED
root3:batch_03,case_080,3,0.0,base_base,100325.0,,False,base_base,100325.0,,0.0,C,AI_VERIFIED
root3:batch_03,case_080,4,44601.0,A1_base,111314.0,,True,A1_move,155915.0,,0.2860597120225764,A,AI_VERIFIED
root3:batch_03,case_080,4,61140.0,B1_base,111314.0,,True,B1_move,172454.0,,0.35452932376169877,B,AI_VERIFIED
root3:batch_03,case_080,4,0.0,base_base,90584.0,,False,base_base,90584.0,,0.0,C,AI_VERIFIED
root3:batch_03,case_080,5,31684.0,A1_base,113455.0,,True,A1_move,145139.0,,0.2183010768986971,A,AI_VERIFIED
root3:batch_03,case_080,5,43865.0,B1_base,113455.0,,True,B1_move,157320.0,,0.27882659547419275,B,AI_VERIFIED
root3:batch_03,case_080,5,0.0,base_base,90408.0,,False,base_base,90408.0,,0.0,C,AI_VERIFIED
root2:batch_12,case_081,1,0.0,A0_base,151795.0,seed,False,A0_base,151795.0,seed,0.0,A,AI_VERIFIED
root2:batch_12,case_081,1,0.0,B3_aggregate,154087.0,aggregate,False,B3_aggregate,154087.0,aggregate,0.0,B,AI_VERIFIED
root2:batch_12,case_081,1,0.0,base_base,151865.0,seed,False,base_base,151865.0,seed,0.0,C,AI_VERIFIED
root2:batch_12,case_081,2,77213.0,A1_base,76860.0,seed,True,A2_base,154073.0,seed,0.5011455608704964,A,AI_VERIFIED
root2:batch_12,case_081,2,0.0,B1_base,76860.0,seed,False,B1_base,76860.0,seed,0.0,B,AI_VERIFIED
root2:batch_12,case_081,2,0.0,base_base,76860.0,seed,False,base_base,76860.0,seed,0.0,C,AI_VERIFIED
root2:batch_12,case_081,3,0.0,A1_base,51943.0,seed,False,A1_base,51943.0,seed,0.0,A,AI_VERIFIED
root2:batch_12,case_081,3,0.0,B1_base,51943.0,seed,False,B1_base,51943.0,seed,0.0,B,AI_VERIFIED
root2:batch_12,case_081,3,0.0,base_base,51943.0,seed,False,base_base,51943.0,seed,0.0,C,AI_VERIFIED
root2:batch_12,case_081,4,0.0,A1_base,39588.0,seed,False,A1_base,39588.0,seed,0.0,A,AI_VERIFIED
root2:batch_12,case_081,4,0.0,B1_base,39588.0,seed,False,B1_base,39588.0,seed,0.0,B,AI_VERIFIED
root2:batch_12,case_081,4,0.0,base_base,39588.0,seed,False,base_base,39588.0,seed,0.0,C,AI_VERIFIED
root2:batch_12,case_081,5,30340.0,A1_base,30943.0,seed,True,A1_move,61283.0,ordinary,0.4950802016872542,A,AI_VERIFIED
root2:batch_12,case_081,5,30065.0,B1_base,30943.0,seed,True,B1_move,61008.0,ordinary,0.4928042223970627,B,AI_VERIFIED
root2:batch_12,case_081,5,0.0,base_base,30943.0,seed,False,base_base,30943.0,seed,0.0,C,AI_VERIFIED
root3:batch_03,case_082,1,680.0,A2_base,720361.0,,True,A0_base,721041.0,,0.0009430809066336034,A,AI_VERIFIED
root3:batch_03,case_082,1,2954.0,B3_aggregate,717008.0,,True,B3_base,719962.0,,0.00410299432470047,B,AI_VERIFIED
root3:batch_03,case_082,1,0.0,base_base,717008.0,,False,base_base,717008.0,,0.0,C,AI_VERIFIED
root3:batch_03,case_082,2,0.0,A2_base,718618.0,,False,A2_base,718618.0,,0.0,A,AI_VERIFIED
root3:batch_03,case_082,2,0.0,B2_base,720881.0,,False,B2_base,720881.0,,0.0,B,AI_VERIFIED
root3:batch_03,case_082,2,0.0,base_base,720868.0,,False,base_base,720868.0,,0.0,C,AI_VERIFIED
root3:batch_03,case_082,3,0.0,A2_base,724411.0,,False,A2_base,724411.0,,0.0,A,AI_VERIFIED
root3:batch_03,case_082,3,0.0,B2_base,691651.0,,False,B2_base,691651.0,,0.0,B,AI_VERIFIED
root3:batch_03,case_082,3,0.0,base_base,691651.0,,False,base_base,691651.0,,0.0,C,AI_VERIFIED
root3:batch_03,case_082,4,81835.0,A2_base,720468.0,,True,A3_base,802303.0,,0.10200011716271783,A,AI_VERIFIED
root3:batch_03,case_082,4,0.0,B2_base,766658.0,,False,B2_base,766658.0,,0.0,B,AI_VERIFIED
root3:batch_03,case_082,4,0.0,base_base,766658.0,,False,base_base,766658.0,,0.0,C,AI_VERIFIED
root3:batch_03,case_082,5,95041.0,A2_base,724039.0,,True,A3_base,819080.0,,0.11603384284807344,A,AI_VERIFIED
root3:batch_03,case_082,5,0.0,B0_base,721041.0,,False,B0_base,721041.0,,0.0,B,AI_VERIFIED
root3:batch_03,case_082,5,0.0,base_base,721041.0,,False,base_base,721041.0,,0.0,C,AI_VERIFIED
root3:batch_04,case_083,1,0.0,A0_base,1057993.0,,False,A0_base,1057993.0,,0.0,A,AI_VERIFIED
root3:batch_04,case_083,1,0.0,B3_base,1040648.0,,False,B3_base,1040648.0,,0.0,B,AI_VERIFIED
root3:batch_04,case_083,1,0.0,base_base,930103.0,,False,base_base,930103.0,,0.0,C,AI_VERIFIED
root3:batch_04,case_083,2,169285.0,A3_base,905273.0,,True,A2_base,1074558.0,,0.15753919285883125,A,AI_VERIFIED
root3:batch_04,case_083,2,0.0,B3_base,775372.0,,False,B3_base,775372.0,,0.0,B,AI_VERIFIED
root3:batch_04,case_083,2,0.0,base_base,755398.0,,False,base_base,755398.0,,0.0,C,AI_VERIFIED
root3:batch_04,case_083,3,563591.0,A1_base,512623.0,,True,A2_base,1076214.0,,0.5236793054169524,A,AI_VERIFIED
root3:batch_04,case_083,3,0.0,B1_base,512623.0,,False,B1_base,512623.0,,0.0,B,AI_VERIFIED
root3:batch_04,case_083,3,0.0,base_base,402691.0,,False,base_base,402691.0,,0.0,C,AI_VERIFIED
root3:batch_04,case_083,4,0.0,A1_base,450029.0,,False,A1_base,450029.0,,0.0,A,AI_VERIFIED
root3:batch_04,case_083,4,347102.0,B1_base,450029.0,,True,B2_base,797131.0,,0.43543909344888104,B,AI_VERIFIED
root3:batch_04,case_083,4,0.0,base_base,333151.0,,False,base_base,333151.0,,0.0,C,AI_VERIFIED
root3:batch_04,case_083,5,0.0,A1_base,442480.0,,False,A1_base,442480.0,,0.0,A,AI_VERIFIED
root3:batch_04,case_083,5,0.0,B2_base,620731.0,,False,B2_base,620731.0,,0.0,B,AI_VERIFIED
root3:batch_04,case_083,5,0.0,base_base,620094.0,,False,base_base,620094.0,,0.0,C,AI_VERIFIED
root3:batch_04,case_084,1,307.0,A2_base,2507105.0,,True,A0_base,2507412.0,,0.00012243699878599926,A,AI_VERIFIED
root3:batch_04,case_084,1,343985.0,B3_aggregate,1762609.0,,True,B3_base,2106594.0,,0.16328965144683788,B,AI_VERIFIED
root3:batch_04,case_084,1,210488.0,base_aggregate,1552121.0,,True,base_base,1762609.0,,0.1194184302928216,C,AI_VERIFIED
root3:batch_04,case_084,2,1254090.0,A1_base,1255052.0,,True,A2_base,2509142.0,,0.4998083010048853,A,AI_VERIFIED
root3:batch_04,case_084,2,0.0,B1_base,1255052.0,,False,B1_base,1255052.0,,0.0,B,AI_VERIFIED
root3:batch_04,case_084,2,0.0,base_base,1255052.0,,False,base_base,1255052.0,,0.0,C,AI_VERIFIED
root3:batch_04,case_084,3,0.0,A1_base,836220.0,,False,A1_base,836220.0,,0.0,A,AI_VERIFIED
root3:batch_04,case_084,3,0.0,B1_base,836220.0,,False,B1_base,836220.0,,0.0,B,AI_VERIFIED
root3:batch_04,case_084,3,0.0,base_base,836220.0,,False,base_base,836220.0,,0.0,C,AI_VERIFIED
root3:batch_04,case_084,4,0.0,A1_base,629028.0,,False,A1_base,629028.0,,0.0,A,AI_VERIFIED
root3:batch_04,case_084,4,0.0,B1_base,629028.0,,False,B1_base,629028.0,,0.0,B,AI_VERIFIED
root3:batch_04,case_084,4,0.0,base_base,629028.0,,False,base_base,629028.0,,0.0,C,AI_VERIFIED
root3:batch_04,case_084,5,0.0,A1_base,503472.0,,False,A1_base,503472.0,,0.0,A,AI_VERIFIED
root3:batch_04,case_084,5,0.0,B1_base,503472.0,,False,B1_base,503472.0,,0.0,B,AI_VERIFIED
root3:batch_04,case_084,5,0.0,base_base,503472.0,,False,base_base,503472.0,,0.0,C,AI_VERIFIED
root3:batch_03,case_085,1,850.0,A2_base,3187049.0,,True,A0_base,3187899.0,,0.0002666332904524265,A,AI_VERIFIED
root3:batch_03,case_085,1,3498.0,B3_aggregate,3187417.0,,True,B3_base,3190915.0,,0.0010962372861702677,B,AI_VERIFIED
root3:batch_03,case_085,1,0.0,base_base,3187417.0,,False,base_base,3187417.0,,0.0,C,AI_VERIFIED
root3:batch_03,case_085,2,99232.0,A2_base,3183732.0,,True,A3_base,3282964.0,,0.03022634424258079,A,AI_VERIFIED
root3:batch_03,case_085,2,0.0,B2_base,3207447.0,,False,B2_base,3207447.0,,0.0,B,AI_VERIFIED
root3:batch_03,case_085,2,0.0,base_base,3207447.0,,False,base_base,3207447.0,,0.0,C,AI_VERIFIED
root3:batch_03,case_085,3,0.0,A2_base,3191773.0,,False,A2_base,3191773.0,,0.0,A,AI_VERIFIED
root3:batch_03,case_085,3,121752.0,B2_base,3130505.0,,True,B3_base,3252257.0,,0.037436155875750284,B,AI_VERIFIED
root3:batch_03,case_085,3,0.0,base_base,3130505.0,,False,base_base,3130505.0,,0.0,C,AI_VERIFIED
root3:batch_03,case_085,4,0.0,A2_base,3178812.0,,False,A2_base,3178812.0,,0.0,A,AI_VERIFIED
root3:batch_03,case_085,4,0.0,B3_base,3203847.0,,False,B3_base,3203847.0,,0.0,B,AI_VERIFIED
root3:batch_03,case_085,4,0.0,base_base,3203760.0,,False,base_base,3203760.0,,0.0,C,AI_VERIFIED
root3:batch_03,case_085,5,0.0,A2_base,3170837.0,,False,A2_base,3170837.0,,0.0,A,AI_VERIFIED
root3:batch_03,case_085,5,0.0,B2_base,3282015.0,,False,B2_base,3282015.0,,0.0,B,AI_VERIFIED
root3:batch_03,case_085,5,0.0,base_base,3281953.0,,False,base_base,3281953.0,,0.0,C,AI_VERIFIED
root2:batch_12,case_086,1,0.0,A0_base,118403.0,seed,False,A0_base,118403.0,seed,0.0,A,AI_VERIFIED
root2:batch_12,case_086,1,0.0,B3_base,114843.0,seed,False,B3_base,114843.0,seed,0.0,B,AI_VERIFIED
root2:batch_12,case_086,1,0.0,base_base,114843.0,seed,False,base_base,114843.0,seed,0.0,C,AI_VERIFIED
root2:batch_12,case_086,2,0.0,A2_base,120520.0,seed,False,A2_base,120520.0,seed,0.0,A,AI_VERIFIED
root2:batch_12,case_086,2,0.0,B2_base,119261.0,seed,False,B2_base,119261.0,seed,0.0,B,AI_VERIFIED
root2:batch_12,case_086,2,0.0,base_base,119261.0,seed,False,base_base,119261.0,seed,0.0,C,AI_VERIFIED
root2:batch_12,case_086,3,0.0,A2_base,122522.0,seed,False,A2_base,122522.0,seed,0.0,A,AI_VERIFIED
root2:batch_12,case_086,3,0.0,B0_base,118403.0,seed,False,B0_base,118403.0,seed,0.0,B,AI_VERIFIED
root2:batch_12,case_086,3,0.0,base_base,118403.0,seed,False,base_base,118403.0,seed,0.0,C,AI_VERIFIED
root2:batch_12,case_086,4,0.0,A2_base,124513.0,seed,False,A2_base,124513.0,seed,0.0,A,AI_VERIFIED
root2:batch_12,case_086,4,0.0,B2_base,127542.0,seed,False,B2_base,127542.0,seed,0.0,B,AI_VERIFIED
root2:batch_12,case_086,4,1119.0,base_aggregate_tid_1000003605,126423.0,aggregate,True,base_base,127542.0,seed,0.00877358046761067,C,AI_VERIFIED
root2:batch_12,case_086,5,0.0,A2_base,127949.0,seed,False,A2_base,127949.0,seed,0.0,A,AI_VERIFIED
root2:batch_12,case_086,5,0.0,B0_base,118403.0,seed,False,B0_base,118403.0,seed,0.0,B,AI_VERIFIED
root2:batch_12,case_086,5,0.0,base_base,118403.0,seed,False,base_base,118403.0,seed,0.0,C,AI_VERIFIED
root2:batch_03,case_087,1,0.0,A0_base,3974071.0,seed,False,A0_base,3974071.0,seed,0.0,A,AI_VERIFIED
root2:batch_03,case_087,1,80319.0,B3_aggregate,3971407.0,aggregate,True,B3_base,4051726.0,seed,0.019823403655627257,B,AI_VERIFIED
root2:batch_03,case_087,1,0.0,base_base,3967115.0,seed,False,base_base,3967115.0,seed,0.0,C,AI_VERIFIED
root2:batch_03,case_087,2,0.0,A1_base,2016479.0,seed,False,A1_base,2016479.0,seed,0.0,A,AI_VERIFIED
root2:batch_03,case_087,2,0.0,B1_base,2016479.0,seed,False,B1_base,2016479.0,seed,0.0,B,AI_VERIFIED
root2:batch_03,case_087,2,0.0,base_base,2013301.0,seed,False,base_base,2013301.0,seed,0.0,C,AI_VERIFIED
root2:batch_03,case_087,3,0.0,A1_base,1374901.0,seed,False,A1_base,1374901.0,seed,0.0,A,AI_VERIFIED
root2:batch_03,case_087,3,0.0,B1_base,1374901.0,seed,False,B1_base,1374901.0,seed,0.0,B,AI_VERIFIED
root2:batch_03,case_087,3,0.0,base_base,1372451.0,seed,False,base_base,1372451.0,seed,0.0,C,AI_VERIFIED
root2:batch_03,case_087,4,0.0,A1_base,1046846.0,seed,False,A1_base,1046846.0,seed,0.0,A,AI_VERIFIED
root2:batch_03,case_087,4,0.0,B1_base,1046846.0,seed,False,B1_base,1046846.0,seed,0.0,B,AI_VERIFIED
root2:batch_03,case_087,4,0.0,base_base,1043492.0,seed,False,base_base,1043492.0,seed,0.0,C,AI_VERIFIED
root2:batch_03,case_087,5,0.0,A1_base,833349.0,seed,False,A1_base,833349.0,seed,0.0,A,AI_VERIFIED
root2:batch_03,case_087,5,0.0,B1_base,833349.0,seed,False,B1_base,833349.0,seed,0.0,B,AI_VERIFIED
root2:batch_03,case_087,5,0.0,base_base,829669.0,seed,False,base_base,829669.0,seed,0.0,C,AI_VERIFIED
root2:batch_11,case_088,1,0.0,A0_base,243623.0,seed,False,A0_base,243623.0,seed,0.0,A,AI_VERIFIED
root2:batch_11,case_088,1,0.0,B3_base,240293.0,seed,False,B3_base,240293.0,seed,0.0,B,AI_VERIFIED
root2:batch_11,case_088,1,0.0,base_base,240293.0,seed,False,base_base,240293.0,seed,0.0,C,AI_VERIFIED
root2:batch_11,case_088,2,0.0,A3_base,244857.0,seed,False,A3_base,244857.0,seed,0.0,A,AI_VERIFIED
root2:batch_11,case_088,2,0.0,B0_base,243623.0,seed,False,B0_base,243623.0,seed,0.0,B,AI_VERIFIED
root2:batch_11,case_088,2,0.0,base_base,243623.0,seed,False,base_base,243623.0,seed,0.0,C,AI_VERIFIED
root2:batch_11,case_088,3,0.0,A2_base,247729.0,seed,False,A2_base,247729.0,seed,0.0,A,AI_VERIFIED
root2:batch_11,case_088,3,0.0,B0_base,243623.0,seed,False,B0_base,243623.0,seed,0.0,B,AI_VERIFIED
root2:batch_11,case_088,3,0.0,base_base,243623.0,seed,False,base_base,243623.0,seed,0.0,C,AI_VERIFIED
root2:batch_11,case_088,4,0.0,A2_base,249922.0,seed,False,A2_base,249922.0,seed,0.0,A,AI_VERIFIED
root2:batch_11,case_088,4,0.0,B0_base,243623.0,seed,False,B0_base,243623.0,seed,0.0,B,AI_VERIFIED
root2:batch_11,case_088,4,0.0,base_base,243623.0,seed,False,base_base,243623.0,seed,0.0,C,AI_VERIFIED
root2:batch_11,case_088,5,0.0,A2_base,248021.0,seed,False,A2_base,248021.0,seed,0.0,A,AI_VERIFIED
root2:batch_11,case_088,5,0.0,B0_base,243623.0,seed,False,B0_base,243623.0,seed,0.0,B,AI_VERIFIED
root2:batch_11,case_088,5,0.0,base_base,243623.0,seed,False,base_base,243623.0,seed,0.0,C,AI_VERIFIED
root2:batch_11,case_089,1,0.0,A0_base,693092.0,seed,False,A0_base,693092.0,seed,0.0,A,AI_VERIFIED
root2:batch_11,case_089,1,0.0,B3_base,694728.0,seed,False,B3_base,694728.0,seed,0.0,B,AI_VERIFIED
root2:batch_11,case_089,1,0.0,base_base,694728.0,seed,False,base_base,694728.0,seed,0.0,C,AI_VERIFIED
root2:batch_11,case_089,2,0.0,A1_base,346832.0,seed,False,A1_base,346832.0,seed,0.0,A,AI_VERIFIED
root2:batch_11,case_089,2,0.0,B1_base,346832.0,seed,False,B1_base,346832.0,seed,0.0,B,AI_VERIFIED
root2:batch_11,case_089,2,0.0,base_base,346832.0,seed,False,base_base,346832.0,seed,0.0,C,AI_VERIFIED
root2:batch_11,case_089,3,455214.0,A1_base,243614.0,seed,True,A2_base,698828.0,seed,0.6513963378685457,A,AI_VERIFIED
root2:batch_11,case_089,3,0.0,B1_base,243614.0,seed,False,B1_base,243614.0,seed,0.0,B,AI_VERIFIED
root2:batch_11,case_089,3,0.0,base_base,243614.0,seed,False,base_base,243614.0,seed,0.0,C,AI_VERIFIED
root2:batch_11,case_089,4,0.0,A1_base,178160.0,seed,False,A1_base,178160.0,seed,0.0,A,AI_VERIFIED
root2:batch_11,case_089,4,0.0,B1_base,178160.0,seed,False,B1_base,178160.0,seed,0.0,B,AI_VERIFIED
root2:batch_11,case_089,4,0.0,base_base,178160.0,seed,False,base_base,178160.0,seed,0.0,C,AI_VERIFIED
root2:batch_11,case_089,5,0.0,A1_base,147432.0,seed,False,A1_base,147432.0,seed,0.0,A,AI_VERIFIED
root2:batch_11,case_089,5,0.0,B1_base,147432.0,seed,False,B1_base,147432.0,seed,0.0,B,AI_VERIFIED
root2:batch_11,case_089,5,0.0,base_base,147432.0,seed,False,base_base,147432.0,seed,0.0,C,AI_VERIFIED
root2:batch_10,case_090,1,86001.0,A3_aggregate,1092362.0,aggregate,True,A0_base,1178363.0,seed,0.07298345246753335,A,AI_VERIFIED
root2:batch_10,case_090,1,0.0,B2_base,1090066.0,seed,False,B2_base,1090066.0,seed,0.0,B,AI_VERIFIED
root2:batch_10,case_090,1,0.0,base_base,998222.0,seed,False,base_base,998222.0,seed,0.0,C,AI_VERIFIED
root2:batch_10,case_090,2,94364.0,A3_base,1100156.0,seed,True,A2_base,1194520.0,seed,0.07899742155845026,A,AI_VERIFIED
root2:batch_10,case_090,2,0.0,B3_base,836229.0,seed,False,B3_base,836229.0,seed,0.0,B,AI_VERIFIED
root2:batch_10,case_090,2,0.0,base_base,766154.0,seed,False,base_base,766154.0,seed,0.0,C,AI_VERIFIED
root2:batch_10,case_090,3,152981.0,A3_base,1003439.0,seed,True,A2_base,1156420.0,seed,0.13228844191556702,A,AI_VERIFIED
root2:batch_10,case_090,3,0.0,B3_base,761694.0,seed,False,B3_base,761694.0,seed,0.0,B,AI_VERIFIED
root2:batch_10,case_090,3,0.0,base_base,706360.0,seed,False,base_base,706360.0,seed,0.0,C,AI_VERIFIED
root2:batch_10,case_090,4,359610.0,A1_base,608275.0,seed,True,A3_base,967885.0,seed,0.37154207369677184,A,AI_VERIFIED
root2:batch_10,case_090,4,252762.0,B3_base,731084.0,seed,True,B2_base,983846.0,seed,0.2569121590167567,B,AI_VERIFIED
root2:batch_10,case_090,4,0.0,base_base,674035.0,seed,False,base_base,674035.0,seed,0.0,C,AI_VERIFIED
root2:batch_10,case_090,5,394113.0,A1_base,542638.0,seed,True,A3_base,936751.0,seed,0.420723329892362,A,AI_VERIFIED
root2:batch_10,case_090,5,300360.0,B1_base,542638.0,seed,True,B2_base,842998.0,seed,0.35629977769816773,B,AI_VERIFIED
root2:batch_10,case_090,5,0.0,base_base,509924.0,seed,False,base_base,509924.0,seed,0.0,C,AI_VERIFIED
root2:batch_02,case_091,1,0.0,A0_base,9186769.0,,False,A0_base,9186769.0,,0.0,A,AI_VERIFIED
root2:batch_02,case_091,1,0.0,B3_aggregate,10669316.0,,False,B3_aggregate,10669316.0,,0.0,B,AI_VERIFIED
root2:batch_02,case_091,1,1035247.0,base_aggregate,9599880.0,,True,base_base,10635127.0,,0.09734223202036045,C,AI_VERIFIED
root2:batch_02,case_091,2,0.0,A1_base,4571759.0,,False,A1_base,4571759.0,,0.0,A,AI_VERIFIED
root2:batch_02,case_091,2,0.0,B1_base,4571759.0,,False,B1_base,4571759.0,,0.0,B,AI_VERIFIED
root2:batch_02,case_091,2,0.0,base_base,4569395.0,,False,base_base,4569395.0,,0.0,C,AI_VERIFIED
root1:case_091_3core,case_091,3,0.0,A1_base,3090094.0,seed,False,A1_base,3090094.0,seed,0.0,A,AI_VERIFIED
root1:case_091_3core,case_091,3,0.0,B1_base,3090094.0,seed,False,B1_base,3090094.0,seed,0.0,B,AI_VERIFIED
root1:case_091_3core,case_091,3,0.0,base_base,3070819.0,seed,False,base_base,3070819.0,seed,0.0,C,AI_VERIFIED
root1:case_091_4core,case_091,4,0.0,A1_base,2315897.0,seed,False,A1_base,2315897.0,seed,0.0,A,AI_VERIFIED
root1:case_091_4core,case_091,4,0.0,B1_base,2315897.0,seed,False,B1_base,2315897.0,seed,0.0,B,AI_VERIFIED
root1:case_091_4core,case_091,4,0.0,base_base,2307637.0,seed,False,base_base,2307637.0,seed,0.0,C,AI_VERIFIED
root1:case_091_5core,case_091,5,0.0,A1_base,1882479.0,seed,False,A1_base,1882479.0,seed,0.0,A,AI_VERIFIED
root1:case_091_5core,case_091,5,0.0,B1_base,1882479.0,seed,False,B1_base,1882479.0,seed,0.0,B,AI_VERIFIED
root1:case_091_5core,case_091,5,0.0,base_base,1876653.0,seed,False,base_base,1876653.0,seed,0.0,C,AI_VERIFIED
root2:batch_05,case_092,1,0.0,A0_base,4815554.0,seed,False,A0_base,4815554.0,seed,0.0,A,AI_VERIFIED
root2:batch_05,case_092,1,0.0,B3_base,4203197.0,seed,False,B3_base,4203197.0,seed,0.0,B,AI_VERIFIED
root2:batch_05,case_092,1,0.0,base_base,4076456.0,seed,False,base_base,4076456.0,seed,0.0,C,AI_VERIFIED
root2:batch_05,case_092,2,0.0,A1_base,2828252.0,seed,False,A1_base,2828252.0,seed,0.0,A,AI_VERIFIED
root2:batch_05,case_092,2,0.0,B1_base,2828252.0,seed,False,B1_base,2828252.0,seed,0.0,B,AI_VERIFIED
root2:batch_05,case_092,2,0.0,base_base,2358868.0,seed,False,base_base,2358868.0,seed,0.0,C,AI_VERIFIED
root2:batch_05,case_092,3,2588309.0,A1_base,2231804.0,seed,True,A2_base,4820113.0,seed,0.5369809794915597,A,AI_VERIFIED
root2:batch_05,case_092,3,0.0,B1_base,2231804.0,seed,False,B1_base,2231804.0,seed,0.0,B,AI_VERIFIED
root2:batch_05,case_092,3,0.0,base_base,1792534.0,seed,False,base_base,1792534.0,seed,0.0,C,AI_VERIFIED
root2:batch_05,case_092,4,0.0,A1_base,1927728.0,seed,False,A1_base,1927728.0,seed,0.0,A,AI_VERIFIED
root2:batch_05,case_092,4,0.0,B1_base,1927728.0,seed,False,B1_base,1927728.0,seed,0.0,B,AI_VERIFIED
root2:batch_05,case_092,4,0.0,base_base,1470508.0,seed,False,base_base,1470508.0,seed,0.0,C,AI_VERIFIED
root2:batch_05,case_092,5,0.0,A1_base,1661234.0,seed,False,A1_base,1661234.0,seed,0.0,A,AI_VERIFIED
root2:batch_05,case_092,5,0.0,B1_base,1649430.0,seed,False,B1_base,1649430.0,seed,0.0,B,AI_VERIFIED
root2:batch_05,case_092,5,0.0,base_base,1351088.0,seed,False,base_base,1351088.0,seed,0.0,C,AI_VERIFIED
root2:batch_07,case_093,1,0.0,A0_base,74205.0,seed,False,A0_base,74205.0,seed,0.0,A,AI_VERIFIED
root2:batch_07,case_093,1,0.0,B3_aggregate,85150.0,aggregate,False,B3_base,85150.0,seed,0.0,B,AI_VERIFIED
root2:batch_07,case_093,1,7369.0,base_aggregate,77781.0,aggregate,True,base_base,85150.0,seed,0.08654139753376394,C,AI_VERIFIED
root2:batch_07,case_093,2,39825.0,A1_base,37827.0,seed,True,A2_base,77652.0,seed,0.5128650904033379,A,AI_VERIFIED
root2:batch_07,case_093,2,0.0,B1_base,37827.0,seed,False,B1_base,37827.0,seed,0.0,B,AI_VERIFIED
root2:batch_07,case_093,2,0.0,base_base,37827.0,seed,False,base_base,37827.0,seed,0.0,C,AI_VERIFIED
root2:batch_07,case_093,3,0.0,A1_base,25103.0,seed,False,A1_base,25103.0,seed,0.0,A,AI_VERIFIED
root2:batch_07,case_093,3,0.0,B1_base,25103.0,seed,False,B1_base,25103.0,seed,0.0,B,AI_VERIFIED
root2:batch_07,case_093,3,0.0,base_base,25103.0,seed,False,base_base,25103.0,seed,0.0,C,AI_VERIFIED
root2:batch_07,case_093,4,0.0,A1_base,19779.0,seed,False,A1_base,19779.0,seed,0.0,A,AI_VERIFIED
root2:batch_07,case_093,4,0.0,B1_base,19779.0,seed,False,B1_base,19779.0,seed,0.0,B,AI_VERIFIED
root2:batch_07,case_093,4,0.0,base_base,19779.0,seed,False,base_base,19779.0,seed,0.0,C,AI_VERIFIED
root2:batch_07,case_093,5,0.0,A1_base,15876.0,seed,False,A1_base,15876.0,seed,0.0,A,AI_VERIFIED
root2:batch_07,case_093,5,0.0,B1_base,15876.0,seed,False,B1_base,15876.0,seed,0.0,B,AI_VERIFIED
root2:batch_07,case_093,5,0.0,base_base,15876.0,seed,False,base_base,15876.0,seed,0.0,C,AI_VERIFIED
root2:batch_10,case_094,1,2106.0,A2_base,92786.0,seed,True,A0_base,94892.0,seed,0.02219365173038823,A,AI_VERIFIED
root2:batch_10,case_094,1,1866.0,B3_aggregate,92511.0,aggregate,True,B3_base,94377.0,seed,0.01977176642614196,B,AI_VERIFIED
root2:batch_10,case_094,1,0.0,base_base,92511.0,seed,False,base_base,92511.0,seed,0.0,C,AI_VERIFIED
root2:batch_10,case_094,2,0.0,A1_base,48073.0,seed,False,A1_base,48073.0,seed,0.0,A,AI_VERIFIED
root2:batch_10,case_094,2,0.0,B1_base,48073.0,seed,False,B1_base,48073.0,seed,0.0,B,AI_VERIFIED
root2:batch_10,case_094,2,0.0,base_base,48073.0,seed,False,base_base,48073.0,seed,0.0,C,AI_VERIFIED
root2:batch_10,case_094,3,0.0,A1_base,32222.0,seed,False,A1_base,32222.0,seed,0.0,A,AI_VERIFIED
root2:batch_10,case_094,3,0.0,B1_base,32222.0,seed,False,B1_base,32222.0,seed,0.0,B,AI_VERIFIED
root2:batch_10,case_094,3,0.0,base_base,32222.0,seed,False,base_base,32222.0,seed,0.0,C,AI_VERIFIED
root2:batch_10,case_094,4,0.0,A1_base,24640.0,seed,False,A1_base,24640.0,seed,0.0,A,AI_VERIFIED
root2:batch_10,case_094,4,0.0,B1_base,24640.0,seed,False,B1_base,24640.0,seed,0.0,B,AI_VERIFIED
root2:batch_10,case_094,4,0.0,base_base,24640.0,seed,False,base_base,24640.0,seed,0.0,C,AI_VERIFIED
root2:batch_10,case_094,5,70549.0,A1_move,33422.0,ordinary,True,A2_base,103971.0,seed,0.6785449788883439,A,AI_VERIFIED
root2:batch_10,case_094,5,13301.0,B1_base,21573.0,seed,True,B1_move,34874.0,ordinary,0.38140161725067384,B,AI_VERIFIED
root2:batch_10,case_094,5,0.0,base_base,20380.0,seed,False,base_base,20380.0,seed,0.0,C,AI_VERIFIED
root2:batch_07,case_095,1,0.0,A2_base,2085262.0,seed,False,A2_base,2085262.0,seed,0.0,A,AI_VERIFIED
root2:batch_07,case_095,1,419111.0,B3_aggregate,1651133.0,aggregate,True,B3_base,2070244.0,seed,0.2024452190176617,B,AI_VERIFIED
root2:batch_07,case_095,1,334620.0,base_aggregate,1316513.0,aggregate,True,base_base,1651133.0,seed,0.20266083955683764,C,AI_VERIFIED
root2:batch_07,case_095,2,0.0,A1_base,1042890.0,seed,False,A1_base,1042890.0,seed,0.0,A,AI_VERIFIED
root2:batch_07,case_095,2,0.0,B1_base,1042890.0,seed,False,B1_base,1042890.0,seed,0.0,B,AI_VERIFIED
root2:batch_07,case_095,2,0.0,base_base,1042890.0,seed,False,base_base,1042890.0,seed,0.0,C,AI_VERIFIED
root2:batch_07,case_095,3,0.0,A2_base,696802.0,seed,False,A2_base,696802.0,seed,0.0,A,AI_VERIFIED
root2:batch_07,case_095,3,0.0,B1_base,695775.0,seed,False,B1_base,695775.0,seed,0.0,B,AI_VERIFIED
root2:batch_07,case_095,3,0.0,base_base,695775.0,seed,False,base_base,695775.0,seed,0.0,C,AI_VERIFIED
root2:batch_07,case_095,4,0.0,A1_base,524422.0,seed,False,A1_base,524422.0,seed,0.0,A,AI_VERIFIED
root2:batch_07,case_095,4,0.0,B1_base,524422.0,seed,False,B1_base,524422.0,seed,0.0,B,AI_VERIFIED
root2:batch_07,case_095,4,0.0,base_base,524422.0,seed,False,base_base,524422.0,seed,0.0,C,AI_VERIFIED
root2:batch_07,case_095,5,415513.0,A1_base,420852.0,seed,True,A1_move,836365.0,ordinary,0.49680821172574174,A,AI_VERIFIED
root2:batch_07,case_095,5,414795.0,B1_base,420852.0,seed,True,B1_move,835647.0,ordinary,0.49637586205658607,B,AI_VERIFIED
root2:batch_07,case_095,5,0.0,base_base,420852.0,seed,False,base_base,420852.0,seed,0.0,C,AI_VERIFIED
root2:batch_07,case_096,1,677.0,A2_base,83517.0,seed,True,A0_base,84194.0,seed,0.008040953037033519,A,AI_VERIFIED
root2:batch_07,case_096,1,2364.0,B3_base,80228.0,seed,True,B3_aggregate,82592.0,aggregate,0.02862262688880279,B,AI_VERIFIED
root2:batch_07,case_096,1,0.0,base_base,80228.0,seed,False,base_base,80228.0,seed,0.0,C,AI_VERIFIED
root2:batch_07,case_096,2,0.0,A1_base,44010.0,seed,False,A1_base,44010.0,seed,0.0,A,AI_VERIFIED
root2:batch_07,case_096,2,0.0,B1_base,44010.0,seed,False,B1_base,44010.0,seed,0.0,B,AI_VERIFIED
root2:batch_07,case_096,2,0.0,base_base,44010.0,seed,False,base_base,44010.0,seed,0.0,C,AI_VERIFIED
root2:batch_07,case_096,3,0.0,A1_base,30318.0,seed,False,A1_base,30318.0,seed,0.0,A,AI_VERIFIED
root2:batch_07,case_096,3,0.0,B1_base,30318.0,seed,False,B1_base,30318.0,seed,0.0,B,AI_VERIFIED
root2:batch_07,case_096,3,0.0,base_base,30318.0,seed,False,base_base,30318.0,seed,0.0,C,AI_VERIFIED
root2:batch_07,case_096,4,0.0,A1_base,26984.0,seed,False,A1_base,26984.0,seed,0.0,A,AI_VERIFIED
root2:batch_07,case_096,4,0.0,B1_base,26984.0,seed,False,B1_base,26984.0,seed,0.0,B,AI_VERIFIED
root2:batch_07,case_096,4,0.0,base_base,26984.0,seed,False,base_base,26984.0,seed,0.0,C,AI_VERIFIED
root2:batch_07,case_096,5,0.0,A1_base,27053.0,seed,False,A1_base,27053.0,seed,0.0,A,AI_VERIFIED
root2:batch_07,case_096,5,0.0,B1_base,27053.0,seed,False,B1_base,27053.0,seed,0.0,B,AI_VERIFIED
root2:batch_07,case_096,5,0.0,base_base,27053.0,seed,False,base_base,27053.0,seed,0.0,C,AI_VERIFIED
root2:batch_09,case_097,1,0.0,A0_base,11491509.0,seed,False,A0_base,11491509.0,seed,0.0,A,AI_VERIFIED
root2:batch_09,case_097,1,0.0,B3_base,11385302.0,seed,False,B3_base,11385302.0,seed,0.0,B,AI_VERIFIED
root2:batch_09,case_097,1,15712.0,base_aggregate,11365969.0,aggregate,True,base_base,11381681.0,seed,0.0013804639226841799,C,AI_VERIFIED
root2:batch_09,case_097,2,0.0,A1_base,5617602.0,seed,False,A1_base,5617602.0,seed,0.0,A,AI_VERIFIED
root2:batch_09,case_097,2,0.0,B1_base,5617602.0,seed,False,B1_base,5617602.0,seed,0.0,B,AI_VERIFIED
root2:batch_09,case_097,2,0.0,base_base,5617602.0,seed,False,base_base,5617602.0,seed,0.0,C,AI_VERIFIED
root2:batch_09,case_097,3,0.0,A2_base,11114869.0,seed,False,A2_base,11114869.0,seed,0.0,A,AI_VERIFIED
root2:batch_09,case_097,3,0.0,B3_base,10246000.0,seed,False,B3_base,10246000.0,seed,0.0,B,AI_VERIFIED
root2:batch_09,case_097,3,0.0,base_base,10246000.0,seed,False,base_base,10246000.0,seed,0.0,C,AI_VERIFIED
root2:batch_09,case_097,4,0.0,A1_base,2626908.0,seed,False,A1_base,2626908.0,seed,0.0,A,AI_VERIFIED
root2:batch_09,case_097,4,0.0,B1_base,2626908.0,seed,False,B1_base,2626908.0,seed,0.0,B,AI_VERIFIED
root2:batch_09,case_097,4,0.0,base_base,2626908.0,seed,False,base_base,2626908.0,seed,0.0,C,AI_VERIFIED
root2:batch_09,case_097,5,8358503.0,A1_base,2102348.0,seed,True,A2_base,10460851.0,seed,0.799027058123665,A,AI_VERIFIED
root2:batch_09,case_097,5,0.0,B1_base,2102348.0,seed,False,B1_base,2102348.0,seed,0.0,B,AI_VERIFIED
root2:batch_09,case_097,5,0.0,base_base,2102250.0,seed,False,base_base,2102250.0,seed,0.0,C,AI_VERIFIED
root2:batch_10,case_098,1,0.0,A0_base,177430.0,seed,False,A0_base,177430.0,seed,0.0,A,AI_VERIFIED
root2:batch_10,case_098,1,0.0,B3_aggregate,174782.0,aggregate,False,B3_aggregate,174782.0,aggregate,0.0,B,AI_VERIFIED
root2:batch_10,case_098,1,0.0,base_base,174782.0,seed,False,base_base,174782.0,seed,0.0,C,AI_VERIFIED
root2:batch_10,case_098,2,0.0,A1_base,90360.0,seed,False,A1_base,90360.0,seed,0.0,A,AI_VERIFIED
root2:batch_10,case_098,2,0.0,B1_base,90360.0,seed,False,B1_base,90360.0,seed,0.0,B,AI_VERIFIED
root2:batch_10,case_098,2,0.0,base_base,90360.0,seed,False,base_base,90360.0,seed,0.0,C,AI_VERIFIED
root2:batch_10,case_098,3,0.0,A1_base,89825.0,seed,False,A1_base,89825.0,seed,0.0,A,AI_VERIFIED
root2:batch_10,case_098,3,0.0,B1_base,89825.0,seed,False,B1_base,89825.0,seed,0.0,B,AI_VERIFIED
root2:batch_10,case_098,3,0.0,base_base,89825.0,seed,False,base_base,89825.0,seed,0.0,C,AI_VERIFIED
root2:batch_10,case_098,4,27438.0,A1_base,89963.0,seed,True,A1_move,117401.0,ordinary,0.23371180824694848,A,AI_VERIFIED
root2:batch_10,case_098,4,27063.0,B1_base,89963.0,seed,True,B1_move,117026.0,ordinary,0.2312563020183549,B,AI_VERIFIED
root2:batch_10,case_098,4,0.0,base_base,89963.0,seed,False,base_base,89963.0,seed,0.0,C,AI_VERIFIED
root2:batch_10,case_098,5,19971.0,A1_base,90168.0,seed,True,A1_move,110139.0,ordinary,0.18132541606515404,A,AI_VERIFIED
root2:batch_10,case_098,5,19596.0,B1_base,90168.0,seed,True,B1_move,109764.0,ordinary,0.17852847928282498,B,AI_VERIFIED
root2:batch_10,case_098,5,0.0,base_base,90168.0,seed,False,base_base,90168.0,seed,0.0,C,AI_VERIFIED
root2:batch_10,case_099,1,2033.0,A2_base,1620966.0,seed,True,A0_base,1622999.0,seed,0.0012526193793095375,A,AI_VERIFIED
root2:batch_10,case_099,1,0.0,B3_base,1754664.0,seed,False,B3_base,1754664.0,seed,0.0,B,AI_VERIFIED
root2:batch_10,case_099,1,0.0,base_base,1750575.0,seed,False,base_base,1750575.0,seed,0.0,C,AI_VERIFIED
root2:batch_10,case_099,2,0.0,A1_base,808916.0,seed,False,A1_base,808916.0,seed,0.0,A,AI_VERIFIED
root2:batch_10,case_099,2,0.0,B1_base,808916.0,seed,False,B1_base,808916.0,seed,0.0,B,AI_VERIFIED
root2:batch_10,case_099,2,0.0,base_base,806053.0,seed,False,base_base,806053.0,seed,0.0,C,AI_VERIFIED
root2:batch_10,case_099,3,0.0,A1_base,544403.0,seed,False,A1_base,544403.0,seed,0.0,A,AI_VERIFIED
root2:batch_10,case_099,3,0.0,B1_base,544403.0,seed,False,B1_base,544403.0,seed,0.0,B,AI_VERIFIED
root2:batch_10,case_099,3,0.0,base_base,540586.0,seed,False,base_base,540586.0,seed,0.0,C,AI_VERIFIED
root2:batch_10,case_099,4,0.0,A1_base,405336.0,seed,False,A1_base,405336.0,seed,0.0,A,AI_VERIFIED
root2:batch_10,case_099,4,0.0,B1_base,405336.0,seed,False,B1_base,405336.0,seed,0.0,B,AI_VERIFIED
root2:batch_10,case_099,4,0.0,base_base,403555.0,seed,False,base_base,403555.0,seed,0.0,C,AI_VERIFIED
root2:batch_10,case_099,5,0.0,A1_base,339475.0,seed,False,A1_base,339475.0,seed,0.0,A,AI_VERIFIED
root2:batch_10,case_099,5,0.0,B1_base,339475.0,seed,False,B1_base,339475.0,seed,0.0,B,AI_VERIFIED
root2:batch_10,case_099,5,0.0,base_base,329676.0,seed,False,base_base,329676.0,seed,0.0,C,AI_VERIFIED
root2:batch_08,case_100,1,2884.0,A2_base,148339.0,seed,True,A0_base,151223.0,seed,0.01907117303584772,A,AI_VERIFIED
root2:batch_08,case_100,1,0.0,B3_aggregate,145067.0,aggregate,False,B3_aggregate,145067.0,aggregate,0.0,B,AI_VERIFIED
root2:batch_08,case_100,1,0.0,base_base,145067.0,seed,False,base_base,145067.0,seed,0.0,C,AI_VERIFIED
root2:batch_08,case_100,2,0.0,A1_base,81080.0,seed,False,A1_base,81080.0,seed,0.0,A,AI_VERIFIED
root2:batch_08,case_100,2,0.0,B1_base,81080.0,seed,False,B1_base,81080.0,seed,0.0,B,AI_VERIFIED
root2:batch_08,case_100,2,0.0,base_base,81080.0,seed,False,base_base,81080.0,seed,0.0,C,AI_VERIFIED
root2:batch_08,case_100,3,0.0,A1_base,57811.0,seed,False,A1_base,57811.0,seed,0.0,A,AI_VERIFIED
root2:batch_08,case_100,3,0.0,B1_base,57811.0,seed,False,B1_base,57811.0,seed,0.0,B,AI_VERIFIED
root2:batch_08,case_100,3,0.0,base_base,57811.0,seed,False,base_base,57811.0,seed,0.0,C,AI_VERIFIED
root2:batch_08,case_100,4,0.0,A1_base,57948.0,seed,False,A1_base,57948.0,seed,0.0,A,AI_VERIFIED
root2:batch_08,case_100,4,0.0,B1_base,57948.0,seed,False,B1_base,57948.0,seed,0.0,B,AI_VERIFIED
root2:batch_08,case_100,4,0.0,base_base,57948.0,seed,False,base_base,57948.0,seed,0.0,C,AI_VERIFIED
root2:batch_08,case_100,5,0.0,A1_base,58326.0,seed,False,A1_base,58326.0,seed,0.0,A,AI_VERIFIED
root2:batch_08,case_100,5,0.0,B1_base,58326.0,seed,False,B1_base,58326.0,seed,0.0,B,AI_VERIFIED
root2:batch_08,case_100,5,0.0,base_base,58085.0,seed,False,base_base,58085.0,seed,0.0,C,AI_VERIFIED
