added_copy_bytes,batch,cache_hit_bytes,cache_hit_rate,cache_miss_bytes,candidate,case,copy_bytes,cores,error,evaluation_seconds,gpu_backend,light_time,loads,makespan,original_graph_copy_bytes,partition_added_copy_bytes,plan_sha256,pressure_bytes,profile_seconds,scene,scheduled_copy_bytes,score,source,source_root,spill_added_copy_bytes,status
34332672,root1:case_076_3core,0,0.0,0,A1_base,case_076,103879430,3,,373.3830999159836,mps,2336786,"{0: 2335494, 1: 2336612, 2: 2336786}",2050028,4270674,8148992,2a54fff3c649afd7e3a891676c6ee1b6bbb4635be3cabfbe2b68ad5fbe5e3354,102067200,4.74236195901176,A,38603346,"(2336786, 103879430, 102067200)",seed,/Users/futaoran/Desktop/华为杯2026/华为杯_code/results/full_main_fast_split_20260924,26183680,AI_VERIFIED
26984448,root1:case_076_3core,0,0.0,0,A2_base,case_076,105617158,3,,38.94622541699209,mps,2388780,"{0: 2332385, 1: 2287727, 2: 2388780}",6193064,4270674,9886720,c6ee49b42b258bc62491b511d8fc65aef629ecf0b82d2187900b2384de4baaa5,53905168,5.342795375006972,A,31255122,"(2388780, 105617158, 53905168)",seed,/Users/futaoran/Desktop/华为杯2026/华为杯_code/results/full_main_fast_split_20260924,17097728,AI_VERIFIED
34332672,root1:case_076_3core,0,0.0,0,B1_base,case_076,103879430,3,,9.24623162500211,mps,2336786,"{0: 2335494, 1: 2336612, 2: 2336786}",2050028,4270674,8148992,2a54fff3c649afd7e3a891676c6ee1b6bbb4635be3cabfbe2b68ad5fbe5e3354,102067200,9.33675695900456,B,38603346,"(2336786, 103879430, 102067200)",seed,/Users/futaoran/Desktop/华为杯2026/华为杯_code/results/full_main_fast_split_20260924,26183680,AI_VERIFIED
147507200,root1:case_076_3core,0,0.0,0,B2_base,case_076,185123590,3,,15.339335833006771,mps,3085394,"{0: 2161192, 1: 2380752, 2: 2466948}",5583456,4270674,89393152,7624194577e28767958efecab2559261c43eac00c5245bdbcf0023aa3c510b4a,91988992,14.315640874992823,B,151777874,"(3085394, 185123590, 91988992)",seed,/Users/futaoran/Desktop/华为杯2026/华为杯_code/results/full_main_fast_split_20260924,58114048,AI_VERIFIED
34332672,root1:case_076_3core,13006848,0.3369498899116641,25594880,base_base,case_076,103879430,3,,8.552825708000455,mps,2336786,"{0: 2335494, 1: 2336612, 2: 2336786}",2047868,4270674,8148992,2a54fff3c649afd7e3a891676c6ee1b6bbb4635be3cabfbe2b68ad5fbe5e3354,102067200,7.9384431669896,C,38603346,"(2336786, 103879430, 102067200)",seed,/Users/futaoran/Desktop/华为杯2026/华为杯_code/results/full_main_fast_split_20260924,26183680,AI_VERIFIED
35572736,root1:case_076_3core,8034304,0.20165518659401666,31807488,base_move,case_076,99804934,3,,11.524004540988244,mps,4672280,"{0: 4672280, 1: 2336612}",4099140,4270674,4074496,d8421ebc0aab17e88532c1419bf13d9684ab0b5cf5536db1926e48398182be2c,68076544,11.14268587497645,C,39843410,"(4672280, 99804934, 68076544)",ordinary,/Users/futaoran/Desktop/华为杯2026/华为杯_code/results/full_main_fast_split_20260924,31498240,AI_VERIFIED
37442560,root1:case_076_4core,0,0.0,0,A1_base,case_076,107953926,4,,349.7468461249955,mps,1799233,"{0: 1752543, 1: 1751740, 2: 1751766, 3: 1752843}",1540201,4270674,12223488,0c50c3e9791cb0970ca1d864430c92f92b55724d96f88cde1e9b9ad589f2f6df,105617408,4.985554375016363,A,41713234,"(1799233, 107953926, 105617408)",seed,/Users/futaoran/Desktop/华为杯2026/华为杯_code/results/full_main_fast_split_20260924,25219072,AI_VERIFIED
27394048,root1:case_076_4core,0,0.0,0,A2_base,case_076,108604166,4,,29.734226041997317,mps,1810070,"{0: 1776596, 1: 1678908, 2: 1763981, 3: 1789407}",6170239,4270674,12873728,902d03354e9893d3b8533679aebb97ad3d95160069ed3981e3ea3c23d559ccc2,55203524,4.914764874993125,A,31664722,"(1810070, 108604166, 55203524)",seed,/Users/futaoran/Desktop/华为杯2026/华为杯_code/results/full_main_fast_split_20260924,14520320,AI_VERIFIED
37442560,root1:case_076_4core,0,0.0,0,B1_base,case_076,107953926,4,,9.016873124986887,mps,1799233,"{0: 1752543, 1: 1751740, 2: 1751766, 3: 1752843}",1540201,4270674,12223488,0c50c3e9791cb0970ca1d864430c92f92b55724d96f88cde1e9b9ad589f2f6df,105617408,8.455757832998643,B,41713234,"(1799233, 107953926, 105617408)",seed,/Users/futaoran/Desktop/华为杯2026/华为杯_code/results/full_main_fast_split_20260924,25219072,AI_VERIFIED
38908928,root1:case_076_4core,0,0.0,0,B1_move,case_076,103879430,4,,11.007853874994908,mps,3504583,"{0: 1752543, 1: 3504583, 2: 1751766}",3081825,4270674,8148992,d9744dc0035b83cec66ce7bcb64d58797f5db5c31d1e9e00bd9e655cd8f52ce9,79202304,10.388625958003104,B,43179602,"(3504583, 103879430, 79202304)",ordinary,/Users/futaoran/Desktop/华为杯2026/华为杯_code/results/full_main_fast_split_20260924,30759936,AI_VERIFIED
37442560,root1:case_076_4core,17399808,0.41714538223597,24311808,base_base,case_076,107953926,4,,8.216465832985705,mps,1799233,"{0: 1752543, 1: 1751740, 2: 1751766, 3: 1752843}",1536306,4270674,12223488,0c50c3e9791cb0970ca1d864430c92f92b55724d96f88cde1e9b9ad589f2f6df,105617408,7.648920791980345,C,41713234,"(1799233, 107953926, 105617408)",seed,/Users/futaoran/Desktop/华为杯2026/华为杯_code/results/full_main_fast_split_20260924,25219072,AI_VERIFIED
38908928,root1:case_076_4core,12161024,0.28164872171892047,31016960,base_move,case_076,103879430,4,,10.137364791997243,mps,3504583,"{0: 1752543, 1: 3504583, 2: 1751766}",3075016,4270674,8148992,d9744dc0035b83cec66ce7bcb64d58797f5db5c31d1e9e00bd9e655cd8f52ce9,79202304,10.02000424999278,C,43179602,"(3504583, 103879430, 79202304)",ordinary,/Users/futaoran/Desktop/华为杯2026/华为杯_code/results/full_main_fast_split_20260924,30759936,AI_VERIFIED
40553472,root1:case_076_5core,0,0.0,0,A1_base,case_076,112028422,5,,366.51674729201477,mps,1867141,"{0: 1402358, 1: 1401568, 2: 1401581, 3: 1402319, 4: 1401066}",1240011,4270674,16297984,5ddb293d04eeb950883c09690442d88b07a60cedd850acf6720237cdcabfd2ba,109167616,5.090402540983632,A,44824146,"(1867141, 112028422, 109167616)",seed,/Users/futaoran/Desktop/华为杯2026/华为杯_code/results/full_main_fast_split_20260924,24255488,AI_VERIFIED
28169216,root1:case_076_5core,0,0.0,0,A2_base,case_076,112629510,5,,25.105229999986477,mps,1877159,"{0: 1421852, 1: 1357948, 2: 1371748, 3: 1425521, 4: 1431823}",6158723,4270674,16899072,4c6d2499ca0f6003dad8de6bb4a6062d830fadf4db304960d1702f91e67d9533,56725188,4.94655520899687,A,32439890,"(1877159, 112629510, 56725188)",seed,/Users/futaoran/Desktop/华为杯2026/华为杯_code/results/full_main_fast_split_20260924,11270144,AI_VERIFIED
40553472,root1:case_076_5core,0,0.0,0,B1_base,case_076,112028422,5,,8.679671290999977,mps,1867141,"{0: 1402358, 1: 1401568, 2: 1401581, 3: 1402319, 4: 1401066}",1240011,4270674,16297984,5ddb293d04eeb950883c09690442d88b07a60cedd850acf6720237cdcabfd2ba,109167616,7.972369750001235,B,44824146,"(1867141, 112028422, 109167616)",seed,/Users/futaoran/Desktop/华为杯2026/华为杯_code/results/full_main_fast_split_20260924,24255488,AI_VERIFIED
41625600,root1:case_076_5core,0,0.0,0,B1_move,case_076,107953926,5,,7.708360207994701,mps,2803424,"{4: 2803424, 1: 1401568, 2: 1401581, 3: 1402319}",2458797,4270674,12223488,7865ce2d4de5fae956cfecaaa43ca7163f2b70199d120517eb42372169930049,87382016,7.322095291980077,B,45896274,"(2803424, 107953926, 87382016)",ordinary,/Users/futaoran/Desktop/华为杯2026/华为杯_code/results/full_main_fast_split_20260924,29402112,AI_VERIFIED
40553472,root1:case_076_5core,19993600,0.4460614091199854,24828928,base_base,case_076,112028422,5,,8.027858042012667,mps,1867141,"{0: 1402358, 1: 1401568, 2: 1401581, 3: 1402319, 4: 1401066}",1232435,4270674,16297984,5ddb293d04eeb950883c09690442d88b07a60cedd850acf6720237cdcabfd2ba,109167616,7.51664983399678,C,44824146,"(1867141, 112028422, 109167616)",seed,/Users/futaoran/Desktop/华为杯2026/华为杯_code/results/full_main_fast_split_20260924,24255488,AI_VERIFIED
41625600,root1:case_076_5core,15034368,0.3275842834512149,30860288,base_move,case_076,107953926,5,,7.740947916987352,mps,2803424,"{4: 2803424, 1: 1401568, 2: 1401581, 3: 1402319}",2449558,4270674,12223488,7865ce2d4de5fae956cfecaaa43ca7163f2b70199d120517eb42372169930049,87382016,6.779826625017449,C,45896274,"(2803424, 107953926, 87382016)",ordinary,/Users/futaoran/Desktop/华为杯2026/华为杯_code/results/full_main_fast_split_20260924,29402112,AI_VERIFIED
64602944,root1:case_091_3core,0,0.0,0,A1_base,case_091,111101724,3,,384.7200344580051,mps,3304910,"{0: 3304041, 1: 3304119, 2: 3304910}",3090094,6577656,12956672,e9d54fc745830304e3b219cab0400e805bec5a3623bfd98b0e1d90dd71c7d210,109333286,6.647538084012922,A,71180600,"(3304910, 111101724, 109333286)",seed,/Users/futaoran/Desktop/华为杯2026/华为杯_code/results/full_main_fast_split_20260924,51646272,AI_VERIFIED
53589120,root1:case_091_3core,0,0.0,0,A2_base,case_091,119102236,3,,43.151874665985815,mps,3331278,"{0: 3331278, 1: 3266193, 2: 3315599}",9182935,6577656,20957184,2ae7fc3f5ca6addfaa291d680fc50d66d886ba8a2fcd3754edc887147c9d452a,60233748,5.892523624992464,A,60166776,"(3331278, 119102236, 60233748)",seed,/Users/futaoran/Desktop/华为杯2026/华为杯_code/results/full_main_fast_split_20260924,32631936,AI_VERIFIED
64602944,root1:case_091_3core,0,0.0,0,B1_base,case_091,111101724,3,,9.759368250000989,mps,3304910,"{0: 3304041, 1: 3304119, 2: 3304910}",3090094,6577656,12956672,e9d54fc745830304e3b219cab0400e805bec5a3623bfd98b0e1d90dd71c7d210,109333286,9.166582417004975,B,71180600,"(3304910, 111101724, 109333286)",seed,/Users/futaoran/Desktop/华为杯2026/华为杯_code/results/full_main_fast_split_20260924,51646272,AI_VERIFIED
198582420,root1:case_091_3core,0,0.0,0,B3_aggregate,case_091,225858352,3,,16.916660874994704,mps,3764306,"{0: 3223936, 1: 3234167, 2: 3454967}",6190210,6577656,127713300,dae65262e9d61bbc06cd45f780db4ef4d9fd4cb79c6c94eea2abac6aa0187dcd,74935296,16.17127600000822,B,205160076,"(3764306, 225858352, 74935296)",aggregate,/Users/futaoran/Desktop/华为杯2026/华为杯_code/results/full_main_fast_split_20260924,70869120,AI_VERIFIED
64602944,root1:case_091_3core,17402432,0.24462705379288754,53736192,base_base,case_091,111101724,3,,8.87308162500267,mps,3304910,"{0: 3304041, 1: 3304119, 2: 3304910}",3070819,6577656,12956672,e9d54fc745830304e3b219cab0400e805bec5a3623bfd98b0e1d90dd71c7d210,109333286,8.255979125009617,C,71180600,"(3304910, 111101724, 109333286)",seed,/Users/futaoran/Desktop/华为杯2026/华为杯_code/results/full_main_fast_split_20260924,51646272,AI_VERIFIED
66352448,root1:case_091_3core,8884032,0.12188585773529538,64004096,base_move,case_091,104623388,3,,11.647981874994002,mps,6608951,"{0: 6608951, 1: 3304119}",6100619,6577656,6478336,dc2b4fa567f076d639f4caaba9a645dca7881a9ce89ff5c5a49f7bb10b599b56,72963366,11.083782333007548,C,72930104,"(6608951, 104623388, 72963366)",ordinary,/Users/futaoran/Desktop/华为杯2026/华为杯_code/results/full_main_fast_split_20260924,59874112,AI_VERIFIED
69360288,root1:case_091_4core,0,0.0,0,A1_base,case_091,117580060,4,,351.5459407920134,mps,2489636,"{0: 2475880, 1: 2470844, 2: 2489636, 3: 2476710}",2315897,6577656,19435008,06eedb6d994591f7e8702bd968c23039e03df56740a5547ed97cd6ec9e55933c,115284396,6.520673584018368,A,75937944,"(2489636, 117580060, 115284396)",seed,/Users/futaoran/Desktop/华为杯2026/华为杯_code/results/full_main_fast_split_20260924,49925280,AI_VERIFIED
53302016,root1:case_091_4core,0,0.0,0,A2_base,case_091,124681116,4,,32.537224625004455,mps,2516867,"{0: 2516867, 1: 2430869, 2: 2476599, 3: 2488735}",9153439,6577656,26536064,e3b15d608986ca93df505a06e8c8e792f09a2158f17ac614d11889b7fee219bd,63583380,4.9801765409938525,A,59879672,"(2516867, 124681116, 63583380)",seed,/Users/futaoran/Desktop/华为杯2026/华为杯_code/results/full_main_fast_split_20260924,26765952,AI_VERIFIED
69360288,root1:case_091_4core,0,0.0,0,B1_base,case_091,117580060,4,,9.58704383301665,mps,2489636,"{0: 2475880, 1: 2470844, 2: 2489636, 3: 2476710}",2315897,6577656,19435008,06eedb6d994591f7e8702bd968c23039e03df56740a5547ed97cd6ec9e55933c,115284396,8.683893542009173,B,75937944,"(2489636, 117580060, 115284396)",seed,/Users/futaoran/Desktop/华为杯2026/华为杯_code/results/full_main_fast_split_20260924,49925280,AI_VERIFIED
,root1:case_091_4core,,,,B3_move,case_091,,4,"global execution (core, op): dependency cycle; (0, 1000103142) -[PIPE_MTE3 FIFO]-> (0, 1000103145); (0, 1000103145) -[PIPE_MTE3 FIFO]-> (0, 1000103148); (0, 1000103148) -[PIPE_MTE3 FIFO]-> (0, 1000103151); (0, 1000103151) -[PIPE_MTE3 FIFO]-> (0, 1000103154); (0, 1000103154) -[PIPE_MTE3 FIFO]-> (0, 1000103157); (0, 1000103157) -[PIPE_MTE3 FIFO]-> (0, 1000103160); (0, 1000103160) -[PIPE_MTE3 FIFO]-> (0, 1000103163); (0, 1000103163) -[PIPE_MTE3 FIFO]-> (0, 1000103166); (0, 1000103166) -[PIPE_MTE3 FIFO]-> (0, 1000103169); (0, 1000103169) -[PIPE_MTE3 FIFO]-> (0, 1000103172); (0, 1000103172) -[PIPE_MTE3 FIFO]-> (0, 1000103175); (0, 1000103175) -[PIPE_MTE3 FIFO]-> (0, 1000103178); (0, 1000103178) -[PIPE_MTE3 FIFO]-> (0, 1000103181); (0, 1000103181) -[PIPE_MTE3 FIFO]-> (0, 1000103184); (0, 1000103184) -[PIPE_MTE3 FIFO]-> (0, 1000103187); (0, 1000103187) -[PIPE_MTE3 FIFO]-> (0, 1000103190); ... (3879 edges total)",,mps,,,,,,bfbcaecd6b91441a4a321c8fa7f03fde2bf8f41ecfc90eff7843cbde90647f77,,16.977099040988833,B,,,ordinary,/Users/futaoran/Desktop/华为杯2026/华为杯_code/results/full_main_fast_split_20260924,,EVALUATION_FAILED
69360288,root1:case_091_4core,21282592,0.2804179531645212,54613376,base_base,case_091,117580060,4,,8.776029708009446,mps,2489636,"{0: 2475880, 1: 2470844, 2: 2489636, 3: 2476710}",2307637,6577656,19435008,06eedb6d994591f7e8702bd968c23039e03df56740a5547ed97cd6ec9e55933c,115284396,7.757605041988427,C,75937944,"(2489636, 117580060, 115284396)",seed,/Users/futaoran/Desktop/华为杯2026/华为杯_code/results/full_main_fast_split_20260924,49925280,AI_VERIFIED
71095968,root1:case_091_4core,14705440,0.18942583828698317,62926208,base_move,case_091,111101724,4,,9.691164791991469,mps,4960480,"{0: 2475880, 1: 4960480, 3: 2476710}",4584417,6577656,12956672,2d0e2ee5eaf8374341bcb90c1eedf8e930f66199a987efc8bf9743aaea701b94,86505388,9.365322915982688,C,77673624,"(4960480, 111101724, 86505388)",ordinary,/Users/futaoran/Desktop/华为杯2026/华为杯_code/results/full_main_fast_split_20260924,58139296,AI_VERIFIED
73417216,root1:case_091_5core,0,0.0,0,A1_base,case_091,124058396,5,,324.8120117079816,mps,2067640,"{0: 1987299, 1: 1981420, 2: 1981420, 3: 1981472, 4: 1981459}",1882479,6577656,25913344,1abef37c8e887fd13ba794eff0dc1f06f85068aad2159c77712a3ca96438fbc5,121236706,6.255730582983233,A,79994872,"(2067640, 124058396, 121236706)",seed,/Users/futaoran/Desktop/华为杯2026/华为杯_code/results/full_main_fast_split_20260924,47503872,AI_VERIFIED
54436992,root1:case_091_5core,0,0.0,0,A2_base,case_091,128216860,5,,27.139419499988435,mps,2136948,"{0: 2033889, 1: 1949016, 2: 1961517, 3: 1983461, 4: 1985187}",9165042,6577656,30071808,b93e0a071adf2b118ab1a868afab6a7a02e17edd08c99a0e0384d74299b9e1d0,64758548,5.3628607080026995,A,61014648,"(2136948, 128216860, 64758548)",seed,/Users/futaoran/Desktop/华为杯2026/华为杯_code/results/full_main_fast_split_20260924,24365184,AI_VERIFIED
73417216,root1:case_091_5core,0,0.0,0,B1_base,case_091,124058396,5,,9.252330000017537,mps,2067640,"{0: 1987299, 1: 1981420, 2: 1981420, 3: 1981472, 4: 1981459}",1882479,6577656,25913344,1abef37c8e887fd13ba794eff0dc1f06f85068aad2159c77712a3ca96438fbc5,121236706,8.272885415994097,B,79994872,"(2067640, 124058396, 121236706)",seed,/Users/futaoran/Desktop/华为杯2026/华为杯_code/results/full_main_fast_split_20260924,47503872,AI_VERIFIED
75830560,root1:case_091_5core,0,0.0,0,B1_move,case_091,117580060,5,,8.186842124996474,mps,3968719,"{1: 3968719, 2: 1981420, 3: 1981472, 4: 1981459}",3771527,6577656,19435008,a7fe62ac6ea1489214b5864d12ee11780c8545017199f016cd421af5ade9afdf,97010402,7.650039082975127,B,82408216,"(3968719, 117580060, 97010402)",ordinary,/Users/futaoran/Desktop/华为杯2026/华为杯_code/results/full_main_fast_split_20260924,56395552,AI_VERIFIED
73417216,root1:case_091_5core,24930816,0.3118187989087975,55022080,base_base,case_091,124058396,5,,8.59103591600433,mps,2067640,"{0: 1987299, 1: 1981420, 2: 1981420, 3: 1981472, 4: 1981459}",1876653,6577656,25913344,1abef37c8e887fd13ba794eff0dc1f06f85068aad2159c77712a3ca96438fbc5,121236706,7.8013597919780295,C,79994872,"(2067640, 124058396, 121236706)",seed,/Users/futaoran/Desktop/华为杯2026/华为杯_code/results/full_main_fast_split_20260924,47503872,AI_VERIFIED
75830560,root1:case_091_5core,16170144,0.19632004568862194,66196096,base_move,case_091,117580060,5,,8.136011708993465,mps,3968719,"{1: 3968719, 2: 1981420, 3: 1981472, 4: 1981459}",3751835,6577656,19435008,a7fe62ac6ea1489214b5864d12ee11780c8545017199f016cd421af5ade9afdf,97010402,7.546167749998858,C,82408216,"(3968719, 117580060, 97010402)",ordinary,/Users/futaoran/Desktop/华为杯2026/华为杯_code/results/full_main_fast_split_20260924,56395552,AI_VERIFIED
7902720,root2:batch_03,0,0.0,0,A0_base,case_087,48506078,1,,334.4511937079951,mps,4476064,{0: 4476064},3974071,5919098,0,7d58e35e4eb420bfb97bba605b78d22e8c1248e6adcff97ce917c30ef6d54653,47850304,20.63774595799623,A,13821818,"(4476064, 48506078, 47850304)",seed,/Users/futaoran/Desktop/华为杯2026/华为杯_code/results/full_main_fast_20260924,7902720,AI_VERIFIED
8038278,root2:batch_03,0,0.0,0,A2_base,case_087,48702564,1,,183.0523312499863,mps,4476064,{0: 4476064},3974123,5919098,135558,ff5a877a85d00ef30d53e0a18a13e3d3f48c8adc34ba4007e3a1296f1012a2c0,38452498,13.691791833000025,A,13957376,"(4476064, 48702564, 38452498)",seed,/Users/futaoran/Desktop/华为杯2026/华为杯_code/results/full_main_fast_20260924,7902720,AI_VERIFIED
26700130,root2:batch_03,0,0.0,0,B3_base,case_087,48506078,1,,22.891424417000962,mps,4476064,{0: 4476064},4051726,5919098,0,836d92aea584eee984b351c063debde9ed547490454ed84aeda8305fcd8faa93,30765162,24.140838457999052,B,32619228,"(4476064, 48506078, 30765162)",seed,/Users/futaoran/Desktop/华为杯2026/华为杯_code/results/full_main_fast_20260924,26700130,AI_VERIFIED
8246464,root2:batch_03,0,0.0,0,B3_aggregate,case_087,48506078,1,,18.99239712502458,mps,4476064,{0: 4476064},3971407,5919098,0,a6ad49e3f87b1bf16c48d419884d1a071f88c036492dafbbf9f83c17e8a55e05,36773802,19.586182333994657,B,14165562,"(4476064, 48506078, 36773802)",aggregate,/Users/futaoran/Desktop/华为杯2026/华为杯_code/results/full_main_fast_20260924,8246464,AI_VERIFIED
8246464,root2:batch_03,2534400,0.18111555864402304,11458876,base_base,case_087,48506078,1,,8.77126925002085,mps,4476064,{0: 4476064},3967115,5919098,0,a6ad49e3f87b1bf16c48d419884d1a071f88c036492dafbbf9f83c17e8a55e05,36773802,8.831837250007084,C,14165562,"(4476064, 48506078, 36773802)",seed,/Users/futaoran/Desktop/华为杯2026/华为杯_code/results/full_main_fast_20260924,8246464,AI_VERIFIED
8082112,root2:batch_03,2534400,0.18218544902991138,11376700,base_aggregate,case_087,48506078,1,,7.177822041005129,mps,4476064,{0: 4476064},3969978,5919098,0,620635384463f6fe9178eb8e177f87bdb41dd9f6992da8673f17c10efde702d1,38952490,6.712807125004474,C,14001210,"(4476064, 48506078, 38952490)",aggregate,/Users/futaoran/Desktop/华为杯2026/华为杯_code/results/full_main_fast_20260924,8082112,AI_VERIFIED
10050048,root2:batch_03,0,0.0,0,A1_base,case_087,50510558,2,,118.66319579200353,mps,2238076,"{0: 2237988, 1: 2238076}",2016479,5919098,2004480,06bb95bc28c0e4fe4ae1b7e93d12a3748c4be0e53b2408abdbacf2be51cd777f,49199424,4.317186416999903,A,15969146,"(2238076, 50510558, 49199424)",seed,/Users/futaoran/Desktop/华为杯2026/华为杯_code/results/full_main_fast_20260924,8045568,AI_VERIFIED
,root2:batch_03,,,,A3_move,case_087,,2,task schedule: dependency cycle; 1 -[subgraph dependency]-> 2; 2 -[subgraph dependency]-> 3; 3 -[core 0 task order]-> 4; 4 -[subgraph dependency]-> 5; 5 -[subgraph dependency]-> 1,,mps,,,,,,6347e7dd36254e107aeb29d93ccbcccb6257470c07ccc03c2ad4de282ea97ffe,,,A,,,ordinary,/Users/futaoran/Desktop/华为杯2026/华为杯_code/results/full_main_fast_20260924,,PROFILE_FAILED
24813852,root2:batch_03,0,0.0,0,A3_base,case_087,72939466,2,,18.006024791975506,mps,3156697,"{0: 1319367, 1: 3156697}",4023444,5919098,23671068,02b735fd933f1afc2bb6dcd918a589da31a1fc78052a9914d77a58e8f6b354ef,42828930,3.6240280830243137,A,30732950,"(3156697, 72939466, 42828930)",seed,/Users/futaoran/Desktop/华为杯2026/华为杯_code/results/full_main_fast_20260924,1142784,AI_VERIFIED
10050048,root2:batch_03,0,0.0,0,B1_base,case_087,50510558,2,,7.378441374981776,mps,2238076,"{0: 2237988, 1: 2238076}",2016479,5919098,2004480,06bb95bc28c0e4fe4ae1b7e93d12a3748c4be0e53b2408abdbacf2be51cd777f,49199424,6.960866959008854,B,15969146,"(2238076, 50510558, 49199424)",seed,/Users/futaoran/Desktop/华为杯2026/华为杯_code/results/full_main_fast_20260924,8045568,AI_VERIFIED
,root2:batch_03,,,,B3_reorder,case_087,,2,"global execution (core, op): dependency cycle; (0, 1000030125) -[PIPE_MTE3 FIFO]-> (0, 1000030202); (0, 1000030202) -[PIPE_MTE3 FIFO]-> (0, 1000038688); (0, 1000038688) -[PIPE_MTE3 FIFO]-> (0, 1000038700); (0, 1000038700) -[PIPE_MTE3 FIFO]-> (0, 1000038712); (0, 1000038712) -[PIPE_MTE3 FIFO]-> (0, 1000038813); (0, 1000038813) -[PIPE_MTE3 FIFO]-> (0, 1000038816); (0, 1000038816) -[PIPE_MTE3 FIFO]-> (0, 1000038819); (0, 1000038819) -[PIPE_MTE3 FIFO]-> (0, 1000030169); (0, 1000030169) -[PIPE_MTE3 FIFO]-> (0, 1000038728); (0, 1000038728) -[cross-core COPY]-> (1, 1000038729); (1, 1000038729) -[local data/memory dependency]-> (1, 17954); (1, 17954) -[local data/memory dependency]-> (1, 463); (1, 463) -[local data/memory dependency]-> (1, 796); (1, 796) -[local data/memory dependency]-> (1, 797); (1, 797) -[local data/memory dependency]-> (1, 802); (1, 802) -[local data/memory dependency]-> (1, 868); ... (174 edges total)",,mps,,,,,,d1493e61429bfacf89b4e2fc5b95b24234e2213adf7b070cb76d9a089055c612,,8.036176666995743,B,,,capacity,/Users/futaoran/Desktop/华为杯2026/华为杯_code/results/full_main_fast_20260924,,EVALUATION_FAILED
10050048,root2:batch_03,4700160,0.29433520457353785,11268572,base_base,case_087,50510558,2,,6.6180242499976885,mps,2238076,"{0: 2237988, 1: 2238076}",2013301,5919098,2004480,06bb95bc28c0e4fe4ae1b7e93d12a3748c4be0e53b2408abdbacf2be51cd777f,49199424,6.5434101659921,C,15969146,"(2238076, 50510558, 49199424)",seed,/Users/futaoran/Desktop/华为杯2026/华为杯_code/results/full_main_fast_20260924,8045568,AI_VERIFIED
10547712,root2:batch_03,2004480,0.12173155558751289,14461916,base_move,case_087,48506078,2,,10.26802391698584,mps,4476064,{0: 4476064},3965912,5919098,0,94a1f16f83615110a26bc4ace0c91f76163c43064d223fb5e3438a9a10295fb0,26360876,9.977251500007696,C,16466810,"(4476064, 48506078, 26360876)",ordinary,/Users/futaoran/Desktop/华为杯2026/华为杯_code/results/full_main_fast_20260924,10547712,AI_VERIFIED
11036160,root2:batch_03,0,0.0,0,A1_base,case_087,52515038,3,,97.52128904199344,mps,1495692,"{0: 1495692, 1: 1487404, 2: 1492968}",1374901,5919098,4008960,a221c11785c20dd32f6cd60871d46484a6ed077713e4cbf89398430953e5a97d,50548544,3.6530581249971874,A,16955258,"(1495692, 52515038, 50548544)",seed,/Users/futaoran/Desktop/华为杯2026/华为杯_code/results/full_main_fast_20260924,7027200,AI_VERIFIED
,root2:batch_03,,,,A2_move,case_087,,3,task schedule: dependency cycle; 1 -[subgraph dependency]-> 3; 3 -[subgraph dependency]-> 4; 4 -[core 2 task order]-> 5; 5 -[subgraph dependency]-> 1,,mps,,,,,,361c7a979769e8afda6e0a75aaecbc4edade07c076e903980f1c7248380330d1,,,A,,,ordinary,/Users/futaoran/Desktop/华为杯2026/华为杯_code/results/full_main_fast_20260924,,PROFILE_FAILED
33936750,root2:batch_03,0,0.0,0,A3_base,case_087,82910204,3,,14.596669374994235,mps,2227129,"{0: 1532295, 1: 2227129, 2: 716640}",4309493,5919098,33397614,e93abc1328ee4866268cd815403a42cd051df32fc7a34ff6e3ea945e584b8e07,46759484,3.4735107909946237,A,39855848,"(2227129, 82910204, 46759484)",seed,/Users/futaoran/Desktop/华为杯2026/华为杯_code/results/full_main_fast_20260924,539136,AI_VERIFIED
11036160,root2:batch_03,0,0.0,0,B1_base,case_087,52515038,3,,5.938023416994838,mps,1495692,"{0: 1495692, 1: 1487404, 2: 1492968}",1374901,5919098,4008960,a221c11785c20dd32f6cd60871d46484a6ed077713e4cbf89398430953e5a97d,50548544,5.5526351669977885,B,16955258,"(1495692, 52515038, 50548544)",seed,/Users/futaoran/Desktop/华为杯2026/华为杯_code/results/full_main_fast_20260924,7027200,AI_VERIFIED
,root2:batch_03,,,,B3_reorder,case_087,,3,"global execution (core, op): dependency cycle; (0, 1000031318) -[PIPE_MTE3 FIFO]-> (0, 1000031355); (0, 1000031355) -[PIPE_MTE3 FIFO]-> (0, 1000043169); (0, 1000043169) -[PIPE_MTE3 FIFO]-> (0, 1000043206); (0, 1000043206) -[cross-core COPY]-> (1, 1000043207); (1, 1000043207) -[local data/memory dependency]-> (1, 18014); (1, 18014) -[local data/memory dependency]-> (1, 18044); (1, 18044) -[local data/memory dependency]-> (1, 693); (1, 693) -[local data/memory dependency]-> (1, 769); (1, 769) -[local data/memory dependency]-> (1, 770); (1, 770) -[local data/memory dependency]-> (1, 775); (1, 775) -[local data/memory dependency]-> (1, 257); (1, 257) -[local data/memory dependency]-> (1, 274); (1, 274) -[local data/memory dependency]-> (1, 826); (1, 826) -[local data/memory dependency]-> (1, 831); (1, 831) -[local data/memory dependency]-> (1, 313); (1, 313) -[local data/memory dependency]-> (1, 330); ... (216 edges total)",,mps,,,,,,1a47e727d564666b8f484e264395843fe467cb23020e947b9f55e79106e73cde,,6.030744749994483,B,,,capacity,/Users/futaoran/Desktop/华为杯2026/华为杯_code/results/full_main_fast_20260924,,EVALUATION_FAILED
11036160,root2:batch_03,4432896,0.26145306910520677,12521948,base_base,case_087,52515038,3,,5.762874541018391,mps,1495692,"{0: 1495692, 1: 1487404, 2: 1492968}",1372451,5919098,4008960,a221c11785c20dd32f6cd60871d46484a6ed077713e4cbf89398430953e5a97d,50548544,6.09638824997819,C,16955258,"(1495692, 52515038, 50548544)",seed,/Users/futaoran/Desktop/华为杯2026/华为杯_code/results/full_main_fast_20260924,7027200,AI_VERIFIED
10787328,root2:batch_03,3571200,0.21376735512939893,13134812,base_move,case_087,50510558,3,,4.450490416988032,mps,2983096,"{1: 2983096, 2: 1492968}",2584098,5919098,2004480,e517c701c5d59f993a7b536f0f6e4ed93cf5738f09b62a103cc59758509133ee,34550886,3.785965707997093,C,16706426,"(2983096, 50510558, 34550886)",ordinary,/Users/futaoran/Desktop/华为杯2026/华为杯_code/results/full_main_fast_20260924,8782848,AI_VERIFIED
12607488,root2:batch_03,0,0.0,0,A1_base,case_087,53828318,4,,103.8923773750139,mps,1125839,"{0: 1120720, 1: 1112120, 2: 1117385, 3: 1125839}",1046846,5919098,5322240,e6cc680db2af141f526c54d9f6777df4e1ef1eefa3e0edf4566f6f8e87817ff7,51329804,5.309565625007963,A,18526586,"(1125839, 53828318, 51329804)",seed,/Users/futaoran/Desktop/华为杯2026/华为杯_code/results/full_main_fast_20260924,7285248,AI_VERIFIED
,root2:batch_03,,,,A3_move,case_087,,4,task schedule: dependency cycle; 1 -[subgraph dependency]-> 5; 5 -[subgraph dependency]-> 6; 6 -[subgraph dependency]-> 2; 2 -[subgraph dependency]-> 7; 7 -[core 1 task order]-> 8; 8 -[subgraph dependency]-> 10; 10 -[subgraph dependency]-> 1,,mps,,,,,,b922d185179c7893c75e6d903cb03ad7676a6872a2c7d4838dd8a5331c6d9893,,,A,,,ordinary,/Users/futaoran/Desktop/华为杯2026/华为杯_code/results/full_main_fast_20260924,,PROFILE_FAILED
35874654,root2:batch_03,0,0.0,0,A3_base,case_087,85875068,4,,11.140307791996747,mps,1615989,"{0: 763738, 1: 555637, 2: 1540700, 3: 1615989}",4202462,5919098,35874654,0c2eee5d8670310bab3443d29034d3931793323b1858908741027524ac1c41e1,46873228,3.289021791977575,A,41793752,"(1615989, 85875068, 46873228)",seed,/Users/futaoran/Desktop/华为杯2026/华为杯_code/results/full_main_fast_20260924,0,AI_VERIFIED
12607488,root2:batch_03,0,0.0,0,B1_base,case_087,53828318,4,,5.417738084011944,mps,1125839,"{0: 1120720, 1: 1112120, 2: 1117385, 3: 1125839}",1046846,5919098,5322240,e6cc680db2af141f526c54d9f6777df4e1ef1eefa3e0edf4566f6f8e87817ff7,51329804,5.124648209020961,B,18526586,"(1125839, 53828318, 51329804)",seed,/Users/futaoran/Desktop/华为杯2026/华为杯_code/results/full_main_fast_20260924,7285248,AI_VERIFIED
,root2:batch_03,,,,B3_reorder,case_087,,4,"global execution (core, op): dependency cycle; (0, 1000030256) -[PIPE_MTE3 FIFO]-> (0, 1000030834); (0, 1000030834) -[PIPE_MTE3 FIFO]-> (0, 1000030992); (0, 1000030992) -[PIPE_MTE3 FIFO]-> (0, 1000031029); (0, 1000031029) -[PIPE_MTE3 FIFO]-> (0, 1000031988); (0, 1000031988) -[PIPE_MTE3 FIFO]-> (0, 1000032025); (0, 1000032025) -[PIPE_MTE3 FIFO]-> (0, 1000044477); (0, 1000044477) -[PIPE_MTE3 FIFO]-> (0, 1000044480); (0, 1000044480) -[PIPE_MTE3 FIFO]-> (0, 1000044535); (0, 1000044535) -[cross-core COPY]-> (1, 1000044536); (1, 1000044536) -[local data/memory dependency]-> (1, 18014); (1, 18014) -[local data/memory dependency]-> (1, 17417); (1, 17417) -[local data/memory dependency]-> (1, 17446); (1, 17446) -[local data/memory dependency]-> (1, 17453); (1, 17453) -[local data/memory dependency]-> (1, 16323); (1, 16323) -[local data/memory dependency]-> (1, 15751); (1, 15751) -[local data/memory dependency]-> (1, 15754); ... (287 edges total)",,mps,,,,,,efd1125c4763326a5f85c67a8fb076d03480296f9ceb3c0d76b06a566fef47ca,,6.020130749995587,B,,,capacity,/Users/futaoran/Desktop/华为杯2026/华为杯_code/results/full_main_fast_20260924,,EVALUATION_FAILED
12607488,root2:batch_03,5548032,0.2994699606588992,12978140,base_base,case_087,53828318,4,,5.474222917022416,mps,1125839,"{0: 1120720, 1: 1112120, 2: 1117385, 3: 1125839}",1043492,5919098,5322240,e6cc680db2af141f526c54d9f6777df4e1ef1eefa3e0edf4566f6f8e87817ff7,51329804,4.983812582999235,C,18526586,"(1125839, 53828318, 51329804)",seed,/Users/futaoran/Desktop/华为杯2026/华为杯_code/results/full_main_fast_20260924,7285248,AI_VERIFIED
13469184,root2:batch_03,3667968,0.18918882674464257,15719900,base_move,case_087,52031198,4,,6.476603416987928,mps,2237959,"{0: 1120720, 1: 2237959, 2: 1117385}",2027546,5919098,3525120,139205a744e00e3a0c4975bdd864df6d9b533e6c3a601a0b091a499ad00e9e21,42189772,5.953060625004582,C,19388282,"(2237959, 52031198, 42189772)",ordinary,/Users/futaoran/Desktop/华为杯2026/华为杯_code/results/full_main_fast_20260924,9944064,AI_VERIFIED
12487680,root2:batch_03,0,0.0,0,A1_base,case_087,53690078,5,,92.86284050001996,mps,895965,"{0: 895965, 1: 895871, 2: 894799, 3: 894721, 4: 894708}",833349,5919098,5184000,bb1285e74eb8eb62e7952ed82f95ca752d8d77c0ab60da4db1dc3936851efc6a,50787718,3.5362852920079604,A,18406778,"(895965, 53690078, 50787718)",seed,/Users/futaoran/Desktop/华为杯2026/华为杯_code/results/full_main_fast_20260924,7303680,AI_VERIFIED
,root2:batch_03,,,,A3_move,case_087,,5,task schedule: dependency cycle; 1 -[subgraph dependency]-> 2; 2 -[subgraph dependency]-> 6; 6 -[subgraph dependency]-> 13; 13 -[subgraph dependency]-> 7; 7 -[subgraph dependency]-> 18; 18 -[core 4 task order]-> 19; 19 -[subgraph dependency]-> 10; 10 -[subgraph dependency]-> 14; 14 -[subgraph dependency]-> 11; 11 -[subgraph dependency]-> 5; 5 -[subgraph dependency]-> 1,,mps,,,,,,8aeb3df66d24600dc044fe426da97dbf98115ab3dae39442aed9213d6a4bf48e,,,A,,,ordinary,/Users/futaoran/Desktop/华为杯2026/华为杯_code/results/full_main_fast_20260924,,PROFILE_FAILED
36952318,root2:batch_03,0,0.0,0,A3_base,case_087,86817884,5,,9.505754499987233,mps,1449741,"{0: 443953, 1: 922463, 2: 1449741, 3: 1218048, 4: 441859}",4207048,5919098,36803582,d388a89436bb7dfb5eb934ba4753157334e43073dcd95d36ebdf5874995696e7,46602928,3.1176389589963946,A,42871416,"(1449741, 86817884, 46602928)",seed,/Users/futaoran/Desktop/华为杯2026/华为杯_code/results/full_main_fast_20260924,148736,AI_VERIFIED
12487680,root2:batch_03,0,0.0,0,B1_base,case_087,53690078,5,,5.1505664580035955,mps,895965,"{0: 895965, 1: 895871, 2: 894799, 3: 894721, 4: 894708}",833349,5919098,5184000,bb1285e74eb8eb62e7952ed82f95ca752d8d77c0ab60da4db1dc3936851efc6a,50787718,5.031570874998579,B,18406778,"(895965, 53690078, 50787718)",seed,/Users/futaoran/Desktop/华为杯2026/华为杯_code/results/full_main_fast_20260924,7303680,AI_VERIFIED
,root2:batch_03,,,,B3_reorder,case_087,,5,"global execution (core, op): dependency cycle; (0, 1000048239) -[PIPE_MTE3 FIFO]-> (0, 1000048242); (0, 1000048242) -[PIPE_MTE3 FIFO]-> (0, 1000048245); (0, 1000048245) -[PIPE_MTE3 FIFO]-> (0, 1000048248); (0, 1000048248) -[PIPE_MTE3 FIFO]-> (0, 1000048251); (0, 1000048251) -[PIPE_MTE3 FIFO]-> (0, 1000048263); (0, 1000048263) -[PIPE_MTE3 FIFO]-> (0, 1000048266); (0, 1000048266) -[PIPE_MTE3 FIFO]-> (0, 1000048278); (0, 1000048278) -[PIPE_MTE3 FIFO]-> (0, 1000048281); (0, 1000048281) -[PIPE_MTE3 FIFO]-> (0, 1000048293); (0, 1000048293) -[PIPE_MTE3 FIFO]-> (0, 1000048296); (0, 1000048296) -[PIPE_MTE3 FIFO]-> (0, 1000048394); (0, 1000048394) -[PIPE_MTE3 FIFO]-> (0, 1000048397); (0, 1000048397) -[PIPE_MTE3 FIFO]-> (0, 1000048400); (0, 1000048400) -[PIPE_MTE3 FIFO]-> (0, 1000048403); (0, 1000048403) -[PIPE_MTE3 FIFO]-> (0, 1000048406); (0, 1000048406) -[PIPE_MTE3 FIFO]-> (0, 1000048409); ... (193 edges total)",,mps,,,,,,06fb3ea63c49a29ecf22b86fa97c27629cbc7817f287d9a9dbb6ecfda9723adf,,5.946838292002212,B,,,capacity,/Users/futaoran/Desktop/华为杯2026/华为杯_code/results/full_main_fast_20260924,,EVALUATION_FAILED
12487680,root2:batch_03,5561856,0.3021702711084058,12844508,base_base,case_087,53690078,5,,5.151830666989554,mps,895965,"{0: 895965, 1: 895871, 2: 894799, 3: 894721, 4: 894708}",829669,5919098,5184000,bb1285e74eb8eb62e7952ed82f95ca752d8d77c0ab60da4db1dc3936851efc6a,50787718,4.8338973330101,C,18406778,"(895965, 53690078, 50787718)",seed,/Users/futaoran/Desktop/华为杯2026/华为杯_code/results/full_main_fast_20260924,7303680,AI_VERIFIED
12487680,root2:batch_03,6543360,0.3554944365981244,11863004,base_move,case_087,53690078,5,,5.06675900000846,mps,1790673,"{4: 1790673, 1: 895871, 2: 894799, 3: 894721}",1544911,5919098,5184000,1a01b54d46c174a20eabbee9fefac9becfb935035c31d90055ca016864f4180b,46358902,4.732980417000363,C,18406778,"(1790673, 53690078, 46358902)",ordinary,/Users/futaoran/Desktop/华为杯2026/华为杯_code/results/full_main_fast_20260924,7303680,AI_VERIFIED
277412256,root2:batch_04,0,0.0,0,A0_base,case_028,98501760,1,,345.0807436670002,mps,40950144,{0: 40950144},43836040,5908608,0,b276dcf7d4b01e36e6f581115b9702206cc06a32f2ddee681fca0985271d92f0,96097408,23.883817708992865,A,283320864,"(40950144, 98501760, 96097408)",seed,/Users/futaoran/Desktop/华为杯2026/华为杯_code/results/full_main_fast_20260924,277412256,AI_VERIFIED
277269792,root2:batch_04,0,0.0,0,A2_base,case_028,100723200,1,,171.39678670899593,mps,40950144,{0: 40950144},43840781,5908608,2197632,4dab85a416ac9176d84a90667b14a99a06f689dba876616d5cf1b3daae644654,48893056,10.27996695798356,A,283178400,"(40950144, 100723200, 48893056)",seed,/Users/futaoran/Desktop/华为杯2026/华为杯_code/results/full_main_fast_20260924,275072160,AI_VERIFIED
201071064,root2:batch_04,0,0.0,0,B3_base,case_028,98501760,1,,14.692212208989076,mps,40950144,{0: 40950144},43281233,5908608,0,23963cd497d59aa812c6c6f6ad517bd7444da6c34434f759c249b67e7b1d766e,44243176,15.68018716701772,B,206979672,"(40950144, 98501760, 44243176)",seed,/Users/futaoran/Desktop/华为杯2026/华为杯_code/results/full_main_fast_20260924,201071064,AI_VERIFIED
214118760,root2:batch_04,0,0.0,0,B3_aggregate,case_028,98501760,1,,11.221283000020776,mps,40950144,{0: 40950144},43534564,5908608,0,9b8809a8d24bb725bd79829b9e1ebdd50efb0099f26f300aecacbafca84e8e4c,45916792,10.985118707991205,B,220027368,"(40950144, 98501760, 45916792)",aggregate,/Users/futaoran/Desktop/华为杯2026/华为杯_code/results/full_main_fast_20260924,214118760,AI_VERIFIED
201071064,root2:batch_04,70995456,0.35530184112583163,128821848,base_base,case_028,98501760,1,,12.870258207985898,mps,40950144,{0: 40950144},42606375,5908608,0,23963cd497d59aa812c6c6f6ad517bd7444da6c34434f759c249b67e7b1d766e,44243176,12.865343458979623,C,206979672,"(40950144, 98501760, 44243176)",seed,/Users/futaoran/Desktop/华为杯2026/华为杯_code/results/full_main_fast_20260924,201071064,AI_VERIFIED
214118760,root2:batch_04,23250816,0.10877588171617672,190498920,base_aggregate,case_028,98501760,1,,7.965733874996658,mps,40950144,{0: 40950144},43340171,5908608,0,9b8809a8d24bb725bd79829b9e1ebdd50efb0099f26f300aecacbafca84e8e4c,45916792,10.27899237498059,C,220027368,"(40950144, 98501760, 45916792)",aggregate,/Users/futaoran/Desktop/华为杯2026/华为杯_code/results/full_main_fast_20260924,214118760,AI_VERIFIED
277447800,root2:batch_04,0,0.0,0,A2_base,case_028,105161472,2,,19.45248462498421,mps,20478816,"{0: 20478816, 1: 20471328}",43885199,5908608,6592896,bd791ee15431ed5e82eee2f606fd9b4c2cccdb53c91e4fd94bd79898ef5e539e,50541824,2.5709532079927158,A,283356408,"(20478816, 105161472, 50541824)",seed,/Users/futaoran/Desktop/华为杯2026/华为杯_code/results/full_main_fast_20260924,270854904,AI_VERIFIED
,root2:batch_04,,,,A2_reorder,case_028,,2,task schedule: dependency cycle; 0 -[core 0 task order]-> 1; 1 -[subgraph dependency]-> 2; 2 -[subgraph dependency]-> 3; 3 -[subgraph dependency]-> 0,,mps,,,,,,22c81c58c7f61bbd4f0a9c8089f8c55f334e59cf395d6e4c61832c307499dcaf,,,A,,,capacity,/Users/futaoran/Desktop/华为杯2026/华为杯_code/results/full_main_fast_20260924,,PROFILE_FAILED
277473600,root2:batch_04,0,0.0,0,A1_base,case_028,100650240,2,,60.59459604200674,mps,20608896,"{0: 20608896, 1: 20341248}",23638628,5908608,2148480,b5049a0eb8d4a3f827907ae877bba74737c5d59133db81afbe66eb1eced5684c,97721600,4.911100750003243,A,283382208,"(20608896, 100650240, 97721600)",seed,/Users/futaoran/Desktop/华为杯2026/华为杯_code/results/full_main_fast_20260924,275325120,AI_VERIFIED
277473600,root2:batch_04,0,0.0,0,B1_base,case_028,100650240,2,,5.400000083987834,mps,20608896,"{0: 20608896, 1: 20341248}",23638628,5908608,2148480,b5049a0eb8d4a3f827907ae877bba74737c5d59133db81afbe66eb1eced5684c,97721600,5.33241837497917,B,283382208,"(20608896, 100650240, 97721600)",seed,/Users/futaoran/Desktop/华为杯2026/华为杯_code/results/full_main_fast_20260924,275325120,AI_VERIFIED
199191168,root2:batch_04,0,0.0,0,B2_base,case_028,103201920,2,,4.284624167019501,mps,21047904,"{0: 21047904, 1: 19902240}",42918653,5908608,3760128,25e0bd721f3ef0204af554243b84bce899c606285784aae853d5a3d7e524501c,52885256,3.852296708006179,B,205099776,"(21047904, 103201920, 52885256)",seed,/Users/futaoran/Desktop/华为杯2026/华为杯_code/results/full_main_fast_20260924,195431040,AI_VERIFIED
277473600,root2:batch_04,1319688,0.0047431470336763695,276910776,base_base,case_028,100650240,2,,5.370608666999033,mps,20608896,"{0: 20608896, 1: 20341248}",23615145,5908608,2148480,b5049a0eb8d4a3f827907ae877bba74737c5d59133db81afbe66eb1eced5684c,97721600,5.014890082995407,C,283382208,"(20608896, 100650240, 97721600)",seed,/Users/futaoran/Desktop/华为杯2026/华为杯_code/results/full_main_fast_20260924,275325120,AI_VERIFIED
277412256,root2:batch_04,0,0.0,278067744,base_aggregate_tid_1000000059,case_028,98501760,2,,7.995016583998222,mps,40950144,{0: 40950144},43836040,5908608,0,d9a5aaa84d0446d96077c1aface57f65aebcc220fd23e53edf5ec5733020779b,49169536,7.731374916998902,C,283320864,"(40950144, 98501760, 49169536)",aggregate,/Users/futaoran/Desktop/华为杯2026/华为杯_code/results/full_main_fast_20260924,277412256,AI_VERIFIED
277369056,root2:batch_04,0,0.0,0,A1_base,case_028,102798720,3,,33.55544720799662,mps,13650048,"{0: 13650048, 1: 13650048, 2: 13650048}",16770711,5908608,4296960,2e37f70947c31db7887b192063656d6a4f96ce05da85b6abd5320ab8305d6d54,99345792,4.131055208999896,A,283277664,"(13650048, 102798720, 99345792)",seed,/Users/futaoran/Desktop/华为杯2026/华为杯_code/results/full_main_fast_20260924,273072096,AI_VERIFIED
276681288,root2:batch_04,0,0.0,0,A2_aggregate,case_028,107314560,3,,18.80929304199526,mps,13655184,"{0: 13655184, 1: 13644912, 2: 13650048}",30331327,5908608,8741376,fa84358456d0e38e739d48335aaafb6d0e31b8e6068ecec5e437a916690b605e,67903872,3.0449253340193536,A,282589896,"(13655184, 107314560, 67903872)",aggregate,/Users/futaoran/Desktop/华为杯2026/华为杯_code/results/full_main_fast_20260924,267939912,AI_VERIFIED
277369056,root2:batch_04,0,0.0,0,B1_base,case_028,102798720,3,,4.288436833012383,mps,13650048,"{0: 13650048, 1: 13650048, 2: 13650048}",16770711,5908608,4296960,2e37f70947c31db7887b192063656d6a4f96ce05da85b6abd5320ab8305d6d54,99345792,4.0857092079822905,B,283277664,"(13650048, 102798720, 99345792)",seed,/Users/futaoran/Desktop/华为杯2026/华为杯_code/results/full_main_fast_20260924,273072096,AI_VERIFIED
119581056,root2:batch_04,0,0.0,0,B3_base,case_028,138407424,3,,4.882532749994425,mps,14198760,"{0: 14198760, 1: 13472160, 2: 13279224}",37169954,5908608,32969856,42d0531042aaf266cc1a91a2f36e03c2c8805c1c2b825d447da2a50f117755e2,49478040,4.523917832993902,B,125489664,"(14198760, 138407424, 49478040)",seed,/Users/futaoran/Desktop/华为杯2026/华为杯_code/results/full_main_fast_20260924,86611200,AI_VERIFIED
277369056,root2:batch_04,0,0.0,278227296,base_base,case_028,102798720,3,,4.159411333996104,mps,13650048,"{0: 13650048, 1: 13650048, 2: 13650048}",16770711,5908608,4296960,2e37f70947c31db7887b192063656d6a4f96ce05da85b6abd5320ab8305d6d54,99345792,3.8231280830223113,C,283277664,"(13650048, 102798720, 99345792)",seed,/Users/futaoran/Desktop/华为杯2026/华为杯_code/results/full_main_fast_20260924,273072096,AI_VERIFIED
279235440,root2:batch_04,26152992,0.09341379702309037,253816272,base_move,case_028,100650240,3,,3.5377237500215415,mps,27300096,"{1: 27300096, 2: 13650048}",29664077,5908608,2148480,fecf271a8b2176becdc3ecb75f9874c33fe1c2660608a06f529bb96029db9138,66230528,3.380504333996214,C,285144048,"(27300096, 100650240, 66230528)",ordinary,/Users/futaoran/Desktop/华为杯2026/华为杯_code/results/full_main_fast_20260924,277086960,AI_VERIFIED
278273016,root2:batch_04,0,0.0,0,A2_base,case_028,114030336,4,,10.262450667010853,mps,10240128,"{0: 10238688, 1: 10240128, 2: 10233096, 3: 10238232}",43918979,5908608,15380352,162e2828fe8e15b2507f2e51f614505931efd229bddc1837e772ced06562ad21,53851648,2.168626333004795,A,284181624,"(10240128, 114030336, 53851648)",seed,/Users/futaoran/Desktop/华为杯2026/华为杯_code/results/full_main_fast_20260924,262892664,AI_VERIFIED
,root2:batch_04,,,,A2_reorder,case_028,,4,task schedule: dependency cycle; 0 -[core 0 task order]-> 1; 1 -[subgraph dependency]-> 2; 2 -[subgraph dependency]-> 4; 4 -[subgraph dependency]-> 6; 6 -[subgraph dependency]-> 5; 5 -[subgraph dependency]-> 7; 7 -[subgraph dependency]-> 3; 3 -[subgraph dependency]-> 0,,mps,,,,,,a5c16e4fe50a55991aea44c5da9f6ed2bb51db24e8b1ca4aba4c26318dec3b33,,,A,,,capacity,/Users/futaoran/Desktop/华为杯2026/华为杯_code/results/full_main_fast_20260924,,PROFILE_FAILED
277760640,root2:batch_04,0,0.0,0,A1_base,case_028,104947200,4,,21.438931624987163,mps,10438272,"{0: 10438272, 1: 10170624, 2: 10170624, 3: 10170624}",13608312,5908608,6445440,43314df706e975b9b55feb38935da33f84e878b525f976fd52148c2103f86fdf,100969984,3.4357822500169277,A,283669248,"(10438272, 104947200, 100969984)",seed,/Users/futaoran/Desktop/华为杯2026/华为杯_code/results/full_main_fast_20260924,271315200,AI_VERIFIED
277760640,root2:batch_04,0,0.0,0,B1_base,case_028,104947200,4,,3.667327583010774,mps,10438272,"{0: 10438272, 1: 10170624, 2: 10170624, 3: 10170624}",13608312,5908608,6445440,43314df706e975b9b55feb38935da33f84e878b525f976fd52148c2103f86fdf,100969984,3.419852125021862,B,283669248,"(10438272, 104947200, 100969984)",seed,/Users/futaoran/Desktop/华为杯2026/华为杯_code/results/full_main_fast_20260924,271315200,AI_VERIFIED
168153600,root2:batch_04,0,0.0,0,B2_base,case_028,116479872,4,,3.6953446659899782,mps,10634112,"{0: 10413792, 1: 10634112, 2: 9558216, 3: 10344024}",42851390,5908608,14100480,09c10523e24cafc6093a631713b889b4d220f09111bf8a4dcc0eafeeee4c04d7,56074888,3.3670738749788143,B,174062208,"(10634112, 116479872, 56074888)",seed,/Users/futaoran/Desktop/华为杯2026/华为杯_code/results/full_main_fast_20260924,154053120,AI_VERIFIED
277760640,root2:batch_04,743688,0.0026682384304864775,277975032,base_base,case_028,104947200,4,,3.721617667004466,mps,10438272,"{0: 10438272, 1: 10170624, 2: 10170624, 3: 10170624}",13585418,5908608,6445440,43314df706e975b9b55feb38935da33f84e878b525f976fd52148c2103f86fdf,100969984,3.4453373749856837,C,283669248,"(10438272, 104947200, 100969984)",seed,/Users/futaoran/Desktop/华为杯2026/华为杯_code/results/full_main_fast_20260924,271315200,AI_VERIFIED
279379728,root2:batch_04,86448168,0.308506647440282,193766760,base_move,case_028,102798720,4,,3.478947416006122,mps,20608896,"{1: 20608896, 2: 10170624, 3: 10170624}",22367646,5908608,4296960,8ed228d392b2b84e117d14d8c1275043cc3ab60513003ed669871210247658bd,75881856,3.146494332992006,C,285288336,"(20608896, 102798720, 75881856)",ordinary,/Users/futaoran/Desktop/华为杯2026/华为杯_code/results/full_main_fast_20260924,275082768,AI_VERIFIED
277365672,root2:batch_04,0,0.0,0,A2_base,case_028,118503168,5,,8.653702167008305,mps,8196792,"{0: 8191368, 1: 8185848, 2: 8187624, 3: 8196792, 4: 8188512}",44033382,5908608,19809408,c94902f98f5636adba772a94376ed28a749be32c3d905efcf63bbef2399f7ee8,55885952,2.1315115420147777,A,283274280,"(8196792, 118503168, 55885952)",seed,/Users/futaoran/Desktop/华为杯2026/华为杯_code/results/full_main_fast_20260924,257556264,AI_VERIFIED
,root2:batch_04,,,,A2_reorder,case_028,,5,task schedule: dependency cycle; 0 -[core 0 task order]-> 1; 1 -[subgraph dependency]-> 2; 2 -[subgraph dependency]-> 4; 4 -[subgraph dependency]-> 6; 6 -[subgraph dependency]-> 8; 8 -[subgraph dependency]-> 3; 3 -[subgraph dependency]-> 9; 9 -[subgraph dependency]-> 5; 5 -[subgraph dependency]-> 7; 7 -[subgraph dependency]-> 0,,mps,,,,,,65e2c15ce87f351a150be74a977df66fb66526cd733e2abb06c65b2aee9e62e1,,,A,,,capacity,/Users/futaoran/Desktop/华为杯2026/华为杯_code/results/full_main_fast_20260924,,PROFILE_FAILED
277818912,root2:batch_04,0,0.0,0,A1_base,case_028,107095680,5,,17.54340699999011,mps,8297088,"{0: 8297088, 1: 8297088, 2: 8297088, 3: 8029440, 4: 8029440}",11491035,5908608,8593920,c596c7b1d41495defc89a38232d181f1e91dcf14248cfcd18019728e634b3058,102594176,3.112734416994499,A,283727520,"(8297088, 107095680, 102594176)",seed,/Users/futaoran/Desktop/华为杯2026/华为杯_code/results/full_main_fast_20260924,269224992,AI_VERIFIED
277818912,root2:batch_04,0,0.0,0,B1_base,case_028,107095680,5,,3.4713032500003465,mps,8297088,"{0: 8297088, 1: 8297088, 2: 8297088, 3: 8029440, 4: 8029440}",11491035,5908608,8593920,c596c7b1d41495defc89a38232d181f1e91dcf14248cfcd18019728e634b3058,102594176,3.3369618330034427,B,283727520,"(8297088, 107095680, 102594176)",seed,/Users/futaoran/Desktop/华为杯2026/华为杯_code/results/full_main_fast_20260924,269224992,AI_VERIFIED
64192944,root2:batch_04,0,0.0,0,B3_base,case_028,152643912,5,,4.90656212499016,mps,9169248,"{0: 9169248, 1: 7515360, 2: 7723584, 3: 7792080, 4: 8749872}",34247266,5908608,47084232,c6fc2179dfc9224d8b8d93c1eb6eb312e2e04a902419b2af9df3f5d7ac97c541,58802000,4.413481291994685,B,70101552,"(9169248, 152643912, 58802000)",seed,/Users/futaoran/Desktop/华为杯2026/华为杯_code/results/full_main_fast_20260924,17108712,AI_VERIFIED
277818912,root2:batch_04,2963736,0.010627459809132753,275911560,base_base,case_028,107095680,5,,3.7558240840153303,mps,8297088,"{0: 8297088, 1: 8297088, 2: 8297088, 3: 8029440, 4: 8029440}",11450794,5908608,8593920,c596c7b1d41495defc89a38232d181f1e91dcf14248cfcd18019728e634b3058,102594176,3.2114871660014614,C,283727520,"(8297088, 107095680, 102594176)",seed,/Users/futaoran/Desktop/华为杯2026/华为杯_code/results/full_main_fast_20260924,269224992,AI_VERIFIED
279520944,root2:batch_04,106027848,0.3780572879343315,174426600,base_move,case_028,104947200,5,,3.270192791009322,mps,16326528,"{3: 16326528, 1: 8297088, 2: 8297088, 4: 8029440}",17679315,5908608,6445440,49412fd7946f538d0fe0c7d7c84ea9c8c9cb0174da4a7df5a866f374310b0acd,82445824,2.9459307079960126,C,285429552,"(16326528, 104947200, 82445824)",ordinary,/Users/futaoran/Desktop/华为杯2026/华为杯_code/results/full_main_fast_20260924,273075504,AI_VERIFIED
66000096,root2:batch_05,0,0.0,0,A0_base,case_092,58366560,1,,219.5834039170004,mps,4040752,{0: 4040752},4815554,3256928,0,88c8612bb8e50b71cf92b7574ccd798aef918cc3df39238da2830ed1e9020975,56679008,18.21635954201338,A,69257024,"(4040752, 58366560, 56679008)",seed,/Users/futaoran/Desktop/华为杯2026/华为杯_code/results/full_main_fast_20260924,66000096,AI_VERIFIED
66389088,root2:batch_05,0,0.0,0,A2_base,case_092,59296960,1,,115.47806275001494,mps,4040752,{0: 4040752},4817056,3256928,930400,b0814aa0f87c5e8f1e6204d6f29e5be133ee6aed6137cbd676c33f8d97bd97ce,28542560,12.254280708992155,A,69646016,"(4040752, 59296960, 28542560)",seed,/Users/futaoran/Desktop/华为杯2026/华为杯_code/results/full_main_fast_20260924,65458688,AI_VERIFIED
19239168,root2:batch_05,0,0.0,0,B3_base,case_092,58366560,1,,14.13118220801698,mps,4040752,{0: 4040752},4203197,3256928,0,f4f4acfab22e42d96e86235b7614d2291a054761096a4aafe53c8353c8a907e1,25471744,14.427736999990884,B,22496096,"(4040752, 58366560, 25471744)",seed,/Users/futaoran/Desktop/华为杯2026/华为杯_code/results/full_main_fast_20260924,19239168,AI_VERIFIED
28217600,root2:batch_05,0,0.0,0,B3_aggregate,case_092,58366560,1,,12.232027958001709,mps,4040752,{0: 4040752},4239896,3256928,0,7b0c31a6d3d2f16401594a226f3e66c3e77d798701c964c47a0d0d2d3453e332,27677920,12.267488832992967,B,31474528,"(4040752, 58366560, 27677920)",aggregate,/Users/futaoran/Desktop/华为杯2026/华为杯_code/results/full_main_fast_20260924,28217600,AI_VERIFIED
19239168,root2:batch_05,12071424,0.6605924864854452,6202208,base_base,case_092,58366560,1,,15.102397417009342,mps,4040752,{0: 4040752},4076456,3256928,0,f4f4acfab22e42d96e86235b7614d2291a054761096a4aafe53c8353c8a907e1,25471744,13.824094500014326,C,22496096,"(4040752, 58366560, 25471744)",seed,/Users/futaoran/Desktop/华为杯2026/华为杯_code/results/full_main_fast_20260924,19239168,AI_VERIFIED
28217600,root2:batch_05,22107648,0.7953883721492493,5687136,base_aggregate,case_092,58366560,1,,13.33438045802177,mps,4040752,{0: 4040752},4100159,3256928,0,7b0c31a6d3d2f16401594a226f3e66c3e77d798701c964c47a0d0d2d3453e332,27677920,12.804686624993337,C,31474528,"(4040752, 58366560, 27677920)",aggregate,/Users/futaoran/Desktop/华为杯2026/华为杯_code/results/full_main_fast_20260924,28217600,AI_VERIFIED
66389088,root2:batch_05,0,0.0,0,A1_base,case_092,59296960,2,,105.35541966601158,mps,2020376,"{0: 2020376, 1: 2020376}",2828252,3256928,930400,263b93f0e87106953f017c99e50324d94dbac3e7279b3be69440addb5424e7f9,57085120,13.758074250014033,A,69646016,"(2020376, 59296960, 57085120)",seed,/Users/futaoran/Desktop/华为杯2026/华为杯_code/results/full_main_fast_20260924,65458688,AI_VERIFIED
,root2:batch_05,,,,A2_aggregate,case_092,,2,task schedule: dependency cycle; 0 -[subgraph dependency]-> 1; 1 -[core 1 task order]-> 2; 2 -[subgraph dependency]-> 0,,mps,,,,,,210df9e09e07d7cfae9f482ac66fa2e9e50e45d942141c98fc3284989623264f,,,A,,,aggregate,/Users/futaoran/Desktop/华为杯2026/华为杯_code/results/full_main_fast_20260924,,PROFILE_FAILED
66661472,root2:batch_05,0,0.0,0,A2_base,case_092,61255040,2,,33.37091304198839,mps,2020376,"{0: 2020376, 1: 2020376}",4816556,3256928,2856736,6ed88ff445364b0bd66909d3b6b6788e5e9aedf64309ed5ab014ee3a87474f23,28978368,4.662096916988958,A,69918400,"(2020376, 61255040, 28978368)",seed,/Users/futaoran/Desktop/华为杯2026/华为杯_code/results/full_main_fast_20260924,63804736,AI_VERIFIED
66389088,root2:batch_05,0,0.0,0,B1_base,case_092,59296960,2,,5.083922958001494,mps,2020376,"{0: 2020376, 1: 2020376}",2828252,3256928,930400,263b93f0e87106953f017c99e50324d94dbac3e7279b3be69440addb5424e7f9,57085120,8.120790832996136,B,69646016,"(2020376, 59296960, 57085120)",seed,/Users/futaoran/Desktop/华为杯2026/华为杯_code/results/full_main_fast_20260924,65458688,AI_VERIFIED
16062208,root2:batch_05,0,0.0,0,B3_base,case_092,70057952,2,,3.956816666992381,mps,2100752,"{0: 2100752, 1: 1940000}",3584079,3256928,9395584,b6458368d96c73dc2d949c73ff78ec7f73029a85e0b3cfbf5d62a01ca5a0b924,28453728,3.6486210829752963,B,19319136,"(2100752, 70057952, 28453728)",seed,/Users/futaoran/Desktop/华为杯2026/华为杯_code/results/full_main_fast_20260924,6666624,AI_VERIFIED
66389088,root2:batch_05,50993920,0.7591771943849205,16176064,base_base,case_092,59296960,2,,3.9166616669972427,mps,2020376,"{0: 2020376, 1: 2020376}",2358868,3256928,930400,263b93f0e87106953f017c99e50324d94dbac3e7279b3be69440addb5424e7f9,57085120,3.7339677089767065,C,69646016,"(2020376, 59296960, 57085120)",seed,/Users/futaoran/Desktop/华为杯2026/华为杯_code/results/full_main_fast_20260924,65458688,AI_VERIFIED
66000096,root2:batch_05,52970464,0.7935495964003455,13780832,base_aggregate_tid_1000000059,case_092,58366560,2,,5.833009915979346,mps,4040752,{0: 4040752},4333631,3256928,0,9ef312a88b8666775a6c0d3f8b61df8b2a0c1a534c3e9bf388a0c8212a6a1818,28542560,5.533590457984246,C,69257024,"(4040752, 58366560, 28542560)",aggregate,/Users/futaoran/Desktop/华为杯2026/华为杯_code/results/full_main_fast_20260924,66000096,AI_VERIFIED
67995232,root2:batch_05,0,0.0,0,A2_base,case_092,63227456,3,,9.386181208014023,mps,1346998,"{0: 1346870, 1: 1346998, 2: 1346884}",4820113,3256928,4799456,b66ee06526d3618cc4d7ccf5dbe342b8d4fa9f53265d83266813871e2fef2662,29414176,2.008453874994302,A,71252160,"(1346998, 63227456, 29414176)",seed,/Users/futaoran/Desktop/华为杯2026/华为杯_code/results/full_main_fast_20260924,63195776,AI_VERIFIED
,root2:batch_05,,,,A2_reorder,case_092,,3,task schedule: dependency cycle; 0 -[core 0 task order]-> 1; 1 -[subgraph dependency]-> 2; 2 -[subgraph dependency]-> 4; 4 -[subgraph dependency]-> 5; 5 -[subgraph dependency]-> 3; 3 -[subgraph dependency]-> 0,,mps,,,,,,6c9e50f1ce19de358f9f7d22fb0d8663fd5e9822ea26ac9e2ce4eea469ab3e63,,,A,,,capacity,/Users/futaoran/Desktop/华为杯2026/华为杯_code/results/full_main_fast_20260924,,PROFILE_FAILED
66784736,root2:batch_05,0,0.0,0,A1_base,case_092,60227360,3,,23.41232208299334,mps,1365888,"{0: 1365888, 1: 1337432, 2: 1337432}",2231804,3256928,1860800,d06cafbde6c142ba96432df9835638b8464a40a650a336da1d44e2f184c1abed,57491232,3.239859958004672,A,70041664,"(1365888, 60227360, 57491232)",seed,/Users/futaoran/Desktop/华为杯2026/华为杯_code/results/full_main_fast_20260924,64923936,AI_VERIFIED
66784736,root2:batch_05,0,0.0,0,B1_base,case_092,60227360,3,,3.529337541986024,mps,1365888,"{0: 1365888, 1: 1337432, 2: 1337432}",2231804,3256928,1860800,d06cafbde6c142ba96432df9835638b8464a40a650a336da1d44e2f184c1abed,57491232,3.2831002919992898,B,70041664,"(1365888, 60227360, 57491232)",seed,/Users/futaoran/Desktop/华为杯2026/华为杯_code/results/full_main_fast_20260924,64923936,AI_VERIFIED
10802304,root2:batch_05,0,0.0,0,B2_base,case_092,65656544,3,,3.441305457992712,mps,1473774,"{0: 1473774, 1: 1252238, 2: 1314740}",4050255,3256928,5835904,7498538d5af5043c239cf162486b2316a08a22b1d2bdc6db1df4bedc083193a0,30559744,3.121250541007612,B,14059232,"(1473774, 65656544, 30559744)",seed,/Users/futaoran/Desktop/华为杯2026/华为杯_code/results/full_main_fast_20260924,4966400,AI_VERIFIED
66784736,root2:batch_05,44215392,0.6541586932458932,23375840,base_base,case_092,60227360,3,,3.6629343749955297,mps,1365888,"{0: 1365888, 1: 1337432, 2: 1337432}",1792534,3256928,1860800,d06cafbde6c142ba96432df9835638b8464a40a650a336da1d44e2f184c1abed,57491232,3.3164411670004483,C,70041664,"(1365888, 60227360, 57491232)",seed,/Users/futaoran/Desktop/华为杯2026/华为杯_code/results/full_main_fast_20260924,64923936,AI_VERIFIED
66824160,root2:batch_05,54157152,0.8010813865755839,13447904,base_move,case_092,59296960,3,,3.1580259159964044,mps,2703320,"{1: 2703320, 2: 1337432}",2931356,3256928,930400,d02058e90fbf92a45c4f7952a4e6993cce7374dd50dd4b4bb6350eeb38c5bc26,38459584,2.886204332986381,C,70081088,"(2703320, 59296960, 38459584)",ordinary,/Users/futaoran/Desktop/华为杯2026/华为杯_code/results/full_main_fast_20260924,65893760,AI_VERIFIED
67180384,root2:batch_05,0,0.0,0,A1_base,case_092,61157760,4,,16.893111374985892,mps,1024416,"{0: 1024416, 1: 1024416, 2: 995960, 3: 995960}",1927728,3256928,2791200,605b45db8fa5df8451acb75064a9060f4ecb643b5c29439291727d854d857edc,57897344,2.9952130829915404,A,70437312,"(1024416, 61157760, 57897344)",seed,/Users/futaoran/Desktop/华为杯2026/华为杯_code/results/full_main_fast_20260924,64389184,AI_VERIFIED
,root2:batch_05,,,,A2_aggregate,case_092,,4,task schedule: dependency cycle; 0 -[subgraph dependency]-> 1; 1 -[subgraph dependency]-> 3; 3 -[subgraph dependency]-> 5; 5 -[core 3 task order]-> 6; 6 -[subgraph dependency]-> 4; 4 -[subgraph dependency]-> 0,,mps,,,,,,53e9811a8777b0840d57b1af3a4028f6dc7a133e0f3444edc58f358612e2bac0,,,A,,,aggregate,/Users/futaoran/Desktop/华为杯2026/华为杯_code/results/full_main_fast_20260924,,PROFILE_FAILED
67969760,root2:batch_05,0,0.0,0,A2_base,case_092,65140480,4,,7.86438662497676,mps,1085675,"{0: 1010164, 1: 1010212, 2: 1010812, 3: 1009564}",4880160,3256928,6693024,301d6a215ba8940d6867f57d2d9e7c9e9e827501764164d5f37a0db593a05026,29954432,2.063993291987572,A,71226688,"(1085675, 65140480, 29954432)",seed,/Users/futaoran/Desktop/华为杯2026/华为杯_code/results/full_main_fast_20260924,61276736,AI_VERIFIED
67180384,root2:batch_05,0,0.0,0,B1_base,case_092,61157760,4,,3.246215082996059,mps,1024416,"{0: 1024416, 1: 1024416, 2: 995960, 3: 995960}",1927728,3256928,2791200,605b45db8fa5df8451acb75064a9060f4ecb643b5c29439291727d854d857edc,57897344,3.0071670830075163,B,70437312,"(1024416, 61157760, 57897344)",seed,/Users/futaoran/Desktop/华为杯2026/华为杯_code/results/full_main_fast_20260924,64389184,AI_VERIFIED
12543104,root2:batch_05,0,0.0,0,B2_base,case_092,69437152,4,,2.9314176669868175,mps,1157286,"{0: 1096524, 1: 913628, 2: 1073236, 3: 957364}",3632469,3256928,8744064,a7bb915d1d1f64bda6733a88b800d3a15be35401fbae4e734eaa2087c08e5948,34417280,2.6735797910077963,B,15800032,"(1157286, 69437152, 34417280)",seed,/Users/futaoran/Desktop/华为杯2026/华为杯_code/results/full_main_fast_20260924,3799040,AI_VERIFIED
67180384,root2:batch_05,44066112,0.6479121478881523,23946368,base_base,case_092,61157760,4,,3.1031041250098497,mps,1024416,"{0: 1024416, 1: 1024416, 2: 995960, 3: 995960}",1470508,3256928,2791200,605b45db8fa5df8451acb75064a9060f4ecb643b5c29439291727d854d857edc,57897344,2.8556335419998504,C,70437312,"(1024416, 61157760, 57897344)",seed,/Users/futaoran/Desktop/华为杯2026/华为杯_code/results/full_main_fast_20260924,64389184,AI_VERIFIED
67219808,root2:batch_05,48971584,0.719891881822655,19054720,base_move,case_092,60227360,4,,2.8854826250171755,mps,2020376,"{2: 2020376, 1: 1024416, 3: 995960}",2372826,3256928,1860800,9fd15445dedd54ba798d59806499ffda236cb23c9b1a3b0b60969ffa539eb502,43621152,2.7631335000041872,C,70476736,"(2020376, 60227360, 43621152)",ordinary,/Users/futaoran/Desktop/华为杯2026/华为杯_code/results/full_main_fast_20260924,65359008,AI_VERIFIED
66980256,root2:batch_05,0,0.0,0,A1_base,case_092,62088160,5,,28.58119125000667,mps,1034803,"{0: 825224, 1: 825224, 2: 796768, 3: 796768, 4: 796768}",1661234,3256928,3721600,f679f3707f505be83be9041359e375a7e5f2bb9db84c02402efbae714b4caf19,58303456,2.644889457995305,A,70237184,"(1034803, 62088160, 58303456)",seed,/Users/futaoran/Desktop/华为杯2026/华为杯_code/results/full_main_fast_20260924,63258656,AI_VERIFIED
69150304,root2:batch_05,0,0.0,0,A2_base,case_092,67092928,5,,5.136858208017657,mps,1118216,"{0: 808966, 1: 808340, 2: 807828, 3: 808012, 4: 807606}",4860404,3256928,8624480,4747fdc4e60336cb076a1dcca013ee692b41b913d9622864271707993d9137e0,30333408,1.9457138330035377,A,72407232,"(1118216, 67092928, 30333408)",seed,/Users/futaoran/Desktop/华为杯2026/华为杯_code/results/full_main_fast_20260924,60525824,AI_VERIFIED
66980256,root2:batch_05,0,0.0,0,B1_base,case_092,62088160,5,,2.799016250006389,mps,1034803,"{0: 825224, 1: 825224, 2: 796768, 3: 796768, 4: 796768}",1649430,3256928,3721600,f679f3707f505be83be9041359e375a7e5f2bb9db84c02402efbae714b4caf19,58303456,2.736230999988038,B,70237184,"(1034803, 62088160, 58303456)",seed,/Users/futaoran/Desktop/华为杯2026/华为杯_code/results/full_main_fast_20260924,63258656,AI_VERIFIED
9765952,root2:batch_05,0,0.0,0,B2_base,case_092,67048096,5,,2.5860640419996344,mps,1117469,"{0: 917158, 1: 810982, 2: 768068, 3: 747036, 4: 797508}",3051433,3256928,7619648,7556da031e553d885815e190fa7b962359f81cb172128efb79b23bc67fb8c6d1,31542240,2.431060458009597,B,13022880,"(1117469, 67048096, 31542240)",seed,/Users/futaoran/Desktop/华为杯2026/华为杯_code/results/full_main_fast_20260924,2146304,AI_VERIFIED
66980256,root2:batch_05,39473888,0.580675424788359,28505376,base_base,case_092,62088160,5,,2.7043397499946877,mps,1034803,"{0: 825224, 1: 825224, 2: 796768, 3: 796768, 4: 796768}",1351088,3256928,3721600,f679f3707f505be83be9041359e375a7e5f2bb9db84c02402efbae714b4caf19,58303456,2.6098588749882765,C,70237184,"(1034803, 62088160, 58303456)",seed,/Users/futaoran/Desktop/华为杯2026/华为杯_code/results/full_main_fast_20260924,63258656,AI_VERIFIED
67263328,root2:batch_05,47836384,0.7015725800017458,20348128,base_move,case_092,61157760,5,,2.5683295000053477,mps,1621992,"{2: 1621992, 1: 825224, 3: 796768, 4: 796768}",2015077,3256928,2791200,2cc9fb6c4cd27ec1e37f54e3d7207765fedaac7ebb02f89f25b3d574257e25bc,46801280,2.475257749989396,C,70520256,"(1621992, 61157760, 46801280)",ordinary,/Users/futaoran/Desktop/华为杯2026/华为杯_code/results/full_main_fast_20260924,64472128,AI_VERIFIED
0,root2:batch_06,0,0.0,0,A0_base,case_054,12713674,1,,93.3171135839948,mps,1014888,{0: 1014888},815051,1606276,0,c357a1b959853122a32ef69de4339c45eb05f27909c50ad4180e8044a58f6856,12058252,11.348794709017966,A,1606276,"(1014888, 12713674, 12058252)",seed,/Users/futaoran/Desktop/华为杯2026/华为杯_code/results/full_main_fast_20260924,0,AI_VERIFIED
81734,root2:batch_06,0,0.0,0,A2_base,case_054,12821776,1,,48.26778512497549,mps,1014888,{0: 1014888},814055,1606276,81734,84740f40f7165df799fdcd9768127d74b1e6c671113883bd61f4e47306f27863,7587686,6.7139317500113975,A,1688010,"(1014888, 12821776, 7587686)",seed,/Users/futaoran/Desktop/华为杯2026/华为杯_code/results/full_main_fast_20260924,0,AI_VERIFIED
165700,root2:batch_06,0,0.0,0,B3_base,case_054,12713674,1,,12.260387124988483,mps,1014888,{0: 1014888},796718,1606276,0,bca4ffa678dd4466b619bffe75ae7e4cca58877c194f9146e534245686130076,5561686,11.720078707992798,B,1771976,"(1014888, 12713674, 5561686)",seed,/Users/futaoran/Desktop/华为杯2026/华为杯_code/results/full_main_fast_20260924,165700,AI_VERIFIED
81028,root2:batch_06,0,0.0,0,B3_aggregate,case_054,12713674,1,,11.043343249999452,mps,1014888,{0: 1014888},809022,1606276,0,5119de8390cb2c85375d1aa7e49d072615cb9a094cc2ed628ae39b2b61f44b45,7422156,11.73615295800846,B,1687304,"(1014888, 12713674, 7422156)",aggregate,/Users/futaoran/Desktop/华为杯2026/华为杯_code/results/full_main_fast_20260924,81028,AI_VERIFIED
165700,root2:batch_06,0,0.0,1689064,base_base,case_054,12713674,1,,11.64314737499808,mps,1014888,{0: 1014888},796718,1606276,0,bca4ffa678dd4466b619bffe75ae7e4cca58877c194f9146e534245686130076,5561686,11.871948999993037,C,1771976,"(1014888, 12713674, 5561686)",seed,/Users/futaoran/Desktop/华为杯2026/华为杯_code/results/full_main_fast_20260924,165700,AI_VERIFIED
81028,root2:batch_06,0,0.0,1646728,base_aggregate,case_054,12713674,1,,10.076940625003772,mps,1014888,{0: 1014888},809022,1606276,0,5119de8390cb2c85375d1aa7e49d072615cb9a094cc2ed628ae39b2b61f44b45,7422156,10.031402541993884,C,1687304,"(1014888, 12713674, 7422156)",aggregate,/Users/futaoran/Desktop/华为杯2026/华为杯_code/results/full_main_fast_20260924,81028,AI_VERIFIED
4529608,root2:batch_06,0,0.0,0,A3_base,case_054,17773026,2,,16.022095666994574,mps,657190,"{0: 657190, 1: 357698}",859626,1606276,4395880,3a63177f83b090e5e981d53f2df548534756827b9380b713460a1553be8f489a,6197804,4.51915479201125,A,6135884,"(657190, 17773026, 6197804)",seed,/Users/futaoran/Desktop/华为杯2026/华为杯_code/results/full_main_fast_20260924,133728,AI_VERIFIED
,root2:batch_06,,,,A3_reorder,case_054,,2,task schedule: dependency cycle; 0 -[core 0 task order]-> 1; 1 -[subgraph dependency]-> 4; 4 -[subgraph dependency]-> 0,,mps,,,,,,0d5fe00b97f16abd0a4a2e79ccf07ae73423732ceded47d23d0c06426a486359,,,A,,,capacity,/Users/futaoran/Desktop/华为杯2026/华为杯_code/results/full_main_fast_20260924,,PROFILE_FAILED
268754,root2:batch_06,0,0.0,0,A2_base,case_054,13082444,2,,27.405136791989207,mps,668952,"{0: 345936, 1: 668952}",814319,1606276,268754,03adce6e4daf5cb3e00d05d7d9504a3ca15d3dadd674d9db8901071211dd5340,7107308,4.885124209016794,A,1875030,"(668952, 13082444, 7107308)",seed,/Users/futaoran/Desktop/华为杯2026/华为杯_code/results/full_main_fast_20260924,0,AI_VERIFIED
1151662,root2:batch_06,0,0.0,0,B3_base,case_054,13941618,2,,9.367628292005975,mps,525134,"{0: 489754, 1: 525134}",811945,1606276,903208,b7c12404d482b5e008c3fac05c653d7bf636ae8fd2860b81af51198fc99644a2,5210040,8.782290958013618,B,2757938,"(525134, 13941618, 5210040)",seed,/Users/futaoran/Desktop/华为杯2026/华为杯_code/results/full_main_fast_20260924,248454,AI_VERIFIED
,root2:batch_06,,,,B3_move,case_054,,2,"global execution (core, op): dependency cycle; (0, 992) -[local data/memory dependency]-> (0, 993); (0, 993) -[local data/memory dependency]-> (0, 994); (0, 994) -[local data/memory dependency]-> (0, 2195); (0, 2195) -[local data/memory dependency]-> (0, 2197); (0, 2197) -[local data/memory dependency]-> (0, 2199); (0, 2199) -[local data/memory dependency]-> (0, 2200); (0, 2200) -[local data/memory dependency]-> (0, 2201); (0, 2201) -[local data/memory dependency]-> (0, 2202); (0, 2202) -[local data/memory dependency]-> (0, 2203); (0, 2203) -[local data/memory dependency]-> (0, 2204); (0, 2204) -[local data/memory dependency]-> (0, 2205); (0, 2205) -[local data/memory dependency]-> (0, 2206); (0, 2206) -[local data/memory dependency]-> (0, 2207); (0, 2207) -[local data/memory dependency]-> (0, 2208); (0, 2208) -[local data/memory dependency]-> (0, 2209); (0, 2209) -[local data/memory dependency]-> (0, 2210); ... (323 edges total)",,mps,,,,,,8f4be66329aa455c8850d42f1f8ac68e3e906b07ec5cc497cfd7393fd2635f6e,,8.121448916004738,B,,,ordinary,/Users/futaoran/Desktop/华为杯2026/华为杯_code/results/full_main_fast_20260924,,EVALUATION_FAILED
1151662,root2:batch_06,20870,0.00949201570025788,2177820,base_base,case_054,13941618,2,,9.758170457993401,mps,525134,"{0: 489754, 1: 525134}",811945,1606276,903208,b7c12404d482b5e008c3fac05c653d7bf636ae8fd2860b81af51198fc99644a2,5210040,8.752985458995681,C,2757938,"(525134, 13941618, 5210040)",seed,/Users/futaoran/Desktop/华为杯2026/华为杯_code/results/full_main_fast_20260924,248454,AI_VERIFIED
,root2:batch_06,,,,base_move,case_054,,2,"global execution (core, op): dependency cycle; (0, 992) -[local data/memory dependency]-> (0, 993); (0, 993) -[local data/memory dependency]-> (0, 994); (0, 994) -[local data/memory dependency]-> (0, 2195); (0, 2195) -[local data/memory dependency]-> (0, 2197); (0, 2197) -[local data/memory dependency]-> (0, 2199); (0, 2199) -[local data/memory dependency]-> (0, 2200); (0, 2200) -[local data/memory dependency]-> (0, 2201); (0, 2201) -[local data/memory dependency]-> (0, 2202); (0, 2202) -[local data/memory dependency]-> (0, 2203); (0, 2203) -[local data/memory dependency]-> (0, 2204); (0, 2204) -[local data/memory dependency]-> (0, 2205); (0, 2205) -[local data/memory dependency]-> (0, 2206); (0, 2206) -[local data/memory dependency]-> (0, 2207); (0, 2207) -[local data/memory dependency]-> (0, 2208); (0, 2208) -[local data/memory dependency]-> (0, 2209); (0, 2209) -[local data/memory dependency]-> (0, 2210); ... (323 edges total)",,mps,,,,,,8f4be66329aa455c8850d42f1f8ac68e3e906b07ec5cc497cfd7393fd2635f6e,,8.05895608299761,C,,,ordinary,/Users/futaoran/Desktop/华为杯2026/华为杯_code/results/full_main_fast_20260924,,EVALUATION_FAILED
,root2:batch_06,,,,A2_move,case_054,,3,task schedule: dependency cycle; 1 -[subgraph dependency]-> 3; 3 -[subgraph dependency]-> 4; 4 -[core 2 task order]-> 5; 5 -[subgraph dependency]-> 1,,mps,,,,,,531538e2e82d1644ef7c0bbe25b84a9297ab48f53c36005b4994104988a844bc,,,A,,,ordinary,/Users/futaoran/Desktop/华为杯2026/华为杯_code/results/full_main_fast_20260924,,PROFILE_FAILED
,root2:batch_06,,,,A3_move,case_054,,3,task schedule: dependency cycle; 0 -[subgraph dependency]-> 4; 4 -[subgraph dependency]-> 9; 9 -[subgraph dependency]-> 1; 1 -[subgraph dependency]-> 5; 5 -[subgraph dependency]-> 10; 10 -[core 2 task order]-> 11; 11 -[subgraph dependency]-> 3; 3 -[subgraph dependency]-> 7; 7 -[subgraph dependency]-> 8; 8 -[subgraph dependency]-> 0,,mps,,,,,,bc3685e96d1d76f3581b02a6996db2a837b3f3439703803179297d636492bc0f,,,A,,,ordinary,/Users/futaoran/Desktop/华为杯2026/华为杯_code/results/full_main_fast_20260924,,PROFILE_FAILED
,root2:batch_06,,,,A3_reorder,case_054,,3,task schedule: dependency cycle; 0 -[core 0 task order]-> 1; 1 -[subgraph dependency]-> 4; 4 -[subgraph dependency]-> 8; 8 -[subgraph dependency]-> 9; 9 -[subgraph dependency]-> 0,,mps,,,,,,44fd0d2653745823758db74e9c4f7c4736d7221ef88e566286772bb2965a917f,,,A,,,capacity,/Users/futaoran/Desktop/华为杯2026/华为杯_code/results/full_main_fast_20260924,,PROFILE_FAILED
5590196,root2:batch_06,0,0.0,0,A3_base,case_054,19292926,3,,10.892318041005637,mps,536440,"{0: 536440, 1: 252436, 2: 226012}",853340,1606276,5497524,2f8406f82b5404ccec0f535b1eaa7ef4f523f13a3b266fba8bf2e4d29c4a0d17,6200640,3.958088667015545,A,7196472,"(536440, 19292926, 6200640)",seed,/Users/futaoran/Desktop/华为杯2026/华为杯_code/results/full_main_fast_20260924,92672,AI_VERIFIED
398878,root2:batch_06,0,0.0,0,A2_base,case_054,13244136,3,,16.936906500020996,mps,550102,"{0: 550102, 1: 234918, 2: 229868}",815290,1606276,398878,5d4aa2b885c74413d6db223d11b9c4fa8c1fb0a3f15455e6e9ce4ac7beb830ef,6449410,4.046115250006551,A,2005154,"(550102, 13244136, 6449410)",seed,/Users/futaoran/Desktop/华为杯2026/华为杯_code/results/full_main_fast_20260924,0,AI_VERIFIED
2568974,root2:batch_06,0,0.0,0,B3_base,case_054,16101446,3,,9.314975583023624,mps,373736,"{0: 373736, 1: 295771, 2: 345381}",806897,1606276,2513420,fb18c105889121b0ff6162020cabaf73293bf735001a24810bc204c4a28088a8,4826934,8.169443291000789,B,4175250,"(373736, 16101446, 4826934)",seed,/Users/futaoran/Desktop/华为杯2026/华为杯_code/results/full_main_fast_20260924,55554,AI_VERIFIED
,root2:batch_06,,,,B3_reorder,case_054,,3,"global execution (core, op): dependency cycle; (1, 2159) -[local data/memory dependency]-> (1, 2161); (1, 2161) -[local data/memory dependency]-> (1, 2162); (1, 2162) -[local data/memory dependency]-> (1, 2163); (1, 2163) -[local data/memory dependency]-> (1, 2164); (1, 2164) -[local data/memory dependency]-> (1, 1000017472); (1, 1000017472) -[PIPE_MTE3 FIFO]-> (1, 1000017391); (1, 1000017391) -[PIPE_MTE3 FIFO]-> (1, 1000017409); (1, 1000017409) -[PIPE_MTE3 FIFO]-> (1, 1000017424); (1, 1000017424) -[PIPE_MTE3 FIFO]-> (1, 1000017439); (1, 1000017439) -[PIPE_MTE3 FIFO]-> (1, 1000017454); (1, 1000017454) -[PIPE_MTE3 FIFO]-> (1, 1000017469); (1, 1000017469) -[cross-core COPY]-> (2, 1000017470); (2, 1000017470) -[local data/memory dependency]-> (2, 2175); (2, 2175) -[local data/memory dependency]-> (2, 2591); (2, 2591) -[local data/memory dependency]-> (2, 2608); (2, 2608) -[local data/memory dependency]-> (2, 2617); ... (194 edges total)",,mps,,,,,,a9edb3be958bdfbcfa7d8e3907e29eebac30951705491a07eb8b13bb23c9bd5f,,8.343351916002575,B,,,capacity,/Users/futaoran/Desktop/华为杯2026/华为杯_code/results/full_main_fast_20260924,,EVALUATION_FAILED
2568974,root2:batch_06,26884,0.009250179436414823,2879438,base_base,case_054,16101446,3,,10.042110416979995,mps,373736,"{0: 373736, 1: 295771, 2: 345381}",806897,1606276,2513420,fb18c105889121b0ff6162020cabaf73293bf735001a24810bc204c4a28088a8,4826934,8.92129370899056,C,4175250,"(373736, 16101446, 4826934)",seed,/Users/futaoran/Desktop/华为杯2026/华为杯_code/results/full_main_fast_20260924,55554,AI_VERIFIED
2266990,root2:batch_06,24836,0.009017153504367343,2729470,base_aggregate_tid_1000013623,case_054,15555430,3,,9.969130957993912,mps,373736,"{0: 373736, 1: 354603, 2: 286549}",806989,1606276,2139756,33899ec7d7553d502d7964730c0c56b797c12222f08fe8c7ec27350c8e381cb0,4871990,9.957622417015955,C,3873266,"(373736, 15555430, 4871990)",aggregate,/Users/futaoran/Desktop/华为杯2026/华为杯_code/results/full_main_fast_20260924,127234,AI_VERIFIED
,root2:batch_06,,,,A2_move,case_054,,4,task schedule: dependency cycle; 1 -[core 0 task order]-> 2; 2 -[subgraph dependency]-> 4; 4 -[subgraph dependency]-> 6; 6 -[subgraph dependency]-> 1,,mps,,,,,,57041b316df7455266d11b8b106a1fc80aef94f3c3dfb0f1413e33768701773d,,,A,,,ordinary,/Users/futaoran/Desktop/华为杯2026/华为杯_code/results/full_main_fast_20260924,,PROFILE_FAILED
6187362,root2:batch_06,0,0.0,0,A3_base,case_054,19891484,4,,12.712178874993697,mps,486803,"{0: 169240, 1: 198007, 2: 486803, 3: 160838}",868361,1606276,6042018,7e29ecf84e4b78ab5ed508dab513b1c68530e36f22ff89a6aba1b9baa17ee324,5927696,4.424038917000871,A,7793638,"(486803, 19891484, 5927696)",seed,/Users/futaoran/Desktop/华为杯2026/华为杯_code/results/full_main_fast_20260924,145344,AI_VERIFIED
,root2:batch_06,,,,A3_reorder,case_054,,4,task schedule: dependency cycle; 0 -[core 0 task order]-> 1; 1 -[subgraph dependency]-> 4; 4 -[subgraph dependency]-> 8; 8 -[subgraph dependency]-> 0,,mps,,,,,,1394d2efc96cf018ef757a229f3fa5da170cca6223fc05e692175e3c4b306db2,,,A,,,capacity,/Users/futaoran/Desktop/华为杯2026/华为杯_code/results/full_main_fast_20260924,,PROFILE_FAILED
611240,root2:batch_06,0,0.0,0,A2_base,case_054,13531938,4,,10.252084541018121,mps,495348,"{0: 167050, 1: 495348, 2: 176038, 3: 176452}",814210,1606276,611240,a6a33cdeea6ef6be61f3cb5365bb747a18bad18d5c11f102816dfcb0e593af83,6273400,3.904254082997795,A,2217516,"(495348, 13531938, 6273400)",seed,/Users/futaoran/Desktop/华为杯2026/华为杯_code/results/full_main_fast_20260924,0,AI_VERIFIED
3680884,root2:batch_06,0,0.0,0,B3_base,case_054,17459610,4,,7.897796083998401,mps,357486,"{0: 357486, 1: 206350, 2: 223097, 3: 227955}",831731,1606276,3671664,c8f97b06b21d4b476d48c5f4d9c2b6f55b6b074a95e35d50b7d9700777d22c17,4695994,6.4678493330138735,B,5287160,"(357486, 17459610, 4695994)",seed,/Users/futaoran/Desktop/华为杯2026/华为杯_code/results/full_main_fast_20260924,9220,AI_VERIFIED
,root2:batch_06,,,,B3_reorder,case_054,,4,"global execution (core, op): dependency cycle; (1, 1865) -[local data/memory dependency]-> (1, 1877); (1, 1877) -[local data/memory dependency]-> (1, 1887); (1, 1887) -[local data/memory dependency]-> (1, 1888); (1, 1888) -[local data/memory dependency]-> (1, 1889); (1, 1889) -[local data/memory dependency]-> (1, 1000017732); (1, 1000017732) -[PIPE_MTE3 FIFO]-> (1, 1000017768); (1, 1000017768) -[PIPE_MTE3 FIFO]-> (1, 1000017165); (1, 1000017165) -[PIPE_MTE3 FIFO]-> (1, 1000017201); (1, 1000017201) -[PIPE_MTE3 FIFO]-> (1, 1000017717); (1, 1000017717) -[PIPE_MTE3 FIFO]-> (1, 1000017753); (1, 1000017753) -[PIPE_MTE3 FIFO]-> (1, 1000016682); (1, 1000016682) -[PIPE_MTE3 FIFO]-> (1, 1000016685); (1, 1000016685) -[PIPE_MTE3 FIFO]-> (1, 1000016688); (1, 1000016688) -[PIPE_MTE3 FIFO]-> (1, 1000017279); (1, 1000017279) -[PIPE_MTE3 FIFO]-> (1, 1000017282); (1, 1000017282) -[PIPE_MTE3 FIFO]-> (1, 1000017285); ... (259 edges total)",,mps,,,,,,5606e46259eea1709f4f0068c08711a972b40ea64c92227e98ae9fe79c3566dc,,6.497777833981672,B,,,capacity,/Users/futaoran/Desktop/华为杯2026/华为杯_code/results/full_main_fast_20260924,,EVALUATION_FAILED
3680884,root2:batch_06,112074,0.032170191952199105,3371710,base_base,case_054,17459610,4,,6.0598254580108915,mps,357486,"{0: 357486, 1: 206350, 2: 223097, 3: 227955}",831696,1606276,3671664,c8f97b06b21d4b476d48c5f4d9c2b6f55b6b074a95e35d50b7d9700777d22c17,4695994,5.786405332997674,C,5287160,"(357486, 17459610, 4695994)",seed,/Users/futaoran/Desktop/华为杯2026/华为杯_code/results/full_main_fast_20260924,9220,AI_VERIFIED
3401618,root2:batch_06,110024,0.03290043807843548,3234126,base_aggregate_tid_1000013457,case_054,17123514,4,,5.585427125013666,mps,357486,"{0: 357486, 1: 206350, 2: 267339, 3: 183713}",830580,1606276,3360048,2b79d2ffda29aa0897e5b1b63d45ecb5ba2c5c7921f799b42b6e4a60e1afe46e,4664008,5.156172415998299,C,5007894,"(357486, 17123514, 4664008)",aggregate,/Users/futaoran/Desktop/华为杯2026/华为杯_code/results/full_main_fast_20260924,41570,AI_VERIFIED
,root2:batch_06,,,,A3_move,case_054,,5,task schedule: dependency cycle; 1 -[subgraph dependency]-> 17; 17 -[subgraph dependency]-> 2; 2 -[subgraph dependency]-> 6; 6 -[subgraph dependency]-> 10; 10 -[subgraph dependency]-> 14; 14 -[subgraph dependency]-> 18; 18 -[subgraph dependency]-> 3; 3 -[core 0 task order]-> 4; 4 -[subgraph dependency]-> 8; 8 -[subgraph dependency]-> 12; 12 -[subgraph dependency]-> 13; 13 -[subgraph dependency]-> 1,,mps,,,,,,5f866ec1a80bf93ff80e174e39b70d1b5fe80e0ac9d10e1a433db4ce2c518b4f,,,A,,,ordinary,/Users/futaoran/Desktop/华为杯2026/华为杯_code/results/full_main_fast_20260924,,PROFILE_FAILED
6622408,root2:batch_06,0,0.0,0,A3_base,case_054,20531058,5,,6.905894416006049,mps,441058,"{0: 124521, 1: 441058, 2: 138009, 3: 146326, 4: 164974}",882979,1606276,6536904,86599b288f9fb333ba54e722b04b3802bc90e21b2991db9339ff8ad80586c758,6034138,2.8350051250017714,A,8228684,"(441058, 20531058, 6034138)",seed,/Users/futaoran/Desktop/华为杯2026/华为杯_code/results/full_main_fast_20260924,85504,AI_VERIFIED
,root2:batch_06,,,,A3_reorder,case_054,,5,task schedule: dependency cycle; 0 -[core 0 task order]-> 1; 1 -[subgraph dependency]-> 4; 4 -[subgraph dependency]-> 8; 8 -[subgraph dependency]-> 12; 12 -[subgraph dependency]-> 13; 13 -[subgraph dependency]-> 0,,mps,,,,,,74ea136256fc75e10c576d2906ee03556daeee781e69b05c417ae7945427d333,,,A,,,capacity,/Users/futaoran/Desktop/华为杯2026/华为杯_code/results/full_main_fast_20260924,,PROFILE_FAILED
721072,root2:batch_06,0,0.0,0,A2_base,case_054,13687706,5,,8.080235500005074,mps,463762,"{0: 135504, 1: 137295, 2: 463762, 3: 135338, 4: 142989}",815870,1606276,721072,f524b5efff3da5851d7eebf670bafd18fd44d1bb603df5f4d3af59a8020f51af,6198494,2.2709034160070587,A,2327348,"(463762, 13687706, 6198494)",seed,/Users/futaoran/Desktop/华为杯2026/华为杯_code/results/full_main_fast_20260924,0,AI_VERIFIED
4435958,root2:batch_06,0,0.0,0,B3_base,case_054,18342542,5,,6.076774916989962,mps,349135,"{0: 349135, 1: 175498, 2: 174074, 3: 173645, 4: 142536}",822478,1606276,4381428,0e8f7b4c41d53240e24ec7d9a57a8c0362aaa9c719073bfddad48d37f32c2be2,4782834,4.403505166003015,B,6042234,"(349135, 18342542, 4782834)",seed,/Users/futaoran/Desktop/华为杯2026/华为杯_code/results/full_main_fast_20260924,54530,AI_VERIFIED
,root2:batch_06,,,,B3_reorder,case_054,,5,"global execution (core, op): dependency cycle; (1, 1000017420) -[PIPE_MTE3 FIFO]-> (1, 1000017423); (1, 1000017423) -[PIPE_MTE3 FIFO]-> (1, 1000017426); (1, 1000017426) -[PIPE_MTE3 FIFO]-> (1, 1000017429); (1, 1000017429) -[PIPE_MTE3 FIFO]-> (1, 1000017432); (1, 1000017432) -[PIPE_MTE3 FIFO]-> (1, 1000017435); (1, 1000017435) -[PIPE_MTE3 FIFO]-> (1, 1000017438); (1, 1000017438) -[PIPE_MTE3 FIFO]-> (1, 1000017450); (1, 1000017450) -[PIPE_MTE3 FIFO]-> (1, 1000017453); (1, 1000017453) -[PIPE_MTE3 FIFO]-> (1, 1000017456); (1, 1000017456) -[PIPE_MTE3 FIFO]-> (1, 1000017459); (1, 1000017459) -[PIPE_MTE3 FIFO]-> (1, 1000017462); (1, 1000017462) -[PIPE_MTE3 FIFO]-> (1, 1000017465); (1, 1000017465) -[PIPE_MTE3 FIFO]-> (1, 1000017468); (1, 1000017468) -[PIPE_MTE3 FIFO]-> (1, 1000016763); (1, 1000016763) -[PIPE_MTE3 FIFO]-> (1, 1000016814); (1, 1000016814) -[PIPE_MTE3 FIFO]-> (1, 1000016865); ... (236 edges total)",,mps,,,,,,dcb4b5e74aa89b101f323ea9b36090dc3976c3e58c4d0dd20dff24d1a8dd87d8,,4.332114917022409,B,,,capacity,/Users/futaoran/Desktop/华为杯2026/华为杯_code/results/full_main_fast_20260924,,EVALUATION_FAILED
4435958,root2:batch_06,173322,0.044815390749395084,3694144,base_base,case_054,18342542,5,,2.9638589170062914,mps,349135,"{0: 349135, 1: 175498, 2: 174074, 3: 173645, 4: 142536}",822451,1606276,4381428,0e8f7b4c41d53240e24ec7d9a57a8c0362aaa9c719073bfddad48d37f32c2be2,4782834,4.145351584011223,C,6042234,"(349135, 18342542, 4782834)",seed,/Users/futaoran/Desktop/华为杯2026/华为杯_code/results/full_main_fast_20260924,54530,AI_VERIFIED
,root2:batch_06,,,,base_aggregate_tid_1000002299,case_054,,5,"global execution (core, op): dependency cycle; (2, 6303) -[local data/memory dependency]-> (2, 6315); (2, 6315) -[local data/memory dependency]-> (2, 6325); (2, 6325) -[local data/memory dependency]-> (2, 6326); (2, 6326) -[local data/memory dependency]-> (2, 6327); (2, 6327) -[local data/memory dependency]-> (2, 1000019857); (2, 1000019857) -[PIPE_MTE3 FIFO]-> (2, 1000019461); (2, 1000019461) -[PIPE_MTE3 FIFO]-> (2, 1000019842); (2, 1000019842) -[PIPE_MTE3 FIFO]-> (2, 1000019131); (2, 1000019131) -[PIPE_MTE3 FIFO]-> (2, 1000019134); (2, 1000019134) -[PIPE_MTE3 FIFO]-> (2, 1000019137); (2, 1000019137) -[PIPE_MTE3 FIFO]-> (2, 1000019533); (2, 1000019533) -[PIPE_MTE3 FIFO]-> (2, 1000019536); (2, 1000019536) -[PIPE_MTE3 FIFO]-> (2, 1000019539); (2, 1000019539) -[PIPE_MTE3 FIFO]-> (2, 1000019008); (2, 1000019008) -[cross-core COPY]-> (3, 1000019009); (3, 1000019009) -[local data/memory dependency]-> (3, 6619); ... (179 edges total)",,mps,,,,,,10ef1dd13219e9524a591cf911151180a023aa117ba194707f3b498c8e624505,,2.3764928329910617,C,,,aggregate,/Users/futaoran/Desktop/华为杯2026/华为杯_code/results/full_main_fast_20260924,,EVALUATION_FAILED
49160,root2:batch_07,0,0.0,0,A0_base,case_043,11489790,1,,30.18358829099452,mps,861593,{0: 861593},677656,1431122,0,fc22016f1465813571eb8b7bed3e48b0162def10df3db22acfdd7b238448abf7,10834304,3.2689455420186277,A,1480282,"(861593, 11489790, 10834304)",seed,/Users/futaoran/Desktop/华为杯2026/华为杯_code/results/full_main_fast_20260924,49160,AI_VERIFIED
153982,root2:batch_07,0,0.0,0,A2_base,case_043,11629172,1,,20.22589704100392,mps,861593,{0: 861593},678212,1431122,104822,0ead5bb69f73b6d5c4eb8cf27e3aec87e615f4aa0e0c9e9dc1c07086f53091ed,5784894,3.4321019170165528,A,1585104,"(861593, 11629172, 5784894)",seed,/Users/futaoran/Desktop/华为杯2026/华为杯_code/results/full_main_fast_20260924,49160,AI_VERIFIED
78472,root2:batch_07,0,0.0,0,B3_base,case_043,11489790,1,,5.0442244590085465,mps,861593,{0: 861593},677139,1431122,0,9a71162e36f2c744bae48943948e18722ce3158db841f898371f3b3dbe965321,4023388,5.505168584000785,B,1509594,"(861593, 11489790, 4023388)",seed,/Users/futaoran/Desktop/华为杯2026/华为杯_code/results/full_main_fast_20260924,78472,AI_VERIFIED
78472,root2:batch_07,0,0.0,0,B3_aggregate,case_043,11489790,1,,4.470675792021211,mps,861593,{0: 861593},675739,1431122,0,36350ef2eecb9ba6ceded17cf15db457b937e004f11538264fcf9b151d97d743,4635340,4.647113583021564,B,1509594,"(861593, 11489790, 4635340)",aggregate,/Users/futaoran/Desktop/华为杯2026/华为杯_code/results/full_main_fast_20260924,78472,AI_VERIFIED
78472,root2:batch_07,49152,0.03288181492205019,1445656,base_base,case_043,11489790,1,,4.731266124988906,mps,861593,{0: 861593},675739,1431122,0,36350ef2eecb9ba6ceded17cf15db457b937e004f11538264fcf9b151d97d743,4635340,4.092814833013108,C,1509594,"(861593, 11489790, 4635340)",seed,/Users/futaoran/Desktop/华为杯2026/华为杯_code/results/full_main_fast_20260924,78472,AI_VERIFIED
78472,root2:batch_07,49152,0.03288181492205019,1445656,base_aggregate,case_043,11489790,1,,3.5910437499987893,mps,861593,{0: 861593},677164,1431122,0,daf620f71e79052b4f934b7aa2bc72d3ecaf32d5ba0f1f9ee2777534f4818dd0,6391244,3.585039458994288,C,1509594,"(861593, 11489790, 6391244)",aggregate,/Users/futaoran/Desktop/华为杯2026/华为杯_code/results/full_main_fast_20260924,78472,AI_VERIFIED
506880,root2:batch_07,0,0.0,0,A1_base,case_043,11996670,2,,34.08079441700829,mps,431108,"{0: 430485, 1: 431108}",353851,1431122,506880,57f6e9d8ca1786f41d65163328c363f7d5865646886d15ab946ad982aeecb652,10685824,2.579552458017133,A,1938002,"(431108, 11996670, 10685824)",seed,/Users/futaoran/Desktop/华为杯2026/华为杯_code/results/full_main_fast_20260924,0,AI_VERIFIED
4118448,root2:batch_07,0,0.0,0,A3_base,case_043,16414910,2,,5.897823583974969,mps,432330,"{0: 429263, 1: 432330}",700777,1431122,4102320,3fbfb18d3de03d07696e0e65d44077d3ebe6167c2395fd499445def82325de3f,3922446,2.4877167500089854,A,5549570,"(432330, 16414910, 3922446)",seed,/Users/futaoran/Desktop/华为杯2026/华为杯_code/results/full_main_fast_20260924,16128,AI_VERIFIED
506880,root2:batch_07,0,0.0,0,B1_base,case_043,11996670,2,,4.332544083998073,mps,431108,"{0: 430485, 1: 431108}",353851,1431122,506880,57f6e9d8ca1786f41d65163328c363f7d5865646886d15ab946ad982aeecb652,10685824,3.5645229579822626,B,1938002,"(431108, 11996670, 10685824)",seed,/Users/futaoran/Desktop/华为杯2026/华为杯_code/results/full_main_fast_20260924,0,AI_VERIFIED
2467626,root2:batch_07,0,0.0,0,B3_base,case_043,14282810,2,,4.585264915978769,mps,455530,"{0: 406063, 1: 455530}",651308,1431122,2447416,039998df112ecfedb309dedc37d5f5b9d8894a8fa55804671512ae3d2b6b7f53,4210398,4.768977040977916,B,3898748,"(455530, 14282810, 4210398)",seed,/Users/futaoran/Desktop/华为杯2026/华为杯_code/results/full_main_fast_20260924,20210,AI_VERIFIED
506880,root2:batch_07,506880,0.261564723439477,1430996,base_base,case_043,11996670,2,,4.302774624986341,mps,431108,"{0: 430485, 1: 431108}",353851,1431122,506880,57f6e9d8ca1786f41d65163328c363f7d5865646886d15ab946ad982aeecb652,10685824,4.364831290993607,C,1938002,"(431108, 11996670, 10685824)",seed,/Users/futaoran/Desktop/华为杯2026/华为杯_code/results/full_main_fast_20260924,0,AI_VERIFIED
33792,root2:batch_07,33792,0.02306954999631346,1430996,base_move,case_043,11489790,2,,5.629729792010039,mps,861593,{0: 861593},684064,1431122,0,0e632964c1a76958918c3f237e532f37a8aea3111c4193e499b88c266efff48d,5526792,5.247476165997796,C,1464914,"(861593, 11489790, 5526792)",ordinary,/Users/futaoran/Desktop/华为杯2026/华为杯_code/results/full_main_fast_20260924,33792,AI_VERIFIED
141320,root2:batch_07,0,0.0,0,A1_base,case_043,11581950,3,,33.77778187501826,mps,336089,"{0: 336089, 1: 301883, 2: 223621}",268777,1431122,92160,085c9892e3f5f88be8de23fb7c436841d759f83e19fb82a621a33fbea68b6913,9615744,3.6786452080123127,A,1572442,"(336089, 11581950, 9615744)",seed,/Users/futaoran/Desktop/华为杯2026/华为杯_code/results/full_main_fast_20260924,49160,AI_VERIFIED
5480140,root2:batch_07,0,0.0,0,A3_base,case_043,17988902,3,,6.130101000017021,mps,356757,"{0: 264189, 1: 356757, 2: 240647}",692696,1431122,5399756,afea6930a7d2004ff1c7da683cff08267b928cb5e5c5dedf7ca6b74267bd64fb,4021220,2.562829666014295,A,6911262,"(356757, 17988902, 4021220)",seed,/Users/futaoran/Desktop/华为杯2026/华为杯_code/results/full_main_fast_20260924,80384,AI_VERIFIED
141320,root2:batch_07,0,0.0,0,B1_base,case_043,11581950,3,,3.311193250003271,mps,336089,"{0: 336089, 1: 301883, 2: 223621}",268777,1431122,92160,085c9892e3f5f88be8de23fb7c436841d759f83e19fb82a621a33fbea68b6913,9615744,3.3178771669918206,B,1572442,"(336089, 11581950, 9615744)",seed,/Users/futaoran/Desktop/华为杯2026/华为杯_code/results/full_main_fast_20260924,49160,AI_VERIFIED
3880666,root2:batch_07,0,0.0,0,B3_base,case_043,16004770,3,,4.60573470799136,mps,370558,"{0: 370558, 1: 237174, 2: 253861}",664291,1431122,3880666,aaa0797e96f700dfe40c767e6673710150840769714302070aac98895fbca5e5,4258582,3.8658803750004154,B,5311788,"(370558, 16004770, 4258582)",seed,/Users/futaoran/Desktop/华为杯2026/华为杯_code/results/full_main_fast_20260924,0,AI_VERIFIED
141320,root2:batch_07,141312,0.08987529192679315,1431000,base_base,case_043,11581950,3,,3.7743926669936627,mps,336089,"{0: 336089, 1: 301883, 2: 223621}",268777,1431122,92160,085c9892e3f5f88be8de23fb7c436841d759f83e19fb82a621a33fbea68b6913,9615744,2.9847888750082348,C,1572442,"(336089, 11581950, 9615744)",seed,/Users/futaoran/Desktop/华为杯2026/华为杯_code/results/full_main_fast_20260924,49160,AI_VERIFIED
49160,root2:batch_07,49152,0.03320740032104811,1431000,base_aggregate_tid_1000008738,case_043,11489790,3,,4.15841245802585,mps,525504,"{0: 336089, 1: 525504}",409470,1431122,0,e96db25c7dd25a83ae206a542071756081ba040cc4c6e093e4fdeef030521501,7708458,3.6692840839968994,C,1480282,"(525504, 11489790, 7708458)",aggregate,/Users/futaoran/Desktop/华为杯2026/华为杯_code/results/full_main_fast_20260924,49160,AI_VERIFIED
,root2:batch_07,,,,A2_move,case_043,,4,task schedule: dependency cycle; 1 -[subgraph dependency]-> 3; 3 -[subgraph dependency]-> 5; 5 -[subgraph dependency]-> 6; 6 -[core 3 task order]-> 7; 7 -[subgraph dependency]-> 1,,mps,,,,,,fba3055a302417a314cc57df0fa948017d2b726be3285484aa30606fe4464014,,,A,,,ordinary,/Users/futaoran/Desktop/华为杯2026/华为杯_code/results/full_main_fast_20260924,,PROFILE_FAILED
6251032,root2:batch_07,0,0.0,0,A3_base,case_043,18791958,4,,4.925471833004849,mps,313200,"{0: 256668, 1: 168177, 2: 251271, 3: 185477}",728941,1431122,6239768,57de3fb3b607cc116c400988cf91446a194f4c3a875361265d4cd6999c67b522,3846212,2.6088256670045666,A,7682154,"(313200, 18791958, 3846212)",seed,/Users/futaoran/Desktop/华为杯2026/华为杯_code/results/full_main_fast_20260924,11264,AI_VERIFIED
,root2:batch_07,,,,A3_reorder,case_043,,4,task schedule: dependency cycle; 0 -[core 0 task order]-> 1; 1 -[subgraph dependency]-> 4; 4 -[subgraph dependency]-> 7; 7 -[subgraph dependency]-> 8; 8 -[subgraph dependency]-> 0,,mps,,,,,,d4d7230a94728e359911ddccf7cf598e7c153c7769a0fec793a83bbfc985dd65,,,A,,,capacity,/Users/futaoran/Desktop/华为杯2026/华为杯_code/results/full_main_fast_20260924,,PROFILE_FAILED
1160120,root2:batch_07,0,0.0,0,A2_base,case_043,12876590,4,,5.383558166009607,mps,326055,"{0: 326055, 1: 214226, 2: 180917, 3: 140395}",685068,1431122,1110960,97c83c9f1024417adc2b36a0bdfd27106139125772c3909289991f6558c5d2a0,4928770,2.6645884169847704,A,2591242,"(326055, 12876590, 4928770)",seed,/Users/futaoran/Desktop/华为杯2026/华为杯_code/results/full_main_fast_20260924,49160,AI_VERIFIED
3998986,root2:batch_07,0,0.0,0,B2_base,case_043,16206360,4,,3.710752415994648,mps,270106,"{0: 267745, 1: 255911, 2: 176419, 3: 161518}",666701,1431122,3967498,f2aae92af7356279151412d2f3c9584918878148ae1dee588c82da4f48ade4be,5559090,3.443829416995868,B,5430108,"(270106, 16206360, 5559090)",seed,/Users/futaoran/Desktop/华为杯2026/华为杯_code/results/full_main_fast_20260924,31488,AI_VERIFIED
,root2:batch_07,,,,B2_reorder,case_043,,4,"global execution (core, op): dependency cycle; (0, 1000010377) -[PIPE_MTE3 FIFO]-> (0, 1000010380); (0, 1000010380) -[PIPE_MTE3 FIFO]-> (0, 1000010383); (0, 1000010383) -[PIPE_MTE3 FIFO]-> (0, 1000010386); (0, 1000010386) -[PIPE_MTE3 FIFO]-> (0, 1000010389); (0, 1000010389) -[PIPE_MTE3 FIFO]-> (0, 1000010392); (0, 1000010392) -[PIPE_MTE3 FIFO]-> (0, 1000010395); (0, 1000010395) -[PIPE_MTE3 FIFO]-> (0, 1000010398); (0, 1000010398) -[PIPE_MTE3 FIFO]-> (0, 1000010401); (0, 1000010401) -[PIPE_MTE3 FIFO]-> (0, 1000010404); (0, 1000010404) -[PIPE_MTE3 FIFO]-> (0, 1000010407); (0, 1000010407) -[PIPE_MTE3 FIFO]-> (0, 1000010410); (0, 1000010410) -[PIPE_MTE3 FIFO]-> (0, 1000010413); (0, 1000010413) -[PIPE_MTE3 FIFO]-> (0, 1000010416); (0, 1000010416) -[PIPE_MTE3 FIFO]-> (0, 1000010419); (0, 1000010419) -[PIPE_MTE3 FIFO]-> (0, 1000010422); (0, 1000010422) -[PIPE_MTE3 FIFO]-> (0, 1000010425); ... (208 edges total)",,mps,,,,,,f015768716a576e9b3baecdd23d15dad49abc8815954085590a5a9e35bd2d317,,3.4147210830124095,B,,,capacity,/Users/futaoran/Desktop/华为杯2026/华为杯_code/results/full_main_fast_20260924,,EVALUATION_FAILED
3998986,root2:batch_07,92484,0.026660824293510067,3376426,base_base,case_043,16206360,4,,4.137984417000553,mps,270106,"{0: 267745, 1: 255911, 2: 176419, 3: 161518}",666696,1431122,3967498,f2aae92af7356279151412d2f3c9584918878148ae1dee588c82da4f48ade4be,5559090,3.685315874987282,C,5430108,"(270106, 16206360, 5559090)",seed,/Users/futaoran/Desktop/华为杯2026/华为杯_code/results/full_main_fast_20260924,31488,AI_VERIFIED
,root2:batch_07,,,,base_reorder,case_043,,4,"global execution (core, op): dependency cycle; (0, 1000010377) -[PIPE_MTE3 FIFO]-> (0, 1000010380); (0, 1000010380) -[PIPE_MTE3 FIFO]-> (0, 1000010383); (0, 1000010383) -[PIPE_MTE3 FIFO]-> (0, 1000010386); (0, 1000010386) -[PIPE_MTE3 FIFO]-> (0, 1000010389); (0, 1000010389) -[PIPE_MTE3 FIFO]-> (0, 1000010392); (0, 1000010392) -[PIPE_MTE3 FIFO]-> (0, 1000010395); (0, 1000010395) -[PIPE_MTE3 FIFO]-> (0, 1000010398); (0, 1000010398) -[PIPE_MTE3 FIFO]-> (0, 1000010401); (0, 1000010401) -[PIPE_MTE3 FIFO]-> (0, 1000010404); (0, 1000010404) -[PIPE_MTE3 FIFO]-> (0, 1000010407); (0, 1000010407) -[PIPE_MTE3 FIFO]-> (0, 1000010410); (0, 1000010410) -[PIPE_MTE3 FIFO]-> (0, 1000010413); (0, 1000010413) -[PIPE_MTE3 FIFO]-> (0, 1000010416); (0, 1000010416) -[PIPE_MTE3 FIFO]-> (0, 1000010419); (0, 1000010419) -[PIPE_MTE3 FIFO]-> (0, 1000010422); (0, 1000010422) -[PIPE_MTE3 FIFO]-> (0, 1000010425); ... (208 edges total)",,mps,,,,,,f015768716a576e9b3baecdd23d15dad49abc8815954085590a5a9e35bd2d317,,3.3680196670175064,C,,,timing,/Users/futaoran/Desktop/华为杯2026/华为杯_code/results/full_main_fast_20260924,,EVALUATION_FAILED
,root2:batch_07,,,,A2_move,case_043,,5,task schedule: dependency cycle; 5 -[subgraph dependency]-> 7; 7 -[subgraph dependency]-> 8; 8 -[core 4 task order]-> 9; 9 -[subgraph dependency]-> 5,,mps,,,,,,6d855fd00d2e453448e3a6af73b90e03c4ec673652819cde55fbb61fd89991b0,,,A,,,ordinary,/Users/futaoran/Desktop/华为杯2026/华为杯_code/results/full_main_fast_20260924,,PROFILE_FAILED
1255900,root2:batch_07,0,0.0,0,A2_base,case_043,12955002,5,,4.351294082996901,mps,262593,"{0: 136315, 1: 208770, 2: 262593, 3: 144631, 4: 109284}",676006,1431122,1239516,5a74783176e932241a014dd28b4ee60aa3e9670b1f83cca6639cce5183e25d81,4745334,2.2119458749948535,A,2687022,"(262593, 12955002, 4745334)",seed,/Users/futaoran/Desktop/华为杯2026/华为杯_code/results/full_main_fast_20260924,16384,AI_VERIFIED
,root2:batch_07,,,,A2_reorder,case_043,,5,task schedule: dependency cycle; 0 -[core 0 task order]-> 1; 1 -[subgraph dependency]-> 2; 2 -[subgraph dependency]-> 4; 4 -[subgraph dependency]-> 6; 6 -[subgraph dependency]-> 8; 8 -[subgraph dependency]-> 9; 9 -[subgraph dependency]-> 0,,mps,,,,,,e4a032a4059786efaf4438049a4edabf94a93a5c8cc99d82d4dd674a8a14b089,,,A,,,capacity,/Users/futaoran/Desktop/华为杯2026/华为杯_code/results/full_main_fast_20260924,,PROFILE_FAILED
1013760,root2:batch_07,0,0.0,0,A1_base,case_043,12503550,5,,27.118299499998102,mps,336089,"{0: 336089, 1: 301883, 2: 74153, 3: 75700, 4: 73768}",269612,1431122,1013760,071ba838d9564108fced0c9eb6def4112d9a669c24213fc50fef6d080ec6b612,9226624,2.8797128750011325,A,2444882,"(336089, 12503550, 9226624)",seed,/Users/futaoran/Desktop/华为杯2026/华为杯_code/results/full_main_fast_20260924,0,AI_VERIFIED
,root2:batch_07,,,,B2_move,case_043,,5,"global execution (core, op): dependency cycle; (1, 1499) -[local data/memory dependency]-> (1, 1510); (1, 1510) -[local data/memory dependency]-> (1, 1516); (1, 1516) -[local data/memory dependency]-> (1, 1517); (1, 1517) -[local data/memory dependency]-> (1, 1518); (1, 1518) -[local data/memory dependency]-> (1, 1525); (1, 1525) -[local data/memory dependency]-> (1, 1526); (1, 1526) -[local data/memory dependency]-> (1, 1527); (1, 1527) -[local data/memory dependency]-> (1, 1528); (1, 1528) -[local data/memory dependency]-> (1, 1529); (1, 1529) -[local data/memory dependency]-> (1, 1530); (1, 1530) -[local data/memory dependency]-> (1, 1531); (1, 1531) -[local data/memory dependency]-> (1, 1532); (1, 1532) -[local data/memory dependency]-> (1, 1554); (1, 1554) -[local data/memory dependency]-> (1, 1560); (1, 1560) -[local data/memory dependency]-> (1, 1563); (1, 1563) -[local data/memory dependency]-> (1, 1564); ... (374 edges total)",,mps,,,,,,325cde1b6d724b42d79ea833d7c45041f6b136f6533acaa4f8cc2c2039e133f7,,2.6869137919857167,B,,,ordinary,/Users/futaoran/Desktop/华为杯2026/华为杯_code/results/full_main_fast_20260924,,EVALUATION_FAILED
49160,root2:batch_07,0,0.0,0,B0_base,case_043,11489790,5,,3.453068916016491,mps,861593,{0: 861593},677656,1431122,0,73c0cf7b41ed36e19f9e8b3b400beb6d992c0f354b3529d0896623abfa56a2e6,10834304,2.942690333002247,B,1480282,"(861593, 11489790, 10834304)",seed,/Users/futaoran/Desktop/华为杯2026/华为杯_code/results/full_main_fast_20260924,49160,AI_VERIFIED
49160,root2:batch_07,49152,0.03320740032104811,1431000,base_base,case_043,11489790,5,,3.0638020420155954,mps,861593,{0: 861593},677656,1431122,0,73c0cf7b41ed36e19f9e8b3b400beb6d992c0f354b3529d0896623abfa56a2e6,10834304,3.2044087089889217,C,1480282,"(861593, 11489790, 10834304)",seed,/Users/futaoran/Desktop/华为杯2026/华为杯_code/results/full_main_fast_20260924,49160,AI_VERIFIED
0,root2:batch_07,0,0.0,0,A0_base,case_093,1703936,1,,0.25939875000040047,mps,86112,{0: 86112},74205,714752,0,3e4e646ae0905f369b92aab21d8a93bdbd1da788e059b514923277d61c49cf8a,1038336,0.17932229198049754,A,714752,"(86112, 1703936, 1038336)",seed,/Users/futaoran/Desktop/华为杯2026/华为杯_code/results/full_main_fast_20260924,0,AI_VERIFIED
24576,root2:batch_07,0,0.0,0,A2_base,case_093,1728512,1,,0.18303170800209045,mps,86112,{0: 86112},74586,714752,24576,da81795b5f07a255f97d60fe215120761daaeac34e0b9137f35f348091adb810,266240,0.1592062079871539,A,739328,"(86112, 1728512, 266240)",seed,/Users/futaoran/Desktop/华为杯2026/华为杯_code/results/full_main_fast_20260924,0,AI_VERIFIED
47104,root2:batch_07,0,0.0,0,B3_base,case_093,1703936,1,,0.2032718330156058,mps,86112,{0: 86112},85150,714752,0,80240b40a1579f8fc9351ab82b7fb9c386d3389d6ff28d9787c01e065cefb8cd,319488,0.1307928749884013,B,761856,"(86112, 1703936, 319488)",seed,/Users/futaoran/Desktop/华为杯2026/华为杯_code/results/full_main_fast_20260924,47104,AI_VERIFIED
47104,root2:batch_07,0,0.0,0,B3_aggregate,case_093,1703936,1,,0.15362412499962375,mps,86112,{0: 86112},85150,714752,0,a24a83745e00e3f42cbaf630b54c05499c3256d3689debd9f42423ca39a6a667,602112,0.22371537500293925,B,761856,"(86112, 1703936, 602112)",aggregate,/Users/futaoran/Desktop/华为杯2026/华为杯_code/results/full_main_fast_20260924,47104,AI_VERIFIED
47104,root2:batch_07,6144,0.010238907849829351,593920,base_base,case_093,1703936,1,,0.15814995800610632,mps,86112,{0: 86112},85150,714752,0,a24a83745e00e3f42cbaf630b54c05499c3256d3689debd9f42423ca39a6a667,602112,0.22498245901078917,C,761856,"(86112, 1703936, 602112)",seed,/Users/futaoran/Desktop/华为杯2026/华为杯_code/results/full_main_fast_20260924,47104,AI_VERIFIED
0,root2:batch_07,0,0.0,573440,base_aggregate,case_093,1703936,1,,0.20096050002030097,mps,86112,{0: 86112},77781,714752,0,998ee2fbd036121b8cfaaa092e5397b10b8a5afbaa1001aee9bf05d5909b9b4d,884736,0.17473233400960453,C,714752,"(86112, 1703936, 884736)",aggregate,/Users/futaoran/Desktop/华为杯2026/华为杯_code/results/full_main_fast_20260924,0,AI_VERIFIED
57344,root2:batch_07,0,0.0,0,A2_base,case_093,1761280,2,,0.1539924590033479,mps,43056,"{0: 43056, 1: 43056}",77652,714752,57344,8aaba6117d334d1d128b95fa5f4cc14bef886e6bda4cfe6b5aacdd8f94c92457,0,0.14317716599907726,A,772096,"(43056, 1761280, 0)",seed,/Users/futaoran/Desktop/华为杯2026/华为杯_code/results/full_main_fast_20260924,0,AI_VERIFIED
,root2:batch_07,,,,A2_reorder,case_093,,2,task schedule: dependency cycle; 0 -[core 0 task order]-> 1; 1 -[subgraph dependency]-> 2; 2 -[subgraph dependency]-> 0,,mps,,,,,,cc557cf79fce0f74e90f64f197285262172347944413e1a678674522e89fcb1d,,,A,,,capacity,/Users/futaoran/Desktop/华为杯2026/华为杯_code/results/full_main_fast_20260924,,PROFILE_FAILED
8192,root2:batch_07,0,0.0,0,A1_base,case_093,1712128,2,,0.21020412500365637,mps,43680,"{0: 43680, 1: 42432}",37827,714752,8192,1f5b8ee1c6579ce6fca2b6d4b3fa2d32dc0f3303f52b008e0fe4b7293dc06499,522240,0.16107649999321438,A,722944,"(43680, 1712128, 522240)",seed,/Users/futaoran/Desktop/华为杯2026/华为杯_code/results/full_main_fast_20260924,0,AI_VERIFIED
8192,root2:batch_07,0,0.0,0,B1_base,case_093,1712128,2,,0.21208125000703149,mps,43680,"{0: 43680, 1: 42432}",37827,714752,8192,1f5b8ee1c6579ce6fca2b6d4b3fa2d32dc0f3303f52b008e0fe4b7293dc06499,522240,0.26298749999841675,B,722944,"(43680, 1712128, 522240)",seed,/Users/futaoran/Desktop/华为杯2026/华为杯_code/results/full_main_fast_20260924,0,AI_VERIFIED
1138688,root2:batch_07,0,0.0,0,B2_base,case_093,2842624,2,,0.26865083299344406,mps,47378,"{0: 43056, 1: 43056}",48469,714752,1138688,94ccb4374f13539b334cac2c4ef991cea99b32665d739c9b44a4aa124ce86e3f,372736,0.1720857500040438,B,1853440,"(47378, 2842624, 372736)",seed,/Users/futaoran/Desktop/华为杯2026/华为杯_code/results/full_main_fast_20260924,0,AI_VERIFIED
8192,root2:batch_07,0,0.0,581632,base_base,case_093,1712128,2,,0.15757116599706933,mps,43680,"{0: 43680, 1: 42432}",37827,714752,8192,1f5b8ee1c6579ce6fca2b6d4b3fa2d32dc0f3303f52b008e0fe4b7293dc06499,522240,0.14838695799699053,C,722944,"(43680, 1712128, 522240)",seed,/Users/futaoran/Desktop/华为杯2026/华为杯_code/results/full_main_fast_20260924,0,AI_VERIFIED
0,root2:batch_07,0,0.0,573440,base_aggregate_tid_1000000007,case_093,1703936,2,,0.15812566698878072,mps,86112,{0: 86112},74205,714752,0,22a0256e9d71dc187c7632a055053466f60c14dab6105a34ad28a369a122206c,272384,0.21631204200093634,C,714752,"(86112, 1703936, 272384)",aggregate,/Users/futaoran/Desktop/华为杯2026/华为杯_code/results/full_main_fast_20260924,0,AI_VERIFIED
16384,root2:batch_07,0,0.0,0,A1_base,case_093,1720320,3,,0.19224762500380166,mps,28704,"{0: 28704, 1: 28704, 2: 28704}",25103,714752,16384,4a142c1aa703d28d48083a4e517878bf060921db02deecbd7abab17cd8724fda,6144,0.20997429199633189,A,731136,"(28704, 1720320, 6144)",seed,/Users/futaoran/Desktop/华为杯2026/华为杯_code/results/full_main_fast_20260924,0,AI_VERIFIED
81920,root2:batch_07,0,0.0,0,A2_aggregate,case_093,1785856,3,,0.1969864169950597,mps,29765,"{0: 29600, 1: 27808, 2: 28704}",51518,714752,81920,470fc6e21218cb1ace4a82cf19fd6d7b39667ad269a04586d9a25f73227d2916,12288,0.11573795802542008,A,796672,"(29765, 1785856, 12288)",aggregate,/Users/futaoran/Desktop/华为杯2026/华为杯_code/results/full_main_fast_20260924,0,AI_VERIFIED
16384,root2:batch_07,0,0.0,0,B1_base,case_093,1720320,3,,0.1997489169880282,mps,28704,"{0: 28704, 1: 28704, 2: 28704}",25103,714752,16384,4a142c1aa703d28d48083a4e517878bf060921db02deecbd7abab17cd8724fda,6144,0.12652070799958892,B,731136,"(28704, 1720320, 6144)",seed,/Users/futaoran/Desktop/华为杯2026/华为杯_code/results/full_main_fast_20260924,0,AI_VERIFIED
1445888,root2:batch_07,0,0.0,0,B3_aggregate,case_093,3149824,3,,0.28556495800148696,mps,52498,"{0: 30048, 1: 28704, 2: 27360}",43854,714752,1445888,4c01c59ec3bd8f8abed825612e5d2ff8d141a46d0ede581d96c256a46a757e60,0,0.26028499999665655,B,2160640,"(52498, 3149824, 0)",aggregate,/Users/futaoran/Desktop/华为杯2026/华为杯_code/results/full_main_fast_20260924,0,AI_VERIFIED
16384,root2:batch_07,0,0.0,589824,base_base,case_093,1720320,3,,0.19795845900080167,mps,28704,"{0: 28704, 1: 28704, 2: 28704}",25103,714752,16384,4a142c1aa703d28d48083a4e517878bf060921db02deecbd7abab17cd8724fda,6144,0.10890216700499877,C,731136,"(28704, 1720320, 6144)",seed,/Users/futaoran/Desktop/华为杯2026/华为杯_code/results/full_main_fast_20260924,0,AI_VERIFIED
8192,root2:batch_07,6144,0.01056338028169014,575488,base_move,case_093,1712128,3,,0.17971554200630635,mps,57408,"{1: 57408, 2: 28704}",49802,714752,8192,927246e40f9083dcc2283f3f6c392bc8fde4d9dce0a65c5a64da2d39d1989e1d,4096,0.12473208300070837,C,722944,"(57408, 1712128, 4096)",ordinary,/Users/futaoran/Desktop/华为杯2026/华为杯_code/results/full_main_fast_20260924,0,AI_VERIFIED
24576,root2:batch_07,0,0.0,0,A1_base,case_093,1728512,4,,0.15826766699319705,mps,28809,"{0: 22464, 1: 21216, 2: 21216, 3: 21216}",19779,714752,24576,6256612237a3be897e8a1b71beef86388caf235214e3372bb64b998572a0dbf7,0,0.0969414169958327,A,739328,"(28809, 1728512, 0)",seed,/Users/futaoran/Desktop/华为杯2026/华为杯_code/results/full_main_fast_20260924,0,AI_VERIFIED
122880,root2:batch_07,0,0.0,0,A2_base,case_093,1826816,4,,0.1373657920048572,mps,30447,"{0: 21976, 1: 21080, 2: 21528, 3: 21528}",82147,714752,122880,4d25623959814066d9f6c25e6dad8aecfb65981ea6eea8b9affceffa660909bc,0,0.13542600002256222,A,837632,"(30447, 1826816, 0)",seed,/Users/futaoran/Desktop/华为杯2026/华为杯_code/results/full_main_fast_20260924,0,AI_VERIFIED
24576,root2:batch_07,0,0.0,0,B1_base,case_093,1728512,4,,0.17101999997976236,mps,28809,"{0: 22464, 1: 21216, 2: 21216, 3: 21216}",19779,714752,24576,6256612237a3be897e8a1b71beef86388caf235214e3372bb64b998572a0dbf7,0,0.15915108297485858,B,739328,"(28809, 1728512, 0)",seed,/Users/futaoran/Desktop/华为杯2026/华为杯_code/results/full_main_fast_20260924,0,AI_VERIFIED
16384,root2:batch_07,0,0.0,0,B1_move,case_093,1720320,4,,0.23910845900536515,mps,43680,"{1: 43680, 2: 21216, 3: 21216}",38212,714752,16384,30918022d8d3a0d35be518ade61d4bc7b6ecc7e3dfd44ccb13f353de6a32c1ff,0,0.12827941699652,B,731136,"(43680, 1720320, 0)",ordinary,/Users/futaoran/Desktop/华为杯2026/华为杯_code/results/full_main_fast_20260924,0,AI_VERIFIED
24576,root2:batch_07,0,0.0,598016,base_base,case_093,1728512,4,,0.20001741600572132,mps,28809,"{0: 22464, 1: 21216, 2: 21216, 3: 21216}",19779,714752,24576,6256612237a3be897e8a1b71beef86388caf235214e3372bb64b998572a0dbf7,0,0.11281695798970759,C,739328,"(28809, 1728512, 0)",seed,/Users/futaoran/Desktop/华为杯2026/华为杯_code/results/full_main_fast_20260924,0,AI_VERIFIED
16384,root2:batch_07,12288,0.020833333333333332,577536,base_move,case_093,1720320,4,,0.17474449999281205,mps,43680,"{1: 43680, 2: 21216, 3: 21216}",38140,714752,16384,30918022d8d3a0d35be518ade61d4bc7b6ecc7e3dfd44ccb13f353de6a32c1ff,0,0.11675491699134,C,731136,"(43680, 1720320, 0)",ordinary,/Users/futaoran/Desktop/华为杯2026/华为杯_code/results/full_main_fast_20260924,0,AI_VERIFIED
32768,root2:batch_07,0,0.0,0,A1_base,case_093,1736704,5,,0.17643162500462495,mps,28946,"{0: 17472, 1: 17472, 2: 17472, 3: 17472, 4: 16224}",15876,714752,32768,4721c5ac9f2fb44ebaa62fd5d34dcb22889903a6900119df3f15d11fdac1d338,0,0.16729700000723824,A,747520,"(28946, 1736704, 0)",seed,/Users/futaoran/Desktop/华为杯2026/华为杯_code/results/full_main_fast_20260924,0,AI_VERIFIED
131072,root2:batch_07,0,0.0,0,A2_aggregate,case_093,1835008,5,,0.24043104200973175,mps,30584,"{0: 17204, 1: 17204, 2: 17384, 3: 17160, 4: 17160}",74682,714752,131072,419095452b89cb73bcc55c5e3b203c4abaddd06ac644225be86ae2b18f711297,0,0.09292024999740534,A,845824,"(30584, 1835008, 0)",aggregate,/Users/futaoran/Desktop/华为杯2026/华为杯_code/results/full_main_fast_20260924,0,AI_VERIFIED
32768,root2:batch_07,0,0.0,0,B1_base,case_093,1736704,5,,0.14085512500605546,mps,28946,"{0: 17472, 1: 17472, 2: 17472, 3: 17472, 4: 16224}",15876,714752,32768,4721c5ac9f2fb44ebaa62fd5d34dcb22889903a6900119df3f15d11fdac1d338,0,0.14292775001376867,B,747520,"(28946, 1736704, 0)",seed,/Users/futaoran/Desktop/华为杯2026/华为杯_code/results/full_main_fast_20260924,0,AI_VERIFIED
24576,root2:batch_07,0,0.0,0,B1_move,case_093,1728512,5,,0.12323812500108033,mps,33696,"{4: 33696, 1: 17472, 2: 17472, 3: 17472}",29811,714752,24576,f279624910f3282b6167009b5b69ac6c61cea3fa0097a8b064c9234d089500ac,0,0.181015624984866,B,739328,"(33696, 1728512, 0)",ordinary,/Users/futaoran/Desktop/华为杯2026/华为杯_code/results/full_main_fast_20260924,0,AI_VERIFIED
32768,root2:batch_07,0,0.0,606208,base_base,case_093,1736704,5,,0.14973633299814537,mps,28946,"{0: 17472, 1: 17472, 2: 17472, 3: 17472, 4: 16224}",15876,714752,32768,4721c5ac9f2fb44ebaa62fd5d34dcb22889903a6900119df3f15d11fdac1d338,0,0.19691191700985655,C,747520,"(28946, 1736704, 0)",seed,/Users/futaoran/Desktop/华为杯2026/华为杯_code/results/full_main_fast_20260924,0,AI_VERIFIED
24576,root2:batch_07,18432,0.030821917808219176,579584,base_move,case_093,1728512,5,,0.20655187501688488,mps,33696,"{4: 33696, 1: 17472, 2: 17472, 3: 17472}",29649,714752,24576,f279624910f3282b6167009b5b69ac6c61cea3fa0097a8b064c9234d089500ac,0,0.14278970900340937,C,739328,"(33696, 1728512, 0)",ordinary,/Users/futaoran/Desktop/华为杯2026/华为杯_code/results/full_main_fast_20260924,0,AI_VERIFIED
0,root2:batch_07,0,0.0,0,A2_base,case_095,54110364,1,,7.5142144999990705,mps,2084544,{0: 2084544},2085262,11355036,0,897f2be0315ea04395c6b2dde88de582b67fcaf2dde38ff08588f52aeea6492f,24980558,1.7868105419911444,A,11355036,"(2084544, 54110364, 24980558)",seed,/Users/futaoran/Desktop/华为杯2026/华为杯_code/results/full_main_fast_20260924,0,AI_VERIFIED
0,root2:batch_07,0,0.0,0,A2_reorder,case_095,54110364,1,,7.367466583993519,mps,2084544,{0: 2084544},2085262,11355036,0,aed4302847c7c0bffdca6099737763385fb5f1f8fc9c084824f83636921564b1,24980558,1.8605789589928463,A,11355036,"(2084544, 54110364, 24980558)",capacity,/Users/futaoran/Desktop/华为杯2026/华为杯_code/results/full_main_fast_20260924,0,AI_VERIFIED
49848192,root2:batch_07,0,0.0,0,B3_base,case_095,54110364,1,,2.8910713749937713,mps,2084544,{0: 2084544},2070244,11355036,0,16abe38a3f2ea3f82a149abb0c114ff286c005c8ed68bb75824ef7248235bd87,30698816,3.228673124976922,B,61203228,"(2084544, 54110364, 30698816)",seed,/Users/futaoran/Desktop/华为杯2026/华为杯_code/results/full_main_fast_20260924,49848192,AI_VERIFIED
33294720,root2:batch_07,0,0.0,0,B3_aggregate,case_095,54110364,1,,2.5834767500055023,mps,2084544,{0: 2084544},1651133,11355036,0,64a0a60d2f694c25bd0fd4d90bf46e0ae8f6fba812b691fb8a76fea98d0e1cbe,30699726,2.5571337910078,B,44649756,"(2084544, 54110364, 30699726)",aggregate,/Users/futaoran/Desktop/华为杯2026/华为杯_code/results/full_main_fast_20260924,33294720,AI_VERIFIED
33294720,root2:batch_07,0,0.0,25163868,base_base,case_095,54110364,1,,2.766689249983756,mps,2084544,{0: 2084544},1651133,11355036,0,64a0a60d2f694c25bd0fd4d90bf46e0ae8f6fba812b691fb8a76fea98d0e1cbe,30699726,2.4779051250079647,C,44649756,"(2084544, 54110364, 30699726)",seed,/Users/futaoran/Desktop/华为杯2026/华为杯_code/results/full_main_fast_20260924,33294720,AI_VERIFIED
16706688,root2:batch_07,0,0.0,16869852,base_aggregate,case_095,54110364,1,,2.144451083004242,mps,2084544,{0: 2084544},1316513,11355036,0,cf41874f6cd9647c32f4dd9c3b61f7cb31d62f724b8da13d56327b4bf282ef52,39431694,2.0817739159974735,C,28061724,"(2084544, 54110364, 39431694)",aggregate,/Users/futaoran/Desktop/华为杯2026/华为杯_code/results/full_main_fast_20260924,16706688,AI_VERIFIED
0,root2:batch_07,0,0.0,0,A1_base,case_095,54110364,2,,7.683771499985596,mps,1042272,"{0: 1042272, 1: 1042272}",1042890,11355036,0,d27d18390fa5cec87f030780bb6d5d2eefe01d8f788045840917e422dd779e6b,49961116,1.729525000002468,A,11355036,"(1042272, 54110364, 49961116)",seed,/Users/futaoran/Desktop/华为杯2026/华为杯_code/results/full_main_fast_20260924,0,AI_VERIFIED
73728,root2:batch_07,0,0.0,0,A2_base,case_095,54184092,2,,5.1685381660063285,mps,1042704,"{0: 1041840, 1: 1042704}",1564574,11355036,73728,6854a34defc9b99f3e7fc772f9adfcb1161b1242976b98e89c74ac7c1719fc7c,24343630,1.4371946250030305,A,11428764,"(1042704, 54184092, 24343630)",seed,/Users/futaoran/Desktop/华为杯2026/华为杯_code/results/full_main_fast_20260924,0,AI_VERIFIED
0,root2:batch_07,0,0.0,0,B1_base,case_095,54110364,2,,2.2497328750032466,mps,1042272,"{0: 1042272, 1: 1042272}",1042890,11355036,0,d27d18390fa5cec87f030780bb6d5d2eefe01d8f788045840917e422dd779e6b,49961116,2.2022818340046797,B,11355036,"(1042272, 54110364, 49961116)",seed,/Users/futaoran/Desktop/华为杯2026/华为杯_code/results/full_main_fast_20260924,0,AI_VERIFIED
50861184,root2:batch_07,0,0.0,0,B2_move,case_095,71141532,2,,3.1933870000066236,mps,1185693,"{0: 942480, 1: 1142064}",1814705,11355036,17031168,09c588cc7df916d03e5e0bb0b6202ff76950af95012be69ee5022d2eca80421f,49960192,2.479778291977709,B,62216220,"(1185693, 71141532, 49960192)",ordinary,/Users/futaoran/Desktop/华为杯2026/华为杯_code/results/full_main_fast_20260924,33830016,AI_VERIFIED
0,root2:batch_07,0,0.0,8516508,base_base,case_095,54110364,2,,1.942769874993246,mps,1042272,"{0: 1042272, 1: 1042272}",1042890,11355036,0,d27d18390fa5cec87f030780bb6d5d2eefe01d8f788045840917e422dd779e6b,49961116,1.977064334001625,C,11355036,"(1042272, 54110364, 49961116)",seed,/Users/futaoran/Desktop/华为杯2026/华为杯_code/results/full_main_fast_20260924,0,AI_VERIFIED
0,root2:batch_07,0,0.0,8516508,base_move,case_095,54110364,2,,1.7575515420176089,mps,2084544,{1: 2084544},2084853,11355036,0,4f8a06962a6866ed8a20cb890367ccd8c1a8d42d8e096c1fdd064496546199f3,24980558,1.39587241600384,C,11355036,"(2084544, 54110364, 24980558)",ordinary,/Users/futaoran/Desktop/华为杯2026/华为杯_code/results/full_main_fast_20260924,0,AI_VERIFIED
0,root2:batch_07,0,0.0,0,A2_base,case_095,54110364,3,,3.010574167012237,mps,901840,"{0: 694848, 1: 694848, 2: 694848}",696802,11355036,0,06fd9554a3d04b7c4e2287ab2e50c9f11a56b4f6c1d5ee606aaed9ce66c4cbd4,23669838,1.430409624997992,A,11355036,"(901840, 54110364, 23669838)",seed,/Users/futaoran/Desktop/华为杯2026/华为杯_code/results/full_main_fast_20260924,0,AI_VERIFIED
0,root2:batch_07,0,0.0,0,A2_reorder,case_095,54110364,3,,3.0886701669951435,mps,901840,"{0: 694848, 1: 694848, 2: 694848}",696802,11355036,0,25adc82f6e6677f0bfdf2a17d3689377f69c72610f69f3180f64882091beec22,23669838,1.4154535830020905,A,11355036,"(901840, 54110364, 23669838)",capacity,/Users/futaoran/Desktop/华为杯2026/华为杯_code/results/full_main_fast_20260924,0,AI_VERIFIED
0,root2:batch_07,0,0.0,0,B1_base,case_095,54110364,3,,1.7632490830146708,mps,901840,"{0: 694848, 1: 694848, 2: 694848}",695775,11355036,0,8a731a103744a2f48c3e51a1e422479d1bcce16cf8de73be2113a7f1a3d94d51,49305756,2.1302921670139767,B,11355036,"(901840, 54110364, 49305756)",seed,/Users/futaoran/Desktop/华为杯2026/华为杯_code/results/full_main_fast_20260924,0,AI_VERIFIED
0,root2:batch_07,0,0.0,0,B1_move,case_095,54110364,3,,1.8566342080011964,mps,1389696,"{1: 1389696, 2: 694848}",1390211,11355036,0,c82432fdccee48aa335ba159abfcf88b2e40f6c58772e7f909db61ab412992eb,32870504,1.8352196250052657,B,11355036,"(1389696, 54110364, 32870504)",ordinary,/Users/futaoran/Desktop/华为杯2026/华为杯_code/results/full_main_fast_20260924,0,AI_VERIFIED
0,root2:batch_07,0,0.0,8516508,base_base,case_095,54110364,3,,2.450983541988535,mps,901840,"{0: 694848, 1: 694848, 2: 694848}",695775,11355036,0,8a731a103744a2f48c3e51a1e422479d1bcce16cf8de73be2113a7f1a3d94d51,49305756,1.7484260829805862,C,11355036,"(901840, 54110364, 49305756)",seed,/Users/futaoran/Desktop/华为杯2026/华为杯_code/results/full_main_fast_20260924,0,AI_VERIFIED
0,root2:batch_07,0,0.0,8516508,base_move,case_095,54110364,3,,2.131968625006266,mps,1389696,"{1: 1389696, 2: 694848}",1390211,11355036,0,c82432fdccee48aa335ba159abfcf88b2e40f6c58772e7f909db61ab412992eb,32870504,1.8815451670088805,C,11355036,"(1389696, 54110364, 32870504)",ordinary,/Users/futaoran/Desktop/华为杯2026/华为杯_code/results/full_main_fast_20260924,0,AI_VERIFIED
0,root2:batch_07,0,0.0,0,A1_base,case_095,54110364,4,,4.496570541989058,mps,901840,"{0: 523392, 1: 523392, 2: 518880, 3: 518880}",524422,11355036,0,bf8171312472e88b783cd99758c512597fbb0a3c39eda5accecbdba689989be9,48650396,1.6772947080025915,A,11355036,"(901840, 54110364, 48650396)",seed,/Users/futaoran/Desktop/华为杯2026/华为杯_code/results/full_main_fast_20260924,0,AI_VERIFIED
221952,root2:batch_07,0,0.0,0,A2_base,case_095,54369180,4,,3.3142015420016833,mps,906153,"{0: 519912, 1: 522360, 2: 521352, 3: 520920}",1827838,11355036,221952,0a3727f9bae69ce6b307ab24add06b0e237365c2bd23c1e3c394c5fd89101d51,23100878,1.2765006670088042,A,11576988,"(906153, 54369180, 23100878)",seed,/Users/futaoran/Desktop/华为杯2026/华为杯_code/results/full_main_fast_20260924,0,AI_VERIFIED
0,root2:batch_07,0,0.0,0,B1_base,case_095,54110364,4,,1.8606482920004055,mps,901840,"{0: 523392, 1: 523392, 2: 518880, 3: 518880}",524422,11355036,0,bf8171312472e88b783cd99758c512597fbb0a3c39eda5accecbdba689989be9,48650396,1.7338750420021825,B,11355036,"(901840, 54110364, 48650396)",seed,/Users/futaoran/Desktop/华为杯2026/华为杯_code/results/full_main_fast_20260924,0,AI_VERIFIED
0,root2:batch_07,0,0.0,0,B1_move,case_095,54110364,4,,1.6451912909979,mps,1042272,"{2: 1042272, 1: 523392, 3: 518880}",1042993,11355036,0,2358ad91385c019da4f1d8be9be043575bf8c2359e28e4d8ae74873508c87d8f,36543286,1.6096544169995468,B,11355036,"(1042272, 54110364, 36543286)",ordinary,/Users/futaoran/Desktop/华为杯2026/华为杯_code/results/full_main_fast_20260924,0,AI_VERIFIED
0,root2:batch_07,0,0.0,8516508,base_base,case_095,54110364,4,,1.7407127089973073,mps,901840,"{0: 523392, 1: 523392, 2: 518880, 3: 518880}",524422,11355036,0,bf8171312472e88b783cd99758c512597fbb0a3c39eda5accecbdba689989be9,48650396,1.4118486669904087,C,11355036,"(901840, 54110364, 48650396)",seed,/Users/futaoran/Desktop/华为杯2026/华为杯_code/results/full_main_fast_20260924,0,AI_VERIFIED
0,root2:batch_07,0,0.0,8516508,base_move,case_095,54110364,4,,2.249077957996633,mps,1042272,"{2: 1042272, 1: 523392, 3: 518880}",1042993,11355036,0,2358ad91385c019da4f1d8be9be043575bf8c2359e28e4d8ae74873508c87d8f,36543286,1.9616570420039352,C,11355036,"(1042272, 54110364, 36543286)",ordinary,/Users/futaoran/Desktop/华为杯2026/华为杯_code/results/full_main_fast_20260924,0,AI_VERIFIED
0,root2:batch_07,0,0.0,0,A1_move,case_095,54110364,5,,3.468600417021662,mps,901840,"{2: 834720, 1: 419616, 3: 415104, 4: 415104}",836365,11355036,0,6709562de97dca17454448736ff044121e60be184059a0d6e1e6ff8e144a1640,38440420,1.7816026670043357,A,11355036,"(901840, 54110364, 38440420)",ordinary,/Users/futaoran/Desktop/华为杯2026/华为杯_code/results/full_main_fast_20260924,0,AI_VERIFIED
0,root2:batch_07,0,0.0,0,A1_base,case_095,54110364,5,,3.014712917007273,mps,901840,"{0: 419616, 1: 419616, 2: 415104, 3: 415104, 4: 415104}",420852,11355036,0,e3c38bfac0fdef66a51c2ec53573c2ec23d010443f163544ebfcf954c719c34d,47995036,1.5540408749948256,A,11355036,"(901840, 54110364, 47995036)",seed,/Users/futaoran/Desktop/华为杯2026/华为杯_code/results/full_main_fast_20260924,0,AI_VERIFIED
0,root2:batch_07,0,0.0,0,B1_move,case_095,54110364,5,,1.3838077500113286,mps,901840,"{2: 834720, 1: 419616, 3: 415104, 4: 415104}",835647,11355036,0,6709562de97dca17454448736ff044121e60be184059a0d6e1e6ff8e144a1640,38440420,1.4289475829864386,B,11355036,"(901840, 54110364, 38440420)",ordinary,/Users/futaoran/Desktop/华为杯2026/华为杯_code/results/full_main_fast_20260924,0,AI_VERIFIED
0,root2:batch_07,0,0.0,0,B1_base,case_095,54110364,5,,1.5943965839978773,mps,901840,"{0: 419616, 1: 419616, 2: 415104, 3: 415104, 4: 415104}",420852,11355036,0,e3c38bfac0fdef66a51c2ec53573c2ec23d010443f163544ebfcf954c719c34d,47995036,1.2400314169935882,B,11355036,"(901840, 54110364, 47995036)",seed,/Users/futaoran/Desktop/华为杯2026/华为杯_code/results/full_main_fast_20260924,0,AI_VERIFIED
0,root2:batch_07,0,0.0,8516508,base_base,case_095,54110364,5,,1.392140207986813,mps,901840,"{0: 419616, 1: 419616, 2: 415104, 3: 415104, 4: 415104}",420852,11355036,0,e3c38bfac0fdef66a51c2ec53573c2ec23d010443f163544ebfcf954c719c34d,47995036,1.2526532080082688,C,11355036,"(901840, 54110364, 47995036)",seed,/Users/futaoran/Desktop/华为杯2026/华为杯_code/results/full_main_fast_20260924,0,AI_VERIFIED
0,root2:batch_07,0,0.0,8516508,base_move,case_095,54110364,5,,1.4644765419943724,mps,901840,"{2: 834720, 1: 419616, 3: 415104, 4: 415104}",835647,11355036,0,6709562de97dca17454448736ff044121e60be184059a0d6e1e6ff8e144a1640,38440420,1.5303695000184234,C,11355036,"(901840, 54110364, 38440420)",ordinary,/Users/futaoran/Desktop/华为杯2026/华为杯_code/results/full_main_fast_20260924,0,AI_VERIFIED
0,root2:batch_07,0,0.0,0,A0_base,case_096,2411592,1,,0.5812774170190096,mps,93274,{0: 93274},84194,219558,0,c5c92cd0a7a3135375cd5346e2a94d5b0749abf4880312a70b83bbbcb073c653,1845942,0.23831520800013095,A,219558,"(93274, 2411592, 1845942)",seed,/Users/futaoran/Desktop/华为杯2026/华为杯_code/results/full_main_fast_20260924,0,AI_VERIFIED
68352,root2:batch_07,0,0.0,0,A2_base,case_096,2479944,1,,0.3935475410253275,mps,93274,{0: 93274},83517,219558,68352,d876ebc113f7475cd15112fbfe3abf3fa0f457994251931824064eb7a550ffdb,1145696,0.13545166701078415,A,287910,"(93274, 2479944, 1145696)",seed,/Users/futaoran/Desktop/华为杯2026/华为杯_code/results/full_main_fast_20260924,0,AI_VERIFIED
0,root2:batch_07,0,0.0,0,B3_aggregate,case_096,2411592,1,,0.2923908329976257,mps,93274,{0: 93274},82592,219558,0,6fc9aaeb096da285e053f735700f22ccc2bb9d317019cd2a495e3323c9145da4,737466,0.30573183301021345,B,219558,"(93274, 2411592, 737466)",aggregate,/Users/futaoran/Desktop/华为杯2026/华为杯_code/results/full_main_fast_20260924,0,AI_VERIFIED
0,root2:batch_07,0,0.0,0,B3_base,case_096,2411592,1,,0.2545535829849541,mps,93274,{0: 93274},80228,219558,0,c82104856e511630e397cdb6ecbf3ac00d44aa66dbcca1bd2e40c6823bae0dff,737466,0.254420833021868,B,219558,"(93274, 2411592, 737466)",seed,/Users/futaoran/Desktop/华为杯2026/华为杯_code/results/full_main_fast_20260924,0,AI_VERIFIED
0,root2:batch_07,0,0.0,210260,base_base,case_096,2411592,1,,0.28500770797836594,mps,93274,{0: 93274},80228,219558,0,c82104856e511630e397cdb6ecbf3ac00d44aa66dbcca1bd2e40c6823bae0dff,737466,0.264021542010596,C,219558,"(93274, 2411592, 737466)",seed,/Users/futaoran/Desktop/华为杯2026/华为杯_code/results/full_main_fast_20260924,0,AI_VERIFIED
0,root2:batch_07,0,0.0,210260,base_aggregate,case_096,2411592,1,,0.342612124979496,mps,93274,{0: 93274},82592,219558,0,6fc9aaeb096da285e053f735700f22ccc2bb9d317019cd2a495e3323c9145da4,737466,0.23531445799744688,C,219558,"(93274, 2411592, 737466)",aggregate,/Users/futaoran/Desktop/华为杯2026/华为杯_code/results/full_main_fast_20260924,0,AI_VERIFIED
67392,root2:batch_07,0,0.0,0,A1_base,case_096,2478984,2,,0.5536337500088848,mps,46708,"{0: 46708, 1: 46566}",44010,219558,67392,f4dd6e587dc3e23cf3e1f71b3f15f14bf5ca9340792b999eb0e2f04ce1692f0b,1714870,0.1950295409769751,A,286950,"(46708, 2478984, 1714870)",seed,/Users/futaoran/Desktop/华为杯2026/华为杯_code/results/full_main_fast_20260924,0,AI_VERIFIED
142084,root2:batch_07,0,0.0,0,A2_base,case_096,2561868,2,,0.2698733749857638,mps,47067,"{0: 46207, 1: 47067}",85346,219558,142084,0ccc179b2133d52779b884203c58e416c306119372356cde1e094a9019e4e4c1,1017698,0.21852270801900886,A,361642,"(47067, 2561868, 1017698)",seed,/Users/futaoran/Desktop/华为杯2026/华为杯_code/results/full_main_fast_20260924,0,AI_VERIFIED
67392,root2:batch_07,0,0.0,0,B1_base,case_096,2478984,2,,0.2765089590102434,mps,46708,"{0: 46708, 1: 46566}",44010,219558,67392,f4dd6e587dc3e23cf3e1f71b3f15f14bf5ca9340792b999eb0e2f04ce1692f0b,1714870,0.3171810419880785,B,286950,"(46708, 2478984, 1714870)",seed,/Users/futaoran/Desktop/华为杯2026/华为杯_code/results/full_main_fast_20260924,0,AI_VERIFIED
619064,root2:batch_07,0,0.0,0,B3_base,case_096,3067522,2,,0.38789795798948035,mps,51126,"{0: 45352, 1: 47922}",70596,219558,619064,a956538ec3a55093b516cfc15827724d85fc7c07bfc9557ae2955eb506dbb634,602306,0.30748616700293496,B,838622,"(51126, 3067522, 602306)",seed,/Users/futaoran/Desktop/华为杯2026/华为杯_code/results/full_main_fast_20260924,0,AI_VERIFIED
67392,root2:batch_07,67392,0.2427211041159437,210260,base_base,case_096,2478984,2,,0.30113708300632425,mps,46708,"{0: 46708, 1: 46566}",44010,219558,67392,f4dd6e587dc3e23cf3e1f71b3f15f14bf5ca9340792b999eb0e2f04ce1692f0b,1714870,0.24571424999157898,C,286950,"(46708, 2478984, 1714870)",seed,/Users/futaoran/Desktop/华为杯2026/华为杯_code/results/full_main_fast_20260924,0,AI_VERIFIED
0,root2:batch_07,0,0.0,210260,base_aggregate_tid_599,case_096,2411592,2,,0.2807841250032652,mps,93274,{0: 93274},84083,219558,0,6e5a4850218e600753279be6d357bacda8b452a55578220b849670a1848c3360,1429578,0.2630316249851603,C,219558,"(93274, 2411592, 1429578)",aggregate,/Users/futaoran/Desktop/华为杯2026/华为杯_code/results/full_main_fast_20260924,0,AI_VERIFIED
79488,root2:batch_07,0,0.0,0,A1_base,case_096,2491080,3,,0.5719942080031615,mps,41518,"{0: 31007, 1: 31109, 2: 31158}",30318,219558,79488,12cda438bbeded089036cc035e42192ad27c733e933ca07880bd54b88d679c5b,1583798,0.15459391701733693,A,299046,"(41518, 2491080, 1583798)",seed,/Users/futaoran/Desktop/华为杯2026/华为杯_code/results/full_main_fast_20260924,0,AI_VERIFIED
149892,root2:batch_07,0,0.0,0,A2_base,case_096,2565580,3,,0.29962733399588615,mps,42760,"{0: 35226, 1: 25897, 2: 32151}",87829,219558,149892,554988a9d65a7aca729c01808e626a4e67a52fc1fc7506f7bd32052339426bb3,898276,0.22505479099345393,A,369450,"(42760, 2565580, 898276)",seed,/Users/futaoran/Desktop/华为杯2026/华为杯_code/results/full_main_fast_20260924,0,AI_VERIFIED
79488,root2:batch_07,0,0.0,0,B1_base,case_096,2491080,3,,0.31555358300101943,mps,41518,"{0: 31007, 1: 31109, 2: 31158}",30318,219558,79488,12cda438bbeded089036cc035e42192ad27c733e933ca07880bd54b88d679c5b,1583798,0.2760573749837931,B,299046,"(41518, 2491080, 1583798)",seed,/Users/futaoran/Desktop/华为杯2026/华为杯_code/results/full_main_fast_20260924,0,AI_VERIFIED
1004452,root2:batch_07,0,0.0,0,B3_base,case_096,3509484,3,,0.4785324159893207,mps,58492,"{0: 30015, 1: 32864, 2: 30395}",68630,219558,1004452,2410f13d424926fa543d466e2b34303a00d6fffb10d0d5b38e02446af4ecd511,471236,0.28619691700441763,B,1224010,"(58492, 3509484, 471236)",seed,/Users/futaoran/Desktop/华为杯2026/华为杯_code/results/full_main_fast_20260924,0,AI_VERIFIED
79488,root2:batch_07,79488,0.27433493932658726,210260,base_base,case_096,2491080,3,,0.23444920798647217,mps,41518,"{0: 31007, 1: 31109, 2: 31158}",30318,219558,79488,12cda438bbeded089036cc035e42192ad27c733e933ca07880bd54b88d679c5b,1583798,0.24855354099418037,C,299046,"(41518, 2491080, 1583798)",seed,/Users/futaoran/Desktop/华为杯2026/华为杯_code/results/full_main_fast_20260924,0,AI_VERIFIED
67392,root2:batch_07,67392,0.2427211041159437,210260,base_move,case_096,2478984,3,,0.27677333398605697,mps,62165,"{0: 62165, 1: 31109}",56081,219558,67392,e3601ca8692a9d761b05565cc8cb0551af2b1f533d50c4bfb02b88ccdc992e0c,1323860,0.24250083399238065,C,286950,"(62165, 2478984, 1323860)",ordinary,/Users/futaoran/Desktop/华为杯2026/华为杯_code/results/full_main_fast_20260924,0,AI_VERIFIED
79488,root2:batch_07,0,0.0,0,A1_base,case_096,2491080,4,,0.45748858401202597,mps,41518,"{0: 26707, 1: 22119, 2: 22244, 3: 22204}",26984,219558,79488,214d835b55d05969ae0320592c838627a7ea0f4dbe3f567ed886d53d6c660688,1452726,0.22235029199509881,A,299046,"(41518, 2491080, 1452726)",seed,/Users/futaoran/Desktop/华为杯2026/华为杯_code/results/full_main_fast_20260924,0,AI_VERIFIED
,root2:batch_07,,,,A2_move,case_096,,4,task schedule: dependency cycle; 1 -[core 0 task order]-> 2; 2 -[subgraph dependency]-> 4; 4 -[subgraph dependency]-> 6; 6 -[subgraph dependency]-> 3; 3 -[subgraph dependency]-> 1,,mps,,,,,,8224647c9bd3b407c04d9ca5a3cdf68d945620d0108a2017432226bfb38df40c,,,A,,,ordinary,/Users/futaoran/Desktop/华为杯2026/华为杯_code/results/full_main_fast_20260924,,PROFILE_FAILED
233256,root2:batch_07,0,0.0,0,A2_base,case_096,2653042,4,,0.3083645839942619,mps,44218,"{0: 16901, 1: 29350, 2: 24524, 3: 22499}",90356,219558,233256,1193cfd280dc8090fd412fbb62a810262411996497cc22cfb9a2316edafadbb8,796918,0.177767417015275,A,452814,"(44218, 2653042, 796918)",seed,/Users/futaoran/Desktop/华为杯2026/华为杯_code/results/full_main_fast_20260924,0,AI_VERIFIED
79488,root2:batch_07,0,0.0,0,B1_base,case_096,2491080,4,,0.24646525000571273,mps,41518,"{0: 26707, 1: 22119, 2: 22244, 3: 22204}",26984,219558,79488,214d835b55d05969ae0320592c838627a7ea0f4dbe3f567ed886d53d6c660688,1452726,0.19896920799510553,B,299046,"(41518, 2491080, 1452726)",seed,/Users/futaoran/Desktop/华为杯2026/华为杯_code/results/full_main_fast_20260924,0,AI_VERIFIED
79488,root2:batch_07,0,0.0,0,B1_move,case_096,2491080,4,,0.24905229100841098,mps,48826,"{1: 48826, 2: 22244, 3: 22204}",47281,219558,79488,eaf4003b4d584b105dcde1c2bf0d786d967cacaa182936c2e7e1cfc3a420826c,1316970,0.22761941599310376,B,299046,"(48826, 2491080, 1316970)",ordinary,/Users/futaoran/Desktop/华为杯2026/华为杯_code/results/full_main_fast_20260924,0,AI_VERIFIED
79488,root2:batch_07,24192,0.08349324240374394,265556,base_base,case_096,2491080,4,,0.24141058401437476,mps,41518,"{0: 26707, 1: 22119, 2: 22244, 3: 22204}",26984,219558,79488,214d835b55d05969ae0320592c838627a7ea0f4dbe3f567ed886d53d6c660688,1452726,0.18897708301665261,C,299046,"(41518, 2491080, 1452726)",seed,/Users/futaoran/Desktop/华为杯2026/华为杯_code/results/full_main_fast_20260924,0,AI_VERIFIED
12096,root2:batch_07,12096,0.054399251650506394,210260,base_aggregate_tid_599,case_096,2423688,4,,0.2668111659877468,mps,44448,"{0: 26707, 1: 22119, 2: 44448}",37080,219558,12096,7412f1dcf5605fd92ab0f6330a6e19f0ebcf3b56df70a698b9ac6ff37145a468,1322652,0.23438891698606312,C,231654,"(44448, 2423688, 1322652)",aggregate,/Users/futaoran/Desktop/华为杯2026/华为杯_code/results/full_main_fast_20260924,0,AI_VERIFIED
145728,root2:batch_07,0,0.0,0,A1_base,case_096,2557320,5,,0.5166738749830984,mps,42622,"{0: 26707, 1: 16567, 2: 16717, 3: 16726, 4: 16557}",27053,219558,145728,03f989cb46d596ba5757f1e651bddb8f2613ff0c2af4d09e29bb15aa87a22a72,1347798,0.15127862498047762,A,365286,"(42622, 2557320, 1347798)",seed,/Users/futaoran/Desktop/华为杯2026/华为杯_code/results/full_main_fast_20260924,0,AI_VERIFIED
145728,root2:batch_07,0,0.0,0,A1_move,case_096,2557320,5,,0.4457767910207622,mps,43264,"{4: 43264, 1: 16567, 2: 16717, 3: 16726}",41452,219558,145728,bd465aeca5d5ffe2697c498bffe2b7eb79b1da9da8ebc5c34e5627d9fffa5d5d,1148172,0.22709487497922964,A,365286,"(43264, 2557320, 1148172)",ordinary,/Users/futaoran/Desktop/华为杯2026/华为杯_code/results/full_main_fast_20260924,0,AI_VERIFIED
145728,root2:batch_07,0,0.0,0,B1_base,case_096,2557320,5,,0.21591191599145532,mps,42622,"{0: 26707, 1: 16567, 2: 16717, 3: 16726, 4: 16557}",27053,219558,145728,03f989cb46d596ba5757f1e651bddb8f2613ff0c2af4d09e29bb15aa87a22a72,1347798,0.21697495799162425,B,365286,"(42622, 2557320, 1347798)",seed,/Users/futaoran/Desktop/华为杯2026/华为杯_code/results/full_main_fast_20260924,0,AI_VERIFIED
145728,root2:batch_07,0,0.0,0,B1_move,case_096,2557320,5,,0.26778624998405576,mps,43264,"{4: 43264, 1: 16567, 2: 16717, 3: 16726}",41265,219558,145728,bd465aeca5d5ffe2697c498bffe2b7eb79b1da9da8ebc5c34e5627d9fffa5d5d,1148172,0.22388287499779835,B,365286,"(43264, 2557320, 1148172)",ordinary,/Users/futaoran/Desktop/华为杯2026/华为杯_code/results/full_main_fast_20260924,0,AI_VERIFIED
145728,root2:batch_07,90432,0.2540310347539805,265556,base_base,case_096,2557320,5,,0.21459325001342222,mps,42622,"{0: 26707, 1: 16567, 2: 16717, 3: 16726, 4: 16557}",27053,219558,145728,03f989cb46d596ba5757f1e651bddb8f2613ff0c2af4d09e29bb15aa87a22a72,1347798,0.12373395799659193,C,365286,"(42622, 2557320, 1347798)",seed,/Users/futaoran/Desktop/华为杯2026/华为杯_code/results/full_main_fast_20260924,0,AI_VERIFIED
145728,root2:batch_07,90432,0.2540310347539805,265556,base_move,case_096,2557320,5,,0.35861554197617806,mps,43264,"{4: 43264, 1: 16567, 2: 16717, 3: 16726}",41265,219558,145728,bd465aeca5d5ffe2697c498bffe2b7eb79b1da9da8ebc5c34e5627d9fffa5d5d,1148172,0.20038983298582025,C,365286,"(43264, 2557320, 1148172)",ordinary,/Users/futaoran/Desktop/华为杯2026/华为杯_code/results/full_main_fast_20260924,0,AI_VERIFIED
1079832,root2:batch_08,0,0.0,0,A0_base,case_034,14432944,1,,8.866790667001624,mps,944116,{0: 944116},842996,2280386,0,b6eab368d67ebf478fd69c8eeb48c8529f1629c8e7413e4dae6d343d4df2a517,13777182,1.1496149169979617,A,3360218,"(944116, 14432944, 13777182)",seed,/Users/futaoran/Desktop/华为杯2026/华为杯_code/results/full_main_fast_20260924,1079832,AI_VERIFIED
793104,root2:batch_08,0,0.0,0,A2_base,case_034,14804656,1,,3.3954041250108276,mps,944116,{0: 944116},838424,2280386,371712,9b6031f3f67ed719bb1a235e6f8a3c149b8ca2a7126358f4fb0fc997bf7abd7d,9442870,1.117048167012399,A,3073490,"(944116, 14804656, 9442870)",seed,/Users/futaoran/Desktop/华为杯2026/华为杯_code/results/full_main_fast_20260924,421392,AI_VERIFIED
14071408,root2:batch_08,0,0.0,0,B3_base,case_034,14432944,1,,2.166697542008478,mps,944116,{0: 944116},969026,2280386,0,6aeec983e7574af2ed96e63dea8236fbf8e7be281683257439f0bb06398c7352,7714192,2.089817749976646,B,16351794,"(944116, 14432944, 7714192)",seed,/Users/futaoran/Desktop/华为杯2026/华为杯_code/results/full_main_fast_20260924,14071408,AI_VERIFIED
7961088,root2:batch_08,0,0.0,0,B2_base,case_034,14432944,1,,1.971258042001864,mps,944116,{0: 944116},927435,2280386,0,f2150044b0777316f12c1691a00503fc286e68557d054c2c5cb025978dc9f443,9256950,1.7084282909927424,B,10241474,"(944116, 14432944, 9256950)",seed,/Users/futaoran/Desktop/华为杯2026/华为杯_code/results/full_main_fast_20260924,7961088,AI_VERIFIED
7961088,root2:batch_08,782336,0.11634730011730861,5941808,base_base,case_034,14432944,1,,1.753574458998628,mps,944116,{0: 944116},926166,2280386,0,f2150044b0777316f12c1691a00503fc286e68557d054c2c5cb025978dc9f443,9256950,1.621751958009554,C,10241474,"(944116, 14432944, 9256950)",seed,/Users/futaoran/Desktop/华为杯2026/华为杯_code/results/full_main_fast_20260924,7961088,AI_VERIFIED
1079832,root2:batch_08,1038336,0.309046599146855,2321468,base_aggregate,case_034,14432944,1,,1.570864083012566,mps,944116,{0: 944116},842733,2280386,0,b6eab368d67ebf478fd69c8eeb48c8529f1629c8e7413e4dae6d343d4df2a517,13777182,1.0971798329846933,C,3360218,"(944116, 14432944, 13777182)",aggregate,/Users/futaoran/Desktop/华为杯2026/华为杯_code/results/full_main_fast_20260924,1079832,AI_VERIFIED
1984000,root2:batch_08,0,0.0,0,A1_base,case_034,15671472,2,,9.593116666015703,mps,472065,"{0: 472065, 1: 472051}",421427,2280386,1238528,1bae2fc25049233283680a700cb5a6ca74f2202d1b374254eb3b2058bcd1280d,14360350,1.257074624998495,A,4264386,"(472065, 15671472, 14360350)",seed,/Users/futaoran/Desktop/华为杯2026/华为杯_code/results/full_main_fast_20260924,745472,AI_VERIFIED
1223176,root2:batch_08,0,0.0,0,A2_base,case_034,15365296,2,,2.23939704199438,mps,506601,"{0: 506601, 1: 437515}",828439,2280386,932352,fea7b2efbb432233c66bda41f322bbd79882be0ce054e42dded94b855d036e4e,9477174,0.8979655420116615,A,3503562,"(506601, 15365296, 9477174)",seed,/Users/futaoran/Desktop/华为杯2026/华为杯_code/results/full_main_fast_20260924,290824,AI_VERIFIED
1984000,root2:batch_08,0,0.0,0,B1_base,case_034,15671472,2,,1.4268015419947915,mps,472065,"{0: 472065, 1: 472051}",421427,2280386,1238528,1bae2fc25049233283680a700cb5a6ca74f2202d1b374254eb3b2058bcd1280d,14360350,1.3011072920053266,B,4264386,"(472065, 15671472, 14360350)",seed,/Users/futaoran/Desktop/华为杯2026/华为杯_code/results/full_main_fast_20260924,745472,AI_VERIFIED
17341838,root2:batch_08,0,0.0,0,B3_base,case_034,23479288,2,,2.7391575840010773,mps,478825,"{0: 465291, 1: 478825}",815314,2280386,9020740,82e6ccadab130a2b2b246fad2d3ead2351de33c0ce7e5a15fee73bc085b85e35,9997712,2.7594469590112567,B,19622224,"(478825, 23479288, 9997712)",seed,/Users/futaoran/Desktop/华为杯2026/华为杯_code/results/full_main_fast_20260924,8321098,AI_VERIFIED
1984000,root2:batch_08,1951744,0.4577277963519563,2312240,base_base,case_034,15671472,2,,1.4755459159787279,mps,472065,"{0: 472065, 1: 472051}",421244,2280386,1238528,1bae2fc25049233283680a700cb5a6ca74f2202d1b374254eb3b2058bcd1280d,14360350,1.2269585409958381,C,4264386,"(472065, 15671472, 14360350)",seed,/Users/futaoran/Desktop/华为杯2026/华为杯_code/results/full_main_fast_20260924,745472,AI_VERIFIED
1868288,root2:batch_08,753152,0.18155800776805378,3395120,base_aggregate_tid_7815,case_034,14432944,2,,1.7799840829975437,mps,944116,{0: 944116},838642,2280386,0,55a8ec58c507c422eb042de20e22d2616c28b8066773b953bb35b18cd4a351a7,7454068,1.6262045839976054,C,4148674,"(944116, 14432944, 7454068)",aggregate,/Users/futaoran/Desktop/华为杯2026/华为杯_code/results/full_main_fast_20260924,1868288,AI_VERIFIED
2830336,root2:batch_08,0,0.0,0,A1_base,case_034,16854704,3,,9.473894916998688,mps,314803,"{0: 314662, 1: 314651, 2: 314803}",276994,2280386,2421760,b6ec51312a0dbe707082eec7d3f6f32c32dea7d27393d51d7e85c3b67e34f376,14888222,1.3759684159886092,A,5110722,"(314803, 16854704, 14888222)",seed,/Users/futaoran/Desktop/华为杯2026/华为杯_code/results/full_main_fast_20260924,408576,AI_VERIFIED
1847816,root2:batch_08,0,0.0,0,A2_base,case_034,16174268,3,,1.9463712089927867,mps,339210,"{0: 309201, 1: 339210, 2: 295705}",824304,2280386,1741320,8bd1b95452b40ca425aee256a7a56acd7c6e4c242b7d6f81f3a854a42db1b52e,8900154,0.8461538749979809,A,4128202,"(339210, 16174268, 8900154)",seed,/Users/futaoran/Desktop/华为杯2026/华为杯_code/results/full_main_fast_20260924,106496,AI_VERIFIED
2830336,root2:batch_08,0,0.0,0,B1_base,case_034,16854704,3,,1.418024166021496,mps,314803,"{0: 314662, 1: 314651, 2: 314803}",276994,2280386,2421760,b6ec51312a0dbe707082eec7d3f6f32c32dea7d27393d51d7e85c3b67e34f376,14888222,1.1228364999988116,B,5110722,"(314803, 16854704, 14888222)",seed,/Users/futaoran/Desktop/华为杯2026/华为杯_code/results/full_main_fast_20260924,408576,AI_VERIFIED
18489950,root2:batch_08,0,0.0,0,B3_base,case_034,26736884,3,,2.6442195840063505,mps,445615,"{0: 312944, 1: 313954, 2: 317218}",573331,2280386,12276288,9445f0a74ee15adcad514aea1d48c11e704afe3c0503c9b0bd367c32d7010353,9587168,2.6116774159891065,B,20770336,"(445615, 26736884, 9587168)",seed,/Users/futaoran/Desktop/华为杯2026/华为杯_code/results/full_main_fast_20260924,6213662,AI_VERIFIED
2830336,root2:batch_08,2798080,0.5475351837066955,2312240,base_base,case_034,16854704,3,,1.2305280419823248,mps,314803,"{0: 314662, 1: 314651, 2: 314803}",276560,2280386,2421760,b6ec51312a0dbe707082eec7d3f6f32c32dea7d27393d51d7e85c3b67e34f376,14888222,1.1042357920086943,C,5110722,"(314803, 16854704, 14888222)",seed,/Users/futaoran/Desktop/华为杯2026/华为杯_code/results/full_main_fast_20260924,408576,AI_VERIFIED
2613760,root2:batch_08,1754624,0.3585442965549485,3139120,base_move,case_034,15671472,3,,1.5542908339994028,mps,629454,"{0: 314662, 1: 629454}",555763,2280386,1238528,639e542f129c77a3b67f537b8a5caede2860717a062a9efbf4fcad478b41bfd9,10498778,1.339421000011498,C,4894146,"(629454, 15671472, 10498778)",ordinary,/Users/futaoran/Desktop/华为杯2026/华为杯_code/results/full_main_fast_20260924,1375232,AI_VERIFIED
2205204,root2:batch_08,0,0.0,0,A2_base,case_034,16433342,4,,1.7987582079949789,mps,273890,"{0: 259374, 1: 197750, 2: 245636, 3: 241356}",835569,2280386,2000396,ca2c027e594150bcb0c43ed139e8de342af874b2949ffc984fa4a18bf2cee69d,10211762,0.814742209011456,A,4485590,"(273890, 16433342, 10211762)",seed,/Users/futaoran/Desktop/华为杯2026/华为杯_code/results/full_main_fast_20260924,204808,AI_VERIFIED
,root2:batch_08,,,,A2_reorder,case_034,,4,task schedule: dependency cycle; 0 -[core 0 task order]-> 1; 1 -[subgraph dependency]-> 2; 2 -[subgraph dependency]-> 3; 3 -[subgraph dependency]-> 6; 6 -[subgraph dependency]-> 4; 4 -[subgraph dependency]-> 7; 7 -[subgraph dependency]-> 0,,mps,,,,,,0f98d46bffa955596bf98e5e73597770bb67b05c9590c9cac29cda510d40fc4a,,,A,,,capacity,/Users/futaoran/Desktop/华为杯2026/华为杯_code/results/full_main_fast_20260924,,PROFILE_FAILED
2978304,root2:batch_08,0,0.0,0,A1_base,case_034,17321136,4,,8.366086499998346,mps,288686,"{0: 236002, 1: 236022, 2: 236046, 3: 236046}",212170,2280386,2888192,142f6346fe43a53b4c3591a1bc7f6b0a8696e28b75a64af77850bdf3f9cdaf9f,14699294,1.0691133750078734,A,5258690,"(288686, 17321136, 14699294)",seed,/Users/futaoran/Desktop/华为杯2026/华为杯_code/results/full_main_fast_20260924,90112,AI_VERIFIED
2978304,root2:batch_08,0,0.0,0,B1_base,case_034,17321136,4,,1.1060044589976314,mps,288686,"{0: 236002, 1: 236022, 2: 236046, 3: 236046}",212170,2280386,2888192,142f6346fe43a53b4c3591a1bc7f6b0a8696e28b75a64af77850bdf3f9cdaf9f,14699294,1.1040517920046113,B,5258690,"(288686, 17321136, 14699294)",seed,/Users/futaoran/Desktop/华为杯2026/华为杯_code/results/full_main_fast_20260924,90112,AI_VERIFIED
2546688,root2:batch_08,0,0.0,0,B1_move,case_034,16480944,4,,1.1782710829866119,mps,472048,"{0: 472048, 1: 236022, 3: 236046}",415670,2280386,2048000,d0eef0f2750e471b1843f29b55d3dcc2df571b3543c13c0e1bdc833cda4e142c,11558458,1.4897921250085346,B,4827074,"(472048, 16480944, 11558458)",ordinary,/Users/futaoran/Desktop/华为杯2026/华为杯_code/results/full_main_fast_20260924,498688,AI_VERIFIED
2978304,root2:batch_08,2751488,0.5232668883864863,2506800,base_base,case_034,17321136,4,,1.2879870000178926,mps,288686,"{0: 236002, 1: 236022, 2: 236046, 3: 236046}",212170,2280386,2888192,142f6346fe43a53b4c3591a1bc7f6b0a8696e28b75a64af77850bdf3f9cdaf9f,14699294,1.1286447909951676,C,5258690,"(288686, 17321136, 14699294)",seed,/Users/futaoran/Desktop/华为杯2026/华为杯_code/results/full_main_fast_20260924,90112,AI_VERIFIED
2546688,root2:batch_08,1872384,0.38792443323267045,2954288,base_move,case_034,16480944,4,,1.2951232499908656,mps,472048,"{0: 472048, 1: 236022, 3: 236046}",415631,2280386,2048000,d0eef0f2750e471b1843f29b55d3dcc2df571b3543c13c0e1bdc833cda4e142c,11558458,1.3419771670014597,C,4827074,"(472048, 16480944, 11558458)",ordinary,/Users/futaoran/Desktop/华为杯2026/华为杯_code/results/full_main_fast_20260924,498688,AI_VERIFIED
2630680,root2:batch_08,0,0.0,0,A2_base,case_034,16891592,5,,1.623186209006235,mps,281527,"{0: 197852, 1: 185488, 2: 177867, 3: 176891, 4: 206018}",836103,2280386,2458648,cfeb403657169f8afaf7f028b3c63c0090b3a590b0c681bccf75c6ded0ac7b39,9663708,0.9012520830146968,A,4911066,"(281527, 16891592, 9663708)",seed,/Users/futaoran/Desktop/华为杯2026/华为杯_code/results/full_main_fast_20260924,172032,AI_VERIFIED
,root2:batch_08,,,,A2_reorder,case_034,,5,task schedule: dependency cycle; 0 -[core 0 task order]-> 1; 1 -[subgraph dependency]-> 2; 2 -[subgraph dependency]-> 4; 4 -[subgraph dependency]-> 6; 6 -[subgraph dependency]-> 8; 8 -[subgraph dependency]-> 7; 7 -[subgraph dependency]-> 5; 5 -[subgraph dependency]-> 0,,mps,,,,,,6f3f651e536868d634b06ccdc11df9f425a6b4096f5837349fe4f93ac81db8cb,,,A,,,capacity,/Users/futaoran/Desktop/华为杯2026/华为杯_code/results/full_main_fast_20260924,,PROFILE_FAILED
3621888,root2:batch_08,0,0.0,0,A1_base,case_034,18005680,5,,7.453450291999616,mps,300095,"{0: 188791, 1: 188857, 2: 188994, 3: 188994, 4: 188480}",170371,2280386,3572736,b0a068dbff51bf9ea1885d19aa6b58ed6c4686979b1a07c522b5488bfd7c44be,14728478,1.0318462499999441,A,5902274,"(300095, 18005680, 14728478)",seed,/Users/futaoran/Desktop/华为杯2026/华为杯_code/results/full_main_fast_20260924,49152,AI_VERIFIED
3621888,root2:batch_08,0,0.0,0,B1_base,case_034,18005680,5,,1.2944592910062056,mps,300095,"{0: 188791, 1: 188857, 2: 188994, 3: 188994, 4: 188480}",170371,2280386,3572736,b0a068dbff51bf9ea1885d19aa6b58ed6c4686979b1a07c522b5488bfd7c44be,14728478,1.240221083018696,B,5902274,"(300095, 18005680, 14728478)",seed,/Users/futaoran/Desktop/华为杯2026/华为杯_code/results/full_main_fast_20260924,49152,AI_VERIFIED
3195904,root2:batch_08,0,0.0,0,B1_move,case_034,17142960,5,,1.3772753329831176,mps,377474,"{0: 188791, 1: 188857, 4: 377474, 3: 188994}",332596,2280386,2710016,31217ce1b92f96ee2001597f1bf8b8663931fc930bc1b115328c1b57d7c6c235,12225682,1.204084041994065,B,5476290,"(377474, 17142960, 12225682)",ordinary,/Users/futaoran/Desktop/华为杯2026/华为杯_code/results/full_main_fast_20260924,485888,AI_VERIFIED
3621888,root2:batch_08,3438080,0.582540590510943,2463792,base_base,case_034,18005680,5,,1.225084165984299,mps,300095,"{0: 188791, 1: 188857, 2: 188994, 3: 188994, 4: 188480}",168925,2280386,3572736,b0a068dbff51bf9ea1885d19aa6b58ed6c4686979b1a07c522b5488bfd7c44be,14728478,1.1626228749810252,C,5902274,"(300095, 18005680, 14728478)",seed,/Users/futaoran/Desktop/华为杯2026/华为杯_code/results/full_main_fast_20260924,49152,AI_VERIFIED
3195904,root2:batch_08,2672128,0.4879807622069699,2803760,base_move,case_034,17142960,5,,1.392578750004759,mps,377474,"{0: 188791, 1: 188857, 4: 377474, 3: 188994}",332152,2280386,2710016,31217ce1b92f96ee2001597f1bf8b8663931fc930bc1b115328c1b57d7c6c235,12225682,1.1900625829875935,C,5476290,"(377474, 17142960, 12225682)",ordinary,/Users/futaoran/Desktop/华为杯2026/华为杯_code/results/full_main_fast_20260924,485888,AI_VERIFIED
264449408,root2:batch_08,0,0.0,0,A0_base,case_067,61157760,1,,71.36275454200222,mps,61275840,{0: 61275840},63834834,6048128,0,0a03142ccdc9e5e3f20d3555f48179afc12527f09b2d586c2e746b6a4f6acfca,59470208,5.848510207986692,A,270497536,"(61275840, 61157760, 59470208)",seed,/Users/futaoran/Desktop/华为杯2026/华为杯_code/results/full_main_fast_20260924,264449408,AI_VERIFIED
264028672,root2:batch_08,0,0.0,0,A2_base,case_067,64976640,1,,34.24588441700325,mps,61275840,{0: 61275840},63842617,6048128,3787136,79594dec9350198ba15e155366255deb54d14b3ab31baef82c9a1c4b70457d63,31363456,3.940099041996291,A,270076800,"(61275840, 64976640, 31363456)",seed,/Users/futaoran/Desktop/华为杯2026/华为杯_code/results/full_main_fast_20260924,260241536,AI_VERIFIED
233595392,root2:batch_08,0,0.0,0,B3_base,case_067,61157760,1,,6.149574332986958,mps,61275840,{0: 61275840},63782329,6048128,0,20012484d192f078ccba09787c979a4f7bcadcc7e72e26f8379a0adcb3c9eaec,27124736,5.7286076250020415,B,239643520,"(61275840, 61157760, 27124736)",seed,/Users/futaoran/Desktop/华为杯2026/华为杯_code/results/full_main_fast_20260924,233595392,AI_VERIFIED
225354240,root2:batch_08,0,0.0,0,B3_aggregate,case_067,61157760,1,,5.050655500002904,mps,61275840,{0: 61275840},64124039,6048128,0,88a5fe6683fb29def29a89da11810f75196aafa5fccf393ed5fa357ad0001ec3,29294464,4.826761459000409,B,231402368,"(61275840, 61157760, 29294464)",aggregate,/Users/futaoran/Desktop/华为杯2026/华为杯_code/results/full_main_fast_20260924,225354240,AI_VERIFIED
233595392,root2:batch_08,18708992,0.07977169415793119,215822720,base_base,case_067,61157760,1,,5.894947709020926,mps,61275840,{0: 61275840},63620658,6048128,0,20012484d192f078ccba09787c979a4f7bcadcc7e72e26f8379a0adcb3c9eaec,27124736,5.586431250005262,C,239643520,"(61275840, 61157760, 27124736)",seed,/Users/futaoran/Desktop/华为杯2026/华为杯_code/results/full_main_fast_20260924,233595392,AI_VERIFIED
225354240,root2:batch_08,18708992,0.08249170505846107,208089472,base_aggregate,case_067,61157760,1,,5.7408892910170835,mps,61275840,{0: 61275840},63962368,6048128,0,88a5fe6683fb29def29a89da11810f75196aafa5fccf393ed5fa357ad0001ec3,29294464,4.567200833989773,C,231402368,"(61275840, 61157760, 29294464)",aggregate,/Users/futaoran/Desktop/华为杯2026/华为杯_code/results/full_main_fast_20260924,225354240,AI_VERIFIED
263179520,root2:batch_08,0,0.0,0,A2_base,case_067,72583680,2,,16.40683137497399,mps,30638304,"{0: 30637536, 1: 30638304}",63877319,6048128,11345024,d0b989041352791439694d287a224844126ea4cae3a088c7fd98fb9cdc69e985,34859776,3.0524401250004303,A,269227648,"(30638304, 72583680, 34859776)",seed,/Users/futaoran/Desktop/华为杯2026/华为杯_code/results/full_main_fast_20260924,251834496,AI_VERIFIED
,root2:batch_08,,,,A2_reorder,case_067,,2,task schedule: dependency cycle; 0 -[core 0 task order]-> 1; 1 -[subgraph dependency]-> 2; 2 -[subgraph dependency]-> 0,,mps,,,,,,e3cf11cb17a4c4b6fb8b6d370319bff2fb6c27fb41ff5de43c188d557c2ee2c2,,,A,,,capacity,/Users/futaoran/Desktop/华为杯2026/华为杯_code/results/full_main_fast_20260924,,PROFILE_FAILED
224305664,root2:batch_08,0,0.0,0,A3_base,case_067,76932992,2,,7.811231250001583,mps,30651232,"{0: 30624608, 1: 30651232}",63574293,6048128,12059136,5d5a433ac7c045ab98a39e8ab09e563837f121835c9a14fcdea3eea99be73146,33872256,3.2424355420225766,A,230353792,"(30651232, 76932992, 33872256)",seed,/Users/futaoran/Desktop/华为杯2026/华为杯_code/results/full_main_fast_20260924,212246528,AI_VERIFIED
264024576,root2:batch_08,0,0.0,0,B1_base,case_067,64879360,2,,5.457259749993682,mps,31069440,"{0: 31069440, 1: 30206400}",33768704,6048128,3721600,20d7df9fe450a3a071cb8baa00c22ded3f871368c64af9454c5a1cd61feec005,62667520,4.621712374995695,B,270072704,"(31069440, 64879360, 62667520)",seed,/Users/futaoran/Desktop/华为杯2026/华为杯_code/results/full_main_fast_20260924,260302976,AI_VERIFIED
255762432,root2:batch_08,0,0.0,0,B2_base,case_067,62321024,2,,3.8446775840129703,mps,31346784,"{0: 31346784, 1: 29929056}",45720205,6048128,1163264,5d47fbab90926051afb09156a5d13398b58d60da2d1529fa22007a0d5941dd7c,31145472,3.7425064590061083,B,261810560,"(31346784, 62321024, 31145472)",seed,/Users/futaoran/Desktop/华为杯2026/华为杯_code/results/full_main_fast_20260924,254599168,AI_VERIFIED
264024576,root2:batch_08,0,0.0,266793856,base_base,case_067,64879360,2,,4.884296583011746,mps,31069440,"{0: 31069440, 1: 30206400}",33768704,6048128,3721600,20d7df9fe450a3a071cb8baa00c22ded3f871368c64af9454c5a1cd61feec005,62667520,4.889392500015674,C,270072704,"(31069440, 64879360, 62667520)",seed,/Users/futaoran/Desktop/华为杯2026/华为杯_code/results/full_main_fast_20260924,260302976,AI_VERIFIED
264449408,root2:batch_08,0,0.0,267185920,base_aggregate_tid_1000000059,case_067,61157760,2,,7.001974207989406,mps,61275840,{0: 61275840},63834834,6048128,0,c9c19460190a2d1b6b4a637b80317e46c900ce26d650ca05d09d286fc41ede7a,31730048,7.07327099997201,C,270497536,"(61275840, 61157760, 31730048)",aggregate,/Users/futaoran/Desktop/华为杯2026/华为杯_code/results/full_main_fast_20260924,264449408,AI_VERIFIED
262383104,root2:batch_08,0,0.0,0,A2_base,case_067,80235776,3,,9.030055209004786,mps,20434896,"{0: 20434896, 1: 20422096, 2: 20418848}",63910074,6048128,18935680,152a4421faa495a608b2ffc510e0d98114f019ab3a67a1aaf47cc81d1147f958,38004864,2.594690082973102,A,268431232,"(20434896, 80235776, 38004864)",seed,/Users/futaoran/Desktop/华为杯2026/华为杯_code/results/full_main_fast_20260924,243447424,AI_VERIFIED
,root2:batch_08,,,,A2_reorder,case_067,,3,task schedule: dependency cycle; 0 -[core 0 task order]-> 1; 1 -[subgraph dependency]-> 2; 2 -[subgraph dependency]-> 4; 4 -[subgraph dependency]-> 5; 5 -[subgraph dependency]-> 0,,mps,,,,,,d165240b720866b12d6a5f2ae50c623b62319cc363c4398310a523271fd1fc86,,,A,,,capacity,/Users/futaoran/Desktop/华为杯2026/华为杯_code/results/full_main_fast_20260924,,PROFILE_FAILED
263599744,root2:batch_08,0,0.0,0,A1_base,case_067,68600960,3,,23.029945582995424,mps,20712960,"{0: 20712960, 1: 20712960, 2: 19849920}",23568859,6048128,7443200,ced4514df86f90e0fae794f72e5bd4679fef6c4d9d7cbbfe7d146097a76f74fa,65864832,3.6876970830198843,A,269647872,"(20712960, 68600960, 65864832)",seed,/Users/futaoran/Desktop/华为杯2026/华为杯_code/results/full_main_fast_20260924,256156544,AI_VERIFIED
263599744,root2:batch_08,0,0.0,0,B1_base,case_067,68600960,3,,3.88286587499897,mps,20712960,"{0: 20712960, 1: 20712960, 2: 19849920}",23568859,6048128,7443200,ced4514df86f90e0fae794f72e5bd4679fef6c4d9d7cbbfe7d146097a76f74fa,65864832,3.8497148750175256,B,269647872,"(20712960, 68600960, 65864832)",seed,/Users/futaoran/Desktop/华为杯2026/华为杯_code/results/full_main_fast_20260924,256156544,AI_VERIFIED
241504768,root2:batch_08,0,0.0,0,B2_base,case_067,68506496,3,,3.9773928750073537,mps,21716048,"{0: 21716048, 1: 19107280, 2: 20452512}",63437551,6048128,5894656,8f77ced8fd467efbe865a0ea94f9605f191ec16da0a964b09cb53875073455d5,32093184,3.4186271250073332,B,247552896,"(21716048, 68506496, 32093184)",seed,/Users/futaoran/Desktop/华为杯2026/华为杯_code/results/full_main_fast_20260924,235610112,AI_VERIFIED
263599744,root2:batch_08,0,0.0,266401792,base_base,case_067,68600960,3,,4.44244849999086,mps,20712960,"{0: 20712960, 1: 20712960, 2: 19849920}",23568859,6048128,7443200,ced4514df86f90e0fae794f72e5bd4679fef6c4d9d7cbbfe7d146097a76f74fa,65864832,4.075584707985399,C,269647872,"(20712960, 68600960, 65864832)",seed,/Users/futaoran/Desktop/华为杯2026/华为杯_code/results/full_main_fast_20260924,256156544,AI_VERIFIED
267725696,root2:batch_08,38849536,0.1436380105573313,231618816,base_move,case_067,64879360,3,,4.466162791999523,mps,40562880,"{2: 40562880, 1: 20712960}",42530742,6048128,3721600,9b226f787b6f8644e1969baee28540de2815f63f9a64e682ff70dcd186ab499d,44438272,3.6921635839971714,C,273773824,"(40562880, 64879360, 44438272)",ordinary,/Users/futaoran/Desktop/华为杯2026/华为杯_code/results/full_main_fast_20260924,264004096,AI_VERIFIED
261565696,root2:batch_08,0,0.0,0,A2_base,case_067,87861248,4,,7.965525708015775,mps,15332144,"{0: 15318192, 1: 15312752, 2: 15332144, 3: 15312752}",63939245,6048128,26505856,de906176fd2e9ca0891f990193d21b90d74e41eb1ce2682211b18caf7a2ba9e2,41125376,2.817239124997286,A,267613824,"(15332144, 87861248, 41125376)",seed,/Users/futaoran/Desktop/华为杯2026/华为杯_code/results/full_main_fast_20260924,235059840,AI_VERIFIED
,root2:batch_08,,,,A2_reorder,case_067,,4,task schedule: dependency cycle; 0 -[core 0 task order]-> 1; 1 -[subgraph dependency]-> 2; 2 -[subgraph dependency]-> 4; 4 -[subgraph dependency]-> 6; 6 -[subgraph dependency]-> 3; 3 -[subgraph dependency]-> 5; 5 -[subgraph dependency]-> 7; 7 -[subgraph dependency]-> 0,,mps,,,,,,9f27af3939b25bc778d1d2a94bdc9c4dfe05fb9d76f18355be2891161e91485c,,,A,,,capacity,/Users/futaoran/Desktop/华为杯2026/华为杯_code/results/full_main_fast_20260924,,PROFILE_FAILED
263174912,root2:batch_08,0,0.0,0,A1_base,case_067,72322560,4,,20.36340833301074,mps,15534720,"{0: 15534720, 1: 15534720, 2: 15534720, 3: 14671680}",18473155,6048128,11164800,81ba5603a3a0d455c5d67a086cfa6247cb9715ea03452065873dafc0a4a8426d,69062144,3.870474084018497,A,269223040,"(15534720, 72322560, 69062144)",seed,/Users/futaoran/Desktop/华为杯2026/华为杯_code/results/full_main_fast_20260924,252010112,AI_VERIFIED
263174912,root2:batch_08,0,0.0,0,B1_base,case_067,72322560,4,,4.725306874985108,mps,15534720,"{0: 15534720, 1: 15534720, 2: 15534720, 3: 14671680}",18473155,6048128,11164800,81ba5603a3a0d455c5d67a086cfa6247cb9715ea03452065873dafc0a4a8426d,69062144,4.687293041002704,B,269223040,"(15534720, 72322560, 69062144)",seed,/Users/futaoran/Desktop/华为杯2026/华为杯_code/results/full_main_fast_20260924,252010112,AI_VERIFIED
222183936,root2:batch_08,0,0.0,0,B2_base,case_067,72348544,4,,4.694164041982731,mps,16450224,"{0: 16000688, 1: 13901104, 2: 16450224, 3: 14923824}",57058871,6048128,8856064,56287b0117e04a851e21179c6e046d1bed1e4d36006ef5532709435ce45ebad2,35809792,3.768818124983227,B,228232064,"(16450224, 72348544, 35809792)",seed,/Users/futaoran/Desktop/华为杯2026/华为杯_code/results/full_main_fast_20260924,213327872,AI_VERIFIED
263174912,root2:batch_08,0,0.0,266009728,base_base,case_067,72322560,4,,4.222918499988737,mps,15534720,"{0: 15534720, 1: 15534720, 2: 15534720, 3: 14671680}",18473155,6048128,11164800,81ba5603a3a0d455c5d67a086cfa6247cb9715ea03452065873dafc0a4a8426d,69062144,3.6255409589794,C,269223040,"(15534720, 72322560, 69062144)",seed,/Users/futaoran/Desktop/华为杯2026/华为杯_code/results/full_main_fast_20260924,252010112,AI_VERIFIED
267300864,root2:batch_08,94031360,0.34816592265960056,176044928,base_move,case_067,68600960,4,,4.21300012501888,mps,30206400,"{3: 30206400, 1: 15534720, 2: 15534720}",31711804,6048128,7443200,7d93573038e3f824a1c75e0a123fe8e1b418948112e511643d1ba5801111f409,52391040,4.746874083997682,C,273348992,"(30206400, 68600960, 52391040)",ordinary,/Users/futaoran/Desktop/华为杯2026/华为杯_code/results/full_main_fast_20260924,259857664,AI_VERIFIED
260564992,root2:batch_08,0,0.0,0,A2_base,case_067,95416064,5,,5.951520125003299,mps,12274224,"{0: 12274224, 1: 12231216, 2: 12268208, 3: 12246000, 4: 12256192}",63960616,6048128,34035072,4273d42f56980043368089c27e8fc19f4445cfa2e6eac1b7cd8c91a6b5688273,44343168,2.3056513749761507,A,266613120,"(12274224, 95416064, 44343168)",seed,/Users/futaoran/Desktop/华为杯2026/华为杯_code/results/full_main_fast_20260924,226529920,AI_VERIFIED
,root2:batch_08,,,,A2_reorder,case_067,,5,task schedule: dependency cycle; 0 -[core 0 task order]-> 1; 1 -[subgraph dependency]-> 2; 2 -[subgraph dependency]-> 4; 4 -[subgraph dependency]-> 6; 6 -[subgraph dependency]-> 8; 8 -[subgraph dependency]-> 7; 7 -[subgraph dependency]-> 3; 3 -[subgraph dependency]-> 9; 9 -[subgraph dependency]-> 5; 5 -[subgraph dependency]-> 0,,mps,,,,,,8febed5d7d44c40f2358abfe8d3cec30ce95fdd8265e253236461433ecc7b508,,,A,,,capacity,/Users/futaoran/Desktop/华为杯2026/华为杯_code/results/full_main_fast_20260924,,PROFILE_FAILED
193700096,root2:batch_08,0,0.0,0,A3_base,case_067,92774016,5,,5.353924916009419,mps,12896560,"{0: 12773424, 1: 12896560, 2: 12818096, 3: 12006512, 4: 10781248}",63959635,6048128,26421504,5a6f70a83bb7ebbc1e996d9f9447309ed428476a63a085ede8df9ba9083396ed,30721920,2.990459665976232,A,199748224,"(12896560, 92774016, 30721920)",seed,/Users/futaoran/Desktop/华为杯2026/华为杯_code/results/full_main_fast_20260924,167278592,AI_VERIFIED
262750080,root2:batch_08,0,0.0,0,B1_base,case_067,76044160,5,,3.31615679099923,mps,12945600,"{0: 12945600, 1: 12082560, 2: 12082560, 3: 12082560, 4: 12082560}",15931687,6048128,14886400,eb765b0bd64df6c222e69dfb1999cdb6514f7fd0390df4a05b4fdf2f00884af3,72259456,3.010658582992619,B,268798208,"(12945600, 76044160, 72259456)",seed,/Users/futaoran/Desktop/华为杯2026/华为杯_code/results/full_main_fast_20260924,247863680,AI_VERIFIED
201165056,root2:batch_08,0,0.0,0,B2_base,case_067,70825600,5,,3.09924504198716,mps,13335088,"{0: 13335088, 1: 12159024, 2: 11822768, 3: 11566832, 4: 12392128}",44063849,6048128,8501504,4f43bc031b24b98b143904f3f8f085c5ed13dfae09e98087c053ca9ab32201bf,35810432,2.531334917002823,B,207213184,"(13335088, 70825600, 35810432)",seed,/Users/futaoran/Desktop/华为杯2026/华为杯_code/results/full_main_fast_20260924,192663552,AI_VERIFIED
262750080,root2:batch_08,0,0.0,265617664,base_base,case_067,76044160,5,,3.024739624990616,mps,12945600,"{0: 12945600, 1: 12082560, 2: 12082560, 3: 12082560, 4: 12082560}",15931687,6048128,14886400,eb765b0bd64df6c222e69dfb1999cdb6514f7fd0390df4a05b4fdf2f00884af3,72259456,3.016329041973222,C,268798208,"(12945600, 76044160, 72259456)",seed,/Users/futaoran/Desktop/华为杯2026/华为杯_code/results/full_main_fast_20260924,247863680,AI_VERIFIED
266876032,root2:batch_08,133537536,0.4951625794766549,136146688,base_move,case_067,72322560,5,,2.8155099579889793,mps,25028160,"{1: 25028160, 2: 12082560, 3: 12082560, 4: 12082560}",26209270,6048128,11164800,67e59d877f8a407388e7b5f09dadca31db8dcbf7c47fabd7d01f009d130f9129,57966080,2.610208458005218,C,272924160,"(25028160, 72322560, 57966080)",ordinary,/Users/futaoran/Desktop/华为杯2026/华为杯_code/results/full_main_fast_20260924,255711232,AI_VERIFIED
0,root2:batch_08,0,0.0,0,A0_base,case_070,2108234,1,,0.4791407909942791,mps,139046,{0: 139046},117300,419964,0,b6835f9a44f0935e81230ac438af13b33e0c73f3d531e7de674d24e69d9a379f,1452768,0.21195712499320507,A,419964,"(139046, 2108234, 1452768)",seed,/Users/futaoran/Desktop/华为杯2026/华为杯_code/results/full_main_fast_20260924,0,AI_VERIFIED
100352,root2:batch_08,0,0.0,0,A2_base,case_070,2208586,1,,0.37206591697758995,mps,139046,{0: 139046},116204,419964,100352,d47f8d60fe7d7737a5c7d6a2da7ab42f0f3ce56b1507a0c69a062e6bff4d6824,928664,0.18456866702763364,A,520316,"(139046, 2208586, 928664)",seed,/Users/futaoran/Desktop/华为杯2026/华为杯_code/results/full_main_fast_20260924,0,AI_VERIFIED
0,root2:batch_08,0,0.0,0,B3_base,case_070,2108234,1,,0.2534117079921998,mps,139046,{0: 139046},125100,419964,0,d67e9bf345e7afc7f7edf0cb3bc31047d097a6c9f344c24cb5eeb321c63c4827,398874,0.23546770901884884,B,419964,"(139046, 2108234, 398874)",seed,/Users/futaoran/Desktop/华为杯2026/华为杯_code/results/full_main_fast_20260924,0,AI_VERIFIED
0,root2:batch_08,0,0.0,0,B3_aggregate,case_070,2108234,1,,0.25870154198491946,mps,139046,{0: 139046},123146,419964,0,5082507b15c688ae524fa898af7cf31985d4ddcd237037dfc997de11ba708d5c,819146,0.2177757089957595,B,419964,"(139046, 2108234, 819146)",aggregate,/Users/futaoran/Desktop/华为杯2026/华为杯_code/results/full_main_fast_20260924,0,AI_VERIFIED
0,root2:batch_08,0,0.0,419858,base_base,case_070,2108234,1,,0.33067904200288467,mps,139046,{0: 139046},123146,419964,0,5082507b15c688ae524fa898af7cf31985d4ddcd237037dfc997de11ba708d5c,819146,0.22831241699168459,C,419964,"(139046, 2108234, 819146)",seed,/Users/futaoran/Desktop/华为杯2026/华为杯_code/results/full_main_fast_20260924,0,AI_VERIFIED
0,root2:batch_08,0,0.0,419858,base_aggregate,case_070,2108234,1,,0.23276704200543463,mps,139046,{0: 139046},124819,419964,0,b2d2230f61f0c54b18713a57c3899d02b4c5059cfb73fdaf3ba605e6852a983b,1255246,0.22580883401678875,C,419964,"(139046, 2108234, 1255246)",aggregate,/Users/futaoran/Desktop/华为杯2026/华为杯_code/results/full_main_fast_20260924,0,AI_VERIFIED
129536,root2:batch_08,0,0.0,0,A1_base,case_070,2237770,2,,0.5106242499896325,mps,69630,"{0: 69630, 1: 69416}",60121,419964,129536,c58be53a88e94794321b80e04c1e1288221bfb692d695a38a092236644531e34,926944,0.20115074998466298,A,549500,"(69630, 2237770, 926944)",seed,/Users/futaoran/Desktop/华为杯2026/华为杯_code/results/full_main_fast_20260924,0,AI_VERIFIED
1407688,root2:batch_08,0,0.0,0,A3_aggregate,case_070,3521052,2,,0.5030074589885771,mps,79772,"{0: 79772, 1: 59274}",127586,419964,1407688,7fa7fb50698753fe069416f7988ff6af4b1663f2de598275abbcc89ed301b846,398360,0.30718370800605044,A,1827652,"(79772, 3521052, 398360)",aggregate,/Users/futaoran/Desktop/华为杯2026/华为杯_code/results/full_main_fast_20260924,0,AI_VERIFIED
129536,root2:batch_08,0,0.0,0,B1_base,case_070,2237770,2,,0.26349474999005906,mps,69630,"{0: 69630, 1: 69416}",60121,419964,129536,c58be53a88e94794321b80e04c1e1288221bfb692d695a38a092236644531e34,926944,0.22483512497274205,B,549500,"(69630, 2237770, 926944)",seed,/Users/futaoran/Desktop/华为杯2026/华为杯_code/results/full_main_fast_20260924,0,AI_VERIFIED
395156,root2:batch_08,0,0.0,0,B3_base,case_070,2521822,2,,0.2901368330058176,mps,73048,"{0: 65998, 1: 73048}",117899,419964,395156,3fc5f1ab78333e533991a361c946b7216beb26847495b76442f0050617656077,235632,0.24837050001951866,B,815120,"(73048, 2521822, 235632)",seed,/Users/futaoran/Desktop/华为杯2026/华为杯_code/results/full_main_fast_20260924,0,AI_VERIFIED
129536,root2:batch_08,129536,0.235779786455622,419858,base_base,case_070,2237770,2,,0.25107741699321195,mps,69630,"{0: 69630, 1: 69416}",60121,419964,129536,c58be53a88e94794321b80e04c1e1288221bfb692d695a38a092236644531e34,926944,0.21741595800267532,C,549500,"(69630, 2237770, 926944)",seed,/Users/futaoran/Desktop/华为杯2026/华为杯_code/results/full_main_fast_20260924,0,AI_VERIFIED
0,root2:batch_08,0,0.0,419858,base_aggregate_tid_9,case_070,2108234,2,,0.26295949998893775,mps,139046,{0: 139046},115833,419964,0,dad010487afd747095f2895935e7f33eefa8bac1a8ce79b0bfad50c4aa55a956,748038,0.22115262498846278,C,419964,"(139046, 2108234, 748038)",aggregate,/Users/futaoran/Desktop/华为杯2026/华为杯_code/results/full_main_fast_20260924,0,AI_VERIFIED
259072,root2:batch_08,0,0.0,0,A1_base,case_070,2367306,3,,0.49946516600903124,mps,46750,"{0: 46750, 1: 46142, 2: 46154}",39333,419964,259072,507bcec7dade5206c6fef0b18edf8cce55a38dfb3ab451e675738219301d6c3f,734688,0.18363812498864718,A,679036,"(46750, 2367306, 734688)",seed,/Users/futaoran/Desktop/华为杯2026/华为杯_code/results/full_main_fast_20260924,0,AI_VERIFIED
288318,root2:batch_08,0,0.0,0,A2_base,case_070,2402698,3,,0.23185529100010172,mps,52176,"{0: 45535, 1: 41335, 2: 52176}",117971,419964,288318,bb696465d193e7fa23b65bc69aa29056aaef06802a5087ef1e910ff1d0e2db8c,433844,0.19241370799136348,A,708282,"(52176, 2402698, 433844)",seed,/Users/futaoran/Desktop/华为杯2026/华为杯_code/results/full_main_fast_20260924,0,AI_VERIFIED
259072,root2:batch_08,0,0.0,0,B1_base,case_070,2367306,3,,0.222993375005899,mps,46750,"{0: 46750, 1: 46142, 2: 46154}",39333,419964,259072,507bcec7dade5206c6fef0b18edf8cce55a38dfb3ab451e675738219301d6c3f,734688,0.14796395899611525,B,679036,"(46750, 2367306, 734688)",seed,/Users/futaoran/Desktop/华为杯2026/华为杯_code/results/full_main_fast_20260924,0,AI_VERIFIED
1910764,root2:batch_08,0,0.0,0,B3_base,case_070,4025156,3,,0.44750416700844653,mps,67086,"{0: 62128, 1: 29899, 2: 47019}",125741,419964,1910764,e9a29a9a78da8b1904db2d08ff3c779d2b73cd00dcc2b0fa2c5777b010527147,230006,0.3778222920082044,B,2330728,"(67086, 4025156, 230006)",seed,/Users/futaoran/Desktop/华为杯2026/华为杯_code/results/full_main_fast_20260924,0,AI_VERIFIED
259072,root2:batch_08,185344,0.2729942703960644,493586,base_base,case_070,2367306,3,,0.24058962499839254,mps,46750,"{0: 46750, 1: 46142, 2: 46154}",39333,419964,259072,507bcec7dade5206c6fef0b18edf8cce55a38dfb3ab451e675738219301d6c3f,734688,0.194942500005709,C,679036,"(46750, 2367306, 734688)",seed,/Users/futaoran/Desktop/华为杯2026/华为杯_code/results/full_main_fast_20260924,0,AI_VERIFIED
129536,root2:batch_08,129536,0.235779786455622,419858,base_move,case_070,2237770,3,,0.2213997500075493,mps,92892,"{1: 92892, 2: 46154}",77428,419964,129536,1218bd4c0a71e54e4bfa8e911d0447b06314a2a6603fba616e27a67143f65853,670440,0.18226266599958763,C,549500,"(92892, 2237770, 670440)",ordinary,/Users/futaoran/Desktop/华为杯2026/华为杯_code/results/full_main_fast_20260924,0,AI_VERIFIED
360960,root2:batch_08,0,0.0,0,A1_base,case_070,2469194,4,,0.5073185839864891,mps,41154,"{0: 34503, 1: 34832, 2: 34950, 3: 34761}",31225,419964,360960,d60cc9e4476d8c0b681b47efabc892b19c2842665934477c75d1e6faffdf5e79,617418,0.19806104199960828,A,780924,"(41154, 2469194, 617418)",seed,/Users/futaoran/Desktop/华为杯2026/华为杯_code/results/full_main_fast_20260924,0,AI_VERIFIED
264330,root2:batch_08,0,0.0,0,A2_base,case_070,2372564,4,,0.2648005419760011,mps,49711,"{0: 29371, 1: 33801, 2: 26163, 3: 49711}",121043,419964,264330,fbf557e2b3c1d63220f40daca45b5b9fb02084ff328267b36a9db0fb028d008a,296654,0.13183287502033636,A,684294,"(49711, 2372564, 296654)",seed,/Users/futaoran/Desktop/华为杯2026/华为杯_code/results/full_main_fast_20260924,0,AI_VERIFIED
360960,root2:batch_08,0,0.0,0,B1_base,case_070,2469194,4,,0.1765474580170121,mps,41154,"{0: 34503, 1: 34832, 2: 34950, 3: 34761}",31225,419964,360960,d60cc9e4476d8c0b681b47efabc892b19c2842665934477c75d1e6faffdf5e79,617418,0.1912595410249196,B,780924,"(41154, 2469194, 617418)",seed,/Users/futaoran/Desktop/华为杯2026/华为杯_code/results/full_main_fast_20260924,0,AI_VERIFIED
1973680,root2:batch_08,0,0.0,0,B3_base,case_070,4083974,4,,0.3757294999959413,mps,68067,"{0: 60740, 1: 37034, 2: 20588, 3: 20684}",126552,419964,1973680,7158de87afdfd681712fcbc4d3ea0d136adcae611b8e343220c593415a1e38ca,87688,0.3525833750027232,B,2393644,"(68067, 4083974, 87688)",seed,/Users/futaoran/Desktop/华为杯2026/华为杯_code/results/full_main_fast_20260924,0,AI_VERIFIED
360960,root2:batch_08,311808,0.3993350563127387,469010,base_base,case_070,2469194,4,,0.2177967090101447,mps,41154,"{0: 34503, 1: 34832, 2: 34950, 3: 34761}",31192,419964,360960,d60cc9e4476d8c0b681b47efabc892b19c2842665934477c75d1e6faffdf5e79,617418,0.18524745901231654,C,780924,"(41154, 2469194, 617418)",seed,/Users/futaoran/Desktop/华为杯2026/华为杯_code/results/full_main_fast_20260924,0,AI_VERIFIED
231424,root2:batch_08,231424,0.3553360909713457,419858,base_move,case_070,2339658,4,,0.2282985420024488,mps,69453,"{0: 69453, 1: 34832, 3: 34761}",58263,419964,231424,0bfab4a940b7ebb744554351b8831523464f356d108818209b258e1197c4ef08,592288,0.19878908398095518,C,651388,"(69453, 2339658, 592288)",ordinary,/Users/futaoran/Desktop/华为杯2026/华为杯_code/results/full_main_fast_20260924,0,AI_VERIFIED
449024,root2:batch_08,0,0.0,0,A1_base,case_070,2557258,5,,0.4956520000123419,mps,42621,"{0: 27649, 1: 27957, 2: 27576, 3: 27500, 4: 28364}",26275,419964,449024,d3e6af34054222dcb559a27a6a8fed85b29420541c3423d0d0fbe30645e8b94f,536976,0.15944599997601472,A,868988,"(42621, 2557258, 536976)",seed,/Users/futaoran/Desktop/华为杯2026/华为杯_code/results/full_main_fast_20260924,0,AI_VERIFIED
339776,root2:batch_08,0,0.0,0,A2_base,case_070,2448014,5,,0.24262308300239965,mps,48422,"{0: 21369, 1: 30692, 2: 18996, 3: 19567, 4: 48422}",125734,419964,339776,538a438cc5c9fbf4eae13c59e64589b48acaf2000256aad3e2f6abc35e78c4cd,171704,0.13171320798574015,A,759740,"(48422, 2448014, 171704)",seed,/Users/futaoran/Desktop/华为杯2026/华为杯_code/results/full_main_fast_20260924,0,AI_VERIFIED
449024,root2:batch_08,0,0.0,0,B1_base,case_070,2557258,5,,0.23428220799542032,mps,42621,"{0: 27649, 1: 27957, 2: 27576, 3: 27500, 4: 28364}",26275,419964,449024,d3e6af34054222dcb559a27a6a8fed85b29420541c3423d0d0fbe30645e8b94f,536976,0.17615099999238737,B,868988,"(42621, 2557258, 536976)",seed,/Users/futaoran/Desktop/华为杯2026/华为杯_code/results/full_main_fast_20260924,0,AI_VERIFIED
333312,root2:batch_08,0,0.0,0,B1_move,case_070,2441546,5,,0.2167591660108883,mps,55864,"{0: 27649, 1: 27957, 2: 27576, 3: 55864}",49680,419964,333312,b71b2bd965d4ce965567418efcd4ee37b80baf41b400b3e57d442c03fd9c65f7,536976,0.14379083301173523,B,753276,"(55864, 2441546, 536976)",ordinary,/Users/futaoran/Desktop/华为杯2026/华为杯_code/results/full_main_fast_20260924,0,AI_VERIFIED
449024,root2:batch_08,249344,0.2869710731721914,619538,base_base,case_070,2557258,5,,0.22584866601391695,mps,42621,"{0: 27649, 1: 27957, 2: 27576, 3: 27500, 4: 28364}",26216,419964,449024,d3e6af34054222dcb559a27a6a8fed85b29420541c3423d0d0fbe30645e8b94f,536976,0.13350766600342467,C,868988,"(42621, 2557258, 536976)",seed,/Users/futaoran/Desktop/华为杯2026/华为杯_code/results/full_main_fast_20260924,0,AI_VERIFIED
333312,root2:batch_08,210432,0.2793950900859036,542738,base_move,case_070,2441546,5,,0.22560299999895506,mps,55864,"{0: 27649, 1: 27957, 2: 27576, 3: 55864}",49631,419964,333312,b71b2bd965d4ce965567418efcd4ee37b80baf41b400b3e57d442c03fd9c65f7,536976,0.17710695799905807,C,753276,"(55864, 2441546, 536976)",ordinary,/Users/futaoran/Desktop/华为杯2026/华为杯_code/results/full_main_fast_20260924,0,AI_VERIFIED
0,root2:batch_08,0,0.0,0,A0_base,case_100,4334158,1,,0.6336987919930834,mps,164563,{0: 164563},151223,454598,0,3d329399232cefee36661541b72386b1c65d01bb9afb9411c108ea1598450bbc,3660206,0.19195008400129154,A,454598,"(164563, 4334158, 3660206)",seed,/Users/futaoran/Desktop/华为杯2026/华为杯_code/results/full_main_fast_20260924,0,AI_VERIFIED
5640,root2:batch_08,0,0.0,0,A2_base,case_100,4339802,1,,0.41625620899139903,mps,164563,{0: 164563},148339,454598,5640,a99bd4caf65c26489a191719dfecf1ef743ef296247174592936be9904baef1b,3303438,0.2060677499976009,A,460238,"(164563, 4339802, 3303438)",seed,/Users/futaoran/Desktop/华为杯2026/华为杯_code/results/full_main_fast_20260924,0,AI_VERIFIED
0,root2:batch_08,0,0.0,0,B3_aggregate,case_100,4334158,1,,0.2484949579811655,mps,164563,{0: 164563},145067,454598,0,c13ea31378d4a61c35a5f8928dc2f32443fc8d5f63545fe28c2e08dada214695,1946748,0.2662398749962449,B,454598,"(164563, 4334158, 1946748)",aggregate,/Users/futaoran/Desktop/华为杯2026/华为杯_code/results/full_main_fast_20260924,0,AI_VERIFIED
0,root2:batch_08,0,0.0,0,B3_base,case_100,4334158,1,,0.2569410419964697,mps,164563,{0: 164563},148521,454598,0,c12146df1e3d22938a40487033f8830f68b274e5ad674b3ed10475825dc0ff28,1946748,0.26836533402092755,B,454598,"(164563, 4334158, 1946748)",seed,/Users/futaoran/Desktop/华为杯2026/华为杯_code/results/full_main_fast_20260924,0,AI_VERIFIED
0,root2:batch_08,0,0.0,436006,base_base,case_100,4334158,1,,0.28517266700509936,mps,164563,{0: 164563},145067,454598,0,c13ea31378d4a61c35a5f8928dc2f32443fc8d5f63545fe28c2e08dada214695,1946748,0.2684983340150211,C,454598,"(164563, 4334158, 1946748)",seed,/Users/futaoran/Desktop/华为杯2026/华为杯_code/results/full_main_fast_20260924,0,AI_VERIFIED
0,root2:batch_08,0,0.0,436006,base_aggregate,case_100,4334158,1,,0.2420534580014646,mps,164563,{0: 164563},151518,454598,0,cac580243b66af7c30e21808f03673743554508324d252353e28cb1012c705fe,1946748,0.2667528330057394,C,454598,"(164563, 4334158, 1946748)",aggregate,/Users/futaoran/Desktop/华为杯2026/华为杯_code/results/full_main_fast_20260924,0,AI_VERIFIED
16896,root2:batch_08,0,0.0,0,A1_base,case_100,4351054,2,,0.576366416993551,mps,82378,"{0: 82378, 1: 82185}",81080,454598,16896,8e4d52a5e57487947ae6c434f432374606d64257c98f1fd06b6eb312e85abd88,3416238,0.24596450000535697,A,471494,"(82378, 4351054, 3416238)",seed,/Users/futaoran/Desktop/华为杯2026/华为杯_code/results/full_main_fast_20260924,0,AI_VERIFIED
82696,root2:batch_08,0,0.0,0,A2_aggregate,case_100,4416858,2,,0.39205954101635143,mps,101096,"{0: 101096, 1: 63467}",147517,454598,82696,5bae4a71387536f94ee42acbebcfff1d5a4a0b77fcc75c07565c9ed87f54b5ee,3276154,0.19412520798505284,A,537294,"(101096, 4416858, 3276154)",aggregate,/Users/futaoran/Desktop/华为杯2026/华为杯_code/results/full_main_fast_20260924,0,AI_VERIFIED
16896,root2:batch_08,0,0.0,0,B1_base,case_100,4351054,2,,0.31708904198603705,mps,82378,"{0: 82378, 1: 82185}",81080,454598,16896,8e4d52a5e57487947ae6c434f432374606d64257c98f1fd06b6eb312e85abd88,3416238,0.23882425000192598,B,471494,"(82378, 4351054, 3416238)",seed,/Users/futaoran/Desktop/华为杯2026/华为杯_code/results/full_main_fast_20260924,0,AI_VERIFIED
596620,root2:batch_08,0,0.0,0,B3_aggregate,case_100,5053658,2,,0.342610583989881,mps,86531,"{0: 78032, 1: 86531}",141252,454598,580236,412bd91d0c244c8c46e76b09b7ed62a199b5358f5da5e7aff76aa54aab1d074c,2198214,0.248056499985978,B,1051218,"(86531, 5053658, 2198214)",aggregate,/Users/futaoran/Desktop/华为杯2026/华为杯_code/results/full_main_fast_20260924,16384,AI_VERIFIED
16896,root2:batch_08,16896,0.037306083876865195,436006,base_base,case_100,4351054,2,,0.24964295901008882,mps,82378,"{0: 82378, 1: 82185}",81080,454598,16896,8e4d52a5e57487947ae6c434f432374606d64257c98f1fd06b6eb312e85abd88,3416238,0.23148687498178333,C,471494,"(82378, 4351054, 3416238)",seed,/Users/futaoran/Desktop/华为杯2026/华为杯_code/results/full_main_fast_20260924,0,AI_VERIFIED
0,root2:batch_08,0,0.0,436006,base_aggregate_tid_3,case_100,4334158,2,,0.28526787500595674,mps,164563,{0: 164563},149029,454598,0,8e732e638a1e4ad30a215b2d316de493e9e1d289fc6248116fc2a8aa215a82a0,2807206,0.31100175000028685,C,454598,"(164563, 4334158, 2807206)",aggregate,/Users/futaoran/Desktop/华为杯2026/华为杯_code/results/full_main_fast_20260924,0,AI_VERIFIED
72192,root2:batch_08,0,0.0,0,A1_base,case_100,4406350,3,,0.552595665998524,mps,73440,"{0: 57125, 1: 53573, 2: 53865}",57811,454598,72192,2d7f4456c5c5c043cecc89aab34b72902d9b29c2d07968a1521376abc8cb977d,3285166,0.18846829200629145,A,526790,"(73440, 4406350, 3285166)",seed,/Users/futaoran/Desktop/华为杯2026/华为杯_code/results/full_main_fast_20260924,0,AI_VERIFIED
195766,root2:batch_08,0,0.0,0,A2_aggregate,case_100,4529926,3,,0.29913933301577345,mps,75499,"{0: 49184, 1: 71797, 2: 43582}",154092,454598,195766,e8237373be03f6f0395f1a5f54290edd6e8c56f20a202c7c971ea6f2a0b0ae28,3121930,0.19575358400470577,A,650364,"(75499, 4529926, 3121930)",aggregate,/Users/futaoran/Desktop/华为杯2026/华为杯_code/results/full_main_fast_20260924,0,AI_VERIFIED
72192,root2:batch_08,0,0.0,0,B1_base,case_100,4406350,3,,0.254096666991245,mps,73440,"{0: 57125, 1: 53573, 2: 53865}",57811,454598,72192,2d7f4456c5c5c043cecc89aab34b72902d9b29c2d07968a1521376abc8cb977d,3285166,0.2049649170076009,B,526790,"(73440, 4406350, 3285166)",seed,/Users/futaoran/Desktop/华为杯2026/华为杯_code/results/full_main_fast_20260924,0,AI_VERIFIED
936092,root2:batch_08,0,0.0,0,B3_move,case_100,5032684,3,,0.29762658299296163,mps,85740,"{0: 85740, 2: 55130, 1: 23693}",144018,454598,690332,809e9bb8cd5d19a964db3e13bbfa305111225c880b6a6275f52479ace5bf4d26,2343946,0.2883272909966763,B,1390690,"(85740, 5032684, 2343946)",ordinary,/Users/futaoran/Desktop/华为杯2026/华为杯_code/results/full_main_fast_20260924,245760,AI_VERIFIED
72192,root2:batch_08,53760,0.10578554028154381,454438,base_base,case_100,4406350,3,,0.2507836250006221,mps,73440,"{0: 57125, 1: 53573, 2: 53865}",57811,454598,72192,2d7f4456c5c5c043cecc89aab34b72902d9b29c2d07968a1521376abc8cb977d,3285166,0.2117501249886118,C,526790,"(73440, 4406350, 3285166)",seed,/Users/futaoran/Desktop/华为杯2026/华为杯_code/results/full_main_fast_20260924,0,AI_VERIFIED
0,root2:batch_08,0,0.0,436006,base_aggregate_tid_1000,case_100,4334158,3,,0.25681324998731725,mps,107438,"{0: 57125, 1: 107438}",91780,454598,0,3c5264f6ec49826771297c27ae5599347e92445c5b95aa6f0d30a9d51637b5dc,2840142,0.22580179100623354,C,454598,"(107438, 4334158, 2840142)",aggregate,/Users/futaoran/Desktop/华为杯2026/华为杯_code/results/full_main_fast_20260924,0,AI_VERIFIED
144384,root2:batch_08,0,0.0,0,A1_base,case_100,4478542,4,,0.5753086250042543,mps,74643,"{0: 57125, 1: 35524, 2: 35820, 3: 36094}",57948,454598,144384,70f8983fb3fac7df5eda0ddd83296dfd790dcb3a9ec9e82d744bb5d0077d48c9,3154094,0.19595204197685234,A,598982,"(74643, 4478542, 3154094)",seed,/Users/futaoran/Desktop/华为杯2026/华为杯_code/results/full_main_fast_20260924,0,AI_VERIFIED
350496,root2:batch_08,0,0.0,0,A2_aggregate,case_100,4684664,4,,0.29473525000503287,mps,78078,"{0: 36955, 1: 65881, 2: 21097, 3: 40630}",150977,454598,350496,c3e0e273674a61dd9bb160e81434f7aa6be0f976c08d1bdd77b5513e625aaa49,2975954,0.1820118750038091,A,805094,"(78078, 4684664, 2975954)",aggregate,/Users/futaoran/Desktop/华为杯2026/华为杯_code/results/full_main_fast_20260924,0,AI_VERIFIED
144384,root2:batch_08,0,0.0,0,B1_base,case_100,4478542,4,,0.25652150000678375,mps,74643,"{0: 57125, 1: 35524, 2: 35820, 3: 36094}",57948,454598,144384,70f8983fb3fac7df5eda0ddd83296dfd790dcb3a9ec9e82d744bb5d0077d48c9,3154094,0.19860137498471886,B,598982,"(74643, 4478542, 3154094)",seed,/Users/futaoran/Desktop/华为杯2026/华为杯_code/results/full_main_fast_20260924,0,AI_VERIFIED
144384,root2:batch_08,0,0.0,0,B1_move,case_100,4478542,4,,0.2391503330145497,mps,92649,"{1: 92649, 2: 35820, 3: 36094}",89479,454598,144384,6b3ae4046f4183af4a45a895d618d2c823e5cfd0a555e21348603b2ebd3b5757,2544732,0.20597229100530967,B,598982,"(92649, 4478542, 2544732)",ordinary,/Users/futaoran/Desktop/华为杯2026/华为杯_code/results/full_main_fast_20260924,0,AI_VERIFIED
144384,root2:batch_08,144384,0.24877065421526903,436006,base_base,case_100,4478542,4,,0.24386354102171026,mps,74643,"{0: 57125, 1: 35524, 2: 35820, 3: 36094}",57948,454598,144384,70f8983fb3fac7df5eda0ddd83296dfd790dcb3a9ec9e82d744bb5d0077d48c9,3154094,0.19372608402045444,C,598982,"(74643, 4478542, 3154094)",seed,/Users/futaoran/Desktop/华为杯2026/华为杯_code/results/full_main_fast_20260924,0,AI_VERIFIED
144384,root2:batch_08,144384,0.24877065421526903,436006,base_move,case_100,4478542,4,,0.2314793749828823,mps,92649,"{1: 92649, 2: 35820, 3: 36094}",89479,454598,144384,6b3ae4046f4183af4a45a895d618d2c823e5cfd0a555e21348603b2ebd3b5757,2544732,0.19081674999324605,C,598982,"(92649, 4478542, 2544732)",ordinary,/Users/futaoran/Desktop/华为杯2026/华为杯_code/results/full_main_fast_20260924,0,AI_VERIFIED
216576,root2:batch_08,0,0.0,0,A1_base,case_100,4550734,5,,0.532552292017499,mps,75846,"{0: 57125, 1: 26450, 2: 27134, 3: 27101, 4: 26753}",58326,454598,216576,99fd09be85ce72969ad1c495117b1edff9bab5c79dce17a9874c1bc64b7b32e6,3023022,0.1834136249963194,A,671174,"(75846, 4550734, 3023022)",seed,/Users/futaoran/Desktop/华为杯2026/华为杯_code/results/full_main_fast_20260924,0,AI_VERIFIED
436042,root2:batch_08,0,0.0,0,A2_base,case_100,4811170,5,,0.3348417090019211,mps,80187,"{0: 30890, 1: 30903, 2: 55664, 3: 23096, 4: 24010}",140817,454598,436042,615d3774c8dd41e6d709715f265eb49ee9fee9a46bb871890da17f815b001267,2941822,0.21775454099406488,A,890640,"(80187, 4811170, 2941822)",seed,/Users/futaoran/Desktop/华为杯2026/华为杯_code/results/full_main_fast_20260924,0,AI_VERIFIED
216576,root2:batch_08,0,0.0,0,B1_base,case_100,4550734,5,,0.45263095799600706,mps,75846,"{0: 57125, 1: 26450, 2: 27134, 3: 27101, 4: 26753}",58326,454598,216576,99fd09be85ce72969ad1c495117b1edff9bab5c79dce17a9874c1bc64b7b32e6,3023022,0.19524775000172667,B,671174,"(75846, 4550734, 3023022)",seed,/Users/futaoran/Desktop/华为杯2026/华为杯_code/results/full_main_fast_20260924,0,AI_VERIFIED
216576,root2:batch_08,0,0.0,0,B1_move,case_100,4550734,5,,0.21616883401293308,mps,83575,"{1: 83575, 2: 27134, 3: 27101, 4: 26753}",78441,454598,216576,7f7ef5d6906ccf6dd0a1401be311ed5f094fe75878ab20e645e215d772450b31,2749800,0.195731749990955,B,671174,"(83575, 4550734, 2749800)",ordinary,/Users/futaoran/Desktop/华为杯2026/华为杯_code/results/full_main_fast_20260924,0,AI_VERIFIED
216576,root2:batch_08,216576,0.33187553441559836,436006,base_base,case_100,4550734,5,,0.21099712498835288,mps,75846,"{0: 57125, 1: 26450, 2: 27134, 3: 27101, 4: 26753}",58085,454598,216576,99fd09be85ce72969ad1c495117b1edff9bab5c79dce17a9874c1bc64b7b32e6,3023022,0.17713916700449772,C,671174,"(75846, 4550734, 3023022)",seed,/Users/futaoran/Desktop/华为杯2026/华为杯_code/results/full_main_fast_20260924,0,AI_VERIFIED
216576,root2:batch_08,216576,0.33187553441559836,436006,base_move,case_100,4550734,5,,0.23727404099190608,mps,83575,"{1: 83575, 2: 27134, 3: 27101, 4: 26753}",78441,454598,216576,7f7ef5d6906ccf6dd0a1401be311ed5f094fe75878ab20e645e215d772450b31,2749800,0.18448687499039806,C,671174,"(83575, 4550734, 2749800)",ordinary,/Users/futaoran/Desktop/华为杯2026/华为杯_code/results/full_main_fast_20260924,0,AI_VERIFIED
0,root2:batch_09,0,0.0,0,A0_base,case_023,2539186,1,,0.496312167000724,mps,132942,{0: 132942},122614,443444,0,83db68290c89af17261494dc664f9a5c788ead588a789bb6eda6124a3803f584,1874504,0.15059362500323914,A,443444,"(132942, 2539186, 1874504)",seed,/Users/futaoran/Desktop/华为杯2026/华为杯_code/results/full_main_fast_20260924,0,AI_VERIFIED
43146,root2:batch_09,0,0.0,0,A2_base,case_023,2582332,1,,0.4495890420221258,mps,132942,{0: 132942},122895,443444,43146,a37980a9c02fae30828813948c56278e82eb6386135982a2b1d02f487bc87715,935582,0.16534837501239963,A,486590,"(132942, 2582332, 935582)",seed,/Users/futaoran/Desktop/华为杯2026/华为杯_code/results/full_main_fast_20260924,0,AI_VERIFIED
264708,root2:batch_09,0,0.0,0,B3_base,case_023,2539186,1,,0.37454008299391717,mps,132942,{0: 132942},117117,443444,0,9c644bff6b8179beedb59cfa270306707e72749dbada12f507074fbc3ebc0696,659742,0.2855881249997765,B,708152,"(132942, 2539186, 659742)",seed,/Users/futaoran/Desktop/华为杯2026/华为杯_code/results/full_main_fast_20260924,264708,AI_VERIFIED
274948,root2:batch_09,0,0.0,0,B3_aggregate,case_023,2539186,1,,0.3031150830211118,mps,132942,{0: 132942},116685,443444,0,d77ad6b3fbebaba0962e77cae047522776156401b027ef9dc0e3499c187402b0,1073332,0.2546214579779189,B,718392,"(132942, 2539186, 1073332)",aggregate,/Users/futaoran/Desktop/华为杯2026/华为杯_code/results/full_main_fast_20260924,274948,AI_VERIFIED
274948,root2:batch_09,59392,0.09877397337732749,541900,base_base,case_023,2539186,1,,0.304551207984332,mps,132942,{0: 132942},116571,443444,0,d77ad6b3fbebaba0962e77cae047522776156401b027ef9dc0e3499c187402b0,1073332,0.3412173749820795,C,718392,"(132942, 2539186, 1073332)",seed,/Users/futaoran/Desktop/华为杯2026/华为杯_code/results/full_main_fast_20260924,274948,AI_VERIFIED
51200,root2:batch_09,4096,0.00887021677458475,457674,base_aggregate,case_023,2539186,1,,0.3376446250185836,mps,132942,{0: 132942},120603,443444,0,904ee440cb4ba31aabf3992fa8d51dc195ad3430a137747b0ff83aec5e5e7e9b,1577464,0.22429108299547806,C,494644,"(132942, 2539186, 1577464)",aggregate,/Users/futaoran/Desktop/华为杯2026/华为杯_code/results/full_main_fast_20260924,51200,AI_VERIFIED
84384,root2:batch_09,0,0.0,0,A1_base,case_023,2623570,2,,0.5153655419999268,mps,66551,"{0: 66551, 1: 66391}",61501,443444,84384,6f3bcf1714c90a1bc049c0184ae8be5724088ef1ec18d8926397e936332509af,1624232,0.2261537910089828,A,527828,"(66551, 2623570, 1624232)",seed,/Users/futaoran/Desktop/华为杯2026/华为杯_code/results/full_main_fast_20260924,0,AI_VERIFIED
1876104,root2:batch_09,0,0.0,0,A3_aggregate,case_023,4685116,2,,0.44404529200983234,mps,78086,"{0: 68756, 1: 64186}",110435,443444,1876104,4075af09248e68d1eb27a018e46871d45b3c4ae5cfd4fb633e79fae503bff251,986398,0.33953258299152367,A,2319548,"(78086, 4685116, 986398)",aggregate,/Users/futaoran/Desktop/华为杯2026/华为杯_code/results/full_main_fast_20260924,0,AI_VERIFIED
84384,root2:batch_09,0,0.0,0,B1_base,case_023,2623570,2,,0.18520391700440086,mps,66551,"{0: 66551, 1: 66391}",61501,443444,84384,6f3bcf1714c90a1bc049c0184ae8be5724088ef1ec18d8926397e936332509af,1624232,0.2829980000096839,B,527828,"(66551, 2623570, 1624232)",seed,/Users/futaoran/Desktop/华为杯2026/华为杯_code/results/full_main_fast_20260924,0,AI_VERIFIED
692228,root2:batch_09,0,0.0,0,B3_base,case_023,2883250,2,,0.3401658750080969,mps,71674,"{0: 61268, 1: 71674}",96209,443444,344064,34ec968ebddd23727e7a1a58cbab472ac9c3664254fc5ff6a1c74a644a2a8598,816030,0.2402110410039313,B,1135672,"(71674, 2883250, 816030)",seed,/Users/futaoran/Desktop/华为杯2026/华为杯_code/results/full_main_fast_20260924,348164,AI_VERIFIED
84384,root2:batch_09,84384,0.1627445005457989,434122,base_base,case_023,2623570,2,,0.24302783302846365,mps,66551,"{0: 66551, 1: 66391}",61501,443444,84384,6f3bcf1714c90a1bc049c0184ae8be5724088ef1ec18d8926397e936332509af,1624232,0.16569412499666214,C,527828,"(66551, 2623570, 1624232)",seed,/Users/futaoran/Desktop/华为杯2026/华为杯_code/results/full_main_fast_20260924,0,AI_VERIFIED
0,root2:batch_09,0,0.0,434122,base_aggregate_tid_1041,case_023,2539186,2,,0.3758102499996312,mps,132942,{0: 132942},121041,443444,0,4548024f588b8c84489e457a09d61d7fddb3dff871d0540200ba63c8cbf8d863,885366,0.2800571249972563,C,443444,"(132942, 2539186, 885366)",aggregate,/Users/futaoran/Desktop/华为杯2026/华为杯_code/results/full_main_fast_20260924,0,AI_VERIFIED
133536,root2:batch_09,0,0.0,0,A1_base,case_023,2672722,3,,0.5275213340064511,mps,44546,"{0: 44254, 1: 44403, 2: 44285}",41403,443444,133536,ecc8c68ca82c2934d744f00216ced677978da04753fbd0314078a5a6c1da0ba9,1493160,0.12317987499409355,A,576980,"(44546, 2672722, 1493160)",seed,/Users/futaoran/Desktop/华为杯2026/华为杯_code/results/full_main_fast_20260924,0,AI_VERIFIED
294286,root2:batch_09,0,0.0,0,A2_base,case_023,2845760,3,,0.21043825001106597,mps,56754,"{0: 34188, 1: 42000, 2: 56754}",126969,443444,294286,5358ed94febad039cd7e1399339c491f65f57c43d5c9adbb3f06d78968b59214,682022,0.21192287499434315,A,737730,"(56754, 2845760, 682022)",seed,/Users/futaoran/Desktop/华为杯2026/华为杯_code/results/full_main_fast_20260924,0,AI_VERIFIED
133536,root2:batch_09,0,0.0,0,B1_base,case_023,2672722,3,,0.2591703750076704,mps,44546,"{0: 44254, 1: 44403, 2: 44285}",41403,443444,133536,ecc8c68ca82c2934d744f00216ced677978da04753fbd0314078a5a6c1da0ba9,1493160,0.16433179200976156,B,576980,"(44546, 2672722, 1493160)",seed,/Users/futaoran/Desktop/华为杯2026/华为杯_code/results/full_main_fast_20260924,0,AI_VERIFIED
985088,root2:batch_09,0,0.0,0,B3_aggregate,case_023,3150514,3,,0.33365195800433867,mps,52509,"{0: 47100, 1: 34300, 2: 51542}",91336,443444,599040,5e422560d89e0d94cd50831710f9427750e3059fe0e1805725915da7acb97444,770338,0.2997111660079099,B,1428532,"(52509, 3150514, 770338)",aggregate,/Users/futaoran/Desktop/华为杯2026/华为杯_code/results/full_main_fast_20260924,386048,AI_VERIFIED
133536,root2:batch_09,59808,0.10535921276543271,507850,base_base,case_023,2672722,3,,0.43562399997608736,mps,44546,"{0: 44254, 1: 44403, 2: 44285}",41403,443444,133536,ecc8c68ca82c2934d744f00216ced677978da04753fbd0314078a5a6c1da0ba9,1493160,0.19655129199963994,C,576980,"(44546, 2672722, 1493160)",seed,/Users/futaoran/Desktop/华为杯2026/华为杯_code/results/full_main_fast_20260924,0,AI_VERIFIED
10368,root2:batch_09,10368,0.02332560912506468,434122,base_move,case_023,2549554,3,,0.32186408300185576,mps,88657,"{0: 88657, 2: 44285}",78832,443444,10368,b83555d7ab51f7df5057254332b92f3777514251ff6de7a8a103ba229e1ece07,1173050,0.3197680000157561,C,453812,"(88657, 2549554, 1173050)",ordinary,/Users/futaoran/Desktop/华为杯2026/华为杯_code/results/full_main_fast_20260924,0,AI_VERIFIED
281280,root2:batch_09,0,0.0,0,A1_base,case_023,2820466,4,,0.4137974590121303,mps,47008,"{0: 33183, 1: 33274, 2: 33255, 3: 33230}",30142,443444,281280,93d73db2aaa430da77917e5698b57927336c7a693e824b4ce2a87336a6f4c665,1362088,0.2259759999869857,A,724724,"(47008, 2820466, 1362088)",seed,/Users/futaoran/Desktop/华为杯2026/华为杯_code/results/full_main_fast_20260924,0,AI_VERIFIED
319782,root2:batch_09,0,0.0,0,A2_base,case_023,2869212,4,,0.2730873749824241,mps,47821,"{0: 27829, 1: 25455, 2: 37256, 3: 42402}",127788,443444,319782,010797c48c6d605fa1fb58644f219192b7589791389552e9fc99698e91d0529c,548096,0.21878058300353587,A,763226,"(47821, 2869212, 548096)",seed,/Users/futaoran/Desktop/华为杯2026/华为杯_code/results/full_main_fast_20260924,0,AI_VERIFIED
281280,root2:batch_09,0,0.0,0,B1_base,case_023,2820466,4,,0.2269972089852672,mps,47008,"{0: 33183, 1: 33274, 2: 33255, 3: 33230}",30142,443444,281280,93d73db2aaa430da77917e5698b57927336c7a693e824b4ce2a87336a6f4c665,1362088,0.15558262501144782,B,724724,"(47008, 2820466, 1362088)",seed,/Users/futaoran/Desktop/华为杯2026/华为杯_code/results/full_main_fast_20260924,0,AI_VERIFIED
207264,root2:batch_09,0,0.0,0,B1_move,case_023,2746450,4,,0.28729341700091027,mps,66457,"{0: 66457, 2: 33255, 3: 33230}",59576,443444,207264,4cf6a8b362627e505a64b001745099f7ceeb2b1930166292f0a4f55559f0285e,1075800,0.22574175000772811,B,650708,"(66457, 2746450, 1075800)",ordinary,/Users/futaoran/Desktop/华为杯2026/华为杯_code/results/full_main_fast_20260924,0,AI_VERIFIED
281280,root2:batch_09,281280,0.39317754213714806,434122,base_base,case_023,2820466,4,,0.16915920801693574,mps,47008,"{0: 33183, 1: 33274, 2: 33255, 3: 33230}",30142,443444,281280,93d73db2aaa430da77917e5698b57927336c7a693e824b4ce2a87336a6f4c665,1362088,0.21980337501736358,C,724724,"(47008, 2820466, 1362088)",seed,/Users/futaoran/Desktop/华为杯2026/华为杯_code/results/full_main_fast_20260924,0,AI_VERIFIED
147744,root2:batch_09,147744,0.2539141314323229,434122,base_aggregate_tid_2187,case_023,2686930,4,,0.2773485830111895,mps,66413,"{0: 66413, 1: 33274, 2: 33255}",59952,443444,147744,975058383ee0f3610cac52cf1de6cda3f9ff995160e97a83e320751d1a33bc99,1075800,0.19729708298109472,C,591188,"(66413, 2686930, 1075800)",aggregate,/Users/futaoran/Desktop/华为杯2026/华为杯_code/results/full_main_fast_20260924,0,AI_VERIFIED
270912,root2:batch_09,0,0.0,0,A1_base,case_023,2810098,5,,0.396043707994977,mps,46835,"{0: 26603, 1: 26521, 2: 26532, 3: 26561, 4: 26725}",24517,443444,270912,0ef430f242cb8b7435a85bae0eac1c7308edd3acd6f7a7fa1fb7bdf45c696a32,1231016,0.23769266600720584,A,714356,"(46835, 2810098, 1231016)",seed,/Users/futaoran/Desktop/华为杯2026/华为杯_code/results/full_main_fast_20260924,0,AI_VERIFIED
371866,root2:batch_09,0,0.0,0,A2_base,case_023,2935630,5,,0.22657133400207385,mps,48928,"{0: 20243, 1: 21919, 2: 23159, 3: 35255, 4: 32366}",130526,443444,371866,ec065538ae4e57a03fdbe38725e4843975474fe9abf8ef2441697c9450cc28bb,439242,0.20956837499397807,A,815310,"(48928, 2935630, 439242)",seed,/Users/futaoran/Desktop/华为杯2026/华为杯_code/results/full_main_fast_20260924,0,AI_VERIFIED
270912,root2:batch_09,0,0.0,0,B1_base,case_023,2810098,5,,0.37484395800856873,mps,46835,"{0: 26603, 1: 26521, 2: 26532, 3: 26561, 4: 26725}",24517,443444,270912,0ef430f242cb8b7435a85bae0eac1c7308edd3acd6f7a7fa1fb7bdf45c696a32,1231016,0.17346433398779482,B,714356,"(46835, 2810098, 1231016)",seed,/Users/futaoran/Desktop/华为杯2026/华为杯_code/results/full_main_fast_20260924,0,AI_VERIFIED
197184,root2:batch_09,0,0.0,0,B1_move,case_023,2736370,5,,0.27563970899791457,mps,53246,"{0: 26603, 1: 53246, 2: 26532, 3: 26561}",47360,443444,197184,ddd60c0d346b0013d082bbd2492ba99a02fdd0e8ce45ae2d7d6d173136de4a13,1024966,0.14252883300650865,B,640628,"(53246, 2736370, 1024966)",ordinary,/Users/futaoran/Desktop/华为杯2026/华为杯_code/results/full_main_fast_20260924,0,AI_VERIFIED
270912,root2:batch_09,148032,0.20996434214520152,557002,base_base,case_023,2810098,5,,0.4610290839918889,mps,46835,"{0: 26603, 1: 26521, 2: 26532, 3: 26561, 4: 26725}",24517,443444,270912,0ef430f242cb8b7435a85bae0eac1c7308edd3acd6f7a7fa1fb7bdf45c696a32,1231016,0.1974845000077039,C,714356,"(46835, 2810098, 1231016)",seed,/Users/futaoran/Desktop/华为杯2026/华为杯_code/results/full_main_fast_20260924,0,AI_VERIFIED
197184,root2:batch_09,172608,0.27341416048635686,458698,base_move,case_023,2736370,5,,0.22651512498850934,mps,53246,"{0: 26603, 1: 53246, 2: 26532, 3: 26561}",47360,443444,197184,ddd60c0d346b0013d082bbd2492ba99a02fdd0e8ce45ae2d7d6d173136de4a13,1024966,0.15835154202068225,C,640628,"(53246, 2736370, 1024966)",ordinary,/Users/futaoran/Desktop/华为杯2026/华为杯_code/results/full_main_fast_20260924,0,AI_VERIFIED
0,root2:batch_09,0,0.0,0,A0_base,case_045,7041024,1,,0.9401201659929939,mps,125476,{0: 125476},125614,557056,0,97e80e00c71757124982ba381dc140c260ce42474ed37b851ff7af0f3b76d986,6631424,0.29523933300515637,A,557056,"(125476, 7041024, 6631424)",seed,/Users/futaoran/Desktop/华为杯2026/华为杯_code/results/full_main_fast_20260924,0,AI_VERIFIED
53248,root2:batch_09,0,0.0,0,A2_base,case_045,7114752,1,,0.559119790996192,mps,125476,{0: 125476},126197,557056,53248,a4687c032469c1b5dc30d7eb440dcd9c4ae52b2e811a8216531a6141d95dac04,3272704,0.411713375011459,A,610304,"(125476, 7114752, 3272704)",seed,/Users/futaoran/Desktop/华为杯2026/华为杯_code/results/full_main_fast_20260924,0,AI_VERIFIED
4317184,root2:batch_09,0,0.0,0,B3_base,case_045,7041024,1,,0.5655660000047646,mps,125476,{0: 125476},141354,557056,0,1761fb0a1e10ee415bed97ba2076819767e8d45cce621d95254d554781feb962,2981888,0.5073400840046816,B,4874240,"(125476, 7041024, 2981888)",seed,/Users/futaoran/Desktop/华为杯2026/华为杯_code/results/full_main_fast_20260924,4317184,AI_VERIFIED
3690496,root2:batch_09,0,0.0,0,B3_aggregate,case_045,7041024,1,,0.6288533329789061,mps,125476,{0: 125476},135584,557056,0,84bcdaabb841d16ecd4a633666e2a047b4030b7f28f7403f78f569738861e249,3530752,0.5226037499960512,B,4247552,"(125476, 7041024, 3530752)",aggregate,/Users/futaoran/Desktop/华为杯2026/华为杯_code/results/full_main_fast_20260924,3690496,AI_VERIFIED
3690496,root2:batch_09,323584,0.13573883161512026,2060288,base_base,case_045,7041024,1,,0.664644042000873,mps,125476,{0: 125476},133243,557056,0,84bcdaabb841d16ecd4a633666e2a047b4030b7f28f7403f78f569738861e249,3530752,0.6519386250001844,C,4247552,"(125476, 7041024, 3530752)",seed,/Users/futaoran/Desktop/华为杯2026/华为杯_code/results/full_main_fast_20260924,3690496,AI_VERIFIED
2719744,root2:batch_09,159744,0.09154929577464789,1585152,base_aggregate,case_045,7041024,1,,0.7567292080202606,mps,125476,{0: 125476},126392,557056,0,730070de9fffe0ba38c7b42cc9bb4650fed74af3bb7c83ff1ccc595d5afe0072,5222400,0.43785358298919164,C,3276800,"(125476, 7041024, 5222400)",aggregate,/Users/futaoran/Desktop/华为杯2026/华为杯_code/results/full_main_fast_20260924,2719744,AI_VERIFIED
0,root2:batch_09,0,0.0,0,A1_base,case_045,7041024,2,,0.5498076659860089,mps,117351,"{0: 62852, 1: 62624}",63059,557056,0,9c241e8cd704b322c5b9caa83afb9eb525012477c6f9698d5f216fb4cc6cfea0,6500352,0.2612903749977704,A,557056,"(117351, 7041024, 6500352)",seed,/Users/futaoran/Desktop/华为杯2026/华为杯_code/results/full_main_fast_20260924,0,AI_VERIFIED
135168,root2:batch_09,0,0.0,0,A2_base,case_045,7225344,2,,0.5137615840067156,mps,120423,"{0: 62776, 1: 62700}",129511,557056,135168,8e48939f388a27754dd34c02455b03181bd2d327c948672ad8d07bbf272a3c16,3178496,0.27156633298727684,A,692224,"(120423, 7225344, 3178496)",seed,/Users/futaoran/Desktop/华为杯2026/华为杯_code/results/full_main_fast_20260924,0,AI_VERIFIED
0,root2:batch_09,0,0.0,0,B1_base,case_045,7041024,2,,0.5705892500118352,mps,117351,"{0: 62852, 1: 62624}",63059,557056,0,9c241e8cd704b322c5b9caa83afb9eb525012477c6f9698d5f216fb4cc6cfea0,6500352,0.4805635410011746,B,557056,"(117351, 7041024, 6500352)",seed,/Users/futaoran/Desktop/华为杯2026/华为杯_code/results/full_main_fast_20260924,0,AI_VERIFIED
0,root2:batch_09,0,0.0,0,B1_move,case_045,7041024,2,,0.3853453749907203,mps,125476,{1: 125476},125614,557056,0,8c36e50d28b06da2dd8286c75aa6603dba93cc1ea3a2b921f1ff8e3a8a209a09,3256320,0.3598991670005489,B,557056,"(125476, 7041024, 3256320)",ordinary,/Users/futaoran/Desktop/华为杯2026/华为杯_code/results/full_main_fast_20260924,0,AI_VERIFIED
0,root2:batch_09,0,0.0,278528,base_base,case_045,7041024,2,,0.4516839580028318,mps,117351,"{0: 62852, 1: 62624}",63059,557056,0,9c241e8cd704b322c5b9caa83afb9eb525012477c6f9698d5f216fb4cc6cfea0,6500352,0.3137541659816634,C,557056,"(117351, 7041024, 6500352)",seed,/Users/futaoran/Desktop/华为杯2026/华为杯_code/results/full_main_fast_20260924,0,AI_VERIFIED
0,root2:batch_09,0,0.0,278528,base_move,case_045,7041024,2,,0.43192491598892957,mps,125476,{1: 125476},125614,557056,0,8c36e50d28b06da2dd8286c75aa6603dba93cc1ea3a2b921f1ff8e3a8a209a09,3256320,0.4280145420052577,C,557056,"(125476, 7041024, 3256320)",ordinary,/Users/futaoran/Desktop/华为杯2026/华为杯_code/results/full_main_fast_20260924,0,AI_VERIFIED
0,root2:batch_09,0,0.0,0,A1_move,case_045,7041024,3,,0.5608320830215234,mps,117351,"{0: 83220, 2: 42256}",83665,557056,0,a49fb0301e2d652262b928b9506128238b05a23481ca1fcee1af1a39045be33a,4292608,0.3045980000169948,A,557056,"(117351, 7041024, 4292608)",ordinary,/Users/futaoran/Desktop/华为杯2026/华为杯_code/results/full_main_fast_20260924,0,AI_VERIFIED
0,root2:batch_09,0,0.0,0,A1_base,case_045,7041024,3,,0.738359541981481,mps,117351,"{0: 40964, 1: 42256, 2: 42256}",42601,557056,0,3d3c55e1b52c753823ae56b0025069fef2e21bfdfbf8ef4492b4dd53008df704,6369280,0.3146234589803498,A,557056,"(117351, 7041024, 6369280)",seed,/Users/futaoran/Desktop/华为杯2026/华为杯_code/results/full_main_fast_20260924,0,AI_VERIFIED
0,root2:batch_09,0,0.0,0,B1_move,case_045,7041024,3,,0.41934908300754614,mps,117351,"{0: 83220, 2: 42256}",83427,557056,0,a49fb0301e2d652262b928b9506128238b05a23481ca1fcee1af1a39045be33a,4292608,0.6447794589912519,B,557056,"(117351, 7041024, 4292608)",ordinary,/Users/futaoran/Desktop/华为杯2026/华为杯_code/results/full_main_fast_20260924,0,AI_VERIFIED
0,root2:batch_09,0,0.0,0,B1_base,case_045,7041024,3,,0.41701854098937474,mps,117351,"{0: 40964, 1: 42256, 2: 42256}",42601,557056,0,3d3c55e1b52c753823ae56b0025069fef2e21bfdfbf8ef4492b4dd53008df704,6369280,0.3315508750092704,B,557056,"(117351, 7041024, 6369280)",seed,/Users/futaoran/Desktop/华为杯2026/华为杯_code/results/full_main_fast_20260924,0,AI_VERIFIED
0,root2:batch_09,0,0.0,278528,base_base,case_045,7041024,3,,0.6228197909949813,mps,117351,"{0: 40964, 1: 42256, 2: 42256}",42601,557056,0,3d3c55e1b52c753823ae56b0025069fef2e21bfdfbf8ef4492b4dd53008df704,6369280,0.4798946669907309,C,557056,"(117351, 7041024, 6369280)",seed,/Users/futaoran/Desktop/华为杯2026/华为杯_code/results/full_main_fast_20260924,0,AI_VERIFIED
0,root2:batch_09,0,0.0,278528,base_move,case_045,7041024,3,,0.4277472909889184,mps,117351,"{0: 83220, 2: 42256}",83427,557056,0,a49fb0301e2d652262b928b9506128238b05a23481ca1fcee1af1a39045be33a,4292608,0.3771301250089891,C,557056,"(117351, 7041024, 4292608)",ordinary,/Users/futaoran/Desktop/华为杯2026/华为杯_code/results/full_main_fast_20260924,0,AI_VERIFIED
0,root2:batch_09,0,0.0,0,A1_move,case_045,7041024,4,,0.5221355000103358,mps,117351,"{3: 62624, 1: 31464, 2: 31388}",63148,557056,0,c25d5f54e556bbd8e8c885f4e777d6a38d1a2bd1f6b9865b49cf9f6beac16461,4689920,0.33810829199501313,A,557056,"(117351, 7041024, 4689920)",ordinary,/Users/futaoran/Desktop/华为杯2026/华为杯_code/results/full_main_fast_20260924,0,AI_VERIFIED
0,root2:batch_09,0,0.0,0,A1_base,case_045,7041024,4,,0.4227819589723367,mps,117351,"{0: 31464, 1: 31464, 2: 31388, 3: 31160}",31878,557056,0,6a87027829442427c448e2b8a344d948f712a26f5c8d24915c0830a2bc2211e9,6238208,0.21494737500324845,A,557056,"(117351, 7041024, 6238208)",seed,/Users/futaoran/Desktop/华为杯2026/华为杯_code/results/full_main_fast_20260924,0,AI_VERIFIED
0,root2:batch_09,0,0.0,0,B1_move,case_045,7041024,4,,0.3408665420138277,mps,117351,"{3: 62624, 1: 31464, 2: 31388}",62900,557056,0,c25d5f54e556bbd8e8c885f4e777d6a38d1a2bd1f6b9865b49cf9f6beac16461,4689920,0.2615544169966597,B,557056,"(117351, 7041024, 4689920)",ordinary,/Users/futaoran/Desktop/华为杯2026/华为杯_code/results/full_main_fast_20260924,0,AI_VERIFIED
0,root2:batch_09,0,0.0,0,B1_base,case_045,7041024,4,,0.274198625003919,mps,117351,"{0: 31464, 1: 31464, 2: 31388, 3: 31160}",31878,557056,0,6a87027829442427c448e2b8a344d948f712a26f5c8d24915c0830a2bc2211e9,6238208,0.42748116701841354,B,557056,"(117351, 7041024, 6238208)",seed,/Users/futaoran/Desktop/华为杯2026/华为杯_code/results/full_main_fast_20260924,0,AI_VERIFIED
0,root2:batch_09,0,0.0,278528,base_base,case_045,7041024,4,,0.4633617080107797,mps,117351,"{0: 31464, 1: 31464, 2: 31388, 3: 31160}",31878,557056,0,6a87027829442427c448e2b8a344d948f712a26f5c8d24915c0830a2bc2211e9,6238208,0.26638833299512044,C,557056,"(117351, 7041024, 6238208)",seed,/Users/futaoran/Desktop/华为杯2026/华为杯_code/results/full_main_fast_20260924,0,AI_VERIFIED
0,root2:batch_09,0,0.0,278528,base_move,case_045,7041024,4,,0.4475850829912815,mps,117351,"{3: 62624, 1: 31464, 2: 31388}",62900,557056,0,c25d5f54e556bbd8e8c885f4e777d6a38d1a2bd1f6b9865b49cf9f6beac16461,4689920,0.28373991601984017,C,557056,"(117351, 7041024, 4689920)",ordinary,/Users/futaoran/Desktop/华为杯2026/华为杯_code/results/full_main_fast_20260924,0,AI_VERIFIED
0,root2:batch_09,0,0.0,0,A1_move,case_045,7041024,5,,0.743774582981132,mps,117351,"{0: 49932, 1: 24320, 3: 25612, 4: 25612}",50584,557056,0,ec545cf9991535144bad11b0e1d0bc76abc33b15346f8997e411552bc9152ae1,4927488,0.35217562498291954,A,557056,"(117351, 7041024, 4927488)",ordinary,/Users/futaoran/Desktop/华为杯2026/华为杯_code/results/full_main_fast_20260924,0,AI_VERIFIED
0,root2:batch_09,0,0.0,0,A1_base,case_045,7041024,5,,0.537691832985729,mps,117351,"{0: 24320, 1: 24320, 2: 25612, 3: 25612, 4: 25612}",26164,557056,0,d1cfdab0379b1a3e91e22c25676b350399d8f8b16ad7d612a203764f6014638e,6107136,0.36098224998568185,A,557056,"(117351, 7041024, 6107136)",seed,/Users/futaoran/Desktop/华为杯2026/华为杯_code/results/full_main_fast_20260924,0,AI_VERIFIED
0,root2:batch_09,0,0.0,0,B1_move,case_045,7041024,5,,0.34697650000452995,mps,117351,"{0: 49932, 1: 24320, 3: 25612, 4: 25612}",50277,557056,0,ec545cf9991535144bad11b0e1d0bc76abc33b15346f8997e411552bc9152ae1,4927488,0.40049554099095985,B,557056,"(117351, 7041024, 4927488)",ordinary,/Users/futaoran/Desktop/华为杯2026/华为杯_code/results/full_main_fast_20260924,0,AI_VERIFIED
0,root2:batch_09,0,0.0,0,B1_base,case_045,7041024,5,,0.38811595799052157,mps,117351,"{0: 24320, 1: 24320, 2: 25612, 3: 25612, 4: 25612}",26164,557056,0,d1cfdab0379b1a3e91e22c25676b350399d8f8b16ad7d612a203764f6014638e,6107136,0.34323679201770574,B,557056,"(117351, 7041024, 6107136)",seed,/Users/futaoran/Desktop/华为杯2026/华为杯_code/results/full_main_fast_20260924,0,AI_VERIFIED
0,root2:batch_09,0,0.0,278528,base_base,case_045,7041024,5,,0.5082472499925643,mps,117351,"{0: 24320, 1: 24320, 2: 25612, 3: 25612, 4: 25612}",26164,557056,0,d1cfdab0379b1a3e91e22c25676b350399d8f8b16ad7d612a203764f6014638e,6107136,0.3578941249870695,C,557056,"(117351, 7041024, 6107136)",seed,/Users/futaoran/Desktop/华为杯2026/华为杯_code/results/full_main_fast_20260924,0,AI_VERIFIED
0,root2:batch_09,0,0.0,278528,base_move,case_045,7041024,5,,0.40417054199497215,mps,117351,"{0: 49932, 1: 24320, 3: 25612, 4: 25612}",50277,557056,0,ec545cf9991535144bad11b0e1d0bc76abc33b15346f8997e411552bc9152ae1,4927488,0.7227301670063753,C,557056,"(117351, 7041024, 4927488)",ordinary,/Users/futaoran/Desktop/华为杯2026/华为杯_code/results/full_main_fast_20260924,0,AI_VERIFIED
0,root2:batch_09,0,0.0,0,A0_base,case_050,3630518,1,,8.518860999989556,mps,185379,{0: 185379},149690,319376,0,582cf8038f634afd18bff1e3ac9bd7df52080226845325a744d1183c1e71a20d,2975082,1.9394962920050602,A,319376,"(185379, 3630518, 2975082)",seed,/Users/futaoran/Desktop/华为杯2026/华为杯_code/results/full_main_fast_20260924,0,AI_VERIFIED
55334,root2:batch_09,0,0.0,0,A2_base,case_050,3705820,1,,3.9261467499891296,mps,185379,{0: 185379},149905,319376,55334,3a572673beb9e954b5f09fb7858f847124e53be21bbd01492aa6f25a269bd50f,2072266,1.4781742089835461,A,374710,"(185379, 3705820, 2072266)",seed,/Users/futaoran/Desktop/华为杯2026/华为杯_code/results/full_main_fast_20260924,0,AI_VERIFIED
348192,root2:batch_09,0,0.0,0,B3_aggregate,case_050,3630518,1,,1.8403744170209393,mps,185379,{0: 185379},149846,319376,0,08d1c8d0e08cd9e7162f7f95dd4ed34b5cf81b699ef043850b7513aae2a14d33,1478552,1.636421834002249,B,667568,"(185379, 3630518, 1478552)",aggregate,/Users/futaoran/Desktop/华为杯2026/华为杯_code/results/full_main_fast_20260924,348192,AI_VERIFIED
348192,root2:batch_09,0,0.0,0,B3_base,case_050,3630518,1,,1.7888047080195975,mps,185379,{0: 185379},150203,319376,0,b69ce2d7ef4cb8cce45caade52f2dde194c51c04017bf52bc1a0b1621103507a,1478552,1.7946152499935124,B,667568,"(185379, 3630518, 1478552)",seed,/Users/futaoran/Desktop/华为杯2026/华为杯_code/results/full_main_fast_20260924,348192,AI_VERIFIED
348192,root2:batch_09,77824,0.14620107156007425,454484,base_base,case_050,3630518,1,,1.9017842080211267,mps,185379,{0: 185379},149846,319376,0,08d1c8d0e08cd9e7162f7f95dd4ed34b5cf81b699ef043850b7513aae2a14d33,1478552,1.5616442919999827,C,667568,"(185379, 3630518, 1478552)",seed,/Users/futaoran/Desktop/华为杯2026/华为杯_code/results/full_main_fast_20260924,348192,AI_VERIFIED
348192,root2:batch_09,77824,0.14620107156007425,454484,base_aggregate,case_050,3630518,1,,1.8273948749992996,mps,185379,{0: 185379},149470,319376,0,6273f54740429a31cd56565ba45566a1a5554f55e2cb76e12cdf51a12db2d7a7,1478552,1.7160880420124158,C,667568,"(185379, 3630518, 1478552)",aggregate,/Users/futaoran/Desktop/华为杯2026/华为杯_code/results/full_main_fast_20260924,348192,AI_VERIFIED
1541614,root2:batch_09,0,0.0,0,A3_base,case_050,5560388,2,,1.933997417014325,mps,97629,"{0: 97629, 1: 87750}",159840,319376,1541614,18d07676dce69015514211d1de2a78c8c2a40fa6aba165ed951c0c9ed9f5495c,1526776,1.1515518339874689,A,1860990,"(97629, 5560388, 1526776)",seed,/Users/futaoran/Desktop/华为杯2026/华为杯_code/results/full_main_fast_20260924,0,AI_VERIFIED
,root2:batch_09,,,,A3_reorder,case_050,,2,task schedule: dependency cycle; 0 -[core 0 task order]-> 1; 1 -[subgraph dependency]-> 4; 4 -[subgraph dependency]-> 0,,mps,,,,,,d5801d40d97069b8ca3088bddf7b558836b2b124e01e1325700f3f38799ac321,,,A,,,capacity,/Users/futaoran/Desktop/华为杯2026/华为杯_code/results/full_main_fast_20260924,,PROFILE_FAILED
160784,root2:batch_09,0,0.0,0,A2_base,case_050,3843446,2,,2.3024341670097783,mps,107628,"{0: 77751, 1: 107628}",153184,319376,160784,7708b1613b3d15ed38a3fd92d5cae71267cb9bf0320aad5bdf1ffc68253e6983,1949438,1.013142208015779,A,480160,"(107628, 3843446, 1949438)",seed,/Users/futaoran/Desktop/华为杯2026/华为杯_code/results/full_main_fast_20260924,0,AI_VERIFIED
1071782,root2:batch_09,0,0.0,0,B3_base,case_050,4730576,2,,1.680080124991946,mps,98928,"{0: 98928, 1: 86451}",151663,319376,887462,5b4af16964578b3a280af290bb1bb66a508193d46acce5d9ec97dedb6b81f125,1528872,1.828787291975459,B,1391158,"(98928, 4730576, 1528872)",seed,/Users/futaoran/Desktop/华为杯2026/华为杯_code/results/full_main_fast_20260924,184320,AI_VERIFIED
731414,root2:batch_09,0,0.0,0,B2_base,case_050,4565948,2,,1.3984760830062442,mps,100648,"{0: 100648, 1: 84731}",149158,319376,731414,ed80b9c7e5655b33094dca382a28331cae0eb57cf995e9e52465117157b22f56,2347526,1.3340815830160864,B,1050790,"(100648, 4565948, 2347526)",seed,/Users/futaoran/Desktop/华为杯2026/华为杯_code/results/full_main_fast_20260924,0,AI_VERIFIED
731414,root2:batch_09,122918,0.16466657557075606,623548,base_base,case_050,4565948,2,,1.4893183750100434,mps,100648,"{0: 100648, 1: 84731}",149158,319376,731414,ed80b9c7e5655b33094dca382a28331cae0eb57cf995e9e52465117157b22f56,2347526,1.454752166988328,C,1050790,"(100648, 4565948, 2347526)",seed,/Users/futaoran/Desktop/华为杯2026/华为杯_code/results/full_main_fast_20260924,0,AI_VERIFIED
,root2:batch_09,,,,base_reorder,case_050,,2,"global execution (core, op): dependency cycle; (0, 1043) -[local data/memory dependency]-> (0, 1045); (0, 1045) -[local data/memory dependency]-> (0, 1885); (0, 1885) -[local data/memory dependency]-> (0, 1889); (0, 1889) -[local data/memory dependency]-> (0, 1891); (0, 1891) -[local data/memory dependency]-> (0, 1893); (0, 1893) -[local data/memory dependency]-> (0, 1895); (0, 1895) -[local data/memory dependency]-> (0, 1897); (0, 1897) -[local data/memory dependency]-> (0, 1899); (0, 1899) -[local data/memory dependency]-> (0, 1901); (0, 1901) -[local data/memory dependency]-> (0, 1903); (0, 1903) -[local data/memory dependency]-> (0, 1905); (0, 1905) -[local data/memory dependency]-> (0, 1437); (0, 1437) -[local data/memory dependency]-> (0, 1457); (0, 1457) -[local data/memory dependency]-> (0, 1475); (0, 1475) -[local data/memory dependency]-> (0, 1477); (0, 1477) -[local data/memory dependency]-> (0, 1479); ... (179 edges total)",,mps,,,,,,6ed9decbb49f8219eb56eb846fce50dd2249d7b6a7d9bf99813080f2e5c589b1,,1.1887735410127789,C,,,timing,/Users/futaoran/Desktop/华为杯2026/华为杯_code/results/full_main_fast_20260924,,EVALUATION_FAILED
183222,root2:batch_09,0,0.0,0,A2_base,case_050,3863644,3,,2.205682749976404,mps,82875,"{0: 52751, 1: 82875, 2: 49753}",152940,319376,183222,5c703035a58cc65b3acc1665d47c905db867a8c2a595d416c93c3ed50c311f00,1835922,1.0090909159916919,A,502598,"(82875, 3863644, 1835922)",seed,/Users/futaoran/Desktop/华为杯2026/华为杯_code/results/full_main_fast_20260924,0,AI_VERIFIED
,root2:batch_09,,,,A2_reorder,case_050,,3,task schedule: dependency cycle; 0 -[core 0 task order]-> 1; 1 -[subgraph dependency]-> 2; 2 -[subgraph dependency]-> 4; 4 -[subgraph dependency]-> 5; 5 -[subgraph dependency]-> 0,,mps,,,,,,60199d87d337bf44c0b362acb2aae7397f1377cf060a97d328d9a609be8c9634,,,A,,,capacity,/Users/futaoran/Desktop/华为杯2026/华为杯_code/results/full_main_fast_20260924,,PROFILE_FAILED
2038518,root2:batch_09,0,0.0,0,A3_base,case_050,6143116,3,,1.8404729579924606,mps,102386,"{0: 53390, 1: 70452, 2: 61537}",167065,319376,2038518,7f2fa105539dd8178fc5a8b79f1174f5b77c2161676025eba8f72a6c7b73f678,1540842,1.0804994580103084,A,2357894,"(102386, 6143116, 1540842)",seed,/Users/futaoran/Desktop/华为杯2026/华为杯_code/results/full_main_fast_20260924,0,AI_VERIFIED
954348,root2:batch_09,0,0.0,0,B2_base,case_050,4828962,3,,1.2811932080076076,mps,80483,"{0: 69404, 1: 64141, 2: 51834}",153757,319376,954348,47e3ecd72fc15306628e5b2fd06585f223d1002d02a1c75ca41eb08cf88ad1d6,2230418,1.4503165839996655,B,1273724,"(80483, 4828962, 2230418)",seed,/Users/futaoran/Desktop/华为杯2026/华为杯_code/results/full_main_fast_20260924,0,AI_VERIFIED
,root2:batch_09,,,,B2_reorder,case_050,,3,"global execution (core, op): dependency cycle; (0, 9961) -[PIPE_MTE3 FIFO]-> (0, 9973); (0, 9973) -[PIPE_MTE3 FIFO]-> (0, 9910); (0, 9910) -[PIPE_MTE3 FIFO]-> (0, 9922); (0, 9922) -[PIPE_MTE3 FIFO]-> (0, 9934); (0, 9934) -[PIPE_MTE3 FIFO]-> (0, 9946); (0, 9946) -[PIPE_MTE3 FIFO]-> (0, 9958); (0, 9958) -[PIPE_MTE3 FIFO]-> (0, 9970); (0, 9970) -[PIPE_MTE3 FIFO]-> (0, 9880); (0, 9880) -[PIPE_MTE3 FIFO]-> (0, 9856); (0, 9856) -[PIPE_MTE3 FIFO]-> (0, 9859); (0, 9859) -[PIPE_MTE3 FIFO]-> (0, 9862); (0, 9862) -[PIPE_MTE3 FIFO]-> (0, 9865); (0, 9865) -[PIPE_MTE3 FIFO]-> (0, 9868); (0, 9868) -[PIPE_MTE3 FIFO]-> (0, 9871); (0, 9871) -[PIPE_MTE3 FIFO]-> (0, 9874); (0, 9874) -[PIPE_MTE3 FIFO]-> (0, 9877); ... (249 edges total)",,mps,,,,,,b6d7ced7bcca7e73978e4f807dc12a58e305bdb243341e2ff15be3aa3857578e,,1.2670489579904824,B,,,capacity,/Users/futaoran/Desktop/华为杯2026/华为杯_code/results/full_main_fast_20260924,,EVALUATION_FAILED
954348,root2:batch_09,49740,0.06055927845092921,771604,base_base,case_050,4828962,3,,1.5796585000061896,mps,80483,"{0: 69404, 1: 64141, 2: 51834}",153757,319376,954348,47e3ecd72fc15306628e5b2fd06585f223d1002d02a1c75ca41eb08cf88ad1d6,2230418,1.3408810000109952,C,1273724,"(80483, 4828962, 2230418)",seed,/Users/futaoran/Desktop/华为杯2026/华为杯_code/results/full_main_fast_20260924,0,AI_VERIFIED
,root2:batch_09,,,,base_reorder,case_050,,3,"global execution (core, op): dependency cycle; (0, 9961) -[PIPE_MTE3 FIFO]-> (0, 9973); (0, 9973) -[PIPE_MTE3 FIFO]-> (0, 9910); (0, 9910) -[PIPE_MTE3 FIFO]-> (0, 9922); (0, 9922) -[PIPE_MTE3 FIFO]-> (0, 9934); (0, 9934) -[PIPE_MTE3 FIFO]-> (0, 9946); (0, 9946) -[PIPE_MTE3 FIFO]-> (0, 9958); (0, 9958) -[PIPE_MTE3 FIFO]-> (0, 9970); (0, 9970) -[PIPE_MTE3 FIFO]-> (0, 9880); (0, 9880) -[PIPE_MTE3 FIFO]-> (0, 9856); (0, 9856) -[PIPE_MTE3 FIFO]-> (0, 9859); (0, 9859) -[PIPE_MTE3 FIFO]-> (0, 9862); (0, 9862) -[PIPE_MTE3 FIFO]-> (0, 9865); (0, 9865) -[PIPE_MTE3 FIFO]-> (0, 9868); (0, 9868) -[PIPE_MTE3 FIFO]-> (0, 9871); (0, 9871) -[PIPE_MTE3 FIFO]-> (0, 9874); (0, 9874) -[PIPE_MTE3 FIFO]-> (0, 9877); ... (249 edges total)",,mps,,,,,,b6d7ced7bcca7e73978e4f807dc12a58e305bdb243341e2ff15be3aa3857578e,,1.221441000001505,C,,,timing,/Users/futaoran/Desktop/华为杯2026/华为杯_code/results/full_main_fast_20260924,,EVALUATION_FAILED
,root2:batch_09,,,,A2_move,case_050,,4,task schedule: dependency cycle; 3 -[core 1 task order]-> 4; 4 -[subgraph dependency]-> 6; 6 -[subgraph dependency]-> 3,,mps,,,,,,e047b2c8ec8a30c63d059292416059d70c144f39612e0c3b02557c1dc1d2fed1,,,A,,,ordinary,/Users/futaoran/Desktop/华为杯2026/华为杯_code/results/full_main_fast_20260924,,PROFILE_FAILED
285628,root2:batch_09,0,0.0,0,A2_base,case_050,3990758,4,,1.7310529589885846,mps,67620,"{0: 41505, 1: 36088, 2: 67620, 3: 40166}",155687,319376,285628,16c56f47ff3a7994cdbf3224cebe43a9d1762eb81b5ee29348a7e922ce4d0ad1,1733426,0.9495922499918379,A,605004,"(67620, 3990758, 1733426)",seed,/Users/futaoran/Desktop/华为杯2026/华为杯_code/results/full_main_fast_20260924,0,AI_VERIFIED
,root2:batch_09,,,,A2_reorder,case_050,,4,task schedule: dependency cycle; 0 -[core 0 task order]-> 1; 1 -[subgraph dependency]-> 2; 2 -[subgraph dependency]-> 4; 4 -[subgraph dependency]-> 6; 6 -[subgraph dependency]-> 3; 3 -[subgraph dependency]-> 0,,mps,,,,,,732fd8a9d6f4cdec9a79d644c4e05ccac5fc525505f17aa58bee99a449e195f7,,,A,,,capacity,/Users/futaoran/Desktop/华为杯2026/华为杯_code/results/full_main_fast_20260924,,PROFILE_FAILED
2802602,root2:batch_09,0,0.0,0,A3_base,case_050,6974696,4,,1.9519451249798294,mps,116245,"{0: 52976, 1: 46560, 2: 40226, 3: 45617}",176767,319376,2802602,428088012f89feb7e5e02708431ac075140ee1d228e17e4c10f5450489808fef,1656578,1.1605269580031745,A,3121978,"(116245, 6974696, 1656578)",seed,/Users/futaoran/Desktop/华为杯2026/华为杯_code/results/full_main_fast_20260924,0,AI_VERIFIED
,root2:batch_09,,,,B2_move,case_050,,4,"global execution (core, op): dependency cycle; (1, 10385) -[PIPE_MTE3 FIFO]-> (1, 10388); (1, 10388) -[PIPE_MTE3 FIFO]-> (1, 10391); (1, 10391) -[PIPE_MTE3 FIFO]-> (1, 10394); (1, 10394) -[PIPE_MTE3 FIFO]-> (1, 10397); (1, 10397) -[PIPE_MTE3 FIFO]-> (1, 10400); (1, 10400) -[PIPE_MTE3 FIFO]-> (1, 10202); (1, 10202) -[PIPE_MTE3 FIFO]-> (1, 10205); (1, 10205) -[PIPE_MTE3 FIFO]-> (1, 10211); (1, 10211) -[PIPE_MTE3 FIFO]-> (1, 10214); (1, 10214) -[PIPE_MTE3 FIFO]-> (1, 10217); (1, 10217) -[PIPE_MTE3 FIFO]-> (1, 10223); (1, 10223) -[PIPE_MTE3 FIFO]-> (1, 10226); (1, 10226) -[PIPE_MTE3 FIFO]-> (1, 10229); (1, 10229) -[PIPE_MTE3 FIFO]-> (1, 10235); (1, 10235) -[PIPE_MTE3 FIFO]-> (1, 10238); (1, 10238) -[PIPE_MTE3 FIFO]-> (1, 10241); ... (152 edges total)",,mps,,,,,,e4594790c29f0cecc9b6dba2a3e24c056adc1c57af9d067d35d57610785a43c5,,1.140955084003508,B,,,ordinary,/Users/futaoran/Desktop/华为杯2026/华为杯_code/results/full_main_fast_20260924,,EVALUATION_FAILED
0,root2:batch_09,0,0.0,0,B0_base,case_050,3630518,4,,1.7322907500201836,mps,185379,{0: 185379},149690,319376,0,073656a9f9ff6fccd1ca554bcb90ece92930c7d9225a902de1fb677fd64bae35,2975082,1.4912510410067625,B,319376,"(185379, 3630518, 2975082)",seed,/Users/futaoran/Desktop/华为杯2026/华为杯_code/results/full_main_fast_20260924,0,AI_VERIFIED
0,root2:batch_09,0,0.0,319300,base_base,case_050,3630518,4,,1.9120545000187121,mps,185379,{0: 185379},149690,319376,0,073656a9f9ff6fccd1ca554bcb90ece92930c7d9225a902de1fb677fd64bae35,2975082,1.6489752500201575,C,319376,"(185379, 3630518, 2975082)",seed,/Users/futaoran/Desktop/华为杯2026/华为杯_code/results/full_main_fast_20260924,0,AI_VERIFIED
265160,root2:batch_09,0,0.0,0,A2_base,case_050,3993422,5,,1.5069144169974606,mps,66558,"{0: 41406, 1: 29890, 2: 33055, 3: 29738, 4: 51290}",159004,319376,265160,f22dc820e654df622098ae7a7500545943ed23720f48f4d65b7e81327386311d,1574022,0.9657662920071743,A,584536,"(66558, 3993422, 1574022)",seed,/Users/futaoran/Desktop/华为杯2026/华为杯_code/results/full_main_fast_20260924,0,AI_VERIFIED
,root2:batch_09,,,,A2_reorder,case_050,,5,task schedule: dependency cycle; 0 -[core 0 task order]-> 1; 1 -[subgraph dependency]-> 2; 2 -[subgraph dependency]-> 4; 4 -[subgraph dependency]-> 6; 6 -[subgraph dependency]-> 8; 8 -[subgraph dependency]-> 3; 3 -[subgraph dependency]-> 0,,mps,,,,,,7ac3f55fc59e32220ad74fcd1994df7aa3b43ad826a45f7c625a379751123cf8,,,A,,,capacity,/Users/futaoran/Desktop/华为杯2026/华为杯_code/results/full_main_fast_20260924,,PROFILE_FAILED
3281132,root2:batch_09,0,0.0,0,A3_base,case_050,7480820,5,,1.9074284579837695,mps,124681,"{0: 40005, 1: 44268, 2: 33357, 3: 35755, 4: 31994}",179739,319376,3281132,ff1a9157d2bd9bd941f0c025fe4a046da27708531818c5112e34dd84b443ad2a,1641166,1.1403239160135854,A,3600508,"(124681, 7480820, 1641166)",seed,/Users/futaoran/Desktop/华为杯2026/华为杯_code/results/full_main_fast_20260924,0,AI_VERIFIED
1893444,root2:batch_09,0,0.0,0,B2_base,case_050,5907644,5,,1.5092402089794632,mps,98461,"{0: 42859, 1: 31284, 2: 33800, 3: 38413, 4: 39023}",147954,319376,1893444,abbcd3c87a894324e55fc679a828254975d8bc91782d168b05af45fe01f3bca3,2248956,1.250731457985239,B,2212820,"(98461, 5907644, 2248956)",seed,/Users/futaoran/Desktop/华为杯2026/华为杯_code/results/full_main_fast_20260924,0,AI_VERIFIED
,root2:batch_09,,,,B2_reorder,case_050,,5,"global execution (core, op): dependency cycle; (0, 10033) -[PIPE_MTE3 FIFO]-> (0, 10036); (0, 10036) -[PIPE_MTE3 FIFO]-> (0, 10039); (0, 10039) -[PIPE_MTE3 FIFO]-> (0, 10042); (0, 10042) -[PIPE_MTE3 FIFO]-> (0, 10045); (0, 10045) -[PIPE_MTE3 FIFO]-> (0, 10048); (0, 10048) -[PIPE_MTE3 FIFO]-> (0, 9922); (0, 9922) -[PIPE_MTE3 FIFO]-> (0, 9925); (0, 9925) -[PIPE_MTE3 FIFO]-> (0, 9946); (0, 9946) -[PIPE_MTE3 FIFO]-> (0, 9949); (0, 9949) -[PIPE_MTE3 FIFO]-> (0, 9970); (0, 9970) -[PIPE_MTE3 FIFO]-> (0, 9973); (0, 9973) -[PIPE_MTE3 FIFO]-> (0, 9994); (0, 9994) -[PIPE_MTE3 FIFO]-> (0, 9997); (0, 9997) -[PIPE_MTE3 FIFO]-> (0, 10018); (0, 10018) -[PIPE_MTE3 FIFO]-> (0, 10021); (0, 10021) -[PIPE_MTE3 FIFO]-> (0, 10030); ... (145 edges total)",,mps,,,,,,d32dc885f7bf812a4981aa1abef1c38e524d6571620fbc51f96ebb295797c433,,1.1992484579968732,B,,,capacity,/Users/futaoran/Desktop/华为杯2026/华为杯_code/results/full_main_fast_20260924,,EVALUATION_FAILED
1893444,root2:batch_09,106608,0.08111859165560818,1207616,base_base,case_050,5907644,5,,1.990997166984016,mps,98461,"{0: 42859, 1: 31284, 2: 33800, 3: 38413, 4: 39023}",147851,319376,1893444,abbcd3c87a894324e55fc679a828254975d8bc91782d168b05af45fe01f3bca3,2248956,1.936751750006806,C,2212820,"(98461, 5907644, 2248956)",seed,/Users/futaoran/Desktop/华为杯2026/华为杯_code/results/full_main_fast_20260924,0,AI_VERIFIED
,root2:batch_09,,,,base_reorder,case_050,,5,"global execution (core, op): dependency cycle; (0, 10033) -[PIPE_MTE3 FIFO]-> (0, 10036); (0, 10036) -[PIPE_MTE3 FIFO]-> (0, 10039); (0, 10039) -[PIPE_MTE3 FIFO]-> (0, 10042); (0, 10042) -[PIPE_MTE3 FIFO]-> (0, 10045); (0, 10045) -[PIPE_MTE3 FIFO]-> (0, 10048); (0, 10048) -[PIPE_MTE3 FIFO]-> (0, 9922); (0, 9922) -[PIPE_MTE3 FIFO]-> (0, 9925); (0, 9925) -[PIPE_MTE3 FIFO]-> (0, 9946); (0, 9946) -[PIPE_MTE3 FIFO]-> (0, 9949); (0, 9949) -[PIPE_MTE3 FIFO]-> (0, 9970); (0, 9970) -[PIPE_MTE3 FIFO]-> (0, 9973); (0, 9973) -[PIPE_MTE3 FIFO]-> (0, 9994); (0, 9994) -[PIPE_MTE3 FIFO]-> (0, 9997); (0, 9997) -[PIPE_MTE3 FIFO]-> (0, 10018); (0, 10018) -[PIPE_MTE3 FIFO]-> (0, 10021); (0, 10021) -[PIPE_MTE3 FIFO]-> (0, 10030); ... (145 edges total)",,mps,,,,,,d32dc885f7bf812a4981aa1abef1c38e524d6571620fbc51f96ebb295797c433,,1.2745895000116434,C,,,timing,/Users/futaoran/Desktop/华为杯2026/华为杯_code/results/full_main_fast_20260924,,EVALUATION_FAILED
69632,root2:batch_09,0,0.0,0,A0_base,case_055,2879208,1,,0.7287912500032689,mps,130845,{0: 130845},118835,625810,0,9d78877632124b522ee3061be080bb471ea891b066c48f9157e2ced87bf11a22,2223730,0.3717302080185618,A,695442,"(130845, 2879208, 2223730)",seed,/Users/futaoran/Desktop/华为杯2026/华为杯_code/results/full_main_fast_20260924,69632,AI_VERIFIED
73732,root2:batch_09,0,0.0,0,A2_base,case_055,2952942,1,,0.5402994170144666,mps,130845,{0: 130845},116367,625810,73732,7ce78382345ad3100965dc9f552b53d7338befb7799c4c9ec7711e03c6a7a331,1122752,0.27296174998627976,A,699542,"(130845, 2952942, 1122752)",seed,/Users/futaoran/Desktop/华为杯2026/华为杯_code/results/full_main_fast_20260924,0,AI_VERIFIED
431696,root2:batch_09,0,0.0,0,B3_base,case_055,2879208,1,,0.42261162502109073,mps,130845,{0: 130845},121890,625810,0,8a3b1cddd5e75026dc394d89457cd0e8a59100e3e6c6b3870e6c2f896b0ea2ac,691240,0.3317882080154959,B,1057506,"(130845, 2879208, 691240)",seed,/Users/futaoran/Desktop/华为杯2026/华为杯_code/results/full_main_fast_20260924,431696,AI_VERIFIED
414320,root2:batch_09,0,0.0,0,B3_aggregate,case_055,2879208,1,,0.44790095899952576,mps,130845,{0: 130845},125812,625810,0,a9bfe93df58397027becbd617d9a3652e892b405ac04a5e1e29414829ac233da,1077786,0.3869994170090649,B,1040130,"(130845, 2879208, 1077786)",aggregate,/Users/futaoran/Desktop/华为杯2026/华为杯_code/results/full_main_fast_20260924,414320,AI_VERIFIED
431696,root2:batch_09,86016,0.0972428856319838,798532,base_base,case_055,2879208,1,,0.43761762499343604,mps,130845,{0: 130845},120648,625810,0,8a3b1cddd5e75026dc394d89457cd0e8a59100e3e6c6b3870e6c2f896b0ea2ac,691240,0.4890780829882715,C,1057506,"(130845, 2879208, 691240)",seed,/Users/futaoran/Desktop/华为杯2026/华为杯_code/results/full_main_fast_20260924,431696,AI_VERIFIED
414320,root2:batch_09,40960,0.04800007500011719,812372,base_aggregate,case_055,2879208,1,,0.47873187498771586,mps,130845,{0: 130845},125416,625810,0,a9bfe93df58397027becbd617d9a3652e892b405ac04a5e1e29414829ac233da,1077786,0.3630543749895878,C,1040130,"(130845, 2879208, 1077786)",aggregate,/Users/futaoran/Desktop/华为杯2026/华为杯_code/results/full_main_fast_20260924,414320,AI_VERIFIED
74240,root2:batch_09,0,0.0,0,A1_base,case_055,2937064,2,,0.7324488330050372,mps,65713,"{0: 65132, 1: 65713}",61686,625810,57856,1dbd9e14a083b8ef41a169a183f11d5285dd25ea1b3c4788893004ff20914b33,1843314,0.2558802090061363,A,700050,"(65713, 2937064, 1843314)",seed,/Users/futaoran/Desktop/华为杯2026/华为杯_code/results/full_main_fast_20260924,16384,AI_VERIFIED
120888,root2:batch_09,0,0.0,0,A2_move,case_055,3000098,2,,0.400837875000434,mps,72468,"{0: 58377, 1: 72468}",119471,625810,120888,7dcc3451f603cc7a98b49cd597446e66ec3b3436ebb3020c9e8c589ce9c9064b,983960,0.299820083018858,A,746698,"(72468, 3000098, 983960)",ordinary,/Users/futaoran/Desktop/华为杯2026/华为杯_code/results/full_main_fast_20260924,0,AI_VERIFIED
74240,root2:batch_09,0,0.0,0,B1_base,case_055,2937064,2,,0.38747687501017936,mps,65713,"{0: 65132, 1: 65713}",61686,625810,57856,1dbd9e14a083b8ef41a169a183f11d5285dd25ea1b3c4788893004ff20914b33,1843314,0.2949495410139207,B,700050,"(65713, 2937064, 1843314)",seed,/Users/futaoran/Desktop/华为杯2026/华为杯_code/results/full_main_fast_20260924,16384,AI_VERIFIED
1569090,root2:batch_09,0,0.0,0,B3_move,case_055,3465546,2,,0.46097708301385865,mps,67446,"{0: 67446, 1: 63399}",132744,625810,586338,7fc2d95e0f323db68cbbf8bb8db503b4068142be6fb282ed4e959a01724ea53a,752338,0.44023179198848084,B,2194900,"(67446, 3465546, 752338)",ordinary,/Users/futaoran/Desktop/华为杯2026/华为杯_code/results/full_main_fast_20260924,982752,AI_VERIFIED
74240,root2:batch_09,74240,0.10606744655195076,625692,base_base,case_055,2937064,2,,0.29848533400218,mps,65713,"{0: 65132, 1: 65713}",61686,625810,57856,1dbd9e14a083b8ef41a169a183f11d5285dd25ea1b3c4788893004ff20914b33,1843314,0.35545645901584066,C,700050,"(65713, 2937064, 1843314)",seed,/Users/futaoran/Desktop/华为杯2026/华为杯_code/results/full_main_fast_20260924,16384,AI_VERIFIED
16384,root2:batch_09,16384,0.025517228490085284,625692,base_move,case_055,2879208,2,,0.3639886660093907,mps,130845,{0: 130845},117508,625810,0,b3691f222edd23bc7b981ed01ac8b61f9e2f35a35745a33d51bdea1cea67e4fe,964210,0.3501492910145316,C,642194,"(130845, 2879208, 964210)",ordinary,/Users/futaoran/Desktop/华为杯2026/华为杯_code/results/full_main_fast_20260924,16384,AI_VERIFIED
115712,root2:batch_09,0,0.0,0,A1_base,case_055,2994920,3,,0.7294676250021439,mps,49916,"{0: 44193, 1: 44867, 2: 41785}",42047,625810,115712,0813f11879f0384362289c5ee94948858e24889285521187b396a5b775978242,1712242,0.2232002079836093,A,741522,"(49916, 2994920, 1712242)",seed,/Users/futaoran/Desktop/华为杯2026/华为杯_code/results/full_main_fast_20260924,0,AI_VERIFIED
151584,root2:batch_09,0,0.0,0,A2_base,case_055,3030796,3,,0.37124662499991246,mps,68675,"{0: 36051, 1: 68675, 2: 26119}",124343,625810,151584,553880f511c3d4607508f589700bc5630f7132f001cc51cd452db48950e3075c,1022914,0.31742620799923316,A,777394,"(68675, 3030796, 1022914)",seed,/Users/futaoran/Desktop/华为杯2026/华为杯_code/results/full_main_fast_20260924,0,AI_VERIFIED
115712,root2:batch_09,0,0.0,0,B1_base,case_055,2994920,3,,0.265340334008215,mps,49916,"{0: 44193, 1: 44867, 2: 41785}",42047,625810,115712,0813f11879f0384362289c5ee94948858e24889285521187b396a5b775978242,1712242,0.23923962499247864,B,741522,"(49916, 2994920, 1712242)",seed,/Users/futaoran/Desktop/华为杯2026/华为杯_code/results/full_main_fast_20260924,0,AI_VERIFIED
57856,root2:batch_09,0,0.0,0,B1_move,case_055,2937064,3,,0.2665303749963641,mps,86652,"{0: 44193, 2: 86652}",80027,625810,57856,24c906329aa111be7efe078b7687326d40dea9c6955cc19e3bb228f52900dc98,1260372,0.31486529199173674,B,683666,"(86652, 2937064, 1260372)",ordinary,/Users/futaoran/Desktop/华为杯2026/华为杯_code/results/full_main_fast_20260924,0,AI_VERIFIED
115712,root2:batch_09,115712,0.15607145362042826,625692,base_base,case_055,2994920,3,,0.3479836250189692,mps,49916,"{0: 44193, 1: 44867, 2: 41785}",42047,625810,115712,0813f11879f0384362289c5ee94948858e24889285521187b396a5b775978242,1712242,0.311526709003374,C,741522,"(49916, 2994920, 1712242)",seed,/Users/futaoran/Desktop/华为杯2026/华为杯_code/results/full_main_fast_20260924,0,AI_VERIFIED
57856,root2:batch_09,57856,0.08464072749828834,625692,base_move,case_055,2937064,3,,0.34242070800974034,mps,86652,"{0: 44193, 2: 86652}",80027,625810,57856,24c906329aa111be7efe078b7687326d40dea9c6955cc19e3bb228f52900dc98,1260372,0.30013195899664424,C,683666,"(86652, 2937064, 1260372)",ordinary,/Users/futaoran/Desktop/华为杯2026/华为杯_code/results/full_main_fast_20260924,0,AI_VERIFIED
173568,root2:batch_09,0,0.0,0,A1_base,case_055,3052776,4,,0.6435687500052154,mps,50880,"{0: 31844, 1: 34025, 2: 31688, 3: 33288}",32099,625810,173568,4e64b5428f693fc223421516f94a91f08b8e5d6a38d8f2d1446bff795a9dbf13,1581170,0.3215199999976903,A,799378,"(50880, 3052776, 1581170)",seed,/Users/futaoran/Desktop/华为杯2026/华为杯_code/results/full_main_fast_20260924,0,AI_VERIFIED
247888,root2:batch_09,0,0.0,0,A2_base,case_055,3127096,4,,0.3491198329720646,mps,52119,"{0: 30054, 1: 42314, 2: 18499, 3: 39978}",124732,625810,247888,743eff31c50f17e9364ba5e5ede8552d31a52ebd07aefd2898a9bfa8dae50741,854984,0.28003045899095014,A,873698,"(52119, 3127096, 854984)",seed,/Users/futaoran/Desktop/华为杯2026/华为杯_code/results/full_main_fast_20260924,0,AI_VERIFIED
173568,root2:batch_09,0,0.0,0,B1_base,case_055,3052776,4,,0.26197329198475927,mps,50880,"{0: 31844, 1: 34025, 2: 31688, 3: 33288}",32099,625810,173568,4e64b5428f693fc223421516f94a91f08b8e5d6a38d8f2d1446bff795a9dbf13,1581170,0.2557689169771038,B,799378,"(50880, 3052776, 1581170)",seed,/Users/futaoran/Desktop/华为杯2026/华为杯_code/results/full_main_fast_20260924,0,AI_VERIFIED
115712,root2:batch_09,0,0.0,0,B1_move,case_055,2994920,4,,0.43844716699095443,mps,65713,"{0: 31844, 2: 65713, 3: 33288}",60223,625810,115712,1bbc4130b46418c760a61c9f54aff305c4749b0bf95a96559afc7f2a19bb10af,1370696,0.3199996250041295,B,741522,"(65713, 2994920, 1370696)",ordinary,/Users/futaoran/Desktop/华为杯2026/华为杯_code/results/full_main_fast_20260924,0,AI_VERIFIED
173568,root2:batch_09,173568,0.21716087380827265,625692,base_base,case_055,3052776,4,,0.2932995420123916,mps,50880,"{0: 31844, 1: 34025, 2: 31688, 3: 33288}",32099,625810,173568,4e64b5428f693fc223421516f94a91f08b8e5d6a38d8f2d1446bff795a9dbf13,1581170,0.28882920800242573,C,799378,"(50880, 3052776, 1581170)",seed,/Users/futaoran/Desktop/华为杯2026/华为杯_code/results/full_main_fast_20260924,0,AI_VERIFIED
115712,root2:batch_09,115712,0.15607145362042826,625692,base_move,case_055,2994920,4,,0.3103661250206642,mps,65713,"{0: 31844, 2: 65713, 3: 33288}",60223,625810,115712,1bbc4130b46418c760a61c9f54aff305c4749b0bf95a96559afc7f2a19bb10af,1370696,0.2931359579961281,C,741522,"(65713, 2994920, 1370696)",ordinary,/Users/futaoran/Desktop/华为杯2026/华为杯_code/results/full_main_fast_20260924,0,AI_VERIFIED
199780,root2:batch_09,0,0.0,0,A2_base,case_055,3078990,5,,0.3993027910182718,mps,51317,"{0: 24496, 1: 13954, 2: 43483, 3: 32814, 4: 16098}",110902,625810,199780,4d75a3c217bcadfa89c8ccf133c159def04885e382b481db951136f3a67ac80b,773022,0.2095518329879269,A,825590,"(51317, 3078990, 773022)",seed,/Users/futaoran/Desktop/华为杯2026/华为杯_code/results/full_main_fast_20260924,0,AI_VERIFIED
199780,root2:batch_09,0,0.0,0,A2_move,case_055,3078990,5,,0.3891257500217762,mps,51317,"{0: 24496, 1: 18449, 3: 32814, 4: 16098, 2: 38988}",110002,625810,199780,e9708e2ec2437fee585cf2c5c40ac64a945575bd759787f922c28322dc69a55a,773022,0.23372762501821853,A,825590,"(51317, 3078990, 773022)",ordinary,/Users/futaoran/Desktop/华为杯2026/华为杯_code/results/full_main_fast_20260924,0,AI_VERIFIED
173568,root2:batch_09,0,0.0,0,B1_move,case_055,3052776,5,,0.23665608299779706,mps,51512,"{0: 26647, 3: 51512, 2: 26740, 4: 25946}",47354,625810,173568,58436128e2501a57bfafdc4a03a99b05614821e7215b8a9a19f78e9d5a800355,1354442,0.3168005000043195,B,799378,"(51512, 3052776, 1354442)",ordinary,/Users/futaoran/Desktop/华为杯2026/华为杯_code/results/full_main_fast_20260924,0,AI_VERIFIED
231424,root2:batch_09,0,0.0,0,B1_base,case_055,3110632,5,,0.28434233300504275,mps,51844,"{0: 26647, 1: 26788, 2: 26740, 3: 24724, 4: 25946}",25635,625810,231424,d43517f8a45ef83636f867f4d628d013961ad6ff7b7ac2ddb994756c2a7b74e1,1450098,0.257700542017119,B,857234,"(51844, 3110632, 1450098)",seed,/Users/futaoran/Desktop/华为杯2026/华为杯_code/results/full_main_fast_20260924,0,AI_VERIFIED
231424,root2:batch_09,189952,0.2216176106851348,667164,base_base,case_055,3110632,5,,0.2917176669870969,mps,51844,"{0: 26647, 1: 26788, 2: 26740, 3: 24724, 4: 25946}",25635,625810,231424,d43517f8a45ef83636f867f4d628d013961ad6ff7b7ac2ddb994756c2a7b74e1,1450098,0.26859754099859856,C,857234,"(51844, 3110632, 1450098)",seed,/Users/futaoran/Desktop/华为杯2026/华为杯_code/results/full_main_fast_20260924,0,AI_VERIFIED
173568,root2:batch_09,173568,0.21716087380827265,625692,base_move,case_055,3052776,5,,0.4271024579938967,mps,51512,"{0: 26647, 3: 51512, 2: 26740, 4: 25946}",47354,625810,173568,58436128e2501a57bfafdc4a03a99b05614821e7215b8a9a19f78e9d5a800355,1354442,0.2841930409776978,C,799378,"(51512, 3052776, 1354442)",ordinary,/Users/futaoran/Desktop/华为杯2026/华为杯_code/results/full_main_fast_20260924,0,AI_VERIFIED
10584064,root2:batch_09,0,0.0,0,A0_base,case_097,85262336,1,,40.91779395798221,mps,11635200,{0: 11635200},11491509,5046272,0,bdb797d4e8f0fdfe0f62450839aca462d7f4a3ea080eb6a9d7f7a5785efc38ea,83951616,4.6194394170015585,A,15630336,"(11635200, 85262336, 83951616)",seed,/Users/futaoran/Desktop/华为杯2026/华为杯_code/results/full_main_fast_20260924,10584064,AI_VERIFIED
10584064,root2:batch_09,0,0.0,0,A2_base,case_097,86966272,1,,20.790040209016297,mps,11635200,{0: 11635200},11495014,5046272,1703936,1ef09001013f40e832a3392caa05043bc3039ceb5949db827cd2f384184eba4f,42565632,3.1124122500186786,A,15630336,"(11635200, 86966272, 42565632)",seed,/Users/futaoran/Desktop/华为杯2026/华为杯_code/results/full_main_fast_20260924,8880128,AI_VERIFIED
40259584,root2:batch_09,0,0.0,0,B3_base,case_097,85262336,1,,4.686773791006999,mps,11635200,{0: 11635200},11385302,5046272,0,4de349ed4fbbd45ec72dcbea764fdb6409f5ed2890452ef36e7fd5f37623b970,27332608,4.080967292014975,B,45305856,"(11635200, 85262336, 27332608)",seed,/Users/futaoran/Desktop/华为杯2026/华为杯_code/results/full_main_fast_20260924,40259584,AI_VERIFIED
30957568,root2:batch_09,0,0.0,0,B3_aggregate,case_097,85262336,1,,4.327770958014298,mps,11635200,{0: 11635200},11386850,5046272,0,ccc0a74bc42e887cbf8fbcb780658ffbf47801a45804caab0bb7b09e375b3302,42434560,3.8478626669966616,B,36003840,"(11635200, 85262336, 42434560)",aggregate,/Users/futaoran/Desktop/华为杯2026/华为杯_code/results/full_main_fast_20260924,30957568,AI_VERIFIED
40259584,root2:batch_09,1163264,0.046314416177429873,23953408,base_base,case_097,85262336,1,,4.369264334003674,mps,11635200,{0: 11635200},11381681,5046272,0,4de349ed4fbbd45ec72dcbea764fdb6409f5ed2890452ef36e7fd5f37623b970,27332608,4.068011915980605,C,45305856,"(11635200, 85262336, 27332608)",seed,/Users/futaoran/Desktop/华为杯2026/华为杯_code/results/full_main_fast_20260924,40259584,AI_VERIFIED
30957568,root2:batch_09,2650112,0.11974828798815473,19480576,base_aggregate,case_097,85262336,1,,4.854786709009204,mps,11635200,{0: 11635200},11365969,5046272,0,ccc0a74bc42e887cbf8fbcb780658ffbf47801a45804caab0bb7b09e375b3302,42434560,3.771287958981702,C,36003840,"(11635200, 85262336, 42434560)",aggregate,/Users/futaoran/Desktop/华为杯2026/华为杯_code/results/full_main_fast_20260924,30957568,AI_VERIFIED
11796480,root2:batch_09,0,0.0,0,A1_base,case_097,87818240,2,,23.100599416997284,mps,5817600,"{0: 5817600, 1: 5817600}",5617602,5046272,2555904,d1bf2a0139ddec1ef538091ee0e3bf649dae88c74e2f1a02908ed9ce8cce9779,85983232,3.2526462499808986,A,16842752,"(5817600, 87818240, 85983232)",seed,/Users/futaoran/Desktop/华为杯2026/华为杯_code/results/full_main_fast_20260924,9240576,AI_VERIFIED
10584064,root2:batch_09,0,0.0,0,A2_aggregate,case_097,88670208,2,,22.36932875000639,mps,5817600,"{0: 5817600, 1: 5817600}",5794911,5046272,3407872,3d969de4b9c5a33a45fb39eb80de2ea320d6fe407768c2476e0cdb50d26dfcae,64438272,2.9129157080024015,A,15630336,"(5817600, 88670208, 64438272)",aggregate,/Users/futaoran/Desktop/华为杯2026/华为杯_code/results/full_main_fast_20260924,7176192,AI_VERIFIED
11796480,root2:batch_09,0,0.0,0,B1_base,case_097,87818240,2,,3.6780603750084992,mps,5817600,"{0: 5817600, 1: 5817600}",5617602,5046272,2555904,d1bf2a0139ddec1ef538091ee0e3bf649dae88c74e2f1a02908ed9ce8cce9779,85983232,3.3284378749958705,B,16842752,"(5817600, 87818240, 85983232)",seed,/Users/futaoran/Desktop/华为杯2026/华为杯_code/results/full_main_fast_20260924,9240576,AI_VERIFIED
39718912,root2:batch_09,0,0.0,0,B2_base,case_097,112001024,2,,3.6682726249855477,mps,5817600,"{0: 5817600, 1: 5817600}",8761842,5046272,26738688,32fa0f7966839929821ee3c143ac7bec57b81b8f12ae9fb391e107a10d24e399,54034432,2.9093657920020632,B,44765184,"(5817600, 112001024, 54034432)",seed,/Users/futaoran/Desktop/华为杯2026/华为杯_code/results/full_main_fast_20260924,12980224,AI_VERIFIED
11796480,root2:batch_09,0,0.0,16056320,base_base,case_097,87818240,2,,3.7074686249834485,mps,5817600,"{0: 5817600, 1: 5817600}",5617602,5046272,2555904,d1bf2a0139ddec1ef538091ee0e3bf649dae88c74e2f1a02908ed9ce8cce9779,85983232,3.262990625022212,C,16842752,"(5817600, 87818240, 85983232)",seed,/Users/futaoran/Desktop/华为杯2026/华为杯_code/results/full_main_fast_20260924,9240576,AI_VERIFIED
11796480,root2:batch_09,5136384,0.3198979591836735,10919936,base_aggregate_tid_1000001663,case_097,85262336,2,,4.573530916997697,mps,11635200,{0: 11635200},11073449,5046272,0,2158c79d8de00043f5af3a720d1d9226f9c5b8b7e84c3adfa1823cff1cb5acb8,42991616,4.371131916006561,C,16842752,"(11635200, 85262336, 42991616)",aggregate,/Users/futaoran/Desktop/华为杯2026/华为杯_code/results/full_main_fast_20260924,11796480,AI_VERIFIED
12972032,root2:batch_09,0,0.0,0,A2_base,case_097,95213568,3,,6.202358125010505,mps,3880464,"{0: 3880464, 1: 3877368, 2: 3877368}",11114869,5046272,9951232,fadf7dd3b77b5da800b044ab2b0cb94572627999ac030963be4bdcbbcc705d4f,45619200,2.185089999984484,A,18018304,"(3880464, 95213568, 45619200)",seed,/Users/futaoran/Desktop/华为杯2026/华为杯_code/results/full_main_fast_20260924,3020800,AI_VERIFIED
,root2:batch_09,,,,A2_reorder,case_097,,3,task schedule: dependency cycle; 0 -[core 0 task order]-> 1; 1 -[subgraph dependency]-> 2; 2 -[subgraph dependency]-> 4; 4 -[subgraph dependency]-> 0,,mps,,,,,,ca2d057a94fef2eda5944231ddfa95623dd908f7ff0c58db908919e4ed3e7c1e,,,A,,,capacity,/Users/futaoran/Desktop/华为杯2026/华为杯_code/results/full_main_fast_20260924,,PROFILE_FAILED
96811008,root2:batch_09,0,0.0,0,A3_base,case_097,182073344,3,,7.207076291000703,mps,3990264,"{0: 3912312, 1: 3990264, 2: 3732624}",11468530,5046272,96811008,e061ffefb77b76457ef201fa7541ed077c0f57ce63529a9c7d77508b67586179,33781760,3.580964082997525,A,101857280,"(3990264, 182073344, 33781760)",seed,/Users/futaoran/Desktop/华为杯2026/华为杯_code/results/full_main_fast_20260924,0,AI_VERIFIED
96149504,root2:batch_09,0,0.0,0,B3_base,case_097,178880512,3,,5.064716041000793,mps,3979512,"{0: 3885432, 1: 3979512, 2: 3770256}",10246000,5046272,93618176,36ef537140eb722a02b94ffce2db276a5a051a2785f92ec6212998676020db62,33896448,4.459314416977577,B,101195776,"(3979512, 178880512, 33896448)",seed,/Users/futaoran/Desktop/华为杯2026/华为杯_code/results/full_main_fast_20260924,2531328,AI_VERIFIED
,root2:batch_09,,,,B3_reorder,case_097,,3,"global execution (core, op): dependency cycle; (0, 1000021131) -[PIPE_MTE3 FIFO]-> (0, 1000021137); (0, 1000021137) -[PIPE_MTE3 FIFO]-> (0, 1000021140); (0, 1000021140) -[PIPE_MTE3 FIFO]-> (0, 1000021143); (0, 1000021143) -[PIPE_MTE3 FIFO]-> (0, 1000021295); (0, 1000021295) -[PIPE_MTE3 FIFO]-> (0, 1000021298); (0, 1000021298) -[PIPE_MTE3 FIFO]-> (0, 1000021301); (0, 1000021301) -[PIPE_MTE3 FIFO]-> (0, 1000021304); (0, 1000021304) -[PIPE_MTE3 FIFO]-> (0, 1000021307); (0, 1000021307) -[PIPE_MTE3 FIFO]-> (0, 1000021313); (0, 1000021313) -[PIPE_MTE3 FIFO]-> (0, 1000021316); (0, 1000021316) -[PIPE_MTE3 FIFO]-> (0, 1000021319); (0, 1000021319) -[PIPE_MTE3 FIFO]-> (0, 1000021471); (0, 1000021471) -[PIPE_MTE3 FIFO]-> (0, 1000021474); (0, 1000021474) -[PIPE_MTE3 FIFO]-> (0, 1000021477); (0, 1000021477) -[PIPE_MTE3 FIFO]-> (0, 1000021480); (0, 1000021480) -[PIPE_MTE3 FIFO]-> (0, 1000021483); ... (128 edges total)",,mps,,,,,,325ca4f7c6456936b63db598488cb5747e78269ad0a0638dd662ffa1341cc8b6,,3.957823374978034,B,,,capacity,/Users/futaoran/Desktop/华为杯2026/华为杯_code/results/full_main_fast_20260924,,EVALUATION_FAILED
96149504,root2:batch_09,18432,0.0003510962003588983,52480000,base_base,case_097,178880512,3,,5.201333083008649,mps,3979512,"{0: 3885432, 1: 3979512, 2: 3770256}",10246000,5046272,93618176,36ef537140eb722a02b94ffce2db276a5a051a2785f92ec6212998676020db62,33896448,4.130811666982481,C,101195776,"(3979512, 178880512, 33896448)",seed,/Users/futaoran/Desktop/华为杯2026/华为杯_code/results/full_main_fast_20260924,2531328,AI_VERIFIED
,root2:batch_09,,,,base_reorder,case_097,,3,"global execution (core, op): dependency cycle; (0, 1000021131) -[PIPE_MTE3 FIFO]-> (0, 1000021137); (0, 1000021137) -[PIPE_MTE3 FIFO]-> (0, 1000021140); (0, 1000021140) -[PIPE_MTE3 FIFO]-> (0, 1000021143); (0, 1000021143) -[PIPE_MTE3 FIFO]-> (0, 1000021295); (0, 1000021295) -[PIPE_MTE3 FIFO]-> (0, 1000021298); (0, 1000021298) -[PIPE_MTE3 FIFO]-> (0, 1000021301); (0, 1000021301) -[PIPE_MTE3 FIFO]-> (0, 1000021304); (0, 1000021304) -[PIPE_MTE3 FIFO]-> (0, 1000021307); (0, 1000021307) -[PIPE_MTE3 FIFO]-> (0, 1000021313); (0, 1000021313) -[PIPE_MTE3 FIFO]-> (0, 1000021316); (0, 1000021316) -[PIPE_MTE3 FIFO]-> (0, 1000021319); (0, 1000021319) -[PIPE_MTE3 FIFO]-> (0, 1000021471); (0, 1000021471) -[PIPE_MTE3 FIFO]-> (0, 1000021474); (0, 1000021474) -[PIPE_MTE3 FIFO]-> (0, 1000021477); (0, 1000021477) -[PIPE_MTE3 FIFO]-> (0, 1000021480); (0, 1000021480) -[PIPE_MTE3 FIFO]-> (0, 1000021483); ... (128 edges total)",,mps,,,,,,325ca4f7c6456936b63db598488cb5747e78269ad0a0638dd662ffa1341cc8b6,,4.442620916990563,C,,,timing,/Users/futaoran/Desktop/华为杯2026/华为杯_code/results/full_main_fast_20260924,,EVALUATION_FAILED
14221312,root2:batch_09,0,0.0,0,A1_base,case_097,92930048,4,,10.9301878749975,mps,2908800,"{0: 2908800, 1: 2908800, 2: 2908800, 3: 2908800}",2626908,5046272,7667712,3c1c297c1c1f62435409fbf1a1e08dc7d593c0ef8de4ec997605dcae6a9a8797,90046464,3.0230180410144385,A,19267584,"(2908800, 92930048, 90046464)",seed,/Users/futaoran/Desktop/华为杯2026/华为杯_code/results/full_main_fast_20260924,6553600,AI_VERIFIED
11591680,root2:batch_09,0,0.0,0,A2_aggregate,case_097,95485952,4,,11.994757791020675,mps,2908800,"{0: 2908800, 1: 2908800, 2: 2908800, 3: 2908800}",2882367,5046272,10223616,eb2f5113c40f85f8f16718872e068935d51b05927b4d38e56d2c600d747a620f,56451072,2.8521043750224635,A,16637952,"(2908800, 95485952, 56451072)",aggregate,/Users/futaoran/Desktop/华为杯2026/华为杯_code/results/full_main_fast_20260924,1368064,AI_VERIFIED
14221312,root2:batch_09,0,0.0,0,B1_base,case_097,92930048,4,,3.4215174590062816,mps,2908800,"{0: 2908800, 1: 2908800, 2: 2908800, 3: 2908800}",2626908,5046272,7667712,3c1c297c1c1f62435409fbf1a1e08dc7d593c0ef8de4ec997605dcae6a9a8797,90046464,3.5700074160122313,B,19267584,"(2908800, 92930048, 90046464)",seed,/Users/futaoran/Desktop/华为杯2026/华为杯_code/results/full_main_fast_20260924,6553600,AI_VERIFIED
83148800,root2:batch_09,0,0.0,0,B2_base,case_097,167378944,4,,5.464310332987225,mps,3037824,"{0: 3037824, 1: 2822784, 2: 2865792, 3: 2908800}",9752092,5046272,82116608,9c85cfda42a5a1050124cd209a21a904fb5b3e266366ced71a883058e4d74f81,63938560,4.411017957987497,B,88195072,"(3037824, 167378944, 63938560)",seed,/Users/futaoran/Desktop/华为杯2026/华为杯_code/results/full_main_fast_20260924,1032192,AI_VERIFIED
14221312,root2:batch_09,770048,0.041666666666666664,17711104,base_base,case_097,92930048,4,,3.3946801249985583,mps,2908800,"{0: 2908800, 1: 2908800, 2: 2908800, 3: 2908800}",2626908,5046272,7667712,3c1c297c1c1f62435409fbf1a1e08dc7d593c0ef8de4ec997605dcae6a9a8797,90046464,3.2581725000054576,C,19267584,"(2908800, 92930048, 90046464)",seed,/Users/futaoran/Desktop/华为杯2026/华为杯_code/results/full_main_fast_20260924,6553600,AI_VERIFIED
14381056,root2:batch_09,8095744,0.43430015381234893,10545152,base_move,case_097,90374144,4,,3.7183941249968484,mps,5817600,"{1: 5817600, 2: 2908800, 3: 2908800}",5334152,5046272,5111808,482fb1f4635a80a7b5e3d144af0067527b2ee6f40e2749c64761e61dbbc4a4f6,67534848,3.066021458012983,C,19427328,"(5817600, 90374144, 67534848)",ordinary,/Users/futaoran/Desktop/华为杯2026/华为杯_code/results/full_main_fast_20260924,9269248,AI_VERIFIED
14870528,root2:batch_09,0,0.0,0,A2_base,case_097,100096000,5,,5.234094750019722,mps,2328360,"{0: 2328360, 1: 2328360, 2: 2325264, 3: 2325264, 4: 2327952}",10460851,5046272,14833664,1970439b3978c57f85139e161274880f560e1b5605c49fee8a9c76bfe674b299,47288320,2.2264840829884633,A,19916800,"(2328360, 100096000, 47288320)",seed,/Users/futaoran/Desktop/华为杯2026/华为杯_code/results/full_main_fast_20260924,36864,AI_VERIFIED
,root2:batch_09,,,,A2_reorder,case_097,,5,task schedule: dependency cycle; 0 -[core 0 task order]-> 1; 1 -[subgraph dependency]-> 2; 2 -[subgraph dependency]-> 4; 4 -[subgraph dependency]-> 6; 6 -[subgraph dependency]-> 8; 8 -[subgraph dependency]-> 7; 7 -[subgraph dependency]-> 5; 5 -[subgraph dependency]-> 9; 9 -[subgraph dependency]-> 3; 3 -[subgraph dependency]-> 0,,mps,,,,,,99f6fb4c20d5704765cf22ea227110b312ed62c71ac61e6a007cf3e5f0aca695,,,A,,,capacity,/Users/futaoran/Desktop/华为杯2026/华为杯_code/results/full_main_fast_20260924,,PROFILE_FAILED
21311488,root2:batch_09,0,0.0,0,A1_base,case_097,102301696,5,,32.38047912498587,mps,2363400,"{0: 2363400, 1: 2363400, 2: 2363400, 3: 2363400, 4: 2181600}",2102348,5046272,17039360,35cf9126a586fb6a44c0003379aa3663cd6631848b2e7773aac875d774e1ceb6,98893824,3.9901771250006277,A,26357760,"(2363400, 102301696, 98893824)",seed,/Users/futaoran/Desktop/华为杯2026/华为杯_code/results/full_main_fast_20260924,4272128,AI_VERIFIED
21311488,root2:batch_09,0,0.0,0,B1_base,case_097,102301696,5,,3.165610291995108,mps,2363400,"{0: 2363400, 1: 2363400, 2: 2363400, 3: 2363400, 4: 2181600}",2102348,5046272,17039360,35cf9126a586fb6a44c0003379aa3663cd6631848b2e7773aac875d774e1ceb6,98893824,2.72882820898667,B,26357760,"(2363400, 102301696, 98893824)",seed,/Users/futaoran/Desktop/华为杯2026/华为杯_code/results/full_main_fast_20260924,4272128,AI_VERIFIED
90183680,root2:batch_09,0,0.0,0,B2_base,case_097,170235904,5,,3.376451000018278,mps,2837266,"{0: 2363304, 1: 2363304, 2: 2360208, 3: 2290320, 4: 2258064}",9776517,5046272,84973568,0244fc79087364e07755526c2a244492e8b82ae0f18de9ea6ca31b3354d2474d,65124352,3.491292249993421,B,95229952,"(2837266, 170235904, 65124352)",seed,/Users/futaoran/Desktop/华为杯2026/华为杯_code/results/full_main_fast_20260924,5210112,AI_VERIFIED
21311488,root2:batch_09,6270976,0.24523466282236103,19300352,base_base,case_097,102301696,5,,2.705785583006218,mps,2363400,"{0: 2363400, 1: 2363400, 2: 2363400, 3: 2363400, 4: 2181600}",2102250,5046272,17039360,35cf9126a586fb6a44c0003379aa3663cd6631848b2e7773aac875d774e1ceb6,98893824,2.4505665829929058,C,26357760,"(2363400, 102301696, 98893824)",seed,/Users/futaoran/Desktop/华为杯2026/华为杯_code/results/full_main_fast_20260924,4272128,AI_VERIFIED
21827584,root2:batch_09,5662720,0.21706704349191397,20424704,base_move,case_097,98041856,5,,2.8269557500025257,mps,4545000,"{4: 4545000, 1: 2363400, 2: 2363400, 3: 2363400}",4067575,5046272,12779520,76ce8db8409fa3f504c05fdef8f7d90af66244c4e2c3e8974e822963d17c2573,80117760,2.322432208020473,C,26873856,"(4545000, 98041856, 80117760)",ordinary,/Users/futaoran/Desktop/华为杯2026/华为杯_code/results/full_main_fast_20260924,9048064,AI_VERIFIED
141570432,root2:batch_10,0,0.0,0,A0_base,case_073,11608960,1,,18.29253854198032,mps,8588736,{0: 8588736},10081626,4041088,0,989ba78d585aa712ed9aa6a0bce196fc72f8b7c770a54d1f94e620fbec7b17ad,10924928,2.6483845000038855,A,145611520,"(8588736, 11608960, 10924928)",seed,/Users/futaoran/Desktop/华为杯2026/华为杯_code/results/full_main_fast_20260924,141570432,AI_VERIFIED
131995904,root2:batch_10,0,0.0,0,A3_aggregate,case_073,12637312,1,,6.550324375013588,mps,8588736,{0: 8588736},10068454,4041088,718848,7a8596c266e07df50877178aeb2a2a5234cd11524affd5cfca68eb40cde15883,5432704,1.7537655000051018,A,136036992,"(8588736, 12637312, 5432704)",aggregate,/Users/futaoran/Desktop/华为杯2026/华为杯_code/results/full_main_fast_20260924,131277056,AI_VERIFIED
133783808,root2:batch_10,0,0.0,0,B2_base,case_073,11608960,1,,2.1179674589948263,mps,8588736,{0: 8588736},10067403,4041088,0,5cd3a0b8386eee138a362eb33a19efa755567d1703b9427222156365ed28cae1,5432704,2.0389476669952273,B,137824896,"(8588736, 11608960, 5432704)",seed,/Users/futaoran/Desktop/华为杯2026/华为杯_code/results/full_main_fast_20260924,133783808,AI_VERIFIED
124795904,root2:batch_10,0,0.0,0,B3_base,case_073,11608960,1,,2.1522398329980206,mps,8588736,{0: 8588736},10093192,4041088,0,03f05dea930f9f363b36d371365ddd6dfdf2fde4e4ef1c38fab3a8ca68850468,6096384,2.0506834159896243,B,128836992,"(8588736, 11608960, 6096384)",seed,/Users/futaoran/Desktop/华为杯2026/华为杯_code/results/full_main_fast_20260924,124795904,AI_VERIFIED
133783808,root2:batch_10,0,0.0,137345664,base_base,case_073,11608960,1,,2.283246582985157,mps,8588736,{0: 8588736},10067403,4041088,0,5cd3a0b8386eee138a362eb33a19efa755567d1703b9427222156365ed28cae1,5432704,2.0101605000090785,C,137824896,"(8588736, 11608960, 5432704)",seed,/Users/futaoran/Desktop/华为杯2026/华为杯_code/results/full_main_fast_20260924,133783808,AI_VERIFIED
141570432,root2:batch_10,0,0.0,145160448,base_aggregate,case_073,11608960,1,,2.1491139169957023,mps,8588736,{0: 8588736},10081626,4041088,0,989ba78d585aa712ed9aa6a0bce196fc72f8b7c770a54d1f94e620fbec7b17ad,10924928,1.615948999999091,C,145611520,"(8588736, 11608960, 10924928)",aggregate,/Users/futaoran/Desktop/华为杯2026/华为杯_code/results/full_main_fast_20260924,141570432,AI_VERIFIED
140174592,root2:batch_10,0,0.0,0,A2_base,case_073,22839040,2,,4.52237600000808,mps,4294464,"{0: 4294272, 1: 4294464}",10119330,4041088,11209856,0a4534c13f173c50597d6dd2fa0efc6a120f3e933bfeb31de102e40b0344d73e,10340608,1.6723536670033354,A,144215680,"(4294464, 22839040, 10340608)",seed,/Users/futaoran/Desktop/华为杯2026/华为杯_code/results/full_main_fast_20260924,128964736,AI_VERIFIED
,root2:batch_10,,,,A2_reorder,case_073,,2,task schedule: dependency cycle; 0 -[core 0 task order]-> 1; 1 -[subgraph dependency]-> 2; 2 -[subgraph dependency]-> 0,,mps,,,,,,1f34e85de9c59f49a7e86259451da8cc75ad7082b88121d9a1218d14c1d35d10,,,A,,,capacity,/Users/futaoran/Desktop/华为杯2026/华为杯_code/results/full_main_fast_20260924,,PROFILE_FAILED
114749952,root2:batch_10,0,0.0,0,A3_base,case_073,14131840,2,,2.7005958749796264,mps,4294624,"{0: 4294624, 1: 4294112}",9989226,4041088,2011648,ea26b8fe22a56fd23833bfe46e34c31080968a3fae21bb801a92feb4cae550c8,3766656,1.2510749170032796,A,118791040,"(4294624, 14131840, 3766656)",seed,/Users/futaoran/Desktop/华为杯2026/华为杯_code/results/full_main_fast_20260924,112738304,AI_VERIFIED
136290304,root2:batch_10,0,0.0,0,B2_base,case_073,11768704,2,,2.1303040829952806,mps,4391712,"{0: 4391712, 1: 4197024}",7420406,4041088,159744,e0d1c02524a7f2233bb62feb8ed13a72e3a27a9bb24e562e0ae42d1e98fc3703,5060608,1.5874950840079691,B,140331392,"(4391712, 11768704, 5060608)",seed,/Users/futaoran/Desktop/华为杯2026/华为杯_code/results/full_main_fast_20260924,136130560,AI_VERIFIED
141121024,root2:batch_10,0,0.0,0,B1_base,case_073,15330560,2,,2.042454375012312,mps,4404480,"{0: 4404480, 1: 4184256}",5980423,4041088,3721600,afc800feab5e79c01d36a7532623c7b5efa2d1e3c06cdfec73e7a4c18e860781,14122240,1.8410876249836292,B,145162112,"(4404480, 15330560, 14122240)",seed,/Users/futaoran/Desktop/华为杯2026/华为杯_code/results/full_main_fast_20260924,137399424,AI_VERIFIED
141121024,root2:batch_10,0,0.0,144719232,base_base,case_073,15330560,2,,1.9713667090109084,mps,4404480,"{0: 4404480, 1: 4184256}",5980423,4041088,3721600,afc800feab5e79c01d36a7532623c7b5efa2d1e3c06cdfec73e7a4c18e860781,14122240,2.2173121660016477,C,145162112,"(4404480, 15330560, 14122240)",seed,/Users/futaoran/Desktop/华为杯2026/华为杯_code/results/full_main_fast_20260924,137399424,AI_VERIFIED
141570432,root2:batch_10,0,0.0,145160448,base_aggregate_tid_1000000059,case_073,11608960,2,,2.712329292000504,mps,8588736,{0: 8588736},10081626,4041088,0,e6f312943f36389dfa3aa33c86768d7ea96bda59095d21d0ef2148f5dd4189e9,7160192,2.2957122499938123,C,145611520,"(8588736, 11608960, 7160192)",aggregate,/Users/futaoran/Desktop/华为杯2026/华为杯_code/results/full_main_fast_20260924,141570432,AI_VERIFIED
140671616,root2:batch_10,0,0.0,0,A1_base,case_073,19052160,3,,6.807262874994194,mps,2862912,"{0: 2862912, 1: 2862912, 2: 2862912}",4515227,4041088,7443200,b60151e19d22154d346f2e72d47f7e27a159113f53e61237851daac1701f0647,17319552,1.7306180830055382,A,144712704,"(2862912, 19052160, 17319552)",seed,/Users/futaoran/Desktop/华为杯2026/华为杯_code/results/full_main_fast_20260924,133228416,AI_VERIFIED
139571712,root2:batch_10,0,0.0,0,A2_aggregate,case_073,26568320,3,,3.964480916998582,mps,2876800,"{0: 2876800, 1: 2849024, 2: 2862912}",7293263,4041088,14935552,7db8c69c1595b2d30fb5aa2bdba7f8bce53fbda12e1735f9660859138e58f367,14760064,1.304337708017556,A,143612800,"(2876800, 26568320, 14760064)",aggregate,/Users/futaoran/Desktop/华为杯2026/华为杯_code/results/full_main_fast_20260924,124636160,AI_VERIFIED
140671616,root2:batch_10,0,0.0,0,B1_base,case_073,19052160,3,,1.9605010410014074,mps,2862912,"{0: 2862912, 1: 2862912, 2: 2862912}",4515227,4041088,7443200,b60151e19d22154d346f2e72d47f7e27a159113f53e61237851daac1701f0647,17319552,1.7011787919909693,B,144712704,"(2862912, 19052160, 17319552)",seed,/Users/futaoran/Desktop/华为杯2026/华为杯_code/results/full_main_fast_20260924,133228416,AI_VERIFIED
125653504,root2:batch_10,0,0.0,0,B2_base,case_073,12685696,3,,2.018366915988736,mps,3040960,"{0: 3040960, 1: 2682784, 2: 2864992}",9857104,4041088,877056,1da7ffd07a1ffcc01c2f4768e11a62e8c80cdd49580b7ed187c91e4e409844ce,4706304,1.6060517909936607,B,129694592,"(3040960, 12685696, 4706304)",seed,/Users/futaoran/Desktop/华为杯2026/华为杯_code/results/full_main_fast_20260924,124776448,AI_VERIFIED
140671616,root2:batch_10,0,0.0,144278016,base_base,case_073,19052160,3,,2.1114127500040922,mps,2862912,"{0: 2862912, 1: 2862912, 2: 2862912}",4515227,4041088,7443200,b60151e19d22154d346f2e72d47f7e27a159113f53e61237851daac1701f0647,17319552,1.8406717909965664,C,144712704,"(2862912, 19052160, 17319552)",seed,/Users/futaoran/Desktop/华为杯2026/华为杯_code/results/full_main_fast_20260924,133228416,AI_VERIFIED
144855936,root2:batch_10,1037952,0.0069920482588428845,147409536,base_move,case_073,15330560,3,,1.7637542499869596,mps,5725824,"{1: 5725824, 2: 2862912}",6900711,4041088,3721600,83970c57c066a1ce71da0f7e0c4b9496e6c928120e500b04cb4db77e7f389d9b,11546368,1.9286080420133658,C,148897024,"(5725824, 15330560, 11546368)",ordinary,/Users/futaoran/Desktop/华为杯2026/华为杯_code/results/full_main_fast_20260924,141134336,AI_VERIFIED
138282752,root2:batch_10,0,0.0,0,A2_base,case_073,37823232,4,,2.6801010410126764,mps,2150480,"{0: 2146992, 1: 2145632, 2: 2150480, 3: 2145632}",10177024,4041088,26164864,dfa2b27c997194e9c9e4f965dc711f6cb5b6cbb5324136780879ecb9ba854a1b,16702976,1.196274791000178,A,142323840,"(2150480, 37823232, 16702976)",seed,/Users/futaoran/Desktop/华为杯2026/华为杯_code/results/full_main_fast_20260924,112117888,AI_VERIFIED
,root2:batch_10,,,,A2_reorder,case_073,,4,task schedule: dependency cycle; 0 -[core 0 task order]-> 1; 1 -[subgraph dependency]-> 2; 2 -[subgraph dependency]-> 4; 4 -[subgraph dependency]-> 6; 6 -[subgraph dependency]-> 3; 3 -[subgraph dependency]-> 5; 5 -[subgraph dependency]-> 7; 7 -[subgraph dependency]-> 0,,mps,,,,,,ced71cb601f10a7668b55afa3fbcda2b02fe89c9dfdfbdff706b2ff45f77e23a,,,A,,,capacity,/Users/futaoran/Desktop/华为杯2026/华为杯_code/results/full_main_fast_20260924,,PROFILE_FAILED
140222208,root2:batch_10,0,0.0,0,A1_base,case_073,22773760,4,,4.988691000005929,mps,2202240,"{0: 2202240, 1: 2202240, 2: 2202240, 3: 1982016}",3903787,4041088,11164800,d343b7b924a6dfcffe523a971d04bccafb71eb41036e5cf336d84495b740f3a3,20516864,2.0203433340066113,A,144263296,"(2202240, 22773760, 20516864)",seed,/Users/futaoran/Desktop/华为杯2026/华为杯_code/results/full_main_fast_20260924,129057408,AI_VERIFIED
140222208,root2:batch_10,0,0.0,0,B1_base,case_073,22773760,4,,1.5086617919732817,mps,2202240,"{0: 2202240, 1: 2202240, 2: 2202240, 3: 1982016}",3903787,4041088,11164800,d343b7b924a6dfcffe523a971d04bccafb71eb41036e5cf336d84495b740f3a3,20516864,1.6238449579977896,B,144263296,"(2202240, 22773760, 20516864)",seed,/Users/futaoran/Desktop/华为杯2026/华为杯_code/results/full_main_fast_20260924,129057408,AI_VERIFIED
119213952,root2:batch_10,0,0.0,0,B3_base,case_073,23556352,4,,2.027613750018645,mps,2294592,"{0: 2259264, 1: 2294592, 2: 2113584, 3: 1921296}",7334161,4041088,11407232,e0aaef4465764b278880ccd8c3e7796e1a5d5a23e9186d28861d64f11e8b99dc,12412672,1.5180605409841519,B,123255040,"(2294592, 23556352, 12412672)",seed,/Users/futaoran/Desktop/华为杯2026/华为杯_code/results/full_main_fast_20260924,107806720,AI_VERIFIED
140222208,root2:batch_10,0,0.0,143836800,base_base,case_073,22773760,4,,1.9270146659982856,mps,2202240,"{0: 2202240, 1: 2202240, 2: 2202240, 3: 1982016}",3903787,4041088,11164800,d343b7b924a6dfcffe523a971d04bccafb71eb41036e5cf336d84495b740f3a3,20516864,1.463341249997029,C,144263296,"(2202240, 22773760, 20516864)",seed,/Users/futaoran/Desktop/华为杯2026/华为杯_code/results/full_main_fast_20260924,129057408,AI_VERIFIED
144406528,root2:batch_10,2108544,0.014246315183183589,145897728,base_move,case_073,19052160,4,,1.7767284169967752,mps,4184256,"{3: 4184256, 1: 2202240, 2: 2202240}",5746355,4041088,7443200,3eb84e28264f2529dc89f324e6eaceb36dece1a9d28d285f23109955968e4017,15536256,1.7051068750151899,C,148447616,"(4184256, 19052160, 15536256)",ordinary,/Users/futaoran/Desktop/华为杯2026/华为杯_code/results/full_main_fast_20260924,136963328,AI_VERIFIED
137389568,root2:batch_10,0,0.0,0,A2_base,case_073,45294336,5,,2.1802019589813426,mps,1719296,"{0: 1717008, 1: 1719280, 2: 1714864, 3: 1718288, 4: 1719296}",10202546,4041088,33629568,ce8ad9cd4e4c0caf94c590536fd1a273880da1040c24d4cebf8ed70bcf413657,19957120,1.1742758750042412,A,141430656,"(1719296, 45294336, 19957120)",seed,/Users/futaoran/Desktop/华为杯2026/华为杯_code/results/full_main_fast_20260924,103760000,AI_VERIFIED
,root2:batch_10,,,,A2_reorder,case_073,,5,task schedule: dependency cycle; 0 -[core 0 task order]-> 1; 1 -[subgraph dependency]-> 2; 2 -[subgraph dependency]-> 4; 4 -[subgraph dependency]-> 6; 6 -[subgraph dependency]-> 8; 8 -[subgraph dependency]-> 0,,mps,,,,,,ffd8a857937b037f042569d275c1d7b0a677ebf604baa9d2ddfd772752e756f9,,,A,,,capacity,/Users/futaoran/Desktop/华为杯2026/华为杯_code/results/full_main_fast_20260924,,PROFILE_FAILED
139772800,root2:batch_10,0,0.0,0,A1_base,case_073,26495360,5,,4.032876541983569,mps,1761792,"{0: 1761792, 1: 1761792, 2: 1761792, 3: 1761792, 4: 1541568}",3517515,4041088,14886400,6e4e90a62634897d62054a4a918846ae632b168967cd994a6a326fd7c6417821,23714176,1.5286704159807414,A,143813888,"(1761792, 26495360, 23714176)",seed,/Users/futaoran/Desktop/华为杯2026/华为杯_code/results/full_main_fast_20260924,124886400,AI_VERIFIED
139772800,root2:batch_10,0,0.0,0,B1_base,case_073,26495360,5,,1.7398305420065299,mps,1761792,"{0: 1761792, 1: 1761792, 2: 1761792, 3: 1761792, 4: 1541568}",3517515,4041088,14886400,6e4e90a62634897d62054a4a918846ae632b168967cd994a6a326fd7c6417821,23714176,1.4771489589766134,B,143813888,"(1761792, 26495360, 23714176)",seed,/Users/futaoran/Desktop/华为杯2026/华为杯_code/results/full_main_fast_20260924,124886400,AI_VERIFIED
107164160,root2:batch_10,0,0.0,0,B3_base,case_073,26889600,5,,2.3045133749837987,mps,1811488,"{0: 1548336, 1: 1811488, 2: 1724656, 3: 1702256, 4: 1802000}",7878964,4041088,14792704,b9fd68706f1a1bfa0b4a67cb7c25749bdabfbbcf98c0e8213dc9ff18985c44fe,15493632,1.7523267079959624,B,111205248,"(1811488, 26889600, 15493632)",seed,/Users/futaoran/Desktop/华为杯2026/华为杯_code/results/full_main_fast_20260924,92371456,AI_VERIFIED
139772800,root2:batch_10,0,0.0,143395584,base_base,case_073,26495360,5,,2.0607010000094306,mps,1761792,"{0: 1761792, 1: 1761792, 2: 1761792, 3: 1761792, 4: 1541568}",3517515,4041088,14886400,6e4e90a62634897d62054a4a918846ae632b168967cd994a6a326fd7c6417821,23714176,1.9909967500134371,C,143813888,"(1761792, 26495360, 23714176)",seed,/Users/futaoran/Desktop/华为杯2026/华为杯_code/results/full_main_fast_20260924,124886400,AI_VERIFIED
143957120,root2:batch_10,1618176,0.010965848174787397,145946880,base_move,case_073,22773760,5,,1.8852534579928033,mps,3303360,"{4: 3303360, 1: 1761792, 2: 1761792, 3: 1761792}",4938630,4041088,11164800,d73358bbadcc44cc529d2a7c7f27fd3f73b187f9a14e85d0150f2bb794b50d82,19129856,1.4655188749893568,C,147998208,"(3303360, 22773760, 19129856)",ordinary,/Users/futaoran/Desktop/华为杯2026/华为杯_code/results/full_main_fast_20260924,132792320,AI_VERIFIED
21233592,root2:batch_10,0,0.0,0,A0_base,case_090,4195200,1,,1.9790112919872627,mps,899808,{0: 899808},1178363,2228352,0,fae21d56ab30e6e7ea37114e5ecffa1668a002d9c00f435294e1953c6904b321,3630976,0.6281199580116663,A,23461944,"(899808, 4195200, 3630976)",seed,/Users/futaoran/Desktop/华为杯2026/华为杯_code/results/full_main_fast_20260924,21233592,AI_VERIFIED
15562608,root2:batch_10,0,0.0,0,A3_aggregate,case_090,4482240,1,,1.24607795898919,mps,899808,{0: 899808},1092362,2228352,199680,391c60f48eb146f11402a485c79caf4d0b10adce1d051378c850b5dc4c455bdd,1780600,0.4416209159826394,A,17790960,"(899808, 4482240, 1780600)",aggregate,/Users/futaoran/Desktop/华为杯2026/华为杯_code/results/full_main_fast_20260924,15362928,AI_VERIFIED
15781584,root2:batch_10,0,0.0,0,B2_base,case_090,4195200,1,,0.6130600839969702,mps,899808,{0: 899808},1090066,2228352,0,1c2d5dcd1a5eb5d749f4eea3a6011847c7db56e46672332e53d72af3ddcfc8ab,1780600,0.5593509589962196,B,18009936,"(899808, 4195200, 1780600)",seed,/Users/futaoran/Desktop/华为杯2026/华为杯_code/results/full_main_fast_20260924,15781584,AI_VERIFIED
19274664,root2:batch_10,0,0.0,0,B3_base,case_090,4195200,1,,0.6044417500088457,mps,899808,{0: 899808},1106855,2228352,0,e2157aeb1935d64f7792ad657d0e1206ef1da5c8956a9424f98ceb3bb429654a,2357032,0.5990752919751685,B,21503016,"(899808, 4195200, 2357032)",seed,/Users/futaoran/Desktop/华为杯2026/华为杯_code/results/full_main_fast_20260924,19274664,AI_VERIFIED
15781584,root2:batch_10,11035296,0.6168371741107721,6854832,base_base,case_090,4195200,1,,0.5291084999917075,mps,899808,{0: 899808},998222,2228352,0,1c2d5dcd1a5eb5d749f4eea3a6011847c7db56e46672332e53d72af3ddcfc8ab,1780600,0.6754389590059873,C,18009936,"(899808, 4195200, 1780600)",seed,/Users/futaoran/Desktop/华为杯2026/华为杯_code/results/full_main_fast_20260924,15781584,AI_VERIFIED
21233592,root2:batch_10,0,0.0,23365560,base_aggregate,case_090,4195200,1,,0.5465316670015454,mps,899808,{0: 899808},1178363,2228352,0,fae21d56ab30e6e7ea37114e5ecffa1668a002d9c00f435294e1953c6904b321,3630976,0.36063349997857586,C,23461944,"(899808, 4195200, 3630976)",aggregate,/Users/futaoran/Desktop/华为杯2026/华为杯_code/results/full_main_fast_20260924,21233592,AI_VERIFIED
21409848,root2:batch_10,0,0.0,0,A2_base,case_090,10694208,2,,0.5851526250189636,mps,450840,"{0: 450840, 1: 448968}",1194520,2228352,6482304,55297d1f10c19fb34b4379f6562734829ac09f94792bd6e2eaaaa15614a8ba4c,4265984,0.39145112500409596,A,23638200,"(450840, 10694208, 4265984)",seed,/Users/futaoran/Desktop/华为杯2026/华为杯_code/results/full_main_fast_20260924,14927544,AI_VERIFIED
,root2:batch_10,,,,A2_reorder,case_090,,2,task schedule: dependency cycle; 0 -[core 0 task order]-> 1; 1 -[subgraph dependency]-> 2; 2 -[subgraph dependency]-> 3; 3 -[subgraph dependency]-> 0,,mps,,,,,,76696feb82a5c7b19fd71ed8adee8980a6e9e70b9296b29f3aef961860414198,,,A,,,capacity,/Users/futaoran/Desktop/华为杯2026/华为杯_code/results/full_main_fast_20260924,,PROFILE_FAILED
,root2:batch_10,,,,A3_reorder,case_090,,2,task schedule: dependency cycle; 0 -[core 0 task order]-> 1; 1 -[subgraph dependency]-> 4; 4 -[subgraph dependency]-> 5; 5 -[subgraph dependency]-> 0,,mps,,,,,,0a13330d68af215ff91edaae5c43e924a1c34f42f785ff9de578d67642909176,,,A,,,capacity,/Users/futaoran/Desktop/华为杯2026/华为杯_code/results/full_main_fast_20260924,,PROFILE_FAILED
11700096,root2:batch_10,0,0.0,0,A3_base,case_090,4761792,2,,0.6328842499933671,mps,455910,"{0: 455910, 1: 443898}",1100156,2228352,424320,9cc08cbfb29a677785041769a878cc4178e5da4bdd9b01f0b634217ccdccea22,863360,0.33427633400424384,A,13928448,"(455910, 4761792, 863360)",seed,/Users/futaoran/Desktop/华为杯2026/华为杯_code/results/full_main_fast_20260924,11275776,AI_VERIFIED
21941208,root2:batch_10,0,0.0,0,B3_base,case_090,6549000,2,,0.5395394579973072,mps,456498,"{0: 456498, 1: 443310}",836229,2228352,2321736,b256ffee69899e865b18754b788a4a02e99c813e00424b2e718b707340464d89,3732488,0.5356573330063839,B,24169560,"(456498, 6549000, 3732488)",seed,/Users/futaoran/Desktop/华为杯2026/华为杯_code/results/full_main_fast_20260924,19619472,AI_VERIFIED
14905728,root2:batch_10,0,0.0,0,B2_base,case_090,4295040,2,,0.5914535410120152,mps,462072,"{0: 462072, 1: 437736}",1080506,2228352,79872,487718ab4907e64a5161688ff67918943b3a5c7d8b112a1f9da8ff0d60b72b47,1334408,0.3042750829772558,B,17134080,"(462072, 4295040, 1334408)",seed,/Users/futaoran/Desktop/华为杯2026/华为杯_code/results/full_main_fast_20260924,14825856,AI_VERIFIED
21941208,root2:batch_10,7548528,0.31509642077507294,16407720,base_base,case_090,6549000,2,,0.5774385420081671,mps,456498,"{0: 456498, 1: 443310}",766154,2228352,2321736,b256ffee69899e865b18754b788a4a02e99c813e00424b2e718b707340464d89,3732488,0.5972502499935217,C,24169560,"(456498, 6549000, 3732488)",seed,/Users/futaoran/Desktop/华为杯2026/华为杯_code/results/full_main_fast_20260924,19619472,AI_VERIFIED
21959616,root2:batch_10,0,0.0,0,A2_base,case_090,15024000,3,,0.5283340839960147,mps,301488,"{0: 301488, 1: 299856, 2: 298464}",1156420,2228352,10802688,41cd29af708aaaec04bb0ff0fa24e563761be4f518e776480f643968a288b2eb,5895552,0.5129703329876065,A,24187968,"(301488, 15024000, 5895552)",seed,/Users/futaoran/Desktop/华为杯2026/华为杯_code/results/full_main_fast_20260924,11156928,AI_VERIFIED
,root2:batch_10,,,,A2_reorder,case_090,,3,task schedule: dependency cycle; 0 -[core 0 task order]-> 1; 1 -[subgraph dependency]-> 2; 2 -[subgraph dependency]-> 4; 4 -[subgraph dependency]-> 5; 5 -[subgraph dependency]-> 3; 3 -[subgraph dependency]-> 0,,mps,,,,,,93465ea769dd4b88a8c645127de1d519af383e544e2c804634a9de2aaa3ee70b,,,A,,,capacity,/Users/futaoran/Desktop/华为杯2026/华为杯_code/results/full_main_fast_20260924,,PROFILE_FAILED
5735760,root2:batch_10,0,0.0,0,A3_base,case_090,5301456,3,,0.6103734159842134,mps,315018,"{0: 315018, 1: 283074, 2: 301716}",1003439,2228352,893520,d81e2a39768828c9d19220cad21c6237758eaab62c30d4882410d3e027295eaf,323712,0.6289824170235079,A,7964112,"(315018, 5301456, 323712)",seed,/Users/futaoran/Desktop/华为杯2026/华为杯_code/results/full_main_fast_20260924,4842240,AI_VERIFIED
20499936,root2:batch_10,0,0.0,0,B3_base,case_090,9008088,3,,0.886926457984373,mps,304464,"{0: 303672, 1: 291672, 2: 304464}",761694,2228352,4719384,7de16be8cd293c6ef3661bde7bce604211dca7c4f22215c955a0d43e00675ac3,5395224,0.36159008301910944,B,22728288,"(304464, 9008088, 5395224)",seed,/Users/futaoran/Desktop/华为杯2026/华为杯_code/results/full_main_fast_20260924,15780552,AI_VERIFIED
13212480,root2:batch_10,0,0.0,0,B2_base,case_090,4549440,3,,0.4889927920012269,mps,314832,"{0: 314832, 1: 285708, 2: 299268}",1061818,2228352,272832,c40d45b2980a02c6d2c9afcad984c9996cf6c8afbdc724b5ceb29f2c43e8a572,1255560,0.5009392089850735,B,15440832,"(314832, 4549440, 1255560)",seed,/Users/futaoran/Desktop/华为杯2026/华为杯_code/results/full_main_fast_20260924,12939648,AI_VERIFIED
20499936,root2:batch_10,6292752,0.280556494793294,16136784,base_base,case_090,9008088,3,,0.6994748750003055,mps,304464,"{0: 303672, 1: 291672, 2: 304464}",706360,2228352,4719384,7de16be8cd293c6ef3661bde7bce604211dca7c4f22215c955a0d43e00675ac3,5395224,0.410989875002997,C,22728288,"(304464, 9008088, 5395224)",seed,/Users/futaoran/Desktop/华为杯2026/华为杯_code/results/full_main_fast_20260924,15780552,AI_VERIFIED
3265536,root2:batch_10,0,0.0,0,A3_base,case_090,5383296,4,,0.5131326670234557,mps,258726,"{0: 258726, 1: 207246, 2: 212316, 3: 221520}",967885,2228352,938496,fc8cc37d584142ba296f4ec38612867f29870390a252f2ebb382f150b90dd42e,81280,0.48140954101108946,A,5493888,"(258726, 5383296, 81280)",seed,/Users/futaoran/Desktop/华为杯2026/华为杯_code/results/full_main_fast_20260924,2327040,AI_VERIFIED
,root2:batch_10,,,,A3_reorder,case_090,,4,task schedule: dependency cycle; 0 -[core 0 task order]-> 1; 1 -[subgraph dependency]-> 4; 4 -[subgraph dependency]-> 8; 8 -[subgraph dependency]-> 12; 12 -[subgraph dependency]-> 5; 5 -[subgraph dependency]-> 9; 9 -[subgraph dependency]-> 13; 13 -[subgraph dependency]-> 0,,mps,,,,,,7f7bd20a974f3e12f9259c5b1de142d7d58a23137effa444df22aaffca11d461,,,A,,,capacity,/Users/futaoran/Desktop/华为杯2026/华为杯_code/results/full_main_fast_20260924,,PROFILE_FAILED
21392136,root2:batch_10,0,0.0,0,A1_base,case_090,10640640,4,,0.855048416997306,mps,276864,"{0: 276864, 1: 207648, 2: 207648, 3: 207648}",608275,2228352,6445440,20048dbc9412d92c292be34e631b205e26c8d987439617ba98ff02406da93c0b,8503552,0.41352224998991005,A,23620488,"(276864, 10640640, 8503552)",seed,/Users/futaoran/Desktop/华为杯2026/华为杯_code/results/full_main_fast_20260924,14946696,AI_VERIFIED
11586048,root2:batch_10,0,0.0,0,B2_base,case_090,4577088,4,,0.5418528750014957,mps,233376,"{0: 228696, 1: 233376, 2: 210522, 3: 227214}",983846,2228352,299520,a1ba03311b4066046a03f31d94bb25d82f77e294e037498392eba2c7b92a69db,921960,0.4425772090035025,B,13814400,"(233376, 4577088, 921960)",seed,/Users/futaoran/Desktop/华为杯2026/华为杯_code/results/full_main_fast_20260924,11286528,AI_VERIFIED
19028400,root2:batch_10,0,0.0,0,B3_base,case_090,11218920,4,,0.6302592499996535,mps,233382,"{0: 233382, 1: 221064, 2: 224844, 3: 220518}",731084,2228352,6941160,fbe895be42694ce2d47fb218423283a8655106136790ecdf26f98ec205587c47,6729112,0.5012456249969546,B,21256752,"(233382, 11218920, 6729112)",seed,/Users/futaoran/Desktop/华为杯2026/华为杯_code/results/full_main_fast_20260924,12087240,AI_VERIFIED
19028400,root2:batch_10,7630200,0.3643012817721594,13314552,base_base,case_090,11218920,4,,0.6331936669885181,mps,233382,"{0: 233382, 1: 221064, 2: 224844, 3: 220518}",674035,2228352,6941160,fbe895be42694ce2d47fb218423283a8655106136790ecdf26f98ec205587c47,6729112,0.49126050001359545,C,21256752,"(233382, 11218920, 6729112)",seed,/Users/futaoran/Desktop/华为杯2026/华为杯_code/results/full_main_fast_20260924,12087240,AI_VERIFIED
,root2:batch_10,,,,base_timing_tid_1000000059_group_1,case_090,,4,"global execution (core, op): dependency cycle; (0, 1000002247) -[cross-core COPY]-> (2, 1000002248); (2, 1000002248) -[local data/memory dependency]-> (2, 172); (2, 172) -[local data/memory dependency]-> (2, 174); (2, 174) -[local data/memory dependency]-> (2, 175); (2, 175) -[local data/memory dependency]-> (2, 176); (2, 176) -[local data/memory dependency]-> (2, 177); (2, 177) -[local data/memory dependency]-> (2, 178); (2, 178) -[local data/memory dependency]-> (2, 1000002253); (2, 1000002253) -[PIPE_MTE3 FIFO]-> (2, 1000002311); (2, 1000002311) -[PIPE_MTE3 FIFO]-> (2, 1000002366); (2, 1000002366) -[PIPE_MTE3 FIFO]-> (2, 1000002421); (2, 1000002421) -[PIPE_MTE3 FIFO]-> (2, 1000002473); (2, 1000002473) -[PIPE_MTE3 FIFO]-> (2, 1000002522); (2, 1000002522) -[PIPE_MTE3 FIFO]-> (2, 1000002622); (2, 1000002622) -[PIPE_MTE3 FIFO]-> (2, 1000002547); (2, 1000002547) -[PIPE_MTE3 FIFO]-> (2, 1000002572); ... (106 edges total)",,mps,,,,,,0280b902fedcab31fd62dc4ecdbdde490381d111b4520b7b2f36c454b950fcd8,,0.453300749999471,C,,,timing,/Users/futaoran/Desktop/华为杯2026/华为杯_code/results/full_main_fast_20260924,,EVALUATION_FAILED
1408752,root2:batch_10,0,0.0,0,A3_base,case_090,5809200,5,,0.7400966249988414,mps,200076,"{0: 200076, 1: 181104, 2: 177402, 3: 155400, 4: 185826}",936751,2228352,1408752,4dfd3f45ff4af25950d9c160412f0324031b9f72e0d1957963150bc3e024cd47,0,0.511713082989445,A,3637104,"(200076, 5809200, 0)",seed,/Users/futaoran/Desktop/华为杯2026/华为杯_code/results/full_main_fast_20260924,0,AI_VERIFIED
,root2:batch_10,,,,A3_reorder,case_090,,5,task schedule: dependency cycle; 0 -[core 0 task order]-> 1; 1 -[subgraph dependency]-> 4; 4 -[subgraph dependency]-> 8; 8 -[subgraph dependency]-> 12; 12 -[subgraph dependency]-> 16; 16 -[subgraph dependency]-> 13; 13 -[subgraph dependency]-> 9; 9 -[subgraph dependency]-> 5; 5 -[subgraph dependency]-> 17; 17 -[subgraph dependency]-> 0,,mps,,,,,,7266c060c40682668b6a0a3fa898080ac451c7026e1091af5d49f0981bccc541,,,A,,,capacity,/Users/futaoran/Desktop/华为杯2026/华为杯_code/results/full_main_fast_20260924,,PROFILE_FAILED
,root2:batch_10,,,,A3_move,case_090,,5,task schedule: dependency cycle; 14 -[core 3 task order]-> 15; 15 -[subgraph dependency]-> 3; 3 -[subgraph dependency]-> 7; 7 -[subgraph dependency]-> 11; 11 -[subgraph dependency]-> 14,,mps,,,,,,368aae6167974ad5b2ef40c6f32abb4cd43a34cea4724190f98445bff8c9d4c9,,,A,,,ordinary,/Users/futaoran/Desktop/华为杯2026/华为杯_code/results/full_main_fast_20260924,,PROFILE_FAILED
21724704,root2:batch_10,0,0.0,0,A1_base,case_090,12789120,5,,1.0785152500029653,mps,213152,"{0: 207648, 1: 207648, 2: 207648, 3: 138432, 4: 138432}",542638,2228352,8593920,00f16c79813b0e93a13e06aa0ba44c5d2ae2075e40f48a0412980835c28da911,10127744,0.41537554198293947,A,23953056,"(213152, 12789120, 10127744)",seed,/Users/futaoran/Desktop/华为杯2026/华为杯_code/results/full_main_fast_20260924,13130784,AI_VERIFIED
7911504,root2:batch_10,0,0.0,0,B2_base,case_090,4713552,5,,0.5562616249953862,mps,202032,"{0: 202032, 1: 178350, 2: 179868, 3: 176688, 4: 162870}",842998,2228352,451920,cc4db568a32141a78dfdf518fa9db0f36fb522c8fc40519ff12713e265ccfb3b,517800,0.5337196250038687,B,10139856,"(202032, 4713552, 517800)",seed,/Users/futaoran/Desktop/华为杯2026/华为杯_code/results/full_main_fast_20260924,7459584,AI_VERIFIED
21724704,root2:batch_10,0,0.0,0,B1_base,case_090,12789120,5,,0.46960370798478834,mps,213152,"{0: 207648, 1: 207648, 2: 207648, 3: 138432, 4: 138432}",542638,2228352,8593920,00f16c79813b0e93a13e06aa0ba44c5d2ae2075e40f48a0412980835c28da911,10127744,0.4028292080038227,B,23953056,"(213152, 12789120, 10127744)",seed,/Users/futaoran/Desktop/华为杯2026/华为杯_code/results/full_main_fast_20260924,13130784,AI_VERIFIED
21724704,root2:batch_10,1946808,0.08141171039161765,21966312,base_base,case_090,12789120,5,,0.6344870830071159,mps,213152,"{0: 207648, 1: 207648, 2: 207648, 3: 138432, 4: 138432}",509924,2228352,8593920,00f16c79813b0e93a13e06aa0ba44c5d2ae2075e40f48a0412980835c28da911,10127744,0.5119169999961741,C,23953056,"(213152, 12789120, 10127744)",seed,/Users/futaoran/Desktop/华为杯2026/华为杯_code/results/full_main_fast_20260924,13130784,AI_VERIFIED
23401896,root2:batch_10,6402528,0.2503587318956529,19170888,base_move,case_090,10640640,5,,0.5165532079990953,mps,346080,"{3: 346080, 1: 207648, 2: 207648, 4: 138432}",550655,2228352,6445440,d33b7c8d466821fb5c789d66149ac620f5313dda0aca50cbf93bec31ee8216e6,8194816,0.4691208329750225,C,25630248,"(346080, 10640640, 8194816)",ordinary,/Users/futaoran/Desktop/华为杯2026/华为杯_code/results/full_main_fast_20260924,16956456,AI_VERIFIED
0,root2:batch_10,0,0.0,0,A0_base,case_094,2528768,1,,0.3712165410106536,mps,107560,{0: 107560},94892,526692,0,fec53fa67b233cd098d9c8d11f7b25c2fff95ead9c1d1f299a68ab67170cfc53,1818044,0.1493888330005575,A,526692,"(107560, 2528768, 1818044)",seed,/Users/futaoran/Desktop/华为杯2026/华为杯_code/results/full_main_fast_20260924,0,AI_VERIFIED
51200,root2:batch_10,0,0.0,0,A2_base,case_094,2579968,1,,0.24756104199332185,mps,107560,{0: 107560},92786,526692,51200,cbb2106e79653046b03e988ab722d9c59324510ed722d34885272a22451db98e,892254,0.11699520799447782,A,577892,"(107560, 2579968, 892254)",seed,/Users/futaoran/Desktop/华为杯2026/华为杯_code/results/full_main_fast_20260924,0,AI_VERIFIED
337920,root2:batch_10,0,0.0,0,B3_base,case_094,2528768,1,,0.1966863330162596,mps,107560,{0: 107560},94377,526692,0,91592b8a6d803043ded5632c93bbc7a90bbda1dea2058c7a1aa0bbdbe3e640be,628736,0.16077108299941756,B,864612,"(107560, 2528768, 628736)",seed,/Users/futaoran/Desktop/华为杯2026/华为杯_code/results/full_main_fast_20260924,337920,AI_VERIFIED
313344,root2:batch_10,0,0.0,0,B3_aggregate,case_094,2528768,1,,0.1465891670086421,mps,107560,{0: 107560},92511,526692,0,1cc88b2d366b5fa5c63e9f7d53d58ab3c8ff3b72f208ec2b5d8c3611c7f3130c,968192,0.22226937502273358,B,840036,"(107560, 2528768, 968192)",aggregate,/Users/futaoran/Desktop/华为杯2026/华为杯_code/results/full_main_fast_20260924,313344,AI_VERIFIED
313344,root2:batch_10,28672,0.04463707467742739,613664,base_base,case_094,2528768,1,,0.16479808400617912,mps,107560,{0: 107560},92511,526692,0,1cc88b2d366b5fa5c63e9f7d53d58ab3c8ff3b72f208ec2b5d8c3611c7f3130c,968192,0.2025879170105327,C,840036,"(107560, 2528768, 968192)",seed,/Users/futaoran/Desktop/华为杯2026/华为杯_code/results/full_main_fast_20260924,313344,AI_VERIFIED
0,root2:batch_10,0,0.0,471328,base_aggregate,case_094,2528768,1,,0.2143197080004029,mps,107560,{0: 107560},94811,526692,0,af0d1f03729ba41344fb77398dab0e188b55ff2aa478c50b03a6ef88c8fc9df5,1557504,0.22762862499803305,C,526692,"(107560, 2528768, 1557504)",aggregate,/Users/futaoran/Desktop/华为杯2026/华为杯_code/results/full_main_fast_20260924,0,AI_VERIFIED
106272,root2:batch_10,0,0.0,0,A1_base,case_094,2635040,2,,0.32018166600028053,mps,54056,"{0: 54056, 1: 53504}",48073,526692,106272,d510162a2f0433cd64bf96327375da6590ecd7767d269fa90b95644dce80523e,1268956,0.1062814999895636,A,632964,"(54056, 2635040, 1268956)",seed,/Users/futaoran/Desktop/华为杯2026/华为杯_code/results/full_main_fast_20260924,0,AI_VERIFIED
67584,root2:batch_10,0,0.0,0,A2_aggregate,case_094,2608640,2,,0.13487174999318086,mps,56813,"{0: 56813, 1: 50747}",93642,526692,67584,1a12492958825b3728783ead4df24e1c5314a8888b297119d6bf3e3e23857d15,1120056,0.11961162500665523,A,594276,"(56813, 2608640, 1120056)",aggregate,/Users/futaoran/Desktop/华为杯2026/华为杯_code/results/full_main_fast_20260924,0,AI_VERIFIED
106272,root2:batch_10,0,0.0,0,B1_base,case_094,2635040,2,,0.11677962500834838,mps,54056,"{0: 54056, 1: 53504}",48073,526692,106272,d510162a2f0433cd64bf96327375da6590ecd7767d269fa90b95644dce80523e,1268956,0.13837258401326835,B,632964,"(54056, 2635040, 1268956)",seed,/Users/futaoran/Desktop/华为杯2026/华为杯_code/results/full_main_fast_20260924,0,AI_VERIFIED
1044528,root2:batch_10,0,0.0,0,B3_base,case_094,3266096,2,,0.20848079200368375,mps,56544,"{0: 51016, 1: 56544}",65323,526692,716848,85cc1debc7c309eb722b5a216bcae90d88720c9b1685926006e654d389dd7ce4,374016,0.20632183400448412,B,1571220,"(56544, 3266096, 374016)",seed,/Users/futaoran/Desktop/华为杯2026/华为杯_code/results/full_main_fast_20260924,327680,AI_VERIFIED
106272,root2:batch_10,37152,0.0643213296398892,540448,base_base,case_094,2635040,2,,0.19037850000313483,mps,54056,"{0: 54056, 1: 53504}",48073,526692,106272,d510162a2f0433cd64bf96327375da6590ecd7767d269fa90b95644dce80523e,1268956,0.20184383299783804,C,632964,"(54056, 2635040, 1268956)",seed,/Users/futaoran/Desktop/华为杯2026/华为杯_code/results/full_main_fast_20260924,0,AI_VERIFIED
0,root2:batch_10,0,0.0,471328,base_aggregate_tid_9,case_094,2528768,2,,0.21326870800112374,mps,107560,{0: 107560},94388,526692,0,e07cd40587ec61e3b314e8bb9fc3ee65e47a4c160e4095bbafcf9ae8d4e99145,663216,0.12339479100774042,C,526692,"(107560, 2528768, 663216)",aggregate,/Users/futaoran/Desktop/华为杯2026/华为杯_code/results/full_main_fast_20260924,0,AI_VERIFIED
212544,root2:batch_10,0,0.0,0,A1_base,case_094,2741312,3,,0.260304791998351,mps,45689,"{0: 35609, 1: 35944, 2: 36007}",32222,526692,212544,446e41bcd89140284e925cec45ecb7a6c22f073b8166060d6f55408c96528ddc,993948,0.11726620799163356,A,739236,"(45689, 2741312, 993948)",seed,/Users/futaoran/Desktop/华为杯2026/华为杯_code/results/full_main_fast_20260924,0,AI_VERIFIED
211236,root2:batch_10,0,0.0,0,A2_base,case_094,2740004,3,,0.1753726250026375,mps,47105,"{0: 47105, 1: 35219, 2: 25236}",98994,526692,211236,e95acf2eaf3a3169d742e19924c6ba1416367c292103dcf781df3dce07c00f8e,696470,0.16099308300181292,A,737928,"(47105, 2740004, 696470)",seed,/Users/futaoran/Desktop/华为杯2026/华为杯_code/results/full_main_fast_20260924,0,AI_VERIFIED
212544,root2:batch_10,0,0.0,0,B1_base,case_094,2741312,3,,0.1314441669965163,mps,45689,"{0: 35609, 1: 35944, 2: 36007}",32222,526692,212544,446e41bcd89140284e925cec45ecb7a6c22f073b8166060d6f55408c96528ddc,993948,0.17107291700085625,B,739236,"(45689, 2741312, 993948)",seed,/Users/futaoran/Desktop/华为杯2026/华为杯_code/results/full_main_fast_20260924,0,AI_VERIFIED
1615828,root2:batch_10,0,0.0,0,B2_base,case_094,4162004,3,,0.206622416008031,mps,69367,"{0: 26352, 1: 47904, 2: 33304}",65102,526692,1489876,bd73fc00bb81fd748cd0d3a0937945f432c1860170c0984adb19c6fc95805380,851744,0.252170332998503,B,2142520,"(69367, 4162004, 851744)",seed,/Users/futaoran/Desktop/华为杯2026/华为杯_code/results/full_main_fast_20260924,125952,AI_VERIFIED
212544,root2:batch_10,212544,0.310795002573581,471328,base_base,case_094,2741312,3,,0.11239658299018629,mps,45689,"{0: 35609, 1: 35944, 2: 36007}",32222,526692,212544,446e41bcd89140284e925cec45ecb7a6c22f073b8166060d6f55408c96528ddc,993948,0.1479363749967888,C,739236,"(45689, 2741312, 993948)",seed,/Users/futaoran/Desktop/华为杯2026/华为杯_code/results/full_main_fast_20260924,0,AI_VERIFIED
106272,root2:batch_10,106272,0.18398891966759004,471328,base_move,case_094,2635040,3,,0.13464483298594132,mps,71616,"{0: 71616, 1: 35944}",62692,526692,106272,2b80e4f1442c667c8bc662b3eb8ec1ee34e4b6b6c499c005af03437265383af1,730600,0.15672749999794178,C,632964,"(71616, 2635040, 730600)",ordinary,/Users/futaoran/Desktop/华为杯2026/华为杯_code/results/full_main_fast_20260924,0,AI_VERIFIED
318528,root2:batch_10,0,0.0,0,A1_base,case_094,2847296,4,,0.27870204200735316,mps,47455,"{0: 26746, 1: 26697, 2: 26820, 3: 27297}",24640,526692,318528,67b794d85cf5847266a338a591e4a7be4b82dc99132f5488634ba05aa3db5674,862876,0.2762498749943916,A,845220,"(47455, 2847296, 862876)",seed,/Users/futaoran/Desktop/华为杯2026/华为杯_code/results/full_main_fast_20260924,0,AI_VERIFIED
304832,root2:batch_10,0,0.0,0,A2_base,case_094,2870464,4,,0.18418912502238527,mps,47842,"{0: 33889, 1: 22924, 2: 24756, 3: 25991}",92735,526692,304832,13e8d6a8731cb7a78ae7126c7fea6f02e35705384e4302b8724bcb55a40ad7cb,369748,0.09139583300566301,A,831524,"(47842, 2870464, 369748)",seed,/Users/futaoran/Desktop/华为杯2026/华为杯_code/results/full_main_fast_20260924,0,AI_VERIFIED
318528,root2:batch_10,0,0.0,0,B1_base,case_094,2847296,4,,0.1411931249895133,mps,47455,"{0: 26746, 1: 26697, 2: 26820, 3: 27297}",24640,526692,318528,67b794d85cf5847266a338a591e4a7be4b82dc99132f5488634ba05aa3db5674,862876,0.07948374998522922,B,845220,"(47455, 2847296, 862876)",seed,/Users/futaoran/Desktop/华为杯2026/华为杯_code/results/full_main_fast_20260924,0,AI_VERIFIED
212544,root2:batch_10,0,0.0,0,B1_move,case_094,2741312,4,,0.14048495798488148,mps,53994,"{0: 26746, 1: 53994, 2: 26820}",48651,526692,212544,39883909b9b7db36f7ea7a889de91509906aaebc920ac76dfc697754ebc9ad8a,618048,0.22996883300947957,B,739236,"(53994, 2741312, 618048)",ordinary,/Users/futaoran/Desktop/华为杯2026/华为杯_code/results/full_main_fast_20260924,0,AI_VERIFIED
318528,root2:batch_10,304704,0.38577158368107606,485152,base_base,case_094,2847296,4,,0.19692462499369867,mps,47455,"{0: 26746, 1: 26697, 2: 26820, 3: 27297}",24640,526692,318528,67b794d85cf5847266a338a591e4a7be4b82dc99132f5488634ba05aa3db5674,862876,0.11816024998552166,C,845220,"(47455, 2847296, 862876)",seed,/Users/futaoran/Desktop/华为杯2026/华为杯_code/results/full_main_fast_20260924,0,AI_VERIFIED
212544,root2:batch_10,198720,0.2905806934631042,485152,base_move,case_094,2741312,4,,0.23102537501836196,mps,53994,"{0: 26746, 1: 53994, 2: 26820}",48538,526692,212544,39883909b9b7db36f7ea7a889de91509906aaebc920ac76dfc697754ebc9ad8a,618048,0.12819166699773632,C,739236,"(53994, 2741312, 618048)",ordinary,/Users/futaoran/Desktop/华为杯2026/华为杯_code/results/full_main_fast_20260924,0,AI_VERIFIED
337664,root2:batch_10,0,0.0,0,A2_base,case_094,2903296,5,,0.16820608300622553,mps,48389,"{0: 27071, 1: 27356, 2: 15307, 3: 18736, 4: 19090}",103971,526692,337664,dbf7a2b4572ae0ff66080d552d91d7056512f37d730caa8aea0405d59c1dcf7f,365748,0.1269788749923464,A,864356,"(48389, 2903296, 365748)",seed,/Users/futaoran/Desktop/华为杯2026/华为杯_code/results/full_main_fast_20260924,0,AI_VERIFIED
,root2:batch_10,,,,A2_reorder,case_094,,5,task schedule: dependency cycle; 2 -[core 2 task order]-> 3; 3 -[subgraph dependency]-> 4; 4 -[subgraph dependency]-> 7; 7 -[subgraph dependency]-> 5; 5 -[subgraph dependency]-> 2,,mps,,,,,,05850e7c3bff72bba31b25f6db235241d3fffb34380e2ce91fd17bb38c1ad708,,,A,,,capacity,/Users/futaoran/Desktop/华为杯2026/华为杯_code/results/full_main_fast_20260924,,PROFILE_FAILED
424800,root2:batch_10,0,0.0,0,A1_move,case_094,2953568,5,,0.21580816700588912,mps,49227,"{1: 43019, 2: 21181, 3: 21489, 4: 21871}",33422,526692,424800,0d670dc58aa2ada6d659a20f84967df9a3104220f7da932dca02ff25ec688d63,501012,0.18783633300336078,A,951492,"(49227, 2953568, 501012)",ordinary,/Users/futaoran/Desktop/华为杯2026/华为杯_code/results/full_main_fast_20260924,0,AI_VERIFIED
318528,root2:batch_10,0,0.0,0,B1_move,case_094,2847296,5,,0.1973585420055315,mps,47455,"{1: 43019, 2: 21181, 3: 21489, 4: 21871}",34874,526692,318528,0d670dc58aa2ada6d659a20f84967df9a3104220f7da932dca02ff25ec688d63,501012,0.10832991701317951,B,845220,"(47455, 2847296, 501012)",ordinary,/Users/futaoran/Desktop/华为杯2026/华为杯_code/results/full_main_fast_20260924,0,AI_VERIFIED
424800,root2:batch_10,0,0.0,0,B1_base,case_094,2953568,5,,0.13723679198301397,mps,49227,"{0: 21871, 1: 21148, 2: 21181, 3: 21489, 4: 21871}",21573,526692,424800,399bda63bec720baf2d555e823ecef1dd72f0aab94fc73bbc9e1315e370610c0,895338,0.12947975000133738,B,951492,"(49227, 2953568, 895338)",seed,/Users/futaoran/Desktop/华为杯2026/华为杯_code/results/full_main_fast_20260924,0,AI_VERIFIED
424800,root2:batch_10,274272,0.30606341951149835,621856,base_base,case_094,2953568,5,,0.12338820798322558,mps,49227,"{0: 21871, 1: 21148, 2: 21181, 3: 21489, 4: 21871}",20380,526692,424800,399bda63bec720baf2d555e823ecef1dd72f0aab94fc73bbc9e1315e370610c0,895338,0.15717533399583772,C,951492,"(49227, 2953568, 895338)",seed,/Users/futaoran/Desktop/华为杯2026/华为杯_code/results/full_main_fast_20260924,0,AI_VERIFIED
318528,root2:batch_10,163104,0.20649839970830125,626752,base_move,case_094,2847296,5,,0.2303428330051247,mps,47455,"{1: 43019, 2: 21181, 3: 21489, 4: 21871}",33134,526692,318528,0d670dc58aa2ada6d659a20f84967df9a3104220f7da932dca02ff25ec688d63,501012,0.12276399999973364,C,845220,"(47455, 2847296, 501012)",ordinary,/Users/futaoran/Desktop/华为杯2026/华为杯_code/results/full_main_fast_20260924,0,AI_VERIFIED
0,root2:batch_10,0,0.0,0,A0_base,case_098,7591018,1,,0.8691171660029795,mps,179997,{0: 179997},177430,697994,0,93aa07f00319a5d055e75e67c2a14c484f4564899a92c147a2fd34a3b03bb637,6935576,0.3565705000073649,A,697994,"(179997, 7591018, 6935576)",seed,/Users/futaoran/Desktop/华为杯2026/华为杯_code/results/full_main_fast_20260924,0,AI_VERIFIED
8,root2:batch_10,0,0.0,0,A2_base,case_098,7591026,1,,0.504020499996841,mps,179997,{0: 179997},177600,697994,8,e74af0d41bd6d19eaba740472fba52d394bfa56448ca4791284b8cc42b12881d,5013970,0.36509279199526645,A,698002,"(179997, 7591026, 5013970)",seed,/Users/futaoran/Desktop/华为杯2026/华为杯_code/results/full_main_fast_20260924,0,AI_VERIFIED
385068,root2:batch_10,0,0.0,0,B3_aggregate,case_098,7591018,1,,0.4460837919905316,mps,179997,{0: 179997},174782,697994,0,e58346471a91d0da03a38e2443805e4ffcc8b8752e865ee87d662687767bf4b9,3637490,0.3193907079985365,B,1083062,"(179997, 7591018, 3637490)",aggregate,/Users/futaoran/Desktop/华为杯2026/华为杯_code/results/full_main_fast_20260924,385068,AI_VERIFIED
364588,root2:batch_10,0,0.0,0,B3_base,case_098,7591018,1,,0.40508320898516104,mps,179997,{0: 179997},176752,697994,0,01498e4de913bae63683d1c897e87e646bed0d6715a1d28cb315c7ea1642df27,3637490,0.37776979099726304,B,1062582,"(179997, 7591018, 3637490)",seed,/Users/futaoran/Desktop/华为杯2026/华为杯_code/results/full_main_fast_20260924,364588,AI_VERIFIED
385068,root2:batch_10,24576,0.02722396630679691,878158,base_base,case_098,7591018,1,,0.3729378750140313,mps,179997,{0: 179997},174782,697994,0,e58346471a91d0da03a38e2443805e4ffcc8b8752e865ee87d662687767bf4b9,3637490,0.3553615830023773,C,1083062,"(179997, 7591018, 3637490)",seed,/Users/futaoran/Desktop/华为杯2026/华为杯_code/results/full_main_fast_20260924,385068,AI_VERIFIED
0,root2:batch_10,0,0.0,697912,base_aggregate,case_098,7591018,1,,0.3508476669958327,mps,179997,{0: 179997},177443,697994,0,c10816115a4bddce67b84ea4fb0aa76444738dfd8aa11efc329fac1811253b86,3637490,0.39147487498121336,C,697994,"(179997, 7591018, 3637490)",aggregate,/Users/futaoran/Desktop/华为杯2026/华为杯_code/results/full_main_fast_20260924,0,AI_VERIFIED
0,root2:batch_10,0,0.0,0,A1_base,case_098,7591018,2,,0.818440750008449,mps,126517,"{0: 89931, 1: 90066}",90360,697994,0,cb29c552927c7bd3acf726a3ddd3b3384c43f4da160ecf2f17f412354ecbcf09,6701080,0.47561445902101696,A,697994,"(126517, 7591018, 6701080)",seed,/Users/futaoran/Desktop/华为杯2026/华为杯_code/results/full_main_fast_20260924,0,AI_VERIFIED
151584,root2:batch_10,0,0.0,0,A2_aggregate,case_098,7754892,2,,0.48270754198892973,mps,129249,"{0: 80181, 1: 99816}",177153,697994,151584,e29142b3aaa9abd3cb75046808f1f2cec4c51912fdbfb32b702540b6632b3ecc,5723514,0.2333480000088457,A,849578,"(129249, 7754892, 5723514)",aggregate,/Users/futaoran/Desktop/华为杯2026/华为杯_code/results/full_main_fast_20260924,0,AI_VERIFIED
0,root2:batch_10,0,0.0,0,B1_base,case_098,7591018,2,,0.32666774999233894,mps,126517,"{0: 89931, 1: 90066}",90360,697994,0,cb29c552927c7bd3acf726a3ddd3b3384c43f4da160ecf2f17f412354ecbcf09,6701080,0.3896562500158325,B,697994,"(126517, 7591018, 6701080)",seed,/Users/futaoran/Desktop/华为杯2026/华为杯_code/results/full_main_fast_20260924,0,AI_VERIFIED
1687872,root2:batch_10,0,0.0,0,B2_base,case_098,8091050,2,,0.4880303340032697,mps,134851,"{0: 88422, 1: 91575}",162142,697994,463168,149fc96f04aeda33ebfe680d4c47e8b19f68d876d64e5b497b6359cb4beabd72,5253574,0.38061920800828375,B,2385866,"(134851, 8091050, 5253574)",seed,/Users/futaoran/Desktop/华为杯2026/华为杯_code/results/full_main_fast_20260924,1224704,AI_VERIFIED
0,root2:batch_10,0,0.0,697912,base_base,case_098,7591018,2,,0.37925237498711795,mps,126517,"{0: 89931, 1: 90066}",90360,697994,0,cb29c552927c7bd3acf726a3ddd3b3384c43f4da160ecf2f17f412354ecbcf09,6701080,0.34364816700690426,C,697994,"(126517, 7591018, 6701080)",seed,/Users/futaoran/Desktop/华为杯2026/华为杯_code/results/full_main_fast_20260924,0,AI_VERIFIED
0,root2:batch_10,0,0.0,697912,base_move,case_098,7591018,2,,0.48203383400687017,mps,179997,{0: 179997},177342,697994,0,bb19bbc0bdb1fa8f8500119349612bfdff05776e743a8c70b8170256bcae260d,4280790,0.35237270800280385,C,697994,"(179997, 7591018, 4280790)",ordinary,/Users/futaoran/Desktop/华为杯2026/华为杯_code/results/full_main_fast_20260924,0,AI_VERIFIED
0,root2:batch_10,0,0.0,0,A1_base,case_098,7591018,3,,0.774272208014736,mps,126517,"{0: 89207, 1: 45434, 2: 45356}",89825,697994,0,faf4261ee6c35d0eb10fa506cfafb871b531297f6ec142e19db228c3dea48537,6570008,0.31109079098678194,A,697994,"(126517, 7591018, 6570008)",seed,/Users/futaoran/Desktop/华为杯2026/华为杯_code/results/full_main_fast_20260924,0,AI_VERIFIED
307242,root2:batch_10,0,0.0,0,A2_move,case_098,7898264,3,,0.488935791014228,mps,131638,"{0: 93606, 2: 54976, 1: 31415}",179369,697994,307242,177ff6faef0340c3f157e4e5078c35f29e9cf8a2226458b646da17a70a8d7bdb,3557932,0.27411845899769105,A,1005236,"(131638, 7898264, 3557932)",ordinary,/Users/futaoran/Desktop/华为杯2026/华为杯_code/results/full_main_fast_20260924,0,AI_VERIFIED
0,root2:batch_10,0,0.0,0,B1_base,case_098,7591018,3,,0.34155566699337214,mps,126517,"{0: 89207, 1: 45434, 2: 45356}",89825,697994,0,faf4261ee6c35d0eb10fa506cfafb871b531297f6ec142e19db228c3dea48537,6570008,0.2722686250053812,B,697994,"(126517, 7591018, 6570008)",seed,/Users/futaoran/Desktop/华为杯2026/华为杯_code/results/full_main_fast_20260924,0,AI_VERIFIED
0,root2:batch_10,0,0.0,0,B1_move,case_098,7591018,3,,0.2820815420127474,mps,134563,"{2: 134563, 1: 45434}",131408,697994,0,4d40d7e625d1ba3e677c6b22a9b8c14cdb5af041fba70f5989794295ea016b4e,5529674,0.2661352500144858,B,697994,"(134563, 7591018, 5529674)",ordinary,/Users/futaoran/Desktop/华为杯2026/华为杯_code/results/full_main_fast_20260924,0,AI_VERIFIED
0,root2:batch_10,0,0.0,697912,base_base,case_098,7591018,3,,0.38298233298701234,mps,126517,"{0: 89207, 1: 45434, 2: 45356}",89825,697994,0,faf4261ee6c35d0eb10fa506cfafb871b531297f6ec142e19db228c3dea48537,6570008,0.3363203750050161,C,697994,"(126517, 7591018, 6570008)",seed,/Users/futaoran/Desktop/华为杯2026/华为杯_code/results/full_main_fast_20260924,0,AI_VERIFIED
0,root2:batch_10,0,0.0,697912,base_move,case_098,7591018,3,,0.3316051659930963,mps,134563,"{2: 134563, 1: 45434}",131408,697994,0,4d40d7e625d1ba3e677c6b22a9b8c14cdb5af041fba70f5989794295ea016b4e,5529674,0.30418620799900964,C,697994,"(134563, 7591018, 5529674)",ordinary,/Users/futaoran/Desktop/华为杯2026/华为杯_code/results/full_main_fast_20260924,0,AI_VERIFIED
0,root2:batch_10,0,0.0,0,A1_move,case_098,7591018,4,,0.5467193749791477,mps,126517,"{2: 119243, 1: 30375, 3: 30379}",117401,697994,0,8b4b59cb3f81275f5e0dee9fa461db9136d77b1c4c2755d354d4d9f57e609aaf,5931326,0.4952340000018012,A,697994,"(126517, 7591018, 5931326)",ordinary,/Users/futaoran/Desktop/华为杯2026/华为杯_code/results/full_main_fast_20260924,0,AI_VERIFIED
0,root2:batch_10,0,0.0,0,A1_base,case_098,7591018,4,,0.8175743750180118,mps,126517,"{0: 89207, 1: 30375, 2: 30036, 3: 30379}",89963,697994,0,592893c9578c36f1dc8bbe1cd3ba87a3ec7077235873c49072fa00aaff95d19d,6438936,0.24841066700173542,A,697994,"(126517, 7591018, 6438936)",seed,/Users/futaoran/Desktop/华为杯2026/华为杯_code/results/full_main_fast_20260924,0,AI_VERIFIED
0,root2:batch_10,0,0.0,0,B1_move,case_098,7591018,4,,0.32959941698936746,mps,126517,"{2: 119243, 1: 30375, 3: 30379}",117026,697994,0,8b4b59cb3f81275f5e0dee9fa461db9136d77b1c4c2755d354d4d9f57e609aaf,5931326,0.319813250011066,B,697994,"(126517, 7591018, 5931326)",ordinary,/Users/futaoran/Desktop/华为杯2026/华为杯_code/results/full_main_fast_20260924,0,AI_VERIFIED
0,root2:batch_10,0,0.0,0,B1_base,case_098,7591018,4,,0.35980270797153935,mps,126517,"{0: 89207, 1: 30375, 2: 30036, 3: 30379}",89963,697994,0,592893c9578c36f1dc8bbe1cd3ba87a3ec7077235873c49072fa00aaff95d19d,6438936,0.36747612498584203,B,697994,"(126517, 7591018, 6438936)",seed,/Users/futaoran/Desktop/华为杯2026/华为杯_code/results/full_main_fast_20260924,0,AI_VERIFIED
0,root2:batch_10,0,0.0,697912,base_base,case_098,7591018,4,,0.37483454099856317,mps,126517,"{0: 89207, 1: 30375, 2: 30036, 3: 30379}",89963,697994,0,592893c9578c36f1dc8bbe1cd3ba87a3ec7077235873c49072fa00aaff95d19d,6438936,0.2609104160219431,C,697994,"(126517, 7591018, 6438936)",seed,/Users/futaoran/Desktop/华为杯2026/华为杯_code/results/full_main_fast_20260924,0,AI_VERIFIED
0,root2:batch_10,0,0.0,697912,base_move,case_098,7591018,4,,0.4028870000038296,mps,126517,"{2: 119243, 1: 30375, 3: 30379}",117026,697994,0,8b4b59cb3f81275f5e0dee9fa461db9136d77b1c4c2755d354d4d9f57e609aaf,5931326,0.3071436250174884,C,697994,"(126517, 7591018, 5931326)",ordinary,/Users/futaoran/Desktop/华为杯2026/华为杯_code/results/full_main_fast_20260924,0,AI_VERIFIED
0,root2:batch_10,0,0.0,0,A1_move,case_098,7591018,5,,0.5038872500008438,mps,126517,"{2: 111669, 1: 23072, 3: 22787, 4: 22469}",110139,697994,0,aa062c41efd9acef62e4727139ce18b96eaf7a79397aaf76de096f0a7dfafd60,5882778,0.28432279100525193,A,697994,"(126517, 7591018, 5882778)",ordinary,/Users/futaoran/Desktop/华为杯2026/华为杯_code/results/full_main_fast_20260924,0,AI_VERIFIED
0,root2:batch_10,0,0.0,0,A1_base,case_098,7591018,5,,0.6824651670176536,mps,126517,"{0: 89207, 1: 23072, 2: 22462, 3: 22787, 4: 22469}",90168,697994,0,e270e95b9cc5382627e93c35398a91e8446420b0520c469ee3e7a21ddb2ad397,6307864,0.3267002920038067,A,697994,"(126517, 7591018, 6307864)",seed,/Users/futaoran/Desktop/华为杯2026/华为杯_code/results/full_main_fast_20260924,0,AI_VERIFIED
0,root2:batch_10,0,0.0,0,B1_move,case_098,7591018,5,,0.26324266599840485,mps,126517,"{2: 111669, 1: 23072, 3: 22787, 4: 22469}",109764,697994,0,aa062c41efd9acef62e4727139ce18b96eaf7a79397aaf76de096f0a7dfafd60,5882778,0.2748483750037849,B,697994,"(126517, 7591018, 5882778)",ordinary,/Users/futaoran/Desktop/华为杯2026/华为杯_code/results/full_main_fast_20260924,0,AI_VERIFIED
0,root2:batch_10,0,0.0,0,B1_base,case_098,7591018,5,,0.38700479100225493,mps,126517,"{0: 89207, 1: 23072, 2: 22462, 3: 22787, 4: 22469}",90168,697994,0,e270e95b9cc5382627e93c35398a91e8446420b0520c469ee3e7a21ddb2ad397,6307864,0.21517479099566117,B,697994,"(126517, 7591018, 6307864)",seed,/Users/futaoran/Desktop/华为杯2026/华为杯_code/results/full_main_fast_20260924,0,AI_VERIFIED
0,root2:batch_10,0,0.0,697912,base_base,case_098,7591018,5,,0.43509420900954865,mps,126517,"{0: 89207, 1: 23072, 2: 22462, 3: 22787, 4: 22469}",90168,697994,0,e270e95b9cc5382627e93c35398a91e8446420b0520c469ee3e7a21ddb2ad397,6307864,0.35881599999265745,C,697994,"(126517, 7591018, 6307864)",seed,/Users/futaoran/Desktop/华为杯2026/华为杯_code/results/full_main_fast_20260924,0,AI_VERIFIED
0,root2:batch_10,0,0.0,697912,base_move,case_098,7591018,5,,0.4034860419924371,mps,126517,"{2: 111669, 1: 23072, 3: 22787, 4: 22469}",109764,697994,0,aa062c41efd9acef62e4727139ce18b96eaf7a79397aaf76de096f0a7dfafd60,5882778,0.22768516698852181,C,697994,"(126517, 7591018, 5882778)",ordinary,/Users/futaoran/Desktop/华为杯2026/华为杯_code/results/full_main_fast_20260924,0,AI_VERIFIED
5484544,root2:batch_10,0,0.0,0,A0_base,case_099,14716752,1,,24.833159916015575,mps,1740204,{0: 1740204},1622999,2534036,0,b1c964c3a39987d9d8bb0a41e333901c051b2427b93cf6c13acbc64c036471e9,14060988,1.9657913749979343,A,8018580,"(1740204, 14716752, 14060988)",seed,/Users/futaoran/Desktop/华为杯2026/华为杯_code/results/full_main_fast_20260924,5484544,AI_VERIFIED
5918720,root2:batch_10,0,0.0,0,A2_base,case_099,16605008,1,,14.019423584017204,mps,1740204,{0: 1740204},1620966,2534036,1888256,3ae9551d6d304291e6cbc0cbff443c62a4519d5073c9146907c012b1ceb34350,8349056,1.8032220419845544,A,8452756,"(1740204, 16605008, 8349056)",seed,/Users/futaoran/Desktop/华为杯2026/华为杯_code/results/full_main_fast_20260924,4030464,AI_VERIFIED
15709568,root2:batch_10,0,0.0,0,B3_base,case_099,14716752,1,,5.419260374997975,mps,1740204,{0: 1740204},1754664,2534036,0,9acb76e5efc48748b265f5c626fbe1365ca766b5c19bbc4808abc346ca14ade1,7928064,5.107550415996229,B,18243604,"(1740204, 14716752, 7928064)",seed,/Users/futaoran/Desktop/华为杯2026/华为杯_code/results/full_main_fast_20260924,15709568,AI_VERIFIED
16243456,root2:batch_10,0,0.0,0,B3_aggregate,case_099,14716752,1,,5.504917167010717,mps,1740204,{0: 1740204},1780734,2534036,0,f47107089c632cca114ae6ddca5330d6ba0a26d7b01cddc5420535cf64017101,9208320,4.937016999989282,B,18777492,"(1740204, 14716752, 9208320)",aggregate,/Users/futaoran/Desktop/华为杯2026/华为杯_code/results/full_main_fast_20260924,16243456,AI_VERIFIED
15709568,root2:batch_10,1609728,0.13954262507905862,9926016,base_base,case_099,14716752,1,,5.206734209001297,mps,1740204,{0: 1740204},1750575,2534036,0,9acb76e5efc48748b265f5c626fbe1365ca766b5c19bbc4808abc346ca14ade1,7928064,4.802668584015919,C,18243604,"(1740204, 14716752, 7928064)",seed,/Users/futaoran/Desktop/华为杯2026/华为杯_code/results/full_main_fast_20260924,15709568,AI_VERIFIED
16243456,root2:batch_10,2011136,0.15018160963486904,11380224,base_aggregate,case_099,14716752,1,,4.964434124995023,mps,1740204,{0: 1740204},1771328,2534036,0,f47107089c632cca114ae6ddca5330d6ba0a26d7b01cddc5420535cf64017101,9208320,4.244783041998744,C,18777492,"(1740204, 14716752, 9208320)",aggregate,/Users/futaoran/Desktop/华为杯2026/华为杯_code/results/full_main_fast_20260924,16243456,AI_VERIFIED
7254016,root2:batch_10,0,0.0,0,A1_base,case_099,16621392,2,,30.828618375002407,mps,870207,"{0: 870207, 1: 869997}",808916,2534036,1904640,1902310ec57d1b787c53d92320e42f16d18491c7aed5baf20bbb2a4cf2699107,15385088,1.8326003749971278,A,9788052,"(870207, 16621392, 15385088)",seed,/Users/futaoran/Desktop/华为杯2026/华为杯_code/results/full_main_fast_20260924,5349376,AI_VERIFIED
18638336,root2:batch_10,0,0.0,0,A3_base,case_099,33355088,2,,9.320665334002115,mps,871176,"{0: 869028, 1: 871176}",1785990,2534036,18638336,742b05769e5d91e8dee267286999ddcfc631cba1c38870bc26edd5b8b6383159,7940864,3.2421800419979263,A,21172372,"(871176, 33355088, 7940864)",seed,/Users/futaoran/Desktop/华为杯2026/华为杯_code/results/full_main_fast_20260924,0,AI_VERIFIED
7254016,root2:batch_10,0,0.0,0,B1_base,case_099,16621392,2,,2.362640500010457,mps,870207,"{0: 870207, 1: 869997}",808916,2534036,1904640,1902310ec57d1b787c53d92320e42f16d18491c7aed5baf20bbb2a4cf2699107,15385088,1.9470435840194114,B,9788052,"(870207, 16621392, 15385088)",seed,/Users/futaoran/Desktop/华为杯2026/华为杯_code/results/full_main_fast_20260924,5349376,AI_VERIFIED
16681984,root2:batch_10,0,0.0,0,B3_base,case_099,23722704,2,,5.271751291991677,mps,876440,"{0: 863764, 1: 876440}",1268653,2534036,9005952,1ef55b760e6f7fbe29236bb2b2c28ebc49753f1286da3d675ee6c3d296e99698,7872000,4.067616791988257,B,19216020,"(876440, 23722704, 7872000)",seed,/Users/futaoran/Desktop/华为杯2026/华为杯_code/results/full_main_fast_20260924,7676032,AI_VERIFIED
7254016,root2:batch_10,4284416,0.4377370334527764,5503232,base_base,case_099,16621392,2,,2.0839861249842215,mps,870207,"{0: 870207, 1: 869997}",806053,2534036,1904640,1902310ec57d1b787c53d92320e42f16d18491c7aed5baf20bbb2a4cf2699107,15385088,2.055230958008906,C,9788052,"(870207, 16621392, 15385088)",seed,/Users/futaoran/Desktop/华为杯2026/华为杯_code/results/full_main_fast_20260924,5349376,AI_VERIFIED
7417856,root2:batch_10,1925120,0.19345046690504977,8026368,base_aggregate_tid_1000000178,case_099,14716752,2,,2.8820334580086637,mps,1740204,{0: 1740204},1617443,2534036,0,2bb241e57dd0e8d1c598b13784bef8182bb42d96cc4ece30c02e4c347b0de3a3,7717376,2.9142934159899596,C,9951892,"(1740204, 14716752, 7717376)",aggregate,/Users/futaoran/Desktop/华为杯2026/华为杯_code/results/full_main_fast_20260924,7417856,AI_VERIFIED
8798208,root2:batch_10,0,0.0,0,A1_base,case_099,18526032,3,,26.6118190420093,mps,580937,"{0: 580937, 1: 579015, 2: 580252}",544403,2534036,3809280,e489ffe50a9228a4ff513e59b6d340eb82632972dc36f788ba9d6e3276fa2ca9,16765440,1.9399974579864647,A,11332244,"(580937, 18526032, 16765440)",seed,/Users/futaoran/Desktop/华为杯2026/华为杯_code/results/full_main_fast_20260924,4988928,AI_VERIFIED
21777952,root2:batch_10,0,0.0,0,A3_base,case_099,36494704,3,,9.309684625011869,mps,608246,"{0: 574152, 1: 576805, 2: 589247}",1557652,2534036,21777952,38d9efe6e7f5c23c710faca5c04a32c48b76ec666107b1c552313b66a2a9f333,7318528,3.031364124995889,A,24311988,"(608246, 36494704, 7318528)",seed,/Users/futaoran/Desktop/华为杯2026/华为杯_code/results/full_main_fast_20260924,0,AI_VERIFIED
8798208,root2:batch_10,0,0.0,0,B1_base,case_099,18526032,3,,2.6984124590235297,mps,580937,"{0: 580937, 1: 579015, 2: 580252}",544403,2534036,3809280,e489ffe50a9228a4ff513e59b6d340eb82632972dc36f788ba9d6e3276fa2ca9,16765440,2.1017064999905415,B,11332244,"(580937, 18526032, 16765440)",seed,/Users/futaoran/Desktop/华为杯2026/华为杯_code/results/full_main_fast_20260924,4988928,AI_VERIFIED
18380988,root2:batch_10,0,0.0,0,B3_base,case_099,30366476,3,,5.125898541009519,mps,587233,"{0: 587233, 1: 581719, 2: 571252}",1002203,2534036,15649724,238ed9854ac75582425d817035d61e57c157f4da72753b490e138342fcba3f2d,7350784,4.7516673330101185,B,20915024,"(587233, 30366476, 7350784)",seed,/Users/futaoran/Desktop/华为杯2026/华为杯_code/results/full_main_fast_20260924,2731264,AI_VERIFIED
8798208,root2:batch_10,5783552,0.5103806619225122,5548288,base_base,case_099,18526032,3,,2.272966707998421,mps,580937,"{0: 580937, 1: 579015, 2: 580252}",540586,2534036,3809280,e489ffe50a9228a4ff513e59b6d340eb82632972dc36f788ba9d6e3276fa2ca9,16765440,2.180821791989729,C,11332244,"(580937, 18526032, 16765440)",seed,/Users/futaoran/Desktop/华为杯2026/华为杯_code/results/full_main_fast_20260924,4988928,AI_VERIFIED
8945664,root2:batch_10,3956736,0.34468455208403026,7522560,base_move,case_099,16621392,3,,2.661131500004558,mps,1159952,"{1: 1159952, 2: 580252}",1076954,2534036,1904640,a0335d1bd66273f4ebd86693eacf48b2c4243d3eaaeced3634afaed4fe6050b3,11235840,2.1154227500082925,C,11479700,"(1159952, 16621392, 11235840)",ordinary,/Users/futaoran/Desktop/华为杯2026/华为杯_code/results/full_main_fast_20260924,7041024,AI_VERIFIED
9838592,root2:batch_10,0,0.0,0,A1_base,case_099,20369232,4,,29.172211291996064,mps,435722,"{0: 434459, 1: 434472, 2: 435551, 3: 435722}",405336,2534036,5652480,7b9899fba567d6566ee9f0543058fb9dfd9c55dddab1d77ce1f01dd6c4b79290,18084352,2.3143125829810742,A,12372628,"(435722, 20369232, 18084352)",seed,/Users/futaoran/Desktop/华为杯2026/华为杯_code/results/full_main_fast_20260924,4186112,AI_VERIFIED
8531968,root2:batch_10,0,0.0,0,A2_base,case_099,22544208,4,,5.1308535420103,mps,498435,"{0: 498435, 1: 407682, 2: 412189, 3: 421898}",1613581,2534036,7827456,6c0009ea99f02d251b8d9db4dca7639b399414fa4be9edae7dd7905f04e934f4,10310230,2.0649853750073817,A,11066004,"(498435, 22544208, 10310230)",seed,/Users/futaoran/Desktop/华为杯2026/华为杯_code/results/full_main_fast_20260924,704512,AI_VERIFIED
9838592,root2:batch_10,0,0.0,0,B1_base,case_099,20369232,4,,2.118110917013837,mps,435722,"{0: 434459, 1: 434472, 2: 435551, 3: 435722}",405336,2534036,5652480,7b9899fba567d6566ee9f0543058fb9dfd9c55dddab1d77ce1f01dd6c4b79290,18084352,2.028425750002498,B,12372628,"(435722, 20369232, 18084352)",seed,/Users/futaoran/Desktop/华为杯2026/华为杯_code/results/full_main_fast_20260924,4186112,AI_VERIFIED
15134848,root2:batch_10,0,0.0,0,B2_base,case_099,26089168,4,,5.346018041978823,mps,512380,"{0: 512380, 1: 413240, 2: 404536, 3: 410048}",754255,2534036,11372416,5358a6c145b13c31f6db793f4000e56986897255dd60fe626786ba2132e0693a,11466880,4.606601125007728,B,17668884,"(512380, 26089168, 11466880)",seed,/Users/futaoran/Desktop/华为杯2026/华为杯_code/results/full_main_fast_20260924,3762432,AI_VERIFIED
9838592,root2:batch_10,6889472,0.5568499244759875,5482752,base_base,case_099,20369232,4,,2.216845207993174,mps,435722,"{0: 434459, 1: 434472, 2: 435551, 3: 435722}",403555,2534036,5652480,7b9899fba567d6566ee9f0543058fb9dfd9c55dddab1d77ce1f01dd6c4b79290,18084352,2.2577233749907464,C,12372628,"(435722, 20369232, 18084352)",seed,/Users/futaoran/Desktop/华为杯2026/华为杯_code/results/full_main_fast_20260924,4186112,AI_VERIFIED
9981952,root2:batch_10,5480448,0.43788991388655935,7035136,base_move,case_099,18464592,4,,2.2700941670045722,mps,870181,"{0: 870181, 1: 434472, 2: 435551}",810105,2534036,3747840,df539f544369c7514ff7366527a1ca599d4e5eb34d75fb552e2500d3a1c2a758,13601280,2.2508779169875197,C,12515988,"(870181, 18464592, 13601280)",ordinary,/Users/futaoran/Desktop/华为杯2026/华为杯_code/results/full_main_fast_20260924,6234112,AI_VERIFIED
10698752,root2:batch_10,0,0.0,0,A1_base,case_099,21782352,5,,22.532414833985968,mps,363040,"{0: 348843, 1: 347127, 2: 348026, 3: 348117, 4: 348091}",339475,2534036,7065600,6a00a1c5ae79192733541ff1530420f48678832a993a9699d11bb0f3a481441c,18973184,1.7605791669921018,A,13232788,"(363040, 21782352, 18973184)",seed,/Users/futaoran/Desktop/华为杯2026/华为杯_code/results/full_main_fast_20260924,3633152,AI_VERIFIED
,root2:batch_10,,,,A2_aggregate,case_099,,5,task schedule: dependency cycle; 0 -[subgraph dependency]-> 1; 1 -[subgraph dependency]-> 3; 3 -[subgraph dependency]-> 5; 5 -[subgraph dependency]-> 7; 7 -[core 4 task order]-> 8; 8 -[subgraph dependency]-> 0,,mps,,,,,,1960b2cf94aecc9f1b14f5a68fe4957a7ed9febf994dedc817eb9cb6c58cfaa6,,,A,,,aggregate,/Users/futaoran/Desktop/华为杯2026/华为杯_code/results/full_main_fast_20260924,,PROFILE_FAILED
9428996,root2:batch_10,0,0.0,0,A2_base,case_099,23822164,5,,3.9978760830126703,mps,417825,"{0: 417825, 1: 324530, 2: 326314, 3: 333375, 4: 338160}",1315498,2534036,9105412,111c1533ec23222ed6f70fd31639a022ab7772d67d31b0eec3335cc5c269edc7,10639638,1.6812324580096174,A,11963032,"(417825, 23822164, 10639638)",seed,/Users/futaoran/Desktop/华为杯2026/华为杯_code/results/full_main_fast_20260924,323584,AI_VERIFIED
10698752,root2:batch_10,0,0.0,0,B1_base,case_099,21782352,5,,1.8906115829886403,mps,363040,"{0: 348843, 1: 347127, 2: 348026, 3: 348117, 4: 348091}",339475,2534036,7065600,6a00a1c5ae79192733541ff1530420f48678832a993a9699d11bb0f3a481441c,18973184,1.5780369589920156,B,13232788,"(363040, 21782352, 18973184)",seed,/Users/futaoran/Desktop/华为杯2026/华为杯_code/results/full_main_fast_20260924,3633152,AI_VERIFIED
15976064,root2:batch_10,0,0.0,0,B2_base,case_099,27244240,5,,3.2552504160266835,mps,454071,"{0: 431616, 1: 328188, 2: 331400, 3: 319964, 4: 329036}",619618,2534036,12527488,210a28d65744bdfcfed9646fe16243ca9f54e30ddc3fb23491313fab7f17463b,10910848,2.6259834580123425,B,18510100,"(454071, 27244240, 10910848)",seed,/Users/futaoran/Desktop/华为杯2026/华为杯_code/results/full_main_fast_20260924,3448576,AI_VERIFIED
10698752,root2:batch_10,7204864,0.544487221652576,6027520,base_base,case_099,21782352,5,,1.7950158749881666,mps,363040,"{0: 348843, 1: 347127, 2: 348026, 3: 348117, 4: 348091}",329676,2534036,7065600,6a00a1c5ae79192733541ff1530420f48678832a993a9699d11bb0f3a481441c,18973184,1.7054527910077013,C,13232788,"(363040, 21782352, 18973184)",seed,/Users/futaoran/Desktop/华为杯2026/华为杯_code/results/full_main_fast_20260924,3633152,AI_VERIFIED
10756096,root2:batch_10,6266880,0.4715581838845761,7022848,base_move,case_099,20123472,5,,1.791666625009384,mps,695970,"{1: 695970, 2: 348026, 3: 348117, 4: 348091}",653602,2534036,5406720,1e62dc22dc51d8308ac23c1a1442f5961ad1489f57766ec99ce547497ffcc55a,15268352,1.5409357080061454,C,13290132,"(695970, 20123472, 15268352)",ordinary,/Users/futaoran/Desktop/华为杯2026/华为杯_code/results/full_main_fast_20260924,5349376,AI_VERIFIED
5627904,root2:batch_11,0,0.0,0,A0_base,case_038,17218834,1,,23.96534687501844,mps,1492776,{0: 1492776},1364555,2802950,0,2f7ff7eb4a23b60dd529144c2cd38fefb90a89aa989e19b9d28de00c618f362b,16555030,2.035086332994979,A,8430854,"(1492776, 17218834, 16555030)",seed,/Users/futaoran/Desktop/华为杯2026/华为杯_code/results/full_main_fast_20260924,5627904,AI_VERIFIED
4233216,root2:batch_11,0,0.0,0,A2_base,case_038,17532178,1,,11.871708499995293,mps,1492776,{0: 1492776},1363201,2802950,313344,0b5a4f5bb8e4c5ba32e9f5a6ba2ce70e690be0cc36b1d9e63079b5d9544ed601,10540648,1.7126983749913052,A,7036166,"(1492776, 17532178, 10540648)",seed,/Users/futaoran/Desktop/华为杯2026/华为杯_code/results/full_main_fast_20260924,3919872,AI_VERIFIED
20147712,root2:batch_11,0,0.0,0,B3_base,case_038,17218834,1,,5.589541332999943,mps,1492776,{0: 1492776},1589087,2802950,0,6ca6eaa6d6a2bb38a8c973b062840ba85916bd334883ea4a085a33390d622f79,10211724,6.090122333000181,B,22950662,"(1492776, 17218834, 10211724)",seed,/Users/futaoran/Desktop/华为杯2026/华为杯_code/results/full_main_fast_20260924,20147712,AI_VERIFIED
20803584,root2:batch_11,0,0.0,0,B3_aggregate,case_038,17218834,1,,5.18970029099728,mps,1492776,{0: 1492776},1591806,2802950,0,a00f9fa4a2764ff39783ac75712399bec4e39268ff68e7b89124271f241ce11f,10454858,4.80458887500572,B,23606534,"(1492776, 17218834, 10454858)",aggregate,/Users/futaoran/Desktop/华为杯2026/华为杯_code/results/full_main_fast_20260924,20803584,AI_VERIFIED
20147712,root2:batch_11,2317824,0.15673569015531807,12470282,base_base,case_038,17218834,1,,5.070181291986955,mps,1492776,{0: 1492776},1583771,2802950,0,6ca6eaa6d6a2bb38a8c973b062840ba85916bd334883ea4a085a33390d622f79,10211724,4.721020541997859,C,22950662,"(1492776, 17218834, 10211724)",seed,/Users/futaoran/Desktop/华为杯2026/华为杯_code/results/full_main_fast_20260924,20147712,AI_VERIFIED
20803584,root2:batch_11,1368064,0.0856849129831498,14598154,base_aggregate,case_038,17218834,1,,5.073774291988229,mps,1492776,{0: 1492776},1589912,2802950,0,a00f9fa4a2764ff39783ac75712399bec4e39268ff68e7b89124271f241ce11f,10454858,4.451732582994737,C,23606534,"(1492776, 17218834, 10454858)",aggregate,/Users/futaoran/Desktop/华为杯2026/华为杯_code/results/full_main_fast_20260924,20803584,AI_VERIFIED
6790656,root2:batch_11,0,0.0,0,A1_base,case_038,19736338,2,,29.053139249997912,mps,746449,"{0: 746327, 1: 746449}",674500,2802950,2517504,4d722acbdd407dca2799061725829de47f559ad49fc0f4a853e086df6a8fc7a5,18417174,2.0354105420119595,A,9593606,"(746449, 19736338, 18417174)",seed,/Users/futaoran/Desktop/华为杯2026/华为杯_code/results/full_main_fast_20260924,4273152,AI_VERIFIED
23748992,root2:batch_11,0,0.0,0,A3_base,case_038,41015954,2,,9.595656290999614,mps,748348,"{0: 744428, 1: 748348}",1600381,2802950,23610752,56972c1a2e87f68020850a705129d85b2f13a5c7e960f2e1e391d76e3d7f1cd5,10725376,3.1248729999933857,A,26551942,"(748348, 41015954, 10725376)",seed,/Users/futaoran/Desktop/华为杯2026/华为杯_code/results/full_main_fast_20260924,138240,AI_VERIFIED
6790656,root2:batch_11,0,0.0,0,B1_base,case_038,19736338,2,,2.678030958020827,mps,746449,"{0: 746327, 1: 746449}",674500,2802950,2517504,4d722acbdd407dca2799061725829de47f559ad49fc0f4a853e086df6a8fc7a5,18417174,2.681173959019361,B,9593606,"(746449, 19736338, 18417174)",seed,/Users/futaoran/Desktop/华为杯2026/华为杯_code/results/full_main_fast_20260924,4273152,AI_VERIFIED
22205312,root2:batch_11,0,0.0,0,B3_base,case_038,30243986,2,,5.148657124984311,mps,751468,"{0: 751468, 1: 741308}",1011705,2802950,12906368,9db16e072d0d12abdb6f2de0687155c65008b22e14636484a42315d4080e1917,10628608,4.3747657089843415,B,25008262,"(751468, 30243986, 10628608)",seed,/Users/futaoran/Desktop/华为杯2026/华为杯_code/results/full_main_fast_20260924,9298944,AI_VERIFIED
6790656,root2:batch_11,2672640,0.2788309681150929,6912522,base_base,case_038,19736338,2,,2.618410542025231,mps,746449,"{0: 746327, 1: 746449}",674382,2802950,2517504,4d722acbdd407dca2799061725829de47f559ad49fc0f4a853e086df6a8fc7a5,18417174,2.6310064169811085,C,9593606,"(746449, 19736338, 18417174)",seed,/Users/futaoran/Desktop/华为杯2026/华为杯_code/results/full_main_fast_20260924,4273152,AI_VERIFIED
7674368,root2:batch_11,983552,0.09395012300272217,9485322,base_move,case_038,17218834,2,,4.0162317090143915,mps,1492776,{0: 1492776},1354453,2802950,0,1a643c754360644cc3e073668d811b6da700abc0dc015939fd96fa59dab5465a,9229722,4.187818958016578,C,10477318,"(1492776, 17218834, 9229722)",ordinary,/Users/futaoran/Desktop/华为杯2026/华为杯_code/results/full_main_fast_20260924,7674368,AI_VERIFIED
8097792,root2:batch_11,0,0.0,0,A1_base,case_038,22155538,3,,32.040391000016825,mps,497887,"{0: 497025, 1: 497887, 2: 497864}",452248,2802950,4936704,e74d1b145b2e937520f9697ac503e88abfc83b2104bcd9e4021285a68d8230a6,20181014,2.0973473750054836,A,10900742,"(497887, 22155538, 20181014)",seed,/Users/futaoran/Desktop/华为杯2026/华为杯_code/results/full_main_fast_20260924,3161088,AI_VERIFIED
5873668,root2:batch_11,0,0.0,0,A2_base,case_038,21906710,3,,4.950517499994021,mps,517491,"{0: 496660, 1: 517491, 2: 478625}",1365892,2802950,4687876,adcd673b6282aa011da48267950d727a22e73ea59bc8dc483ee2b4613a2c0985,11975028,2.1177036250010133,A,8676618,"(517491, 21906710, 11975028)",seed,/Users/futaoran/Desktop/华为杯2026/华为杯_code/results/full_main_fast_20260924,1185792,AI_VERIFIED
8097792,root2:batch_11,0,0.0,0,B1_base,case_038,22155538,3,,3.0225764169881586,mps,497887,"{0: 497025, 1: 497887, 2: 497864}",452248,2802950,4936704,e74d1b145b2e937520f9697ac503e88abfc83b2104bcd9e4021285a68d8230a6,20181014,2.6229730419872794,B,10900742,"(497887, 22155538, 20181014)",seed,/Users/futaoran/Desktop/华为杯2026/华为杯_code/results/full_main_fast_20260924,3161088,AI_VERIFIED
18755072,root2:batch_11,0,0.0,0,B2_base,case_038,28774162,3,,4.167243583011441,mps,525356,"{0: 525356, 1: 473292, 2: 494128}",1187394,2802950,11444736,717787f8fb3b791a0c479a6843a6b5c2f555dbca1122ca8e7a1160edcfbbbe77,15460170,4.279838957998436,B,21558022,"(525356, 28774162, 15460170)",seed,/Users/futaoran/Desktop/华为杯2026/华为杯_code/results/full_main_fast_20260924,7310336,AI_VERIFIED
8097792,root2:batch_11,3892224,0.3573372671221445,7000074,base_base,case_038,22155538,3,,2.8086600840033498,mps,497887,"{0: 497025, 1: 497887, 2: 497864}",452022,2802950,4936704,e74d1b145b2e937520f9697ac503e88abfc83b2104bcd9e4021285a68d8230a6,20181014,2.611786541994661,C,10900742,"(497887, 22155538, 20181014)",seed,/Users/futaoran/Desktop/华为杯2026/华为杯_code/results/full_main_fast_20260924,3161088,AI_VERIFIED
8884224,root2:batch_11,1717248,0.1470406456866457,9961482,base_move,case_038,19810066,3,,3.4062924589961767,mps,994912,"{0: 994912, 2: 497864}",917147,2802950,2591232,424304fbb3d81bca250f17f6d8e2ec19a668d7616199558f3419726c42f5ee49,13586908,3.1763429999991786,C,11687174,"(994912, 19810066, 13586908)",ordinary,/Users/futaoran/Desktop/华为杯2026/华为杯_code/results/full_main_fast_20260924,6292992,AI_VERIFIED
6567936,root2:batch_11,0,0.0,0,A2_base,case_038,23247634,4,,3.8424807919946034,mps,389214,"{0: 373587, 1: 389214, 2: 382079, 3: 347896}",1362279,2802950,6028800,5584f10ef9342dd56308fbdff938f70b4f57df0a1b00a56c4e37ac91cacdc522,12133442,1.6205045420210809,A,9370886,"(389214, 23247634, 12133442)",seed,/Users/futaoran/Desktop/华为杯2026/华为杯_code/results/full_main_fast_20260924,539136,AI_VERIFIED
,root2:batch_11,,,,A2_reorder,case_038,,4,task schedule: dependency cycle; 0 -[core 0 task order]-> 1; 1 -[subgraph dependency]-> 2; 2 -[subgraph dependency]-> 4; 4 -[subgraph dependency]-> 6; 6 -[subgraph dependency]-> 0,,mps,,,,,,8e330fa71aca8bc25c33ef6a5cbc0c11c630fc9c6c76e887423923523a1af0f0,,,A,,,capacity,/Users/futaoran/Desktop/华为杯2026/华为杯_code/results/full_main_fast_20260924,,PROFILE_FAILED
9295872,root2:batch_11,0,0.0,0,A1_base,case_038,23733010,4,,26.315626416995656,mps,395551,"{0: 372852, 1: 373534, 2: 373589, 3: 372801}",339624,2802950,6514176,c0e638842ff230ac57de9c1444f8f5dc02a21f09c3c71a5d647d4675ce07cb59,21103126,2.075124916009372,A,12098822,"(395551, 23733010, 21103126)",seed,/Users/futaoran/Desktop/华为杯2026/华为杯_code/results/full_main_fast_20260924,2781696,AI_VERIFIED
9295872,root2:batch_11,0,0.0,0,B1_base,case_038,23733010,4,,2.690364167006919,mps,395551,"{0: 372852, 1: 373534, 2: 373589, 3: 372801}",339624,2802950,6514176,c0e638842ff230ac57de9c1444f8f5dc02a21f09c3c71a5d647d4675ce07cb59,21103126,2.372603457974037,B,12098822,"(395551, 23733010, 21103126)",seed,/Users/futaoran/Desktop/华为杯2026/华为杯_code/results/full_main_fast_20260924,2781696,AI_VERIFIED
22370688,root2:batch_11,0,0.0,0,B2_base,case_038,36227730,4,,4.619035125011578,mps,603796,"{0: 386532, 1: 421860, 2: 351336, 3: 333048}",1194334,2802950,18875776,5c515d7732735bd61526b2b4ede97180dc31990839482633322d5ef12ab1e88c,15733258,3.90939712501131,B,25173638,"(603796, 36227730, 15733258)",seed,/Users/futaoran/Desktop/华为杯2026/华为杯_code/results/full_main_fast_20260924,3494912,AI_VERIFIED
9295872,root2:batch_11,4257280,0.3521213315249532,7833098,base_base,case_038,23733010,4,,2.8118674590077717,mps,395551,"{0: 372852, 1: 373534, 2: 373589, 3: 372801}",337813,2802950,6514176,c0e638842ff230ac57de9c1444f8f5dc02a21f09c3c71a5d647d4675ce07cb59,21103126,2.365301083016675,C,12098822,"(395551, 23733010, 21103126)",seed,/Users/futaoran/Desktop/华为杯2026/华为杯_code/results/full_main_fast_20260924,2781696,AI_VERIFIED
9443328,root2:batch_11,3538432,0.2891387479189536,8699402,base_move,case_038,21693202,4,,2.624269749998348,mps,746390,"{0: 372852, 1: 373534, 3: 746390}",674480,2802950,4474368,153f86557f166b12caa1ec6350cf694996202009f84f9ebf0138e8c5dd0a3f21,15796910,2.3343215839995537,C,12246278,"(746390, 21693202, 15796910)",ordinary,/Users/futaoran/Desktop/华为杯2026/华为杯_code/results/full_main_fast_20260924,4968960,AI_VERIFIED
7897088,root2:batch_11,0,0.0,0,A2_base,case_038,25088274,5,,4.070720582996728,mps,418138,"{0: 303518, 1: 297409, 2: 314405, 3: 309945, 4: 267499}",1361285,2802950,7869440,76805d106a31d2e76440f75ca270c8dd00ad5c5104a0e9b8522dbed04ee11b14,12623958,2.1733193330001086,A,10700038,"(418138, 25088274, 12623958)",seed,/Users/futaoran/Desktop/华为杯2026/华为杯_code/results/full_main_fast_20260924,27648,AI_VERIFIED
,root2:batch_11,,,,A2_reorder,case_038,,5,task schedule: dependency cycle; 0 -[core 0 task order]-> 1; 1 -[subgraph dependency]-> 2; 2 -[subgraph dependency]-> 4; 4 -[subgraph dependency]-> 6; 6 -[subgraph dependency]-> 8; 8 -[subgraph dependency]-> 3; 3 -[subgraph dependency]-> 0,,mps,,,,,,81453d79e3975059250673de3c5ab9ce2133ccfe751d3a5cbd68422f8926d474,,,A,,,capacity,/Users/futaoran/Desktop/华为杯2026/华为杯_code/results/full_main_fast_20260924,,PROFILE_FAILED
9676800,root2:batch_11,0,0.0,0,A1_base,case_038,25786642,5,,26.3098573339812,mps,429778,"{0: 298075, 1: 298946, 2: 298912, 3: 298629, 4: 298214}",275133,2802950,8567808,8db3ced8752cb5f564eca21ccc860dde59b85a210d7bea30091f6a1d3bbd45f0,22542422,2.3086808329971973,A,12479750,"(429778, 25786642, 22542422)",seed,/Users/futaoran/Desktop/华为杯2026/华为杯_code/results/full_main_fast_20260924,1108992,AI_VERIFIED
9676800,root2:batch_11,0,0.0,0,B1_base,case_038,25786642,5,,3.0169408340007067,mps,429778,"{0: 298075, 1: 298946, 2: 298912, 3: 298629, 4: 298214}",275133,2802950,8567808,8db3ced8752cb5f564eca21ccc860dde59b85a210d7bea30091f6a1d3bbd45f0,22542422,2.4063106249959674,B,12479750,"(429778, 25786642, 22542422)",seed,/Users/futaoran/Desktop/华为杯2026/华为杯_code/results/full_main_fast_20260924,1108992,AI_VERIFIED
9919488,root2:batch_11,0,0.0,0,B1_move,case_038,23917330,5,,3.428655208001146,mps,597021,"{0: 597021, 2: 298912, 3: 298629, 4: 298214}",563325,2802950,6698496,6b2f92395e8edc3cf7a12fc218fc92bd0eb82c63f8a326cb98b58b65b5e42547,18244056,2.630421916983323,B,12722438,"(597021, 23917330, 18244056)",ordinary,/Users/futaoran/Desktop/华为杯2026/华为杯_code/results/full_main_fast_20260924,3220992,AI_VERIFIED
9676800,root2:batch_11,5265408,0.4222018127051008,7205898,base_base,case_038,25786642,5,,3.0872732080169953,mps,429778,"{0: 298075, 1: 298946, 2: 298912, 3: 298629, 4: 298214}",272533,2802950,8567808,8db3ced8752cb5f564eca21ccc860dde59b85a210d7bea30091f6a1d3bbd45f0,22542422,2.389412167016417,C,12479750,"(429778, 25786642, 22542422)",seed,/Users/futaoran/Desktop/华为杯2026/华为杯_code/results/full_main_fast_20260924,1108992,AI_VERIFIED
9919488,root2:batch_11,4030464,0.3170100599386786,8683530,base_move,case_038,23917330,5,,2.7132721660018433,mps,597021,"{0: 597021, 2: 298912, 3: 298629, 4: 298214}",556812,2802950,6698496,6b2f92395e8edc3cf7a12fc218fc92bd0eb82c63f8a326cb98b58b65b5e42547,18244056,2.3801657909934875,C,12722438,"(597021, 23917330, 18244056)",ordinary,/Users/futaoran/Desktop/华为杯2026/华为杯_code/results/full_main_fast_20260924,3220992,AI_VERIFIED
0,root2:batch_11,0,0.0,0,A0_base,case_088,4896772,1,,4.309351332980441,mps,273352,{0: 273352},243623,1829798,0,3ba7f74d364467aea1cbae4f693d4546cf1b60f76c589042f371a73474a6343b,4241344,0.7797952909895685,A,1829798,"(273352, 4896772, 4241344)",seed,/Users/futaoran/Desktop/华为杯2026/华为杯_code/results/full_main_fast_20260924,0,AI_VERIFIED
74246,root2:batch_11,0,0.0,0,A2_base,case_088,4997898,1,,2.0596685000055004,mps,273352,{0: 273352},243863,1829798,74246,728ef4c90c21bdc8e797d43aec8d4ca670960886c394365110a4d57517c44e30,2443328,0.6797999579866882,A,1904044,"(273352, 4997898, 2443328)",seed,/Users/futaoran/Desktop/华为杯2026/华为杯_code/results/full_main_fast_20260924,0,AI_VERIFIED
93124,root2:batch_11,0,0.0,0,B3_base,case_088,4896772,1,,1.4917627499962691,mps,273352,{0: 273352},240293,1829798,0,62df43688e11cc4a639fdfa2066a4a5971220a0030bd8d4cd63efa445fd375a8,1613422,1.1565600830072071,B,1922922,"(273352, 4896772, 1613422)",seed,/Users/futaoran/Desktop/华为杯2026/华为杯_code/results/full_main_fast_20260924,93124,AI_VERIFIED
0,root2:batch_11,0,0.0,0,B3_aggregate,case_088,4896772,1,,1.1960154580010567,mps,273352,{0: 273352},241757,1829798,0,b690142eabf390f8103ab6ac7c6d05197334d4f49e0e7d2a6c7ea62f3155a962,2277368,1.0821253339818213,B,1829798,"(273352, 4896772, 2277368)",aggregate,/Users/futaoran/Desktop/华为杯2026/华为杯_code/results/full_main_fast_20260924,0,AI_VERIFIED
93124,root2:batch_11,0,0.0,1876292,base_base,case_088,4896772,1,,1.2920063750061672,mps,273352,{0: 273352},240293,1829798,0,62df43688e11cc4a639fdfa2066a4a5971220a0030bd8d4cd63efa445fd375a8,1613422,1.288842707988806,C,1922922,"(273352, 4896772, 1613422)",seed,/Users/futaoran/Desktop/华为杯2026/华为杯_code/results/full_main_fast_20260924,93124,AI_VERIFIED
0,root2:batch_11,0,0.0,1829730,base_aggregate,case_088,4896772,1,,1.3251945409865584,mps,273352,{0: 273352},241757,1829798,0,b690142eabf390f8103ab6ac7c6d05197334d4f49e0e7d2a6c7ea62f3155a962,2277368,1.1140907499939203,C,1829798,"(273352, 4896772, 2277368)",aggregate,/Users/futaoran/Desktop/华为杯2026/华为杯_code/results/full_main_fast_20260924,0,AI_VERIFIED
969086,root2:batch_11,0,0.0,0,A3_base,case_088,6114882,2,,1.3442881660012063,mps,136950,"{0: 136950, 1: 136402}",244857,1829798,969086,9433483fdfcfcc9cdad1bfdda92dc7eb211d3da377bea44c839bf3dc5fb43aef,1387038,0.6974487499974202,A,2798884,"(136950, 6114882, 1387038)",seed,/Users/futaoran/Desktop/华为杯2026/华为杯_code/results/full_main_fast_20260924,0,AI_VERIFIED
,root2:batch_11,,,,A3_reorder,case_088,,2,task schedule: dependency cycle; 0 -[core 0 task order]-> 1; 1 -[subgraph dependency]-> 5; 5 -[subgraph dependency]-> 0,,mps,,,,,,d94766f67ffd0bb79daeb8dd460ef50da0adc9857a5fbf21d2c24bd476700102,,,A,,,capacity,/Users/futaoran/Desktop/华为杯2026/华为杯_code/results/full_main_fast_20260924,,PROFILE_FAILED
207536,root2:batch_11,0,0.0,0,A2_base,case_088,5187140,2,,1.6480473340197932,mps,148096,"{0: 148096, 1: 125256}",245615,1829798,207536,22c20d1c750cd7854c328d0ddc8756d67d77caa96f93cd6710f892d9e73d7b5d,1826324,0.6994008329929784,A,2037334,"(148096, 5187140, 1826324)",seed,/Users/futaoran/Desktop/华为杯2026/华为杯_code/results/full_main_fast_20260924,0,AI_VERIFIED
,root2:batch_11,,,,B3_reorder,case_088,,2,"global execution (core, op): dependency cycle; (0, 7727) -[PIPE_MTE3 FIFO]-> (0, 7730); (0, 7730) -[PIPE_MTE3 FIFO]-> (0, 7733); (0, 7733) -[PIPE_MTE3 FIFO]-> (0, 7742); (0, 7742) -[PIPE_MTE3 FIFO]-> (0, 7745); (0, 7745) -[PIPE_MTE3 FIFO]-> (0, 7748); (0, 7748) -[PIPE_MTE3 FIFO]-> (0, 7757); (0, 7757) -[PIPE_MTE3 FIFO]-> (0, 7760); (0, 7760) -[PIPE_MTE3 FIFO]-> (0, 7763); (0, 7763) -[PIPE_MTE3 FIFO]-> (0, 7724); (0, 7724) -[PIPE_MTE3 FIFO]-> (0, 7739); (0, 7739) -[PIPE_MTE3 FIFO]-> (0, 7754); (0, 7754) -[PIPE_MTE3 FIFO]-> (0, 7631); (0, 7631) -[PIPE_MTE3 FIFO]-> (0, 7700); (0, 7700) -[PIPE_MTE3 FIFO]-> (0, 7778); (0, 7778) -[PIPE_MTE3 FIFO]-> (0, 7628); (0, 7628) -[PIPE_MTE3 FIFO]-> (0, 7697); ... (137 edges total)",,mps,,,,,,ba74b81aa7015856d38ec24e0bb97a622d5cd4948ad304816c20c6a6e6051808,,1.1293053749832325,B,,,capacity,/Users/futaoran/Desktop/华为杯2026/华为杯_code/results/full_main_fast_20260924,,EVALUATION_FAILED
0,root2:batch_11,0,0.0,0,B0_base,case_088,4896772,2,,0.8341741669864859,mps,273352,{0: 273352},243623,1829798,0,1e28ee3ff5e2d6efadd296a6d5373da6bfe65a641a7310c15862f65cd792655b,4241344,0.8459534590074327,B,1829798,"(273352, 4896772, 4241344)",seed,/Users/futaoran/Desktop/华为杯2026/华为杯_code/results/full_main_fast_20260924,0,AI_VERIFIED
0,root2:batch_11,0,0.0,1829730,base_base,case_088,4896772,2,,1.1355801669997163,mps,273352,{0: 273352},243623,1829798,0,1e28ee3ff5e2d6efadd296a6d5373da6bfe65a641a7310c15862f65cd792655b,4241344,1.0730165829882026,C,1829798,"(273352, 4896772, 4241344)",seed,/Users/futaoran/Desktop/华为杯2026/华为杯_code/results/full_main_fast_20260924,0,AI_VERIFIED
284280,root2:batch_11,0,0.0,0,A2_base,case_088,5270972,3,,1.0967841669917107,mps,102036,"{0: 78150, 1: 93166, 2: 102036}",247729,1829798,284280,6ec9b4ad04fbba5776915ad779d4f1de98c59fe189a579407611334dc1f3651a,1444680,0.6006912919983733,A,2114078,"(102036, 5270972, 1444680)",seed,/Users/futaoran/Desktop/华为杯2026/华为杯_code/results/full_main_fast_20260924,0,AI_VERIFIED
,root2:batch_11,,,,A2_reorder,case_088,,3,task schedule: dependency cycle; 0 -[core 0 task order]-> 1; 1 -[subgraph dependency]-> 2; 2 -[subgraph dependency]-> 4; 4 -[subgraph dependency]-> 0,,mps,,,,,,765e4ec12ce74d412b3a03d5e416fcc9f6c9eff4b508a04d7ff417c8b4d9e6fa,,,A,,,capacity,/Users/futaoran/Desktop/华为杯2026/华为杯_code/results/full_main_fast_20260924,,PROFILE_FAILED
1363014,root2:batch_11,0,0.0,0,A3_base,case_088,6603914,3,,1.2789917500049341,mps,110066,"{0: 81334, 1: 104566, 2: 87452}",256867,1829798,1363014,14068ed0c0649663cbab90fe5dd5134774b8104d6f6db3860c443647c14b8da9,1284544,0.6629927920002956,A,3192812,"(110066, 6603914, 1284544)",seed,/Users/futaoran/Desktop/华为杯2026/华为杯_code/results/full_main_fast_20260924,0,AI_VERIFIED
,root2:batch_11,,,,B3_move,case_088,,3,"global execution (core, op): dependency cycle; (0, 7685) -[PIPE_MTE3 FIFO]-> (0, 7697); (0, 7697) -[PIPE_MTE3 FIFO]-> (0, 7670); (0, 7670) -[PIPE_MTE3 FIFO]-> (0, 7682); (0, 7682) -[PIPE_MTE3 FIFO]-> (0, 7694); (0, 7694) -[PIPE_MTE3 FIFO]-> (0, 7664); (0, 7664) -[PIPE_MTE3 FIFO]-> (0, 7676); (0, 7676) -[PIPE_MTE3 FIFO]-> (0, 7688); (0, 7688) -[cross-core COPY]-> (2, 7689); (2, 7689) -[local data/memory dependency]-> (2, 1342); (2, 1342) -[local data/memory dependency]-> (2, 1346); (2, 1346) -[local data/memory dependency]-> (2, 1348); (2, 1348) -[local data/memory dependency]-> (2, 1350); (2, 1350) -[local data/memory dependency]-> (2, 1528); (2, 1528) -[local data/memory dependency]-> (2, 1532); (2, 1532) -[local data/memory dependency]-> (2, 1536); (2, 1536) -[local data/memory dependency]-> (2, 1538); ... (52 edges total)",,mps,,,,,,47e0efed3c7a70f1ae69fc55cffafa8c66f3e39103769fc066b3ee23263353b0,,1.05455383300432,B,,,ordinary,/Users/futaoran/Desktop/华为杯2026/华为杯_code/results/full_main_fast_20260924,,EVALUATION_FAILED
0,root2:batch_11,0,0.0,0,B0_base,case_088,4896772,3,,1.0117154580075294,mps,273352,{0: 273352},243623,1829798,0,a6c3edc4244fea9d50a818af62ec715409801f75a27faab48b80a2215a0c25f6,4241344,0.8001202080049552,B,1829798,"(273352, 4896772, 4241344)",seed,/Users/futaoran/Desktop/华为杯2026/华为杯_code/results/full_main_fast_20260924,0,AI_VERIFIED
0,root2:batch_11,0,0.0,1829730,base_base,case_088,4896772,3,,0.9743496250011958,mps,273352,{0: 273352},243623,1829798,0,a6c3edc4244fea9d50a818af62ec715409801f75a27faab48b80a2215a0c25f6,4241344,0.759804166998947,C,1829798,"(273352, 4896772, 4241344)",seed,/Users/futaoran/Desktop/华为杯2026/华为杯_code/results/full_main_fast_20260924,0,AI_VERIFIED
,root2:batch_11,,,,A2_move,case_088,,4,task schedule: dependency cycle; 1 -[core 0 task order]-> 2; 2 -[subgraph dependency]-> 6; 6 -[subgraph dependency]-> 1,,mps,,,,,,6360e535b2b56174a357d4cd67477f0acba7a16bcfafa40166009d497663b4c0,,,A,,,ordinary,/Users/futaoran/Desktop/华为杯2026/华为杯_code/results/full_main_fast_20260924,,PROFILE_FAILED
320572,root2:batch_11,0,0.0,0,A2_base,case_088,5328720,4,,1.102573084004689,mps,98867,"{0: 45121, 1: 72476, 2: 56888, 3: 98867}",249922,1829798,320572,7fb71f1d0ab705df0f823d56b736aa132dae340046e1e7726dc871d18f8c1afc,1247816,0.6755762499815319,A,2150370,"(98867, 5328720, 1247816)",seed,/Users/futaoran/Desktop/华为杯2026/华为杯_code/results/full_main_fast_20260924,0,AI_VERIFIED
,root2:batch_11,,,,A2_reorder,case_088,,4,task schedule: dependency cycle; 0 -[core 0 task order]-> 1; 1 -[subgraph dependency]-> 2; 2 -[subgraph dependency]-> 4; 4 -[subgraph dependency]-> 6; 6 -[subgraph dependency]-> 5; 5 -[subgraph dependency]-> 0,,mps,,,,,,51e3a5918bb99e0cfb7e099517b3b2cac069f55812524b32969aa190e5f79af0,,,A,,,capacity,/Users/futaoran/Desktop/华为杯2026/华为杯_code/results/full_main_fast_20260924,,PROFILE_FAILED
1745610,root2:batch_11,0,0.0,0,A3_base,case_088,7009390,4,,1.1774550839909352,mps,116824,"{0: 60794, 1: 70836, 2: 78877, 3: 62845}",252558,1829798,1745610,b16f2bd8aa0d06f284c069affb8e9887ddc38406831f201984033c17be880f62,1246108,0.7145406249910593,A,3575408,"(116824, 7009390, 1246108)",seed,/Users/futaoran/Desktop/华为杯2026/华为杯_code/results/full_main_fast_20260924,0,AI_VERIFIED
,root2:batch_11,,,,B2_move,case_088,,4,"global execution (core, op): dependency cycle; (0, 3352) -[local data/memory dependency]-> (0, 3354); (0, 3354) -[local data/memory dependency]-> (0, 3356); (0, 3356) -[local data/memory dependency]-> (0, 3358); (0, 3358) -[local data/memory dependency]-> (0, 8266); (0, 8266) -[PIPE_MTE3 FIFO]-> (0, 8269); (0, 8269) -[PIPE_MTE3 FIFO]-> (0, 8272); (0, 8272) -[PIPE_MTE3 FIFO]-> (0, 8281); (0, 8281) -[PIPE_MTE3 FIFO]-> (0, 8284); (0, 8284) -[PIPE_MTE3 FIFO]-> (0, 8287); (0, 8287) -[PIPE_MTE3 FIFO]-> (0, 8296); (0, 8296) -[PIPE_MTE3 FIFO]-> (0, 8299); (0, 8299) -[PIPE_MTE3 FIFO]-> (0, 8302); (0, 8302) -[PIPE_MTE3 FIFO]-> (0, 8335); (0, 8335) -[PIPE_MTE3 FIFO]-> (0, 8338); (0, 8338) -[PIPE_MTE3 FIFO]-> (0, 8341); (0, 8341) -[PIPE_MTE3 FIFO]-> (0, 8350); ... (120 edges total)",,mps,,,,,,4376fb315e21a17345dfd74004cebba7b1a62ea932b1c952ffcc4cbc99742721,,0.9480210409965366,B,,,ordinary,/Users/futaoran/Desktop/华为杯2026/华为杯_code/results/full_main_fast_20260924,,EVALUATION_FAILED
0,root2:batch_11,0,0.0,0,B0_base,case_088,4896772,4,,0.8268359159992542,mps,273352,{0: 273352},243623,1829798,0,ea37ffac65213644a8dfa23933fcf1954e93a304374dc0ac7bc2fc255e2db615,4241344,1.0765918339893688,B,1829798,"(273352, 4896772, 4241344)",seed,/Users/futaoran/Desktop/华为杯2026/华为杯_code/results/full_main_fast_20260924,0,AI_VERIFIED
0,root2:batch_11,0,0.0,1829730,base_base,case_088,4896772,4,,0.9482850839849561,mps,273352,{0: 273352},243623,1829798,0,ea37ffac65213644a8dfa23933fcf1954e93a304374dc0ac7bc2fc255e2db615,4241344,0.7556466659880243,C,1829798,"(273352, 4896772, 4241344)",seed,/Users/futaoran/Desktop/华为杯2026/华为杯_code/results/full_main_fast_20260924,0,AI_VERIFIED
575170,root2:batch_11,0,0.0,0,A2_base,case_088,5593670,5,,1.0287462080013938,mps,93228,"{0: 50373, 1: 83623, 2: 45098, 3: 58758, 4: 35500}",248021,1829798,575170,59dfca942ea8282a93f7948a3cd18085fe53ebf2975a31d0f652e36fc7ace092,1355936,0.7453302089998033,A,2404968,"(93228, 5593670, 1355936)",seed,/Users/futaoran/Desktop/华为杯2026/华为杯_code/results/full_main_fast_20260924,0,AI_VERIFIED
,root2:batch_11,,,,A2_reorder,case_088,,5,task schedule: dependency cycle; 0 -[core 0 task order]-> 1; 1 -[subgraph dependency]-> 3; 3 -[subgraph dependency]-> 5; 5 -[subgraph dependency]-> 7; 7 -[subgraph dependency]-> 9; 9 -[subgraph dependency]-> 0,,mps,,,,,,680e1bf6a3168dcf6abf0d1fc4251d6f35898a0dfafe0150c755a880f0ae06a4,,,A,,,capacity,/Users/futaoran/Desktop/华为杯2026/华为杯_code/results/full_main_fast_20260924,,PROFILE_FAILED
2026824,root2:batch_11,0,0.0,0,A3_base,case_088,7397788,5,,1.1414912089821883,mps,123297,"{0: 50027, 1: 51527, 2: 54783, 3: 57159, 4: 59856}",263024,1829798,2026824,5e36bbc34309d9a6a40231e5e5532c5ad6e741790a74e924f239ffb679d0c9d4,1208224,0.9443628329900093,A,3856622,"(123297, 7397788, 1208224)",seed,/Users/futaoran/Desktop/华为杯2026/华为杯_code/results/full_main_fast_20260924,0,AI_VERIFIED
,root2:batch_11,,,,B2_move,case_088,,5,"global execution (core, op): dependency cycle; (0, 8388) -[PIPE_MTE3 FIFO]-> (0, 8391); (0, 8391) -[PIPE_MTE3 FIFO]-> (0, 8394); (0, 8394) -[PIPE_MTE3 FIFO]-> (0, 8289); (0, 8289) -[PIPE_MTE3 FIFO]-> (0, 8385); (0, 8385) -[PIPE_MTE3 FIFO]-> (0, 8520); (0, 8520) -[PIPE_MTE3 FIFO]-> (0, 8517); (0, 8517) -[PIPE_MTE3 FIFO]-> (0, 8286); (0, 8286) -[PIPE_MTE3 FIFO]-> (0, 8382); (0, 8382) -[PIPE_MTE3 FIFO]-> (0, 8505); (0, 8505) -[PIPE_MTE3 FIFO]-> (0, 8508); (0, 8508) -[PIPE_MTE3 FIFO]-> (0, 8511); (0, 8511) -[PIPE_MTE3 FIFO]-> (0, 8514); (0, 8514) -[PIPE_MTE3 FIFO]-> (0, 8523); (0, 8523) -[PIPE_MTE3 FIFO]-> (0, 8538); (0, 8538) -[PIPE_MTE3 FIFO]-> (0, 8553); (0, 8553) -[cross-core COPY]-> (1, 8554); ... (264 edges total)",,mps,,,,,,627579e1812f2dc8f1c14c28ff03454d1c004f5914d54e3b04f55ef18c3e2460,,0.8005244579981081,B,,,ordinary,/Users/futaoran/Desktop/华为杯2026/华为杯_code/results/full_main_fast_20260924,,EVALUATION_FAILED
0,root2:batch_11,0,0.0,0,B0_base,case_088,4896772,5,,0.9425261249998584,mps,273352,{0: 273352},243623,1829798,0,66a495bdc20f2dc717df18cd047562de40795d93c18eb94c2f9182dee0a61e5b,4241344,0.788269541983027,B,1829798,"(273352, 4896772, 4241344)",seed,/Users/futaoran/Desktop/华为杯2026/华为杯_code/results/full_main_fast_20260924,0,AI_VERIFIED
0,root2:batch_11,0,0.0,1829730,base_base,case_088,4896772,5,,0.8729820839944296,mps,273352,{0: 273352},243623,1829798,0,66a495bdc20f2dc717df18cd047562de40795d93c18eb94c2f9182dee0a61e5b,4241344,0.7970243750023656,C,1829798,"(273352, 4896772, 4241344)",seed,/Users/futaoran/Desktop/华为杯2026/华为杯_code/results/full_main_fast_20260924,0,AI_VERIFIED
0,root2:batch_11,0,0.0,0,A0_base,case_089,8635520,1,,9.106140124989906,mps,698880,{0: 698880},693092,566400,0,d9c933ffa246a067a8122525138f16ff62ce389eabbcd8aac55d16392fbaa6a9,7947392,1.9822234579769429,A,566400,"(698880, 8635520, 7947392)",seed,/Users/futaoran/Desktop/华为杯2026/华为杯_code/results/full_main_fast_20260924,0,AI_VERIFIED
238720,root2:batch_11,0,0.0,0,A2_base,case_089,8874240,1,,4.783098540996434,mps,698880,{0: 698880},693484,566400,238720,5b4adf1ff398ff3573053fd87928c6580ab5a76d8c08089199862a38d7ff32c3,3830912,1.6473073750094045,A,805120,"(698880, 8874240, 3830912)",seed,/Users/futaoran/Desktop/华为杯2026/华为杯_code/results/full_main_fast_20260924,0,AI_VERIFIED
58368,root2:batch_11,0,0.0,0,B3_base,case_089,8635520,1,,1.9338841249991674,mps,698880,{0: 698880},694728,566400,0,8b5bc11c08e6cdbfd67986237e48287f614cb1e19d1444ab5cfb7c391a4e565a,2854824,2.029333124984987,B,624768,"(698880, 8635520, 2854824)",seed,/Users/futaoran/Desktop/华为杯2026/华为杯_code/results/full_main_fast_20260924,58368,AI_VERIFIED
58368,root2:batch_11,0,0.0,0,B3_aggregate,case_089,8635520,1,,1.9186577500076964,mps,698880,{0: 698880},695560,566400,0,29ee0d0650e547221b9aa699d0c10599e3239fdb63c61d955e38e4ac2ab279b1,3369400,1.842917000001762,B,624768,"(698880, 8635520, 3369400)",aggregate,/Users/futaoran/Desktop/华为杯2026/华为杯_code/results/full_main_fast_20260924,58368,AI_VERIFIED
58368,root2:batch_11,9216,0.021120563215019067,427136,base_base,case_089,8635520,1,,2.0876462500018533,mps,698880,{0: 698880},694728,566400,0,8b5bc11c08e6cdbfd67986237e48287f614cb1e19d1444ab5cfb7c391a4e565a,2854824,2.3273945830005687,C,624768,"(698880, 8635520, 2854824)",seed,/Users/futaoran/Desktop/华为杯2026/华为杯_code/results/full_main_fast_20260924,58368,AI_VERIFIED
58368,root2:batch_11,9216,0.021120563215019067,427136,base_aggregate,case_089,8635520,1,,2.01460920801037,mps,698880,{0: 698880},695560,566400,0,29ee0d0650e547221b9aa699d0c10599e3239fdb63c61d955e38e4ac2ab279b1,3369400,1.731982416997198,C,624768,"(698880, 8635520, 3369400)",aggregate,/Users/futaoran/Desktop/华为杯2026/华为杯_code/results/full_main_fast_20260924,58368,AI_VERIFIED
238720,root2:batch_11,0,0.0,0,A1_base,case_089,8874240,2,,6.426671207998879,mps,349440,"{0: 349440, 1: 349440}",346832,566400,238720,414c355e90b2b45c26acf9c63151882c21a8ca1fef9b9cb02335a1bcaaef69ea,7661824,1.772013459005393,A,805120,"(349440, 8874240, 7661824)",seed,/Users/futaoran/Desktop/华为杯2026/华为杯_code/results/full_main_fast_20260924,0,AI_VERIFIED
477440,root2:batch_11,0,0.0,0,A2_aggregate,case_089,9112960,2,,7.146797499997774,mps,349440,"{0: 349440, 1: 349440}",347224,566400,477440,57c399a5c16083866b126ab65c17f8ca4b4244f50069fbfebe7d81dac5f98d5d,5603584,1.307396999996854,A,1043840,"(349440, 9112960, 5603584)",aggregate,/Users/futaoran/Desktop/华为杯2026/华为杯_code/results/full_main_fast_20260924,0,AI_VERIFIED
238720,root2:batch_11,0,0.0,0,B1_base,case_089,8874240,2,,1.604329665977275,mps,349440,"{0: 349440, 1: 349440}",346832,566400,238720,414c355e90b2b45c26acf9c63151882c21a8ca1fef9b9cb02335a1bcaaef69ea,7661824,1.3802854169916827,B,805120,"(349440, 8874240, 7661824)",seed,/Users/futaoran/Desktop/华为杯2026/华为杯_code/results/full_main_fast_20260924,0,AI_VERIFIED
327680,root2:batch_11,0,0.0,0,B2_base,case_089,9045120,2,,1.972838582994882,mps,374400,"{0: 374400, 1: 324480}",688038,566400,327680,f58b61176b4d7e5132477e53ed8f4a3407e428ba7b5079b592049abbad7bdd35,3671240,2.420513166987803,B,894080,"(374400, 9045120, 3671240)",seed,/Users/futaoran/Desktop/华为杯2026/华为杯_code/results/full_main_fast_20260924,0,AI_VERIFIED
238720,root2:batch_11,0,0.0,641280,base_base,case_089,8874240,2,,1.9324752499815077,mps,349440,"{0: 349440, 1: 349440}",346832,566400,238720,414c355e90b2b45c26acf9c63151882c21a8ca1fef9b9cb02335a1bcaaef69ea,7661824,1.8107035419961903,C,805120,"(349440, 8874240, 7661824)",seed,/Users/futaoran/Desktop/华为杯2026/华为杯_code/results/full_main_fast_20260924,0,AI_VERIFIED
0,root2:batch_11,0,0.0,402560,base_aggregate_tid_1000000059,case_089,8635520,2,,2.7616940830193926,mps,698880,{0: 698880},693092,566400,0,6c8e78b6a45abd199690d55fda98a0e6e1489b204275d18ed6a77e3b3775108e,3830912,2.5899848330009263,C,566400,"(698880, 8635520, 3830912)",aggregate,/Users/futaoran/Desktop/华为杯2026/华为杯_code/results/full_main_fast_20260924,0,AI_VERIFIED
1264256,root2:batch_11,0,0.0,0,A2_base,case_089,9928960,3,,2.6557746659964323,mps,233348,"{0: 233220, 1: 233348, 2: 232312}",698828,566400,1264256,4d67f53d178fca9fb7712c915fa539a85913797981cd6753cc97c1528725d1f6,3371904,1.564737333013909,A,1830656,"(233348, 9928960, 3371904)",seed,/Users/futaoran/Desktop/华为杯2026/华为杯_code/results/full_main_fast_20260924,0,AI_VERIFIED
,root2:batch_11,,,,A2_reorder,case_089,,3,task schedule: dependency cycle; 0 -[core 0 task order]-> 1; 1 -[subgraph dependency]-> 2; 2 -[subgraph dependency]-> 4; 4 -[subgraph dependency]-> 5; 5 -[subgraph dependency]-> 0,,mps,,,,,,ce112755618225651be0b0c2a4dc88bff32adc76c4106cc137feee48f4abc019,,,A,,,capacity,/Users/futaoran/Desktop/华为杯2026/华为杯_code/results/full_main_fast_20260924,,PROFILE_FAILED
477440,root2:batch_11,0,0.0,0,A1_base,case_089,9112960,3,,4.572942708997289,mps,244608,"{0: 244608, 1: 227136, 2: 227136}",243614,566400,477440,0ce5e8a7818d78cf236a0ac8d6f95cd0e9b0dc19c2e55ad073fc18b1563d78ec,7376256,1.7970479169744067,A,1043840,"(244608, 9112960, 7376256)",seed,/Users/futaoran/Desktop/华为杯2026/华为杯_code/results/full_main_fast_20260924,0,AI_VERIFIED
477440,root2:batch_11,0,0.0,0,B1_base,case_089,9112960,3,,1.621048625005642,mps,244608,"{0: 244608, 1: 227136, 2: 227136}",243614,566400,477440,0ce5e8a7818d78cf236a0ac8d6f95cd0e9b0dc19c2e55ad073fc18b1563d78ec,7376256,1.83782866699039,B,1043840,"(244608, 9112960, 7376256)",seed,/Users/futaoran/Desktop/华为杯2026/华为杯_code/results/full_main_fast_20260924,0,AI_VERIFIED
2867080,root2:batch_11,0,0.0,0,B3_base,case_089,11724296,3,,2.366235041990876,mps,256740,"{0: 256740, 1: 231932, 2: 210208}",503496,566400,2867080,309eae7c818496ec387b641ce5f7ed0b8fe9a04d1fc3caff66ca9501303449e8,2556352,1.9655734169937205,B,3433480,"(256740, 11724296, 2556352)",seed,/Users/futaoran/Desktop/华为杯2026/华为杯_code/results/full_main_fast_20260924,0,AI_VERIFIED
477440,root2:batch_11,0,0.0,880000,base_base,case_089,9112960,3,,1.5275618340237997,mps,244608,"{0: 244608, 1: 227136, 2: 227136}",243614,566400,477440,0ce5e8a7818d78cf236a0ac8d6f95cd0e9b0dc19c2e55ad073fc18b1563d78ec,7376256,1.5017318750033155,C,1043840,"(244608, 9112960, 7376256)",seed,/Users/futaoran/Desktop/华为杯2026/华为杯_code/results/full_main_fast_20260924,0,AI_VERIFIED
238720,root2:batch_11,5648,0.008807385229540918,635632,base_move,case_089,8874240,3,,1.8794747500214726,mps,471744,"{1: 471744, 2: 227136}",475984,566400,238720,24ad6338953d096c6e38044dfb53874703ff80cbd80e5b8e349f3a5061a7de68,4986112,1.5344173329940531,C,805120,"(471744, 8874240, 4986112)",ordinary,/Users/futaoran/Desktop/华为杯2026/华为杯_code/results/full_main_fast_20260924,0,AI_VERIFIED
716160,root2:batch_11,0,0.0,0,A1_base,case_089,9351680,4,,4.062359707982978,mps,174720,"{0: 174720, 1: 174720, 2: 174720, 3: 174720}",178160,566400,716160,09587b4e0468b761ef15a3296b43e0209da7ea4c68079e28cbfa469def15e870,7090688,1.764624041999923,A,1282560,"(174720, 9351680, 7090688)",seed,/Users/futaoran/Desktop/华为杯2026/华为杯_code/results/full_main_fast_20260924,0,AI_VERIFIED
1432320,root2:batch_11,0,0.0,0,A2_aggregate,case_089,10067840,4,,2.7554994160018396,mps,174720,"{0: 174720, 1: 174720, 2: 174720, 3: 174720}",179532,566400,1432320,7dd38804079db93c39b682f39174c87c64237991f16d429f4940ce7587e80cda,4003328,1.5522515829943586,A,1998720,"(174720, 10067840, 4003328)",aggregate,/Users/futaoran/Desktop/华为杯2026/华为杯_code/results/full_main_fast_20260924,0,AI_VERIFIED
716160,root2:batch_11,0,0.0,0,B1_base,case_089,9351680,4,,1.286819833010668,mps,174720,"{0: 174720, 1: 174720, 2: 174720, 3: 174720}",178160,566400,716160,09587b4e0468b761ef15a3296b43e0209da7ea4c68079e28cbfa469def15e870,7090688,1.2256707079941407,B,1282560,"(174720, 9351680, 7090688)",seed,/Users/futaoran/Desktop/华为杯2026/华为杯_code/results/full_main_fast_20260924,0,AI_VERIFIED
1228800,root2:batch_11,0,0.0,0,B2_base,case_089,10202240,4,,1.8811072079988662,mps,193920,"{0: 193920, 1: 180480, 2: 156640, 3: 167840}",603742,566400,1228800,d5b4b1223109d56f7a86dcb3a9ca0c13da2f8a759ed4be28f2ee0861290cb7dd,2991816,1.2880994580045808,B,1795200,"(193920, 10202240, 2991816)",seed,/Users/futaoran/Desktop/华为杯2026/华为杯_code/results/full_main_fast_20260924,0,AI_VERIFIED
716160,root2:batch_11,0,0.0,1118720,base_base,case_089,9351680,4,,1.3518812080146745,mps,174720,"{0: 174720, 1: 174720, 2: 174720, 3: 174720}",178160,566400,716160,09587b4e0468b761ef15a3296b43e0209da7ea4c68079e28cbfa469def15e870,7090688,1.5597789160092361,C,1282560,"(174720, 9351680, 7090688)",seed,/Users/futaoran/Desktop/华为杯2026/华为杯_code/results/full_main_fast_20260924,0,AI_VERIFIED
477440,root2:batch_11,19824,0.022527272727272726,860176,base_move,case_089,9112960,4,,1.2593482499942183,mps,349440,"{1: 349440, 2: 174720, 3: 174720}",358622,566400,477440,211f8eca04bf9b0e81d246ce439e9ed5ae6447194118c44bea1ac337249913dc,5318016,1.2287197079858743,C,1043840,"(349440, 9112960, 5318016)",ordinary,/Users/futaoran/Desktop/华为杯2026/华为杯_code/results/full_main_fast_20260924,0,AI_VERIFIED
954880,root2:batch_11,0,0.0,0,A1_base,case_089,9590400,5,,2.5825992499885615,mps,159840,"{0: 139776, 1: 139776, 2: 139776, 3: 139776, 4: 139776}",147432,566400,954880,6396580b574a23078fdc8325cca408fbf40ec40f162c19c8e866d8fa154704f2,6805120,1.1964708330051508,A,1521280,"(159840, 9590400, 6805120)",seed,/Users/futaoran/Desktop/华为杯2026/华为杯_code/results/full_main_fast_20260924,0,AI_VERIFIED
1909760,root2:batch_11,0,0.0,0,A2_aggregate,case_089,10545280,5,,2.5437327090185136,mps,175755,"{0: 139776, 1: 139776, 2: 139776, 3: 139776, 4: 139776}",152530,566400,1909760,7a859ca0a1bdda901b77617ebc4f2eb92657976b92b10e1c91c3317032a1a7ec,3511936,0.9592662500217557,A,2476160,"(175755, 10545280, 3511936)",aggregate,/Users/futaoran/Desktop/华为杯2026/华为杯_code/results/full_main_fast_20260924,0,AI_VERIFIED
954880,root2:batch_11,0,0.0,0,B1_base,case_089,9590400,5,,1.2589027499780059,mps,159840,"{0: 139776, 1: 139776, 2: 139776, 3: 139776, 4: 139776}",147432,566400,954880,6396580b574a23078fdc8325cca408fbf40ec40f162c19c8e866d8fa154704f2,6805120,1.215765625005588,B,1521280,"(159840, 9590400, 6805120)",seed,/Users/futaoran/Desktop/华为杯2026/华为杯_code/results/full_main_fast_20260924,0,AI_VERIFIED
1334736,root2:batch_11,0,0.0,0,B2_base,case_089,10136144,5,,1.461749542009784,mps,169984,"{0: 169984, 1: 139648, 2: 131328, 3: 125248, 4: 132672}",593399,566400,1334736,6979cfd43ff74fc64b56e51db0e4cd3559d9384b7e354b7a52d7bc5e8a07b5dd,2780680,1.2744141250150278,B,1901136,"(169984, 10136144, 2780680)",seed,/Users/futaoran/Desktop/华为杯2026/华为杯_code/results/full_main_fast_20260924,0,AI_VERIFIED
954880,root2:batch_11,0,0.0,1357440,base_base,case_089,9590400,5,,1.3243765419756528,mps,159840,"{0: 139776, 1: 139776, 2: 139776, 3: 139776, 4: 139776}",147432,566400,954880,6396580b574a23078fdc8325cca408fbf40ec40f162c19c8e866d8fa154704f2,6805120,1.50081387499813,C,1521280,"(159840, 9590400, 6805120)",seed,/Users/futaoran/Desktop/华为杯2026/华为杯_code/results/full_main_fast_20260924,0,AI_VERIFIED
716160,root2:batch_11,53928,0.048205091533180776,1064792,base_move,case_089,9351680,5,,1.2520452500029933,mps,279552,"{1: 279552, 2: 139776, 3: 139776, 4: 139776}",292811,566400,716160,a7a2ed4bc4a29b8e1d0bc90ab23c6523284a5495cb2a92ee95fba06aabe730ce,5444096,1.2253289170039352,C,1282560,"(279552, 9351680, 5444096)",ordinary,/Users/futaoran/Desktop/华为杯2026/华为杯_code/results/full_main_fast_20260924,0,AI_VERIFIED
2068520,root2:batch_12,0,0.0,0,A0_base,case_060,19008004,1,,16.872551375010516,mps,993771,{0: 993771},888789,2099006,0,004b9eedf254bc8c190c242e74df9dedd1fc196b469fc724354d29e58957dc69,18352366,2.104549459007103,A,4167526,"(993771, 19008004, 18352366)",seed,/Users/futaoran/Desktop/华为杯2026/华为杯_code/results/full_main_fast_20260924,2068520,AI_VERIFIED
2398344,root2:batch_12,0,0.0,0,A2_base,case_060,20191876,1,,8.844065957993735,mps,993771,{0: 993771},886258,2099006,1183872,474a7b90ca0bf859acb863714be000667e4f829162325bfc3f1281f4c5cec47e,13043286,1.4168080000090413,A,4497350,"(993771, 20191876, 13043286)",seed,/Users/futaoran/Desktop/华为杯2026/华为杯_code/results/full_main_fast_20260924,1214472,AI_VERIFIED
18983692,root2:batch_12,0,0.0,0,B3_base,case_060,19008004,1,,4.63090600000578,mps,993771,{0: 993771},1095459,2099006,0,dde86be1bdc1a7abb30eea807692959c7e874e1009f8b13865b69457edc38e65,12425886,4.144896875019185,B,21082698,"(993771, 19008004, 12425886)",seed,/Users/futaoran/Desktop/华为杯2026/华为杯_code/results/full_main_fast_20260924,18983692,AI_VERIFIED
18842440,root2:batch_12,0,0.0,0,B3_aggregate,case_060,19008004,1,,4.785807708016364,mps,993771,{0: 993771},1096226,2099006,0,0f0e5464c1b99b696aca846717d6adeaad49a97112434abf5521c06c5b60ee5c,12524212,4.79216783301672,B,20941446,"(993771, 19008004, 12524212)",aggregate,/Users/futaoran/Desktop/华为杯2026/华为杯_code/results/full_main_fast_20260924,18842440,AI_VERIFIED
18983692,root2:batch_12,868352,0.06919458123250617,11681070,base_base,case_060,19008004,1,,4.183009708009195,mps,993771,{0: 993771},1093395,2099006,0,dde86be1bdc1a7abb30eea807692959c7e874e1009f8b13865b69457edc38e65,12425886,4.415755207999609,C,21082698,"(993771, 19008004, 12425886)",seed,/Users/futaoran/Desktop/华为杯2026/华为杯_code/results/full_main_fast_20260924,18983692,AI_VERIFIED
18842440,root2:batch_12,1371136,0.10974218666711061,11123020,base_aggregate,case_060,19008004,1,,4.667094416014152,mps,993771,{0: 993771},1086432,2099006,0,0f0e5464c1b99b696aca846717d6adeaad49a97112434abf5521c06c5b60ee5c,12524212,4.170347083010711,C,20941446,"(993771, 19008004, 12524212)",aggregate,/Users/futaoran/Desktop/华为杯2026/华为杯_code/results/full_main_fast_20260924,18842440,AI_VERIFIED
2603148,root2:batch_12,0,0.0,0,A1_base,case_060,20216452,2,,18.01589162502205,mps,497012,"{0: 497012, 1: 496759}",443955,2099006,1208448,9e46ea3842848e1bb6507c872876c9b665c2d4ff936b932ac98aec82a7b1abe0,18905454,1.5179509590088855,A,4702154,"(497012, 20216452, 18905454)",seed,/Users/futaoran/Desktop/华为杯2026/华为杯_code/results/full_main_fast_20260924,1394700,AI_VERIFIED
3238024,root2:batch_12,0,0.0,0,A2_base,case_060,21615236,2,,4.373483250004938,mps,560625,"{0: 560625, 1: 433146}",886275,2099006,2607232,f0e472754a56f2448b20b8740e7207d436684341cf116ad8d6838d6df2040259,15484952,1.9775147080072202,A,5337030,"(560625, 21615236, 15484952)",seed,/Users/futaoran/Desktop/华为杯2026/华为杯_code/results/full_main_fast_20260924,630792,AI_VERIFIED
2603148,root2:batch_12,0,0.0,0,B1_base,case_060,20216452,2,,2.103162249986781,mps,497012,"{0: 497012, 1: 496759}",443955,2099006,1208448,9e46ea3842848e1bb6507c872876c9b665c2d4ff936b932ac98aec82a7b1abe0,18905454,1.7656734170159325,B,4702154,"(497012, 20216452, 18905454)",seed,/Users/futaoran/Desktop/华为杯2026/华为杯_code/results/full_main_fast_20260924,1394700,AI_VERIFIED
23622630,root2:batch_12,0,0.0,0,B3_base,case_060,29762248,2,,4.134639374999097,mps,511528,"{0: 511528, 1: 482243}",802818,2099006,10619066,d4d47ced799f6437e1d53a541cb6ea357c036dee71f4ce886d7d9dd1ac6dc846,12470634,3.377460459014401,B,25721636,"(511528, 29762248, 12470634)",seed,/Users/futaoran/Desktop/华为杯2026/华为杯_code/results/full_main_fast_20260924,13003564,AI_VERIFIED
2603148,root2:batch_12,2029696,0.4316784598468269,2672174,base_base,case_060,20216452,2,,2.161653249990195,mps,497012,"{0: 497012, 1: 496759}",443733,2099006,1208448,9e46ea3842848e1bb6507c872876c9b665c2d4ff936b932ac98aec82a7b1abe0,18905454,1.8292904999980237,C,4702154,"(497012, 20216452, 18905454)",seed,/Users/futaoran/Desktop/华为杯2026/华为杯_code/results/full_main_fast_20260924,1394700,AI_VERIFIED
2405516,root2:batch_12,1565696,0.3476050777068174,2938542,base_aggregate_tid_1000000523,case_060,19008004,2,,2.487805707991356,mps,993771,{0: 993771},885423,2099006,0,d11e288d46fac89ca91cefeb801e9a18b2536f6c3d504f00668dd285baf8ab9f,10101958,2.6262957500002813,C,4504522,"(993771, 19008004, 10101958)",aggregate,/Users/futaoran/Desktop/华为杯2026/华为杯_code/results/full_main_fast_20260924,2405516,AI_VERIFIED
3221760,root2:batch_12,0,0.0,0,A1_base,case_060,21363460,3,,16.00270924999495,mps,356058,"{0: 330944, 1: 331464, 2: 331363}",298210,2099006,2355456,88de7a1c8de87c21f6e7b2a62b094c0caca592541ad95bbbf33bbaadd55e261e,19397102,1.753169874980813,A,5320766,"(356058, 21363460, 19397102)",seed,/Users/futaoran/Desktop/华为杯2026/华为杯_code/results/full_main_fast_20260924,866304,AI_VERIFIED
3971212,root2:batch_12,0,0.0,0,A2_base,case_060,22596240,3,,3.5803674580238294,mps,376604,"{0: 364203, 1: 334790, 2: 294778}",875752,2099006,3588232,a9025621dc248ce85328ed2b1e1c51c4cbe98d039993ac1eb7ad80c6d7d39a54,15451112,1.7868049999815412,A,6070218,"(376604, 22596240, 15451112)",seed,/Users/futaoran/Desktop/华为杯2026/华为杯_code/results/full_main_fast_20260924,382980,AI_VERIFIED
3221760,root2:batch_12,0,0.0,0,B1_base,case_060,21363460,3,,1.8602291249844711,mps,356058,"{0: 330944, 1: 331464, 2: 331363}",298210,2099006,2355456,88de7a1c8de87c21f6e7b2a62b094c0caca592541ad95bbbf33bbaadd55e261e,19397102,1.68791587499436,B,5320766,"(356058, 21363460, 19397102)",seed,/Users/futaoran/Desktop/华为杯2026/华为杯_code/results/full_main_fast_20260924,866304,AI_VERIFIED
21708264,root2:batch_12,0,0.0,0,B2_base,case_060,31735344,3,,3.419216709007742,mps,528923,"{0: 306571, 1: 347040, 2: 340160}",718183,2099006,12612652,0bab6f1ae91875ccd532b430c54bae4631327f50fcdd245b978fde52c9a26493,16637620,3.148059875005856,B,23807270,"(528923, 31735344, 16637620)",seed,/Users/futaoran/Desktop/华为杯2026/华为杯_code/results/full_main_fast_20260924,9095612,AI_VERIFIED
3221760,root2:batch_12,2556032,0.48041307489087465,2764456,base_base,case_060,21363460,3,,2.37668533300166,mps,356058,"{0: 330944, 1: 331464, 2: 331363}",297398,2099006,2355456,88de7a1c8de87c21f6e7b2a62b094c0caca592541ad95bbbf33bbaadd55e261e,19397102,2.309069791022921,C,5320766,"(356058, 21363460, 19397102)",seed,/Users/futaoran/Desktop/华为杯2026/华为杯_code/results/full_main_fast_20260924,866304,AI_VERIFIED
3073280,root2:batch_12,1742976,0.3370017989144642,3429032,base_move,case_060,20155012,3,,2.6703962500032503,mps,662408,"{0: 662408, 2: 331363}",593359,2099006,1147008,0211b839ae607fdb2d0e912a360920ee360a25383bcd6357fd5afacffa2b819b,13372380,2.286921582999639,C,5172286,"(662408, 20155012, 13372380)",ordinary,/Users/futaoran/Desktop/华为杯2026/华为杯_code/results/full_main_fast_20260924,1926272,AI_VERIFIED
3930376,root2:batch_12,0,0.0,0,A1_base,case_060,22192900,4,,19.05162724998081,mps,369882,"{0: 248162, 1: 248745, 2: 248197, 3: 248667}",221720,2099006,3184896,d7165304ee3badabba945899100fb6d1ad2a5ae5fdbddb414baadac6551f83b6,19571182,1.7656498750147875,A,6029382,"(369882, 22192900, 19571182)",seed,/Users/futaoran/Desktop/华为杯2026/华为杯_code/results/full_main_fast_20260924,745480,AI_VERIFIED
4386952,root2:batch_12,0,0.0,0,A2_aggregate,case_060,23202448,4,,3.8359508340072352,mps,386708,"{0: 274200, 1: 209507, 2: 286193, 3: 223871}",878557,2099006,4190344,3360ddbe08a26327487339f5b84d14bf6c37343fb4f686bd9963488c3b940c04,16926184,1.7650486250058748,A,6485958,"(386708, 23202448, 16926184)",aggregate,/Users/futaoran/Desktop/华为杯2026/华为杯_code/results/full_main_fast_20260924,196608,AI_VERIFIED
3930376,root2:batch_12,0,0.0,0,B1_base,case_060,22192900,4,,2.270488749985816,mps,369882,"{0: 248162, 1: 248745, 2: 248197, 3: 248667}",221720,2099006,3184896,d7165304ee3badabba945899100fb6d1ad2a5ae5fdbddb414baadac6551f83b6,19571182,2.199618000013288,B,6029382,"(369882, 22192900, 19571182)",seed,/Users/futaoran/Desktop/华为杯2026/华为杯_code/results/full_main_fast_20260924,745480,AI_VERIFIED
3685512,root2:batch_12,0,0.0,0,B1_move,case_060,21168772,4,,2.368518208997557,mps,496907,"{0: 496907, 2: 248197, 3: 248667}",443859,2099006,2160768,f8cad792560fead6308680590daed142fc53f51ac063ad4a87fa7f00556d7245,14922058,2.0894155419955496,B,5784518,"(496907, 21168772, 14922058)",ordinary,/Users/futaoran/Desktop/华为杯2026/华为杯_code/results/full_main_fast_20260924,1524744,AI_VERIFIED
3930376,root2:batch_12,2904192,0.48169577548887893,3124908,base_base,case_060,22192900,4,,2.396981333004078,mps,369882,"{0: 248162, 1: 248745, 2: 248197, 3: 248667}",221694,2099006,3184896,d7165304ee3badabba945899100fb6d1ad2a5ae5fdbddb414baadac6551f83b6,19571182,1.8598361249896698,C,6029382,"(369882, 22192900, 19571182)",seed,/Users/futaoran/Desktop/华为杯2026/华为杯_code/results/full_main_fast_20260924,745480,AI_VERIFIED
3685512,root2:batch_12,2681856,0.46364913188189416,3102380,base_move,case_060,21168772,4,,2.5893598749826197,mps,496907,"{0: 496907, 2: 248197, 3: 248667}",441778,2099006,2160768,f8cad792560fead6308680590daed142fc53f51ac063ad4a87fa7f00556d7245,14922058,2.1637213750218507,C,5784518,"(496907, 21168772, 14922058)",ordinary,/Users/futaoran/Desktop/华为杯2026/华为杯_code/results/full_main_fast_20260924,1524744,AI_VERIFIED
3948928,root2:batch_12,0,0.0,0,A1_base,case_060,22786948,5,,16.39799125000718,mps,379783,"{0: 198513, 1: 198723, 2: 198943, 3: 198857, 4: 198735}",175702,2099006,3778944,fb3e35681b83798adcb5117776a4c45dc7f9bc5be7a3c43ac9e2f02fac23650e,19509870,1.8848171249846928,A,6047934,"(379783, 22786948, 19509870)",seed,/Users/futaoran/Desktop/华为杯2026/华为杯_code/results/full_main_fast_20260924,169984,AI_VERIFIED
3948928,root2:batch_12,0,0.0,0,A1_move,case_060,22786948,5,,12.988428749988088,mps,397456,"{0: 397456, 1: 198723, 3: 198857, 4: 198735}",339272,2099006,3778944,4181cf89013ce0e91ddc99dcd0e0bc84e9c40353ea52502335b95ff994c43c49,16360804,1.8403617500152905,A,6047934,"(397456, 22786948, 16360804)",ordinary,/Users/futaoran/Desktop/华为杯2026/华为杯_code/results/full_main_fast_20260924,169984,AI_VERIFIED
3948928,root2:batch_12,0,0.0,0,B1_base,case_060,22786948,5,,1.7399399999994785,mps,379783,"{0: 198513, 1: 198723, 2: 198943, 3: 198857, 4: 198735}",175702,2099006,3778944,fb3e35681b83798adcb5117776a4c45dc7f9bc5be7a3c43ac9e2f02fac23650e,19509870,1.9572339580045082,B,6047934,"(379783, 22786948, 19509870)",seed,/Users/futaoran/Desktop/华为杯2026/华为杯_code/results/full_main_fast_20260924,169984,AI_VERIFIED
3645824,root2:batch_12,0,0.0,0,B1_move,case_060,22080388,5,,2.4054869169776794,mps,397456,"{0: 397456, 1: 198723, 3: 198857, 4: 198735}",343833,2099006,3072384,4181cf89013ce0e91ddc99dcd0e0bc84e9c40353ea52502335b95ff994c43c49,16360804,1.966568333999021,B,5744830,"(397456, 22080388, 16360804)",ordinary,/Users/futaoran/Desktop/华为杯2026/华为杯_code/results/full_main_fast_20260924,573440,AI_VERIFIED
3948928,root2:batch_12,3179904,0.5258076848286344,2867752,base_base,case_060,22786948,5,,2.1394476249988656,mps,379783,"{0: 198513, 1: 198723, 2: 198943, 3: 198857, 4: 198735}",175626,2099006,3778944,fb3e35681b83798adcb5117776a4c45dc7f9bc5be7a3c43ac9e2f02fac23650e,19509870,1.7904910839861259,C,6047934,"(379783, 22786948, 19509870)",seed,/Users/futaoran/Desktop/华为杯2026/华为杯_code/results/full_main_fast_20260924,169984,AI_VERIFIED
3645824,root2:batch_12,2737408,0.47652245118505326,3007144,base_move,case_060,22080388,5,,2.124391666991869,mps,397456,"{0: 397456, 1: 198723, 3: 198857, 4: 198735}",341524,2099006,3072384,4181cf89013ce0e91ddc99dcd0e0bc84e9c40353ea52502335b95ff994c43c49,16360804,1.621566084009828,C,5744830,"(397456, 22080388, 16360804)",ordinary,/Users/futaoran/Desktop/华为杯2026/华为杯_code/results/full_main_fast_20260924,573440,AI_VERIFIED
0,root2:batch_12,0,0.0,0,A0_base,case_064,288294,1,,0.3278536249999888,mps,23052,{0: 23052},19116,37414,0,9fa8271991a5e9ecebfcb32db5297bd69b485e065877ceb417a784fe2067f50f,41286,0.14695195798412897,A,37414,"(23052, 288294, 41286)",seed,/Users/futaoran/Desktop/华为杯2026/华为杯_code/results/full_main_fast_20260924,0,AI_VERIFIED
17574,root2:batch_12,0,0.0,0,A2_base,case_064,311756,1,,0.23782341700280085,mps,23052,{0: 23052},19194,37414,17574,24d07f2a403b66175ffd9c94da5ece41b78cd07f00e81262e9a2d92cac41c0d2,0,0.1173713750031311,A,54988,"(23052, 311756, 0)",seed,/Users/futaoran/Desktop/华为杯2026/华为杯_code/results/full_main_fast_20260924,0,AI_VERIFIED
0,root2:batch_12,0,0.0,0,B2_base,case_064,288294,1,,0.26706079198629595,mps,23052,{0: 23052},19344,37414,0,368225f4153571dd1e8fed25fcc34990613a1859de8657ad7efbdc59e5c9b56a,0,0.1530397919996176,B,37414,"(23052, 288294, 0)",seed,/Users/futaoran/Desktop/华为杯2026/华为杯_code/results/full_main_fast_20260924,0,AI_VERIFIED
0,root2:batch_12,0,0.0,0,B3_aggregate,case_064,288294,1,,0.24117933301022276,mps,23052,{0: 23052},19235,37414,0,e35a2650ff9612a97f4bc71fa592a614eb0845341e269d9382acacc8fd17d145,0,0.14625412499299273,B,37414,"(23052, 288294, 0)",aggregate,/Users/futaoran/Desktop/华为杯2026/华为杯_code/results/full_main_fast_20260924,0,AI_VERIFIED
0,root2:batch_12,0,0.0,35622,base_base,case_064,288294,1,,0.22168925000005402,mps,23052,{0: 23052},19235,37414,0,e35a2650ff9612a97f4bc71fa592a614eb0845341e269d9382acacc8fd17d145,0,0.12477416597539559,C,37414,"(23052, 288294, 0)",seed,/Users/futaoran/Desktop/华为杯2026/华为杯_code/results/full_main_fast_20260924,0,AI_VERIFIED
0,root2:batch_12,0,0.0,35622,base_aggregate,case_064,288294,1,,0.2136856660072226,mps,23052,{0: 23052},19264,37414,0,b41a9b082f309f4a9d516fedb6de6615a7daf3e3bf2cbac67d3f54da86846d7c,0,0.15372733300318941,C,37414,"(23052, 288294, 0)",aggregate,/Users/futaoran/Desktop/华为杯2026/华为杯_code/results/full_main_fast_20260924,0,AI_VERIFIED
44144,root2:batch_12,0,0.0,0,A2_base,case_064,345622,2,,0.19022083299933001,mps,12009,"{0: 11043, 1: 12009}",22102,37414,44144,03877bdc489606df0d1bf4b2ffc0b2a685d90a3800491e79cf97e21413f309ea,0,0.11410025000805035,A,81558,"(12009, 345622, 0)",seed,/Users/futaoran/Desktop/华为杯2026/华为杯_code/results/full_main_fast_20260924,0,AI_VERIFIED
,root2:batch_12,,,,A2_reorder,case_064,,2,task schedule: dependency cycle; 0 -[core 0 task order]-> 1; 1 -[subgraph dependency]-> 2; 2 -[subgraph dependency]-> 0,,mps,,,,,,66bb1755007a87a27c19a36697fb0ffc12cf37c7bba4076b4da354b39aeeb8f7,,,A,,,capacity,/Users/futaoran/Desktop/华为杯2026/华为杯_code/results/full_main_fast_20260924,,PROFILE_FAILED
108122,root2:batch_12,0,0.0,0,A3_base,case_064,430032,2,,0.20780995799577795,mps,12485,"{0: 10567, 1: 12485}",26933,37414,108122,3d566a342d4e896b69842fc60e1e1e958c7a99e7b9a95e0436c50491b10894d7,0,0.20530212501762435,A,145536,"(12485, 430032, 0)",seed,/Users/futaoran/Desktop/华为杯2026/华为杯_code/results/full_main_fast_20260924,0,AI_VERIFIED
65894,root2:batch_12,0,0.0,0,B2_base,case_064,374908,2,,0.14954591600690037,mps,11719,"{0: 11333, 1: 11719}",20824,37414,65894,50ca63c6ca01bf813775296b52ffc57df3b2ee28ec6a64a6a3d52465be0a3e36,0,0.13658333299099468,B,103308,"(11719, 374908, 0)",seed,/Users/futaoran/Desktop/华为杯2026/华为杯_code/results/full_main_fast_20260924,0,AI_VERIFIED
,root2:batch_12,,,,B2_reorder,case_064,,2,"global execution (core, op): dependency cycle; (0, 1000001133) -[PIPE_MTE3 FIFO]-> (0, 1000001145); (0, 1000001145) -[PIPE_MTE3 FIFO]-> (0, 1000001157); (0, 1000001157) -[PIPE_MTE3 FIFO]-> (0, 1000001130); (0, 1000001130) -[PIPE_MTE3 FIFO]-> (0, 1000001142); (0, 1000001142) -[PIPE_MTE3 FIFO]-> (0, 1000001154); (0, 1000001154) -[PIPE_MTE3 FIFO]-> (0, 1000001124); (0, 1000001124) -[PIPE_MTE3 FIFO]-> (0, 1000001121); (0, 1000001121) -[PIPE_MTE3 FIFO]-> (0, 1000001109); (0, 1000001109) -[PIPE_MTE3 FIFO]-> (0, 1000001112); (0, 1000001112) -[PIPE_MTE3 FIFO]-> (0, 1000001115); (0, 1000001115) -[PIPE_MTE3 FIFO]-> (0, 1000001118); (0, 1000001118) -[PIPE_MTE3 FIFO]-> (0, 1000001097); (0, 1000001097) -[PIPE_MTE3 FIFO]-> (0, 1000001100); (0, 1000001100) -[PIPE_MTE3 FIFO]-> (0, 1000001103); (0, 1000001103) -[PIPE_MTE3 FIFO]-> (0, 1000001106); (0, 1000001106) -[PIPE_MTE3 FIFO]-> (0, 1000001127); ... (111 edges total)",,mps,,,,,,d05fed31c8b4041469fc9e06db5b6bb961a41a313f896bca1301c6acb3ff47ba,,0.1948581250035204,B,,,capacity,/Users/futaoran/Desktop/华为杯2026/华为杯_code/results/full_main_fast_20260924,,EVALUATION_FAILED
65894,root2:batch_12,294,0.004278479538972001,68422,base_base,case_064,374908,2,,0.1436072500073351,mps,11719,"{0: 11333, 1: 11719}",20824,37414,65894,50ca63c6ca01bf813775296b52ffc57df3b2ee28ec6a64a6a3d52465be0a3e36,0,0.1930617500038352,C,103308,"(11719, 374908, 0)",seed,/Users/futaoran/Desktop/华为杯2026/华为杯_code/results/full_main_fast_20260924,0,AI_VERIFIED
,root2:batch_12,,,,base_reorder,case_064,,2,"global execution (core, op): dependency cycle; (0, 1000001133) -[PIPE_MTE3 FIFO]-> (0, 1000001145); (0, 1000001145) -[PIPE_MTE3 FIFO]-> (0, 1000001157); (0, 1000001157) -[PIPE_MTE3 FIFO]-> (0, 1000001130); (0, 1000001130) -[PIPE_MTE3 FIFO]-> (0, 1000001142); (0, 1000001142) -[PIPE_MTE3 FIFO]-> (0, 1000001154); (0, 1000001154) -[PIPE_MTE3 FIFO]-> (0, 1000001124); (0, 1000001124) -[PIPE_MTE3 FIFO]-> (0, 1000001121); (0, 1000001121) -[PIPE_MTE3 FIFO]-> (0, 1000001109); (0, 1000001109) -[PIPE_MTE3 FIFO]-> (0, 1000001112); (0, 1000001112) -[PIPE_MTE3 FIFO]-> (0, 1000001115); (0, 1000001115) -[PIPE_MTE3 FIFO]-> (0, 1000001118); (0, 1000001118) -[PIPE_MTE3 FIFO]-> (0, 1000001097); (0, 1000001097) -[PIPE_MTE3 FIFO]-> (0, 1000001100); (0, 1000001100) -[PIPE_MTE3 FIFO]-> (0, 1000001103); (0, 1000001103) -[PIPE_MTE3 FIFO]-> (0, 1000001106); (0, 1000001106) -[PIPE_MTE3 FIFO]-> (0, 1000001127); ... (111 edges total)",,mps,,,,,,d05fed31c8b4041469fc9e06db5b6bb961a41a313f896bca1301c6acb3ff47ba,,0.15332441698410548,C,,,timing,/Users/futaoran/Desktop/华为杯2026/华为杯_code/results/full_main_fast_20260924,,EVALUATION_FAILED
54488,root2:batch_12,0,0.0,0,A2_base,case_064,358654,3,,0.18047349998960271,mps,8528,"{0: 7684, 1: 7738, 2: 7630}",24068,37414,54488,b8bfd702ce311b2095ae56726d74ce50eca3b4c28be4257e5e1d933e433e4a64,0,0.14971495801000856,A,91902,"(8528, 358654, 0)",seed,/Users/futaoran/Desktop/华为杯2026/华为杯_code/results/full_main_fast_20260924,0,AI_VERIFIED
,root2:batch_12,,,,A2_reorder,case_064,,3,task schedule: dependency cycle; 0 -[core 0 task order]-> 1; 1 -[subgraph dependency]-> 2; 2 -[subgraph dependency]-> 0,,mps,,,,,,30961259b030be2432e1c2d8e2d9eb0713e5573d385812b5faf617c4360698cc,,,A,,,capacity,/Users/futaoran/Desktop/华为杯2026/华为杯_code/results/full_main_fast_20260924,,PROFILE_FAILED
170744,root2:batch_12,0,0.0,0,A3_base,case_064,506926,3,,0.25189650000538677,mps,14528,"{0: 7588, 1: 8325, 2: 7139}",29844,37414,170744,3a25a04e5809d22487448399cec1e4eb11cf35da283779a3bd58fcc2ec3405c9,0,0.2821578749862965,A,208158,"(14528, 506926, 0)",seed,/Users/futaoran/Desktop/华为杯2026/华为杯_code/results/full_main_fast_20260924,0,AI_VERIFIED
98634,root2:batch_12,0,0.0,0,B2_base,case_064,415664,3,,0.23826116701820865,mps,7868,"{0: 7868, 1: 7484, 2: 7700}",22179,37414,98634,40060e6b63c995bbc5d85c7c97169e434c85f6305ea0dcdb1186bb3feda8d102,0,0.11485979100689292,B,136048,"(7868, 415664, 0)",seed,/Users/futaoran/Desktop/华为杯2026/华为杯_code/results/full_main_fast_20260924,0,AI_VERIFIED
,root2:batch_12,,,,B2_reorder,case_064,,3,"global execution (core, op): dependency cycle; (0, 1000001148) -[PIPE_MTE3 FIFO]-> (0, 1000001151); (0, 1000001151) -[PIPE_MTE3 FIFO]-> (0, 1000001154); (0, 1000001154) -[PIPE_MTE3 FIFO]-> (0, 1000001169); (0, 1000001169) -[PIPE_MTE3 FIFO]-> (0, 1000001172); (0, 1000001172) -[PIPE_MTE3 FIFO]-> (0, 1000001175); (0, 1000001175) -[PIPE_MTE3 FIFO]-> (0, 1000001190); (0, 1000001190) -[PIPE_MTE3 FIFO]-> (0, 1000001193); (0, 1000001193) -[PIPE_MTE3 FIFO]-> (0, 1000001196); (0, 1000001196) -[PIPE_MTE3 FIFO]-> (0, 1000001136); (0, 1000001136) -[PIPE_MTE3 FIFO]-> (0, 1000001139); (0, 1000001139) -[PIPE_MTE3 FIFO]-> (0, 1000001142); (0, 1000001142) -[PIPE_MTE3 FIFO]-> (0, 1000001145); (0, 1000001145) -[PIPE_MTE3 FIFO]-> (0, 1000001157); (0, 1000001157) -[PIPE_MTE3 FIFO]-> (0, 1000001160); (0, 1000001160) -[PIPE_MTE3 FIFO]-> (0, 1000001163); (0, 1000001163) -[PIPE_MTE3 FIFO]-> (0, 1000001166); ... (137 edges total)",,mps,,,,,,13e23ea955a29c3a11ad2120462da61981f145f1d1f8cf97d49e2beb1d1023c1,,0.144157709000865,B,,,capacity,/Users/futaoran/Desktop/华为杯2026/华为杯_code/results/full_main_fast_20260924,,EVALUATION_FAILED
98634,root2:batch_12,3370,0.039244456866033166,82502,base_base,case_064,415664,3,,0.25731358298799023,mps,7868,"{0: 7868, 1: 7484, 2: 7700}",22177,37414,98634,40060e6b63c995bbc5d85c7c97169e434c85f6305ea0dcdb1186bb3feda8d102,0,0.1347722919890657,C,136048,"(7868, 415664, 0)",seed,/Users/futaoran/Desktop/华为杯2026/华为杯_code/results/full_main_fast_20260924,0,AI_VERIFIED
,root2:batch_12,,,,base_reorder,case_064,,3,"global execution (core, op): dependency cycle; (0, 1000001148) -[PIPE_MTE3 FIFO]-> (0, 1000001151); (0, 1000001151) -[PIPE_MTE3 FIFO]-> (0, 1000001154); (0, 1000001154) -[PIPE_MTE3 FIFO]-> (0, 1000001169); (0, 1000001169) -[PIPE_MTE3 FIFO]-> (0, 1000001172); (0, 1000001172) -[PIPE_MTE3 FIFO]-> (0, 1000001175); (0, 1000001175) -[PIPE_MTE3 FIFO]-> (0, 1000001190); (0, 1000001190) -[PIPE_MTE3 FIFO]-> (0, 1000001193); (0, 1000001193) -[PIPE_MTE3 FIFO]-> (0, 1000001196); (0, 1000001196) -[PIPE_MTE3 FIFO]-> (0, 1000001136); (0, 1000001136) -[PIPE_MTE3 FIFO]-> (0, 1000001139); (0, 1000001139) -[PIPE_MTE3 FIFO]-> (0, 1000001142); (0, 1000001142) -[PIPE_MTE3 FIFO]-> (0, 1000001145); (0, 1000001145) -[PIPE_MTE3 FIFO]-> (0, 1000001157); (0, 1000001157) -[PIPE_MTE3 FIFO]-> (0, 1000001160); (0, 1000001160) -[PIPE_MTE3 FIFO]-> (0, 1000001163); (0, 1000001163) -[PIPE_MTE3 FIFO]-> (0, 1000001166); ... (137 edges total)",,mps,,,,,,13e23ea955a29c3a11ad2120462da61981f145f1d1f8cf97d49e2beb1d1023c1,,0.12667774999863468,C,,,timing,/Users/futaoran/Desktop/华为杯2026/华为杯_code/results/full_main_fast_20260924,,EVALUATION_FAILED
73628,root2:batch_12,0,0.0,0,A2_base,case_064,384130,4,,0.19781745798536576,mps,10528,"{0: 5763, 1: 5308, 2: 5861, 3: 6120}",25979,37414,73628,782c1fe5387c2e3d96a9d7ddfb2b3e347e1b65b381db7029567e019c6328ba18,0,0.11656879200018011,A,111042,"(10528, 384130, 0)",seed,/Users/futaoran/Desktop/华为杯2026/华为杯_code/results/full_main_fast_20260924,0,AI_VERIFIED
,root2:batch_12,,,,A2_reorder,case_064,,4,task schedule: dependency cycle; 0 -[core 0 task order]-> 1; 1 -[subgraph dependency]-> 2; 2 -[subgraph dependency]-> 4; 4 -[subgraph dependency]-> 0,,mps,,,,,,afc3f67a03d5ac3da204fe4655fdf0d9bbeedb3e9ff1b8ebaa2c476da07f6439,,,A,,,capacity,/Users/futaoran/Desktop/华为杯2026/华为杯_code/results/full_main_fast_20260924,,PROFILE_FAILED
183900,root2:batch_12,0,0.0,0,A3_base,case_064,523762,4,,0.2767297080135904,mps,18528,"{0: 5885, 1: 5044, 2: 6718, 3: 5405}",34148,37414,183900,7c85d3f7189481d4422a29bcc9f4348f3b40d2c588da03c19983ca23ea3b2ee6,0,0.15839695898466744,A,221314,"(18528, 523762, 0)",seed,/Users/futaoran/Desktop/华为杯2026/华为杯_code/results/full_main_fast_20260924,0,AI_VERIFIED
108018,root2:batch_12,0,0.0,0,B2_base,case_064,429928,4,,0.2490160419838503,mps,7166,"{0: 5036, 1: 6317, 2: 5531, 3: 6168}",22068,37414,108018,0e9c22dc03f74772075f88e85d8427d0fdaf9ab5a9d509cf108de4bef9588d8e,0,0.14707220799755305,B,145432,"(7166, 429928, 0)",seed,/Users/futaoran/Desktop/华为杯2026/华为杯_code/results/full_main_fast_20260924,0,AI_VERIFIED
,root2:batch_12,,,,B2_reorder,case_064,,4,"global execution (core, op): dependency cycle; (0, 1000001167) -[PIPE_MTE3 FIFO]-> (0, 1000001182); (0, 1000001182) -[PIPE_MTE3 FIFO]-> (0, 1000001197); (0, 1000001197) -[PIPE_MTE3 FIFO]-> (0, 1000001155); (0, 1000001155) -[PIPE_MTE3 FIFO]-> (0, 1000001158); (0, 1000001158) -[PIPE_MTE3 FIFO]-> (0, 1000001161); (0, 1000001161) -[PIPE_MTE3 FIFO]-> (0, 1000001164); (0, 1000001164) -[PIPE_MTE3 FIFO]-> (0, 1000001170); (0, 1000001170) -[PIPE_MTE3 FIFO]-> (0, 1000001173); (0, 1000001173) -[PIPE_MTE3 FIFO]-> (0, 1000001176); (0, 1000001176) -[PIPE_MTE3 FIFO]-> (0, 1000001179); (0, 1000001179) -[PIPE_MTE3 FIFO]-> (0, 1000001185); (0, 1000001185) -[PIPE_MTE3 FIFO]-> (0, 1000001188); (0, 1000001188) -[PIPE_MTE3 FIFO]-> (0, 1000001191); (0, 1000001191) -[PIPE_MTE3 FIFO]-> (0, 1000001194); (0, 1000001194) -[PIPE_MTE3 FIFO]-> (0, 1000001131); (0, 1000001131) -[PIPE_MTE3 FIFO]-> (0, 1000001137); ... (112 edges total)",,mps,,,,,,e4fd0186707640e0dcf6ace712363df5282a481c1da3174a440be48101289aff,,0.21292633298435248,B,,,capacity,/Users/futaoran/Desktop/华为杯2026/华为杯_code/results/full_main_fast_20260924,,EVALUATION_FAILED
108018,root2:batch_12,2930,0.032163871081057345,88166,base_base,case_064,429928,4,,0.15836054101237096,mps,7166,"{0: 5036, 1: 6317, 2: 5531, 3: 6168}",22065,37414,108018,0e9c22dc03f74772075f88e85d8427d0fdaf9ab5a9d509cf108de4bef9588d8e,0,0.18207091599470004,C,145432,"(7166, 429928, 0)",seed,/Users/futaoran/Desktop/华为杯2026/华为杯_code/results/full_main_fast_20260924,0,AI_VERIFIED
,root2:batch_12,,,,base_reorder,case_064,,4,"global execution (core, op): dependency cycle; (0, 1000001167) -[PIPE_MTE3 FIFO]-> (0, 1000001182); (0, 1000001182) -[PIPE_MTE3 FIFO]-> (0, 1000001197); (0, 1000001197) -[PIPE_MTE3 FIFO]-> (0, 1000001155); (0, 1000001155) -[PIPE_MTE3 FIFO]-> (0, 1000001158); (0, 1000001158) -[PIPE_MTE3 FIFO]-> (0, 1000001161); (0, 1000001161) -[PIPE_MTE3 FIFO]-> (0, 1000001164); (0, 1000001164) -[PIPE_MTE3 FIFO]-> (0, 1000001170); (0, 1000001170) -[PIPE_MTE3 FIFO]-> (0, 1000001173); (0, 1000001173) -[PIPE_MTE3 FIFO]-> (0, 1000001176); (0, 1000001176) -[PIPE_MTE3 FIFO]-> (0, 1000001179); (0, 1000001179) -[PIPE_MTE3 FIFO]-> (0, 1000001185); (0, 1000001185) -[PIPE_MTE3 FIFO]-> (0, 1000001188); (0, 1000001188) -[PIPE_MTE3 FIFO]-> (0, 1000001191); (0, 1000001191) -[PIPE_MTE3 FIFO]-> (0, 1000001194); (0, 1000001194) -[PIPE_MTE3 FIFO]-> (0, 1000001131); (0, 1000001131) -[PIPE_MTE3 FIFO]-> (0, 1000001137); ... (112 edges total)",,mps,,,,,,e4fd0186707640e0dcf6ace712363df5282a481c1da3174a440be48101289aff,,0.18674625002313405,C,,,timing,/Users/futaoran/Desktop/华为杯2026/华为杯_code/results/full_main_fast_20260924,,EVALUATION_FAILED
86048,root2:batch_12,0,0.0,0,A2_base,case_064,402070,5,,0.26663249998819083,mps,12528,"{0: 4040, 1: 4815, 2: 4931, 3: 4735, 4: 4531}",28072,37414,86048,64963f3e24986ee62cb43cf4711375a3dc530053268e64e8be460788ccd95408,0,0.23143470799550414,A,123462,"(12528, 402070, 0)",seed,/Users/futaoran/Desktop/华为杯2026/华为杯_code/results/full_main_fast_20260924,0,AI_VERIFIED
,root2:batch_12,,,,A2_reorder,case_064,,5,task schedule: dependency cycle; 0 -[core 0 task order]-> 1; 1 -[subgraph dependency]-> 2; 2 -[subgraph dependency]-> 4; 4 -[subgraph dependency]-> 0,,mps,,,,,,f147fce90a3fa1b5927939a5479813908a2b2298789d444d1eb5b6fb07b83d76,,,A,,,capacity,/Users/futaoran/Desktop/华为杯2026/华为杯_code/results/full_main_fast_20260924,,PROFILE_FAILED
218534,root2:batch_12,0,0.0,0,A3_base,case_064,563628,5,,0.28919862501788884,mps,22528,"{0: 4492, 1: 4246, 2: 5426, 3: 4566, 4: 4322}",38196,37414,218534,b918c3f527c1ed9e8125299c77a2e3603fbae5341849387d8468ee403713445c,0,0.1666267499967944,A,255948,"(22528, 563628, 0)",seed,/Users/futaoran/Desktop/华为杯2026/华为杯_code/results/full_main_fast_20260924,0,AI_VERIFIED
129454,root2:batch_12,0,0.0,0,B2_base,case_064,455972,5,,0.19728979098726995,mps,8028,"{0: 4555, 1: 4642, 2: 3921, 3: 5134, 4: 4800}",22504,37414,129454,de00e80f90b0502e6a639e6f38f7fd903214643d6d305fce60c5c70b64599ed3,0,0.22707975000957958,B,166868,"(8028, 455972, 0)",seed,/Users/futaoran/Desktop/华为杯2026/华为杯_code/results/full_main_fast_20260924,0,AI_VERIFIED
,root2:batch_12,,,,B2_reorder,case_064,,5,"global execution (core, op): dependency cycle; (0, 1000001174) -[PIPE_MTE3 FIFO]-> (0, 1000001177); (0, 1000001177) -[PIPE_MTE3 FIFO]-> (0, 1000001204); (0, 1000001204) -[PIPE_MTE3 FIFO]-> (0, 1000001207); (0, 1000001207) -[PIPE_MTE3 FIFO]-> (0, 1000001168); (0, 1000001168) -[PIPE_MTE3 FIFO]-> (0, 1000001171); (0, 1000001171) -[PIPE_MTE3 FIFO]-> (0, 1000001198); (0, 1000001198) -[PIPE_MTE3 FIFO]-> (0, 1000001201); (0, 1000001201) -[PIPE_MTE3 FIFO]-> (0, 1000001231); (0, 1000001231) -[PIPE_MTE3 FIFO]-> (0, 1000001234); (0, 1000001234) -[PIPE_MTE3 FIFO]-> (0, 1000001237); (0, 1000001237) -[PIPE_MTE3 FIFO]-> (0, 1000001240); (0, 1000001240) -[PIPE_MTE3 FIFO]-> (0, 1000001156); (0, 1000001156) -[PIPE_MTE3 FIFO]-> (0, 1000001159); (0, 1000001159) -[PIPE_MTE3 FIFO]-> (0, 1000001162); (0, 1000001162) -[PIPE_MTE3 FIFO]-> (0, 1000001165); (0, 1000001165) -[PIPE_MTE3 FIFO]-> (0, 1000001186); ... (121 edges total)",,mps,,,,,,15e41e4284e008bf66774d60bc9e55a9b42f7d1204584f2c8936c1fb56453acc,,0.1480789160123095,B,,,capacity,/Users/futaoran/Desktop/华为杯2026/华为杯_code/results/full_main_fast_20260924,,EVALUATION_FAILED
129454,root2:batch_12,2958,0.02919578348928106,98358,base_base,case_064,455972,5,,0.22764816699782386,mps,8028,"{0: 4555, 1: 4642, 2: 3921, 3: 5134, 4: 4800}",22504,37414,129454,de00e80f90b0502e6a639e6f38f7fd903214643d6d305fce60c5c70b64599ed3,0,0.2294337089988403,C,166868,"(8028, 455972, 0)",seed,/Users/futaoran/Desktop/华为杯2026/华为杯_code/results/full_main_fast_20260924,0,AI_VERIFIED
111310,root2:batch_12,2926,0.03172572320770265,89302,base_aggregate_tid_1000000879,case_064,432868,5,,0.21959779202006757,mps,7528,"{0: 6948, 1: 4642, 2: 3921, 3: 5134, 4: 2407}",21944,37414,111310,1ec1303307ca8bcd594e4971b40a495874be4fc6e22d7744788660d148b4dbd7,0,0.19350750002195127,C,148724,"(7528, 432868, 0)",aggregate,/Users/futaoran/Desktop/华为杯2026/华为杯_code/results/full_main_fast_20260924,0,AI_VERIFIED
0,root2:batch_12,0,0.0,0,A0_base,case_081,4529990,1,,6.969745916023385,mps,151725,{0: 151725},151795,1741140,0,de2d2f5f4be4ac72ab7f17f48805c39c7a85edf77451cdb2616f35c8a8860305,3702598,1.654209708009148,A,1741140,"(151725, 4529990, 3702598)",seed,/Users/futaoran/Desktop/华为杯2026/华为杯_code/results/full_main_fast_20260924,0,AI_VERIFIED
8204,root2:batch_12,0,0.0,0,A2_base,case_081,4538196,1,,3.2357085839903448,mps,151725,{0: 151725},151932,1741140,8204,a6cfba6ff983828bc9480282a6e1393a2851192101a05d3cede4a703cda46040,1800092,1.0283257080009207,A,1749344,"(151725, 4538196, 1800092)",seed,/Users/futaoran/Desktop/华为杯2026/华为杯_code/results/full_main_fast_20260924,0,AI_VERIFIED
1704132,root2:batch_12,0,0.0,0,B3_aggregate,case_081,4529990,1,,2.1613610409840476,mps,151725,{0: 151725},154087,1741140,0,290592fda013cdc65a1eded367605be49eca5dedf8d5d80000302855986b96cf,1978486,1.7096177500206977,B,3445272,"(151725, 4529990, 1978486)",aggregate,/Users/futaoran/Desktop/华为杯2026/华为杯_code/results/full_main_fast_20260924,1704132,AI_VERIFIED
2132442,root2:batch_12,0,0.0,0,B3_base,case_081,4529990,1,,2.2543329170148354,mps,151725,{0: 151725},155053,1741140,0,cb597f59ca6651258188a0df413abc9bd101ba71f9672d670caaa1833bbc07a3,1978486,2.199121165991528,B,3873582,"(151725, 4529990, 1978486)",seed,/Users/futaoran/Desktop/华为杯2026/华为杯_code/results/full_main_fast_20260924,2132442,AI_VERIFIED
1704132,root2:batch_12,573444,0.2626130697451191,1610164,base_base,case_081,4529990,1,,2.1670217089995276,mps,151725,{0: 151725},151865,1741140,0,290592fda013cdc65a1eded367605be49eca5dedf8d5d80000302855986b96cf,1978486,1.8052385000046343,C,3445272,"(151725, 4529990, 1978486)",seed,/Users/futaoran/Desktop/华为杯2026/华为杯_code/results/full_main_fast_20260924,1704132,AI_VERIFIED
1142966,root2:batch_12,4098,0.002532205601747951,1614254,base_aggregate,case_081,4529990,1,,1.681641374976607,mps,151725,{0: 151725},152183,1741140,0,b50e35d3abd1306da0ecbae0b77e4f5927761230dccac9b0f7c799edf3833767,2289454,1.7560892500041518,C,2884106,"(151725, 4529990, 2289454)",aggregate,/Users/futaoran/Desktop/华为杯2026/华为杯_code/results/full_main_fast_20260924,1142966,AI_VERIFIED
40986,root2:batch_12,0,0.0,0,A2_base,case_081,4570982,2,,2.147040499985451,mps,76184,"{0: 75962, 1: 75763}",154073,1741140,40986,ea88d1f6a8d193624c548827c7ddb51a28589cc95b8eae419c03f3b9c7827336,1679264,1.0407508329953998,A,1782126,"(76184, 4570982, 1679264)",seed,/Users/futaoran/Desktop/华为杯2026/华为杯_code/results/full_main_fast_20260924,0,AI_VERIFIED
,root2:batch_12,,,,A2_reorder,case_081,,2,task schedule: dependency cycle; 0 -[core 0 task order]-> 1; 1 -[subgraph dependency]-> 2; 2 -[subgraph dependency]-> 3; 3 -[subgraph dependency]-> 0,,mps,,,,,,2579440182929c905746caae54b83264570f8195a43a59161bcb985399d7f9be,,,A,,,capacity,/Users/futaoran/Desktop/华为杯2026/华为杯_code/results/full_main_fast_20260924,,PROFILE_FAILED
0,root2:batch_12,0,0.0,0,A1_base,case_081,4529990,2,,4.7928062500141095,mps,76755,"{0: 76755, 1: 74970}",76860,1741140,0,f63ff427c4de64df6e54afbba6fec78b9e9465e56aec3cd1d6f979d6f7d4b278,3571526,1.307721582998056,A,1741140,"(76755, 4529990, 3571526)",seed,/Users/futaoran/Desktop/华为杯2026/华为杯_code/results/full_main_fast_20260924,0,AI_VERIFIED
0,root2:batch_12,0,0.0,0,B1_base,case_081,4529990,2,,1.3682224999938626,mps,76755,"{0: 76755, 1: 74970}",76860,1741140,0,f63ff427c4de64df6e54afbba6fec78b9e9465e56aec3cd1d6f979d6f7d4b278,3571526,1.202095749991713,B,1741140,"(76755, 4529990, 3571526)",seed,/Users/futaoran/Desktop/华为杯2026/华为杯_code/results/full_main_fast_20260924,0,AI_VERIFIED
2963728,root2:batch_12,0,0.0,0,B2_base,case_081,7227480,2,,2.0734902920085005,mps,120458,"{0: 95028, 1: 56697}",135340,1741140,2697488,faec8feed518f023875640da4bbfa4ac6f9b108ddb7f284a4766fc274702d298,3569156,1.7502674999996088,B,4704868,"(120458, 7227480, 3569156)",seed,/Users/futaoran/Desktop/华为杯2026/华为杯_code/results/full_main_fast_20260924,266240,AI_VERIFIED
0,root2:batch_12,0,0.0,1044820,base_base,case_081,4529990,2,,1.3584529170184396,mps,76755,"{0: 76755, 1: 74970}",76860,1741140,0,f63ff427c4de64df6e54afbba6fec78b9e9465e56aec3cd1d6f979d6f7d4b278,3571526,1.1102625420026015,C,1741140,"(76755, 4529990, 3571526)",seed,/Users/futaoran/Desktop/华为杯2026/华为杯_code/results/full_main_fast_20260924,0,AI_VERIFIED
0,root2:batch_12,0,0.0,1044820,base_move,case_081,4529990,2,,1.463973417005036,mps,151725,{1: 151725},151795,1741140,0,861bb93200631a628e35c690bf911ba96d74b0c850854256f2f993d337071a98,1808314,1.1141878750058822,C,1741140,"(151725, 4529990, 1808314)",ordinary,/Users/futaoran/Desktop/华为杯2026/华为杯_code/results/full_main_fast_20260924,0,AI_VERIFIED
0,root2:batch_12,0,0.0,0,A1_base,case_081,4529990,3,,3.25922000000719,mps,75500,"{0: 51765, 1: 49980, 2: 49980}",51943,1741140,0,aaafe1de52c8a907d697db9287a9ee082d433c8fece62a05e6f3773770d551fb,3440454,1.2205908749892842,A,1741140,"(75500, 4529990, 3440454)",seed,/Users/futaoran/Desktop/华为杯2026/华为杯_code/results/full_main_fast_20260924,0,AI_VERIFIED
55342,root2:batch_12,0,0.0,0,A2_base,case_081,4585342,3,,2.061621875007404,mps,76423,"{0: 50695, 1: 50617, 2: 50413}",156179,1741140,55342,95b6bd3c3c72ba0f017ff108ad5761d3508c4cede9b04b08b4e800d6667f468f,1556394,1.0507238339923788,A,1796482,"(76423, 4585342, 1556394)",seed,/Users/futaoran/Desktop/华为杯2026/华为杯_code/results/full_main_fast_20260924,0,AI_VERIFIED
0,root2:batch_12,0,0.0,0,B1_base,case_081,4529990,3,,1.4054043749929406,mps,75500,"{0: 51765, 1: 49980, 2: 49980}",51943,1741140,0,aaafe1de52c8a907d697db9287a9ee082d433c8fece62a05e6f3773770d551fb,3440454,1.726752458984265,B,1741140,"(75500, 4529990, 3440454)",seed,/Users/futaoran/Desktop/华为杯2026/华为杯_code/results/full_main_fast_20260924,0,AI_VERIFIED
0,root2:batch_12,0,0.0,0,B1_move,case_081,4529990,3,,1.324872334022075,mps,101745,"{1: 101745, 2: 49980}",101850,1741140,0,37fba3425be02e74791a706ae77cb2fa07a9479a45a94335f17df2608c346ac2,2308670,1.2946415419864934,B,1741140,"(101745, 4529990, 2308670)",ordinary,/Users/futaoran/Desktop/华为杯2026/华为杯_code/results/full_main_fast_20260924,0,AI_VERIFIED
0,root2:batch_12,0,0.0,1044820,base_base,case_081,4529990,3,,1.2365184999944177,mps,75500,"{0: 51765, 1: 49980, 2: 49980}",51943,1741140,0,aaafe1de52c8a907d697db9287a9ee082d433c8fece62a05e6f3773770d551fb,3440454,1.2505519169790205,C,1741140,"(75500, 4529990, 3440454)",seed,/Users/futaoran/Desktop/华为杯2026/华为杯_code/results/full_main_fast_20260924,0,AI_VERIFIED
0,root2:batch_12,0,0.0,1044820,base_move,case_081,4529990,3,,1.267586542002391,mps,101745,"{1: 101745, 2: 49980}",101850,1741140,0,37fba3425be02e74791a706ae77cb2fa07a9479a45a94335f17df2608c346ac2,2308670,1.0627989580098074,C,1741140,"(101745, 4529990, 2308670)",ordinary,/Users/futaoran/Desktop/华为杯2026/华为杯_code/results/full_main_fast_20260924,0,AI_VERIFIED
0,root2:batch_12,0,0.0,0,A1_base,case_081,4529990,4,,2.4643642499868292,mps,75500,"{0: 39270, 1: 37485, 2: 37485, 3: 37485}",39588,1741140,0,56bbfa0ae353613d24070cf22b1360a3e5490907d12eb2db929060da325216ee,3309382,1.136312667018501,A,1741140,"(75500, 4529990, 3309382)",seed,/Users/futaoran/Desktop/华为杯2026/华为杯_code/results/full_main_fast_20260924,0,AI_VERIFIED
73792,root2:batch_12,0,0.0,0,A2_base,case_081,4603794,4,,1.4866149580047932,mps,76730,"{0: 37783, 1: 38309, 2: 38021, 3: 37612}",159257,1741140,73792,3a2338dfbe945f68ff6af6b8e69cbafed5124d557df5057398dfaf4dc53cd104,1445794,0.802431375021115,A,1814932,"(76730, 4603794, 1445794)",seed,/Users/futaoran/Desktop/华为杯2026/华为杯_code/results/full_main_fast_20260924,0,AI_VERIFIED
0,root2:batch_12,0,0.0,0,B1_base,case_081,4529990,4,,1.505184666981222,mps,75500,"{0: 39270, 1: 37485, 2: 37485, 3: 37485}",39588,1741140,0,56bbfa0ae353613d24070cf22b1360a3e5490907d12eb2db929060da325216ee,3309382,1.1307324999943376,B,1741140,"(75500, 4529990, 3309382)",seed,/Users/futaoran/Desktop/华为杯2026/华为杯_code/results/full_main_fast_20260924,0,AI_VERIFIED
0,root2:batch_12,0,0.0,0,B1_move,case_081,4529990,4,,1.3960450409795158,mps,76755,"{1: 76755, 2: 37485, 3: 37485}",76933,1741140,0,53b1283acf81fef3958d10d928e249626ff5b8de4220428d860fa85bad3ac33c,2493312,1.1910912090097554,B,1741140,"(76755, 4529990, 2493312)",ordinary,/Users/futaoran/Desktop/华为杯2026/华为杯_code/results/full_main_fast_20260924,0,AI_VERIFIED
0,root2:batch_12,0,0.0,1044820,base_base,case_081,4529990,4,,1.4351302919967566,mps,75500,"{0: 39270, 1: 37485, 2: 37485, 3: 37485}",39588,1741140,0,56bbfa0ae353613d24070cf22b1360a3e5490907d12eb2db929060da325216ee,3309382,1.0489929580071475,C,1741140,"(75500, 4529990, 3309382)",seed,/Users/futaoran/Desktop/华为杯2026/华为杯_code/results/full_main_fast_20260924,0,AI_VERIFIED
0,root2:batch_12,0,0.0,1044820,base_move,case_081,4529990,4,,1.1746483330207411,mps,76755,"{1: 76755, 2: 37485, 3: 37485}",76933,1741140,0,53b1283acf81fef3958d10d928e249626ff5b8de4220428d860fa85bad3ac33c,2493312,1.0435757500235923,C,1741140,"(76755, 4529990, 2493312)",ordinary,/Users/futaoran/Desktop/华为杯2026/华为杯_code/results/full_main_fast_20260924,0,AI_VERIFIED
0,root2:batch_12,0,0.0,0,A1_move,case_081,4529990,5,,1.9568760420079343,mps,75500,"{1: 60690, 2: 30345, 3: 30345, 4: 30345}",61283,1741140,0,38cb04f63a30d530b4a46a8d5abde23d76ecb173588288d6dc76846870bfb365,2542648,0.8536069999972824,A,1741140,"(75500, 4529990, 2542648)",ordinary,/Users/futaoran/Desktop/华为杯2026/华为杯_code/results/full_main_fast_20260924,0,AI_VERIFIED
0,root2:batch_12,0,0.0,0,A1_base,case_081,4529990,5,,1.9871598339814227,mps,75500,"{0: 30345, 1: 30345, 2: 30345, 3: 30345, 4: 30345}",30943,1741140,0,0727c0053d3286862ad4e1a83300934391a78435df75bcc0b60781f38e576630,3178310,0.9548662500164937,A,1741140,"(75500, 4529990, 3178310)",seed,/Users/futaoran/Desktop/华为杯2026/华为杯_code/results/full_main_fast_20260924,0,AI_VERIFIED
0,root2:batch_12,0,0.0,0,B1_move,case_081,4529990,5,,1.1619807079841848,mps,75500,"{1: 60690, 2: 30345, 3: 30345, 4: 30345}",61008,1741140,0,38cb04f63a30d530b4a46a8d5abde23d76ecb173588288d6dc76846870bfb365,2542648,1.020408333017258,B,1741140,"(75500, 4529990, 2542648)",ordinary,/Users/futaoran/Desktop/华为杯2026/华为杯_code/results/full_main_fast_20260924,0,AI_VERIFIED
0,root2:batch_12,0,0.0,0,B1_base,case_081,4529990,5,,0.962251249991823,mps,75500,"{0: 30345, 1: 30345, 2: 30345, 3: 30345, 4: 30345}",30943,1741140,0,0727c0053d3286862ad4e1a83300934391a78435df75bcc0b60781f38e576630,3178310,0.9579850409936626,B,1741140,"(75500, 4529990, 3178310)",seed,/Users/futaoran/Desktop/华为杯2026/华为杯_code/results/full_main_fast_20260924,0,AI_VERIFIED
0,root2:batch_12,0,0.0,1044820,base_base,case_081,4529990,5,,1.1005926250072662,mps,75500,"{0: 30345, 1: 30345, 2: 30345, 3: 30345, 4: 30345}",30943,1741140,0,0727c0053d3286862ad4e1a83300934391a78435df75bcc0b60781f38e576630,3178310,1.1031031250022352,C,1741140,"(75500, 4529990, 3178310)",seed,/Users/futaoran/Desktop/华为杯2026/华为杯_code/results/full_main_fast_20260924,0,AI_VERIFIED
0,root2:batch_12,0,0.0,1044820,base_move,case_081,4529990,5,,1.202358542010188,mps,75500,"{1: 60690, 2: 30345, 3: 30345, 4: 30345}",61008,1741140,0,38cb04f63a30d530b4a46a8d5abde23d76ecb173588288d6dc76846870bfb365,2542648,1.2359015839756466,C,1741140,"(75500, 4529990, 2542648)",ordinary,/Users/futaoran/Desktop/华为杯2026/华为杯_code/results/full_main_fast_20260924,0,AI_VERIFIED
0,root2:batch_12,0,0.0,0,A0_base,case_086,3993894,1,,10.12240587497945,mps,157242,{0: 157242},118403,338022,0,07fd83050a31b25d151ef83610289f7f3f50d63eee5a3b43836d8f9b1154d493,3321638,1.7128655419801362,A,338022,"(157242, 3993894, 3321638)",seed,/Users/futaoran/Desktop/华为杯2026/华为杯_code/results/full_main_fast_20260924,0,AI_VERIFIED
113382,root2:batch_12,0,0.0,0,A2_base,case_086,4131084,1,,5.907611332979286,mps,157242,{0: 157242},118422,338022,113382,b5eed5136b4bda54c091e3343a171a737598790b78fc5905969a62d405b53e36,1433702,1.348228291986743,A,451404,"(157242, 4131084, 1433702)",seed,/Users/futaoran/Desktop/华为杯2026/华为杯_code/results/full_main_fast_20260924,0,AI_VERIFIED
22272,root2:batch_12,0,0.0,0,B3_base,case_086,3993894,1,,2.5041580840188544,mps,157242,{0: 157242},114843,338022,0,2d618605f4b40b004b3a601d0f05242572dc4858d4f0a007ade3a1fd2734fd03,657988,2.3663477079826407,B,360294,"(157242, 3993894, 657988)",seed,/Users/futaoran/Desktop/华为杯2026/华为杯_code/results/full_main_fast_20260924,22272,AI_VERIFIED
22272,root2:batch_12,0,0.0,0,B3_aggregate,case_086,3993894,1,,1.793524584005354,mps,157242,{0: 157242},115662,338022,0,ef07b471231518b91f73da11f9c338eb9812b5f968ed2734216bb87638808ee2,1260038,1.8571605409961194,B,360294,"(157242, 3993894, 1260038)",aggregate,/Users/futaoran/Desktop/华为杯2026/华为杯_code/results/full_main_fast_20260924,22272,AI_VERIFIED
22272,root2:batch_12,0,0.0,332262,base_base,case_086,3993894,1,,2.208616458985489,mps,157242,{0: 157242},114843,338022,0,2d618605f4b40b004b3a601d0f05242572dc4858d4f0a007ade3a1fd2734fd03,657988,1.8799557499878574,C,360294,"(157242, 3993894, 657988)",seed,/Users/futaoran/Desktop/华为杯2026/华为杯_code/results/full_main_fast_20260924,22272,AI_VERIFIED
22272,root2:batch_12,0,0.0,332262,base_aggregate,case_086,3993894,1,,1.9081820420105942,mps,157242,{0: 157242},115662,338022,0,ef07b471231518b91f73da11f9c338eb9812b5f968ed2734216bb87638808ee2,1260038,1.5554265000100713,C,360294,"(157242, 3993894, 1260038)",aggregate,/Users/futaoran/Desktop/华为杯2026/华为杯_code/results/full_main_fast_20260924,22272,AI_VERIFIED
346384,root2:batch_12,0,0.0,0,A2_base,case_086,4437094,2,,2.7959104999899864,mps,82353,"{0: 74889, 1: 82353}",120520,338022,346384,f0e0ecb24e85f77ba96d1b2ccc55fc31776363efe12810460e9f733b6f321796,1130796,1.0781962079927325,A,684406,"(82353, 4437094, 1130796)",seed,/Users/futaoran/Desktop/华为杯2026/华为杯_code/results/full_main_fast_20260924,0,AI_VERIFIED
,root2:batch_12,,,,A2_reorder,case_086,,2,task schedule: dependency cycle; 0 -[core 0 task order]-> 1; 1 -[subgraph dependency]-> 2; 2 -[subgraph dependency]-> 0,,mps,,,,,,f95a2eca79847672c2127d595fe991ae9e9171c4ff012772588995c5d188cc9d,,,A,,,capacity,/Users/futaoran/Desktop/华为杯2026/华为杯_code/results/full_main_fast_20260924,,PROFILE_FAILED
1592856,root2:batch_12,0,0.0,0,A3_base,case_086,6040062,2,,2.7586144999950193,mps,100668,"{0: 87171, 1: 70071}",132136,338022,1592856,4880655affa682dcd4c25b3c1eb7f3e4a98f39ad199c6318bfa165ad6d7d087f,675718,1.3560394590022042,A,1930878,"(100668, 6040062, 675718)",seed,/Users/futaoran/Desktop/华为杯2026/华为杯_code/results/full_main_fast_20260924,0,AI_VERIFIED
809190,root2:batch_12,0,0.0,0,B2_base,case_086,5072844,2,,1.927510917012114,mps,84548,"{0: 79415, 1: 77827}",119261,338022,809190,e44df7ad5312cff6a36a821aa868e3dfc5fcd41d7c6e76fc10712f6a8ad0b07d,1233482,1.9678765420103446,B,1147212,"(84548, 5072844, 1233482)",seed,/Users/futaoran/Desktop/华为杯2026/华为杯_code/results/full_main_fast_20260924,0,AI_VERIFIED
,root2:batch_12,,,,B2_reorder,case_086,,2,"global execution (core, op): dependency cycle; (0, 1000005653) -[PIPE_MTE3 FIFO]-> (0, 1000005656); (0, 1000005656) -[PIPE_MTE3 FIFO]-> (0, 1000005659); (0, 1000005659) -[PIPE_MTE3 FIFO]-> (0, 1000005662); (0, 1000005662) -[PIPE_MTE3 FIFO]-> (0, 1000005665); (0, 1000005665) -[PIPE_MTE3 FIFO]-> (0, 1000005668); (0, 1000005668) -[PIPE_MTE3 FIFO]-> (0, 1000005671); (0, 1000005671) -[PIPE_MTE3 FIFO]-> (0, 1000005683); (0, 1000005683) -[PIPE_MTE3 FIFO]-> (0, 1000005695); (0, 1000005695) -[PIPE_MTE3 FIFO]-> (0, 1000005707); (0, 1000005707) -[PIPE_MTE3 FIFO]-> (0, 1000005719); (0, 1000005719) -[PIPE_MTE3 FIFO]-> (0, 1000005731); (0, 1000005731) -[cross-core COPY]-> (1, 1000005732); (1, 1000005732) -[local data/memory dependency]-> (1, 1757); (1, 1757) -[local data/memory dependency]-> (1, 1758); (1, 1758) -[local data/memory dependency]-> (1, 1879); (1, 1879) -[local data/memory dependency]-> (1, 1880); ... (121 edges total)",,mps,,,,,,b9eaa4633a2469395d85c07c2124750125b805e6ebfb66459b2a9e8ec9f3b9a2,,1.5923787920037284,B,,,capacity,/Users/futaoran/Desktop/华为杯2026/华为杯_code/results/full_main_fast_20260924,,EVALUATION_FAILED
809190,root2:batch_12,3174,0.004364038344140309,724134,base_base,case_086,5072844,2,,1.7943329580011778,mps,84548,"{0: 79415, 1: 77827}",119261,338022,809190,e44df7ad5312cff6a36a821aa868e3dfc5fcd41d7c6e76fc10712f6a8ad0b07d,1233482,1.4080046250019222,C,1147212,"(84548, 5072844, 1233482)",seed,/Users/futaoran/Desktop/华为杯2026/华为杯_code/results/full_main_fast_20260924,0,AI_VERIFIED
,root2:batch_12,,,,base_reorder,case_086,,2,"global execution (core, op): dependency cycle; (0, 1000005653) -[PIPE_MTE3 FIFO]-> (0, 1000005656); (0, 1000005656) -[PIPE_MTE3 FIFO]-> (0, 1000005659); (0, 1000005659) -[PIPE_MTE3 FIFO]-> (0, 1000005662); (0, 1000005662) -[PIPE_MTE3 FIFO]-> (0, 1000005665); (0, 1000005665) -[PIPE_MTE3 FIFO]-> (0, 1000005668); (0, 1000005668) -[PIPE_MTE3 FIFO]-> (0, 1000005671); (0, 1000005671) -[PIPE_MTE3 FIFO]-> (0, 1000005683); (0, 1000005683) -[PIPE_MTE3 FIFO]-> (0, 1000005695); (0, 1000005695) -[PIPE_MTE3 FIFO]-> (0, 1000005707); (0, 1000005707) -[PIPE_MTE3 FIFO]-> (0, 1000005719); (0, 1000005719) -[PIPE_MTE3 FIFO]-> (0, 1000005731); (0, 1000005731) -[cross-core COPY]-> (1, 1000005732); (1, 1000005732) -[local data/memory dependency]-> (1, 1757); (1, 1757) -[local data/memory dependency]-> (1, 1758); (1, 1758) -[local data/memory dependency]-> (1, 1879); (1, 1879) -[local data/memory dependency]-> (1, 1880); ... (121 edges total)",,mps,,,,,,b9eaa4633a2469395d85c07c2124750125b805e6ebfb66459b2a9e8ec9f3b9a2,,1.3923947080038488,C,,,timing,/Users/futaoran/Desktop/华为杯2026/华为杯_code/results/full_main_fast_20260924,,EVALUATION_FAILED
356952,root2:batch_12,0,0.0,0,A2_base,case_086,4405374,3,,2.3523489590152167,mps,73423,"{0: 52414, 1: 56976, 2: 47852}",122522,338022,356952,3410f9bd5bf616dcf77cc1b981ad3f344d6e9ee9de2ef54ec81efad86a9f7404,965390,1.1299551249830984,A,694974,"(73423, 4405374, 965390)",seed,/Users/futaoran/Desktop/华为杯2026/华为杯_code/results/full_main_fast_20260924,0,AI_VERIFIED
,root2:batch_12,,,,A2_reorder,case_086,,3,task schedule: dependency cycle; 0 -[core 0 task order]-> 1; 1 -[subgraph dependency]-> 2; 2 -[subgraph dependency]-> 0,,mps,,,,,,5b5e1acb4e49fcc4699cb1104a910dac3bb7c6dfc4d62dc0c658e1a97775a19f,,,A,,,capacity,/Users/futaoran/Desktop/华为杯2026/华为杯_code/results/full_main_fast_20260924,,PROFILE_FAILED
,root2:batch_12,,,,A3_move,case_086,,3,task schedule: dependency cycle; 2 -[subgraph dependency]-> 7; 7 -[subgraph dependency]-> 10; 10 -[subgraph dependency]-> 3; 3 -[core 0 task order]-> 4; 4 -[subgraph dependency]-> 6; 6 -[subgraph dependency]-> 2,,mps,,,,,,a07c8301e28862072601f80cbaaca071b6ff69b2b2ccf5d1f6678d43469831c3,,,A,,,ordinary,/Users/futaoran/Desktop/华为杯2026/华为杯_code/results/full_main_fast_20260924,,PROFILE_FAILED
2146718,root2:batch_12,0,0.0,0,A3_base,case_086,6829460,3,,2.5672530839801766,mps,113825,"{0: 46016, 1: 53005, 2: 58221}",136534,338022,2146718,3b05a4f11c1a304746c6742651385955b01b170d7e6be400817f79c936af3cd1,586706,1.3179838749929331,A,2484740,"(113825, 6829460, 586706)",seed,/Users/futaoran/Desktop/华为杯2026/华为杯_code/results/full_main_fast_20260924,0,AI_VERIFIED
,root2:batch_12,,,,B2_move,case_086,,3,"global execution (core, op): dependency cycle; (0, 1000005586) -[PIPE_MTE3 FIFO]-> (0, 1000005574); (0, 1000005574) -[PIPE_MTE3 FIFO]-> (0, 1000005583); (0, 1000005583) -[PIPE_MTE3 FIFO]-> (0, 1000005571); (0, 1000005571) -[PIPE_MTE3 FIFO]-> (0, 1000005580); (0, 1000005580) -[cross-core COPY]-> (2, 1000005581); (2, 1000005581) -[local data/memory dependency]-> (2, 1795); (2, 1795) -[local data/memory dependency]-> (2, 1796); (2, 1796) -[local data/memory dependency]-> (2, 1899); (2, 1899) -[local data/memory dependency]-> (2, 1900); (2, 1900) -[local data/memory dependency]-> (2, 1901); (2, 1901) -[local data/memory dependency]-> (2, 1902); (2, 1902) -[local data/memory dependency]-> (2, 1903); (2, 1903) -[local data/memory dependency]-> (2, 1904); (2, 1904) -[local data/memory dependency]-> (2, 1905); (2, 1905) -[local data/memory dependency]-> (2, 1907); (2, 1907) -[local data/memory dependency]-> (2, 1908); ... (141 edges total)",,mps,,,,,,9b6dc3f6150d2a3075697af68bd2b75a3bbfd330de22fc2728d92be308fc794c,,1.580738749995362,B,,,ordinary,/Users/futaoran/Desktop/华为杯2026/华为杯_code/results/full_main_fast_20260924,,EVALUATION_FAILED
0,root2:batch_12,0,0.0,0,B0_base,case_086,3993894,3,,2.0502292920136824,mps,157242,{0: 157242},118403,338022,0,0bcecd7bcc53633f8f9ba3c38ed76b488569ec72967cded72c58270fe7451ce3,3321638,1.9727903330058325,B,338022,"(157242, 3993894, 3321638)",seed,/Users/futaoran/Desktop/华为杯2026/华为杯_code/results/full_main_fast_20260924,0,AI_VERIFIED
0,root2:batch_12,0,0.0,321126,base_base,case_086,3993894,3,,2.3359621669806074,mps,157242,{0: 157242},118403,338022,0,0bcecd7bcc53633f8f9ba3c38ed76b488569ec72967cded72c58270fe7451ce3,3321638,2.1422312499780674,C,338022,"(157242, 3993894, 3321638)",seed,/Users/futaoran/Desktop/华为杯2026/华为杯_code/results/full_main_fast_20260924,0,AI_VERIFIED
629752,root2:batch_12,0,0.0,0,A2_base,case_086,4829806,4,,2.828396375000011,mps,80497,"{0: 34143, 1: 42419, 2: 49185, 3: 31495}",124513,338022,629752,d659f0d307db98fe9d668195ca40a3024587a1fabea67ef4be75e0fe797669ad,960548,1.1475070000160486,A,967774,"(80497, 4829806, 960548)",seed,/Users/futaoran/Desktop/华为杯2026/华为杯_code/results/full_main_fast_20260924,0,AI_VERIFIED
,root2:batch_12,,,,A2_reorder,case_086,,4,task schedule: dependency cycle; 0 -[core 0 task order]-> 1; 1 -[subgraph dependency]-> 2; 2 -[subgraph dependency]-> 4; 4 -[subgraph dependency]-> 3; 3 -[subgraph dependency]-> 0,,mps,,,,,,34c5b18d6c5e7d14bd72a24d8ce85f2a3b8efafcf56fd4709462ee0990da4d4b,,,A,,,capacity,/Users/futaoran/Desktop/华为杯2026/华为杯_code/results/full_main_fast_20260924,,PROFILE_FAILED
2683612,root2:batch_12,0,0.0,0,A3_base,case_086,7406434,4,,3.0577536250057165,mps,123441,"{0: 46141, 1: 34837, 2: 38721, 3: 37543}",147318,338022,2683612,432c704ad57bea8e5169d1721fc787d74bc5a7cc906cab89873c0eab9a65e2d7,692388,1.732824292004807,A,3021634,"(123441, 7406434, 692388)",seed,/Users/futaoran/Desktop/华为杯2026/华为杯_code/results/full_main_fast_20260924,0,AI_VERIFIED
1346512,root2:batch_12,0,0.0,0,B2_base,case_086,5738038,4,,2.063968709000619,mps,95634,"{0: 34162, 1: 43364, 2: 47783, 3: 31933}",127542,338022,1346512,5990408138f23e8f72cab81d05eca901cc364420159ac85173737e54ef284efe,1186842,1.785079500026768,B,1684534,"(95634, 5738038, 1186842)",seed,/Users/futaoran/Desktop/华为杯2026/华为杯_code/results/full_main_fast_20260924,0,AI_VERIFIED
,root2:batch_12,,,,B2_reorder,case_086,,4,"global execution (core, op): dependency cycle; (0, 1000006090) -[PIPE_MTE3 FIFO]-> (0, 1000005997); (0, 1000005997) -[PIPE_MTE3 FIFO]-> (0, 1000006027); (0, 1000006027) -[PIPE_MTE3 FIFO]-> (0, 1000006057); (0, 1000006057) -[PIPE_MTE3 FIFO]-> (0, 1000006087); (0, 1000006087) -[PIPE_MTE3 FIFO]-> (0, 1000005670); (0, 1000005670) -[PIPE_MTE3 FIFO]-> (0, 1000005673); (0, 1000005673) -[PIPE_MTE3 FIFO]-> (0, 1000005676); (0, 1000005676) -[PIPE_MTE3 FIFO]-> (0, 1000005679); (0, 1000005679) -[PIPE_MTE3 FIFO]-> (0, 1000005682); (0, 1000005682) -[PIPE_MTE3 FIFO]-> (0, 1000005685); (0, 1000005685) -[PIPE_MTE3 FIFO]-> (0, 1000005688); (0, 1000005688) -[PIPE_MTE3 FIFO]-> (0, 1000005691); (0, 1000005691) -[PIPE_MTE3 FIFO]-> (0, 1000005697); (0, 1000005697) -[PIPE_MTE3 FIFO]-> (0, 1000005700); (0, 1000005700) -[PIPE_MTE3 FIFO]-> (0, 1000005703); (0, 1000005703) -[PIPE_MTE3 FIFO]-> (0, 1000005706); ... (377 edges total)",,mps,,,,,,0ee698b7f3bf0952878e72e45e9419201272ca7151584f8b9ffb706117b2314e,,2.1265548749943264,B,,,capacity,/Users/futaoran/Desktop/华为杯2026/华为杯_code/results/full_main_fast_20260924,,EVALUATION_FAILED
1346512,root2:batch_12,39856,0.039737502766749554,963126,base_base,case_086,5738038,4,,2.3666982919967268,mps,95634,"{0: 34162, 1: 43364, 2: 47783, 3: 31933}",127542,338022,1346512,5990408138f23e8f72cab81d05eca901cc364420159ac85173737e54ef284efe,1186842,2.0215132090088446,C,1684534,"(95634, 5738038, 1186842)",seed,/Users/futaoran/Desktop/华为杯2026/华为杯_code/results/full_main_fast_20260924,0,AI_VERIFIED
1272784,root2:batch_12,36784,0.038074024084014585,929334,base_aggregate_tid_1000003605,case_086,5630518,4,,2.158088583004428,mps,93842,"{0: 34162, 1: 64440, 2: 26707, 3: 31933}",126423,338022,1272784,47a2c4b33af31d634460991dbe210fa284d895c303bfb1493ed34aa949d242f3,1108956,2.1875747079902794,C,1610806,"(93842, 5630518, 1108956)",aggregate,/Users/futaoran/Desktop/华为杯2026/华为杯_code/results/full_main_fast_20260924,0,AI_VERIFIED
707324,root2:batch_12,0,0.0,0,A2_base,case_086,4942546,5,,2.100920041993959,mps,82376,"{0: 28112, 1: 35798, 2: 23675, 3: 43473, 4: 26184}",127949,338022,707324,7ce00a938d3eb3c86c9431944d023adf1055c12202a7984021c3bd6d13c0938f,845862,1.0810000830097124,A,1045346,"(82376, 4942546, 845862)",seed,/Users/futaoran/Desktop/华为杯2026/华为杯_code/results/full_main_fast_20260924,0,AI_VERIFIED
,root2:batch_12,,,,A2_reorder,case_086,,5,task schedule: dependency cycle; 0 -[core 0 task order]-> 1; 1 -[subgraph dependency]-> 2; 2 -[subgraph dependency]-> 4; 4 -[subgraph dependency]-> 6; 6 -[subgraph dependency]-> 3; 3 -[subgraph dependency]-> 0,,mps,,,,,,3b5c544ed927ca9a21266e1e02635195b180bc0ca788472de17db778272fe147,,,A,,,capacity,/Users/futaoran/Desktop/华为杯2026/华为杯_code/results/full_main_fast_20260924,,PROFILE_FAILED
,root2:batch_12,,,,A2_move,case_086,,5,task schedule: dependency cycle; 5 -[core 2 task order]-> 6; 6 -[subgraph dependency]-> 8; 8 -[subgraph dependency]-> 5,,mps,,,,,,fb3966b1d73d2a6c22b4a6325d73941ff0551d9ad55682fbd883e798ad573f5e,,,A,,,ordinary,/Users/futaoran/Desktop/华为杯2026/华为杯_code/results/full_main_fast_20260924,,PROFILE_FAILED
3158014,root2:batch_12,0,0.0,0,A3_base,case_086,7972516,5,,3.233014458004618,mps,132876,"{0: 25658, 1: 30663, 2: 38384, 3: 29310, 4: 33227}",152261,338022,3158014,9e360606ce86b153d1598f02081e08fbbe8384c2267765441b03d532b011c857,639682,1.908068333985284,A,3496036,"(132876, 7972516, 639682)",seed,/Users/futaoran/Desktop/华为杯2026/华为杯_code/results/full_main_fast_20260924,0,AI_VERIFIED
,root2:batch_12,,,,B2_move,case_086,,5,"global execution (core, op): dependency cycle; (1, 1000007968) -[PIPE_MTE3 FIFO]-> (1, 1000007971); (1, 1000007971) -[PIPE_MTE3 FIFO]-> (1, 1000007974); (1, 1000007974) -[PIPE_MTE3 FIFO]-> (1, 1000007977); (1, 1000007977) -[PIPE_MTE3 FIFO]-> (1, 1000007980); (1, 1000007980) -[PIPE_MTE3 FIFO]-> (1, 1000007983); (1, 1000007983) -[PIPE_MTE3 FIFO]-> (1, 1000008130); (1, 1000008130) -[PIPE_MTE3 FIFO]-> (1, 1000008136); (1, 1000008136) -[PIPE_MTE3 FIFO]-> (1, 1000008142); (1, 1000008142) -[PIPE_MTE3 FIFO]-> (1, 1000008148); (1, 1000008148) -[PIPE_MTE3 FIFO]-> (1, 1000008154); (1, 1000008154) -[PIPE_MTE3 FIFO]-> (1, 1000008160); (1, 1000008160) -[PIPE_MTE3 FIFO]-> (1, 1000008178); (1, 1000008178) -[PIPE_MTE3 FIFO]-> (1, 1000008184); (1, 1000008184) -[PIPE_MTE3 FIFO]-> (1, 1000008190); (1, 1000008190) -[PIPE_MTE3 FIFO]-> (1, 1000008196); (1, 1000008196) -[PIPE_MTE3 FIFO]-> (1, 1000008202); ... (318 edges total)",,mps,,,,,,37afc40d7719097cf3b537f3ee896c6ece4a0e1635ba2ecbf96c84cba3c78117,,1.4990832500043325,B,,,ordinary,/Users/futaoran/Desktop/华为杯2026/华为杯_code/results/full_main_fast_20260924,,EVALUATION_FAILED
0,root2:batch_12,0,0.0,0,B0_base,case_086,3993894,5,,2.260468749998836,mps,157242,{0: 157242},118403,338022,0,aa7999cd2d4047253ef57c08123bcce86267c2fc4f0579c8ab0281044c55d799,3321638,1.8953886250092182,B,338022,"(157242, 3993894, 3321638)",seed,/Users/futaoran/Desktop/华为杯2026/华为杯_code/results/full_main_fast_20260924,0,AI_VERIFIED
0,root2:batch_12,0,0.0,321126,base_base,case_086,3993894,5,,2.751143416011473,mps,157242,{0: 157242},118403,338022,0,aa7999cd2d4047253ef57c08123bcce86267c2fc4f0579c8ab0281044c55d799,3321638,2.823194666998461,C,338022,"(157242, 3993894, 3321638)",seed,/Users/futaoran/Desktop/华为杯2026/华为杯_code/results/full_main_fast_20260924,0,AI_VERIFIED
