batch,case,cores,delta_cycles,final_candidate,final_makespan,final_source,improved,initial_candidate,initial_makespan,initial_source,relative_gain,scene,status
root1:batch_16,case_001,1,0.0,A0_base,233110.0,,False,A0_base,233110.0,,0.0,A,AI_VERIFIED
root1:batch_16,case_001,1,0.0,B0_base,233110.0,,False,B0_base,233110.0,,0.0,B,AI_VERIFIED
root1:batch_16,case_001,1,0.0,incumbent_base,233110.0,incumbent,False,incumbent_base,233110.0,incumbent,0.0,C,AI_VERIFIED
root1:batch_16,case_001,2,116242.0,A1_base,116868.0,,True,A0_base,233110.0,,0.49865728625970573,A,AI_VERIFIED
root1:batch_16,case_001,2,116242.0,B1_base,116868.0,,True,B0_base,233110.0,,0.49865728625970573,B,AI_VERIFIED
root1:batch_16,case_001,2,0.0,incumbent_base,116868.0,,False,incumbent_base,116868.0,,0.0,C,AI_VERIFIED
root1:batch_16,case_001,3,154565.0,A1_base,78545.0,,True,A0_base,233110.0,,0.6630560679507529,A,AI_VERIFIED
root1:batch_16,case_001,3,154565.0,B1_base,78545.0,,True,B0_base,233110.0,,0.6630560679507529,B,AI_VERIFIED
root1:batch_16,case_001,3,0.0,incumbent_base,78545.0,,False,incumbent_base,78545.0,,0.0,C,AI_VERIFIED
root1:batch_16,case_001,4,174126.0,A1_base,58984.0,,True,A0_base,233110.0,,0.7469692419887607,A,AI_VERIFIED
root1:batch_16,case_001,4,174126.0,B1_base,58984.0,,True,B0_base,233110.0,,0.7469692419887607,B,AI_VERIFIED
root1:batch_16,case_001,4,0.0,incumbent_base,58984.0,,False,incumbent_base,58984.0,,0.0,C,AI_VERIFIED
root1:batch_16,case_001,5,185608.0,A1_base,47502.0,,True,A0_base,233110.0,,0.7962249581742525,A,AI_VERIFIED
root1:batch_16,case_001,5,185608.0,B1_base,47502.0,,True,B0_base,233110.0,,0.7962249581742525,B,AI_VERIFIED
root1:batch_16,case_001,5,0.0,incumbent_base,47502.0,,False,incumbent_base,47502.0,,0.0,C,AI_VERIFIED
root1:batch_05,case_002,1,0.0,A0_base,261945.0,,False,A0_base,261945.0,,0.0,A,AI_VERIFIED
root1:batch_05,case_002,1,1436.0,B3_base,260509.0,seed,True,B0_base,261945.0,,0.0054820668460936455,B,AI_VERIFIED
root1:batch_05,case_002,1,0.0,incumbent_base,254213.0,,False,incumbent_base,254213.0,,0.0,C,AI_VERIFIED
root1:batch_05,case_002,2,31035.0,A3_base,230910.0,seed,True,A0_base,261945.0,,0.11847907003378572,A,AI_VERIFIED
root1:batch_05,case_002,2,96854.0,B3_base,165091.0,seed,True,B0_base,261945.0,,0.3697493748687702,B,AI_VERIFIED
root1:batch_05,case_002,2,0.0,incumbent_aggregate,164754.0,aggregate,False,incumbent_base,164754.0,,0.0,C,AI_VERIFIED
root1:batch_05,case_002,3,88877.0,L2_base,173068.0,legacy_seed,True,A0_base,261945.0,,0.339296417186814,A,AI_VERIFIED
root1:batch_05,case_002,3,130596.0,B3_base,131349.0,seed,True,B0_base,261945.0,,0.49856267537078397,B,AI_VERIFIED
root1:batch_05,case_002,3,3788.0,r3_merge_g12_7,127539.0,ordinary_chain,True,incumbent_base,131327.0,,0.02884403054969656,C,AI_VERIFIED
root1:batch_05,case_002,4,88877.0,incumbent_base,173068.0,,True,A0_base,261945.0,,0.339296417186814,A,AI_VERIFIED
root1:batch_05,case_002,4,139619.0,B3_base,122326.0,seed,True,B0_base,261945.0,,0.5330088377331119,B,AI_VERIFIED
root1:batch_05,case_002,4,458.0,incumbent_aggregate,119922.0,aggregate,True,incumbent_base,120380.0,,0.003804618707426483,C,AI_VERIFIED
root1:batch_05,case_002,5,133533.0,L2_base,128412.0,legacy_seed,True,A0_base,261945.0,,0.5097749527572581,A,AI_VERIFIED
root1:batch_05,case_002,5,150267.0,B3_base,111678.0,seed,True,B0_base,261945.0,,0.5736585924526141,B,AI_VERIFIED
root1:batch_05,case_002,5,3444.0,event_timing_tid_1000000399_miss_2_bytes_9216_core_1,105055.0,event_timing,True,incumbent_base,108499.0,,0.031742228038968104,C,AI_VERIFIED
root1:batch_16,case_003,1,14293.0,L3_base,587919.0,legacy_seed,True,A0_base,602212.0,,0.023734166705412712,A,AI_VERIFIED
root1:batch_16,case_003,1,9231.0,L3_base,592981.0,legacy_seed,True,B0_base,602212.0,,0.015328488970661495,B,AI_VERIFIED
root1:batch_16,case_003,1,1238.0,incumbent_split_release_g2_p4,591743.0,timing,True,incumbent_base,592981.0,,0.0020877566060295357,C,AI_VERIFIED
root1:batch_16,case_003,2,63831.0,L1_base,538381.0,legacy_seed,True,A0_base,602212.0,,0.1059942345884838,A,AI_VERIFIED
root1:batch_16,case_003,2,63831.0,L1_base,538381.0,legacy_seed,True,B0_base,602212.0,,0.1059942345884838,B,AI_VERIFIED
root1:batch_16,case_003,2,7000.0,r1_split_g0_h0_c1_p0,531381.0,ordinary_chain,True,incumbent_base,538381.0,,0.013001944719445895,C,AI_VERIFIED
root1:batch_16,case_003,3,63831.0,incumbent_base,538381.0,,True,A0_base,602212.0,,0.1059942345884838,A,AI_VERIFIED
root1:batch_16,case_003,3,78002.0,B3_base,524210.0,seed,True,B0_base,602212.0,,0.1295258148293292,B,AI_VERIFIED
root1:batch_16,case_003,3,1573.0,incumbent_disperse_group_tid_1000004544_group_11_core_2_pos_4,522594.0,disperse,True,incumbent_base,524167.0,,0.003000951986676002,C,AI_VERIFIED
root1:batch_16,case_003,4,63831.0,incumbent_base,538381.0,,True,A0_base,602212.0,,0.1059942345884838,A,AI_VERIFIED
root1:batch_16,case_003,4,78002.0,incumbent_base,524210.0,,True,B0_base,602212.0,,0.1295258148293292,B,AI_VERIFIED
root1:batch_16,case_003,4,1573.0,incumbent_disperse_group_tid_1000004544_group_11_core_2_pos_4,522594.0,,True,incumbent_base,524167.0,,0.003000951986676002,C,AI_VERIFIED
root1:batch_16,case_003,5,63831.0,incumbent_base,538381.0,,True,A0_base,602212.0,,0.1059942345884838,A,AI_VERIFIED
root1:batch_16,case_003,5,132510.0,B3_base,469702.0,seed,True,B0_base,602212.0,,0.22003879032633025,B,AI_VERIFIED
root1:batch_16,case_003,5,0.0,incumbent_base,469516.0,,False,incumbent_base,469516.0,,0.0,C,AI_VERIFIED
root1:batch_10,case_004,1,0.0,A0_base,392357.0,,False,A0_base,392357.0,,0.0,A,AI_VERIFIED
root1:batch_10,case_004,1,162.0,B2_base,392195.0,seed,True,B0_base,392357.0,,0.0004128892819549543,B,AI_VERIFIED
root1:batch_10,case_004,1,5011.0,incumbent_split_release_g1_p2,387184.0,timing,True,incumbent_base,392195.0,,0.012776807455474956,C,AI_VERIFIED
root1:batch_10,case_004,2,193283.0,A1_base,199074.0,,True,A0_base,392357.0,,0.492620241259873,A,AI_VERIFIED
root1:batch_10,case_004,2,193283.0,B1_base,199074.0,,True,B0_base,392357.0,,0.492620241259873,B,AI_VERIFIED
root1:batch_10,case_004,2,0.0,incumbent_base,199074.0,,False,incumbent_base,199074.0,,0.0,C,AI_VERIFIED
root1:batch_10,case_004,3,258314.0,A1_base,134043.0,,True,A0_base,392357.0,,0.6583647035735313,A,AI_VERIFIED
root1:batch_10,case_004,3,258314.0,B1_base,134043.0,,True,B0_base,392357.0,,0.6583647035735313,B,AI_VERIFIED
root1:batch_10,case_004,3,0.0,incumbent_base,134043.0,,False,incumbent_base,134043.0,,0.0,C,AI_VERIFIED
root1:batch_10,case_004,4,288169.0,A1_base,104188.0,,True,A0_base,392357.0,,0.7344561203189952,A,AI_VERIFIED
root1:batch_10,case_004,4,288169.0,B1_base,104188.0,,True,B0_base,392357.0,,0.7344561203189952,B,AI_VERIFIED
root1:batch_10,case_004,4,0.0,incumbent_base,104188.0,,False,incumbent_base,104188.0,,0.0,C,AI_VERIFIED
root1:batch_10,case_004,5,304016.0,A1_base,88341.0,,True,A0_base,392357.0,,0.7748453576717123,A,AI_VERIFIED
root1:batch_10,case_004,5,304016.0,B1_base,88341.0,,True,B0_base,392357.0,,0.7748453576717123,B,AI_VERIFIED
root1:batch_10,case_004,5,2336.0,r2_boundary_n6_c2_p0,86005.0,ordinary_chain,True,incumbent_base,88341.0,,0.026442987967082103,C,AI_VERIFIED
root1:batch_13,case_005,1,0.0,A0_base,95618.0,,False,A0_base,95618.0,,0.0,A,AI_VERIFIED
root1:batch_13,case_005,1,2308.0,B3_base,93310.0,seed,True,B0_base,95618.0,,0.024137714656236275,B,AI_VERIFIED
root1:batch_13,case_005,1,139.0,incumbent_aggregate,93171.0,aggregate,True,incumbent_base,93310.0,,0.0014896581288179188,C,AI_VERIFIED
root1:batch_13,case_005,2,0.0,A0_base,95618.0,,False,A0_base,95618.0,,0.0,A,AI_VERIFIED
root1:batch_13,case_005,2,2308.0,incumbent_base,93310.0,,True,B0_base,95618.0,,0.024137714656236275,B,AI_VERIFIED
root1:batch_13,case_005,2,250.0,r2_move_g6_c1_p0,93060.0,ordinary_chain,True,incumbent_base,93310.0,,0.002679241238881149,C,AI_VERIFIED
root1:batch_13,case_005,3,0.0,A0_base,95618.0,,False,A0_base,95618.0,,0.0,A,AI_VERIFIED
root1:batch_13,case_005,3,6922.0,L3_base,88696.0,legacy_seed,True,B0_base,95618.0,,0.07239222740488192,B,AI_VERIFIED
root1:batch_13,case_005,3,1755.0,incumbent_split_release_g9_p4,86911.0,timing,True,incumbent_base,88666.0,,0.019793381905127107,C,AI_VERIFIED
root1:batch_13,case_005,4,0.0,A0_base,95618.0,,False,A0_base,95618.0,,0.0,A,AI_VERIFIED
root1:batch_13,case_005,4,6922.0,incumbent_base,88696.0,,True,B0_base,95618.0,,0.07239222740488192,B,AI_VERIFIED
root1:batch_13,case_005,4,1755.0,incumbent_split_release_g4_p4,86911.0,timing,True,incumbent_base,88666.0,,0.019793381905127107,C,AI_VERIFIED
root1:batch_13,case_005,5,0.0,A0_base,95618.0,,False,A0_base,95618.0,,0.0,A,AI_VERIFIED
root1:batch_13,case_005,5,6922.0,incumbent_base,88696.0,,True,B0_base,95618.0,,0.07239222740488192,B,AI_VERIFIED
root1:batch_13,case_005,5,1755.0,incumbent_split_release_g4_p4,86911.0,timing,True,incumbent_base,88666.0,,0.019793381905127107,C,AI_VERIFIED
root1:batch_07,case_006,1,2016.0,L3_base,80821.0,legacy_seed,True,A0_base,82837.0,,0.024336950879437932,A,AI_VERIFIED
root1:batch_07,case_006,1,8888.0,B3_base,73949.0,seed,True,B0_base,82837.0,,0.10729504931371248,B,AI_VERIFIED
root1:batch_07,case_006,1,0.0,incumbent_aggregate,73949.0,aggregate,False,incumbent_base,73949.0,,0.0,C,AI_VERIFIED
root1:batch_07,case_006,2,40141.0,L1_base,42696.0,legacy_seed,True,A0_base,82837.0,,0.4845781474461895,A,AI_VERIFIED
root1:batch_07,case_006,2,40141.0,L1_base,42696.0,legacy_seed,True,B0_base,82837.0,,0.4845781474461895,B,AI_VERIFIED
root1:batch_07,case_006,2,1516.0,incumbent_split_release_g0_p4,41180.0,timing,True,incumbent_base,42696.0,,0.035506839048154396,C,AI_VERIFIED
root1:batch_07,case_006,3,51685.0,L1_base,31152.0,legacy_seed,True,A0_base,82837.0,,0.6239361637915424,A,AI_VERIFIED
root1:batch_07,case_006,3,51685.0,L1_base,31152.0,legacy_seed,True,B0_base,82837.0,,0.6239361637915424,B,AI_VERIFIED
root1:batch_07,case_006,3,0.0,incumbent_base,31152.0,,False,incumbent_base,31152.0,,0.0,C,AI_VERIFIED
root1:batch_07,case_006,4,51685.0,incumbent_base,31152.0,,True,A0_base,82837.0,,0.6239361637915424,A,AI_VERIFIED
root1:batch_07,case_006,4,51685.0,incumbent_base,31152.0,,True,B0_base,82837.0,,0.6239361637915424,B,AI_VERIFIED
root1:batch_07,case_006,4,0.0,incumbent_base,31152.0,,False,incumbent_base,31152.0,,0.0,C,AI_VERIFIED
root1:batch_07,case_006,5,51685.0,incumbent_base,31152.0,,True,A0_base,82837.0,,0.6239361637915424,A,AI_VERIFIED
root1:batch_07,case_006,5,51685.0,incumbent_base,31152.0,,True,B0_base,82837.0,,0.6239361637915424,B,AI_VERIFIED
root1:batch_07,case_006,5,0.0,incumbent_base,31152.0,,False,incumbent_base,31152.0,,0.0,C,AI_VERIFIED
root1:batch_11,case_007,1,26598.0,A3_base,985964.0,seed,True,A0_base,1012562.0,,0.026268021118706804,A,AI_VERIFIED
root1:batch_11,case_007,1,0.0,B0_base,1012562.0,,False,B0_base,1012562.0,,0.0,B,AI_VERIFIED
root1:batch_11,case_007,1,0.0,incumbent_base,1012562.0,incumbent,False,incumbent_base,1012562.0,incumbent,0.0,C,AI_VERIFIED
root1:batch_11,case_007,2,505068.0,A1_base,507494.0,,True,A0_base,1012562.0,,0.49880204866467437,A,AI_VERIFIED
root1:batch_11,case_007,2,505068.0,B1_base,507494.0,,True,B0_base,1012562.0,,0.49880204866467437,B,AI_VERIFIED
root1:batch_11,case_007,2,0.0,incumbent_base,507494.0,,False,incumbent_base,507494.0,,0.0,C,AI_VERIFIED
root1:batch_11,case_007,3,674468.0,A1_base,338094.0,,True,A0_base,1012562.0,,0.6661004461948997,A,AI_VERIFIED
root1:batch_11,case_007,3,674468.0,B1_base,338094.0,,True,B0_base,1012562.0,,0.6661004461948997,B,AI_VERIFIED
root1:batch_11,case_007,3,0.0,incumbent_base,338094.0,,False,incumbent_base,338094.0,,0.0,C,AI_VERIFIED
root1:batch_11,case_007,4,758164.0,A1_base,254398.0,,True,A0_base,1012562.0,,0.7487581007385227,A,AI_VERIFIED
root1:batch_11,case_007,4,758164.0,B1_base,254398.0,,True,B0_base,1012562.0,,0.7487581007385227,B,AI_VERIFIED
root1:batch_11,case_007,4,0.0,incumbent_base,254398.0,,False,incumbent_base,254398.0,,0.0,C,AI_VERIFIED
root1:batch_11,case_007,5,808728.0,A1_base,203834.0,,True,A0_base,1012562.0,,0.7986947959729873,A,AI_VERIFIED
root1:batch_11,case_007,5,808728.0,B1_base,203834.0,,True,B0_base,1012562.0,,0.7986947959729873,B,AI_VERIFIED
root1:batch_11,case_007,5,0.0,incumbent_base,203834.0,,False,incumbent_base,203834.0,,0.0,C,AI_VERIFIED
root1:batch_01,case_008,1,74010.0,A3_base,413595.0,seed,True,A0_base,487605.0,,0.1517826929584397,A,AI_VERIFIED
root1:batch_01,case_008,1,218280.0,L2_base,269325.0,legacy_seed,True,B0_base,487605.0,,0.44765742763097177,B,AI_VERIFIED
root1:batch_01,case_008,1,0.0,incumbent_base,269325.0,,False,incumbent_base,269325.0,,0.0,C,AI_VERIFIED
root1:batch_01,case_008,2,243339.0,A1_base,244266.0,,True,A0_base,487605.0,,0.4990494355061987,A,AI_VERIFIED
root1:batch_01,case_008,2,243339.0,B1_base,244266.0,,True,B0_base,487605.0,,0.4990494355061987,B,AI_VERIFIED
root1:batch_01,case_008,2,0.0,incumbent_base,244266.0,,False,incumbent_base,244266.0,,0.0,C,AI_VERIFIED
root1:batch_01,case_008,3,324246.0,A1_base,163359.0,,True,A0_base,487605.0,,0.6649767742332421,A,AI_VERIFIED
root1:batch_01,case_008,3,324246.0,B1_base,163359.0,,True,B0_base,487605.0,,0.6649767742332421,B,AI_VERIFIED
root1:batch_01,case_008,3,0.0,incumbent_base,163359.0,,False,incumbent_base,163359.0,,0.0,C,AI_VERIFIED
root1:batch_01,case_008,4,364545.0,A1_base,123060.0,,True,A0_base,487605.0,,0.7476235887654966,A,AI_VERIFIED
root1:batch_01,case_008,4,364545.0,B1_base,123060.0,,True,B0_base,487605.0,,0.7476235887654966,B,AI_VERIFIED
root1:batch_01,case_008,4,0.0,incumbent_base,123060.0,,False,incumbent_base,123060.0,,0.0,C,AI_VERIFIED
root1:batch_01,case_008,5,387002.0,A1_base,100603.0,,True,A0_base,487605.0,,0.7936793100973124,A,AI_VERIFIED
root1:batch_01,case_008,5,387002.0,B1_base,100603.0,,True,B0_base,487605.0,,0.7936793100973124,B,AI_VERIFIED
root1:batch_01,case_008,5,0.0,incumbent_base,100603.0,,False,incumbent_base,100603.0,,0.0,C,AI_VERIFIED
root1:batch_11,case_009,1,0.0,A0_base,153261.0,,False,A0_base,153261.0,,0.0,A,AI_VERIFIED
root1:batch_11,case_009,1,60.0,L2_base,153201.0,legacy_seed,True,B0_base,153261.0,,0.00039148902851997573,B,AI_VERIFIED
root1:batch_11,case_009,1,0.0,incumbent_base,153201.0,,False,incumbent_base,153201.0,,0.0,C,AI_VERIFIED
root1:batch_11,case_009,2,61063.0,A1_base,92198.0,,True,A0_base,153261.0,,0.3984249091419213,A,AI_VERIFIED
root1:batch_11,case_009,2,61063.0,B1_base,92198.0,,True,B0_base,153261.0,,0.3984249091419213,B,AI_VERIFIED
root1:batch_11,case_009,2,0.0,incumbent_base,92198.0,,False,incumbent_base,92198.0,,0.0,C,AI_VERIFIED
root1:batch_11,case_009,3,61063.0,A1_base,92198.0,,True,A0_base,153261.0,,0.3984249091419213,A,AI_VERIFIED
root1:batch_11,case_009,3,61983.0,r1_split_g0_h0_c2_p0,91278.0,ordinary_chain,True,B0_base,153261.0,,0.40442774091256095,B,AI_VERIFIED
root1:batch_11,case_009,3,0.0,incumbent_base,91278.0,,False,incumbent_base,91278.0,,0.0,C,AI_VERIFIED
root1:batch_11,case_009,4,61063.0,A1_base,92198.0,,True,A0_base,153261.0,,0.3984249091419213,A,AI_VERIFIED
root1:batch_11,case_009,4,61983.0,incumbent_base,91278.0,,True,B0_base,153261.0,,0.40442774091256095,B,AI_VERIFIED
root1:batch_11,case_009,4,722.0,r2_split_g0_h1_c1_p1,90556.0,ordinary_chain,True,incumbent_base,91278.0,,0.007909901619229168,C,AI_VERIFIED
root1:batch_11,case_009,5,61063.0,A1_base,92198.0,,True,A0_base,153261.0,,0.3984249091419213,A,AI_VERIFIED
root1:batch_11,case_009,5,61983.0,incumbent_base,91278.0,,True,B0_base,153261.0,,0.40442774091256095,B,AI_VERIFIED
root1:batch_11,case_009,5,722.0,lower_core_base,90556.0,,True,incumbent_base,91278.0,,0.007909901619229168,C,AI_VERIFIED
root1:batch_13,case_010,1,8639.0,L3_base,78330.0,legacy_seed,True,A0_base,86969.0,,0.09933424553576561,A,AI_VERIFIED
root1:batch_13,case_010,1,5643.0,B3_base,81326.0,seed,True,B0_base,86969.0,,0.06488518897538204,B,AI_VERIFIED
root1:batch_13,case_010,1,1552.0,incumbent_split_release_g0_p4,79774.0,timing,True,incumbent_base,81326.0,,0.01908368787349679,C,AI_VERIFIED
root1:batch_13,case_010,2,41697.0,A1_base,45272.0,,True,A0_base,86969.0,,0.4794466993986363,A,AI_VERIFIED
root1:batch_13,case_010,2,41697.0,B1_base,45272.0,,True,B0_base,86969.0,,0.4794466993986363,B,AI_VERIFIED
root1:batch_13,case_010,2,3498.0,incumbent_split_release_g0_p4,41774.0,timing,True,incumbent_base,45272.0,,0.07726630146669022,C,AI_VERIFIED
root1:batch_13,case_010,3,54183.0,A1_base,32786.0,,True,A0_base,86969.0,,0.6230150973335327,A,AI_VERIFIED
root1:batch_13,case_010,3,54183.0,B1_base,32786.0,,True,B0_base,86969.0,,0.6230150973335327,B,AI_VERIFIED
root1:batch_13,case_010,3,2374.0,r9_capacity_g1_back,30412.0,ordinary_chain,True,incumbent_base,32786.0,,0.07240895504178613,C,AI_VERIFIED
root1:batch_13,case_010,4,57051.0,L1_base,29918.0,legacy_seed,True,A0_base,86969.0,,0.6559923650956088,A,AI_VERIFIED
root1:batch_13,case_010,4,57051.0,L1_base,29918.0,legacy_seed,True,B0_base,86969.0,,0.6559923650956088,B,AI_VERIFIED
root1:batch_13,case_010,4,13.0,incumbent_split_release_g3_p4,29845.0,timing,True,incumbent_base,29858.0,,0.00043539419920959205,C,AI_VERIFIED
root1:batch_13,case_010,5,57051.0,incumbent_base,29918.0,,True,A0_base,86969.0,,0.6559923650956088,A,AI_VERIFIED
root1:batch_13,case_010,5,57051.0,incumbent_base,29918.0,,True,B0_base,86969.0,,0.6559923650956088,B,AI_VERIFIED
root1:batch_13,case_010,5,13.0,incumbent_split_release_g2_p4,29845.0,,True,incumbent_base,29858.0,,0.00043539419920959205,C,AI_VERIFIED
root1:batch_03,case_011,1,0.0,A0_base,184697.0,,False,A0_base,184697.0,,0.0,A,AI_VERIFIED
root1:batch_03,case_011,1,0.0,B0_base,184697.0,,False,B0_base,184697.0,,0.0,B,AI_VERIFIED
root1:batch_03,case_011,1,0.0,incumbent_base,184697.0,incumbent,False,incumbent_base,184697.0,incumbent,0.0,C,AI_VERIFIED
root1:batch_03,case_011,2,92051.0,A1_base,92646.0,,True,A0_base,184697.0,,0.49838925375073767,A,AI_VERIFIED
root1:batch_03,case_011,2,92051.0,B1_base,92646.0,,True,B0_base,184697.0,,0.49838925375073767,B,AI_VERIFIED
root1:batch_03,case_011,2,0.0,incumbent_base,92646.0,,False,incumbent_base,92646.0,,0.0,C,AI_VERIFIED
root1:batch_03,case_011,3,115072.0,A1_base,69625.0,,True,A0_base,184697.0,,0.6230312349415529,A,AI_VERIFIED
root1:batch_03,case_011,3,115418.0,r5_boundary_n177_c2_p0,69279.0,ordinary_chain,True,B0_base,184697.0,,0.6249045734364933,B,AI_VERIFIED
root1:batch_03,case_011,3,507.0,incumbent_disperse_tid_1000000163_node_603_core_2_pos_2,68637.0,disperse,True,incumbent_base,69144.0,,0.007332523429364804,C,AI_VERIFIED
root1:batch_03,case_011,4,137817.0,A1_base,46880.0,,True,A0_base,184697.0,,0.7461788767549012,A,AI_VERIFIED
root1:batch_03,case_011,4,137817.0,B1_base,46880.0,,True,B0_base,184697.0,,0.7461788767549012,B,AI_VERIFIED
root1:batch_03,case_011,4,0.0,incumbent_base,46880.0,,False,incumbent_base,46880.0,,0.0,C,AI_VERIFIED
root1:batch_03,case_011,5,137817.0,incumbent_base,46880.0,,True,A0_base,184697.0,,0.7461788767549012,A,AI_VERIFIED
root1:batch_03,case_011,5,137817.0,incumbent_base,46880.0,,True,B0_base,184697.0,,0.7461788767549012,B,AI_VERIFIED
root1:batch_03,case_011,5,103.0,C1_base,46777.0,,True,incumbent_base,46880.0,,0.002197098976109215,C,AI_VERIFIED
root1:batch_16,case_012,1,198.0,A2_base,58890.0,seed,True,A0_base,59088.0,,0.0033509341998375305,A,AI_VERIFIED
root1:batch_16,case_012,1,16837.0,B3_base,42251.0,seed,True,B0_base,59088.0,,0.2849478743568914,B,AI_VERIFIED
root1:batch_16,case_012,1,12.0,incumbent_aggregate,42239.0,aggregate,True,incumbent_base,42251.0,,0.0002840169463444652,C,AI_VERIFIED
root1:batch_16,case_012,2,29030.0,L1_base,30058.0,legacy_seed,True,A0_base,59088.0,,0.4913011102085026,A,AI_VERIFIED
root1:batch_16,case_012,2,29030.0,L1_base,30058.0,legacy_seed,True,B0_base,59088.0,,0.4913011102085026,B,AI_VERIFIED
root1:batch_16,case_012,2,902.0,incumbent_split_height_g1_p4,29156.0,timing,True,incumbent_base,30058.0,,0.030008649943442676,C,AI_VERIFIED
root1:batch_16,case_012,3,38427.0,L1_base,20661.0,legacy_seed,True,A0_base,59088.0,,0.6503350934199837,A,AI_VERIFIED
root1:batch_16,case_012,3,38427.0,L1_base,20661.0,legacy_seed,True,B0_base,59088.0,,0.6503350934199837,B,AI_VERIFIED
root1:batch_16,case_012,3,100.0,incumbent_disperse_tid_1868_node_1920_core_1_pos_0,20561.0,disperse,True,incumbent_base,20661.0,,0.00484003678427956,C,AI_VERIFIED
root1:batch_16,case_012,4,43225.0,L1_base,15863.0,legacy_seed,True,A0_base,59088.0,,0.7315360140806932,A,AI_VERIFIED
root1:batch_16,case_012,4,43225.0,L1_base,15863.0,legacy_seed,True,B0_base,59088.0,,0.7315360140806932,B,AI_VERIFIED
root1:batch_16,case_012,4,158.0,incumbent_split_release_g1_p2,15705.0,timing,True,incumbent_base,15863.0,,0.009960284939797013,C,AI_VERIFIED
root1:batch_16,case_012,5,45682.0,L1_base,13406.0,legacy_seed,True,A0_base,59088.0,,0.7731180611968589,A,AI_VERIFIED
root1:batch_16,case_012,5,45682.0,L1_base,13406.0,legacy_seed,True,B0_base,59088.0,,0.7731180611968589,B,AI_VERIFIED
root1:batch_16,case_012,5,0.0,event_timing_tid_1766_miss_2_bytes_12288_front,13406.0,event_timing,False,incumbent_base,13406.0,,0.0,C,AI_VERIFIED
root1:batch_12,case_013,1,0.0,A0_base,263949.0,,False,A0_base,263949.0,,0.0,A,AI_VERIFIED
root1:batch_12,case_013,1,0.0,B0_base,263949.0,,False,B0_base,263949.0,,0.0,B,AI_VERIFIED
root1:batch_12,case_013,1,0.0,incumbent_base,263949.0,incumbent,False,incumbent_base,263949.0,incumbent,0.0,C,AI_VERIFIED
root1:batch_12,case_013,2,131751.0,A1_base,132198.0,,True,A0_base,263949.0,,0.4991532455133378,A,AI_VERIFIED
root1:batch_12,case_013,2,131751.0,B1_base,132198.0,,True,B0_base,263949.0,,0.4991532455133378,B,AI_VERIFIED
root1:batch_12,case_013,2,0.0,incumbent_base,132198.0,,False,incumbent_base,132198.0,,0.0,C,AI_VERIFIED
root1:batch_12,case_013,3,175598.0,A1_base,88351.0,,True,A0_base,263949.0,,0.6652724579369499,A,AI_VERIFIED
root1:batch_12,case_013,3,175598.0,B1_base,88351.0,,True,B0_base,263949.0,,0.6652724579369499,B,AI_VERIFIED
root1:batch_12,case_013,3,0.0,incumbent_base,88351.0,,False,incumbent_base,88351.0,,0.0,C,AI_VERIFIED
root1:batch_12,case_013,4,196967.0,A1_base,66982.0,,True,A0_base,263949.0,,0.7462312795274845,A,AI_VERIFIED
root1:batch_12,case_013,4,196967.0,B1_base,66982.0,,True,B0_base,263949.0,,0.7462312795274845,B,AI_VERIFIED
root1:batch_12,case_013,4,0.0,incumbent_base,66982.0,,False,incumbent_base,66982.0,,0.0,C,AI_VERIFIED
root1:batch_12,case_013,5,209586.0,A1_base,54363.0,,True,A0_base,263949.0,,0.794039757680461,A,AI_VERIFIED
root1:batch_12,case_013,5,209600.0,r4_boundary_n12_c4_p0,54349.0,ordinary_chain,True,B0_base,263949.0,,0.794092798229961,B,AI_VERIFIED
root1:batch_12,case_013,5,707.0,r2_order_release_core_3,53418.0,ordinary_chain,True,incumbent_base,54125.0,,0.013062355658198615,C,AI_VERIFIED
root1:batch_01,case_014,1,588.0,A2_base,17698038.0,seed,True,A0_base,17698626.0,,3.322291798244677e-05,A,AI_VERIFIED
root1:batch_01,case_014,1,0.0,B0_base,17698626.0,,False,B0_base,17698626.0,,0.0,B,AI_VERIFIED
root1:batch_01,case_014,1,0.0,incumbent_base,17689602.0,incumbent,False,incumbent_base,17689602.0,incumbent,0.0,C,AI_VERIFIED
root1:batch_01,case_014,2,8800896.0,A1_base,8897730.0,,True,A0_base,17698626.0,,0.49726436391163925,A,AI_VERIFIED
root1:batch_01,case_014,2,8800896.0,B1_base,8897730.0,,True,B0_base,17698626.0,,0.49726436391163925,B,AI_VERIFIED
root1:batch_01,case_014,2,0.0,incumbent_base,8888616.0,,False,incumbent_base,8888616.0,,0.0,C,AI_VERIFIED
root1:batch_01,case_014,3,11717963.0,A1_base,5980663.0,,True,A0_base,17698626.0,,0.6620832035209965,A,AI_VERIFIED
root1:batch_01,case_014,3,11717963.0,B1_base,5980663.0,,True,B0_base,17698626.0,,0.6620832035209965,B,AI_VERIFIED
root1:batch_01,case_014,3,0.0,incumbent_base,5942569.0,,False,incumbent_base,5942569.0,,0.0,C,AI_VERIFIED
root1:batch_01,case_014,4,13176811.0,A1_base,4521815.0,,True,A0_base,17698626.0,,0.7445103930666708,A,AI_VERIFIED
root1:batch_01,case_014,4,13176811.0,B1_base,4521815.0,,True,B0_base,17698626.0,,0.7445103930666708,B,AI_VERIFIED
root1:batch_01,case_014,4,0.0,incumbent_base,4500714.0,,False,incumbent_base,4500714.0,,0.0,C,AI_VERIFIED
root1:batch_01,case_014,5,14017029.0,A1_base,3681597.0,,True,A0_base,17698626.0,,0.7919840218105066,A,AI_VERIFIED
root1:batch_01,case_014,5,14017029.0,B1_base,3681597.0,,True,B0_base,17698626.0,,0.7919840218105066,B,AI_VERIFIED
root1:batch_01,case_014,5,0.0,incumbent_base,3672221.0,,False,incumbent_base,3672221.0,,0.0,C,AI_VERIFIED
root1:batch_10,case_015,1,5062.0,L3_base,172300.0,legacy_seed,True,A0_base,177362.0,,0.028540499092252005,A,AI_VERIFIED
root1:batch_10,case_015,1,9595.0,B3_base,167767.0,seed,True,B0_base,177362.0,,0.0540983976274512,B,AI_VERIFIED
root1:batch_10,case_015,1,0.0,incumbent_aggregate,167630.0,aggregate,False,incumbent_base,167630.0,,0.0,C,AI_VERIFIED
root1:batch_10,case_015,2,86853.0,L1_base,90509.0,legacy_seed,True,A0_base,177362.0,,0.48969339542855855,A,AI_VERIFIED
root1:batch_10,case_015,2,86853.0,L1_base,90509.0,legacy_seed,True,B0_base,177362.0,,0.48969339542855855,B,AI_VERIFIED
root1:batch_10,case_015,2,3119.0,incumbent_split_release_g0_p4,87390.0,timing,True,incumbent_base,90509.0,,0.03446066137069242,C,AI_VERIFIED
root1:batch_10,case_015,3,116784.0,A1_base,60578.0,,True,A0_base,177362.0,,0.6584499498201418,A,AI_VERIFIED
root1:batch_10,case_015,3,116784.0,B1_base,60578.0,,True,B0_base,177362.0,,0.6584499498201418,B,AI_VERIFIED
root1:batch_10,case_015,3,0.0,incumbent_base,60578.0,,False,incumbent_base,60578.0,,0.0,C,AI_VERIFIED
root1:batch_10,case_015,4,128635.0,L1_base,48727.0,legacy_seed,True,A0_base,177362.0,,0.7252680957589562,A,AI_VERIFIED
root1:batch_10,case_015,4,128635.0,L1_base,48727.0,legacy_seed,True,B0_base,177362.0,,0.7252680957589562,B,AI_VERIFIED
root1:batch_10,case_015,4,0.0,event_timing_tid_3_miss_2_bytes_65536_front,48669.0,event_timing,False,incumbent_base,48669.0,,0.0,C,AI_VERIFIED
root1:batch_10,case_015,5,133697.0,L1_base,43665.0,legacy_seed,True,A0_base,177362.0,,0.7538085948512082,A,AI_VERIFIED
root1:batch_10,case_015,5,133697.0,L1_base,43665.0,legacy_seed,True,B0_base,177362.0,,0.7538085948512082,B,AI_VERIFIED
root1:batch_10,case_015,5,0.0,event_timing_tid_9_miss_2_bytes_65536_front,42872.0,event_timing,False,incumbent_base,42872.0,,0.0,C,AI_VERIFIED
root1:batch_11,case_016,1,0.0,A0_base,7715523.0,,False,A0_base,7715523.0,,0.0,A,AI_VERIFIED
root1:batch_11,case_016,1,0.0,B0_base,7715523.0,,False,B0_base,7715523.0,,0.0,B,AI_VERIFIED
root1:batch_11,case_016,1,0.0,incumbent_base,7715523.0,incumbent,False,incumbent_base,7715523.0,incumbent,0.0,C,AI_VERIFIED
root1:batch_11,case_016,2,0.0,A0_base,7715523.0,,False,A0_base,7715523.0,,0.0,A,AI_VERIFIED
root1:batch_11,case_016,2,2608.0,L2_base,7712915.0,legacy_seed,True,B0_base,7715523.0,,0.00033801985944439543,B,AI_VERIFIED
root1:batch_11,case_016,2,0.0,incumbent_base,7712915.0,,False,incumbent_base,7712915.0,,0.0,C,AI_VERIFIED
root1:batch_11,case_016,3,0.0,A0_base,7715523.0,,False,A0_base,7715523.0,,0.0,A,AI_VERIFIED
root1:batch_11,case_016,3,2608.0,incumbent_base,7712915.0,,True,B0_base,7715523.0,,0.00033801985944439543,B,AI_VERIFIED
root1:batch_11,case_016,3,0.0,incumbent_base,7712915.0,,False,incumbent_base,7712915.0,,0.0,C,AI_VERIFIED
root1:batch_11,case_016,4,0.0,A0_base,7715523.0,,False,A0_base,7715523.0,,0.0,A,AI_VERIFIED
root1:batch_11,case_016,4,9028.0,L2_base,7706495.0,legacy_seed,True,B0_base,7715523.0,,0.0011701086238742337,B,AI_VERIFIED
root1:batch_11,case_016,4,23.0,incumbent_disperse_tid_1000002265_node_2259_core_1_pos_0,7706472.0,disperse,True,incumbent_base,7706495.0,,2.984495545640398e-06,C,AI_VERIFIED
root1:batch_11,case_016,5,0.0,A0_base,7715523.0,,False,A0_base,7715523.0,,0.0,A,AI_VERIFIED
root1:batch_11,case_016,5,9028.0,incumbent_base,7706495.0,,True,B0_base,7715523.0,,0.0011701086238742337,B,AI_VERIFIED
root1:batch_11,case_016,5,23.0,incumbent_disperse_tid_1000002265_node_2259_core_1_pos_0,7706472.0,disperse,True,incumbent_base,7706495.0,,2.984495545640398e-06,C,AI_VERIFIED
root1:batch_13,case_017,1,0.0,A0_base,162810.0,,False,A0_base,162810.0,,0.0,A,AI_VERIFIED
root1:batch_13,case_017,1,13051.0,B2_base,149759.0,seed,True,B0_base,162810.0,,0.08016092377618082,B,AI_VERIFIED
root1:batch_13,case_017,1,392.0,incumbent_aggregate,149367.0,aggregate,True,incumbent_base,149759.0,,0.002617538845745498,C,AI_VERIFIED
root1:batch_13,case_017,2,81038.0,L1_base,81772.0,legacy_seed,True,A0_base,162810.0,,0.49774583870769606,A,AI_VERIFIED
root1:batch_13,case_017,2,81038.0,L1_base,81772.0,legacy_seed,True,B0_base,162810.0,,0.49774583870769606,B,AI_VERIFIED
root1:batch_13,case_017,2,0.0,incumbent_base,81772.0,,False,incumbent_base,81772.0,,0.0,C,AI_VERIFIED
root1:batch_13,case_017,3,107421.0,L1_base,55389.0,legacy_seed,True,A0_base,162810.0,,0.6597936244702414,A,AI_VERIFIED
root1:batch_13,case_017,3,107421.0,L1_base,55389.0,legacy_seed,True,B0_base,162810.0,,0.6597936244702414,B,AI_VERIFIED
root1:batch_13,case_017,3,235.0,incumbent_disperse_tid_2964_node_2968_core_2_pos_0,55154.0,disperse,True,incumbent_base,55389.0,,0.004242719673581397,C,AI_VERIFIED
root1:batch_13,case_017,4,121601.0,L1_base,41209.0,legacy_seed,True,A0_base,162810.0,,0.7468890117314662,A,AI_VERIFIED
root1:batch_13,case_017,4,121601.0,L1_base,41209.0,legacy_seed,True,B0_base,162810.0,,0.7468890117314662,B,AI_VERIFIED
root1:batch_13,case_017,4,0.0,event_timing_tid_2877_miss_2_bytes_4608_front,41209.0,event_timing,False,incumbent_base,41209.0,,0.0,C,AI_VERIFIED
root1:batch_13,case_017,5,128579.0,L1_base,34231.0,legacy_seed,True,A0_base,162810.0,,0.7897487869295498,A,AI_VERIFIED
root1:batch_13,case_017,5,128579.0,L1_base,34231.0,legacy_seed,True,B0_base,162810.0,,0.7897487869295498,B,AI_VERIFIED
root1:batch_13,case_017,5,0.0,event_timing_tid_3_miss_3_bytes_73728_front,34231.0,event_timing,False,incumbent_base,34231.0,,0.0,C,AI_VERIFIED
root1:batch_02,case_018,1,0.0,A0_base,1004367.0,,False,A0_base,1004367.0,,0.0,A,AI_VERIFIED
root1:batch_02,case_018,1,13720.0,B3_base,990647.0,seed,True,B0_base,1004367.0,,0.013660345272196318,B,AI_VERIFIED
root1:batch_02,case_018,1,0.0,incumbent_aggregate,990647.0,aggregate,False,incumbent_base,990647.0,,0.0,C,AI_VERIFIED
root1:batch_02,case_018,2,499899.0,L1_base,504468.0,legacy_seed,True,A0_base,1004367.0,,0.4977254330339408,A,AI_VERIFIED
root1:batch_02,case_018,2,499899.0,L1_base,504468.0,legacy_seed,True,B0_base,1004367.0,,0.4977254330339408,B,AI_VERIFIED
root1:batch_02,case_018,2,0.0,incumbent_base,502571.0,,False,incumbent_base,502571.0,,0.0,C,AI_VERIFIED
root1:batch_02,case_018,3,663320.0,L1_base,341047.0,legacy_seed,True,A0_base,1004367.0,,0.6604358765272057,A,AI_VERIFIED
root1:batch_02,case_018,3,663320.0,L1_base,341047.0,legacy_seed,True,B0_base,1004367.0,,0.6604358765272057,B,AI_VERIFIED
root1:batch_02,case_018,3,0.0,event_timing_tid_2017_miss_2_bytes_16384_front,338488.0,event_timing,False,incumbent_base,338488.0,,0.0,C,AI_VERIFIED
root1:batch_02,case_018,4,750691.0,L1_base,253676.0,legacy_seed,True,A0_base,1004367.0,,0.7474269863506069,A,AI_VERIFIED
root1:batch_02,case_018,4,750691.0,L1_base,253676.0,legacy_seed,True,B0_base,1004367.0,,0.7474269863506069,B,AI_VERIFIED
root1:batch_02,case_018,4,0.0,event_timing_tid_1990_miss_3_bytes_24576_front,253384.0,event_timing,False,incumbent_base,253384.0,,0.0,C,AI_VERIFIED
root1:batch_02,case_018,5,799148.0,L1_base,205219.0,legacy_seed,True,A0_base,1004367.0,,0.7956732947219493,A,AI_VERIFIED
root1:batch_02,case_018,5,799148.0,L1_base,205219.0,legacy_seed,True,B0_base,1004367.0,,0.7956732947219493,B,AI_VERIFIED
root1:batch_02,case_018,5,0.0,event_timing_tid_1951_miss_4_bytes_32768_front,201659.0,event_timing,False,incumbent_base,201659.0,,0.0,C,AI_VERIFIED
root1:batch_05,case_019,1,6054.0,L3_base,75090.0,legacy_seed,True,A0_base,81144.0,,0.0746081041112097,A,AI_VERIFIED
root1:batch_05,case_019,1,10880.0,L3_base,70264.0,legacy_seed,True,B0_base,81144.0,,0.13408261855466824,B,AI_VERIFIED
root1:batch_05,case_019,1,0.0,incumbent_base,70264.0,,False,incumbent_base,70264.0,,0.0,C,AI_VERIFIED
root1:batch_05,case_019,2,39762.0,L1_base,41382.0,legacy_seed,True,A0_base,81144.0,,0.49001774622892635,A,AI_VERIFIED
root1:batch_05,case_019,2,39762.0,L1_base,41382.0,legacy_seed,True,B0_base,81144.0,,0.49001774622892635,B,AI_VERIFIED
root1:batch_05,case_019,2,1873.0,incumbent_split_height_g0_p4,39509.0,timing,True,incumbent_base,41382.0,,0.04526122468706201,C,AI_VERIFIED
root1:batch_05,case_019,3,52487.0,L1_base,28657.0,legacy_seed,True,A0_base,81144.0,,0.6468377205954846,A,AI_VERIFIED
root1:batch_05,case_019,3,52487.0,L1_base,28657.0,legacy_seed,True,B0_base,81144.0,,0.6468377205954846,B,AI_VERIFIED
root1:batch_05,case_019,3,2085.0,incumbent_split_release_g0_p4,26572.0,timing,True,incumbent_base,28657.0,,0.07275709250793873,C,AI_VERIFIED
root1:batch_05,case_019,4,57045.0,L1_base,24099.0,legacy_seed,True,A0_base,81144.0,,0.7030094646554274,A,AI_VERIFIED
root1:batch_05,case_019,4,57045.0,L1_base,24099.0,legacy_seed,True,B0_base,81144.0,,0.7030094646554274,B,AI_VERIFIED
root1:batch_05,case_019,4,264.0,incumbent_disperse_tid_697_node_698_core_3_pos_0,23835.0,disperse,True,incumbent_base,24099.0,,0.010954811402962778,C,AI_VERIFIED
root1:batch_05,case_019,5,57045.0,incumbent_base,24099.0,,True,A0_base,81144.0,,0.7030094646554274,A,AI_VERIFIED
root1:batch_05,case_019,5,57045.0,incumbent_base,24099.0,,True,B0_base,81144.0,,0.7030094646554274,B,AI_VERIFIED
root1:batch_05,case_019,5,264.0,incumbent_disperse_tid_697_node_698_core_3_pos_0,23835.0,disperse,True,incumbent_base,24099.0,,0.010954811402962778,C,AI_VERIFIED
root1:batch_07,case_020,1,0.0,A0_base,532746.0,,False,A0_base,532746.0,,0.0,A,AI_VERIFIED
root1:batch_07,case_020,1,0.0,B0_base,532746.0,,False,B0_base,532746.0,,0.0,B,AI_VERIFIED
root1:batch_07,case_020,1,0.0,incumbent_base,532746.0,incumbent,False,incumbent_base,532746.0,incumbent,0.0,C,AI_VERIFIED
root1:batch_07,case_020,2,266166.0,A1_base,266580.0,,True,A0_base,532746.0,,0.4996114471061256,A,AI_VERIFIED
root1:batch_07,case_020,2,266166.0,B1_base,266580.0,,True,B0_base,532746.0,,0.4996114471061256,B,AI_VERIFIED
root1:batch_07,case_020,2,0.0,incumbent_base,266580.0,,False,incumbent_base,266580.0,,0.0,C,AI_VERIFIED
root1:batch_07,case_020,3,354796.0,A1_base,177950.0,,True,A0_base,532746.0,,0.6659759059664455,A,AI_VERIFIED
root1:batch_07,case_020,3,354796.0,B1_base,177950.0,,True,B0_base,532746.0,,0.6659759059664455,B,AI_VERIFIED
root1:batch_07,case_020,3,0.0,incumbent_base,177950.0,,False,incumbent_base,177950.0,,0.0,C,AI_VERIFIED
root1:batch_07,case_020,4,399042.0,A1_base,133704.0,,True,A0_base,532746.0,,0.749028617765314,A,AI_VERIFIED
root1:batch_07,case_020,4,399042.0,B1_base,133704.0,,True,B0_base,532746.0,,0.749028617765314,B,AI_VERIFIED
root1:batch_07,case_020,4,0.0,incumbent_base,133704.0,,False,incumbent_base,133704.0,,0.0,C,AI_VERIFIED
root1:batch_07,case_020,5,425096.0,A1_base,107650.0,,True,A0_base,532746.0,,0.7979337245141211,A,AI_VERIFIED
root1:batch_07,case_020,5,425096.0,B1_base,107650.0,,True,B0_base,532746.0,,0.7979337245141211,B,AI_VERIFIED
root1:batch_07,case_020,5,0.0,incumbent_base,107650.0,,False,incumbent_base,107650.0,,0.0,C,AI_VERIFIED
root1:batch_09,case_021,1,47767.0,A2_base,6520170.0,seed,True,A0_base,6567937.0,,0.007272755509073854,A,AI_VERIFIED
root1:batch_09,case_021,1,0.0,B0_base,6567937.0,,False,B0_base,6567937.0,,0.0,B,AI_VERIFIED
root1:batch_09,case_021,1,0.0,incumbent_base,6558837.0,incumbent,False,incumbent_base,6558837.0,incumbent,0.0,C,AI_VERIFIED
root1:batch_09,case_021,2,3373367.0,A1_base,3194570.0,,True,A0_base,6567937.0,,0.5136113516314179,A,AI_VERIFIED
root1:batch_09,case_021,2,3373367.0,B1_base,3194570.0,,True,B0_base,6567937.0,,0.5136113516314179,B,AI_VERIFIED
root1:batch_09,case_021,2,0.0,incumbent_base,3193634.0,,False,incumbent_base,3193634.0,,0.0,C,AI_VERIFIED
root1:batch_09,case_021,3,4423913.0,A1_base,2144024.0,,True,A0_base,6567937.0,,0.6735620332533641,A,AI_VERIFIED
root1:batch_09,case_021,3,4423913.0,B1_base,2144024.0,,True,B0_base,6567937.0,,0.6735620332533641,B,AI_VERIFIED
root1:batch_09,case_021,3,239.0,incumbent_split_topo_g1_p4,2142612.0,timing,True,incumbent_base,2142851.0,,0.00011153365306313878,C,AI_VERIFIED
root1:batch_09,case_021,4,5017613.0,A1_base,1550324.0,,True,A0_base,6567937.0,,0.7639557139479262,A,AI_VERIFIED
root1:batch_09,case_021,4,5017613.0,B1_base,1550324.0,,True,B0_base,6567937.0,,0.7639557139479262,B,AI_VERIFIED
root1:batch_09,case_021,4,0.0,incumbent_base,1550324.0,,False,incumbent_base,1550324.0,,0.0,C,AI_VERIFIED
root1:batch_09,case_021,5,5324035.0,A2_base,1243902.0,seed,True,A0_base,6567937.0,,0.8106099373364879,A,AI_VERIFIED
root1:batch_09,case_021,5,5317769.0,B1_base,1250168.0,,True,B0_base,6567937.0,,0.8096559086970536,B,AI_VERIFIED
root1:batch_09,case_021,5,0.0,incumbent_base,1249380.0,,False,incumbent_base,1249380.0,,0.0,C,AI_VERIFIED
root1:batch_11,case_022,1,0.0,A0_base,56780.0,,False,A0_base,56780.0,,0.0,A,AI_VERIFIED
root1:batch_11,case_022,1,2057.0,B3_base,54723.0,seed,True,B0_base,56780.0,,0.03622754491017964,B,AI_VERIFIED
root1:batch_11,case_022,1,132.0,incumbent_split_release_g1_p4,54591.0,timing,True,incumbent_base,54723.0,,0.0024121484567732033,C,AI_VERIFIED
root1:batch_11,case_022,2,28456.0,L1_base,28324.0,legacy_seed,True,A0_base,56780.0,,0.5011623811201127,A,AI_VERIFIED
root1:batch_11,case_022,2,28456.0,L1_base,28324.0,legacy_seed,True,B0_base,56780.0,,0.5011623811201127,B,AI_VERIFIED
root1:batch_11,case_022,2,0.0,incumbent_base,28324.0,,False,incumbent_base,28324.0,,0.0,C,AI_VERIFIED
root1:batch_11,case_022,3,37754.0,L1_base,19026.0,legacy_seed,True,A0_base,56780.0,,0.6649172243747798,A,AI_VERIFIED
root1:batch_11,case_022,3,37754.0,L1_base,19026.0,legacy_seed,True,B0_base,56780.0,,0.6649172243747798,B,AI_VERIFIED
root1:batch_11,case_022,3,61.0,incumbent_split_height_g0_p4,18965.0,timing,True,incumbent_base,19026.0,,0.0032061389677283717,C,AI_VERIFIED
root1:batch_11,case_022,4,42254.0,L1_base,14526.0,legacy_seed,True,A0_base,56780.0,,0.7441704825642832,A,AI_VERIFIED
root1:batch_11,case_022,4,42254.0,L1_base,14526.0,legacy_seed,True,B0_base,56780.0,,0.7441704825642832,B,AI_VERIFIED
root1:batch_11,case_022,4,251.0,incumbent_split_height_g0_p4,14275.0,timing,True,incumbent_base,14526.0,,0.01727936114553215,C,AI_VERIFIED
root1:batch_11,case_022,5,44956.0,L1_base,11824.0,legacy_seed,True,A0_base,56780.0,,0.7917576611482916,A,AI_VERIFIED
root1:batch_11,case_022,5,44956.0,L1_base,11824.0,legacy_seed,True,B0_base,56780.0,,0.7917576611482916,B,AI_VERIFIED
root1:batch_11,case_022,5,0.0,incumbent_base,11824.0,,False,incumbent_base,11824.0,,0.0,C,AI_VERIFIED
root1:batch_03,case_023,1,12189.0,A3_base,110425.0,seed,True,A0_base,122614.0,,0.09940952909129463,A,AI_VERIFIED
root1:batch_03,case_023,1,22851.0,B2_base,99763.0,seed,True,B0_base,122614.0,,0.18636534164124816,B,AI_VERIFIED
root1:batch_03,case_023,1,6566.0,incumbent_aggregate,93197.0,aggregate,True,incumbent_base,99763.0,,0.06581598388179986,C,AI_VERIFIED
root1:batch_03,case_023,2,61437.0,A1_base,61177.0,,True,A0_base,122614.0,,0.5010602378194986,A,AI_VERIFIED
root1:batch_03,case_023,2,61437.0,B1_base,61177.0,,True,B0_base,122614.0,,0.5010602378194986,B,AI_VERIFIED
root1:batch_03,case_023,2,1006.0,incumbent_split_topo_g1_p2,60171.0,timing,True,incumbent_base,61177.0,,0.016444088464619058,C,AI_VERIFIED
root1:batch_03,case_023,3,81717.0,A1_base,40897.0,,True,A0_base,122614.0,,0.6664573376612785,A,AI_VERIFIED
root1:batch_03,case_023,3,81717.0,B1_base,40897.0,,True,B0_base,122614.0,,0.6664573376612785,B,AI_VERIFIED
root1:batch_03,case_023,3,0.0,incumbent_base,40897.0,,False,incumbent_base,40897.0,,0.0,C,AI_VERIFIED
root1:batch_03,case_023,4,92472.0,L1_base,30142.0,legacy_seed,True,A0_base,122614.0,,0.7541716280359502,A,AI_VERIFIED
root1:batch_03,case_023,4,92472.0,L1_base,30142.0,legacy_seed,True,B0_base,122614.0,,0.7541716280359502,B,AI_VERIFIED
root1:batch_03,case_023,4,0.0,incumbent_base,30142.0,,False,incumbent_base,30142.0,,0.0,C,AI_VERIFIED
root1:batch_03,case_023,5,98097.0,L1_base,24517.0,legacy_seed,True,A0_base,122614.0,,0.8000473029181007,A,AI_VERIFIED
root1:batch_03,case_023,5,98097.0,L1_base,24517.0,legacy_seed,True,B0_base,122614.0,,0.8000473029181007,B,AI_VERIFIED
root1:batch_03,case_023,5,0.0,event_timing_tid_1038_miss_3_bytes_73728_front,24517.0,event_timing,False,incumbent_base,24517.0,,0.0,C,AI_VERIFIED
root1:batch_10,case_024,1,0.0,A0_base,2555343.0,,False,A0_base,2555343.0,,0.0,A,AI_VERIFIED
root1:batch_10,case_024,1,0.0,B0_base,2555343.0,,False,B0_base,2555343.0,,0.0,B,AI_VERIFIED
root1:batch_10,case_024,1,0.0,incumbent_base,2555343.0,incumbent,False,incumbent_base,2555343.0,incumbent,0.0,C,AI_VERIFIED
root1:batch_10,case_024,2,0.0,A0_base,2555343.0,,False,A0_base,2555343.0,,0.0,A,AI_VERIFIED
root1:batch_10,case_024,2,2608.0,L2_base,2552735.0,legacy_seed,True,B0_base,2555343.0,,0.0010206066269772785,B,AI_VERIFIED
root1:batch_10,case_024,2,0.0,incumbent_base,2552735.0,,False,incumbent_base,2552735.0,,0.0,C,AI_VERIFIED
root1:batch_10,case_024,3,0.0,A0_base,2555343.0,,False,A0_base,2555343.0,,0.0,A,AI_VERIFIED
root1:batch_10,case_024,3,2608.0,incumbent_base,2552735.0,,True,B0_base,2555343.0,,0.0010206066269772785,B,AI_VERIFIED
root1:batch_10,case_024,3,0.0,incumbent_base,2552735.0,,False,incumbent_base,2552735.0,,0.0,C,AI_VERIFIED
root1:batch_10,case_024,4,0.0,A0_base,2555343.0,,False,A0_base,2555343.0,,0.0,A,AI_VERIFIED
root1:batch_10,case_024,4,2608.0,incumbent_base,2552735.0,,True,B0_base,2555343.0,,0.0010206066269772785,B,AI_VERIFIED
root1:batch_10,case_024,4,0.0,incumbent_base,2552735.0,,False,incumbent_base,2552735.0,,0.0,C,AI_VERIFIED
root1:batch_10,case_024,5,0.0,A0_base,2555343.0,,False,A0_base,2555343.0,,0.0,A,AI_VERIFIED
root1:batch_10,case_024,5,16499.0,L2_base,2538844.0,legacy_seed,True,B0_base,2555343.0,,0.006456667461080567,B,AI_VERIFIED
root1:batch_10,case_024,5,0.0,incumbent_base,2538844.0,,False,incumbent_base,2538844.0,,0.0,C,AI_VERIFIED
root1:batch_10,case_025,1,34194.0,A3_base,4828832.0,seed,True,A0_base,4863026.0,,0.00703142446698825,A,AI_VERIFIED
root1:batch_10,case_025,1,0.0,B0_base,4863026.0,,False,B0_base,4863026.0,,0.0,B,AI_VERIFIED
root1:batch_10,case_025,1,0.0,incumbent_base,4863026.0,incumbent,False,incumbent_base,4863026.0,incumbent,0.0,C,AI_VERIFIED
root1:batch_10,case_025,2,2431186.0,A1_base,2431840.0,,True,A0_base,4863026.0,,0.49993275791657293,A,AI_VERIFIED
root1:batch_10,case_025,2,2431186.0,B1_base,2431840.0,,True,B0_base,4863026.0,,0.49993275791657293,B,AI_VERIFIED
root1:batch_10,case_025,2,0.0,incumbent_base,2431840.0,,False,incumbent_base,2431840.0,,0.0,C,AI_VERIFIED
root1:batch_10,case_025,3,3240862.0,A1_base,1622164.0,,True,A0_base,4863026.0,,0.6664290916807766,A,AI_VERIFIED
root1:batch_10,case_025,3,3240862.0,B1_base,1622164.0,,True,B0_base,4863026.0,,0.6664290916807766,B,AI_VERIFIED
root1:batch_10,case_025,3,26.0,incumbent_disperse_tid_1000000003_node_30_core_2_pos_0,1622138.0,disperse,True,incumbent_base,1622164.0,,1.6027972510794223e-05,C,AI_VERIFIED
root1:batch_10,case_025,4,3645582.0,A1_base,1217444.0,,True,A0_base,4863026.0,,0.7496529938355254,A,AI_VERIFIED
root1:batch_10,case_025,4,3645582.0,B1_base,1217444.0,,True,B0_base,4863026.0,,0.7496529938355254,B,AI_VERIFIED
root1:batch_10,case_025,4,0.0,incumbent_base,1217444.0,,False,incumbent_base,1217444.0,,0.0,C,AI_VERIFIED
root1:batch_10,case_025,5,3887744.0,A1_base,975282.0,,True,A0_base,4863026.0,,0.7994495608289982,A,AI_VERIFIED
root1:batch_10,case_025,5,3888279.0,r1_boundary_n5_c1_p0,974747.0,ordinary_chain,True,B0_base,4863026.0,,0.7995595746352169,B,AI_VERIFIED
root1:batch_10,case_025,5,0.0,incumbent_base,974747.0,,False,incumbent_base,974747.0,,0.0,C,AI_VERIFIED
root1:batch_12,case_026,1,2192.0,A2_base,97011.0,seed,True,A0_base,99203.0,,0.022096105964537364,A,AI_VERIFIED
root1:batch_12,case_026,1,3444.0,B2_base,95759.0,seed,True,B0_base,99203.0,,0.03471669203552312,B,AI_VERIFIED
root1:batch_12,case_026,1,6556.0,incumbent_split_release_g3_p4,88492.0,timing,True,incumbent_base,95048.0,,0.06897567544819459,C,AI_VERIFIED
root1:batch_12,case_026,2,44146.0,L1_base,55057.0,legacy_seed,True,A0_base,99203.0,,0.44500670342630766,A,AI_VERIFIED
root1:batch_12,case_026,2,44146.0,L1_base,55057.0,legacy_seed,True,B0_base,99203.0,,0.44500670342630766,B,AI_VERIFIED
root1:batch_12,case_026,2,3628.0,incumbent_split_topo_g0_p4,51429.0,timing,True,incumbent_base,55057.0,,0.06589534482445465,C,AI_VERIFIED
root1:batch_12,case_026,3,57538.0,L1_base,41665.0,legacy_seed,True,A0_base,99203.0,,0.5800026208884812,A,AI_VERIFIED
root1:batch_12,case_026,3,57538.0,L1_base,41665.0,legacy_seed,True,B0_base,99203.0,,0.5800026208884812,B,AI_VERIFIED
root1:batch_12,case_026,3,0.0,incumbent_base,41665.0,,False,incumbent_base,41665.0,,0.0,C,AI_VERIFIED
root1:batch_12,case_026,4,57538.0,incumbent_base,41665.0,,True,A0_base,99203.0,,0.5800026208884812,A,AI_VERIFIED
root1:batch_12,case_026,4,57538.0,incumbent_base,41665.0,,True,B0_base,99203.0,,0.5800026208884812,B,AI_VERIFIED
root1:batch_12,case_026,4,0.0,incumbent_base,41665.0,,False,incumbent_base,41665.0,,0.0,C,AI_VERIFIED
root1:batch_12,case_026,5,57538.0,incumbent_base,41665.0,,True,A0_base,99203.0,,0.5800026208884812,A,AI_VERIFIED
root1:batch_12,case_026,5,57538.0,incumbent_base,41665.0,,True,B0_base,99203.0,,0.5800026208884812,B,AI_VERIFIED
root1:batch_12,case_026,5,0.0,incumbent_base,41665.0,,False,incumbent_base,41665.0,,0.0,C,AI_VERIFIED
root1:batch_11,case_027,1,38672.0,A2_base,2325280.0,seed,True,A0_base,2363952.0,,0.016359046207368,A,AI_VERIFIED
root1:batch_11,case_027,1,59116.0,L2_base,2304836.0,legacy_seed,True,B0_base,2363952.0,,0.025007275951457558,B,AI_VERIFIED
root1:batch_11,case_027,1,0.0,incumbent_base,2304836.0,,False,incumbent_base,2304836.0,,0.0,C,AI_VERIFIED
root1:batch_11,case_027,2,1246968.0,A2_base,1116984.0,seed,True,A0_base,2363952.0,,0.5274929440191679,A,AI_VERIFIED
root1:batch_11,case_027,2,1242990.0,B1_base,1120962.0,,True,B0_base,2363952.0,,0.5258101687343906,B,AI_VERIFIED
root1:batch_11,case_027,2,0.0,incumbent_base,1120962.0,,False,incumbent_base,1120962.0,,0.0,C,AI_VERIFIED
root1:batch_11,case_027,3,1526903.0,A1_base,837049.0,,True,A0_base,2363952.0,,0.6459111690931119,A,AI_VERIFIED
root1:batch_11,case_027,3,1532141.0,r4_boundary_n363_c1_p3,831811.0,ordinary_chain,True,B0_base,2363952.0,,0.6481269501241989,B,AI_VERIFIED
root1:batch_11,case_027,3,93.0,r2_boundary_n629_c1_p0,831365.0,ordinary_chain,True,incumbent_base,831458.0,,0.00011185171109063837,C,AI_VERIFIED
root1:batch_11,case_027,4,1804756.0,A1_base,559196.0,,True,A0_base,2363952.0,,0.7634486656243443,A,AI_VERIFIED
root1:batch_11,case_027,4,1804756.0,B1_base,559196.0,,True,B0_base,2363952.0,,0.7634486656243443,B,AI_VERIFIED
root1:batch_11,case_027,4,0.0,incumbent_base,559196.0,,False,incumbent_base,559196.0,,0.0,C,AI_VERIFIED
root1:batch_11,case_027,5,1805199.0,A1_base,558753.0,,True,A0_base,2363952.0,,0.7636360636764198,A,AI_VERIFIED
root1:batch_11,case_027,5,1806805.0,r4_boundary_n361_c2_p0,557147.0,ordinary_chain,True,B0_base,2363952.0,,0.7643154344927477,B,AI_VERIFIED
root1:batch_11,case_027,5,4258.0,r2_capacity_g1_front,552561.0,ordinary_chain,True,incumbent_base,556819.0,,0.007647009171741625,C,AI_VERIFIED
root1:batch_08,case_028,1,593311.0,L3_base,43242729.0,legacy_seed,True,A0_base,43836040.0,,0.01353477640772296,A,AI_VERIFIED
root1:batch_08,case_028,1,934820.0,B3_base,42901220.0,seed,True,B0_base,43836040.0,,0.02132537519356219,B,AI_VERIFIED
root1:batch_08,case_028,1,0.0,incumbent_base,41700132.0,,False,incumbent_base,41700132.0,,0.0,C,AI_VERIFIED
root1:batch_08,case_028,2,20197412.0,A1_base,23638628.0,,True,A0_base,43836040.0,,0.460749009262698,A,AI_VERIFIED
root1:batch_08,case_028,2,20197412.0,B1_base,23638628.0,,True,B0_base,43836040.0,,0.460749009262698,B,AI_VERIFIED
root1:batch_08,case_028,2,0.0,incumbent_base,23615145.0,,False,incumbent_base,23615145.0,,0.0,C,AI_VERIFIED
root1:batch_08,case_028,3,27310071.0,A2_base,16525969.0,seed,True,A0_base,43836040.0,,0.62300497490193,A,AI_VERIFIED
root1:batch_08,case_028,3,27065329.0,B1_base,16770711.0,,True,B0_base,43836040.0,,0.6174218519738554,B,AI_VERIFIED
root1:batch_08,case_028,3,0.0,incumbent_base,16770711.0,,False,incumbent_base,16770711.0,,0.0,C,AI_VERIFIED
root1:batch_08,case_028,4,30227728.0,A1_base,13608312.0,,True,A0_base,43836040.0,,0.6895633820938205,A,AI_VERIFIED
root1:batch_08,case_028,4,30227728.0,B1_base,13608312.0,,True,B0_base,43836040.0,,0.6895633820938205,B,AI_VERIFIED
root1:batch_08,case_028,4,0.0,incumbent_base,13585418.0,,False,incumbent_base,13585418.0,,0.0,C,AI_VERIFIED
root1:batch_08,case_028,5,32345005.0,A1_base,11491035.0,,True,A0_base,43836040.0,,0.7378632969583931,A,AI_VERIFIED
root1:batch_08,case_028,5,32345005.0,B1_base,11491035.0,,True,B0_base,43836040.0,,0.7378632969583931,B,AI_VERIFIED
root1:batch_08,case_028,5,813817.0,incumbent_split_height_g3_p4,10636977.0,timing,True,incumbent_base,11450794.0,,0.07107079212148956,C,AI_VERIFIED
root1:batch_04,case_029,1,0.0,A0_base,37555.0,,False,A0_base,37555.0,,0.0,A,AI_VERIFIED
root1:batch_04,case_029,1,0.0,B0_base,37555.0,,False,B0_base,37555.0,,0.0,B,AI_VERIFIED
root1:batch_04,case_029,1,0.0,incumbent_base,37555.0,incumbent,False,incumbent_base,37555.0,incumbent,0.0,C,AI_VERIFIED
root1:batch_04,case_029,2,17815.0,A1_base,19740.0,,True,A0_base,37555.0,,0.4743709226467847,A,AI_VERIFIED
root1:batch_04,case_029,2,17815.0,B1_base,19740.0,,True,B0_base,37555.0,,0.4743709226467847,B,AI_VERIFIED
root1:batch_04,case_029,2,0.0,incumbent_base,19740.0,,False,incumbent_base,19740.0,,0.0,C,AI_VERIFIED
root1:batch_04,case_029,3,24812.0,A1_base,12743.0,,True,A0_base,37555.0,,0.6606843296498469,A,AI_VERIFIED
root1:batch_04,case_029,3,24812.0,B1_base,12743.0,,True,B0_base,37555.0,,0.6606843296498469,B,AI_VERIFIED
root1:batch_04,case_029,3,0.0,incumbent_base,12743.0,,False,incumbent_base,12743.0,,0.0,C,AI_VERIFIED
root1:batch_04,case_029,4,26527.0,A1_base,11028.0,,True,A0_base,37555.0,,0.7063506856610305,A,AI_VERIFIED
root1:batch_04,case_029,4,26527.0,B1_base,11028.0,,True,B0_base,37555.0,,0.7063506856610305,B,AI_VERIFIED
root1:batch_04,case_029,4,0.0,incumbent_base,11028.0,,False,incumbent_base,11028.0,,0.0,C,AI_VERIFIED
root1:batch_04,case_029,5,28172.0,A1_base,9383.0,,True,A0_base,37555.0,,0.7501531087737985,A,AI_VERIFIED
root1:batch_04,case_029,5,28172.0,B1_base,9383.0,,True,B0_base,37555.0,,0.7501531087737985,B,AI_VERIFIED
root1:batch_04,case_029,5,0.0,incumbent_base,9383.0,,False,incumbent_base,9383.0,,0.0,C,AI_VERIFIED
root1:batch_14,case_030,1,0.0,A0_base,2808034.0,,False,A0_base,2808034.0,,0.0,A,AI_VERIFIED
root1:batch_14,case_030,1,0.0,B0_base,2808034.0,,False,B0_base,2808034.0,,0.0,B,AI_VERIFIED
root1:batch_14,case_030,1,1115.0,incumbent_split_topo_g0_p2,2806776.0,timing,True,incumbent_base,2807891.0,,0.00039709518638722085,C,AI_VERIFIED
root1:batch_14,case_030,2,1408885.0,A1_base,1399149.0,,True,A0_base,2808034.0,,0.5017335972427684,A,AI_VERIFIED
root1:batch_14,case_030,2,1408885.0,B1_base,1399149.0,,True,B0_base,2808034.0,,0.5017335972427684,B,AI_VERIFIED
root1:batch_14,case_030,2,0.0,incumbent_base,1398912.0,,False,incumbent_base,1398912.0,,0.0,C,AI_VERIFIED
root1:batch_14,case_030,3,1874177.0,L1_base,933857.0,legacy_seed,True,A0_base,2808034.0,,0.6674338701027124,A,AI_VERIFIED
root1:batch_14,case_030,3,1874177.0,L1_base,933857.0,legacy_seed,True,B0_base,2808034.0,,0.6674338701027124,B,AI_VERIFIED
root1:batch_14,case_030,3,505.0,incumbent_disperse_tid_1000004491_node_4271_core_1_pos_0,932731.0,disperse,True,incumbent_base,933236.0,,0.0005411278604768783,C,AI_VERIFIED
root1:batch_14,case_030,4,2107792.0,A1_base,700242.0,,True,A0_base,2808034.0,,0.7506290878244352,A,AI_VERIFIED
root1:batch_14,case_030,4,2107792.0,B1_base,700242.0,,True,B0_base,2808034.0,,0.7506290878244352,B,AI_VERIFIED
root1:batch_14,case_030,4,0.0,incumbent_base,699694.0,,False,incumbent_base,699694.0,,0.0,C,AI_VERIFIED
root1:batch_14,case_030,5,2248145.0,A1_base,559889.0,,True,A0_base,2808034.0,,0.8006117447295866,A,AI_VERIFIED
root1:batch_14,case_030,5,2248145.0,B1_base,559889.0,,True,B0_base,2808034.0,,0.8006117447295866,B,AI_VERIFIED
root1:batch_14,case_030,5,847.0,incumbent_disperse_tid_1000000001_node_44_core_4_pos_0,559025.0,disperse,True,incumbent_base,559872.0,,0.0015128457933241883,C,AI_VERIFIED
root1:batch_09,case_031,1,4264.0,A2_base,1410105.0,seed,True,A0_base,1414369.0,,0.0030147719583786124,A,AI_VERIFIED
root1:batch_09,case_031,1,0.0,B0_base,1414369.0,,False,B0_base,1414369.0,,0.0,B,AI_VERIFIED
root1:batch_09,case_031,1,0.0,incumbent_base,1414159.0,incumbent,False,incumbent_base,1414159.0,incumbent,0.0,C,AI_VERIFIED
root1:batch_09,case_031,2,701773.0,L1_base,712596.0,legacy_seed,True,A0_base,1414369.0,,0.4961739121827472,A,AI_VERIFIED
root1:batch_09,case_031,2,701773.0,L1_base,712596.0,legacy_seed,True,B0_base,1414369.0,,0.4961739121827472,B,AI_VERIFIED
root1:batch_09,case_031,2,5447.0,incumbent_split_topo_g1_p4,706497.0,timing,True,incumbent_base,711944.0,,0.007650882653691863,C,AI_VERIFIED
root1:batch_09,case_031,3,940547.0,L1_base,473822.0,legacy_seed,True,A0_base,1414369.0,,0.6649940715612404,A,AI_VERIFIED
root1:batch_09,case_031,3,940547.0,L1_base,473822.0,legacy_seed,True,B0_base,1414369.0,,0.6649940715612404,B,AI_VERIFIED
root1:batch_09,case_031,3,0.0,incumbent_base,473000.0,,False,incumbent_base,473000.0,,0.0,C,AI_VERIFIED
root1:batch_09,case_031,4,1056382.0,L1_base,357987.0,legacy_seed,True,A0_base,1414369.0,,0.7468927839905993,A,AI_VERIFIED
root1:batch_09,case_031,4,1056382.0,L1_base,357987.0,legacy_seed,True,B0_base,1414369.0,,0.7468927839905993,B,AI_VERIFIED
root1:batch_09,case_031,4,0.0,event_timing_tid_1000000689_miss_5_bytes_30720_front,355839.0,event_timing,False,incumbent_base,355839.0,,0.0,C,AI_VERIFIED
root1:batch_09,case_031,5,1128676.0,L1_base,285693.0,legacy_seed,True,A0_base,1414369.0,,0.7980067436432784,A,AI_VERIFIED
root1:batch_09,case_031,5,1128676.0,L1_base,285693.0,legacy_seed,True,B0_base,1414369.0,,0.7980067436432784,B,AI_VERIFIED
root1:batch_09,case_031,5,0.0,event_timing_tid_1000000735_miss_5_bytes_30720_front,284489.0,event_timing,False,incumbent_base,284489.0,,0.0,C,AI_VERIFIED
root1:batch_14,case_032,1,0.0,A0_base,41443.0,,False,A0_base,41443.0,,0.0,A,AI_VERIFIED
root1:batch_14,case_032,1,7302.0,B3_base,34141.0,seed,True,B0_base,41443.0,,0.17619380836329415,B,AI_VERIFIED
root1:batch_14,case_032,1,0.0,incumbent_aggregate,34141.0,aggregate,False,incumbent_base,34141.0,,0.0,C,AI_VERIFIED
root1:batch_14,case_032,2,20403.0,L1_base,21040.0,legacy_seed,True,A0_base,41443.0,,0.49231474555413457,A,AI_VERIFIED
root1:batch_14,case_032,2,20403.0,L1_base,21040.0,legacy_seed,True,B0_base,41443.0,,0.49231474555413457,B,AI_VERIFIED
root1:batch_14,case_032,2,329.0,incumbent_split_height_g0_p4,20711.0,timing,True,incumbent_base,21040.0,,0.015636882129277566,C,AI_VERIFIED
root1:batch_14,case_032,3,27268.0,L1_base,14175.0,legacy_seed,True,A0_base,41443.0,,0.6579639504862099,A,AI_VERIFIED
root1:batch_14,case_032,3,27268.0,L1_base,14175.0,legacy_seed,True,B0_base,41443.0,,0.6579639504862099,B,AI_VERIFIED
root1:batch_14,case_032,3,0.0,incumbent_base,14175.0,,False,incumbent_base,14175.0,,0.0,C,AI_VERIFIED
root1:batch_14,case_032,4,30439.0,L1_base,11004.0,legacy_seed,True,A0_base,41443.0,,0.7344786815626282,A,AI_VERIFIED
root1:batch_14,case_032,4,30439.0,L1_base,11004.0,legacy_seed,True,B0_base,41443.0,,0.7344786815626282,B,AI_VERIFIED
root1:batch_14,case_032,4,0.0,incumbent_base,11004.0,,False,incumbent_base,11004.0,,0.0,C,AI_VERIFIED
root1:batch_14,case_032,5,30947.0,L1_base,10496.0,legacy_seed,True,A0_base,41443.0,,0.7467364814323287,A,AI_VERIFIED
root1:batch_14,case_032,5,30947.0,L1_base,10496.0,legacy_seed,True,B0_base,41443.0,,0.7467364814323287,B,AI_VERIFIED
root1:batch_14,case_032,5,0.0,incumbent_base,10479.0,,False,incumbent_base,10479.0,,0.0,C,AI_VERIFIED
root1:batch_15,case_033,1,0.0,A0_base,1774196.0,,False,A0_base,1774196.0,,0.0,A,AI_VERIFIED
root1:batch_15,case_033,1,0.0,B0_base,1774196.0,,False,B0_base,1774196.0,,0.0,B,AI_VERIFIED
root1:batch_15,case_033,1,0.0,incumbent_base,1774080.0,incumbent,False,incumbent_base,1774080.0,incumbent,0.0,C,AI_VERIFIED
root1:batch_15,case_033,2,884499.0,L1_base,889697.0,legacy_seed,True,A0_base,1774196.0,,0.49853511111511917,A,AI_VERIFIED
root1:batch_15,case_033,2,884499.0,L1_base,889697.0,legacy_seed,True,B0_base,1774196.0,,0.49853511111511917,B,AI_VERIFIED
root1:batch_15,case_033,2,0.0,event_timing_tid_1108_miss_4_bytes_24576_front,887951.0,event_timing,False,incumbent_base,887951.0,,0.0,C,AI_VERIFIED
root1:batch_15,case_033,3,1182131.0,L1_base,592065.0,legacy_seed,True,A0_base,1774196.0,,0.6662910974886653,A,AI_VERIFIED
root1:batch_15,case_033,3,1182131.0,L1_base,592065.0,legacy_seed,True,B0_base,1774196.0,,0.6662910974886653,B,AI_VERIFIED
root1:batch_15,case_033,3,0.0,event_timing_tid_1201_miss_4_bytes_24576_front,590152.0,event_timing,False,incumbent_base,590152.0,,0.0,C,AI_VERIFIED
root1:batch_15,case_033,4,1330749.0,L1_base,443447.0,legacy_seed,True,A0_base,1774196.0,,0.750057490829649,A,AI_VERIFIED
root1:batch_15,case_033,4,1330749.0,L1_base,443447.0,legacy_seed,True,B0_base,1774196.0,,0.750057490829649,B,AI_VERIFIED
root1:batch_15,case_033,4,817.0,incumbent_disperse_tid_1603_node_5085_core_2_pos_0,441850.0,disperse,True,incumbent_base,442667.0,,0.0018456311403379968,C,AI_VERIFIED
root1:batch_15,case_033,5,1419094.0,L1_base,355102.0,legacy_seed,True,A0_base,1774196.0,,0.799851876568316,A,AI_VERIFIED
root1:batch_15,case_033,5,1419094.0,L1_base,355102.0,legacy_seed,True,B0_base,1774196.0,,0.799851876568316,B,AI_VERIFIED
root1:batch_15,case_033,5,0.0,event_timing_tid_1057_miss_4_bytes_24576_front,354514.0,event_timing,False,incumbent_base,354514.0,,0.0,C,AI_VERIFIED
root1:batch_12,case_034,1,3120.0,A2_base,839876.0,seed,True,A0_base,842996.0,,0.0037010851771538656,A,AI_VERIFIED
root1:batch_12,case_034,1,0.0,B0_base,842996.0,,False,B0_base,842996.0,,0.0,B,AI_VERIFIED
root1:batch_12,case_034,1,882.0,incumbent_split_topo_g0_p4,841851.0,timing,True,incumbent_base,842733.0,,0.0010465948289671819,C,AI_VERIFIED
root1:batch_12,case_034,2,424867.0,A1_base,418129.0,,True,A0_base,842996.0,,0.5039964602441768,A,AI_VERIFIED
root1:batch_12,case_034,2,424867.0,B1_base,418129.0,,True,B0_base,842996.0,,0.5039964602441768,B,AI_VERIFIED
root1:batch_12,case_034,2,0.0,incumbent_base,417777.0,,False,incumbent_base,417777.0,,0.0,C,AI_VERIFIED
root1:batch_12,case_034,3,566002.0,L1_base,276994.0,legacy_seed,True,A0_base,842996.0,,0.6714171834741802,A,AI_VERIFIED
root1:batch_12,case_034,3,566002.0,L1_base,276994.0,legacy_seed,True,B0_base,842996.0,,0.6714171834741802,B,AI_VERIFIED
root1:batch_12,case_034,3,0.0,event_timing_tid_7797_miss_2_bytes_9216_front,276560.0,event_timing,False,incumbent_base,276560.0,,0.0,C,AI_VERIFIED
root1:batch_12,case_034,4,630826.0,L1_base,212170.0,legacy_seed,True,A0_base,842996.0,,0.7483143455010463,A,AI_VERIFIED
root1:batch_12,case_034,4,630826.0,L1_base,212170.0,legacy_seed,True,B0_base,842996.0,,0.7483143455010463,B,AI_VERIFIED
root1:batch_12,case_034,4,0.0,event_timing_tid_7797_miss_2_bytes_9216_front,212170.0,event_timing,False,incumbent_base,212170.0,,0.0,C,AI_VERIFIED
root1:batch_12,case_034,5,672625.0,L1_base,170371.0,legacy_seed,True,A0_base,842996.0,,0.7978982106676663,A,AI_VERIFIED
root1:batch_12,case_034,5,672625.0,L1_base,170371.0,legacy_seed,True,B0_base,842996.0,,0.7978982106676663,B,AI_VERIFIED
root1:batch_12,case_034,5,38.0,incumbent_disperse_tid_7812_node_7942_core_4_pos_0,168887.0,disperse,True,incumbent_base,168925.0,,0.00022495190173153767,C,AI_VERIFIED
root1:batch_06,case_035,1,0.0,A0_base,169571.0,,False,A0_base,169571.0,,0.0,A,AI_VERIFIED
root1:batch_06,case_035,1,403.0,L2_base,169168.0,legacy_seed,True,B0_base,169571.0,,0.0023765856190032493,B,AI_VERIFIED
root1:batch_06,case_035,1,657.0,incumbent_split_topo_g1_p4,168511.0,timing,True,incumbent_base,169168.0,,0.003883713231816892,C,AI_VERIFIED
root1:batch_06,case_035,2,74165.0,A1_base,95406.0,,True,A0_base,169571.0,,0.4373684179488238,A,AI_VERIFIED
root1:batch_06,case_035,2,74165.0,B1_base,95406.0,,True,B0_base,169571.0,,0.4373684179488238,B,AI_VERIFIED
root1:batch_06,case_035,2,0.0,incumbent_base,95406.0,,False,incumbent_base,95406.0,,0.0,C,AI_VERIFIED
root1:batch_06,case_035,3,74165.0,A1_base,95406.0,,True,A0_base,169571.0,,0.4373684179488238,A,AI_VERIFIED
root1:batch_06,case_035,3,74165.0,B1_base,95406.0,,True,B0_base,169571.0,,0.4373684179488238,B,AI_VERIFIED
root1:batch_06,case_035,3,0.0,incumbent_base,95406.0,,False,incumbent_base,95406.0,,0.0,C,AI_VERIFIED
root1:batch_06,case_035,4,74165.0,A1_base,95406.0,,True,A0_base,169571.0,,0.4373684179488238,A,AI_VERIFIED
root1:batch_06,case_035,4,74165.0,B1_base,95406.0,,True,B0_base,169571.0,,0.4373684179488238,B,AI_VERIFIED
root1:batch_06,case_035,4,0.0,incumbent_base,95406.0,,False,incumbent_base,95406.0,,0.0,C,AI_VERIFIED
root1:batch_06,case_035,5,74165.0,A1_base,95406.0,,True,A0_base,169571.0,,0.4373684179488238,A,AI_VERIFIED
root1:batch_06,case_035,5,74165.0,B1_base,95406.0,,True,B0_base,169571.0,,0.4373684179488238,B,AI_VERIFIED
root1:batch_06,case_035,5,0.0,incumbent_base,95406.0,,False,incumbent_base,95406.0,,0.0,C,AI_VERIFIED
root1:batch_16,case_036,1,0.0,A0_base,931510.0,,False,A0_base,931510.0,,0.0,A,AI_VERIFIED
root1:batch_16,case_036,1,0.0,B0_base,931510.0,,False,B0_base,931510.0,,0.0,B,AI_VERIFIED
root1:batch_16,case_036,1,0.0,incumbent_base,931510.0,incumbent,False,incumbent_base,931510.0,incumbent,0.0,C,AI_VERIFIED
root1:batch_16,case_036,2,465442.0,A1_base,466068.0,,True,A0_base,931510.0,,0.49966398643063414,A,AI_VERIFIED
root1:batch_16,case_036,2,465442.0,B1_base,466068.0,,True,B0_base,931510.0,,0.49966398643063414,B,AI_VERIFIED
root1:batch_16,case_036,2,0.0,incumbent_base,466068.0,,False,incumbent_base,466068.0,,0.0,C,AI_VERIFIED
root1:batch_16,case_036,3,620165.0,A1_base,311345.0,,True,A0_base,931510.0,,0.6657631158012259,A,AI_VERIFIED
root1:batch_16,case_036,3,620165.0,B1_base,311345.0,,True,B0_base,931510.0,,0.6657631158012259,B,AI_VERIFIED
root1:batch_16,case_036,3,0.0,incumbent_base,311345.0,,False,incumbent_base,311345.0,,0.0,C,AI_VERIFIED
root1:batch_16,case_036,4,697926.0,A1_base,233584.0,,True,A0_base,931510.0,,0.7492415540359202,A,AI_VERIFIED
root1:batch_16,case_036,4,697926.0,B1_base,233584.0,,True,B0_base,931510.0,,0.7492415540359202,B,AI_VERIFIED
root1:batch_16,case_036,4,0.0,incumbent_base,233584.0,,False,incumbent_base,233584.0,,0.0,C,AI_VERIFIED
root1:batch_16,case_036,5,744328.0,A1_base,187182.0,,True,A0_base,931510.0,,0.799055297312965,A,AI_VERIFIED
root1:batch_16,case_036,5,744328.0,B1_base,187182.0,,True,B0_base,931510.0,,0.799055297312965,B,AI_VERIFIED
root1:batch_16,case_036,5,0.0,incumbent_base,187182.0,,False,incumbent_base,187182.0,,0.0,C,AI_VERIFIED
root1:batch_08,case_037,1,0.0,A0_base,210001.0,,False,A0_base,210001.0,,0.0,A,AI_VERIFIED
root1:batch_08,case_037,1,0.0,B0_base,210001.0,,False,B0_base,210001.0,,0.0,B,AI_VERIFIED
root1:batch_08,case_037,1,0.0,incumbent_base,210001.0,incumbent,False,incumbent_base,210001.0,incumbent,0.0,C,AI_VERIFIED
root1:batch_08,case_037,2,104627.0,A1_base,105374.0,,True,A0_base,210001.0,,0.498221437040776,A,AI_VERIFIED
root1:batch_08,case_037,2,104627.0,B1_base,105374.0,,True,B0_base,210001.0,,0.498221437040776,B,AI_VERIFIED
root1:batch_08,case_037,2,0.0,incumbent_base,105374.0,,False,incumbent_base,105374.0,,0.0,C,AI_VERIFIED
root1:batch_08,case_037,3,135963.0,A1_base,74038.0,,True,A0_base,210001.0,,0.6474397740963138,A,AI_VERIFIED
root1:batch_08,case_037,3,135963.0,B1_base,74038.0,,True,B0_base,210001.0,,0.6474397740963138,B,AI_VERIFIED
root1:batch_08,case_037,3,0.0,incumbent_base,74038.0,,False,incumbent_base,74038.0,,0.0,C,AI_VERIFIED
root1:batch_08,case_037,4,156681.0,A1_base,53320.0,,True,A0_base,210001.0,,0.7460964471597754,A,AI_VERIFIED
root1:batch_08,case_037,4,156681.0,B1_base,53320.0,,True,B0_base,210001.0,,0.7460964471597754,B,AI_VERIFIED
root1:batch_08,case_037,4,0.0,incumbent_base,53320.0,,False,incumbent_base,53320.0,,0.0,C,AI_VERIFIED
root1:batch_08,case_037,5,166201.0,A1_base,43800.0,,True,A0_base,210001.0,,0.7914295646211209,A,AI_VERIFIED
root1:batch_08,case_037,5,166201.0,B1_base,43800.0,,True,B0_base,210001.0,,0.7914295646211209,B,AI_VERIFIED
root1:batch_08,case_037,5,0.0,incumbent_base,43013.0,,False,incumbent_base,43013.0,,0.0,C,AI_VERIFIED
root1:batch_12,case_038,1,1354.0,L2_base,1363201.0,legacy_seed,True,A0_base,1364555.0,,0.0009922648775608166,A,AI_VERIFIED
root1:batch_12,case_038,1,0.0,B0_base,1364555.0,,False,B0_base,1364555.0,,0.0,B,AI_VERIFIED
root1:batch_12,case_038,1,3768.0,incumbent_split_topo_g0_p4,1359544.0,timing,True,incumbent_base,1363312.0,,0.00276385742955391,C,AI_VERIFIED
root1:batch_12,case_038,2,690055.0,L1_base,674500.0,legacy_seed,True,A0_base,1364555.0,,0.5056996603288252,A,AI_VERIFIED
root1:batch_12,case_038,2,690055.0,L1_base,674500.0,legacy_seed,True,B0_base,1364555.0,,0.5056996603288252,B,AI_VERIFIED
root1:batch_12,case_038,2,1.0,incumbent_split_topo_g1_p4,674381.0,timing,True,incumbent_base,674382.0,,1.4828391030602834e-06,C,AI_VERIFIED
root1:batch_12,case_038,3,912307.0,L1_base,452248.0,legacy_seed,True,A0_base,1364555.0,,0.668574736818963,A,AI_VERIFIED
root1:batch_12,case_038,3,912307.0,L1_base,452248.0,legacy_seed,True,B0_base,1364555.0,,0.668574736818963,B,AI_VERIFIED
root1:batch_12,case_038,3,0.0,event_timing_tid_1000003446_miss_2_bytes_65536_front,452022.0,event_timing,False,incumbent_base,452022.0,,0.0,C,AI_VERIFIED
root1:batch_12,case_038,4,1024931.0,L1_base,339624.0,legacy_seed,True,A0_base,1364555.0,,0.7511100688502845,A,AI_VERIFIED
root1:batch_12,case_038,4,1024931.0,L1_base,339624.0,legacy_seed,True,B0_base,1364555.0,,0.7511100688502845,B,AI_VERIFIED
root1:batch_12,case_038,4,0.0,event_timing_tid_1000003448_miss_4_bytes_131072_front,337813.0,event_timing,False,incumbent_base,337813.0,,0.0,C,AI_VERIFIED
root1:batch_12,case_038,5,1089422.0,L1_base,275133.0,legacy_seed,True,A0_base,1364555.0,,0.7983716303117133,A,AI_VERIFIED
root1:batch_12,case_038,5,1089422.0,L1_base,275133.0,legacy_seed,True,B0_base,1364555.0,,0.7983716303117133,B,AI_VERIFIED
root1:batch_12,case_038,5,0.0,event_timing_tid_1000003446_miss_2_bytes_65536_front,272533.0,event_timing,False,incumbent_base,272533.0,,0.0,C,AI_VERIFIED
root1:batch_16,case_039,1,5258.0,A2_base,1430004.0,seed,True,A0_base,1435262.0,,0.003663442632773668,A,AI_VERIFIED
root1:batch_16,case_039,1,0.0,B0_base,1435262.0,,False,B0_base,1435262.0,,0.0,B,AI_VERIFIED
root1:batch_16,case_039,1,8927.0,incumbent_split_topo_g0_p4,1426335.0,timing,True,incumbent_base,1435262.0,,0.006219770327647495,C,AI_VERIFIED
root1:batch_16,case_039,2,726701.0,A1_base,708561.0,,True,A0_base,1435262.0,,0.5063194037046894,A,AI_VERIFIED
root1:batch_16,case_039,2,726701.0,B1_base,708561.0,,True,B0_base,1435262.0,,0.5063194037046894,B,AI_VERIFIED
root1:batch_16,case_039,2,1661.0,incumbent_split_topo_g1_p4,703954.0,timing,True,incumbent_base,705615.0,,0.002353974901327211,C,AI_VERIFIED
root1:batch_16,case_039,3,949697.0,A1_base,485565.0,,True,A0_base,1435262.0,,0.6616889459903488,A,AI_VERIFIED
root1:batch_16,case_039,3,949697.0,B1_base,485565.0,,True,B0_base,1435262.0,,0.6616889459903488,B,AI_VERIFIED
root1:batch_16,case_039,3,1160.0,r2_boundary_n651_c2_p0,482066.0,ordinary_chain,True,incumbent_base,483226.0,,0.0024005330838986314,C,AI_VERIFIED
root1:batch_16,case_039,4,1039939.0,A1_base,395323.0,,True,A0_base,1435262.0,,0.7245638775359481,A,AI_VERIFIED
root1:batch_16,case_039,4,1039939.0,B1_base,395323.0,,True,B0_base,1435262.0,,0.7245638775359481,B,AI_VERIFIED
root1:batch_16,case_039,4,0.0,incumbent_base,368055.0,,False,incumbent_base,368055.0,,0.0,C,AI_VERIFIED
root1:batch_16,case_039,5,1118720.0,A2_base,316542.0,seed,True,A0_base,1435262.0,,0.7794535074432404,A,AI_VERIFIED
root1:batch_16,case_039,5,1039939.0,incumbent_base,395323.0,,True,B0_base,1435262.0,,0.7245638775359481,B,AI_VERIFIED
root1:batch_16,case_039,5,27579.0,C1_base,340476.0,,True,incumbent_base,368055.0,,0.07493173574601622,C,AI_VERIFIED
root1:batch_01,case_040,1,0.0,A0_base,253454.0,,False,A0_base,253454.0,,0.0,A,AI_VERIFIED
root1:batch_01,case_040,1,1261.0,B3_aggregate,252193.0,aggregate,True,B0_base,253454.0,,0.0049752617832032634,B,AI_VERIFIED
root1:batch_01,case_040,1,2436.0,incumbent_split_height_g1_p4,249653.0,timing,True,incumbent_base,252089.0,,0.009663253850822527,C,AI_VERIFIED
root1:batch_01,case_040,2,115708.0,L1_base,137746.0,legacy_seed,True,A0_base,253454.0,,0.45652465536152514,A,AI_VERIFIED
root1:batch_01,case_040,2,115708.0,L1_base,137746.0,,True,B0_base,253454.0,,0.45652465536152514,B,AI_VERIFIED
root1:batch_01,case_040,2,233.0,incumbent_disperse_tid_12_node_163_core_0_pos_0,137487.0,disperse,True,incumbent_base,137720.0,,0.001691838512924775,C,AI_VERIFIED
root1:batch_01,case_040,3,112617.0,A1_base,140837.0,,True,A0_base,253454.0,,0.44432914848453764,A,AI_VERIFIED
root1:batch_01,case_040,3,112617.0,B1_base,140837.0,,True,B0_base,253454.0,,0.44432914848453764,B,AI_VERIFIED
root1:batch_01,case_040,3,268.0,incumbent_disperse_tid_3_node_22_core_2_pos_0,140543.0,disperse,True,incumbent_base,140811.0,,0.0019032603986904432,C,AI_VERIFIED
root1:batch_01,case_040,4,112617.0,A1_base,140837.0,,True,A0_base,253454.0,,0.44432914848453764,A,AI_VERIFIED
root1:batch_01,case_040,4,112617.0,B1_base,140837.0,,True,B0_base,253454.0,,0.44432914848453764,B,AI_VERIFIED
root1:batch_01,case_040,4,4738.0,r2_split_g0_h1_c2_p1,136073.0,ordinary_chain,True,incumbent_base,140811.0,,0.0336479394365497,C,AI_VERIFIED
root1:batch_01,case_040,5,112617.0,A1_base,140837.0,,True,A0_base,253454.0,,0.44432914848453764,A,AI_VERIFIED
root1:batch_01,case_040,5,112617.0,B1_base,140837.0,,True,B0_base,253454.0,,0.44432914848453764,B,AI_VERIFIED
root1:batch_01,case_040,5,268.0,incumbent_disperse_tid_12_node_37_core_2_pos_0,140543.0,disperse,True,incumbent_base,140811.0,,0.0019032603986904432,C,AI_VERIFIED
root1:batch_13,case_041,1,0.0,A0_base,6003957.0,,False,A0_base,6003957.0,,0.0,A,AI_VERIFIED
root1:batch_13,case_041,1,0.0,B0_base,6003957.0,,False,B0_base,6003957.0,,0.0,B,AI_VERIFIED
root1:batch_13,case_041,1,0.0,incumbent_base,6001575.0,incumbent,False,incumbent_base,6001575.0,incumbent,0.0,C,AI_VERIFIED
root1:batch_13,case_041,2,3020565.0,A1_base,2983392.0,,True,A0_base,6003957.0,,0.5030957083803231,A,AI_VERIFIED
root1:batch_13,case_041,2,3020565.0,B1_base,2983392.0,,True,B0_base,6003957.0,,0.5030957083803231,B,AI_VERIFIED
root1:batch_13,case_041,2,0.0,incumbent_base,2981318.0,,False,incumbent_base,2981318.0,,0.0,C,AI_VERIFIED
root1:batch_13,case_041,3,4012046.0,L1_base,1991911.0,legacy_seed,True,A0_base,6003957.0,,0.6682336332522035,A,AI_VERIFIED
root1:batch_13,case_041,3,4012046.0,L1_base,1991911.0,legacy_seed,True,B0_base,6003957.0,,0.6682336332522035,B,AI_VERIFIED
root1:batch_13,case_041,3,0.0,event_timing_tid_1000000409_miss_9_bytes_55296_front,1989953.0,event_timing,False,incumbent_base,1989953.0,,0.0,C,AI_VERIFIED
root1:batch_13,case_041,4,4506211.0,A1_base,1497746.0,,True,A0_base,6003957.0,,0.7505401854143858,A,AI_VERIFIED
root1:batch_13,case_041,4,4506211.0,B1_base,1497746.0,,True,B0_base,6003957.0,,0.7505401854143858,B,AI_VERIFIED
root1:batch_13,case_041,4,0.0,incumbent_base,1494017.0,,False,incumbent_base,1494017.0,,0.0,C,AI_VERIFIED
root1:batch_13,case_041,5,4802073.0,L1_base,1201884.0,legacy_seed,True,A0_base,6003957.0,,0.7998180200157996,A,AI_VERIFIED
root1:batch_13,case_041,5,4802073.0,L1_base,1201884.0,legacy_seed,True,B0_base,6003957.0,,0.7998180200157996,B,AI_VERIFIED
root1:batch_13,case_041,5,0.0,event_timing_tid_1000010481_miss_10_bytes_61440_front,1194643.0,event_timing,False,incumbent_base,1194643.0,,0.0,C,AI_VERIFIED
root1:batch_04,case_042,1,0.0,A0_base,1686740.0,,False,A0_base,1686740.0,,0.0,A,AI_VERIFIED
root1:batch_04,case_042,1,0.0,B0_base,1686740.0,,False,B0_base,1686740.0,,0.0,B,AI_VERIFIED
root1:batch_04,case_042,1,0.0,incumbent_base,1675633.0,incumbent,False,incumbent_base,1675633.0,incumbent,0.0,C,AI_VERIFIED
root1:batch_04,case_042,2,841466.0,A1_base,845274.0,,True,A0_base,1686740.0,,0.4988711953235235,A,AI_VERIFIED
root1:batch_04,case_042,2,842590.0,r2_boundary_n5069_c1_p2,844150.0,ordinary_chain,True,B0_base,1686740.0,,0.499537569512788,B,AI_VERIFIED
root1:batch_04,case_042,2,348.0,incumbent_disperse_tid_1000005495_node_5021_core_1_pos_1,843098.0,disperse,True,incumbent_base,843446.0,,0.0004125931002103276,C,AI_VERIFIED
root1:batch_04,case_042,3,1123872.0,L1_base,562868.0,legacy_seed,True,A0_base,1686740.0,,0.6662983032358277,A,AI_VERIFIED
root1:batch_04,case_042,3,1123872.0,L1_base,562868.0,legacy_seed,True,B0_base,1686740.0,,0.6662983032358277,B,AI_VERIFIED
root1:batch_04,case_042,3,0.0,event_timing_tid_1000000109_miss_4_bytes_24576_front,561628.0,event_timing,False,incumbent_base,561628.0,,0.0,C,AI_VERIFIED
root1:batch_04,case_042,4,1260229.0,L1_base,426511.0,legacy_seed,True,A0_base,1686740.0,,0.7471388595752754,A,AI_VERIFIED
root1:batch_04,case_042,4,1260229.0,L1_base,426511.0,legacy_seed,True,B0_base,1686740.0,,0.7471388595752754,B,AI_VERIFIED
root1:batch_04,case_042,4,0.0,event_timing_tid_1000000249_miss_5_bytes_30720_front,423652.0,event_timing,False,incumbent_base,423652.0,,0.0,C,AI_VERIFIED
root1:batch_04,case_042,5,1344220.0,L1_base,342520.0,legacy_seed,True,A0_base,1686740.0,,0.7969337301540249,A,AI_VERIFIED
root1:batch_04,case_042,5,1344220.0,L1_base,342520.0,legacy_seed,True,B0_base,1686740.0,,0.7969337301540249,B,AI_VERIFIED
root1:batch_04,case_042,5,0.0,event_timing_tid_1000000139_miss_5_bytes_30720_front,339457.0,event_timing,False,incumbent_base,339457.0,,0.0,C,AI_VERIFIED
root1:batch_13,case_043,1,0.0,A0_base,677656.0,,False,A0_base,677656.0,,0.0,A,AI_VERIFIED
root1:batch_13,case_043,1,20245.0,B3_base,657411.0,seed,True,B0_base,677656.0,,0.02987503984322429,B,AI_VERIFIED
root1:batch_13,case_043,1,1272.0,incumbent_split_release_g3_p4,656100.0,timing,True,incumbent_base,657372.0,,0.0019349774556871907,C,AI_VERIFIED
root1:batch_13,case_043,2,330043.0,A1_base,347613.0,,True,A0_base,677656.0,,0.4870361953557557,A,AI_VERIFIED
root1:batch_13,case_043,2,330043.0,B1_base,347613.0,,True,B0_base,677656.0,,0.4870361953557557,B,AI_VERIFIED
root1:batch_13,case_043,2,0.0,incumbent_base,347613.0,,False,incumbent_base,347613.0,,0.0,C,AI_VERIFIED
root1:batch_13,case_043,3,408879.0,L1_base,268777.0,legacy_seed,True,A0_base,677656.0,,0.6033725075849694,A,AI_VERIFIED
root1:batch_13,case_043,3,408879.0,L1_base,268777.0,legacy_seed,True,B0_base,677656.0,,0.6033725075849694,B,AI_VERIFIED
root1:batch_13,case_043,3,3299.0,incumbent_split_release_g0_p4,265478.0,timing,True,incumbent_base,268777.0,,0.012274115716746596,C,AI_VERIFIED
root1:batch_13,case_043,4,408879.0,incumbent_base,268777.0,,True,A0_base,677656.0,,0.6033725075849694,A,AI_VERIFIED
root1:batch_13,case_043,4,382159.0,B1_base,295497.0,,True,B0_base,677656.0,,0.563942472286824,B,AI_VERIFIED
root1:batch_13,case_043,4,0.0,incumbent_base,295497.0,,False,incumbent_base,295497.0,,0.0,C,AI_VERIFIED
root1:batch_13,case_043,5,382159.0,A1_base,295497.0,,True,A0_base,677656.0,,0.563942472286824,A,AI_VERIFIED
root1:batch_13,case_043,5,382159.0,B1_base,295497.0,,True,B0_base,677656.0,,0.563942472286824,B,AI_VERIFIED
root1:batch_13,case_043,5,0.0,incumbent_base,295497.0,,False,incumbent_base,295497.0,,0.0,C,AI_VERIFIED
root1:batch_14,case_044,1,57999.0,A3_base,96408.0,seed,True,A0_base,154407.0,,0.37562416211700245,A,AI_VERIFIED
root1:batch_14,case_044,1,65869.0,B2_base,88538.0,seed,True,B0_base,154407.0,,0.42659335392825454,B,AI_VERIFIED
root1:batch_14,case_044,1,0.0,incumbent_base,88538.0,,False,incumbent_base,88538.0,,0.0,C,AI_VERIFIED
root1:batch_14,case_044,2,57999.0,incumbent_base,96408.0,,True,A0_base,154407.0,,0.37562416211700245,A,AI_VERIFIED
root1:batch_14,case_044,2,85508.0,B2_base,68899.0,seed,True,B0_base,154407.0,,0.5537831834048974,B,AI_VERIFIED
root1:batch_14,case_044,2,1037.0,r9_capacity_g1_front,67862.0,ordinary_chain,True,incumbent_base,68899.0,,0.015051016705612564,C,AI_VERIFIED
root1:batch_14,case_044,3,57999.0,incumbent_base,96408.0,,True,A0_base,154407.0,,0.37562416211700245,A,AI_VERIFIED
root1:batch_14,case_044,3,85508.0,incumbent_base,68899.0,,True,B0_base,154407.0,,0.5537831834048974,B,AI_VERIFIED
root1:batch_14,case_044,3,1037.0,lower_core_base,67862.0,lower_core,True,incumbent_base,68899.0,,0.015051016705612564,C,AI_VERIFIED
root1:batch_14,case_044,4,85006.0,r6_split_g2_h0_c2_p0,69401.0,ordinary_chain,True,A0_base,154407.0,,0.5505320354647134,A,AI_VERIFIED
root1:batch_14,case_044,4,85508.0,incumbent_base,68899.0,,True,B0_base,154407.0,,0.5537831834048974,B,AI_VERIFIED
root1:batch_14,case_044,4,1037.0,lower_core_base,67862.0,lower_core,True,incumbent_base,68899.0,,0.015051016705612564,C,AI_VERIFIED
root1:batch_14,case_044,5,85006.0,incumbent_base,69401.0,,True,A0_base,154407.0,,0.5505320354647134,A,AI_VERIFIED
root1:batch_14,case_044,5,85508.0,incumbent_base,68899.0,,True,B0_base,154407.0,,0.5537831834048974,B,AI_VERIFIED
root1:batch_14,case_044,5,5460.0,r10_boundary_n71_c2_p0,63439.0,ordinary_chain,True,incumbent_base,68899.0,,0.07924643318480674,C,AI_VERIFIED
root1:batch_06,case_045,1,0.0,A0_base,125614.0,,False,A0_base,125614.0,,0.0,A,AI_VERIFIED
root1:batch_06,case_045,1,0.0,B0_base,125614.0,,False,B0_base,125614.0,,0.0,B,AI_VERIFIED
root1:batch_06,case_045,1,0.0,incumbent_base,125614.0,incumbent,False,incumbent_base,125614.0,incumbent,0.0,C,AI_VERIFIED
root1:batch_06,case_045,2,62555.0,A1_base,63059.0,,True,A0_base,125614.0,,0.49799385418822745,A,AI_VERIFIED
root1:batch_06,case_045,2,62555.0,B1_base,63059.0,,True,B0_base,125614.0,,0.49799385418822745,B,AI_VERIFIED
root1:batch_06,case_045,2,7.0,incumbent_disperse_tid_1000000050_node_49_core_1_pos_0,63052.0,disperse,True,incumbent_base,63059.0,,0.0001110071520322238,C,AI_VERIFIED
root1:batch_06,case_045,3,83013.0,A1_base,42601.0,,True,A0_base,125614.0,,0.6608578661614152,A,AI_VERIFIED
root1:batch_06,case_045,3,83013.0,B1_base,42601.0,,True,B0_base,125614.0,,0.6608578661614152,B,AI_VERIFIED
root1:batch_06,case_045,3,0.0,incumbent_base,42601.0,,False,incumbent_base,42601.0,,0.0,C,AI_VERIFIED
root1:batch_06,case_045,4,93736.0,A1_base,31878.0,,True,A0_base,125614.0,,0.7462225548107695,A,AI_VERIFIED
root1:batch_06,case_045,4,93736.0,B1_base,31878.0,,True,B0_base,125614.0,,0.7462225548107695,B,AI_VERIFIED
root1:batch_06,case_045,4,0.0,incumbent_base,31878.0,,False,incumbent_base,31878.0,,0.0,C,AI_VERIFIED
root1:batch_06,case_045,5,99450.0,A1_base,26164.0,,True,A0_base,125614.0,,0.7917111150031048,A,AI_VERIFIED
root1:batch_06,case_045,5,99450.0,B1_base,26164.0,,True,B0_base,125614.0,,0.7917111150031048,B,AI_VERIFIED
root1:batch_06,case_045,5,0.0,incumbent_base,26164.0,,False,incumbent_base,26164.0,,0.0,C,AI_VERIFIED
root1:batch_12,case_046,1,42869.0,A3_base,233586.0,seed,True,A0_base,276455.0,,0.1550668282360601,A,AI_VERIFIED
root1:batch_12,case_046,1,50222.0,B2_base,226233.0,seed,True,B0_base,276455.0,,0.18166428532672588,B,AI_VERIFIED
root1:batch_12,case_046,1,0.0,incumbent_base,226233.0,,False,incumbent_base,226233.0,,0.0,C,AI_VERIFIED
root1:batch_12,case_046,2,115471.0,A2_base,160984.0,seed,True,A0_base,276455.0,,0.41768461413249897,A,AI_VERIFIED
root1:batch_12,case_046,2,109877.0,B1_base,166578.0,,True,B0_base,276455.0,,0.39744985621529727,B,AI_VERIFIED
root1:batch_12,case_046,2,12404.0,incumbent_split_height_g0_p4,125148.0,timing,True,incumbent_base,137552.0,,0.09017680586251017,C,AI_VERIFIED
root1:batch_12,case_046,3,134279.0,A1_base,142176.0,,True,A0_base,276455.0,,0.4857173861930513,A,AI_VERIFIED
root1:batch_12,case_046,3,134279.0,B1_base,142176.0,,True,B0_base,276455.0,,0.4857173861930513,B,AI_VERIFIED
root1:batch_12,case_046,3,15415.0,incumbent_split_height_g0_p4,106079.0,timing,True,incumbent_base,121494.0,,0.12687869359803777,C,AI_VERIFIED
root1:batch_12,case_046,4,151843.0,A1_base,124612.0,,True,A0_base,276455.0,,0.5492503300718019,A,AI_VERIFIED
root1:batch_12,case_046,4,151843.0,B1_base,124612.0,,True,B0_base,276455.0,,0.5492503300718019,B,AI_VERIFIED
root1:batch_12,case_046,4,7088.0,incumbent_split_height_g0_p2,98844.0,timing,True,incumbent_base,105932.0,,0.06691084846882905,C,AI_VERIFIED
root1:batch_12,case_046,5,167757.0,r1_split_g0_h0_c3_p0,108698.0,capacity_representative,True,A0_base,276455.0,,0.6068148523267801,A,AI_VERIFIED
root1:batch_12,case_046,5,159251.0,r1_split_g0_h1_c4_p1,117204.0,capacity_representative,True,B0_base,276455.0,,0.5760467345499267,B,AI_VERIFIED
root1:batch_12,case_046,5,4710.0,lower_core_base,98844.0,,True,incumbent_base,103554.0,,0.045483515846804566,C,AI_VERIFIED
root1:batch_16,case_047,1,2092.0,L3_base,324416.0,legacy_seed,True,A0_base,326508.0,,0.0064071936981635975,A,AI_VERIFIED
root1:batch_16,case_047,1,2911.0,B2_base,323597.0,seed,True,B0_base,326508.0,,0.008915554902176976,B,AI_VERIFIED
root1:batch_16,case_047,1,859.0,incumbent_split_release_g2_p4,322738.0,timing,True,incumbent_base,323597.0,,0.002654536352314762,C,AI_VERIFIED
root1:batch_16,case_047,2,2092.0,incumbent_base,324416.0,,True,A0_base,326508.0,,0.0064071936981635975,A,AI_VERIFIED
root1:batch_16,case_047,2,5153.0,B3_base,321355.0,seed,True,B0_base,326508.0,,0.015782155414262436,B,AI_VERIFIED
root1:batch_16,case_047,2,0.0,incumbent_base,321355.0,,False,incumbent_base,321355.0,,0.0,C,AI_VERIFIED
root1:batch_16,case_047,3,2092.0,incumbent_base,324416.0,,True,A0_base,326508.0,,0.0064071936981635975,A,AI_VERIFIED
root1:batch_16,case_047,3,0.0,B0_base,326508.0,,False,B0_base,326508.0,,0.0,B,AI_VERIFIED
root1:batch_16,case_047,3,2244.0,incumbent_split_height_g0_p4,324264.0,timing,True,incumbent_base,326508.0,,0.006872725936271086,C,AI_VERIFIED
root1:batch_16,case_047,4,0.0,A0_base,326508.0,,False,A0_base,326508.0,,0.0,A,AI_VERIFIED
root1:batch_16,case_047,4,11751.0,B3_base,314757.0,seed,True,B0_base,326508.0,,0.035989929802638834,B,AI_VERIFIED
root1:batch_16,case_047,4,0.0,incumbent_base,314754.0,,False,incumbent_base,314754.0,,0.0,C,AI_VERIFIED
root1:batch_16,case_047,5,0.0,A0_base,326508.0,,False,A0_base,326508.0,,0.0,A,AI_VERIFIED
root1:batch_16,case_047,5,10247.0,L2_base,316261.0,legacy_seed,True,B0_base,326508.0,,0.031383610815048944,B,AI_VERIFIED
root1:batch_16,case_047,5,1205.0,incumbent_split_height_g1_p4,315056.0,timing,True,incumbent_base,316261.0,,0.0038101441530887462,C,AI_VERIFIED
root1:batch_03,case_048,1,0.0,A0_base,222220.0,,False,A0_base,222220.0,,0.0,A,AI_VERIFIED
root1:batch_03,case_048,1,0.0,B0_base,222220.0,,False,B0_base,222220.0,,0.0,B,AI_VERIFIED
root1:batch_03,case_048,1,0.0,incumbent_base,222220.0,incumbent,False,incumbent_base,222220.0,incumbent,0.0,C,AI_VERIFIED
root1:batch_03,case_048,2,0.0,A0_base,222220.0,,False,A0_base,222220.0,,0.0,A,AI_VERIFIED
root1:batch_03,case_048,2,2330.0,B3_base,219890.0,seed,True,B0_base,222220.0,,0.01048510485104851,B,AI_VERIFIED
root1:batch_03,case_048,2,853.0,incumbent_aggregate_tid_1000001920,219037.0,aggregate,True,incumbent_base,219890.0,,0.003879212333439447,C,AI_VERIFIED
root1:batch_03,case_048,3,0.0,A0_base,222220.0,,False,A0_base,222220.0,,0.0,A,AI_VERIFIED
root1:batch_03,case_048,3,3795.0,B3_base,218425.0,seed,True,B0_base,222220.0,,0.017077670776707767,B,AI_VERIFIED
root1:batch_03,case_048,3,0.0,incumbent_base,218419.0,,False,incumbent_base,218419.0,,0.0,C,AI_VERIFIED
root1:batch_03,case_048,4,0.0,A0_base,222220.0,,False,A0_base,222220.0,,0.0,A,AI_VERIFIED
root1:batch_03,case_048,4,3795.0,incumbent_base,218425.0,,True,B0_base,222220.0,,0.017077670776707767,B,AI_VERIFIED
root1:batch_03,case_048,4,0.0,incumbent_base,218419.0,,False,incumbent_base,218419.0,,0.0,C,AI_VERIFIED
root1:batch_03,case_048,5,0.0,A0_base,222220.0,,False,A0_base,222220.0,,0.0,A,AI_VERIFIED
root1:batch_03,case_048,5,5002.0,B3_base,217218.0,seed,True,B0_base,222220.0,,0.022509225092250923,B,AI_VERIFIED
root1:batch_03,case_048,5,1747.0,incumbent_split_topo_g30_p4,215393.0,timing,True,incumbent_base,217140.0,,0.008045500598692088,C,AI_VERIFIED
root1:batch_07,case_049,1,0.0,A0_base,196276.0,,False,A0_base,196276.0,,0.0,A,AI_VERIFIED
root1:batch_07,case_049,1,846.0,B2_base,195430.0,seed,True,B0_base,196276.0,,0.004310256985061852,B,AI_VERIFIED
root1:batch_07,case_049,1,882.0,incumbent_split_height_g1_p4,194548.0,timing,True,incumbent_base,195430.0,,0.004513124904057719,C,AI_VERIFIED
root1:batch_07,case_049,2,36070.0,A1_base,160206.0,,True,A0_base,196276.0,,0.183771831502578,A,AI_VERIFIED
root1:batch_07,case_049,2,36070.0,B1_base,160206.0,,True,B0_base,196276.0,,0.183771831502578,B,AI_VERIFIED
root1:batch_07,case_049,2,0.0,incumbent_base,160206.0,,False,incumbent_base,160206.0,,0.0,C,AI_VERIFIED
root1:batch_07,case_049,3,36070.0,A1_base,160206.0,,True,A0_base,196276.0,,0.183771831502578,A,AI_VERIFIED
root1:batch_07,case_049,3,36070.0,B1_base,160206.0,,True,B0_base,196276.0,,0.183771831502578,B,AI_VERIFIED
root1:batch_07,case_049,3,0.0,incumbent_base,160206.0,,False,incumbent_base,160206.0,,0.0,C,AI_VERIFIED
root1:batch_07,case_049,4,36070.0,A1_base,160206.0,,True,A0_base,196276.0,,0.183771831502578,A,AI_VERIFIED
root1:batch_07,case_049,4,36070.0,B1_base,160206.0,,True,B0_base,196276.0,,0.183771831502578,B,AI_VERIFIED
root1:batch_07,case_049,4,0.0,incumbent_base,160206.0,,False,incumbent_base,160206.0,,0.0,C,AI_VERIFIED
root1:batch_07,case_049,5,36070.0,A1_base,160206.0,,True,A0_base,196276.0,,0.183771831502578,A,AI_VERIFIED
root1:batch_07,case_049,5,36070.0,B1_base,160206.0,,True,B0_base,196276.0,,0.183771831502578,B,AI_VERIFIED
root1:batch_07,case_049,5,0.0,incumbent_base,160206.0,,False,incumbent_base,160206.0,,0.0,C,AI_VERIFIED
root1:batch_03,case_050,1,0.0,A0_base,149690.0,,False,A0_base,149690.0,,0.0,A,AI_VERIFIED
root1:batch_03,case_050,1,448.0,B2_base,149242.0,seed,True,B0_base,149690.0,,0.002992851893914089,B,AI_VERIFIED
root1:batch_03,case_050,1,366.0,incumbent_split_height_g3_p4,148876.0,timing,True,incumbent_base,149242.0,,0.0024523927580707844,C,AI_VERIFIED
root1:batch_03,case_050,2,41569.0,A1_base,108121.0,,True,A0_base,149690.0,,0.27770058120114904,A,AI_VERIFIED
root1:batch_03,case_050,2,41569.0,B1_base,108121.0,,True,B0_base,149690.0,,0.27770058120114904,B,AI_VERIFIED
root1:batch_03,case_050,2,140.0,incumbent_disperse_tid_9224_node_9231_core_1_pos_0,107981.0,disperse,True,incumbent_base,108121.0,,0.0012948455896634326,C,AI_VERIFIED
root1:batch_03,case_050,3,41569.0,A1_base,108121.0,,True,A0_base,149690.0,,0.27770058120114904,A,AI_VERIFIED
root1:batch_03,case_050,3,41569.0,B1_base,108121.0,,True,B0_base,149690.0,,0.27770058120114904,B,AI_VERIFIED
root1:batch_03,case_050,3,140.0,incumbent_disperse_tid_9224_node_9231_core_1_pos_0,107981.0,disperse,True,incumbent_base,108121.0,,0.0012948455896634326,C,AI_VERIFIED
root1:batch_03,case_050,4,41569.0,A1_base,108121.0,,True,A0_base,149690.0,,0.27770058120114904,A,AI_VERIFIED
root1:batch_03,case_050,4,41896.0,r2_split_g1_h0_c2_p0,107794.0,ordinary_chain,True,B0_base,149690.0,,0.2798850958647872,B,AI_VERIFIED
root1:batch_03,case_050,4,136.0,incumbent_split_height_g2_p4,107658.0,timing,True,incumbent_base,107794.0,,0.0012616657698944283,C,AI_VERIFIED
root1:batch_03,case_050,5,41569.0,A1_base,108121.0,,True,A0_base,149690.0,,0.27770058120114904,A,AI_VERIFIED
root1:batch_03,case_050,5,41896.0,incumbent_base,107794.0,,True,B0_base,149690.0,,0.2798850958647872,B,AI_VERIFIED
root1:batch_03,case_050,5,136.0,incumbent_split_height_g2_p4,107658.0,timing,True,incumbent_base,107794.0,,0.0012616657698944283,C,AI_VERIFIED
root1:batch_09,case_051,1,0.0,A0_base,607628.0,,False,A0_base,607628.0,,0.0,A,AI_VERIFIED
root1:batch_09,case_051,1,0.0,B0_base,607628.0,,False,B0_base,607628.0,,0.0,B,AI_VERIFIED
root1:batch_09,case_051,1,0.0,incumbent_base,607628.0,incumbent,False,incumbent_base,607628.0,incumbent,0.0,C,AI_VERIFIED
root1:batch_09,case_051,2,0.0,A0_base,607628.0,,False,A0_base,607628.0,,0.0,A,AI_VERIFIED
root1:batch_09,case_051,2,0.0,B0_base,607628.0,,False,B0_base,607628.0,,0.0,B,AI_VERIFIED
root1:batch_09,case_051,2,0.0,incumbent_base,607628.0,incumbent,False,incumbent_base,607628.0,incumbent,0.0,C,AI_VERIFIED
root1:batch_09,case_051,3,0.0,A0_base,607628.0,,False,A0_base,607628.0,,0.0,A,AI_VERIFIED
root1:batch_09,case_051,3,0.0,B0_base,607628.0,,False,B0_base,607628.0,,0.0,B,AI_VERIFIED
root1:batch_09,case_051,3,0.0,incumbent_base,607628.0,incumbent,False,incumbent_base,607628.0,incumbent,0.0,C,AI_VERIFIED
root1:batch_09,case_051,4,0.0,A0_base,607628.0,,False,A0_base,607628.0,,0.0,A,AI_VERIFIED
root1:batch_09,case_051,4,66611.0,B2_base,541017.0,seed,True,B0_base,607628.0,,0.10962463875924085,B,AI_VERIFIED
root1:batch_09,case_051,4,0.0,incumbent_base,541017.0,,False,incumbent_base,541017.0,,0.0,C,AI_VERIFIED
root1:batch_09,case_051,5,0.0,A0_base,607628.0,,False,A0_base,607628.0,,0.0,A,AI_VERIFIED
root1:batch_09,case_051,5,66611.0,incumbent_base,541017.0,,True,B0_base,607628.0,,0.10962463875924085,B,AI_VERIFIED
root1:batch_09,case_051,5,0.0,incumbent_base,541017.0,,False,incumbent_base,541017.0,,0.0,C,AI_VERIFIED
root1:batch_05,case_052,1,525.0,A3_base,179776.0,seed,True,A0_base,180301.0,,0.0029117974941902706,A,AI_VERIFIED
root1:batch_05,case_052,1,20406.0,B2_base,159895.0,seed,True,B0_base,180301.0,,0.11317740888846983,B,AI_VERIFIED
root1:batch_05,case_052,1,1318.0,incumbent_aggregate,158577.0,aggregate,True,incumbent_base,159895.0,,0.008242909409299852,C,AI_VERIFIED
root1:batch_05,case_052,2,89398.0,L1_base,90903.0,legacy_seed,True,A0_base,180301.0,,0.4958264235916606,A,AI_VERIFIED
root1:batch_05,case_052,2,89398.0,L1_base,90903.0,legacy_seed,True,B0_base,180301.0,,0.4958264235916606,B,AI_VERIFIED
root1:batch_05,case_052,2,0.0,incumbent_base,90903.0,,False,incumbent_base,90903.0,,0.0,C,AI_VERIFIED
root1:batch_05,case_052,3,119230.0,L1_base,61071.0,legacy_seed,True,A0_base,180301.0,,0.6612830766329638,A,AI_VERIFIED
root1:batch_05,case_052,3,119230.0,L1_base,61071.0,legacy_seed,True,B0_base,180301.0,,0.6612830766329638,B,AI_VERIFIED
root1:batch_05,case_052,3,0.0,incumbent_base,61071.0,,False,incumbent_base,61071.0,,0.0,C,AI_VERIFIED
root1:batch_05,case_052,4,134691.0,L1_base,45610.0,legacy_seed,True,A0_base,180301.0,,0.7470341262666319,A,AI_VERIFIED
root1:batch_05,case_052,4,134691.0,L1_base,45610.0,legacy_seed,True,B0_base,180301.0,,0.7470341262666319,B,AI_VERIFIED
root1:batch_05,case_052,4,0.0,event_timing_tid_2287_miss_3_bytes_41472_front,45610.0,event_timing,False,incumbent_base,45610.0,,0.0,C,AI_VERIFIED
root1:batch_05,case_052,5,142914.0,L1_base,37387.0,legacy_seed,True,A0_base,180301.0,,0.7926411944470635,A,AI_VERIFIED
root1:batch_05,case_052,5,142914.0,L1_base,37387.0,legacy_seed,True,B0_base,180301.0,,0.7926411944470635,B,AI_VERIFIED
root1:batch_05,case_052,5,0.0,event_timing_tid_2290_miss_2_bytes_27648_front,37387.0,event_timing,False,incumbent_base,37387.0,,0.0,C,AI_VERIFIED
root1:batch_15,case_053,1,57312.0,L3_base,1415374.0,legacy_seed,True,A0_base,1472686.0,,0.03891664618255351,A,AI_VERIFIED
root1:batch_15,case_053,1,24682.0,L3_base,1448004.0,legacy_seed,True,B0_base,1472686.0,,0.01675985240574026,B,AI_VERIFIED
root1:batch_15,case_053,1,4933.0,r1_merge_g2_3,1421619.0,ordinary_chain,True,incumbent_base,1426552.0,,0.0034579882121366762,C,AI_VERIFIED
root1:batch_15,case_053,2,697757.0,A1_base,774929.0,,True,A0_base,1472686.0,,0.4737988953517586,A,AI_VERIFIED
root1:batch_15,case_053,2,697757.0,B1_base,774929.0,,True,B0_base,1472686.0,,0.4737988953517586,B,AI_VERIFIED
root1:batch_15,case_053,2,8856.0,incumbent_split_height_g1_p4,759346.0,timing,True,incumbent_base,768202.0,,0.011528217838537259,C,AI_VERIFIED
root1:batch_15,case_053,3,930527.0,L1_base,542159.0,legacy_seed,True,A0_base,1472686.0,,0.6318570285858628,A,AI_VERIFIED
root1:batch_15,case_053,3,930527.0,L1_base,542159.0,legacy_seed,True,B0_base,1472686.0,,0.6318570285858628,B,AI_VERIFIED
root1:batch_15,case_053,3,15120.0,incumbent_split_height_g2_p4,491765.0,timing,True,incumbent_base,506885.0,,0.029829251210826913,C,AI_VERIFIED
root1:batch_15,case_053,4,980454.0,A1_base,492232.0,,True,A0_base,1472686.0,,0.6657590280616507,A,AI_VERIFIED
root1:batch_15,case_053,4,980454.0,B1_base,492232.0,,True,B0_base,1472686.0,,0.6657590280616507,B,AI_VERIFIED
root1:batch_15,case_053,4,467.0,lower_core_base,491765.0,,True,incumbent_base,492232.0,,0.0009487396187163776,C,AI_VERIFIED
root1:batch_15,case_053,5,980921.0,r1_split_g0_h0_c3_p0,491765.0,capacity_representative,True,A0_base,1472686.0,,0.6660761357139268,A,AI_VERIFIED
root1:batch_15,case_053,5,980454.0,B1_base,492232.0,,True,B0_base,1472686.0,,0.6657590280616507,B,AI_VERIFIED
root1:batch_15,case_053,5,467.0,lower_core_base,491765.0,,True,incumbent_base,492232.0,,0.0009487396187163776,C,AI_VERIFIED
root1:batch_15,case_054,1,0.0,A0_base,815051.0,,False,A0_base,815051.0,,0.0,A,AI_VERIFIED
root1:batch_15,case_054,1,18333.0,L3_base,796718.0,legacy_seed,True,B0_base,815051.0,,0.022493070985741995,B,AI_VERIFIED
root1:batch_15,case_054,1,4199.0,incumbent_split_height_g2_p4,792519.0,timing,True,incumbent_base,796718.0,,0.005270371699898835,C,AI_VERIFIED
root1:batch_15,case_054,2,297091.0,A1_base,517960.0,,True,A0_base,815051.0,,0.3645060247763637,A,AI_VERIFIED
root1:batch_15,case_054,2,297091.0,B1_base,517960.0,,True,B0_base,815051.0,,0.3645060247763637,B,AI_VERIFIED
root1:batch_15,case_054,2,4319.0,incumbent_split_topo_g0_p4,513641.0,timing,True,incumbent_base,517960.0,,0.008338481736041393,C,AI_VERIFIED
root1:batch_15,case_054,3,297091.0,A1_base,517960.0,,True,A0_base,815051.0,,0.3645060247763637,A,AI_VERIFIED
root1:batch_15,case_054,3,298609.0,r1_split_g0_h0_c2_p0,516442.0,ordinary_chain,True,B0_base,815051.0,,0.3663684849168948,B,AI_VERIFIED
root1:batch_15,case_054,3,3312.0,incumbent_split_release_g0_p4,513130.0,timing,True,incumbent_base,516442.0,,0.006413111249665984,C,AI_VERIFIED
root1:batch_15,case_054,4,297091.0,A1_base,517960.0,,True,A0_base,815051.0,,0.3645060247763637,A,AI_VERIFIED
root1:batch_15,case_054,4,298609.0,incumbent_base,516442.0,,True,B0_base,815051.0,,0.3663684849168948,B,AI_VERIFIED
root1:batch_15,case_054,4,3312.0,incumbent_split_release_g0_p4,513130.0,timing,True,incumbent_base,516442.0,,0.006413111249665984,C,AI_VERIFIED
root1:batch_15,case_054,5,297091.0,A1_base,517960.0,,True,A0_base,815051.0,,0.3645060247763637,A,AI_VERIFIED
root1:batch_15,case_054,5,298609.0,incumbent_base,516442.0,,True,B0_base,815051.0,,0.3663684849168948,B,AI_VERIFIED
root1:batch_15,case_054,5,4319.0,incumbent_split_topo_g0_p4,513641.0,timing,True,incumbent_base,517960.0,,0.008338481736041393,C,AI_VERIFIED
root1:batch_09,case_055,1,0.0,A0_base,118835.0,,False,A0_base,118835.0,,0.0,A,AI_VERIFIED
root1:batch_09,case_055,1,0.0,B0_base,118835.0,,False,B0_base,118835.0,,0.0,B,AI_VERIFIED
root1:batch_09,case_055,1,4207.0,incumbent_split_topo_g0_p4,114628.0,timing,True,incumbent_base,118835.0,,0.03540202802204738,C,AI_VERIFIED
root1:batch_09,case_055,2,58996.0,A1_base,59839.0,,True,A0_base,118835.0,,0.49645306517440146,A,AI_VERIFIED
root1:batch_09,case_055,2,58996.0,B1_base,59839.0,,True,B0_base,118835.0,,0.49645306517440146,B,AI_VERIFIED
root1:batch_09,case_055,2,0.0,incumbent_base,59839.0,,False,incumbent_base,59839.0,,0.0,C,AI_VERIFIED
root1:batch_09,case_055,3,76788.0,L1_base,42047.0,legacy_seed,True,A0_base,118835.0,,0.6461732654520974,A,AI_VERIFIED
root1:batch_09,case_055,3,76788.0,L1_base,42047.0,legacy_seed,True,B0_base,118835.0,,0.6461732654520974,B,AI_VERIFIED
root1:batch_09,case_055,3,2060.0,incumbent_disperse_tid_3_node_38_core_2_pos_0,39987.0,disperse,True,incumbent_base,42047.0,,0.04899279377839085,C,AI_VERIFIED
root1:batch_09,case_055,4,86736.0,L1_base,32099.0,legacy_seed,True,A0_base,118835.0,,0.7298859763537678,A,AI_VERIFIED
root1:batch_09,case_055,4,86736.0,L1_base,32099.0,legacy_seed,True,B0_base,118835.0,,0.7298859763537678,B,AI_VERIFIED
root1:batch_09,case_055,4,0.0,incumbent_base,32099.0,,False,incumbent_base,32099.0,,0.0,C,AI_VERIFIED
root1:batch_09,case_055,5,93200.0,L1_base,25635.0,legacy_seed,True,A0_base,118835.0,,0.7842807253755206,A,AI_VERIFIED
root1:batch_09,case_055,5,93200.0,L1_base,25635.0,legacy_seed,True,B0_base,118835.0,,0.7842807253755206,B,AI_VERIFIED
root1:batch_09,case_055,5,0.0,event_timing_tid_1385_miss_2_bytes_27648_front,25635.0,event_timing,False,incumbent_base,25635.0,,0.0,C,AI_VERIFIED
root1:batch_10,case_056,1,0.0,A0_base,277285.0,,False,A0_base,277285.0,,0.0,A,AI_VERIFIED
root1:batch_10,case_056,1,0.0,B0_base,277285.0,,False,B0_base,277285.0,,0.0,B,AI_VERIFIED
root1:batch_10,case_056,1,0.0,incumbent_base,277285.0,incumbent,False,incumbent_base,277285.0,incumbent,0.0,C,AI_VERIFIED
root1:batch_10,case_056,2,11575.0,A1_base,265710.0,,True,A0_base,277285.0,,0.04174405395171033,A,AI_VERIFIED
root1:batch_10,case_056,2,11575.0,B1_base,265710.0,,True,B0_base,277285.0,,0.04174405395171033,B,AI_VERIFIED
root1:batch_10,case_056,2,0.0,incumbent_base,265710.0,,False,incumbent_base,265710.0,,0.0,C,AI_VERIFIED
root1:batch_10,case_056,3,11575.0,A1_base,265710.0,,True,A0_base,277285.0,,0.04174405395171033,A,AI_VERIFIED
root1:batch_10,case_056,3,11575.0,B1_base,265710.0,,True,B0_base,277285.0,,0.04174405395171033,B,AI_VERIFIED
root1:batch_10,case_056,3,0.0,incumbent_base,265710.0,,False,incumbent_base,265710.0,,0.0,C,AI_VERIFIED
root1:batch_10,case_056,4,11575.0,A1_base,265710.0,,True,A0_base,277285.0,,0.04174405395171033,A,AI_VERIFIED
root1:batch_10,case_056,4,11575.0,B1_base,265710.0,,True,B0_base,277285.0,,0.04174405395171033,B,AI_VERIFIED
root1:batch_10,case_056,4,0.0,incumbent_base,265710.0,,False,incumbent_base,265710.0,,0.0,C,AI_VERIFIED
root1:batch_10,case_056,5,11575.0,A1_base,265710.0,,True,A0_base,277285.0,,0.04174405395171033,A,AI_VERIFIED
root1:batch_10,case_056,5,11575.0,B1_base,265710.0,,True,B0_base,277285.0,,0.04174405395171033,B,AI_VERIFIED
root1:batch_10,case_056,5,0.0,incumbent_base,265710.0,,False,incumbent_base,265710.0,,0.0,C,AI_VERIFIED
root1:batch_15,case_057,1,0.0,A0_base,59726.0,,False,A0_base,59726.0,,0.0,A,AI_VERIFIED
root1:batch_15,case_057,1,479.0,L2_base,59247.0,legacy_seed,True,B0_base,59726.0,,0.008019957807320096,B,AI_VERIFIED
root1:batch_15,case_057,1,151.0,incumbent_split_topo_g1_p4,59096.0,timing,True,incumbent_base,59247.0,,0.0025486522524347226,C,AI_VERIFIED
root1:batch_15,case_057,2,29543.0,L1_base,30183.0,legacy_seed,True,A0_base,59726.0,,0.4946421993771557,A,AI_VERIFIED
root1:batch_15,case_057,2,29543.0,L1_base,30183.0,,True,B0_base,59726.0,,0.4946421993771557,B,AI_VERIFIED
root1:batch_15,case_057,2,525.0,incumbent_split_height_g1_p4,29658.0,timing,True,incumbent_base,30183.0,,0.017393897226915814,C,AI_VERIFIED
root1:batch_15,case_057,3,39021.0,L1_base,20705.0,legacy_seed,True,A0_base,59726.0,,0.6533335565750259,A,AI_VERIFIED
root1:batch_15,case_057,3,39021.0,L1_base,20705.0,,True,B0_base,59726.0,,0.6533335565750259,B,AI_VERIFIED
root1:batch_15,case_057,3,0.0,incumbent_base,20705.0,,False,incumbent_base,20705.0,,0.0,C,AI_VERIFIED
root1:batch_15,case_057,4,35796.0,A1_base,23930.0,,True,A0_base,59726.0,,0.599336972172923,A,AI_VERIFIED
root1:batch_15,case_057,4,43241.0,L1_base,16485.0,legacy_seed,True,B0_base,59726.0,,0.7239895522887855,B,AI_VERIFIED
root1:batch_15,case_057,4,0.0,incumbent_base,16485.0,,False,incumbent_base,16485.0,,0.0,C,AI_VERIFIED
root1:batch_15,case_057,5,45698.0,L1_base,14028.0,legacy_seed,True,A0_base,59726.0,,0.765127415196062,A,AI_VERIFIED
root1:batch_15,case_057,5,45698.0,L1_base,14028.0,,True,B0_base,59726.0,,0.765127415196062,B,AI_VERIFIED
root1:batch_15,case_057,5,0.0,incumbent_base,14028.0,,False,incumbent_base,14028.0,,0.0,C,AI_VERIFIED
root1:batch_14,case_058,1,11768.0,A2_base,4527949.0,seed,True,A0_base,4539717.0,,0.002592232070853756,A,AI_VERIFIED
root1:batch_14,case_058,1,0.0,B0_base,4539717.0,,False,B0_base,4539717.0,,0.0,B,AI_VERIFIED
root1:batch_14,case_058,1,6584.0,incumbent_split_topo_g0_p4,4533133.0,timing,True,incumbent_base,4539717.0,,0.0014503106691452353,C,AI_VERIFIED
root1:batch_14,case_058,2,2268401.0,A1_base,2271316.0,,True,A0_base,4539717.0,,0.4996789447447936,A,AI_VERIFIED
root1:batch_14,case_058,2,2271341.0,r1_boundary_n1062_c1_p0,2268376.0,ordinary_chain,True,B0_base,4539717.0,,0.5003265622064107,B,AI_VERIFIED
root1:batch_14,case_058,2,0.0,incumbent_base,2266610.0,,False,incumbent_base,2266610.0,,0.0,C,AI_VERIFIED
root1:batch_14,case_058,3,2998139.0,A2_base,1541578.0,seed,True,A0_base,4539717.0,,0.660424207059603,A,AI_VERIFIED
root1:batch_14,case_058,3,2984886.0,B1_base,1554831.0,,True,B0_base,4539717.0,,0.6575048620872183,B,AI_VERIFIED
root1:batch_14,case_058,3,21585.0,incumbent_split_topo_g0_p4,1533246.0,timing,True,incumbent_base,1554831.0,,0.013882537716317723,C,AI_VERIFIED
root1:batch_14,case_058,4,3385198.0,A1_base,1154519.0,,True,A0_base,4539717.0,,0.7456848081058798,A,AI_VERIFIED
root1:batch_14,case_058,4,3385198.0,B1_base,1154519.0,,True,B0_base,4539717.0,,0.7456848081058798,B,AI_VERIFIED
root1:batch_14,case_058,4,0.0,incumbent_base,1142629.0,,False,incumbent_base,1142629.0,,0.0,C,AI_VERIFIED
root1:batch_14,case_058,5,3534898.0,A1_base,1004819.0,,True,A0_base,4539717.0,,0.7786604319167912,A,AI_VERIFIED
root1:batch_14,case_058,5,3534898.0,B1_base,1004819.0,,True,B0_base,4539717.0,,0.7786604319167912,B,AI_VERIFIED
root1:batch_14,case_058,5,0.0,incumbent_base,1004819.0,,False,incumbent_base,1004819.0,,0.0,C,AI_VERIFIED
root1:batch_15,case_059,1,10499.0,A2_base,818974.0,seed,True,A0_base,829473.0,,0.012657434298645043,A,AI_VERIFIED
root1:batch_15,case_059,1,0.0,B0_base,829473.0,,False,B0_base,829473.0,,0.0,B,AI_VERIFIED
root1:batch_15,case_059,1,0.0,incumbent_base,815938.0,incumbent,False,incumbent_base,815938.0,incumbent,0.0,C,AI_VERIFIED
root1:batch_15,case_059,2,460155.0,A1_base,369318.0,,True,A0_base,829473.0,,0.5547558510041918,A,AI_VERIFIED
root1:batch_15,case_059,2,460155.0,B1_base,369318.0,,True,B0_base,829473.0,,0.5547558510041918,B,AI_VERIFIED
root1:batch_15,case_059,2,0.0,incumbent_base,369318.0,,False,incumbent_base,369318.0,,0.0,C,AI_VERIFIED
root1:batch_15,case_059,3,563256.0,A1_base,266217.0,,True,A0_base,829473.0,,0.6790528443963818,A,AI_VERIFIED
root1:batch_15,case_059,3,563256.0,B1_base,266217.0,,True,B0_base,829473.0,,0.6790528443963818,B,AI_VERIFIED
root1:batch_15,case_059,3,4450.0,r2_boundary_n353_c2_p0,257883.0,ordinary_chain,True,incumbent_base,262333.0,,0.01696317276133769,C,AI_VERIFIED
root1:batch_15,case_059,4,644257.0,A1_base,185216.0,,True,A0_base,829473.0,,0.7767064147959005,A,AI_VERIFIED
root1:batch_15,case_059,4,644257.0,B1_base,185216.0,,True,B0_base,829473.0,,0.7767064147959005,B,AI_VERIFIED
root1:batch_15,case_059,4,0.0,incumbent_base,185216.0,,False,incumbent_base,185216.0,,0.0,C,AI_VERIFIED
root1:batch_15,case_059,5,678691.0,A1_base,150782.0,,True,A0_base,829473.0,,0.8182195201049342,A,AI_VERIFIED
root1:batch_15,case_059,5,678691.0,B1_base,150782.0,,True,B0_base,829473.0,,0.8182195201049342,B,AI_VERIFIED
root1:batch_15,case_059,5,0.0,incumbent_base,150736.0,,False,incumbent_base,150736.0,,0.0,C,AI_VERIFIED
root1:batch_14,case_060,1,2531.0,L2_base,886258.0,legacy_seed,True,A0_base,888789.0,,0.002847695009726718,A,AI_VERIFIED
root1:batch_14,case_060,1,3129.0,q1_warm_base,885660.0,,True,B0_base,888789.0,,0.0035205206185045046,B,AI_VERIFIED
root1:batch_14,case_060,1,1530.0,incumbent_split_topo_g1_p4,883441.0,timing,True,incumbent_base,884971.0,,0.0017288702115662547,C,AI_VERIFIED
root1:batch_14,case_060,2,444834.0,L1_base,443955.0,legacy_seed,True,A0_base,888789.0,,0.5004944930686586,A,AI_VERIFIED
root1:batch_14,case_060,2,444834.0,L1_base,443955.0,,True,B0_base,888789.0,,0.5004944930686586,B,AI_VERIFIED
root1:batch_14,case_060,2,6414.0,incumbent_split_topo_g0_p4,437319.0,timing,True,incumbent_base,443733.0,,0.014454638262198213,C,AI_VERIFIED
root1:batch_14,case_060,3,590579.0,L1_base,298210.0,legacy_seed,True,A0_base,888789.0,,0.6644760454956126,A,AI_VERIFIED
root1:batch_14,case_060,3,590579.0,L1_base,298210.0,,True,B0_base,888789.0,,0.6644760454956126,B,AI_VERIFIED
root1:batch_14,case_060,3,396.0,incumbent_disperse_tid_1000002029_node_2884_core_0_pos_0,297002.0,disperse,True,incumbent_base,297398.0,,0.0013315489680495497,C,AI_VERIFIED
root1:batch_14,case_060,4,667069.0,L1_base,221720.0,legacy_seed,True,A0_base,888789.0,,0.7505369665916207,A,AI_VERIFIED
root1:batch_14,case_060,4,667069.0,L1_base,221720.0,,True,B0_base,888789.0,,0.7505369665916207,B,AI_VERIFIED
root1:batch_14,case_060,4,0.0,incumbent_split_topo_g0_p4,221694.0,timing,False,incumbent_base,221694.0,,0.0,C,AI_VERIFIED
root1:batch_14,case_060,5,713087.0,L1_base,175702.0,legacy_seed,True,A0_base,888789.0,,0.8023130349273,A,AI_VERIFIED
root1:batch_14,case_060,5,713087.0,L1_base,175702.0,,True,B0_base,888789.0,,0.8023130349273,B,AI_VERIFIED
root1:batch_14,case_060,5,0.0,incumbent_base,175626.0,,False,incumbent_base,175626.0,,0.0,C,AI_VERIFIED
root1:batch_08,case_061,1,0.0,A0_base,77191.0,,False,A0_base,77191.0,,0.0,A,AI_VERIFIED
root1:batch_08,case_061,1,0.0,B0_base,77191.0,,False,B0_base,77191.0,,0.0,B,AI_VERIFIED
root1:batch_08,case_061,1,0.0,incumbent_base,77191.0,incumbent,False,incumbent_base,77191.0,incumbent,0.0,C,AI_VERIFIED
root1:batch_08,case_061,2,37893.0,A1_base,39298.0,,True,A0_base,77191.0,,0.49089919809304194,A,AI_VERIFIED
root1:batch_08,case_061,2,37893.0,B1_base,39298.0,,True,B0_base,77191.0,,0.49089919809304194,B,AI_VERIFIED
root1:batch_08,case_061,2,480.0,incumbent_disperse_tid_2232_node_2233_core_1_pos_0,38792.0,disperse,True,incumbent_base,39272.0,,0.012222448563862294,C,AI_VERIFIED
root1:batch_08,case_061,3,46888.0,L1_base,30303.0,legacy_seed,True,A0_base,77191.0,,0.6074283271365832,A,AI_VERIFIED
root1:batch_08,case_061,3,46888.0,L1_base,30303.0,legacy_seed,True,B0_base,77191.0,,0.6074283271365832,B,AI_VERIFIED
root1:batch_08,case_061,3,0.0,incumbent_base,30303.0,,False,incumbent_base,30303.0,,0.0,C,AI_VERIFIED
root1:batch_08,case_061,4,53167.0,L1_base,24024.0,legacy_seed,True,A0_base,77191.0,,0.6887720070992732,A,AI_VERIFIED
root1:batch_08,case_061,4,53167.0,L1_base,24024.0,legacy_seed,True,B0_base,77191.0,,0.6887720070992732,B,AI_VERIFIED
root1:batch_08,case_061,4,0.0,incumbent_base,24024.0,,False,incumbent_base,24024.0,,0.0,C,AI_VERIFIED
root1:batch_08,case_061,5,54908.0,L1_base,22283.0,legacy_seed,True,A0_base,77191.0,,0.711326449974738,A,AI_VERIFIED
root1:batch_08,case_061,5,54908.0,L1_base,22283.0,legacy_seed,True,B0_base,77191.0,,0.711326449974738,B,AI_VERIFIED
root1:batch_08,case_061,5,0.0,event_timing_tid_15_miss_2_bytes_6400_front,22283.0,event_timing,False,incumbent_base,22283.0,,0.0,C,AI_VERIFIED
root1:batch_07,case_062,1,32815.0,L3_base,2821994.0,legacy_seed,True,A0_base,2854809.0,,0.011494639396190779,A,AI_VERIFIED
root1:batch_07,case_062,1,0.0,B0_base,2854809.0,,False,B0_base,2854809.0,,0.0,B,AI_VERIFIED
root1:batch_07,case_062,1,0.0,incumbent_base,2854809.0,incumbent,False,incumbent_base,2854809.0,incumbent,0.0,C,AI_VERIFIED
root1:batch_07,case_062,2,32815.0,incumbent_base,2821994.0,,True,A0_base,2854809.0,,0.011494639396190779,A,AI_VERIFIED
root1:batch_07,case_062,2,333315.0,B3_base,2521494.0,seed,True,B0_base,2854809.0,,0.11675562182969158,B,AI_VERIFIED
root1:batch_07,case_062,2,133576.0,incumbent_disperse_group_tid_1000012951_group_9_core_0_pos_4,2387918.0,disperse,True,incumbent_base,2521494.0,,0.05297494263321666,C,AI_VERIFIED
root1:batch_07,case_062,3,341055.0,A3_base,2513754.0,seed,True,A0_base,2854809.0,,0.11946683648538309,A,AI_VERIFIED
root1:batch_07,case_062,3,915528.0,B3_base,1939281.0,seed,True,B0_base,2854809.0,,0.32069676114934487,B,AI_VERIFIED
root1:batch_07,case_062,3,120601.0,r1_split_g4_h0_c2_p8,1818680.0,ordinary_chain,True,incumbent_base,1939281.0,,0.062188512134136315,C,AI_VERIFIED
root1:batch_07,case_062,4,477516.0,A3_base,2377293.0,seed,True,A0_base,2854809.0,,0.16726723223865414,A,AI_VERIFIED
root1:batch_07,case_062,4,1087354.0,B3_base,1767455.0,seed,True,B0_base,2854809.0,,0.3808850259334337,B,AI_VERIFIED
root1:batch_07,case_062,4,0.0,incumbent_base,1270730.0,,False,incumbent_base,1270730.0,,0.0,C,AI_VERIFIED
root1:batch_07,case_062,5,1193616.0,L2_base,1661193.0,legacy_seed,True,A0_base,2854809.0,,0.418107130809802,A,AI_VERIFIED
root1:batch_07,case_062,5,2135793.0,q1_warm_base,719016.0,,True,B0_base,2854809.0,,0.7481386670701963,B,AI_VERIFIED
root1:batch_07,case_062,5,17385.0,r1_split_g0_h1_c4_p0,701554.0,ordinary_chain,True,incumbent_base,718939.0,,0.02418146741239521,C,AI_VERIFIED
root1:batch_08,case_063,1,0.0,A0_base,1070397.0,,False,A0_base,1070397.0,,0.0,A,AI_VERIFIED
root1:batch_08,case_063,1,0.0,B0_base,1070397.0,,False,B0_base,1070397.0,,0.0,B,AI_VERIFIED
root1:batch_08,case_063,1,0.0,incumbent_base,1070397.0,incumbent,False,incumbent_base,1070397.0,incumbent,0.0,C,AI_VERIFIED
root1:batch_08,case_063,2,274815.0,L2_base,795582.0,legacy_seed,True,A0_base,1070397.0,,0.2567411904181346,A,AI_VERIFIED
root1:batch_08,case_063,2,161003.0,B3_base,909394.0,seed,True,B0_base,1070397.0,,0.15041428554078534,B,AI_VERIFIED
root1:batch_08,case_063,2,28277.0,incumbent_disperse_group_tid_1000002259_group_0_core_1_pos_0,874911.0,disperse,True,incumbent_base,903188.0,,0.03130798903439815,C,AI_VERIFIED
root1:batch_08,case_063,3,274815.0,incumbent_base,795582.0,,True,A0_base,1070397.0,,0.2567411904181346,A,AI_VERIFIED
root1:batch_08,case_063,3,453093.0,B3_base,617304.0,seed,True,B0_base,1070397.0,,0.42329434779805997,B,AI_VERIFIED
root1:batch_08,case_063,3,23225.0,event_timing_tid_1000003227_miss_4_bytes_18432_core_2,593484.0,event_timing,True,incumbent_base,616709.0,,0.037659576883100454,C,AI_VERIFIED
root1:batch_08,case_063,4,721495.0,L2_base,348902.0,legacy_seed,True,A0_base,1070397.0,,0.6740443031884432,A,AI_VERIFIED
root1:batch_08,case_063,4,746146.0,q1_warm_aggregate,324251.0,aggregate,True,B0_base,1070397.0,,0.6970740762539507,B,AI_VERIFIED
root1:batch_08,case_063,4,0.0,incumbent_aggregate,324251.0,aggregate,False,incumbent_base,324251.0,,0.0,C,AI_VERIFIED
root1:batch_08,case_063,5,800944.0,L2_base,269453.0,legacy_seed,True,A0_base,1070397.0,,0.7482681659234844,A,AI_VERIFIED
root1:batch_08,case_063,5,818816.0,q1_warm_aggregate,251581.0,aggregate,True,B0_base,1070397.0,,0.7649647747517977,B,AI_VERIFIED
root1:batch_08,case_063,5,0.0,incumbent_aggregate,251581.0,aggregate,False,incumbent_base,251581.0,,0.0,C,AI_VERIFIED
root1:batch_02,case_064,1,82.0,A2_base,19034.0,seed,True,A0_base,19116.0,,0.004289600334798075,A,AI_VERIFIED
root1:batch_02,case_064,1,0.0,B0_base,19116.0,,False,B0_base,19116.0,,0.0,B,AI_VERIFIED
root1:batch_02,case_064,1,0.0,incumbent_base,19116.0,incumbent,False,incumbent_base,19116.0,incumbent,0.0,C,AI_VERIFIED
root1:batch_02,case_064,2,82.0,incumbent_base,19034.0,,True,A0_base,19116.0,,0.004289600334798075,A,AI_VERIFIED
root1:batch_02,case_064,2,0.0,B0_base,19116.0,,False,B0_base,19116.0,,0.0,B,AI_VERIFIED
root1:batch_02,case_064,2,0.0,incumbent_base,19116.0,incumbent,False,incumbent_base,19116.0,incumbent,0.0,C,AI_VERIFIED
root1:batch_02,case_064,3,82.0,incumbent_base,19034.0,,True,A0_base,19116.0,,0.004289600334798075,A,AI_VERIFIED
root1:batch_02,case_064,3,0.0,B0_base,19116.0,,False,B0_base,19116.0,,0.0,B,AI_VERIFIED
root1:batch_02,case_064,3,0.0,incumbent_base,19116.0,incumbent,False,incumbent_base,19116.0,incumbent,0.0,C,AI_VERIFIED
root1:batch_02,case_064,4,82.0,incumbent_base,19034.0,,True,A0_base,19116.0,,0.004289600334798075,A,AI_VERIFIED
root1:batch_02,case_064,4,0.0,B0_base,19116.0,,False,B0_base,19116.0,,0.0,B,AI_VERIFIED
root1:batch_02,case_064,4,0.0,incumbent_base,19116.0,incumbent,False,incumbent_base,19116.0,incumbent,0.0,C,AI_VERIFIED
root1:batch_02,case_064,5,82.0,incumbent_base,19034.0,,True,A0_base,19116.0,,0.004289600334798075,A,AI_VERIFIED
root1:batch_02,case_064,5,0.0,B0_base,19116.0,,False,B0_base,19116.0,,0.0,B,AI_VERIFIED
root1:batch_02,case_064,5,0.0,incumbent_base,19116.0,incumbent,False,incumbent_base,19116.0,incumbent,0.0,C,AI_VERIFIED
root1:batch_09,case_065,1,1109.0,L2_base,51959.0,legacy_seed,True,A0_base,53068.0,,0.02089771613778548,A,AI_VERIFIED
root1:batch_09,case_065,1,13167.0,B2_base,39901.0,seed,True,B0_base,53068.0,,0.24811562523554684,B,AI_VERIFIED
root1:batch_09,case_065,1,77.0,incumbent_aggregate,39824.0,aggregate,True,incumbent_base,39901.0,,0.0019297761960853112,C,AI_VERIFIED
root1:batch_09,case_065,2,26458.0,L1_base,26610.0,legacy_seed,True,A0_base,53068.0,,0.49856787517901563,A,AI_VERIFIED
root1:batch_09,case_065,2,26458.0,L1_base,26610.0,legacy_seed,True,B0_base,53068.0,,0.49856787517901563,B,AI_VERIFIED
root1:batch_09,case_065,2,59.0,incumbent_split_release_g1_p4,26551.0,timing,True,incumbent_base,26610.0,,0.0022172115745960163,C,AI_VERIFIED
root1:batch_09,case_065,3,35096.0,A1_base,17972.0,,True,A0_base,53068.0,,0.6613401673324791,A,AI_VERIFIED
root1:batch_09,case_065,3,35096.0,B1_base,17972.0,,True,B0_base,53068.0,,0.6613401673324791,B,AI_VERIFIED
root1:batch_09,case_065,3,0.0,incumbent_base,17972.0,,False,incumbent_base,17972.0,,0.0,C,AI_VERIFIED
root1:batch_09,case_065,4,39824.0,A1_base,13244.0,,True,A0_base,53068.0,,0.7504334061958242,A,AI_VERIFIED
root1:batch_09,case_065,4,39824.0,B1_base,13244.0,,True,B0_base,53068.0,,0.7504334061958242,B,AI_VERIFIED
root1:batch_09,case_065,4,182.0,incumbent_split_height_g1_p4,13062.0,timing,True,incumbent_base,13244.0,,0.013742071881606765,C,AI_VERIFIED
root1:batch_09,case_065,5,41672.0,L1_base,11396.0,legacy_seed,True,A0_base,53068.0,,0.7852566518429185,A,AI_VERIFIED
root1:batch_09,case_065,5,41672.0,L1_base,11396.0,legacy_seed,True,B0_base,53068.0,,0.7852566518429185,B,AI_VERIFIED
root1:batch_09,case_065,5,0.0,event_timing_tid_9_miss_5_bytes_23040_front,11396.0,event_timing,False,incumbent_base,11396.0,,0.0,C,AI_VERIFIED
root1:batch_06,case_066,1,0.0,A0_base,359070.0,,False,A0_base,359070.0,,0.0,A,AI_VERIFIED
root1:batch_06,case_066,1,1307.0,B2_base,357763.0,seed,True,B0_base,359070.0,,0.003639958782410115,B,AI_VERIFIED
root1:batch_06,case_066,1,1437.0,incumbent_split_topo_g2_p4,356326.0,timing,True,incumbent_base,357763.0,,0.00401662553142723,C,AI_VERIFIED
root1:batch_06,case_066,2,110924.0,A1_base,248146.0,,True,A0_base,359070.0,,0.3089202662433509,A,AI_VERIFIED
root1:batch_06,case_066,2,110924.0,B1_base,248146.0,,True,B0_base,359070.0,,0.3089202662433509,B,AI_VERIFIED
root1:batch_06,case_066,2,661.0,incumbent_split_height_g1_p4,247485.0,timing,True,incumbent_base,248146.0,,0.002663754402650053,C,AI_VERIFIED
root1:batch_06,case_066,3,110924.0,A1_base,248146.0,,True,A0_base,359070.0,,0.3089202662433509,A,AI_VERIFIED
root1:batch_06,case_066,3,110924.0,B1_base,248146.0,,True,B0_base,359070.0,,0.3089202662433509,B,AI_VERIFIED
root1:batch_06,case_066,3,661.0,incumbent_split_height_g1_p4,247485.0,timing,True,incumbent_base,248146.0,,0.002663754402650053,C,AI_VERIFIED
root1:batch_06,case_066,4,110924.0,A1_base,248146.0,,True,A0_base,359070.0,,0.3089202662433509,A,AI_VERIFIED
root1:batch_06,case_066,4,110924.0,B1_base,248146.0,,True,B0_base,359070.0,,0.3089202662433509,B,AI_VERIFIED
root1:batch_06,case_066,4,661.0,incumbent_split_height_g1_p4,247485.0,timing,True,incumbent_base,248146.0,,0.002663754402650053,C,AI_VERIFIED
root1:batch_06,case_066,5,110924.0,A1_base,248146.0,,True,A0_base,359070.0,,0.3089202662433509,A,AI_VERIFIED
root1:batch_06,case_066,5,121811.0,B3_base,237259.0,seed,True,B0_base,359070.0,,0.3392402595594174,B,AI_VERIFIED
root1:batch_06,case_066,5,0.0,incumbent_base,237121.0,,False,incumbent_base,237121.0,,0.0,C,AI_VERIFIED
root1:batch_12,case_067,1,0.0,A0_base,63834834.0,,False,A0_base,63834834.0,,0.0,A,AI_VERIFIED
root1:batch_12,case_067,1,437258.0,B2_base,63397576.0,seed,True,B0_base,63834834.0,,0.0068498337443785,B,AI_VERIFIED
root1:batch_12,case_067,1,0.0,incumbent_base,63397576.0,,False,incumbent_base,63397576.0,,0.0,C,AI_VERIFIED
root1:batch_12,case_067,2,30066130.0,A1_base,33768704.0,,True,A0_base,63834834.0,,0.4709987966758087,A,AI_VERIFIED
root1:batch_12,case_067,2,30066130.0,B1_base,33768704.0,,True,B0_base,63834834.0,,0.4709987966758087,B,AI_VERIFIED
root1:batch_12,case_067,2,1603722.0,incumbent_split_height_g0_p4,32164982.0,timing,True,incumbent_base,33768704.0,,0.04749136952368679,C,AI_VERIFIED
root1:batch_12,case_067,3,40265975.0,A1_base,23568859.0,,True,A0_base,63834834.0,,0.6307837347865587,A,AI_VERIFIED
root1:batch_12,case_067,3,40265975.0,B1_base,23568859.0,,True,B0_base,63834834.0,,0.6307837347865587,B,AI_VERIFIED
root1:batch_12,case_067,3,995678.0,incumbent_split_height_g0_p4,22573181.0,timing,True,incumbent_base,23568859.0,,0.04224549011897436,C,AI_VERIFIED
root1:batch_12,case_067,4,45361679.0,A1_base,18473155.0,,True,A0_base,63834834.0,,0.710610119233646,A,AI_VERIFIED
root1:batch_12,case_067,4,45361679.0,B1_base,18473155.0,,True,B0_base,63834834.0,,0.710610119233646,B,AI_VERIFIED
root1:batch_12,case_067,4,779988.0,incumbent_split_height_g0_p4,17693167.0,timing,True,incumbent_base,18473155.0,,0.042222782193945756,C,AI_VERIFIED
root1:batch_12,case_067,5,47903147.0,A1_base,15931687.0,,True,A0_base,63834834.0,,0.7504233033644295,A,AI_VERIFIED
root1:batch_12,case_067,5,47903147.0,B1_base,15931687.0,,True,B0_base,63834834.0,,0.7504233033644295,B,AI_VERIFIED
root1:batch_12,case_067,5,702425.0,incumbent_split_height_g1_p4,15229262.0,timing,True,incumbent_base,15931687.0,,0.04408980668525562,C,AI_VERIFIED
root1:batch_07,case_068,1,0.0,A0_base,362095.0,,False,A0_base,362095.0,,0.0,A,AI_VERIFIED
root1:batch_07,case_068,1,1797.0,B2_aggregate,360298.0,aggregate,True,B0_base,362095.0,,0.0049627860091964815,B,AI_VERIFIED
root1:batch_07,case_068,1,1132.0,incumbent_split_release_g1_p4,359166.0,timing,True,incumbent_base,360298.0,,0.003141843696051602,C,AI_VERIFIED
root1:batch_07,case_068,2,15849.0,A1_base,346246.0,,True,A0_base,362095.0,,0.04377028127977464,A,AI_VERIFIED
root1:batch_07,case_068,2,58398.0,B3_base,303697.0,seed,True,B0_base,362095.0,,0.1612781176210663,B,AI_VERIFIED
root1:batch_07,case_068,2,919.0,incumbent_split_topo_g14_p4,302692.0,timing,True,incumbent_base,303611.0,,0.0030268995523877592,C,AI_VERIFIED
root1:batch_07,case_068,3,15849.0,A1_base,346246.0,,True,A0_base,362095.0,,0.04377028127977464,A,AI_VERIFIED
root1:batch_07,case_068,3,80177.0,B3_base,281918.0,seed,True,B0_base,362095.0,,0.22142531656057113,B,AI_VERIFIED
root1:batch_07,case_068,3,0.0,incumbent_base,281418.0,,False,incumbent_base,281418.0,,0.0,C,AI_VERIFIED
root1:batch_07,case_068,4,15849.0,A1_base,346246.0,,True,A0_base,362095.0,,0.04377028127977464,A,AI_VERIFIED
root1:batch_07,case_068,4,94590.0,B3_base,267505.0,seed,True,B0_base,362095.0,,0.2612297877628799,B,AI_VERIFIED
root1:batch_07,case_068,4,0.0,incumbent_base,266974.0,,False,incumbent_base,266974.0,,0.0,C,AI_VERIFIED
root1:batch_07,case_068,5,15849.0,A1_base,346246.0,,True,A0_base,362095.0,,0.04377028127977464,A,AI_VERIFIED
root1:batch_07,case_068,5,20616.0,B2_base,341479.0,seed,True,B0_base,362095.0,,0.056935334649746615,B,AI_VERIFIED
root1:batch_07,case_068,5,0.0,incumbent_base,339915.0,,False,incumbent_base,339915.0,,0.0,C,AI_VERIFIED
root1:batch_14,case_069,1,502.0,A2_base,24642.0,seed,True,A0_base,25144.0,,0.019965001590836782,A,AI_VERIFIED
root1:batch_14,case_069,1,2239.0,B2_aggregate,22905.0,aggregate,True,B0_base,25144.0,,0.08904708876869233,B,AI_VERIFIED
root1:batch_14,case_069,1,250.0,incumbent_split_height_g0_p4,22655.0,timing,True,incumbent_base,22905.0,,0.010914647456887142,C,AI_VERIFIED
root1:batch_14,case_069,2,0.0,A0_base,25144.0,,False,A0_base,25144.0,,0.0,A,AI_VERIFIED
root1:batch_14,case_069,2,0.0,B0_base,25144.0,,False,B0_base,25144.0,,0.0,B,AI_VERIFIED
root1:batch_14,case_069,2,1096.0,incumbent_split_release_g0_p4,24048.0,timing,True,incumbent_base,25144.0,,0.04358892777601018,C,AI_VERIFIED
root1:batch_14,case_069,3,0.0,A0_base,25144.0,,False,A0_base,25144.0,,0.0,A,AI_VERIFIED
root1:batch_14,case_069,3,881.0,B2_base,24263.0,seed,True,B0_base,25144.0,,0.03503818008272351,B,AI_VERIFIED
root1:batch_14,case_069,3,1324.0,r3_boundary_n1028_c0_p6,22922.0,ordinary_chain,True,incumbent_base,24246.0,,0.05460694547554236,C,AI_VERIFIED
root1:batch_14,case_069,4,0.0,A0_base,25144.0,,False,A0_base,25144.0,,0.0,A,AI_VERIFIED
root1:batch_14,case_069,4,840.0,B2_base,24304.0,seed,True,B0_base,25144.0,,0.0334075723830735,B,AI_VERIFIED
root1:batch_14,case_069,4,0.0,incumbent_base,24134.0,,False,incumbent_base,24134.0,,0.0,C,AI_VERIFIED
root1:batch_14,case_069,5,3047.0,A2_base,22097.0,seed,True,A0_base,25144.0,,0.12118199172764875,A,AI_VERIFIED
root1:batch_14,case_069,5,11769.0,q1_warm_base,13375.0,,True,B0_base,25144.0,,0.4680639516385619,B,AI_VERIFIED
root1:batch_14,case_069,5,116.0,event_timing_tid_1000000148_miss_2_bytes_2304_core_4,13239.0,event_timing,True,incumbent_base,13355.0,,0.00868588543616623,C,AI_VERIFIED
root1:batch_07,case_070,1,1994.0,A2_base,115306.0,seed,True,A0_base,117300.0,,0.01699914748508099,A,AI_VERIFIED
root1:batch_07,case_070,1,2212.0,q1_warm_base,115088.0,,True,B0_base,117300.0,,0.01885763000852515,B,AI_VERIFIED
root1:batch_07,case_070,1,10754.0,incumbent_split_release_g0_p4,104334.0,timing,True,incumbent_base,115088.0,,0.09344154038648686,C,AI_VERIFIED
root1:batch_07,case_070,2,57179.0,L1_base,60121.0,legacy_seed,True,A0_base,117300.0,,0.487459505541347,A,AI_VERIFIED
root1:batch_07,case_070,2,57179.0,L1_base,60121.0,,True,B0_base,117300.0,,0.487459505541347,B,AI_VERIFIED
root1:batch_07,case_070,2,981.0,incumbent_split_height_g1_p4,59140.0,timing,True,incumbent_base,60121.0,,0.016317093860714227,C,AI_VERIFIED
root1:batch_07,case_070,3,77967.0,L1_base,39333.0,legacy_seed,True,A0_base,117300.0,,0.6646803069053708,A,AI_VERIFIED
root1:batch_07,case_070,3,77967.0,L1_base,39333.0,,True,B0_base,117300.0,,0.6646803069053708,B,AI_VERIFIED
root1:batch_07,case_070,3,0.0,incumbent_base,39333.0,,False,incumbent_base,39333.0,,0.0,C,AI_VERIFIED
root1:batch_07,case_070,4,86075.0,L1_base,31225.0,legacy_seed,True,A0_base,117300.0,,0.7338022165387894,A,AI_VERIFIED
root1:batch_07,case_070,4,86075.0,L1_base,31225.0,,True,B0_base,117300.0,,0.7338022165387894,B,AI_VERIFIED
root1:batch_07,case_070,4,0.0,incumbent_base,31192.0,,False,incumbent_base,31192.0,,0.0,C,AI_VERIFIED
root1:batch_07,case_070,5,91025.0,L1_base,26275.0,legacy_seed,True,A0_base,117300.0,,0.776001705029838,A,AI_VERIFIED
root1:batch_07,case_070,5,91025.0,L1_base,26275.0,,True,B0_base,117300.0,,0.776001705029838,B,AI_VERIFIED
root1:batch_07,case_070,5,186.0,incumbent_disperse_tid_2081_node_2108_core_2_pos_0,26030.0,disperse,True,incumbent_base,26216.0,,0.00709490387549588,C,AI_VERIFIED
root1:batch_06,case_071,1,0.0,A0_base,18919.0,,False,A0_base,18919.0,,0.0,A,AI_VERIFIED
root1:batch_06,case_071,1,1362.0,B2_base,17557.0,seed,True,B0_base,18919.0,,0.07199112003805698,B,AI_VERIFIED
root1:batch_06,case_071,1,156.0,incumbent_split_height_g3_p4,17401.0,timing,True,incumbent_base,17557.0,,0.008885344876687361,C,AI_VERIFIED
root1:batch_06,case_071,2,0.0,A0_base,18919.0,,False,A0_base,18919.0,,0.0,A,AI_VERIFIED
root1:batch_06,case_071,2,1362.0,incumbent_base,17557.0,,True,B0_base,18919.0,,0.07199112003805698,B,AI_VERIFIED
root1:batch_06,case_071,2,156.0,incumbent_split_height_g3_p4,17401.0,timing,True,incumbent_base,17557.0,,0.008885344876687361,C,AI_VERIFIED
root1:batch_06,case_071,3,0.0,A0_base,18919.0,,False,A0_base,18919.0,,0.0,A,AI_VERIFIED
root1:batch_06,case_071,3,1362.0,incumbent_base,17557.0,,True,B0_base,18919.0,,0.07199112003805698,B,AI_VERIFIED
root1:batch_06,case_071,3,156.0,incumbent_split_height_g3_p4,17401.0,timing,True,incumbent_base,17557.0,,0.008885344876687361,C,AI_VERIFIED
root1:batch_06,case_071,4,0.0,A0_base,18919.0,,False,A0_base,18919.0,,0.0,A,AI_VERIFIED
root1:batch_06,case_071,4,1362.0,incumbent_base,17557.0,,True,B0_base,18919.0,,0.07199112003805698,B,AI_VERIFIED
root1:batch_06,case_071,4,156.0,incumbent_split_height_g3_p4,17401.0,timing,True,incumbent_base,17557.0,,0.008885344876687361,C,AI_VERIFIED
root1:batch_06,case_071,5,0.0,A0_base,18919.0,,False,A0_base,18919.0,,0.0,A,AI_VERIFIED
root1:batch_06,case_071,5,1362.0,incumbent_base,17557.0,,True,B0_base,18919.0,,0.07199112003805698,B,AI_VERIFIED
root1:batch_06,case_071,5,156.0,incumbent_split_height_g3_p4,17401.0,timing,True,incumbent_base,17557.0,,0.008885344876687361,C,AI_VERIFIED
root1:batch_04,case_072,1,0.0,A0_base,23897828.0,,False,A0_base,23897828.0,,0.0,A,AI_VERIFIED
root1:batch_04,case_072,1,0.0,B0_base,23897828.0,,False,B0_base,23897828.0,,0.0,B,AI_VERIFIED
root1:batch_04,case_072,1,0.0,incumbent_base,23890756.0,incumbent,False,incumbent_base,23890756.0,incumbent,0.0,C,AI_VERIFIED
root1:batch_04,case_072,2,12064717.0,A1_base,11833111.0,,True,A0_base,23897828.0,,0.5048457541831836,A,AI_VERIFIED
root1:batch_04,case_072,2,12064717.0,B1_base,11833111.0,,True,B0_base,23897828.0,,0.5048457541831836,B,AI_VERIFIED
root1:batch_04,case_072,2,0.0,incumbent_base,11819724.0,,False,incumbent_base,11819724.0,,0.0,C,AI_VERIFIED
root1:batch_04,case_072,3,15962538.0,L1_base,7935290.0,legacy_seed,True,A0_base,23897828.0,,0.6679493215868822,A,AI_VERIFIED
root1:batch_04,case_072,3,15962538.0,L1_base,7935290.0,legacy_seed,True,B0_base,23897828.0,,0.6679493215868822,B,AI_VERIFIED
root1:batch_04,case_072,3,1174.0,incumbent_disperse_tid_1000001161_node_1656_core_1_pos_0,7921555.0,disperse,True,incumbent_base,7922729.0,,0.00014818126430930553,C,AI_VERIFIED
root1:batch_04,case_072,4,17904568.0,A1_base,5993260.0,,True,A0_base,23897828.0,,0.7492131920942774,A,AI_VERIFIED
root1:batch_04,case_072,4,17904568.0,B1_base,5993260.0,,True,B0_base,23897828.0,,0.7492131920942774,B,AI_VERIFIED
root1:batch_04,case_072,4,0.0,incumbent_base,5988828.0,,False,incumbent_base,5988828.0,,0.0,C,AI_VERIFIED
root1:batch_04,case_072,5,19066547.0,L1_base,4831281.0,legacy_seed,True,A0_base,23897828.0,,0.7978359790688928,A,AI_VERIFIED
root1:batch_04,case_072,5,19066547.0,L1_base,4831281.0,,True,B0_base,23897828.0,,0.7978359790688928,B,AI_VERIFIED
root1:batch_04,case_072,5,0.0,incumbent_base,4809827.0,,False,incumbent_base,4809827.0,,0.0,C,AI_VERIFIED
root1:batch_05,case_073,1,204741.0,A3_base,9876885.0,seed,True,A0_base,10081626.0,,0.020308331215619386,A,AI_VERIFIED
root1:batch_05,case_073,1,211414.0,B2_base,9870212.0,seed,True,B0_base,10081626.0,,0.020970228413551544,B,AI_VERIFIED
root1:batch_05,case_073,1,0.0,incumbent_base,9870212.0,,False,incumbent_base,9870212.0,,0.0,C,AI_VERIFIED
root1:batch_05,case_073,2,4101203.0,A1_base,5980423.0,,True,A0_base,10081626.0,,0.40679975630915094,A,AI_VERIFIED
root1:batch_05,case_073,2,4101203.0,B1_base,5980423.0,,True,B0_base,10081626.0,,0.40679975630915094,B,AI_VERIFIED
root1:batch_05,case_073,2,803878.0,incumbent_split_height_g0_p4,5176545.0,timing,True,incumbent_base,5980423.0,,0.1344182510166923,C,AI_VERIFIED
root1:batch_05,case_073,3,5666716.0,A2_base,4414910.0,seed,True,A0_base,10081626.0,,0.5620835369215244,A,AI_VERIFIED
root1:batch_05,case_073,3,5566399.0,B1_base,4515227.0,,True,B0_base,10081626.0,,0.5521330586950954,B,AI_VERIFIED
root1:batch_05,case_073,3,546202.0,incumbent_split_height_g0_p4,3969025.0,timing,True,incumbent_base,4515227.0,,0.1209688903791548,C,AI_VERIFIED
root1:batch_05,case_073,4,6177839.0,A1_base,3903787.0,,True,A0_base,10081626.0,,0.6127820056010806,A,AI_VERIFIED
root1:batch_05,case_073,4,6177839.0,B1_base,3903787.0,,True,B0_base,10081626.0,,0.6127820056010806,B,AI_VERIFIED
root1:batch_05,case_073,4,469044.0,incumbent_split_height_g0_p4,3434743.0,timing,True,incumbent_base,3903787.0,,0.12015102258396783,C,AI_VERIFIED
root1:batch_05,case_073,5,6564111.0,A1_base,3517515.0,,True,A0_base,10081626.0,,0.6510964600353157,A,AI_VERIFIED
root1:batch_05,case_073,5,6564111.0,B1_base,3517515.0,,True,B0_base,10081626.0,,0.6510964600353157,B,AI_VERIFIED
root1:batch_05,case_073,5,82772.0,lower_core_base,3434743.0,lower_core,True,incumbent_base,3517515.0,,0.02353138508293497,C,AI_VERIFIED
root1:batch_16,case_074,1,0.0,A0_base,1682239.0,,False,A0_base,1682239.0,,0.0,A,AI_VERIFIED
root1:batch_16,case_074,1,0.0,B0_base,1682239.0,,False,B0_base,1682239.0,,0.0,B,AI_VERIFIED
root1:batch_16,case_074,1,0.0,incumbent_base,1678120.0,incumbent,False,incumbent_base,1678120.0,incumbent,0.0,C,AI_VERIFIED
root1:batch_16,case_074,2,860482.0,A1_base,821757.0,,True,A0_base,1682239.0,,0.5115099578597334,A,AI_VERIFIED
root1:batch_16,case_074,2,860482.0,B1_base,821757.0,,True,B0_base,1682239.0,,0.5115099578597334,B,AI_VERIFIED
root1:batch_16,case_074,2,2116.0,r2_boundary_n4295_c1_p0,818681.0,ordinary_chain,True,incumbent_base,820797.0,,0.00257798213200097,C,AI_VERIFIED
root1:batch_16,case_074,3,1122655.0,A1_base,559584.0,,True,A0_base,1682239.0,,0.6673576108983326,A,AI_VERIFIED
root1:batch_16,case_074,3,1122655.0,B1_base,559584.0,,True,B0_base,1682239.0,,0.6673576108983326,B,AI_VERIFIED
root1:batch_16,case_074,3,1443.0,incumbent_disperse_tid_2926_node_4699_core_2_pos_0,554482.0,disperse,True,incumbent_base,555925.0,,0.0025956738768718804,C,AI_VERIFIED
root1:batch_16,case_074,4,1263252.0,L1_base,418987.0,legacy_seed,True,A0_base,1682239.0,,0.7509349147178255,A,AI_VERIFIED
root1:batch_16,case_074,4,1263252.0,L1_base,418987.0,,True,B0_base,1682239.0,,0.7509349147178255,B,AI_VERIFIED
root1:batch_16,case_074,4,0.0,incumbent_base,415633.0,,False,incumbent_base,415633.0,,0.0,C,AI_VERIFIED
root1:batch_16,case_074,5,1344964.0,L1_base,337275.0,legacy_seed,True,A0_base,1682239.0,,0.7995082743890731,A,AI_VERIFIED
root1:batch_16,case_074,5,1344964.0,L1_base,337275.0,,True,B0_base,1682239.0,,0.7995082743890731,B,AI_VERIFIED
root1:batch_16,case_074,5,0.0,incumbent_base,335626.0,,False,incumbent_base,335626.0,,0.0,C,AI_VERIFIED
root1:batch_09,case_075,1,0.0,A0_base,1441809.0,,False,A0_base,1441809.0,,0.0,A,AI_VERIFIED
root1:batch_09,case_075,1,8247.0,L3_base,1433562.0,legacy_seed,True,B0_base,1441809.0,,0.005719897711832843,B,AI_VERIFIED
root1:batch_09,case_075,1,5817.0,incumbent_split_height_g3_p4,1427745.0,timing,True,incumbent_base,1433562.0,,0.00405772474437799,C,AI_VERIFIED
root1:batch_09,case_075,2,0.0,A0_base,1441809.0,,False,A0_base,1441809.0,,0.0,A,AI_VERIFIED
root1:batch_09,case_075,2,44399.0,B3_base,1397410.0,seed,True,B0_base,1441809.0,,0.03079395398419624,B,AI_VERIFIED
root1:batch_09,case_075,2,8322.0,incumbent_split_height_g0_p4,1389088.0,timing,True,incumbent_base,1397410.0,,0.0059553030248817454,C,AI_VERIFIED
root1:batch_09,case_075,3,0.0,A0_base,1441809.0,,False,A0_base,1441809.0,,0.0,A,AI_VERIFIED
root1:batch_09,case_075,3,78357.0,B3_base,1363452.0,seed,True,B0_base,1441809.0,,0.054346310780415436,B,AI_VERIFIED
root1:batch_09,case_075,3,0.0,incumbent_base,1363444.0,,False,incumbent_base,1363444.0,,0.0,C,AI_VERIFIED
root1:batch_09,case_075,4,0.0,A0_base,1441809.0,,False,A0_base,1441809.0,,0.0,A,AI_VERIFIED
root1:batch_09,case_075,4,120812.0,B3_base,1320997.0,seed,True,B0_base,1441809.0,,0.0837919585742633,B,AI_VERIFIED
root1:batch_09,case_075,4,0.0,incumbent_base,1320971.0,,False,incumbent_base,1320971.0,,0.0,C,AI_VERIFIED
root1:batch_09,case_075,5,0.0,A0_base,1441809.0,,False,A0_base,1441809.0,,0.0,A,AI_VERIFIED
root1:batch_09,case_075,5,222776.0,B3_base,1219033.0,seed,True,B0_base,1441809.0,,0.1545114505458074,B,AI_VERIFIED
root1:batch_09,case_075,5,0.0,incumbent_base,1219026.0,,False,incumbent_base,1219026.0,,0.0,C,AI_VERIFIED
root1:batch_02,case_076,1,4582.0,A2_base,6180531.0,seed,True,A0_base,6185113.0,,0.0007408110409623883,A,AI_VERIFIED
root1:batch_02,case_076,1,0.0,B0_base,6185113.0,,False,B0_base,6185113.0,,0.0,B,AI_VERIFIED
root1:batch_02,case_076,1,337.0,incumbent_split_topo_g0_p2,6182761.0,timing,True,incumbent_base,6183098.0,,5.450342207094243e-05,C,AI_VERIFIED
root1:batch_02,case_076,2,3119899.0,L1_base,3065214.0,legacy_seed,True,A0_base,6185113.0,,0.5044206953050009,A,AI_VERIFIED
root1:batch_02,case_076,2,3119899.0,L1_base,3065214.0,legacy_seed,True,B0_base,6185113.0,,0.5044206953050009,B,AI_VERIFIED
root1:batch_02,case_076,2,339.0,incumbent_disperse_tid_1000000279_node_1176_core_1_pos_0,3063504.0,disperse,True,incumbent_base,3063843.0,,0.00011064535617523482,C,AI_VERIFIED
root1:batch_02,case_076,3,4135085.0,L1_base,2050028.0,legacy_seed,True,A0_base,6185113.0,,0.6685544791178432,A,AI_VERIFIED
root1:batch_02,case_076,3,4135085.0,L1_base,2050028.0,legacy_seed,True,B0_base,6185113.0,,0.6685544791178432,B,AI_VERIFIED
root1:batch_02,case_076,3,0.0,incumbent_base,2047868.0,,False,incumbent_base,2047868.0,,0.0,C,AI_VERIFIED
root1:batch_02,case_076,4,4644912.0,L1_base,1540201.0,,True,A0_base,6185113.0,,0.7509825608683302,A,AI_VERIFIED
root1:batch_02,case_076,4,4644912.0,L1_base,1540201.0,,True,B0_base,6185113.0,,0.7509825608683302,B,AI_VERIFIED
root1:batch_02,case_076,4,10.0,incumbent_disperse_tid_1000000307_node_1200_core_1_pos_0,1536296.0,disperse,True,incumbent_base,1536306.0,,6.509119927931024e-06,C,AI_VERIFIED
root1:batch_02,case_076,5,4945739.0,A1_base,1239374.0,,True,A0_base,6185113.0,,0.7996198290960893,A,AI_VERIFIED
root1:batch_02,case_076,5,4945739.0,B1_base,1239374.0,,True,B0_base,6185113.0,,0.7996198290960893,B,AI_VERIFIED
root1:batch_02,case_076,5,0.0,incumbent_base,1232497.0,,False,incumbent_base,1232497.0,,0.0,C,AI_VERIFIED
root1:batch_14,case_077,1,0.0,A0_base,495320.0,,False,A0_base,495320.0,,0.0,A,AI_VERIFIED
root1:batch_14,case_077,1,0.0,B0_base,495320.0,,False,B0_base,495320.0,,0.0,B,AI_VERIFIED
root1:batch_14,case_077,1,1276.0,incumbent_split_topo_g0_p4,494044.0,timing,True,incumbent_base,495320.0,,0.002576112412177986,C,AI_VERIFIED
root1:batch_14,case_077,2,246586.0,L1_base,248734.0,legacy_seed,True,A0_base,495320.0,,0.49783170475652105,A,AI_VERIFIED
root1:batch_14,case_077,2,246586.0,L1_base,248734.0,,True,B0_base,495320.0,,0.49783170475652105,B,AI_VERIFIED
root1:batch_14,case_077,2,0.0,incumbent_base,248734.0,,False,incumbent_base,248734.0,,0.0,C,AI_VERIFIED
root1:batch_14,case_077,3,326344.0,L1_base,168976.0,legacy_seed,True,A0_base,495320.0,,0.6588548816926432,A,AI_VERIFIED
root1:batch_14,case_077,3,326344.0,L1_base,168976.0,,True,B0_base,495320.0,,0.6588548816926432,B,AI_VERIFIED
root1:batch_14,case_077,3,850.0,incumbent_split_topo_g2_p4,168126.0,timing,True,incumbent_base,168976.0,,0.005030300160969605,C,AI_VERIFIED
root1:batch_14,case_077,4,367488.0,L1_base,127832.0,legacy_seed,True,A0_base,495320.0,,0.7419203747072599,A,AI_VERIFIED
root1:batch_14,case_077,4,367488.0,L1_base,127832.0,,True,B0_base,495320.0,,0.7419203747072599,B,AI_VERIFIED
root1:batch_14,case_077,4,939.0,incumbent_disperse_tid_1000004420_node_4253_core_1_pos_0,126652.0,disperse,True,incumbent_base,127591.0,,0.007359453252972388,C,AI_VERIFIED
root1:batch_14,case_077,5,379703.0,L1_base,115617.0,legacy_seed,True,A0_base,495320.0,,0.7665812000323023,A,AI_VERIFIED
root1:batch_14,case_077,5,379703.0,L1_base,115617.0,,True,B0_base,495320.0,,0.7665812000323023,B,AI_VERIFIED
root1:batch_14,case_077,5,0.0,incumbent_base,115617.0,,False,incumbent_base,115617.0,,0.0,C,AI_VERIFIED
root1:batch_06,case_078,1,46163.0,L3_base,2249980.0,legacy_seed,True,A0_base,2296143.0,,0.02010458407860486,A,AI_VERIFIED
root1:batch_06,case_078,1,63287.0,B2_base,2232856.0,seed,True,B0_base,2296143.0,,0.027562307748254355,B,AI_VERIFIED
root1:batch_06,case_078,1,45738.0,incumbent_split_height_g1_p4,2142955.0,timing,True,incumbent_base,2188693.0,,0.020897403153388804,C,AI_VERIFIED
root1:batch_06,case_078,2,1118303.0,A2_base,1177840.0,seed,True,A0_base,2296143.0,,0.48703543289768975,A,AI_VERIFIED
root1:batch_06,case_078,2,1035785.0,B1_base,1260358.0,,True,B0_base,2296143.0,,0.45109777570473614,B,AI_VERIFIED
root1:batch_06,case_078,2,110374.0,incumbent_split_height_g0_p4,1149984.0,timing,True,incumbent_base,1260358.0,,0.08757353069524691,C,AI_VERIFIED
root1:batch_06,case_078,3,1302184.0,A1_base,993959.0,,True,A0_base,2296143.0,,0.5671179887315381,A,AI_VERIFIED
root1:batch_06,case_078,3,1302184.0,B1_base,993959.0,,True,B0_base,2296143.0,,0.5671179887315381,B,AI_VERIFIED
root1:batch_06,case_078,3,56201.0,incumbent_split_height_g0_p4,882747.0,timing,True,incumbent_base,938948.0,,0.05985528485070526,C,AI_VERIFIED
root1:batch_06,case_078,4,1676603.0,A2_base,619540.0,seed,True,A0_base,2296143.0,,0.7301823100738934,A,AI_VERIFIED
root1:batch_06,case_078,4,1605219.0,B1_base,690924.0,,True,B0_base,2296143.0,,0.6990936540102249,B,AI_VERIFIED
root1:batch_06,case_078,4,48904.0,incumbent_split_height_g0_p4,642020.0,timing,True,incumbent_base,690924.0,,0.07078057789279284,C,AI_VERIFIED
root1:batch_06,case_078,5,1676603.0,incumbent_base,619540.0,,True,A0_base,2296143.0,,0.7301823100738934,A,AI_VERIFIED
root1:batch_06,case_078,5,1632202.0,B1_base,663941.0,,True,B0_base,2296143.0,,0.7108450998043241,B,AI_VERIFIED
root1:batch_06,case_078,5,0.0,incumbent_base,578013.0,,False,incumbent_base,578013.0,,0.0,C,AI_VERIFIED
root1:batch_09,case_079,1,99595.0,A2_base,30952656.0,seed,True,A0_base,31052251.0,,0.003207335919061069,A,AI_VERIFIED
root1:batch_09,case_079,1,0.0,B0_base,31052251.0,,False,B0_base,31052251.0,,0.0,B,AI_VERIFIED
root1:batch_09,case_079,1,0.0,incumbent_base,31052251.0,incumbent,False,incumbent_base,31052251.0,incumbent,0.0,C,AI_VERIFIED
root1:batch_09,case_079,2,15605765.0,A1_base,15446486.0,,True,A0_base,31052251.0,,0.502564693297114,A,AI_VERIFIED
root1:batch_09,case_079,2,15605765.0,B1_base,15446486.0,,True,B0_base,31052251.0,,0.502564693297114,B,AI_VERIFIED
root1:batch_09,case_079,2,0.0,incumbent_base,15446486.0,,False,incumbent_base,15446486.0,,0.0,C,AI_VERIFIED
root1:batch_09,case_079,3,20870559.0,A1_base,10181692.0,,True,A0_base,31052251.0,,0.67211098480429,A,AI_VERIFIED
root1:batch_09,case_079,3,20870559.0,B1_base,10181692.0,,True,B0_base,31052251.0,,0.67211098480429,B,AI_VERIFIED
root1:batch_09,case_079,3,0.0,incumbent_base,10175315.0,,False,incumbent_base,10175315.0,,0.0,C,AI_VERIFIED
root1:batch_09,case_079,4,23416627.0,A1_base,7635624.0,,True,A0_base,31052251.0,,0.7541040100442316,A,AI_VERIFIED
root1:batch_09,case_079,4,23416627.0,B1_base,7635624.0,,True,B0_base,31052251.0,,0.7541040100442316,B,AI_VERIFIED
root1:batch_09,case_079,4,0.0,incumbent_base,7635624.0,,False,incumbent_base,7635624.0,,0.0,C,AI_VERIFIED
root1:batch_09,case_079,5,24976275.0,A1_base,6075976.0,,True,A0_base,31052251.0,,0.8043305781600181,A,AI_VERIFIED
root1:batch_09,case_079,5,24976275.0,B1_base,6075976.0,,True,B0_base,31052251.0,,0.8043305781600181,B,AI_VERIFIED
root1:batch_09,case_079,5,0.0,incumbent_base,6075472.0,,False,incumbent_base,6075472.0,,0.0,C,AI_VERIFIED
root1:batch_04,case_080,1,52.0,A2_base,292086.0,seed,True,A0_base,292138.0,,0.0001779980694055549,A,AI_VERIFIED
root1:batch_04,case_080,1,0.0,B0_base,292138.0,,False,B0_base,292138.0,,0.0,B,AI_VERIFIED
root1:batch_04,case_080,1,0.0,incumbent_base,291826.0,incumbent,False,incumbent_base,291826.0,incumbent,0.0,C,AI_VERIFIED
root1:batch_04,case_080,2,146212.0,A1_base,145926.0,,True,A0_base,292138.0,,0.5004894946908652,A,AI_VERIFIED
root1:batch_04,case_080,2,146212.0,B1_base,145926.0,,True,B0_base,292138.0,,0.5004894946908652,B,AI_VERIFIED
root1:batch_04,case_080,2,0.0,incumbent_base,145674.0,,False,incumbent_base,145674.0,,0.0,C,AI_VERIFIED
root1:batch_04,case_080,3,191813.0,A1_base,100325.0,,True,A0_base,292138.0,,0.6565835324401481,A,AI_VERIFIED
root1:batch_04,case_080,3,191813.0,B1_base,100325.0,,True,B0_base,292138.0,,0.6565835324401481,B,AI_VERIFIED
root1:batch_04,case_080,3,0.0,incumbent_base,100325.0,,False,incumbent_base,100325.0,,0.0,C,AI_VERIFIED
root1:batch_04,case_080,4,180824.0,A1_base,111314.0,,True,A0_base,292138.0,,0.6189677481190397,A,AI_VERIFIED
root1:batch_04,case_080,4,180824.0,B1_base,111314.0,,True,B0_base,292138.0,,0.6189677481190397,B,AI_VERIFIED
root1:batch_04,case_080,4,25.0,incumbent_disperse_tid_1000000543_node_1340_core_3_pos_0,90559.0,disperse,True,incumbent_base,90584.0,,0.0002759869292590303,C,AI_VERIFIED
root1:batch_04,case_080,5,178683.0,A1_base,113455.0,,True,A0_base,292138.0,,0.6116390199152455,A,AI_VERIFIED
root1:batch_04,case_080,5,178683.0,B1_base,113455.0,,True,B0_base,292138.0,,0.6116390199152455,B,AI_VERIFIED
root1:batch_04,case_080,5,2268.0,r6_boundary_n288_c3_p0,88140.0,ordinary_chain,True,incumbent_base,90408.0,,0.025086275550836208,C,AI_VERIFIED
root1:batch_02,case_081,1,0.0,A0_base,151795.0,,False,A0_base,151795.0,,0.0,A,AI_VERIFIED
root1:batch_02,case_081,1,0.0,B0_base,151795.0,,False,B0_base,151795.0,,0.0,B,AI_VERIFIED
root1:batch_02,case_081,1,0.0,incumbent_base,151795.0,incumbent,False,incumbent_base,151795.0,incumbent,0.0,C,AI_VERIFIED
root1:batch_02,case_081,2,74935.0,A1_base,76860.0,,True,A0_base,151795.0,,0.49365921143647684,A,AI_VERIFIED
root1:batch_02,case_081,2,74935.0,B1_base,76860.0,,True,B0_base,151795.0,,0.49365921143647684,B,AI_VERIFIED
root1:batch_02,case_081,2,0.0,incumbent_base,76860.0,,False,incumbent_base,76860.0,,0.0,C,AI_VERIFIED
root1:batch_02,case_081,3,99852.0,A1_base,51943.0,,True,A0_base,151795.0,,0.65780822820251,A,AI_VERIFIED
root1:batch_02,case_081,3,99852.0,B1_base,51943.0,,True,B0_base,151795.0,,0.65780822820251,B,AI_VERIFIED
root1:batch_02,case_081,3,0.0,incumbent_base,51943.0,,False,incumbent_base,51943.0,,0.0,C,AI_VERIFIED
root1:batch_02,case_081,4,112207.0,A1_base,39588.0,,True,A0_base,151795.0,,0.7392008959451892,A,AI_VERIFIED
root1:batch_02,case_081,4,112207.0,B1_base,39588.0,,True,B0_base,151795.0,,0.7392008959451892,B,AI_VERIFIED
root1:batch_02,case_081,4,0.0,incumbent_base,39588.0,,False,incumbent_base,39588.0,,0.0,C,AI_VERIFIED
root1:batch_02,case_081,5,120852.0,A1_base,30943.0,,True,A0_base,151795.0,,0.7961527059521064,A,AI_VERIFIED
root1:batch_02,case_081,5,120852.0,B1_base,30943.0,,True,B0_base,151795.0,,0.7961527059521064,B,AI_VERIFIED
root1:batch_02,case_081,5,0.0,incumbent_base,30943.0,,False,incumbent_base,30943.0,,0.0,C,AI_VERIFIED
root1:batch_08,case_082,1,4108.0,A2_base,716933.0,seed,True,A0_base,721041.0,,0.005697318183015945,A,AI_VERIFIED
root1:batch_08,case_082,1,5453.0,q1_warm_base,715588.0,,True,B0_base,721041.0,,0.007562676740989763,B,AI_VERIFIED
root1:batch_08,case_082,1,6054.0,incumbent_split_topo_g0_p4,709534.0,timing,True,incumbent_base,715588.0,,0.008460175408195778,C,AI_VERIFIED
root1:batch_08,case_082,2,7514.0,A2_base,713527.0,seed,True,A0_base,721041.0,,0.010421044018301318,A,AI_VERIFIED
root1:batch_08,case_082,2,12330.0,q1_warm_base,708711.0,,True,B0_base,721041.0,,0.017100275851165192,B,AI_VERIFIED
root1:batch_08,case_082,2,0.0,incumbent_base,708711.0,,False,incumbent_base,708711.0,,0.0,C,AI_VERIFIED
root1:batch_08,case_082,3,11274.0,A3_base,709767.0,seed,True,A0_base,721041.0,,0.015635726678510653,A,AI_VERIFIED
root1:batch_08,case_082,3,101967.0,B2_base,619074.0,,True,B0_base,721041.0,,0.14141636883339506,B,AI_VERIFIED
root1:batch_08,case_082,3,12154.0,event_timing_tid_1000003013_miss_2_bytes_4096_core_1,606773.0,event_timing,True,incumbent_base,618927.0,,0.01963721085039108,C,AI_VERIFIED
root1:batch_08,case_082,4,8975.0,A2_base,712066.0,seed,True,A0_base,721041.0,,0.012447281083877338,A,AI_VERIFIED
root1:batch_08,case_082,4,139226.0,B3_base,581815.0,seed,True,B0_base,721041.0,,0.1930902680984854,B,AI_VERIFIED
root1:batch_08,case_082,4,0.0,incumbent_base,581598.0,,False,incumbent_base,581598.0,,0.0,C,AI_VERIFIED
root1:batch_08,case_082,5,0.0,A0_base,721041.0,,False,A0_base,721041.0,,0.0,A,AI_VERIFIED
root1:batch_08,case_082,5,124528.0,B2_base,596513.0,seed,True,B0_base,721041.0,,0.1727058516783373,B,AI_VERIFIED
root1:batch_08,case_082,5,3384.0,incumbent_disperse_tid_1000001471_node_2686_core_0_pos_2,592853.0,disperse,True,incumbent_base,596237.0,,0.005675595442751791,C,AI_VERIFIED
root1:batch_10,case_083,1,0.0,A0_base,1057993.0,,False,A0_base,1057993.0,,0.0,A,AI_VERIFIED
root1:batch_10,case_083,1,181324.0,B2_aggregate,876669.0,aggregate,True,B0_base,1057993.0,,0.17138487683755943,B,AI_VERIFIED
root1:batch_10,case_083,1,934.0,incumbent_split_height_g1_p4,875735.0,timing,True,incumbent_base,876669.0,,0.0010653964038878983,C,AI_VERIFIED
root1:batch_10,case_083,2,413321.0,A1_base,644672.0,,True,A0_base,1057993.0,,0.3906651556295741,A,AI_VERIFIED
root1:batch_10,case_083,2,413321.0,B1_base,644672.0,,True,B0_base,1057993.0,,0.3906651556295741,B,AI_VERIFIED
root1:batch_10,case_083,2,69371.0,incumbent_split_height_g0_p4,465958.0,timing,True,incumbent_base,535329.0,,0.12958573139135,C,AI_VERIFIED
root1:batch_10,case_083,3,545370.0,A1_base,512623.0,,True,A0_base,1057993.0,,0.5154760003138017,A,AI_VERIFIED
root1:batch_10,case_083,3,545370.0,B1_base,512623.0,,True,B0_base,1057993.0,,0.5154760003138017,B,AI_VERIFIED
root1:batch_10,case_083,3,0.0,incumbent_base,402691.0,,False,incumbent_base,402691.0,,0.0,C,AI_VERIFIED
root1:batch_10,case_083,4,607964.0,A1_base,450029.0,,True,A0_base,1057993.0,,0.5746389626396394,A,AI_VERIFIED
root1:batch_10,case_083,4,607964.0,B1_base,450029.0,,True,B0_base,1057993.0,,0.5746389626396394,B,AI_VERIFIED
root1:batch_10,case_083,4,0.0,incumbent_base,333151.0,,False,incumbent_base,333151.0,,0.0,C,AI_VERIFIED
root1:batch_10,case_083,5,615513.0,A1_base,442480.0,,True,A0_base,1057993.0,,0.5817741705285384,A,AI_VERIFIED
root1:batch_10,case_083,5,615513.0,B1_base,442480.0,,True,B0_base,1057993.0,,0.5817741705285384,B,AI_VERIFIED
root1:batch_10,case_083,5,0.0,incumbent_base,310731.0,,False,incumbent_base,310731.0,,0.0,C,AI_VERIFIED
root1:batch_11,case_084,1,527443.0,A3_base,1979969.0,seed,True,A0_base,2507412.0,,0.21035354381330232,A,AI_VERIFIED
root1:batch_11,case_084,1,1136256.0,L2_base,1371156.0,legacy_seed,True,B0_base,2507412.0,,0.45315887456867876,B,AI_VERIFIED
root1:batch_11,case_084,1,0.0,incumbent_base,1371156.0,,False,incumbent_base,1371156.0,,0.0,C,AI_VERIFIED
root1:batch_11,case_084,2,1252360.0,A1_base,1255052.0,,True,A0_base,2507412.0,,0.4994631915297526,A,AI_VERIFIED
root1:batch_11,case_084,2,1252360.0,B1_base,1255052.0,,True,B0_base,2507412.0,,0.4994631915297526,B,AI_VERIFIED
root1:batch_11,case_084,2,0.0,incumbent_base,1255052.0,,False,incumbent_base,1255052.0,,0.0,C,AI_VERIFIED
root1:batch_11,case_084,3,1671192.0,A1_base,836220.0,,True,A0_base,2507412.0,,0.6665007585510478,A,AI_VERIFIED
root1:batch_11,case_084,3,1671192.0,B1_base,836220.0,,True,B0_base,2507412.0,,0.6665007585510478,B,AI_VERIFIED
root1:batch_11,case_084,3,0.0,incumbent_base,836220.0,,False,incumbent_base,836220.0,,0.0,C,AI_VERIFIED
root1:batch_11,case_084,4,1878384.0,A1_base,629028.0,,True,A0_base,2507412.0,,0.7491325717512718,A,AI_VERIFIED
root1:batch_11,case_084,4,1878384.0,B1_base,629028.0,,True,B0_base,2507412.0,,0.7491325717512718,B,AI_VERIFIED
root1:batch_11,case_084,4,0.0,incumbent_base,629028.0,,False,incumbent_base,629028.0,,0.0,C,AI_VERIFIED
root1:batch_11,case_084,5,2003940.0,A1_base,503472.0,,True,A0_base,2507412.0,,0.7992065125316462,A,AI_VERIFIED
root1:batch_11,case_084,5,2003940.0,B1_base,503472.0,,True,B0_base,2507412.0,,0.7992065125316462,B,AI_VERIFIED
root1:batch_11,case_084,5,0.0,incumbent_base,503472.0,,False,incumbent_base,503472.0,,0.0,C,AI_VERIFIED
root1:batch_06,case_085,1,0.0,A0_base,3187899.0,,False,A0_base,3187899.0,,0.0,A,AI_VERIFIED
root1:batch_06,case_085,1,9936.0,L2_base,3177963.0,legacy_seed,True,B0_base,3187899.0,,0.003116786322276835,B,AI_VERIFIED
root1:batch_06,case_085,1,4502.0,incumbent_split_topo_g0_p4,3173461.0,timing,True,incumbent_base,3177963.0,,0.001416630715964912,C,AI_VERIFIED
root1:batch_06,case_085,2,0.0,A0_base,3187899.0,,False,A0_base,3187899.0,,0.0,A,AI_VERIFIED
root1:batch_06,case_085,2,19495.0,B3_base,3168404.0,seed,True,B0_base,3187899.0,,0.006115312938082418,B,AI_VERIFIED
root1:batch_06,case_085,2,11174.0,incumbent_split_topo_g13_p4,3157230.0,timing,True,incumbent_base,3168404.0,,0.0035266967217564425,C,AI_VERIFIED
root1:batch_06,case_085,3,0.0,A0_base,3187899.0,,False,A0_base,3187899.0,,0.0,A,AI_VERIFIED
root1:batch_06,case_085,3,57394.0,L2_base,3130505.0,legacy_seed,True,B0_base,3187899.0,,0.018003707143795962,B,AI_VERIFIED
root1:batch_06,case_085,3,18410.0,r1_boundary_n6703_c2_p0,3112095.0,ordinary_chain,True,incumbent_base,3130505.0,,0.005880840311706897,C,AI_VERIFIED
root1:batch_06,case_085,4,0.0,A0_base,3187899.0,,False,A0_base,3187899.0,,0.0,A,AI_VERIFIED
root1:batch_06,case_085,4,200564.0,B3_base,2987335.0,seed,True,B0_base,3187899.0,,0.06291416384270644,B,AI_VERIFIED
root1:batch_06,case_085,4,0.0,incumbent_base,2986917.0,,False,incumbent_base,2986917.0,,0.0,C,AI_VERIFIED
root1:batch_06,case_085,5,0.0,A0_base,3187899.0,,False,A0_base,3187899.0,,0.0,A,AI_VERIFIED
root1:batch_06,case_085,5,396807.0,B3_base,2791092.0,seed,True,B0_base,3187899.0,,0.12447288951124236,B,AI_VERIFIED
root1:batch_06,case_085,5,0.0,incumbent_base,3157239.0,,False,incumbent_base,3157239.0,,0.0,C,AI_VERIFIED
root1:batch_08,case_086,1,107.0,A2_base,118296.0,seed,True,A0_base,118403.0,,0.0009036933185814548,A,AI_VERIFIED
root1:batch_08,case_086,1,2671.0,B2_aggregate,115732.0,aggregate,True,B0_base,118403.0,,0.022558550036738935,B,AI_VERIFIED
root1:batch_08,case_086,1,1256.0,incumbent_split_release_g0_p4,114476.0,timing,True,incumbent_base,115732.0,,0.010852659592852452,C,AI_VERIFIED
root1:batch_08,case_086,2,0.0,A0_base,118403.0,,False,A0_base,118403.0,,0.0,A,AI_VERIFIED
root1:batch_08,case_086,2,0.0,B0_base,118403.0,,False,B0_base,118403.0,,0.0,B,AI_VERIFIED
root1:batch_08,case_086,2,2907.0,incumbent_split_topo_g0_p4,115496.0,timing,True,incumbent_base,118403.0,,0.02455174277678775,C,AI_VERIFIED
root1:batch_08,case_086,3,0.0,A0_base,118403.0,,False,A0_base,118403.0,,0.0,A,AI_VERIFIED
root1:batch_08,case_086,3,0.0,B0_base,118403.0,,False,B0_base,118403.0,,0.0,B,AI_VERIFIED
root1:batch_08,case_086,3,2907.0,incumbent_split_topo_g0_p4,115496.0,timing,True,incumbent_base,118403.0,,0.02455174277678775,C,AI_VERIFIED
root1:batch_08,case_086,4,8539.0,A2_base,109864.0,seed,True,A0_base,118403.0,,0.07211810511557984,A,AI_VERIFIED
root1:batch_08,case_086,4,24356.0,q1_warm_base,94047.0,,True,B0_base,118403.0,,0.20570424735859733,B,AI_VERIFIED
root1:batch_08,case_086,4,5052.0,incumbent_split_release_g0_p4,88995.0,timing,True,incumbent_base,94047.0,,0.05371782194009378,C,AI_VERIFIED
root1:batch_08,case_086,5,0.0,A0_base,118403.0,,False,A0_base,118403.0,,0.0,A,AI_VERIFIED
root1:batch_08,case_086,5,0.0,B0_base,118403.0,,False,B0_base,118403.0,,0.0,B,AI_VERIFIED
root1:batch_08,case_086,5,2907.0,incumbent_split_topo_g0_p4,115496.0,timing,True,incumbent_base,118403.0,,0.02455174277678775,C,AI_VERIFIED
root1:batch_05,case_087,1,0.0,A0_base,3974071.0,,False,A0_base,3974071.0,,0.0,A,AI_VERIFIED
root1:batch_05,case_087,1,0.0,B0_base,3974071.0,,False,B0_base,3974071.0,,0.0,B,AI_VERIFIED
root1:batch_05,case_087,1,0.0,incumbent_base,3969779.0,incumbent,False,incumbent_base,3969779.0,incumbent,0.0,C,AI_VERIFIED
root1:batch_05,case_087,2,1988837.0,A1_base,1985234.0,,True,A0_base,3974071.0,,0.5004533134913794,A,AI_VERIFIED
root1:batch_05,case_087,2,1989635.0,r1_boundary_n11043_c1_p0,1984436.0,ordinary_chain,True,B0_base,3974071.0,,0.5006541151378523,B,AI_VERIFIED
root1:batch_05,case_087,2,0.0,incumbent_base,1982828.0,,False,incumbent_base,1982828.0,,0.0,C,AI_VERIFIED
root1:batch_05,case_087,3,2599170.0,L1_base,1374901.0,legacy_seed,True,A0_base,3974071.0,,0.6540320995774862,A,AI_VERIFIED
root1:batch_05,case_087,3,2599170.0,L1_base,1374901.0,legacy_seed,True,B0_base,3974071.0,,0.6540320995774862,B,AI_VERIFIED
root1:batch_05,case_087,3,0.0,event_timing_tid_1000009058_miss_6_bytes_27648_front,1372451.0,event_timing,False,incumbent_base,1372451.0,,0.0,C,AI_VERIFIED
root1:batch_05,case_087,4,2927225.0,L1_base,1046846.0,legacy_seed,True,A0_base,3974071.0,,0.7365809518752936,A,AI_VERIFIED
root1:batch_05,case_087,4,2927225.0,L1_base,1046846.0,,True,B0_base,3974071.0,,0.7365809518752936,B,AI_VERIFIED
root1:batch_05,case_087,4,1046.0,incumbent_disperse_tid_1000009350_node_9272_core_2_pos_0,1042446.0,disperse,True,incumbent_base,1043492.0,,0.0010024034683543334,C,AI_VERIFIED
root1:batch_05,case_087,5,3140722.0,L1_base,833349.0,legacy_seed,True,A0_base,3974071.0,,0.7903034445031304,A,AI_VERIFIED
root1:batch_05,case_087,5,3140722.0,L1_base,833349.0,,True,B0_base,3974071.0,,0.7903034445031304,B,AI_VERIFIED
root1:batch_05,case_087,5,220.0,incumbent_split_height_g1_p2,829449.0,timing,True,incumbent_base,829669.0,,0.00026516598788191433,C,AI_VERIFIED
root1:batch_04,case_088,1,0.0,A0_base,243623.0,,False,A0_base,243623.0,,0.0,A,AI_VERIFIED
root1:batch_04,case_088,1,81.0,B2_aggregate,243542.0,aggregate,True,B0_base,243623.0,,0.0003324809233939324,B,AI_VERIFIED
root1:batch_04,case_088,1,1471.0,incumbent_split_height_g2_p4,242071.0,timing,True,incumbent_base,243542.0,,0.006040025950349426,C,AI_VERIFIED
root1:batch_04,case_088,2,21628.0,A1_base,221995.0,,True,A0_base,243623.0,,0.08877651124893791,A,AI_VERIFIED
root1:batch_04,case_088,2,40131.0,B3_base,203492.0,seed,True,B0_base,243623.0,,0.16472582637928274,B,AI_VERIFIED
root1:batch_04,case_088,2,0.0,incumbent_base,203492.0,,False,incumbent_base,203492.0,,0.0,C,AI_VERIFIED
root1:batch_04,case_088,3,21628.0,A1_base,221995.0,,True,A0_base,243623.0,,0.08877651124893791,A,AI_VERIFIED
root1:batch_04,case_088,3,46946.0,B3_base,196677.0,seed,True,B0_base,243623.0,,0.19269937567471052,B,AI_VERIFIED
root1:batch_04,case_088,3,5310.0,incumbent_split_height_g20_p4,190688.0,timing,True,incumbent_base,195998.0,,0.027092113184828417,C,AI_VERIFIED
root1:batch_04,case_088,4,21628.0,A1_base,221995.0,,True,A0_base,243623.0,,0.08877651124893791,A,AI_VERIFIED
root1:batch_04,case_088,4,57982.0,B3_base,185641.0,seed,True,B0_base,243623.0,,0.2379988753114443,B,AI_VERIFIED
root1:batch_04,case_088,4,57.0,incumbent_disperse_tid_171_node_1470_core_3_pos_3,184608.0,disperse,True,incumbent_base,184665.0,,0.0003086670457314597,C,AI_VERIFIED
root1:batch_04,case_088,5,21628.0,A1_base,221995.0,,True,A0_base,243623.0,,0.08877651124893791,A,AI_VERIFIED
root1:batch_04,case_088,5,47008.0,B3_base,196615.0,seed,True,B0_base,243623.0,,0.1929538672457034,B,AI_VERIFIED
root1:batch_04,case_088,5,1582.0,incumbent_disperse_group_tid_3_group_4_core_2_pos_3,194762.0,disperse,True,incumbent_base,196344.0,,0.008057287210202501,C,AI_VERIFIED
root1:batch_15,case_089,1,0.0,A0_base,693092.0,,False,A0_base,693092.0,,0.0,A,AI_VERIFIED
root1:batch_15,case_089,1,3520.0,B2_aggregate,689572.0,aggregate,True,B0_base,693092.0,,0.005078690852008103,B,AI_VERIFIED
root1:batch_15,case_089,1,0.0,incumbent_base,689572.0,,False,incumbent_base,689572.0,,0.0,C,AI_VERIFIED
root1:batch_15,case_089,2,346260.0,A1_base,346832.0,,True,A0_base,693092.0,,0.49958735636827434,A,AI_VERIFIED
root1:batch_15,case_089,2,346260.0,B1_base,346832.0,,True,B0_base,693092.0,,0.49958735636827434,B,AI_VERIFIED
root1:batch_15,case_089,2,69.0,incumbent_split_release_g1_p4,346763.0,timing,True,incumbent_base,346832.0,,0.00019894358075379435,C,AI_VERIFIED
root1:batch_15,case_089,3,449478.0,A1_base,243614.0,,True,A0_base,693092.0,,0.6485113087440051,A,AI_VERIFIED
root1:batch_15,case_089,3,449478.0,B1_base,243614.0,,True,B0_base,693092.0,,0.6485113087440051,B,AI_VERIFIED
root1:batch_15,case_089,3,1028.0,incumbent_split_release_g0_p4,242586.0,timing,True,incumbent_base,243614.0,,0.004219790324037206,C,AI_VERIFIED
root1:batch_15,case_089,4,514932.0,A1_base,178160.0,,True,A0_base,693092.0,,0.7429489880131354,A,AI_VERIFIED
root1:batch_15,case_089,4,514932.0,B1_base,178160.0,,True,B0_base,693092.0,,0.7429489880131354,B,AI_VERIFIED
root1:batch_15,case_089,4,3013.0,incumbent_split_release_g0_p4,175147.0,timing,True,incumbent_base,178160.0,,0.016911764705882352,C,AI_VERIFIED
root1:batch_15,case_089,5,545660.0,A1_base,147432.0,,True,A0_base,693092.0,,0.7872836506553242,A,AI_VERIFIED
root1:batch_15,case_089,5,545660.0,B1_base,147432.0,,True,B0_base,693092.0,,0.7872836506553242,B,AI_VERIFIED
root1:batch_15,case_089,5,3044.0,incumbent_split_release_g3_p4,144388.0,timing,True,incumbent_base,147432.0,,0.020646806663410927,C,AI_VERIFIED
root1:batch_10,case_090,1,85652.0,A3_aggregate,1092711.0,aggregate,True,A0_base,1178363.0,,0.0726872788775615,A,AI_VERIFIED
root1:batch_10,case_090,1,90921.0,B2_base,1087442.0,seed,True,B0_base,1178363.0,,0.07715873631470099,B,AI_VERIFIED
root1:batch_10,case_090,1,70129.0,incumbent_split_height_g1_p4,919256.0,timing,True,incumbent_base,989385.0,,0.07088140612602778,C,AI_VERIFIED
root1:batch_10,case_090,2,409139.0,A1_base,769224.0,,True,A0_base,1178363.0,,0.34720964592404885,A,AI_VERIFIED
root1:batch_10,case_090,2,500427.0,B2_base,677936.0,seed,True,B0_base,1178363.0,,0.42467983125743086,B,AI_VERIFIED
root1:batch_10,case_090,2,50509.0,incumbent_split_height_g3_p2,549431.0,timing,True,incumbent_base,599940.0,,0.08419008567523419,C,AI_VERIFIED
root1:batch_10,case_090,3,520933.0,A1_base,657430.0,,True,A0_base,1178363.0,,0.4420819390968657,A,AI_VERIFIED
root1:batch_10,case_090,3,520933.0,B1_base,657430.0,,True,B0_base,1178363.0,,0.4420819390968657,B,AI_VERIFIED
root1:batch_10,case_090,3,104081.0,incumbent_split_height_g1_p4,549742.0,timing,True,incumbent_base,653823.0,,0.15918834302249998,C,AI_VERIFIED
root1:batch_10,case_090,4,570088.0,A1_base,608275.0,,True,A0_base,1178363.0,,0.48379658899676925,A,AI_VERIFIED
root1:batch_10,case_090,4,570088.0,B1_base,608275.0,,True,B0_base,1178363.0,,0.48379658899676925,B,AI_VERIFIED
root1:batch_10,case_090,4,70343.0,incumbent_split_height_g1_p4,534087.0,timing,True,incumbent_base,604430.0,,0.1163790678821369,C,AI_VERIFIED
root1:batch_10,case_090,5,635725.0,A1_base,542638.0,,True,A0_base,1178363.0,,0.5394984397846844,A,AI_VERIFIED
root1:batch_10,case_090,5,635725.0,B1_base,542638.0,,True,B0_base,1178363.0,,0.5394984397846844,B,AI_VERIFIED
root1:batch_10,case_090,5,93389.0,incumbent_split_height_g3_p4,416535.0,timing,True,incumbent_base,509924.0,,0.1831429781692958,C,AI_VERIFIED
root1:batch_03,case_091,1,0.0,A0_base,9186769.0,,False,A0_base,9186769.0,,0.0,A,AI_VERIFIED
root1:batch_03,case_091,1,0.0,B0_base,9186769.0,,False,B0_base,9186769.0,,0.0,B,AI_VERIFIED
root1:batch_03,case_091,1,2148.0,incumbent_split_topo_g0_p4,9166672.0,timing,True,incumbent_base,9168820.0,,0.00023427224004833773,C,AI_VERIFIED
root1:batch_03,case_091,2,4615010.0,L1_base,4571759.0,legacy_seed,True,A0_base,9186769.0,,0.5023539832121608,A,AI_VERIFIED
root1:batch_03,case_091,2,4615010.0,L1_base,4571759.0,legacy_seed,True,B0_base,9186769.0,,0.5023539832121608,B,AI_VERIFIED
root1:batch_03,case_091,2,0.0,incumbent_base,4569395.0,,False,incumbent_base,4569395.0,,0.0,C,AI_VERIFIED
root1:batch_03,case_091,3,6108682.0,A1_base,3078087.0,,True,A0_base,9186769.0,,0.6649434638010382,A,AI_VERIFIED
root1:batch_03,case_091,3,6108682.0,B1_base,3078087.0,,True,B0_base,9186769.0,,0.6649434638010382,B,AI_VERIFIED
root1:batch_03,case_091,3,0.0,incumbent_base,3057457.0,incumbent,False,incumbent_base,3057457.0,incumbent,0.0,C,AI_VERIFIED
root1:batch_03,case_091,4,6872364.0,A1_base,2314405.0,,True,A0_base,9186769.0,,0.7480719282263438,A,AI_VERIFIED
root1:batch_03,case_091,4,6872364.0,B1_base,2314405.0,,True,B0_base,9186769.0,,0.7480719282263438,B,AI_VERIFIED
root1:batch_03,case_091,4,0.0,incumbent_base,2306119.0,,False,incumbent_base,2306119.0,,0.0,C,AI_VERIFIED
root1:batch_03,case_091,5,7304290.0,L1_base,1882479.0,legacy_seed,True,A0_base,9186769.0,,0.7950880227858129,A,AI_VERIFIED
root1:batch_03,case_091,5,7304290.0,L1_base,1882479.0,,True,B0_base,9186769.0,,0.7950880227858129,B,AI_VERIFIED
root1:batch_03,case_091,5,0.0,incumbent_base,1876653.0,,False,incumbent_base,1876653.0,,0.0,C,AI_VERIFIED
root1:batch_12,case_092,1,744747.0,A3_base,4070807.0,seed,True,A0_base,4815554.0,,0.1546544800452866,A,AI_VERIFIED
root1:batch_12,case_092,1,805263.0,B2_base,4010291.0,seed,True,B0_base,4815554.0,,0.16722125844710703,B,AI_VERIFIED
root1:batch_12,case_092,1,6091.0,incumbent_split_height_g2_p4,4004200.0,timing,True,incumbent_base,4010291.0,,0.0015188423982199796,C,AI_VERIFIED
root1:batch_12,case_092,2,2057765.0,A2_base,2757789.0,seed,True,A0_base,4815554.0,,0.4273163586162672,A,AI_VERIFIED
root1:batch_12,case_092,2,1987302.0,B1_base,2828252.0,,True,B0_base,4815554.0,,0.4126839819468331,B,AI_VERIFIED
root1:batch_12,case_092,2,0.0,incumbent_base,2358868.0,,False,incumbent_base,2358868.0,,0.0,C,AI_VERIFIED
root1:batch_12,case_092,3,2686539.0,A2_base,2129015.0,seed,True,A0_base,4815554.0,,0.5578878359582303,A,AI_VERIFIED
root1:batch_12,case_092,3,2583750.0,B1_base,2231804.0,,True,B0_base,4815554.0,,0.5365426283247992,B,AI_VERIFIED
root1:batch_12,case_092,3,0.0,incumbent_base,1792534.0,,False,incumbent_base,1792534.0,,0.0,C,AI_VERIFIED
root1:batch_12,case_092,4,2887826.0,A1_base,1927728.0,,True,A0_base,4815554.0,,0.5996871803327302,A,AI_VERIFIED
root1:batch_12,case_092,4,2887826.0,B1_base,1927728.0,,True,B0_base,4815554.0,,0.5996871803327302,B,AI_VERIFIED
root1:batch_12,case_092,4,0.0,incumbent_base,1470508.0,,False,incumbent_base,1470508.0,,0.0,C,AI_VERIFIED
root1:batch_12,case_092,5,3154320.0,A1_base,1661234.0,,True,A0_base,4815554.0,,0.6550274381722228,A,AI_VERIFIED
root1:batch_12,case_092,5,3166124.0,B1_base,1649430.0,,True,B0_base,4815554.0,,0.6574786618528211,B,AI_VERIFIED
root1:batch_12,case_092,5,0.0,incumbent_base,1351088.0,,False,incumbent_base,1351088.0,,0.0,C,AI_VERIFIED
root1:batch_03,case_093,1,0.0,A0_base,74205.0,,False,A0_base,74205.0,,0.0,A,AI_VERIFIED
root1:batch_03,case_093,1,0.0,B0_base,74205.0,,False,B0_base,74205.0,,0.0,B,AI_VERIFIED
root1:batch_03,case_093,1,0.0,incumbent_base,74205.0,incumbent,False,incumbent_base,74205.0,incumbent,0.0,C,AI_VERIFIED
root1:batch_03,case_093,2,36378.0,A1_base,37827.0,,True,A0_base,74205.0,,0.49023650697392357,A,AI_VERIFIED
root1:batch_03,case_093,2,36378.0,B1_base,37827.0,,True,B0_base,74205.0,,0.49023650697392357,B,AI_VERIFIED
root1:batch_03,case_093,2,0.0,incumbent_base,37827.0,,False,incumbent_base,37827.0,,0.0,C,AI_VERIFIED
root1:batch_03,case_093,3,49102.0,A1_base,25103.0,,True,A0_base,74205.0,,0.661707432113739,A,AI_VERIFIED
root1:batch_03,case_093,3,49102.0,B1_base,25103.0,,True,B0_base,74205.0,,0.661707432113739,B,AI_VERIFIED
root1:batch_03,case_093,3,0.0,incumbent_base,25103.0,,False,incumbent_base,25103.0,,0.0,C,AI_VERIFIED
root1:batch_03,case_093,4,54426.0,A1_base,19779.0,,True,A0_base,74205.0,,0.7334546189609864,A,AI_VERIFIED
root1:batch_03,case_093,4,54426.0,B1_base,19779.0,,True,B0_base,74205.0,,0.7334546189609864,B,AI_VERIFIED
root1:batch_03,case_093,4,0.0,incumbent_base,19779.0,,False,incumbent_base,19779.0,,0.0,C,AI_VERIFIED
root1:batch_03,case_093,5,58329.0,A1_base,15876.0,,True,A0_base,74205.0,,0.7860521528198908,A,AI_VERIFIED
root1:batch_03,case_093,5,58329.0,B1_base,15876.0,,True,B0_base,74205.0,,0.7860521528198908,B,AI_VERIFIED
root1:batch_03,case_093,5,0.0,incumbent_base,15876.0,,False,incumbent_base,15876.0,,0.0,C,AI_VERIFIED
root1:batch_11,case_094,1,0.0,A0_base,94892.0,,False,A0_base,94892.0,,0.0,A,AI_VERIFIED
root1:batch_11,case_094,1,3697.0,B2_aggregate,91195.0,aggregate,True,B0_base,94892.0,,0.03896008093411457,B,AI_VERIFIED
root1:batch_11,case_094,1,3707.0,incumbent_split_height_g0_p4,87488.0,timing,True,incumbent_base,91195.0,,0.04064915839684193,C,AI_VERIFIED
root1:batch_11,case_094,2,36132.0,A1_base,58760.0,,True,A0_base,94892.0,,0.38076971715213087,A,AI_VERIFIED
root1:batch_11,case_094,2,46819.0,L1_base,48073.0,legacy_seed,True,B0_base,94892.0,,0.49339248830249127,B,AI_VERIFIED
root1:batch_11,case_094,2,1146.0,incumbent_split_topo_g0_p4,46927.0,timing,True,incumbent_base,48073.0,,0.023838745241611715,C,AI_VERIFIED
root1:batch_11,case_094,3,62670.0,L1_base,32222.0,legacy_seed,True,A0_base,94892.0,,0.6604350208658264,A,AI_VERIFIED
root1:batch_11,case_094,3,62670.0,L1_base,32222.0,,True,B0_base,94892.0,,0.6604350208658264,B,AI_VERIFIED
root1:batch_11,case_094,3,543.0,incumbent_split_height_g1_p4,31679.0,timing,True,incumbent_base,32222.0,,0.016851840357519708,C,AI_VERIFIED
root1:batch_11,case_094,4,70252.0,L1_base,24640.0,legacy_seed,True,A0_base,94892.0,,0.7403363824136914,A,AI_VERIFIED
root1:batch_11,case_094,4,70252.0,L1_base,24640.0,,True,B0_base,94892.0,,0.7403363824136914,B,AI_VERIFIED
root1:batch_11,case_094,4,0.0,incumbent_base,24640.0,,False,incumbent_base,24640.0,,0.0,C,AI_VERIFIED
root1:batch_11,case_094,5,73319.0,L1_base,21573.0,legacy_seed,True,A0_base,94892.0,,0.7726573367617924,A,AI_VERIFIED
root1:batch_11,case_094,5,73319.0,L1_base,21573.0,,True,B0_base,94892.0,,0.7726573367617924,B,AI_VERIFIED
root1:batch_11,case_094,5,0.0,incumbent_base,20380.0,,False,incumbent_base,20380.0,,0.0,C,AI_VERIFIED
root1:batch_05,case_095,1,0.0,A0_base,2084853.0,,False,A0_base,2084853.0,,0.0,A,AI_VERIFIED
root1:batch_05,case_095,1,14609.0,L3_base,2070244.0,legacy_seed,True,B0_base,2084853.0,,0.007007208661713799,B,AI_VERIFIED
root1:batch_05,case_095,1,909211.0,r2_merge_g0_1,1161033.0,ordinary_chain,True,incumbent_base,2070244.0,,0.4391805990018568,C,AI_VERIFIED
root1:batch_05,case_095,2,1041963.0,A1_base,1042890.0,,True,A0_base,2084853.0,,0.4997776821675197,A,AI_VERIFIED
root1:batch_05,case_095,2,1041963.0,B1_base,1042890.0,,True,B0_base,2084853.0,,0.4997776821675197,B,AI_VERIFIED
root1:batch_05,case_095,2,0.0,incumbent_base,1042890.0,,False,incumbent_base,1042890.0,,0.0,C,AI_VERIFIED
root1:batch_05,case_095,3,1389078.0,A1_base,695775.0,,True,A0_base,2084853.0,,0.6662714349644795,A,AI_VERIFIED
root1:batch_05,case_095,3,1389078.0,B1_base,695775.0,,True,B0_base,2084853.0,,0.6662714349644795,B,AI_VERIFIED
root1:batch_05,case_095,3,0.0,incumbent_base,695775.0,,False,incumbent_base,695775.0,,0.0,C,AI_VERIFIED
root1:batch_05,case_095,4,1560431.0,A1_base,524422.0,,True,A0_base,2084853.0,,0.7484609226645715,A,AI_VERIFIED
root1:batch_05,case_095,4,1560431.0,B1_base,524422.0,,True,B0_base,2084853.0,,0.7484609226645715,B,AI_VERIFIED
root1:batch_05,case_095,4,0.0,incumbent_base,524422.0,,False,incumbent_base,524422.0,,0.0,C,AI_VERIFIED
root1:batch_05,case_095,5,1664001.0,A1_base,420852.0,,True,A0_base,2084853.0,,0.7981382860086539,A,AI_VERIFIED
root1:batch_05,case_095,5,1664001.0,B1_base,420852.0,,True,B0_base,2084853.0,,0.7981382860086539,B,AI_VERIFIED
root1:batch_05,case_095,5,0.0,incumbent_base,420852.0,,False,incumbent_base,420852.0,,0.0,C,AI_VERIFIED
root1:batch_13,case_096,1,0.0,A0_base,84194.0,,False,A0_base,84194.0,,0.0,A,AI_VERIFIED
root1:batch_13,case_096,1,7086.0,B3_aggregate,77108.0,aggregate,True,B0_base,84194.0,,0.08416276694301257,B,AI_VERIFIED
root1:batch_13,case_096,1,2000.0,incumbent_split_release_g2_p4,75108.0,timing,True,incumbent_base,77108.0,,0.025937645899258184,C,AI_VERIFIED
root1:batch_13,case_096,2,40184.0,L1_base,44010.0,legacy_seed,True,A0_base,84194.0,,0.47727866593819035,A,AI_VERIFIED
root1:batch_13,case_096,2,40184.0,L1_base,44010.0,,True,B0_base,84194.0,,0.47727866593819035,B,AI_VERIFIED
root1:batch_13,case_096,2,2208.0,incumbent_split_release_g0_p4,41802.0,timing,True,incumbent_base,44010.0,,0.050170415814587595,C,AI_VERIFIED
root1:batch_13,case_096,3,53876.0,L1_base,30318.0,legacy_seed,True,A0_base,84194.0,,0.6399030809796422,A,AI_VERIFIED
root1:batch_13,case_096,3,53876.0,L1_base,30318.0,,True,B0_base,84194.0,,0.6399030809796422,B,AI_VERIFIED
root1:batch_13,case_096,3,0.0,incumbent_base,30318.0,,False,incumbent_base,30318.0,,0.0,C,AI_VERIFIED
root1:batch_13,case_096,4,57210.0,L1_base,26984.0,legacy_seed,True,A0_base,84194.0,,0.6795021022875739,A,AI_VERIFIED
root1:batch_13,case_096,4,57210.0,L1_base,26984.0,,True,B0_base,84194.0,,0.6795021022875739,B,AI_VERIFIED
root1:batch_13,case_096,4,0.0,incumbent_base,26984.0,,False,incumbent_base,26984.0,,0.0,C,AI_VERIFIED
root1:batch_13,case_096,5,42998.0,A1_base,41196.0,,True,A0_base,84194.0,,0.510701475164501,A,AI_VERIFIED
root1:batch_13,case_096,5,42998.0,B1_base,41196.0,,True,B0_base,84194.0,,0.510701475164501,B,AI_VERIFIED
root1:batch_13,case_096,5,2250.0,incumbent_split_release_g0_p4,38946.0,timing,True,incumbent_base,41196.0,,0.05461695310224294,C,AI_VERIFIED
root1:batch_06,case_097,1,0.0,A0_base,11491509.0,,False,A0_base,11491509.0,,0.0,A,AI_VERIFIED
root1:batch_06,case_097,1,0.0,B0_base,11491509.0,,False,B0_base,11491509.0,,0.0,B,AI_VERIFIED
root1:batch_06,case_097,1,0.0,incumbent_base,11491509.0,incumbent,False,incumbent_base,11491509.0,incumbent,0.0,C,AI_VERIFIED
root1:batch_06,case_097,2,5873907.0,A1_base,5617602.0,,True,A0_base,11491509.0,,0.5111519296551915,A,AI_VERIFIED
root1:batch_06,case_097,2,5873907.0,B1_base,5617602.0,,True,B0_base,11491509.0,,0.5111519296551915,B,AI_VERIFIED
root1:batch_06,case_097,2,0.0,incumbent_base,5617602.0,,False,incumbent_base,5617602.0,,0.0,C,AI_VERIFIED
root1:batch_06,case_097,3,7831050.0,A1_base,3660459.0,,True,A0_base,11491509.0,,0.6814640270481449,A,AI_VERIFIED
root1:batch_06,case_097,3,7831050.0,B1_base,3660459.0,,True,B0_base,11491509.0,,0.6814640270481449,B,AI_VERIFIED
root1:batch_06,case_097,3,37457.0,r2_boundary_n833_c2_p0,3622881.0,ordinary_chain,True,incumbent_base,3660338.0,,0.01023320797150427,C,AI_VERIFIED
root1:batch_06,case_097,4,8864601.0,A1_base,2626908.0,,True,A0_base,11491509.0,,0.7714044343523553,A,AI_VERIFIED
root1:batch_06,case_097,4,8864601.0,B1_base,2626908.0,,True,B0_base,11491509.0,,0.7714044343523553,B,AI_VERIFIED
root1:batch_06,case_097,4,0.0,incumbent_base,2626908.0,,False,incumbent_base,2626908.0,,0.0,C,AI_VERIFIED
root1:batch_06,case_097,5,9389161.0,A1_base,2102348.0,,True,A0_base,11491509.0,,0.8170520512145097,A,AI_VERIFIED
root1:batch_06,case_097,5,9389161.0,B1_base,2102348.0,,True,B0_base,11491509.0,,0.8170520512145097,B,AI_VERIFIED
root1:batch_06,case_097,5,0.0,incumbent_base,2102250.0,,False,incumbent_base,2102250.0,,0.0,C,AI_VERIFIED
root1:batch_08,case_098,1,0.0,A0_base,177430.0,,False,A0_base,177430.0,,0.0,A,AI_VERIFIED
root1:batch_08,case_098,1,678.0,L3_base,176752.0,legacy_seed,True,B0_base,177430.0,,0.003821225271938229,B,AI_VERIFIED
root1:batch_08,case_098,1,1970.0,incumbent_aggregate,174782.0,aggregate,True,incumbent_base,176752.0,,0.011145559880510546,C,AI_VERIFIED
root1:batch_08,case_098,2,87674.0,A1_base,89756.0,,True,A0_base,177430.0,,0.4941328974806966,A,AI_VERIFIED
root1:batch_08,case_098,2,87674.0,B1_base,89756.0,,True,B0_base,177430.0,,0.4941328974806966,B,AI_VERIFIED
root1:batch_08,case_098,2,0.0,incumbent_base,89756.0,,False,incumbent_base,89756.0,,0.0,C,AI_VERIFIED
root1:batch_08,case_098,3,87674.0,A1_base,89756.0,,True,A0_base,177430.0,,0.4941328974806966,A,AI_VERIFIED
root1:batch_08,case_098,3,87674.0,B1_base,89756.0,,True,B0_base,177430.0,,0.4941328974806966,B,AI_VERIFIED
root1:batch_08,case_098,3,0.0,incumbent_base,89756.0,,False,incumbent_base,89756.0,,0.0,C,AI_VERIFIED
root1:batch_08,case_098,4,87674.0,A1_base,89756.0,,True,A0_base,177430.0,,0.4941328974806966,A,AI_VERIFIED
root1:batch_08,case_098,4,87674.0,B1_base,89756.0,,True,B0_base,177430.0,,0.4941328974806966,B,AI_VERIFIED
root1:batch_08,case_098,4,0.0,incumbent_base,89756.0,,False,incumbent_base,89756.0,,0.0,C,AI_VERIFIED
root1:batch_08,case_098,5,87674.0,A1_base,89756.0,,True,A0_base,177430.0,,0.4941328974806966,A,AI_VERIFIED
root1:batch_08,case_098,5,87674.0,B1_base,89756.0,,True,B0_base,177430.0,,0.4941328974806966,B,AI_VERIFIED
root1:batch_08,case_098,5,0.0,incumbent_base,89756.0,,False,incumbent_base,89756.0,,0.0,C,AI_VERIFIED
root1:batch_13,case_099,1,3864.0,A2_base,1619135.0,seed,True,A0_base,1622999.0,,0.0023807778070103554,A,AI_VERIFIED
root1:batch_13,case_099,1,0.0,B0_base,1622999.0,,False,B0_base,1622999.0,,0.0,B,AI_VERIFIED
root1:batch_13,case_099,1,0.0,incumbent_base,1618902.0,incumbent,False,incumbent_base,1618902.0,incumbent,0.0,C,AI_VERIFIED
root1:batch_13,case_099,2,814083.0,L1_base,808916.0,legacy_seed,True,A0_base,1622999.0,,0.5015918062796095,A,AI_VERIFIED
root1:batch_13,case_099,2,814083.0,L1_base,808916.0,,True,B0_base,1622999.0,,0.5015918062796095,B,AI_VERIFIED
root1:batch_13,case_099,2,0.0,incumbent_base,806053.0,,False,incumbent_base,806053.0,,0.0,C,AI_VERIFIED
root1:batch_13,case_099,3,1083466.0,A1_base,539533.0,,True,A0_base,1622999.0,,0.6675703435430336,A,AI_VERIFIED
root1:batch_13,case_099,3,1083466.0,B1_base,539533.0,,True,B0_base,1622999.0,,0.6675703435430336,B,AI_VERIFIED
root1:batch_13,case_099,3,418.0,incumbent_disperse_tid_1000000580_node_800_core_1_pos_0,537694.0,disperse,True,incumbent_base,538112.0,,0.0007767899619410086,C,AI_VERIFIED
root1:batch_13,case_099,4,1217663.0,L1_base,405336.0,legacy_seed,True,A0_base,1622999.0,,0.7502549293006342,A,AI_VERIFIED
root1:batch_13,case_099,4,1217663.0,L1_base,405336.0,,True,B0_base,1622999.0,,0.7502549293006342,B,AI_VERIFIED
root1:batch_13,case_099,4,408.0,C1_base,403147.0,seed,True,incumbent_base,403555.0,,0.0010110146076742947,C,AI_VERIFIED
root1:batch_13,case_099,5,1286173.0,A1_base,336826.0,,True,A0_base,1622999.0,,0.7924669084823835,A,AI_VERIFIED
root1:batch_13,case_099,5,1286173.0,B1_base,336826.0,,True,B0_base,1622999.0,,0.7924669084823835,B,AI_VERIFIED
root1:batch_13,case_099,5,592.0,r2_boundary_n199_c0_p0,327139.0,ordinary_chain,True,incumbent_base,327731.0,,0.0018063594838449825,C,AI_VERIFIED
root1:batch_07,case_100,1,2884.0,L2_base,148339.0,legacy_seed,True,A0_base,151223.0,,0.01907117303584772,A,AI_VERIFIED
root1:batch_07,case_100,1,2338.0,q1_warm_base,148885.0,,True,B0_base,151223.0,,0.01546061115042024,B,AI_VERIFIED
root1:batch_07,case_100,1,6132.0,incumbent_split_release_g1_p4,142753.0,timing,True,incumbent_base,148885.0,,0.04118615038452497,C,AI_VERIFIED
root1:batch_07,case_100,2,70143.0,L1_base,81080.0,legacy_seed,True,A0_base,151223.0,,0.46383817276472494,A,AI_VERIFIED
root1:batch_07,case_100,2,70143.0,L1_base,81080.0,,True,B0_base,151223.0,,0.46383817276472494,B,AI_VERIFIED
root1:batch_07,case_100,2,3659.0,incumbent_split_release_g0_p4,77421.0,timing,True,incumbent_base,81080.0,,0.045128268376911695,C,AI_VERIFIED
root1:batch_07,case_100,3,93412.0,L1_base,57811.0,legacy_seed,True,A0_base,151223.0,,0.6177102689405712,A,AI_VERIFIED
root1:batch_07,case_100,3,93412.0,L1_base,57811.0,,True,B0_base,151223.0,,0.6177102689405712,B,AI_VERIFIED
root1:batch_07,case_100,3,0.0,incumbent_base,57811.0,,False,incumbent_base,57811.0,,0.0,C,AI_VERIFIED
root1:batch_07,case_100,4,63907.0,A1_base,87316.0,,True,A0_base,151223.0,,0.42260105936266307,A,AI_VERIFIED
root1:batch_07,case_100,4,63907.0,B1_base,87316.0,,True,B0_base,151223.0,,0.42260105936266307,B,AI_VERIFIED
root1:batch_07,case_100,4,15213.0,r10_capacity_g6_front,72103.0,ordinary_chain,True,incumbent_base,87316.0,,0.17422923633698292,C,AI_VERIFIED
root1:batch_07,case_100,5,63907.0,A1_base,87316.0,,True,A0_base,151223.0,,0.42260105936266307,A,AI_VERIFIED
root1:batch_07,case_100,5,63907.0,B1_base,87316.0,,True,B0_base,151223.0,,0.42260105936266307,B,AI_VERIFIED
root1:batch_07,case_100,5,27693.0,r10_capacity_g8_front,59623.0,ordinary_chain,True,incumbent_base,87316.0,,0.31715836730954233,C,AI_VERIFIED
